seq_idx,target_return,feat_logret,feat_sign,feat_absret,feat_rollmean
0,-0.00207431,0.07672785,1.00000000,-0.93868381,0.33488279
1,-0.01283954,0.17194625,1.00000000,-0.75637721,0.20705950
2,-0.04695919,0.03607774,-1.00000000,-0.98369023,-0.01171276
3,-0.08835469,-0.00840738,-1.00000000,-0.89851835,-0.22602195
4,0.03303742,-0.14939985,-1.00000000,-0.62857202,-0.22104522
5,0.01723410,-0.32045827,-1.00000000,-0.30106095,-0.17799408
6,-0.04603188,0.18116978,1.00000000,-0.73871770,-0.25200162
7,0.02575711,0.11586581,1.00000000,-0.86374968,-0.08986920
8,0.01572781,-0.14556793,-1.00000000,-0.63590867,0.14219911
9,-0.01394024,0.15108539,1.00000000,-0.79631774,0.03745504
10,-0.03236602,0.10964138,1.00000000,-0.87566706,-0.07313622
11,0.01252210,-0.01295577,-1.00000000,-0.88980993,0.05741909
12,-0.01037838,-0.08909653,-1.00000000,-0.74402968,-0.02315067
13,-0.04845210,0.09639442,1.00000000,-0.90102989,-0.16624988
14,0.00247679,0.00176286,-1.00000000,-0.91799044,-0.12964553
15,0.00184374,-0.15556899,-1.00000000,-0.61676049,-0.05336949
16,-0.02063927,0.05488425,1.00000000,-0.98050590,-0.12730798
17,-0.03349548,0.05226830,1.00000000,-0.98551443,-0.17885118
18,-0.05433731,-0.04063816,-1.00000000,-0.83680881,-0.19197318
19,0.04804755,-0.09376381,-1.00000000,-0.73509362,-0.09036601
20,-0.01831991,-0.17988841,-1.00000000,-0.57019815,-0.13532405
21,0.02351212,0.24319608,1.00000000,-0.61996120,-0.03688158
22,-0.01055484,-0.03105387,-1.00000000,-0.85515903,0.01426818
23,-0.05989984,0.14180844,1.00000000,-0.81407952,0.00186565
24,0.01068394,0.00103369,-1.00000000,-0.91659436,-0.08144240
25,-0.03292524,-0.20287443,-1.00000000,-0.52618878,-0.11400727
26,-0.02431526,0.08879860,1.00000000,-0.91557296,-0.22064593
27,-0.06510297,-0.09140739,-1.00000000,-0.73960526,-0.34226955
28,-0.04457984,-0.05582843,-1.00000000,-0.80772528,-0.30811120
29,-0.00700923,-0.22437527,-1.00000000,-0.48502293,-0.34756091
30,-0.05028687,-0.13956766,-1.00000000,-0.64739688,-0.38627140
31,-0.12704631,0.01568519,-1.00000000,-0.94464635,-0.61532641
32,-0.04341479,-0.16315078,-1.00000000,-0.60224427,-0.56696920
33,0.06867929,-0.48034345,-1.00000000,0.00505765,-0.31444016
34,0.00770018,-0.13475331,-1.00000000,-0.65661450,-0.28164321
35,0.00684043,0.32845253,1.00000000,-0.45672790,-0.15426892
36,-0.02518171,0.07646885,1.00000000,-0.93917970,0.07285420
37,-0.05255290,0.07291609,1.00000000,-0.94598187,0.05247935
38,-0.02276895,-0.05940887,-1.00000000,-0.80087011,-0.15141889
39,-0.01351636,-0.17251468,-1.00000000,-0.58431600,-0.19872450
40,0.00303000,-0.04943863,-1.00000000,-0.81995930,-0.20722046
41,0.02696142,-0.01120417,-1.00000000,-0.89316356,-0.09095915
42,-0.02461334,0.05717025,1.00000000,-0.97612909,-0.02866352
43,0.09234301,0.15606197,1.00000000,-0.78678950,0.22799669
44,0.02565658,-0.05706020,-1.00000000,-0.80536691,0.31533890
45,-0.05942562,0.42623800,1.00000000,-0.26950635,0.17608429
46,-0.05305932,0.15066995,1.00000000,-0.79711313,-0.00233452
47,0.00585044,-0.20091480,-1.00000000,-0.52994071,0.06558928
48,0.00071455,-0.17460736,-1.00000000,-0.58030933,-0.13871077
49,0.01478214,0.06882517,1.00000000,-0.95381441,-0.16295703
50,-0.00887356,0.04760216,1.00000000,-0.99444830,-0.05024328
51,-0.02379406,0.10573358,1.00000000,-0.88314899,0.01500822
52,-0.01655303,0.00798122,-1.00000000,-0.92989621,-0.03494384
53,0.06951645,-0.05367467,-1.00000000,-0.81184891,0.11846079
54,0.04480833,-0.02375259,-1.00000000,-0.86913818,0.18540889
55,0.01109951,0.33191189,1.00000000,-0.45010455,0.22994201
56,-0.00434656,0.22981064,1.00000000,-0.64558917,0.27330326
57,0.00897832,0.09051588,1.00000000,-0.91228504,0.33022940
58,0.06774237,0.02668813,-1.00000000,-0.96571274,0.32627382
59,0.08255877,0.08175047,1.00000000,-0.92906743,0.41044437
60,0.05982433,0.32458089,1.00000000,-0.46414060,0.51908400
61,-0.01374572,0.38580662,1.00000000,-0.34691688,0.49812710
62,0.05407542,0.29186120,1.00000000,-0.52678622,0.59867817
63,0.04171389,-0.01215197,-1.00000000,-0.89134889,0.54064357
64,-0.00442270,0.26810500,1.00000000,-0.57227021,0.34670471
65,-0.05285631,0.21702351,1.00000000,-0.67007160,0.09546552
66,-0.01859557,0.02637350,-1.00000000,-0.96511035,0.08465203
67,-0.02388409,-0.17376847,-1.00000000,-0.58191549,-0.08917093
68,-0.04368831,-0.03219297,-1.00000000,-0.85297809,-0.27958855
69,-0.00348817,-0.05404669,-1.00000000,-0.81113664,-0.27750487
70,-0.00618690,-0.13588359,-1.00000000,-0.65445045,-0.17344809
71,0.00328157,0.03023526,-1.00000000,-0.97250414,-0.12466956
72,0.00077415,0.01908330,-1.00000000,-0.95115243,-0.06969015
73,-0.02303080,0.05820984,1.00000000,-0.97413867,-0.02363098
74,0.06867436,0.04784843,1.00000000,-0.99397680,0.13726673
75,0.04099003,-0.05052065,-1.00000000,-0.81788764,0.24245510
76,-0.03745811,0.32843216,1.00000000,-0.45676690,0.15161957
77,0.01812784,0.21403230,1.00000000,-0.67579862,0.19031236
78,0.02234347,-0.11013857,-1.00000000,-0.70374227,0.29148142
79,0.00636600,0.11955901,1.00000000,-0.85667861,0.15255514
80,0.03910734,0.13697922,1.00000000,-0.82332563,0.14835740
81,-0.01063141,0.07095562,1.00000000,-0.94973542,0.20817173
82,-0.01490031,0.20625249,1.00000000,-0.69069395,0.13453027
83,-0.04971015,0.00071726,-1.00000000,-0.91598853,-0.02612460
84,-0.03610493,-0.01692308,-1.00000000,-0.88221407,-0.12082022
85,0.00444902,-0.16076763,-1.00000000,-0.60680710,-0.19809640
86,-0.03969313,-0.10454682,-1.00000000,-0.71444831,-0.26289405
87,-0.00921661,0.06303408,1.00000000,-0.96490211,-0.25022135
88,0.00697260,-0.11937431,-1.00000000,-0.68605937,-0.12383825
89,-0.04731451,0.00656364,-1.00000000,-0.92718209,-0.14883178
90,0.02857688,0.07346224,1.00000000,-0.94493620,-0.09503492
91,0.00531033,-0.15086813,-1.00000000,-0.62576082,0.00530736
92,0.02759952,0.16273752,1.00000000,-0.77400838,0.08739472
93,0.00496031,0.06659328,1.00000000,-0.95808762,0.08290802
94,-0.02468445,0.15869879,1.00000000,-0.78174100,0.13336530
95,-0.05065370,0.06514689,1.00000000,-0.96085690,-0.04329173
96,-0.00703350,-0.05735404,-1.00000000,-0.80480433,-0.07081426
97,-0.04403644,-0.16466663,-1.00000000,-0.59934201,-0.23053788
98,-0.02171572,0.01558489,-1.00000000,-0.94445432,-0.29001630
99,-0.10032634,-0.13732215,-1.00000000,-0.65169617,-0.45867177
100,-0.14292300,-0.04508638,-1.00000000,-0.82829218,-0.66440067
101,-0.02857449,-0.36992864,-1.00000000,-0.20634424,-0.71242968
102,-0.04837040,-0.54595061,-1.00000000,0.13067012,-0.72209294
103,0.01741337,-0.07342882,-1.00000000,-0.77402731,-0.63484847
104,0.09406951,-0.15523137,-1.00000000,-0.61740690,-0.20141238
105,-0.00354628,0.11660660,1.00000000,-0.86233135,0.10934992
106,0.01574596,0.43337240,1.00000000,-0.25584672,0.20816933
107,0.06168000,0.02999515,-1.00000000,-0.97204442,0.45354398
108,-0.01564606,0.10971637,1.00000000,-0.87552349,0.37983279
109,0.02474385,0.29952937,1.00000000,-0.51210462,0.22526034
110,-0.12348917,-0.02000472,-1.00000000,-0.87631390,-0.04217118
111,-0.10086425,0.14689831,1.00000000,-0.80433437,-0.30217198
112,0.03187133,-0.46564429,-1.00000000,-0.02308559,-0.36863508
113,-0.02838286,-0.37215148,-1.00000000,-0.20208835,-0.39703379
114,-0.12112633,0.17635116,1.00000000,-0.74794350,-0.72227429
115,0.03447849,-0.07263697,-1.00000000,-0.77554340,-0.37006058
116,-0.05939669,-0.45588036,-1.00000000,-0.04177976,-0.27760214
117,0.00100161,0.18712470,1.00000000,-0.72731632,-0.34643103
118,0.02881238,-0.20079528,-1.00000000,-0.53016955,-0.21890526
119,-0.03329338,0.04878836,1.00000000,-0.99217717,-0.02306789
120,0.04688627,0.16371065,1.00000000,-0.77214521,0.00459722
121,0.00097035,-0.09292866,-1.00000000,-0.73669261,0.13919503
122,-0.03382273,0.23839734,1.00000000,-0.62914894,0.06154870
123,-0.01238166,0.04865917,1.00000000,-0.99242453,-0.03029988
124,-0.00357381,-0.09511608,-1.00000000,-0.73250454,0.03596457
125,-0.01082987,-0.00651527,-1.00000000,-0.90214102,-0.09272265
126,0.01069073,0.02988136,-1.00000000,-0.97182656,-0.07104953
127,0.03082810,-0.00010282,-1.00000000,-0.91441839,0.07309965
128,-0.05226347,0.08882666,1.00000000,-0.91551924,-0.01582311
129,0.00599819,0.17204023,1.00000000,-0.75619728,0.00551917
130,0.01777540,-0.17131866,-1.00000000,-0.58660592,0.06929911
131,-0.04774958,0.06943570,1.00000000,-0.95264548,-0.06100274
132,-0.00809946,0.11810259,1.00000000,-0.85946710,-0.14779787
133,0.00852259,-0.15266595,-1.00000000,-0.62231869,-0.01226580
134,0.01158138,0.01118003,-1.00000000,-0.93602070,0.00018280
135,0.02720831,0.07986728,1.00000000,-0.93267302,0.02121496
136,-0.00493258,0.09250709,1.00000000,-0.90847264,0.11668219
137,0.00317671,0.15708217,1.00000000,-0.78483621,0.14182419
138,-0.03088309,0.02426653,-1.00000000,-0.96107631,0.05396302
139,0.05362541,0.05777651,1.00000000,-0.97496834,0.14770679
140,-0.01675585,-0.08296865,-1.00000000,-0.75576220,0.04968179
141,0.01093938,0.26624544,1.00000000,-0.57583055,0.08507082
142,0.01256779,-0.02459071,-1.00000000,-0.86753349,0.10600970
143,-0.00274793,0.08985415,1.00000000,-0.91355200,0.16874147
144,-0.01855913,0.09658321,1.00000000,-0.90066844,0.00779470
145,-0.00613389,0.03329416,-1.00000000,-0.97836076,0.03147803
146,-0.00094950,-0.03204239,-1.00000000,-0.85326639,0.00496992
147,-0.01246561,0.01930236,-1.00000000,-0.95157184,-0.05084598
148,0.01892154,0.04072581,-1.00000000,-0.99258950,-0.00253049
149,-0.04178791,-0.00686219,-1.00000000,-0.90147680,-0.05432272
150,0.00876845,0.12283881,1.00000000,-0.85039906,-0.02109561
151,-0.01468648,-0.12803059,-1.00000000,-0.66948593,-0.05172438
152,0.01617011,0.08088323,1.00000000,-0.93072785,0.01212348
153,0.02590254,-0.01603947,-1.00000000,-0.88390582,0.02768870
154,0.04570112,0.11146909,1.00000000,-0.87216770,0.22275925
155,0.00411333,0.15168634,1.00000000,-0.79516714,0.21237993
156,-0.01867426,0.23349994,1.00000000,-0.63852559,0.20348855
157,0.01492725,0.06164691,1.00000000,-0.96755801,0.20071738
158,-0.02871460,-0.03251816,-1.00000000,-0.85235549,0.07893988
159,0.00736876,0.10633320,1.00000000,-0.88200096,-0.00652813
160,-0.01192744,-0.07400781,-1.00000000,-0.77291876,-0.04229356
161,-0.03488440,0.07509931,1.00000000,-0.94180183,-0.07843660
162,-0.04389089,-0.00463831,-1.00000000,-0.90573466,-0.20958088
163,0.09297714,-0.09950322,-1.00000000,-0.72410486,0.06175000
164,0.01758311,-0.13672070,-1.00000000,-0.65284771,0.08452450
165,0.04723550,0.42885843,1.00000000,-0.26448924,0.21643758
166,-0.05791616,0.11730801,1.00000000,-0.86098841,0.16508464
167,0.02103852,0.23984045,1.00000000,-0.62638593,0.30985495
168,0.04352722,-0.19467728,-1.00000000,-0.54188316,0.19959857
169,-0.05697162,0.13158678,1.00000000,-0.83365007,0.03336708
170,-0.04505707,0.22451672,1.00000000,-0.65572499,-0.17241372
171,-0.04742227,-0.19077415,-1.00000000,-0.54935616,-0.14901594
172,0.03369810,-0.14153972,-1.00000000,-0.64362114,-0.12078942
173,0.01474603,-0.15131342,-1.00000000,-0.62490827,-0.18496158
174,0.02894088,0.18389989,1.00000000,-0.73349058,0.00659384
175,0.01461946,0.10558438,1.00000000,-0.88343466,0.13965205
176,0.09927915,0.16424169,1.00000000,-0.77112849,0.46674592
177,0.01289967,0.10506133,1.00000000,-0.88443610,0.42037255
178,0.02522019,0.45490017,1.00000000,-0.21462931,0.44372633
179,0.06208952,0.09795464,1.00000000,-0.89804267,0.51763642
180,-0.01530893,0.14886668,1.00000000,-0.80056571,0.45090636
181,0.10056004,0.30122163,1.00000000,-0.50886460,0.45376232
182,0.01063203,-0.01861162,-1.00000000,-0.87898116,0.44870626
183,-0.02710180,0.46019320,1.00000000,-0.20449520,0.33204616
184,0.00653186,0.08858410,1.00000000,-0.91598365,0.20817164
185,-0.02306174,-0.06734325,-1.00000000,-0.78567883,0.19088553
186,-0.00759659,0.07164099,1.00000000,-0.94842319,-0.05026667
187,-0.04087232,-0.05064851,-1.00000000,-0.81764284,-0.16510371
188,0.02993713,0.01325807,-1.00000000,-0.93999936,-0.03792644
189,-0.00729287,-0.12424709,-1.00000000,-0.67672987,-0.06875084
190,-0.03554480,0.16835849,1.00000000,-0.76324640,-0.09658380
191,0.04767888,0.01451313,-1.00000000,-0.94240231,0.02666155
192,-0.03073268,-0.10223222,-1.00000000,-0.71887988,0.04926946
193,0.00665442,0.24167264,1.00000000,-0.62287801,-0.00264300
194,0.08626581,-0.08234711,-1.00000000,-0.75695221,0.20596077
195,0.14504307,0.07214745,1.00000000,-0.94745352,0.60860983
196,0.02818469,0.40112521,1.00000000,-0.31758768,0.56514446
197,-0.03327478,0.64401022,1.00000000,0.14744367,0.55947645
198,-0.03356406,0.16111687,1.00000000,-0.77711131,0.46980303
199,0.02518622,-0.09285180,-1.00000000,-0.73683976,0.33361650
200,0.02625590,-0.09404719,-1.00000000,-0.73455106,0.06876184
201,0.06514331,0.14872633,1.00000000,-0.80083443,0.15116689
202,-0.13159350,0.15314656,1.00000000,-0.79237138,-0.06805014
203,-0.06317148,0.31384081,1.00000000,-0.48470372,-0.13406454
204,-0.03557224,-0.49913378,-1.00000000,0.04103389,-0.26953508
205,-0.02793373,-0.21639380,-1.00000000,-0.50030437,-0.39035938
206,0.02659428,-0.10234557,-1.00000000,-0.71866285,-0.47631051
207,0.05476824,-0.07078100,-1.00000000,-0.77909686,-0.06078773
208,-0.06758832,0.15454482,1.00000000,-0.78969425,-0.07063576
209,0.04065533,0.27096795,1.00000000,-0.56678876,0.09932559
210,-0.02159121,-0.23464548,-1.00000000,-0.46535944,0.11346723
211,0.05462458,0.21264926,1.00000000,-0.67844661,0.17596520
212,0.02271377,-0.04457184,-1.00000000,-0.82927733,0.10449473
213,-0.03518549,0.27037432,1.00000000,-0.56792533,0.17674193
214,-0.00107525,0.13850942,1.00000000,-0.82039586,0.08369702
215,-0.01463917,-0.10074742,-1.00000000,-0.72172270,0.09919769
216,0.01174051,0.04020614,-1.00000000,-0.99159453,0.00358091
217,0.05992299,-0.01584395,-1.00000000,-0.88428017,0.08654471
218,-0.08476215,0.09316466,1.00000000,-0.90721364,-0.02399425
219,-0.06601768,0.29226891,1.00000000,-0.52600562,-0.16879359
220,0.00674456,-0.30561282,-1.00000000,-0.32948428,-0.12111520
221,-0.02479999,-0.22815515,-1.00000000,-0.47778593,-0.20258800
222,0.00659133,0.07251994,1.00000000,-0.94674034,-0.32149931
223,0.01083935,-0.05783148,-1.00000000,-0.80389021,-0.10834074
224,-0.00313356,0.07188675,1.00000000,-0.94795266,0.03186929
225,-0.01208920,0.08944081,1.00000000,-0.91434338,-0.01012355
226,-0.00717178,0.03170061,-1.00000000,-0.97530971,0.02918132
227,-0.01645448,-0.00530675,-1.00000000,-0.90445487,-0.02220295
228,-0.04293449,0.01501350,-1.00000000,-0.94336032,-0.14210018
229,-0.00326441,-0.02334537,-1.00000000,-0.86991785,-0.14239191
230,-0.11996090,-0.13276858,-1.00000000,-0.66041450,-0.38290882
231,0.00950583,0.03115992,-1.00000000,-0.97427450,-0.34572346
232,0.12972516,-0.45106446,-1.00000000,-0.05100035,-0.01979297
233,-0.03631032,0.08393031,1.00000000,-0.92489386,-0.00502335
234,0.18225979,0.58071210,1.00000000,0.02625211,0.40863200
235,-0.06012826,-0.10539556,-1.00000000,-0.71282330,0.54203828
236,0.01454638,0.79780068,1.00000000,0.44189323,0.55327698
237,0.09246540,-0.20381832,-1.00000000,-0.52438159,0.47020049
238,0.03507434,0.10475936,1.00000000,-0.88501426,0.62936381
239,-0.19585462,0.42674376,1.00000000,-0.26853800,-0.21370169
240,0.23119127,0.18958694,1.00000000,-0.72260208,0.43584098
241,-0.02846679,-0.76467972,-1.00000000,0.54945221,0.33993635
242,-0.07296417,1.00000000,1.00000000,0.82902712,-0.02891487
243,-0.15984135,-0.07298377,-1.00000000,-0.77487941,-0.46351004
244,-0.10903728,-0.25686007,-1.00000000,-0.42282704,-0.26993715
245,0.01687688,-0.61586227,-1.00000000,0.26452404,-0.74778476
246,-0.08259460,-0.40592485,-1.00000000,-0.13742535,-0.86847123
247,0.13745727,0.11438964,1.00000000,-0.86657596,-0.39930357
248,0.02791928,-0.29665588,-1.00000000,-0.34663337,0.01933827
249,0.00474718,0.61266345,1.00000000,0.08742666,0.27303860
250,-0.18945447,0.16002010,1.00000000,-0.77921120,-0.18700956
251,-0.01158693,0.06426614,1.00000000,-0.96254318,-0.02868679
252,0.21815939,-0.73823240,-1.00000000,0.49881576,0.15125127
253,0.15615356,-0.00323121,-1.00000000,-0.90842873,0.43716975
254,0.05391568,0.94614843,1.00000000,0.72592210,0.54679866
255,-0.02935179,0.68992203,1.00000000,0.23534711,0.90377274
256,-0.05897600,0.26744492,1.00000000,-0.57353399,0.79811135
257,0.17507068,-0.07664086,-1.00000000,-0.76787748,0.70203830
258,0.13527005,-0.19905686,-1.00000000,-0.53349795,0.65547524
259,-0.04647436,0.76809318,1.00000000,0.38501478,0.43163987
260,0.12502650,0.60362520,1.00000000,0.07012190,0.77585053
261,0.00492875,-0.14739637,-1.00000000,-0.63240791,0.91833622
262,0.04110904,0.56129582,1.00000000,-0.01092258,0.61964768
263,-0.04256730,0.06501644,1.00000000,-0.96110665,0.22313136
264,-0.05456145,0.21452410,1.00000000,-0.67485700,0.20509993
265,0.00905641,-0.13125124,-1.00000000,-0.66331962,-0.05347361
266,-0.03030616,-0.18081460,-1.00000000,-0.56842486,-0.13203537
267,0.00724034,0.08207317,1.00000000,-0.92844957,-0.20755097
268,0.05807318,-0.08058460,-1.00000000,-0.76032675,0.01684279
269,0.01893900,0.07456861,1.00000000,-0.94281792,0.18072359
270,-0.02842225,0.28462494,1.00000000,-0.54064088,0.09715903
271,-0.05812273,0.12291095,1.00000000,-0.85026094,0.03513763
272,-0.05415115,-0.07279970,-1.00000000,-0.77523183,-0.10174433
273,0.04813342,-0.19553086,-1.00000000,-0.54024888,-0.12390659
274,0.03584110,-0.17911913,-1.00000000,-0.57167103,-0.08622070
275,-0.00124396,0.24355091,1.00000000,-0.61928184,-0.02562243
276,0.08092900,0.19275543,1.00000000,-0.71653563,0.28441525
277,0.00523698,0.03950901,-1.00000000,-0.99025980,0.41683041
278,0.00257233,0.37907194,1.00000000,-0.35981121,0.31524481
279,0.03012298,0.06629015,1.00000000,-0.95866798,0.30249535
280,-0.03649452,0.05527905,1.00000000,-0.97975000,0.22389870
281,0.02274204,0.16912646,1.00000000,-0.76177603,0.09416172
282,0.04086585,-0.10615671,-1.00000000,-0.71136600,0.17360188
283,-0.03329579,0.13862623,1.00000000,-0.82017222,0.09362827
284,0.03040797,0.21351915,1.00000000,-0.67678109,0.09426370
285,-0.00104620,-0.09293862,-1.00000000,-0.73667354,0.17330129
286,-0.05574234,0.17030413,1.00000000,-0.75952124,-0.00169198
287,0.00904029,0.04032619,-1.00000000,-0.99182439,-0.07265205
288,-0.02908444,-0.18569441,-1.00000000,-0.55908189,-0.06326219
289,0.02310186,0.08200657,1.00000000,-0.92857710,-0.07955231
290,0.04200976,-0.07553609,-1.00000000,-0.76999270,0.01644772
291,-0.00171579,0.14011312,1.00000000,-0.81732540,0.13690842
292,0.01288586,0.21824614,1.00000000,-0.66773074,0.14548272
293,-0.02590881,0.03755927,-1.00000000,-0.98652680,0.15256329
294,-0.00919246,0.09789761,1.00000000,-0.89815187,0.08055801
295,-0.00462692,-0.06241346,-1.00000000,-0.79511748,-0.02342580
296,0.00234030,0.00666344,-1.00000000,-0.92737317,-0.01438213
297,0.02796004,0.02552959,-1.00000000,-0.96349459,0.01922813
298,0.00320411,0.05432021,1.00000000,-0.98158582,0.08413996
299,-0.01994968,0.16018857,1.00000000,-0.77888864,0.06015506
300,0.03580334,0.05788972,1.00000000,-0.97475158,0.15030069
301,0.01212936,-0.03778855,-1.00000000,-0.84226472,0.17212695
302,0.00906757,0.19259939,1.00000000,-0.71683439,0.13000320
303,-0.00582410,0.09477151,1.00000000,-0.90413714,0.10987340
304,0.00938883,0.08211928,1.00000000,-0.92836130,0.17528820
305,-0.00906231,0.02058250,-1.00000000,-0.95402282,0.07525317
306,-0.02203013,0.08344681,1.00000000,-0.92581958,-0.00091079
307,-0.00245811,0.00720125,-1.00000000,-0.92840287,-0.02660911
308,-0.00818881,-0.04638560,-1.00000000,-0.82580467,-0.03188161
309,-0.01391399,0.03449176,-1.00000000,-0.98065369,-0.08383890
310,-0.07016828,0.01081081,-1.00000000,-0.93531379,-0.22008424
311,0.06747275,-0.01284730,-1.00000000,-0.89001761,-0.02052350
312,-0.07042253,-0.24530663,-1.00000000,-0.44494743,-0.17206085
313,0.01902176,0.32346674,1.00000000,-0.46627377,-0.11139060
314,0.07109014,-0.24635729,-1.00000000,-0.44293583,0.07813946
315,-0.02234292,0.12325294,1.00000000,-0.84960616,0.18477360
316,-0.04035973,0.33841484,1.00000000,-0.43765390,-0.05565586
317,-0.06409366,-0.04767814,-1.00000000,-0.82332995,-0.04154466
318,0.02099559,-0.12212892,-1.00000000,-0.68078535,-0.03714369
319,-0.00557408,-0.22020454,-1.00000000,-0.49300828,-0.20807860
320,-0.01245623,0.13140939,1.00000000,-0.83398969,-0.18603468
321,0.02470463,0.02161568,-1.00000000,-0.95600095,-0.04096347
322,0.00237177,-0.00682342,-1.00000000,-0.90155102,0.10723166
323,-0.01056925,0.14673622,1.00000000,-0.80464472,0.03685289
324,0.00346681,0.05445025,1.00000000,-0.98133684,0.05701097
325,-0.03072293,0.00097416,-1.00000000,-0.91648038,0.01628250
326,0.01612227,0.05897529,1.00000000,-0.97267313,-0.00285321
327,-0.10898723,-0.08230680,-1.00000000,-0.75702939,-0.25114560
328,-0.05891462,0.11127139,1.00000000,-0.87254622,-0.35893920
329,-0.02331661,-0.40571802,-1.00000000,-0.13782134,-0.41865704
330,-0.02045675,-0.19880319,-1.00000000,-0.53398363,-0.39576699
331,0.01996777,-0.05170170,-1.00000000,-0.81562639,-0.38719285
332,-0.04635298,-0.03988394,-1.00000000,-0.83825284,-0.24753994
333,-0.02762022,0.12716212,1.00000000,-0.84212158,-0.17776416
334,-0.02193262,-0.14689478,-1.00000000,-0.63336826,-0.17467836
335,0.04351746,-0.06948551,-1.00000000,-0.78157724,-0.03203779
336,0.01601305,-0.04598267,-1.00000000,-0.82657613,-0.04085545
337,0.00551940,0.22447641,1.00000000,-0.65580216,0.07480217
338,-0.00809259,0.11082007,1.00000000,-0.87341032,0.11834210
339,0.00581479,0.06745720,1.00000000,-0.95643353,0.18020931
340,0.04118904,0.01120843,-1.00000000,-0.93607508,0.17501773
341,-0.03983517,0.06867782,1.00000000,-0.95409651,0.05049534
342,-0.04850522,0.21485470,1.00000000,-0.67422403,-0.06996105
343,0.01683283,-0.11996129,-1.00000000,-0.68493552,-0.01438592
344,0.03952322,-0.15578849,-1.00000000,-0.61634022,0.06077234
345,-0.01046078,0.11420762,1.00000000,-0.86692447,-0.05438907
346,0.00051107,0.20797104,1.00000000,-0.68740361,0.03556922
347,-0.05371531,0.00142236,-1.00000000,-0.91733852,0.02395251
348,0.01780972,0.04676129,1.00000000,-0.99605824,0.02613064
349,0.00835706,-0.17731812,-1.00000000,-0.57511927,-0.04335921
350,-0.01260151,0.11824442,1.00000000,-0.85919555,-0.04813229
351,-0.00512940,0.07918327,1.00000000,-0.93398263,-0.06070860
352,0.00580017,-0.00742375,-1.00000000,-0.90040163,0.07199052
353,0.01956252,0.02345322,-1.00000000,-0.95951914,0.07589866
354,0.02078613,0.06861743,1.00000000,-0.95421215,0.10361121
355,0.00622514,0.12548750,1.00000000,-0.84532783,0.14558819
356,-0.01855712,0.13054383,1.00000000,-0.83564692,0.11564898
357,0.00259658,0.07037353,1.00000000,-0.95084988,0.10850608
358,-0.00531365,-0.03203408,-1.00000000,-0.85328231,0.05304076
359,-0.00226424,0.05537926,1.00000000,-0.97955815,0.00164635
360,0.03574546,0.02269185,-1.00000000,-0.95806140,0.06746654
361,0.01601745,0.03529291,-1.00000000,-0.98218760,0.14455597
362,0.02662279,0.19236021,1.00000000,-0.71729233,0.19812617
363,0.05804506,0.11083823,1.00000000,-0.87337556,0.33939438
364,0.00120441,0.15466265,1.00000000,-0.78946866,0.34712826
365,0.00087644,0.28450875,1.00000000,-0.54086333,0.26938230
366,0.00358283,0.04962637,1.00000000,-0.99057271,0.24165736
367,-0.02830708,0.04827112,1.00000000,-0.99316750,0.11918258
368,-0.00755796,0.05945470,1.00000000,-0.97175524,-0.02708966
369,-0.00831536,-0.07232379,-1.00000000,-0.77614301,-0.04831547
370,0.02027161,0.01341770,-1.00000000,-0.94030498,-0.00507089
371,-0.03962019,0.01028790,-1.00000000,-0.93431261,-0.10139880
372,0.01666320,0.12841769,1.00000000,-0.83971766,-0.00113050
373,-0.02725924,-0.11907292,-1.00000000,-0.68663642,-0.04505762
374,-0.03271829,0.11350668,1.00000000,-0.86826650,-0.09946778
375,-0.03347049,-0.06799384,-1.00000000,-0.78443321,-0.21929424
376,-0.00438767,-0.09055221,-1.00000000,-0.74124261,-0.14073779
377,-0.00012432,-0.09366053,-1.00000000,-0.73529136,-0.17816820
378,-0.01789484,0.02651827,-1.00000000,-0.96538754,-0.15728880
379,-0.02516434,0.04413568,-1.00000000,-0.99911810,-0.14044610
380,-0.00410375,-0.02929737,-1.00000000,-0.85852206,-0.07496834
381,0.00803678,-0.05933709,-1.00000000,-0.80100756,-0.04726609
382,-0.02622569,0.02769149,-1.00000000,-0.96763380,-0.10546320
383,0.01124746,0.07785975,1.00000000,-0.93651665,-0.04048585
384,-0.01540587,-0.06372289,-1.00000000,-0.79261042,-0.01872781
385,0.00610302,0.09112725,1.00000000,-0.91111451,0.00402980
386,0.00537263,-0.01901220,-1.00000000,-0.87821420,-0.00191035
387,0.00737634,0.06986889,1.00000000,-0.95181608,0.07301065
388,-0.02121452,0.06685068,1.00000000,-0.95759478,0.00063156
389,-0.00792374,0.07513061,1.00000000,-0.94174192,0.01731415
390,0.01785336,-0.04301525,-1.00000000,-0.83225759,0.04351339
391,-0.01059777,0.01190619,-1.00000000,-0.93741102,0.00790489
392,0.01400694,0.11842478,1.00000000,-0.85885022,0.02268887
393,-0.02935138,0.00085630,-1.00000000,-0.91625473,0.00454647
394,0.03011266,0.10253023,1.00000000,-0.88928217,0.08935460
395,0.07488803,-0.07663915,-1.00000000,-0.76788076,0.21652235
396,-0.01084374,0.16908383,1.00000000,-0.76185765,0.21597392
397,0.04677993,0.35410887,1.00000000,-0.40760589,0.28904644
398,0.15410659,-0.00016013,-1.00000000,-0.91430866,0.69809481
399,-0.22071588,0.23795789,1.00000000,-0.62999031,0.13883316
400,0.08248089,0.68146334,1.00000000,0.21915199,0.15576264
401,0.02447386,-0.86741378,-1.00000000,0.74614839,0.23450878
402,-0.04016109,0.38548481,1.00000000,-0.34753302,0.04066011
403,0.01541964,0.14578264,1.00000000,-0.80647047,-0.26856423
404,-0.07766656,-0.12130809,-1.00000000,-0.68235692,0.05038669
405,-0.06399341,0.10836793,1.00000000,-0.87810523,-0.27620079
406,0.08959539,-0.27629177,-1.00000000,-0.38562280,-0.13100211
407,-0.04881067,-0.21979026,-1.00000000,-0.49380147,-0.15028771
408,-0.11678752,0.41488401,1.00000000,-0.29124488,-0.44506436
409,-0.03560300,-0.15705071,-1.00000000,-0.61392356,-0.35127704
410,0.01615202,-0.43795112,-1.00000000,-0.07610735,-0.17258020
411,-0.04673475,-0.10247272,-1.00000000,-0.71841942,-0.47654967
412,-0.02119934,0.11139434,1.00000000,-0.87231081,-0.41498587
413,0.04082906,-0.14847239,-1.00000000,-0.63034774,-0.06355493
414,-0.02010719,-0.04295252,-1.00000000,-0.83237769,-0.02900458
415,0.00534741,0.21336713,1.00000000,-0.67707216,-0.05309515
416,0.01297816,-0.03843943,-1.00000000,-0.84101853,0.08004417
417,0.00905343,0.06674650,1.00000000,-0.95779426,0.14749748
418,0.00416984,0.09827900,1.00000000,-0.89742165,0.06575999
419,0.04716980,0.08206086,1.00000000,-0.92847315,0.21576460
420,0.05023436,0.06188042,1.00000000,-0.96711093,0.31584711
421,0.00283148,0.23956893,1.00000000,-0.62690579,0.29322350
422,0.00857398,0.25223264,1.00000000,-0.60265967,0.29215450
423,0.00786011,0.05634994,1.00000000,-0.97769968,0.30038254
424,-0.04239650,0.08007963,1.00000000,-0.93226643,0.10068041
425,-0.01333905,0.07712971,1.00000000,-0.93791440,-0.04106651
426,-0.01488766,-0.13054544,-1.00000000,-0.66467095,-0.08057411
427,-0.01383355,-0.01047148,-1.00000000,-0.89456640,-0.13053522
428,-0.00091729,-0.01687078,-1.00000000,-0.88231419,-0.15010581
429,0.01477373,-0.01251489,-1.00000000,-0.89065405,-0.02263580
430,-0.01609373,0.04085890,-1.00000000,-0.99284432,-0.02877778
431,-0.00630793,0.10569884,1.00000000,-0.88321551,-0.00964794
432,-0.01123210,-0.02185462,-1.00000000,-0.87277206,-0.00384761
433,0.03829550,0.01858317,-1.00000000,-0.95019487,0.08358348
434,-0.01936610,-0.00176495,-1.00000000,-0.91123605,0.00746335
435,-0.01020600,0.20289774,1.00000000,-0.69711702,0.02059096
436,-0.01450436,-0.03537704,-1.00000000,-0.84688183,0.00231574
437,-0.01112397,0.00247520,-1.00000000,-0.91935430,0.00255683
438,-0.01956062,-0.01528687,-1.00000000,-0.88534677,-0.12644249
439,0.06436257,-0.00131813,-1.00000000,-0.91209153,0.06024375
440,-0.01874535,-0.03618085,-1.00000000,-0.84534283,0.04120393
441,0.03067147,0.31061457,1.00000000,-0.49088073,0.14193053
442,0.01488605,-0.03281190,-1.00000000,-0.85179309,0.19992396
443,-0.01022294,0.17139298,1.00000000,-0.75743651,0.22074380
444,0.02856685,0.10616295,1.00000000,-0.88232692,0.14093161
445,-0.00614786,0.00240522,-1.00000000,-0.91922031,0.16901968
446,0.01035549,0.16269608,1.00000000,-0.77408773,0.12372201
447,-0.00482917,0.01924462,-1.00000000,-0.95146129,0.07976382
448,0.00215145,0.08744135,1.00000000,-0.91817158,0.10735445
449,0.00743218,0.02469383,-1.00000000,-0.96189444,0.06023139
450,-0.00400786,0.05353982,1.00000000,-0.98307997,0.06500286
451,-0.01422020,0.07536138,1.00000000,-0.94130007,0.01020751
452,0.01156761,0.02808775,-1.00000000,-0.96839248,0.04676671
453,0.01186645,-0.01411264,-1.00000000,-0.88759497,0.06842784
454,-0.02781728,0.09245018,1.00000000,-0.90858161,-0.01016636
455,0.01806897,0.09368510,1.00000000,-0.90621720,0.03905739
456,-0.01559714,-0.07029979,-1.00000000,-0.78001819,0.03598728
457,-0.00687223,0.11931572,1.00000000,-0.85714442,-0.00512725
458,0.02120278,-0.01980259,-1.00000000,-0.87670090,0.01568955
459,0.00027349,0.01625131,-1.00000000,-0.94573025,0.07832232
460,0.01126164,0.13226554,1.00000000,-0.83235050,0.06314431
461,-0.01047267,0.04577954,1.00000000,-0.99793792,0.07457014
462,-0.01624754,0.09118582,1.00000000,-0.91100237,0.05366642
463,-0.02931483,0.00137326,-1.00000000,-0.91724451,-0.05897053
464,0.01303035,-0.02249022,-1.00000000,-0.87155513,-0.03052710
465,0.03272836,-0.07648813,-1.00000000,-0.76816990,0.01733634
466,0.00762935,0.09849465,1.00000000,-0.89700876,0.05769762
467,0.03902853,0.17989267,1.00000000,-0.74116287,0.18094431
468,0.03820843,0.07617612,1.00000000,-0.93974016,0.33149804
469,-0.03613496,0.20592683,1.00000000,-0.69131747,0.22187626
470,-0.00623609,0.20253793,1.00000000,-0.69780591,0.13499888
471,0.05170602,-0.10467092,-1.00000000,-0.71421071,0.23327475
472,-0.02481562,0.01888004,-1.00000000,-0.95076326,0.09092418
473,0.05559032,0.25831394,1.00000000,-0.59101631,0.12967982
474,-0.02056788,-0.05789605,-1.00000000,-0.80376659,0.16438908
475,-0.08060441,0.27436501,1.00000000,-0.56028470,-0.00142678
476,-0.01206769,-0.04034313,-1.00000000,-0.83737367,-0.14362027
477,-0.02637300,-0.28843183,-1.00000000,-0.36237927,-0.14709270
478,0.01415524,-0.00521783,-1.00000000,-0.90462510,-0.23947872
479,-0.00135323,-0.06433160,-1.00000000,-0.79144499,-0.19663665
480,-0.02591497,0.10314303,1.00000000,-0.88810891,-0.07469794
481,-0.03590929,0.03905745,-1.00000000,-0.98939524,-0.12785654
482,-0.03840428,-0.06243891,-1.00000000,-0.79506876,-0.15468218
483,0.04094808,-0.10373836,-1.00000000,-0.71599619,-0.09494332
484,-0.01277504,-0.11404843,-1.00000000,-0.69625637,-0.12041004
485,-0.02354857,0.21385898,1.00000000,-0.67613046,-0.11513377
486,0.04038560,-0.00814083,-1.00000000,-0.89902868,0.05497767
487,-0.01345394,-0.05266023,-1.00000000,-0.81379116,0.11060839
488,0.03067457,0.21153465,1.00000000,-0.68058066,0.08770198
489,-0.04099895,-0.01094624,-1.00000000,-0.89365741,0.02477234
490,-0.00862766,0.17140579,1.00000000,-0.75741199,0.05804085
491,-0.01788144,-0.12477034,-1.00000000,-0.67572804,-0.07187468
492,0.01149389,0.00899736,-1.00000000,-0.93184173,-0.01624958
493,-0.00155479,-0.02924198,-1.00000000,-0.85862810,-0.08811001
494,0.00657144,0.09214554,1.00000000,-0.90916486,0.01795565
495,0.01084458,0.03822454,-1.00000000,-0.98780054,0.06137208
496,-0.00741684,0.07180456,1.00000000,-0.94811002,0.08470455
497,0.05123945,0.08946243,1.00000000,-0.91430198,0.17332353
498,-0.00315088,0.01400083,-1.00000000,-0.94142144,0.16976481
499,0.05755951,0.25638596,1.00000000,-0.59470766,0.28345071
500,-0.02160143,0.03162905,-1.00000000,-0.97517271,0.21110721
501,0.01800874,0.28250228,1.00000000,-0.54470494,0.26779755
502,-0.03407281,-0.04461410,-1.00000000,-0.82919641,0.07758045
503,-0.04827175,0.11906686,1.00000000,-0.85762091,-0.02302362
504,0.02135232,-0.09614951,-1.00000000,-0.73052593,-0.10375322
505,0.05552208,-0.15482370,-1.00000000,-0.61818742,0.06820577
506,-0.04766991,0.13288352,1.00000000,-0.83116731,-0.07823511
507,-0.06684490,0.27408304,1.00000000,-0.56082456,-0.15130563
508,-0.03400818,-0.15233674,-1.00000000,-0.62294899,-0.11950278
509,0.01511940,-0.23157345,-1.00000000,-0.47124118,-0.13340006
510,0.10399132,-0.09588245,-1.00000000,-0.73103724,-0.02533028
511,0.05117897,0.10712723,1.00000000,-0.88048070,0.19506884
512,-0.03052382,0.47437225,1.00000000,-0.17734778,0.27605240
513,-0.02494774,0.25613602,1.00000000,-0.59518619,0.29625408
514,-0.01851831,-0.08148402,-1.00000000,-0.75860470,0.22125353
515,0.07156020,-0.05844202,-1.00000000,-0.80272126,0.14894324
516,0.02580042,-0.03187371,-1.00000000,-0.85358935,0.09235779
517,-0.02479592,0.34035728,1.00000000,-0.43393489,0.10512904
518,0.02047492,0.15126438,1.00000000,-0.79597504,0.20640600
519,-0.00570670,-0.05781465,-1.00000000,-0.80392243,0.23497149
520,-0.02852047,0.12925783,1.00000000,-0.83810911,0.01182590
521,0.03751507,0.02106763,-1.00000000,-0.95495165,0.03794555
522,0.01826050,-0.07320561,-1.00000000,-0.77445466,0.13394660
523,-0.01689996,0.19967276,1.00000000,-0.70329162,0.05061344
524,0.18484574,0.12010719,1.00000000,-0.85562906,0.47548005
525,-0.00948689,-0.02518621,-1.00000000,-0.86639334,0.51791842
526,-0.01316291,0.80848659,1.00000000,0.46235263,0.40492390
527,-0.04576977,0.00544678,-1.00000000,-0.92504373,0.26215835
528,-0.12267603,-0.00974362,-1.00000000,-0.89595996,0.02631399
529,-0.06581827,-0.14448479,-1.00000000,-0.63798246,-0.53258083
530,-0.04992990,-0.46228416,-1.00000000,-0.02951895,-0.62275486
531,0.06654182,-0.22733113,-1.00000000,-0.47936359,-0.44504065
532,-0.06112016,-0.16167566,-1.00000000,-0.60506855,-0.47926676
533,0.07694680,0.31961985,1.00000000,-0.47363909,-0.03417629
534,-0.08819701,-0.20791714,-1.00000000,-0.51653391,-0.08407320
535,0.00293854,0.36261632,1.00000000,-0.39131738,0.03380529
536,0.03444510,-0.31980668,-1.00000000,-0.30230850,-0.03775940
537,-0.04733759,0.05679233,1.00000000,-0.97685267,-0.00702898
538,0.04012240,0.18698671,1.00000000,-0.72758051,-0.08913479
539,0.00421815,-0.15096347,-1.00000000,-0.62557827,0.11691934
540,-0.11434544,0.21044699,1.00000000,-0.68266310,-0.14458373
541,-0.01583124,0.06208005,1.00000000,-0.96672872,-0.25668272
542,0.00595896,-0.42785971,-1.00000000,-0.09542853,-0.13784968
543,-0.02390960,-0.02076995,-1.00000000,-0.87484879,-0.28061907
544,-0.04782607,0.06927361,1.00000000,-0.95295581,-0.39665983
545,0.03679919,-0.05415210,-1.00000000,-0.81093480,-0.05965912
546,-0.15714229,-0.15298202,-1.00000000,-0.62171354,-0.37473432
547,-0.10301759,0.19671455,1.00000000,-0.70895545,-0.61771467
548,-0.00633477,-0.60470896,-1.00000000,0.24316975,-0.57852883
549,0.00774306,-0.38104968,-1.00000000,-0.18505172,-0.45462872
550,0.06060073,0.01847228,-1.00000000,-0.94998255,-0.40155945
551,0.10074050,0.07664603,1.00000000,-0.93884046,0.17343077
552,0.10640708,0.29506954,1.00000000,-0.52064349,0.64037597
553,-0.07027928,0.46093891,1.00000000,-0.20306747,0.49780163
554,-0.01004705,0.48435487,1.00000000,-0.15823491,0.45813579
555,-0.09342883,-0.24576533,-1.00000000,-0.44406920,0.11470266
556,-0.05565433,0.00313204,-1.00000000,-0.92061190,-0.23400420
557,0.10269658,-0.34142613,-1.00000000,-0.26091558,-0.24227734
558,0.01825518,-0.18533073,-1.00000000,-0.55977821,-0.04487585
559,-0.14746865,0.46902199,1.00000000,-0.18759146,-0.35127891
560,0.02717512,0.12008520,1.00000000,-0.85567118,-0.08237345
561,0.04036006,-0.56473459,-1.00000000,0.16663422,0.13170573
562,-0.00204983,0.15694502,1.00000000,-0.78509880,-0.10184284
563,-0.02990700,0.21142910,1.00000000,-0.68078275,-0.20922799
564,0.02765510,0.03617892,-1.00000000,-0.98388395,0.18123792
565,0.00486754,-0.07893516,-1.00000000,-0.76348479,0.13149968
566,-0.01180460,0.15892843,1.00000000,-0.78130133,0.01519037
567,0.04311238,0.06476354,1.00000000,-0.96159086,0.11588661
568,-0.01840029,-0.00413069,-1.00000000,-0.90670655,0.14154265
569,-0.01126050,0.22280251,1.00000000,-0.65900703,0.05477421
570,-0.01033412,-0.03138601,-1.00000000,-0.85452311,0.02087970
571,-0.05076786,-0.00188229,-1.00000000,-0.91101138,-0.06599500
572,-0.01231508,0.00194575,-1.00000000,-0.91834062,-0.18957925
573,0.02581090,-0.16513838,-1.00000000,-0.59843879,-0.09100347
574,0.00701065,-0.00624015,-1.00000000,-0.90266776,-0.05026506
575,-0.02919184,0.15130765,1.00000000,-0.79589218,-0.09231131
576,-0.06641569,0.07361950,1.00000000,-0.94463510,-0.12720061
577,0.00842546,-0.07597990,-1.00000000,-0.76914297,-0.08095630
578,0.01608918,-0.22979984,-1.00000000,-0.47463697,-0.10263239
579,0.01387054,0.07946591,1.00000000,-0.93344147,-0.08733719
580,0.01237055,0.11113466,1.00000000,-0.87280800,0.00533270
581,-0.02923237,0.10196658,1.00000000,-0.89036135,0.08823876
582,-0.00092736,0.09576819,1.00000000,-0.90222888,0.06738517
583,0.00343804,-0.07614738,-1.00000000,-0.76882231,0.03917746
584,0.05988522,0.04081730,-1.00000000,-0.99276466,0.14177441
585,0.00257291,0.05885639,1.00000000,-0.97290078,0.11992902
586,-0.00559730,0.29211281,1.00000000,-0.52630448,0.17262711
587,-0.06935829,0.05528143,1.00000000,-0.97974545,0.02004959
588,0.05553324,0.02151970,-1.00000000,-0.95581719,0.13620402
589,-0.02920158,-0.24195954,-1.00000000,-0.45135583,-0.06242899
590,0.02561559,0.27412914,1.00000000,-0.56073630,-0.01105171
591,-0.00254349,-0.07602015,-1.00000000,-0.76906591,-0.00424276
592,-0.02660298,0.15050060,1.00000000,-0.79743738,0.09108692
593,0.07141214,0.03413895,-1.00000000,-0.97997819,0.12649144
594,-0.04294742,-0.06528197,-1.00000000,-0.78962538,0.09584293
595,0.01831012,0.33974546,1.00000000,-0.43510629,0.07955423
596,-0.07514417,-0.13282201,-1.00000000,-0.66031220,-0.08232038
597,-0.00790392,0.12031223,1.00000000,-0.85523649,-0.04062788
598,0.00250071,-0.26586848,-1.00000000,-0.40557939,-0.19427673
599,-0.01050491,0.01198809,-1.00000000,-0.93756783,-0.12194106
600,-0.02990713,0.05498309,1.00000000,-0.98031666,-0.22944900
601,0.08293081,0.00124002,-1.00000000,-0.91698940,0.12300401
602,0.01700582,-0.07893568,-1.00000000,-0.76348379,0.17854417
603,-0.00539659,0.38734400,1.00000000,-0.34397339,0.16093591
604,-0.01234025,0.11492247,1.00000000,-0.86555581,0.15684374
605,0.02601752,0.02234912,-1.00000000,-0.95740522,0.28153653
606,0.00741220,-0.00634413,-1.00000000,-0.90246868,0.11315593
607,0.02985770,0.15216149,1.00000000,-0.79425742,0.14181123
608,-0.01355471,0.07527881,1.00000000,-0.94145816,0.12362141
609,-0.03099850,0.16803026,1.00000000,-0.76387483,0.08201991
610,0.01981437,-0.01136265,-1.00000000,-0.89286014,0.06818900
611,0.06846884,-0.08344554,-1.00000000,-0.75484915,0.20432437
612,-0.04797275,0.12652823,1.00000000,-0.84333525,0.03078914
613,0.04781054,0.32758287,1.00000000,-0.45839296,0.16761260
614,-0.04947878,-0.15358817,-1.00000000,-0.62055300,0.12640791
615,0.04477912,0.24221667,1.00000000,-0.62183640,0.18207075
616,-0.00774860,-0.15981152,-1.00000000,-0.60863768,0.01213199
617,0.00066220,0.22968997,1.00000000,-0.64582021,0.12057126
618,-0.00419218,0.01262989,-1.00000000,-0.93879663,0.00462302
619,0.01707933,0.04738583,1.00000000,-0.99486249,0.15302480
620,0.00753101,0.02732607,-1.00000000,-0.96693415,0.06997428
621,0.00266448,0.11522626,1.00000000,-0.86497417,0.09319189
622,-0.00522479,0.07576977,1.00000000,-0.94051817,0.08006592
623,-0.00935211,0.05565984,1.00000000,-0.97902095,0.06856106
624,0.00039628,0.02305905,-1.00000000,-0.95876446,0.03136356
625,-0.01161451,0.00600373,-1.00000000,-0.92611008,-0.01132440
626,-0.05304861,0.04628695,1.00000000,-0.99696643,-0.13554550
627,-0.00061612,-0.00334520,-1.00000000,-0.90821048,-0.12526976
628,-0.00159292,-0.17456312,-1.00000000,-0.58039403,-0.10796943
629,-0.03073198,0.04210341,-1.00000000,-0.99522708,-0.17737477
630,-0.03579481,0.03806699,-1.00000000,-0.98749888,-0.23128854
631,0.04816231,-0.08234420,-1.00000000,-0.75695778,-0.00562289
632,-0.00315286,-0.10326532,-1.00000000,-0.71690188,-0.01127895
633,-0.03554274,0.24367029,1.00000000,-0.61905327,-0.08697542
634,0.02118890,0.03162084,-1.00000000,-0.97515700,0.02879035
635,-0.04889660,-0.10222370,-1.00000000,-0.71889619,-0.00042214
636,0.00471822,0.13220821,1.00000000,-0.83246026,-0.09728756
637,-0.01418144,-0.15740577,-1.00000000,-0.61324377,-0.12187750
638,0.01639306,0.06414648,1.00000000,-0.96277229,-0.00607846
639,0.02399672,-0.01395248,-1.00000000,-0.88790161,0.00018200
640,-0.02429826,0.11239039,1.00000000,-0.87040377,0.05502786
641,0.02152899,0.14381093,1.00000000,-0.81024553,0.09251011
642,-0.03247902,-0.05575817,-1.00000000,-0.80785980,0.05171277
643,0.05332173,0.13361355,1.00000000,-0.82976959,0.13405103
644,-0.04326770,-0.08956350,-1.00000000,-0.74313560,-0.01592556
645,0.01850498,0.26499053,1.00000000,-0.57823321,0.07951098
646,0.01505115,-0.13414552,-1.00000000,-0.65777818,0.06506762
647,-0.01987581,0.12111744,1.00000000,-0.85369483,0.09316847
648,-0.02704786,0.10684521,1.00000000,-0.88102066,-0.08602817
649,0.00216360,-0.03748330,-1.00000000,-0.84284915,0.01526807
650,0.03706775,-0.06712035,-1.00000000,-0.78610560,0.05665668
651,-0.00401532,0.05359005,1.00000000,-0.98298380,0.01414498
652,-0.02394350,0.19782428,1.00000000,-0.70683073,0.00507543
653,0.04505081,0.02805691,-1.00000000,-0.96833342,0.16583074
654,-0.00587307,-0.05429218,-1.00000000,-0.81066660,0.14791172
655,-0.00791671,0.23081264,1.00000000,-0.64367072,0.04761179
656,0.00902684,0.02038014,-1.00000000,-0.95363537,0.07669136
657,0.00742443,0.01193521,-1.00000000,-0.93746658,0.14663107
658,-0.02010170,0.08195099,1.00000000,-0.92868351,0.00136332
659,-0.01162342,0.07532935,1.00000000,-0.94136140,-0.01145798
660,0.00753736,-0.03841675,-1.00000000,-0.84106194,0.02299930
661,0.02302116,-0.00338200,-1.00000000,-0.90814002,0.05420183
662,-0.01354437,0.07579599,1.00000000,-0.94046796,0.00744861
663,0.02079022,0.13977965,1.00000000,-0.81796386,0.09862358
664,0.01087217,-0.01131991,-1.00000000,-0.89294197,0.14878104
665,0.00363958,0.13056075,1.00000000,-0.83561452,0.14009033
666,0.00807792,0.08957643,1.00000000,-0.91408372,0.10677203
667,0.01233114,0.05968923,1.00000000,-0.97130621,0.16446554
668,-0.02071097,0.07802978,1.00000000,-0.93619112,0.07193211
669,0.03176038,0.09560533,1.00000000,-0.90254071,0.11850564
670,-0.04036462,-0.04093444,-1.00000000,-0.83624153,0.02039137
671,-0.01442945,0.17589267,1.00000000,-0.74882134,-0.02979237
672,0.06524067,-0.12214911,-1.00000000,-0.68074670,0.08817774
673,-0.04167269,-0.01497736,-1.00000000,-0.88593937,0.04144029
674,0.05094516,0.31424313,1.00000000,-0.48393344,0.08421578
675,0.00318875,-0.12755446,-1.00000000,-0.67039754,0.18132485
676,0.03915704,0.25516986,1.00000000,-0.59703601,0.30080436
677,0.01241505,0.05782625,1.00000000,-0.97487310,0.18302133
678,-0.03055435,0.20645785,1.00000000,-0.69030078,0.20781143
679,-0.06576069,0.09595206,1.00000000,-0.90187685,-0.05240261
680,-0.02387490,-0.08161017,-1.00000000,-0.75836317,-0.11274526
681,0.00887563,-0.22709318,-1.00000000,-0.47981917,-0.18026241
682,-0.03599174,-0.05400872,-1.00000000,-0.81120933,-0.28819295
683,0.02037533,0.08132614,1.00000000,-0.92987986,-0.17463723
684,0.05141572,-0.10407909,-1.00000000,-0.71534382,0.08662599
685,0.00351276,0.12884630,1.00000000,-0.83889703,0.14769108
686,-0.02487862,0.25711435,1.00000000,-0.59331308,0.07243068
687,0.01788320,0.05916518,1.00000000,-0.97230956,0.19255333
688,0.00162572,-0.05815638,-1.00000000,-0.80326815,0.15074811
689,-0.00700708,0.11854807,1.00000000,-0.85861417,0.02048529
690,0.02047317,0.05136734,1.00000000,-0.98723942,0.05830118
691,-0.04370124,0.01569407,-1.00000000,-0.94466336,0.01633318
692,-0.02372412,0.12925058,1.00000000,-0.83812298,-0.07643688
693,0.00700804,-0.13593702,-1.00000000,-0.65434816,-0.06443614
694,0.06622697,-0.05338567,-1.00000000,-0.81240222,0.09885068
695,-0.00197843,0.07360870,1.00000000,-0.94465578,0.04879131
696,0.01803264,0.31831879,1.00000000,-0.47613011,0.18643669
697,0.02487513,0.03647393,-1.00000000,-0.98444879,0.29479635
698,-0.00049629,0.11916560,1.00000000,-0.85743185,0.27806427
699,0.00631227,0.14744077,1.00000000,-0.80329577,0.14447504
700,0.01727091,0.04259860,-1.00000000,-0.99617518,0.18739448
701,0.01573620,0.07073358,1.00000000,-0.95016053,0.18227420
702,-0.01290816,0.11601791,1.00000000,-0.86345847,0.09803044
703,0.00100908,0.10967603,1.00000000,-0.87560073,0.10138690
704,-0.02219992,-0.00869090,-1.00000000,-0.89797551,0.03781449
705,-0.00298682,0.04881923,1.00000000,-0.99211807,-0.00735331
706,0.00078036,-0.04708721,-1.00000000,-0.82446136,-0.04069971
707,-0.01588536,0.03230697,-1.00000000,-0.97647065,-0.04733785
708,0.06196563,0.04787408,1.00000000,-0.99392768,0.08857436
709,0.00195200,-0.02099359,-1.00000000,-0.87442060,0.14242486
710,-0.01481950,0.30070970,1.00000000,-0.50984475,0.11604206
711,-0.01537995,0.05271567,1.00000000,-0.98465790,0.08001012
712,-0.00564201,-0.01658913,-1.00000000,-0.88285344,0.10284927
713,-0.03121186,-0.01890507,-1.00000000,-0.87841931,-0.10490459
714,0.01518911,0.02133494,-1.00000000,-0.95546345,-0.07539039
715,0.00059611,-0.08432721,-1.00000000,-0.75316108,-0.04101887
716,0.01065825,0.10741528,1.00000000,-0.87992918,0.01703737
717,-0.00145905,0.04711270,1.00000000,-0.99538542,0.02636394
718,0.00887434,0.08869243,1.00000000,-0.91577625,0.11574243
719,0.00271207,0.03862017,-1.00000000,-0.98855802,0.08792291
720,0.00343306,0.08132082,1.00000000,-0.92989004,0.09424835
721,0.00778444,0.05585648,1.00000000,-0.97864444,0.08784074
722,0.01656594,0.05883583,1.00000000,-0.97294014,0.12803029
723,-0.00824433,0.07681700,1.00000000,-0.93851313,0.08986151
724,-0.01543188,0.11310477,1.00000000,-0.86903601,0.04940672
725,-0.02375919,0.01058139,-1.00000000,-0.93487453,-0.01122268
726,-0.00706827,-0.01911968,-1.00000000,-0.87800842,-0.04433911
727,0.05474737,-0.05353059,-1.00000000,-0.81212477,0.04079239
728,-0.01055160,0.01544124,-1.00000000,-0.94417928,0.03564798
729,-0.00081277,0.27088172,1.00000000,-0.56695385,0.06824358
730,-0.02438956,0.00104709,-1.00000000,-0.91662001,0.06683808
731,-0.00936708,0.04129080,-1.00000000,-0.99367124,0.06171252
732,0.02396997,-0.05613545,-1.00000000,-0.80713747,-0.00691053
733,-0.06786617,0.00594187,-1.00000000,-0.92599163,-0.13470237
734,0.01452989,0.14370042,1.00000000,-0.81045711,-0.10049349
735,-0.00571908,-0.23579363,-1.00000000,-0.46316117,-0.05886474
736,0.00303498,0.10469121,1.00000000,-0.88514473,-0.03121240
737,-0.04116327,0.02101646,-1.00000000,-0.95485369,-0.17643720
738,0.00911569,0.05719084,1.00000000,-0.97608968,-0.00479405
739,-0.01465749,-0.12544938,-1.00000000,-0.67442795,-0.06987190
740,-0.02407937,0.08231813,1.00000000,-0.92798057,-0.11080904
741,-0.00865734,-0.01591966,-1.00000000,-0.88413523,-0.13687890
742,-0.03533825,-0.05485365,-1.00000000,-0.80959161,-0.12389110
743,-0.06537539,0.00887473,-1.00000000,-0.93160693,-0.28998066
744,0.02740579,-0.10137866,-1.00000000,-0.72051411,-0.19619397
745,-0.01762321,-0.22550099,-1.00000000,-0.48286761,-0.18179894
746,0.02394346,0.15789823,1.00000000,-0.78327376,-0.10911034
747,-0.01856087,-0.02817489,-1.00000000,-0.86067117,-0.07170254
748,0.02525833,0.14359086,1.00000000,-0.81066688,0.13037956
749,0.01696948,-0.03204959,-1.00000000,-0.85325260,0.10711017
750,-0.05743596,0.14902428,1.00000000,-0.80026397,0.01834139
751,-0.01087865,0.11477231,1.00000000,-0.86584330,-0.05929997
752,-0.06189872,-0.19269292,-1.00000000,-0.54568244,-0.15592853
753,0.00090506,-0.00030438,-1.00000000,-0.91403248,-0.21022796
754,-0.01537255,-0.21113440,-1.00000000,-0.51037411,-0.28233960
755,0.01105802,0.04838939,1.00000000,-0.99294106,-0.12962151
756,-0.02742150,-0.01887451,-1.00000000,-0.87847782,-0.16650639
757,-0.00592929,0.09034443,1.00000000,-0.91261330,-0.04171375
758,-0.03875764,-0.06866432,-1.00000000,-0.78314948,-0.13014797
759,0.04583590,0.02014782,-1.00000000,-0.95319057,0.00632589
760,-0.04732531,-0.11550860,-1.00000000,-0.69346073,-0.12384894
761,-0.02359413,0.23405687,1.00000000,-0.63745926,-0.11531523
762,0.01722890,-0.15091276,-1.00000000,-0.62567538,-0.06368040
763,-0.01944932,-0.05284852,-1.00000000,-0.81343066,-0.02062947
764,0.02229974,0.11584431,1.00000000,-0.86379084,-0.07310703
765,-0.00366847,-0.03572092,-1.00000000,-0.84622343,0.02423275
766,0.01119104,0.13679852,1.00000000,-0.82367158,0.10179177
767,-0.06067999,0.02949019,-1.00000000,-0.97107761,-0.07191834
768,0.00602037,0.09089409,1.00000000,-0.91156090,-0.01512966
769,0.03150543,-0.20609821,-1.00000000,-0.52001646,0.00539588
770,-0.00068505,0.06952736,1.00000000,-0.95246997,0.01204790
771,-0.00201887,0.17483916,1.00000000,-0.75083840,-0.01740566
772,-0.01583993,0.04181860,-1.00000000,-0.99468177,0.08257230
773,0.00655453,0.03630686,-1.00000000,-0.98412891,0.08376328
774,0.03017345,-0.02080584,-1.00000000,-0.87478007,0.08079342
775,-0.00550868,0.07173465,1.00000000,-0.94824386,0.07003836
776,0.03200354,0.16933501,1.00000000,-0.76137673,0.14589666
777,-0.03093582,0.02188590,-1.00000000,-0.95651833,0.11223799
778,-0.00249045,0.17689748,1.00000000,-0.74689751,0.09207079
779,0.01213392,-0.08318652,-1.00000000,-0.75534506,0.05184883
780,-0.02080352,0.03435813,-1.00000000,-0.98039785,0.01774659
781,0.02286183,0.09479036,1.00000000,-0.90410105,-0.00263627
782,0.02885271,-0.04131688,-1.00000000,-0.83550932,0.13067165
783,-0.00308397,0.13912125,1.00000000,-0.81922445,0.12934830
784,-0.01212625,0.16387734,1.00000000,-0.77182606,0.07525644
785,0.01953671,0.03190553,-1.00000000,-0.97570206,0.16520132
786,0.04119237,-0.00545983,-1.00000000,-0.90416177,0.20607214
787,0.03854226,0.12538087,1.00000000,-0.84553200,0.22767650
788,-0.03977877,0.21486844,1.00000000,-0.67419772,0.14585967
789,0.03896666,0.20391741,1.00000000,-0.69516474,0.25977935
790,-0.02824344,-0.11972824,-1.00000000,-0.68538174,0.15324599
791,0.07312364,0.20567117,1.00000000,-0.69180696,0.22444177
792,-0.04209010,-0.07206083,-1.00000000,-0.77664648,0.04465924
793,-0.02739621,0.34681787,1.00000000,-0.42156535,0.07226811
794,-0.06866703,-0.12927932,-1.00000000,-0.66709509,-0.16771814
795,0.01450800,-0.06855983,-1.00000000,-0.78334954,-0.07239708
796,0.04035112,-0.23910305,-1.00000000,-0.45682489,-0.14546854
797,-0.01394596,0.10460076,1.00000000,-0.88531792,-0.08271675
798,-0.05780533,0.21139217,1.00000000,-0.68085345,-0.15051865
799,0.00202325,-0.01297941,-1.00000000,-0.88976468,0.00709644
800,0.01285658,-0.19421928,-1.00000000,-0.54276004,0.00341433
801,0.05971357,0.05301006,1.00000000,-0.98409425,0.04658594
802,0.00364606,0.09777659,1.00000000,-0.89838358,0.08581011
803,0.03440630,0.29140350,1.00000000,-0.52766255,0.29141042
804,-0.00740989,0.05971602,1.00000000,-0.97125492,0.27037776
805,-0.03031506,0.18682638,1.00000000,-0.72788748,0.17411981
806,0.01853821,0.01402956,-1.00000000,-0.94147646,0.08231288
807,0.02695749,-0.08062138,-1.00000000,-0.76025633,0.13428938
808,0.02411643,0.12125476,1.00000000,-0.85343192,0.11134650
809,0.01170741,0.15604574,1.00000000,-0.78682057,0.15397152
810,0.04217897,0.14430562,1.00000000,-0.80929839,0.31560836
811,0.01614801,0.09302787,1.00000000,-0.90747554,0.31027903
812,0.02701233,0.21894538,1.00000000,-0.66639197,0.31040129
813,-0.00515572,0.11137774,1.00000000,-0.87234259,0.24513443
814,-0.03466131,0.15627234,1.00000000,-0.78638672,0.14174810
815,-0.03512725,0.02334444,-1.00000000,-0.95931087,-0.03061827
816,-0.03040367,-0.09858134,-1.00000000,-0.72586991,-0.13441256
817,-0.00343753,-0.10050677,-1.00000000,-0.72218345,-0.20230531
818,0.00506188,-0.08098755,-1.00000000,-0.75955525,-0.17952355
819,-0.04505467,0.03044453,-1.00000000,-0.97290481,-0.20269719
820,-0.02656728,0.06556661,1.00000000,-0.96005329,-0.18361139
821,-0.03077568,-0.14152980,-1.00000000,-0.64364013,-0.18444082
822,0.00710765,-0.06513443,-1.00000000,-0.78990787,-0.16092870
823,0.00152336,-0.08252477,-1.00000000,-0.75661205,-0.16881839
824,-0.01034810,0.07402032,1.00000000,-0.94386770,-0.09143462
825,0.01127255,0.05094439,1.00000000,-0.98804922,-0.00706478
826,-0.02283147,0.00188802,-1.00000000,-0.91823007,0.01064807
827,-0.00943676,0.09123091,1.00000000,-0.91091602,-0.02624029
828,-0.00600063,-0.04969698,-1.00000000,-0.81946465,-0.04301620
829,-0.03324738,0.00565393,-1.00000000,-0.92544034,-0.09407376
830,0.02131001,0.01985305,-1.00000000,-0.95262619,-0.07169367
831,0.10764596,-0.09273860,-1.00000000,-0.73705652,0.21922628
832,-0.00992132,0.13270866,1.00000000,-0.83150211,0.21814588
833,0.00469628,0.48947431,1.00000000,-0.14843314,0.24199632
834,0.00836300,0.00365160,-1.00000000,-0.92160665,0.33477319
835,-0.04934323,0.06405583,1.00000000,-0.96294586,0.17724070
836,0.03891873,0.07920777,1.00000000,-0.93393571,0.02400252
837,-0.02124023,-0.15925138,-1.00000000,-0.60971012,-0.00123478
838,-0.01188570,0.20547308,1.00000000,-0.69218624,-0.03820690
839,0.01830616,-0.04312151,-1.00000000,-0.83205415,-0.01603705
840,-0.04181813,-0.00446580,-1.00000000,-0.90606496,0.00074135
841,0.01465544,0.12029587,1.00000000,-0.85526782,-0.05335747
842,0.00681889,-0.12815543,-1.00000000,-0.66924690,0.00920476
843,-0.09499576,0.10521000,1.00000000,-0.88415144,-0.17610219
844,-0.03703039,0.07282709,1.00000000,-0.94615227,-0.29948374
845,-0.00986850,-0.34790114,-1.00000000,-0.24851843,-0.22824704
846,-0.01063877,-0.10837112,-1.00000000,-0.70712625,-0.28464445
847,0.00466930,0.00386983,-1.00000000,-0.92202449,-0.28943731
848,-0.01073689,0.00068686,-1.00000000,-0.91593032,-0.10156890
849,-0.01769526,0.06394432,1.00000000,-0.96315935,-0.05845819
850,-0.04659056,0.00028143,-1.00000000,-0.91515407,-0.14033577
851,0.02043333,-0.02847264,-1.00000000,-0.86010110,-0.07105565
852,0.02622529,-0.14787653,-1.00000000,-0.63148858,-0.02299318
853,-0.01030672,0.12908595,1.00000000,-0.83843819,-0.02203406
854,0.02285011,0.15302004,1.00000000,-0.79261362,0.06836822
855,-0.00667573,0.00205900,-1.00000000,-0.91855743,0.15736460
856,-0.04575667,0.13907282,1.00000000,-0.81931719,0.00978360
857,0.01155635,0.01706331,-1.00000000,-0.94728491,-0.02292309
858,0.03087196,-0.14443065,-1.00000000,-0.63808612,0.06889125
859,-0.06553318,0.09240367,1.00000000,-0.90867064,-0.12817319
860,-0.04606134,0.17222147,1.00000000,-0.75585027,-0.21598958
861,-0.01255301,-0.22615305,-1.00000000,-0.48161917,-0.14195681
862,-0.02887193,-0.14568963,-1.00000000,-0.63567566,-0.23209801
863,-0.10271249,-0.00722334,-1.00000000,-0.90078534,-0.52994554
864,0.02144191,-0.07465792,-1.00000000,-0.77167405,-0.33602091
865,-0.00394904,-0.37978893,-1.00000000,-0.18746557,-0.24212493
866,-0.01040589,0.13325370,1.00000000,-0.83045855,-0.23733760
867,0.01133161,0.02833082,-1.00000000,-0.96885786,-0.14769748
868,-0.01221007,0.00164918,-1.00000000,-0.91777279,0.05409190
869,-0.00158073,0.09147498,1.00000000,-0.91044872,0.00275931
870,0.01061536,-0.00580619,-1.00000000,-0.90349863,0.03523292
871,-0.02104426,0.03811737,-1.00000000,-0.98759535,0.01151302
872,-0.02201966,0.08851520,1.00000000,-0.91611558,-0.06284890
873,0.02713786,-0.04231167,-1.00000000,-0.83360467,0.02488348
874,-0.00588890,-0.04634235,-1.00000000,-0.82588748,0.01527774
875,-0.02316205,0.15679105,1.00000000,-0.78539359,-0.06003430
876,0.00484514,0.02031475,-1.00000000,-0.95351018,-0.00230983
877,-0.03227653,-0.05106303,-1.00000000,-0.81684918,-0.02517912
878,-0.02778945,0.06467094,1.00000000,-0.96176815,-0.14764819
879,-0.06257743,-0.08872674,-1.00000000,-0.74473767,-0.27404419
880,0.01134738,-0.07018482,-1.00000000,-0.78023832,-0.19709998
881,-0.02181365,-0.21393901,-1.00000000,-0.50500435,-0.25653993
882,-0.00014737,0.09154013,1.00000000,-0.91032399,-0.18490292
883,-0.00729872,-0.04549103,-1.00000000,-0.82751743,-0.13921561
884,0.00960244,0.04404044,-1.00000000,-0.99893573,0.02172075
885,0.00543533,0.01448895,-1.00000000,-0.94235600,0.00853891
886,-0.03931616,0.08432952,1.00000000,-0.92412953,-0.03048569
887,-0.01624280,0.06710981,1.00000000,-0.95709866,-0.06637298
888,0.02502935,-0.11781657,-1.00000000,-0.68904184,0.00570752
889,0.06163863,-0.02247064,-1.00000000,-0.87159261,0.12173039
890,-0.00898362,0.14807806,1.00000000,-0.80207561,0.08958106
891,0.16195600,0.29935843,1.00000000,-0.51243191,0.53834898
892,-0.04609913,0.00752644,-1.00000000,-0.92902547,0.47177962
893,-0.00662549,0.71389944,1.00000000,0.28125464,0.40120019
894,-0.07934958,-0.14584579,-1.00000000,-0.63537667,0.08684481
895,-0.00408403,0.01727094,-1.00000000,-0.94768246,0.09776921
896,0.12179376,-0.28324651,-1.00000000,-0.37230716,0.00822117
897,-0.00363769,0.02777297,-1.00000000,-0.96778980,0.10289562
898,0.01248661,0.54793718,1.00000000,-0.03649924,0.14550905
899,0.01213280,0.02961741,-1.00000000,-0.97132119,0.34948339
900,0.00878902,0.09624778,1.00000000,-0.90131065,0.37818588
901,-0.00312038,0.09478570,1.00000000,-0.90410997,0.09967019
902,-0.05550388,0.08096822,1.00000000,-0.93056514,-0.01597363
903,-0.05813348,0.03175509,-1.00000000,-0.97541403,-0.17343222
904,0.01470837,-0.18470900,-1.00000000,-0.56096859,-0.16768958
905,-0.01517185,-0.19557528,-1.00000000,-0.54016383,-0.22111409
906,0.02796535,0.10542872,1.00000000,-0.88373269,-0.15180358
907,-0.06354570,-0.01804515,-1.00000000,-0.88006573,-0.16973410
908,-0.01779948,0.16021049,1.00000000,-0.77884667,-0.07980312
909,0.02660494,-0.21794020,-1.00000000,-0.49734361,-0.05327784
910,0.00820450,-0.02890331,-1.00000000,-0.85927653,-0.00115659
911,0.01364759,0.15458888,1.00000000,-0.78960990,-0.03308029
912,0.00375567,0.07855284,1.00000000,-0.93518966,0.11697870
913,0.00644662,0.10104527,1.00000000,-0.89212531,0.17103919
914,0.17305121,0.06016895,1.00000000,-0.97038774,0.49756416
915,0.00907467,0.07128874,1.00000000,-0.94909761,0.49950434
916,-0.03938491,0.75974810,1.00000000,0.36903718,0.38126004
917,-0.05861973,0.08214864,1.00000000,-0.92830508,0.24218430
918,0.01233027,-0.11810069,-1.00000000,-0.68849786,0.25530283
919,-0.01057517,-0.19758461,-1.00000000,-0.53631674,-0.15412104
920,0.03880351,0.09560174,1.00000000,-0.90254757,-0.08783593
921,0.04035999,0.00094968,-1.00000000,-0.91643352,0.08996788
922,0.01810543,0.20499696,1.00000000,-0.69309781,0.26103867
923,-0.01167549,0.21142882,1.00000000,-0.68078328,0.20751404
924,0.05436659,0.11946638,1.00000000,-0.85685596,0.35231190
925,0.01660162,-0.00359716,-1.00000000,-0.90772807,0.30280930
926,0.07890404,0.26930821,1.00000000,-0.56996651,0.38874931
927,0.06657390,0.11325220,1.00000000,-0.86875374,0.49681739
928,0.00628855,0.37070420,1.00000000,-0.37583221,0.53687104
929,0.04636771,0.31975243,1.00000000,-0.47338524,0.51903628
930,0.01469265,0.07063556,1.00000000,-0.95034820,0.51477993
931,0.06276917,0.23625449,1.00000000,-0.63325168,0.47880470
932,0.04871106,0.10536376,1.00000000,-0.88385706,0.43897668
933,-0.07386540,0.30403014,1.00000000,-0.50348738,0.26026085
934,0.00187289,0.24593790,1.00000000,-0.61471167,0.16105264
935,-0.03327200,-0.26058425,-1.00000000,-0.41569666,0.05410791
936,0.00989658,0.05238872,1.00000000,-0.98528387,-0.06377984
937,-0.04532754,-0.09284034,-1.00000000,-0.73686171,-0.27345368
938,-0.00252367,0.08554499,1.00000000,-0.92180238,-0.11438607
939,-0.01828760,-0.14265737,-1.00000000,-0.64148127,-0.15933704
940,0.01902935,0.03422086,-1.00000000,-0.98013503,-0.04272295
941,-0.01236003,-0.03092036,-1.00000000,-0.85541465,-0.09234754
942,0.00508615,0.12328431,1.00000000,-0.84954609,0.02005770
943,0.03788079,-0.00642588,-1.00000000,-0.90231216,0.11014579
944,-0.00239575,0.06566689,1.00000000,-0.95986130,0.14557916
945,-0.00119583,0.20118400,1.00000000,-0.70039816,0.10048393
946,0.00532909,0.03474945,-1.00000000,-0.98114707,0.13992459
947,-0.03397785,0.03970788,-1.00000000,-0.99064055,0.05282527
948,-0.04730088,0.06667077,1.00000000,-0.95793925,-0.13710065
949,0.00947567,-0.09575709,-1.00000000,-0.73127727,-0.11063144
950,-0.02064441,-0.15081181,-1.00000000,-0.62586865,-0.15399511
951,0.01525606,0.08380569,1.00000000,-0.92513247,-0.13186137
952,0.04326070,-0.04065941,-1.00000000,-0.83676813,0.04035411
953,-0.00727381,0.10769193,1.00000000,-0.87939950,0.12960075
954,-0.07282889,0.22341540,1.00000000,-0.65783359,-0.05391021
955,-0.02736947,0.01459186,-1.00000000,-0.94255305,-0.06890478
956,0.00856276,-0.25630108,-1.00000000,-0.42389729,-0.08382854
957,-0.01955527,-0.06844932,-1.00000000,-0.78356113,-0.22388662
958,-0.04363563,0.08003326,1.00000000,-0.93235522,-0.30496101
959,-0.00868601,-0.03615876,-1.00000000,-0.84538514,-0.16194437
960,-0.02034169,-0.13566591,-1.00000000,-0.65486723,-0.14627483
961,-0.04072449,0.00875626,-1.00000000,-0.93138011,-0.25616851
962,-0.00866878,-0.03940847,-1.00000000,-0.83916320,-0.23189535
963,0.02327037,-0.12363622,-1.00000000,-0.67789945,-0.08271790
964,0.03122171,0.00882747,-1.00000000,-0.93151645,0.00626262
965,0.03360113,0.14080945,1.00000000,-0.81599220,0.12653661
966,0.02468184,0.17366673,1.00000000,-0.75308316,0.27237030
967,0.01007012,0.18349919,1.00000000,-0.73425777,0.31415161
968,0.00417778,0.14664204,1.00000000,-0.80482503,0.27158168
969,-0.03933394,0.08626211,1.00000000,-0.92042937,0.11426678
970,0.01663157,0.06191324,1.00000000,-0.96704809,0.07643048
971,0.01610971,-0.11789005,-1.00000000,-0.68890116,0.05731758
972,-0.05952724,0.11337597,1.00000000,-0.86851676,-0.09786066
973,-0.07997474,0.11121948,1.00000000,-0.87264560,-0.28549194
974,-0.01028485,-0.20133471,-1.00000000,-0.52913674,-0.22072242
975,-0.02153994,-0.28582984,-1.00000000,-0.36736108,-0.30583180
976,0.01465154,0.00214938,-1.00000000,-0.91873048,-0.30908302
977,0.11642790,-0.04435998,-1.00000000,-0.82968296,0.08323661
978,-0.00982881,0.10519390,1.00000000,-0.88418228,0.23963799
979,0.03930936,0.52576387,1.00000000,-0.07895260,0.35021608
980,0.03294762,0.00403386,-1.00000000,-0.92233853,0.47170465
981,-0.00390451,0.20708731,1.00000000,-0.68909560,0.43033102
982,-0.00381335,0.18079871,1.00000000,-0.73942816,0.16223427
983,-0.00864122,0.02851482,-1.00000000,-0.96921015,0.16488219
984,-0.02607112,0.02889153,-1.00000000,-0.96993141,0.01910613
985,-0.01954654,0.00894135,-1.00000000,-0.93173448,-0.09793786
986,-0.01221230,-0.06308415,-1.00000000,-0.79383337,-0.11646139
987,0.02627754,-0.03612268,-1.00000000,-0.84545420,-0.04936902
988,-0.01818010,-0.00581543,-1.00000000,-0.90348093,-0.07063745
989,0.01367554,0.15323597,1.00000000,-0.79220019,0.01798398
990,0.01647031,-0.03047612,-1.00000000,-0.85626520,0.09828921
991,-0.02404412,0.10116079,1.00000000,-0.89190413,0.07190831
992,0.00185643,0.11270959,1.00000000,-0.86979261,0.01745760
993,-0.02152385,-0.05470802,-1.00000000,-0.80987044,0.01000219
994,0.02096740,0.05232073,1.00000000,-0.98541406,0.02626053
995,0.00318802,-0.04429348,-1.00000000,-0.82981027,-0.00335443
996,0.02618247,0.13129291,1.00000000,-0.83421271,0.10863367
997,-0.03457843,0.05782324,1.00000000,-0.97487887,0.02739643
998,-0.03780733,0.15284312,1.00000000,-0.79295236,-0.00891016
999,0.01336788,-0.09823886,-1.00000000,-0.72652563,-0.02585449
1000,-0.03238020,-0.11158164,-1.00000000,-0.70097933,-0.10515943
1001,-0.00314104,0.09988943,1.00000000,-0.89433830,-0.17054082
1002,-0.00032251,-0.08915516,-1.00000000,-0.74391742,-0.09416188
1003,-0.00356860,0.03166969,-1.00000000,-0.97525052,-0.01782125
1004,0.00150234,0.04331669,-1.00000000,-0.99755003,-0.04427733
1005,0.01308920,0.02990290,-1.00000000,-0.97186780,0.05710384
1006,0.04791009,0.05085751,1.00000000,-0.98821555,0.17093036
1007,0.00997658,0.09873783,1.00000000,-0.89654317,0.19389381
1008,-0.02074100,0.24262804,1.00000000,-0.62104878,0.15560523
1009,0.01608138,0.08587559,1.00000000,-0.92116941,0.18811150
1010,-0.07376282,-0.04105854,-1.00000000,-0.83600393,-0.00553873
1011,0.00465498,0.11110242,1.00000000,-0.87286974,-0.10198279
1012,-0.00766371,-0.26016036,-1.00000000,-0.41650825,-0.14131459
1013,-0.00597432,0.06388516,1.00000000,-0.96327262,-0.10838995
1014,-0.04235229,0.01298070,-1.00000000,-0.93946829,-0.23867700
1015,0.04303252,0.01996174,-1.00000000,-0.95283430,0.02173658
1016,0.04237391,-0.13036276,-1.00000000,-0.66502072,0.10583686
1017,0.01670639,0.22247249,1.00000000,-0.65963889,0.16017382
1018,0.02312286,0.21975092,1.00000000,-0.66484967,0.22505056
1019,0.01853063,0.11368514,1.00000000,-0.86792482,0.36079860
1020,-0.01319803,0.14019990,1.00000000,-0.81715926,0.23542374
1021,0.01557703,0.12122344,1.00000000,-0.85349187,0.17567589
1022,0.02600137,-0.00988876,-1.00000000,-0.89568208,0.19640050
1023,0.00044554,0.10901829,1.00000000,-0.87686004,0.14583785
1024,0.00852661,0.15209473,1.00000000,-0.79438523,0.12353231
1025,-0.00241119,0.04649051,1.00000000,-0.99657669,0.14758326
1026,0.01851451,0.07988386,1.00000000,-0.93264126,0.15413283
1027,-0.04060676,0.03468565,-1.00000000,-0.98102492,0.00561954
1028,0.01042000,0.12115682,1.00000000,-0.85361943,0.02785918
1029,0.01208374,-0.12314972,-1.00000000,-0.67883092,0.03579036
1030,-0.00790155,0.08770793,1.00000000,-0.91766118,0.02354875
1031,-0.01854980,0.09458297,1.00000000,-0.90449812,-0.05909195
1032,0.02801757,0.01199788,-1.00000000,-0.93758658,0.09391679
1033,0.01052621,-0.03200383,-1.00000000,-0.85334022,0.09415361
1034,-0.00702786,0.16042629,1.00000000,-0.77843350,0.05154131
1035,0.02646557,0.08814684,1.00000000,-0.91682084,0.12816819
1036,0.00851388,0.01560822,-1.00000000,-0.94449899,0.18851091
1037,-0.00575959,0.15401295,1.00000000,-0.79071258,0.11319941
1038,-0.03076622,0.07983127,1.00000000,-0.93274195,0.02113143
1039,-0.00280945,0.02084907,-1.00000000,-0.95453319,0.03053703
1040,-0.00167666,-0.08248571,-1.00000000,-0.75668685,-0.03221049
1041,-0.01699689,0.03303993,-1.00000000,-0.97787399,-0.08909076
1042,0.00492121,0.03772094,-1.00000000,-0.98683634,-0.06527624
1043,-0.03364149,-0.02558676,-1.00000000,-0.86562645,-0.07168710
1044,-0.02995433,0.06498529,1.00000000,-0.96116629,-0.13221087
1045,0.02125121,-0.09436716,-1.00000000,-0.73393843,-0.08108957
1046,-0.02090371,-0.07913072,-1.00000000,-0.76311036,-0.08980044
1047,0.01306771,0.13246568,1.00000000,-0.83196731,-0.07163652
1048,-0.00243369,-0.04173088,-1.00000000,-0.83471667,-0.00205382
1049,-0.00805848,0.09864906,1.00000000,-0.89671313,0.04676642
1050,0.02376699,0.03459270,-1.00000000,-0.98084695,0.05237575
1051,-0.02432008,0.01134939,-1.00000000,-0.93634497,0.04475841
1052,-0.01525770,0.14286164,1.00000000,-0.81206305,-0.01839755
1053,0.00494829,-0.05584835,-1.00000000,-0.80768714,-0.00193828
1054,0.01773844,-0.01839991,-1.00000000,-0.87938650,0.05558001
1055,0.01490267,0.06509719,1.00000000,-0.96095206,0.03581561
1056,0.00496114,0.11794989,1.00000000,-0.85975947,0.10110269
1057,0.00663211,0.10623166,1.00000000,-0.88219537,0.14990945
1058,0.00213638,0.06515028,1.00000000,-0.96085039,0.14363986
1059,-0.04433297,0.07205523,1.00000000,-0.94763009,0.00524190
1060,-0.07522385,0.05347756,1.00000000,-0.98319918,-0.19570935
1061,0.02225637,-0.13854750,-1.00000000,-0.64935010,-0.15714691
1062,0.02713641,-0.26619775,-1.00000000,-0.40494897,-0.11142934
1063,0.03143727,0.13661928,1.00000000,-0.82401476,-0.04609841
1064,-0.00897203,0.15678507,1.00000000,-0.78540505,0.03274434
1065,-0.00393472,0.17455748,1.00000000,-0.75137771,0.19169465
1066,0.02149782,0.00757431,-1.00000000,-0.92911714,0.19000335
1067,0.02260749,0.02838996,-1.00000000,-0.96897110,0.17990541
1068,-0.01804053,0.13348474,1.00000000,-0.83001621,0.06958689
1069,-0.02532938,0.13807023,1.00000000,-0.82123676,0.03311561
1070,0.02848771,-0.02989938,-1.00000000,-0.85736943,0.10540653
1071,-0.00309469,-0.06001909,-1.00000000,-0.79970179,0.05057367
1072,0.03078393,0.16236906,1.00000000,-0.77471385,0.06880434
1073,-0.04915076,0.03186124,-1.00000000,-0.97561727,-0.00056081
1074,0.01155249,0.17185771,1.00000000,-0.75654673,0.08167312
1075,0.07319484,-0.15845604,-1.00000000,-0.61123289,0.18135468
1076,-0.05167143,0.09238770,1.00000000,-0.90870123,0.07304520
1077,0.01363377,0.34711209,1.00000000,-0.42100201,0.03480621
1078,0.14771144,-0.16887220,-1.00000000,-0.59128995,0.47374142
1079,-0.06993650,0.10098817,1.00000000,-0.89223463,0.29204890
1080,-0.02304046,0.65503669,1.00000000,0.16855510,0.07747718
1081,-0.00918872,-0.24434888,-1.00000000,-0.44678116,0.17219906
1082,-0.02850681,-0.05056059,-1.00000000,-0.81781117,0.07824001
1083,-0.01593351,0.00667891,-1.00000000,-0.92740279,-0.28663213
1084,-0.04504881,-0.07314917,-1.00000000,-0.77456273,-0.23114111
1085,0.00222174,-0.02119257,-1.00000000,-0.87403963,-0.17481506
1086,0.09921429,-0.14150559,-1.00000000,-0.64368648,0.06688648
1087,0.03556658,0.05383028,1.00000000,-0.98252384,0.20974818
1088,0.06905113,0.45463215,1.00000000,-0.21514247,0.39923480
1089,-0.05212829,0.19162101,1.00000000,-0.71870761,0.38344999
1090,-0.06501039,0.32998908,1.00000000,-0.45378599,0.23354540
1091,0.05382018,-0.17076010,-1.00000000,-0.58767536,0.13233210
1092,-0.04807497,-0.22399272,-1.00000000,-0.48575538,-0.05415987
1093,0.05763920,0.26705029,1.00000000,-0.57428956,-0.07960457
1094,-0.05637548,-0.15401056,-1.00000000,-0.61974428,-0.08907435
1095,-0.02283208,0.28283160,1.00000000,-0.54407443,0.00496883
1096,-0.03279823,-0.18831073,-1.00000000,-0.55407265,-0.18816052
1097,-0.00050571,-0.04969948,-1.00000000,-0.81945987,-0.08209739
1098,0.00343047,-0.09088254,-1.00000000,-0.74061014,-0.20296428
1099,0.00687074,0.04255966,-1.00000000,-0.99610063,-0.06194689
1100,-0.05369207,0.05882510,1.00000000,-0.97296068,-0.13075408
1101,0.00515698,0.07304133,1.00000000,-0.94574208,-0.04612699
1102,-0.02109977,-0.17722206,-1.00000000,-0.57530319,-0.09204467
1103,-0.01492370,0.06595958,1.00000000,-0.95930091,-0.13296818
1104,-0.01813400,-0.04254105,-1.00000000,-0.83316550,-0.18872016
1105,0.03242561,-0.01701975,-1.00000000,-0.88202898,0.00329272
1106,-0.02805961,-0.03028562,-1.00000000,-0.85662994,-0.07076889
1107,-0.02004773,0.17864159,1.00000000,-0.74355821,-0.06842322
1108,-0.03452082,-0.07130120,-1.00000000,-0.77810088,-0.11211808
1109,0.00935733,-0.03819374,-1.00000000,-0.84148893,-0.05082184
1110,-0.00523968,-0.09800083,-1.00000000,-0.72698136,-0.13480252
1111,-0.00251849,0.08331666,1.00000000,-0.92606877,-0.07785457
1112,-0.01414102,0.02299752,-1.00000000,-0.95864664,-0.06468462
1113,-0.01700019,0.03424226,-1.00000000,-0.98017600,-0.02561961
1114,-0.02861642,-0.01378545,-1.00000000,-0.88822141,-0.11028804
1115,0.00881468,-0.02560038,-1.00000000,-0.86560037,-0.07895164
1116,-0.01720965,-0.07360207,-1.00000000,-0.77369559,-0.11170789
1117,-0.01217721,0.08107428,1.00000000,-0.93036207,-0.10732929
1118,0.00627310,-0.02646596,-1.00000000,-0.86394311,-0.05543783
1119,0.01004318,-0.00567044,-1.00000000,-0.90375854,0.03075982
1120,0.03327060,0.07057172,1.00000000,-0.95047043,0.08528814
1121,0.00628869,0.08615081,1.00000000,-0.92064247,0.13768140
1122,-0.01204713,0.18213337,1.00000000,-0.73687280,0.13797144
1123,0.02032981,0.07063615,1.00000000,-0.95034708,0.16931307
1124,0.00404837,-0.00513290,-1.00000000,-0.90478772,0.15594670
1125,0.01820918,0.12865818,1.00000000,-0.83925721,0.12236489
1126,-0.00821485,0.06137849,1.00000000,-0.96807194,0.09002697
1127,0.00270205,0.11989512,1.00000000,-0.85603509,0.12291258
1128,0.01998784,0.01070323,-1.00000000,-0.93510781,0.12215011
1129,0.00283755,0.05581507,1.00000000,-0.97872374,0.11945038
1130,0.01486742,0.12724506,1.00000000,-0.84196279,0.11199940
1131,0.07355780,0.05637500,1.00000000,-0.97765168,0.29432436
1132,-0.00685251,0.10608597,1.00000000,-0.88247431,0.27302097
1133,-0.06175520,0.34861195,1.00000000,-0.41813037,0.09076201
1134,-0.01748094,0.01633280,-1.00000000,-0.94588627,0.04545873
1135,-0.04828862,-0.21054133,-1.00000000,-0.51150961,-0.09535758
1136,0.00563162,-0.02758701,-1.00000000,-0.86179673,-0.24680967
1137,0.02935434,-0.15489344,-1.00000000,-0.61805390,-0.16608080
1138,-0.01528079,0.06792093,1.00000000,-0.95554567,-0.06245879
1139,-0.00107630,0.16595020,1.00000000,-0.76785733,-0.02588207
1140,-0.01579848,-0.01849533,-1.00000000,-0.87920381,0.04655980
1141,0.04037021,0.04020181,-1.00000000,-0.99158624,0.12401495
1142,-0.02704579,-0.02063459,-1.00000000,-0.87510794,-0.00173800
1143,0.03614101,0.21147105,1.00000000,-0.68070242,0.11291497
1144,-0.02174709,-0.06711180,-1.00000000,-0.78612197,0.06682620
1145,-0.03170771,0.19399472,1.00000000,-0.71416288,0.03135407
1146,0.01065796,-0.04521600,-1.00000000,-0.82804401,-0.03489406
1147,0.00830130,-0.08637623,-1.00000000,-0.74923799,0.04391784
1148,0.00129783,0.08869126,1.00000000,-0.91577848,-0.03377049
1149,-0.02096934,0.07895284,1.00000000,-0.93442382,-0.03203638
1150,0.00362988,0.05001243,1.00000000,-0.98983356,0.04675434
1151,0.03355047,-0.04200211,-1.00000000,-0.83419736,0.09779678
1152,0.01706482,0.05964914,1.00000000,-0.97138296,0.11733642
1153,0.03151077,0.18328985,1.00000000,-0.73465857,0.18470091
1154,-0.01797073,0.11516628,1.00000000,-0.86508901,0.19138680
1155,-0.03803229,0.17486122,1.00000000,-0.75079615,0.09849444
1156,0.03405886,-0.02961095,-1.00000000,-0.85792166,0.09962798
1157,0.00299400,-0.11251124,-1.00000000,-0.69919950,0.06825488
1158,0.00788362,0.18539068,1.00000000,-0.73063630,0.01557442
1159,0.07856365,0.05702149,1.00000000,-0.97641391,0.23081298
1160,-0.03583548,0.07722684,1.00000000,-0.93772843,0.23571111
1161,-0.04303707,0.36929760,1.00000000,-0.37852531,0.06381361
1162,0.00839436,-0.10343339,-1.00000000,-0.71658009,0.07585458
1163,0.06999411,-0.13319248,-1.00000000,-0.65960290,0.21433968
1164,-0.03644191,0.07933739,1.00000000,-0.93368754,-0.04208328
1165,0.00599966,0.33388574,1.00000000,-0.44632538,0.05119475
1166,0.01553404,-0.10593933,-1.00000000,-0.71178219,0.18178824
1167,-0.02264164,0.06944180,1.00000000,-0.95263380,0.11258860
1168,0.02080845,0.10884063,1.00000000,-0.87720018,0.00292144
1169,0.01140713,-0.04891253,-1.00000000,-0.82096657,0.10960840
1170,-0.00239517,0.13063607,1.00000000,-0.83547031,0.09089079
1171,0.00191824,0.09178704,1.00000000,-0.90985126,0.06053223
1172,0.02840910,0.03475184,-1.00000000,-0.98115166,0.17435787
1173,-0.02250357,0.05257614,1.00000000,-0.98492504,0.07778691
1174,-0.03714415,0.16204419,1.00000000,-0.77533585,-0.03046580
1175,-0.04357000,-0.04834198,-1.00000000,-0.82205895,-0.12227155
1176,0.00747888,-0.10884120,-1.00000000,-0.70622622,-0.10987322
1177,0.03134455,-0.13539470,-1.00000000,-0.65538649,-0.10332818
1178,0.12721098,0.07555436,1.00000000,-0.94093060,0.23048393
1179,0.07336172,0.17417433,1.00000000,-0.75211130,0.47687415
1180,0.00531480,0.57032274,1.00000000,0.00636048,0.58587050
1181,0.04422611,0.34780171,1.00000000,-0.41968166,0.66780422
1182,0.02321341,0.06661174,1.00000000,-0.95805227,0.64967459
1183,-0.00964496,0.22740477,1.00000000,-0.65019549,0.34453276
1184,0.02238917,0.14057409,1.00000000,-0.81644283,0.23088144
1185,-0.13669225,0.00479358,-1.00000000,-0.92379310,-0.08574560
1186,0.06385881,0.13716808,1.00000000,-0.82296403,-0.04197142
1187,0.00769158,-0.52020334,-1.00000000,0.08137400,-0.07657979
1188,0.01459486,0.30853285,1.00000000,-0.49486642,-0.02253331
1189,0.00275420,0.07643328,1.00000000,-0.93924780,-0.06631255
1190,-0.01376916,0.10495967,1.00000000,-0.88463074,0.20776380
1191,0.00519468,0.05603059,1.00000000,-0.97831109,0.07696290
1192,0.02669585,-0.01224882,-1.00000000,-0.89116346,0.11933591
1193,0.00375621,0.06611534,1.00000000,-0.95900268,0.09516944
1194,0.03983660,0.15496453,1.00000000,-0.78889067,0.17785046
1195,0.00666823,0.06017118,1.00000000,-0.97038347,0.22341884
1196,-0.09106840,0.20926599,1.00000000,-0.68492426,0.00878518
1197,-0.03445991,0.07220451,1.00000000,-0.94734426,-0.12757120
1198,0.00327018,-0.33167211,-1.00000000,-0.27959077,-0.12865488
1199,-0.04648174,-0.09774913,-1.00000000,-0.72746326,-0.32111518
1200,-0.02417302,0.05816275,1.00000000,-0.97422883,-0.38988060
1201,-0.01619967,-0.14742686,-1.00000000,-0.63234952,-0.22294899
1202,0.00158437,-0.05524065,-1.00000000,-0.80885065,-0.14258259
1203,-0.04999680,-0.02229239,-1.00000000,-0.87193389,-0.26134970
1204,-0.00909297,0.05119650,1.00000000,-0.98756652,-0.17798557
1205,0.02684059,-0.16195214,-1.00000000,-0.60453920,-0.06424271
1206,-0.00721468,0.00707455,-1.00000000,-0.92816029,-0.04420927
1207,-0.07091446,0.15556265,1.00000000,-0.78774550,-0.20585681
1208,-0.02789067,0.01483623,-1.00000000,-0.94302091,-0.15656771
1209,0.00117903,-0.24839010,-1.00000000,-0.43904378,-0.13366467
1210,-0.07490294,-0.07060307,-1.00000000,-0.77943753,-0.36051786
1211,-0.02956214,0.04952151,1.00000000,-0.99077349,-0.41034504
1212,0.00973730,-0.26487166,-1.00000000,-0.40748792,-0.23051925
1213,0.05711441,-0.07751009,-1.00000000,-0.76621325,-0.04098706
1214,0.00879305,0.08488682,1.00000000,-0.92306251,-0.02401039
1215,-0.14263471,0.28066303,1.00000000,-0.54822641,-0.17502902
1216,0.01037052,0.08098491,1.00000000,-0.93053318,-0.08599288
1217,-0.19967965,-0.54475935,-1.00000000,0.12838930,-0.55292089
1218,-0.14340032,0.08750347,1.00000000,-0.91805265,-1.00000000
1219,0.04799591,-0.78048588,-1.00000000,0.57971492,-0.91259107
1220,0.00902650,-0.54792306,-1.00000000,0.13444660,-0.57443855
1221,-0.03369449,0.24298268,1.00000000,-0.62036977,-0.67268841
1222,0.02320535,0.08194959,1.00000000,-0.92868619,-0.17573126
1223,-0.01312120,-0.09458615,-1.00000000,-0.73351915,0.11474651
1224,0.00872594,0.14054079,1.00000000,-0.81650659,0.02718794
1225,-0.03384694,-0.00957127,-1.00000000,-0.89628995,-0.06840513
1226,-0.04190982,0.08070758,1.00000000,-0.93106417,-0.08672252
1227,0.04176926,-0.09521613,-1.00000000,-0.73231299,-0.04533137
1228,0.18477430,-0.12853436,-1.00000000,-0.66852139,0.39590776
1229,0.03252749,0.21725234,1.00000000,-0.66963348,0.44897704
1230,-0.04197088,0.80819139,1.00000000,0.46178744,0.43086344
1231,-0.04286392,0.17906259,1.00000000,-0.74275216,0.42873612
1232,-0.02981099,-0.12878666,-1.00000000,-0.66803835,0.26913671
1233,0.04692724,-0.13247698,-1.00000000,-0.66097279,-0.03821498
1234,0.03184126,-0.07853839,-1.00000000,-0.76424445,-0.03974504
1235,-0.05374275,0.23856664,1.00000000,-0.62882480,-0.06599226
1236,-0.01455100,0.17622688,1.00000000,-0.74818145,-0.00286415
1237,-0.00788407,-0.17743149,-1.00000000,-0.57490222,0.04602536
1238,0.00264978,-0.01547962,-1.00000000,-0.88497772,-0.05269821
1239,-0.07018638,0.01207011,-1.00000000,-0.93772486,-0.28018486
1240,0.05948447,0.05559907,1.00000000,-0.97913729,-0.02772698
1241,0.05868006,-0.24538144,-1.00000000,-0.44480420,0.13555317
1242,0.00421797,0.29045681,1.00000000,-0.52947508,0.16253657
1243,0.00892927,0.28713273,1.00000000,-0.53583941,0.17653769
1244,0.05123921,0.06207931,1.00000000,-0.96673013,0.44727513
1245,-0.02568530,0.08154781,1.00000000,-0.92945545,0.25737573
1246,-0.01655692,0.25638495,1.00000000,-0.59470958,0.08962307
1247,0.00545559,-0.06148984,-1.00000000,-0.79688586,0.09238253
1248,0.02972078,-0.02376868,-1.00000000,-0.86910738,0.13874045
1249,-0.00333498,0.06719351,1.00000000,-0.95693841,0.01705872
1250,0.02064294,0.16746444,1.00000000,-0.76495815,0.12035482
1251,0.03016958,0.03086828,-1.00000000,-0.97371612,0.22453890
1252,-0.01136862,0.12995214,1.00000000,-0.83677976,0.18702669
1253,-0.08511094,0.16931903,1.00000000,-0.76140732,-0.06900867
1254,-0.00910855,-0.00232908,-1.00000000,-0.91015596,-0.08188175
1255,0.03013422,-0.30705413,-1.00000000,-0.32672472,-0.06071947
1256,0.03975518,0.00701018,-1.00000000,-0.92803705,-0.03934686
1257,0.00525036,0.16917289,1.00000000,-0.76168712,-0.00229223
1258,0.02192057,0.20892956,1.00000000,-0.68556839,0.23635134
1259,0.04462213,0.06634547,1.00000000,-0.95856208,0.35615234
1260,0.02471650,0.13523167,1.00000000,-0.82667151,0.34407268
1261,-0.06592919,0.22904123,1.00000000,-0.64706229,0.10843275
1262,0.02387842,0.14678527,1.00000000,-0.80455081,0.14996693
1263,-0.04486513,-0.22778949,-1.00000000,-0.47848602,0.00105772
1264,0.00673377,0.14332209,1.00000000,-0.81118146,-0.08342033
1265,0.03566462,-0.14074655,-1.00000000,-0.64513975,-0.05900978
1266,-0.00657245,0.07247533,1.00000000,-0.94682574,0.07333540
1267,-0.00795179,0.19202613,1.00000000,-0.71793196,0.00236496
1268,-0.03291190,0.01749009,-1.00000000,-0.94810205,0.02901657
1269,-0.03854861,0.01179028,-1.00000000,-0.93718910,-0.07194761
1270,-0.02223535,-0.09135226,-1.00000000,-0.73971081,-0.20104469
1271,0.03792942,-0.11464482,-1.00000000,-0.69511452,-0.10182078
1272,0.03738844,-0.04723364,-1.00000000,-0.82418100,-0.00072761
1273,0.00346988,0.20138496,1.00000000,-0.70001341,0.08039127
1274,0.01859027,0.19914950,1.00000000,-0.70429345,0.20779138
1275,0.02539512,0.05898797,1.00000000,-0.97264885,0.31399101
1276,-0.01154970,0.12146989,1.00000000,-0.85302002,0.20366954
1277,0.02397525,0.14958956,1.00000000,-0.79918166,0.17376271
1278,-0.01373415,-0.00307738,-1.00000000,-0.90872325,0.13540361
1279,-0.03294285,0.14372221,1.00000000,-0.81041539,0.02050243
1280,0.03179926,-0.01210417,-1.00000000,-0.89144042,0.03478145
1281,-0.00281834,-0.09148017,-1.00000000,-0.73946592,0.05424940
1282,0.00531561,0.17605333,1.00000000,-0.74851373,0.01264480
1283,0.00093269,0.03300320,-1.00000000,-0.97780367,0.04534684
1284,0.01998295,0.06661506,1.00000000,-0.95804591,0.16335322
1285,0.00216246,0.04850357,1.00000000,-0.99272245,0.09727332
1286,-0.00269014,0.12722485,1.00000000,-0.84200148,0.09755916
1287,-0.02255785,0.05358533,1.00000000,-0.98299283,0.03541090
1288,0.00356510,0.03353295,-1.00000000,-0.97881794,0.04128026
1289,-0.01743200,-0.04856629,-1.00000000,-0.82162948,-0.04214224
1290,0.01451034,0.05938144,1.00000000,-0.97189551,-0.01461069
1291,0.01870055,-0.02738475,-1.00000000,-0.86218399,0.03308323
1292,0.02647092,0.10461043,1.00000000,-0.88529939,0.14240058
1293,-0.00241205,0.12192562,1.00000000,-0.85214746,0.12907360
1294,-0.00225858,0.15403506,1.00000000,-0.79067025,0.16290512
1295,0.01808184,0.03468212,-1.00000000,-0.98101817,0.17086833
1296,0.05094258,0.03531629,-1.00000000,-0.98223235,0.24275700
1297,-0.02856829,0.11936892,1.00000000,-0.85704257,0.12003845
1298,-0.00137323,0.25515921,1.00000000,-0.59705641,0.12235465
1299,0.03317184,-0.07340318,-1.00000000,-0.77407639,0.20135233
1300,-0.00421033,0.03897481,-1.00000000,-0.98923702,0.15164843
1301,-0.01689249,0.18172523,1.00000000,-0.73765423,0.00039946
1302,-0.00467500,0.02725109,-1.00000000,-0.96679060,0.05367329
1303,0.01881411,-0.02515537,-1.00000000,-0.86645240,0.09868414
1304,0.04040684,0.02533091,-1.00000000,-0.96311419,0.11481571
1305,-0.01524685,0.12239487,1.00000000,-0.85124903,0.09020806
1306,-0.00969737,0.21162238,1.00000000,-0.68041268,0.10625073
1307,-0.04593785,-0.01835507,-1.00000000,-0.87947235,0.01424873
1308,0.00580415,0.00457703,-1.00000000,-0.92337850,-0.01475902
1309,0.02189705,-0.14517935,-1.00000000,-0.63665265,-0.05602949
1310,-0.02173523,0.06863387,1.00000000,-0.95418066,-0.07049636
1311,0.03391271,0.13513450,1.00000000,-0.82685754,0.02673915
1312,-0.00216531,-0.04516699,-1.00000000,-0.82813784,0.12433691
1313,0.03365061,0.18478673,1.00000000,-0.73179264,0.18642497
1314,-0.02304326,0.03570173,-1.00000000,-0.98297032,0.08622348
1315,-0.03159831,0.18370367,1.00000000,-0.73386627,0.06423219
1316,0.00492662,-0.05057215,-1.00000000,-0.81778904,-0.00039683
1317,0.01322427,-0.08592415,-1.00000000,-0.75010356,0.03391664
1318,-0.04115482,0.06500768,1.00000000,-0.96112343,-0.13287382
1319,-0.04099893,0.09929599,1.00000000,-0.89547450,-0.17290881
1320,-0.02041063,-0.12541444,-1.00000000,-0.67449484,-0.14796412
1321,-0.00684522,-0.12477029,-1.00000000,-0.67572814,-0.17421129
1322,-0.00444565,-0.03969335,-1.00000000,-0.83861774,-0.21360915
1323,0.00221909,0.01636295,-1.00000000,-0.94594400,-0.11690020
1324,-0.04780979,0.02627868,-1.00000000,-0.96492881,-0.13208607
1325,-0.00912393,0.05381935,1.00000000,-0.98254478,-0.10692060
1326,-0.00319395,-0.15291475,-1.00000000,-0.62184234,-0.09877953
1327,0.00654116,0.00694662,-1.00000000,-0.92791534,-0.07428272
1328,-0.02889199,0.03145105,-1.00000000,-0.97483191,-0.14364976
1329,-0.01490654,0.07167941,1.00000000,-0.94834964,-0.07028680
1330,-0.01687920,-0.07474081,-1.00000000,-0.77151534,-0.08757838
1331,0.03576061,-0.01694880,-1.00000000,-0.88216481,-0.00072306
1332,0.00269608,-0.02510043,-1.00000000,-0.86655759,-0.00929626
1333,-0.00287583,0.19242280,1.00000000,-0.71717249,0.04871085
1334,0.00746790,0.05579042,1.00000000,-0.97877092,0.09859817
1335,-0.02706979,0.03276563,-1.00000000,-0.97734882,0.07587665
1336,-0.02427877,0.07550897,1.00000000,-0.94101750,-0.05799059
1337,-0.03711984,-0.06721095,-1.00000000,-0.78593214,-0.14676645
1338,-0.04319305,-0.05567765,-1.00000000,-0.80801397,-0.23666002
1339,0.05534258,-0.10874074,-1.00000000,-0.70641856,-0.12991588
1340,-0.02973888,-0.13383702,-1.00000000,-0.65836885,-0.13586704
1341,0.02976232,0.27334131,1.00000000,-0.56224468,-0.01537393
1342,-0.01612336,-0.07824042,-1.00000000,-0.76481494,0.03144102
1343,-0.00137662,0.16763611,1.00000000,-0.76462947,0.12467732
1344,0.08077135,-0.02197708,-1.00000000,-0.87253759,0.18137474
1345,-0.01240263,0.03896081,-1.00000000,-0.98921021,0.22002863
1346,0.00177888,0.37842046,1.00000000,-0.36105854,0.15763515
1347,0.01260081,-0.00660193,-1.00000000,-0.90197509,0.22168020
1348,0.01107708,0.05200027,1.00000000,-0.98602761,0.24944768
1349,0.02468997,0.09671966,1.00000000,-0.90040718,0.12440545
1350,0.01379783,0.09042318,1.00000000,-0.91246252,0.18282350
1351,0.01597580,0.14667567,1.00000000,-0.80476064,0.21447776
1352,0.01829790,0.10166611,1.00000000,-0.89093663,0.22718032
1353,0.00373515,0.11066614,1.00000000,-0.87370504,0.21081032
1354,-0.01573833,0.12026172,1.00000000,-0.85533319,0.12066906
1355,-0.04380438,0.06008415,1.00000000,-0.97055010,-0.00776413
1356,0.01397634,-0.02038604,-1.00000000,-0.87558382,-0.01222224
1357,0.01942029,-0.13636324,-1.00000000,-0.65353211,-0.00971968
1358,-0.00769905,0.10240379,1.00000000,-0.88952427,-0.03521401
1359,-0.01758468,0.12489979,1.00000000,-0.84645308,-0.03933072
1360,0.00491130,0.01283468,-1.00000000,-0.93918871,0.06928855
1361,-0.00538280,-0.02801566,-1.00000000,-0.86097603,0.02612429
1362,-0.01311471,0.06494435,1.00000000,-0.96124467,-0.04641761
1363,0.09690996,0.02240608,-1.00000000,-0.95751427,0.18682460
1364,0.02434858,-0.00954446,-1.00000000,-0.89634128,0.28032138
1365,0.02813083,0.44510996,1.00000000,-0.23337380,0.33209298
1366,0.01192452,0.14526493,1.00000000,-0.80746168,0.37068237
1367,0.01231498,0.16089432,1.00000000,-0.77753740,0.42738186
1368,-0.04659384,0.09392505,1.00000000,-0.90575779,0.10741759
1369,0.00460514,0.09553853,1.00000000,-0.90266860,0.06339649
1370,0.05954264,-0.14789011,-1.00000000,-0.63146259,0.13343404
1371,-0.03801333,0.06367920,1.00000000,-0.96366695,0.02208974
1372,-0.00445988,0.29069716,1.00000000,-0.52901490,-0.01531243
1373,-0.04085549,-0.11243292,-1.00000000,-0.69934947,-0.00251787
1374,-0.07875577,0.02621987,-1.00000000,-0.96481621,-0.18838411
1375,-0.04393588,-0.12417753,-1.00000000,-0.67686305,-0.41910572
1376,0.00992387,-0.28079267,-1.00000000,-0.37700531,-0.31222218
1377,0.01567426,-0.13690662,-1.00000000,-0.65249174,-0.26732996
1378,-0.07586060,0.08565779,1.00000000,-0.92158641,-0.34537937
1379,-0.03533318,0.10942007,1.00000000,-0.87609080,-0.24856188
1380,-0.02392991,-0.26882901,-1.00000000,-0.39991113,-0.20395544
1381,0.03698058,-0.10135772,-1.00000000,-0.72055422,-0.14362825
1382,-0.03825799,-0.05423606,-1.00000000,-0.81077406,-0.26387866
1383,-0.03872296,0.19746410,1.00000000,-0.70752034,-0.18107446
1384,0.01875873,-0.11344389,-1.00000000,-0.69741385,-0.06046805
1385,-0.00415284,-0.11536531,-1.00000000,-0.69373506,-0.01637196
1386,0.00671197,0.12216601,1.00000000,-0.85168721,-0.08386058
1387,0.00130203,0.02748865,-1.00000000,-0.96724544,0.00434468
1388,0.00583131,0.07238526,1.00000000,-0.94699820,0.10368543
1389,-0.03390206,0.05002977,1.00000000,-0.98980037,-0.01373008
1390,0.02203438,0.06874609,1.00000000,-0.95396582,0.04465843
1391,0.03127417,-0.09544393,-1.00000000,-0.73187685,0.09942371
1392,-0.03316552,0.13570197,1.00000000,-0.82577106,0.02257290
1393,-0.02480531,0.17388350,1.00000000,-0.75266812,-0.04573626
1394,0.01660038,-0.09240031,-1.00000000,-0.73770420,0.06686688
1395,0.00369368,-0.05785346,-1.00000000,-0.80384812,0.02597341
1396,-0.02310721,0.11324709,1.00000000,-0.86876351,-0.09527842
1397,-0.01092820,0.05991278,1.00000000,-0.97087820,-0.04569682
1398,-0.00849643,-0.05083641,-1.00000000,-0.81728308,-0.00933361
1399,0.02184621,-0.00050914,-1.00000000,-0.91364044,0.00236278
1400,-0.00619402,0.00953964,-1.00000000,-0.93287999,-0.01968341
1401,0.01303618,0.13492439,1.00000000,-0.82725983,0.06090396
1402,0.00254547,0.01905387,-1.00000000,-0.95109608,0.09094562
1403,-0.00004043,0.09851874,1.00000000,-0.89696264,0.10979960
1404,-0.00092317,0.05516805,1.00000000,-0.97996254,0.05903170
1405,0.00646017,0.04448232,-1.00000000,-0.99978178,0.08724621
1406,0.02329448,0.04083461,-1.00000000,-0.99279782,0.11011871
1407,0.00169981,0.07134473,1.00000000,-0.94899042,0.10823317
1408,-0.02045081,0.14090907,1.00000000,-0.81580146,0.06272502
1409,-0.02840628,0.05167353,1.00000000,-0.98665320,0.00144710
1410,-0.00061951,-0.03985940,-1.00000000,-0.83829984,-0.01433816
1411,-0.01303278,-0.07273373,-1.00000000,-0.77535813,-0.09533548
1412,0.02948041,0.04208940,-1.00000000,-0.99520025,-0.03339428
1413,0.00809690,-0.00920587,-1.00000000,-0.89698954,0.03025734
1414,0.03235104,0.16647115,1.00000000,-0.76685991,0.16572534
1415,-0.02391943,0.07810820,1.00000000,-0.93604097,0.11377452
1416,-0.00022739,0.17833347,1.00000000,-0.74414814,0.14232614
1417,-0.01452549,-0.05419274,-1.00000000,-0.81085701,0.04420808
1418,-0.10991442,0.04370977,-1.00000000,-0.99830263,-0.21891670
1419,0.02722264,-0.01537420,-1.00000000,-0.88517956,-0.23035127
1420,0.05127745,-0.40954942,-1.00000000,-0.13048569,-0.06268800
1421,-0.01705366,0.15714141,1.00000000,-0.78472278,-0.10020483
1422,-0.08730076,0.25654299,1.00000000,-0.59440701,-0.26246874
1423,-0.02531435,-0.02582137,-1.00000000,-0.86517726,-0.07383959
1424,-0.00337056,-0.31610313,-1.00000000,-0.30939938,-0.14205196
1425,0.02685453,-0.05995695,-1.00000000,-0.79982076,-0.19650669
1426,-0.01914770,0.03072124,-1.00000000,-0.97343460,-0.20117568
1427,-0.00543402,0.15562027,1.00000000,-0.78763517,-0.01864091
1428,0.05793179,-0.03447455,-1.00000000,-0.84860974,0.16696945
1429,-0.01860704,0.02219444,-1.00000000,-0.95710906,0.13299732
1430,0.05559441,0.28404069,1.00000000,-0.54175948,0.19707740
1431,0.01171678,-0.03224040,-1.00000000,-0.85288729,0.26589461
1432,0.02671800,0.27438194,1.00000000,-0.56025228,0.33758259
1433,-0.05301296,0.09306660,1.00000000,-0.90740139,0.09021383
1434,-0.01400841,0.15505608,1.00000000,-0.78871539,0.10046721
1435,-0.06739730,-0.17441580,-1.00000000,-0.58067610,-0.17376213
1436,0.01416815,-0.01323747,-1.00000000,-0.88927059,-0.16829642
1437,-0.05943491,-0.23385612,-1.00000000,-0.46687075,-0.36038789
1438,-0.02330554,0.10319638,1.00000000,-0.88800677,-0.29415052
1439,-0.00916361,-0.20095321,-1.00000000,-0.52986716,-0.28334827
1440,-0.25280125,-0.05165595,-1.00000000,-0.81571398,-0.69673552
1441,0.03085850,0.00678268,-1.00000000,-0.92760147,-0.65952175
1442,0.06845570,-1.00000000,-1.00000000,1.00000000,-0.37436952
1443,-0.08294334,0.17216586,1.00000000,-0.75595674,-0.50734138
1444,-0.01238236,0.32752857,1.00000000,-0.45849693,-0.51451810
1445,-0.11623568,-0.29809697,-1.00000000,-0.34387425,-0.21002371
1446,0.02400807,-0.00651816,-1.00000000,-0.90213548,-0.22529783
1447,0.02037013,-0.43567076,-1.00000000,-0.08047337,-0.33251217
1448,-0.03821968,0.14385783,1.00000000,-0.81015573,-0.23279375
1449,-0.24025685,0.12882479,1.00000000,-0.83893821,-0.74087575
1450,-0.00387153,-0.11328560,-1.00000000,-0.69771690,-0.49034221
1451,0.05843052,-0.94816286,-1.00000000,0.90075182,-0.41359193
1452,0.09736936,0.02865110,-1.00000000,-0.96947108,-0.24191003
1453,0.10991800,0.28610159,1.00000000,-0.53781365,0.08838621
1454,0.16860143,0.44700837,1.00000000,-0.22973908,1.00000000
1455,-0.09867868,0.49886304,1.00000000,-0.13045735,0.78861257
1456,-0.04366311,0.74136030,1.00000000,0.33383161,0.56097876
1457,-0.22175050,-0.36312002,-1.00000000,-0.21938012,-0.15054913
1458,0.19622179,-0.13577946,-1.00000000,-0.65464981,0.04187874
1459,0.08625402,-0.87168915,-1.00000000,0.75433409,-0.14172775
1460,0.10354157,0.85549578,1.00000000,0.55235715,0.30915407
1461,-0.10254964,0.40107650,1.00000000,-0.31768094,0.17785731
1462,-0.02104538,0.47251376,1.00000000,-0.18090607,0.62536092
1463,0.08784610,-0.37911598,-1.00000000,-0.18875401,0.38372028
1464,0.09595391,-0.04231633,-1.00000000,-0.83359576,0.40534770
1465,-0.01852486,0.40765542,1.00000000,-0.30508484,0.13318140
1466,-0.06582605,0.44115929,1.00000000,-0.24093783,0.21506242
1467,-0.02116635,-0.03190079,-1.00000000,-0.85353751,0.21479270
1468,0.00579594,-0.22736326,-1.00000000,-0.47930209,0.03184899
1469,-0.11424262,-0.04281619,-1.00000000,-0.83263871,-0.43681720
1470,0.00857666,0.06859995,1.00000000,-0.95424562,-0.37639010
1471,-0.06124684,-0.42743483,-1.00000000,-0.09624201,-0.36618003
1472,0.02530249,0.08009071,1.00000000,-0.93224523,-0.26257046
1473,-0.02264980,-0.20844061,-1.00000000,-0.51553168,-0.32599470
1474,0.00255605,0.14920675,1.00000000,-0.79991460,-0.06557370
1475,-0.04804492,-0.04894624,-1.00000000,-0.82090203,-0.19182043
1476,0.04867148,0.05521178,1.00000000,-0.97987881,0.05325974
1477,0.06427383,-0.15388641,-1.00000000,-0.61998198,0.14015247
1478,-0.03050805,0.24577435,1.00000000,-0.61502481,0.12263125
1479,-0.00305176,0.31024784,1.00000000,-0.49158288,0.11012775
1480,0.04988405,-0.08141888,-1.00000000,-0.75872941,0.32847580
1481,-0.02565410,0.03203865,-1.00000000,-0.97595693,0.16275522
1482,-0.02561608,0.25078505,1.00000000,-0.60543124,-0.03766845
1483,-0.11008375,-0.06136093,-1.00000000,-0.79713268,-0.21509497
1484,-0.02983659,-0.06120380,-1.00000000,-0.79743352,-0.27481595
1485,-0.02288220,-0.41024915,-1.00000000,-0.12914597,-0.43705974
1486,-0.05962040,-0.07864418,-1.00000000,-0.76404191,-0.51279293
1487,0.00739269,-0.04990658,-1.00000000,-0.81906334,-0.43919468
1488,0.01147320,-0.20171968,-1.00000000,-0.52839968,-0.16816438
1489,-0.04023312,0.07519819,1.00000000,-0.94161251,-0.19134508
1490,-0.00580920,0.09206004,1.00000000,-0.90932857,-0.15327815
1491,0.02340078,-0.12160573,-1.00000000,-0.68178706,0.03183061
1492,0.02169069,0.02064409,-1.00000000,-0.95414073,0.06371024
1493,-0.02054775,0.14134834,1.00000000,-0.81496043,-0.00768550
1494,-0.02903152,0.13428173,1.00000000,-0.82849027,0.01729023
1495,0.01479251,-0.04025997,-1.00000000,-0.83753289,0.06322497
1496,0.02002539,-0.07531741,-1.00000000,-0.77041138,0.05569900
1497,-0.03826156,0.10577641,1.00000000,-0.88306699,-0.07797395
1498,0.00719199,0.12740024,1.00000000,-0.84166568,-0.01612383
1499,0.03007667,-0.11345865,-1.00000000,-0.69738558,0.11566718
1500,-0.05907166,0.07436885,1.00000000,-0.94320039,-0.04902459
1501,0.06061061,0.16893510,1.00000000,-0.76214241,0.04146654
1502,-0.02581269,-0.19945213,-1.00000000,-0.53274115,0.06922326
1503,0.00560408,0.29511036,1.00000000,-0.52056533,0.06568276
1504,0.02483229,-0.06201623,-1.00000000,-0.79587802,0.05398959
1505,0.01148976,0.06780711,1.00000000,-0.95576360,0.21131738
1506,-0.01638089,0.14726378,1.00000000,-0.80363464,0.03965271
1507,0.07782183,0.09212851,1.00000000,-0.90919747,0.27072214
1508,-0.00564828,-0.02304129,-1.00000000,-0.87050005,0.24563325
1509,-0.04640353,0.36623217,1.00000000,-0.38439442,0.08680179
1510,0.00444435,0.02130906,-1.00000000,-0.95541389,0.07109294
1511,0.04070056,-0.14710367,-1.00000000,-0.63296831,0.19836500
1512,-0.03732213,0.06301479,1.00000000,-0.96493904,-0.05836655
1513,-0.00500265,0.21283612,1.00000000,-0.67808884,-0.05692702
1514,-0.04816253,-0.10957666,-1.00000000,-0.70481811,-0.06084899
1515,0.02675041,0.02397697,-1.00000000,-0.96052193,-0.01111413
1516,0.10898439,-0.15437239,-1.00000000,-0.61905152,0.14113542
1517,-0.02046264,0.15519001,1.00000000,-0.78845896,0.17872630
1518,-0.02866359,0.49500511,1.00000000,-0.13784380,0.12597051
1519,0.02089681,-0.03990826,-1.00000000,-0.83820627,0.27994916
1520,0.04940624,-0.07379702,-1.00000000,-0.77332234,0.33046389
1521,-0.08535950,0.13100119,1.00000000,-0.83477125,-0.10285637
1522,0.06562473,0.24881058,1.00000000,-0.60921159,0.08908895
1523,0.01321530,-0.30808125,-1.00000000,-0.32475818,0.18246452
1524,0.01652263,0.31583016,1.00000000,-0.48089489,0.17271160
1525,0.02240181,0.09925892,1.00000000,-0.89554547,0.11250097
1526,0.02460498,0.11292578,1.00000000,-0.86937869,0.35768406
1527,-0.04806421,0.13722029,1.00000000,-0.82286406,0.10419670
1528,-0.07161123,0.14632445,1.00000000,-0.80543310,-0.08493739
1529,-0.03006695,-0.15396612,-1.00000000,-0.61982937,-0.18881618
1530,-0.01930019,-0.25126936,-1.00000000,-0.43353110,-0.28179734
1531,0.03295980,-0.07959611,-1.00000000,-0.76221932,-0.26316896
1532,-0.02531746,-0.03510469,-1.00000000,-0.84740326,-0.21245150
1533,0.03508189,0.18084903,1.00000000,-0.73933182,0.02543759
1534,0.03088176,-0.05996981,-1.00000000,-0.79979613,0.16133232
1535,-0.00922938,0.18961814,1.00000000,-0.72254234,0.18378678
1536,0.04077596,0.17226196,1.00000000,-0.75577275,0.20121415
1537,-0.02614824,0.00651087,-1.00000000,-0.92708106,0.19936178
1538,0.02918648,0.21314773,1.00000000,-0.67749222,0.18621704
1539,-0.03606603,-0.06340286,-1.00000000,-0.79322317,0.03694642
1540,0.00134223,0.16525657,1.00000000,-0.76918537,0.06051749
1541,0.00193852,-0.10438608,-1.00000000,-0.71475606,-0.02607670
1542,-0.01575229,0.05019589,1.00000000,-0.98948231,-0.00289730
1543,-0.05858864,0.05265994,1.00000000,-0.98476460,-0.19860573
1544,-0.01037164,-0.02044372,-1.00000000,-0.87547338,-0.14131604
1545,0.03979346,-0.19745617,-1.00000000,-0.53656266,-0.05558297
1546,0.05241101,0.00179074,-1.00000000,-0.91804383,0.05695340
1547,0.03750637,0.20908775,1.00000000,-0.68526553,0.17570195
1548,0.00399400,0.26122720,1.00000000,-0.58543854,0.31523978
1549,0.04586874,0.19963679,1.00000000,-0.70336049,0.44063654
1550,-0.01277975,0.06115379,1.00000000,-0.96850214,0.32341630
1551,0.13053351,0.23419259,1.00000000,-0.63719942,0.49760268
1552,-0.02906779,-0.00816029,-1.00000000,-0.89899142,0.34916513
1553,-0.01320354,0.58405241,1.00000000,0.03264753,0.31082052
1554,0.02740317,-0.07546730,-1.00000000,-0.77012440,0.26964863
1555,0.08875110,-0.00991150,-1.00000000,-0.89563854,0.49602762
1556,0.00542280,0.15788739,1.00000000,-0.78329451,0.21707364
1557,0.04635148,0.41139517,1.00000000,-0.29792466,0.38523277
1558,-0.01424510,0.06705803,1.00000000,-0.95719779,0.38291044
1559,0.05611119,0.23618743,1.00000000,-0.63338007,0.44691948
1560,-0.02079444,-0.01421556,-1.00000000,-0.88739792,0.20267048
1561,0.00508508,0.27651740,1.00000000,-0.55616368,0.20191748
1562,-0.00421561,-0.04127935,-1.00000000,-0.83558118,0.08917021
1563,0.03368814,0.06566247,1.00000000,-0.95986975,0.19604490
1564,0.04960879,0.02722928,-1.00000000,-0.96674884,0.18154679
1565,0.02056429,0.18385875,1.00000000,-0.73356935,0.27376257
1566,0.00415525,0.24964758,1.00000000,-0.60760906,0.27168936
1567,-0.04949837,0.12962713,1.00000000,-0.83740203,0.17072432
1568,-0.05517831,0.06182012,1.00000000,-0.96722639,-0.02741738
1569,-0.03349520,-0.15989246,-1.00000000,-0.60848270,-0.21271079
1570,-0.02577921,-0.18336365,-1.00000000,-0.56354441,-0.31604092
1571,-0.00978795,-0.09376266,-1.00000000,-0.73509584,-0.34712946
1572,-0.00869671,-0.06187791,-1.00000000,-0.79614286,-0.25615575
1573,-0.01020950,0.00420273,-1.00000000,-0.92266185,-0.15589074
1574,-0.00555475,0.00871203,-1.00000000,-0.93129544,-0.09359311
1575,-0.00052475,0.00246072,-1.00000000,-0.91932659,-0.03728432
1576,-0.00229645,0.02169554,-1.00000000,-0.95615386,-0.02058084
1577,-0.00571784,0.04248099,-1.00000000,-0.99594999,-0.01393899
1578,-0.04474714,0.03515982,-1.00000000,-0.98193276,-0.09094608
1579,0.03056710,0.02102159,-1.00000000,-0.95486351,-0.01040675
1580,-0.01088971,-0.14025900,-1.00000000,-0.64607323,-0.03351706
1581,-0.01153874,0.17096167,1.00000000,-0.75826230,-0.05412422
1582,-0.05316495,-0.00035010,-1.00000000,-0.91394494,-0.15991499
1583,0.00051587,-0.00303209,-1.00000000,-0.90880996,-0.05899400
1584,0.01315417,-0.17504385,-1.00000000,-0.57947362,-0.09781884
1585,0.00106364,0.04678114,1.00000000,-0.99602024,-0.07116696
1586,0.01292639,0.09900633,1.00000000,-0.89602909,-0.01661809
1587,0.01903544,0.04904470,1.00000000,-0.99168639,0.14436401
1588,0.02232854,0.09806508,1.00000000,-0.89783123,0.19299878
1589,-0.00005395,0.12330945,1.00000000,-0.84949797,0.16354920
1590,0.01828948,0.13691753,1.00000000,-0.82344372,0.20195691
1591,0.01954449,0.04442646,-1.00000000,-0.99967482,0.21671299
1592,0.00968365,0.12022694,1.00000000,-0.85539978,0.19586171
1593,-0.01012315,0.12541300,1.00000000,-0.84547048,0.12350555
1594,0.00975508,0.08466511,1.00000000,-0.92348702,0.14537634
1595,-0.03177708,0.00281755,-1.00000000,-0.92000976,0.03374509
1596,0.00632216,0.08496030,1.00000000,-0.92292184,0.00426384
1597,-0.01102067,-0.08666285,-1.00000000,-0.74868923,-0.04189969
1598,-0.02580509,0.07077446,1.00000000,-0.95008227,-0.07686502
1599,0.06355655,-0.00089125,-1.00000000,-0.91290884,0.04309380
1600,0.02162566,-0.06198483,-1.00000000,-0.79593815,0.16216360
1601,0.05553562,0.30728384,1.00000000,-0.49725779,0.27189275
1602,0.06384943,0.13401304,1.00000000,-0.82900472,0.43882740
1603,0.01745920,0.27413901,1.00000000,-0.56071740,0.53529192
1604,-0.05296554,0.30849410,1.00000000,-0.49494061,0.27548761
1605,-0.02192083,0.11679598,1.00000000,-0.86196877,0.17839385
1606,0.03898038,-0.17421984,-1.00000000,-0.58105128,0.14148133
1607,0.00810959,-0.04593393,-1.00000000,-0.82666943,0.01720060
1608,0.05883111,0.20572784,1.00000000,-0.69169847,0.10944577
1609,0.01181407,0.07816063,1.00000000,-0.93594058,0.25388210
1610,0.00389516,0.28775691,1.00000000,-0.53464435,0.31144291
1611,-0.00481603,0.09346865,1.00000000,-0.90663161,0.21379192
1612,-0.01695968,0.06074536,1.00000000,-0.96928413,0.15789605
1613,0.01705049,0.02474813,-1.00000000,-0.96199839,0.06473960
1614,-0.05161823,-0.02543299,-1.00000000,-0.86592086,-0.07669269
1615,-0.00851996,0.11510706,1.00000000,-0.86520238,-0.10437415
1616,-0.03200900,-0.16865237,-1.00000000,-0.59171086,-0.16500514
1617,-0.01349566,0.00944244,-1.00000000,-0.93269388,-0.15728157
1618,0.04839712,-0.08762124,-1.00000000,-0.74685429,-0.08738933
1619,0.03101149,-0.01111865,-1.00000000,-0.89332731,0.09684663
1620,-0.00880786,0.24464060,1.00000000,-0.61719549,0.09620471
1621,-0.01049717,0.17279805,1.00000000,-0.75474635,0.14416871
1622,-0.00826480,0.00825275,-1.00000000,-0.93041608,0.15583173
1623,0.02677950,0.00127199,-1.00000000,-0.91705061,0.10763184
1624,0.00869993,0.01049681,-1.00000000,-0.93471259,0.05788471
1625,-0.03010259,0.15531020,1.00000000,-0.78822885,0.01040475
1626,-0.00871392,0.08060010,1.00000000,-0.93126994,0.01438079
1627,0.02297260,-0.07974339,-1.00000000,-0.76193733,0.08402949
1628,-0.00444879,0.00864091,-1.00000000,-0.93115927,0.01440113
1629,-0.00909703,0.13957898,1.00000000,-0.81834808,-0.02528000
1630,0.01049512,0.02626571,-1.00000000,-0.96490398,0.06523898
1631,-0.02372919,0.00705779,-1.00000000,-0.92812819,0.03176006
1632,0.01950076,0.08801834,1.00000000,-0.91706686,0.02401905
1633,-0.00746961,-0.05340663,-1.00000000,-0.81236209,0.01728364
1634,0.00955127,0.12523231,1.00000000,-0.84581642,0.05886296
1635,-0.01391632,0.01378276,-1.00000000,-0.94100392,0.00443381
1636,0.00868371,0.08411808,1.00000000,-0.92453437,0.07670348
1637,0.03238814,-0.01285695,-1.00000000,-0.88999914,0.10543792
1638,-0.00687491,0.08053307,1.00000000,-0.93139829,0.10676391
1639,0.01013876,0.17848678,1.00000000,-0.74385462,0.10807381
1640,-0.02598730,0.01624026,-1.00000000,-0.94570910,0.08115966
1641,0.02452130,0.08654576,1.00000000,-0.91988630,0.11647206
1642,0.00951514,-0.06273781,-1.00000000,-0.79449648,0.06547311
1643,0.01082253,0.14597867,1.00000000,-0.80609512,0.10493233
1644,0.00414185,0.08396877,1.00000000,-0.92482023,0.09156128
1645,0.00001285,0.08937130,1.00000000,-0.91447646,0.14953271
1646,-0.01068122,0.06176475,1.00000000,-0.96733238,0.07104315
1647,0.00874619,0.04470252,1.00000000,-1.00000000,0.06932866
1648,-0.01485606,0.00051145,-1.00000000,-0.91559447,0.01207420
1649,-0.00846047,0.08079126,1.00000000,-0.93090394,-0.01602465
1650,0.02394173,-0.01674024,-1.00000000,-0.88256414,0.03732854
1651,0.00621197,0.00968825,-1.00000000,-0.93316451,0.07499458
1652,-0.05581997,0.14358371,1.00000000,-0.81068056,-0.06896582
1653,-0.01864868,0.07031912,1.00000000,-0.95095406,-0.07742205
1654,0.01008363,-0.18601517,-1.00000000,-0.55846776,-0.03607507
1655,0.01278621,-0.03241244,-1.00000000,-0.85255789,-0.06094806
1656,-0.02084155,0.08631793,1.00000000,-0.92032249,-0.12126815
1657,0.02076496,0.09748581,1.00000000,-0.89894031,0.04948998
1658,0.06092694,-0.04147405,-1.00000000,-0.83520840,0.22691632
1659,0.02766346,0.13045636,1.00000000,-0.83581439,0.26611332
1660,0.02887691,0.29641750,1.00000000,-0.51806265,0.30199007
1661,-0.02285436,0.15896299,1.00000000,-0.78123516,0.29750220
1662,0.02129703,0.16397734,1.00000000,-0.77163461,0.29868853
1663,-0.00639586,-0.04979156,-1.00000000,-0.81928356,0.14858177
1664,0.00507549,0.13265503,1.00000000,-0.83160477,0.09821835
1665,-0.01286203,0.01821981,-1.00000000,-0.94949917,0.00515481
1666,-0.00289506,0.06562285,1.00000000,-0.95994561,0.04965721
1667,-0.01427979,-0.00850032,-1.00000000,-0.89834041,-0.02966690
1668,0.01561192,0.03268616,-1.00000000,-0.97719667,0.01940291
1669,-0.01242679,-0.01435889,-1.00000000,-0.88712349,-0.01962119
1670,0.00154595,0.10916248,1.00000000,-0.87658397,0.01250367
1671,0.00057692,-0.00670178,-1.00000000,-0.90178392,0.02024500
1672,0.00157367,0.05103773,1.00000000,-0.98787050,0.05559277
1673,-0.01686758,0.04703341,1.00000000,-0.99553723,-0.01682537
1674,-0.03507528,0.05115227,1.00000000,-0.98765121,-0.06732372
1675,-0.01053770,-0.02505239,-1.00000000,-0.86664955,-0.09426612
1676,-0.02040489,-0.10029199,-1.00000000,-0.72259467,-0.14104836
1677,0.00737395,0.00110451,-1.00000000,-0.91672995,-0.12811571
1678,-0.02456598,-0.03966960,-1.00000000,-0.83866322,-0.14528052
1679,-0.00829546,0.07512076,1.00000000,-0.94176078,-0.08557070
1680,-0.00404348,-0.05686449,-1.00000000,-0.80574163,-0.07109080
1681,-0.00026445,0.01037013,-1.00000000,-0.93447006,-0.02618453
1682,-0.00491083,0.02794057,-1.00000000,-0.96811069,-0.05357538
1683,0.03686362,0.04355664,-1.00000000,-0.99800945,0.08339158
1684,-0.00086318,0.02435642,-1.00000000,-0.96124841,0.09996302
1685,0.00343566,0.19698078,1.00000000,-0.70844573,0.11663892
1686,-0.00982404,0.04108251,-1.00000000,-0.99327245,0.09532431
1687,0.02741941,0.05884657,1.00000000,-0.97291959,0.16740966
1688,-0.03090193,0.00405359,-1.00000000,-0.92237630,0.01631572
1689,0.04109437,0.15795451,1.00000000,-0.78316601,0.10986665
1690,0.02944717,-0.08304649,-1.00000000,-0.75561316,0.16786340
1691,-0.00483913,0.21446347,1.00000000,-0.67497309,0.17897804
1692,0.02451712,0.16633380,1.00000000,-0.76712289,0.17250694
1693,-0.03371125,0.02465271,-1.00000000,-0.96181570,0.16624312
1694,-0.03494362,0.14596140,1.00000000,-0.80612819,-0.00329553
1695,0.00556079,-0.09465543,-1.00000000,-0.73338652,-0.05655397
1696,-0.03842498,-0.09974796,-1.00000000,-0.72363628,-0.13143892
1697,-0.01091086,0.06762822,1.00000000,-0.95610609,-0.21043117
1698,0.02674255,-0.11413397,-1.00000000,-0.69609261,-0.07563992
1699,-0.00317161,-0.00043748,-1.00000000,-0.91377765,-0.00479922
1700,0.03824119,0.15515753,1.00000000,-0.78852115,0.06806688
1701,0.05234961,0.03154339,-1.00000000,-0.97500870,0.27046310
1702,-0.02102050,0.20267330,1.00000000,-0.69754673,0.24792206
1703,0.07931268,0.26097345,1.00000000,-0.58592437,0.36513542
1704,-0.12242565,-0.04221351,-1.00000000,-0.83379262,0.09923980
1705,0.00306964,0.37239283,1.00000000,-0.37259913,0.02081930
1706,0.02323703,-0.46124952,-1.00000000,-0.03149988,-0.04409178
1707,0.07936033,0.05733407,1.00000000,-0.97581543,0.17972306
1708,-0.06870064,0.14067166,1.00000000,-0.81625602,-0.15029590
1709,-0.00295531,0.37258972,1.00000000,-0.37222217,0.11608200
1710,-0.04076247,-0.23924192,-1.00000000,-0.45655902,0.01835141
1711,-0.04752682,0.03243721,-1.00000000,-0.97672003,-0.13942771
1712,-0.00648842,-0.12379316,-1.00000000,-0.67759896,-0.33084098
1713,0.02521260,-0.15174545,-1.00000000,-0.62408108,-0.12144665
1714,-0.03581924,0.01783734,-1.00000000,-0.94876688,-0.19472195
1715,0.04515026,0.14883533,1.00000000,-0.80062573,-0.00316602
1716,0.04942403,-0.10336625,-1.00000000,-0.71670864,0.21300115
1717,-0.00842953,0.23122360,1.00000000,-0.64288389,0.20867315
1718,0.03372197,0.24888411,1.00000000,-0.60907081,0.22764613
1719,0.00022428,0.00981611,-1.00000000,-0.93340933,0.30801081
1720,-0.04742514,0.18399856,1.00000000,-0.73330167,0.10159943
1721,0.01233650,0.04557620,1.00000000,-0.99832723,0.01890693
1722,-0.08998469,-0.15132526,-1.00000000,-0.62488559,-0.16293312
1723,0.03700523,0.09562745,1.00000000,-0.90249834,-0.15561258
1724,0.03053967,-0.32719390,-1.00000000,-0.28816482,-0.08801966
1725,0.00020213,0.19756595,1.00000000,-0.70732535,0.01817282
1726,0.02880435,0.17084833,1.00000000,-0.75847930,0.05489050
1727,0.03001266,0.04548468,1.00000000,-0.99850246,0.32244344
1728,0.00548941,0.16367750,1.00000000,-0.77220868,0.25217397
1729,-0.01971440,0.16867058,1.00000000,-0.76264885,0.14012462
1730,0.07110542,0.06733327,1.00000000,-0.95667082,0.29821463
1731,0.00302216,-0.03681633,-1.00000000,-0.84412613,0.24072919
1732,0.00589132,0.33847799,1.00000000,-0.43753300,0.18694688
1733,-0.04592294,0.05713788,1.00000000,-0.97619106,0.07231497
1734,0.01389226,0.06899410,1.00000000,-0.95349096,0.14724632
1735,-0.02934887,-0.14511774,-1.00000000,-0.63677061,-0.07673230
1736,-0.02539976,0.10205634,1.00000000,-0.89018949,-0.14010345
1737,-0.00822854,-0.07662878,-1.00000000,-0.76790061,-0.17158592
1738,-0.02015422,-0.06030992,-1.00000000,-0.79914496,-0.11413051
1739,0.01403638,0.01064664,-1.00000000,-0.93499946,-0.11380918
1740,-0.01699233,-0.03863378,-1.00000000,-0.84064642,-0.08625832
1741,0.00595875,0.10265188,1.00000000,-0.88904927,-0.01633960
1742,-0.00894788,-0.02556790,-1.00000000,-0.86566255,-0.01794346
1743,0.00048523,0.06927270,1.00000000,-0.95295754,0.02807542
1744,-0.00775668,0.00767414,-1.00000000,-0.92930828,-0.02051562
1745,-0.03001763,0.04665450,1.00000000,-0.99626270,-0.04955759
1746,0.00131266,0.01259653,-1.00000000,-0.93873275,-0.05991676
1747,-0.00125020,-0.07939231,-1.00000000,-0.76260952,-0.04275359
1748,0.02309910,0.05007372,1.00000000,-0.98971622,0.00766759
1749,-0.02082799,0.03948320,-1.00000000,-0.99021038,-0.02147695
1750,0.00156982,0.14010169,1.00000000,-0.81734729,0.04895224
1751,0.00392955,-0.04141799,-1.00000000,-0.83531573,0.05478701
1752,0.02980611,0.05113639,1.00000000,-0.98768162,0.12403194
1753,0.01753870,0.06088749,1.00000000,-0.96901201,0.11163415
1754,-0.01981296,0.16781704,1.00000000,-0.76428305,0.11389732
1755,-0.00341835,0.11712448,1.00000000,-0.86133980,0.10277541
1756,-0.03335645,-0.03722358,-1.00000000,-0.84334641,0.01964042
1757,0.00292134,0.03052379,-1.00000000,-0.97305656,-0.04030339
1758,-0.03660339,-0.09318928,-1.00000000,-0.73619363,-0.16102168
1759,-0.00151292,0.05672125,1.00000000,-0.97698875,-0.12021888
1760,0.02214959,-0.10660661,-1.00000000,-0.71050461,-0.06321115
1761,-0.00734976,0.03839757,-1.00000000,-0.98813182,-0.00522516
1762,-0.00162515,0.13617805,1.00000000,-0.82485955,-0.01536228
1763,0.01950058,0.01427801,-1.00000000,-0.94195215,0.10973033
1764,-0.00921157,0.03793380,-1.00000000,-0.98724389,0.09256498
1765,-0.00629556,0.12523155,1.00000000,-0.84581789,0.02914204
1766,-0.00653774,0.00658448,-1.00000000,-0.92722199,0.03095258
1767,0.02872856,0.01863428,-1.00000000,-0.95029271,0.09863094
1768,-0.02009659,0.01763354,-1.00000000,-0.94837669,0.01034283
1769,-0.01019415,0.16336428,1.00000000,-0.77280838,0.00815202
1770,0.02148149,-0.03839563,-1.00000000,-0.84110239,0.07008533
1771,0.02947278,0.00252417,-1.00000000,-0.91944806,0.15037643
1772,-0.01242045,0.13341727,1.00000000,-0.83014539,0.05862825
1773,-0.00920532,0.16643963,1.00000000,-0.76692027,0.08291205
1774,-0.09301801,-0.00667557,-1.00000000,-0.90183410,-0.10175675
1775,0.01277396,0.00661032,-1.00000000,-0.92727146,-0.12117157
1776,0.01375828,-0.33972847,-1.00000000,-0.26416595,-0.15620951
1777,0.00114126,0.09743516,1.00000000,-0.89903727,-0.12597155
1778,-0.02172985,0.10150268,1.00000000,-0.89124955,-0.15389696
1779,0.01706813,0.04936543,1.00000000,-0.99107232,0.09155739
1780,0.05337228,-0.04514474,-1.00000000,-0.82818043,0.18207772
1781,-0.03181965,0.11517997,1.00000000,-0.86506279,0.08045457
1782,0.03530237,0.26519941,1.00000000,-0.57783329,0.15662214
1783,-0.01307870,-0.08683877,-1.00000000,-0.74835240,0.17591123
1784,0.00126394,0.19052922,1.00000000,-0.72079797,0.14067330
1785,0.02927035,-0.00939564,-1.00000000,-0.89662620,0.08693428
1786,0.03906147,0.04987239,1.00000000,-0.99010169,0.24497487
1787,0.01041911,0.16560316,1.00000000,-0.76852179,0.18949374
1788,-0.08606640,0.20606292,1.00000000,-0.69105692,0.02675619
1789,-0.12009093,0.08770427,1.00000000,-0.91766819,-0.24382356
1790,-0.05544544,-0.31100237,-1.00000000,-0.31916536,-0.43271074
1791,0.07749028,-0.45160177,-1.00000000,-0.04997162,-0.34702765
1792,-0.02423619,-0.18446753,-1.00000000,-0.56143090,-0.42429709
1793,-0.00254720,0.36486215,1.00000000,-0.38701749,-0.23807792
1794,-0.00008146,-0.05550169,-1.00000000,-0.80835087,0.02950204
1795,0.00565875,0.03412361,-1.00000000,-0.97994882,0.16574344
1796,-0.02106938,0.04431278,-1.00000000,-0.99945717,-0.05401082
1797,0.03496561,0.06803304,1.00000000,-0.95533103,0.07798891
1798,-0.06636073,-0.04241548,-1.00000000,-0.83340592,-0.06429337
1799,-0.07874319,0.18913765,1.00000000,-0.72346229,-0.23968206
1800,-0.00987581,-0.22957272,-1.00000000,-0.47507181,-0.27431881
1801,0.04424137,-0.28074072,-1.00000000,-0.37710479,-0.12869824
1802,0.00754036,0.00383963,-1.00000000,-0.92196666,-0.18984716
1803,-0.04776605,0.22746780,1.00000000,-0.65007480,-0.14838741
1804,-0.06284689,0.07580840,1.00000000,-0.94044421,-0.11294410
1805,0.03273576,-0.15273403,-1.00000000,-0.62218833,-0.01793490
1806,-0.02807045,-0.21505248,-1.00000000,-0.50287248,-0.17916547
1807,0.03355588,0.17992323,1.00000000,-0.74110436,-0.12115977
1808,-0.05015211,-0.07134599,-1.00000000,-0.77801512,-0.12647984
1809,-0.01367299,0.18331223,1.00000000,-0.73461573,-0.01683890
1810,0.04774682,-0.16259391,-1.00000000,-0.60331047,0.01663061
1811,0.00135025,-0.01185140,-1.00000000,-0.89192437,0.08222868
1812,-0.04404042,0.24195335,1.00000000,-0.62234054,-0.09078448
1813,-0.02971069,0.05022903,1.00000000,-0.98941886,-0.04520712
1814,0.01441966,-0.13733862,-1.00000000,-0.65166462,0.01742985
1815,0.02381734,-0.07812392,-1.00000000,-0.76503800,-0.03592468
1816,0.01415904,0.10423571,1.00000000,-0.88601685,-0.00736547
1817,-0.01822074,0.14306968,1.00000000,-0.81166473,0.05020358
1818,0.00618169,0.10315875,1.00000000,-0.88807881,0.13023128
1819,-0.02203096,-0.03064406,-1.00000000,-0.85594367,0.04895889
1820,0.03023196,0.07019398,1.00000000,-0.95119366,0.06326129
1821,0.05885952,-0.04638903,-1.00000000,-0.82579810,0.16292804
1822,0.03256157,0.16957678,1.00000000,-0.76091383,0.27615518
1823,-0.00560909,0.28787434,1.00000000,-0.53441952,0.24986578
1824,0.03288470,0.17920344,1.00000000,-0.74248247,0.37230889
1825,-0.05667661,0.02147099,-1.00000000,-0.95572393,0.17853258
1826,-0.02822858,0.18053872,1.00000000,-0.73992594,-0.01564405
1827,-0.00629022,-0.18955509,-1.00000000,-0.55169018,-0.10227023
1828,0.01450443,-0.07199944,-1.00000000,-0.77676403,-0.05742398
1829,-0.03792665,0.01865635,-1.00000000,-0.95033498,-0.21530902
1830,-0.00159684,0.10458598,1.00000000,-0.88534621,-0.09250002
1831,-0.01088519,-0.11207469,-1.00000000,-0.70003534,-0.05383020
1832,0.03379241,0.03805078,-1.00000000,-0.98746785,0.03554032
1833,0.02154973,-0.00033142,-1.00000000,-0.91398070,0.05124893
1834,-0.01699013,0.18428962,1.00000000,-0.73274441,0.09793019
1835,-0.01760542,0.13369925,1.00000000,-0.82960549,0.06223655
1836,0.02373834,-0.02555882,-1.00000000,-0.86567993,0.13943516
1837,0.02919178,-0.02810139,-1.00000000,-0.86081189,0.12917734
1838,-0.00718847,0.14274325,1.00000000,-0.81228973,0.06510101
1839,0.00862286,0.16527848,1.00000000,-0.76914342,0.12220920
1840,-0.01893492,0.01494452,-1.00000000,-0.94322825,0.11924486
1841,0.00482712,0.08028163,1.00000000,-0.93187970,0.07707932
1842,0.04193639,-0.03359529,-1.00000000,-0.85029319,0.10549542
1843,-0.01068161,0.06459650,1.00000000,-0.96191068,0.09770692
1844,-0.01481824,0.21794294,1.00000000,-0.66831124,0.04544131
1845,0.01114146,0.00050985,-1.00000000,-0.91559141,0.11250133
1846,0.01527472,-0.01658392,-1.00000000,-0.88286342,0.13579590
1847,-0.02145433,0.09068920,1.00000000,-0.91195320,-0.00554367
1848,0.01356528,0.10776908,1.00000000,-0.87925180,0.04851858
1849,0.04120028,-0.04400623,-1.00000000,-0.83036025,0.17342067
1850,0.03500057,0.10070516,1.00000000,-0.89277649,0.22661831
1851,-0.02454458,0.21490113,1.00000000,-0.67413514,0.13783492
1852,-0.09517907,0.18928210,1.00000000,-0.72318574,-0.02654596
1853,0.00521134,-0.05677603,-1.00000000,-0.80591099,-0.04517238
1854,0.00180039,-0.34865860,-1.00000000,-0.24706818,-0.13302063
1855,-0.01103468,0.06618421,1.00000000,-0.95887082,-0.23566345
1856,0.01029286,0.05208914,1.00000000,-0.98585745,-0.15798790
1857,0.00213143,-0.00094914,-1.00000000,-0.91279801,0.05898114
1858,-0.01540919,0.08718256,1.00000000,-0.91866706,0.01300443
1859,0.03514507,0.05345711,1.00000000,-0.98323833,0.08735164
1860,0.02055735,-0.01902590,-1.00000000,-0.87818797,0.15779103
1861,0.00654579,0.18987922,1.00000000,-0.72204247,0.14943634
1862,-0.00120499,0.12959844,1.00000000,-0.83745696,0.14199728
1863,-0.03688370,0.07169854,1.00000000,-0.94831300,0.09411646
1864,0.00214118,0.03967005,-1.00000000,-0.99056813,0.02052911
1865,-0.02602373,-0.10776495,-1.00000000,-0.70828683,-0.08333073
1866,-0.00286334,0.05349741,1.00000000,-0.98316117,-0.10430986
1867,-0.01097680,-0.06288834,-1.00000000,-0.79420827,-0.12609767
1868,0.01462578,0.03281724,-1.00000000,-0.97744764,-0.01124918
1869,0.00905277,-0.00070998,-1.00000000,-0.91325590,0.00416130
1870,0.01727627,0.10508745,1.00000000,-0.88438609,0.10070546
1871,0.00953699,0.08205814,1.00000000,-0.92847835,0.12835395
1872,0.04562367,0.11604005,1.00000000,-0.86341607,0.25455360
1873,0.01255803,0.08405908,1.00000000,-0.92464733,0.24994322
1874,0.00192129,0.23317989,1.00000000,-0.63913835,0.23404246
1875,-0.02481437,0.09654289,1.00000000,-0.90074564,0.14019477
1876,-0.00345581,0.05258876,1.00000000,-0.98490088,0.11122528
1877,-0.02512406,-0.05789089,-1.00000000,-0.80377647,-0.04651791
1878,0.01973614,0.03036898,-1.00000000,-0.97276016,-0.03051318
1879,0.02192910,-0.05917063,-1.00000000,-0.80132625,0.01409736
1880,0.01569093,0.12620496,1.00000000,-0.84395418,0.10441028
1881,0.02992170,0.13526691,1.00000000,-0.82660403,0.17883068
1882,-0.01572307,0.10948895,1.00000000,-0.87595890,0.19979168
1883,0.00335816,0.16829470,1.00000000,-0.76336853,0.16327440
1884,0.02111119,-0.02032294,-1.00000000,-0.87570464,0.16145075
1885,-0.02024222,0.05852632,1.00000000,-0.97353274,0.08133215
1886,-0.01431790,0.13188708,1.00000000,-0.83307510,-0.01730698
1887,-0.00133474,-0.03899744,-1.00000000,-0.83995016,0.01477404
1888,0.01816001,-0.01451637,-1.00000000,-0.88682198,0.04777709
1889,0.01290843,0.03913385,-1.00000000,-0.98954151,0.02948775
1890,-0.00559418,0.11969192,1.00000000,-0.85642414,0.06214785
1891,0.02812480,0.09799087,1.00000000,-0.89797331,0.15678052
1892,-0.05914855,0.02153259,-1.00000000,-0.95584186,0.02787555
1893,0.03551830,0.16086940,1.00000000,-0.77758512,0.06657859
1894,-0.05049831,-0.19976988,-1.00000000,-0.53213280,-0.07479671
1895,0.03105010,0.19142152,1.00000000,-0.71908957,0.00690747
1896,-0.04062065,-0.16402454,-1.00000000,-0.60057136,-0.14637133
1897,0.01698838,0.17295757,1.00000000,-0.75444092,0.02338793
1898,0.00427170,-0.12320712,-1.00000000,-0.67872101,-0.04628128
1899,-0.02520122,0.11485042,1.00000000,-0.86569376,0.01012257
1900,0.00427391,0.06230133,1.00000000,-0.96630505,-0.04957913
1901,0.02036314,-0.05948947,-1.00000000,-0.80071580,0.08639382
1902,-0.00324653,0.06231049,1.00000000,-0.96628751,0.04127690
1903,-0.07057519,0.12879592,1.00000000,-0.83899349,-0.12560600
1904,-0.07091696,0.03123378,-1.00000000,-0.97441593,-0.22753642
1905,-0.03361295,-0.24698812,-1.00000000,-0.44172803,-0.31201113
1906,-0.00081089,-0.24840040,-1.00000000,-0.43902406,-0.35922196
1907,-0.03583025,-0.09424921,-1.00000000,-0.73416427,-0.43187248
1908,0.01548965,0.04129857,-1.00000000,-0.99368611,-0.23997740
1909,-0.02896013,-0.10341175,-1.00000000,-0.71662153,-0.14642807
1910,0.01036373,0.10865721,1.00000000,-0.87755137,-0.04837514
1911,-0.01853730,-0.07502241,-1.00000000,-0.77097619,-0.08789896
1912,-0.00367231,0.08747542,1.00000000,-0.91810635,-0.01619779
1913,0.01309827,-0.03195220,-1.00000000,-0.85343908,-0.02152973
1914,-0.01470807,0.02947435,-1.00000000,-0.97104728,0.01024749
1915,-0.00173641,0.09877534,1.00000000,-0.89647134,-0.01673168
1916,-0.00076961,-0.01612866,-1.00000000,-0.88373506,0.02288418
1917,0.00489539,0.03747404,-1.00000000,-0.98636362,0.04198721
1918,-0.01039695,0.04146916,-1.00000000,-0.99401273,-0.01039908
1919,-0.01021229,0.06487860,1.00000000,-0.96137056,-0.00037505
1920,-0.01596711,0.00168615,-1.00000000,-0.91784357,-0.03210463
1921,-0.00309369,0.00244920,-1.00000000,-0.91930453,-0.03728655
1922,0.01156586,-0.02133142,-1.00000000,-0.87377379,-0.02241368
1923,0.00538291,0.03186535,-1.00000000,-0.97562514,0.01277001
1924,0.00612568,0.09244297,1.00000000,-0.90859540,0.04919808
1925,-0.00256400,0.06689320,1.00000000,-0.95751338,0.07908244
1926,-0.00310147,0.06996252,1.00000000,-0.95163681,0.07906510
1927,0.00872178,0.03405422,-1.00000000,-0.97981597,0.07272377
1928,0.02618130,0.03183322,-1.00000000,-0.97556362,0.11909705
1929,-0.02374030,0.08069038,1.00000000,-0.93109710,0.05250616
1930,0.02792967,0.15283829,1.00000000,-0.79296160,0.12049657
1931,0.01377099,-0.05345251,-1.00000000,-0.81227425,0.15811636
1932,-0.03690828,0.16006303,1.00000000,-0.77912900,0.05637697
1933,0.00786545,0.10155520,1.00000000,-0.89114899,0.01553890
1934,0.00877161,-0.10786651,-1.00000000,-0.70809238,0.08802931
1935,0.00323721,0.07715177,1.00000000,-0.93787216,0.03297361
1936,-0.06238625,0.08089630,1.00000000,-0.93070284,-0.13683092
1937,0.06197883,0.05802654,1.00000000,-0.97448963,0.08365343
1938,0.01480946,-0.21314899,-1.00000000,-0.50651694,0.09913618
1939,0.00537056,0.30076422,1.00000000,-0.50974036,0.09155300
1940,0.01902638,0.10584646,1.00000000,-0.88293288,0.12675742
1941,0.02180794,0.06684214,1.00000000,-0.95761115,0.31448161
1942,0.00269953,0.12327203,1.00000000,-0.84956962,0.18230910
1943,-0.01469223,0.13476628,1.00000000,-0.82756256,0.11653046
1944,0.00745878,0.05580466,1.00000000,-0.97874366,0.12118647
1945,0.02375913,-0.01606322,-1.00000000,-0.88386037,0.13173887
1946,0.01728942,0.07547127,1.00000000,-0.94108967,0.12166412
1947,0.00046755,0.14282914,1.00000000,-0.81212528,0.11668757
1948,0.02163852,0.11609440,1.00000000,-0.86331201,0.19769268
1949,0.01999671,0.04658147,1.00000000,-0.99640253,0.22564797
1950,-0.00407287,0.13406615,1.00000000,-0.82890302,0.16359217
1951,0.02104549,0.12728173,1.00000000,-0.84189259,0.17196692
1952,-0.00391946,0.02781911,-1.00000000,-0.96787814,0.16218538
1953,-0.01023928,0.13161560,1.00000000,-0.83359490,0.09110882
1954,-0.02671267,0.02845303,-1.00000000,-0.96909185,-0.01303710
1955,0.01665165,0.00233768,-1.00000000,-0.91909099,0.03317147
1956,-0.04793312,-0.06573524,-1.00000000,-0.78875755,-0.12062719
1957,0.06726877,0.11345893,1.00000000,-0.86835792,0.03809817
1958,-0.01097652,-0.15342440,-1.00000000,-0.62086656,0.03645437
1959,-0.00658513,0.32262383,1.00000000,-0.46788763,0.08133190
1960,0.02091076,-0.00070882,-1.00000000,-0.91325812,0.09082827
1961,0.00625009,0.01743772,-1.00000000,-0.94800177,0.21163825
1962,0.00369074,0.13105886,1.00000000,-0.83466083,0.06988104
1963,-0.02262355,0.07047663,1.00000000,-0.95065248,0.04391216
1964,0.00174527,0.05990063,1.00000000,-0.97090146,0.06248608
1965,0.00542107,-0.04883779,-1.00000000,-0.82110966,0.02794937
1966,-0.01768689,0.05186137,1.00000000,-0.98629355,-0.02542190
1967,-0.01503141,0.06705087,1.00000000,-0.95721151,-0.06716587
1968,-0.02384588,-0.02843806,-1.00000000,-0.86016730,-0.06989124
1969,0.00658858,-0.01746481,-1.00000000,-0.88117685,-0.05909233
1970,0.04496646,-0.05388881,-1.00000000,-0.81143891,0.02908033
1971,0.00137307,0.07187535,1.00000000,-0.94797449,0.07157751
1972,0.00597060,0.23046409,1.00000000,-0.64433807,0.11840480
1973,-0.06575864,0.05032334,1.00000000,-0.98923830,0.02495371
1974,-0.04088355,0.06932171,1.00000000,-0.95286372,-0.08089284
1975,-0.02280114,-0.22708472,-1.00000000,-0.47983538,-0.23199135
1976,0.00994960,-0.12429348,-1.00000000,-0.67664105,-0.21286863
1977,-0.03720691,-0.04957164,-1.00000000,-0.81970463,-0.30913969
1978,0.01763899,0.08576409,1.00000000,-0.92138289,-0.12319156
1979,-0.05617818,-0.10910053,-1.00000000,-0.70572971,-0.15729335
1980,-0.02681388,0.11753892,1.00000000,-0.86054631,-0.16624039
1981,-0.02354865,-0.18749543,-1.00000000,-0.55563364,-0.24092999
1982,0.05613325,-0.06615347,-1.00000000,-0.78795681,-0.03281344
1983,0.02467024,-0.05266056,-1.00000000,-0.81379054,-0.01713616
1984,-0.00577451,0.27660856,1.00000000,-0.55598915,0.09524675
1985,0.03597581,0.14659413,1.00000000,-0.80491676,0.23524623
1986,0.01304533,0.02078743,-1.00000000,-0.95441518,0.31683824
1987,0.00462361,0.19331208,1.00000000,-0.71546988,0.20198942
1988,-0.03485926,0.09855655,1.00000000,-0.89689025,0.06925904
1989,0.09065982,0.06375554,1.00000000,-0.96352079,0.28427453
1990,0.03981506,-0.09939935,-1.00000000,-0.72430373,0.29283474
1991,-0.00924881,0.41928255,1.00000000,-0.28282336,0.24312645
1992,0.00113728,0.20917700,1.00000000,-0.68509466,0.23535312
1993,-0.01527110,0.00643057,-1.00000000,-0.92692732,0.27902800
1994,-0.02425027,0.04934898,1.00000000,-0.99110381,0.02281790
1995,-0.03932782,-0.01845530,-1.00000000,-0.87928046,-0.15364359
1996,-0.03962970,-0.05555987,-1.00000000,-0.80823946,-0.22138256
1997,0.01723336,-0.11786476,-1.00000000,-0.68894958,-0.18549382
1998,0.01227748,-0.11911222,-1.00000000,-0.68656117,-0.12406992
1999,0.00593088,0.11586273,1.00000000,-0.86375558,-0.05677631
2000,-0.03676923,0.09538359,1.00000000,-0.90296524,-0.05107153
2001,0.05920914,0.06915754,1.00000000,-0.95317804,0.16930520
2002,-0.04555648,-0.10729190,-1.00000000,-0.70919254,0.02930539
2003,-0.04558155,0.28931906,1.00000000,-0.53165345,-0.09970043
2004,0.01826542,-0.14360343,-1.00000000,-0.63966993,-0.07219862
2005,-0.01045911,-0.14370703,-1.00000000,-0.63947157,-0.01353608
2006,0.00178225,0.12012753,1.00000000,-0.85559013,-0.14157837
2007,0.00177639,0.00142926,-1.00000000,-0.91735172,-0.03604230
2008,0.02615235,0.05201417,1.00000000,-0.98600099,0.12389971
2009,-0.00604016,0.05198996,1.00000000,-0.98604735,0.06970659
2010,0.00829597,0.15271864,1.00000000,-0.79319069,0.11152400
2011,0.09836882,0.01968968,-1.00000000,-0.95231341,0.32687894
2012,-0.01181606,0.07893081,1.00000000,-0.93446599,0.29657245
2013,-0.02914711,0.45113841,1.00000000,-0.22183165,0.17327362
2014,0.06045436,-0.00417803,-1.00000000,-0.90661593,0.32153361
2015,0.00958811,-0.07579506,-1.00000000,-0.76949687,0.32441463
2016,0.05266795,0.29446468,1.00000000,-0.52180155,0.22251737
2017,0.05680667,0.08427029,1.00000000,-0.92424293,0.37552253
2018,0.00777789,0.26228894,1.00000000,-0.58340571,0.45785262
2019,0.00582127,0.27939136,1.00000000,-0.55066116,0.33603955
2020,0.03314132,0.07678995,1.00000000,-0.93856492,0.38855515
2021,-0.03773057,0.06870461,1.00000000,-0.95404523,0.18699743
2022,-0.02114957,0.18159913,1.00000000,-0.73789565,0.01318175
2023,-0.03711004,-0.11126445,-1.00000000,-0.70158664,-0.08690294
2024,0.00198066,-0.04274684,-1.00000000,-0.83277149,-0.09546618
2025,0.03152673,-0.10870022,-1.00000000,-0.70649614,-0.09906616
2026,-0.00037461,0.05283407,1.00000000,-0.98443120,-0.01577519
2027,0.01138345,0.17492718,1.00000000,-0.75066988,0.05676229
2028,0.02268820,0.04310139,-1.00000000,-0.99713782,0.19009185
2029,-0.02229246,0.09168920,1.00000000,-0.91003857,0.13597112
2030,-0.00736391,0.13840373,1.00000000,-0.82059822,0.04925831
2031,0.02435604,-0.04746962,-1.00000000,-0.82372920,0.10439920
2032,-0.00139409,0.01421955,-1.00000000,-0.94184020,0.07590966
2033,0.02123124,0.14529577,1.00000000,-0.80740263,0.07266115
2034,-0.03741585,0.03888862,-1.00000000,-0.98907198,0.03894119
2035,-0.00099927,0.13238318,1.00000000,-0.83212527,0.05313216
2036,0.02378983,-0.10996391,-1.00000000,-0.70407666,0.05186970
2037,-0.02168278,0.04052013,-1.00000000,-0.99219569,0.00663289
2038,-0.01188881,0.14295603,1.00000000,-0.81188233,-0.06721348
2039,0.02125046,-0.04495023,-1.00000000,-0.82855284,0.06359226
2040,0.01062256,-0.00447866,-1.00000000,-0.90604034,0.08950495
2041,0.00733447,0.13246257,1.00000000,-0.83197327,0.05281513
2042,0.00735050,0.08854495,1.00000000,-0.91605861,0.11754938
2043,-0.01343655,0.07495759,1.00000000,-0.94207318,0.11409845
2044,0.02047332,0.07502384,1.00000000,-0.94194633,0.11236572
2045,0.02286678,-0.01087437,-1.00000000,-0.89379501,0.13966613
2046,-0.07485266,0.12925123,1.00000000,-0.83812174,-0.04358298
2047,-0.01359484,0.13914168,1.00000000,-0.81918535,-0.09028390
2048,-0.02315322,-0.26466388,-1.00000000,-0.40788575,-0.11194876
2049,0.10182100,-0.01152848,-1.00000000,-0.89254264,0.06942868
2050,0.02492373,-0.05102654,-1.00000000,-0.81691906,0.07401499
2051,0.02817651,0.46540387,1.00000000,-0.19451879,0.30373472
2052,-0.02183994,0.14764164,1.00000000,-0.80291119,0.28535098
2053,0.06397944,0.16108308,1.00000000,-0.77717600,0.47962695
2054,0.05181000,-0.04559965,-1.00000000,-0.82730946,0.36811955
2055,-0.00606125,0.30903136,1.00000000,-0.49391196,0.29903367
2056,0.04491912,0.25874362,1.00000000,-0.59019364,0.33636395
2057,0.05539418,0.01960255,-1.00000000,-0.95214658,0.50856955
2058,-0.02427960,0.23026849,1.00000000,-0.64471256,0.31178214
2059,-0.02169579,0.27355452,1.00000000,-0.56183647,0.14788944
2060,0.02309155,-0.05568106,-1.00000000,-0.80800743,0.21289018
2061,0.04424959,-0.04500399,-1.00000000,-0.82844991,0.21139736
2062,0.01186473,0.14007050,1.00000000,-0.81740701,0.11434160
2063,-0.09025614,0.22750180,1.00000000,-0.65000971,-0.03276348
2064,-0.07505639,0.09367796,1.00000000,-0.90623088,-0.15173931
2065,-0.00398743,-0.32831562,-1.00000000,-0.28601714,-0.21211614
2066,0.00392309,-0.26550574,-1.00000000,-0.40627391,-0.30203041
2067,0.05822748,0.02817219,-1.00000000,-0.96855415,-0.19865737
2068,-0.00191519,0.06086078,1.00000000,-0.96906314,-0.00168732
2069,0.03938353,0.28526255,1.00000000,-0.53942009,0.25347445
2070,-0.02468175,0.03673529,-1.00000000,-0.98494919,0.20733319
2071,0.06210585,0.20739377,1.00000000,-0.68850884,0.33706079
2072,-0.02247329,-0.05734289,-1.00000000,-0.80482568,0.15712574
2073,-0.06287395,0.30128911,1.00000000,-0.50873540,0.02120859
2074,0.02403660,-0.04821686,-1.00000000,-0.82229852,-0.01300979
2075,-0.01503742,-0.21516433,-1.00000000,-0.50265833,0.00849377
2076,-0.02947087,0.14397574,1.00000000,-0.80992997,-0.19569090
2077,0.00508212,-0.01748964,-1.00000000,-0.88112930,-0.13425179
2078,-0.01708193,-0.07713291,-1.00000000,-0.76693540,-0.03215128
2079,0.01860319,0.06565023,1.00000000,-0.95989320,-0.04426591
2080,-0.02538078,-0.02593816,-1.00000000,-0.86495364,-0.06732807
2081,-0.02643987,0.12152330,1.00000000,-0.85291776,-0.06057000
2082,0.02773121,-0.06023148,-1.00000000,-0.79929514,-0.01007029
2083,-0.02017327,-0.06460796,-1.00000000,-0.79091586,-0.01696291
2084,-0.00074680,0.15924295,1.00000000,-0.78069913,-0.06010677
2085,0.00009382,-0.03871248,-1.00000000,-0.84049573,-0.00330714
2086,0.00567855,0.04156339,-1.00000000,-0.99419315,0.06830593
2087,-0.00205055,0.04503710,1.00000000,-0.99935940,0.00190283
2088,-0.00231147,0.06811486,1.00000000,-0.95517437,0.04172851
2089,0.02005681,0.03617594,-1.00000000,-0.98387825,0.08811344
2090,0.01561614,0.03509773,-1.00000000,-0.98181390,0.12272289
2091,-0.00081324,0.12753008,1.00000000,-0.84141708,0.10824843
2092,-0.01057487,0.10917991,1.00000000,-0.87655060,0.08924210
2093,-0.01920661,0.04128887,-1.00000000,-0.99366754,0.05157173
2094,-0.01344439,0.00095090,-1.00000000,-0.91643586,-0.02312447
2095,0.02703336,-0.03471797,-1.00000000,-0.84814368,0.00233201
2096,0.02973268,-0.01090678,-1.00000000,-0.89373295,0.07043894
2097,0.03297508,0.15635922,1.00000000,-0.78622037,0.16754042
2098,0.02357409,0.16751363,1.00000000,-0.76486397,0.26292671
2099,-0.00008192,0.18091219,1.00000000,-0.73921089,0.29272044
2100,-0.03767216,0.14206451,1.00000000,-0.81358925,0.14844932
2101,0.03304839,0.04431089,-1.00000000,-0.99945356,0.15584221
2102,-0.04329078,-0.11102307,-1.00000000,-0.70204878,-0.01420452
2103,0.01304818,0.18121511,1.00000000,-0.73863092,-0.03767369
2104,0.01243627,-0.13424089,-1.00000000,-0.65759559,-0.00976243
2105,-0.01177370,0.09856834,1.00000000,-0.89686768,0.04798225
2106,-0.01218867,0.09603974,1.00000000,-0.90170897,-0.05288087
2107,0.00551763,-0.00400301,-1.00000000,-0.90695103,0.05594516
2108,0.04385781,-0.00571776,-1.00000000,-0.90366794,0.12464007
2109,-0.05202498,0.06744988,1.00000000,-0.95644755,-0.01908642
2110,0.02555544,0.22588283,1.00000000,-0.65310940,0.06414477
2111,0.02908846,-0.17033318,-1.00000000,-0.58849273,0.15617861
2112,0.01117245,0.15025203,1.00000000,-0.79791329,0.16878691
2113,-0.01318761,0.16485151,1.00000000,-0.76996090,0.04159518
2114,0.01423487,0.09081726,1.00000000,-0.91170801,0.18933194
2115,-0.04468961,-0.00984570,-1.00000000,-0.89576452,0.03270956
2116,0.02075788,0.10347212,1.00000000,-0.88747883,0.01413523
2117,0.05642277,-0.14002127,-1.00000000,-0.64652838,0.11502793
2118,-0.04895127,0.13042711,1.00000000,-0.83587038,0.03528724
2119,0.03158924,0.27780495,1.00000000,-0.55369853,0.07398152
2120,0.00091772,-0.15763169,-1.00000000,-0.61281120,0.17567025
2121,0.02347362,0.17518548,1.00000000,-0.75017533,0.18172540
2122,-0.10699580,0.04844171,1.00000000,-0.99284088,-0.18264198
2123,-0.05174686,0.14164932,1.00000000,-0.81438417,-0.18887519
2124,0.01077770,-0.39748884,-1.00000000,-0.15357706,-0.23527779
2125,-0.00516538,-0.16918391,-1.00000000,-0.59069316,-0.24884102
2126,-0.04234209,0.08918605,1.00000000,-0.91483115,-0.39558749
2127,0.02224870,0.02330455,-1.00000000,-0.95923449,-0.10741655
2128,-0.04019822,-0.13032062,-1.00000000,-0.66510140,-0.08166702
2129,0.01309653,0.13658763,1.00000000,-0.82407537,-0.07649683
2130,0.01466967,-0.12146149,-1.00000000,-0.68206323,-0.03227148
2131,0.02115981,0.09876815,1.00000000,-0.89648512,0.10931601
2132,-0.00804267,0.10526881,1.00000000,-0.88403885,0.04177663
2133,-0.02902088,0.13208801,1.00000000,-0.83269040,0.06669825
2134,-0.02389677,0.01141474,-1.00000000,-0.93647008,-0.01578413
2135,-0.00527509,-0.07527345,-1.00000000,-0.77049555,-0.06025411
2136,-0.03407800,-0.05409910,-1.00000000,-0.81103628,-0.18341550
2137,0.00145370,0.02285117,-1.00000000,-0.95836645,-0.16224187
2138,0.00363632,-0.09617097,-1.00000000,-0.73048485,-0.08942750
2139,-0.01829387,0.05065652,1.00000000,-0.98860038,-0.07693495
2140,-0.01256533,0.05967576,1.00000000,-0.97133201,-0.09318969
2141,0.00898280,-0.03094626,-1.00000000,-0.85536507,0.00282114
2142,-0.00576773,-0.00727427,-1.00000000,-0.90068782,-0.01328018
2143,-0.07155468,0.08176900,1.00000000,-0.92903195,-0.18093032
2144,-0.01391813,0.02081543,-1.00000000,-0.95446878,-0.17117393
2145,0.03003480,-0.25103564,-1.00000000,-0.43397858,-0.07619024
2146,0.01249308,-0.01286442,-1.00000000,-0.88998483,-0.06836352
2147,0.03355328,0.16876205,1.00000000,-0.76247373,0.01930885
2148,-0.00144403,0.09627451,1.00000000,-0.90125947,0.17563154
2149,-0.05123647,0.18330145,1.00000000,-0.73463637,0.09242444
2150,-0.02464527,0.03868223,-1.00000000,-0.98867683,-0.02949335
2151,-0.01756955,-0.16707481,-1.00000000,-0.59473126,-0.09652271
2152,-0.00624644,-0.05719212,-1.00000000,-0.80511434,-0.18526244
2153,0.02926050,-0.02795314,-1.00000000,-0.86109574,-0.11680185
2154,0.02536769,0.01883726,-1.00000000,-0.95068135,0.05399915
2155,-0.00105533,0.16556243,1.00000000,-0.76859977,0.10659663
2156,0.01703662,0.14947618,1.00000000,-0.79939875,0.18375651
2157,0.03701548,0.04028847,-1.00000000,-0.99175217,0.28021577
2158,-0.06176950,0.11504975,1.00000000,-0.86531212,0.07725009
2159,-0.01057760,0.19760832,1.00000000,-0.70724423,-0.00289558
2160,-0.02441887,-0.21060040,-1.00000000,-0.51139651,-0.05498825
2161,0.01140889,0.00093964,-1.00000000,-0.91641429,-0.06753616
2162,-0.01155272,-0.05625656,-1.00000000,-0.80690557,-0.17582661
2163,0.02741827,0.09179431,1.00000000,-0.90983734,0.02303154
2164,-0.00647651,-0.00308985,-1.00000000,-0.90869938,0.03217558
2165,0.00352832,0.15794981,1.00000000,-0.78317501,0.09448821
2166,-0.01166201,0.01788657,-1.00000000,-0.94886115,0.04304802
2167,0.01738721,0.05922945,1.00000000,-0.97218652,0.10757414
2168,0.01514782,-0.00354145,-1.00000000,-0.90783473,0.08021524
2169,-0.00657358,0.11649848,1.00000000,-0.86253835,0.07999879
2170,-0.03827597,0.10724467,1.00000000,-0.88025585,-0.01321043
2171,0.00500588,0.01748542,-1.00000000,-0.94809311,0.02395324
2172,-0.00220421,-0.11351819,-1.00000000,-0.69727158,-0.01972890
2173,-0.01878275,0.06533517,1.00000000,-0.96049641,-0.09538243
2174,0.01455931,0.03554097,-1.00000000,-0.98266254,-0.04826334
2175,-0.04426667,-0.03296646,-1.00000000,-0.85149716,-0.06162054
2176,-0.01601073,0.10481276,1.00000000,-0.88491201,-0.10848038
2177,0.04665290,-0.13827353,-1.00000000,-0.64987464,0.00045423
2178,-0.03896065,-0.02151167,-1.00000000,-0.87342868,-0.04453557
2179,0.02832962,0.23743299,1.00000000,-0.63099530,-0.01383249
2180,-0.00617215,-0.11634751,-1.00000000,-0.69185454,0.07110522
2181,-0.02124797,0.16171577,1.00000000,-0.77596465,0.05942799
2182,0.03519696,0.01914426,-1.00000000,-0.95126913,0.03388515
2183,0.03619865,-0.04315346,-1.00000000,-0.83199297,0.20146463
2184,0.02216204,0.19009362,1.00000000,-0.72163197,0.18771304
2185,-0.00088533,0.19423293,1.00000000,-0.71370679,0.19950084
2186,0.03078190,0.13622952,1.00000000,-0.82476102,0.31550961
2187,-0.02562367,0.04099095,-1.00000000,-0.99309714,0.17990047
2188,0.01181333,0.17184932,1.00000000,-0.75656279,0.12552957
2189,-0.05127962,-0.06123515,-1.00000000,-0.79737349,-0.03822017
2190,0.00066984,0.09346560,1.00000000,-0.90663747,-0.03475266
2191,0.05992327,-0.16725314,-1.00000000,-0.59438983,0.03022260
2192,0.01095697,0.04741738,1.00000000,-0.99480208,0.11178487
2193,0.02592742,0.29227007,1.00000000,-0.52600339,0.14325443
2194,0.00842299,0.08992683,1.00000000,-0.91341285,0.27637079
2195,-0.01497068,0.15178915,1.00000000,-0.79497031,0.24149779
2196,-0.00054002,0.07945569,1.00000000,-0.93346105,0.10668537
2197,-0.01416682,-0.01721387,-1.00000000,-0.88165730,0.05066794
2198,-0.01828340,0.04241788,-1.00000000,-0.99582917,-0.04790701
2199,-0.03237229,-0.01389207,-1.00000000,-0.88801727,-0.13886649
2200,-0.01966789,-0.03090298,-1.00000000,-0.85544792,-0.14933964
2201,-0.01529719,-0.08912244,-1.00000000,-0.74398006,-0.18224306
2202,-0.01232281,-0.03662411,-1.00000000,-0.84449417,-0.17813156
2203,-0.02444071,-0.01856308,-1.00000000,-0.87907408,-0.19186026
2204,0.00596814,-0.00627210,-1.00000000,-0.90260660,-0.10637427
2205,-0.02531025,-0.05634682,-1.00000000,-0.80673276,-0.11895480
2206,0.02046558,0.06931151,1.00000000,-0.95288326,-0.03921609
2207,0.05086410,-0.05994002,-1.00000000,-0.79985317,0.10166906
2208,-0.00392956,0.12921923,1.00000000,-0.83818301,0.14740190
2209,-0.00906854,0.25483490,1.00000000,-0.59767734,0.11387527
2210,0.00513816,0.02841130,-1.00000000,-0.96901196,0.18176479
2211,-0.00628067,0.00717554,-1.00000000,-0.92835364,0.12212983
2212,0.02134357,0.06588181,1.00000000,-0.95944981,0.05630916
2213,-0.00639984,0.01869584,-1.00000000,-0.95041058,0.05080129
2214,-0.00227657,0.13284734,1.00000000,-0.83123658,0.06594506
2215,0.01089765,0.01820338,-1.00000000,-0.94946772,0.07878674
2216,-0.00592903,0.03524197,-1.00000000,-0.98209005,0.07957076
2217,0.01195910,0.08968172,1.00000000,-0.91388214,0.05864662
2218,-0.00170069,0.02014889,-1.00000000,-0.95319261,0.06912411
2219,0.01499142,0.09406795,1.00000000,-0.90548419,0.10762580
2220,-0.02299332,0.03762166,-1.00000000,-0.98664626,0.03206055
2221,0.02716156,0.10659838,1.00000000,-0.88149323,0.10584124
2222,-0.00781209,-0.05036579,-1.00000000,-0.81818414,0.06175825
2223,-0.00396848,0.15688901,1.00000000,-0.78520604,0.05670185
2224,0.02631446,0.01236753,-1.00000000,-0.93829431,0.08194835
2225,-0.01326174,0.02825046,-1.00000000,-0.96870401,0.10364644
2226,0.03374632,0.15338854,1.00000000,-0.79190808,0.11832819
2227,-0.00784957,-0.01015203,-1.00000000,-0.89517802,0.11824463
2228,-0.01968080,0.18409916,1.00000000,-0.73310906,0.08321155
2229,-0.01748914,0.01221267,-1.00000000,-0.93799780,-0.01445547
2230,-0.01508692,-0.03667747,-1.00000000,-0.84439201,-0.01852499
2231,-0.01582602,-0.02762088,-1.00000000,-0.86173190,-0.12905431
2232,0.02167071,-0.01769420,-1.00000000,-0.88073765,-0.06323421
2233,-0.02705682,-0.02074838,-1.00000000,-0.87489008,-0.07968021
2234,-0.01586980,0.13419916,1.00000000,-0.82864836,-0.07606965
2235,-0.02424711,-0.06715737,-1.00000000,-0.78603473,-0.09649374
2236,-0.02498074,-0.02092931,-1.00000000,-0.87454367,-0.11690563
2237,-0.04449876,-0.05554682,-1.00000000,-0.80826446,-0.26444085
2238,0.00391204,-0.05857840,-1.00000000,-0.80246016,-0.19539091
2239,0.03062058,-0.13923261,-1.00000000,-0.64803837,-0.09173328
2240,-0.00460124,0.06081512,1.00000000,-0.96915057,-0.04792973
2241,-0.00125922,0.17118270,1.00000000,-0.75783911,0.00496112
2242,-0.01099416,0.02563572,-1.00000000,-0.96369778,0.07966489
2243,-0.02781146,0.03944592,-1.00000000,-0.99013901,0.00893235
2244,-0.04392801,-0.00078172,-1.00000000,-0.91311856,-0.15728546
2245,-0.02089970,-0.07027578,-1.00000000,-0.78006417,-0.19362544
2246,-0.03846328,-0.13687411,-1.00000000,-0.65255399,-0.27657772
2247,0.01326308,-0.04171433,-1.00000000,-0.83474835,-0.22249238
2248,0.00423558,-0.11429222,-1.00000000,-0.69578962,-0.15103847
2249,0.00432750,0.09945639,1.00000000,-0.89516741,-0.04344523
2250,-0.03958016,0.06215207,1.00000000,-0.96659083,-0.08509624
2251,0.04241107,0.06253190,1.00000000,-0.96586359,0.09522584
2252,-0.06792115,-0.11890748,-1.00000000,-0.68695317,-0.08578717
2253,0.00464913,0.21990448,1.00000000,-0.66455565,-0.08486508
2254,0.00495475,-0.23602084,-1.00000000,-0.46272614,-0.08346653
2255,0.02547755,0.06386100,1.00000000,-0.96331887,0.06158985
2256,-0.00335313,0.06512389,1.00000000,-0.96090093,-0.04044863
2257,-0.04370576,0.14993017,1.00000000,-0.79852954,0.01354338
2258,0.00674954,0.03079328,-1.00000000,-0.97357252,0.01822657
2259,-0.01475062,-0.13595571,-1.00000000,-0.65431238,-0.02570963
2260,-0.01207971,0.07254051,1.00000000,-0.94670096,-0.10944945
2261,-0.01535563,-0.01630449,-1.00000000,-0.88339842,-0.13621090
2262,0.00907422,-0.00526753,-1.00000000,-0.90452996,-0.01852965
2263,0.02010633,-0.01880458,-1.00000000,-0.87861171,0.01125141
2264,-0.02778063,0.08214675,1.00000000,-0.92830871,-0.01780106
2265,-0.04064591,0.12773469,1.00000000,-0.84102534,-0.08149388
2266,0.01766499,-0.07014836,-1.00000000,-0.78030812,-0.00786923
2267,-0.04959886,-0.12331149,-1.00000000,-0.67852119,-0.13869007
2268,0.00679410,0.11764637,1.00000000,-0.86034059,-0.16837176
2269,0.00926665,-0.16030773,-1.00000000,-0.60768762,-0.08576902
2270,-0.00644725,0.07272465,1.00000000,-0.94634839,-0.00951773
2271,0.01638676,0.08294195,1.00000000,-0.92678620,-0.01236775
2272,-0.00672136,0.01800748,-1.00000000,-0.94909264,0.08323437
2273,-0.01389563,0.11236435,1.00000000,-0.87045363,0.03710336
2274,-0.00595315,0.01687475,-1.00000000,-0.94692390,0.00316841
2275,-0.02567253,-0.01277144,-1.00000000,-0.89016286,-0.03969738
2276,-0.00271584,0.02004922,-1.00000000,-0.95300179,-0.08228963
2277,0.00629326,-0.06143706,-1.00000000,-0.79698691,-0.05327149
2278,-0.01853723,0.03342676,-1.00000000,-0.97861463,-0.06362067
2279,0.00014136,0.07065500,1.00000000,-0.95031098,-0.05003199
2280,0.00300596,-0.03195192,-1.00000000,-0.85343962,0.01391121
2281,-0.01692409,0.04523356,1.00000000,-0.99898326,-0.01776832
2282,0.00558755,0.05707094,1.00000000,-0.97631924,-0.01934180
2283,-0.02141942,-0.02528594,-1.00000000,-0.86620240,-0.02576809
2284,-0.01036344,0.06773882,1.00000000,-0.95589435,-0.04919019
2285,0.03101317,-0.04386195,-1.00000000,-0.83063649,0.01325627
2286,0.01388230,0.00182461,-1.00000000,-0.91810868,0.08194398
2287,0.01166877,0.17280498,1.00000000,-0.75473306,0.09550301
2288,-0.04247932,0.10201518,1.00000000,-0.89026830,0.04854666
2289,-0.00990734,0.09286821,1.00000000,-0.90778122,0.04956360
2290,-0.00550546,-0.13088768,-1.00000000,-0.66401570,-0.03186042
2291,0.00376242,0.00370935,-1.00000000,-0.92171723,-0.05442428
2292,-0.02187268,0.02189923,-1.00000000,-0.95654385,-0.12921020
2293,-0.01055075,0.06019685,1.00000000,-0.97033432,-0.05802045
2294,0.00317998,-0.04573494,-1.00000000,-0.82705042,-0.02884022
2295,0.00347735,0.00105059,-1.00000000,-0.91662672,-0.00881163
2296,0.00371791,0.05779001,1.00000000,-0.97494249,-0.00891087
2297,-0.00896339,0.05901885,1.00000000,-0.97258972,0.01987240
2298,0.01574781,0.06001292,1.00000000,-0.97068646,0.07850917
2299,-0.01956078,0.00761003,-1.00000000,-0.92918552,0.02780509
2300,0.00096223,0.10972400,1.00000000,-0.87550888,0.02219724
2301,-0.01652421,-0.03618150,-1.00000000,-0.84534160,-0.02293576
2302,-0.00235848,0.04862565,1.00000000,-0.99248872,-0.00820908
2303,0.00300676,-0.02363353,-1.00000000,-0.86936614,-0.03661725
2304,-0.00707803,0.03490347,-1.00000000,-0.98144196,-0.00878500
2305,0.02568316,0.05707421,1.00000000,-0.97631296,0.04633419
2306,-0.01140753,0.01540092,-1.00000000,-0.94410207,0.05774263
2307,0.00513222,0.15077981,1.00000000,-0.79690280,0.07444433
2308,-0.02339665,-0.00248989,-1.00000000,-0.90984807,0.01557378
2309,0.01891773,0.06585726,1.00000000,-0.95949682,0.07353540
2310,-0.00315053,-0.05203247,-1.00000000,-0.81499309,0.00924617
2311,0.02214529,0.12282306,1.00000000,-0.85042922,0.08405746
2312,0.00093381,0.03163050,-1.00000000,-0.97517549,0.07469645
2313,-0.00354231,0.13616029,1.00000000,-0.82489356,0.11896483
2314,-0.00739552,0.04850819,1.00000000,-0.99271360,0.06029530
2315,-0.00606784,0.03001154,-1.00000000,-0.97207579,0.05379069
2316,0.03875570,0.01408895,-1.00000000,-0.94159016,0.09082620
2317,-0.02504714,0.01957529,-1.00000000,-0.95209440,0.03289758
2318,-0.02037591,0.20479939,1.00000000,-0.69347608,-0.00463557
2319,0.00296526,-0.05885278,-1.00000000,-0.80193481,0.01846542
2320,0.01692533,-0.03954986,-1.00000000,-0.83889248,0.06973230
2321,0.02282137,0.05690275,1.00000000,-0.97664124,0.03420421
2322,0.02615178,0.11458985,1.00000000,-0.86619264,0.14836024
2323,0.06627156,0.13895403,1.00000000,-0.81954461,0.34155440
2324,0.01126937,0.15271627,1.00000000,-0.79319523,0.36006971
2325,-0.04783276,0.31850308,1.00000000,-0.47577727,0.21568137
2326,0.00520638,0.09121777,1.00000000,-0.91094119,0.17640598
2327,-0.02595512,-0.15300970,-1.00000000,-0.62166054,0.06022548
2328,0.00315138,0.06616370,1.00000000,-0.95891009,-0.08051088
2329,0.00346128,-0.06260479,-1.00000000,-0.79475115,-0.09792025
2330,-0.00658436,0.05767186,1.00000000,-0.97516870,-0.00595046
2331,0.00125513,0.05895243,1.00000000,-0.97271690,-0.01476038
2332,0.03181455,0.01744087,-1.00000000,-0.94800781,0.11404616
2333,0.01560644,0.04983599,1.00000000,-0.99017137,0.14181667
2334,0.00777512,0.17611651,1.00000000,-0.74839276,0.15143507
2335,0.03811707,0.10913984,1.00000000,-0.87662733,0.25110394
2336,0.03006735,0.07677852,1.00000000,-0.93858680,0.31534529
2337,-0.01079620,0.20216038,1.00000000,-0.69852877,0.22033794
2338,0.01676230,0.16889656,1.00000000,-0.76221619,0.22291511
2339,0.01366448,0.00003634,-1.00000000,-0.91468482,0.23604634
2340,-0.02641090,0.11391618,1.00000000,-0.86748247,0.09217110
2341,-0.03872273,0.10111506,1.00000000,-0.89199169,-0.06120719
2342,0.00849804,-0.06448822,-1.00000000,-0.79114511,-0.01818766
2343,-0.01230616,-0.11536436,-1.00000000,-0.69373688,-0.08300035
2344,-0.01794378,0.07976582,1.00000000,-0.93286726,-0.15347593
2345,0.00451563,-0.00620327,-1.00000000,-0.90273838,-0.08452039
2346,0.03001436,-0.02949961,-1.00000000,-0.85813484,0.06873976
2347,-0.02334312,0.06330931,1.00000000,-0.96437516,-0.00225512
2348,-0.00771696,0.16867760,1.00000000,-0.76263542,0.00797723
2349,-0.01444341,-0.05181126,-1.00000000,-0.81541661,0.01578187
2350,-0.00699515,0.01276067,-1.00000000,-0.93904701,-0.00988322
2351,0.01061501,-0.01503501,-1.00000000,-0.88582899,-0.05313711
2352,0.00104443,0.01574336,-1.00000000,-0.94475773,0.00123878
2353,-0.00292575,0.08851377,1.00000000,-0.91611831,0.01192152
2354,-0.07354923,0.04896532,1.00000000,-0.99183838,-0.11986420
2355,0.01875720,0.03255934,-1.00000000,-0.97695386,-0.06244527
2356,0.01401927,-0.25927772,-1.00000000,-0.41819818,-0.05485494
2357,0.06091155,0.12215970,1.00000000,-0.85169929,0.07862821
2358,-0.03368744,0.10258118,1.00000000,-0.88918464,0.01004019
2359,0.00519193,0.29635393,1.00000000,-0.51818436,0.18560597
2360,0.03028018,-0.09455705,-1.00000000,-0.73357487,0.21129826
2361,0.00336792,0.06610399,1.00000000,-0.95902441,0.18754941
2362,0.03799878,0.16977605,1.00000000,-0.76053230,0.13646177
2363,0.01880128,0.05856667,1.00000000,-0.97345549,0.25349364
2364,0.10868057,0.20167157,1.00000000,-0.69946466,0.48423782
2365,-0.05560580,0.12234187,1.00000000,-0.85135052,0.29274154
2366,0.06546166,0.49374960,1.00000000,-0.14024761,0.43118927
2367,-0.04844436,-0.18513016,-1.00000000,-0.56016222,0.23845070
2368,0.02358045,0.31515630,1.00000000,-0.48218506,0.24910660
2369,-0.04699506,-0.15553701,-1.00000000,-0.61682171,-0.09799668
2370,-0.01454393,0.14209078,1.00000000,-0.81353896,-0.00644280
2371,-0.01288136,-0.14954807,-1.00000000,-0.62828823,-0.18112086
2372,0.00151705,-0.01545040,-1.00000000,-0.88503367,-0.06972402
2373,-0.00720396,-0.00858017,-1.00000000,-0.89818753,-0.13836269
2374,-0.00818711,0.05091833,1.00000000,-0.98809912,-0.05183426
2375,-0.08064426,0.01488053,-1.00000000,-0.94310573,-0.19921533
2376,-0.03075926,0.01081785,-1.00000000,-0.93532727,-0.23907692
2377,0.06247637,-0.28859647,-1.00000000,-0.36206404,-0.10315854
2378,0.09011652,-0.08245694,-1.00000000,-0.75674194,0.11383277
2379,0.00582102,0.30282022,1.00000000,-0.50580390,0.14506610
2380,0.03055478,0.41703750,1.00000000,-0.28712176,0.39300182
2381,0.01210048,0.06870359,1.00000000,-0.95404717,0.48856435
2382,-0.06213716,0.17091078,1.00000000,-0.75835975,0.21071891
2383,0.00824846,0.09465217,1.00000000,-0.90436563,0.02818120
2384,0.09663646,-0.21211967,-1.00000000,-0.50848770,0.23066848
2385,-0.04030200,0.07873448,1.00000000,-0.93484188,0.07268217
2386,0.00194443,0.44397979,1.00000000,-0.23553764,0.05003765
2387,-0.01389188,-0.12189034,-1.00000000,-0.68124214,0.15760807
2388,0.05798783,0.05268436,1.00000000,-0.98471785,0.26850981
2389,0.05706878,-0.01275595,-1.00000000,-0.89019250,0.18028746
2390,-0.01459677,0.28427225,1.00000000,-0.54131614,0.23760130
2391,0.05135758,0.28047448,1.00000000,-0.54858740,0.34777569
2392,0.04768707,-0.01566875,-1.00000000,-0.88461561,0.48507565
2393,-0.06115733,0.25687409,1.00000000,-0.59377308,0.21942280
2394,0.03120414,0.24170648,1.00000000,-0.62281322,0.16175350
2395,0.01510902,-0.20807073,-1.00000000,-0.51623986,0.22798722
2396,0.01421907,0.17359412,1.00000000,-0.75322217,0.14518107
2397,0.03151484,0.10708432,1.00000000,-0.88056284,0.10912254
2398,0.01622059,0.10340680,1.00000000,-0.88760389,0.28164878
2399,0.01967179,0.17487804,1.00000000,-0.75076395,0.25593558
2400,0.01587745,0.11167769,1.00000000,-0.87176832,0.25764894
2401,-0.02483597,0.12593903,1.00000000,-0.84446333,0.17056960
2402,-0.00871242,0.11025974,1.00000000,-0.87448315,0.08087660
2403,0.00362821,-0.05798014,-1.00000000,-0.80360559,0.05279990
2404,-0.04714111,0.00864713,-1.00000000,-0.93117116,-0.09616996
2405,0.00047690,0.05964223,1.00000000,-0.97139620,-0.13050793
2406,0.02393751,-0.15015159,-1.00000000,-0.62713273,-0.02175978
2407,0.02165848,0.04662008,1.00000000,-0.99632861,0.04595690
2408,0.03230374,0.14356629,1.00000000,-0.81071392,0.10989351
2409,-0.02621656,0.13414863,1.00000000,-0.82874512,0.15654808
2410,-0.02869529,0.17813802,1.00000000,-0.74452235,0.09150412
2411,-0.03595937,-0.06368517,-1.00000000,-0.79268264,-0.04204539
2412,0.00391302,-0.07392799,-1.00000000,-0.77307158,-0.08161167
2413,-0.04719590,-0.10394531,-1.00000000,-0.71559997,-0.25886862
2414,0.01446017,0.06081917,1.00000000,-0.96914280,-0.16817346
2415,0.02799947,-0.15037799,-1.00000000,-0.62669925,-0.04176358
2416,0.01699864,0.10440309,1.00000000,-0.88569638,0.07631463
2417,-0.03099293,0.16035150,1.00000000,-0.77857670,-0.00151368
2418,0.00438342,0.11489282,1.00000000,-0.86561257,0.11349051
2419,0.08728991,-0.08342253,-1.00000000,-0.75489319,0.27587586
2420,0.00271346,0.06276298,1.00000000,-0.96542116,0.21949672
2421,0.04960893,0.40535708,1.00000000,-0.30948528,0.29220647
2422,0.09641350,0.05586222,1.00000000,-0.97863347,0.57627912
2423,0.04529921,0.24964815,1.00000000,-0.60760797,0.66750730
2424,0.01086467,0.44305844,1.00000000,-0.23730167,0.49710523
2425,0.00523667,0.23183911,1.00000000,-0.64170543,0.50273113
2426,0.05408818,0.08954543,1.00000000,-0.91414307,0.51271832
2427,-0.00051001,0.06628889,1.00000000,-0.95867041,0.29661213
2428,0.02475518,0.26815772,1.00000000,-0.57216926,0.25080599
2429,0.01379949,0.04254190,-1.00000000,-0.99606661,0.25734963
2430,-0.02351630,0.14694511,1.00000000,-0.80424477,0.19324036
2431,-0.02193339,0.10167298,1.00000000,-0.89092349,0.02373832
2432,-0.13374929,-0.05252689,-1.00000000,-0.81404646,-0.27333959
2433,-0.08914312,-0.04598585,-1.00000000,-0.82657003,-0.52729374
2434,0.02600290,-0.50804215,-1.00000000,0.05809000,-0.50008433
2435,0.00789129,-0.32371628,-1.00000000,-0.29482313,-0.43005616
2436,-0.02516280,0.15210105,1.00000000,-0.79437313,-0.43725664
2437,-0.01097664,0.07725855,1.00000000,-0.93766772,-0.16351572
2438,-0.15955832,-0.05933073,-1.00000000,-0.80101972,-0.32051747
2439,-0.14384303,-0.00070930,-1.00000000,-0.91325722,-0.69921566
2440,-0.03442053,-0.61469268,-1.00000000,0.26228472,-0.79355651
2441,-0.08350399,-0.54975247,-1.00000000,0.13794921,-0.92363735
2442,0.02454143,-0.09758639,-1.00000000,-0.72777486,-0.84444424
2443,0.01894698,-0.30041373,-1.00000000,-0.33943853,-0.44643862
2444,0.00020442,0.14606185,1.00000000,-0.80593588,-0.12526218
2445,-0.01025991,0.12294394,1.00000000,-0.85019778,-0.07139228
2446,-0.00400829,0.04549414,1.00000000,-0.99848435,0.10585588
2447,0.03242153,0.00225244,-1.00000000,-0.91892780,0.12342580
2448,0.02685956,0.02808598,-1.00000000,-0.96838909,0.14106813
2449,-0.03911664,0.17862476,1.00000000,-0.74359044,0.05339565
2450,-0.03344973,0.15564103,1.00000000,-0.78759543,0.00169029
2451,-0.01124424,-0.11699209,-1.00000000,-0.69062040,-0.01444341
2452,0.15412474,-0.09357475,-1.00000000,-0.73545559,0.25691301
2453,0.00251625,-0.00181512,-1.00000000,-0.91113998,0.20263578
2454,-0.02035452,0.68153833,1.00000000,0.21929556,0.24446887
2455,-0.04908963,0.05504730,1.00000000,-0.98019372,0.20959725
2456,0.03279603,-0.03946148,-1.00000000,-0.83906169,0.30779196
2457,0.01531222,-0.15820345,-1.00000000,-0.61171650,-0.00171236
2458,-0.01468735,0.18017228,1.00000000,-0.74062752,-0.04007050
2459,0.18907232,0.10792403,1.00000000,-0.87895513,0.42687956
2460,0.04005253,-0.01604307,-1.00000000,-0.88389893,0.62563601
2461,-0.01438016,0.82595207,1.00000000,0.49579230,0.52044928
2462,0.08578789,0.21015827,1.00000000,-0.68321589,0.67758585
2463,-0.02596422,-0.01477367,-1.00000000,-0.88632936,0.65244231
2464,-0.01967104,0.39915029,1.00000000,-0.32136890,0.18701619
2465,-0.05178632,-0.06264241,-1.00000000,-0.79467913,-0.01775296
2466,-0.03359343,-0.03663712,-1.00000000,-0.84446925,-0.06059197
2467,-0.02633148,-0.16934698,-1.00000000,-0.59038094,-0.31057972
2468,-0.05964999,-0.09416857,-1.00000000,-0.73431866,-0.38568744
2469,-0.02248520,-0.06416006,-1.00000000,-0.79177342,-0.39196205
2470,-0.05802258,-0.20184196,-1.00000000,-0.52816555,-0.40586677
2471,0.00450464,-0.04826607,-1.00000000,-0.82220429,-0.32092113
2472,-0.02221270,-0.19511703,-1.00000000,-0.54104120,-0.31173765
2473,0.00016383,0.06326392,1.00000000,-0.96446205,-0.17837334
2474,-0.00620053,-0.04714002,-1.00000000,-0.82436025,-0.14206411
2475,0.02605792,0.04532640,1.00000000,-0.99880551,0.04540658
2476,-0.09135618,0.01902699,-1.00000000,-0.95104461,-0.16833018
2477,0.00116186,0.15232843,1.00000000,-0.79393779,-0.11621293
2478,0.05783454,-0.33286129,-1.00000000,-0.27731395,0.01237299
2479,-0.10449232,0.04945055,1.00000000,-0.99090934,-0.20678402
2480,0.02247325,0.28363881,1.00000000,-0.54252893,-0.21477660
2481,-0.04972846,-0.38714373,-1.00000000,-0.17338395,-0.12196107
2482,-0.11703112,0.13751553,1.00000000,-0.82229879,-0.38549090
2483,0.02035608,-0.16084329,-1.00000000,-0.60666223,-0.46905502
2484,-0.03200283,-0.43895776,-1.00000000,-0.07418003,-0.30742829
2485,-0.03988229,0.12876675,1.00000000,-0.83904933,-0.44645978
2486,0.01262571,-0.08759572,-1.00000000,-0.74690315,-0.30743134
2487,0.03194472,-0.12015600,-1.00000000,-0.68456273,0.02473372
2488,-0.07541067,0.09682257,1.00000000,-0.90021014,-0.18879330
2489,-0.04095716,0.17665444,1.00000000,-0.74736283,-0.20875839
2490,0.01721692,-0.26696975,-1.00000000,-0.40347088,-0.08144672
2491,0.06554868,-0.12459765,-1.00000000,-0.67605868,0.03655337
2492,-0.00123341,0.11579481,1.00000000,-0.86388562,-0.03742250
2493,-0.05553751,0.31551593,1.00000000,-0.48149651,0.00688784
2494,0.02736941,0.03955258,-1.00000000,-0.99034322,0.15923265
2495,-0.01493274,-0.18484798,-1.00000000,-0.56070249,0.08754992
2496,-0.01023553,0.15774788,1.00000000,-0.78356162,-0.08142290
2497,-0.02690222,-0.01705710,-1.00000000,-0.88195746,-0.13865555
2498,-0.01398848,0.00235317,-1.00000000,-0.91912065,-0.04601545
2499,0.01263680,-0.06651852,-1.00000000,-0.78725788,-0.07886411
2500,-0.00039184,-0.01315511,-1.00000000,-0.88942826,-0.04644288
2501,0.02478755,0.09686842,1.00000000,-0.90012237,0.03164658
2502,0.01184000,0.04303020,-1.00000000,-0.99700152,0.11802845
2503,0.01970710,0.14707888,1.00000000,-0.80398865,0.19315804
2504,0.01747117,0.09357578,1.00000000,-0.90642651,0.20393703
2505,0.05488209,0.12608497,1.00000000,-0.84418392,0.32717894
2506,-0.11765606,0.11684546,1.00000000,-0.86187402,0.00957853
2507,-0.00480216,0.27143840,1.00000000,-0.56588803,-0.02752777
2508,-0.03330686,-0.44154018,-1.00000000,-0.06923569,-0.14573072
2509,0.02788277,0.02480549,-1.00000000,-0.96210821,-0.12251643
2510,0.02584811,-0.09298436,-1.00000000,-0.73658598,-0.18725224
2511,-0.03411770,0.15986924,1.00000000,-0.77950003,-0.00099034
2512,-0.06308076,0.15146144,1.00000000,-0.79559773,-0.13093164
2513,-0.01468597,-0.09633501,-1.00000000,-0.73017078,-0.08941345
2514,0.01070152,-0.21601890,-1.00000000,-0.50102216,-0.12772176
2515,-0.00136188,-0.01603737,-1.00000000,-0.88390985,-0.18839072
2516,0.01145107,0.08887123,1.00000000,-0.91543390,-0.08678798
2517,0.01575019,0.03902170,-1.00000000,-0.98932678,0.08897800
2518,-0.02471074,0.09196862,1.00000000,-0.90950359,0.06662621
2519,0.01918633,0.10973385,1.00000000,-0.87549002,0.08554443
2520,-0.01559799,-0.05746267,-1.00000000,-0.80459634,0.05380280
2521,-0.00966143,0.12393298,1.00000000,-0.84830415,0.00672916
2522,-0.01059689,-0.01980608,-1.00000000,-0.87669423,-0.05201580
2523,0.04216794,0.00472553,-1.00000000,-0.92366282,0.09710074
2524,0.02337054,0.00085993,-1.00000000,-0.91626168,0.10643010
2525,-0.00637484,0.21889981,1.00000000,-0.66647921,0.12699456
2526,-0.00277220,0.14122338,1.00000000,-0.81519969,0.14235518
2527,-0.06296296,0.01830670,-1.00000000,-0.94966554,0.02559680
2528,0.02479676,0.03319386,-1.00000000,-0.97816872,-0.01313497
2529,-0.03445869,-0.21553213,-1.00000000,-0.50195414,-0.14207433
2530,0.04410300,0.14711696,1.00000000,-0.80391574,-0.02952607
2531,-0.04391151,-0.09774407,-1.00000000,-0.72747295,-0.12125263
2532,-0.00081198,0.22689601,1.00000000,-0.65116955,0.01732274
2533,-0.00009877,-0.13680592,-1.00000000,-0.65268454,-0.03818576
2534,-0.01193149,0.04129405,-1.00000000,-0.99367747,0.01204218
2535,0.03950082,0.04424128,-1.00000000,-0.99932027,0.00178092
2536,-0.00001518,-0.00465502,-1.00000000,-0.90570268,0.09965469
2537,0.04570903,0.20787848,1.00000000,-0.68758082,0.20338060
2538,0.07028124,0.04458668,-1.00000000,-0.99998159,0.36030389
2539,-0.07082820,0.23353262,1.00000000,-0.63846300,0.22898440
2540,-0.00695059,0.33507226,1.00000000,-0.44405367,0.12541368
2541,-0.01616854,-0.24803365,-1.00000000,-0.43972624,0.08939723
2542,-0.00496058,0.01592754,-1.00000000,-0.94511035,-0.02357864
2543,-0.20536720,-0.02216377,-1.00000000,-0.87218016,-0.63818017
2544,0.01989873,0.02415081,-1.00000000,-0.96085475,-0.43589021
2545,-0.02716550,-0.80398853,-1.00000000,0.62471345,-0.48096253
2546,-0.02452705,0.12687685,1.00000000,-0.84266778,-0.49959914
2547,-0.01189286,-0.06760645,-1.00000000,-0.78517491,-0.51505575
2548,0.02291206,-0.05670359,-1.00000000,-0.80604968,-0.00607125
2549,-0.02973411,-0.00449541,-1.00000000,-0.90600826,-0.11673547
2550,0.06732665,0.13932881,1.00000000,-0.81882706,0.09394962
2551,-0.00181811,-0.07822071,-1.00000000,-0.76485268,0.14458275
2552,-0.02322423,0.32286299,1.00000000,-0.46742971,0.11931770
2553,-0.00124480,0.03713643,-1.00000000,-0.98571722,0.06545619
2554,0.01039602,-0.05131995,-1.00000000,-0.81635728,0.15493262
2555,-0.03977608,0.03950554,-1.00000000,-0.99025316,-0.08386974
2556,-0.02496290,0.08760884,1.00000000,-0.91785091,-0.13547469
2557,0.05800707,-0.11971711,-1.00000000,-0.68540305,0.04564326
2558,0.04878527,-0.05850468,-1.00000000,-0.80260129,0.15719315
2559,-0.02368700,0.28435177,1.00000000,-0.54116389,0.08119969
2560,0.00055759,0.24624454,1.00000000,-0.61412458,0.17112994
2561,0.00157397,-0.05323228,-1.00000000,-0.81269590,0.23029807
2562,0.05079200,0.04695352,1.00000000,-0.99569020,0.21421092
2563,0.08964942,0.05115352,1.00000000,-0.98764882,0.30532396
2564,-0.01475901,0.25453693,1.00000000,-0.59824783,0.32523033
2565,0.02901846,0.41510728,1.00000000,-0.29081740,0.38868832
2566,0.04057767,-0.01633917,-1.00000000,-0.88333202,0.47565319
2567,-0.03737161,0.16456225,1.00000000,-0.77051474,0.27907858
2568,0.00676357,0.21232831,1.00000000,-0.67906111,0.09427157
2569,-0.00174998,-0.10978111,-1.00000000,-0.70442666,0.12327724
2570,-0.01949060,0.07259849,1.00000000,-0.94658994,0.01511868
2571,0.00913983,0.03741798,-1.00000000,-0.98625628,-0.05497692
2572,-0.00845350,-0.03589149,-1.00000000,-0.84589685,0.00950054
2573,-0.02190598,0.08241788,1.00000000,-0.92778960,-0.05442273
2574,-0.01148168,0.00971705,-1.00000000,-0.93321965,-0.07612108
2575,-0.01760222,-0.04587256,-1.00000000,-0.82678694,-0.07191065
2576,-0.00126523,-0.00279628,-1.00000000,-0.90926145,-0.09511037
2577,-0.00716491,-0.02808817,-1.00000000,-0.86083720,-0.09223726
2578,-0.00387619,0.03942110,-1.00000000,-0.99009148,-0.05203701
2579,0.03118876,0.01504187,-1.00000000,-0.94341464,0.04310344
2580,-0.01283059,0.02863186,-1.00000000,-0.96943424,0.05374255
2581,0.00163448,0.17353058,1.00000000,-0.75334384,0.06020790
2582,-0.00198269,-0.00837037,-1.00000000,-0.89858921,0.07176248
2583,0.03004051,0.05140354,1.00000000,-0.98717011,0.14738508
2584,0.01142656,0.03645634,-1.00000000,-0.98441511,0.10332214
2585,-0.03960738,0.16878565,1.00000000,-0.76242854,0.04361908
2586,-0.03324526,0.09186732,1.00000000,-0.90969756,-0.03415077
2587,-0.03536426,-0.11901997,-1.00000000,-0.68673779,-0.10858022
2588,-0.05614358,-0.09272981,-1.00000000,-0.73707334,-0.30074118
2589,0.00902420,-0.10148614,-1.00000000,-0.72030833,-0.30609760
2590,-0.09024833,-0.18735244,-1.00000000,-0.55590741,-0.41900955
2591,-0.02833592,0.08194008,1.00000000,-0.92870439,-0.40806343
2592,-0.10125916,-0.32828333,-1.00000000,-0.28607898,-0.55498647
2593,0.04286171,-0.07244300,-1.00000000,-0.77591477,-0.33423862
2594,-0.03827581,-0.37378334,-1.00000000,-0.19896396,-0.43970144
2595,-0.06247813,0.22176665,1.00000000,-0.66099032,-0.37778342
2596,-0.20451444,-0.11351756,-1.00000000,-0.69727279,-0.77060110
2597,0.07669615,-0.21352866,-1.00000000,-0.50579002,-0.37382176
2598,0.05643329,-0.80046463,-1.00000000,0.61796655,-0.34356179
2599,0.03186580,0.36158055,1.00000000,-0.39330048,-0.18717003
2600,-0.03075431,0.27784842,1.00000000,-0.55361529,-0.11643679
2601,0.05980582,0.17632832,1.00000000,-0.74798724,0.47290677
2602,0.01180246,-0.08243647,-1.00000000,-0.75678111,0.32821609
2603,-0.23345004,0.29178474,1.00000000,-0.52693262,-0.31812434
2604,0.03829652,0.09342067,1.00000000,-0.90672348,-0.30378606
2605,0.02454160,-0.92003508,-1.00000000,0.84689795,-0.18049515
2606,0.02904662,0.20290192,1.00000000,-0.69710900,-0.24907763
2607,0.02510476,0.14606253,1.00000000,-0.80593457,-0.21941807
2608,-0.04399604,0.16467861,1.00000000,-0.77029194,0.20299940
2609,0.05337107,0.14838969,1.00000000,-0.80147896,0.23661049
2610,0.03471335,-0.13715521,-1.00000000,-0.65201579,0.25929001
2611,0.01951966,0.26519444,1.00000000,-0.57784280,0.23804816
2612,0.01951021,0.18809522,1.00000000,-0.72545814,0.22557423
2613,0.06992895,0.12531040,1.00000000,-0.84566693,0.47958788
2614,0.07507466,0.12527136,1.00000000,-0.84574166,0.52797943
2615,-0.01658625,0.33361646,1.00000000,-0.44684096,0.41359892
2616,0.01061278,0.35488006,1.00000000,-0.40612935,0.39373964
2617,0.01997422,-0.02388986,-1.00000000,-0.86887536,0.39477421
2618,-0.03563200,0.08850455,1.00000000,-0.91613596,0.15940949
2619,0.01258206,0.12718877,1.00000000,-0.84207055,0.02007241
2620,-0.02853858,-0.10259256,-1.00000000,-0.71818997,-0.00657719
2621,0.00202375,0.09664218,1.00000000,-0.90055554,-0.02572778
2622,0.01804809,-0.07328042,-1.00000000,-0.77431144,-0.03002239
2623,0.02631945,0.05301215,1.00000000,-0.98409025,0.10810811
2624,0.00774527,0.11922943,1.00000000,-0.85730964,0.09732374
2625,-0.01457701,0.15340914,1.00000000,-0.79186864,0.12845324
2626,0.02229792,0.07665515,1.00000000,-0.93882300,0.17365770
2627,0.00632840,-0.01558710,-1.00000000,-0.88477195,0.14752681
2628,-0.00250304,0.13679101,1.00000000,-0.82368597,0.08326254
2629,-0.00268288,0.07080022,1.00000000,-0.95003295,0.06001135
2630,0.01100647,0.03430610,-1.00000000,-0.98029824,0.11705375
2631,-0.00934693,0.03356297,-1.00000000,-0.97887542,0.04649657
2632,-0.00922571,0.09013141,1.00000000,-0.91302114,0.01181623
2633,0.04630824,0.00602512,-1.00000000,-0.92615102,0.12064864
2634,-0.00393311,0.00652604,-1.00000000,-0.92711010,0.11786106
2635,0.00696814,0.23600872,1.00000000,-0.63372223,0.10885695
2636,0.02017152,0.02839664,-1.00000000,-0.96898389,0.17467298
2637,0.02625740,0.07344382,1.00000000,-0.94497147,0.25378816
2638,-0.00274211,0.12800408,1.00000000,-0.84050955,0.14442270
2639,0.02750003,0.15315273,1.00000000,-0.79235956,0.21450784
2640,0.01550662,0.03331821,-1.00000000,-0.97840679,0.23354572
2641,-0.01289326,0.15828767,1.00000000,-0.78252814,0.15982259
2642,-0.00299184,0.10872734,1.00000000,-0.87741710,0.09460681
2643,0.02707592,-0.00862936,-1.00000000,-0.89809333,0.16109079
2644,0.02738353,0.03228623,-1.00000000,-0.97643094,0.16083103
2645,0.00208400,0.15653511,1.00000000,-0.78588362,0.13090319
2646,0.01454157,0.15780626,1.00000000,-0.78344985,0.19207347
2647,-0.01338680,0.05326111,1.00000000,-0.98361359,0.16889627
2648,0.01264514,0.10473947,1.00000000,-0.88505233,0.13672057
2649,0.01999617,-0.01066882,-1.00000000,-0.89418856,0.12024927
2650,-0.00678421,0.09690284,1.00000000,-0.90005646,0.10047620
2651,0.04450762,0.12727948,1.00000000,-0.84189689,0.16729022
2652,-0.03742878,0.01661504,-1.00000000,-0.94642665,0.11368487
2653,0.02540127,0.22856805,1.00000000,-0.64796824,0.14212668
2654,-0.00755013,-0.11001734,-1.00000000,-0.70397436,0.08070787
2655,0.00596438,0.14961496,1.00000000,-0.79913304,0.10913287
2656,0.02173487,0.01345003,-1.00000000,-0.94036688,0.05835744
2657,0.00246424,0.06929600,1.00000000,-0.95291294,0.14730520
2658,0.08144000,0.13446432,1.00000000,-0.82814069,0.27225236
2659,0.08865044,0.05483239,1.00000000,-0.98060518,0.48674667
2660,0.00367212,0.38118356,1.00000000,-0.35576828,0.48163570
2661,0.01681053,0.41097922,1.00000000,-0.29872104,0.47065612
2662,-0.00612489,0.05982368,1.00000000,-0.97104879,0.45150529
2663,-0.05362873,0.11411550,1.00000000,-0.86710084,0.15034833
2664,0.03920793,0.01933956,-1.00000000,-0.95164306,0.04010848
2665,0.02126793,-0.17696032,-1.00000000,-0.57580431,0.07934111
2666,0.02081686,0.20666816,1.00000000,-0.68989811,0.08827385
2667,-0.05855993,0.13253478,1.00000000,-0.83183502,-0.02863831
2668,0.02491105,0.13067083,1.00000000,-0.83540375,0.14647846
2669,-0.00227086,-0.19733751,-1.00000000,-0.53678984,0.05399497
2670,-0.00137644,0.14758922,1.00000000,-0.80301154,0.00350578
2671,0.08408155,0.03526553,-1.00000000,-0.98213517,0.14456434
2672,0.01749155,0.03896154,-1.00000000,-0.98921161,0.31413306
2673,0.01958604,0.39209919,1.00000000,-0.33486904,0.30226010
2674,0.02228617,0.11692965,1.00000000,-0.86171283,0.35701387
2675,0.00854424,0.12558469,1.00000000,-0.84514175,0.37913359
2676,-0.01703829,0.13674246,1.00000000,-0.82377893,0.15367103
2677,-0.00136705,0.07995672,1.00000000,-0.93250176,0.11162282
2678,-0.07058484,-0.02575783,-1.00000000,-0.86529892,-0.08942732
2679,-0.01291322,0.03900036,-1.00000000,-0.98928593,-0.16790990
2680,0.04456163,-0.24702799,-1.00000000,-0.44165168,-0.08760345
2681,0.05155642,-0.00871184,-1.00000000,-0.89793543,0.06533923
2682,0.01631309,0.22879124,1.00000000,-0.64754093,0.10475988
2683,0.03430417,0.25769577,1.00000000,-0.59219987,0.33862641
2684,0.03900408,0.11205991,1.00000000,-0.87103650,0.45438419
2685,-0.01715505,0.18640437,1.00000000,-0.72869548,0.31677714
2686,0.04625893,0.20582579,1.00000000,-0.69151093,0.30496555
2687,-0.01166124,-0.02624034,-1.00000000,-0.86437509,0.24259239
2688,-0.03728343,0.23580498,1.00000000,-0.63411232,0.08297658
2689,0.03033596,-0.00353826,-1.00000000,-0.90784083,0.06364964
2690,-0.03174837,-0.10941675,-1.00000000,-0.70512426,0.03111154
2691,-0.00668934,0.17000654,1.00000000,-0.76009100,-0.08694496
2692,0.00842857,-0.08654425,-1.00000000,-0.74891630,-0.04215158
2693,0.01389062,0.01700708,-1.00000000,-0.94717725,0.07194903
2694,0.02479146,0.07947875,1.00000000,-0.93341690,0.05958670
2695,-0.01195397,0.10204956,1.00000000,-0.89020247,0.10372145
2696,0.01607637,0.14709505,1.00000000,-0.80395770,0.15448118
2697,0.03542582,-0.00474791,-1.00000000,-0.90552483,0.21467580
2698,0.02184932,0.11108172,1.00000000,-0.87290937,0.23242096
2699,-0.02297408,0.19103937,1.00000000,-0.71982123,0.12592018
2700,-0.00388231,0.13493724,1.00000000,-0.82723522,0.14391720
2701,-0.05709321,-0.05028626,-1.00000000,-0.81833640,-0.01922587
2702,0.00499114,0.02860654,-1.00000000,-0.96938577,-0.08708479
2703,-0.02065078,-0.19127658,-1.00000000,-0.54839419,-0.18184543
2704,-0.01545612,0.06527426,1.00000000,-0.96061302,-0.16508296
2705,0.01777219,-0.04068570,-1.00000000,-0.83671778,-0.11680084
2706,-0.01486839,-0.01921984,-1.00000000,-0.87781665,-0.02265396
2707,0.00228847,0.11808935,1.00000000,-0.85949245,-0.02867999
2708,-0.01020683,-0.01679116,-1.00000000,-0.88246664,-0.00539357
2709,-0.01874492,0.05410605,1.00000000,-0.98199586,-0.01272647
2710,-0.00235632,0.00247176,-1.00000000,-0.91934771,-0.05760614
2711,0.00793954,-0.03281013,-1.00000000,-0.85179646,-0.00675229
2712,-0.00003897,0.03491241,-1.00000000,-0.98145908,-0.01194170
2713,-0.01026157,0.07745792,1.00000000,-0.93728601,-0.01206373
2714,0.02361966,0.04448836,-1.00000000,-0.99979333,0.08239474
2715,0.02475120,0.00224559,-1.00000000,-0.91891469,0.14283522
2716,0.00088722,0.14225280,1.00000000,-0.81322874,0.12711098
2717,0.01413928,0.14692869,1.00000000,-0.80427621,0.15872361
2718,-0.01694290,0.04831567,1.00000000,-0.99308221,0.14382653
2719,0.01984767,0.10307707,1.00000000,-0.88823519,0.13541629
2720,-0.02238018,-0.02536366,-1.00000000,-0.86605359,0.03032946
2721,0.04407518,0.12666584,1.00000000,-0.84307177,0.12662379
2722,0.00813238,-0.04783212,-1.00000000,-0.82303514,0.11323048
2723,-0.03664453,0.22678106,1.00000000,-0.65138965,0.06930260
2724,-0.00335259,0.07825481,1.00000000,-0.93576027,0.01757397
2725,-0.04578393,-0.10677662,-1.00000000,-0.71017910,-0.03460835
2726,0.03415115,0.03079552,-1.00000000,-0.97357683,-0.05673552
2727,0.02574302,-0.14454329,-1.00000000,-0.63787045,-0.01746984
2728,-0.06169986,0.18577206,1.00000000,-0.72990611,-0.07333462
2729,-0.05456367,0.15102716,1.00000000,-0.79642922,-0.18751778
2730,-0.01167677,-0.21031262,-1.00000000,-0.51194749,-0.11147052
2731,-0.04545388,-0.18082379,-1.00000000,-0.56840725,-0.28896245
2732,0.30567639,-0.00360245,-1.00000000,-0.90771793,0.33519300
2733,-0.23623941,-0.14317945,-1.00000000,-0.64048169,-0.05397036
2734,0.12304862,1.30779452,1.00000000,1.41833521,0.34204417
2735,-0.06954910,-0.93156159,-1.00000000,0.86896677,0.21300872
2736,-0.06641216,0.55312266,1.00000000,-0.02657105,0.16627894
2737,-0.06143119,-0.24274800,-1.00000000,-0.44984623,-0.65224511
2738,0.14694316,-0.22978526,-1.00000000,-0.47466488,0.20212065
2739,-0.17955140,-0.20920240,-1.00000000,-0.51407313,-0.47257367
2740,0.06932069,0.65186194,1.00000000,0.16247668,-0.16294167
2741,-0.00769734,-0.69731002,-1.00000000,0.42046515,-0.03202775
2742,-0.15316721,0.33110296,1.00000000,-0.45165335,-0.23656763
2743,0.01338069,0.01284172,-1.00000000,-0.93920219,-0.53436614
2744,0.03268884,-0.58828274,-1.00000000,0.21171986,-0.06114316
2745,0.14837655,0.09994238,1.00000000,-0.89423692,0.11512431
2746,-0.06058803,0.17972934,1.00000000,-0.74147559,-0.00280379
2747,0.07762640,0.65778513,1.00000000,0.17381731,0.51178684
2748,-0.05608073,-0.20571821,-1.00000000,-0.52074402,0.35691169
2749,-0.09761542,0.36542462,1.00000000,-0.38594057,0.06637786
2750,-0.03414883,-0.18709272,-1.00000000,-0.55640468,-0.34059115
2751,-0.03196192,-0.35872635,-1.00000000,-0.22779230,-0.27676474
2752,-0.02426790,-0.09646362,-1.00000000,-0.72992452,-0.50395410
2753,-0.10646851,-0.08742668,-1.00000000,-0.74722680,-0.61630158
2754,-0.01045266,-0.05563273,-1.00000000,-0.80809998,-0.42195850
2755,0.12029591,-0.39530992,-1.00000000,-0.15774885,-0.07759969
2756,0.14919366,0.00145594,-1.00000000,-0.91740280,0.32631513
2757,0.03259029,0.54174763,1.00000000,-0.04834985,0.45308940
2758,-0.02550234,0.66116165,1.00000000,0.18028205,0.63361621
2759,-0.14029327,0.17932211,1.00000000,-0.74225528,0.34411616
2760,0.18300592,-0.06073379,-1.00000000,-0.79833341,0.48393798
2761,-0.03249105,-0.53508382,-1.00000000,0.10986439,0.07884337
2762,0.06360527,0.80088391,1.00000000,0.44779642,0.14799615
2763,0.07776700,-0.08961322,-1.00000000,-0.74304040,0.37825136
2764,0.13404206,0.30748518,1.00000000,-0.49687230,0.98992509
2765,0.04331758,0.36600560,1.00000000,-0.38482822,0.67846798
2766,0.11848376,0.59855077,1.00000000,0.06040630,1.01509005
2767,-0.00792204,0.22365043,1.00000000,-0.65738361,0.85560866
2768,0.17894043,0.53425930,1.00000000,-0.06268712,1.08119074
2769,-0.03383244,0.01191319,-1.00000000,-0.93742441,0.70688817
2770,0.13163186,0.78408413,1.00000000,0.41563130,0.90379874
2771,-0.00722895,-0.09515622,-1.00000000,-0.73242769,0.62350250
2772,0.04158288,0.58859112,1.00000000,0.04133741,0.73388150
2773,0.22858496,0.01477726,-1.00000000,-0.94290801,0.84457177
2774,-0.02202678,0.21648214,1.00000000,-0.67110812,0.87089435
2775,-0.01222388,0.98922996,1.00000000,0.80840665,0.55014537
2776,0.07972288,-0.04637173,-1.00000000,-0.82583122,0.74401814
2777,-0.05534831,-0.00586328,-1.00000000,-0.90338931,0.52789483
2778,0.06646211,0.37408790,1.00000000,-0.36935373,0.16641645
2779,0.03265889,-0.18406615,-1.00000000,-0.56219939,0.28834673
2780,0.00049063,0.31929047,1.00000000,-0.47426972,0.31669574
2781,-0.03147996,0.17960557,1.00000000,-0.74171256,0.06875152
2782,0.01246909,0.04667686,1.00000000,-0.99621990,0.21996108
2783,-0.00441788,-0.08543510,-1.00000000,-0.75103990,0.06192301
2784,0.02071794,0.09617539,1.00000000,-0.90144926,0.03529881
2785,0.00732305,0.02639344,-1.00000000,-0.96514853,0.05053276
2786,0.04019267,0.13026207,1.00000000,-0.83618637,0.21033817
2787,-0.01826680,0.07491043,1.00000000,-0.94216347,0.14180767
2788,-0.01321459,0.21073740,1.00000000,-0.68210708,0.12219401
2789,-0.03866893,-0.03083440,-1.00000000,-0.85557924,-0.01021836
2790,-0.03856201,-0.00995718,-1.00000000,-0.89555107,-0.11252632
2791,0.02056557,-0.11514203,-1.00000000,-0.69416256,-0.15628802
2792,-0.03283792,-0.11470020,-1.00000000,-0.69500849,-0.18877663
2793,-0.01473442,0.12963243,1.00000000,-0.83739189,-0.19216533
2794,0.00216190,-0.09104658,-1.00000000,-0.74029608,-0.10112658
2795,0.02849380,-0.01623757,-1.00000000,-0.88352655,0.04838489
2796,0.00425647,0.05358302,1.00000000,-0.98299726,0.01202117
2797,0.01272280,0.16239421,1.00000000,-0.77466569,0.11360596
2798,-0.05752072,0.06223839,1.00000000,-0.96642556,0.01820717
2799,-0.19041461,0.09722377,1.00000000,-0.89944201,-0.41117243
2800,-0.07427991,-0.19304321,-1.00000000,-0.54501178,-0.64032256
2801,0.03134581,-0.74220000,-1.00000000,0.50641220,-0.57992262
2802,-0.08561394,-0.26229710,-1.00000000,-0.41241722,-0.79917984
2803,0.03677734,0.17417955,1.00000000,-0.75210130,-0.58892748
2804,0.03030840,-0.30913269,-1.00000000,-0.32274509,-0.09679082
2805,0.02045520,0.19662425,1.00000000,-0.70912833,0.11443599
2806,0.03474396,0.16989268,1.00000000,-0.76030900,0.12201270
2807,-0.01640598,0.12917634,1.00000000,-0.83826512,0.27632274
2808,0.05250568,0.18822172,1.00000000,-0.72521596,0.31139152
2809,0.05738453,-0.02314494,-1.00000000,-0.87030160,0.37176200
2810,-0.04409097,0.26161836,1.00000000,-0.58468961,0.22784616
2811,0.04391855,0.28177922,1.00000000,-0.54608934,0.24830236
2812,-0.02334337,-0.13754750,-1.00000000,-0.65126471,0.23283434
2813,-0.02426686,0.22613385,1.00000000,-0.65262881,0.06165791
2814,-0.08464313,-0.05181231,-1.00000000,-0.81541461,-0.25501508
2815,-0.10680314,-0.05562843,-1.00000000,-0.80810821,-0.39484171
2816,0.10360923,-0.30512102,-1.00000000,-0.33042589,-0.26175198
2817,-0.03999159,-0.39669269,-1.00000000,-0.15510137,-0.29887178
2818,0.00877313,0.47279333,1.00000000,-0.18037080,-0.22520394
2819,0.07410367,-0.12060764,-1.00000000,-0.68369802,0.12874701
2820,0.02602992,0.08090256,1.00000000,-0.93069085,0.42491919
2821,-0.09014180,0.35086765,1.00000000,-0.41381156,-0.00707918
2822,-0.02722906,0.15221273,1.00000000,-0.79415931,0.02137689
2823,-0.03198817,-0.32784313,-1.00000000,-0.28692178,-0.06950682
2824,-0.05887071,-0.06786909,-1.00000000,-0.78467205,-0.36599410
2825,-0.03266237,-0.08753515,-1.00000000,-0.74701911,-0.49685779
2826,-0.01979447,-0.19862174,-1.00000000,-0.53433102,-0.34000737
2827,0.02977009,-0.09032116,-1.00000000,-0.74168497,-0.21291881
2828,-0.04403109,-0.03714720,-1.00000000,-0.84349265,-0.23977039
2829,0.06740277,0.16766823,1.00000000,-0.76456798,0.04177617
2830,-0.06390244,-0.13730006,-1.00000000,-0.65173846,-0.02787848
2831,0.06203312,0.32317756,1.00000000,-0.46682744,0.15456899
2832,0.00578007,-0.21941436,-1.00000000,-0.49452116,0.10107946
2833,0.03960676,0.30098857,1.00000000,-0.50931083,0.28756319
2834,0.00766879,0.06853436,1.00000000,-0.95437118,0.15437690
2835,-0.00662312,0.20831622,1.00000000,-0.68674271,0.28209015
2836,0.06802645,0.07633913,1.00000000,-0.93942807,0.29545323
2837,-0.03211656,0.01728072,-1.00000000,-0.94770117,0.21095674
2838,0.01141954,0.32575478,1.00000000,-0.46189306,0.14810892
2839,0.05585898,-0.08806568,-1.00000000,-0.74600334,0.25555652
2840,0.01534188,0.09183833,1.00000000,-0.90975306,0.30453094
2841,-0.01349620,0.27547521,1.00000000,-0.55815909,0.12276338
2842,-0.01091246,0.10804659,1.00000000,-0.87872047,0.17004124
2843,0.00386514,-0.01112087,-1.00000000,-0.89332305,0.15319752
2844,0.03242862,-0.00044411,-1.00000000,-0.91376495,0.10095586
2845,0.04259342,0.06062131,1.00000000,-0.96952164,0.16171744
2846,0.00098698,0.17865406,1.00000000,-0.74353433,0.19400997
2847,-0.01281434,0.22065799,1.00000000,-0.66311296,0.18976944
2848,-0.00241037,0.04872790,1.00000000,-0.99229294,0.17577721
2849,-0.01137288,-0.00830321,-1.00000000,-0.89871779,0.07811487
2850,0.01180189,0.03468905,-1.00000000,-0.98103143,0.00946032
2851,-0.00734699,-0.00234670,-1.00000000,-0.91012221,-0.00912159
2852,-0.00428107,0.09341831,1.00000000,-0.90672800,0.00990467
2853,-0.03975964,0.01428946,-1.00000000,-0.94197407,-0.07337140
2854,0.00240840,0.02695876,-1.00000000,-0.96623091,-0.04264387
2855,0.01730155,-0.11964917,-1.00000000,-0.68553311,-0.03038152
2856,-0.02192611,0.05460163,1.00000000,-0.98104702,-0.06288795
2857,0.01301499,0.11614452,1.00000000,-0.86321606,-0.02432367
2858,0.03057121,-0.04595576,-1.00000000,-0.82662764,0.13249000
2859,0.00326465,0.09843119,1.00000000,-0.89713027,0.13439915
2860,0.02832504,0.17097866,1.00000000,-0.75822977,0.15897776
2861,-0.02396695,0.05813991,1.00000000,-0.97427256,0.15442738
2862,0.00244504,0.16169684,1.00000000,-0.77600089,0.13086003
2863,-0.00447014,-0.05438912,-1.00000000,-0.81048101,0.05272985
2864,-0.00157123,0.05475306,1.00000000,-0.98075709,0.04194749
2865,-0.02466078,0.02617748,-1.00000000,-0.96473505,-0.07619272
2866,0.01505433,0.03815662,-1.00000000,-0.98767049,0.01081137
2867,-0.05449815,-0.05725621,-1.00000000,-0.80499163,-0.11615244
2868,-0.01135178,0.10685835,1.00000000,-0.88099549,-0.13149615
2869,-0.00432985,-0.18055305,-1.00000000,-0.56892561,-0.13764693
2870,0.00318042,-0.00225952,-1.00000000,-0.91028914,-0.07557059
2871,0.00613696,0.02675719,-1.00000000,-0.96584498,-0.09545327
2872,-0.00625785,0.05779185,1.00000000,-0.97493896,0.01210606
2873,-0.00375562,0.07000914,1.00000000,-0.95154755,0.02904290
2874,-0.02201663,0.01879012,-1.00000000,-0.95059110,-0.01039255
2875,0.02701279,0.02913008,-1.00000000,-0.97038813,0.04274547
2876,0.01571558,-0.04632979,-1.00000000,-0.82591151,0.06410250
2877,0.02963124,0.15627425,1.00000000,-0.78638306,0.14412287
2878,0.06035111,0.10959082,1.00000000,-0.87576388,0.28705889
2879,-0.02124160,0.16709445,1.00000000,-0.76566654,0.28878693
2880,-0.04091925,0.29403800,1.00000000,-0.52261849,0.13732176
2881,0.03876188,-0.04312716,-1.00000000,-0.83204333,0.18870710
2882,-0.03079588,-0.12444103,-1.00000000,-0.67635855,0.05397534
2883,-0.00154755,0.20482492,1.00000000,-0.69342720,-0.08403744
2884,-0.00896651,-0.08260826,-1.00000000,-0.75645222,-0.05666820
2885,0.01664156,0.03825446,-1.00000000,-0.98785783,0.07167269
2886,0.00100543,0.00759715,-1.00000000,-0.92916085,-0.01251124
2887,0.01239035,0.11341726,1.00000000,-0.86843770,0.08377924
2888,0.02607271,0.04880413,1.00000000,-0.99214698,0.14536295
2889,0.10407143,0.09584999,1.00000000,-0.90207227,0.39739880
2890,0.01446004,0.15238953,1.00000000,-0.79382080,0.39253475
2891,-0.01430576,0.47470330,1.00000000,-0.17671395,0.35839605
2892,-0.03203782,0.10440256,1.00000000,-0.88569738,0.25933647
2893,-0.05040754,-0.01446622,-1.00000000,-0.88691800,0.08881173
2894,-0.02750630,-0.08774031,-1.00000000,-0.74662631,-0.20456149
2895,0.01077202,-0.16364945,-1.00000000,-0.60128951,-0.21278451
2896,0.01190910,-0.06901473,-1.00000000,-0.78247859,-0.15433436
2897,0.00790374,0.08916258,1.00000000,-0.91487608,-0.06527838
2898,-0.03257687,0.09386132,1.00000000,-0.90587981,-0.02552209
2899,0.02265052,0.07731000,1.00000000,-0.93756922,0.08631041
2900,0.01804626,-0.08996783,-1.00000000,-0.74236146,0.10252946
2901,0.07000116,0.13824803,1.00000000,-0.82089633,0.23205484
2902,0.04484566,0.11922186,1.00000000,-0.85732412,0.31442266
2903,0.02769288,0.33391489,1.00000000,-0.44626959,0.44880354
2904,-0.00811485,0.22996491,1.00000000,-0.64529380,0.38020731
2905,0.04326805,0.15908458,1.00000000,-0.78100236,0.43644327
2906,0.03995540,0.01111644,-1.00000000,-0.93589895,0.36945152
2907,-0.03027935,0.22344577,1.00000000,-0.65777544,0.20194850
2908,0.06360595,0.20975692,1.00000000,-0.68398433,0.28202233
2909,0.02463403,-0.08047382,-1.00000000,-0.76053884,0.35504111
2910,0.04440280,0.30748799,1.00000000,-0.49686693,0.35757121
2911,0.00839502,0.14644449,1.00000000,-0.80520328,0.28720238
2912,-0.02498041,0.22813489,1.00000000,-0.64879759,0.29901720
2913,-0.02640603,0.07934011,1.00000000,-0.93368235,0.09832133
2914,0.01781653,-0.05857703,-1.00000000,-0.80246277,0.08312063
2915,0.03401728,-0.06446812,-1.00000000,-0.79118359,0.05996448
2916,-0.02343887,0.11827255,1.00000000,-0.85914169,-0.01101417
2917,-0.00678287,0.18521885,1.00000000,-0.73096530,0.02956012
2918,-0.02063868,-0.05220692,-1.00000000,-0.81465909,0.04241935
2919,0.01142361,0.01662060,-1.00000000,-0.94643731,0.02816534
2920,-0.00335690,-0.04063570,-1.00000000,-0.83681351,-0.05516626
2921,-0.01420303,0.09185514,1.00000000,-0.90972086,-0.03457350
2922,0.02087582,0.03077771,-1.00000000,-0.97354271,0.02709589
2923,-0.01345733,-0.01404170,-1.00000000,-0.88773079,0.04310782
2924,0.01795714,0.13091447,1.00000000,-0.83493728,0.05767535
2925,0.05093664,-0.01096027,-1.00000000,-0.89363054,0.17873132
2926,-0.04646368,0.11885361,1.00000000,-0.85802918,0.10680113
2927,-0.02563065,0.25513464,1.00000000,-0.59710346,0.00310765
2928,0.00603543,-0.14735223,-1.00000000,-0.63249242,0.04656982
2929,-0.02835501,-0.06126400,-1.00000000,-0.79731825,-0.05669038
2930,0.02543113,0.06958957,1.00000000,-0.95235086,-0.11355891
2931,0.05478943,-0.07252185,-1.00000000,-0.77576381,0.11220081
2932,-0.01648041,0.14973837,1.00000000,-0.79889676,0.13260270
2933,0.00666030,0.27105552,1.00000000,-0.56662109,0.13399595
2934,0.01715464,-0.02345252,-1.00000000,-0.86971269,0.23546686
2935,0.00471680,0.07217173,1.00000000,-0.94740703,0.18928098
2936,-0.01456724,0.11553744,1.00000000,-0.86437837,0.03463939
2937,-0.00266061,0.06414060,1.00000000,-0.96278355,0.06545280
2938,-0.00225364,-0.01554671,-1.00000000,-0.88484928,0.04557778
2939,0.00960230,0.03365497,-1.00000000,-0.97905156,0.02873865
2940,-0.01355007,0.03533670,-1.00000000,-0.98227144,-0.01199020
2941,-0.08955922,0.08432893,1.00000000,-0.92413066,-0.17919661
2942,0.03895417,-0.01134347,-1.00000000,-0.89289686,-0.08640991
2943,0.00037764,-0.32543573,-1.00000000,-0.29153103,-0.08054307
2944,0.07781288,0.20561955,1.00000000,-0.69190580,0.07154314
2945,0.09157675,0.04620991,1.00000000,-0.99711392,0.30593990
2946,0.00530515,0.36619519,1.00000000,-0.38446523,0.51745493
2947,-0.01904377,0.42307158,1.00000000,-0.27556883,0.38813940
2948,-0.04462280,0.06657187,1.00000000,-0.95812861,0.28780386
2949,0.00066098,-0.03404507,-1.00000000,-0.84943203,0.11578158
2950,0.00372707,-0.13974518,-1.00000000,-0.64705700,-0.08009308
2951,-0.03411787,0.04738078,1.00000000,-0.99487216,-0.16799291
2952,0.00676302,0.06005076,1.00000000,-0.97061402,-0.11045263
2953,0.00950223,-0.09633571,-1.00000000,-0.73016943,0.01022764
2954,0.02173317,0.07259618,1.00000000,-0.94659436,0.05721139
2955,0.02114221,0.08391544,1.00000000,-0.92492233,0.09604118
2956,-0.01202175,0.13445727,1.00000000,-0.82815419,0.14530795
2957,-0.01017539,0.13201526,1.00000000,-0.83282969,0.10754111
2958,0.03400792,-0.00502802,-1.00000000,-0.90498852,0.16218039
2959,0.02441180,0.00260169,-1.00000000,-0.91959647,0.16815283
2960,-0.00609178,0.18518018,1.00000000,-0.73103933,0.10743037
2961,-0.02526351,0.14552618,1.00000000,-0.80696148,0.07790579
2962,-0.00065622,0.01947639,-1.00000000,-0.95190503,0.09913028
2963,-0.03303511,-0.05974688,-1.00000000,-0.80022295,-0.05035268
2964,-0.01341506,0.04193772,-1.00000000,-0.99490985,-0.13469361
2965,-0.02300207,-0.09186140,-1.00000000,-0.73873600,-0.17239777
2966,-0.00456821,-0.01078558,-1.00000000,-0.89396501,-0.12625435
2967,-0.04468953,-0.05040195,-1.00000000,-0.81811490,-0.22443353
2968,-0.03754430,0.02577221,-1.00000000,-0.96395912,-0.23448748
2969,0.02356460,-0.14002092,-1.00000000,-0.64652906,-0.15203553
2970,-0.07332084,-0.11049471,-1.00000000,-0.70306040,-0.26422912
2971,0.00938978,0.14202528,1.00000000,-0.81366436,-0.23310758
2972,-0.00566416,-0.25833395,-1.00000000,-0.42000512,-0.14609440
2973,0.04197694,0.08345076,1.00000000,-0.92581202,0.03121068
2974,0.02164733,0.02124341,-1.00000000,-0.95528819,0.02693584
2975,0.01155610,0.21811051,1.00000000,-0.66799041,0.21618231
2976,-0.00201634,0.13410257,1.00000000,-0.82883329,0.19075057
2977,0.03325502,0.09240261,1.00000000,-0.90867268,0.27752701
2978,0.02544413,0.03631730,-1.00000000,-0.98414890,0.24066451
2979,0.02006700,0.18206897,1.00000000,-0.73699609,0.23714091
2980,-0.00084604,0.14979206,1.00000000,-0.79879396,0.20948840
2981,-0.01225130,0.12757217,1.00000000,-0.84133650,0.18666794
2982,-0.02505065,0.04115333,-1.00000000,-0.99340803,0.05666629
2983,-0.01649379,-0.00597660,-1.00000000,-0.90317236,-0.03684090
2984,0.06880730,-0.05886726,-1.00000000,-0.80190709,0.07183326
2985,0.00217651,-0.02350782,-1.00000000,-0.86960682,0.07857250
2986,0.08775528,0.32898148,1.00000000,-0.45571517,0.30155289
2987,-0.02455479,0.05364338,1.00000000,-0.98288169,0.30265848
2988,0.00475274,0.40728013,1.00000000,-0.30580338,0.35003096
2989,0.01054482,-0.05681823,-1.00000000,-0.80583019,0.22012562
2990,0.00778520,0.06428913,1.00000000,-0.96249918,0.23263108
2991,0.00301141,0.08822373,1.00000000,-0.91667363,0.04368130
2992,0.00482329,0.07682015,1.00000000,-0.93850709,0.10918435
2993,-0.00562131,0.05709343,1.00000000,-0.97627617,0.08605379
2994,-0.01749796,0.06458068,1.00000000,-0.96194098,0.02352801
2995,0.06515689,0.02142051,-1.00000000,-0.95562729,0.15144720
2996,-0.01623999,-0.02765731,-1.00000000,-0.86166213,0.10852320
2997,0.01368180,0.31389691,1.00000000,-0.48459631,0.12827463
2998,-0.01859304,-0.02245901,-1.00000000,-0.87161488,0.09935211
2999,-0.00310001,0.10118664,1.00000000,-0.89185464,0.13145459
3000,0.04267148,-0.03218252,-1.00000000,-0.85299810,0.08131985
3001,0.03753398,0.03183925,-1.00000000,-0.97557516,0.20121736
3002,0.00947396,0.22098059,1.00000000,-0.66249532,0.19183533
3003,0.14213598,0.19975089,1.00000000,-0.70314203,0.55020594
3004,0.00289792,0.08379862,1.00000000,-0.92514600,0.56357926
3005,0.00202550,0.63199725,1.00000000,0.12444345,0.47295265
3006,-0.00272374,0.05662446,1.00000000,-0.97717407,0.38319175
3007,-0.00706958,0.05301938,1.00000000,-0.98407640,0.34630532
3008,-0.01673692,0.03339413,-1.00000000,-0.97855215,-0.00792679
3009,0.12416316,0.01543581,-1.00000000,-0.94416887,0.26245314
3010,-0.03348913,-0.02451251,-1.00000000,-0.86768323,0.18326769
3011,-0.03179185,0.55772827,1.00000000,-0.01775307,0.11845576
3012,-0.02770944,-0.09373755,-1.00000000,-0.73514390,0.07243596
3013,-0.00435045,-0.08672391,-1.00000000,-0.74857233,0.10005356
3014,-0.02822801,-0.06985417,-1.00000000,-0.78087138,-0.23972650
3015,-0.02672890,0.02667208,-1.00000000,-0.96568202,-0.22465351
3016,-0.08193464,-0.07199704,-1.00000000,-0.77676861,-0.33645473
3017,0.00574786,-0.06580228,-1.00000000,-0.78862919,-0.26185642
3018,0.00177762,-0.29392871,-1.00000000,-0.35185486,-0.24819294
3019,0.06357916,0.06840128,1.00000000,-0.95462599,-0.04349444
3020,-0.00617749,0.05199505,1.00000000,-0.98603760,0.00232814
3021,0.03458710,0.30737725,1.00000000,-0.49707895,0.26213167
3022,0.00091424,0.01912219,-1.00000000,-0.95122687,0.25135434
3023,-0.05559500,0.18757351,1.00000000,-0.72645701,0.12343307
3024,0.03094846,0.04842731,1.00000000,-0.99286846,0.05067781
3025,-0.00393864,-0.18508554,-1.00000000,-0.56024765,0.05566969
3026,0.05018235,0.17253759,1.00000000,-0.75524502,0.09044174
3027,-0.00779426,0.02837379,-1.00000000,-0.96894013,0.07102479
3028,-0.05774326,0.25201768,1.00000000,-0.60307123,0.06623491
3029,-0.07608548,0.01244124,-1.00000000,-0.93843544,-0.17241409
3030,0.03296195,-0.19396278,-1.00000000,-0.54325116,-0.09013843
3031,-0.01667097,-0.26975827,-1.00000000,-0.39813195,-0.23919840
3032,0.01530468,0.18085791,1.00000000,-0.73931480,-0.18769569
3033,-0.06749997,-0.02423996,-1.00000000,-0.86820505,-0.20944981
3034,-0.00466008,0.10789286,1.00000000,-0.87901480,-0.05019566
3035,-0.02468398,-0.23428038,-1.00000000,-0.46605845,-0.17872631
3036,0.03895461,0.02539257,-1.00000000,-0.96323225,-0.05470034
3037,-0.06396023,-0.05735207,-1.00000000,-0.80480810,-0.23143392
3038,0.03159443,0.20562137,1.00000000,-0.69190231,-0.01048740
3039,-0.08774224,-0.21965317,-1.00000000,-0.49406394,-0.19573213
3040,-0.01703967,0.17520690,1.00000000,-0.75013431,-0.17868796
3041,0.03891662,-0.31792745,-1.00000000,-0.30590650,-0.17877267
3042,-0.02325266,-0.02576355,-1.00000000,-0.86528796,-0.08800875
3043,-0.02193557,0.20546437,1.00000000,-0.69220291,-0.20736227
3044,0.04031502,-0.05143747,-1.00000000,-0.81613229,0.07816152
3045,0.03255399,-0.04599483,-1.00000000,-0.82655285,0.18873838
3046,-0.00999840,0.21124297,1.00000000,-0.68113911,0.07967467
3047,-0.11976338,0.17917211,1.00000000,-0.74254247,-0.13551114
3048,-0.03681447,0.00333309,-1.00000000,-0.92099682,-0.16868600
3049,-0.02076887,-0.45024826,-1.00000000,-0.05256306,-0.30488213
3050,-0.01190139,-0.10747886,-1.00000000,-0.70883459,-0.40400238
3051,-0.04744495,-0.04117370,-1.00000000,-0.83578345,-0.48749536
3052,0.02675863,-0.00453064,-1.00000000,-0.90594081,-0.16080152
3053,-0.11758952,-0.15140714,-1.00000000,-0.62472883,-0.34090218
3054,0.04431157,0.15522395,1.00000000,-0.78839398,-0.19579512
3055,0.12624544,-0.44126521,-1.00000000,-0.06976215,0.11222494
3056,0.01678792,0.22775788,1.00000000,-0.64951941,0.25544222
3057,0.00037671,0.56633285,1.00000000,-0.00127862,0.19661960
3058,-0.01421381,0.11402205,1.00000000,-0.86727976,0.42711199
3059,0.01294056,0.04620610,1.00000000,-0.99712122,0.35716540
3060,0.03857977,-0.01408625,-1.00000000,-0.88764550,0.16170102
3061,0.01763053,0.09812362,1.00000000,-0.89771915,0.16357976
3062,-0.16854816,0.20407243,1.00000000,-0.69486794,-0.21306480
3063,0.01568116,0.11750397,1.00000000,-0.86061323,-0.14640926
3064,-0.07352179,-0.65184137,-1.00000000,0.33341018,-0.33919066
3065,-0.04848429,0.10944860,1.00000000,-0.87603616,-0.53331367
3066,-0.05533005,-0.25916435,-1.00000000,-0.41841524,-0.69599076
3067,0.00529776,-0.15570199,-1.00000000,-0.61650583,-0.30837396
3068,0.04605148,-0.18399071,-1.00000000,-0.56234382,-0.24065856
