seq_idx,target_return,feat_logret,feat_sign,feat_absret,feat_rollmean
0,0.00164260,-0.05003227,-1.00000000,-0.85369633,-0.29516996
1,0.01968995,-0.04633807,-1.00000000,-0.86090492,-0.22721316
2,-0.04101539,0.03102951,1.00000000,-0.98868000,-0.25113380
3,0.06139261,0.09632781,1.00000000,-0.86126176,-0.11467443
4,-0.00791725,-0.12331420,-1.00000000,-0.71069941,-0.09503582
5,-0.00562607,0.24721497,1.00000000,-0.56683179,-0.10710920
6,-0.02288674,-0.00355961,-1.00000000,-0.94437962,-0.17782980
7,-0.03873449,0.00473027,-1.00000000,-0.96055587,-0.17404118
8,0.01996046,-0.05772172,-1.00000000,-0.83869171,-0.24286068
9,-0.00844888,-0.11506152,-1.00000000,-0.72680308,-0.24374372
10,0.00682401,0.09730656,1.00000000,-0.85935190,-0.22306394
11,0.08271414,-0.00548313,-1.00000000,-0.94062620,-0.04765909
12,0.02197054,0.04977671,1.00000000,-0.95209810,0.05317299
13,-0.06631168,0.32435981,1.00000000,-0.41629708,-0.09012650
14,-0.11486330,0.10457937,1.00000000,-0.84516028,-0.26688266
15,-0.00442255,-0.21484039,-1.00000000,-0.53210202,-0.28556339
16,-0.05541136,-0.39050822,-1.00000000,-0.18931691,-0.51499218
17,0.05174967,0.00908478,-1.00000000,-0.96905293,-0.46552854
18,0.00853019,-0.17540120,-1.00000000,-0.60906073,-0.34121492
19,0.01005309,0.21232522,1.00000000,-0.63491305,-0.13372667
20,0.01957255,0.05594996,1.00000000,-0.94005209,-0.09387040
21,-0.01914048,0.06146007,1.00000000,-0.92930008,-0.03362385
22,0.00886718,0.09590305,1.00000000,-0.86209061,-0.10485239
23,0.04029279,-0.04416712,-1.00000000,-0.86514114,-0.05209418
24,0.04287817,0.05716925,1.00000000,-0.93767285,0.00242883
25,0.03082137,0.17087232,1.00000000,-0.71580115,0.02111330
26,-0.17947873,0.18022664,1.00000000,-0.69754783,-0.24521125
27,0.00790211,0.13660313,1.00000000,-0.78267149,-0.24681425
28,0.01238367,-0.62429757,-1.00000000,0.26688224,-0.29317178
29,0.06896793,0.05367745,1.00000000,-0.94448649,-0.24983624
30,0.03622957,0.06989248,1.00000000,-0.91284570,-0.24085312
31,-0.04746092,0.27462374,1.00000000,-0.51334834,-0.02156931
32,0.04701814,0.15617091,1.00000000,-0.74448839,0.04340307
33,0.00646108,-0.14663520,-1.00000000,-0.66519257,0.03356555
34,-0.13161241,0.19520574,1.00000000,-0.66831873,-0.29960178
35,0.01557822,0.04846357,1.00000000,-0.95466047,-0.33390402
36,0.00546527,-0.45110927,-1.00000000,-0.07106453,-0.24599272
37,-0.03328265,0.08145090,1.00000000,-0.89029145,-0.37937368
38,0.01754945,0.04486057,1.00000000,-0.96169111,-0.36095571
39,0.04486249,-0.09533585,-1.00000000,-0.76529428,-0.06782792
40,0.01269169,0.08858314,1.00000000,-0.87637414,-0.07262250
41,-0.02942023,0.18740626,1.00000000,-0.68353805,-0.13056791
42,0.01689686,0.07100694,1.00000000,-0.91067102,-0.04721889
43,0.01289165,-0.08136097,-1.00000000,-0.79256383,-0.05495557
44,-0.03597898,0.08622197,1.00000000,-0.88098155,-0.18923463
45,0.05412120,0.07173045,1.00000000,-0.90925922,-0.12041951
46,0.16183644,-0.10509164,-1.00000000,-0.74625756,0.19726105
47,0.00107331,0.22090580,1.00000000,-0.61816954,0.17097787
48,-0.08444283,0.61063744,1.00000000,0.14232378,0.00930364
49,-0.06952626,0.02896974,1.00000000,-0.99269929,-0.04641895
50,0.05858862,-0.28044190,-1.00000000,-0.40409213,-0.03899849
51,0.16186955,-0.22647127,-1.00000000,-0.50940639,-0.03894348
52,-0.00148985,0.23706968,1.00000000,-0.58662854,-0.04320095
53,-0.01644292,0.61075725,1.00000000,0.14255756,0.06974806
54,0.05119123,0.01969577,-1.00000000,-0.98975844,0.27026186
55,-0.07167690,-0.03440691,-1.00000000,-0.88418649,0.05388863
56,0.02391515,0.21030470,1.00000000,-0.63885574,-0.17525597
57,0.03115469,-0.23425262,-1.00000000,-0.49422244,-0.12103284
58,-0.02359792,0.11161529,1.00000000,-0.83143092,-0.13291743
59,-0.00179949,0.13780914,1.00000000,-0.78031818,-0.22093591
60,0.04551504,-0.06029491,-1.00000000,-0.83367058,-0.02627812
61,0.09785850,0.01857545,-1.00000000,-0.98757233,0.09654304
62,-0.02235539,0.18976730,1.00000000,-0.67893090,0.00766191
63,-0.06622005,0.37915464,1.00000000,-0.30937454,-0.06313417
64,0.00645913,-0.05579920,-1.00000000,-0.84244317,-0.04941646
65,-0.03510837,-0.21450886,-1.00000000,-0.53274895,-0.18333331
66,0.10759008,0.04845651,1.00000000,-0.95467425,-0.16716899
67,0.01048793,-0.10194162,-1.00000000,-0.75240429,-0.11261569
68,-0.00031656,0.41436511,1.00000000,-0.24066744,-0.00314888
69,0.01239305,0.06303338,1.00000000,-0.92623004,0.00670746
70,-0.01536771,0.02394093,-1.00000000,-0.99804212,0.03949704
71,0.05936403,0.06992642,1.00000000,-0.91277946,-0.04060725
72,0.01679598,-0.03051662,-1.00000000,-0.89177772,-0.03012947
73,-0.10426047,0.23987524,1.00000000,-0.58115400,-0.20278205
74,0.04851498,0.08585696,1.00000000,-0.88169379,-0.14278292
75,-0.03705357,-0.35214540,-1.00000000,-0.26417525,-0.17880350
76,-0.00215096,0.20062156,1.00000000,-0.65775070,-0.28098094
77,0.01815817,-0.10897967,-1.00000000,-0.73867077,-0.27871832
78,-0.04591348,0.01730379,-1.00000000,-0.98509089,-0.18180300
79,-0.00601779,0.09078558,1.00000000,-0.87207645,-0.27238285
80,0.08524409,-0.14103632,-1.00000000,-0.67611780,-0.06924437
81,-0.04083189,0.00331293,-1.00000000,-0.95779018,-0.13349406
82,-0.08493234,0.33351358,1.00000000,-0.39843509,-0.30472914
83,-0.08303153,-0.12265026,-1.00000000,-0.71199498,-0.36638284
84,0.06143261,-0.28221302,-1.00000000,-0.40063610,-0.25434658
85,-0.00315766,-0.27533557,-1.00000000,-0.41405623,-0.40118338
86,-0.01287410,0.24735970,1.00000000,-0.56654936,-0.35474500
87,0.01828344,0.01366137,-1.00000000,-0.97798335,-0.18330185
88,-0.11832335,-0.02149431,-1.00000000,-0.90938317,-0.24192216
89,0.10533027,0.09123883,1.00000000,-0.87119202,-0.16900741
90,0.02899517,-0.40302723,-1.00000000,-0.16488823,-0.11560102
91,0.00698273,0.40618872,1.00000000,-0.25662224,-0.08261848
92,-0.04679958,0.12999564,1.00000000,-0.79556486,-0.19072247
93,0.07518102,0.05035100,1.00000000,-0.95097748,0.13069156
94,0.01535666,-0.14424234,-1.00000000,-0.66986180,-0.01875613
95,-0.00174227,0.29710374,1.00000000,-0.46948255,-0.06981154
96,0.07124727,0.08064924,1.00000000,-0.89185575,0.03693294
97,-0.02706927,0.01878247,-1.00000000,-0.98797629,0.06970531
98,0.04492163,0.28287078,1.00000000,-0.49725569,0.01944395
99,-0.04359160,-0.07285482,-1.00000000,-0.80916210,-0.07847010
100,0.03531665,0.18762024,1.00000000,-0.68312052,-0.01691460
101,0.09581487,-0.13263536,-1.00000000,-0.69251081,0.02389259
102,0.00916338,0.15286782,1.00000000,-0.75093380,0.08407563
103,-0.00313044,0.37176042,1.00000000,-0.32380306,0.00426033
104,0.04603712,0.05824093,1.00000000,-0.93558166,0.15313515
105,0.03040712,0.01375985,-1.00000000,-0.97817553,0.14498034
106,-0.02966877,0.19165624,1.00000000,-0.67524495,-0.06345010
107,-0.04431416,0.13510433,1.00000000,-0.78559615,-0.15227720
108,-0.06926617,-0.08226023,-1.00000000,-0.79080909,-0.26212976
109,-0.02098841,-0.13524968,-1.00000000,-0.68740941,-0.37346030
110,-0.00090373,-0.22553021,-1.00000000,-0.51124270,-0.42546816
111,0.01048142,-0.05085327,-1.00000000,-0.85209429,-0.35877803
112,-0.00084601,0.02181646,-1.00000000,-0.99389658,-0.28657670
113,0.01400076,0.06300981,1.00000000,-0.92627602,-0.14826891
114,-0.01853310,0.02202531,-1.00000000,-0.99430411,-0.14419059
115,0.00384562,0.07574339,1.00000000,-0.90142867,-0.13630185
116,0.00416983,-0.04196953,-1.00000000,-0.86942935,-0.14678550
117,0.03271819,0.03900038,1.00000000,-0.97312624,-0.09103479
118,-0.00530554,0.04017345,1.00000000,-0.97083719,-0.12310289
119,0.00244118,0.14346616,1.00000000,-0.76927949,-0.08826426
120,-0.01123278,0.00588997,-1.00000000,-0.96281882,-0.11330974
121,-0.00020398,0.03391889,1.00000000,-0.98304189,-0.12057471
122,-0.05592211,-0.01555576,-1.00000000,-0.92097122,-0.26780775
123,-0.01362055,0.02434828,-1.00000000,-0.99883699,-0.28161912
124,0.03235371,-0.17724918,-1.00000000,-0.60545471,-0.23193389
125,-0.00700378,-0.02419511,-1.00000000,-0.90411303,-0.22490945
126,0.00969079,0.14214740,1.00000000,-0.77185282,-0.20847407
127,0.00310173,-0.00025452,-1.00000000,-0.95082892,-0.11043448
128,-0.00151184,0.06014918,1.00000000,-0.93185805,-0.09032170
129,0.01268699,0.03630887,1.00000000,-0.97837825,-0.12298846
130,-0.03318795,0.01961623,-1.00000000,-0.98960322,-0.16648081
131,0.00499621,0.07098994,1.00000000,-0.91070419,-0.17427858
132,-0.00951181,-0.09499321,-1.00000000,-0.76596290,-0.19522988
133,-0.03892791,0.04316343,1.00000000,-0.96500278,-0.25737860
134,-0.06840686,-0.00932900,-1.00000000,-0.93312166,-0.39207685
135,0.07575388,-0.11576133,-1.00000000,-0.72543754,-0.21112263
136,0.01219278,-0.22242107,-1.00000000,-0.51730964,-0.19916901
137,0.02078227,0.29917642,1.00000000,-0.46543807,-0.14885003
138,-0.00616832,0.06920182,1.00000000,-0.91419340,-0.09443580
139,0.01071861,0.10028002,1.00000000,-0.85354970,0.03699294
140,-0.01849232,0.00276831,-1.00000000,-0.95672745,-0.11955160
141,-0.04689925,0.06386801,1.00000000,-0.92460141,-0.21770446
142,-0.02350908,-0.04182199,-1.00000000,-0.86971725,-0.29127315
143,-0.01654477,-0.14460297,-1.00000000,-0.66915810,-0.30850861
144,-0.01307947,-0.05997346,-1.00000000,-0.83429783,-0.34803762
145,-0.01928373,-0.03477543,-1.00000000,-0.88346739,-0.34935216
146,0.00415224,-0.02223740,-1.00000000,-0.90793317,-0.26455477
147,0.01692942,-0.04468542,-1.00000000,-0.86412976,-0.19738574
148,0.01901626,0.04010981,1.00000000,-0.97096139,-0.13831826
149,0.00074084,0.08633976,1.00000000,-0.88075171,-0.11536249
150,-0.00640400,0.09389029,1.00000000,-0.86601815,-0.09396905
151,0.02516150,0.02776679,1.00000000,-0.99504664,-0.05907231
152,0.07916918,0.00191557,-1.00000000,-0.95506348,0.04430898
153,0.06401549,0.11612479,1.00000000,-0.82263140,0.11905346
154,0.00975289,0.31153355,1.00000000,-0.44132529,0.13402263
155,-0.02046637,0.25670499,1.00000000,-0.54831367,0.11066480
156,0.03175059,0.06037387,1.00000000,-0.93141959,0.12160938
157,0.02423887,-0.04896441,-1.00000000,-0.85578007,0.03036921
158,0.01026977,0.13996521,1.00000000,-0.77611099,-0.05890334
159,0.01905698,0.11278657,1.00000000,-0.82914535,-0.04344908
160,0.01665187,0.06224403,1.00000000,-0.92777031,0.01820494
161,0.00571898,0.09403764,1.00000000,-0.86573064,-0.02503400
162,-0.01080005,0.08533554,1.00000000,-0.88271127,-0.08323423
163,-0.01590314,0.04577854,1.00000000,-0.95989984,-0.12670787
164,0.02125790,-0.01399006,-1.00000000,-0.92402642,-0.12305212
165,-0.01337747,-0.03245390,-1.00000000,-0.88799745,-0.17293137
166,0.00420913,0.10200091,1.00000000,-0.85019170,-0.17543926
167,0.01837276,-0.02331562,-1.00000000,-0.90582921,-0.12698274
168,0.00305619,0.04031563,1.00000000,-0.97055976,-0.09549097
169,-0.01278633,0.09156201,1.00000000,-0.87056139,-0.15203900
170,0.00588591,0.03614410,1.00000000,-0.97869977,-0.12004219
171,0.00497582,-0.02117675,-1.00000000,-0.91000284,-0.11876870
172,-0.02465931,0.04638251,1.00000000,-0.95872129,-0.19024570
173,0.01046674,0.04308965,1.00000000,-0.96514675,-0.17793665
174,-0.00179691,-0.06413517,-1.00000000,-0.82617697,-0.15968304
175,0.01144979,0.06295670,1.00000000,-0.92637965,-0.15044135
176,0.01114795,0.01858480,-1.00000000,-0.98759057,-0.14018933
177,-0.01149888,0.06651354,1.00000000,-0.91943911,-0.11832964
178,0.03063406,0.06542144,1.00000000,-0.92157015,-0.08483139
179,0.00902399,-0.01651857,-1.00000000,-0.91909247,-0.06685769
180,0.00110410,0.13592541,1.00000000,-0.78399394,-0.08404205
181,-0.01742664,0.05773662,1.00000000,-0.93656574,-0.13150493
182,-0.00817580,0.02908113,1.00000000,-0.99248193,-0.12598524
183,-0.02949293,-0.03796619,-1.00000000,-0.87724118,-0.22585718
184,-0.00862565,-0.00449511,-1.00000000,-0.94255415,-0.25517353
185,0.00787372,-0.08162401,-1.00000000,-0.79205055,-0.24392908
186,0.01212190,-0.00612272,-1.00000000,-0.93937815,-0.19484844
187,-0.03040048,0.05357473,1.00000000,-0.94468694,-0.23176401
188,0.00923646,0.06894537,1.00000000,-0.91469381,-0.16743384
189,-0.02254549,-0.08490770,-1.00000000,-0.78564302,-0.19055493
190,-0.02963164,0.05850537,1.00000000,-0.93506566,-0.25285197
191,-0.00715693,-0.05648703,-1.00000000,-0.84110099,-0.28487445
192,-0.01508539,-0.08212591,-1.00000000,-0.79107119,-0.25943582
193,-0.00063762,-0.00080867,-1.00000000,-0.94974759,-0.27583684
194,-0.03521747,-0.02949514,-1.00000000,-0.89377095,-0.29688521
195,0.04394906,0.02277930,-1.00000000,-0.99577540,-0.17466641
196,0.01691135,-0.10233635,-1.00000000,-0.75163404,-0.13468859
197,0.00577501,0.18410132,1.00000000,-0.68998707,-0.10003911
198,0.00617929,0.08627437,1.00000000,-0.88087929,-0.08871611
199,0.07566204,0.04598125,1.00000000,-0.95950429,0.09545663
200,-0.01411664,0.04744400,1.00000000,-0.95664998,-0.00099149
201,-0.00810851,0.29884415,1.00000000,-0.46608645,-0.04254990
202,-0.04662355,-0.02599006,-1.00000000,-0.90061050,-0.12958479
203,-0.00852857,-0.00425163,-1.00000000,-0.94302926,-0.15401478
204,0.03410417,-0.14360544,-1.00000000,-0.67110461,-0.22304310
205,0.01588512,-0.00577146,-1.00000000,-0.94006358,-0.17320966
206,-0.05252489,0.14848088,1.00000000,-0.75949413,-0.24698602
207,-0.00068227,0.08256132,1.00000000,-0.88812466,-0.17067677
208,-0.03638886,-0.16495748,-1.00000000,-0.62943983,-0.21695318
209,-0.00292354,0.02261776,-1.00000000,-0.99546018,-0.27845684
210,-0.06820493,-0.10657462,-1.00000000,-0.74336379,-0.41813184
211,-0.01513896,0.01450847,-1.00000000,-0.97963631,-0.35603317
212,0.01211727,-0.22169047,-1.00000000,-0.51873529,-0.33477293
213,0.00550055,-0.02968896,-1.00000000,-0.89339275,-0.26519392
214,0.01036362,0.06892861,1.00000000,-0.91472653,-0.24312373
215,-0.00289100,0.04498821,1.00000000,-0.96144203,-0.13463618
216,-0.00187431,0.06258360,1.00000000,-0.92710770,-0.11260337
217,0.02281075,0.01462621,-1.00000000,-0.97986606,-0.09484132
218,-0.01823679,0.01830474,-1.00000000,-0.98704407,-0.13426945
219,0.03244839,0.10761940,1.00000000,-0.83922819,-0.09758627
220,-0.03746864,-0.04089745,-1.00000000,-0.87152134,-0.15502032
221,-0.02237449,0.14248997,1.00000000,-0.77118436,-0.18907145
222,0.00514492,-0.11048144,-1.00000000,-0.73574031,-0.21841470
223,0.01028603,-0.05586830,-1.00000000,-0.84230833,-0.17103780
224,-0.00006244,0.04370150,1.00000000,-0.96395283,-0.22503883
225,0.05870129,0.06230288,1.00000000,-0.92765547,-0.06529896
226,-0.02896675,0.02486041,-1.00000000,-0.99983632,-0.07624882
227,-0.04277468,0.23747732,1.00000000,-0.58583311,-0.15584410
228,-0.01280024,-0.07972021,-1.00000000,-0.79576548,-0.19419079
229,-0.01600715,-0.12967961,-1.00000000,-0.69827843,-0.22067523
230,0.02107016,-0.02122707,-1.00000000,-0.90990464,-0.28318116
231,-0.00089976,-0.03283022,-1.00000000,-0.88726312,-0.23656141
232,0.01755282,0.10132166,1.00000000,-0.85151713,-0.13635640
233,-0.00368954,0.02183083,-1.00000000,-0.99392464,-0.12122338
234,0.06821741,0.08859533,1.00000000,-0.87635034,0.01867503
235,-0.00610648,0.01173693,-1.00000000,-0.97422814,-0.02646583
236,0.00481648,0.27190823,1.00000000,-0.51864720,-0.01697105
237,0.03342836,0.00299206,-1.00000000,-0.95716405,0.00939849
238,0.00932287,0.04251315,1.00000000,-0.96627169,0.03101232
239,-0.00315442,0.14603567,1.00000000,-0.76426553,-0.08753749
240,0.03416538,0.05881800,1.00000000,-0.93445561,-0.02064524
241,0.02818486,0.01367309,-1.00000000,-0.97800623,0.01817002
242,-0.01867677,0.14870235,1.00000000,-0.75906198,-0.06837748
243,-0.04824239,0.12706381,1.00000000,-0.80128581,-0.16399436
244,-0.00842994,-0.04248936,-1.00000000,-0.86841500,-0.17275709
245,0.06369582,-0.14946269,-1.00000000,-0.65967521,-0.12370654
246,0.00245623,-0.00541463,-1.00000000,-0.94075987,-0.16644223
247,-0.01736903,0.25554837,1.00000000,-0.55057061,-0.16427004
248,0.03133580,0.03397336,1.00000000,-0.98293559,-0.03208931
249,-0.04882780,-0.03775772,-1.00000000,-0.87764797,-0.09919083
250,-0.06106850,0.13846445,1.00000000,-0.77903945,-0.30642649
251,-0.00472830,-0.15158078,-1.00000000,-0.65554212,-0.31836011
252,0.03309688,-0.19586970,-1.00000000,-0.56912003,-0.23453539
253,0.03212218,0.00797853,-1.00000000,-0.96689429,-0.23322920
254,0.00964244,0.14483631,1.00000000,-0.76660587,-0.13610914
255,-0.04496434,0.14130971,1.00000000,-0.77348743,-0.10935986
256,-0.16499407,0.05997427,1.00000000,-0.93219936,-0.37556402
257,-0.02199574,-0.13760216,-1.00000000,-0.68281896,-0.46707379
258,-0.02043233,-0.57188967,-1.00000000,0.16461737,-0.55436773
259,-0.02425794,-0.05449794,-1.00000000,-0.84498234,-0.61067684
260,-0.02547036,-0.04884126,-1.00000000,-0.85602038,-0.57829700
261,-0.01369201,-0.06268297,-1.00000000,-0.82901070,-0.32698172
262,-0.00248243,-0.06706967,-1.00000000,-0.82045080,-0.29456978
263,0.05217075,-0.02445368,-1.00000000,-0.90360849,-0.17397484
264,0.03703754,0.01610445,-1.00000000,-0.98275060,-0.07216200
265,0.01329114,0.21384875,1.00000000,-0.63194015,-0.00777850
266,0.06570965,0.15909430,1.00000000,-0.73878391,0.12410901
267,-0.00887817,0.07317586,1.00000000,-0.90643874,0.11348559
268,-0.02565551,0.26283475,1.00000000,-0.53635251,-0.01578515
269,-0.03135308,-0.00703638,-1.00000000,-0.93759531,-0.12938314
270,0.00532458,-0.06773961,-1.00000000,-0.81914354,-0.14261574
271,0.07175813,-0.08835436,-1.00000000,-0.77891746,-0.13256911
272,0.03222351,0.04435151,1.00000000,-0.96268445,-0.06429854
273,0.00452529,0.28471914,1.00000000,-0.49364893,-0.01416771
274,-0.01211668,0.14167631,1.00000000,-0.77277207,0.01778429
275,0.06587568,0.04145957,1.00000000,-0.96832755,0.11836069
276,-0.00338101,-0.01875385,-1.00000000,-0.91473071,-0.00644669
277,0.00239065,0.26343546,1.00000000,-0.53518033,-0.05599957
278,0.01664237,0.01285325,-1.00000000,-0.97640645,-0.03587291
279,0.14171109,0.03373607,1.00000000,-0.98339863,0.21963762
280,-0.06142570,0.08530117,1.00000000,-0.88277833,0.00818788
281,0.00717477,0.53782060,1.00000000,0.00023441,0.02572121
282,0.03253891,-0.19716210,-1.00000000,-0.56659813,0.07579798
283,-0.05327304,0.05104582,1.00000000,-0.94962167,-0.04033270
284,0.05074777,0.14281749,1.00000000,-0.77054525,-0.19142432
285,0.07460669,-0.16766441,-1.00000000,-0.62415773,0.03452779
286,0.17895031,0.20870017,1.00000000,-0.64198670,0.31984987
287,0.00086372,0.29502573,1.00000000,-0.47353743,0.26723685
288,-0.00667153,0.67255827,1.00000000,0.26315147,0.34464275
289,-0.04453796,0.02821141,1.00000000,-0.99417904,0.18637153
290,-0.01372188,0.00094760,-1.00000000,-0.95317465,0.03965627
291,-0.02538525,-0.13605945,-1.00000000,-0.68582930,-0.29974855
292,0.01366431,-0.02456175,-1.00000000,-0.90339760,-0.27848656
293,0.08262150,-0.06676175,-1.00000000,-0.82105166,-0.13016931
294,-0.06504862,0.07452606,1.00000000,-0.90380407,-0.16423786
295,0.07965280,0.32402465,1.00000000,-0.41695110,-0.00914092
296,0.01838866,-0.21027041,-1.00000000,-0.54101955,0.06356829
297,-0.03065347,0.31328340,1.00000000,-0.43791077,-0.01004430
298,0.02753757,0.09161955,1.00000000,-0.87044911,-0.10153964
299,0.00827501,-0.08582305,-1.00000000,-0.78385687,0.02025215
300,0.04188749,0.12472182,1.00000000,-0.80585580,-0.04247669
301,0.01076593,0.05502667,1.00000000,-0.94185373,-0.05513818
302,-0.00868144,0.17664220,1.00000000,-0.70454224,-0.01864227
303,-0.05599402,0.06403922,1.00000000,-0.92426730,-0.15738966
304,0.01958963,-0.00632460,-1.00000000,-0.93898423,-0.13859590
305,0.04727697,-0.17750938,-1.00000000,-0.60494698,-0.12964387
306,-0.01413983,0.09596483,1.00000000,-0.86197005,-0.17101276
307,0.00055428,0.19614224,1.00000000,-0.66649131,-0.15567206
308,-0.05159281,-0.02607395,-1.00000000,-0.90044680,-0.14836157
309,0.04874828,0.02709180,1.00000000,-0.99636376,-0.09992855
310,0.00630226,-0.16158506,-1.00000000,-0.63602051,-0.16798824
311,0.00129812,0.20146569,1.00000000,-0.65610353,-0.14234554
312,0.03653337,0.04788892,1.00000000,-0.95578180,-0.08258366
313,-0.05343786,0.02978314,1.00000000,-0.99111208,-0.08564832
314,-0.00152914,0.15727013,1.00000000,-0.74234345,-0.16915997
315,-0.02880641,-0.16826077,-1.00000000,-0.62299402,-0.22747605
316,0.01174717,0.01955363,-1.00000000,-0.98948108,-0.21012001
317,-0.00590113,-0.07914007,-1.00000000,-0.79689754,-0.28060444
318,-0.00413814,0.06758952,1.00000000,-0.91733951,-0.19871676
319,-0.00730855,0.00373504,-1.00000000,-0.95861385,-0.20831647
320,-0.02975078,0.01011384,-1.00000000,-0.97106098,-0.20988508
321,0.01198542,-0.00135726,-1.00000000,-0.94867712,-0.20948935
322,0.10613865,-0.08255696,-1.00000000,-0.79023007,-0.02338937
323,-0.00503733,0.06845155,1.00000000,-0.91565742,-0.02488295
324,0.01086830,0.40911359,1.00000000,-0.25091486,0.00530911
325,0.03765801,0.00686041,-1.00000000,-0.96471247,0.11727625
326,0.02045024,0.06440963,1.00000000,-0.92354453,0.13133646
327,-0.03656015,0.16133924,1.00000000,-0.73440330,-0.10568867
328,-0.02688277,0.09907869,1.00000000,-0.85589391,-0.14197431
329,0.02447521,-0.10719441,-1.00000000,-0.74215438,-0.11937300
330,-0.02464463,-0.07218002,-1.00000000,-0.81047886,-0.22285874
331,0.02522644,0.11364170,1.00000000,-0.82747673,-0.21492540
332,-0.02125623,-0.06408207,-1.00000000,-0.82628059,-0.18950532
333,-0.01261643,0.11635974,1.00000000,-0.82217293,-0.16580870
334,-0.02055169,-0.05182227,-1.00000000,-0.85020346,-0.24059914
335,-0.01683722,-0.02056204,-1.00000000,-0.91120234,-0.22763091
336,0.04790159,-0.04927312,-1.00000000,-0.85517767,-0.18996709
337,0.05881532,-0.03583357,-1.00000000,-0.88140261,-0.05696689
338,0.02371893,0.19840223,1.00000000,-0.66208133,0.00338676
339,-0.03907444,0.23788991,1.00000000,-0.58502801,-0.02737984
340,-0.04420555,0.11090534,1.00000000,-0.83281625,-0.07283909
341,-0.02856537,-0.11629152,-1.00000000,-0.72440296,-0.19985201
342,0.03484345,-0.13485672,-1.00000000,-0.68817620,-0.23966970
343,0.00988395,-0.07826795,-1.00000000,-0.79859932,-0.26264984
344,-0.01365806,0.15115569,1.00000000,-0.75427472,-0.22043280
345,-0.00029246,0.06084809,1.00000000,-0.93049424,-0.14749241
346,-0.00782413,-0.02433082,-1.00000000,-0.90384822,-0.11304086
347,-0.01334329,0.02402813,-1.00000000,-0.99821228,-0.19307984
348,-0.00361279,-0.00322270,-1.00000000,-0.94503705,-0.21549816
349,-0.02879595,-0.02319193,-1.00000000,-0.90607058,-0.24064245
350,0.03661776,0.01201463,-1.00000000,-0.97477003,-0.17933395
351,-0.04148931,-0.07910223,-1.00000000,-0.79697137,-0.23525238
352,-0.00961869,0.15757545,1.00000000,-0.74174767,-0.22906576
353,0.05918695,-0.12502891,-1.00000000,-0.70735346,-0.12475432
354,-0.00224281,-0.00971570,-1.00000000,-0.93236708,-0.08064910
355,0.02008185,0.23923455,1.00000000,-0.58240419,-0.10811552
356,0.01694621,0.01697145,-1.00000000,-0.98444239,-0.01105313
357,0.05186605,0.09774579,1.00000000,-0.85849482,0.09107406
358,0.04829728,0.08640052,1.00000000,-0.88063313,0.07298612
359,-0.05060574,0.21274631,1.00000000,-0.63409136,-0.00734553
360,0.02388915,0.19983388,1.00000000,-0.65928771,-0.00102155
361,-0.05005396,-0.15801368,-1.00000000,-0.64298944,-0.11230997
362,0.02295203,0.11152121,1.00000000,-0.83161449,-0.16033666
363,0.03238934,-0.15601725,-1.00000000,-0.64688512,-0.18676001
364,-0.06718177,0.10813056,1.00000000,-0.83823075,-0.21429307
365,0.04650421,0.14227631,1.00000000,-0.77160127,-0.17672906
366,0.01434908,-0.21798849,-1.00000000,-0.52595905,-0.06975452
367,-0.03352946,0.19334628,1.00000000,-0.67194714,-0.16357123
368,-0.04730684,0.07700366,1.00000000,-0.89896946,-0.29594793
369,0.00570850,-0.09622885,-1.00000000,-0.76355176,-0.17487596
370,0.01493227,-0.14607771,-1.00000000,-0.66628041,-0.22731748
371,-0.00955990,0.04574062,1.00000000,-0.95997384,-0.26703070
372,-0.00936708,0.07911375,1.00000000,-0.89485199,-0.22689658
373,0.00088157,-0.00950299,-1.00000000,-0.93278215,-0.14685481
374,0.00629180,-0.00880535,-1.00000000,-0.93414348,-0.14588594
375,-0.02355875,0.02827597,1.00000000,-0.99405305,-0.20982017
376,-0.01671994,0.04785109,1.00000000,-0.95585561,-0.22171312
377,-0.02397741,-0.06015315,-1.00000000,-0.83394719,-0.24598113
378,0.00543948,-0.03540920,-1.00000000,-0.88223070,-0.23841035
379,-0.02302774,-0.06166795,-1.00000000,-0.83099132,-0.28711060
380,0.00748299,0.04476727,1.00000000,-0.96187316,-0.23554975
381,-0.03417967,-0.05823188,-1.00000000,-0.83769623,-0.26455066
382,0.03877242,0.05216101,1.00000000,-0.94744556,-0.16032212
383,0.05285744,-0.09858141,-1.00000000,-0.75896115,-0.08156010
384,0.02932910,0.16537139,1.00000000,-0.72653526,0.00540550
385,0.05057113,0.21633331,1.00000000,-0.62709196,0.07697563
386,0.03778588,0.13120388,1.00000000,-0.79320719,0.19651162
387,-0.01672548,0.20806107,1.00000000,-0.64323380,0.10432865
388,0.02265184,0.16180190,1.00000000,-0.73350050,0.05415664
389,0.00851541,-0.03542927,-1.00000000,-0.88219154,0.01958473
390,0.06498509,0.10704442,1.00000000,-0.84035017,0.04352657
391,-0.00408358,0.05589646,1.00000000,-0.94015648,-0.02601931
392,-0.01115199,0.26021317,1.00000000,-0.54146806,-0.01676165
393,0.00862665,0.01031124,-1.00000000,-0.97144616,-0.04005773
394,0.00126534,-0.01526346,-1.00000000,-0.92154159,-0.05210020
395,-0.00199050,0.05629896,1.00000000,-0.93937107,-0.16334779
396,0.01278256,0.02966453,1.00000000,-0.99134353,-0.13533285
397,0.03180056,0.01788435,-1.00000000,-0.98622376,-0.06398792
398,-0.02536246,0.07133574,1.00000000,-0.91002942,-0.12044442
399,-0.01542474,0.14014603,1.00000000,-0.77575814,-0.14816692
400,-0.03911239,-0.06667931,-1.00000000,-0.82121254,-0.20982701
401,-0.01114943,-0.03072297,-1.00000000,-0.89137507,-0.24957846
402,-0.00553760,-0.11642882,-1.00000000,-0.72413505,-0.31159778
403,-0.01129743,-0.01525420,-1.00000000,-0.92155967,-0.28823551
404,-0.00290482,0.00505036,-1.00000000,-0.96118047,-0.26743972
405,-0.00508317,-0.01578967,-1.00000000,-0.92051479,-0.21091661
406,-0.02384374,0.01457619,-1.00000000,-0.97976846,-0.23200206
407,-0.02944410,0.00669454,-1.00000000,-0.96438881,-0.27171116
408,0.01831775,-0.06118430,-1.00000000,-0.83193509,-0.22251986
409,0.00231610,-0.08144733,-1.00000000,-0.79239532,-0.21384782
410,-0.00523136,0.09136296,1.00000000,-0.87094980,-0.21409396
411,-0.00887335,0.03346635,1.00000000,-0.98392493,-0.18922788
412,-0.01208712,0.00615838,-1.00000000,-0.96334258,-0.16039765
413,-0.04739086,-0.00701894,-1.00000000,-0.93762934,-0.26954075
414,0.02019118,-0.01864689,-1.00000000,-0.91493942,-0.23984994
415,0.01177071,-0.14638169,-1.00000000,-0.66568724,-0.21160921
416,-0.01008612,0.09814136,1.00000000,-0.85772293,-0.21362366
417,-0.00275750,0.06767470,1.00000000,-0.91717330,-0.19812700
418,-0.01036825,-0.01140697,-1.00000000,-0.92906687,-0.13663182
419,-0.02273892,0.01510923,-1.00000000,-0.98080860,-0.20793944
420,-0.00317265,-0.01242773,-1.00000000,-0.92707502,-0.23276062
421,-0.01210690,-0.05718689,-1.00000000,-0.83973534,-0.23611717
422,0.01139751,0.01360713,-1.00000000,-0.97787751,-0.21260546
423,0.07366300,-0.01871848,-1.00000000,-0.91479973,-0.07302815
424,-0.07096600,0.06632440,1.00000000,-0.91980819,-0.15313414
425,-0.02754478,0.29161128,1.00000000,-0.48020014,-0.19361666
426,-0.00899654,-0.23168048,-1.00000000,-0.49924153,-0.18845030
427,-0.03689944,-0.07457528,-1.00000000,-0.80580492,-0.26867235
428,0.06701799,-0.00746469,-1.00000000,-0.93675954,-0.27970982
429,0.05703831,-0.10842199,-1.00000000,-0.73975897,-0.06709249
430,-0.11424615,0.26756854,1.00000000,-0.52711534,-0.21110494
431,-0.00096488,0.23146039,1.00000000,-0.59757409,-0.19776421
432,0.04318523,-0.38827527,-1.00000000,-0.19367411,-0.06474221
433,-0.01299088,0.02159523,-1.00000000,-0.99346489,-0.19763831
434,0.05783923,0.18133766,1.00000000,-0.69537987,-0.19630797
435,-0.03615844,-0.02191687,-1.00000000,-0.90855862,-0.06660296
436,0.20719173,0.23435826,1.00000000,-0.59191942,0.27914870
437,-0.10619510,-0.10574095,-1.00000000,-0.74499056,0.03102544
438,-0.05226276,0.77474045,1.00000000,0.46254218,-0.03420581
439,-0.08910341,-0.35914521,-1.00000000,-0.25051634,-0.27828002
440,-0.03209885,-0.16400904,-1.00000000,-0.63129053,-0.27153697
441,-0.04714090,-0.29730464,-1.00000000,-0.37118743,-0.69398779
442,-0.10027477,-0.09105267,-1.00000000,-0.77365217,-0.68415402
443,0.12401599,-0.14547732,-1.00000000,-0.66745195,-0.39135203
444,0.13976596,-0.33772447,-1.00000000,-0.29231518,-0.01119613
445,0.08291027,0.47379678,1.00000000,-0.12469690,0.17983597
446,0.05758539,0.53078280,1.00000000,-0.01349862,0.35378811
447,-0.00021207,0.32506945,1.00000000,-0.41491235,0.51999395
448,0.01680020,0.23343981,1.00000000,-0.59371161,0.34190670
449,0.04059041,0.02431901,-1.00000000,-0.99877988,0.17717442
450,-0.10853124,0.08587221,1.00000000,-0.88166403,-0.14081317
451,-0.04176272,0.17194916,1.00000000,-0.71369989,-0.30583206
452,-0.04398168,-0.36759778,-1.00000000,-0.23402263,-0.37853412
453,0.06393096,-0.12601817,-1.00000000,-0.70542310,-0.30024913
454,-0.04374873,-0.13404671,-1.00000000,-0.68975680,-0.44033787
455,0.03066879,0.25639914,1.00000000,-0.54891047,-0.20912425
456,-0.00304993,-0.13320387,-1.00000000,-0.69140146,-0.14482165
457,0.00471484,0.13605110,1.00000000,-0.78374868,-0.06393592
458,0.03884345,0.01405114,-1.00000000,-0.97874391,-0.10560670
459,0.03882857,0.04214538,1.00000000,-0.96698933,0.03155560
460,-0.03895945,0.16562836,1.00000000,-0.72603382,-0.08409809
461,0.03624291,0.16557454,1.00000000,-0.72613885,-0.01883201
462,-0.04909050,-0.11587546,-1.00000000,-0.72521483,-0.10820359
463,0.05840264,0.15621919,1.00000000,-0.74439418,-0.07571545
464,0.00375629,-0.15253130,-1.00000000,-0.65368736,-0.13397110
465,-0.02780915,0.23639676,1.00000000,-0.58794164,-0.11545027
466,0.02122113,0.03867719,1.00000000,-0.97375689,-0.14040171
467,0.00668377,-0.07553183,-1.00000000,-0.80393838,-0.04775970
468,-0.05518400,0.10186788,1.00000000,-0.85045128,-0.23642903
469,-0.00492095,0.04926930,1.00000000,-0.95308823,-0.25084207
470,-0.01731460,-0.17457859,-1.00000000,-0.61066591,-0.23341044
471,0.01717285,0.00728148,-1.00000000,-0.96553412,-0.24013469
472,0.04976559,-0.03756078,-1.00000000,-0.87803226,-0.16857505
473,0.11614848,0.08722055,1.00000000,-0.87903299,0.11601110
474,0.01547869,0.20514650,1.00000000,-0.64892107,0.14989525
475,0.04861907,0.44533082,1.00000000,-0.18024325,0.25941219
476,-0.12419071,0.08109076,1.00000000,-0.89099420,0.02460492
477,-0.06150615,0.20099820,1.00000000,-0.65701575,-0.16021932
478,0.00276787,-0.42425632,-1.00000000,-0.12346338,-0.34854643
479,0.05846319,-0.19745316,-1.00000000,-0.56603017,-0.27714845
480,-0.01499457,0.03510093,1.00000000,-0.98073534,-0.38281179
481,-0.04440240,0.23661584,1.00000000,-0.58751413,-0.25028206
482,0.00337171,-0.02916655,-1.00000000,-0.89441215,-0.14251884
483,-0.12186185,-0.13556895,-1.00000000,-0.68678642,-0.34953092
484,-0.01228526,0.03728570,1.00000000,-0.97647213,-0.46704529
485,0.04937700,-0.41583014,-1.00000000,-0.13990560,-0.36012302
486,-0.03981441,-0.01936379,-1.00000000,-0.91354051,-0.35250230
487,0.00050732,0.20374050,1.00000000,-0.65166464,-0.35726010
488,0.01347852,-0.11896886,-1.00000000,-0.71917860,-0.13245745
489,0.01232635,0.02692187,1.00000000,-0.99669535,-0.09157716
490,-0.07227061,0.07385384,1.00000000,-0.90511580,-0.29363590
491,0.00252510,0.06968508,1.00000000,-0.91325040,-0.22330924
492,-0.00904167,-0.23640078,-1.00000000,-0.49003069,-0.23917028
493,-0.03217811,0.03422255,1.00000000,-0.98244934,-0.31500672
494,-0.05477028,-0.00762797,-1.00000000,-0.93644093,-0.42645536
495,0.01435680,-0.09133946,-1.00000000,-0.77309256,-0.28256577
496,0.04689447,-0.17308167,-1.00000000,-0.61358688,-0.20886749
497,-0.02101454,0.07703158,1.00000000,-0.89891499,-0.22875462
498,-0.04236307,0.19475831,1.00000000,-0.66919180,-0.24567201
499,-0.00885951,-0.05094778,-1.00000000,-0.85190986,-0.16941344
500,-0.03450834,-0.12819034,-1.00000000,-0.70118449,-0.25057925
501,0.03091746,-0.00696886,-1.00000000,-0.93772705,-0.27711734
502,-0.00529267,-0.09977059,-1.00000000,-0.75664067,-0.25100305
503,0.03457362,0.13695083,1.00000000,-0.78199301,-0.12320991
504,0.01375240,0.00593654,-1.00000000,-0.96290970,-0.08565114
505,-0.01875356,0.15017940,1.00000000,-0.75617978,-0.05948220
506,0.03445053,0.07484479,1.00000000,-0.90318214,-0.05361372
507,0.01165545,-0.04276720,-1.00000000,-0.86787284,-0.02546261
508,-0.00267234,0.14973404,1.00000000,-0.75704881,-0.08732877
509,0.01293759,0.06725766,1.00000000,-0.91798710,-0.08868219
510,0.00372109,0.01541735,-1.00000000,-0.98140984,-0.05135141
511,-0.02994530,0.07189665,1.00000000,-0.90893490,-0.15831398
512,0.03161253,0.03854981,1.00000000,-0.97400545,-0.12516492
513,0.03017066,-0.08326078,-1.00000000,-0.78885669,-0.07061216
514,0.01104326,0.13946571,1.00000000,-0.77708568,-0.07375867
515,0.00661819,0.13424876,1.00000000,-0.78726565,-0.06894653
516,-0.00940006,0.06504265,1.00000000,-0.92230929,-0.03482054
517,0.00410533,0.04903201,1.00000000,-0.95355126,-0.08051047
518,-0.02487814,-0.00892467,-1.00000000,-0.93391063,-0.17194746
519,0.09552747,0.03994006,1.00000000,-0.97129262,-0.03161776
520,0.02225815,-0.06492696,-1.00000000,-0.82463194,-0.00563952
521,0.03664377,0.37072058,1.00000000,-0.32583214,0.07084005
522,0.07158637,0.10561998,1.00000000,-0.84312971,0.18292721
523,0.03298435,0.15766955,1.00000000,-0.74156406,0.27903779
524,-0.01408117,0.28409769,1.00000000,-0.49486158,0.09697598
525,0.04929078,0.14442916,1.00000000,-0.76740037,0.14187765
526,0.02729095,-0.02586171,-1.00000000,-0.90086097,0.12634247
527,0.04144100,0.20342856,1.00000000,-0.65227333,0.07627051
528,-0.00206040,0.12382952,1.00000000,-0.80759697,0.01806059
529,-0.08619588,0.17502675,1.00000000,-0.70769451,-0.10172317
530,-0.02623474,0.01763144,-1.00000000,-0.98573026,-0.22717234
531,-0.00195699,-0.28678473,-1.00000000,-0.39171520,-0.27575368
532,-0.01459333,-0.06983534,-1.00000000,-0.81505409,-0.36882765
533,0.00671346,0.01800557,-1.00000000,-0.98646031,-0.35425413
534,-0.03576353,-0.02771478,-1.00000000,-0.89724501,-0.27048514
535,-0.00147665,0.04937671,1.00000000,-0.95287863,-0.22936154
536,0.01381299,-0.10431210,-1.00000000,-0.74777870,-0.20316733
537,-0.01088379,0.01974354,-1.00000000,-0.98985166,-0.19700572
538,0.02140141,0.07506399,1.00000000,-0.90275440,-0.17260878
539,-0.00159682,-0.01429306,-1.00000000,-0.92343516,-0.11585730
540,0.03406851,0.10252018,1.00000000,-0.84917843,-0.05681619
541,0.02417805,0.01930873,-1.00000000,-0.98900320,-0.03959964
542,0.01828432,0.14835184,1.00000000,-0.75974594,0.00884909
543,-0.01141790,0.11256652,1.00000000,-0.82957475,-0.04566435
544,0.03519348,0.09124202,1.00000000,-0.87118579,0.01544496
545,-0.00472930,-0.01622557,-1.00000000,-0.91966420,-0.04899885
546,-0.01670477,0.15242217,1.00000000,-0.75180340,-0.11690592
547,0.01671450,0.00797492,-1.00000000,-0.96688724,-0.11951343
548,0.00882171,-0.03535435,-1.00000000,-0.88233773,-0.08589509
549,0.02123509,0.08556213,1.00000000,-0.88226910,-0.10908020
550,0.00686077,0.05700472,1.00000000,-0.93799391,-0.08982891
551,-0.01205635,0.10191840,1.00000000,-0.85035269,-0.08210779
552,-0.00739576,0.04990970,1.00000000,-0.95183860,-0.12215534
553,0.00757225,-0.01853556,-1.00000000,-0.91515666,-0.12423070
554,-0.00438205,-0.00167279,-1.00000000,-0.94806142,-0.16678122
555,-0.03882432,0.05248398,1.00000000,-0.94681535,-0.24266492
556,-0.00127821,0.00923131,-1.00000000,-0.96933886,-0.22476226
557,0.02109777,-0.11538653,-1.00000000,-0.72616888,-0.17743402
558,0.05145780,0.02046152,-1.00000000,-0.99125265,-0.10453939
559,0.02862083,0.10142155,1.00000000,-0.85132222,-0.04972103
560,0.01282249,0.21126918,1.00000000,-0.63697373,0.03606519
561,-0.00793289,0.12864125,1.00000000,-0.79820772,0.02501166
562,0.01064509,0.07148020,1.00000000,-0.90974755,0.00764958
563,-0.01191784,-0.00361620,-1.00000000,-0.94426918,-0.09761843
564,0.04465813,0.06360200,1.00000000,-0.92512048,-0.07098021
565,-0.02024872,-0.01803441,-1.00000000,-0.91613457,-0.12591204
566,-0.01779773,0.18666684,1.00000000,-0.68498090,-0.14229771
567,0.04743584,-0.04817693,-1.00000000,-0.85731670,-0.08118764
568,-0.03232198,-0.03930883,-1.00000000,-0.87462125,-0.11507927
569,-0.01771245,0.19671706,1.00000000,-0.66536965,-0.21867786
570,0.01272832,-0.09185999,-1.00000000,-0.77207682,-0.16390244
571,0.01787049,-0.03900028,-1.00000000,-0.87522333,-0.10465692
572,0.04535631,0.07113948,1.00000000,-0.91041239,-0.10811106
573,0.01697050,0.08974471,1.00000000,-0.87410753,-0.02623542
574,-0.01846352,0.18919298,1.00000000,-0.68005158,-0.02748296
575,-0.00830641,0.08648838,1.00000000,-0.88046168,-0.06242200
576,-0.00482302,-0.04171778,-1.00000000,-0.86992061,-0.10011631
577,0.00113580,-0.00496765,-1.00000000,-0.94163207,-0.17356731
578,0.02727723,0.00763580,-1.00000000,-0.96622551,-0.15644766
579,0.04357791,0.02919584,1.00000000,-0.99225809,-0.05339580
580,-0.01743065,0.12377986,1.00000000,-0.80769388,-0.06855132
581,-0.07425774,0.18275841,1.00000000,-0.69260751,-0.18388356
582,-0.01542667,-0.03798067,-1.00000000,-0.87721291,-0.21139411
583,-0.00480446,-0.24359055,-1.00000000,-0.47600111,-0.26468234
584,0.00402325,-0.03072995,-1.00000000,-0.89136143,-0.33038330
585,0.02881933,0.00770297,-1.00000000,-0.96635657,-0.25356131
586,0.00003925,0.03964308,1.00000000,-0.97187212,-0.13015274
587,-0.00974976,0.12935943,1.00000000,-0.79680632,-0.12072329
588,-0.02907000,0.02522833,1.00000000,-1.00000000,-0.16102876
589,-0.01446581,-0.01018993,-1.00000000,-0.93144170,-0.19173939
590,0.02055155,-0.08009378,-1.00000000,-0.79503654,-0.20547231
591,0.00617236,-0.02725338,-1.00000000,-0.89814535,-0.19528511
592,-0.01026473,0.09944523,1.00000000,-0.85517866,-0.19614050
593,-0.04419548,0.04741893,1.00000000,-0.95669891,-0.22126418
594,0.00550956,-0.01205319,-1.00000000,-0.92780587,-0.18808477
595,-0.08152571,-0.13482030,-1.00000000,-0.68824728,-0.35763682
596,0.02971383,0.04502080,1.00000000,-0.96137844,-0.31853403
597,-0.00866982,-0.26988726,-1.00000000,-0.42468766,-0.31588485
598,-0.04437868,0.13259590,1.00000000,-0.79049091,-0.31618915
599,0.02324988,-0.00628253,-1.00000000,-0.93906631,-0.28672217
600,-0.05336241,-0.13548314,-1.00000000,-0.68695385,-0.23994246
601,0.00944645,0.10920824,1.00000000,-0.83612784,-0.27360694
602,0.01246863,-0.16798778,-1.00000000,-0.62352673,-0.23849562
603,-0.00734652,0.05926512,1.00000000,-0.93358314,-0.17698457
604,-0.00337612,0.07019988,1.00000000,-0.91224586,-0.22121081
605,-0.04262496,-0.00149462,-1.00000000,-0.94840909,-0.20337571
606,0.03896320,0.01287095,-1.00000000,-0.97644098,-0.15434788
607,0.00613361,-0.12913788,-1.00000000,-0.69933553,-0.16487046
608,0.02862371,0.16606165,1.00000000,-0.72518833,-0.10512330
609,0.02431797,0.04727871,1.00000000,-0.95697252,-0.05912296
610,-0.00646273,0.12865165,1.00000000,-0.79818743,0.00094312
611,0.03237911,0.11307276,1.00000000,-0.82858692,-0.00999316
612,-0.01102143,0.00170309,-1.00000000,-0.95464886,-0.03848798
613,0.05838461,0.14223931,1.00000000,-0.77167347,0.01094538
614,0.02092127,-0.01479108,-1.00000000,-0.92246337,0.00530341
615,-0.02877772,0.23633152,1.00000000,-0.58806894,-0.03176218
616,0.00575709,0.10078294,1.00000000,-0.85256835,-0.07598181
617,0.00926877,-0.07903628,-1.00000000,-0.79710006,-0.04227944
618,0.01860285,0.04591640,1.00000000,-0.95963082,-0.10835761
619,-0.02545120,0.05862226,1.00000000,-0.93483757,-0.18538307
620,-0.02993966,0.09239452,1.00000000,-0.86893689,-0.18731307
621,-0.03014660,-0.06700038,-1.00000000,-0.82058603,-0.24694971
622,0.02303535,-0.08324037,-1.00000000,-0.78889650,-0.22408318
623,0.04265504,-0.08398910,-1.00000000,-0.78743549,-0.18413209
624,-0.04816823,0.10843203,1.00000000,-0.83764248,-0.22186546
625,-0.01192281,0.17941933,1.00000000,-0.69912315,-0.19193917
626,-0.01521105,-0.14919436,-1.00000000,-0.66019881,-0.16713097
627,-0.09195815,-0.01805242,-1.00000000,-0.91609943,-0.35813712
628,0.01111965,-0.02994981,-1.00000000,-0.89288374,-0.41051793
629,0.01094853,-0.30763357,-1.00000000,-0.35103233,-0.31232399
630,-0.05280918,0.06531906,1.00000000,-0.92176993,-0.38023694
631,-0.03077152,0.06469992,1.00000000,-0.92297807,-0.40608313
632,0.02233541,-0.16598609,-1.00000000,-0.62743267,-0.21623959
633,-0.02675160,-0.08625016,-1.00000000,-0.78302344,-0.27914438
634,0.01279668,0.10589955,1.00000000,-0.84258418,-0.27607458
635,-0.03065623,-0.07170543,-1.00000000,-0.81140493,-0.23927815
636,-0.00711790,0.07138681,1.00000000,-0.90992977,-0.19998909
637,-0.01276188,-0.08583302,-1.00000000,-0.78383741,-0.25828628
638,0.06007103,-0.00066743,-1.00000000,-0.95002320,-0.11407242
639,0.00365166,-0.02108829,-1.00000000,-0.91017545,-0.12926244
640,-0.00604658,0.24243330,1.00000000,-0.57616238,-0.08838540
641,0.01742706,0.03829862,1.00000000,-0.97449560,-0.04761580
642,0.12629122,0.00320878,-1.00000000,-0.95758694,0.18335374
643,-0.05859683,0.08814033,1.00000000,-0.87723821,-0.01375558
644,-0.03650286,0.48202893,1.00000000,-0.10863330,-0.08045292
645,-0.06185087,-0.18692675,-1.00000000,-0.58657062,-0.17314480
646,-0.01571996,-0.10698712,-1.00000000,-0.74255888,-0.22820256
647,-0.04084725,-0.19870044,-1.00000000,-0.56359633,-0.50582240
648,0.06435165,-0.03179111,-1.00000000,-0.88929077,-0.30160290
649,-0.03342149,-0.12270585,-1.00000000,-0.71188652,-0.29648469
650,0.03474756,0.25792126,1.00000000,-0.54594033,-0.13603305
651,-0.04418813,-0.09583819,-1.00000000,-0.76431406,-0.18331917
652,-0.00279243,0.15080876,1.00000000,-0.75495169,-0.12010946
653,-0.00957582,-0.13479370,-1.00000000,-0.68829919,-0.24290423
654,-0.00073070,0.01498284,-1.00000000,-0.98056198,-0.18860428
655,0.01694319,-0.00956059,-1.00000000,-0.93266975,-0.21817763
656,-0.00244588,0.02244250,-1.00000000,-0.99511819,-0.14884304
657,-0.00036362,0.08638960,1.00000000,-0.88065444,-0.14480875
658,0.02677113,0.01623672,-1.00000000,-0.98300869,-0.08443586
659,0.02886570,0.02377068,-1.00000000,-0.99770990,-0.03527574
660,-0.00114997,0.12194871,1.00000000,-0.81126705,-0.06532879
661,0.01052195,0.12952719,1.00000000,-0.79647895,-0.04378901
662,0.04702660,0.02092552,-1.00000000,-0.99215808,0.03492695
663,-0.04849784,0.06315647,1.00000000,-0.92598984,-0.09009609
664,0.00675183,0.19523637,1.00000000,-0.66825895,-0.12682760
665,0.01432878,-0.15038694,-1.00000000,-0.65787170,-0.10111714
666,-0.02776924,0.04951553,1.00000000,-0.95260775,-0.16471946
667,-0.00213988,0.07693021,1.00000000,-0.89911280,-0.24638581
668,0.00195431,-0.07538743,-1.00000000,-0.80422015,-0.16258395
669,-0.00120122,0.01734387,-1.00000000,-0.98516911,-0.17579409
670,0.03238723,0.03215731,1.00000000,-0.98647929,-0.14579870
671,-0.00455240,0.02074009,-1.00000000,-0.99179624,-0.10723513
672,0.02715032,0.14226868,1.00000000,-0.77161617,-0.05858362
673,-0.03756872,0.00861497,-1.00000000,-0.96813619,-0.12423203
674,0.01692507,0.12332067,1.00000000,-0.80858991,-0.09412395
675,-0.01821153,-0.11084355,-1.00000000,-0.73503371,-0.17816934
676,0.02919100,0.08632403,1.00000000,-0.88078239,-0.12212098
677,0.03261273,-0.04080604,-1.00000000,-0.87169971,-0.11304782
678,-0.00458347,0.13070421,1.00000000,-0.79418221,-0.05825876
679,-0.00249592,0.14308458,1.00000000,-0.77002407,-0.09051736
680,-0.02323380,0.00850257,-1.00000000,-0.96791685,-0.09885943
681,-0.01816527,0.01605564,-1.00000000,-0.98265536,-0.17751900
682,-0.01298576,-0.05897744,-1.00000000,-0.83624139,-0.25325886
683,-0.01676349,-0.04063865,-1.00000000,-0.87202633,-0.27349009
684,-0.04291263,-0.02189833,-1.00000000,-0.90859481,-0.34062292
685,0.02736434,-0.03556680,-1.00000000,-0.88192317,-0.25657856
686,0.02171074,-0.13017871,-1.00000000,-0.69730452,-0.19034383
687,0.02630373,0.12409504,1.00000000,-0.80707886,-0.12508333
688,0.00365780,0.10363938,1.00000000,-0.84699451,-0.09116321
689,0.02200839,0.12025757,1.00000000,-0.81456701,0.01667171
690,-0.02862016,0.03832085,1.00000000,-0.97445222,-0.07631950
691,0.05403048,0.10471633,1.00000000,-0.84489302,-0.02263586
692,-0.00114919,-0.07846619,-1.00000000,-0.79821249,-0.06823562
693,-0.00981025,0.22057758,1.00000000,-0.61881001,-0.09060629
694,-0.02254943,0.02092835,-1.00000000,-0.99216359,-0.16461759
695,-0.02359877,-0.01040881,-1.00000000,-0.93101459,-0.15627699
696,0.06639094,-0.05650130,-1.00000000,-0.84107315,-0.13574605
697,0.03824872,-0.06029798,-1.00000000,-0.83366458,-0.07030545
698,0.01183662,0.26529978,1.00000000,-0.53154243,-0.03434963
699,-0.01202726,0.16347655,1.00000000,-0.73023270,-0.01687212
700,0.00137082,0.06791316,1.00000000,-0.91670799,0.02460279
701,0.00060374,-0.01843033,-1.00000000,-0.91536200,-0.08467086
702,-0.01017112,0.03004616,1.00000000,-0.99059883,-0.16509704
703,0.00075421,0.02727075,1.00000000,-0.99601456,-0.18350511
704,-0.01980965,-0.01171450,-1.00000000,-0.92846678,-0.19643178
705,0.00612178,0.02781518,1.00000000,-0.99495221,-0.18854035
706,0.01937390,-0.04658829,-1.00000000,-0.86041666,-0.15736280
707,-0.02355374,0.04723593,1.00000000,-0.95705600,-0.17959155
708,-0.00406087,0.09518431,1.00000000,-0.86349310,-0.18758948
709,0.00744445,-0.06013503,-1.00000000,-0.83398255,-0.14231997
710,-0.01328796,0.01039341,-1.00000000,-0.97160651,-0.17455987
711,-0.04574839,0.05202156,1.00000000,-0.94771767,-0.28272910
712,-0.01261297,-0.02299174,-1.00000000,-0.90646121,-0.26455629
713,0.02223425,-0.14043896,-1.00000000,-0.67728345,-0.22087966
714,-0.01282550,-0.02054951,-1.00000000,-0.91122679,-0.25454839
715,-0.02148635,0.10553351,1.00000000,-0.84329844,-0.26816606
716,0.08354506,-0.02131847,-1.00000000,-0.90972630,-0.05340747
717,-0.03389445,-0.05265490,-1.00000000,-0.84857873,-0.08875637
718,-0.02658312,0.32736621,1.00000000,-0.41043062,-0.16984285
719,-0.00905712,-0.09754945,-1.00000000,-0.76097483,-0.16358351
720,0.04140071,-0.07109586,-1.00000000,-0.81259441,-0.05912704
721,0.00417898,-0.00768385,-1.00000000,-0.93633189,-0.19095544
722,-0.01926712,0.17488094,1.00000000,-0.70797902,-0.16665920
723,-0.00368714,0.04020654,1.00000000,-0.97077263,-0.12862857
724,-0.00673850,-0.04462534,-1.00000000,-0.86424700,-0.12477731
725,-0.01741246,0.01174563,-1.00000000,-0.97424513,-0.22246698
726,0.00983221,0.00070530,-1.00000000,-0.95270184,-0.21307687
727,0.04177464,-0.03791488,-1.00000000,-0.87734130,-0.11168547
728,0.05506542,0.06066087,1.00000000,-0.93085957,-0.01409649
729,0.00586444,0.17623389,1.00000000,-0.70533899,0.00683721
730,0.04156007,0.22432214,1.00000000,-0.61150315,0.10479159
731,-0.03920252,0.04630482,1.00000000,-0.95887290,0.02334408
732,0.01126460,0.17545757,1.00000000,-0.70685384,-0.02733361
733,0.04056436,-0.11675493,-1.00000000,-0.72349870,-0.05142012
734,0.00033314,0.06584350,1.00000000,-0.92074658,-0.06060770
735,0.03829785,0.17185489,1.00000000,-0.71388384,-0.06602631
736,-0.01625598,0.02629166,1.00000000,-0.99792508,-0.02791172
737,-0.02822839,0.16365430,1.00000000,-0.72988585,-0.09351023
738,0.01838145,-0.03373053,-1.00000000,-0.88550633,-0.13035642
739,-0.02647562,-0.07704869,-1.00000000,-0.80097850,-0.17488622
740,-0.01352455,0.09159344,1.00000000,-0.87050005,-0.26096410
741,-0.00467440,-0.07070689,-1.00000000,-0.81335342,-0.24172691
742,0.01368553,-0.02384775,-1.00000000,-0.90479085,-0.17210718
743,-0.02262449,0.00817354,-1.00000000,-0.96727480,-0.24021873
744,-0.04791005,0.07460283,1.00000000,-0.90365426,-0.27582169
745,0.00758345,-0.05677284,-1.00000000,-0.84054327,-0.24076094
746,0.03522941,-0.14826022,-1.00000000,-0.66202161,-0.17448003
747,0.00454396,0.05252449,1.00000000,-0.94673629,-0.18966433
748,0.03552316,0.15255218,1.00000000,-0.75154970,-0.09308010
749,-0.03219733,0.04152712,1.00000000,-0.96819574,-0.06698101
750,-0.08148256,0.15361501,1.00000000,-0.74947579,-0.21492116
751,-0.03635511,-0.09140898,-1.00000000,-0.77295689,-0.33382427
752,-0.03832548,-0.26973115,-1.00000000,-0.42499227,-0.40503114
753,-0.09177148,-0.10645252,-1.00000000,-0.74360204,-0.61646969
754,0.06799721,-0.11358166,-1.00000000,-0.72969078,-0.45004487
755,0.00021105,-0.30695816,-1.00000000,-0.35235026,-0.31435038
756,-0.00367579,0.27111152,1.00000000,-0.52020183,-0.26006948
757,0.00255525,0.02584994,1.00000000,-0.99878703,-0.19216589
758,0.00843671,0.01178669,-1.00000000,-0.97432523,-0.02571839
759,0.05202136,0.03433163,1.00000000,-0.98223649,-0.05225456
760,0.03209388,0.05561172,1.00000000,-0.94071210,0.00070335
761,-0.02298653,0.21330823,1.00000000,-0.63299488,-0.03137211
762,-0.00069978,0.14120729,1.00000000,-0.77368728,-0.03677878
763,-0.03778528,-0.05808277,-1.00000000,-0.83798717,-0.11355430
764,-0.02310050,0.02255437,-1.00000000,-0.99533649,-0.23833297
765,0.01075764,-0.11162713,-1.00000000,-0.73350470,-0.27377283
766,-0.03967142,-0.05849514,-1.00000000,-0.83718252,-0.30148672
767,0.02185496,0.06400922,1.00000000,-0.92432585,-0.26402291
768,-0.03341551,-0.11845149,-1.00000000,-0.72018814,-0.25676464
769,0.02957291,0.10416117,1.00000000,-0.84597632,-0.16927321
770,-0.08743553,-0.09581655,-1.00000000,-0.76435629,-0.33237372
771,0.01020774,0.13208602,1.00000000,-0.79148585,-0.24952359
772,0.03994780,-0.29126997,-1.00000000,-0.38296304,-0.21947106
773,-0.01963143,0.06201960,1.00000000,-0.92820824,-0.19657547
774,-0.02514586,0.16962410,1.00000000,-0.71823684,-0.28746429
775,0.02443296,-0.04594346,-1.00000000,-0.86167493,-0.10164884
776,-0.02135686,-0.06589560,-1.00000000,-0.82274180,-0.15407818
777,0.03911076,0.11348880,1.00000000,-0.82777508,-0.15546852
778,-0.04930345,-0.05218638,-1.00000000,-0.84949296,-0.20475425
779,-0.01112636,0.16659555,1.00000000,-0.72414652,-0.18146762
780,0.07009576,-0.15330177,-1.00000000,-0.65218391,-0.10562093
781,0.00940094,-0.01517072,-1.00000000,-0.92172255,-0.05453170
782,0.00230662,0.27870442,1.00000000,-0.50538561,-0.11566400
783,0.01386386,0.05910047,1.00000000,-0.93390443,-0.01074203
784,-0.01768983,0.03343204,1.00000000,-0.98399188,-0.02164406
785,0.02141798,0.07524806,1.00000000,-0.90239522,-0.10249867
786,0.02374700,-0.03891843,-1.00000000,-0.87538305,-0.07866963
787,-0.00955609,0.10258012,1.00000000,-0.84906146,-0.09837379
788,-0.01551926,0.11100689,1.00000000,-0.83261810,-0.14717965
789,0.00026117,-0.00948922,-1.00000000,-0.93280902,-0.11736275
790,-0.04533115,-0.03106494,-1.00000000,-0.89070776,-0.22823419
791,0.03758777,0.02603125,1.00000000,-0.99843324,-0.20524443
792,0.01145475,-0.13892934,-1.00000000,-0.68022920,-0.17034506
793,-0.01624730,0.16108511,1.00000000,-0.73489919,-0.17155435
794,-0.06629957,0.06653151,1.00000000,-0.91940404,-0.28211286
795,0.01687245,-0.03369912,-1.00000000,-0.88556762,-0.17879163
796,-0.01962246,-0.21479656,-1.00000000,-0.53218755,-0.27381878
797,0.05154026,0.08613362,1.00000000,-0.88115394,-0.20723608
798,-0.08644026,-0.04591101,-1.00000000,-0.86173825,-0.32382778
799,0.05920382,0.21156754,1.00000000,-0.63639153,-0.11536452
800,0.07218625,-0.28766894,-1.00000000,-0.38998981,-0.02348735
801,-0.02633348,0.23929559,1.00000000,-0.58228508,-0.03463447
802,-0.01552353,0.28626818,1.00000000,-0.49062627,-0.14602856
803,-0.01815766,-0.07019259,-1.00000000,-0.81435698,-0.03261001
804,-0.00681361,-0.03108042,-1.00000000,-0.89067755,-0.14226609
805,0.10768323,-0.04061114,-1.00000000,-0.87208002,-0.08330501
806,0.06143211,0.00043353,-1.00000000,-0.95217153,0.06247512
807,0.02642102,0.41470214,1.00000000,-0.24000978,0.13214573
808,0.00014326,0.24735789,1.00000000,-0.56655289,0.16254386
809,-0.07094601,0.12068193,1.00000000,-0.81373893,0.05601887
810,-0.01261525,0.02560463,1.00000000,-0.99926571,-0.14379895
811,-0.04659009,-0.23160815,-1.00000000,-0.49938267,-0.32322565
812,0.01523635,-0.02055778,-1.00000000,-0.91121066,-0.34180357
813,-0.03788621,-0.14348437,-1.00000000,-0.67134085,-0.40497116
814,0.02269100,0.08021394,1.00000000,-0.89270516,-0.24943850
815,0.00338567,-0.11199231,-1.00000000,-0.73279212,-0.22286069
816,0.00331928,0.10718613,1.00000000,-0.84007364,-0.13996039
817,-0.00572546,0.03733623,1.00000000,-0.97637354,-0.17477831
818,-0.01572533,0.03709601,1.00000000,-0.97684229,-0.13796871
819,-0.00451538,0.00437063,-1.00000000,-0.95985410,-0.18315898
820,0.05161003,-0.03181055,-1.00000000,-0.88925283,-0.10305750
821,0.01868098,0.00874890,-1.00000000,-0.96839753,-0.07754145
822,-0.00272168,0.21181999,1.00000000,-0.63589891,-0.07255212
823,0.02037834,0.09267720,1.00000000,-0.86838529,-0.01258331
824,0.00758667,0.01523881,-1.00000000,-0.98106145,0.00751841
825,0.05430579,0.09881854,1.00000000,-0.85640154,0.01199610
826,0.01722029,0.05253616,1.00000000,-0.94671353,0.00956986
827,-0.00495959,0.22157367,1.00000000,-0.61686631,0.00585266
828,-0.04442955,0.08739217,1.00000000,-0.87869810,-0.10179436
829,-0.02885780,0.00714167,-1.00000000,-0.96526131,-0.16232925
830,-0.06640805,-0.13566721,-1.00000000,-0.68659469,-0.36283697
831,-0.00176738,-0.07932603,-1.00000000,-0.79653467,-0.39437580
832,-0.00177399,-0.21518904,-1.00000000,-0.53142169,-0.38908447
833,0.00038912,0.01869165,-1.00000000,-0.98779906,-0.31463989
834,-0.02932512,0.01866770,-1.00000000,-0.98775234,-0.31541611
835,0.00960460,0.02649421,1.00000000,-0.99752986,-0.18915782
836,-0.00254306,-0.08101685,-1.00000000,-0.79323533,-0.19044624
837,0.01982477,0.05983734,1.00000000,-0.93246654,-0.15457033
838,-0.01872422,0.01588511,-1.00000000,-0.98232259,-0.18631790
839,-0.00941113,0.09681562,1.00000000,-0.86030988,-0.15324043
840,-0.00601154,-0.04266102,-1.00000000,-0.86808004,-0.17917909
841,-0.02434265,-0.00896472,-1.00000000,-0.93383248,-0.21538858
842,0.00556166,0.00333556,-1.00000000,-0.95783434,-0.23907985
843,0.04433920,-0.06298943,-1.00000000,-0.82841268,-0.13433044
844,-0.03066213,0.04520932,1.00000000,-0.96101057,-0.16962871
845,-0.02716784,0.18551290,1.00000000,-0.68723261,-0.20476968
846,-0.03198243,-0.08585436,-1.00000000,-0.78379576,-0.21745949
847,-0.02490856,-0.07321145,-1.00000000,-0.80846620,-0.26807105
848,0.00563264,-0.09063144,-1.00000000,-0.77447413,-0.33236330
849,0.02108404,-0.06503701,-1.00000000,-0.82441719,-0.24641203
850,-0.03230366,0.04546614,1.00000000,-0.96050943,-0.25494273
851,-0.04292208,0.10137187,1.00000000,-0.85141915,-0.27311367
852,-0.01094133,-0.09179372,-1.00000000,-0.77220613,-0.24991385
853,-0.04750471,-0.13021290,-1.00000000,-0.69723781,-0.33817590
854,0.02506405,-0.01450123,-1.00000000,-0.92302895,-0.33156504
855,-0.02435849,-0.14679365,-1.00000000,-0.66488337,-0.31836797
856,0.00066125,0.11577221,1.00000000,-0.82331940,-0.24597533
857,0.00216611,-0.06304677,-1.00000000,-0.82830080,-0.22420366
858,-0.00162312,0.02747882,1.00000000,-0.99560855,-0.14799356
859,0.09831153,0.03292365,1.00000000,-0.98498392,-0.02632825
860,-0.07786945,0.01921358,-1.00000000,-0.98881752,-0.11521086
861,-0.07298731,0.38079378,1.00000000,-0.30617603,-0.23754236
862,-0.08661380,-0.25665831,-1.00000000,-0.45050165,-0.38500730
863,0.03246261,-0.23899390,-1.00000000,-0.48497066,-0.32839032
864,-0.01994515,-0.28829684,-1.00000000,-0.38876458,-0.52481668
865,0.03640519,0.14254142,1.00000000,-0.77108396,-0.33500457
866,-0.01270865,-0.04707858,-1.00000000,-0.85945995,-0.23488070
867,0.02568793,0.15680634,1.00000000,-0.74324845,-0.04834562
868,0.00076870,-0.02089571,-1.00000000,-0.91055124,-0.10098974
869,0.00339362,0.11802951,1.00000000,-0.81891468,-0.06222365
870,0.04458493,0.02786758,1.00000000,-0.99484996,-0.04863697
871,0.02054280,0.03736499,1.00000000,-0.97631742,0.00659426
872,-0.00973350,0.18640198,1.00000000,-0.68549773,-0.05224133
873,0.05767923,0.09941359,1.00000000,-0.85524041,0.04228804
874,-0.05526687,-0.01013110,-1.00000000,-0.93155650,-0.05514802
875,0.02623964,0.23377937,1.00000000,-0.59304902,-0.08561985
876,0.01695214,-0.17487840,-1.00000000,-0.61008087,-0.09158400
877,-0.05101515,0.12002569,1.00000000,-0.81501949,-0.16015352
878,0.02856052,0.08642198,1.00000000,-0.88059126,-0.20852019
879,-0.06221350,-0.15949497,-1.00000000,-0.64009895,-0.22005866
880,-0.02703553,0.12842302,1.00000000,-0.79863355,-0.30854963
881,-0.04879623,-0.20001247,-1.00000000,-0.56103612,-0.41775879
882,0.04799024,-0.07273275,-1.00000000,-0.80940031,-0.25330916
883,-0.03015586,-0.15146657,-1.00000000,-0.65576498,-0.35083807
884,-0.04185501,0.19872298,1.00000000,-0.66145544,-0.31702228
885,-0.01131077,-0.08402261,-1.00000000,-0.78737010,-0.29090317
886,-0.01927137,-0.12635208,-1.00000000,-0.70477154,-0.24186189
887,0.02798485,-0.01583793,-1.00000000,-0.92042062,-0.27509118
888,0.02819617,-0.04464073,-1.00000000,-0.86421698,-0.17816747
889,-0.00375307,0.12634015,1.00000000,-0.80269791,-0.11487950
890,0.03303163,0.12710474,1.00000000,-0.80120596,-0.04122603
891,0.01827312,0.01150707,-1.00000000,-0.97377962,0.02113601
892,0.03072633,0.14460023,1.00000000,-0.76706655,0.02568965
893,-0.04198580,0.09120149,1.00000000,-0.87126488,-0.09088378
894,0.03052923,0.13625929,1.00000000,-0.78334244,-0.03394029
895,-0.00628464,-0.12682528,-1.00000000,-0.70384815,-0.09924528
896,0.01583889,0.13554615,1.00000000,-0.78473400,-0.10328857
897,0.05830138,0.00234742,-1.00000000,-0.95590616,-0.05748596
898,0.01346002,0.08239406,1.00000000,-0.88845105,0.03461048
899,0.00437433,0.23603039,1.00000000,-0.58865654,-0.00883326
900,0.02128913,0.07378690,1.00000000,-0.90524641,0.03696725
901,0.01310468,0.04091335,1.00000000,-0.96939342,0.03242568
902,0.00840138,0.10211394,1.00000000,-0.84997114,-0.05045906
903,0.03581845,0.07250123,1.00000000,-0.90775518,-0.01332133
904,-0.00420788,0.05548390,1.00000000,-0.94096152,-0.02757651
905,0.05388130,0.15468342,1.00000000,-0.74739097,0.02655962
906,0.02289862,0.00986151,-1.00000000,-0.97056859,0.04282751
907,-0.03708884,0.22003780,1.00000000,-0.61986329,-0.03273251
908,-0.02122980,0.10793731,1.00000000,-0.83860784,-0.12749062
909,-0.03161861,-0.10910728,-1.00000000,-0.73842174,-0.17302032
910,-0.04831166,-0.05172663,-1.00000000,-0.85039007,-0.34276456
911,0.02971066,-0.08931510,-1.00000000,-0.77704274,-0.33144965
912,-0.01259192,-0.14971333,-1.00000000,-0.65918613,-0.29075985
913,0.00028321,0.13258440,1.00000000,-0.79051335,-0.25502638
914,-0.03157753,-0.02047335,-1.00000000,-0.91137540,-0.25495814
915,-0.06100455,0.02611102,1.00000000,-0.99827759,-0.27604124
916,-0.00449540,-0.08916645,-1.00000000,-0.77733279,-0.33285808
917,0.03554864,-0.19563831,-1.00000000,-0.56957153,-0.25289579
918,-0.01542507,0.00882121,-1.00000000,-0.96853863,-0.27898751
919,0.00903780,0.15370721,1.00000000,-0.74929586,-0.21152476
920,-0.04529708,-0.03072417,-1.00000000,-0.89137272,-0.18543438
921,0.02421834,0.05778657,1.00000000,-0.93646826,-0.13774038
922,0.03763496,-0.13880608,-1.00000000,-0.68046973,-0.13427497
923,-0.01246376,0.11271228,1.00000000,-0.82929033,-0.12935619
924,-0.11622934,0.16125586,1.00000000,-0.73456600,-0.33742703
925,0.01699676,-0.02000965,-1.00000000,-0.91228023,-0.23395591
926,-0.02852047,-0.39545078,-1.00000000,-0.17967236,-0.32155595
927,0.06686238,0.08658340,1.00000000,-0.88027627,-0.27300872
928,0.03119583,-0.07810549,-1.00000000,-0.79891634,-0.20048939
929,-0.05831608,0.26700551,1.00000000,-0.52821400,-0.10429448
930,0.02647585,0.13795802,1.00000000,-0.78002767,-0.08854956
931,-0.10671573,-0.18591096,-1.00000000,-0.58855276,-0.21843321
932,-0.04849251,0.12088032,1.00000000,-0.81335182,-0.41003963
933,0.02024933,-0.36102895,-1.00000000,-0.24684054,-0.42822197
934,0.04210298,-0.15036764,-1.00000000,-0.65790934,-0.26142422
935,0.00536006,0.09835174,1.00000000,-0.85731242,-0.29649790
936,-0.01477581,0.17742187,1.00000000,-0.70302084,-0.14378414
937,-0.01040068,0.04447988,1.00000000,-0.96243394,-0.08051297
938,-0.06328678,-0.02837505,-1.00000000,-0.89595662,-0.21926786
939,0.04384218,-0.01254509,-1.00000000,-0.92684602,-0.21637901
940,-0.00698079,-0.20389578,-1.00000000,-0.55345853,-0.23687737
941,-0.02932784,0.18371459,1.00000000,-0.69074170,-0.26104852
942,0.02369236,-0.00017135,-1.00000000,-0.95099122,-0.20441941
943,-0.01007765,-0.08102668,-1.00000000,-0.79321614,-0.11603815
944,0.02426245,0.11080919,1.00000000,-0.83300387,-0.14856040
945,0.02883403,-0.01137630,-1.00000000,-0.92912670,-0.08907138
946,0.01397626,0.11287190,1.00000000,-0.82897885,-0.01714255
947,0.01976838,0.12941261,1.00000000,-0.79670254,-0.02366033
948,-0.01175231,0.07565473,1.00000000,-0.90160168,-0.02644197
949,0.01691824,0.09661161,1.00000000,-0.86070797,-0.03864085
950,-0.10945817,-0.01743551,-1.00000000,-0.91730322,-0.26834652
951,0.00111397,0.08629930,1.00000000,-0.88083065,-0.28971100
952,0.06050047,-0.37095154,-1.00000000,-0.22747834,-0.22205432
953,-0.06590111,0.02911683,1.00000000,-0.99241226,-0.31199639
954,0.08764025,0.24398707,1.00000000,-0.57313048,-0.19452593
955,0.05805973,-0.21335487,-1.00000000,-0.53500076,0.08372414
956,0.08099496,0.34218331,1.00000000,-0.38151764,0.21640782
957,0.05015503,0.23515606,1.00000000,-0.59036265,0.19922387
958,-0.05604964,0.31813954,1.00000000,-0.42843486,0.21558732
959,0.05546135,0.20655555,1.00000000,-0.64617154,0.16213763
960,-0.07456575,-0.17771062,-1.00000000,-0.60455430,-0.05815554
961,0.04129314,0.22575471,1.00000000,-0.60870774,-0.12410093
962,0.10384730,-0.24470499,-1.00000000,-0.47382648,-0.03491716
963,0.05168097,0.17449176,1.00000000,-0.70873845,0.14402522
964,-0.01743223,0.40082312,1.00000000,-0.26709227,0.02294775
965,-0.00482494,0.21207666,1.00000000,-0.63539807,0.13878842
966,0.02523365,-0.03798638,-1.00000000,-0.87720178,0.11211333
967,-0.02480727,0.00762887,-1.00000000,-0.96621198,-0.10158410
968,0.00843358,0.11638585,1.00000000,-0.82212199,-0.17341874
969,0.01601319,-0.06467053,-1.00000000,-0.82513231,-0.11786534
970,-0.07568634,0.05560041,1.00000000,-0.94073417,-0.23556733
971,0.04193508,0.08302470,1.00000000,-0.88722045,-0.20782597
972,-0.03024480,-0.24875946,-1.00000000,-0.46591488,-0.21685780
973,-0.00512813,0.17681439,1.00000000,-0.70420623,-0.23938404
974,0.06800983,-0.08434441,-1.00000000,-0.78674217,-0.15301675
975,0.07296744,0.00653187,-1.00000000,-0.96407138,0.09389971
976,-0.00920886,0.27115717,1.00000000,-0.52011276,0.00894877
977,-0.00800747,0.28909465,1.00000000,-0.48511089,0.04588535
978,-0.02277287,-0.00823287,-1.00000000,-0.93526057,0.01657715
979,-0.01915924,-0.00388604,-1.00000000,-0.94374264,-0.12821214
980,-0.00264617,-0.05730971,-1.00000000,-0.83949567,-0.25380763
981,0.02018807,-0.04423499,-1.00000000,-0.86500870,-0.20497883
982,0.02675135,0.01551203,-1.00000000,-0.98159460,-0.14724384
983,0.06011119,0.09813010,1.00000000,-0.85774490,-0.00957202
984,-0.05077154,0.12187715,1.00000000,-0.81140668,-0.06208059
985,-0.00528629,0.24257859,1.00000000,-0.57587887,-0.06646587
986,-0.03081555,-0.15861356,-1.00000000,-0.64181887,-0.15118374
987,-0.03205189,0.00595965,-1.00000000,-0.96295478,-0.24885693
988,-0.05852465,-0.08640946,-1.00000000,-0.78271258,-0.44591307
989,0.06347183,-0.09088276,-1.00000000,-0.77398372,-0.25615290
990,0.01113837,-0.18666561,-1.00000000,-0.58708019,-0.22887127
991,0.04402727,0.25473795,1.00000000,-0.55215201,-0.10455609
992,-0.00557438,0.06538678,1.00000000,-0.92163778,-0.06057650
993,-0.00340711,0.18438427,1.00000000,-0.68943493,0.03097467
994,-0.03521229,0.00491726,-1.00000000,-0.96092076,-0.13294133
995,0.00787591,0.01275882,-1.00000000,-0.97622218,-0.13836034
996,-0.04605829,-0.10231762,-1.00000000,-0.75167058,-0.28799397
997,0.00324032,0.05358265,1.00000000,-0.94467148,-0.27335260
998,0.11902984,-0.14156025,-1.00000000,-0.67509544,-0.06998275
999,0.08425728,0.03681033,1.00000000,-0.97739975,0.12845823
1000,0.02455461,0.45575608,1.00000000,-0.15990019,0.15616184
1001,-0.02615555,0.32994314,1.00000000,-0.40540218,0.18922062
1002,0.03100302,0.11392896,1.00000000,-0.82691618,0.23533494
1003,0.04954671,-0.06954884,-1.00000000,-0.81561315,0.11992227
1004,-0.02058654,0.13726041,1.00000000,-0.78138894,-0.05422509
1005,-0.02431309,0.20435453,1.00000000,-0.65046645,-0.13539516
1006,0.05283108,-0.04939923,-1.00000000,-0.85493160,-0.00419703
1007,-0.02410790,-0.06288250,-1.00000000,-0.82862135,-0.09573721
1008,-0.00815644,0.21623793,1.00000000,-0.62727807,-0.19158312
1009,0.00657872,-0.06214008,-1.00000000,-0.83007004,-0.14646115
1010,-0.07595798,-0.00442506,-1.00000000,-0.94269084,-0.23224418
1011,0.02116700,0.04888921,1.00000000,-0.95382990,-0.28483875
1012,-0.04775092,-0.24974228,-1.00000000,-0.46399708,-0.32411021
1013,0.06105304,0.10167203,1.00000000,-0.85083345,-0.20915208
1014,-0.00243053,-0.14768446,-1.00000000,-0.66314512,-0.22411659
1015,-0.02148917,0.24598637,1.00000000,-0.56922918,-0.13364299
1016,-0.02034178,0.01629226,-1.00000000,-0.98311708,-0.20258977
1017,0.01067966,-0.05266509,-1.00000000,-0.84855883,-0.10553560
1018,0.01107826,-0.04851364,-1.00000000,-0.85665967,-0.18854456
1019,-0.03741900,0.06372708,1.00000000,-0.92487639,-0.24666100
1020,0.02769111,0.06516930,1.00000000,-0.92206216,-0.16497171
1021,0.01422052,-0.11030185,-1.00000000,-0.73609076,-0.10756315
1022,-0.01810222,0.12527736,1.00000000,-0.80477177,-0.15537034
1023,-0.02015443,0.07653850,1.00000000,-0.89987714,-0.20724836
1024,-0.00693821,-0.04041054,-1.00000000,-0.87247145,-0.15661926
1025,0.04182785,-0.04783576,-1.00000000,-0.85798243,-0.13313791
1026,-0.03333899,-0.00001730,-1.00000000,-0.95129182,-0.21213505
1027,0.00777575,0.17642641,1.00000000,-0.70496331,-0.16915130
1028,-0.02835839,-0.09553969,-1.00000000,-0.76489653,-0.18277822
1029,0.03268780,0.05322027,1.00000000,-0.94537860,-0.11695874
1030,-0.01545831,-0.07751906,-1.00000000,-0.80006065,-0.21211202
1031,-0.00533404,0.14335622,1.00000000,-0.76949402,-0.16559532
1032,-0.00605006,-0.03084445,-1.00000000,-0.89113802,-0.18856023
1033,-0.00073306,0.00578688,-1.00000000,-0.96261766,-0.14267409
1034,0.01160862,0.00319618,-1.00000000,-0.95756236,-0.17768698
1035,-0.00974330,0.02243397,-1.00000000,-0.99510156,-0.16819425
1036,-0.00973352,0.06708821,1.00000000,-0.91831774,-0.17550187
1037,-0.00724294,-0.01016659,-1.00000000,-0.93148725,-0.17748326
1038,-0.02101930,-0.01013119,-1.00000000,-0.93155632,-0.21117904
1039,-0.00035867,-0.00111984,-1.00000000,-0.94914040,-0.23105691
1040,-0.00008126,-0.05096500,-1.00000000,-0.85187626,-0.21500810
1041,-0.03033408,0.02378857,-1.00000000,-0.99774482,-0.24922597
1042,0.00095661,0.02479228,-1.00000000,-0.99970339,-0.23560639
1043,-0.01852837,-0.08466744,-1.00000000,-0.78611183,-0.23146892
1044,-0.03938303,0.02854748,1.00000000,-0.99352326,-0.29628904
1045,0.01986100,-0.04195243,-1.00000000,-0.86946273,-0.26316460
1046,-0.02423697,-0.11740804,-1.00000000,-0.72222426,-0.25303719
1047,-0.01015077,0.09694671,1.00000000,-0.86005408,-0.27148673
1048,0.00364649,-0.06260707,-1.00000000,-0.82915879,-0.23465391
1049,-0.00494944,-0.01164086,-1.00000000,-0.92861047,-0.17745913
1050,0.00133766,0.03827991,1.00000000,-0.97453212,-0.20822671
1051,-0.00878227,0.00717842,-1.00000000,-0.96533302,-0.18255619
1052,0.00518763,0.02992620,1.00000000,-0.99083292,-0.15707885
1053,-0.03540210,-0.00668940,-1.00000000,-0.93827238,-0.22193922
1054,0.01230627,0.04385601,1.00000000,-0.96365132,-0.19327720
1055,-0.03286847,-0.10300439,-1.00000000,-0.75033048,-0.25009416
1056,0.05061783,0.06961244,1.00000000,-0.91339215,-0.15142959
1057,0.01716349,-0.09383727,-1.00000000,-0.76821852,-0.13153747
1058,0.05105290,0.20823005,1.00000000,-0.64290406,0.01206575
1059,0.06499790,0.08718668,1.00000000,-0.87909907,0.09958745
1060,0.03860648,0.20980420,1.00000000,-0.63983238,0.21830855
1061,0.08601301,0.26025953,1.00000000,-0.54137760,0.27710054
1062,0.08964965,0.16477099,1.00000000,-0.72770684,0.39750128
1063,0.02935178,0.33629568,1.00000000,-0.39300632,0.36145535
1064,0.08006755,0.34945366,1.00000000,-0.36733082,0.38648628
1065,-0.01129972,0.13128594,1.00000000,-0.79304707,0.30359123
1066,-0.00402918,0.31478401,1.00000000,-0.43498258,0.15402964
1067,-0.04871454,-0.01579795,-1.00000000,-0.92049862,-0.07579563
1068,-0.01329455,0.01050808,-1.00000000,-0.97183026,-0.14663191
1069,0.01204574,-0.15117100,-1.00000000,-0.65634173,-0.25961729
1070,0.06943633,-0.02301559,-1.00000000,-0.90641466,-0.12551334
1071,0.03644377,0.06866980,1.00000000,-0.91523154,-0.05828708
1072,-0.01416590,0.27631851,1.00000000,-0.51004131,-0.00090121
1073,0.07445053,0.15694594,1.00000000,-0.74297605,0.14484486
1074,0.06742803,-0.02616829,-1.00000000,-0.90026273,0.23683577
1075,0.03930730,0.29446071,1.00000000,-0.47463997,0.18679094
1076,-0.06320983,0.26905211,1.00000000,-0.52422041,0.02126461
1077,-0.12918489,0.16730666,1.00000000,-0.72275892,-0.16978388
1078,0.04172038,-0.20361738,-1.00000000,-0.55400178,-0.22414922
1079,0.02491349,-0.44232611,-1.00000000,-0.08820333,-0.29476658
1080,0.04708622,0.17603757,1.00000000,-0.70572207,-0.28184566
1081,0.00213561,0.11522747,1.00000000,-0.82438238,-0.17330577
1082,-0.02763428,0.19545208,1.00000000,-0.66783804,-0.00462849
1083,0.00251072,0.03281330,1.00000000,-0.98519924,-0.06975640
1084,-0.03095274,-0.07489911,-1.00000000,-0.80517303,-0.16255115
1085,-0.01337589,0.03417049,1.00000000,-0.98255092,-0.26297973
1086,-0.02187918,-0.08690584,-1.00000000,-0.78174398,-0.30286870
1087,0.03574056,-0.02330987,-1.00000000,-0.90584043,-0.19760202
1088,0.05791291,-0.05407619,-1.00000000,-0.84580531,-0.10557804
1089,0.04743274,0.15440160,1.00000000,-0.74794089,0.02462156
1090,0.09346145,0.23462483,1.00000000,-0.59139924,0.20208019
1091,-0.02985052,0.19670585,1.00000000,-0.66539152,0.18883967
1092,0.09302321,0.36324539,1.00000000,-0.34041867,0.28398712
1093,0.10159625,-0.08291782,-1.00000000,-0.78952591,0.35654589
1094,-0.01519857,0.36165975,1.00000000,-0.34351275,0.25251421
1095,0.09148949,0.39267842,1.00000000,-0.28298523,0.24923874
1096,0.07842313,-0.02990465,-1.00000000,-0.89297186,0.42908311
1097,0.04982042,0.35611048,1.00000000,-0.35434119,0.35732254
1098,-0.04175780,0.30883424,1.00000000,-0.44659253,0.11920904
1099,0.01101957,0.20534488,1.00000000,-0.64853395,0.16275781
1100,-0.06520940,-0.12600036,-1.00000000,-0.70545784,-0.09752169
1101,-0.02714646,0.06495693,1.00000000,-0.92247656,-0.27287456
1102,-0.00313245,-0.21085214,-1.00000000,-0.53988441,-0.36083018
1103,-0.00665470,-0.07313409,-1.00000000,-0.80861716,-0.30252333
1104,0.04384389,0.01375258,-1.00000000,-0.97816134,-0.24800158
1105,-0.02522528,0.00100851,-1.00000000,-0.95329350,-0.18158728
1106,0.02883164,0.18372078,1.00000000,-0.69072962,-0.08860671
1107,0.01684377,-0.06618295,-1.00000000,-0.82218109,-0.05542586
1108,0.04842676,0.12940399,1.00000000,-0.79671937,0.03606538
1109,-0.04098189,0.08602988,1.00000000,-0.88135637,-0.10483168
1110,-0.03993426,0.20030239,1.00000000,-0.65837350,-0.12926354
1111,0.01431784,-0.12319300,-1.00000000,-0.71093593,-0.15337123
1112,-0.11718284,-0.11940248,-1.00000000,-0.71833246,-0.37599170
1113,0.02120471,0.07689062,1.00000000,-0.89919005,-0.42120799
1114,0.09209004,-0.39890070,-1.00000000,-0.17294043,-0.20017326
1115,0.03690720,0.10180848,1.00000000,-0.85056719,-0.07253829
1116,0.05788165,0.35828339,1.00000000,-0.35010114,-0.00017806
1117,0.03141191,0.15862270,1.00000000,-0.73970415,0.24664033
1118,-0.08955440,0.23451173,1.00000000,-0.59161995,0.06266758
1119,-0.02290167,0.13873981,1.00000000,-0.77850213,-0.12833561
1120,0.03440435,-0.29893639,-1.00000000,-0.36800334,-0.13249288
1121,-0.00279880,-0.05777575,-1.00000000,-0.83858627,-0.23328412
1122,0.00730909,0.14956698,1.00000000,-0.75737480,-0.27331931
1123,0.08446248,0.01495980,-1.00000000,-0.98051700,0.01572567
1124,-0.01640349,0.05153181,1.00000000,-0.94867334,0.02651927
1125,0.06648062,0.33068561,1.00000000,-0.40395339,0.07979848
1126,0.01063314,-0.03426424,-1.00000000,-0.88446488,0.10210916
1127,0.01035362,0.26562423,1.00000000,-0.53090932,0.10716618
1128,0.02752523,0.06355879,1.00000000,-0.92520479,0.01259245
1129,-0.03151717,0.06254743,1.00000000,-0.92717828,-0.01251164
1130,-0.03376200,0.12467718,1.00000000,-0.80594291,-0.17901631
1131,0.22365974,-0.08894806,-1.00000000,-0.77775896,0.17482447
1132,-0.04303353,-0.09707021,-1.00000000,-0.76190999,0.08614751
1133,0.08462380,0.83432443,1.00000000,0.57880991,0.18098919
1134,-0.03922964,-0.13061615,-1.00000000,-0.69645093,0.16817865
1135,0.01093522,0.33126928,1.00000000,-0.40281446,0.24242148
1136,0.17982358,-0.11685306,-1.00000000,-0.72330722,0.16960889
1137,0.00555380,0.06465175,1.00000000,-0.92307206,0.25031326
1138,0.01379436,0.67571794,1.00000000,0.26931701,0.13266436
1139,0.26944967,0.04518086,1.00000000,-0.96106611,0.64538591
1140,0.05848938,0.07499659,1.00000000,-0.90288592,0.72437417
1141,-0.16028838,1.00000000,1.00000000,0.90209690,0.15944244
1142,-0.07426599,0.23671059,1.00000000,-0.58732924,0.02686043
1143,-0.01272871,-0.55486369,-1.00000000,0.13139413,-0.01719483
1144,-0.02056868,-0.24362039,-1.00000000,-0.47594288,-0.49892021
1145,0.00934159,-0.02096827,-1.00000000,-0.91040964,-0.58055552
1146,-0.03810896,-0.04933458,-1.00000000,-0.85505774,-0.37761344
1147,0.01769489,0.05888572,1.00000000,-0.93432347,-0.22486487
1148,0.08125850,-0.11279824,-1.00000000,-0.73121948,-0.06875051
1149,-0.01665718,0.08910935,1.00000000,-0.87534732,-0.06225346
1150,0.01044968,0.31909309,1.00000000,-0.42657418,-0.06041289
1151,-0.11138040,-0.03518215,-1.00000000,-0.88267374,-0.18211799
1152,-0.07892680,0.06289500,1.00000000,-0.92650006,-0.34260825
1153,-0.05823135,-0.37790648,-1.00000000,-0.21390699,-0.57430326
1154,0.05574692,-0.26048398,-1.00000000,-0.44303652,-0.45403881
1155,-0.02736918,-0.18560439,-1.00000000,-0.58915098,-0.51685658
1156,0.03416242,0.22678795,1.00000000,-0.60669155,-0.27510750
1157,-0.08448763,-0.07393995,-1.00000000,-0.80704466,-0.28434413
1158,0.03800855,0.14869162,1.00000000,-0.75908292,-0.12448804
1159,0.00135421,-0.28060397,-1.00000000,-0.40377586,-0.21483525
1160,-0.02860916,0.16260755,1.00000000,-0.73192840,-0.21689488
1161,0.00264146,0.02998608,1.00000000,-0.99071608,-0.26925172
1162,-0.02301097,-0.07842640,-1.00000000,-0.79829013,-0.16713795
1163,0.00237941,0.03464354,1.00000000,-0.98162784,-0.22631855
1164,0.02437271,-0.05817119,-1.00000000,-0.83781464,-0.18808443
1165,0.08347789,0.03369541,1.00000000,-0.98347796,-0.00190595
1166,0.07529194,0.11327083,1.00000000,-0.82820041,0.11876773
1167,-0.01638649,0.32712318,1.00000000,-0.41090486,0.12977110
1168,0.16947797,0.29750505,1.00000000,-0.46869947,0.40732463
1169,-0.17069430,-0.03420272,-1.00000000,-0.88458493,0.08331502
1170,0.02490739,0.63828578,1.00000000,0.19627468,-0.01397155
1171,0.10083741,-0.59251405,-1.00000000,0.20486224,0.02845991
1172,0.03535017,0.11520540,1.00000000,-0.82442544,0.11439537
1173,-0.06710671,0.38993282,1.00000000,-0.28834280,-0.27857578
1174,0.20933884,0.15298911,1.00000000,-0.75069712,0.35266570
1175,0.00481906,-0.21771692,-1.00000000,-0.52648899,0.31929863
1176,0.00644878,0.78250903,1.00000000,0.47770121,0.16251752
1177,-0.10610807,0.04252245,1.00000000,-0.96625353,-0.07244702
1178,0.03508792,0.04841906,1.00000000,-0.95474733,0.09729999
1179,0.19280904,-0.35883032,-1.00000000,-0.25113079,0.06984371
1180,-0.03403927,0.15204023,1.00000000,-0.75254869,0.00529937
1181,-0.28331653,0.72270147,1.00000000,0.36099719,-0.47600571
1182,-0.01342341,-0.09807344,-1.00000000,-0.75995236,-0.32205493
1183,-0.14620459,-1.00000000,-1.00000000,1.00000000,-0.62318485
1184,0.04197274,-0.02348184,-1.00000000,-0.90550486,-0.87372650
1185,-0.11006107,-0.50390620,-1.00000000,0.03195948,-1.00000000
1186,-0.07629821,0.17695067,1.00000000,-0.70394032,-0.65613907
1187,-0.00416463,-0.37313296,-1.00000000,-0.22322169,-0.64076006
1188,0.03874172,-0.25097330,-1.00000000,-0.46159495,-0.33356112
1189,-0.11081899,0.01001800,-1.00000000,-0.97087394,-0.58735077
1190,-0.10966150,0.16526028,1.00000000,-0.72675206,-0.58668707
1191,0.03153384,-0.37587521,-1.00000000,-0.21787066,-0.40757622
1192,0.01347748,-0.37168725,-1.00000000,-0.22604275,-0.37827238
1193,0.04682632,0.13918097,1.00000000,-0.77764129,-0.36484372
1194,-0.02809402,0.07385007,1.00000000,-0.90512314,-0.22743615
1195,0.13022998,0.19451171,1.00000000,-0.66967300,0.17102767
1196,-0.08929750,-0.07656254,-1.00000000,-0.80192714,-0.02967523
1197,0.03379512,0.49628004,1.00000000,-0.08082475,0.00407272
1198,0.06667876,-0.29800690,-1.00000000,-0.36981709,0.03704796
1199,-0.07693117,0.14736269,1.00000000,-0.76167610,-0.04407137
1200,-0.02859410,0.26634114,1.00000000,-0.52951040,-0.30788085
1201,0.21297598,-0.25326344,-1.00000000,-0.45712614,0.19420053
1202,-0.01587211,-0.07837189,-1.00000000,-0.79839651,0.11170241
1203,0.03391900,0.79566883,1.00000000,0.50338026,0.05728790
1204,0.01583627,-0.03234164,-1.00000000,-0.88821651,0.21137618
1205,-0.04775569,0.14781089,1.00000000,-0.76080151,0.17954844
1206,0.04442792,0.08238457,1.00000000,-0.88846957,-0.10041275
1207,0.08667990,-0.14770173,-1.00000000,-0.66311140,0.06992787
1208,0.01316105,0.18583390,1.00000000,-0.68660623,0.03544856
1209,-0.05169714,0.33870858,1.00000000,-0.38829796,-0.07672557
1210,-0.08006318,0.07270517,1.00000000,-0.90735723,-0.13038886
1211,-0.07449394,-0.16196253,-1.00000000,-0.63528395,-0.32792007
1212,-0.00849768,-0.26459559,-1.00000000,-0.43501343,-0.48601164
1213,-0.04539199,-0.24444514,-1.00000000,-0.47433351,-0.58326922
1214,-0.02003862,-0.00565973,-1.00000000,-0.94028161,-0.53068389
1215,-0.00067464,-0.13914945,-1.00000000,-0.67979970,-0.39881817
1216,-0.01440463,-0.04741674,-1.00000000,-0.85880007,-0.29900881
1217,-0.07707465,0.02264536,-1.00000000,-0.99551404,-0.41291631
1218,-0.00695557,-0.02703202,-1.00000000,-0.89857730,-0.34907278
1219,0.00764114,-0.25378259,-1.00000000,-0.45611311,-0.30309623
1220,0.02133377,-0.00008012,-1.00000000,-0.95116924,-0.26653989
1221,0.01447907,0.05273323,1.00000000,-0.94632899,-0.21856358
1222,0.00135884,0.10227544,1.00000000,-0.84965600,-0.08828422
1223,-0.00536597,0.07747400,1.00000000,-0.89805167,-0.08564385
1224,0.01457221,0.03000283,1.00000000,-0.99068339,-0.07413124
1225,-0.00306087,0.00567135,-1.00000000,-0.96239223,-0.11465116
1226,-0.02464175,0.07781097,1.00000000,-0.89739414,-0.17963151
1227,-0.06446541,0.01401155,-1.00000000,-0.97866667,-0.28896670
1228,-0.01217728,-0.06407164,-1.00000000,-0.82630095,-0.30028040
1229,0.03424368,-0.20816026,-1.00000000,-0.54513713,-0.26760575
1230,-0.04943455,-0.01897310,-1.00000000,-0.91430287,-0.34463320
1231,0.00195537,0.14898564,1.00000000,-0.75850920,-0.30045494
1232,-0.03626297,-0.15377610,-1.00000000,-0.65125834,-0.25361021
1233,0.03569917,0.03216117,1.00000000,-0.98647177,-0.17408662
1234,-0.01094057,-0.10611915,-1.00000000,-0.74425256,-0.24913843
1235,0.03500467,0.15425184,1.00000000,-0.74823311,-0.10888347
1236,-0.00992323,-0.01449850,-1.00000000,-0.92303429,-0.12861402
1237,0.01969159,0.15173901,1.00000000,-0.75313646,-0.03567254
1238,0.00157189,-0.01081758,-1.00000000,-0.93021696,-0.09235854
1239,-0.00097316,0.09633376,1.00000000,-0.86125016,-0.07580250
1240,-0.04900242,0.03077367,1.00000000,-0.98917924,-0.21533969
1241,0.04664398,0.02156525,-1.00000000,-0.99340640,-0.12138060
1242,0.01045418,-0.15221260,-1.00000000,-0.65430924,-0.13672410
1243,0.02026596,0.19385200,1.00000000,-0.67096032,-0.10567294
1244,0.00609765,0.06291126,1.00000000,-0.92646834,-0.09392820
1245,0.04203128,0.09841191,1.00000000,-0.85719500,0.05728032
1246,-0.02636214,0.04714862,1.00000000,-0.95722637,-0.06398408
1247,0.06591053,0.17716248,1.00000000,-0.70352700,0.02812986
1248,-0.06988609,-0.07029629,-1.00000000,-0.81415463,-0.12161421
1249,-0.02162744,0.26356156,1.00000000,-0.53493426,-0.16766605
1250,0.01935570,-0.22777317,-1.00000000,-0.50686596,-0.20533058
1251,0.00445690,-0.05316535,-1.00000000,-0.84758267,-0.15413964
1252,-0.02165151,0.09511844,1.00000000,-0.86362163,-0.29958167
1253,0.02971512,0.04121211,1.00000000,-0.96881043,-0.13414238
1254,0.01948708,-0.05325247,-1.00000000,-0.84741267,-0.06585046
1255,0.00533491,0.13260057,1.00000000,-0.79048180,-0.08913922
1256,-0.01648514,0.09559382,1.00000000,-0.86269401,-0.12392431
1257,-0.01277794,0.04438892,1.00000000,-0.96261145,-0.10918516
1258,0.01291296,-0.03455968,-1.00000000,-0.88388839,-0.13709384
1259,-0.00576864,-0.02114642,-1.00000000,-0.91006203,-0.17904402
1260,-0.05290694,0.07180754,1.00000000,-0.90910878,-0.27578473
1261,0.02896942,0.00421442,-1.00000000,-0.95954927,-0.20028393
1262,0.00266056,-0.16633981,-1.00000000,-0.62674244,-0.17464031
1263,0.00020364,0.12990250,1.00000000,-0.79574661,-0.19575070
1264,-0.01190151,0.03471267,1.00000000,-0.98149296,-0.20593751
1265,-0.03131786,0.02582312,1.00000000,-0.99883937,-0.17007768
1266,0.00128422,-0.01797534,-1.00000000,-0.91624983,-0.21606327
1267,-0.01233811,-0.08822693,-1.00000000,-0.77916611,-0.24097633
1268,0.04348193,0.02973282,1.00000000,-0.99121026,-0.16909036
1269,-0.03228769,-0.01955504,-1.00000000,-0.91316733,-0.20295214
1270,-0.01371204,0.18241116,1.00000000,-0.69328512,-0.17370857
1271,0.00216142,-0.09173591,-1.00000000,-0.77231894,-0.17225153
1272,-0.00089127,-0.02452613,-1.00000000,-0.90346711,-0.15323814
1273,-0.00500826,0.03290667,1.00000000,-0.98501705,-0.23378116
1274,0.05731716,0.02186153,-1.00000000,-0.99398454,-0.08494599
1275,0.02560107,0.00696559,-1.00000000,-0.96491771,-0.01964625
1276,0.01075957,0.23246934,1.00000000,-0.59560531,-0.00536457
1277,-0.04779143,0.11771523,1.00000000,-0.81952794,-0.08326651
1278,-0.03788349,0.06401623,1.00000000,-0.92431218,-0.13787283
1279,0.02911250,-0.14783102,-1.00000000,-0.66285913,-0.18472125
1280,-0.00618095,-0.11198247,-1.00000000,-0.73281131,-0.23751173
1281,-0.03479309,0.13042018,1.00000000,-0.79473644,-0.31317547
1282,-0.02295943,0.00272259,-1.00000000,-0.95663824,-0.27192910
1283,0.01102563,-0.10080088,-1.00000000,-0.75463024,-0.19069023
1284,-0.01518330,-0.05798472,-1.00000000,-0.83817851,-0.26426631
1285,-0.01468647,0.06497885,1.00000000,-0.92243378,-0.27839412
1286,-0.01634947,-0.02984940,-1.00000000,-0.89307967,-0.24775896
1287,-0.01454045,-0.02805178,-1.00000000,-0.89658742,-0.23377490
1288,0.01621561,-0.03406881,-1.00000000,-0.88484623,-0.22515424
1289,-0.00088265,-0.02752347,-1.00000000,-0.89761832,-0.20140061
1290,0.00604741,0.08375709,1.00000000,-0.88579133,-0.16696128
1291,0.00214983,0.02189275,-1.00000000,-0.99404545,-0.13623362
1292,-0.00660704,0.04696685,1.00000000,-0.95758105,-0.12305609
1293,-0.02327871,0.03286476,1.00000000,-0.98509883,-0.18865684
1294,0.00698869,0.00118092,-1.00000000,-0.95362994,-0.17558241
1295,-0.01476712,-0.05913995,-1.00000000,-0.83592427,-0.21015569
1296,-0.03870459,0.05037257,1.00000000,-0.95093540,-0.27801559
1297,0.00884206,-0.02834357,-1.00000000,-0.89601803,-0.25235436
1298,-0.03602699,-0.11495335,-1.00000000,-0.72701416,-0.27352946
1299,-0.00761156,0.05707836,1.00000000,-0.93785022,-0.29778074
1300,0.06085041,-0.10526533,-1.00000000,-0.74591864,-0.17217875
1301,-0.00415260,-0.00245360,-1.00000000,-0.94653781,-0.11478729
1302,-0.01400940,0.24525321,1.00000000,-0.57065982,-0.15274395
1303,0.00398420,0.01006153,-1.00000000,-0.97095889,-0.08628469
1304,0.00904373,-0.02560202,-1.00000000,-0.90136771,-0.05861996
1305,0.04575868,0.03950181,1.00000000,-0.97214779,-0.08368759
1306,0.01886084,0.05780802,1.00000000,-0.93642641,-0.04546188
1307,-0.01137853,0.19064881,1.00000000,-0.67721078,-0.04109197
1308,0.00319873,0.09332797,1.00000000,-0.86711543,-0.04239665
1309,-0.05725866,-0.01608311,-1.00000000,-0.91994219,-0.15252604
1310,0.00126930,0.03665984,1.00000000,-0.97769339,-0.22642365
1311,0.03216736,-0.18208505,-1.00000000,-0.59601837,-0.20432129
1312,-0.06846877,0.02967886,1.00000000,-0.99131557,-0.29914914
1313,0.01117075,0.14147318,1.00000000,-0.77316845,-0.28590747
1314,0.02839658,-0.22264509,-1.00000000,-0.51687252,-0.14363267
1315,-0.02240470,0.06550395,1.00000000,-0.92140914,-0.18295559
1316,0.00475305,0.12782985,1.00000000,-0.79979103,-0.22849123
1317,-0.02464596,-0.05597763,-1.00000000,-0.84209500,-0.15570081
1318,0.06657282,0.04228362,1.00000000,-0.96671956,-0.06367704
1319,-0.00291324,-0.06408689,-1.00000000,-0.82627119,-0.11568318
1320,0.07678117,0.26595785,1.00000000,-0.53025833,0.04906623
1321,0.03372230,0.01454571,-1.00000000,-0.97970900,0.09718465
1322,0.00098734,0.30289334,1.00000000,-0.45818516,0.13976201
1323,-0.03956537,0.14709921,1.00000000,-0.76219022,-0.03653533
1324,0.00574112,0.02865867,1.00000000,-0.99330628,-0.02216029
1325,-0.05910109,-0.11806779,-1.00000000,-0.72093688,-0.24786302
1326,0.01422343,0.04585863,1.00000000,-0.95974356,-0.28025098
1327,-0.05528263,-0.18875127,-1.00000000,-0.58301040,-0.37371636
1328,0.02416031,0.07654905,1.00000000,-0.89985656,-0.26786692
1329,-0.02223784,-0.17493544,-1.00000000,-0.60996957,-0.31434045
1330,-0.01516241,0.11250232,1.00000000,-0.82970002,-0.24135756
1331,-0.01645961,-0.05537391,-1.00000000,-0.84327305,-0.29232260
1332,-0.02490838,-0.02977381,-1.00000000,-0.89322717,-0.24187046
1333,-0.01190894,-0.03446728,-1.00000000,-0.88406868,-0.30178210
1334,-0.03925688,-0.06503635,-1.00000000,-0.82441847,-0.33005100
1335,-0.00286273,-0.01800223,-1.00000000,-0.91619735,-0.30962103
1336,0.03663487,-0.11695161,-1.00000000,-0.72311491,-0.22143020
1337,0.04278661,0.01472848,-1.00000000,-0.98006563,-0.10898766
1338,-0.01458614,0.15763737,1.00000000,-0.74162684,-0.11343454
1339,-0.00297296,0.17989539,1.00000000,-0.69819421,-0.05316634
1340,-0.02919214,-0.02768879,-1.00000000,-0.89729574,-0.09689993
1341,-0.00186431,0.01432963,-1.00000000,-0.97928735,-0.16084772
1342,0.01662179,-0.08053570,-1.00000000,-0.79417421,-0.20430793
1343,0.01310696,0.01834093,-1.00000000,-0.98711471,-0.15830922
1344,-0.02946852,0.08522672,1.00000000,-0.88292360,-0.20231880
1345,-0.01036149,0.07250945,1.00000000,-0.90773913,-0.17104078
1346,0.02614815,-0.08153571,-1.00000000,-0.79222285,-0.12451162
1347,-0.01800808,-0.01240329,-1.00000000,-0.92712273,-0.18203242
1348,0.03210341,0.11969465,1.00000000,-0.81566544,-0.15047898
1349,-0.00565005,-0.04006991,-1.00000000,-0.87313613,-0.11091609
1350,-0.00834256,0.14124180,1.00000000,-0.77361995,-0.10756261
1351,0.00576589,0.00464349,-1.00000000,-0.96038654,-0.14141789
1352,-0.03831339,-0.00509846,-1.00000000,-0.94137682,-0.17514537
1353,-0.00490687,0.04594824,1.00000000,-0.95956870,-0.23662008
1354,-0.03271301,-0.11353792,-1.00000000,-0.72977612,-0.28157211
1355,0.03304143,0.00733244,-1.00000000,-0.96563355,-0.21283261
1356,-0.01816615,-0.09327480,-1.00000000,-0.76931608,-0.25258412
1357,0.00564278,0.14463568,1.00000000,-0.76699738,-0.17957218
1358,-0.02792599,-0.04064183,-1.00000000,-0.87202013,-0.21780733
1359,-0.07369765,0.04550282,1.00000000,-0.96043787,-0.28588351
1360,0.01103822,-0.07595459,-1.00000000,-0.80311345,-0.32243121
1361,-0.02499062,-0.24156403,-1.00000000,-0.47995551,-0.33376677
1362,-0.05828707,0.06502442,1.00000000,-0.92234487,-0.43995533
1363,-0.04148795,-0.06533391,-1.00000000,-0.82383785,-0.46248197
1364,0.00742954,-0.18580600,-1.00000000,-0.58875758,-0.32772835
1365,-0.01462871,-0.12502400,-1.00000000,-0.70736304,-0.37036154
1366,0.01854867,0.05196761,1.00000000,-0.94782295,-0.29804205
1367,0.06919999,-0.02784279,-1.00000000,-0.89699523,-0.08628389
1368,-0.00823129,0.09219847,1.00000000,-0.86931944,-0.03104402
1369,0.04281383,0.27546338,1.00000000,-0.51170995,0.02772989
1370,0.06033686,-0.00469588,-1.00000000,-0.94216238,0.15224896
1371,-0.01605253,0.17999385,1.00000000,-0.69800207,0.09477579
1372,-0.02787266,0.24339510,1.00000000,-0.57428560,-0.06646353
1373,-0.00755515,-0.03299440,-1.00000000,-0.88694275,-0.06534044
1374,0.02351936,-0.07576163,-1.00000000,-0.80348997,-0.09738888
1375,-0.01836487,-0.00224948,-1.00000000,-0.94693610,-0.22811379
1376,0.01595156,0.11018326,1.00000000,-0.83422526,-0.17495446
1377,-0.00513798,-0.04136085,-1.00000000,-0.87061709,-0.13719176
1378,0.00338775,0.08280170,1.00000000,-0.88765560,-0.11901541
1379,0.02123355,0.00649625,-1.00000000,-0.96400187,-0.12281218
1380,-0.23845369,0.03734375,1.00000000,-0.97635886,-0.48838344
1381,-0.03167526,0.10191283,1.00000000,-0.85036356,-0.56749239
1382,0.00347762,-0.83767880,-1.00000000,0.68325849,-0.55318174
1383,-0.00375154,-0.08952005,-1.00000000,-0.77664281,-0.56504022
1384,0.02915013,0.03766892,1.00000000,-0.97572435,-0.55189065
1385,0.01532414,0.01151260,-1.00000000,-0.97379041,-0.13036137
1386,-0.04259532,0.13055634,1.00000000,-0.79447075,-0.14849978
1387,-0.11387317,0.08053159,1.00000000,-0.89208533,-0.34342143
1388,0.02261745,-0.12903065,-1.00000000,-0.69954476,-0.29962208
1389,0.17230717,-0.38692576,-1.00000000,-0.19630744,-0.06183582
1390,-0.15925727,0.10692002,1.00000000,-0.84059291,-0.35181850
1391,-0.08193302,0.64852230,1.00000000,0.21624948,-0.41715909
1392,0.07022757,-0.55113299,-1.00000000,0.12411432,-0.11136464
1393,-0.07429349,-0.27136099,-1.00000000,-0.42181193,-0.27233535
1394,-0.11401564,0.27918134,1.00000000,-0.50445498,-0.74792239
1395,-0.02916826,-0.24371988,-1.00000000,-0.47574873,-0.53184235
1396,0.02002026,-0.38744124,-1.00000000,-0.19530157,-0.36249622
1397,0.05239378,-0.08044932,-1.00000000,-0.79434276,-0.39211846
1398,0.03363830,0.09752293,1.00000000,-0.85892969,-0.21284194
1399,0.05230726,0.21465570,1.00000000,-0.63036552,0.06342322
1400,0.01362894,0.14679526,1.00000000,-0.76278334,0.13451010
1401,-0.01700655,0.21434267,1.00000000,-0.63097634,0.07300795
1402,-0.02678371,0.07439808,1.00000000,-0.90405381,-0.05850720
1403,0.02202931,-0.03644621,-1.00000000,-0.88020715,-0.07778992
1404,0.04412601,-0.07182161,-1.00000000,-0.81117824,-0.09137911
1405,0.05493819,0.10479202,1.00000000,-0.84474533,-0.02276375
1406,0.08724913,0.18474155,1.00000000,-0.68873776,0.15040669
1407,0.00696831,0.22386181,1.00000000,-0.61240140,0.20646937
1408,-0.02376335,0.34076815,1.00000000,-0.38427908,0.13040699
1409,-0.00039682,0.05029881,1.00000000,-0.95107933,0.05645382
1410,-0.05701898,-0.06089343,-1.00000000,-0.83250266,-0.12950893
1411,0.01736478,0.02365056,-1.00000000,-0.99747552,-0.24558802
1412,0.00489138,-0.18121783,-1.00000000,-0.59771059,-0.24903783
1413,-0.02953773,0.08791495,1.00000000,-0.87767798,-0.25862918
1414,0.01341391,0.04278415,1.00000000,-0.96574288,-0.23568933
1415,-0.00696199,-0.08178612,-1.00000000,-0.79173423,-0.15254382
1416,-0.00769420,0.07362007,1.00000000,-0.90557196,-0.19416720
1417,-0.02742610,-0.00010332,-1.00000000,-0.95112396,-0.24784708
1418,0.01434610,-0.00275257,-1.00000000,-0.94595441,-0.17495529
1419,0.02455274,-0.07414587,-1.00000000,-0.80664283,-0.15645351
1420,-0.03271094,0.07699289,1.00000000,-0.89899048,-0.19922296
1421,-0.03187754,0.11392219,1.00000000,-0.82692940,-0.23939191
1422,-0.01155812,-0.09326732,-1.00000000,-0.76933067,-0.21303493
1423,0.00790514,-0.09025194,-1.00000000,-0.77521466,-0.22373347
1424,-0.00483799,-0.01673289,-1.00000000,-0.91867426,-0.27255196
1425,-0.02860040,0.05368843,1.00000000,-0.94446508,-0.26572428
1426,0.00995437,0.00758167,-1.00000000,-0.96611987,-0.19624077
1427,-0.01390680,-0.07839470,-1.00000000,-0.79835199,-0.20014198
1428,0.04279998,0.06110286,1.00000000,-0.92999710,-0.14218106
1429,0.01121406,-0.02523082,-1.00000000,-0.90209203,-0.11551835
1430,-0.00519554,0.17994376,1.00000000,-0.69809983,-0.07664248
1431,-0.00138384,0.06566063,1.00000000,-0.92110342,-0.09547544
1432,0.02886784,0.00628796,-1.00000000,-0.96359544,-0.02442603
1433,-0.05200193,0.02007934,-1.00000000,-0.99050690,-0.18189362
1434,-0.00660661,0.12953495,1.00000000,-0.79646382,-0.21149404
1435,-0.02820317,-0.16306533,-1.00000000,-0.63313202,-0.24971010
1436,-0.03716855,0.00118250,-1.00000000,-0.95363302,-0.30914910
1437,0.02126588,-0.07695746,-1.00000000,-0.80115651,-0.32177609
1438,-0.07979313,-0.10939568,-1.00000000,-0.73785898,-0.36793774
1439,-0.03043356,0.10202979,1.00000000,-0.85013534,-0.40751471
1440,0.01000415,-0.26361850,-1.00000000,-0.43692004,-0.34405170
1441,-0.03108068,-0.08502736,-1.00000000,-0.78540950,-0.33393965
1442,0.01834457,0.06128297,1.00000000,-0.92964565,-0.33879199
1443,-0.01479080,-0.08736876,-1.00000000,-0.78084068,-0.23082202
1444,0.01777903,0.09146002,1.00000000,-0.87076040,-0.15074010
1445,0.01163060,-0.02842928,-1.00000000,-0.89585080,-0.14803853
1446,0.02010772,0.08941378,1.00000000,-0.87475328,-0.06301374
1447,-0.00220217,0.06716777,1.00000000,-0.91816249,-0.09714223
1448,-0.00404880,0.09783936,1.00000000,-0.85831222,-0.07929958
1449,0.02425875,0.01711848,-1.00000000,-0.98472929,-0.06853664
1450,0.02661744,0.01043709,-1.00000000,-0.97169173,-0.04364325
1451,0.01195222,0.11285851,1.00000000,-0.82900498,-0.05718967
1452,0.02727170,0.12139264,1.00000000,-0.81235212,-0.00823307
1453,0.03633355,0.06833141,1.00000000,-0.91589185,0.05884270
1454,-0.01676578,0.12375986,1.00000000,-0.80773290,-0.00929975
1455,-0.00900512,0.15654714,1.00000000,-0.74375423,-0.06846943
1456,-0.04295385,-0.03557508,-1.00000000,-0.88190701,-0.15966934
1457,0.00724375,-0.00749572,-1.00000000,-0.93669897,-0.19293610
1458,-0.03521050,-0.13032787,-1.00000000,-0.69701346,-0.31177198
1459,-0.01823076,0.05129541,1.00000000,-0.94913463,-0.31420533
1460,-0.01482623,-0.10231112,-1.00000000,-0.75168326,-0.32387429
1461,0.02190569,-0.04087560,-1.00000000,-0.87156396,-0.21614150
1462,-0.03724729,-0.02855746,-1.00000000,-0.89560067,-0.29004188
1463,-0.00798140,0.10434473,1.00000000,-0.84561814,-0.24481389
1464,0.00255571,-0.10968059,-1.00000000,-0.73730303,-0.21028721
1465,-0.00832449,-0.00379173,-1.00000000,-0.94392668,-0.19948770
1466,0.01952994,0.03433329,1.00000000,-0.98223324,-0.20343387
1467,-0.02091076,-0.00503307,-1.00000000,-0.94150442,-0.17629861
1468,-0.01218418,0.09574886,1.00000000,-0.86239148,-0.18327949
1469,-0.04658142,-0.05057230,-1.00000000,-0.85264254,-0.26489710
1470,-0.01627612,-0.01899807,-1.00000000,-0.91425416,-0.27810491
1471,-0.02421515,-0.14345302,-1.00000000,-0.67140202,-0.35076624
1472,0.01940339,-0.03380341,-1.00000000,-0.88536411,-0.28380374
1473,-0.00210882,-0.06252814,-1.00000000,-0.82931281,-0.26706841
1474,0.02112362,0.09529101,1.00000000,-0.86328489,-0.15460919
1475,0.02050492,0.01745624,-1.00000000,-0.98538838,-0.09351526
1476,-0.07417809,0.10151507,1.00000000,-0.85113973,-0.17650454
1477,-0.02734925,0.09927650,1.00000000,-0.85550790,-0.25416147
1478,-0.02255899,-0.24330234,-1.00000000,-0.47656349,-0.28812955
1479,-0.03086622,-0.07386782,-1.00000000,-0.80718541,-0.37448555
1480,0.03835006,-0.05653587,-1.00000000,-0.84100569,-0.34484447
1481,0.05672604,-0.08659282,-1.00000000,-0.78235480,-0.12741051
1482,-0.00277331,0.16384319,1.00000000,-0.72951726,-0.08658946
1483,-0.02030150,0.23033054,1.00000000,-0.59977881,-0.08283973
1484,0.03337574,0.01505200,-1.00000000,-0.98069693,0.02386726
1485,-0.05619975,-0.04836790,-1.00000000,-0.85694406,-0.13318158
1486,-0.01462498,0.14584529,1.00000000,-0.76463703,-0.25169683
1487,-0.00289746,-0.17825374,-1.00000000,-0.60349448,-0.25190304
1488,-0.04739859,-0.02782931,-1.00000000,-0.89702153,-0.29691177
1489,0.01837558,0.01460281,-1.00000000,-0.97982042,-0.32182729
1490,-0.04647516,-0.14640969,-1.00000000,-0.66563260,-0.30567458
1491,-0.01606204,0.09157222,1.00000000,-0.87054147,-0.30806155
1492,-0.01119782,-0.14306854,-1.00000000,-0.67215227,-0.32184858
1493,0.00965106,-0.03302881,-1.00000000,-0.88687561,-0.22708814
1494,0.01368381,-0.01542925,-1.00000000,-0.92121808,-0.23488125
1495,0.01107635,0.06000544,1.00000000,-0.93213852,-0.13928722
1496,-0.00148403,0.07459661,1.00000000,-0.90366640,-0.11507291
1497,-0.01060512,0.06516237,1.00000000,-0.92207567,-0.11408843
1498,0.01147345,0.01971685,-1.00000000,-0.98979956,-0.11106142
1499,0.02405099,-0.01328480,-1.00000000,-0.92540261,-0.09384136
1500,-0.00602773,0.06659914,1.00000000,-0.91927207,-0.12225152
1501,0.02601079,0.11210679,1.00000000,-0.83047183,-0.07658217
1502,-0.02653231,0.00327697,-1.00000000,-0.95772001,-0.10303750
1503,-0.01266030,0.11919767,1.00000000,-0.81663522,-0.14312405
1504,-0.00107630,-0.07091201,-1.00000000,-0.81295315,-0.18486090
1505,-0.01791418,-0.02072075,-1.00000000,-0.91089264,-0.20460450
1506,-0.00421869,0.02119209,-1.00000000,-0.99267823,-0.25481618
1507,-0.04180209,-0.03973018,-1.00000000,-0.87379905,-0.28017953
1508,-0.02099797,0.00982238,-1.00000000,-0.97049224,-0.29402854
1509,0.03520563,-0.12616060,-1.00000000,-0.70514517,-0.23376365
1510,-0.01429471,-0.05088783,-1.00000000,-0.85202686,-0.22775165
1511,-0.02073879,0.15246612,1.00000000,-0.75171763,-0.25519180
1512,-0.01383397,-0.02663434,-1.00000000,-0.89935331,-0.20873629
1513,-0.00465821,-0.04995007,-1.00000000,-0.85385673,-0.18159567
1514,-0.02225795,-0.02496730,-1.00000000,-0.90260624,-0.27704365
1515,0.03214436,0.00823214,-1.00000000,-0.96738915,-0.19990757
1516,0.14154083,-0.05544666,-1.00000000,-0.84313108,0.06964161
1517,-0.01860428,0.14138993,1.00000000,-0.77333089,0.06171804
1518,-0.02254342,0.53720455,1.00000000,-0.00096770,0.03201040
1519,0.00343417,-0.04222708,-1.00000000,-0.86892679,0.07468545
1520,-0.00961277,-0.05647954,-1.00000000,-0.84111560,0.00532614
1521,0.01956914,0.03751170,1.00000000,-0.97603114,-0.19727089
1522,-0.01872962,-0.00969431,-1.00000000,-0.93240882,-0.19747908
1523,0.04104024,0.09589071,1.00000000,-0.86211469,-0.09186554
1524,0.03838839,-0.04268056,-1.00000000,-0.86804190,-0.03380599
1525,0.00740174,0.17357671,1.00000000,-0.71052401,-0.00554460
1526,0.03661422,0.16398188,1.00000000,-0.72924664,0.02276758
1527,-0.07992011,0.05186703,1.00000000,-0.94801923,-0.07887087
1528,-0.04022797,0.15756266,1.00000000,-0.74177263,-0.21385874
1529,-0.01118604,-0.26407794,-1.00000000,-0.43602354,-0.29620271
1530,-0.00123344,-0.12046518,-1.00000000,-0.71625878,-0.31054588
1531,-0.00314064,-0.01538665,-1.00000000,-0.92130120,-0.37657938
1532,-0.04709953,0.02062352,-1.00000000,-0.99156878,-0.32206384
1533,-0.02283379,0.01372297,-1.00000000,-0.97810355,-0.29317181
1534,0.00270571,-0.14532762,-1.00000000,-0.66774407,-0.27009738
1535,-0.02100962,-0.05753016,-1.00000000,-0.83906551,-0.30294596
1536,0.00439194,0.03487600,1.00000000,-0.98117424,-0.29043422
1537,-0.00888216,-0.05093001,-1.00000000,-0.85194455,-0.22695453
1538,-0.04193919,0.04097709,1.00000000,-0.96926904,-0.25868891
1539,-0.01766943,-0.00705083,-1.00000000,-0.93756710,-0.29253236
1540,-0.01666163,-0.12665665,-1.00000000,-0.70417722,-0.28531028
1541,0.01509104,-0.03884463,-1.00000000,-0.87552705,-0.26753890
1542,0.00442152,-0.03519826,-1.00000000,-0.88264231,-0.24544126
1543,-0.01679872,0.07968819,1.00000000,-0.89373108,-0.20368251
1544,-0.00432829,0.04108410,1.00000000,-0.96906022,-0.18152265
1545,0.00637989,-0.03569425,-1.00000000,-0.88167448,-0.14325028
1546,-0.01426176,0.00942583,-1.00000000,-0.96971844,-0.19200578
1547,0.04215427,0.04816983,1.00000000,-0.95523367,-0.12933104
1548,-0.01579756,-0.02651512,-1.00000000,-0.89958593,-0.12766810
1549,-0.00850103,0.17760746,1.00000000,-0.70265869,-0.13459910
1550,0.00401284,-0.03207190,-1.00000000,-0.88874286,-0.13853083
1551,-0.00028035,-0.00567185,-1.00000000,-0.94025796,-0.11530747
1552,-0.00784596,0.03960541,1.00000000,-0.97194563,-0.19835870
1553,0.01144452,0.02407194,-1.00000000,-0.99829777,-0.15310914
1554,-0.03832361,-0.00330168,-1.00000000,-0.94488291,-0.20264495
1555,0.03530637,0.06649448,1.00000000,-0.91947630,-0.15066585
1556,-0.00266657,-0.11357489,-1.00000000,-0.72970399,-0.15462940
1557,0.02505700,0.15283063,1.00000000,-0.75100636,-0.09997702
1558,0.00847041,0.01543821,-1.00000000,-0.98145054,-0.10491706
1559,0.03818356,0.11574671,1.00000000,-0.82336915,0.02216264
1560,0.02984321,0.05573367,1.00000000,-0.94047415,0.01308825
1561,0.01253547,0.16324078,1.00000000,-0.73069278,0.03833909
1562,-0.07909051,0.13306402,1.00000000,-0.78957745,-0.13465169
1563,0.00199235,0.07044172,1.00000000,-0.91177396,-0.14541186
1564,-0.05070457,-0.26107630,-1.00000000,-0.44188071,-0.29305655
1565,-0.00402639,0.03229495,1.00000000,-0.98621071,-0.34931453
1566,0.00554328,-0.15837125,-1.00000000,-0.64229170,-0.36092867
1567,0.02718781,0.01051817,-1.00000000,-0.97184995,-0.18439859
1568,0.03130876,0.04514282,1.00000000,-0.96114035,-0.13570354
1569,0.00629361,0.12345631,1.00000000,-0.80832523,-0.04102860
1570,-0.03055838,0.13836659,1.00000000,-0.77923041,-0.08509869
1571,-0.01685557,0.04785764,1.00000000,-0.95584284,-0.12230356
1572,-0.08321989,-0.08547899,-1.00000000,-0.78452824,-0.30569261
1573,-0.05267197,-0.03589995,-1.00000000,-0.88127308,-0.44518601
1574,0.03420153,-0.27601709,-1.00000000,-0.41272636,-0.39883049
1575,-0.01633696,-0.16548963,-1.00000000,-0.62840143,-0.37520847
1576,-0.07514871,0.14883313,1.00000000,-0.75880679,-0.47203436
1577,0.02179655,-0.03402352,-1.00000000,-0.88493462,-0.29760028
1578,-0.03338700,-0.24681422,-1.00000000,-0.46971067,-0.26556762
1579,0.04242679,0.10394984,1.00000000,-0.84638870,-0.25190534
1580,-0.04756825,-0.09571342,-1.00000000,-0.76455754,-0.30378105
1581,0.02110418,0.17859347,1.00000000,-0.70073467,-0.14390336
1582,-0.01140208,-0.14702354,-1.00000000,-0.66443478,-0.19904685
1583,-0.02758202,0.10144475,1.00000000,-0.85127694,-0.18940468
1584,-0.23146557,-0.01616832,-1.00000000,-0.91977591,-0.64434453
1585,-0.00144733,-0.07471004,-1.00000000,-0.80554196,-0.56773689
1586,-0.02248206,-0.81239463,-1.00000000,0.63392084,-0.64013438
1587,-0.03313311,0.01984964,-1.00000000,-0.99005869,-0.67622998
1588,0.08877898,-0.05625753,-1.00000000,-0.84154882,-0.48295238
1589,-0.01573355,-0.09479479,-1.00000000,-0.76635008,-0.12461784
1590,-0.08905541,0.34630341,1.00000000,-0.37347797,-0.27013635
1591,0.00310586,-0.03184030,-1.00000000,-0.88919479,-0.22763437
1592,-0.00206999,-0.29713097,-1.00000000,-0.37152630,-0.17603802
1593,-0.02457327,0.03632384,1.00000000,-0.97834904,-0.36431802
1594,-0.02955040,0.01759672,-1.00000000,-0.98566251,-0.38726805
1595,0.07020825,-0.06382387,-1.00000000,-0.82678442,-0.12272842
1596,0.00359504,-0.08183197,-1.00000000,-0.79164476,-0.12191589
1597,-0.04518798,0.27911142,1.00000000,-0.50459143,-0.19353559
1598,-0.02391898,0.03809375,1.00000000,-0.97489536,-0.19244881
1599,0.01727551,-0.13841132,-1.00000000,-0.68124003,-0.11467017
1600,-0.08182266,-0.06145655,-1.00000000,-0.83140384,-0.36719608
1601,0.00847973,0.08759199,1.00000000,-0.87830819,-0.35908253
1602,-0.06290186,-0.27096167,-1.00000000,-0.42259113,-0.38850559
1603,-0.09190891,0.05576737,1.00000000,-0.94040839,-0.50143801
1604,-0.01412597,-0.20250310,-1.00000000,-0.55617610,-0.55359641
1605,0.08789783,-0.30745542,-1.00000000,-0.35137996,-0.27168780
1606,-0.04885618,-0.02602380,-1.00000000,-0.90054467,-0.36692371
1607,0.06223733,0.34311528,1.00000000,-0.37969906,-0.15906539
1608,0.07939687,-0.15168347,-1.00000000,-0.65534174,0.12547641
1609,-0.09677571,0.25027131,1.00000000,-0.56086786,-0.01180620
1610,-0.09931482,0.31235738,1.00000000,-0.43971774,-0.32276958
1611,-0.03535555,-0.32506429,-1.00000000,-0.31701932,-0.30034481
1612,-0.00276006,-0.33425121,-1.00000000,-0.29909264,-0.40830657
1613,0.14204132,-0.10283596,-1.00000000,-0.75065914,-0.30425308
1614,0.07987084,0.01509996,-1.00000000,-0.98079050,-0.01084018
1615,0.07262088,0.53901540,1.00000000,0.00256586,0.27474793
1616,0.13324565,0.31407229,1.00000000,-0.43637138,0.55479738
1617,0.26527010,0.28784074,1.00000000,-0.48755768,1.00000000
1618,-0.18714874,0.50719121,1.00000000,-0.05953351,0.45320974
1619,-0.02363034,0.98487762,1.00000000,0.87258821,0.28129253
1620,0.11775919,-0.65204896,-1.00000000,0.32103424,0.35626802
1621,0.13887785,-0.06041218,-1.00000000,-0.83344175,0.36562320
1622,0.00864372,0.45115864,1.00000000,-0.16887128,-0.06063755
1623,-0.03343715,0.52756945,1.00000000,-0.01976893,0.19468000
1624,-0.00826475,0.05636073,1.00000000,-0.93925055,0.22020250
1625,-0.08808815,-0.09589488,-1.00000000,-0.76420344,-0.12171342
1626,0.02952322,-0.00481693,-1.00000000,-0.94192618,-0.30335329
1627,-0.03382832,-0.29363126,-1.00000000,-0.37835538,-0.37390008
1628,-0.06974187,0.13190624,1.00000000,-0.79183665,-0.43420283
1629,-0.08014674,-0.09731019,-1.00000000,-0.76144171,-0.55360003
1630,-0.14086136,-0.22725138,-1.00000000,-0.50788414,-0.64125723
1631,0.01098950,-0.26489792,-1.00000000,-0.43442348,-0.67204206
1632,-0.10573536,-0.48457351,-1.00000000,-0.00576489,-0.79148086
1633,0.02388950,0.06484815,1.00000000,-0.92268882,-0.63595757
1634,0.07597271,-0.35748180,-1.00000000,-0.25376219,-0.37664052
1635,-0.03300713,0.11152249,1.00000000,-0.83161200,-0.19749281
1636,0.03882966,0.29996821,1.00000000,-0.46389305,-0.15124983
1637,-0.03783095,-0.09433897,-1.00000000,-0.76723954,-0.03845945
1638,-0.09917418,0.16557849,1.00000000,-0.72613114,-0.24287031
1639,-0.01630689,-0.11179235,-1.00000000,-0.73318229,-0.39614829
1640,-0.08031139,-0.33374237,-1.00000000,-0.30008555,-0.47472147
1641,0.01092758,-0.03391473,-1.00000000,-0.88514690,-0.52106730
1642,-0.02891935,-0.26549366,-1.00000000,-0.43326101,-0.50626499
1643,-0.02358809,0.06462412,1.00000000,-0.92312599,-0.38071521
1644,0.02312924,-0.07954873,-1.00000000,-0.79610011,-0.31521114
1645,0.00863892,-0.06025931,-1.00000000,-0.83374004,-0.16746316
1646,-0.01826138,0.10877173,1.00000000,-0.83697962,-0.21594652
1647,-0.01166104,0.05634336,1.00000000,-0.93928444,-0.18728017
1648,-0.02091521,-0.04098639,-1.00000000,-0.87134778,-0.18284047
1649,0.01404752,-0.01710527,-1.00000000,-0.91794762,-0.19792536
1650,0.00402788,-0.05058840,-1.00000000,-0.85261114,-0.20558437
1651,-0.01537312,0.07591257,1.00000000,-0.90109854,-0.20078692
1652,-0.00009228,0.03965986,1.00000000,-0.97183938,-0.18157102
1653,-0.02705758,-0.03053619,-1.00000000,-0.89173952,-0.19177360
1654,-0.00484023,0.02475243,-1.00000000,-0.99962562,-0.22314646
1655,0.03265375,-0.07281252,-1.00000000,-0.80924464,-0.17559841
1656,0.03195647,0.00757357,-1.00000000,-0.96610407,-0.09698316
1657,0.00041161,0.14323300,1.00000000,-0.76973446,-0.09614620
1658,0.00301345,0.14071014,1.00000000,-0.77465738,-0.04619770
1659,-0.05230301,0.02657557,1.00000000,-0.99737108,-0.12503419
1660,-0.00556366,0.03598948,1.00000000,-0.97900149,-0.18851395
1661,0.02670162,-0.16415468,-1.00000000,-0.63100635,-0.19724235
1662,-0.02612880,0.00495607,-1.00000000,-0.96099648,-0.24132642
1663,-0.00867395,0.12169721,1.00000000,-0.81175780,-0.26073940
1664,-0.00613117,-0.06945204,-1.00000000,-0.81580203,-0.18404719
1665,0.01307158,-0.00629750,-1.00000000,-0.93903711,-0.15309375
1666,-0.01345829,0.00290271,-1.00000000,-0.95698971,-0.21980005
1667,0.00173827,0.07238145,1.00000000,-0.90798891,-0.17351237
1668,-0.03550550,-0.02360804,-1.00000000,-0.90525860,-0.21808002
1669,0.00083748,0.03137567,1.00000000,-0.98800454,-0.20650498
1670,-0.03921165,-0.10337850,-1.00000000,-0.74960046,-0.29334831
1671,0.02388137,0.02811645,1.00000000,-0.99436434,-0.23132649
1672,-0.01308628,-0.11678797,-1.00000000,-0.72343422,-0.25595032
1673,-0.01026449,0.11149307,1.00000000,-0.83166940,-0.21402456
1674,0.05661349,-0.02226201,-1.00000000,-0.90788514,-0.12137966
1675,0.01457026,-0.01205231,-1.00000000,-0.92780759,-0.03204699
1676,0.02989868,0.22992334,1.00000000,-0.60057338,-0.02205214
1677,0.03097675,0.07780393,1.00000000,-0.89740788,0.05113729
1678,-0.00012561,0.13326471,1.00000000,-0.78918585,0.06797813
1679,-0.03378741,0.13716533,1.00000000,-0.78157446,-0.08217930
1680,0.04169849,0.02463182,-1.00000000,-0.99939028,-0.03711886
1681,-0.04768172,-0.09716217,-1.00000000,-0.76173055,-0.16598121
1682,-0.01365945,0.17595837,1.00000000,-0.70587660,-0.24012268
1683,0.01329689,-0.14743407,-1.00000000,-0.66363370,-0.21782769
1684,-0.05044096,-0.02433585,-1.00000000,-0.90383841,-0.24548951
1685,0.01069524,0.07319665,1.00000000,-0.90639819,-0.29698643
1686,0.02308868,-0.15741747,-1.00000000,-0.64415284,-0.17943560
1687,-0.03044042,0.06378347,1.00000000,-0.92476636,-0.20730908
1688,0.00961656,0.10862501,1.00000000,-0.83726592,-0.21342216
1689,-0.01391529,-0.08505221,-1.00000000,-0.78536103,-0.15275240
1690,-0.02673366,0.05988064,1.00000000,-0.93238206,-0.21492244
1691,0.00363833,-0.02526152,-1.00000000,-0.90203213,-0.24722981
1692,-0.00089554,-0.07164052,-1.00000000,-0.81153159,-0.19815525
1693,-0.00172511,0.03825039,1.00000000,-0.97458972,-0.21699397
1694,-0.02720351,0.02184611,-1.00000000,-0.99395445,-0.23906594
1695,0.03101089,0.01884456,-1.00000000,-0.98809744,-0.14315125
1696,0.00233107,-0.07334053,-1.00000000,-0.80821433,-0.14532264
1697,0.04609718,0.13728888,1.00000000,-0.78133338,-0.06726694
1698,0.00443050,0.03352050,1.00000000,-0.98381927,-0.05704236
1699,-0.00145442,0.19187358,1.00000000,-0.67482086,-0.01427269
1700,-0.01779908,0.04111658,1.00000000,-0.96899684,-0.09534688
1701,-0.01840148,0.01982396,-1.00000000,-0.99000857,-0.12978399
1702,0.01776240,-0.03931371,-1.00000000,-0.87461172,-0.17684855
1703,-0.02715746,-0.04149332,-1.00000000,-0.87035861,-0.22931668
1704,-0.03079202,0.08935362,1.00000000,-0.87487068,-0.27804693
1705,0.04116480,-0.07317389,-1.00000000,-0.80853950,-0.18010693
1706,-0.00136165,-0.08632436,-1.00000000,-0.78287865,-0.15180348
1707,-0.02863746,0.17402739,1.00000000,-0.70964457,-0.22887442
1708,-0.01179809,0.02015965,-1.00000000,-0.99066360,-0.20336225
1709,-0.00120943,-0.07852878,-1.00000000,-0.79809036,-0.15422507
1710,0.04170039,-0.01760114,-1.00000000,-0.91698001,-0.15333544
1711,0.00708155,0.02071038,-1.00000000,-0.99173826,-0.13931116
1712,0.00983651,0.17596525,1.00000000,-0.70586319,-0.07540525
1713,-0.01372233,0.05070852,1.00000000,-0.95027985,-0.07860145
1714,0.00134429,0.06067643,1.00000000,-0.93082921,-0.07435967
1715,0.00206928,-0.02456336,-1.00000000,-0.90339445,-0.14018761
1716,0.01475923,0.02995017,1.00000000,-0.99078614,-0.12743484
1717,0.00197219,0.03257331,1.00000000,-0.98566754,-0.14049760
1718,0.03233194,0.07848767,1.00000000,-0.89607368,-0.06400068
1719,-0.01020628,0.03222203,1.00000000,-0.98635300,-0.08318637
1720,0.02634016,0.14206863,1.00000000,-0.77200653,-0.04287203
1721,0.00266159,-0.01184170,-1.00000000,-0.92821855,-0.06296642
1722,0.02443121,0.12038938,1.00000000,-0.81430980,-0.02566162
1723,-0.03073828,0.03471640,1.00000000,-0.98148568,-0.13042232
1724,0.00747631,0.11348248,1.00000000,-0.82778742,-0.10105124
1725,0.02206024,-0.08612991,-1.00000000,-0.78325807,-0.10816027
1726,-0.04892885,0.05213684,1.00000000,-0.94749272,-0.19385286
1727,-0.02229076,0.10490391,1.00000000,-0.84452700,-0.27145884
1728,0.00891423,-0.15194640,-1.00000000,-0.65482868,-0.20559535
1729,0.02116154,-0.05556537,-1.00000000,-0.84289944,-0.18286396
1730,0.01304142,0.05733946,1.00000000,-0.93734073,-0.19784437
1731,-0.00464301,0.10165226,1.00000000,-0.85087202,-0.12428484
1732,-0.00293974,0.07227234,1.00000000,-0.90820182,-0.09214247
1733,-0.01020246,0.00828713,-1.00000000,-0.96749646,-0.12389561
1734,-0.00591533,0.01444984,-1.00000000,-0.97952191,-0.16887075
1735,-0.00060505,-0.01182791,-1.00000000,-0.92824548,-0.19153777
1736,-0.03927969,0.00368365,-1.00000000,-0.95851358,-0.24906988
1737,0.02831371,0.02289714,-1.00000000,-0.99600535,-0.19715738
1738,-0.00075161,-0.11703414,-1.00000000,-0.72295385,-0.18145935
1739,0.05510303,0.12753000,1.00000000,-0.80037612,-0.08010681
1740,0.04098462,0.02236686,-1.00000000,-0.99497060,-0.01102567
1741,-0.02401313,0.22445823,1.00000000,-0.61123758,0.01433234
1742,0.03732092,0.17337547,1.00000000,-0.71091668,0.02929348
1743,-0.00163933,-0.06179720,-1.00000000,-0.83073911,0.02781896
1744,0.02269142,0.16011962,1.00000000,-0.73678317,-0.02601727
1745,0.00999621,0.01915493,-1.00000000,-0.98870308,-0.07748955
1746,0.00570283,0.10718764,1.00000000,-0.84007070,-0.02813083
1747,-0.02091952,0.06125426,1.00000000,-0.92970168,-0.12486919
1748,0.02377658,0.04572010,1.00000000,-0.96001388,-0.08265294
1749,0.04306868,-0.05060399,-1.00000000,-0.85258071,-0.04880596
1750,-0.00899268,0.11111392,1.00000000,-0.83240925,-0.08034683
1751,0.10281553,0.18091596,1.00000000,-0.69620274,0.08095902
1752,0.00405972,-0.00745070,-1.00000000,-0.93678683,0.12244996
1753,0.01183207,0.39709000,1.00000000,-0.27437680,0.10260993
1754,-0.05561231,0.03977505,1.00000000,-0.97161461,-0.06130087
1755,-0.05276928,0.06789671,1.00000000,-0.91674009,-0.13401455
1756,-0.02823066,-0.17612828,-1.00000000,-0.60764195,-0.35168449
1757,-0.00095969,-0.16584173,-1.00000000,-0.62771436,-0.36002182
1758,0.02822554,-0.07705690,-1.00000000,-0.80096247,-0.33279199
1759,0.01386102,0.02161398,-1.00000000,-0.99350149,-0.21739561
1760,0.05487715,0.12721100,1.00000000,-0.80099861,-0.03859307
1761,-0.01187325,0.07523778,1.00000000,-0.90241528,-0.01142314
1762,-0.04877951,0.22364095,1.00000000,-0.61283236,-0.09085266
1763,-0.03790646,-0.01787308,-1.00000000,-0.91644938,-0.20069903
1764,0.02855281,-0.15140607,-1.00000000,-0.65588304,-0.17629571
1765,0.02813151,-0.11206556,-1.00000000,-0.73264918,-0.22072067
1766,0.05061001,0.12839512,1.00000000,-0.79868799,-0.11693492
1767,0.00693387,0.12687080,1.00000000,-0.80166245,-0.02439405
1768,0.00028346,0.20820174,1.00000000,-0.64295930,0.03904005
1769,0.00148391,0.05017420,1.00000000,-0.95132249,-0.00592184
1770,0.00698964,0.02611192,1.00000000,-0.99827582,-0.04103885
1771,-0.05525394,0.03045536,1.00000000,-0.98980036,-0.21688066
1772,0.01912249,0.05037598,1.00000000,-0.95092873,-0.19663515
1773,0.02262470,-0.17483162,-1.00000000,-0.61017216,-0.15952597
1774,0.00718321,0.09427466,1.00000000,-0.86526813,-0.15005935
1775,-0.01418330,0.10694624,1.00000000,-0.84054174,-0.18522796
1776,0.04214556,0.05107635,1.00000000,-0.94956209,-0.02344574
1777,-0.01399394,-0.02623122,-1.00000000,-0.90013992,-0.07845269
1778,0.00144637,0.17757596,1.00000000,-0.70272017,-0.11363026
1779,-0.00800406,-0.02554609,-1.00000000,-0.90147683,-0.13885657
1780,-0.04420412,0.03031952,1.00000000,-0.99006542,-0.18872166
1781,-0.00703263,-0.00387371,-1.00000000,-0.94376671,-0.27040747
1782,-0.04061767,-0.13485154,-1.00000000,-0.68818632,-0.31462994
1783,-0.00266428,-0.00035893,-1.00000000,-0.95062519,-0.32145780
1784,-0.04078828,-0.12187519,-1.00000000,-0.71350739,-0.37591296
1785,0.06483520,0.01544650,-1.00000000,-0.98146673,-0.19479680
1786,0.00643496,-0.12249249,-1.00000000,-0.71230285,-0.17242691
1787,0.02736389,0.25967085,1.00000000,-0.54252632,-0.05950837
1788,0.02706106,0.04836905,1.00000000,-0.95484491,-0.01013408
1789,0.00017498,0.12409343,1.00000000,-0.80708200,0.05790658
1790,0.00677227,0.12299772,1.00000000,-0.80922009,-0.03853692
1791,0.04993594,0.02571940,1.00000000,-0.99904176,0.03371894
1792,0.01504539,0.04958951,1.00000000,-0.95246339,0.01325769
1793,-0.04961434,0.20576283,1.00000000,-0.64771840,-0.11410144
1794,-0.01506314,0.07952302,1.00000000,-0.89405337,-0.13941220
1795,-0.04499868,-0.15442662,-1.00000000,-0.64998897,-0.22540464
1796,0.00025177,-0.02941463,-1.00000000,-0.89392805,-0.30793088
1797,-0.02498464,-0.13772641,-1.00000000,-0.68257650,-0.37442143
1798,0.01178683,0.02599726,1.00000000,-0.99849956,-0.27243306
1799,-0.03208038,-0.06531227,-1.00000000,-0.82388007,-0.30069898
1800,-0.06970603,0.06773301,1.00000000,-0.91705952,-0.34173830
1801,-0.02192795,-0.09098583,-1.00000000,-0.77378259,-0.37857920
1802,-0.00049293,-0.22712171,-1.00000000,-0.50813717,-0.33789806
1803,-0.00758547,-0.05425267,-1.00000000,-0.84546095,-0.37007577
1804,-0.05117205,0.02330280,-1.00000000,-0.99679693,-0.40178736
1805,-0.02070081,-0.00235919,-1.00000000,-0.94672204,-0.32038885
1806,-0.01496940,-0.16006267,-1.00000000,-0.63899120,-0.30883057
1807,0.01058130,-0.04981266,-1.00000000,-0.85412486,-0.29043610
1808,-0.03435884,-0.02907546,-1.00000000,-0.89458988,-0.33490712
1809,0.05267750,0.06337120,1.00000000,-0.92557083,-0.16241128
1810,-0.05748847,-0.09922971,-1.00000000,-0.75769611,-0.22351620
1811,-0.00263951,0.21568224,1.00000000,-0.62836240,-0.20303605
1812,0.01502746,-0.18291653,-1.00000000,-0.59439588,-0.19565090
1813,0.01281655,0.01553612,-1.00000000,-0.98164161,-0.11729177
1814,0.02016165,0.07945815,1.00000000,-0.89417996,-0.17130114
1815,0.01980635,0.07145871,1.00000000,-0.90978946,-0.04291314
1816,-0.02742894,0.09803450,1.00000000,-0.85793145,-0.08408880
1817,0.03257901,0.09674897,1.00000000,-0.86043993,-0.05493538
1818,-0.01455033,-0.07415615,-1.00000000,-0.80662277,-0.10039223
1819,0.00186897,0.14296258,1.00000000,-0.77026213,-0.13077669
1820,-0.00461080,-0.02755921,-1.00000000,-0.89754858,-0.17133398
1821,-0.03240338,0.03184853,1.00000000,-0.98708182,-0.17959660
1822,-0.02210746,0.00840368,-1.00000000,-0.96772389,-0.27043176
1823,-0.00115461,-0.09215450,-1.00000000,-0.77150214,-0.24818124
1824,-0.01450736,-0.05490217,-1.00000000,-0.84419356,-0.27538260
1825,-0.00110873,0.02090875,-1.00000000,-0.99212536,-0.26956560
1826,-0.00661473,-0.02740374,-1.00000000,-0.89785195,-0.22673021
1827,0.00361685,0.02107475,-1.00000000,-0.99244928,-0.18400170
1828,0.00304533,0.00115313,-1.00000000,-0.95357571,-0.17702553
1829,0.01135321,0.03817266,1.00000000,-0.97474140,-0.13407068
1830,0.00326798,0.03610483,1.00000000,-0.97877640,-0.12680090
1831,0.02634619,0.06616411,1.00000000,-0.92012097,-0.07205226
1832,0.00735942,0.03691039,1.00000000,-0.97720449,-0.06583578
1833,-0.04645287,0.12041122,1.00000000,-0.81426719,-0.14805314
1834,-0.01395214,0.05171390,1.00000000,-0.94831802,-0.19008575
1835,0.00673830,-0.14298791,-1.00000000,-0.67230960,-0.18432149
1836,0.02094259,-0.02539485,-1.00000000,-0.90177196,-0.19329697
1837,-0.00827467,0.04946658,1.00000000,-0.95270327,-0.21926545
1838,0.05611018,0.10086008,1.00000000,-0.85241783,-0.04890649
1839,0.00755064,-0.00485281,-1.00000000,-0.94185616,-0.01319001
1840,-0.02704744,0.22810225,1.00000000,-0.60412692,-0.06930869
1841,-0.02242908,0.05240578,1.00000000,-0.94696794,-0.14134978
1842,-0.04032762,-0.07277584,-1.00000000,-0.80931621,-0.19459029
1843,-0.01703391,-0.05606585,-1.00000000,-0.84192285,-0.31608384
1844,0.05472344,-0.12082575,-1.00000000,-0.71555521,-0.23772902
1845,0.03883328,-0.03654519,-1.00000000,-0.88001400,-0.12830002
1846,0.02524362,0.22308483,1.00000000,-0.61391755,-0.04911484
1847,0.03166410,0.16559157,1.00000000,-0.72610561,0.07046463
1848,-0.01357633,0.11642194,1.00000000,-0.82205158,0.07620771
1849,-0.00587015,0.13965227,1.00000000,-0.77672162,-0.02443927
1850,-0.02136062,-0.02403512,-1.00000000,-0.90442522,-0.12442235
1851,-0.03143532,0.00384714,-1.00000000,-0.95883260,-0.21856704
1852,0.03426873,-0.05219996,-1.00000000,-0.84946646,-0.21424071
1853,-0.00408953,-0.08865192,-1.00000000,-0.77833681,-0.19848296
1854,0.03013256,0.14907626,1.00000000,-0.75833236,-0.13868186
1855,0.00239194,0.01028971,-1.00000000,-0.97140416,-0.09922846
1856,0.00577629,0.13411091,1.00000000,-0.78753463,-0.03741933
1857,0.01201157,0.03374075,1.00000000,-0.98338948,-0.07438884
1858,-0.01688991,0.04598590,1.00000000,-0.95949521,-0.09565049
1859,0.01721021,0.06854617,1.00000000,-0.91547278,-0.11711472
1860,0.01440275,-0.03602419,-1.00000000,-0.88103065,-0.09716456
1861,-0.00584185,0.08735572,1.00000000,-0.87876922,-0.11646249
1862,-0.03318129,0.07719787,1.00000000,-0.89859051,-0.19152861
1863,0.05394587,0.00394954,-1.00000000,-0.95903241,-0.07386918
1864,0.02375980,-0.09496913,-1.00000000,-0.76600988,-0.06299021
1865,-0.01037976,0.22027142,1.00000000,-0.61940741,-0.10415439
1866,-0.03622564,0.11105321,1.00000000,-0.83252771,-0.15462239
1867,-0.00849028,-0.01246940,-1.00000000,-0.92699372,-0.11361021
1868,-0.02306151,-0.10598410,-1.00000000,-0.74451610,-0.24152077
1869,0.00909915,-0.00563295,-1.00000000,-0.94033385,-0.26587235
1870,-0.00945659,-0.05835409,-1.00000000,-0.83745775,-0.26433895
1871,-0.01863209,0.05800856,1.00000000,-0.93603509,-0.23511576
1872,-0.05201835,-0.00912920,-1.00000000,-0.93351152,-0.30741661
1873,0.00321185,-0.04232770,-1.00000000,-0.86873045,-0.26377611
1874,0.00276300,-0.16312474,-1.00000000,-0.63301610,-0.27430057
1875,-0.00212670,0.03670732,1.00000000,-0.97760075,-0.26212550
1876,-0.00662738,0.03508331,1.00000000,-0.98076972,-0.24218548
1877,0.01252250,0.01739155,-1.00000000,-0.98526215,-0.13498204
1878,0.00315570,0.00110733,-1.00000000,-0.95348633,-0.13507530
1879,-0.01712821,0.07039478,1.00000000,-0.91186554,-0.16811493
1880,-0.02417109,0.03650416,1.00000000,-0.97799718,-0.20473104
1881,0.00700512,-0.03688639,-1.00000000,-0.87934822,-0.18208721
1882,0.04902754,-0.06236872,-1.00000000,-0.82962389,-0.12145172
1883,0.00101958,0.05043201,1.00000000,-0.95081942,-0.12499986
1884,0.00168869,0.20247609,1.00000000,-0.65413190,-0.09374468
1885,0.02086396,0.02877530,1.00000000,-0.99307870,-0.01894069
1886,-0.02233090,0.03119628,1.00000000,-0.98835458,-0.06766832
1887,-0.00054888,0.10057560,1.00000000,-0.85297294,-0.15001558
1888,0.04118333,-0.05571060,-1.00000000,-0.84261605,-0.08330290
1889,0.01603736,0.02310038,-1.00000000,-0.99640194,-0.05946953
1890,-0.11538606,0.17409445,1.00000000,-0.70951372,-0.28578313
1891,0.04685670,0.08311213,1.00000000,-0.88704986,-0.17086136
1892,0.04888445,-0.39239965,-1.00000000,-0.18562609,-0.08875177
1893,0.07429881,0.19462163,1.00000000,-0.66945852,-0.03374641
1894,-0.01247690,0.20195838,1.00000000,-0.65514213,-0.08110906
1895,0.04337000,0.29391174,1.00000000,-0.47571119,0.18258745
1896,0.02075876,-0.02005718,-1.00000000,-0.91218749,0.13923833
1897,0.05117841,0.18200617,1.00000000,-0.69407538,0.14304863
1898,-0.12353970,0.10019496,1.00000000,-0.85371570,-0.18556447
1899,0.02564919,0.21025829,1.00000000,-0.63894630,-0.12223639
1900,-0.00451010,-0.42190085,-1.00000000,-0.12805965,-0.20176604
1901,-0.10863851,0.11788935,1.00000000,-0.81918818,-0.41669710
1902,0.00930390,0.00876803,-1.00000000,-0.96843486,-0.48625136
1903,0.10730183,-0.36798590,-1.00000000,-0.23326528,-0.10281968
1904,0.06904726,0.05874937,1.00000000,-0.93458953,-0.03073476
1905,-0.07301207,0.41332217,1.00000000,-0.24270255,-0.14451769
1906,0.06921932,0.27491077,1.00000000,-0.51278826,0.15090718
1907,-0.00069354,-0.23908350,-1.00000000,-0.48479583,0.13430125
1908,0.08448963,0.27553331,1.00000000,-0.51157348,0.09640981
1909,-0.00205761,0.02257696,-1.00000000,-0.99538056,-0.02169659
1910,0.04441742,0.33078385,1.00000000,-0.40376169,0.17335579
1911,0.02489722,0.01764152,-1.00000000,-0.98574993,0.09973604
1912,0.01607890,0.18579593,1.00000000,-0.68668033,0.12759535
1913,-0.04965022,0.11516861,1.00000000,-0.82449723,-0.09521322
1914,0.01105664,0.08326243,1.00000000,-0.88675657,-0.07343022
1915,0.02973996,-0.15455644,-1.00000000,-0.64973565,-0.09780974
1916,-0.01042694,0.06509107,1.00000000,-0.92221482,-0.15648378
1917,-0.01408607,0.13269042,1.00000000,-0.79030646,-0.20658829
1918,0.03916258,-0.01264009,-1.00000000,-0.92666064,-0.05906873
1919,0.00570425,-0.02587942,-1.00000000,-0.90082639,-0.06795914
1920,0.00121671,0.16678303,1.00000000,-0.72378069,-0.11533674
1921,0.02421536,0.04572524,1.00000000,-0.96000386,-0.05779528
1922,0.00028661,0.02948857,1.00000000,-0.99168687,-0.03392203
1923,0.01210952,0.11270152,1.00000000,-0.82931131,-0.07885762
1924,-0.00685713,0.02612330,1.00000000,-0.99825361,-0.09972228
1925,0.00528666,0.06890057,1.00000000,-0.91478124,-0.09296203
1926,0.01633164,0.00027607,-1.00000000,-0.95186427,-0.10605704
1927,0.01796409,0.04421431,1.00000000,-0.96295216,-0.07669444
1928,-0.01545064,0.08417689,1.00000000,-0.88497217,-0.12247233
1929,0.01520102,0.09008338,1.00000000,-0.87344667,-0.08583337
1930,-0.01087171,-0.03081668,-1.00000000,-0.89119221,-0.11267269
1931,0.00527196,0.08008612,1.00000000,-0.89295459,-0.13104301
1932,0.02519239,-0.01424933,-1.00000000,-0.92352048,-0.11903668
1933,0.00142398,0.04416112,1.00000000,-0.96305596,-0.09100765
1934,-0.01243896,0.11623656,1.00000000,-0.82241330,-0.13691812
1935,0.04019805,0.03023852,1.00000000,-0.99022348,-0.05209039
1936,-0.01378133,-0.01991993,-1.00000000,-0.91245531,-0.08373822
1937,-0.01135896,0.17052954,1.00000000,-0.71647002,-0.14445064
1938,0.02989732,-0.02477685,-1.00000000,-0.90297787,-0.09715594
1939,0.00480934,-0.01601230,-1.00000000,-0.92008035,-0.06850622
1940,-0.01150864,0.13325978,1.00000000,-0.78919546,-0.15439191
1941,-0.02691193,0.04248730,1.00000000,-0.96632213,-0.17620204
1942,0.02262796,-0.01655385,-1.00000000,-0.91902362,-0.11974920
1943,0.00475057,-0.07228552,-1.00000000,-0.81027300,-0.16151838
1944,0.01201737,0.10695802,1.00000000,-0.84051877,-0.14954572
1945,-0.01434360,0.04227465,1.00000000,-0.96673708,-0.15425464
1946,-0.01685307,0.06856715,1.00000000,-0.91543185,-0.13754671
1947,0.00034260,-0.02681122,-1.00000000,-0.89900815,-0.17456307
1948,-0.01695071,-0.03589090,-1.00000000,-0.88129074,-0.21060926
1949,-0.02917564,0.02632589,1.00000000,-0.99785829,-0.27903155
1950,0.02317266,-0.03624420,-1.00000000,-0.88060135,-0.21671642
1951,0.00716602,-0.08047602,-1.00000000,-0.79429066,-0.17682030
1952,-0.00355354,0.10892883,1.00000000,-0.83667307,-0.18329186
1953,0.05776871,0.05101417,1.00000000,-0.94968343,-0.05918163
1954,0.01206713,0.01222899,-1.00000000,-0.97518832,0.00932331
1955,0.03448083,0.23410311,1.00000000,-0.59241730,0.02810637
1956,0.00356782,0.06874719,1.00000000,-0.91508054,0.02212970
1957,0.01080624,0.14984367,1.00000000,-0.75683489,0.04598154
1958,-0.00665670,0.03799528,1.00000000,-0.97508752,-0.06103016
1959,-0.03413461,0.06418507,1.00000000,-0.92398271,-0.13777202
1960,-0.01228533,0.00100125,-1.00000000,-0.95327934,-0.21545140
1961,-0.02893129,-0.09841837,-1.00000000,-0.75927929,-0.26943297
1962,-0.01246540,-0.01936406,-1.00000000,-0.91353999,-0.30808756
1963,-0.01367325,-0.07959190,-1.00000000,-0.79601587,-0.31974216
1964,-0.00975088,-0.02001560,-1.00000000,-0.91226863,-0.27924039
1965,-0.00980854,-0.02438578,-1.00000000,-0.90374098,-0.27512640
1966,-0.00957158,-0.01019402,-1.00000000,-0.93143373,-0.24296960
1967,-0.02284264,-0.01040263,-1.00000000,-0.93102666,-0.26020636
1968,0.01409487,-0.00954525,-1.00000000,-0.93269967,-0.21408304
1969,0.03045701,-0.05756215,-1.00000000,-0.83900309,-0.14729705
1970,-0.02638022,0.07608388,1.00000000,-0.90076425,-0.17482289
1971,-0.06457510,0.13528483,1.00000000,-0.78524392,-0.26618466
1972,-0.02221909,-0.07036173,-1.00000000,-0.81402694,-0.26514895
1973,-0.01716880,-0.20855712,-1.00000000,-0.54436272,-0.31707844
1974,0.08819154,-0.05530607,-1.00000000,-0.84340543,-0.22118040
1975,0.00569250,-0.03703328,-1.00000000,-0.87906159,-0.16790707
1976,0.05984304,0.34417797,1.00000000,-0.37762540,0.03875356
1977,-0.03620471,0.04568271,1.00000000,-0.96008684,0.01552321
1978,-0.01129350,0.24160838,1.00000000,-0.57777207,0.02528219
1979,-0.02485778,-0.10590837,-1.00000000,-0.74466387,-0.16249465
1980,0.00720890,-0.01577544,-1.00000000,-0.92054255,-0.15997589
1981,0.03789218,-0.06485328,-1.00000000,-0.82477570,-0.19643663
1982,0.04448549,0.05116929,1.00000000,-0.94938073,-0.06240884
1983,-0.05462560,0.16218653,1.00000000,-0.73274996,-0.13438419
1984,0.03647127,0.18604221,1.00000000,-0.68619976,-0.03251560
1985,0.01072279,-0.17255819,-1.00000000,-0.61460836,-0.02667896
1986,-0.00847469,0.15704542,1.00000000,-0.74278193,-0.10369513
1987,0.01130513,0.06388314,1.00000000,-0.92457188,-0.15880828
1988,0.02960032,-0.00557654,-1.00000000,-0.94044393,-0.01890759
1989,0.04197238,0.06599014,1.00000000,-0.92046044,-0.00977015
1990,-0.08248938,0.13218520,1.00000000,-0.79129232,-0.16459714
1991,0.08686788,0.17694936,1.00000000,-0.70394286,-0.00623151
1992,0.05152085,-0.27337397,-1.00000000,-0.41788395,0.06056748
1993,-0.01831917,0.33938874,1.00000000,-0.38697076,-0.01902762
1994,-0.03240888,0.21149730,1.00000000,-0.63652860,-0.14257615
1995,-0.00983412,-0.04119550,-1.00000000,-0.87093973,-0.02189454
1996,0.05856288,-0.09217440,-1.00000000,-0.77146331,-0.06890961
1997,-0.00757740,-0.01049518,-1.00000000,-0.93084606,-0.16707279
1998,0.03063730,0.23697656,1.00000000,-0.58681026,-0.08575527
1999,0.03630209,-0.00232997,-1.00000000,-0.94677904,0.02837480
2000,0.02935239,0.13593714,1.00000000,-0.78397107,0.09346426
2001,-0.02515802,0.15643330,1.00000000,-0.74397638,-0.04559758
2002,0.02851535,0.13128812,1.00000000,-0.79304282,0.01435308
2003,-0.01327592,-0.06593958,-1.00000000,-0.82265598,-0.05858751
2004,-0.01958346,0.12825957,1.00000000,-0.79895250,-0.15141435
2005,-0.01315914,-0.02294816,-1.00000000,-0.90654623,-0.22202671
2006,0.01525867,-0.04576990,-1.00000000,-0.86201361,-0.15489391
2007,-0.01858102,-0.02252566,-1.00000000,-0.90737068,-0.23312177
2008,-0.00773753,0.08029472,1.00000000,-0.89254754,-0.22392242
2009,-0.00563848,-0.04214292,-1.00000000,-0.86909102,-0.20075957
2010,-0.05032737,-0.00290935,-1.00000000,-0.94564848,-0.26249663
2011,0.02391617,0.00468536,-1.00000000,-0.96046823,-0.24811639
2012,0.00410143,-0.15700650,-1.00000000,-0.64495477,-0.21044046
2013,-0.01524985,0.11161897,1.00000000,-0.83142372,-0.22291855
2014,0.03995213,0.03992596,1.00000000,-0.97132014,-0.14719178
2015,0.06428278,-0.03009018,-1.00000000,-0.89260984,0.04317763
2016,0.00162605,0.16963975,1.00000000,-0.71820630,0.00615338
2017,-0.03489750,0.25767211,1.00000000,-0.54642651,-0.05862449
2018,0.01260850,0.03096964,1.00000000,-0.98879682,-0.01235130
2019,0.02093183,-0.10117864,-1.00000000,-0.75389311,-0.04394434
2020,-0.04061743,0.07070597,1.00000000,-0.91125832,-0.21818537
2021,0.01057928,0.10082114,1.00000000,-0.85249380,-0.20331391
2022,0.00741708,-0.12187431,-1.00000000,-0.71350911,-0.13302868
2023,-0.02339689,0.06336390,1.00000000,-0.92558509,-0.19283425
2024,0.03253083,0.05192255,1.00000000,-0.94791088,-0.17356811
2025,0.00590875,-0.05956754,-1.00000000,-0.83508990,-0.09628734
2026,-0.02001521,0.14278828,1.00000000,-0.77060226,-0.14710531
2027,-0.00776339,0.04646513,1.00000000,-0.95856008,-0.17232033
2028,0.02956925,-0.04733207,-1.00000000,-0.85896530,-0.08434268
2029,-0.04062640,-0.00300292,-1.00000000,-0.94546589,-0.20585809
2030,-0.01475201,0.13207276,1.00000000,-0.79151172,-0.24017595
2031,-0.00020107,-0.12190677,-1.00000000,-0.71344577,-0.20726431
2032,-0.00028761,-0.02828891,-1.00000000,-0.89612470,-0.19484693
2033,0.00221029,0.02435881,-1.00000000,-0.99885755,-0.24029062
2034,-0.03513307,0.02404567,-1.00000000,-0.99824651,-0.23116609
2035,-0.03793186,0.03308351,1.00000000,-0.98467197,-0.26966821
2036,-0.02354283,-0.10203098,-1.00000000,-0.75222992,-0.30843927
2037,-0.01026585,-0.11215745,-1.00000000,-0.73246987,-0.32501329
2038,0.01861348,-0.06009556,-1.00000000,-0.83405957,-0.29776732
2039,0.01903141,-0.01205725,-1.00000000,-0.92779796,-0.20779919
2040,0.00804635,0.09243298,1.00000000,-0.86886183,-0.13142861
2041,0.00460014,0.09394513,1.00000000,-0.86591115,-0.08468267
2042,-0.01408360,0.05419934,1.00000000,-0.94346812,-0.09102401
2043,-0.01094116,0.04173038,1.00000000,-0.96779913,-0.14011478
2044,0.00351158,-0.02587050,-1.00000000,-0.90084381,-0.16589349
2045,0.01285636,-0.01450064,-1.00000000,-0.92303010,-0.15790397
2046,-0.00043409,0.03779180,1.00000000,-0.97548458,-0.16626591
2047,0.02102369,0.07160277,1.00000000,-0.90950836,-0.10795211
2048,0.00183691,0.02351571,-1.00000000,-0.99721237,-0.08672751
2049,-0.04856652,0.10115351,1.00000000,-0.85184525,-0.17323013
2050,-0.09177504,0.03173254,1.00000000,-0.98730816,-0.34702466
2051,-0.04537300,-0.15063544,-1.00000000,-0.65738679,-0.42166895
2052,0.08243409,-0.30697105,-1.00000000,-0.35232512,-0.31966522
2053,0.01396236,-0.13908074,-1.00000000,-0.67993377,-0.29952465
2054,-0.05498233,0.32334657,1.00000000,-0.41827425,-0.31018141
2055,-0.00104037,0.07560444,1.00000000,-0.90169981,-0.15946958
2056,0.01146196,-0.17384889,-1.00000000,-0.61208978,-0.06506575
2057,-0.00186695,0.02132209,-1.00000000,-0.99293192,-0.20509121
2058,0.00937965,0.06655759,1.00000000,-0.91935314,-0.21270317
2059,-0.02255827,0.01833137,-1.00000000,-0.98709604,-0.15884626
2060,0.00411550,0.05902344,1.00000000,-0.93405473,-0.15028227
2061,-0.05190447,-0.05653326,-1.00000000,-0.84101077,-0.25553499
2062,-0.07677790,0.03997688,1.00000000,-0.97122076,-0.37996334
2063,0.04814689,-0.16271269,-1.00000000,-0.63382013,-0.31557030
2064,-0.01302398,-0.25270889,-1.00000000,-0.45820826,-0.29973368
2065,0.01752749,0.19928976,1.00000000,-0.66034947,-0.27745613
2066,-0.02434048,-0.02203661,-1.00000000,-0.90832498,-0.23167188
2067,-0.03861320,0.08850369,1.00000000,-0.87652916,-0.16827966
2068,-0.01209601,-0.06298159,-1.00000000,-0.82842799,-0.26834414
2069,0.04218980,-0.11462265,-1.00000000,-0.72765946,-0.17663312
2070,-0.00915354,-0.01867907,-1.00000000,-0.91487662,-0.22095077
2071,0.00917493,0.17773603,1.00000000,-0.70240782,-0.16528112
2072,-0.03664728,-0.00803273,-1.00000000,-0.93565109,-0.16201571
2073,0.02526745,0.05828271,1.00000000,-0.93550013,-0.09995437
2074,-0.00742991,-0.10750966,-1.00000000,-0.74153923,-0.18237356
2075,-0.01652073,0.11650813,1.00000000,-0.82188339,-0.19461059
2076,0.02546795,-0.00179635,-1.00000000,-0.94782030,-0.16754759
2077,0.06368168,-0.03468845,-1.00000000,-0.88363711,-0.00089948
2078,-0.03964084,0.11723360,1.00000000,-0.82046775,-0.10871324
2079,0.00766883,0.25549723,1.00000000,-0.55067040,-0.08363397
2080,-0.00797216,-0.11834085,-1.00000000,-0.72040405,-0.06943465
2081,-0.01692765,0.05283341,1.00000000,-0.94613349,-0.13985447
2082,0.00101431,-0.00375830,-1.00000000,-0.94399191,-0.24394604
2083,-0.07278120,-0.03616076,-1.00000000,-0.88076415,-0.29899273
2084,0.00897713,0.02875626,1.00000000,-0.99311585,-0.29681962
2085,-0.01869314,-0.23824817,-1.00000000,-0.48642583,-0.31462735
2086,-0.06556181,0.05756707,1.00000000,-0.93689659,-0.39540949
2087,-0.01234149,-0.04254858,-1.00000000,-0.86829944,-0.41759371
2088,-0.03291341,-0.21212721,-1.00000000,-0.53739633,-0.35137264
2089,-0.00201628,-0.01956725,-1.00000000,-0.91314350,-0.36963288
2090,0.02391781,-0.09399988,-1.00000000,-0.76790120,-0.29885537
2091,0.01492381,0.01779107,-1.00000000,-0.98604175,-0.16516739
2092,-0.03920057,0.11162493,1.00000000,-0.83141210,-0.20978079
2093,0.06796157,0.07908314,1.00000000,-0.89491173,-0.04222574
2094,0.00464235,-0.11674789,-1.00000000,-0.72351244,-0.03116564
2095,0.02735431,0.27098256,1.00000000,-0.52045348,-0.02545757
2096,-0.02346612,0.04188311,1.00000000,-0.96750109,-0.08922389
2097,0.01802056,0.12405874,1.00000000,-0.80714969,0.00582138
2098,0.01455795,-0.05981802,-1.00000000,-0.83460115,-0.08288293
2099,-0.01701446,0.09028768,1.00000000,-0.87304802,-0.11885526
2100,-0.01264612,0.07775940,1.00000000,-0.89749476,-0.18529666
2101,-0.05022860,-0.03647484,-1.00000000,-0.88015129,-0.22974960
2102,0.02551497,-0.02066947,-1.00000000,-0.91099271,-0.21730125
2103,-0.06962040,-0.15664913,-1.00000000,-0.64565211,-0.35712292
2104,0.04286198,0.11740370,1.00000000,-0.82013583,-0.25766714
2105,-0.08862390,-0.22681186,-1.00000000,-0.50874178,-0.38386751
2106,0.01584269,0.18016808,1.00000000,-0.69766209,-0.27412197
2107,-0.04956864,-0.29556969,-1.00000000,-0.37457287,-0.39883711
2108,0.01003400,0.08240780,1.00000000,-0.88842423,-0.26652981
2109,-0.01729154,-0.15426126,-1.00000000,-0.65031163,-0.36644582
2110,-0.00890956,0.06139097,1.00000000,-0.92943490,-0.23403895
2111,-0.07357997,-0.03747734,-1.00000000,-0.87819507,-0.38257150
2112,-0.01893641,-0.00714995,-1.00000000,-0.93737370,-0.33169086
2113,0.08373769,-0.24113826,-1.00000000,-0.48078631,-0.20926777
2114,-0.00932547,-0.04342877,-1.00000000,-0.86658191,-0.19603600
2115,0.03204567,0.32806320,1.00000000,-0.40907057,-0.12800867
2116,-0.05419086,-0.00865480,-1.00000000,-0.93443724,-0.09580304
2117,-0.10164257,0.14103288,1.00000000,-0.77402762,-0.23317937
2118,-0.05568743,-0.17098525,-1.00000000,-0.61767768,-0.46476686
2119,0.02362898,-0.34267341,-1.00000000,-0.28265819,-0.41002896
2120,0.03646358,-0.17640008,-1.00000000,-0.60711159,-0.40269074
2121,-0.03163381,0.11057989,1.00000000,-0.83345131,-0.36522309
2122,-0.12213956,0.15701760,1.00000000,-0.74283622,-0.39926893
2123,-0.07500548,-0.08937007,-1.00000000,-0.77693546,-0.43135654
2124,-0.10788093,-0.41683491,-1.00000000,-0.13794495,-0.64979673
2125,0.11606786,-0.24629599,-1.00000000,-0.47072190,-0.51757267
2126,0.02496311,-0.36524484,-1.00000000,-0.23861398,-0.42356422
2127,-0.05489317,0.44503913,1.00000000,-0.18081244,-0.31186683
2128,-0.00808578,0.11540700,1.00000000,-0.82403205,-0.20071208
2129,-0.19136197,-0.17352630,-1.00000000,-0.61271928,-0.33937549
2130,0.01733125,-0.00416940,-1.00000000,-0.94318971,-0.50337868
2131,-0.03998256,-0.66729311,-1.00000000,0.35078054,-0.61125454
2132,0.06942402,0.08779365,1.00000000,-0.87791469,-0.40476159
2133,0.05154930,-0.11957723,-1.00000000,-0.71799146,-0.30570670
2134,-0.03061528,0.27627395,1.00000000,-0.51012826,-0.03870373
2135,0.00992815,0.21160026,1.00000000,-0.63632768,-0.05100040
2136,-0.03465509,-0.08568486,-1.00000000,-0.78412652,-0.04215140
2137,0.03794834,0.06100800,1.00000000,-0.93018221,-0.09443303
2138,0.04448012,-0.10030159,-1.00000000,-0.75560453,-0.10617506
2139,-0.03634697,0.16238970,1.00000000,-0.73235350,-0.11569550
2140,0.11045859,0.18602279,1.00000000,-0.68623765,0.05128728
2141,-0.00575123,-0.10642307,-1.00000000,-0.74365952,0.09929709
2142,-0.00089682,0.42474387,1.00000000,-0.22041511,0.03477462
2143,0.03412167,0.00427740,-1.00000000,-0.95967218,0.01756906
2144,0.04455145,0.02184146,-1.00000000,-0.99394537,0.15194270
2145,0.00003573,0.14854419,1.00000000,-0.75937060,-0.03147155
2146,0.08609009,0.18628086,1.00000000,-0.68573408,0.12107843
2147,0.07578787,0.02521559,1.00000000,-1.00002485,0.24845301
2148,0.02329384,0.33657455,1.00000000,-0.39246215,0.23046780
2149,-0.03697833,0.29929944,1.00000000,-0.46519803,0.09504545
2150,0.04578633,0.10936730,1.00000000,-0.83581747,0.17103797
2151,-0.03977657,-0.10870744,-1.00000000,-0.73920196,-0.03802867
2152,0.01728154,0.19074887,1.00000000,-0.67701553,-0.13520867
2153,-0.03358432,-0.11883193,-1.00000000,-0.71944579,-0.22968426
2154,0.01149535,0.08761380,1.00000000,-0.87826562,-0.14916865
2155,-0.04612659,-0.09642734,-1.00000000,-0.76316444,-0.30183757
2156,-0.00555754,0.06667841,1.00000000,-0.91911739,-0.24499919
2157,0.03754412,-0.14180736,-1.00000000,-0.67461324,-0.21134270
2158,0.07133827,0.00497819,-1.00000000,-0.96103965,-0.03706451
2159,-0.01819434,0.16092718,1.00000000,-0.73520735,-0.08637960
2160,-0.06104187,0.28320002,1.00000000,-0.49661323,-0.11115414
2161,0.02564785,-0.04074386,-1.00000000,-0.87182104,-0.05932145
2162,-0.00584191,-0.19577334,-1.00000000,-0.56930805,-0.13138639
2163,0.01474928,0.11788450,1.00000000,-0.81919764,-0.22538165
2164,-0.01396265,0.00394930,-1.00000000,-0.95903194,-0.21835273
2165,-0.04026594,0.07845167,1.00000000,-0.89614393,-0.18384356
2166,-0.01225039,-0.02543288,-1.00000000,-0.90169775,-0.24679318
2167,0.00854310,-0.12060257,-1.00000000,-0.71599070,-0.22289944
2168,0.05690631,-0.01923763,-1.00000000,-0.91378669,-0.15287590
2169,-0.01992495,0.05599665,1.00000000,-0.93996099,-0.16277939
2170,0.02233148,0.23098279,1.00000000,-0.59850604,-0.05880400
2171,-0.02423744,-0.04700548,-1.00000000,-0.85960258,-0.07871470
2172,-0.00784199,0.10588533,1.00000000,-0.84261193,-0.10593062
2173,-0.00720630,-0.06260879,-1.00000000,-0.82915544,-0.21242275
2174,0.01529563,-0.00328733,-1.00000000,-0.94491092,-0.15392077
2175,0.00359507,-0.00098730,-1.00000000,-0.94939903,-0.18504227
2176,0.05254286,0.08042845,1.00000000,-0.89228658,-0.05750889
2177,0.01690291,0.03809386,1.00000000,-0.97489515,-0.01640718
2178,0.00110808,0.21519511,1.00000000,-0.62931296,-0.00259685
2179,0.05808463,0.08624384,1.00000000,-0.88093886,0.06847640
2180,0.00594441,0.02909552,1.00000000,-0.99245384,0.07237870
2181,-0.01898385,0.23524616,1.00000000,-0.59018684,-0.04642837
2182,-0.09935434,0.04659418,1.00000000,-0.95830826,-0.23953363
2183,0.05819546,-0.04360041,-1.00000000,-0.86624699,-0.14471052
2184,-0.01933348,-0.33439421,-1.00000000,-0.29881360,-0.27330332
2185,-0.02032911,0.23564715,1.00000000,-0.58940436,-0.31694408
2186,-0.04585532,-0.04486544,-1.00000000,-0.86377849,-0.36157805
2187,0.01616364,-0.04846779,-1.00000000,-0.85674913,-0.16970073
2188,-0.01981556,-0.14082585,-1.00000000,-0.67652849,-0.29927835
2189,0.02750607,0.08356905,1.00000000,-0.88615825,-0.22147707
2190,-0.03704122,-0.04660969,-1.00000000,-0.86037490,-0.24923617
2191,0.03508957,0.12460784,1.00000000,-0.80607822,-0.11478534
2192,-0.10889087,-0.10893500,-1.00000000,-0.73875793,-0.32250300
2193,-0.05275669,0.15204621,1.00000000,-0.75253702,-0.37721877
2194,-0.03683421,-0.36889896,-1.00000000,-0.23148360,-0.48408906
2195,-0.00444947,-0.16579615,-1.00000000,-0.62780330,-0.42995361
2196,0.02834309,-0.10818599,-1.00000000,-0.74021948,-0.44115964
2197,-0.01891871,0.00898738,-1.00000000,-0.96886287,-0.29171436
2198,-0.01143705,0.12763631,1.00000000,-0.80016869,-0.22308174
2199,0.05791419,-0.04336473,-1.00000000,-0.86670688,-0.06570305
2200,0.05889762,-0.01629485,-1.00000000,-0.91952902,0.03951754
2201,0.02623092,0.23462947,1.00000000,-0.59139020,0.03600920
2202,0.01860927,0.23818769,1.00000000,-0.58444695,0.09834380
2203,0.01899777,0.11999413,1.00000000,-0.81508105,0.14889655
2204,0.04400225,0.09241774,1.00000000,-0.86889158,0.12578859
2205,0.03399255,0.09382339,1.00000000,-0.86614871,0.08442085
2206,0.04584589,0.18429376,1.00000000,-0.68961155,0.11700165
2207,0.04681854,0.14807702,1.00000000,-0.76028220,0.16385772
2208,0.05946653,0.19096435,1.00000000,-0.67659507,0.23107702
2209,-0.01235600,0.19448356,1.00000000,-0.66972794,0.13746500
2210,-0.02214688,0.24024610,1.00000000,-0.58043032,0.04421646
2211,0.02212365,-0.01961977,-1.00000000,-0.91304102,0.00481342
2212,-0.03265018,-0.05504478,-1.00000000,-0.84391529,-0.12718546
2213,0.01678527,0.10513335,1.00000000,-0.84407928,-0.19807975
2214,-0.03958300,-0.09304748,-1.00000000,-0.76975966,-0.24330426
2215,-0.02248242,0.08581821,1.00000000,-0.88176940,-0.24386160
2216,0.00775755,-0.11813158,-1.00000000,-0.72081241,-0.26772394
2217,-0.00381536,-0.05625883,-1.00000000,-0.84154628,-0.21982881
2218,0.01504060,0.05315441,1.00000000,-0.94550712,-0.22272675
2219,-0.03706440,0.01128171,-1.00000000,-0.97333987,-0.21854331
2220,0.01858193,0.07950568,1.00000000,-0.89408721,-0.15033473
2221,-0.01708077,-0.10901886,-1.00000000,-0.73859428,-0.19159160
2222,0.00178392,0.09231881,1.00000000,-0.86908462,-0.18229111
2223,0.06257410,-0.03671475,-1.00000000,-0.87968314,-0.10333716
2224,-0.04187821,0.03154082,1.00000000,-0.98768228,-0.11133297
2225,0.04496816,0.25148979,1.00000000,-0.55849022,-0.06750498
2226,-0.00129559,-0.12643600,-1.00000000,-0.70460777,-0.04128554
2227,-0.01560963,0.18778860,1.00000000,-0.68279198,-0.07017651
2228,0.00408992,0.02039864,-1.00000000,-0.99112996,-0.16731972
2229,0.01684818,-0.03139192,-1.00000000,-0.89006972,-0.06977420
2230,-0.00013252,0.03988431,1.00000000,-0.97140141,-0.14468720
2231,-0.00023271,0.08604582,1.00000000,-0.88132528,-0.14292173
2232,-0.00361590,0.02460684,-1.00000000,-0.99934153,-0.12299994
2233,-0.04080713,0.02424434,-1.00000000,-0.99863417,-0.19757470
2234,-0.00227854,0.01200338,-1.00000000,-0.97474808,-0.22934450
2235,-0.06678787,-0.12256067,-1.00000000,-0.71216981,-0.34006018
2236,-0.01689752,0.01684216,-1.00000000,-0.98419010,-0.36774071
2237,-0.02373703,-0.21656331,-1.00000000,-0.52874005,-0.40116224
2238,0.01265736,-0.03605172,-1.00000000,-0.88097693,-0.31235682
2239,-0.02237240,-0.06079821,-1.00000000,-0.83268848,-0.34573305
2240,-0.02484556,0.07088275,1.00000000,-0.91091335,-0.27606617
2241,0.00428745,-0.05586075,-1.00000000,-0.84232307,-0.24087758
2242,-0.00799048,-0.06480907,-1.00000000,-0.82486198,-0.21472230
2243,0.00354241,0.04059901,1.00000000,-0.97000679,-0.22986238
2244,0.01240786,-0.00382458,-1.00000000,-0.94386258,-0.17209178
2245,-0.01921835,0.03790334,1.00000000,-0.97526691,-0.16274488
2246,-0.00008455,0.06998002,1.00000000,-0.91267487,-0.17000685
2247,0.01319086,-0.04444888,-1.00000000,-0.86459135,-0.13482428
2248,0.00845473,0.02478039,-1.00000000,-0.99968019,-0.12666484
2249,-0.01112285,0.07281304,1.00000000,-0.90714673,-0.16574975
2250,0.00712073,0.05567692,1.00000000,-0.94058488,-0.12200010
2251,-0.00479822,-0.01515801,-1.00000000,-0.92174735,-0.12982958
2252,0.01285286,0.05085028,1.00000000,-0.95000323,-0.13039101
2253,-0.02005235,0.00772556,-1.00000000,-0.96640066,-0.17774174
2254,-0.00951806,0.07159011,1.00000000,-0.90953307,-0.17507616
2255,-0.02286417,-0.04746642,-1.00000000,-0.85870314,-0.22488159
2256,-0.01683180,-0.00935163,-1.00000000,-0.93307750,-0.24486957
2257,0.10068718,-0.05764007,-1.00000000,-0.83885102,-0.09897529
2258,-0.04060704,-0.03581395,-1.00000000,-0.88144091,-0.13311699
2259,0.01505587,0.38938926,1.00000000,-0.28940346,-0.09229927
2260,0.00854969,-0.12183672,-1.00000000,-0.71358247,-0.04012032
2261,-0.05263165,0.07956094,1.00000000,-0.89397938,-0.09958448
2262,0.05976193,0.05602050,1.00000000,-0.93991445,-0.16756202
2263,-0.03549987,-0.16534377,-1.00000000,-0.62868605,-0.15907892
2264,0.00514125,0.24131489,1.00000000,-0.57834476,-0.17554727
2265,-0.00133676,-0.10335812,-1.00000000,-0.74964024,-0.19196884
2266,0.07462331,0.04368819,1.00000000,-0.96397880,0.01940381
2267,-0.01297815,0.02024967,-1.00000000,-0.99083927,-0.10141867
2268,-0.02708903,0.29508585,1.00000000,-0.47342011,-0.08744813
2269,0.02082650,-0.02187078,-1.00000000,-0.90864856,-0.06139467
2270,-0.04061507,-0.07292631,-1.00000000,-0.80902259,-0.12663660
2271,-0.02068693,0.10044003,1.00000000,-0.85323748,-0.28494852
2272,-0.01496758,-0.12186578,-1.00000000,-0.71352576,-0.28825301
2273,0.01492127,-0.04976244,-1.00000000,-0.85422285,-0.21847318
2274,0.02710441,-0.02906889,-1.00000000,-0.89460271,-0.20804546
2275,-0.01714937,0.07907395,1.00000000,-0.89492965,-0.16906854
2276,-0.06795664,0.12315456,1.00000000,-0.80891404,-0.24758433
2277,-0.03108345,-0.03696297,-1.00000000,-0.87919878,-0.27435307
2278,0.03500421,-0.22079212,-1.00000000,-0.52048826,-0.24099497
2279,-0.16354532,-0.08737880,-1.00000000,-0.78082109,-0.55766741
2280,-0.02973958,0.15173735,1.00000000,-0.75313971,-0.57857996
2281,0.08053941,-0.56664787,-1.00000000,0.15438891,-0.33192550
2282,-0.01537168,-0.08251644,-1.00000000,-0.79030914,-0.30582799
2283,0.00723006,0.31649128,1.00000000,-0.43165116,-0.35196131
2284,0.06683324,-0.03053100,-1.00000000,-0.89174965,0.03070139
2285,0.00828598,0.05124587,1.00000000,-0.94923130,0.09386249
2286,0.00499434,0.26690010,1.00000000,-0.52841969,-0.03161915
2287,-0.01603843,0.05506636,1.00000000,-0.94177628,-0.03272663
2288,-0.02439362,0.04315665,1.00000000,-0.96501601,-0.08525410
2289,0.06916291,-0.03294340,-1.00000000,-0.88704228,-0.08138449
2290,-0.04724205,-0.06317387,-1.00000000,-0.82805278,-0.17361749
2291,0.03357408,0.27532921,1.00000000,-0.51197175,-0.12614605
2292,0.05591684,-0.14584329,-1.00000000,-0.66673784,-0.00662713
2293,-0.01563947,0.14656291,1.00000000,-0.76323672,0.00791366
2294,-0.02037325,0.22740273,1.00000000,-0.60549193,-0.14080742
2295,0.03346638,-0.03149991,-1.00000000,-0.88985900,-0.00674935
2296,0.03317084,-0.04862749,-1.00000000,-0.85643751,-0.00741913
2297,-0.00514250,0.14617323,1.00000000,-0.76399711,-0.10883972
2298,-0.03540152,0.14510393,1.00000000,-0.76608367,-0.14166481
2299,-0.01244282,0.00647989,-1.00000000,-0.96396995,-0.12849224
2300,-0.02676984,-0.10300226,-1.00000000,-0.75033462,-0.22854562
2301,-0.00654812,-0.01993390,-1.00000000,-0.91242805,-0.29451949
2302,0.03022785,-0.07177143,-1.00000000,-0.81127616,-0.23576875
2303,0.06902412,0.00139412,-1.00000000,-0.95404595,-0.06231600
2304,0.06546096,0.13445568,1.00000000,-0.78686186,0.06708350
2305,0.03280346,0.27482706,1.00000000,-0.51295161,0.16603576
2306,-0.11035034,0.26193493,1.00000000,-0.53810836,-0.00638148
2307,0.01808136,0.14377468,1.00000000,-0.76867747,-0.02655701
2308,0.00809356,-0.37417956,-1.00000000,-0.22117943,-0.12776371
2309,0.07629206,0.09050766,1.00000000,-0.87261877,-0.10977306
2310,-0.06245896,0.05437014,1.00000000,-0.94313483,-0.26800555
2311,-0.00067320,0.30112368,1.00000000,-0.46163834,-0.08582997
2312,0.04433126,-0.20090060,-1.00000000,-0.55930310,-0.04222843
2313,0.05685508,0.02265055,-1.00000000,-0.99552418,0.03876528
2314,-0.04860356,0.18548418,1.00000000,-0.68728865,-0.16868846
2315,-0.04246846,0.23079743,1.00000000,-0.59886775,-0.13548391
2316,-0.00035279,-0.15076945,-1.00000000,-0.65712529,-0.13495170
2317,-0.03332935,-0.12857165,-1.00000000,-0.70044043,-0.26394729
2318,0.02471722,0.02380985,-1.00000000,-0.99778634,-0.31732883
2319,0.00761801,-0.09550482,-1.00000000,-0.76496457,-0.22394385
2320,-0.01692290,0.11451730,1.00000000,-0.82576814,-0.18151225
2321,0.06169271,0.05264952,1.00000000,-0.94649233,-0.07845362
2322,-0.00198411,-0.03614356,-1.00000000,-0.88079771,-0.02638865
2323,0.03417734,0.24830078,1.00000000,-0.56471303,-0.01067523
2324,-0.00755771,0.01790746,-1.00000000,-0.98626887,-0.03588235
2325,-0.01179133,0.14874559,1.00000000,-0.75897760,-0.02735873
2326,0.03728743,-0.00225875,-1.00000000,-0.94691802,-0.06789631
2327,-0.00919802,-0.01757670,-1.00000000,-0.91702772,-0.07987874
2328,0.03705654,0.15999843,1.00000000,-0.73701965,-0.07509633
2329,-0.09554196,-0.00819368,-1.00000000,-0.93533704,-0.22123966
2330,-0.00230332,0.15916304,1.00000000,-0.73864978,-0.20547990
2331,0.02703857,-0.32060039,-1.00000000,-0.32572983,-0.22250343
2332,-0.00935663,0.01675252,-1.00000000,-0.98401520,-0.22276686
2333,-0.00151388,0.12291637,1.00000000,-0.80937883,-0.28683299
2334,0.02398289,-0.00876752,-1.00000000,-0.93421729,-0.08830019
2335,0.01961348,0.01960882,-1.00000000,-0.98958877,-0.05189602
2336,0.01601339,0.11186039,1.00000000,-0.83095264,-0.07020904
2337,0.10479935,0.09605115,1.00000000,-0.86180161,0.11940596
2338,0.05114009,0.08302540,1.00000000,-0.88721908,0.20686511
2339,-0.07541352,0.40426776,1.00000000,-0.26037065,0.04176599
2340,-0.02954502,0.21011967,1.00000000,-0.63921679,-0.03988712
2341,-0.01478416,-0.24777234,-1.00000000,-0.46784108,-0.09104237
2342,-0.00679712,-0.08181250,-1.00000000,-0.79168275,-0.27640599
2343,0.01303148,-0.02840525,-1.00000000,-0.89589768,-0.33970504
2344,0.03530414,0.00049320,-1.00000000,-0.95228797,-0.15580113
2345,0.01151711,0.07223637,1.00000000,-0.90827199,-0.08759623
2346,-0.00373361,0.15282257,1.00000000,-0.75102210,-0.06924107
2347,0.03217777,0.06675714,1.00000000,-0.91896377,-0.00450313
2348,0.07500340,0.01157749,-1.00000000,-0.97391702,0.09843328
2349,-0.02334803,0.14151081,1.00000000,-0.77309501,0.00101104
2350,0.02433021,0.29646108,1.00000000,-0.47073659,0.02229381
2351,0.05190933,-0.05939073,-1.00000000,-0.83543492,0.11471767
2352,-0.02395900,0.11311706,1.00000000,-0.82850047,0.02147355
2353,-0.01068179,0.21290288,1.00000000,-0.63378585,-0.12085100
2354,0.00668027,-0.06160134,-1.00000000,-0.83112130,-0.07097350
2355,0.01520718,-0.01356217,-1.00000000,-0.92486137,-0.08612701
2356,0.02757207,0.04925663,1.00000000,-0.95311297,-0.12655160
2357,-0.00409008,0.08010841,1.00000000,-0.89291110,-0.09354898
2358,-0.03955889,0.12484665,1.00000000,-0.80561221,-0.14151435
2359,-0.03138612,0.01028772,-1.00000000,-0.97140026,-0.20474327
2360,-0.04903475,-0.11804435,-1.00000000,-0.72098262,-0.31145020
2361,0.05852055,-0.08847391,-1.00000000,-0.77868417,-0.26004425
2362,-0.02112988,-0.15232957,-1.00000000,-0.65408098,-0.28834764
2363,-0.00212558,0.23682340,1.00000000,-0.58710911,-0.22617028
2364,0.00100849,-0.05136511,-1.00000000,-0.85109552,-0.17236228
2365,-0.00944382,0.01739560,-1.00000000,-0.98527006,-0.10660107
2366,0.01472133,0.02873519,1.00000000,-0.99315696,-0.17935233
2367,0.01303462,-0.00908301,-1.00000000,-0.93360166,-0.12260451
2368,0.02328801,0.07835052,1.00000000,-0.89634131,-0.08039211
2369,-0.00999535,0.07224774,1.00000000,-0.90824981,-0.09866967
2370,-0.01843548,0.10934620,1.00000000,-0.83585865,-0.11360497
2371,-0.01015868,-0.01107852,-1.00000000,-0.92970778,-0.15493108
2372,0.00566153,-0.04161633,-1.00000000,-0.87011856,-0.16717791
2373,0.00266156,-0.01166949,-1.00000000,-0.92855460,-0.20143879
2374,-0.02542938,0.04557067,1.00000000,-0.96030547,-0.22707498
2375,-0.01130610,0.03471629,1.00000000,-0.98148589,-0.21523296
2376,0.00478339,-0.06692143,-1.00000000,-0.82074008,-0.19041394
2377,-0.03427079,-0.01582105,-1.00000000,-0.92045355,-0.25674219
2378,-0.00251791,0.04239339,1.00000000,-0.96650537,-0.26534540
2379,-0.00839284,-0.09891110,-1.00000000,-0.75831782,-0.23704742
2380,0.01005826,0.01597608,-1.00000000,-0.98250010,-0.20156085
2381,-0.00345509,-0.00528040,-1.00000000,-0.94102180,-0.21524510
2382,-0.01411075,0.06147876,1.00000000,-0.92926361,-0.18175893
2383,-0.00246419,0.01258521,-1.00000000,-0.97588342,-0.18166969
2384,0.00636053,-0.02596872,-1.00000000,-0.90065215,-0.15716408
2385,-0.01383268,0.01617048,-1.00000000,-0.98287944,-0.19684734
2386,-0.02851292,0.04809977,1.00000000,-0.95537036,-0.23846881
2387,-0.00178453,-0.02496264,-1.00000000,-0.90261533,-0.21799477
2388,0.02489040,-0.07807818,-1.00000000,-0.79896963,-0.17255834
2389,-0.01404764,0.01862957,-1.00000000,-0.98767793,-0.20645666
2390,-0.02788967,0.11514391,1.00000000,-0.82454542,-0.22980555
2391,-0.01437411,-0.02574038,-1.00000000,-0.90109770,-0.20632075
2392,0.04525044,-0.07582315,-1.00000000,-0.80336993,-0.12819485
2393,0.02238407,-0.02692162,-1.00000000,-0.89879273,-0.13235791
2394,0.01171492,0.18880994,1.00000000,-0.68079902,-0.08956586
2395,-0.00348431,0.10607560,1.00000000,-0.84224065,-0.04902814
2396,-0.00675075,0.06747284,1.00000000,-0.91756721,-0.03636561
2397,-0.01575745,0.01247951,-1.00000000,-0.97567716,-0.13770076
2398,-0.02309303,0.00066098,-1.00000000,-0.95261535,-0.21323900
2399,0.00864672,-0.03192678,-1.00000000,-0.88902602,-0.21833533
2400,0.04078088,-0.05846812,-1.00000000,-0.83723523,-0.14481011
2401,-0.05290888,0.05637157,1.00000000,-0.93922938,-0.22147955
2402,-0.01572825,0.17263830,1.00000000,-0.71235514,-0.22143104
2403,-0.01996117,-0.16634683,-1.00000000,-0.62672876,-0.21622897
2404,-0.04899572,-0.03182111,-1.00000000,-0.88923223,-0.31197404
2405,0.07921707,-0.04713654,-1.00000000,-0.85934685,-0.24813088
2406,-0.05919380,-0.15218837,-1.00000000,-0.65435652,-0.25857024
2407,-0.00180180,0.31170683,1.00000000,-0.44098716,-0.23543818
2408,0.00614294,-0.18908672,-1.00000000,-0.58235582,-0.19207881
2409,-0.04151135,0.01856709,-1.00000000,-0.98755601,-0.17964713
2410,0.03867828,0.04731248,1.00000000,-0.95690663,-0.24698275
2411,0.00779871,-0.12510865,-1.00000000,-0.70719786,-0.13570706
2412,0.04540250,0.16503075,1.00000000,-0.72719995,-0.05729991
2413,0.07698663,0.05330332,1.00000000,-0.94521655,0.06037267
2414,-0.00155428,0.18936011,1.00000000,-0.67972545,0.12674203
2415,-0.02068727,0.30363674,1.00000000,-0.45673454,0.02813485
2416,0.01762031,0.01946265,-1.00000000,-0.98930353,0.04444870
2417,0.04803119,-0.04976366,-1.00000000,-0.85422046,0.04881499
2418,-0.03306248,0.08883951,1.00000000,-0.87587386,-0.13397844
2419,-0.00754673,0.19887113,1.00000000,-0.66116637,-0.14393199
2420,0.01542820,-0.09453923,-1.00000000,-0.76684876,-0.08394359
2421,-0.00156302,-0.00221901,-1.00000000,-0.94699556,-0.11580743
2422,-0.05348542,0.08090811,1.00000000,-0.89135061,-0.28442823
2423,0.00100443,0.01943102,-1.00000000,-0.98924183,-0.22784253
2424,-0.02648594,-0.16843284,-1.00000000,-0.62265827,-0.25930088
2425,-0.02833983,0.02872049,1.00000000,-0.99318565,-0.33200032
2426,-0.02806258,-0.07074422,-1.00000000,-0.81328057,-0.37601652
2427,-0.00241191,-0.07745190,-1.00000000,-0.80019170,-0.29118255
2428,0.00293400,-0.07644876,-1.00000000,-0.80214915,-0.28797750
2429,0.00936630,0.01635962,-1.00000000,-0.98324851,-0.22842633
2430,0.02569922,0.03570201,1.00000000,-0.97956243,-0.13866656
2431,-0.01136045,0.05897512,1.00000000,-0.93414902,-0.11092405
2432,-0.01131685,0.11807036,1.00000000,-0.81883497,-0.12571530
2433,-0.01191817,-0.01601771,-1.00000000,-0.92006982,-0.15038501
2434,-0.01220361,-0.01585993,-1.00000000,-0.92037769,-0.18621298
2435,-0.02490665,-0.01803562,-1.00000000,-0.91613220,-0.27027020
2436,0.00743230,-0.01906837,-1.00000000,-0.91411698,-0.23905512
2437,0.03862180,-0.06503011,-1.00000000,-0.82443066,-0.15610619
2438,0.02012498,0.05197759,1.00000000,-0.94780348,-0.10288197
2439,0.02762737,0.16482640,1.00000000,-0.72759871,-0.03672204
2440,0.04745642,0.09790183,1.00000000,-0.85819033,0.08347424
2441,-0.06963265,0.12504673,1.00000000,-0.80522179,-0.04453194
2442,0.01143162,0.19679151,1.00000000,-0.66522437,-0.08969529
2443,0.00555283,-0.22685621,-1.00000000,-0.50865525,-0.11389987
2444,0.05194462,0.06644781,1.00000000,-0.91956737,-0.07350852
2445,0.02355819,0.04517739,1.00000000,-0.96107289,-0.11320388
2446,0.03738806,0.21303057,1.00000000,-0.63353669,0.06455934
2447,0.02230396,0.11032375,1.00000000,-0.83395113,0.08261848
2448,-0.00499943,0.16036253,1.00000000,-0.73630918,0.06509100
2449,0.07469995,0.10578574,1.00000000,-0.84280626,0.10288800
2450,-0.02523847,0.00699754,-1.00000000,-0.96498006,0.02183592
2451,-0.05693222,0.29536316,1.00000000,-0.47287899,-0.13483166
2452,0.05592783,-0.06623067,-1.00000000,-0.82208798,-0.07898185
2453,0.05235782,-0.18090392,-1.00000000,-0.59832312,0.01628952
2454,-0.02804288,0.22744248,1.00000000,-0.60541436,-0.15436807
2455,-0.01806789,0.21452560,1.00000000,-0.63061938,-0.14245761
2456,0.01420647,-0.07637749,-1.00000000,-0.80228822,-0.02429504
2457,-0.02744239,-0.04028631,-1.00000000,-0.87271387,-0.16277438
2458,-0.07591512,0.07648769,1.00000000,-0.89997629,-0.37583791
2459,-0.01702682,-0.07420481,-1.00000000,-0.80652782,-0.35754005
2460,0.00457387,-0.24958724,-1.00000000,-0.46429961,-0.31993170
2461,0.04632188,-0.03651956,-1.00000000,-0.88006402,-0.26658747
2462,-0.03407227,0.04163535,1.00000000,-0.96798456,-0.27759982
2463,0.08010995,0.19268657,1.00000000,-0.67323445,-0.01843952
2464,-0.03081546,-0.09819284,-1.00000000,-0.75971937,-0.04134268
2465,0.03628660,0.31493744,1.00000000,-0.43468320,0.01133269
2466,0.01552904,-0.08640914,-1.00000000,-0.78271322,-0.03981474
2467,0.05860475,0.15637724,1.00000000,-0.74408576,0.11412337
2468,-0.02805810,0.08127295,1.00000000,-0.89063870,-0.06554560
2469,-0.02814718,0.23712805,1.00000000,-0.58651466,-0.06111356
2470,0.04236140,-0.07643256,-1.00000000,-0.80218076,-0.05102321
2471,0.05196852,-0.07675488,-1.00000000,-0.80155181,0.00950339
2472,-0.00012291,0.17835689,1.00000000,-0.70119632,-0.08804425
2473,0.04739419,0.21311706,1.00000000,-0.63336792,0.03728328
2474,-0.07567921,0.02464161,-1.00000000,-0.99940938,-0.04166822
2475,0.04372382,0.19656635,1.00000000,-0.66566373,-0.03940521
2476,-0.05102227,-0.24873365,-1.00000000,-0.46596524,-0.21047466
2477,-0.00433498,0.18328636,1.00000000,-0.69157732,-0.21747099
2478,-0.01771949,-0.15952075,-1.00000000,-0.64004866,-0.32562591
2479,0.03806128,0.00940162,-1.00000000,-0.96967120,-0.13670104
2480,-0.00536237,-0.03902577,-1.00000000,-0.87517360,-0.21823404
2481,0.04085169,0.16279834,1.00000000,-0.73155612,-0.06562984
2482,-0.01271148,0.00568435,-1.00000000,-0.96241760,-0.07954335
2483,0.07605566,0.17289451,1.00000000,-0.71185520,0.07621877
2484,0.02226634,-0.02090596,-1.00000000,-0.91053125,0.04998312
2485,-0.03313306,0.30026834,1.00000000,-0.46330739,0.00385552
2486,0.06854682,0.10564963,1.00000000,-0.84307185,0.04985760
2487,0.00415776,-0.09479463,-1.00000000,-0.76635039,0.07787770
2488,0.01005183,0.27310008,1.00000000,-0.51632151,-0.03175578
2489,-0.01206347,0.04012978,1.00000000,-0.97092242,-0.08877818
2490,-0.10634503,0.06145550,1.00000000,-0.92930899,-0.21038450
2491,-0.05463264,-0.01856134,-1.00000000,-0.91510636,-0.41498767
2492,0.00432506,-0.35968771,-1.00000000,-0.24945776,-0.41470979
2493,0.00807440,-0.17258369,-1.00000000,-0.61455861,-0.41799433
2494,-0.04335056,0.04073508,1.00000000,-0.96974128,-0.46996271
2495,0.00476408,0.05430083,1.00000000,-0.94327007,-0.28540859
2496,-0.02124537,-0.13176322,-1.00000000,-0.69421264,-0.22995175
2497,-0.00129471,0.04232355,1.00000000,-0.96664165,-0.23928628
2498,-0.01432381,-0.05178296,-1.00000000,-0.85028016,-0.27649008
2499,0.03520495,0.02040184,-1.00000000,-0.99113620,-0.14600805
2500,-0.00972252,-0.02673961,-1.00000000,-0.89914790,-0.17007054
2501,-0.02792997,0.15246368,1.00000000,-0.75172240,-0.18117379
2502,-0.01068271,-0.01009139,-1.00000000,-0.93163399,-0.19676742
2503,-0.02236052,-0.07596899,-1.00000000,-0.80308535,-0.21011654
2504,-0.00777579,-0.01356552,-1.00000000,-0.92485483,-0.28150827
2505,0.00699020,-0.05581777,-1.00000000,-0.84240693,-0.25374816
2506,0.00627292,-0.00304778,-1.00000000,-0.94537837,-0.19693657
2507,-0.00505688,0.05037801,1.00000000,-0.95092478,-0.18759197
2508,0.02364038,0.04778278,1.00000000,-0.95598892,-0.11118370
2509,0.02011171,0.00678967,-1.00000000,-0.96457443,-0.06486209
2510,0.11170605,0.11062113,1.00000000,-0.83337084,0.10907271
2511,0.03308075,0.09785383,1.00000000,-0.85828399,0.15360096
2512,-0.01769761,0.42925736,1.00000000,-0.21160781,0.13260449
2513,-0.06417695,0.14477795,1.00000000,-0.76671977,-0.01326157
2514,0.02901612,-0.03894660,-1.00000000,-0.87532808,0.00152879
2515,-0.05709667,-0.20711655,-1.00000000,-0.54717375,-0.27885538
2516,-0.01014381,0.13007145,1.00000000,-0.79541694,-0.35065211
2517,0.03094941,-0.18149893,-1.00000000,-0.59716207,-0.26984858
2518,0.04285486,-0.01161570,-1.00000000,-0.92865956,-0.09206694
2519,-0.06666813,0.13706640,1.00000000,-0.78176750,-0.25100010
2520,-0.02410924,0.18014233,1.00000000,-0.69771234,-0.19620742
2521,-0.01932631,-0.21613008,-1.00000000,-0.52958542,-0.21145970
2522,-0.04569747,-0.06214493,-1.00000000,-0.83006058,-0.33877146
2523,0.02229254,-0.04483949,-1.00000000,-0.86382912,-0.37292583
2524,-0.01963802,-0.14025475,-1.00000000,-0.67764289,-0.29480801
2525,-0.05865190,0.10574444,1.00000000,-0.84288686,-0.35218396
2526,0.01230872,-0.04596730,-1.00000000,-0.86162841,-0.29963764
2527,-0.01758729,-0.18712604,-1.00000000,-0.58618175,-0.25294615
2528,-0.02613104,0.06962130,1.00000000,-0.91337486,-0.33337854
2529,-0.03151910,-0.03854743,-1.00000000,-0.87610698,-0.35311321
2530,-0.00140576,-0.06946013,-1.00000000,-0.81578625,-0.25802641
2531,0.01633369,-0.08895503,-1.00000000,-0.77774536,-0.25134087
2532,0.00379300,0.02000002,-1.00000000,-0.99035212,-0.21582784
2533,0.01626784,0.08418430,1.00000000,-0.88495770,-0.14540259
2534,0.00542699,0.03881002,1.00000000,-0.97349769,-0.08403452
2535,-0.00448933,0.08394604,1.00000000,-0.88542262,-0.08915637
2536,-0.00667694,0.04472205,1.00000000,-0.96196140,-0.12737742
2537,-0.02310334,0.00884317,-1.00000000,-0.96858147,-0.17205270
2538,-0.04184377,0.00092802,-1.00000000,-0.95313644,-0.26857706
2539,-0.02305564,-0.05850541,-1.00000000,-0.83716246,-0.31588719
2540,-0.01110137,-0.12631142,-1.00000000,-0.70485086,-0.32686989
2541,0.02464995,-0.05833283,-1.00000000,-0.83749923,-0.27483539
2542,-0.01666790,-0.01508028,-1.00000000,-0.92189904,-0.26414602
2543,0.02209466,0.11427394,1.00000000,-0.82624302,-0.15794320
2544,-0.05610829,-0.03522094,-1.00000000,-0.88259805,-0.21284422
2545,0.08183386,0.10502845,1.00000000,-0.84428397,-0.05847724
2546,0.03304956,-0.17792282,-1.00000000,-0.60414023,-0.04452536
2547,0.02459765,0.32117481,1.00000000,-0.42251206,0.02401743
2548,-0.02841351,0.14466510,1.00000000,-0.76693997,-0.05987749
2549,-0.05320129,0.11408470,1.00000000,-0.82661229,-0.05504891
2550,-0.11930714,-0.07771848,-1.00000000,-0.79967152,-0.38914751
2551,0.03238197,-0.16740480,-1.00000000,-0.62466430,-0.39025637
2552,0.00472685,-0.40658676,-1.00000000,-0.15794244,-0.42326211
2553,-0.00735364,0.14224967,1.00000000,-0.77165325,-0.38828131
2554,0.00706758,0.04218883,1.00000000,-0.96690453,-0.28817370
2555,0.00827839,-0.00152037,-1.00000000,-0.94835884,-0.07625198
2556,-0.02549590,0.05065798,1.00000000,-0.95037847,-0.17238812
2557,0.03450173,0.05503890,1.00000000,-0.94182987,-0.12293153
2558,-0.00292408,-0.06716211,-1.00000000,-0.82027044,-0.11557396
2559,0.04193795,0.14991930,1.00000000,-0.75668731,-0.05765368
2560,-0.01273388,0.01450651,-1.00000000,-0.97963250,-0.09255542
2561,-0.01301469,0.17682478,1.00000000,-0.70418596,-0.07182392
2562,0.05697155,-0.02098700,-1.00000000,-0.91037310,-0.03450117
2563,0.06189043,-0.02200301,-1.00000000,-0.90839053,0.07315683
2564,0.00424220,0.23121885,1.00000000,-0.59804542,0.01054356
2565,-0.00533268,0.24901618,1.00000000,-0.56331704,0.02283708
2566,0.06354440,0.04043531,1.00000000,-0.97032623,0.15000303
2567,-0.01843042,0.00579179,-1.00000000,-0.96262724,0.02475908
2568,0.04430744,0.25500051,1.00000000,-0.55163967,-0.00444657
2569,-0.00785905,-0.04159802,-1.00000000,-0.87015429,-0.02454696
2570,0.01554434,0.18539800,1.00000000,-0.68745683,0.01013013
2571,0.00269363,-0.00334905,-1.00000000,-0.94479048,-0.09094403
2572,0.00334663,0.08132832,1.00000000,-0.89053065,-0.05477198
2573,-0.01787537,0.03483232,1.00000000,-0.98125949,-0.15805868
2574,0.03353607,0.03719498,1.00000000,-0.97664917,-0.08930069
2575,0.00400784,-0.03958977,-1.00000000,-0.87407305,-0.10846301
2576,-0.06918490,0.14642538,1.00000000,-0.76350509,-0.22785447
2577,-0.01482226,0.03958734,1.00000000,-0.97198090,-0.25803330
2578,-0.02771788,-0.22523616,-1.00000000,-0.51181649,-0.27438187
2579,0.00980738,-0.02854308,-1.00000000,-0.89562874,-0.31379562
2580,-0.04485086,-0.07520159,-1.00000000,-0.80458280,-0.39495075
2581,0.00598319,0.06057104,1.00000000,-0.93103486,-0.27009529
2582,-0.02267438,-0.13719157,-1.00000000,-0.68362015,-0.28313780
2583,-0.05048415,0.04673448,1.00000000,-0.95803450,-0.32095296
2584,-0.07257356,-0.05695338,-1.00000000,-0.84019099,-0.45778910
2585,0.02522174,-0.15757374,-1.00000000,-0.64384791,-0.34139731
2586,-0.02105705,-0.23749690,-1.00000000,-0.48789179,-0.38631161
2587,-0.02135590,0.11634277,1.00000000,-0.82220606,-0.38412159
2588,0.01107404,-0.05110160,-1.00000000,-0.85160971,-0.28187240
2589,-0.01785445,-0.05218289,-1.00000000,-0.84949976,-0.19098303
2590,-0.03750023,0.06515402,1.00000000,-0.92209198,-0.29516529
2591,-0.00245271,-0.03951407,-1.00000000,-0.87422075,-0.26426317
2592,0.00606024,-0.11059576,-1.00000000,-0.73551724,-0.21872450
2593,-0.02177249,0.01621198,-1.00000000,-0.98296043,-0.27328315
2594,0.04891357,0.04701326,1.00000000,-0.95749049,-0.16238033
2595,0.03208748,-0.05369020,-1.00000000,-0.84655852,-0.04679397
2596,0.02729721,0.20206374,1.00000000,-0.65493654,0.00262115
2597,0.06231192,0.14118414,1.00000000,-0.77373245,0.09605615
2598,0.01983882,0.12385214,1.00000000,-0.80755284,0.16517326
2599,-0.01952077,0.25054121,1.00000000,-0.56034121,0.05150266
2600,-0.00781843,0.09686647,1.00000000,-0.86021065,-0.01478174
2601,-0.00510964,-0.04554309,-1.00000000,-0.86245617,-0.06861006
2602,0.01945678,-0.00320209,-1.00000000,-0.94507726,-0.13979318
2603,0.03928643,0.00659878,-1.00000000,-0.96420194,-0.10749037
2604,0.03090234,0.09548418,1.00000000,-0.86290796,-0.02373672
2605,0.04764563,0.16723115,1.00000000,-0.72290626,0.06839002
2606,-0.02973317,0.13689613,1.00000000,-0.78209977,0.02748992
2607,-0.04870720,0.19747610,1.00000000,-0.66388851,-0.08573161
2608,-0.02431820,-0.08249324,-1.00000000,-0.79035441,-0.19137998
2609,-0.04728122,-0.15114445,-1.00000000,-0.65639355,-0.32124421
2610,0.03804275,-0.06290099,-1.00000000,-0.82858527,-0.33719475
2611,-0.03138488,-0.14598501,-1.00000000,-0.66646129,-0.33993827
2612,0.00235074,0.16273129,1.00000000,-0.73168696,-0.25513016
2613,-0.02105834,-0.08846940,-1.00000000,-0.77869297,-0.24971548
2614,0.00091875,0.03359168,1.00000000,-0.98368037,-0.16965452
2615,-0.01240997,-0.05110627,-1.00000000,-0.85160060,-0.25345733
2616,0.00311416,0.02841048,1.00000000,-0.99379057,-0.19615384
2617,-0.04557002,-0.01981503,-1.00000000,-0.91266001,-0.27575104
2618,-0.00065324,0.03635387,1.00000000,-0.97829044,-0.24185782
2619,0.02806862,-0.13979362,-1.00000000,-0.67854272,-0.19676141
2620,-0.01787071,0.02272279,-1.00000000,-0.99566513,-0.20583179
2621,-0.03423196,0.12664325,1.00000000,-0.80210646,-0.26786433
2622,-0.00000450,-0.03957288,-1.00000000,-0.87410601,-0.19217923
2623,0.02523095,-0.09877061,-1.00000000,-0.75859195,-0.14918514
2624,0.01641988,0.02507002,-1.00000000,-1.00024535,-0.16853390
2625,-0.03646149,0.11637610,1.00000000,-0.82214103,-0.19941350
2626,0.03419878,0.08449617,1.00000000,-0.88434915,-0.08574888
2627,-0.01057048,-0.10683741,-1.00000000,-0.74285100,-0.10329915
2628,-0.04382780,0.14882318,1.00000000,-0.75882619,-0.21800692
2629,-0.00866083,-0.01315943,-1.00000000,-0.92564723,-0.25966640
2630,0.00180545,-0.13348998,-1.00000000,-0.69084317,-0.19610437
2631,-0.04483886,-0.00625001,-1.00000000,-0.93912976,-0.32738724
2632,0.03280399,0.03161873,1.00000000,-0.98753025,-0.25534151
2633,0.01667044,-0.13714815,-1.00000000,-0.68370487,-0.15485290
2634,0.00588777,0.14377660,1.00000000,-0.76867372,-0.13068744
2635,-0.00714491,0.08540274,1.00000000,-0.88258012,-0.14555413
2636,0.01267724,0.04638922,1.00000000,-0.95870820,-0.05001890
2637,0.02308508,-0.00076515,-1.00000000,-0.94983252,-0.06616218
2638,-0.01473556,0.07095468,1.00000000,-0.91077300,-0.11832808
2639,-0.00340894,0.10861198,1.00000000,-0.83729135,-0.13377006
2640,0.01886854,-0.02822941,-1.00000000,-0.89624081,-0.09056130
2641,0.00614311,0.01275221,-1.00000000,-0.97620929,-0.10141460
2642,0.00279742,0.09335580,1.00000000,-0.86706111,-0.13511276
2643,-0.02603519,0.04731309,1.00000000,-0.95690543,-0.15388163
2644,0.03626069,0.03520782,1.00000000,-0.98052676,-0.08798972
2645,0.00196907,-0.06911333,-1.00000000,-0.81646296,-0.11606002
2646,0.00061398,0.15628350,1.00000000,-0.74426869,-0.12524400
2647,-0.00814383,0.03221072,1.00000000,-0.98637508,-0.14341760
2648,0.01384377,0.02730778,1.00000000,-0.99594231,-0.07717798
2649,-0.04070078,-0.00437944,-1.00000000,-0.94277987,-0.20501227
2650,0.03807823,0.07517537,1.00000000,-0.90253706,-0.14503434
2651,0.02620570,-0.12217588,-1.00000000,-0.71292066,-0.10252606
2652,0.03487945,0.16285967,1.00000000,-0.73143644,-0.03106366
2653,-0.00822620,0.11990289,1.00000000,-0.81525910,-0.06772226
2654,-0.00195570,0.15128595,1.00000000,-0.75402053,-0.00336603
2655,-0.01605379,-0.00467746,-1.00000000,-0.94219832,-0.09328023
2656,-0.04263607,0.01801026,-1.00000000,-0.98646945,-0.20762757
2657,0.00679617,-0.03299898,-1.00000000,-0.88693382,-0.25427437
2658,0.01573346,-0.12917807,-1.00000000,-0.69925710,-0.21447696
2659,0.03971779,0.04967599,1.00000000,-0.95229464,-0.14525659
2660,-0.01864188,0.08201258,1.00000000,-0.88919543,-0.14955544
2661,0.02768368,0.16879187,1.00000000,-0.71986079,-0.03275316
2662,-0.00033629,-0.04236311,-1.00000000,-0.86866135,-0.04460030
2663,0.01579474,0.12525045,1.00000000,-0.80482427,-0.04449851
2664,0.01503058,0.02386957,-1.00000000,-0.99790288,-0.08550438
2665,0.00456847,0.08223430,1.00000000,-0.88876279,-0.04695160
2666,-0.05318230,0.07946945,1.00000000,-0.89415791,-0.18127135
2667,0.02911666,0.04161579,1.00000000,-0.96802272,-0.13234951
2668,-0.01475454,-0.16733608,-1.00000000,-0.62479840,-0.18309237
2669,0.00066791,0.13043522,1.00000000,-0.79470710,-0.20694901
2670,0.00791724,-0.02829805,-1.00000000,-0.89610686,-0.20138664
2671,-0.02658223,0.02750292,1.00000000,-0.99556153,-0.15720348
2672,-0.01578448,0.05373221,1.00000000,-0.94437964,-0.23178503
2673,-0.03261315,-0.07109262,-1.00000000,-0.81260072,-0.26144849
2674,0.01004486,-0.03202457,-1.00000000,-0.88883521,-0.24587321
2675,0.01675222,-0.09291348,-1.00000000,-0.77002111,-0.23119817
2676,0.01831275,0.06143029,1.00000000,-0.92935818,-0.15662685
2677,-0.02456785,0.08569862,1.00000000,-0.88200277,-0.17121619
2678,-0.01396743,0.09134486,1.00000000,-0.87098511,-0.14024533
2679,-0.02985932,-0.06380427,-1.00000000,-0.82682267,-0.20652685
2680,0.00932624,-0.02545018,-1.00000000,-0.90166400,-0.21886153
2681,-0.02105593,-0.08294966,-1.00000000,-0.78946378,-0.28425357
2682,-0.01850855,0.05883019,1.00000000,-0.93443183,-0.27418897
2683,0.01272130,-0.05109757,-1.00000000,-0.85161759,-0.22985854
2684,0.03684313,-0.04188071,-1.00000000,-0.86960268,-0.11906465
2685,-0.00689825,0.07111409,1.00000000,-0.91046194,-0.14601380
2686,0.03554465,0.15839087,1.00000000,-0.74015652,-0.05199927
2687,-0.01253747,0.00012729,-1.00000000,-0.95157396,-0.04208121
2688,-0.01616266,0.15369274,1.00000000,-0.74932410,-0.09005795
2689,-0.01728295,-0.02027636,-1.00000000,-0.91175980,-0.17996229
2690,-0.06683026,-0.03339287,-1.00000000,-0.88616521,-0.27951037
2691,0.00489715,-0.03744629,-1.00000000,-0.87825568,-0.33041638
2692,-0.02082576,-0.21671667,-1.00000000,-0.52844078,-0.34418337
2693,0.02481312,0.04280499,1.00000000,-0.96570220,-0.27612191
2694,0.02051000,-0.05026476,-1.00000000,-0.85324266,-0.21334718
2695,-0.03788117,0.11486431,1.00000000,-0.82509101,-0.16526227
2696,0.00222609,0.09929488,1.00000000,-0.85547204,-0.16969893
2697,0.01296230,-0.11197408,-1.00000000,-0.73282769,-0.11357639
2698,0.00037592,0.03314068,1.00000000,-0.98456042,-0.15416700
2699,-0.01586398,0.07198606,1.00000000,-0.90876044,-0.21458479
2700,-0.01121863,0.02644644,1.00000000,-0.99762306,-0.17029784
2701,0.00405162,-0.03231220,-1.00000000,-0.88827395,-0.16726562
2702,0.01866777,-0.01550455,-1.00000000,-0.92107115,-0.15778873
2703,-0.02087168,0.03974573,1.00000000,-0.97167182,-0.19308135
2704,0.03139064,0.09262942,1.00000000,-0.86847853,-0.11459064
2705,0.02377195,-0.05043092,-1.00000000,-0.85291844,-0.05647070
2706,0.01061045,0.13866285,1.00000000,-0.77865231,-0.04557636
2707,0.01011657,0.11109718,1.00000000,-0.83244191,-0.05978006
2708,0.01249971,0.06347669,1.00000000,-0.92536499,-0.00434961
2709,-0.01644879,0.06168973,1.00000000,-0.92885193,-0.08381171
2710,0.01286084,0.07031233,1.00000000,-0.91202644,-0.10193526
2711,-0.00420651,-0.03442815,-1.00000000,-0.88414504,-0.12654648
2712,-0.03040476,0.07161895,1.00000000,-0.90947679,-0.19385309
2713,-0.00134003,0.00986647,-1.00000000,-0.97057827,-0.21684113
2714,-0.00459827,-0.08492317,-1.00000000,-0.78561282,-0.19715721
2715,0.02552155,0.02023786,-1.00000000,-0.99081622,-0.17612756
2716,0.05201530,0.00844899,-1.00000000,-0.96781231,-0.08274218
2717,0.00507894,0.11742751,1.00000000,-0.82008938,-0.02380316
2718,-0.02160181,0.21328632,1.00000000,-0.63303762,-0.05745832
2719,-0.04010028,0.04346274,1.00000000,-0.96441872,-0.11642776
2720,-0.03868116,-0.05307262,-1.00000000,-0.84776361,-0.22306954
2721,-0.02483211,-0.12000319,-1.00000000,-0.71716029,-0.35071439
2722,0.03950625,-0.11486855,-1.00000000,-0.72717963,-0.29353004
2723,0.01661420,-0.06476038,-1.00000000,-0.82495699,-0.23005260
2724,0.01859730,0.16802649,1.00000000,-0.72135430,-0.13255491
2725,0.06220705,0.08519925,1.00000000,-0.88297719,0.03502212
2726,-0.03384554,0.09237445,1.00000000,-0.86897606,0.02005066
2727,0.02429199,0.25016177,1.00000000,-0.56108161,-0.00522048
2728,-0.05346516,-0.09737247,-1.00000000,-0.76132018,-0.12162348
2729,0.01008161,0.11297878,1.00000000,-0.82877029,-0.13576819
2730,0.01191147,-0.16835952,-1.00000000,-0.62280133,-0.21931001
2731,0.08897640,0.06156325,1.00000000,-0.92909874,-0.01530070
2732,-0.04383894,0.06818399,1.00000000,-0.91617952,-0.12846734
2733,0.02628798,0.34701770,1.00000000,-0.37208417,0.00400398
2734,-0.00991833,-0.13353027,-1.00000000,-0.69076454,-0.02921626
2735,-0.00220380,0.12020060,1.00000000,-0.81467818,-0.05266197
2736,0.06287737,-0.01079986,-1.00000000,-0.93025153,-0.09601290
2737,-0.16267743,0.01711259,-1.00000000,-0.98471780,-0.29340564
2738,-0.08672378,0.25258707,1.00000000,-0.55634907,-0.48112009
2739,-0.01921367,-0.56350768,-1.00000000,0.14826138,-0.49655981
2740,0.08430354,-0.28869475,-1.00000000,-0.38798812,-0.35286965
2741,-0.02497195,-0.04443195,-1.00000000,-0.86462437,-0.49878885
2742,-0.14096116,0.33011055,1.00000000,-0.40507553,-0.46271776
2743,0.05599594,-0.06526636,-1.00000000,-0.82396967,-0.22565789
2744,-0.02034589,-0.48493462,-1.00000000,-0.00506026,-0.22753852
2745,-0.03097237,0.22768891,1.00000000,-0.60493348,-0.41901377
2746,0.07364402,-0.04852850,-1.00000000,-0.85663067,-0.25521098
2747,-0.13900415,-0.08697688,-1.00000000,-0.78160536,-0.25196035
2748,0.05803892,0.29154262,1.00000000,-0.48033411,-0.24856692
2749,0.07054975,-0.47785382,-1.00000000,-0.01887720,-0.09758772
2750,-0.02934722,0.23508076,1.00000000,-0.59050959,-0.09488831
2751,0.10549080,0.28034704,1.00000000,-0.50218033,-0.04199028
2752,-0.04876810,-0.08109681,-1.00000000,-0.79307930,0.10789333
2753,0.03949386,0.40676955,1.00000000,-0.25548885,0.07708968
2754,0.02850528,-0.15136478,-1.00000000,-0.65596361,0.00725310
2755,-0.00652750,0.16798167,1.00000000,-0.72144175,0.04515703
2756,0.09604633,0.12822314,1.00000000,-0.79902359,0.02946961
2757,0.04246893,0.00146872,-1.00000000,-0.95419152,0.18101586
2758,0.06501331,0.37259790,1.00000000,-0.32216887,0.22340409
2759,0.09966960,0.17874595,1.00000000,-0.70043713,0.34160924
2760,0.04640619,0.26031526,1.00000000,-0.54126886,0.42953299
2761,-0.07320922,0.38570750,1.00000000,-0.29658776,0.14839665
2762,-0.08300223,0.19299160,1.00000000,-0.67263923,-0.06001306
2763,-0.02882274,-0.23979683,-1.00000000,-0.48340389,-0.21587632
2764,0.02792790,-0.27522955,-1.00000000,-0.41426311,-0.33504050
2765,0.05077597,-0.07919916,-1.00000000,-0.79678223,-0.32778221
2766,0.00476101,0.12613411,1.00000000,-0.80309997,-0.19827234
2767,0.02447368,0.20880222,1.00000000,-0.64178756,-0.01975304
2768,-0.03036841,0.04231243,1.00000000,-0.96666336,-0.02232043
2769,0.02371866,0.11363614,1.00000000,-0.82748758,-0.02931206
2770,0.00846363,-0.08479166,-1.00000000,-0.78586943,-0.09959359
2771,-0.01435790,0.11090435,1.00000000,-0.83281818,-0.13135042
2772,0.02547181,0.05570911,1.00000000,-0.94052207,-0.12969251
2773,-0.04925386,-0.02686296,-1.00000000,-0.89890720,-0.16106155
2774,0.01857147,0.11724754,1.00000000,-0.82044056,-0.16961112
2775,0.01403653,-0.15312234,-1.00000000,-0.65253404,-0.16035444
2776,-0.02245898,0.09228096,1.00000000,-0.86915848,-0.17381047
2777,-0.05526451,0.07587279,1.00000000,-0.90117616,-0.30791486
2778,-0.01387210,-0.05617402,-1.00000000,-0.84171178,-0.24914517
2779,-0.00919618,-0.17486989,-1.00000000,-0.61009749,-0.29526770
2780,-0.03517676,-0.02510526,-1.00000000,-0.90233704,-0.37701181
2781,-0.01397065,-0.00818701,-1.00000000,-0.93535005,-0.36291255
2782,-0.01702183,-0.10218907,-1.00000000,-0.75192143,-0.29939081
2783,-0.01828078,-0.02546184,-1.00000000,-0.90164124,-0.30671370
2784,-0.01667128,-0.03650151,-1.00000000,-0.88009924,-0.31912996
2785,0.00822398,-0.04105658,-1.00000000,-0.87121082,-0.24704060
2786,0.00493933,-0.03523315,-1.00000000,-0.88257422,-0.21563080
2787,0.00918408,0.05484202,1.00000000,-0.94221404,-0.17210233
2788,0.01938651,0.04295762,1.00000000,-0.96540438,-0.10953632
2789,-0.06463367,0.05831585,1.00000000,-0.93543547,-0.18920267
2790,0.02759147,0.09522994,1.00000000,-0.86340407,-0.15703293
2791,0.00666207,-0.20876907,-1.00000000,-0.54394915,-0.15417142
2792,-0.04262792,0.12491685,1.00000000,-0.80547524,-0.24023203
2793,0.04076940,0.04919079,1.00000000,-0.95324144,-0.20471470
2794,0.01614796,-0.12914858,-1.00000000,-0.69931464,-0.07053503
2795,0.04498652,0.17259677,1.00000000,-0.71243619,-0.04164157
2796,0.02448631,0.08351232,1.00000000,-0.88626895,-0.01203521
2797,0.00136220,0.18785502,1.00000000,-0.68266237,0.06103311
2798,-0.00028610,0.11368183,1.00000000,-0.82739841,-0.00716077
2799,0.04438599,0.03001496,1.00000000,-0.99065972,0.03974307
2800,0.05979938,0.02405113,-1.00000000,-0.99825716,0.06434749
2801,-0.00584634,0.18568220,1.00000000,-0.68690225,0.01396445
2802,-0.00630760,0.24145042,1.00000000,-0.57808030,0.00122479
2803,-0.01452599,0.00393328,-1.00000000,-0.95900068,-0.02242790
2804,-0.02704129,0.00226436,-1.00000000,-0.95574408,-0.14106982
2805,-0.00470281,-0.02747113,-1.00000000,-0.89772046,-0.24820906
2806,-0.01742410,-0.07275358,-1.00000000,-0.80935965,-0.26743991
2807,-0.04473942,0.00807076,-1.00000000,-0.96707425,-0.33127581
2808,0.05991719,-0.03795697,-1.00000000,-0.87725917,-0.20762442
2809,-0.02970176,-0.13678834,-1.00000000,-0.68440699,-0.21204351
2810,0.02059992,0.24187668,1.00000000,-0.57724854,-0.17001525
2811,-0.01489386,-0.08237959,-1.00000000,-0.79057616,-0.16581248
2812,-0.02801641,0.09962023,1.00000000,-0.85483717,-0.13803528
2813,0.03102196,-0.02880215,-1.00000000,-0.89512319,-0.18603075
2814,0.06093693,-0.07628171,-1.00000000,-0.80247512,-0.03547835
2815,0.04136375,0.13732893,1.00000000,-0.78125523,-0.00098927
2816,-0.01383875,0.24556626,1.00000000,-0.57004896,0.00076328
2817,-0.02593832,0.17474723,1.00000000,-0.70823994,0.00421502
2818,0.00040082,-0.02498460,-1.00000000,-0.90257249,-0.04664721
2819,-0.02279623,-0.06876284,-1.00000000,-0.81714689,-0.18572942
2820,-0.02471338,0.02653655,1.00000000,-0.99744723,-0.29548465
2821,0.00948239,-0.05739426,-1.00000000,-0.83933070,-0.25674784
2822,0.03737477,-0.06433082,-1.00000000,-0.82579520,-0.15158373
2823,-0.04786105,0.05939517,1.00000000,-0.93332936,-0.23174751
2824,0.03497003,0.16031444,1.00000000,-0.73640301,-0.13579677
2825,-0.02855820,-0.14808292,-1.00000000,-0.66236759,-0.14218308
2826,-0.00194922,0.15161368,1.00000000,-0.75338102,-0.16117118
2827,0.04568080,-0.07824201,-1.00000000,-0.79864994,-0.14737472
2828,0.00459083,0.01803370,-1.00000000,-0.98651519,-0.06025126
2829,-0.01768329,0.19036705,1.00000000,-0.67776058,-0.14770931
2830,0.04880064,0.04169670,1.00000000,-0.96786484,-0.01921497
2831,0.03351710,-0.03889478,-1.00000000,-0.87542920,0.03969519
2832,-0.10748268,0.20165513,1.00000000,-0.65573387,-0.21471195
2833,-0.01406304,0.14635676,1.00000000,-0.76363899,-0.24569635
2834,0.01624264,-0.36380390,-1.00000000,-0.24142572,-0.18934481
2835,-0.05788444,-0.02579612,-1.00000000,-0.90098894,-0.36655053
2836,-0.05466437,0.08385488,1.00000000,-0.88560051,-0.51302145
2837,0.01682163,-0.18434922,-1.00000000,-0.59160023,-0.30654989
2838,0.01858929,-0.17269848,-1.00000000,-0.61433462,-0.25231382
2839,0.02271731,0.08594974,1.00000000,-0.88151274,-0.24155928
2840,-0.00234820,0.09234543,1.00000000,-0.86903267,-0.14931264
2841,-0.01205794,0.10728131,1.00000000,-0.83988791,-0.07854264
2842,-0.01289276,0.01659014,-1.00000000,-0.98369835,-0.12789873
2843,-0.01648725,-0.01854133,-1.00000000,-0.91514540,-0.18616145
2844,0.05094364,-0.02156184,-1.00000000,-0.90925140,-0.13927705
2845,0.04077156,-0.03456730,-1.00000000,-0.88387351,-0.06765441
2846,-0.03181386,0.20940886,1.00000000,-0.64060382,-0.10046932
2847,0.05307885,0.17260458,1.00000000,-0.71242094,0.00911064
2848,0.04945917,-0.09002152,-1.00000000,-0.77566427,0.11864876
2849,-0.01389969,0.21713440,1.00000000,-0.62552876,0.01094290
2850,-0.01941642,0.20403782,1.00000000,-0.65108447,-0.08903035
2851,-0.04333928,-0.02520508,-1.00000000,-0.90214226,-0.10817428
2852,-0.01310391,-0.04516552,-1.00000000,-0.86319293,-0.21810496
2853,-0.01760310,-0.13172242,-1.00000000,-0.69429224,-0.32949653
2854,-0.00669008,-0.02232583,-1.00000000,-0.90776062,-0.31752125
2855,0.06966987,-0.03860463,-1.00000000,-0.87599537,-0.16954742
2856,0.02325352,0.00088047,-1.00000000,-0.95304366,-0.05893565
2857,0.01961248,0.27716347,1.00000000,-0.50839251,-0.00459317
2858,0.01008919,0.10922140,1.00000000,-0.83610218,0.04140419
2859,0.02510118,0.09604752,1.00000000,-0.86180870,0.09421002
2860,0.03926933,0.06159068,1.00000000,-0.92904522,0.04371422
2861,-0.04343363,0.11590656,1.00000000,-0.82305724,-0.06705425
2862,0.02276114,0.16716929,1.00000000,-0.72302698,-0.06182427
2863,-0.00709999,-0.13206377,-1.00000000,-0.69362616,-0.09037579
2864,-0.01382831,0.10743991,1.00000000,-0.83957843,-0.15503834
2865,-0.03555432,-0.00060264,-1.00000000,-0.95014964,-0.27932169
2866,0.02317836,-0.02494682,-1.00000000,-0.90264620,-0.16867805
2867,0.03694497,-0.10355512,-1.00000000,-0.74925582,-0.14511847
2868,0.00993381,0.10894946,1.00000000,-0.83663282,-0.11682505
2869,0.08610393,0.15875937,1.00000000,-0.73943746,0.04916409
2870,-0.01866374,0.06102847,1.00000000,-0.93014226,0.07721963
2871,0.04568640,0.33662464,1.00000000,-0.39236441,0.11460586
2872,0.00542737,-0.04244221,-1.00000000,-0.86850700,0.06225459
2873,-0.03064757,0.19038729,1.00000000,-0.67772108,-0.00515177
2874,0.03227396,0.04472343,1.00000000,-0.96195871,-0.09456426
2875,-0.01226347,-0.08580170,-1.00000000,-0.78389853,-0.08393329
2876,-0.00789795,0.14185886,1.00000000,-0.77241585,-0.17293780
2877,0.00956323,-0.01928495,-1.00000000,-0.91369435,-0.16606807
2878,-0.01689985,-0.00348978,-1.00000000,-0.94451587,-0.14323288
2879,0.01813901,0.05968765,1.00000000,-0.93275864,-0.16671128
2880,0.00600182,-0.03606017,-1.00000000,-0.88096044,-0.13637232
2881,-0.02935545,0.09071624,1.00000000,-0.87221175,-0.17201359
2882,-0.00128009,0.04680190,1.00000000,-0.95790293,-0.19002451
2883,-0.00496272,-0.08112658,-1.00000000,-0.79302121,-0.17019674
2884,-0.00603131,0.02045475,-1.00000000,-0.99123944,-0.21034404
2885,-0.05473691,0.00713036,-1.00000000,-0.96523922,-0.31123210
2886,0.09522208,0.00326403,-1.00000000,-0.95769476,-0.10430672
2887,-0.01081544,-0.17296093,-1.00000000,-0.61382249,-0.12014511
2888,0.02622719,0.36961562,1.00000000,-0.32798828,-0.06833814
2889,0.00280165,-0.01404575,-1.00000000,-0.92391774,-0.05366645
2890,-0.01393446,0.11998063,1.00000000,-0.81510741,0.01410711
2891,-0.03629648,0.03522315,1.00000000,-0.98049684,-0.20434743
2892,-0.00848992,-0.02533089,-1.00000000,-0.90189677,-0.20048471
2893,-0.03380526,-0.10624038,-1.00000000,-0.74401600,-0.30019962
2894,0.01951350,-0.00563164,-1.00000000,-0.94033642,-0.27244096
2895,0.00847465,-0.09722676,-1.00000000,-0.76160451,-0.23521905
2896,-0.01335344,0.09568939,1.00000000,-0.86250753,-0.19711028
2897,0.01115572,0.05574902,1.00000000,-0.94044420,-0.16447854
2898,-0.04724298,-0.02322868,-1.00000000,-0.90599887,-0.18679882
2899,0.00427024,0.06544956,1.00000000,-0.92151528,-0.21211813
2900,0.00744212,-0.14584667,-1.00000000,-0.66673124,-0.21383319
2901,-0.00226794,0.04053675,1.00000000,-0.97012829,-0.19541998
2902,-0.02484188,0.05201312,1.00000000,-0.94773414,-0.25521260
2903,0.02065159,0.01688054,-1.00000000,-0.98426499,-0.14243855
2904,-0.02275793,-0.06479574,-1.00000000,-0.82488799,-0.18733280
2905,-0.00824284,0.09980721,1.00000000,-0.85447232,-0.21338578
2906,0.01248906,-0.05725567,-1.00000000,-0.83960112,-0.18887417
2907,-0.00099231,-0.00473766,-1.00000000,-0.94208085,-0.14925963
2908,-0.02336457,0.07027379,1.00000000,-0.91210164,-0.22237122
2909,-0.00096697,0.02149597,-1.00000000,-0.99327121,-0.18617606
2910,0.05070957,-0.05945059,-1.00000000,-0.83531812,-0.08825511
2911,-0.01739321,0.02158766,-1.00000000,-0.99345014,-0.13789007
2912,0.07083088,0.20856195,1.00000000,-0.64225640,-0.01859053
2913,0.03359601,-0.03784523,-1.00000000,-0.87747720,0.07602195
2914,0.02083311,0.28136422,1.00000000,-0.50019547,0.11223225
2915,-0.02078383,0.14664224,1.00000000,-0.76308192,-0.00651950
2916,-0.00862997,0.10046397,1.00000000,-0.85319077,0.00803640
2917,0.00306396,-0.05011305,-1.00000000,-0.85353869,-0.10452562
2918,-0.03211333,-0.00613837,-1.00000000,-0.93934762,-0.21366995
2919,-0.01112750,0.03617221,1.00000000,-0.97864491,-0.26675706
2920,-0.03772952,-0.09110508,-1.00000000,-0.77354991,-0.29490414
2921,0.02891200,-0.01517483,-1.00000000,-0.92171454,-0.23254630
2922,-0.01869029,-0.11142538,-1.00000000,-0.73389838,-0.26868047
2923,-0.00539393,0.12969471,1.00000000,-0.79615207,-0.22429908
2924,-0.02014536,-0.04253827,-1.00000000,-0.86831956,-0.23927790
2925,-0.04119753,0.00557018,-1.00000000,-0.96219481,-0.24503832
2926,-0.02218483,-0.04780294,-1.00000000,-0.85804647,-0.32991101
2927,-0.03273183,-0.12397322,-1.00000000,-0.70941346,-0.35323425
2928,0.01200545,-0.05518209,-1.00000000,-0.84364735,-0.32433360
2929,0.00925874,-0.09334291,-1.00000000,-0.76918317,-0.27549290
2930,0.00159463,0.06852401,1.00000000,-0.91551603,-0.20441440
2931,-0.03463180,0.05858595,1.00000000,-0.93490841,-0.22508903
2932,-0.00255761,0.03085593,1.00000000,-0.98901871,-0.17496913
2933,-0.03591110,-0.10021730,-1.00000000,-0.75576899,-0.25455933
2934,-0.04264918,0.01583245,-1.00000000,-0.98221984,-0.34077925
2935,-0.00254043,-0.10484603,-1.00000000,-0.74673684,-0.34764765
2936,-0.00608271,-0.12922551,-1.00000000,-0.69916452,-0.30022713
2937,-0.00996254,0.01589462,-1.00000000,-0.98234115,-0.31252685
2938,-0.01430386,0.00307804,-1.00000000,-0.95733182,-0.27663687
2939,-0.00186869,-0.01095983,-1.00000000,-0.92993938,-0.20889978
2940,-0.01901269,-0.02666745,-1.00000000,-0.89928869,-0.23626048
2941,0.02503180,0.01832508,-1.00000000,-0.98708378,-0.18457874
2942,0.01399279,-0.04370475,-1.00000000,-0.86604338,-0.14478854
2943,-0.00323708,0.11565552,1.00000000,-0.82354710,-0.12640641
2944,-0.00521300,0.07571454,1.00000000,-0.90148497,-0.13196137
2945,0.09254447,0.01337403,-1.00000000,-0.97742265,0.05333695
2946,0.03131608,0.00622482,-1.00000000,-0.96347222,0.06377526
2947,0.00390355,0.35992758,1.00000000,-0.34689279,0.04701686
2948,0.03684973,0.13839311,1.00000000,-0.77917867,0.11360172
2949,-0.02791285,0.03920999,1.00000000,-0.97271722,0.07589687
2950,0.04274676,0.15841474,1.00000000,-0.74010994,-0.00681796
2951,-0.02197847,-0.07590703,-1.00000000,-0.80320624,-0.09534111
2952,0.01188825,0.17975120,1.00000000,-0.69847556,-0.08207838
2953,0.00841174,-0.05443544,-1.00000000,-0.84510430,-0.12931436
2954,0.01761027,0.06809998,1.00000000,-0.91634345,-0.05369968
2955,-0.02711542,0.05552138,1.00000000,-0.94088840,-0.16974195
2956,0.01436080,0.08880320,1.00000000,-0.87594473,-0.10938180
2957,0.00926941,-0.07302178,-1.00000000,-0.80883632,-0.11373173
2958,-0.01857462,0.07704608,1.00000000,-0.89888668,-0.15855654
2959,0.01567191,0.05862459,1.00000000,-0.93483302,-0.16177619
2960,-0.03572301,-0.04211977,-1.00000000,-0.86913618,-0.17607355
2961,-0.00991548,0.08178988,1.00000000,-0.88963000,-0.21639687
2962,-0.02359141,-0.10416547,-1.00000000,-0.74806482,-0.27097925
2963,0.00601695,-0.01078955,-1.00000000,-0.93027166,-0.23013222
2964,0.04869597,-0.06027133,-1.00000000,-0.83371658,-0.17527870
2965,0.03643677,0.04685665,1.00000000,-0.95779611,-0.05542008
2966,0.01845941,0.20127643,1.00000000,-0.65647284,-0.00828892
2967,0.01388787,0.15692061,1.00000000,-0.74302549,0.05396481
2968,-0.00865388,0.09187551,1.00000000,-0.86994965,0.02959630
2969,0.03526162,0.07533494,1.00000000,-0.90222569,0.00728161
2970,0.00270434,-0.00622488,-1.00000000,-0.93917881,-0.04874854
2971,-0.02528067,0.15266870,1.00000000,-0.75132234,-0.12140155
2972,0.01601295,0.03487105,1.00000000,-0.98118390,-0.11787175
2973,0.00240575,-0.06638337,-1.00000000,-0.82179001,-0.09950152
2974,0.02770086,0.08302383,1.00000000,-0.88722216,-0.11206007
2975,0.00946349,0.03379071,1.00000000,-0.98329201,-0.10083300
2976,0.00916599,0.12531261,1.00000000,-0.80470298,-0.04361651
2977,0.01229313,0.05932679,1.00000000,-0.93346280,-0.04979520
2978,0.00574273,0.05825039,1.00000000,-0.93556319,-0.04425242
2979,0.00372116,0.06956489,1.00000000,-0.91348494,-0.08408311
2980,0.00356529,0.04586445,1.00000000,-0.95973221,-0.09388011
2981,0.01358904,0.03855008,1.00000000,-0.97400493,-0.08653335
2982,0.01104518,0.03798613,1.00000000,-0.97510536,-0.08860621
2983,-0.00413970,0.07425373,1.00000000,-0.90433548,-0.10502108
2984,-0.04149812,0.06504961,1.00000000,-0.92229570,-0.18013107
2985,-0.02920923,0.01010819,-1.00000000,-0.97104994,-0.23457011
2986,0.01010974,-0.12506080,-1.00000000,-0.70729123,-0.24034930
2987,0.01735339,-0.08059754,-1.00000000,-0.79405353,-0.22987125
2988,0.00492145,0.06166502,1.00000000,-0.92890015,-0.21482053
2989,-0.02372770,0.08787377,1.00000000,-0.87775834,-0.18530355
2990,0.01711626,0.04289293,1.00000000,-0.96553061,-0.10835613
2991,-0.00738630,-0.06076445,-1.00000000,-0.83275436,-0.13741735
2992,0.01500710,0.08701578,1.00000000,-0.87943255,-0.14131458
2993,0.00870121,-0.00163856,-1.00000000,-0.94812820,-0.13503635
2994,0.02838277,0.07938449,1.00000000,-0.89432369,-0.04847998
2995,-0.00769698,0.05656872,1.00000000,-0.93884470,-0.08969520
2996,-0.00076234,0.12777989,1.00000000,-0.79988850,-0.07869269
2997,0.04058176,-0.00276266,-1.00000000,-0.94593472,-0.03621274
2998,-0.01122153,0.02232802,-1.00000000,-0.99489482,-0.06930474
2999,0.01099415,0.17191788,1.00000000,-0.71376093,-0.09818753
3000,-0.00499900,-0.01551506,-1.00000000,-0.92105065,-0.09370614
3001,-0.02130902,0.06486498,1.00000000,-0.92265598,-0.12783452
3002,0.02466620,0.00699908,-1.00000000,-0.96498306,-0.15427055
3003,-0.02555320,-0.05201327,-1.00000000,-0.84983074,-0.17807570
3004,-0.06714269,0.11433270,1.00000000,-0.82612835,-0.30786232
3005,0.01577064,-0.06736943,-1.00000000,-0.81986588,-0.27336360
3006,0.01175536,-0.21784712,-1.00000000,-0.52623492,-0.21844310
3007,0.03660130,0.08214710,1.00000000,-0.88893295,-0.19861868
3008,-0.02723135,0.06761915,1.00000000,-0.91728170,-0.20140612
3009,-0.04021061,0.15751591,1.00000000,-0.74186385,-0.15667146
3010,0.05792661,-0.07344125,-1.00000000,-0.80801778,-0.08664967
3011,0.00732100,-0.12040235,-1.00000000,-0.71638139,-0.09401522
3012,0.02013520,0.23467442,1.00000000,-0.59130248,-0.12136570
3013,0.00377881,0.05157490,1.00000000,-0.94858927,-0.06985730
3014,0.00252337,0.09793881,1.00000000,-0.85811817,0.00112456
3015,-0.02056334,0.03875867,1.00000000,-0.97359789,-0.12924858
3016,-0.00566717,0.03421628,1.00000000,-0.98246157,-0.15082214
3017,0.00347654,-0.04931528,-1.00000000,-0.85509541,-0.17849245
3018,0.00886227,0.00458154,-1.00000000,-0.96026566,-0.17004874
3019,0.01903366,0.03766502,1.00000000,-0.97573196,-0.14262487
3020,0.01394359,0.05715149,1.00000000,-0.93770752,-0.08530828
3021,-0.00008701,0.09395326,1.00000000,-0.86589529,-0.07603954
3022,0.04076742,0.07553652,1.00000000,-0.90183234,-0.01409876
3023,0.03162265,0.02477148,-1.00000000,-0.99966280,0.02370661
3024,0.01630393,0.17258963,1.00000000,-0.71245013,0.01917248
3025,-0.01303608,0.13950230,1.00000000,-0.77701427,-0.02564121
3026,-0.00836641,0.08407663,1.00000000,-0.88516779,-0.03939343
3027,0.03344098,-0.02208040,-1.00000000,-0.90823952,-0.05156277
3028,0.08836571,-0.00518476,-1.00000000,-0.94120842,0.04268842
3029,0.00203970,0.14608133,1.00000000,-0.76417645,0.01899530
3030,0.00703231,0.34480815,1.00000000,-0.37639571,0.05232923
3031,0.04180029,0.03246629,1.00000000,-0.98587637,0.13565698
3032,-0.03785272,0.05053036,1.00000000,-0.95062749,0.01723694
3033,0.04397527,0.17632672,1.00000000,-0.70515784,-0.05649634
3034,0.00096065,-0.11187111,-1.00000000,-0.73302861,-0.05828866
3035,0.00263740,0.18419615,1.00000000,-0.68980202,-0.06558867
3036,-0.01985365,0.02856211,1.00000000,-0.99349470,-0.16799691
3037,0.04005119,0.03462886,1.00000000,-0.98165650,-0.03859721
3038,-0.05891144,-0.04674748,-1.00000000,-0.86010601,-0.20949378
3039,-0.05703280,0.16999816,1.00000000,-0.71750692,-0.30582190
3040,-0.00150949,-0.18806509,-1.00000000,-0.58434935,-0.31270995
3041,0.01036831,-0.18126786,-1.00000000,-0.59761296,-0.26251076
3042,-0.04502019,0.01962474,-1.00000000,-0.98961983,-0.40381576
3043,0.00504090,0.06260059,1.00000000,-0.92707455,-0.29758984
3044,0.01518264,-0.13780422,-1.00000000,-0.68242467,-0.17763876
3045,0.04015031,0.04332511,1.00000000,-0.96468729,-0.10844113
3046,-0.01548659,0.08001962,1.00000000,-0.89308435,-0.15138656
3047,0.00253117,0.17035681,1.00000000,-0.71680707,-0.07240294
3048,-0.01146304,-0.03094674,-1.00000000,-0.89093840,-0.09981626
3049,0.00580707,0.03424451,1.00000000,-0.98240649,-0.11538924
3050,-0.00970775,-0.01638887,-1.00000000,-0.91934554,-0.19820432
3051,0.02525772,0.04609724,1.00000000,-0.95927795,-0.13052734
3052,0.02517910,-0.01003793,-1.00000000,-0.93173830,-0.09290874
3053,0.02312131,0.11647293,1.00000000,-0.82195208,-0.03546355
3054,-0.00929921,0.11618849,1.00000000,-0.82250711,-0.06055533
3055,-0.03073055,0.10874306,1.00000000,-0.83703556,-0.09547456
3056,-0.00699169,-0.00855976,-1.00000000,-0.93462269,-0.14904138
3057,0.02023684,-0.08610194,-1.00000000,-0.78331265,-0.15725057
3058,-0.01253521,-0.00021081,-1.00000000,-0.95091422,-0.21647665
3059,0.03059026,0.09830655,1.00000000,-0.85740060,-0.15021958
3060,0.01113094,-0.02026815,-1.00000000,-0.91177581,-0.08068694
3061,-0.00446706,0.13576694,1.00000000,-0.78430318,-0.07649348
3062,-0.02254903,0.06535989,1.00000000,-0.92169025,-0.14756153
3063,-0.00782898,0.00892373,-1.00000000,-0.96873867,-0.13974441
3064,0.04580055,-0.05649983,-1.00000000,-0.84107602,-0.11447986
3065,-0.00199209,-0.00324025,-1.00000000,-0.94500280,-0.13627742
3066,0.03472796,0.19080030,1.00000000,-0.67691517,-0.07117383
3067,0.00360576,0.01787861,-1.00000000,-0.98621256,-0.02773028
3068,0.03066747,0.15073783,1.00000000,-0.75509010,0.03621298
