seq_idx,target_return,feat_logret,feat_sign,feat_absret,feat_rollmean
0,0.04396592,0.04520154,-1.00000000,-0.92818329,0.18179430
1,-0.00038528,0.19783137,1.00000000,-0.79052172,0.19843875
2,0.00033517,0.18608635,1.00000000,-0.81218888,0.17175677
3,-0.01111923,0.08331287,-1.00000000,-0.99849090,0.17853138
4,0.01856608,0.08498234,1.00000000,-0.99870512,0.14239968
5,0.00185048,0.05843947,-1.00000000,-0.95260456,0.09245592
6,0.00935953,0.12722819,1.00000000,-0.92077016,0.10401207
7,0.00042105,0.08849371,1.00000000,-0.99222736,0.10411392
8,-0.00433995,0.10589419,1.00000000,-0.96012704,0.11215330
9,-0.00702212,0.08518135,1.00000000,-0.99833800,0.08180884
10,0.01837845,0.07414884,-1.00000000,-0.98158514,0.10140899
11,-0.00903020,0.06793356,-1.00000000,-0.97011922,0.07960101
12,0.02079340,0.12679340,1.00000000,-0.92157226,0.10376013
13,-0.00864424,0.06328029,-1.00000000,-0.96153489,0.09865577
14,-0.01376510,0.13238950,1.00000000,-0.91124861,0.09065942
15,0.02878250,0.06417467,-1.00000000,-0.96318483,0.10299735
16,0.03490418,0.05230827,-1.00000000,-0.94129375,0.15509815
17,0.03390999,0.15090235,1.00000000,-0.87709618,0.17065283
18,0.01524716,0.16508792,1.00000000,-0.85092670,0.19898511
19,-0.00463026,0.16278412,1.00000000,-0.85517674,0.20981791
20,-0.01933992,0.11953739,1.00000000,-0.93495813,0.15275062
21,-0.00251233,0.07347613,-1.00000000,-0.98034412,0.10837921
22,-0.01023294,0.03938995,-1.00000000,-0.91746209,0.05603109
23,-0.01896721,0.07838394,-1.00000000,-0.98939802,0.01545703
24,0.01874571,0.06049322,-1.00000000,-0.95639331,0.04317807
25,0.00025992,0.04025361,-1.00000000,-0.91905536,0.06642107
26,-0.00985121,0.12764445,1.00000000,-0.92000226,0.05771805
27,-0.03981017,0.08480797,1.00000000,-0.99902681,0.02264309
28,-0.04039495,0.06137779,-1.00000000,-0.95802516,-0.00276759
29,-0.00489346,-0.00804505,-1.00000000,-0.82995420,-0.03080075
30,0.02615351,-0.00940014,-1.00000000,-0.82745434,-0.00009411
31,-0.00047019,0.07286623,-1.00000000,-0.97921897,0.01103063
32,0.00642728,0.14481029,1.00000000,-0.88833478,0.06586259
33,0.01602946,0.08311611,-1.00000000,-0.99812792,0.13277504
34,0.01680876,0.09909938,1.00000000,-0.97266207,0.15851121
35,-0.00559507,0.12135019,1.00000000,-0.93161388,0.12086128
36,-0.02759799,0.12315602,1.00000000,-0.92828249,0.08869102
37,-0.00579060,0.07124041,-1.00000000,-0.97621968,0.07420211
38,-0.07726802,0.02025380,-1.00000000,-0.88215979,-0.03643730
39,0.02311252,0.07078731,-1.00000000,-0.97538380,-0.02896181
40,-0.01520134,-0.09484484,-1.00000000,-0.66982633,-0.04035367
41,-0.00007772,0.13776350,1.00000000,-0.90133468,-0.00771799
42,-0.02243735,0.04898014,-1.00000000,-0.93515402,-0.02745900
43,-0.02742226,0.08402558,-1.00000000,-0.99980570,0.03165198
44,0.01160967,0.03221237,-1.00000000,-0.90422092,0.01801102
45,0.02329391,0.02066103,-1.00000000,-0.88291105,0.06366167
46,-0.00380724,0.11110836,1.00000000,-0.95050796,0.05923891
47,0.04424133,0.13818384,1.00000000,-0.90055924,0.13831167
48,0.00782309,0.07538328,-1.00000000,-0.98386243,0.18010833
49,0.06255048,0.18672455,1.00000000,-0.81101153,0.24051789
50,0.04065402,0.10233384,1.00000000,-0.96669515,0.26110486
51,0.02006908,0.22915171,1.00000000,-0.73274210,0.28941925
52,-0.03681701,0.17841181,1.00000000,-0.82634684,0.19329398
53,0.00569773,0.13071105,1.00000000,-0.91434501,0.19077356
54,-0.00379188,-0.00110912,-1.00000000,-0.84274958,0.11209965
55,0.01118025,0.09740882,1.00000000,-0.97578081,0.07714736
56,-0.01310853,0.07541888,-1.00000000,-0.98392809,0.03780278
57,0.04416585,0.11011327,1.00000000,-0.95234369,0.13383854
58,-0.00284277,0.05382973,-1.00000000,-0.94410052,0.12371056
59,-0.00741984,0.18654965,1.00000000,-0.81133419,0.11940825
60,-0.05209284,0.07761822,-1.00000000,-0.98798544,0.04437410
61,0.03558732,0.06701194,-1.00000000,-0.96841901,0.10212143
62,0.01744824,-0.03650726,-1.00000000,-0.77744724,0.07043762
63,-0.01863966,0.16667094,1.00000000,-0.84800636,0.05170444
64,0.01766133,0.12463787,1.00000000,-0.92554878,0.08144763
65,-0.00033515,0.04101264,-1.00000000,-0.92045562,0.14282592
66,0.01992075,0.12513165,1.00000000,-0.92463785,0.12424727
67,-0.02984135,0.08342904,-1.00000000,-0.99870520,0.06816761
68,-0.00290427,0.13036732,1.00000000,-0.91497911,0.08682786
69,0.00448386,0.01505535,-1.00000000,-0.87256972,0.07120099
70,-0.01999206,0.07747571,-1.00000000,-0.98772253,0.04789029
71,0.00256958,0.09459595,1.00000000,-0.98096997,0.02731393
72,0.01189619,0.03787876,-1.00000000,-0.91467425,0.07680955
73,-0.02049048,0.09016006,1.00000000,-0.98915328,0.05595446
74,0.01481321,0.11177230,1.00000000,-0.94928312,0.06820380
75,0.00312667,0.03672380,-1.00000000,-0.91254358,0.09561978
76,0.01894084,0.11853179,1.00000000,-0.93681324,0.11503410
77,0.01080703,0.09145098,1.00000000,-0.98677180,0.11374249
78,0.04141788,0.12809662,1.00000000,-0.91916809,0.18715822
79,0.02191077,0.10924843,1.00000000,-0.95393915,0.19557506
80,-0.02823046,0.18018187,1.00000000,-0.82308144,0.15838934
81,-0.01190480,0.13497872,1.00000000,-0.90647201,0.12181018
82,-0.00302294,0.01878820,-1.00000000,-0.87945606,0.10540953
83,-0.00451676,0.05661908,-1.00000000,-0.94924631,0.05093667
84,0.00180168,0.07720072,-1.00000000,-0.98721523,0.02708975
85,0.01272342,0.07373914,-1.00000000,-0.98082932,0.07565605
86,-0.01323557,0.08838064,1.00000000,-0.99243596,0.07407792
87,0.03721720,0.11368921,1.00000000,-0.94574682,0.12179779
88,0.00265530,0.05353534,-1.00000000,-0.94355744,0.13030298
89,-0.03264837,0.17044778,1.00000000,-0.84103885,0.08944943
90,-0.02883309,0.09035871,1.00000000,-0.98878683,0.04016850
91,0.00474582,0.00855073,-1.00000000,-0.86057003,0.06149223
92,-0.00251078,0.01739176,-1.00000000,-0.87687991,0.01437970
93,0.01644038,0.09520299,1.00000000,-0.97985012,0.03072712
94,0.00434456,0.07838751,-1.00000000,-0.98940462,0.07459621
95,0.05666659,0.12230238,1.00000000,-0.92985727,0.17598836
96,-0.01123166,0.09427316,1.00000000,-0.98156546,0.15704103
97,0.00065173,0.21551719,1.00000000,-0.75789500,0.16079139
98,-0.00355518,0.05817894,-1.00000000,-0.95212393,0.13707911
99,0.01707151,0.08571590,1.00000000,-0.99735185,0.15217171
100,0.01348361,0.07596738,-1.00000000,-0.98493998,0.10096199
101,-0.00778467,0.12376488,1.00000000,-0.92715926,0.10504969
102,-0.02067235,0.11545078,1.00000000,-0.94249708,0.07976194
103,-0.02856207,0.06616652,-1.00000000,-0.96685939,0.05010683
104,0.02496944,0.03630234,-1.00000000,-0.91176608,0.05947280
105,-0.05041775,0.01801979,-1.00000000,-0.87803850,-0.01630639
106,-0.00973092,0.14206648,1.00000000,-0.89339656,-0.01861440
107,-0.00948155,-0.03262562,-1.00000000,-0.78460806,-0.00534348
108,0.03887396,0.06165655,-1.00000000,-0.95853942,0.07462740
109,0.00572379,0.06223441,-1.00000000,-0.95960545,0.05180442
110,0.01574812,0.17428695,1.00000000,-0.83395637,0.13026905
111,-0.02262472,0.09746922,1.00000000,-0.97566939,0.11497857
112,-0.01485662,0.12069824,1.00000000,-0.93281659,0.10860440
113,-0.03850973,0.03177819,-1.00000000,-0.90341994,0.01683681
114,0.04972310,0.04977895,-1.00000000,-0.93662766,0.06901460
115,-0.02085886,-0.00503158,-1.00000000,-0.83551344,0.02560320
116,0.01260341,0.19942727,1.00000000,-0.78757762,0.06737946
117,0.01904390,0.03587016,-1.00000000,-0.91096878,0.10758132
118,-0.00807512,0.11341112,1.00000000,-0.94625984,0.14367304
119,0.04613841,0.12833544,1.00000000,-0.91872752,0.13942204
120,0.00807211,0.06549348,-1.00000000,-0.96561776,0.17373064
121,0.04745459,0.19112059,1.00000000,-0.80290173,0.21505987
122,-0.08370827,0.10291090,1.00000000,-0.96563060,0.09320836
123,-0.10251847,0.19417053,1.00000000,-0.79727522,-0.01878990
124,-0.02265371,-0.10976860,-1.00000000,-0.64229504,-0.10036893
125,-0.05031149,-0.15335681,-1.00000000,-0.56188369,-0.16960475
126,-0.15286386,0.03171101,-1.00000000,-0.90329601,-0.40715792
127,-0.00198433,-0.03237941,-1.00000000,-0.78506228,-0.31024332
128,0.08486247,-0.27002043,-1.00000000,-0.34666315,-0.08803245
129,-0.11237564,0.07960744,-1.00000000,-0.99165514,-0.19443169
130,0.03426516,0.28085453,1.00000000,-0.63736096,-0.09413412
131,0.03593576,-0.17619850,-1.00000000,-0.51974544,0.12975912
132,-0.02066299,0.16360714,1.00000000,-0.85365843,0.10760852
133,0.04636659,0.16747834,1.00000000,-0.84651685,0.06195711
134,-0.33962199,0.03632403,-1.00000000,-0.91180609,-0.20752925
135,-0.32536478,0.19164936,1.00000000,-0.80192626,-0.63400636
136,-0.12416775,-0.70278856,-1.00000000,0.45170561,-0.82386953
137,0.05368618,-0.66975082,-1.00000000,0.39075774,-0.73570050
138,-0.17650589,-0.20352395,-1.00000000,-0.46933558,-1.00000000
139,-0.01175612,0.20861080,1.00000000,-0.77063589,-0.61119120
140,0.02041886,-0.32480529,-1.00000000,-0.24559628,-0.20113411
141,0.02954375,0.05696362,-1.00000000,-0.94988191,-0.01885108
142,0.09831898,0.13152158,1.00000000,-0.91284974,0.03407796
143,0.06331557,0.15266637,1.00000000,-0.87384193,0.31847686
144,0.03571719,0.31203682,1.00000000,-0.57983600,0.37477440
145,0.08030237,0.23092463,1.00000000,-0.72947142,0.44578892
146,-0.46788157,0.16697187,1.00000000,-0.84745120,-0.14409664
147,0.20504874,0.27028756,1.00000000,-0.65685486,-0.01752820
148,0.25540576,-1.00000000,-1.00000000,1.00000000,0.21026726
149,0.17799373,0.55935797,1.00000000,-0.12357901,0.37898982
150,0.28392615,0.67604854,1.00000000,0.09169125,0.62046270
151,-0.14783396,0.49666433,1.00000000,-0.23923596,1.00000000
152,0.15143341,0.74213784,1.00000000,0.21361250,0.93641878
153,-0.12290959,-0.25836483,-1.00000000,-0.36816536,0.48778307
154,-0.13643699,0.43511704,1.00000000,-0.35277814,0.11490672
155,0.18044681,-0.20060844,-1.00000000,-0.47471408,-0.00780712
156,0.02299714,-0.23195502,-1.00000000,-0.41688606,0.19477766
157,0.39520480,0.50234877,1.00000000,-0.22874934,0.48386070
158,-0.17621134,0.13749613,1.00000000,-0.90182791,0.42065135
159,0.02824849,1.00000000,1.00000000,0.68931550,0.61594817
160,0.01042769,-0.32412274,-1.00000000,-0.24685545,0.41432630
161,-0.05796198,0.14966491,1.00000000,-0.87937900,0.31831870
162,-0.00674892,0.10836938,1.00000000,-0.95556081,-0.15834924
163,-0.05133755,-0.05010761,-1.00000000,-0.75235737,-0.01026420
164,-0.02521576,0.06856662,-1.00000000,-0.97128708,-0.07366626
165,0.01826362,-0.03475705,-1.00000000,-0.78067603,-0.06437381
166,0.02524985,0.02577406,-1.00000000,-0.89234355,0.03430524
167,0.00943025,0.12652731,1.00000000,-0.92206314,0.05349175
168,0.03095385,0.14271626,1.00000000,-0.89219785,0.15107928
169,-0.00612617,0.10605805,1.00000000,-0.95982475,0.17371720
170,0.09426083,0.15593395,1.00000000,-0.86781390,0.26384060
171,-0.20362685,0.07000970,-1.00000000,-0.97394928,-0.00757915
172,0.05975200,0.30263302,1.00000000,-0.59718410,0.05209629
173,0.01040530,-0.38765174,-1.00000000,-0.12965741,0.02772822
174,0.29295907,0.22266690,1.00000000,-0.74470525,0.38240671
175,0.00944005,0.10831750,1.00000000,-0.95565652,0.28181964
176,0.04795883,0.76306952,1.00000000,0.25222716,0.58016947
177,-0.04889830,0.10608077,1.00000000,-0.95978283,0.45132351
178,-0.01036155,0.19533899,1.00000000,-0.79511965,0.42669657
179,-0.02186066,-0.02910467,-1.00000000,-0.79110351,0.05335890
180,0.05399109,0.06019521,-1.00000000,-0.95584354,0.10619098
181,-0.00312561,0.03354872,-1.00000000,-0.90668620,0.04561108
182,-0.03669428,0.20931734,1.00000000,-0.76933245,0.06008356
183,0.01089792,0.07696279,-1.00000000,-0.98677631,0.08529468
184,-0.01788575,-0.00082471,-1.00000000,-0.84327424,0.09000844
185,-0.03148805,0.10945903,1.00000000,-0.95355064,-0.01135937
186,0.00062920,0.04275964,-1.00000000,-0.92367848,-0.00690662
187,0.00345713,0.01123950,-1.00000000,-0.86553025,0.04070804
188,0.00896857,0.08566369,1.00000000,-0.99744818,0.03842007
189,0.12992903,0.09221675,1.00000000,-0.98535911,0.21371031
190,0.02961782,0.10498822,1.00000000,-0.96179836,0.28617440
191,-0.05354463,0.38528568,1.00000000,-0.44470682,0.22193087
192,0.00240851,0.15283802,1.00000000,-0.87352527,0.22068733
193,0.09310721,-0.03987145,-1.00000000,-0.77124100,0.32046546
194,-0.06326943,0.08978682,1.00000000,-0.98984184,0.09135573
195,0.00631642,0.29995977,1.00000000,-0.60211570,0.06372313
196,-0.00752351,-0.06240638,-1.00000000,-0.72966866,0.11829855
197,-0.02449640,0.09884249,1.00000000,-0.97313598,0.08639262
198,0.02995106,0.06677171,-1.00000000,-0.96797583,0.01149715
199,0.08610646,0.02744101,-1.00000000,-0.89541874,0.18863868
200,-0.01468999,0.15361021,1.00000000,-0.87210072,0.16372765
201,0.01531722,0.28373718,1.00000000,-0.63204306,0.19081395
202,0.05510952,0.05016507,-1.00000000,-0.93733997,0.28521683
203,-0.03488224,0.11969972,1.00000000,-0.93465865,0.20833247
204,-0.05142480,0.21190903,1.00000000,-0.76455132,0.04523722
205,-0.00360256,0.00337427,-1.00000000,-0.85102051,0.05838556
206,0.06030437,-0.03495923,-1.00000000,-0.78030303,0.11173481
207,0.01925974,0.07585759,-1.00000000,-0.98473743,0.06922136
208,-0.02067651,0.22394688,1.00000000,-0.74234395,0.08606762
209,-0.06882286,0.12883559,1.00000000,-0.91780485,0.06543566
210,0.04607868,0.03629272,-1.00000000,-0.91174833,0.12435153
211,-0.02482706,-0.07527515,-1.00000000,-0.70592840,0.02339607
212,0.00396201,0.19098220,1.00000000,-0.80315705,0.00525483
213,-0.00071016,0.02667478,-1.00000000,-0.89400519,0.02893247
214,0.01356840,0.09338668,1.00000000,-0.98320083,0.12663842
215,0.04074910,0.08256004,-1.00000000,-0.99710207,0.12031819
216,-0.04927328,0.11564724,1.00000000,-0.94213465,0.09132797
217,-0.02469409,0.17863215,1.00000000,-0.82594036,0.05734535
218,-0.00199507,-0.02997358,-1.00000000,-0.78950054,0.05582160
219,-0.01724762,0.02698291,-1.00000000,-0.89457363,0.01927758
220,-0.03613235,0.07958255,-1.00000000,-0.99160923,-0.07189442
221,-0.04395598,0.04423837,-1.00000000,-0.92640643,-0.06558875
222,-0.02220171,0.00047743,-1.00000000,-0.84567644,-0.06263310
223,0.01217705,-0.01765200,-1.00000000,-0.81223135,-0.04582669
224,0.01294051,0.03275841,-1.00000000,-0.90522825,-0.01002727
225,-0.01277647,0.11242313,1.00000000,-0.94808247,0.01766995
226,0.00350609,0.11419226,1.00000000,-0.94481879,0.07395416
227,-0.01409896,0.05459920,-1.00000000,-0.94552004,0.08356304
228,-0.01946599,0.09233022,1.00000000,-0.98514979,0.04603827
229,0.01453181,0.05153465,-1.00000000,-0.93986657,0.04792535
230,-0.01235466,0.03909782,-1.00000000,-0.91692316,0.04842557
231,0.01989617,0.11787972,1.00000000,-0.93801618,0.06786219
232,0.01697761,0.05557665,-1.00000000,-0.94732323,0.10471520
233,0.03767129,0.13031036,1.00000000,-0.91508419,0.17247301
234,0.00185201,0.12354730,1.00000000,-0.92756065,0.15743633
235,0.02232858,0.17150004,1.00000000,-0.83909765,0.19856640
236,-0.00704602,0.08849727,1.00000000,-0.99222081,0.16661627
237,0.00025655,0.13594690,1.00000000,-0.90468592,0.14678714
238,-0.02717861,0.06787818,-1.00000000,-0.97001705,0.06988309
239,-0.01229337,0.08480017,1.00000000,-0.99904120,0.05310840
240,-0.00084539,0.02122561,-1.00000000,-0.88395260,0.02562691
241,0.00664790,0.05571867,-1.00000000,-0.94758523,0.04186621
242,0.00027648,0.08224667,-1.00000000,-0.99652398,0.04188985
243,-0.00700138,0.09961061,1.00000000,-0.97171895,0.06581758
244,0.02110405,0.08484635,1.00000000,-0.99895599,0.10542283
245,0.00252385,0.06798162,-1.00000000,-0.97020787,0.10941834
246,0.02461649,0.13310934,1.00000000,-0.90992064,0.13072688
247,-0.02165020,0.09005409,1.00000000,-0.98934878,0.10472452
248,-0.00937953,0.14124859,1.00000000,-0.89490538,0.10190433
249,0.01708645,0.03403642,-1.00000000,-0.90758591,0.09713994
250,0.01319006,0.06247081,-1.00000000,-0.96004155,0.10978876
251,-0.00296545,0.12379950,1.00000000,-0.92709540,0.07707996
252,-0.02443082,0.11477053,1.00000000,-0.94375201,0.07378248
253,-0.00949931,0.07733393,-1.00000000,-0.98746098,0.07364044
254,0.00806661,0.02759298,-1.00000000,-0.89569908,0.06294401
255,0.01286989,0.06219325,-1.00000000,-0.95952952,0.06256433
256,-0.00752109,0.10289814,1.00000000,-0.96565413,0.05716190
257,0.01556926,0.11402861,1.00000000,-0.94512069,0.10459711
258,-0.00744952,0.06677731,-1.00000000,-0.96798616,0.10702790
259,0.02337715,0.12028378,1.00000000,-0.93358119,0.12518433
260,0.00391426,0.06694315,-1.00000000,-0.96829211,0.11456405
261,-0.02102931,0.13837672,1.00000000,-0.90020341,0.09854495
262,0.00714463,0.09327605,1.00000000,-0.98340493,0.08855437
263,0.04405521,0.03547518,-1.00000000,-0.91024014,0.14963268
264,0.03497162,0.10076168,1.00000000,-0.96959548,0.16338231
265,-0.04372096,0.18629327,1.00000000,-0.81180717,0.10689276
266,0.01089146,0.16524418,1.00000000,-0.85063842,0.14474689
267,-0.01771254,-0.01710739,-1.00000000,-0.81323603,0.11526933
268,-0.03358533,0.10944406,1.00000000,-0.95357824,0.02319715
269,-0.01366242,0.04316103,-1.00000000,-0.92441895,-0.03447686
270,-0.04098461,0.00637955,-1.00000000,-0.85656465,-0.03123189
271,-0.03156699,0.05254623,-1.00000000,-0.94173273,-0.08158242
272,0.08308354,-0.01076655,-1.00000000,-0.82493359,0.03794939
273,0.00110391,0.01105658,-1.00000000,-0.86519280,0.07908659
274,0.06713443,0.27673226,1.00000000,-0.64496570,0.17490176
275,-0.11915304,0.08676372,1.00000000,-0.99541884,0.08220357
276,-0.03457909,0.23977395,1.00000000,-0.71314624,0.07863159
277,0.04083225,-0.19190352,-1.00000000,-0.49077288,0.02852673
278,0.03572946,0.00407675,-1.00000000,-0.85231644,0.06958840
279,-0.05500537,0.17882481,1.00000000,-0.82558493,-0.07525446
280,0.10796245,0.16700031,1.00000000,-0.84739873,0.19407672
281,0.00161048,-0.04325635,-1.00000000,-0.76499654,0.23699312
282,0.04664600,0.33438329,1.00000000,-0.53861134,0.24388753
283,0.06583416,0.08793758,1.00000000,-0.99325330,0.27958801
284,0.01612976,0.19229683,1.00000000,-0.80073182,0.36394556
285,-0.03474100,0.23676087,1.00000000,-0.71870475,0.19471673
286,-0.04687312,0.12158259,1.00000000,-0.93118513,0.13722111
287,0.04691488,0.00370155,-1.00000000,-0.85162427,0.13753997
288,-0.06892446,-0.02441179,-1.00000000,-0.79976091,-0.02226726
289,0.02322672,0.19291990,1.00000000,-0.79958239,-0.01385113
290,-0.02881561,-0.07551058,-1.00000000,-0.70549409,-0.00682434
291,-0.02644542,0.13802814,1.00000000,-0.90084646,0.01740041
292,-0.00606335,0.01743225,-1.00000000,-0.87695461,-0.04542530
293,-0.06706650,0.02292461,-1.00000000,-0.88708689,-0.04322199
294,0.00552305,0.07015527,-1.00000000,-0.97421781,-0.06421637
295,0.01988128,-0.07120519,-1.00000000,-0.71343664,-0.00646781
296,-0.01524339,0.09700404,1.00000000,-0.97652755,0.00681642
297,0.01790601,0.13027587,1.00000000,-0.91514781,0.03524116
298,0.02783837,0.04888268,-1.00000000,-0.93497423,0.14778673
299,-0.02077294,0.12569865,1.00000000,-0.92359186,0.11660290
300,-0.03649259,0.14871456,1.00000000,-0.88113220,0.04975038
301,-0.03452754,0.03606927,-1.00000000,-0.91133610,0.02688174
302,0.00212561,-0.00035735,-1.00000000,-0.84413644,0.00816812
303,0.02417308,0.00419619,-1.00000000,-0.85253679,0.00382153
304,0.07973260,0.08913127,1.00000000,-0.99105120,0.12300880
305,0.00964096,0.14022111,1.00000000,-0.89680088,0.17771754
306,-0.00337460,0.26896725,1.00000000,-0.65929056,0.21466112
307,-0.02890224,0.10654632,1.00000000,-0.95892398,0.17786588
308,0.00061306,0.07638581,-1.00000000,-0.98571189,0.14992658
309,-0.00463582,0.01723151,-1.00000000,-0.87658429,0.04987595
310,0.01868537,0.08562629,1.00000000,-0.99751717,0.06060152
311,0.02235882,0.07346324,-1.00000000,-0.98032034,0.09111821
312,-0.00005511,0.12750462,1.00000000,-0.92026021,0.12532737
313,-0.00069469,0.13601698,1.00000000,-0.90455664,0.12377654
314,-0.02469762,0.08407795,-1.00000000,-0.99990232,0.09998571
315,-0.01411489,0.08259589,-1.00000000,-0.99716821,0.06108861
316,0.00071723,0.02697474,-1.00000000,-0.89455856,0.03542434
317,0.00312529,0.05149772,-1.00000000,-0.93979845,0.03919591
318,-0.02692730,0.08586768,1.00000000,-0.99707185,0.00808724
319,0.01919400,0.09144780,1.00000000,-0.98677768,0.06013732
320,-0.00785711,0.02180796,-1.00000000,-0.88502691,0.06755829
321,-0.03942028,0.12868325,1.00000000,-0.91808588,0.01996011
322,-0.01413734,0.06599867,-1.00000000,-0.96654973,-0.00051126
323,0.00054521,-0.00714158,-1.00000000,-0.83162092,0.03206778
324,-0.00747790,0.05144570,-1.00000000,-0.93970247,0.00043818
325,0.04427611,0.08546907,1.00000000,-0.99780720,0.06226180
326,-0.04960337,0.06687740,-1.00000000,-0.96817082,0.05018590
327,-0.03613255,0.18680516,1.00000000,-0.81086283,0.02410228
328,-0.00120521,-0.03073849,-1.00000000,-0.78808943,0.02202649
329,0.02356394,0.00047697,-1.00000000,-0.84567559,0.05883831
330,0.01388729,0.08141287,-1.00000000,-0.99498579,0.02280089
331,0.01899689,0.13880957,1.00000000,-0.89940488,0.10415240
332,0.00894853,0.11638620,1.00000000,-0.94077141,0.15761304
333,0.00704138,0.12822649,1.00000000,-0.91892850,0.16739249
334,-0.00050523,0.10494178,1.00000000,-0.96188404,0.13884940
335,-0.00286903,0.10052240,1.00000000,-0.97003688,0.11897845
336,0.05246993,0.08303493,-1.00000000,-0.99797815,0.15867338
337,-0.00396242,0.07755736,-1.00000000,-0.98787316,0.14336257
338,0.00665329,0.20579240,1.00000000,-0.77583524,0.14290235
339,-0.01461722,0.07502369,-1.00000000,-0.98319905,0.12616725
340,-0.00139495,0.09962311,1.00000000,-0.97169590,0.12791533
341,-0.01317592,0.05033369,-1.00000000,-0.93765104,0.05006739
342,0.01636983,0.08097319,-1.00000000,-0.99417467,0.07417894
343,0.02869475,0.05367357,-1.00000000,-0.94381244,0.10031741
344,0.01291421,0.12213890,1.00000000,-0.93015887,0.13296633
345,-0.02224316,0.15069901,1.00000000,-0.87747130,0.10824290
346,-0.04429685,0.11413132,1.00000000,-0.94493121,0.07133728
347,-0.07157288,0.03266236,-1.00000000,-0.90505105,-0.03295201
348,0.00424390,-0.01844188,-1.00000000,-0.81077417,-0.06194772
349,0.00694413,-0.08164769,-1.00000000,-0.69417238,-0.06902751
350,0.02901445,0.09403991,1.00000000,-0.98199575,-0.00824225
351,0.04637174,0.10029705,1.00000000,-0.97045261,0.09927960
352,-0.00713735,0.15143985,1.00000000,-0.87610460,0.17569226
353,-0.03844383,0.19166129,1.00000000,-0.80190426,0.12506983
354,-0.02015574,0.06766654,-1.00000000,-0.96962662,0.09293271
355,-0.03904458,-0.00487889,-1.00000000,-0.83579512,0.01222303
356,0.01397554,0.03749948,-1.00000000,-0.91397455,-0.02619490
357,0.03241621,-0.00627097,-1.00000000,-0.83322702,0.02071079
358,0.05461620,0.11659071,1.00000000,-0.94039415,0.13106860
359,0.02187232,0.15932263,1.00000000,-0.86156248,0.18090874
360,0.02822389,0.21076589,1.00000000,-0.76666017,0.26068091
361,-0.00762690,0.13488964,1.00000000,-0.90663636,0.23506306
362,-0.01419559,0.14960790,1.00000000,-0.87948417,0.17978716
363,-0.01241205,0.06653213,-1.00000000,-0.96753386,0.10029985
364,-0.03177673,0.05131071,-1.00000000,-0.93945345,0.03667864
365,0.09278609,0.05544365,-1.00000000,-0.94707788,0.11324151
366,0.07390997,0.01057056,-1.00000000,-0.86429620,0.20993425
367,-0.01158832,0.29921564,1.00000000,-0.60348845,0.21302616
368,0.05465984,0.25547466,1.00000000,-0.68418163,0.29256522
369,0.01001142,0.05735246,-1.00000000,-0.95059925,0.34212085
370,-0.14978921,0.21086702,1.00000000,-0.76647362,0.05445623
371,0.01064731,0.10740478,1.00000000,-0.95734030,-0.02056554
372,-0.01390918,-0.26289566,-1.00000000,-0.35980690,-0.02331780
373,-0.00696874,0.10887831,1.00000000,-0.95462193,-0.09640176
374,-0.01756116,0.05197441,-1.00000000,-0.94067784,-0.12909947
375,0.06511041,0.06805725,-1.00000000,-0.97034739,0.12574519
376,0.01125606,0.04351179,-1.00000000,-0.92506604,0.12646709
377,0.01069408,0.23508375,1.00000000,-0.72179868,0.15564355
378,-0.00475250,0.11028895,1.00000000,-0.95201960,0.15827175
379,-0.00221949,0.10898670,1.00000000,-0.95442199,0.17646510
380,-0.05005563,0.07319287,-1.00000000,-0.97982157,0.03989226
381,-0.02222260,0.07906252,-1.00000000,-0.99064987,0.00019066
382,-0.06674739,-0.03178650,-1.00000000,-0.78615607,-0.09164545
383,-0.10785216,0.03271000,-1.00000000,-0.90513895,-0.21390903
384,-0.02219774,-0.07046574,-1.00000000,-0.71480078,-0.23760079
385,-0.01402531,-0.16571638,-1.00000000,-0.53908281,-0.19487323
386,-0.09083399,0.03276763,-1.00000000,-0.90524525,-0.27623794
387,0.03628872,0.05170532,-1.00000000,-0.94018142,-0.15404972
388,0.08026637,-0.12628077,-1.00000000,-0.61183345,0.06903583
389,0.01939873,0.16829625,1.00000000,-0.84500799,0.11836415
390,0.00713224,0.27020412,1.00000000,-0.65700878,0.14345441
391,-0.10928757,0.12915768,1.00000000,-0.91721065,0.12157072
392,0.02569505,0.10073295,1.00000000,-0.96964847,0.10900792
393,-0.02002377,-0.16904261,-1.00000000,-0.53294660,-0.00992391
394,-0.01717061,0.14374790,1.00000000,-0.89029467,-0.05329068
395,-0.05273671,0.03780527,-1.00000000,-0.91453868,-0.12428793
396,0.02737046,0.04441680,-1.00000000,-0.92673560,0.03777177
397,-0.02109159,-0.03799928,-1.00000000,-0.77469477,-0.01771146
398,-0.00225738,0.14763028,1.00000000,-0.88313248,0.00335731
399,-0.02581500,0.03533086,-1.00000000,-0.90997390,-0.00689387
400,0.01375635,0.07897472,-1.00000000,-0.99048790,0.07195877
401,0.05098216,0.02438548,-1.00000000,-0.88978189,0.09995935
402,-0.00374211,0.11608278,1.00000000,-0.94133117,0.12053371
403,0.06913405,0.20234485,1.00000000,-0.78219527,0.20519521
404,0.03020139,0.07553420,-1.00000000,-0.98414083,0.27162380
405,-0.03255148,0.24440761,1.00000000,-0.70459808,0.21670837
406,-0.00232028,0.15419030,1.00000000,-0.87103058,0.15349821
407,-0.07799144,0.00877525,-1.00000000,-0.86098421,0.06544759
408,-0.06247451,0.07882897,-1.00000000,-0.99021902,-0.09062406
409,-0.01586362,-0.09652118,-1.00000000,-0.66673382,-0.14525153
410,-0.06367152,-0.06056434,-1.00000000,-0.73306684,-0.18215609
411,0.05757168,0.04744546,-1.00000000,-0.93232285,-0.11113155
412,-0.03404633,-0.06333814,-1.00000000,-0.72794976,-0.05901803
413,0.01476848,0.21761452,1.00000000,-0.75402586,0.03258270
414,0.00946684,0.00531129,-1.00000000,-0.85459392,0.06262153
415,-0.01712654,0.11842815,1.00000000,-0.93700444,0.11781818
416,-0.10714096,0.10614286,1.00000000,-0.95966830,-0.07751085
417,0.04727274,0.04451894,-1.00000000,-0.92692402,0.01892361
418,0.05545692,-0.16406835,-1.00000000,-0.54212309,0.06717513
419,-0.04505877,0.19374914,1.00000000,-0.79805261,0.00251442
420,0.07192142,0.21271406,1.00000000,-0.76306620,0.10811440
421,-0.22771153,-0.02020745,-1.00000000,-0.80751706,-0.03486754
422,-0.06121444,0.25086668,1.00000000,-0.69268242,-0.16352006
423,-0.02249500,-0.44346234,-1.00000000,-0.02669827,-0.25596150
424,-0.01010262,-0.05764443,-1.00000000,-0.73845348,-0.21450779
425,-0.02428930,0.03207878,-1.00000000,-0.90397447,-0.32860193
426,0.08070387,0.06079522,-1.00000000,-0.95695043,0.03714099
427,-0.12415293,0.02792091,-1.00000000,-0.89630406,-0.03749635
428,-0.05458940,0.27121793,1.00000000,-0.65513851,-0.07555638
429,0.02196778,-0.20348959,-1.00000000,-0.46939896,-0.03752481
430,-0.04536799,-0.04229245,-1.00000000,-0.76677475,-0.06252155
431,0.03043364,0.13511085,1.00000000,-0.90622828,-0.12213589
432,0.15755527,-0.02092399,-1.00000000,-0.80619519,0.21193556
433,-0.03989753,0.15472847,1.00000000,-0.87003776,0.22935832
434,0.01770449,0.44930301,1.00000000,-0.32660794,0.22430258
435,0.03687497,-0.00824749,-1.00000000,-0.82958075,0.32183266
436,0.05153648,0.12523168,1.00000000,-0.92445332,0.34685805
437,0.05115632,0.16965474,1.00000000,-0.84250185,0.22068192
438,0.03557880,0.20362936,1.00000000,-0.77982562,0.31018762
439,-0.01197533,0.20274844,1.00000000,-0.78145074,0.27499098
440,-0.02768907,0.16665119,1.00000000,-0.84804278,0.19842593
441,0.12450539,0.05645566,-1.00000000,-0.94894482,0.28495814
442,-0.04340355,0.02004275,-1.00000000,-0.88177046,0.17282170
443,0.01977661,0.37271768,1.00000000,-0.46789221,0.15408223
444,0.02446699,-0.01637187,-1.00000000,-0.81459293,0.19729836
445,0.01187862,0.13003331,1.00000000,-0.91559529,0.24422080
446,0.05372650,0.14090218,1.00000000,-0.89554445,0.16028569
447,-0.05549592,0.11173159,1.00000000,-0.94935823,0.14594562
448,0.06721329,0.20870421,1.00000000,-0.77046356,0.20219972
449,-0.02078758,-0.04439310,-1.00000000,-0.76289948,0.14853333
450,0.03356111,0.23995669,1.00000000,-0.71280912,0.17424611
451,-0.01884381,0.03603532,-1.00000000,-0.91127348,0.08818661
452,0.05352708,0.16197567,1.00000000,-0.85666816,0.21747455
453,0.04849421,0.04053957,-1.00000000,-0.91958289,0.19527601
454,-0.08835317,0.20824211,1.00000000,-0.77131604,0.11515149
455,0.00387796,0.19657962,1.00000000,-0.79283095,0.07995091
456,-0.02407832,-0.12053206,-1.00000000,-0.62243866,0.07374341
457,0.01409566,0.09319193,1.00000000,-0.98356011,0.02698257
458,0.00347910,0.02840981,-1.00000000,-0.89720598,-0.02639985
459,0.03746600,0.11686904,1.00000000,-0.93988067,0.12280629
460,-0.04478383,0.09226766,1.00000000,-0.98526520,0.06509937
461,-0.09270217,0.17102432,1.00000000,-0.83997526,-0.01628012
462,-0.03440582,-0.01957033,-1.00000000,-0.80869241,-0.07379694
463,-0.03223194,-0.13060984,-1.00000000,-0.60384720,-0.11614586
464,-0.02532589,0.00447825,-1.00000000,-0.85305713,-0.19060936
465,-0.01797463,0.00951572,-1.00000000,-0.86235024,-0.15881693
466,-0.02765133,0.02551886,-1.00000000,-0.89187275,-0.08167460
467,-0.03733823,0.04255368,-1.00000000,-0.92329852,-0.08515207
468,-0.00392452,0.02013020,-1.00000000,-0.88193177,-0.05158294
469,-0.02981863,-0.00231691,-1.00000000,-0.84052144,-0.05691077
470,-0.02170458,0.07511152,-1.00000000,-0.98336108,-0.06133403
471,0.00204107,0.01510800,-1.00000000,-0.87266685,-0.02612248
472,0.02173825,0.03391041,-1.00000000,-0.90735345,0.04393499
473,-0.02661381,0.08893536,1.00000000,-0.99141261,0.01702827
474,0.05486632,0.13457895,1.00000000,-0.90720951,0.11745425
475,0.02330386,0.02253441,-1.00000000,-0.88636706,0.17082875
476,0.00631194,0.21134547,1.00000000,-0.76559097,0.17589348
477,0.04433606,0.13820690,1.00000000,-0.90051669,0.20269172
478,-0.00618505,0.09883211,1.00000000,-0.97315514,0.22691774
479,-0.04689286,0.18694407,1.00000000,-0.81060657,0.10624381
480,-0.02783302,0.06987328,-1.00000000,-0.97369759,0.04560173
481,0.01003134,-0.02445752,-1.00000000,-0.79967655,0.05001248
482,-0.03356938,0.01970919,-1.00000000,-0.88115510,-0.04237383
483,0.03191715,0.10745095,1.00000000,-0.95725514,0.00281071
484,0.04993487,0.00641651,-1.00000000,-0.85663283,0.11763655
485,0.00040597,0.15816618,1.00000000,-0.86369590,0.15112453
486,0.00835764,0.19991800,1.00000000,-0.78667232,0.14913973
487,-0.05409818,0.08514641,1.00000000,-0.99840245,0.12479509
488,-0.03739946,0.10357255,1.00000000,-0.96440999,0.04259406
489,-0.03436297,-0.04115416,-1.00000000,-0.76887465,-0.05737285
490,0.01332835,-0.00245880,-1.00000000,-0.84025969,-0.04204849
491,0.02841645,0.00457756,-1.00000000,-0.85324034,-0.01826119
492,0.00650762,0.11509100,1.00000000,-0.94316081,0.05360987
493,-0.00519647,0.15005413,1.00000000,-0.87866097,0.09179868
494,-0.00861798,0.09928556,1.00000000,-0.97231862,0.12232909
495,0.01866585,0.07216407,-1.00000000,-0.97792364,0.12865870
496,-0.03617830,0.06423553,-1.00000000,-0.96329710,0.05205722
497,-0.01644058,0.12745939,1.00000000,-0.92034365,0.02484346
498,-0.00174312,0.00037095,-1.00000000,-0.84548000,0.02893871
499,-0.01382014,0.04610848,-1.00000000,-0.92985640,0.02276958
500,-0.02098399,0.08016639,-1.00000000,-0.99268628,-0.02425027
501,0.00013989,0.05218073,-1.00000000,-0.94105847,0.01881865
502,-0.01515942,0.03558021,-1.00000000,-0.91043388,0.02033796
503,0.01441456,0.08452982,1.00000000,-0.99953993,0.03949899
504,-0.03231429,0.04907728,-1.00000000,-0.93533322,0.01756718
505,-0.00906444,0.11760802,1.00000000,-0.93851742,0.03170231
506,-0.00614543,0.00932488,-1.00000000,-0.86199817,0.02424870
507,0.01902122,0.06320096,-1.00000000,-0.96138854,0.06478276
508,-0.00116586,0.06996508,-1.00000000,-0.97386695,0.04630629
509,-0.01765018,0.12828289,1.00000000,-0.91882446,0.06369614
510,-0.00348300,0.08150406,-1.00000000,-0.99515401,0.07031504
511,-0.01263371,0.04330553,-1.00000000,-0.92468553,0.06262074
512,-0.07596954,0.07613464,-1.00000000,-0.98524852,-0.05002668
513,-0.01962102,0.05493002,-1.00000000,-0.94613034,-0.07191225
514,-0.00432332,-0.09183591,-1.00000000,-0.67537719,-0.05610822
515,0.01660134,0.03873855,-1.00000000,-0.91626039,-0.03229066
516,-0.01522873,0.07418740,-1.00000000,-0.98165627,-0.03536804
517,0.03434138,0.12267537,1.00000000,-0.92916919,0.09544722
518,-0.02226911,0.04891667,-1.00000000,-0.93503694,0.09230692
519,0.03754697,0.16378376,1.00000000,-0.85333260,0.14195995
520,-0.04835433,0.03260223,-1.00000000,-0.90494014,0.06493048
521,0.03286784,0.17121195,1.00000000,-0.83962911,0.12196711
522,-0.00672922,-0.02784415,-1.00000000,-0.79342891,0.07326241
523,0.03370949,0.16036916,1.00000000,-0.85963184,0.13964618
524,0.04298492,0.06861229,-1.00000000,-0.97137133,0.14609492
525,0.02933488,0.16231951,1.00000000,-0.85603386,0.23822483
526,0.00901104,0.18381313,1.00000000,-0.81638252,0.20993358
527,0.00461644,0.15218237,1.00000000,-0.87473481,0.22338814
528,-0.03837649,0.10508664,1.00000000,-0.96161681,0.13790299
529,-0.00679178,0.09490318,1.00000000,-0.98040320,0.07887391
530,0.01064583,-0.00472283,-1.00000000,-0.83608303,0.05671099
531,0.03362180,0.06846731,-1.00000000,-0.97110387,0.08589633
532,-0.01402236,0.10887488,1.00000000,-0.95462826,0.06379300
533,0.00831029,0.16211628,1.00000000,-0.85640876,0.11915781
534,0.01300147,0.05171215,-1.00000000,-0.94019403,0.14263018
535,0.04521845,0.10346281,1.00000000,-0.96461243,0.18362908
536,0.00434973,0.11433353,1.00000000,-0.94455818,0.14891600
537,0.05873777,0.18898882,1.00000000,-0.80683442,0.23520061
538,0.00478026,0.09428514,1.00000000,-0.98154335,0.23101443
539,-0.00594770,0.22031667,1.00000000,-0.74904094,0.20854303
540,-0.02803030,0.09528280,1.00000000,-0.97970288,0.12167897
541,-0.00851729,0.07042327,-1.00000000,-0.97471222,0.10642026
542,-0.00554351,0.01925204,-1.00000000,-0.88031175,0.03019052
543,-0.02820120,0.06446885,-1.00000000,-0.96372752,-0.00892145
544,-0.00879001,0.07135989,-1.00000000,-0.97644009,-0.01229208
545,-0.01122699,0.01885601,-1.00000000,-0.87958116,0.00763458
546,0.05141023,0.06383689,-1.00000000,-0.96256169,0.07870129
547,-0.03276174,0.05818975,-1.00000000,-0.95214388,0.04642379
548,0.00278317,0.20333680,1.00000000,-0.78036532,0.08316746
549,0.01853739,0.00828802,-1.00000000,-0.86008538,0.11557441
550,-0.01275589,0.09065501,1.00000000,-0.98824020,0.11376132
551,-0.02094007,0.12716171,1.00000000,-0.92089280,0.02796273
552,0.03598566,0.05464689,-1.00000000,-0.94560802,0.10948874
553,-0.01056256,0.03568198,-1.00000000,-0.91062164,0.09366233
554,0.01513252,0.16759399,1.00000000,-0.84630351,0.08962457
555,0.04894039,0.05972941,-1.00000000,-0.95498423,0.16278881
556,-0.01553163,0.11927173,1.00000000,-0.93544821,0.16920256
557,-0.06556604,0.19761354,1.00000000,-0.79092358,0.04877467
558,-0.02640786,0.04821477,-1.00000000,-0.93374207,0.02998408
559,0.01055078,-0.06772824,-1.00000000,-0.71985092,0.02455071
560,-0.06663063,0.02301166,-1.00000000,-0.88724748,-0.11250238
561,0.04793663,0.10865463,1.00000000,-0.95503458,-0.03723679
562,0.03775633,-0.07019516,-1.00000000,-0.71529994,0.08529090
563,-0.04499475,0.19528756,1.00000000,-0.79521453,0.06324913
564,-0.07227129,0.17169710,1.00000000,-0.83873410,-0.03496771
565,-0.01489979,-0.02005909,-1.00000000,-0.80779075,0.02637873
566,0.04060017,-0.08326607,-1.00000000,-0.69118678,0.01767858
567,-0.00744108,0.04967891,-1.00000000,-0.93644311,-0.03592002
568,-0.08277555,0.17828702,1.00000000,-0.82657705,-0.08072343
569,0.01372510,0.06696272,-1.00000000,-0.96832821,0.02125777
570,-0.04386585,-0.10760723,-1.00000000,-0.64628232,-0.01309243
571,0.02274876,0.11601037,1.00000000,-0.94146475,-0.03426202
572,-0.03155897,-0.01744313,-1.00000000,-0.81261666,-0.06286289
573,0.02917992,0.13692057,1.00000000,-0.90288971,0.06990260
574,-0.04496521,0.01107517,-1.00000000,-0.86522709,0.00030307
575,0.06062462,0.15182329,1.00000000,-0.87539724,0.12421599
576,-0.00789174,-0.01999064,-1.00000000,-0.80791703,0.08788011
577,-0.06023859,0.22468900,1.00000000,-0.74097488,0.05386959
578,0.00859502,0.06591841,-1.00000000,-0.96640167,0.02945841
579,-0.07054595,-0.05538311,-1.00000000,-0.74262515,-0.00087722
580,-0.04286497,0.10412260,1.00000000,-0.96339526,-0.12360321
581,-0.03507505,-0.07926801,-1.00000000,-0.69856240,-0.15583929
582,-0.01907112,-0.01512383,-1.00000000,-0.81689530,-0.10701972
583,0.00119504,0.00292747,-1.00000000,-0.85019626,-0.11579518
584,-0.02714500,0.04001282,-1.00000000,-0.91861115,-0.06432696
585,-0.02422410,0.08697490,1.00000000,-0.99502926,-0.04222117
586,0.03463676,0.02130351,-1.00000000,-0.88409629,0.04044850
587,-0.02507041,0.02807201,-1.00000000,-0.89658280,0.03333408
588,0.03597811,0.16446822,1.00000000,-0.85206992,0.07458254
589,-0.06055011,0.02611088,-1.00000000,-0.89296491,0.03496817
590,-0.03907897,0.16757649,1.00000000,-0.84633580,0.01735211
591,0.02489316,-0.05610498,-1.00000000,-0.74129344,0.00579740
592,0.02194143,-0.00635068,-1.00000000,-0.83307997,0.06154769
593,-0.00978794,0.14188973,1.00000000,-0.89372262,0.00727475
594,-0.02747944,0.13504978,1.00000000,-0.90634092,0.04649252
595,-0.00862881,0.06152442,-1.00000000,-0.95829565,0.08260269
596,-0.04643550,0.02052851,-1.00000000,-0.88266659,-0.00198438
597,-0.08195076,0.06421044,-1.00000000,-0.96325081,-0.12518780
598,0.04092751,-0.02339771,-1.00000000,-0.80163168,-0.06504548
599,-0.01269297,-0.10569597,-1.00000000,-0.64980821,-0.04751053
600,0.02548053,0.17904557,1.00000000,-0.82517768,-0.00706104
601,0.00160953,0.05479269,-1.00000000,-0.94587700,0.04991449
602,-0.02701179,0.14325080,1.00000000,-0.89121171,0.11506539
603,-0.05116992,0.08793539,1.00000000,-0.99325736,0.00584910
604,0.03286063,0.02161219,-1.00000000,-0.88466575,0.05987010
605,-0.05149201,-0.03436860,-1.00000000,-0.78139263,-0.03140990
606,0.06126658,0.16035247,1.00000000,-0.85966263,0.03933606
607,-0.00087282,-0.03511497,-1.00000000,-0.78001573,0.07033368
608,-0.03280276,0.22617659,1.00000000,-0.73823058,0.09211487
609,-0.06134188,0.08218311,-1.00000000,-0.99640672,-0.01959778
610,-0.02197293,0.00819297,-1.00000000,-0.85991002,0.01540824
611,-0.04887917,-0.05793973,-1.00000000,-0.73790871,-0.11521115
612,0.02392926,0.03328857,-1.00000000,-0.90620628,-0.08579891
613,-0.03080818,-0.02906033,-1.00000000,-0.79118531,-0.08343358
614,-0.02747092,0.13965612,1.00000000,-0.89784318,-0.04326677
615,0.04236602,0.01281494,-1.00000000,-0.86843662,0.03303135
616,-0.03204556,0.02054825,-1.00000000,-0.88270300,0.05299395
617,-0.00915608,0.18237898,1.00000000,-0.81902823,0.01375878
618,0.02669781,0.00994761,-1.00000000,-0.86314699,0.08195385
619,0.01744290,0.06298859,-1.00000000,-0.96099676,0.13521615
620,-0.04614502,0.14607158,1.00000000,-0.88600795,0.03025288
621,-0.01001916,0.12462549,1.00000000,-0.92557161,0.05637350
622,-0.04998236,-0.02272458,-1.00000000,-0.80287346,0.00795853
623,-0.06147441,0.06098862,-1.00000000,-0.95730722,-0.09660294
624,0.06394599,-0.03161671,-1.00000000,-0.78646931,-0.04145596
625,-0.01673433,-0.05824685,-1.00000000,-0.73734214,-0.00657848
626,0.01529956,0.23238550,1.00000000,-0.72677642,0.02344642
627,0.01351548,0.04542779,-1.00000000,-0.92860067,0.09874709
628,-0.02168676,0.11965880,1.00000000,-0.93473414,0.14593038
629,0.00422921,0.11552462,1.00000000,-0.94236086,0.07511358
630,0.00501000,0.03395170,-1.00000000,-0.90742963,0.10089969
631,0.05075943,0.09400588,1.00000000,-0.98205855,0.14295076
632,0.02260299,0.09581516,1.00000000,-0.97872079,0.15372743
633,0.05739526,0.20182873,1.00000000,-0.78314741,0.24750903
634,0.05363006,0.13658278,1.00000000,-0.90351285,0.30609239
635,-0.04669266,0.21720570,1.00000000,-0.75478004,0.24477936
636,0.01405017,0.20848074,1.00000000,-0.77087582,0.20124667
637,0.01357249,-0.02399361,-1.00000000,-0.80053237,0.19053761
638,-0.04819248,0.11676363,1.00000000,-0.94007513,0.06532347
639,0.04869428,0.11565673,1.00000000,-0.94211714,0.05947024
640,0.01310385,-0.02746909,-1.00000000,-0.79412082,0.13038158
641,-0.02039463,0.19704322,1.00000000,-0.79197570,0.08953426
642,0.00650844,0.11457076,1.00000000,-0.94412053,0.08115716
643,0.02391688,0.03694590,-1.00000000,-0.91295332,0.16667004
644,-0.01833629,0.09928744,1.00000000,-0.97231514,0.08717999
645,0.01649545,0.13962743,1.00000000,-0.89789611,0.09120202
646,-0.05981659,0.04171563,-1.00000000,-0.92175249,0.04445241
647,-0.03453191,0.12243001,1.00000000,-0.92962182,-0.00421643
648,-0.04489738,-0.05440522,-1.00000000,-0.74442915,-0.08582173
649,0.02780693,0.00418607,-1.00000000,-0.85251811,-0.03110153
650,-0.02796294,-0.01983348,-1.00000000,-0.80820696,-0.08382374
651,0.02708795,0.14864169,1.00000000,-0.88126663,0.01923440
652,-0.01407122,0.01940812,-1.00000000,-0.88059968,0.04349828
653,0.04038199,0.14697563,1.00000000,-0.88434016,0.14462919
654,0.00648311,0.05159892,-1.00000000,-0.93998514,0.11934176
655,0.01325551,0.17778145,1.00000000,-0.82750972,0.16822180
656,-0.00316874,0.09922876,1.00000000,-0.97242339,0.13234106
657,0.00309699,0.11492220,1.00000000,-0.94347220,0.15270046
658,-0.01928864,0.07686286,-1.00000000,-0.98659195,0.08193839
659,0.03413450,0.09138221,1.00000000,-0.98689867,0.11472955
660,-0.00952696,0.03950877,-1.00000000,-0.91768128,0.08771233
661,0.07497392,0.16330437,1.00000000,-0.85421699,0.18037997
662,0.01842400,0.06212917,-1.00000000,-0.95941131,0.19855593
663,0.00402103,0.25794013,1.00000000,-0.67963334,0.22619835
664,0.04534342,0.12689896,1.00000000,-0.92137752,0.23949076
665,0.01385324,0.09352347,1.00000000,-0.98294849,0.26721682
666,-0.01796976,0.18927840,1.00000000,-0.80630020,0.15699698
667,-0.01648668,0.11630731,1.00000000,-0.94091696,0.11559719
668,-0.03274492,0.04256497,-1.00000000,-0.92331934,0.07199727
669,-0.02790442,0.04600166,-1.00000000,-0.92965934,-0.01486571
670,0.00775533,0.00832700,-1.00000000,-0.86015730,-0.02209709
671,-0.02027107,0.01954373,-1.00000000,-0.88084985,-0.02482617
672,-0.02731983,0.10217683,1.00000000,-0.96698480,-0.03767296
673,0.05189489,0.03723221,-1.00000000,-0.91348150,0.06269949
674,0.01122502,0.02089837,-1.00000000,-0.88334889,0.10910222
675,-0.01511429,0.20445988,1.00000000,-0.77829348,0.08198165
676,-0.01964333,0.11021702,1.00000000,-0.95215229,0.08272607
677,-0.00620856,0.04918185,-1.00000000,-0.93552614,0.10776146
678,-0.00707746,0.03868686,-1.00000000,-0.91616503,0.03782747
679,0.00837130,0.06981878,-1.00000000,-0.97359705,0.03444331
680,-0.00679947,0.06780532,-1.00000000,-0.96988263,0.04430367
681,0.01368641,0.10360420,1.00000000,-0.96435160,0.08382867
682,-0.03138430,0.06844950,-1.00000000,-0.97107101,0.05397332
683,-0.02845461,0.11592071,1.00000000,-0.94163015,0.02862264
684,0.01123732,0.01147991,-1.00000000,-0.86597377,0.03202138
685,0.12983739,0.01826880,-1.00000000,-0.87849787,0.19405598
686,-0.01787182,0.11024551,1.00000000,-0.95209974,0.15663178
687,0.01975107,0.38507334,1.00000000,-0.44509855,0.21727208
688,0.01682938,0.04279193,-1.00000000,-0.92373805,0.27097334
689,-0.01047443,0.12997414,1.00000000,-0.91570445,0.24522587
690,-0.02735067,0.12320379,1.00000000,-0.92819435,0.05882006
691,-0.01792202,0.05993364,-1.00000000,-0.95536099,0.05876052
692,0.02633805,0.02082691,-1.00000000,-0.88321708,0.06657188
693,-0.03851662,0.04267560,-1.00000000,-0.92352343,0.00093830
694,-0.02370792,0.14523793,1.00000000,-0.88754588,-0.01475500
695,-0.02276086,-0.00504757,-1.00000000,-0.83548395,-0.00931205
696,0.00469928,0.02926814,-1.00000000,-0.89878941,0.01751404
697,0.04740921,0.03146271,-1.00000000,-0.90283795,0.04250186
698,0.02652562,0.09509514,1.00000000,-0.98004907,0.11963400
699,-0.00784937,0.19406539,1.00000000,-0.79746919,0.13844029
700,0.10919601,0.14567256,1.00000000,-0.88674406,0.29492499
701,-0.03478755,0.06601659,-1.00000000,-0.96658279,0.24809844
702,0.00605379,0.33724177,1.00000000,-0.53333802,0.19905598
703,0.01838750,0.00359369,-1.00000000,-0.85142529,0.18940516
704,-0.01095453,0.09823391,1.00000000,-0.97425868,0.18572283
705,0.03721625,0.12681438,1.00000000,-0.92153355,0.10036364
706,-0.02663484,0.05882112,-1.00000000,-0.95330863,0.11003177
707,-0.00791807,0.17044558,1.00000000,-0.84104291,0.09346284
708,-0.00444671,0.02248569,-1.00000000,-0.88627718,0.06638426
709,0.04129373,0.06585740,-1.00000000,-0.96628912,0.12834429
710,0.00442783,0.07390145,-1.00000000,-0.98112876,0.08946124
711,0.00164668,0.17989418,1.00000000,-0.82361217,0.12299967
712,-0.01040964,0.09446612,1.00000000,-0.98120949,0.12004497
713,0.04315150,0.08802147,1.00000000,-0.99309855,0.17649062
714,0.02425357,0.06008377,-1.00000000,-0.95563796,0.15628309
715,-0.03153615,0.18419913,1.00000000,-0.81567042,0.11363421
716,0.00049622,0.14040763,1.00000000,-0.89645680,0.11226991
717,0.01165212,0.01112805,-1.00000000,-0.86532466,0.13843246
718,-0.02478830,0.08535555,1.00000000,-0.99801663,0.05786417
719,0.00343428,0.11120672,1.00000000,-0.95032650,0.03317504
720,0.03098408,0.02676460,-1.00000000,-0.89417089,0.10731638
721,-0.00957163,0.09216381,1.00000000,-0.98545679,0.09537714
722,-0.01231615,0.15600400,1.00000000,-0.86768467,0.06695370
723,-0.02764125,0.06202567,-1.00000000,-0.95922036,0.06357045
724,-0.01174503,0.05566589,-1.00000000,-0.94748786,0.04556964
725,-0.01143362,0.02015355,-1.00000000,-0.88197486,-0.00473256
726,-0.00024519,0.05698931,-1.00000000,-0.94992931,0.00632745
727,-0.02403156,0.05771094,-1.00000000,-0.95126056,-0.00756559
728,0.01190894,0.08363750,-1.00000000,-0.99908977,0.03933609
729,-0.02367916,0.02851817,-1.00000000,-0.89740588,0.02518368
730,-0.01012485,0.11180183,1.00000000,-0.94922864,0.02673572
731,0.02860428,0.02933477,-1.00000000,-0.89891234,0.06094766
732,-0.02214477,0.06074371,-1.00000000,-0.95685541,0.06318516
733,0.02663264,0.15048937,1.00000000,-0.87785804,0.08064568
734,0.01542468,0.03289036,-1.00000000,-0.90547167,0.12701805
735,-0.00429891,0.14592056,1.00000000,-0.88628655,0.13392690
736,0.01827453,0.11994875,1.00000000,-0.93419924,0.12167708
737,-0.00775870,0.07424395,-1.00000000,-0.98176059,0.13873720
738,0.01475508,0.12655261,1.00000000,-0.92201648,0.12465186
739,-0.01683414,0.06622670,-1.00000000,-0.96697041,0.08639685
740,-0.00704437,0.11839710,1.00000000,-0.93706173,0.08314107
741,0.01140497,0.04519650,-1.00000000,-0.92817399,0.07499460
742,-0.04996749,0.06788198,-1.00000000,-0.97002406,0.02494014
743,0.02175855,0.11063400,1.00000000,-0.95138305,0.03324540
744,0.01730976,-0.03158226,-1.00000000,-0.78653286,0.07373589
745,0.02470991,0.13462600,1.00000000,-0.90712271,0.11139259
746,-0.00474019,0.12431697,1.00000000,-0.92614076,0.09224641
747,-0.02930678,0.14146509,1.00000000,-0.89450600,0.11674749
748,0.00911924,0.07322140,-1.00000000,-0.97987419,0.10175881
749,-0.00179703,0.01629409,-1.00000000,-0.87485495,0.07910050
750,0.00195386,0.10533736,1.00000000,-0.96115427,0.05211461
751,0.01012464,0.08004148,-1.00000000,-0.99245585,0.06974248
752,0.04300516,0.08873328,1.00000000,-0.99178540,0.15549558
753,0.01209885,0.10766715,1.00000000,-0.95685628,0.15902904
754,-0.01676505,0.18386002,1.00000000,-0.81629602,0.14127880
755,-0.02645534,0.11224192,1.00000000,-0.94841678,0.10758895
756,0.01214581,0.04535661,-1.00000000,-0.92846935,0.10998581
757,-0.01433611,0.02290162,-1.00000000,-0.88704449,0.04198609
758,0.01369288,0.11235073,1.00000000,-0.94821604,0.04387640
759,-0.00300115,0.05098510,-1.00000000,-0.93885277,0.06019870
760,-0.02004625,0.11593569,1.00000000,-0.94160251,0.06779911
761,0.02904467,0.07725120,-1.00000000,-0.98730836,0.08783908
762,-0.00314804,0.03775320,-1.00000000,-0.91444262,0.10110677
763,0.01868766,0.15150986,1.00000000,-0.87597544,0.10702997
764,0.01600368,0.07691083,-1.00000000,-0.98668043,0.12956737
765,-0.00503686,0.12750993,1.00000000,-0.92025040,0.14736667
766,0.00770221,0.12129043,1.00000000,-0.93172412,0.12205712
767,0.00619355,0.07253393,-1.00000000,-0.97860596,0.13313511
768,-0.10227760,0.10205373,1.00000000,-0.96721190,-0.01031489
769,0.07145851,0.09855777,1.00000000,-0.97366123,0.05544776
770,0.01764918,-0.15279865,-1.00000000,-0.56291339,0.08235063
771,-0.01986519,0.24979399,1.00000000,-0.69466131,0.04965907
772,-0.01122733,0.12510350,1.00000000,-0.92468978,0.02900003
773,-0.04506614,0.03817275,-1.00000000,-0.91521660,0.09684582
774,-0.03552449,0.05818896,-1.00000000,-0.95214242,-0.03002294
775,0.01380095,-0.02022453,-1.00000000,-0.80748555,-0.03458647
776,-0.01356482,0.00188600,-1.00000000,-0.84827496,-0.02711500
777,0.00657049,0.11618612,1.00000000,-0.94114053,-0.00600896
778,0.00005218,0.05277239,-1.00000000,-0.94214996,0.04749584
779,0.01946155,0.09943123,1.00000000,-0.97204987,0.11270256
780,-0.01827672,0.08432658,1.00000000,-0.99991488,0.07466237
781,0.08015577,0.12930324,1.00000000,-0.91694211,0.18580352
782,0.02297642,0.04185365,-1.00000000,-0.92200711,0.20525894
783,0.04948442,0.26994784,1.00000000,-0.65748156,0.26387954
784,0.10104373,0.13744811,1.00000000,-0.90191649,0.36062601
785,0.01768736,0.19887420,1.00000000,-0.78859791,0.40327502
786,0.00880907,0.31835078,1.00000000,-0.56818804,0.31866657
787,0.01982037,0.12519198,1.00000000,-0.92452655,0.31492388
788,0.03524755,0.10461862,1.00000000,-0.96248020,0.29804069
789,-0.00458227,0.13013472,1.00000000,-0.91540821,0.17278119
790,0.07100254,0.16588359,1.00000000,-0.84945885,0.23600646
791,-0.07453881,0.07358734,-1.00000000,-0.98054928,0.13716607
792,0.19060592,0.24873737,1.00000000,-0.69661055,0.33969683
793,0.00276245,-0.08852052,-1.00000000,-0.68149339,0.30117348
794,-0.00574421,0.52589012,1.00000000,-0.18532035,0.29979556
795,0.03406894,0.09060701,1.00000000,-0.98832876,0.25599683
796,-0.02191886,0.07089481,-1.00000000,-0.97558211,0.31839766
797,0.02171030,0.16315244,1.00000000,-0.85449727,0.11810812
798,0.03822541,0.03341386,-1.00000000,-0.90643741,0.16016284
799,-0.01786683,0.13451418,1.00000000,-0.90732899,0.14578690
800,-0.03060124,0.17278408,1.00000000,-0.83672886,0.06909598
801,0.04154230,0.04280349,-1.00000000,-0.92375936,0.14435314
802,0.00461824,0.01329447,-1.00000000,-0.86932126,0.12408406
803,0.09018041,0.18047018,1.00000000,-0.82254956,0.18569633
804,0.03105722,0.09490736,1.00000000,-0.98039549,0.24371427
805,-0.03121663,0.29317760,1.00000000,-0.61462742,0.24298450
806,0.00576209,0.15617348,1.00000000,-0.86737201,0.20055355
807,-0.03876018,0.01186846,-1.00000000,-0.86669056,0.14911206
808,0.00212011,0.09755797,1.00000000,-0.97550566,0.04468331
809,-0.03667712,-0.00561194,-1.00000000,-0.83444279,-0.03564132
810,-0.00555756,0.08911853,1.00000000,-0.99107471,-0.00521281
811,-0.00466379,-0.00078495,-1.00000000,-0.84334761,-0.01757663
812,-0.00199968,0.07132733,-1.00000000,-0.97638003,0.02601681
813,0.00919713,0.07339842,-1.00000000,-0.98020076,0.03440929
814,0.00312163,0.07957187,-1.00000000,-0.99158952,0.08160573
815,0.01465344,0.10551785,1.00000000,-0.96082131,0.10557351
816,0.03894703,0.09143931,1.00000000,-0.98679334,0.15729061
817,0.05101417,0.11816158,1.00000000,-0.93749621,0.22015854
818,-0.06777863,0.17445626,1.00000000,-0.83364403,0.12887472
819,0.04691034,0.20241902,1.00000000,-0.78205845,0.18080278
820,-0.01954940,-0.07285538,-1.00000000,-0.71039238,0.14024239
821,0.00481753,0.19290938,1.00000000,-0.79960180,0.09976898
822,0.00969872,0.03890451,-1.00000000,-0.91656655,0.05077392
823,0.01489481,0.09536916,1.00000000,-0.97954357,0.14881449
824,-0.01895650,0.10668017,1.00000000,-0.95867705,0.07070447
825,0.00095671,0.11872089,1.00000000,-0.93646440,0.09502222
826,-0.01278637,0.04027842,-1.00000000,-0.91910114,0.07414615
827,-0.01327576,0.08642262,1.00000000,-0.99604810,0.04690123
828,0.00459885,0.05457626,-1.00000000,-0.94547772,0.03469148
829,0.01895147,0.05344222,-1.00000000,-0.94338566,0.07964570
830,0.00388001,0.09486242,1.00000000,-0.98047839,0.08311238
831,-0.05355038,0.12812124,1.00000000,-0.91912266,0.03477125
832,-0.05984943,0.09319669,1.00000000,-0.98355133,-0.02045943
833,-0.03255779,-0.03988475,-1.00000000,-0.77121646,-0.06452266
834,0.02045518,-0.05448133,-1.00000000,-0.74428875,-0.06273944
835,0.00267204,0.00876063,-1.00000000,-0.86095724,-0.06417194
836,0.00076989,0.13160575,1.00000000,-0.91269446,0.00024525
837,-0.02055969,0.09039750,1.00000000,-0.98871527,0.04683808
838,-0.00324509,0.08598971,1.00000000,-0.99684673,0.08159935
839,-0.00681627,0.03656342,-1.00000000,-0.91224772,0.04925874
840,0.03989264,0.07668593,-1.00000000,-0.98626554,0.09339782
841,-0.00035714,0.06841055,-1.00000000,-0.97099917,0.09206129
842,-0.02242870,0.17664750,1.00000000,-0.82960163,0.08984487
843,-0.02140767,0.08337807,-1.00000000,-0.99861118,0.06830628
844,0.01935539,0.03223242,-1.00000000,-0.90425791,0.09934267
845,0.01678315,0.03459842,-1.00000000,-0.90862269,0.07193764
846,-0.01348943,0.12905724,1.00000000,-0.91739594,0.05636435
847,0.00115730,0.12309668,1.00000000,-0.92839196,0.08433446
848,0.01431160,0.05294708,-1.00000000,-0.94247221,0.12669314
849,0.01547733,0.08688743,1.00000000,-0.99519062,0.12209423
850,0.02257302,0.11736943,1.00000000,-0.93895756,0.12896030
851,-0.01037265,0.12007074,1.00000000,-0.93397419,0.13265642
852,0.03211208,0.13651333,1.00000000,-0.90364097,0.16936501
853,0.04834011,0.06016948,-1.00000000,-0.95579607,0.20971866
854,-0.00692150,0.15861787,1.00000000,-0.86286261,0.18315639
855,0.05977777,0.19622252,1.00000000,-0.79348972,0.22727667
856,-0.04298012,0.06816672,-1.00000000,-0.97054934,0.18860821
857,-0.01448410,0.22272660,1.00000000,-0.74459510,0.13335083
858,0.00445677,-0.01539066,-1.00000000,-0.81640305,0.08131057
859,-0.00036592,0.05064216,-1.00000000,-0.93822011,0.08908469
860,-0.03233989,0.09453319,1.00000000,-0.98108575,-0.02015557
861,0.01791171,0.08335774,-1.00000000,-0.99857368,0.05205468
862,-0.04016343,0.00926558,-1.00000000,-0.86188877,0.02160214
863,-0.03106884,0.12571184,1.00000000,-0.92356751,-0.02052689
864,0.02170837,-0.00886366,-1.00000000,-0.82844403,0.00565051
865,-0.01597754,0.01221093,-1.00000000,-0.86732234,0.02505425
866,-0.00610864,0.13450972,1.00000000,-0.90733723,-0.00343095
867,0.01121028,0.04718148,-1.00000000,-0.93183586,0.05749199
868,-0.02223677,0.07005032,-1.00000000,-0.97402420,0.06796575
869,0.05931907,0.11018285,1.00000000,-0.95221533,0.11256744
870,-0.04723934,0.03267718,-1.00000000,-0.90507840,0.07549477
871,-0.02135524,0.22166369,1.00000000,-0.74655596,0.05741417
872,-0.00325589,-0.02526041,-1.00000000,-0.79819539,0.04025907
873,0.02488105,0.03471992,-1.00000000,-0.90884683,0.09613504
874,-0.03015132,0.07666091,-1.00000000,-0.98621939,-0.00996590
875,-0.00033259,0.14186166,1.00000000,-0.89377440,0.04565976
876,-0.00928043,0.01433706,-1.00000000,-0.87124462,0.05997900
877,-0.01042225,0.08343497,-1.00000000,-0.99871614,0.05148057
878,-0.02816053,0.06270045,-1.00000000,-0.96046519,-0.01142025
879,-0.01967075,0.06005454,-1.00000000,-0.95558403,0.00100842
880,-0.05173671,0.01895025,-1.00000000,-0.87975501,-0.05995058
881,0.02367964,0.03862332,-1.00000000,-0.91604780,-0.02086397
882,-0.00845570,-0.03568201,-1.00000000,-0.77896965,-0.01853188
883,-0.00054383,0.13907767,1.00000000,-0.89891029,0.01421815
884,0.03197259,0.06461157,-1.00000000,-0.96399082,0.07546083
885,0.01397860,0.08294546,-1.00000000,-0.99781311,0.15339115
886,-0.03792916,0.15829463,1.00000000,-0.86345892,0.08033065
887,0.00773930,0.11659779,1.00000000,-0.94038108,0.09953594
888,-0.01497963,-0.00368625,-1.00000000,-0.83799529,0.08241685
889,-0.03404505,0.10213968,1.00000000,-0.96705334,0.00412801
890,0.01767393,0.04949389,-1.00000000,-0.93610180,0.00851023
891,0.08730327,0.00531426,-1.00000000,-0.85459939,0.15702056
892,-0.09098631,0.12516086,1.00000000,-0.92458396,0.03994407
893,-0.02943400,0.28651049,1.00000000,-0.62692687,0.02280295
894,-0.12059596,-0.12663373,-1.00000000,-0.61118231,-0.07983584
895,-0.10280635,0.01599928,-1.00000000,-0.87431107,-0.22271070
896,0.01584145,-0.19524715,-1.00000000,-0.48460458,-0.30745567
897,0.04407248,-0.15402390,-1.00000000,-0.56065306,-0.14729248
898,-0.00302794,0.12091451,1.00000000,-0.93241761,-0.11597812
899,0.00992850,0.18633329,1.00000000,-0.81173333,0.03880792
900,-0.00860557,0.07718913,-1.00000000,-0.98719384,0.15051852
901,-0.00895497,0.10721264,1.00000000,-0.95769476,0.12111299
902,-0.02337936,0.06426429,-1.00000000,-0.96335016,0.04112337
903,0.03997861,0.06345462,-1.00000000,-0.96185648,0.09212387
904,0.06839233,0.03002950,-1.00000000,-0.90019397,0.16145481
905,0.02566040,0.17684670,1.00000000,-0.82923415,0.20209006
906,-0.02314209,0.24268882,1.00000000,-0.70776888,0.18526588
907,-0.03668194,0.14366762,1.00000000,-0.89044277,0.16949064
908,-0.00932575,0.03057931,-1.00000000,-0.90120826,0.11102171
909,0.01316815,-0.00079611,-1.00000000,-0.84332702,0.04553259
910,0.05137210,0.06259544,-1.00000000,-0.96027146,0.07602352
911,-0.01608237,0.11471975,1.00000000,-0.94384568,0.08439548
912,0.00701462,0.20324845,1.00000000,-0.78052831,0.13621424
913,-0.00425372,0.04693854,-1.00000000,-0.93138770,0.14222905
914,-0.05955994,0.10046040,1.00000000,-0.97015127,0.05598244
915,-0.01868506,0.07434867,-1.00000000,-0.98195378,-0.02709678
916,0.00305389,-0.05381051,-1.00000000,-0.74552629,-0.00440351
917,-0.03530681,0.04090744,-1.00000000,-0.92026154,-0.05459155
918,0.02438944,0.09128234,1.00000000,-0.98708292,-0.02062427
919,-0.03820270,0.00239042,-1.00000000,-0.84920550,0.00470280
920,-0.05195684,0.14072247,1.00000000,-0.89587597,-0.03475346
921,0.02677890,-0.00432012,-1.00000000,-0.83682593,-0.00661850
922,-0.00800786,-0.03619211,-1.00000000,-0.77802862,0.02575472
923,0.02952195,0.14625948,1.00000000,-0.88566131,0.03184125
924,-0.05459411,0.06564934,-1.00000000,-0.96590529,0.01240304
925,0.02548977,0.15261585,1.00000000,-0.87393512,0.10424525
926,0.01685073,-0.04230336,-1.00000000,-0.76675462,0.09247166
927,-0.08187304,0.14327223,1.00000000,-0.89117218,0.00487659
928,-0.01027697,0.12325328,1.00000000,-0.92810306,-0.04232005
929,0.07699365,-0.10551587,-1.00000000,-0.65014045,0.11372693
930,-0.05151868,0.06039121,-1.00000000,-0.95620511,0.02240432
931,0.04936088,0.26262037,1.00000000,-0.67099925,0.06095737
932,-0.05968123,-0.03517679,-1.00000000,-0.77990169,0.08727414
933,0.00523820,0.19858791,1.00000000,-0.78912606,0.10567323
934,-0.02685459,-0.05409157,-1.00000000,-0.74500778,-0.01747807
935,0.02287921,0.09634396,1.00000000,-0.97774526,0.07074873
936,-0.00780163,0.02197647,-1.00000000,-0.88533777,0.00296099
937,-0.00171050,0.13722286,1.00000000,-0.90233203,0.07170718
938,-0.00874762,0.06612723,-1.00000000,-0.96678691,0.05512171
939,0.02832715,0.08024198,-1.00000000,-0.99282574,0.12056050
940,-0.01080484,0.06393510,-1.00000000,-0.96274288,0.08061535
941,0.02463687,0.14984719,1.00000000,-0.87904273,0.11908343
942,0.00434359,0.05916800,-1.00000000,-0.95394854,0.12626284
943,0.00498578,0.14129582,1.00000000,-0.89481826,0.14254897
944,-0.01501613,0.09427092,1.00000000,-0.98156960,0.09114914
945,0.01138970,0.09575904,1.00000000,-0.97882431,0.11746914
946,-0.01872277,0.04940931,-1.00000000,-0.93594575,0.06604992
947,0.01345937,0.11059862,1.00000000,-0.95144833,0.07686013
948,0.08757341,0.04082005,-1.00000000,-0.92010033,0.17479896
949,-0.11014280,0.11539461,1.00000000,-0.94260071,0.06199037
950,-0.13691774,0.28713649,1.00000000,-0.62577202,-0.11388410
951,-0.08072074,-0.17102440,-1.00000000,-0.52929060,-0.18740610
952,-0.01021282,-0.23306904,-1.00000000,-0.41483092,-0.21547843
953,-0.05102225,-0.10284569,-1.00000000,-0.65506640,-0.37983594
954,0.05484884,0.06053985,-1.00000000,-0.95647932,-0.18417604
955,0.01154665,-0.03402643,-1.00000000,-0.78202387,-0.00811545
956,0.02428043,0.21130498,1.00000000,-0.76566567,0.11640309
957,-0.05734738,0.11096232,1.00000000,-0.95077737,0.06050727
958,-0.03676057,0.14046987,1.00000000,-0.89634197,0.07741988
959,-0.03640124,-0.04868343,-1.00000000,-0.75498470,-0.03079154
960,-0.01722535,-0.00097833,-1.00000000,-0.84299085,-0.06491162
961,-0.03777936,-0.00014565,-1.00000000,-0.84452698,-0.13850694
962,0.02630450,0.04428996,-1.00000000,-0.92650159,-0.03930603
963,0.01132868,-0.00333912,-1.00000000,-0.83863569,0.01772194
964,0.12137269,0.14516018,1.00000000,-0.88768931,0.20482252
965,0.03657762,0.11045723,1.00000000,-0.95170916,0.26862626
966,-0.01202923,0.36545839,1.00000000,-0.48128412,0.29916276
967,0.00879595,0.16896572,1.00000000,-0.84377295,0.27839976
968,0.03190585,0.05633076,-1.00000000,-0.94871442,0.30280177
969,0.01327567,0.10458822,1.00000000,-0.96253629,0.17461192
970,0.01220587,0.15813999,1.00000000,-0.86374421,0.14571000
971,-0.04979988,0.11496891,1.00000000,-0.94338602,0.10091863
972,0.08210350,0.11248990,1.00000000,-0.94795930,0.18785242
973,-0.00738728,-0.03119385,-1.00000000,-0.78724940,0.14125558
974,0.00125597,0.27446126,1.00000000,-0.64915523,0.12700169
975,-0.01635395,0.06708738,-1.00000000,-0.96855819,0.09313324
976,0.00324262,0.08711609,1.00000000,-0.99476879,0.15603514
977,0.02684636,0.04630923,-1.00000000,-0.93022673,0.09050693
978,-0.01640319,0.09171967,1.00000000,-0.98627613,0.07981516
979,0.02378991,0.14641580,1.00000000,-0.88537294,0.10653765
980,0.01935640,0.04619512,-1.00000000,-0.93001624,0.14888575
981,0.02996387,0.13933319,1.00000000,-0.89843890,0.18057389
982,0.03197006,0.12905957,1.00000000,-0.91739164,0.18664997
983,0.00768307,0.15363990,1.00000000,-0.87204595,0.21521332
984,0.01725303,0.15828877,1.00000000,-0.86346975,0.20746138
985,-0.02655966,0.10200937,1.00000000,-0.96729374,0.15301055
986,0.03072256,0.12418551,1.00000000,-0.92638329,0.15391026
987,0.00575488,0.02265988,-1.00000000,-0.88659853,0.12282227
988,-0.02781885,0.15539798,1.00000000,-0.86880266,0.08072134
989,0.01871059,0.09754124,1.00000000,-0.97553652,0.08244984
990,-0.00186138,0.01974202,-1.00000000,-0.88121567,0.11173898
991,0.02131771,0.12756307,1.00000000,-0.92015237,0.10058598
992,-0.00039299,0.07989235,-1.00000000,-0.99218074,0.09329537
993,0.00308938,0.13360447,1.00000000,-0.90900724,0.12994874
994,-0.00535930,0.08329500,-1.00000000,-0.99845793,0.10140479
995,0.01141722,0.09136457,1.00000000,-0.98693121,0.11715159
996,-0.01584156,0.07178674,-1.00000000,-0.97722754,0.07308524
997,-0.00003226,0.11066240,1.00000000,-0.95133066,0.07351302
998,0.03262380,0.04749658,-1.00000000,-0.93241717,0.10853723
999,-0.03335744,0.08413090,-1.00000000,-1.00000000,0.07533486
1000,-0.00689270,0.15980365,1.00000000,-0.86067509,0.05362152
1001,0.00355561,0.00690763,-1.00000000,-0.85753884,0.07662419
1002,0.01630260,0.06823344,-1.00000000,-0.97067244,0.09599533
1003,0.01479817,0.09244496,1.00000000,-0.98493812,0.07485632
1004,-0.00462109,0.12198310,1.00000000,-0.93044627,0.10893412
1005,0.02112957,0.11849695,1.00000000,-0.93687753,0.14216511
1006,-0.02119354,0.07349738,-1.00000000,-0.98038333,0.11281565
1007,-0.01121716,0.13316848,1.00000000,-0.90981154,0.08018059
1008,-0.03103882,0.03509462,-1.00000000,-0.90953808,0.02582353
1009,-0.00493627,0.05821254,-1.00000000,-0.95218591,0.02544977
1010,-0.00191327,0.01228049,-1.00000000,-0.86745067,-0.00187623
1011,0.01073243,0.07276703,-1.00000000,-0.97903598,0.03598407
1012,-0.00477780,0.07977210,-1.00000000,-0.99195891,0.04362036
1013,-0.01850344,0.10907556,1.00000000,-0.95425805,0.05848578
1014,-0.01287211,0.07313423,-1.00000000,-0.97971339,0.04907484
1015,0.02107613,0.04132829,-1.00000000,-0.92103793,0.07633747
1016,0.00677788,0.05437758,-1.00000000,-0.94511120,0.07164785
1017,0.03009653,0.13304466,1.00000000,-0.91003997,0.11300454
1018,-0.01837562,0.09991181,1.00000000,-0.97116330,0.11315612
1019,-0.01024287,0.15394731,1.00000000,-0.87147885,0.11627407
1020,0.00216059,0.04162447,-1.00000000,-0.92158432,0.09384255
1021,0.00665988,0.06047022,-1.00000000,-0.95635087,0.09370262
1022,0.02404391,0.08921233,1.00000000,-0.99090166,0.08652496
1023,-0.01532198,0.09963838,1.00000000,-0.97166773,0.09014621
1024,-0.01205979,0.13992179,1.00000000,-0.89735306,0.08799156
1025,0.00605774,0.04870058,-1.00000000,-0.93463829,0.09261310
1026,0.00197755,0.05625993,-1.00000000,-0.94858374,0.08706043
1027,-0.01960466,0.09824306,1.00000000,-0.97424181,0.03529855
1028,-0.00137125,0.08878817,1.00000000,-0.99168414,0.05184241
1029,0.00042746,0.03877646,-1.00000000,-0.91633033,0.06665077
1030,0.00246460,0.08102812,-1.00000000,-0.99427599,0.06238974
1031,-0.00130218,0.08519620,1.00000000,-0.99831059,0.05850038
1032,-0.02493960,0.08991680,1.00000000,-0.98960206,0.05217380
1033,0.01351855,0.08118817,-1.00000000,-0.99457126,0.06983128
1034,0.02235874,0.02641401,-1.00000000,-0.89352412,0.09583910
1035,-0.03001144,0.11553173,1.00000000,-0.94234774,0.05732649
1036,-0.03129404,0.13601680,1.00000000,-0.90455698,0.02175982
1037,0.00954663,0.01466119,-1.00000000,-0.87184258,0.06265626
1038,-0.00320353,0.01168908,-1.00000000,-0.86635964,0.04282591
1039,0.09465202,0.10632773,1.00000000,-0.95932724,0.12855690
1040,-0.01159115,0.07678223,-1.00000000,-0.98644320,0.15040111
1041,0.05033318,0.30353951,1.00000000,-0.59551181,0.24720101
1042,0.03294261,0.05734590,-1.00000000,-0.95058714,0.27494579
1043,-0.03506547,0.20084100,1.00000000,-0.78496957,0.23716143
1044,-0.01245043,0.16054244,1.00000000,-0.85931218,0.11015102
1045,0.06601478,0.00294967,-1.00000000,-0.85023721,0.20218216
1046,0.02213034,0.05535471,-1.00000000,-0.94691381,0.16873704
1047,-0.03165275,0.23717943,1.00000000,-0.71793260,0.09213484
1048,0.03097630,0.13548754,1.00000000,-0.90553336,0.17045231
1049,-0.04216668,0.01085785,-1.00000000,-0.86482619,0.13521247
1050,0.00646418,0.15598597,1.00000000,-0.86771793,0.06459274
1051,0.03890892,-0.01350572,-1.00000000,-0.81988038,0.08449008
1052,0.07155047,0.09918489,1.00000000,-0.97250432,0.20687647
1053,0.00055504,0.17436795,1.00000000,-0.83380694,0.17080058
1054,0.03299963,0.25000708,1.00000000,-0.69426820,0.25993863
1055,-0.02783307,0.08549184,1.00000000,-0.99776519,0.21926628
1056,-0.00129561,0.16067456,1.00000000,-0.85906845,0.17158863
1057,0.01988097,0.01970906,-1.00000000,-0.88115487,0.11031493
1058,0.04600888,0.08120339,-1.00000000,-0.99459934,0.16421762
1059,-0.00897890,0.13027514,1.00000000,-0.91514916,0.11443622
1060,0.01652183,0.19082045,1.00000000,-0.80345544,0.16703571
1061,0.03583358,0.06339918,-1.00000000,-0.96175420,0.21106639
1062,0.04058334,0.12249114,1.00000000,-0.92950906,0.23561687
1063,0.05493655,0.16724158,1.00000000,-0.84695364,0.24620400
1064,-0.01518563,0.17824804,1.00000000,-0.82664897,0.23884357
1065,0.01381783,0.21150823,1.00000000,-0.76529071,0.23563696
1066,-0.00482188,0.04901653,-1.00000000,-0.93522115,0.18742456
1067,-0.00192118,0.11622525,1.00000000,-0.94106834,0.13701940
1068,0.01291625,0.07303210,-1.00000000,-0.97952498,0.08718846
1069,-0.03785364,0.07975378,-1.00000000,-0.99192510,0.06030698
1070,-0.01236393,0.11413605,1.00000000,-0.94492249,0.02925861
1071,-0.02873545,-0.00351126,-1.00000000,-0.83831813,0.00090003
1072,0.01495024,0.05555516,-1.00000000,-0.94728359,0.02090748
1073,-0.01127597,0.01761800,-1.00000000,-0.87729728,-0.00778154
1074,-0.07009964,0.11884935,1.00000000,-0.93622741,-0.04602135
1075,-0.05907111,0.05807625,-1.00000000,-0.95193449,-0.10141034
1076,0.01886822,-0.07823378,-1.00000000,-0.70047033,-0.04495821
1077,-0.06124096,-0.05267776,-1.00000000,-0.74761597,-0.13531165
1078,-0.00804111,0.12792833,1.00000000,-0.91947854,-0.13147550
1079,-0.00039053,-0.05770587,-1.00000000,-0.73834014,-0.04880903
1080,0.05271812,0.06557229,-1.00000000,-0.96576315,0.08375931
1081,0.01385399,0.08330070,-1.00000000,-0.99846844,0.07781305
1082,-0.00119044,0.20636753,1.00000000,-0.77477425,0.14902561
1083,-0.06234401,0.11630903,1.00000000,-0.94091378,0.08462901
1084,-0.01440765,0.08144710,-1.00000000,-0.99504892,0.06800643
1085,-0.02340667,-0.06026194,-1.00000000,-0.73362472,-0.02226825
1086,0.01663193,0.05081932,-1.00000000,-0.93854694,-0.01897395
1087,0.07655659,0.02996621,-1.00000000,-0.90007722,0.07322451
1088,-0.06855472,0.12274626,1.00000000,-0.92903841,0.06585938
1089,-0.09915801,0.26160759,1.00000000,-0.67286763,-0.03464419
1090,-0.02591787,-0.07465379,-1.00000000,-0.70707469,-0.03762217
1091,0.01738150,-0.14556975,-1.00000000,-0.57624924,-0.03673326
1092,-0.04966811,0.02414708,-1.00000000,-0.88934211,-0.18642031
1093,0.06394159,0.12448322,1.00000000,-0.92583407,-0.02929591
1094,0.11907000,-0.03088852,-1.00000000,-0.78781268,0.22949580
1095,-0.01053266,0.23237528,1.00000000,-0.72679527,0.24774078
1096,0.02072084,0.36012243,1.00000000,-0.49112789,0.25170083
1097,-0.03846879,0.05979870,-1.00000000,-0.95511206,0.26498185
1098,0.01360805,0.13222135,1.00000000,-0.91155880,0.20529244
1099,0.05044195,-0.00493672,-1.00000000,-0.83568843,0.12390798
1100,0.00544138,0.11573914,1.00000000,-0.94196512,0.14285124
1101,0.01020519,0.20109305,1.00000000,-0.78450459,0.13038096
1102,0.01405050,0.09681480,1.00000000,-0.97687666,0.19266241
1103,-0.01499633,0.10785379,1.00000000,-0.95651197,0.15874111
1104,0.00281955,0.11676440,1.00000000,-0.94007371,0.10226677
1105,0.03670137,0.04945519,-1.00000000,-0.93603039,0.13933729
1106,-0.02693377,0.09073931,1.00000000,-0.98808470,0.09529503
1107,0.00320177,0.16925249,1.00000000,-0.84324392,0.08242976
1108,-0.01313248,0.02179298,-1.00000000,-0.88499927,0.08464006
1109,0.00855810,0.09162502,1.00000000,-0.98645074,0.09144529
1110,-0.00363112,0.05377422,-1.00000000,-0.94399813,0.04361589
1111,-0.02231984,0.10403706,1.00000000,-0.96355305,0.04908744
1112,0.09021825,0.07579140,-1.00000000,-0.98461533,0.15227834
1113,-0.01150926,0.03248468,-1.00000000,-0.90472326,0.15420328
1114,0.02062363,0.29326527,1.00000000,-0.61446568,0.16851152
1115,0.00384672,0.05753566,-1.00000000,-0.95093721,0.17737932
1116,0.06137681,0.13199609,1.00000000,-0.91197436,0.27663331
1117,0.07040615,0.09311954,1.00000000,-0.98369365,0.25313858
1118,-0.02326708,0.22643200,1.00000000,-0.73775940,0.23919525
1119,0.15389921,0.24735538,1.00000000,-0.69916005,0.39724377
1120,0.03005693,0.03028968,-1.00000000,-0.90067394,0.42832587
1121,0.06593269,0.44083095,1.00000000,-0.34223715,0.43372859
1122,-0.05334767,0.15385554,1.00000000,-0.87164814,0.28697171
1123,-0.00791187,0.23698919,1.00000000,-0.71828354,0.30518110
1124,0.03438437,-0.03941503,-1.00000000,-0.77208299,0.16345113
1125,-0.02859152,0.06587177,-1.00000000,-0.96631562,0.09390125
1126,0.01965600,0.16388337,1.00000000,-0.85314884,0.03902275
1127,-0.02653320,0.01795154,-1.00000000,-0.87791260,0.07082143
1128,0.02584515,0.12975382,1.00000000,-0.91611089,0.11085312
1129,0.02934140,0.02272120,-1.00000000,-0.88671165,0.10487278
1130,0.03624741,0.14409572,1.00000000,-0.88965301,0.18176381
1131,-0.00788194,0.15219747,1.00000000,-0.87470694,0.14910719
1132,-0.03991287,0.16820053,1.00000000,-0.84518456,0.13324054
1133,-0.04055036,0.06594113,-1.00000000,-0.96644358,0.05450359
1134,0.03481738,-0.00828304,-1.00000000,-0.82951515,0.06099743
1135,-0.03869993,-0.00976028,-1.00000000,-0.82678996,-0.02788094
1136,-0.00060325,0.16488676,1.00000000,-0.85129779,-0.01924931
1137,0.04529389,-0.00547232,-1.00000000,-0.83470036,0.08179549
1138,0.06937844,0.08280778,-1.00000000,-0.99755911,0.21215759
1139,0.03045784,0.18916362,1.00000000,-0.80651196,0.20698771
1140,-0.03933451,0.24497390,1.00000000,-0.70355338,0.20623518
1141,-0.00392702,0.15478456,1.00000000,-0.86993429,0.20229359
1142,-0.09064930,-0.00694281,-1.00000000,-0.83198760,0.04108160
1143,0.03490363,0.07510572,-1.00000000,-0.98335037,0.00019870
1144,0.01703364,-0.12585281,-1.00000000,-0.61262296,-0.01572076
1145,0.01886730,0.16508663,1.00000000,-0.85092908,0.05329946
1146,0.02324946,0.12367714,1.00000000,-0.92732113,0.08552744
1147,0.02376130,0.12792620,1.00000000,-0.91948248,0.22120441
1148,0.04214609,0.13808082,1.00000000,-0.90074928,0.22979308
1149,0.04539236,0.13926690,1.00000000,-0.89856121,0.26342305
1150,0.05847965,0.18186934,1.00000000,-0.81996841,0.31039845
1151,0.05210846,0.18939180,1.00000000,-0.80609101,0.34462170
1152,0.03236517,0.21971852,1.00000000,-0.75014440,0.35482484
1153,0.03982312,0.20495479,1.00000000,-0.77738047,0.35207008
1154,0.01620710,0.15920436,1.00000000,-0.86178066,0.31745993
1155,0.05465024,0.17648640,1.00000000,-0.82989884,0.31291872
1156,0.00066979,0.12176181,1.00000000,-0.93085453,0.25191876
1157,-0.02739304,0.21084476,1.00000000,-0.76651468,0.18105282
1158,-0.03804809,0.08575776,1.00000000,-0.99727464,0.08870709
1159,-0.03624264,0.02072873,-1.00000000,-0.88303594,0.02650813
1160,0.02473437,-0.00396185,-1.00000000,-0.83748687,-0.00896843
1161,0.03194824,0.00022187,-1.00000000,-0.84520498,0.02812398
1162,0.03938836,0.14152176,1.00000000,-0.89440145,0.10731855
1163,-0.00286331,0.15823822,1.00000000,-0.86356300,0.14904339
1164,0.00489014,0.17547894,1.00000000,-0.83175740,0.19782183
1165,-0.03422782,0.07757062,-1.00000000,-0.98789761,0.12789989
1166,0.01186615,0.09553741,1.00000000,-0.97923318,0.10408498
1167,-0.00695552,0.00489073,-1.00000000,-0.85381807,0.04912682
1168,-0.00753674,0.11170268,1.00000000,-0.94941156,0.04358471
1169,0.09654545,0.06808789,-1.00000000,-0.97040393,0.15227669
1170,0.04490760,0.06674105,-1.00000000,-0.96791928,0.24612162
1171,0.01066060,0.30792707,1.00000000,-0.58741765,0.24469198
1172,0.00991169,0.18826848,1.00000000,-0.80816330,0.26469442
1173,0.08508789,0.10890910,1.00000000,-0.95456514,0.37453589
1174,0.08671326,0.10717368,1.00000000,-0.95776663,0.36287612
1175,0.00370681,0.28137687,1.00000000,-0.63639735,0.31401703
1176,-0.01861658,0.28514329,1.00000000,-0.62944907,0.27929787
1177,0.10455299,0.09279532,1.00000000,-0.98429177,0.39153087
1178,-0.06878278,0.04106611,-1.00000000,-0.92055425,0.20905909
1179,-0.03540293,0.32648267,1.00000000,-0.55318636,0.06424423
1180,0.06528055,-0.07518227,-1.00000000,-0.70609975,0.13726316
1181,-0.02072124,0.00216768,-1.00000000,-0.84879460,0.13476730
1182,-0.03071770,0.23547802,1.00000000,-0.72107134,-0.02564719
1183,0.02623995,0.03618907,-1.00000000,-0.91155711,0.08703814
1184,0.03947367,0.01302461,-1.00000000,-0.86882342,0.17583263
1185,-0.03162173,0.14501059,1.00000000,-0.88796527,0.06091837
1186,-0.00757285,0.17567663,1.00000000,-0.83139270,0.07651075
1187,-0.01340758,0.01092973,-1.00000000,-0.86495879,0.09703844
1188,-0.00248055,0.06665737,-1.00000000,-0.96776491,0.06297944
1189,-0.00802365,0.05313675,-1.00000000,-0.94282212,0.00665343
1190,-0.03264336,0.07845757,-1.00000000,-0.98953385,0.00544190
1191,0.00696292,0.06561275,-1.00000000,-0.96583779,0.02267955
1192,0.01535646,0.00856234,-1.00000000,-0.86059144,0.05679017
1193,-0.04220104,0.10034060,1.00000000,-0.97037226,0.00968653
1194,-0.04386963,0.11979065,1.00000000,-0.93449090,-0.03282242
1195,0.04671210,-0.01358534,-1.00000000,-0.81973349,0.06128345
1196,0.01743294,-0.01745190,-1.00000000,-0.81260049,0.07369961
1197,0.00974153,0.19244999,1.00000000,-0.80044928,0.06704099
1198,0.01173254,0.12460242,1.00000000,-0.92561417,0.13099963
1199,0.07794562,0.10677937,1.00000000,-0.95849406,0.27545760
1200,0.05770183,0.11139308,1.00000000,-0.94998271,0.28849008
1201,-0.01348034,0.26482633,1.00000000,-0.66692971,0.25183071
1202,-0.00978216,0.21791610,1.00000000,-0.75346950,0.22867801
1203,-0.04047177,0.05296815,-1.00000000,-0.94251110,0.16677008
1204,-0.00822273,0.06153782,-1.00000000,-0.95832037,0.06458496
1205,-0.03458485,-0.00957816,-1.00000000,-0.82712592,-0.04485574
1206,0.01605817,0.06515141,-1.00000000,-0.96498672,-0.00982668
1207,0.03081262,0.00406340,-1.00000000,-0.85229182,0.03831376
1208,0.00162017,0.12141672,1.00000000,-0.93149115,0.08822965
1209,0.00444087,0.15560669,1.00000000,-0.86841764,0.10324714
1210,-0.00426872,0.08796004,1.00000000,-0.99321188,0.13919836
1211,-0.01168394,0.09449634,1.00000000,-0.98115373,0.10629961
1212,-0.04104618,0.07431392,-1.00000000,-0.98188967,0.02108386
1213,0.02075007,0.05713088,-1.00000000,-0.95019047,0.04376958
1214,-0.00460493,-0.01090922,-1.00000000,-0.82467039,0.03304236
1215,-0.00641307,0.13228909,1.00000000,-0.91143384,0.03049942
1216,-0.02571302,0.07353482,-1.00000000,-0.98045240,0.01386265
1217,0.00874843,0.06934489,-1.00000000,-0.97272282,0.07291296
1218,-0.01925351,0.02462177,-1.00000000,-0.89021781,0.02547361
1219,0.05007245,0.10447810,1.00000000,-0.96273944,0.09031429
1220,0.01769442,0.03959019,-1.00000000,-0.91783148,0.11890282
1221,0.08786527,0.20023680,1.00000000,-0.78608419,0.25359279
1222,-0.00477026,0.12520833,1.00000000,-0.92449639,0.23756128
1223,-0.08311958,0.28781281,1.00000000,-0.62452436,0.16182394
1224,0.02957266,0.07315172,-1.00000000,-0.97974565,0.13751370
1225,-0.06322420,-0.10840443,-1.00000000,-0.64481165,0.04155412
1226,0.11970260,0.15273336,1.00000000,-0.87371834,0.07930929
1227,-0.01359456,-0.06230157,-1.00000000,-0.72986201,0.06884475
1228,0.00911065,0.36158834,1.00000000,-0.48842357,0.17821852
1229,-0.04311167,0.05270347,-1.00000000,-0.94202281,0.09202380
1230,-0.02969525,0.10531747,1.00000000,-0.96119097,0.13178502
1231,-0.04536309,-0.01569551,-1.00000000,-0.81584066,-0.06396270
1232,-0.04058563,0.01539389,-1.00000000,-0.87319425,-0.09597081
1233,0.05152761,-0.02091265,-1.00000000,-0.80621611,-0.04566950
1234,-0.04524081,-0.00984201,-1.00000000,-0.82663918,-0.04819439
1235,-0.10807756,0.20360879,1.00000000,-0.77986356,-0.14114622
1236,0.06479051,-0.02062929,-1.00000000,-0.80673885,-0.01051752
1237,-0.06925696,-0.16623870,-1.00000000,-0.53811924,-0.04451820
1238,0.01013378,0.23434247,1.00000000,-0.72316620,-0.09360621
1239,0.00301557,-0.07628107,-1.00000000,-0.70407269,-0.03638004
1240,-0.02418634,0.10768833,1.00000000,-0.95681722,0.06310468
1241,0.00377356,0.09119355,1.00000000,-0.98724672,-0.00925397
1242,-0.06381293,0.02815950,-1.00000000,-0.89674419,-0.00279802
1243,0.01768797,0.09295000,1.00000000,-0.98400642,0.00616032
1244,0.03644828,-0.06366582,-1.00000000,-0.72734525,0.04580742
1245,0.02981018,0.12519338,1.00000000,-0.92452397,0.10984070
1246,0.07457077,0.16866600,1.00000000,-0.84432587,0.19379753
1247,-0.01845463,0.15328377,1.00000000,-0.87270295,0.24758693
1248,-0.00200179,0.25700592,1.00000000,-0.68135678,0.22423729
1249,-0.00061803,0.04144141,-1.00000000,-0.92124660,0.18028117
1250,-0.07010654,0.07956699,-1.00000000,-0.99158052,0.06179216
1251,0.09122201,0.08277352,-1.00000000,-0.99749590,0.08153849
1252,-0.05540363,-0.07824979,-1.00000000,-0.70044080,0.03772149
1253,-0.00629849,0.29559126,1.00000000,-0.61017471,0.03262614
1254,0.03691730,-0.04417924,-1.00000000,-0.76329401,0.07713845
1255,-0.01397528,0.06961040,-1.00000000,-0.97321265,0.14370326
1256,-0.01548257,0.16975284,1.00000000,-0.84232088,0.01716468
1257,-0.00041499,0.05182124,-1.00000000,-0.94039527,0.08237448
1258,-0.03747254,0.04832844,-1.00000000,-0.93395177,0.04540587
1259,-0.03403592,0.08324402,-1.00000000,-0.99836389,-0.03873597
1260,0.01040416,-0.00262814,-1.00000000,-0.83994729,-0.00982494
1261,0.03589254,0.00533541,-1.00000000,-0.85463842,0.05109966
1262,-0.02332502,0.10831486,1.00000000,-0.95566140,0.02393116
1263,0.00632806,0.16737820,1.00000000,-0.84670159,0.07587332
1264,0.01883412,0.03015541,-1.00000000,-0.90042624,0.13857072
1265,-0.01483136,0.09886946,1.00000000,-0.97308622,0.10864448
1266,-0.01752503,0.12784933,1.00000000,-0.91962429,0.04529778
1267,-0.00088228,0.04983746,-1.00000000,-0.93673561,0.07191213
1268,0.05541424,0.04359552,-1.00000000,-0.92522051,0.13012233
1269,0.00421294,0.08216120,-1.00000000,-0.99636630,0.11278339
1270,-0.02673579,0.21261516,1.00000000,-0.76324865,0.09866619
1271,0.02086136,0.09396816,1.00000000,-0.98212813,0.14418775
1272,0.00908642,0.02225175,-1.00000000,-0.88584560,0.15600941
1273,-0.02377151,0.13254696,1.00000000,-0.91095812,0.06210480
1274,0.03084129,0.10526132,1.00000000,-0.96129455,0.09368277
1275,-0.01142911,0.02912078,-1.00000000,-0.89851756,0.11183462
1276,0.02996975,0.15567311,1.00000000,-0.86829510,0.12263605
1277,0.00654855,0.05772138,-1.00000000,-0.95127983,0.11962645
1278,0.01236852,0.15365352,1.00000000,-0.87202083,0.16248411
1279,-0.00604918,0.09938040,1.00000000,-0.97214364,0.11873653
1280,0.01323475,0.11286682,1.00000000,-0.94726396,0.14798486
1281,0.00646214,0.07018812,-1.00000000,-0.97427842,0.12010771
1282,0.01433124,0.11487410,1.00000000,-0.94356094,0.12933702
1283,0.01462845,0.09918016,1.00000000,-0.97251304,0.13201701
1284,-0.01212283,0.11741494,1.00000000,-0.93887360,0.12481441
1285,0.01177887,0.11810366,1.00000000,-0.93760306,0.12308791
1286,-0.01543480,0.05611386,-1.00000000,-0.94831429,0.09712081
1287,-0.02215539,0.11150043,1.00000000,-0.94978466,0.05385214
1288,-0.01199539,0.04843914,-1.00000000,-0.93415598,0.02227953
1289,0.00939496,0.03286575,-1.00000000,-0.90542627,0.04779699
1290,-0.08514174,0.05640918,-1.00000000,-0.94885908,-0.06713899
1291,-0.04536597,0.10597629,1.00000000,-0.95997558,-0.10263369
1292,0.01657590,-0.11309031,-1.00000000,-0.63616715,-0.05670311
1293,0.02777463,-0.02091932,-1.00000000,-0.80620380,-0.00954074
1294,0.03129131,0.12261643,1.00000000,-0.92927792,0.01642565
1295,0.00920276,0.14856686,1.00000000,-0.88140467,0.12830668
1296,-0.01238199,0.15671592,1.00000000,-0.86637132,0.16742164
1297,-0.00042468,0.10553090,1.00000000,-0.96079723,0.14726103
1298,0.04627471,0.05551330,-1.00000000,-0.94720637,0.16919986
1299,0.01030063,0.08322157,-1.00000000,-0.99832247,0.14430748
1300,0.01067898,0.19143645,1.00000000,-0.80231904,0.14605810
1301,-0.01177903,0.10807496,1.00000000,-0.95610396,0.14677314
1302,0.04965056,0.10895169,1.00000000,-0.95448658,0.20615625
1303,-0.00639925,0.05691054,-1.00000000,-0.94978399,0.14369138
1304,0.00098267,0.19925919,1.00000000,-0.78788769,0.13264142
1305,0.02601552,0.06937691,-1.00000000,-0.97278189,0.15082869
1306,-0.02307674,0.08648278,1.00000000,-0.99593712,0.13743098
1307,0.00296641,0.14449053,1.00000000,-0.88892467,0.08206929
1308,-0.01142632,0.03073074,-1.00000000,-0.90148761,0.07610780
1309,0.00286389,0.09107964,1.00000000,-0.98745686,0.07833870
1310,-0.02643951,0.05772785,-1.00000000,-0.95129176,0.01613345
1311,-0.00627920,0.09084206,1.00000000,-0.98789513,0.03605327
1312,0.04007826,0.02293831,-1.00000000,-0.88711217,0.08006338
1313,0.01364446,0.06965509,-1.00000000,-0.97329509,0.10979425
1314,-0.00476082,0.17707762,1.00000000,-0.82880815,0.10075228
1315,-0.04350860,0.11582349,1.00000000,-0.94180951,0.08051043
1316,-0.04645020,0.07317360,-1.00000000,-0.97978601,0.03287254
1317,0.00464247,-0.01661530,-1.00000000,-0.81414384,-0.00914998
1318,0.00225144,-0.02343177,-1.00000000,-0.80156885,-0.02266070
1319,0.01159321,0.09496349,1.00000000,-0.98029194,-0.00326682
1320,0.03914929,0.08942285,1.00000000,-0.99051330,0.09475532
1321,0.06785813,0.11107022,1.00000000,-0.95057831,0.23031102
1322,0.00495074,0.17492495,1.00000000,-0.83277939,0.23067659
1323,-0.06879296,0.24145095,1.00000000,-0.71005251,0.14642662
1324,0.01051699,0.09567784,1.00000000,-0.97897411,0.14515035
1325,0.02686778,-0.07520587,-1.00000000,-0.70605620,0.13058599
1326,0.00292989,0.10857631,1.00000000,-0.95517907,0.05358904
1327,0.00832683,0.14646545,1.00000000,-0.88528135,0.05759267
1328,-0.00548292,0.09099501,1.00000000,-0.98761298,0.13267064
1329,0.01491710,0.10350113,1.00000000,-0.96454174,0.13788864
1330,-0.03371263,0.07150030,-1.00000000,-0.97669911,0.06604768
1331,-0.00300196,0.11877255,1.00000000,-0.93636909,0.05901323
1332,0.00542670,0.00608457,-1.00000000,-0.85602046,0.05557403
1333,-0.01259950,0.07724933,-1.00000000,-0.98730490,0.04713464
1334,-0.00881849,0.09678077,1.00000000,-0.97693944,0.01898713
1335,-0.01582385,0.05500929,-1.00000000,-0.94627657,0.04020103
1336,0.02931744,0.06377088,-1.00000000,-0.96243993,0.07852789
1337,0.02219076,0.04753761,-1.00000000,-0.93249286,0.09840801
1338,-0.00907314,0.15214196,1.00000000,-0.87480935,0.10258985
1339,-0.03515689,0.13562754,1.00000000,-0.90527508,0.07135573
1340,0.00592716,0.06318080,-1.00000000,-0.96135134,0.09714976
1341,-0.00833519,0.00273784,-1.00000000,-0.84984642,0.05249835
1342,-0.01714653,0.09794047,1.00000000,-0.97480003,0.00584914
1343,0.00141029,0.06489082,-1.00000000,-0.96450598,0.01828120
1344,-0.05555302,0.04447261,-1.00000000,-0.92683856,-0.00590611
1345,-0.01173154,0.08747368,1.00000000,-0.99410911,-0.02684717
1346,0.05409777,-0.04452540,-1.00000000,-0.76265540,0.04719068
1347,-0.03137138,0.05702058,-1.00000000,-0.94998699,0.03032174
1348,-0.01762175,0.20956455,1.00000000,-0.76887641,0.00775207
1349,0.00877822,0.01150985,-1.00000000,-0.86602900,0.08404105
1350,0.02705158,0.04337140,-1.00000000,-0.92480704,0.13003309
1351,0.02982918,0.10454714,1.00000000,-0.96261207,0.10125351
1352,-0.01492597,0.14689136,1.00000000,-0.88449563,0.12075576
1353,-0.16780546,0.15332778,1.00000000,-0.87262175,-0.05734375
1354,0.00013205,0.04961824,-1.00000000,-0.93633119,-0.06759705
1355,-0.10219762,-0.30464409,-1.00000000,-0.28278957,-0.22087080
1356,0.03230579,0.08451165,1.00000000,-0.99957345,-0.21793384
1357,-0.02148949,-0.15261333,-1.00000000,-0.56325527,-0.22571738
1358,0.21023919,0.15906675,1.00000000,-0.86203453,0.22259733
1359,-0.02431080,0.03440882,-1.00000000,-0.90827291,0.19361110
1360,0.07071214,0.57138563,1.00000000,-0.10139043,0.39866092
1361,0.02482742,0.02787109,-1.00000000,-0.89621214,0.38979250
1362,-0.01968830,0.24806445,1.00000000,-0.69785196,0.39192849
1363,0.00857745,0.14173739,1.00000000,-0.89400365,0.15278234
1364,-0.03457804,0.03858266,-1.00000000,-0.91597280,0.14060666
1365,-0.12963845,0.10408189,1.00000000,-0.96347036,-0.09698462
1366,0.10619728,0.00407919,-1.00000000,-0.85232095,-0.00048992
1367,0.13200420,-0.21620099,-1.00000000,-0.44594903,0.17939882
1368,0.08334673,0.33029294,1.00000000,-0.54615720,0.26806603
1369,0.05649361,0.39009441,1.00000000,-0.43583570,0.37606586
1370,0.00511183,0.27734214,1.00000000,-0.64384059,0.53586320
1371,0.05685540,0.21511634,1.00000000,-0.75863448,0.47734977
1372,-0.05658455,0.09605114,1.00000000,-0.97828544,0.25370659
1373,-0.05939008,0.21595472,1.00000000,-0.75708785,0.08443820
1374,-0.13344976,-0.04691574,-1.00000000,-0.75824573,-0.14081139
1375,-0.01868377,-0.05341690,-1.00000000,-0.74625241,-0.16903007
1376,0.07355395,-0.22503282,-1.00000000,-0.42965611,-0.14922764
1377,-0.06058989,0.04091041,-1.00000000,-0.92026702,-0.15397748
1378,-0.00922813,0.25464968,1.00000000,-0.68570356,-0.09449155
1379,0.11668984,-0.05619718,-1.00000000,-0.74112336,0.20214341
1380,-0.10759527,0.06282165,-1.00000000,-0.96068878,0.09670525
1381,0.04569203,0.35460698,1.00000000,-0.50130276,0.06366443
1382,-0.07751955,-0.16512112,-1.00000000,-0.54018096,0.04358793
1383,-0.11469261,0.19008623,1.00000000,-0.80480993,-0.08148003
1384,0.09819028,-0.09542768,-1.00000000,-0.66875111,-0.10341825
1385,0.01179957,-0.18156752,-1.00000000,-0.50984071,0.03816943
1386,0.05077577,0.31173858,1.00000000,-0.58038619,0.04419812
1387,-0.05034622,0.11154841,1.00000000,-0.94969615,0.07642236
1388,-0.01771373,0.20186660,1.00000000,-0.78307755,0.19142744
1389,-0.03152191,-0.03245988,-1.00000000,-0.78491382,0.03760465
1390,0.01416746,0.04315826,-1.00000000,-0.92441384,0.04041267
1391,0.02896864,0.01116103,-1.00000000,-0.86538550,0.01455208
1392,0.03717950,0.11703542,1.00000000,-0.93957374,0.11834688
1393,0.02404018,0.15133370,1.00000000,-0.87630043,0.16786191
1394,0.03749341,0.17036043,1.00000000,-0.84120000,0.24970563
1395,-0.01754595,0.13991315,1.00000000,-0.89736901,0.21209742
1396,-0.05568276,0.17108784,1.00000000,-0.83985808,0.11171121
1397,-0.05467674,0.04354706,-1.00000000,-0.92513109,0.00278095
1398,0.05699260,-0.04482606,-1.00000000,-0.76210076,0.04185848
1399,-0.05512003,-0.04249484,-1.00000000,-0.76640137,-0.06796973
1400,0.02722898,0.21627263,1.00000000,-0.75650138,-0.01487215
1401,0.05818561,-0.04352206,-1.00000000,-0.76450636,0.12016181
1402,-0.05882679,0.14730243,1.00000000,-0.88373728,0.11524036
1403,-0.03802113,0.21903715,1.00000000,-0.75140139,0.00256570
1404,0.00444054,-0.05211160,-1.00000000,-0.74866043,0.07319726
1405,-0.01936199,-0.00389938,-1.00000000,-0.83760211,0.01794607
1406,0.03424235,0.09449559,1.00000000,-0.98115513,-0.01044769
1407,-0.01358644,0.03933881,-1.00000000,-0.91736774,0.04320182
1408,-0.00955751,0.16355428,1.00000000,-0.85375594,0.07695620
1409,-0.00342848,0.05272229,-1.00000000,-0.94205752,0.06762449
1410,0.02737855,0.06205838,-1.00000000,-0.95928071,0.12305305
1411,0.04061671,0.07626096,-1.00000000,-0.98548157,0.13061225
1412,-0.01051016,0.14764902,1.00000000,-0.88309790,0.13426034
1413,0.00374560,0.17832535,1.00000000,-0.82650635,0.15003620
1414,0.04322978,0.05985084,-1.00000000,-0.95520825,0.20536719
1415,0.02233249,0.09288521,1.00000000,-0.98412595,0.19938319
1416,0.01336397,0.18438053,1.00000000,-0.81533577,0.16706478
1417,-0.02901460,0.13595598,1.00000000,-0.90466918,0.14512078
1418,0.02457503,0.11517354,1.00000000,-0.94300854,0.16982193
1419,-0.01677005,0.01697115,-1.00000000,-0.87610398,0.09866948
1420,0.03241675,0.14115252,1.00000000,-0.89508262,0.11062817
1421,0.01617955,0.04534502,-1.00000000,-0.92844798,0.11396710
1422,0.04099402,0.15932387,1.00000000,-0.86156019,0.19698876
1423,0.00353541,0.12169798,1.00000000,-0.93097227,0.17203834
1424,-0.12827696,0.17919968,1.00000000,-0.82489339,0.03980479
1425,0.02781997,0.09239814,1.00000000,-0.98502449,0.03435357
1426,-0.01511140,-0.21304607,-1.00000000,-0.45176921,-0.00275367
1427,0.00347742,0.14867192,1.00000000,-0.88121087,-0.04724376
1428,0.04208696,0.04918856,-1.00000000,-0.93553851,-0.00152634
1429,-0.01407573,0.09226376,1.00000000,-0.98527239,0.13390234
1430,-0.02188544,0.18173232,1.00000000,-0.82022118,0.07495781
1431,-0.06503746,0.05158846,-1.00000000,-0.93996585,0.01575160
1432,-0.01884736,0.03349130,-1.00000000,-0.90658027,-0.01072284
1433,-0.00073220,-0.06650338,-1.00000000,-0.72211053,-0.06150113
1434,0.01504157,0.04053135,-1.00000000,-0.91956773,-0.02697157
1435,0.02568886,0.08250897,-1.00000000,-0.99700787,0.02944573
1436,0.03218756,0.11906097,1.00000000,-0.93583702,0.14474271
1437,-0.07951331,0.14373357,1.00000000,-0.89032112,0.07280031
1438,-0.05736696,0.15879279,1.00000000,-0.86253993,0.00563842
1439,0.11156031,-0.10004776,-1.00000000,-0.66022800,0.12009783
1440,0.00809495,-0.04872879,-1.00000000,-0.75490102,0.09923361
1441,0.05776890,0.34272048,1.00000000,-0.52323091,0.12956995
1442,0.02777211,0.10296382,1.00000000,-0.96553296,0.25679734
1443,-0.05391588,0.21807154,1.00000000,-0.75318275,0.26088989
1444,-0.03001904,0.14856102,1.00000000,-0.88141545,0.09299412
1445,0.05418256,-0.04073173,-1.00000000,-0.76965396,0.14764837
1446,-0.02492691,0.01464360,-1.00000000,-0.87181013,0.04958126
1447,0.00588928,0.20976102,1.00000000,-0.76851396,0.02363089
1448,0.05946627,0.02644341,-1.00000000,-0.89357837,0.15808825
1449,-0.03980198,0.09785269,1.00000000,-0.97496197,0.14648688
1450,0.05307998,0.22200478,1.00000000,-0.74592672,0.14517935
1451,-0.03379229,-0.00802607,-1.00000000,-0.82998921,0.13466609
1452,0.01856379,0.20720605,1.00000000,-0.77322735,0.14969651
1453,-0.06069623,0.00589997,-1.00000000,-0.85567990,0.00719850
1454,-0.08870012,0.12722290,1.00000000,-0.92077993,-0.05078871
1455,-0.00103271,-0.05644358,-1.00000000,-0.74066880,-0.11495974
1456,0.02058218,-0.12133603,-1.00000000,-0.62095549,-0.05047827
1457,0.00517393,0.08181260,-1.00000000,-0.99572320,-0.06635701
1458,-0.04295825,0.13190003,1.00000000,-0.91215157,-0.04532194
1459,-0.02901561,0.09619505,1.00000000,-0.97801997,0.02545659
1460,-0.03722532,-0.01533999,-1.00000000,-0.81649653,-0.01746341
1461,-0.01551141,0.01696881,-1.00000000,-0.87609967,-0.06026600
1462,-0.00733451,-0.00205527,-1.00000000,-0.84100412,-0.07509948
1463,-0.02306621,0.04826161,-1.00000000,-0.93382848,-0.05150995
1464,-0.00851803,0.06720966,-1.00000000,-0.96878377,-0.02720234
1465,-0.08086023,0.03075515,-1.00000000,-0.90153265,-0.07894800
1466,0.10834907,0.06446712,-1.00000000,-0.96372434,0.06793538
1467,0.07145950,-0.10316892,-1.00000000,-0.65447009,0.16137543
1468,0.06868028,0.33527920,1.00000000,-0.53695857,0.27017553
1469,0.05712378,0.24979628,1.00000000,-0.69465709,0.34801870
1470,0.02358902,0.24335608,1.00000000,-0.70653794,0.47188273
1471,-0.06026365,0.21657663,1.00000000,-0.75594056,0.27192868
1472,-0.12937547,0.13886768,1.00000000,-0.89929768,0.03376298
1473,0.01422643,-0.05544118,-1.00000000,-0.74251802,-0.03081262
1474,0.09828942,-0.21559161,-1.00000000,-0.44707321,0.01800478
1475,0.04606674,0.11717207,1.00000000,-0.93932164,0.04466060
1476,0.06903420,0.31196832,1.00000000,-0.57996237,0.19799202
1477,0.01440794,0.19095451,1.00000000,-0.80320812,0.36850155
1478,0.01403990,0.24417621,1.00000000,-0.70502497,0.36828035
1479,-0.01576885,0.11759268,1.00000000,-0.93854572,0.23302120
1480,-0.00935830,0.11673984,1.00000000,-0.94011902,0.16729388
1481,-0.01423707,0.04766506,-1.00000000,-0.93272797,0.06854435
1482,0.02864913,0.06251999,-1.00000000,-0.96013229,0.08543267
1483,0.00372894,0.05121461,-1.00000000,-0.93927616,0.07320513
1484,0.02089007,0.15059330,1.00000000,-0.87766632,0.11667813
1485,-0.03348910,0.09284661,1.00000000,-0.98419715,0.08806196
1486,-0.01191081,0.13261351,1.00000000,-0.91083536,0.09082062
1487,-0.01417239,0.00660255,-1.00000000,-0.85697602,0.04003953
1488,0.01143200,0.05660517,-1.00000000,-0.94922064,0.04917441
1489,-0.02320197,0.05136448,-1.00000000,-0.93955264,-0.00311335
1490,-0.07128642,0.11069663,1.00000000,-0.95126751,-0.04793635
1491,0.00385425,0.03044055,-1.00000000,-0.90095227,-0.02924092
1492,0.03189989,-0.08098386,-1.00000000,-0.69539700,0.02539517
1493,0.01449327,0.09313699,1.00000000,-0.98366147,0.02902547
1494,0.02020981,0.15812618,1.00000000,-0.86376969,0.08050653
1495,-0.00759737,0.11779042,1.00000000,-0.93818093,0.15603394
1496,-0.01234376,0.13103716,1.00000000,-0.91374340,0.13682509
1497,0.02484514,0.06660055,-1.00000000,-0.96766007,0.12845902
1498,-0.04043990,0.05560191,-1.00000000,-0.94736984,0.06331500
1499,0.00489816,0.14177845,1.00000000,-0.89392790,0.04515726
1500,0.01289003,-0.00950431,-1.00000000,-0.82726216,0.06945281
1501,-0.01317994,0.09555601,1.00000000,-0.97919886,0.06846119
1502,-0.03667706,0.11407528,1.00000000,-0.94503460,-0.00449662
1503,-0.02261913,0.05366424,-1.00000000,-0.94379524,0.01663664
1504,0.02459670,-0.00078481,-1.00000000,-0.84334785,0.03999670
1505,0.00481628,0.03179115,-1.00000000,-0.90344386,0.03042222
1506,0.00654514,0.14120274,1.00000000,-0.89498997,0.05381376
1507,0.00524868,0.09536627,1.00000000,-0.97954889,0.10353256
1508,0.00959373,0.09937249,1.00000000,-0.97215824,0.14173307
1509,-0.01124621,0.09636825,1.00000000,-0.97770045,0.09922776
1510,0.03172484,0.10643689,1.00000000,-0.95912586,0.13113802
1511,-0.00568605,0.05814522,-1.00000000,-0.95206172,0.11663332
1512,-0.03275446,0.15772053,1.00000000,-0.86451803,0.07156624
1513,-0.01285863,0.07102957,-1.00000000,-0.97583072,0.04494048
1514,-0.04167094,0.00830489,-1.00000000,-0.86011650,0.00886047
1515,-0.05919820,0.05440880,-1.00000000,-0.94516880,-0.09896313
1516,0.01401364,-0.01235696,-1.00000000,-0.82199961,-0.07560170
1517,0.01760835,-0.05297227,-1.00000000,-0.74707266,-0.01587757
1518,-0.03556378,0.11667899,1.00000000,-0.94023128,-0.04280310
1519,-0.02391825,0.12500888,1.00000000,-0.92486434,-0.02175058
1520,-0.10964334,0.00179495,-1.00000000,-0.84810700,-0.08157233
1521,0.05473949,0.02878073,-1.00000000,-0.89789025,-0.03327646
1522,0.04297388,-0.16986702,-1.00000000,-0.53142574,-0.00319604
1523,-0.03748517,0.21105159,1.00000000,-0.76613312,-0.00547456
1524,0.01322310,0.18378755,1.00000000,-0.81642971,0.03857054
1525,0.01801161,-0.00265740,-1.00000000,-0.83989331,0.18995369
1526,-0.00048165,0.11484710,1.00000000,-0.94361075,0.12446817
1527,0.00453399,0.12594335,1.00000000,-0.92314042,0.07888316
1528,-0.03540199,0.08308956,-1.00000000,-0.99807893,0.08135355
1529,-0.04051883,0.09471212,1.00000000,-0.98075568,0.01762220
1530,-0.00761807,0.00216988,-1.00000000,-0.84879865,-0.01277147
1531,-0.00367842,-0.00968721,-1.00000000,-0.82692475,-0.01656245
1532,-0.02363569,0.06655258,-1.00000000,-0.96757159,-0.04996824
1533,-0.00729130,0.07568179,-1.00000000,-0.98441311,-0.01663240
1534,0.02498334,0.02943552,-1.00000000,-0.89909819,0.06104516
1535,-0.00019118,0.06730980,-1.00000000,-0.96896850,0.06985255
1536,-0.03518074,0.14209869,1.00000000,-0.89333713,0.03249465
1537,0.01472646,0.08376266,-1.00000000,-0.99932067,0.07798746
1538,-0.00435158,0.00268256,-1.00000000,-0.84974445,0.08147361
1539,-0.00520497,0.11833079,1.00000000,-0.93718406,0.04567397
1540,-0.00062977,0.07412191,-1.00000000,-0.98153545,0.04515385
1541,0.05898947,0.07214436,-1.00000000,-0.97788729,0.15682819
1542,-0.00310577,0.08274633,-1.00000000,-0.99744575,0.13568135
1543,0.02592000,0.22089990,1.00000000,-0.74796499,0.17157974
1544,0.00822295,0.07700879,-1.00000000,-0.98686115,0.18750361
1545,-0.02791901,0.14426918,1.00000000,-0.88933301,0.15514192
1546,-0.00334230,0.10326042,1.00000000,-0.96498581,0.08122407
1547,-0.00689057,0.01950993,-1.00000000,-0.88078751,0.07673576
1548,0.05387589,0.07646068,-1.00000000,-0.98585000,0.10988803
1549,0.00724060,0.06823840,-1.00000000,-0.97068158,0.10872308
1550,0.04980465,0.20905040,1.00000000,-0.76982491,0.20089382
1551,-0.06228028,0.10098406,1.00000000,-0.96918523,0.13100059
1552,0.01971478,0.19961625,1.00000000,-0.78722899,0.16255127
1553,0.02304774,-0.06011426,-1.00000000,-0.73389714,0.12599286
1554,-0.01125222,0.12989003,1.00000000,-0.91585961,0.10406264
1555,0.00995431,0.13761340,1.00000000,-0.90161157,0.05680501
1556,0.00319833,0.05813129,-1.00000000,-0.95203603,0.13445463
1557,0.00976798,0.10727244,1.00000000,-0.95758444,0.12265895
1558,-0.03737922,0.09161704,1.00000000,-0.98646547,0.05099996
1559,0.01709254,0.10684066,1.00000000,-0.95838099,0.08461337
1560,-0.00454528,-0.00241191,-1.00000000,-0.84034620,0.06741863
1561,0.06725686,0.12381361,1.00000000,-0.92706937,0.14338420
1562,0.01987500,0.07367305,-1.00000000,-0.98070740,0.15536990
1563,-0.00681705,0.24005764,1.00000000,-0.71262289,0.19161289
1564,-0.06239431,0.13026131,1.00000000,-0.91517467,0.09735121
1565,0.00341534,0.06840875,-1.00000000,-0.97099584,0.10679154
1566,0.01733060,-0.06037850,-1.00000000,-0.73340968,0.04758510
1567,-0.00251730,0.09211992,1.00000000,-0.98553776,0.02103057
1568,-0.00571426,0.12436525,1.00000000,-0.92605170,0.02233834
1569,0.02045306,0.07837242,-1.00000000,-0.98937677,0.12058519
1570,0.03141258,0.07096420,-1.00000000,-0.97571013,0.15378648
1571,-0.00922446,0.13160082,1.00000000,-0.91270355,0.12229543
1572,0.00134972,0.15699694,1.00000000,-0.86585290,0.12688124
1573,0.07757475,0.06283014,-1.00000000,-0.96070444,0.22565182
1574,0.03947797,0.08733332,1.00000000,-0.99436805,0.24821304
1575,0.01876706,0.26396694,1.00000000,-0.66851511,0.23321700
1576,0.00227750,0.17568659,1.00000000,-0.83137432,0.24685692
1577,0.00122207,0.12769392,1.00000000,-0.91991100,0.24670554
1578,0.06476498,0.08948324,1.00000000,-0.99040189,0.23151472
1579,0.02634510,0.08703752,1.00000000,-0.99491373,0.21594075
1580,-0.01148519,0.23428329,1.00000000,-0.72327538,0.18006529
1581,-0.02685319,0.14525426,1.00000000,-0.88751575,0.14551985
1582,0.03701829,0.05759144,-1.00000000,-0.95104012,0.18796980
1583,0.03726396,0.02197971,-1.00000000,-0.88534374,0.15535696
1584,-0.00871337,0.16998687,1.00000000,-0.84188914,0.11378189
1585,0.00153038,0.17055614,1.00000000,-0.84083895,0.12921677
1586,0.00965769,0.06401447,-1.00000000,-0.96288930,0.17251420
1587,-0.01796606,0.08775197,1.00000000,-0.99359573,0.10730948
1588,-0.06311192,0.10658509,1.00000000,-0.95885246,-0.01172403
1589,0.02137365,0.04257353,-1.00000000,-0.92333515,0.02395549
1590,0.01007170,-0.06204140,-1.00000000,-0.73034197,0.03408445
1591,0.01687831,0.13373408,1.00000000,-0.90876812,0.04264722
1592,0.00469948,0.10754447,1.00000000,-0.95708261,0.06952579
1593,-0.00288720,0.12331718,1.00000000,-0.92798518,0.14094494
1594,-0.02849358,0.09509562,1.00000000,-0.98004819,0.08180850
1595,-0.00519693,0.07751525,-1.00000000,-0.98779548,0.06370178
1596,0.01175245,0.01817848,-1.00000000,-0.87833125,0.05762314
1597,0.00985507,0.07216301,-1.00000000,-0.97792169,0.06373703
1598,-0.02397889,0.11143922,1.00000000,-0.94989759,0.03872487
1599,-0.00140839,0.10704247,1.00000000,-0.95800869,0.07084459
1600,-0.02208154,0.02864023,-1.00000000,-0.89763104,0.05082150
1601,-0.01269743,0.08094204,-1.00000000,-0.99411721,0.02182694
1602,0.00274472,0.03303688,-1.00000000,-0.90574196,0.01339493
1603,0.01967203,0.05478236,-1.00000000,-0.94585793,0.06515959
1604,-0.02336180,0.09056590,1.00000000,-0.98840459,0.03912553
1605,-0.03955058,0.12979099,1.00000000,-0.91604232,0.01840939
1606,0.01251957,0.03007017,-1.00000000,-0.90026900,0.04831366
1607,-0.00032317,-0.00744352,-1.00000000,-0.83106390,0.04467552
1608,-0.00048322,0.11321682,1.00000000,-0.94661827,0.02077385
1609,-0.00863049,0.08345680,-1.00000000,-0.99875642,0.03824338
1610,-0.00423403,0.08308591,-1.00000000,-0.99807220,0.08012449
1611,-0.01214881,0.06420653,-1.00000000,-0.96324360,0.05087082
1612,-0.01829952,0.07439429,-1.00000000,-0.98203794,0.02955306
1613,-0.00788675,0.05605365,-1.00000000,-0.94820321,0.02077338
1614,-0.02375576,0.04180082,-1.00000000,-0.92190964,0.00283666
1615,0.04673269,0.06592997,-1.00000000,-0.96642299,0.06327696
1616,0.00320865,0.02915728,-1.00000000,-0.89858489,0.08148902
1617,-0.02211376,0.19249771,1.00000000,-0.80036124,0.07696580
1618,0.02644484,0.09164095,1.00000000,-0.98642135,0.11767887
1619,-0.01020716,0.03296222,-1.00000000,-0.90560423,0.13374585
1620,-0.00594760,0.14548537,1.00000000,-0.88708940,0.07127347
1621,-0.01417751,0.06055297,-1.00000000,-0.95650353,0.05065561
1622,-0.01868556,0.07042350,-1.00000000,-0.97471264,0.05472104
1623,0.05074361,0.05135261,-1.00000000,-0.93953075,0.08353641
1624,0.05174492,0.04090628,-1.00000000,-0.92025940,0.15700400
1625,-0.01543853,0.20179207,1.00000000,-0.78321505,0.14574892
1626,0.00357536,0.20411238,1.00000000,-0.77893455,0.16680167
1627,-0.00941416,0.04843050,-1.00000000,-0.93414006,0.17779641
1628,0.04349100,0.09249074,1.00000000,-0.98485367,0.16919571
1629,0.03726464,0.06239057,-1.00000000,-0.95989353,0.15202386
1630,-0.05025046,0.18498585,1.00000000,-0.81421908,0.11074117
1631,-0.04063562,0.17055772,1.00000000,-0.84083603,0.05831236
1632,-0.00745281,-0.03223798,-1.00000000,-0.78532320,0.06063827
1633,0.02337432,-0.00995783,-1.00000000,-0.82642551,0.03678235
1634,0.00231997,0.06693553,-1.00000000,-0.96827804,-0.00465775
1635,-0.05165937,0.13837017,1.00000000,-0.90021548,-0.00632854
1636,0.01979589,0.08958166,1.00000000,-0.99022032,0.06533584
1637,0.08634093,-0.03550279,-1.00000000,-0.77930028,0.17656374
1638,0.01351195,0.13007800,1.00000000,-0.91551284,0.16486818
1639,-0.00416988,0.28428051,1.00000000,-0.63104073,0.15717201
1640,-0.00636686,0.11551644,1.00000000,-0.94237595,0.21088338
1641,0.02242816,0.07454296,-1.00000000,-0.98231220,0.21400493
1642,0.02877287,0.06945196,-1.00000000,-0.97292035,0.14573625
1643,0.01419797,0.13617767,1.00000000,-0.90426020,0.14654978
1644,-0.01488581,0.15088003,1.00000000,-0.87713735,0.13384199
1645,-0.01576093,0.11710612,1.00000000,-0.93944331,0.12270178
1646,-0.00419414,0.04971130,-1.00000000,-0.93650286,0.09113098
1647,0.06524719,0.04768342,-1.00000000,-0.93276185,0.13438506
1648,0.03940371,0.07448673,-1.00000000,-0.98220847,0.16427599
1649,-0.08345849,0.23540070,1.00000000,-0.72121399,0.08295718
1650,0.00645832,0.17551451,1.00000000,-0.83169176,0.10930648
1651,-0.00776089,-0.10918980,-1.00000000,-0.64336281,0.10507675
1652,-0.01470899,0.09917130,1.00000000,-0.97252939,0.01025851
1653,-0.02939895,0.06622162,-1.00000000,-0.96696103,-0.07133303
1654,0.01869686,0.05012105,-1.00000000,-0.93725876,0.04981072
1655,0.02797460,0.01608049,-1.00000000,-0.87446090,0.07532639
1656,0.02487948,0.12753124,1.00000000,-0.92021110,0.11403388
1657,-0.02787119,0.14903023,1.00000000,-0.88054986,0.09842511
1658,-0.02303779,0.14185801,1.00000000,-0.89378113,0.10596868
1659,-0.02813938,0.01962073,-1.00000000,-0.88099190,0.05042663
1660,-0.02531927,0.03082100,-1.00000000,-0.90165412,-0.01277337
1661,-0.03887702,0.01899926,-1.00000000,-0.87984543,-0.08838078
1662,-0.02699630,0.02553420,-1.00000000,-0.89190105,-0.08734326
1663,0.00975217,-0.00588270,-1.00000000,-0.83394329,-0.04845838
1664,-0.00461412,0.02164809,-1.00000000,-0.88473198,-0.02056030
1665,-0.01021113,0.10680404,1.00000000,-0.95844855,-0.00264389
1666,-0.03140615,0.07351354,-1.00000000,-0.98041313,0.00621565
1667,0.00516431,0.06054377,-1.00000000,-0.95648656,0.04435420
1668,0.03757449,0.01142929,-1.00000000,-0.86588038,0.07734806
1669,-0.01073395,0.09617275,1.00000000,-0.97806111,0.07009068
1670,-0.04367477,0.17127572,1.00000000,-0.83951147,0.03040691
1671,0.02897428,0.05933225,-1.00000000,-0.95425156,0.10201071
1672,-0.01123915,-0.01700035,-1.00000000,-0.81343351,0.08255821
1673,0.00480796,0.15134676,1.00000000,-0.87627633,0.04370111
1674,-0.01044558,0.05816157,-1.00000000,-0.95209188,0.04404308
1675,-0.00211304,0.09534698,1.00000000,-0.97958448,0.09333021
1676,0.00131557,0.06000048,-1.00000000,-0.95548431,0.06053036
1677,0.10252752,0.07930920,-1.00000000,-0.99110495,0.19544371
1678,0.05665072,0.08725419,1.00000000,-0.99451402,0.25692289
1679,-0.01662301,0.32178912,1.00000000,-0.56184501,0.24959721
1680,0.01372269,0.21548041,1.00000000,-0.75796284,0.26837644
1681,0.03970131,0.04568574,-1.00000000,-0.92907653,0.31389723
1682,0.01551037,0.11600478,1.00000000,-0.94147507,0.21070555
1683,0.03451794,0.17620413,1.00000000,-0.83041957,0.18445878
1684,-0.01496646,0.12014732,1.00000000,-0.93383292,0.18642324
1685,-0.04329711,0.16419289,1.00000000,-0.85257784,0.11880474
1686,0.08865399,0.04952441,-1.00000000,-0.93615808,0.17685663
1687,0.00787675,-0.01612521,-1.00000000,-0.81504796,0.16780409
1688,0.02152890,0.28964047,1.00000000,-0.62115269,0.15240068
1689,-0.05249143,0.10245820,1.00000000,-0.96646574,0.10790066
1690,0.00728925,0.13409385,1.00000000,-0.90810443,0.16788990
1691,-0.04041399,-0.03743090,-1.00000000,-0.77574332,0.01483107
1692,-0.02068034,0.10109680,1.00000000,-0.96897723,-0.01903415
1693,-0.03977173,-0.00944427,-1.00000000,-0.82737293,-0.09172921
1694,0.09975705,0.03628383,-1.00000000,-0.91173193,0.08881886
1695,0.03905908,-0.00795598,-1.00000000,-0.83011851,0.12649399
1696,0.01050010,0.31536921,1.00000000,-0.57368842,0.18687187
1697,0.00299502,0.17471592,1.00000000,-0.83316501,0.21494795
1698,0.00611628,0.10853718,1.00000000,-0.95525126,0.26936551
1699,-0.08183300,0.09114592,1.00000000,-0.98733458,0.05402193
1700,0.01360509,0.09837870,1.00000000,-0.97399158,0.02383661
1701,-0.00237167,-0.10542309,-1.00000000,-0.65031162,0.00857227
1702,-0.00161754,0.11573226,1.00000000,-0.94197780,0.00310234
1703,0.00687660,0.07870988,-1.00000000,-0.98999932,0.00400399
1704,-0.03074201,0.08045740,-1.00000000,-0.99322314,0.06459165
1705,0.01309576,0.10014057,1.00000000,-0.97074128,0.06398765
1706,-0.01358176,0.01296827,-1.00000000,-0.86871949,0.05069385
1707,0.02512131,0.11455203,1.00000000,-0.94415510,0.08240286
1708,0.00943328,0.05273312,-1.00000000,-0.94207751,0.08543477
1709,-0.15697239,0.14241841,1.00000000,-0.89274731,-0.06425901
1710,0.00124051,0.10606507,1.00000000,-0.95981180,-0.07831789
1711,-0.04022016,-0.27954098,-1.00000000,-0.32909969,-0.10990777
1712,0.00566440,0.08708026,1.00000000,-0.99483490,-0.13298128
1713,-0.06017456,-0.00899510,-1.00000000,-0.82820156,-0.21552766
1714,0.00185729,0.09733159,1.00000000,-0.97592329,-0.02717510
1715,-0.00833324,-0.05523474,-1.00000000,-0.74289886,-0.03852839
1716,0.07556393,0.08850951,1.00000000,-0.99219822,0.09877736
1717,-0.01632050,0.06489534,-1.00000000,-0.96451432,0.07270596
1718,0.06445700,0.25930733,1.00000000,-0.67711115,0.22050374
1719,-0.02078912,0.04638674,-1.00000000,-0.93036973,0.19364786
1720,0.02392507,0.23356963,1.00000000,-0.72459194,0.23190228
1721,-0.08610735,0.03603177,-1.00000000,-0.91126692,0.04017992
1722,0.05840172,0.13964641,1.00000000,-0.89786108,0.12879133
1723,0.00162815,-0.11532790,-1.00000000,-0.63203926,0.05428401
1724,-0.01259240,0.21953793,1.00000000,-0.75047755,0.06400431
1725,-0.01515396,0.08797852,1.00000000,-0.99317778,0.01766136
1726,-0.00921453,0.05502573,-1.00000000,-0.94630691,0.10884684
1727,0.05434291,0.04908993,-1.00000000,-0.93535657,0.10403359
1728,0.03024093,0.06285317,-1.00000000,-0.96074693,0.13796484
1729,0.02696317,0.21013259,1.00000000,-0.76782848,0.18487291
1730,0.04700608,0.15428192,1.00000000,-0.87086156,0.25858711
1731,0.00362378,0.14668649,1.00000000,-0.88487357,0.27381177
1732,0.01996090,0.19313122,1.00000000,-0.79919254,0.23303892
1733,-0.00318081,0.09260292,1.00000000,-0.98464671,0.19340482
1734,0.01834216,0.13046037,1.00000000,-0.91480745,0.18318135
1735,-0.02965161,0.07683489,-1.00000000,-0.98654034,0.09227471
1736,-0.01391106,0.12670931,1.00000000,-0.92172740,0.07148054
1737,0.01420171,0.01549501,-1.00000000,-0.87338081,0.06465084
1738,-0.02322680,0.05197005,-1.00000000,-0.94066980,0.04087875
1739,0.02676449,0.11711479,1.00000000,-0.93942731,0.05086661
1740,-0.04717718,0.03038302,-1.00000000,-0.90084613,0.03008343
1741,-0.02409118,0.14622609,1.00000000,-0.88572293,0.01801106
1742,-0.01331473,-0.02511636,-1.00000000,-0.79846112,-0.01462006
1743,-0.02333533,0.02838002,-1.00000000,-0.89715102,-0.01474877
1744,0.00223093,0.05335191,-1.00000000,-0.94321905,-0.04384257
1745,0.04153066,0.03013152,-1.00000000,-0.90038216,0.06135407
1746,-0.02909415,0.08937532,1.00000000,-0.99060098,0.05542115
1747,0.00734916,0.18044323,1.00000000,-0.82259929,0.07992599
1748,0.00239323,0.01678680,-1.00000000,-0.87576389,0.11043691
1749,0.00045293,0.10123561,1.00000000,-0.96872116,0.10832843
1750,0.03200718,0.08975141,1.00000000,-0.98990717,0.09703474
1751,0.01208621,0.08525523,1.00000000,-0.99820169,0.14586961
1752,-0.00755865,0.15837478,1.00000000,-0.86331107,0.12819078
1753,0.02954355,0.11221263,1.00000000,-0.94847080,0.16038774
1754,0.00105031,0.06669027,-1.00000000,-0.96782560,0.16109615
1755,-0.00781164,0.15266591,1.00000000,-0.87384277,0.11387591
1756,-0.00017098,0.08663951,1.00000000,-0.99564799,0.09934038
1757,-0.01624759,0.06610402,-1.00000000,-0.96674408,0.08903636
1758,-0.00552368,0.08380947,-1.00000000,-0.99940702,0.04745092
1759,-0.03532001,0.04655570,-1.00000000,-0.93068143,0.00432017
1760,-0.01044272,0.07140584,-1.00000000,-0.97652486,0.00120003
1761,0.01525927,0.00235983,-1.00000000,-0.84914908,0.01949841
1762,0.00948175,0.06000711,-1.00000000,-0.95549652,0.05001026
1763,-0.01064873,0.11956544,1.00000000,-0.93490637,0.04393258
1764,0.00198818,0.10617740,1.00000000,-0.95960456,0.08817553
1765,0.00485300,0.05952973,-1.00000000,-0.95461586,0.10631439
1766,0.00056639,0.08881282,1.00000000,-0.99163868,0.08889043
1767,-0.00181511,0.09545136,1.00000000,-0.97939193,0.07549374
1768,0.04349044,0.08551814,1.00000000,-0.99771669,0.13969617
1769,-0.02650421,0.07999958,-1.00000000,-0.99237856,0.10590767
1770,-0.02149419,0.18498455,1.00000000,-0.81422149,0.07466313
1771,-0.01701874,0.02278838,-1.00000000,-0.88683557,0.05380932
1772,0.00414859,0.03439793,-1.00000000,-0.90825282,0.06088153
1773,0.01446856,0.04476874,-1.00000000,-0.92738485,0.02646514
1774,-0.01225408,0.09381904,1.00000000,-0.98240321,0.04336406
1775,0.00562323,0.11773317,1.00000000,-0.93828654,0.07552200
1776,0.05247228,0.05580972,-1.00000000,-0.94775320,0.15792985
1777,0.03570562,0.09723619,1.00000000,-0.97609927,0.19535262
1778,0.00517359,0.20579785,1.00000000,-0.77582519,0.18432991
1779,-0.02134281,0.16694505,1.00000000,-0.84750068,0.17355179
1780,-0.02146020,0.09619424,1.00000000,-0.97802146,0.14143415
1781,-0.02303029,0.03474872,-1.00000000,-0.90889996,0.05189735
1782,0.01064445,0.03447670,-1.00000000,-0.90839814,0.02217788
1783,0.01467494,0.03083838,-1.00000000,-0.90168618,0.03344532
1784,-0.00523445,0.10887169,1.00000000,-0.95463416,0.05254786
1785,-0.02248963,0.11821140,1.00000000,-0.93740430,0.05132708
1786,-0.01964026,0.07207605,-1.00000000,-0.97776126,0.05534724
1787,-0.06105458,0.03209123,-1.00000000,-0.90399744,-0.02967904
1788,-0.03150634,0.03869397,-1.00000000,-0.91617815,-0.08444439
1789,0.00192122,-0.05727400,-1.00000000,-0.73913686,-0.07595864
1790,0.02300683,0.01119713,-1.00000000,-0.86545210,-0.02200541
1791,0.02853652,0.08865764,1.00000000,-0.99192494,0.03512636
1792,0.04493530,0.13751859,1.00000000,-0.90178648,0.16081739
1793,0.01778317,0.15033235,1.00000000,-0.87814771,0.21926871
1794,-0.02265306,0.18833267,1.00000000,-0.80804488,0.19012662
1795,-0.02844394,0.12541399,1.00000000,-0.92411700,0.12911231
1796,-0.00678440,0.03171252,-1.00000000,-0.90329879,0.08722603
1797,-0.04990942,0.01829352,-1.00000000,-0.87854349,-0.02524820
1798,-0.04953163,0.06848442,-1.00000000,-0.97113543,-0.10507532
1799,-0.01349758,-0.03144769,-1.00000000,-0.78678111,-0.09421804
1800,-0.00679543,-0.03057225,-1.00000000,-0.78839613,-0.06854556
1801,-0.01807317,0.05292819,-1.00000000,-0.94243736,-0.08193266
1802,-0.02377657,0.06845885,-1.00000000,-0.97108827,-0.05094231
1803,0.01969099,0.04232534,-1.00000000,-0.92287727,0.03114725
1804,-0.01978243,0.02910904,-1.00000000,-0.89849591,0.02369419
1805,0.01953303,0.12983492,1.00000000,-0.91596127,0.05491652
1806,-0.03930665,0.03836453,-1.00000000,-0.91557039,0.02973621
1807,-0.08554104,0.12946887,1.00000000,-0.91663657,-0.04350889
1808,0.02968415,-0.00687827,-1.00000000,-0.83210668,-0.03165823
1809,0.02230971,-0.11401561,-1.00000000,-0.63446017,0.01825789
1810,0.01067395,0.15299171,1.00000000,-0.87324174,0.00775211
1811,-0.00102409,0.13590317,1.00000000,-0.90476659,0.05315054
1812,-0.00940266,0.10894004,1.00000000,-0.95450807,0.14344135
1813,0.00570556,0.08183258,-1.00000000,-0.99576006,0.11500568
1814,0.04581055,0.06241722,-1.00000000,-0.95994268,0.14287480
1815,0.06072505,0.09742696,1.00000000,-0.97574734,0.20222928
1816,0.04601769,0.19036085,1.00000000,-0.80430330,0.25801508
1817,-0.04253350,0.22492171,1.00000000,-0.74054559,0.21872595
1818,0.03455624,0.19084087,1.00000000,-0.80341777,0.25293932
1819,-0.01283331,-0.01435573,-1.00000000,-0.81831228,0.18339489
1820,-0.09956461,0.16428163,1.00000000,-0.85241413,-0.00668903
1821,0.00537694,0.05446750,-1.00000000,-0.94527708,-0.05488400
1822,-0.00479034,-0.14651195,-1.00000000,-0.57451107,-0.01012523
1823,-0.03141076,0.09666546,1.00000000,-0.97715216,-0.08835401
1824,-0.06179795,0.07310517,-1.00000000,-0.97965978,-0.14642009
1825,-0.03289746,0.01141862,-1.00000000,-0.86586069,-0.06736100
1826,0.00389203,-0.05899657,-1.00000000,-0.73595907,-0.06912192
1827,-0.08266366,0.00797352,-1.00000000,-0.85950519,-0.16147015
1828,0.04668811,0.09322453,1.00000000,-0.98349997,-0.06885445
1829,-0.05517436,-0.10734796,-1.00000000,-0.64676063,-0.06099968
1830,-0.00748891,0.19239440,1.00000000,-0.80055182,-0.03086824
1831,-0.05243014,-0.04364795,-1.00000000,-0.76427412,-0.09765944
1832,0.02011319,0.06685189,-1.00000000,-0.96812375,0.02422133
1833,0.00608138,-0.03728888,-1.00000000,-0.77600532,-0.02393328
1834,-0.03708164,0.13081326,1.00000000,-0.91415643,-0.00247753
1835,0.00397685,0.09829785,1.00000000,-0.97414074,0.01111945
1836,0.07092491,-0.00172231,-1.00000000,-0.84161836,0.15740345
1837,-0.00204182,0.09342107,1.00000000,-0.98313739,0.13113031
1838,0.04724162,0.24855750,1.00000000,-0.69694237,0.17994132
1839,0.01636849,0.07947422,-1.00000000,-0.99140937,0.24332663
1840,-0.06568247,0.19367703,1.00000000,-0.79818563,0.16071920
1841,0.04935324,0.12213581,1.00000000,-0.93016457,0.13513784
1842,0.00577573,-0.06799804,-1.00000000,-0.71935318,0.14440850
1843,0.22479724,0.19857021,1.00000000,-0.78915871,0.35496773
1844,0.03676725,0.09758956,1.00000000,-0.97544738,0.37915816
1845,0.03711483,0.60512048,1.00000000,-0.03915653,0.50106318
1846,-0.03790443,0.16940513,1.00000000,-0.84296233,0.39758626
1847,0.29945986,0.17021057,1.00000000,-0.84147646,0.74585970
1848,-0.01283179,-0.00362896,-1.00000000,-0.83810099,0.46406075
1849,0.14188022,0.77813357,1.00000000,0.28001727,0.58871187
1850,-0.08168198,0.05447101,-1.00000000,-0.94528355,0.44783339
1851,0.05307734,0.41297976,1.00000000,-0.39361690,0.55572664
1852,-0.26344461,-0.10507315,-1.00000000,-0.65095719,-0.11180918
1853,0.01068626,0.20719994,1.00000000,-0.77323863,-0.08391966
1854,0.01990377,-0.52626536,-1.00000000,0.12605639,-0.22856880
1855,-0.04844240,0.10896856,1.00000000,-0.95445545,-0.18915072
1856,-0.12110674,0.13032799,1.00000000,-0.91505166,-0.39571172
1857,-0.00713706,-0.02804822,-1.00000000,-0.79305244,-0.09176233
1858,-0.07830464,-0.19643076,-1.00000000,-0.48242105,-0.19729464
1859,0.00386228,0.06766721,-1.00000000,-0.96962785,-0.21631789
1860,0.07375819,-0.09724694,-1.00000000,-0.66539495,-0.07140294
1861,0.07813029,0.09315559,1.00000000,-0.98362714,0.16486780
1862,0.05287245,0.25512296,1.00000000,-0.68483044,0.23603174
1863,-0.04685498,0.26525427,1.00000000,-0.66614024,0.27332718
1864,0.01034186,0.20672516,1.00000000,-0.77411451,0.28101117
1865,0.06963541,-0.02436975,-1.00000000,-0.79983847,0.27612206
1866,0.01567329,0.10817050,1.00000000,-0.95592771,0.20205569
1867,-0.05985459,0.24556938,1.00000000,-0.70245484,0.06837521
1868,-0.00415319,0.12052483,1.00000000,-0.93313650,0.11901431
1869,0.02300727,-0.05449329,-1.00000000,-0.74426669,0.13403395
1870,-0.00633006,0.07458163,-1.00000000,-0.98238355,0.04394819
1871,0.02419507,0.13751962,1.00000000,-0.90178457,0.05405399
1872,-0.00054522,0.06953724,-1.00000000,-0.97307768,0.12438765
1873,0.00832930,0.14027207,1.00000000,-0.89670687,0.13919035
1874,-0.02177122,0.08294225,-1.00000000,-0.99780718,0.08608854
1875,0.02062637,0.10350686,1.00000000,-0.96453117,0.11805557
1876,-0.03065884,0.03375599,-1.00000000,-0.90706858,0.05300554
1877,-0.01039234,0.13200244,1.00000000,-0.91196265,0.04132806
1878,-0.00404775,0.01316101,-1.00000000,-0.86907504,0.02665039
1879,0.03894176,0.06012386,-1.00000000,-0.95571191,0.09864855
1880,-0.02597887,0.07482595,-1.00000000,-0.98283426,0.04338044
1881,-0.01461006,0.17444405,1.00000000,-0.83366655,0.06241232
1882,0.02512123,0.02400574,-1.00000000,-0.88908136,0.10452707
1883,0.04071961,0.05035028,-1.00000000,-0.93768165,0.15761568
1884,-0.00972444,0.14241822,1.00000000,-0.89274766,0.09990353
1885,0.02653976,0.17856380,1.00000000,-0.82606646,0.16218419
1886,-0.08044337,0.06167156,-1.00000000,-0.95856710,0.08411395
1887,-0.02959483,0.14570532,1.00000000,-0.88668363,0.01922740
1888,-0.04993818,-0.10220295,-1.00000000,-0.65625212,-0.08828165
1889,-0.01025966,0.01562660,-1.00000000,-0.87362356,-0.08891635
1890,-0.01785650,-0.03151434,-1.00000000,-0.78665815,-0.14156488
1891,-0.02238465,0.06043133,-1.00000000,-0.95627912,-0.07271435
1892,0.03662064,0.04282742,-1.00000000,-0.92380351,0.00580910
1893,0.04576667,0.03233450,-1.00000000,-0.90444622,0.11930334
1894,-0.10776669,0.16906540,1.00000000,-0.84358906,0.00367192
1895,0.04965117,0.19025917,1.00000000,-0.80449088,0.08372776
1896,0.04790041,-0.16551834,-1.00000000,-0.53944816,0.16707723
1897,0.03679349,0.19926059,1.00000000,-0.78788510,0.16728221
1898,0.01227039,0.19520361,1.00000000,-0.79536940,0.12755973
1899,0.10223758,0.16946595,1.00000000,-0.84285013,0.37659910
1900,-0.01190657,0.11263942,1.00000000,-0.94768346,0.30359916
1901,-0.02105561,0.32111725,1.00000000,-0.56308446,0.22182576
1902,-0.00798463,0.05661499,-1.00000000,-0.94923876,0.16872438
1903,0.00441690,0.03541423,-1.00000000,-0.91012769,0.15941109
1904,0.05211333,0.06570315,-1.00000000,-0.96600457,0.09996986
1905,0.06575224,0.09444079,1.00000000,-0.98125622,0.19206371
1906,0.02566694,0.20496607,1.00000000,-0.77735966,0.24747095
1907,0.04116446,0.23657105,1.00000000,-0.71905494,0.30575576
1908,0.03462029,0.14368278,1.00000000,-0.89041480,0.34157329
1909,-0.05867937,0.17959464,1.00000000,-0.82416476,0.21018671
1910,0.01675004,0.16443006,1.00000000,-0.85214032,0.15207610
1911,0.05250566,-0.05176999,-1.00000000,-0.74929063,0.18390353
1912,-0.03676785,0.12301996,1.00000000,-0.92853349,0.09148534
1913,-0.02196846,0.20587520,1.00000000,-0.77568250,0.02437801
1914,0.06006600,-0.00099520,-1.00000000,-0.84295973,0.16519548
1915,0.09966694,0.03329892,-1.00000000,-0.90622538,0.26352478
1916,0.05055093,0.22339452,1.00000000,-0.74336294,0.26120672
1917,-0.02009659,0.31516041,1.00000000,-0.57407362,0.28097680
1918,-0.01558701,0.20134559,1.00000000,-0.78403871,0.28854442
1919,-0.13102356,0.03763654,-1.00000000,-0.91422741,0.06193558
1920,-0.03769002,0.04808644,-1.00000000,-0.93350534,-0.10095297
1921,-0.05180457,-0.21941068,-1.00000000,-0.44002781,-0.22233406
1922,-0.14164999,-0.00313210,-1.00000000,-0.83901759,-0.36648153
1923,-0.06926745,-0.03583925,-1.00000000,-0.77867958,-0.43013997
1924,0.00886146,-0.24403493,-1.00000000,-0.39460109,-0.26425345
1925,-0.01774098,-0.07630539,-1.00000000,-0.70402781,-0.24059633
1926,0.04569299,0.10474002,1.00000000,-0.96225623,-0.12497615
1927,0.00670192,0.04309512,-1.00000000,-0.92429737,0.05095106
1928,-0.04301700,0.19008844,1.00000000,-0.80480584,0.08208089
1929,0.04112585,0.09973580,1.00000000,-0.97148801,0.12034250
1930,-0.00565056,-0.01547614,-1.00000000,-0.81624536,0.13468026
1931,-0.03705212,0.17950517,1.00000000,-0.82432981,0.03655468
1932,0.06020734,0.07111182,-1.00000000,-0.97598246,0.10000556
1933,0.02260909,-0.00165393,-1.00000000,-0.84174451,0.17783008
1934,0.01150683,0.22372205,1.00000000,-0.74275870,0.14270555
1935,0.08310596,0.13659693,1.00000000,-0.90348676,0.24795992
1936,-0.03223972,0.11087004,1.00000000,-0.95094760,0.25366684
1937,-0.02200519,0.27678423,1.00000000,-0.64486984,0.15617283
1938,-0.03210978,0.00949768,-1.00000000,-0.86231695,0.09128294
1939,-0.03111468,0.03321381,-1.00000000,-0.90606836,0.04073905
1940,0.00677796,0.00979878,-1.00000000,-0.86287243,-0.04977663
1941,0.03261592,0.01210471,-1.00000000,-0.86712639,0.02713423
1942,-0.06733473,0.09991199,1.00000000,-0.97116297,-0.02662106
1943,-0.00548083,0.15978540,1.00000000,-0.86070876,0.00495763
1944,0.01882949,-0.07182675,-1.00000000,-0.71228999,0.06418530
1945,-0.00855181,0.07150513,-1.00000000,-0.97670804,0.04600607
1946,-0.04602065,0.12783859,1.00000000,-0.91964409,-0.04724727
1947,-0.00448574,0.06438886,-1.00000000,-0.96357996,0.02728394
1948,0.02440296,-0.02243638,-1.00000000,-0.80340515,0.06272245
1949,-0.05713861,0.07381102,-1.00000000,-0.98096192,-0.02736643
1950,0.01628294,0.14075379,1.00000000,-0.89581819,0.00208455
1951,0.01585732,-0.04819965,-1.00000000,-0.75587716,0.07546425
1952,0.05347887,0.12193756,1.00000000,-0.93053029,0.14420319
1953,-0.01350730,0.12095129,1.00000000,-0.93234976,0.09924626
1954,-0.03521356,0.20813040,1.00000000,-0.77152212,0.12524669
1955,0.04278907,0.05290566,-1.00000000,-0.94239581,0.15667971
1956,-0.01876221,0.00260651,-1.00000000,-0.84960415,0.11562517
1957,-0.02322224,0.18335928,1.00000000,-0.81721977,0.02466705
1958,0.00046561,0.04072865,-1.00000000,-0.91993170,0.04123721
1959,-0.01782666,0.03039359,-1.00000000,-0.90086563,0.06185594
1960,0.00593814,0.08528460,1.00000000,-0.99814752,0.01815525
1961,-0.02274432,0.04289656,-1.00000000,-0.92393107,0.01343296
1962,-0.00974850,0.09796592,1.00000000,-0.97475307,0.02941116
1963,-0.04111044,0.03150104,-1.00000000,-0.90290867,-0.01989294
1964,-0.02257976,0.06161580,-1.00000000,-0.95846423,-0.02552953
1965,0.01134010,-0.01105813,-1.00000000,-0.82439569,-0.01912347
1966,0.01743109,0.03188238,-1.00000000,-0.90361216,0.02851964
1967,-0.00148761,0.11048368,1.00000000,-0.95166036,0.03831606
1968,0.04543006,0.12459812,1.00000000,-0.92562210,0.14094250
1969,0.03401090,0.08075849,-1.00000000,-0.99377858,0.20805210
1970,0.00319288,0.18947916,1.00000000,-0.80592984,0.19839049
1971,0.02625480,0.16301795,1.00000000,-0.85474537,0.20885433
1972,-0.03676939,0.09160441,1.00000000,-0.98648876,0.16701446
1973,0.02059068,0.14504499,1.00000000,-0.88790180,0.13755799
1974,0.01856529,-0.00099875,-1.00000000,-0.84295318,0.11924138
1975,0.02337963,0.13191973,1.00000000,-0.91211522,0.14318040
1976,0.01404000,0.12722637,1.00000000,-0.92077353,0.12869515
1977,0.01769422,0.13838246,1.00000000,-0.90019281,0.19328232
1978,0.00128239,0.11674008,1.00000000,-0.94011859,0.17038505
1979,0.03153056,0.12520787,1.00000000,-0.92449724,0.18576028
1980,-0.01476851,0.08717731,1.00000000,-0.99465586,0.14052126
1981,-0.01309591,0.15727034,1.00000000,-0.86534854,0.10834139
1982,-0.08388877,0.04998311,-1.00000000,-0.93700431,-0.01212361
1983,0.02785966,0.05385897,-1.00000000,-0.94415448,0.01939377
1984,0.00301133,-0.11018686,-1.00000000,-0.64152343,-0.01442655
1985,0.01320806,0.14876388,1.00000000,-0.88104121,0.01875024
1986,0.00246914,0.09118371,1.00000000,-0.98726486,0.03720848
1987,0.01484284,0.11481224,1.00000000,-0.94367505,0.15429210
1988,-0.01175151,0.08992733,1.00000000,-0.98958264,0.10731810
1989,0.03615266,0.11860047,1.00000000,-0.93668654,0.14661966
1990,-0.03914537,0.05697430,-1.00000000,-0.94990161,0.08453490
1991,-0.02444202,0.16798096,1.00000000,-0.84558963,0.05262156
1992,0.03382499,-0.00650454,-1.00000000,-0.83279613,0.07513206
1993,0.06559262,0.02756703,-1.00000000,-0.89565121,0.16685274
1994,0.00389185,0.16258714,1.00000000,-0.85554013,0.12859537
1995,0.02310563,0.23620117,1.00000000,-0.71973728,0.20241744
1996,0.04831127,0.09322412,1.00000000,-0.98350073,0.28869393
1997,-0.11322479,0.13774753,1.00000000,-0.90136413,0.11431089
1998,0.03158269,0.19615569,1.00000000,-0.79361301,0.07397927
1999,-0.04927861,-0.17816619,-1.00000000,-0.51611546,0.01092560
2000,-0.02619237,0.15739113,1.00000000,-0.86512571,-0.04753579
2001,0.04988455,-0.02998595,-1.00000000,-0.78947772,-0.04567007
2002,0.00407387,0.02351100,-1.00000000,-0.88816866,0.09343178
2003,0.00860670,0.19980139,1.00000000,-0.78688744,0.06618507
2004,0.02712298,0.09364592,1.00000000,-0.98272260,0.15678801
2005,-0.05027477,0.10414967,1.00000000,-0.96334532,0.12822923
2006,0.03100560,0.14705680,1.00000000,-0.88419043,0.10584112
2007,0.18189629,-0.03229431,-1.00000000,-0.78521927,0.31671674
2008,0.08752526,0.15605387,1.00000000,-0.86759267,0.41030449
2009,0.08790413,0.50570760,1.00000000,-0.22255299,0.48238350
2010,0.02831722,0.28702490,1.00000000,-0.62597789,0.57558398
2011,-0.04616227,0.28790284,1.00000000,-0.62435826,0.48407232
2012,-0.01536047,0.14982418,1.00000000,-0.87908519,0.25014995
2013,-0.09645694,-0.02276456,-1.00000000,-0.80279971,0.03196958
2014,0.03563715,0.04861138,-1.00000000,-0.93447375,-0.03001266
2015,0.03070048,-0.13931064,-1.00000000,-0.58779601,-0.02718640
2016,-0.03952687,0.16678639,1.00000000,-0.84779336,-0.01931762
2017,-0.12037047,0.15534683,1.00000000,-0.86889702,-0.14384663
2018,0.04251488,-0.00738856,-1.00000000,-0.83116529,0.02095694
2019,0.12487990,-0.19472462,-1.00000000,-0.48556854,0.12678793
2020,0.18016952,0.18272391,1.00000000,-0.81839189,0.30403991
2021,-0.07331398,0.37358552,1.00000000,-0.46629123,0.26397253
2022,-0.05552146,0.50170622,1.00000000,-0.22993471,0.34087551
2023,0.18913012,-0.08568226,-1.00000000,-0.68672941,0.51474325
2024,-0.09386345,-0.04445228,-1.00000000,-0.76279029,0.25534041
2025,0.08016484,0.52247032,1.00000000,-0.19162919,0.13674710
2026,0.01389717,-0.13330083,-1.00000000,-0.59888287,0.24016885
2027,-0.00202275,0.26996887,1.00000000,-0.65744278,0.30361178
2028,-0.05020069,0.11640909,1.00000000,-0.94072918,0.01979473
2029,-0.02662945,0.07951843,-1.00000000,-0.99149093,0.09952602
2030,0.06095035,-0.03212264,-1.00000000,-0.78553598,0.07673998
2031,-0.01101008,0.02249816,-1.00000000,-0.88630019,0.04720303
2032,-0.04608218,0.22544380,1.00000000,-0.73958242,-0.00504607
2033,-0.11839442,0.05869239,-1.00000000,-0.95307114,-0.08591550
2034,0.01118743,-0.02257897,-1.00000000,-0.80314209,-0.04106930
2035,0.10827635,-0.19014561,-1.00000000,-0.49401588,0.01505354
2036,-0.02113628,0.11012991,1.00000000,-0.95231300,0.00304511
2037,0.02708697,0.33511069,1.00000000,-0.53726943,0.08981477
2038,-0.10244618,0.03522730,-1.00000000,-0.90978284,0.10872744
2039,0.06697632,0.14697336,1.00000000,-0.88434436,0.17488623
2040,0.05960841,-0.15318930,-1.00000000,-0.56219273,0.11717201
2041,-0.02255542,0.23940756,1.00000000,-0.71382215,0.11548908
2042,0.06088537,0.22233416,1.00000000,-0.74531908,0.15556985
2043,-0.18704055,0.03193878,-1.00000000,-0.90371619,0.05525127
2044,0.04726341,0.22529322,1.00000000,-0.73986023,0.03187417
2045,-0.03609847,-0.34921690,-1.00000000,-0.20056185,-0.08162248
2046,-0.24800819,0.19372751,1.00000000,-0.79809250,-0.34898188
2047,-0.05761951,0.00055593,-1.00000000,-0.84582126,-0.48951416
2048,0.02674334,-0.49049507,-1.00000000,0.06006751,-0.23599262
2049,0.02689480,-0.04931401,-1.00000000,-0.75382141,-0.26014730
2050,0.02121906,0.14617707,1.00000000,-0.88581335,-0.19217572
2051,-0.01506874,0.14652805,1.00000000,-0.88516587,0.08406196
2052,0.21128142,0.13337585,1.00000000,-0.90942898,0.40294555
2053,0.05829241,0.04928741,-1.00000000,-0.93572087,0.44035889
2054,0.01514899,0.57380074,1.00000000,-0.09693505,0.42642980
2055,0.07497805,0.21928464,1.00000000,-0.75094482,0.49018139
2056,0.16677933,0.11930990,1.00000000,-0.93537779,0.70583094
2057,-0.05084327,0.25794969,1.00000000,-0.67961571,0.39498313
2058,-0.14459249,0.47067760,1.00000000,-0.28717617,0.15438647
2059,-0.04168987,-0.03361168,-1.00000000,-0.78278899,0.08698254
2060,-0.09075746,-0.25085347,-1.00000000,-0.38202229,-0.10955949
2061,-0.32166554,-0.01240081,-1.00000000,-0.82191872,-0.68879535
2062,0.10055809,-0.12610344,-1.00000000,-0.61216059,-0.50925186
2063,-0.06970686,-0.66117870,-1.00000000,0.37494393,-0.42044667
2064,0.09668354,0.31722542,1.00000000,-0.57026410,-0.25635274
2065,-0.27852496,-0.07732362,-1.00000000,-0.70214940,-0.47902202
2066,0.03330191,0.30824707,1.00000000,-0.58682731,-0.05807405
2067,0.19091698,-0.56121053,-1.00000000,0.19052308,0.04908054
2068,-0.01059403,0.16137503,1.00000000,-0.85777622,0.11918113
2069,0.11354794,0.52661094,1.00000000,-0.18399060,0.13918025
2070,-0.00041264,0.05965650,-1.00000000,-0.95484973,0.46898743
2071,-0.01850896,0.34732637,1.00000000,-0.51473400,0.40754607
2072,-0.10434849,0.08324947,-1.00000000,-0.99837393,0.05739735
2073,0.05209496,0.04131550,-1.00000000,-0.92101434,0.13173882
2074,-0.01476224,-0.15759746,-1.00000000,-0.55406056,-0.02042136
2075,-0.04855060,0.20492350,1.00000000,-0.77743819,-0.07750708
2076,-0.11215096,0.04999764,-1.00000000,-0.93703110,-0.18855504
2077,0.10783650,-0.02829894,-1.00000000,-0.79258991,0.06307039
2078,0.01329968,-0.17567785,-1.00000000,-0.52070593,0.01706394
2079,-0.18418178,0.33409143,1.00000000,-0.53914975,-0.18384689
2080,0.06235235,0.11502456,1.00000000,-0.94328337,-0.05232957
2081,0.10152293,-0.34259235,-1.00000000,-0.21278279,0.20106151
2082,-0.04150070,0.22869259,1.00000000,-0.73358908,0.02396586
2083,-0.04788608,0.31946121,1.00000000,-0.56613952,-0.04859296
2084,0.02454899,-0.01196247,-1.00000000,-0.82272736,0.19893618
2085,-0.02114882,-0.02675907,-1.00000000,-0.79543065,0.09991401
2086,-0.10375925,0.14109218,1.00000000,-0.89519393,-0.14352553
2087,0.00819666,0.03519823,-1.00000000,-0.90972922,-0.08459053
2088,-0.11041207,-0.15623202,-1.00000000,-0.55657951,-0.15873870
2089,0.02081374,0.10319950,1.00000000,-0.96509818,-0.16316826
2090,0.03424338,-0.17164837,-1.00000000,-0.52813951,-0.09747988
2091,0.06089344,0.13243661,1.00000000,-0.91116169,0.09777806
2092,0.08648527,0.16355666,1.00000000,-0.85375157,0.19061876
2093,-0.03267756,0.22531191,1.00000000,-0.73982573,0.28280237
2094,0.01161781,0.28461497,1.00000000,-0.63042372,0.27189713
2095,0.07017460,0.00848309,-1.00000000,-0.86044523,0.31450716
2096,-0.03971836,0.11112721,1.00000000,-0.95047317,0.19519388
2097,0.00545842,0.24681883,1.00000000,-0.70014987,0.09910596
2098,-0.02401924,-0.00783231,-1.00000000,-0.83034667,0.10937367
2099,-0.08976701,0.09685428,1.00000000,-0.97680382,-0.01085632
2100,0.04649325,0.02854671,-1.00000000,-0.89745853,-0.03893951
2101,-0.00533265,-0.12380830,-1.00000000,-0.61639465,0.00183773
2102,-0.02844756,0.19194285,1.00000000,-0.80138483,-0.03837062
2103,0.08739891,0.07184850,-1.00000000,-0.97734147,0.09375768
2104,-0.00455443,0.01828513,-1.00000000,-0.87852800,0.19480938
2105,-0.00156288,0.28673213,1.00000000,-0.62651799,0.13782069
2106,-0.03473840,0.07365186,-1.00000000,-0.98066830,0.10294907
2107,-0.03135893,0.08058405,-1.00000000,-0.99345678,0.09949654
2108,-0.04035607,0.00370758,-1.00000000,-0.85163541,-0.05200523
2109,-0.04012347,0.01153871,-1.00000000,-0.86608224,-0.09418577
2110,0.01084663,-0.00931004,-1.00000000,-0.82762055,-0.07946960
2111,0.00595021,-0.00877106,-1.00000000,-0.82861487,-0.03121789
2112,0.00926820,0.10934019,1.00000000,-0.95376987,0.01696092
2113,-0.03505346,0.09799388,1.00000000,-0.97470149,0.02324916
2114,-0.03473025,0.10568255,1.00000000,-0.96051747,0.02964486
2115,0.01353075,0.00297751,-1.00000000,-0.85028857,0.03282789
2116,0.02521302,0.00372646,-1.00000000,-0.85167023,0.05567123
2117,-0.05599393,0.11556000,1.00000000,-0.94229560,-0.02172168
2118,-0.03244721,0.14263092,1.00000000,-0.89235528,-0.01863099
2119,-0.01539511,-0.04554712,-1.00000000,-0.76077055,0.00429813
2120,0.03217536,0.00901687,-1.00000000,-0.86142996,0.02640835
2121,0.01434727,0.04853112,-1.00000000,-0.93432567,0.01352291
2122,0.00299836,0.15876451,1.00000000,-0.86259210,0.08348055
2123,0.00323362,0.11745210,1.00000000,-0.93880506,0.12579365
2124,-0.01504825,0.09115367,1.00000000,-0.98732029,0.12620499
2125,0.01542441,0.09169883,1.00000000,-0.98631457,0.10634042
2126,0.01364655,0.04933489,-1.00000000,-0.93580847,0.10550945
2127,-0.00430361,0.11994813,1.00000000,-0.93420039,0.09685021
2128,-0.01542145,0.11582834,1.00000000,-0.94180056,0.07472758
2129,0.00767460,0.07423307,-1.00000000,-0.98174053,0.10167410
2130,-0.05807438,0.04847008,-1.00000000,-0.93421307,0.01451351
2131,0.03132179,0.10198976,1.00000000,-0.96732991,0.03547418
2132,-0.00942202,-0.05036808,-1.00000000,-0.75187686,0.02940437
2133,0.02809397,0.15678655,1.00000000,-0.86624102,0.08100833
2134,0.05064377,0.06237234,-1.00000000,-0.95985990,0.13196450
2135,0.00822832,0.14930685,1.00000000,-0.88003954,0.21059140
2136,0.00168547,0.20156070,1.00000000,-0.78364186,0.17544635
2137,0.02573751,0.10327287,1.00000000,-0.96496283,0.21714125
2138,0.00083123,0.08811134,1.00000000,-0.99293276,0.18481096
2139,-0.02067291,0.14384629,1.00000000,-0.89011316,0.10023811
2140,0.02491968,0.08613184,1.00000000,-0.99658454,0.12003202
2141,-0.01363355,0.03630106,-1.00000000,-0.91176371,0.10186555
2142,-0.01338049,0.14195118,1.00000000,-0.89360926,0.05547639
2143,0.04260696,0.05261312,-1.00000000,-0.94185614,0.10501730
2144,-0.00352877,0.05319952,-1.00000000,-0.94293792,0.12534815
2145,0.03700557,0.18293729,1.00000000,-0.81799826,0.13968054
2146,0.00641338,0.07602858,-1.00000000,-0.98505286,0.16345374
2147,-0.00230856,0.16995739,1.00000000,-0.84194352,0.17658370
2148,0.05762677,0.09906717,1.00000000,-0.97272149,0.19439535
2149,-0.00173668,0.07885612,-1.00000000,-0.99026910,0.19652054
2150,-0.01227955,0.21774217,1.00000000,-0.75379037,0.13807442
2151,0.03414851,0.08018131,-1.00000000,-0.99271381,0.17096489
2152,0.00194178,0.05575070,-1.00000000,-0.94764433,0.17600527
2153,0.01194984,0.16333682,1.00000000,-0.85415711,0.12183803
2154,-0.01750309,0.08870528,1.00000000,-0.99183707,0.10314101
2155,0.02810131,0.11189663,1.00000000,-0.94905376,0.15102776
2156,0.00723983,0.04364637,-1.00000000,-0.92531430,0.11911736
2157,-0.00369477,0.14932386,1.00000000,-0.88000817,0.11243310
2158,-0.02686297,0.10098227,1.00000000,-0.96918853,0.06640585
2159,0.02242925,0.07564390,-1.00000000,-0.98434321,0.11376072
2160,0.00598310,0.02195704,-1.00000000,-0.88530194,0.08753122
2161,0.00159840,0.13618018,1.00000000,-0.90425556,0.08084118
2162,-0.00363163,0.09807009,1.00000000,-0.97456090,0.08091606
2163,-0.01291142,0.08790959,1.00000000,-0.99330495,0.09746089
2164,0.00511162,0.07579021,-1.00000000,-0.98461312,0.07692430
2165,-0.05590317,0.05428649,-1.00000000,-0.94494316,0.00353476
2166,0.00019581,0.09605065,1.00000000,-0.97828636,0.00187146
2167,-0.00425134,-0.04533681,-1.00000000,-0.76115853,0.00113656
2168,0.00225499,0.08465940,1.00000000,-0.99930088,0.01912206
2169,-0.00568788,0.07435419,-1.00000000,-0.98196396,0.00631518
2170,-0.00683012,0.08943108,1.00000000,-0.99049812,0.06450981
2171,0.01931749,0.07102534,-1.00000000,-0.97582292,0.08718579
2172,-0.04780741,0.06837847,-1.00000000,-0.97093997,0.03553362
2173,-0.00844812,0.12896942,1.00000000,-0.91755796,0.02284104
2174,0.02989293,-0.02657677,-1.00000000,-0.79576697,0.06503553
2175,-0.01202808,0.06462913,-1.00000000,-0.96402321,0.05887138
2176,0.02408809,0.15347551,1.00000000,-0.87234922,0.06452873
2177,0.01873275,0.05633341,-1.00000000,-0.94871931,0.14343720
2178,-0.07134491,0.14002416,1.00000000,-0.89716422,0.06884931
2179,0.01705655,0.12761441,1.00000000,-0.92005767,0.05362694
2180,-0.01594381,-0.08111941,-1.00000000,-0.69514694,0.04898337
2181,0.02943541,0.12373022,1.00000000,-0.92722319,0.05532464
2182,-0.01753748,0.04725963,-1.00000000,-0.93198004,0.01231259
2183,-0.01296105,0.15241532,1.00000000,-0.87430505,0.08154870
2184,0.00920246,0.04356668,-1.00000000,-0.92516730,0.07223471
2185,0.06008315,0.05417147,-1.00000000,-0.94473097,0.16239338
2186,-0.01899013,0.10553022,1.00000000,-0.96079849,0.10496662
2187,-0.06075349,0.22343427,1.00000000,-0.74328961,0.05371771
2188,-0.01253618,0.04020050,-1.00000000,-0.91895739,0.05422156
2189,-0.00242860,-0.05657629,-1.00000000,-0.74042398,0.04042854
2190,-0.00345100,0.05515602,-1.00000000,-0.94654725,-0.03491519
2191,-0.00826976,0.07857796,-1.00000000,-0.98975595,-0.02220215
2192,-0.00749114,0.07620879,-1.00000000,-0.98538531,0.04096048
2193,-0.02032602,0.06504243,-1.00000000,-0.96478567,0.03172268
2194,-0.00686044,0.06684670,-1.00000000,-0.96811418,0.02646706
2195,0.02671133,0.03710488,-1.00000000,-0.91324659,0.06223589
2196,-0.01447106,0.06830822,-1.00000000,-0.97081038,0.05488191
2197,-0.04412103,0.14610290,1.00000000,-0.88595018,0.01144335
2198,0.01357416,0.05067237,-1.00000000,-0.93827585,0.05164482
2199,0.01483286,-0.01803445,-1.00000000,-0.81152579,0.07737041
2200,0.02765565,0.11566059,1.00000000,-0.94211002,0.07849026
2201,-0.00179920,0.11857734,1.00000000,-0.93672922,0.09351754
2202,-0.01767669,0.14829114,1.00000000,-0.88191333,0.12487729
2203,0.00673420,0.08003645,-1.00000000,-0.99244657,0.11676594
2204,-0.00917043,0.04324409,-1.00000000,-0.92457218,0.08830098
2205,-0.00533303,0.09981061,1.00000000,-0.97135000,0.04918044
2206,0.00198392,0.06295535,-1.00000000,-0.96093544,0.05366675
2207,-0.00580913,0.07184761,-1.00000000,-0.97733984,0.06774023
2208,0.06112719,0.08880293,1.00000000,-0.99165693,0.13224365
2209,0.08193608,0.07074438,-1.00000000,-0.97530460,0.24028483
2210,0.04204258,0.22585357,1.00000000,-0.73882648,0.29646650
2211,0.09020003,0.27407330,1.00000000,-0.64987094,0.40108002
2212,-0.01466593,0.18162946,1.00000000,-0.82041093,0.39057693
2213,-0.00664668,0.29322305,1.00000000,-0.61454356,0.31020542
2214,0.04162259,0.05022081,-1.00000000,-0.93744281,0.26239855
2215,0.02466474,0.06880356,-1.00000000,-0.97172418,0.24179056
2216,-0.01464246,0.18065625,1.00000000,-0.82220632,0.11746020
2217,0.02280624,0.14136040,1.00000000,-0.89469912,0.16189761
2218,0.02115790,0.05027521,-1.00000000,-0.93754317,0.19487043
2219,0.00202995,0.13705376,1.00000000,-0.90264399,0.14791841
2220,0.04288773,0.13323414,1.00000000,-0.90969042,0.16952865
2221,0.00912892,0.08890961,1.00000000,-0.99146012,0.19771860
2222,0.00578024,0.18358791,1.00000000,-0.81679799,0.17752785
2223,-0.04946368,0.10535980,1.00000000,-0.96111288,0.09377929
2224,0.03327859,0.09760001,1.00000000,-0.97542809,0.13083636
2225,-0.01312122,-0.03041480,-1.00000000,-0.78868658,0.06441660
2226,0.06728240,0.16132099,1.00000000,-0.85787591,0.13337951
2227,-0.06534823,0.05380033,-1.00000000,-0.94404629,0.04902985
2228,0.05150756,0.24011683,1.00000000,-0.71251369,0.16876938
2229,-0.04678284,-0.06722351,-1.00000000,-0.72078204,0.07382632
2230,-0.06759876,0.20356235,1.00000000,-0.77994924,0.00922262
2231,0.03890908,-0.02420258,-1.00000000,-0.80014685,-0.02442467
2232,0.05889814,-0.07243858,-1.00000000,-0.71116129,0.12291633
2233,0.00958892,0.17436832,1.00000000,-0.83380626,0.07320595
2234,-0.01098704,0.22068829,1.00000000,-0.74835538,0.11565539
2235,0.03438655,0.10642573,1.00000000,-0.95914645,0.23659749
2236,0.00697323,0.05874579,-1.00000000,-0.95316965,0.19872548
2237,0.06153653,0.16388843,1.00000000,-0.85313951,0.20185429
2238,0.07532181,0.10036449,1.00000000,-0.97032820,0.27980546
2239,-0.03042396,0.22680212,1.00000000,-0.73707660,0.25675565
2240,0.00259167,0.25874629,1.00000000,-0.67814615,0.21905081
2241,-0.00587832,0.01370528,-1.00000000,-0.87007912,0.20381045
2242,0.05092215,0.09021126,1.00000000,-0.98905883,0.19122309
2243,0.07506098,0.07058404,-1.00000000,-0.97500881,0.19091378
2244,0.00092214,0.20220579,1.00000000,-0.78245180,0.22808642
2245,0.02587416,0.25814187,1.00000000,-0.67926117,0.25569659
2246,-0.00557501,0.08634251,1.00000000,-0.99619589,0.25605628
2247,0.00305248,0.14416295,1.00000000,-0.88952900,0.19928871
2248,0.01292374,0.07128689,-1.00000000,-0.97630543,0.12560154
2249,-0.00884421,0.09127908,1.00000000,-0.98708893,0.11401985
2250,0.00044426,0.11415339,1.00000000,-0.94489050,0.08386310
2251,0.01448741,0.06371130,-1.00000000,-0.96233000,0.10765467
2252,0.00809156,0.08523512,1.00000000,-0.99823879,0.11363040
2253,-0.04496178,0.11777683,1.00000000,-0.93820599,0.04498526
2254,-0.02296149,0.10295596,1.00000000,-0.96554747,0.02824389
2255,0.01141117,-0.01998269,-1.00000000,-0.80793169,0.04124931
2256,-0.00463121,0.03099780,-1.00000000,-0.90198029,0.01857697
2257,0.05972545,0.11064838,1.00000000,-0.95135652,0.07980844
2258,0.02769483,0.07347392,-1.00000000,-0.98034005,0.16597029
2259,0.22440578,0.22260536,1.00000000,-0.74481877,0.45931760
2260,-0.01814035,0.14838193,1.00000000,-0.88174583,0.42427311
2261,-0.10154984,0.60421337,1.00000000,-0.04082997,0.30933948
2262,0.03878699,0.04216967,-1.00000000,-0.92259010,0.28450903
2263,0.00297565,-0.15111225,-1.00000000,-0.56602446,0.25519511
2264,0.06565395,0.17408541,1.00000000,-0.83432817,0.06693486
2265,-0.06686708,0.09110103,1.00000000,-0.98741738,0.00915093
2266,-0.02362926,0.23634328,1.00000000,-0.71947511,0.10155520
2267,0.01401456,-0.07074308,-1.00000000,-0.71428915,0.07217813
2268,-0.15115136,0.02945040,-1.00000000,-0.89912565,-0.11059764
2269,0.00773713,0.11668112,1.00000000,-0.94022736,-0.17927990
2270,0.07945254,-0.26605212,-1.00000000,-0.35398388,-0.00576275
2271,0.00630080,0.10213465,1.00000000,-0.96706261,0.02973064
2272,-0.00684162,0.26831826,1.00000000,-0.66048781,0.00499777
2273,-0.00592052,0.09880630,1.00000000,-0.97320275,0.17722378
2274,-0.03268551,0.06835183,-1.00000000,-0.97089083,0.12928747
2275,-0.07932364,0.07048626,-1.00000000,-0.97482842,-0.05900165
2276,0.04861821,0.00846466,-1.00000000,-0.86041125,-0.00881839
2277,-0.00540731,-0.09960825,-1.00000000,-0.66103881,-0.00711748
2278,-0.10321411,0.19686695,1.00000000,-0.79230089,-0.12249577
2279,0.00058845,0.07167549,-1.00000000,-0.97702231,-0.08303692
2280,0.13935462,-0.15496879,-1.00000000,-0.55890992,0.17628874
2281,0.01966662,0.08556927,1.00000000,-0.99762237,0.14195570
2282,0.03046635,0.40712727,1.00000000,-0.40441354,0.18449748
2283,-0.03593784,0.12977844,1.00000000,-0.91606547,0.26427890
2284,0.04010831,0.15480429,1.00000000,-0.86989789,0.31114463
2285,0.40481326,0.00092817,-1.00000000,-0.84650796,0.62594609
2286,-0.06537900,0.17714727,1.00000000,-0.82867966,0.52509239
2287,0.01327162,1.02226534,1.00000000,0.73039049,0.50470154
2288,-0.09656061,-0.06729481,-1.00000000,-0.72065050,0.43281035
2289,0.18053175,0.11495953,1.00000000,-0.94340333,0.59933535
2290,-0.04224136,-0.13955088,-1.00000000,-0.58735281,0.06918328
2291,0.10551097,0.50254560,1.00000000,-0.22838623,0.27183787
2292,-0.05565383,-0.01367877,-1.00000000,-0.81956113,0.19010072
2293,-0.11034936,0.32870257,1.00000000,-0.54909109,0.17374896
2294,-0.00020196,-0.04475902,-1.00000000,-0.76222444,-0.04057910
2295,0.09547443,-0.17150306,-1.00000000,-0.52840757,0.12273498
2296,0.06540670,0.08373768,-1.00000000,-0.99927459,0.07517622
2297,0.04406546,0.30544524,1.00000000,-0.59199613,0.19343110
2298,-0.02788047,0.23577035,1.00000000,-0.72053206,0.29122911
2299,0.01293561,0.18631702,1.00000000,-0.81176334,0.30680865
2300,0.00317197,0.01959922,-1.00000000,-0.88095222,0.19734923
2301,0.03501699,0.11418090,1.00000000,-0.94483974,0.16131074
2302,0.14526693,0.09155596,1.00000000,-0.98657815,0.28132331
2303,-0.07408841,0.16534932,1.00000000,-0.85044447,0.22652635
2304,0.04444778,0.42082767,1.00000000,-0.37913910,0.26389594
2305,-0.04213239,-0.08747681,-1.00000000,-0.68341883,0.21017051
2306,0.01076076,0.18720297,1.00000000,-0.81012895,0.18140560
2307,0.00385966,-0.01342625,-1.00000000,-0.82002698,0.01371388
2308,-0.00008771,0.10914121,1.00000000,-0.95413695,0.10146965
2309,0.02323223,0.09314953,1.00000000,-0.98363834,0.07631060
2310,-0.01557577,0.08400243,-1.00000000,-0.99976299,0.10780350
2311,-0.02560659,0.13804090,1.00000000,-0.90082292,0.06467626
2312,-0.01993379,0.04811247,-1.00000000,-0.93355336,0.03646013
2313,-0.03651173,0.02486840,-1.00000000,-0.89067279,-0.00673430
2314,0.03665111,0.03801378,-1.00000000,-0.91492333,0.00917884
2315,-0.02179419,-0.00040170,-1.00000000,-0.84405462,0.00180456
2316,0.00702050,0.16913600,1.00000000,-0.84345881,0.04049630
2317,-0.00279652,0.03370275,-1.00000000,-0.90697036,0.06081902
2318,0.00625473,0.10047404,1.00000000,-0.97012611,0.11153481
2319,0.02367916,0.07772539,-1.00000000,-0.98818314,0.09615166
2320,0.00937320,0.09869953,1.00000000,-0.97339971,0.13311237
2321,-0.01645625,0.13907655,1.00000000,-0.89891236,0.10527181
2322,-0.00350194,0.10592587,1.00000000,-0.96006860,0.10443527
2323,-0.03433216,0.04607217,-1.00000000,-0.92978941,0.05630419
2324,0.00489616,0.07609073,-1.00000000,-0.98516753,0.03402986
2325,0.02253216,0.00464896,-1.00000000,-0.85337205,0.04963477
2326,0.06964849,0.09555137,1.00000000,-0.97920743,0.15174446
2327,0.03325130,0.13641866,1.00000000,-0.90381562,0.19532932
2328,0.03197605,0.24559970,1.00000000,-0.70239891,0.27396273
2329,-0.00567884,0.16125775,1.00000000,-0.85799257,0.26142207
2330,0.00045343,0.15830265,1.00000000,-0.86344413,0.23523940
2331,0.00164625,0.07104628,-1.00000000,-0.97586154,0.15459705
2332,0.03992063,0.08525639,1.00000000,-0.99819956,0.16250606
2333,0.01971223,0.08802046,1.00000000,-0.99310042,0.14796267
2334,0.01487868,0.17671235,1.00000000,-0.82948200,0.17234138
2335,0.08352308,0.12988412,1.00000000,-0.91587051,0.27085182
2336,0.03644664,0.11868352,1.00000000,-0.93653333,0.31212082
2337,0.00326834,0.27775080,1.00000000,-0.64308670,0.26865569
2338,-0.01737059,0.16866219,1.00000000,-0.84433289,0.22468002
2339,0.05761619,0.09177927,1.00000000,-0.98616617,0.27536147
2340,-0.01920454,0.04395342,-1.00000000,-0.92588074,0.15353908
2341,-0.03628860,0.21771766,1.00000000,-0.75383558,0.06728399
2342,0.00672279,0.03970366,-1.00000000,-0.91804081,0.07138055
2343,0.03928976,0.00011535,-1.00000000,-0.84500847,0.13857278
2344,-0.03418985,0.09978416,1.00000000,-0.97139878,0.02970205
2345,-0.01181852,0.17525045,1.00000000,-0.83217890,0.03846097
2346,-0.02244419,0.00497873,-1.00000000,-0.85398041,0.05487876
2347,0.01100554,0.05681903,-1.00000000,-0.94961518,0.05995757
2348,-0.02260019,0.03219654,-1.00000000,-0.90419171,-0.01343633
2349,0.03688143,0.10970841,1.00000000,-0.95309057,0.07084551
2350,-0.00690000,0.03183504,-1.00000000,-0.90352482,0.07667826
2351,0.00287474,0.16966973,1.00000000,-0.84247420,0.10670341
2352,0.02140516,0.06821653,-1.00000000,-0.97064123,0.11903609
2353,-0.03763037,0.09086720,1.00000000,-0.98784876,0.10121213
2354,-0.01823696,0.13380709,1.00000000,-0.90863343,0.03584846
2355,-0.02390779,-0.00299387,-1.00000000,-0.83927260,0.01567931
2356,-0.02813283,0.04194579,-1.00000000,-0.92217708,-0.02109187
2357,0.01508700,0.02880497,-1.00000000,-0.89793496,-0.02858443
2358,-0.00508493,0.01901445,-1.00000000,-0.87987344,0.01001048
2359,0.01692019,0.11916626,1.00000000,-0.93564278,0.05170256
2360,-0.00462939,0.07242255,-1.00000000,-0.97840047,0.07456439
2361,0.00474389,0.12341424,1.00000000,-0.92780612,0.11355215
2362,0.04502035,0.07347815,-1.00000000,-0.98034784,0.14904944
2363,-0.01177121,0.09519852,1.00000000,-0.97985837,0.14112032
2364,0.02376071,0.18852975,1.00000000,-0.80768131,0.14923234
2365,-0.05585427,0.05692864,-1.00000000,-0.94981739,0.08848589
2366,0.00779840,0.13926554,1.00000000,-0.89856371,0.09210817
2367,0.03741546,-0.04522349,-1.00000000,-0.76136757,0.08308970
2368,0.06219749,0.10227664,1.00000000,-0.96680068,0.17080754
2369,0.08044573,0.17090721,1.00000000,-0.84019130,0.23802904
2370,0.03538043,0.22833376,1.00000000,-0.73425105,0.34622224
2371,-0.04163992,0.27061977,1.00000000,-0.65624200,0.28759444
2372,0.02320175,0.16619152,1.00000000,-0.84889079,0.27073871
2373,0.02589257,-0.01228507,-1.00000000,-0.82213223,0.22768552
2374,-0.02605320,0.13797027,1.00000000,-0.90095322,0.10139081
2375,0.00786486,0.14420563,1.00000000,-0.88945026,0.06876071
2376,0.01370664,0.02383349,-1.00000000,-0.88876359,0.13439496
2377,-0.02148166,0.10243064,1.00000000,-0.96651657,0.08140591
2378,0.06647429,0.11596758,1.00000000,-0.94154369,0.12953086
2379,0.01048303,0.03442697,-1.00000000,-0.90830641,0.17285836
2380,0.02402471,0.23824424,1.00000000,-0.71596824,0.19202197
2381,0.01643489,0.10849762,1.00000000,-0.95532424,0.19525734
2382,0.07539270,0.13987730,1.00000000,-0.89743514,0.31013847
2383,-0.04562241,0.12228966,1.00000000,-0.92988074,0.17720549
2384,-0.02149957,0.25891054,1.00000000,-0.67784313,0.13927804
2385,-0.10811456,-0.02151357,-1.00000000,-0.80510754,-0.01742297
2386,-0.02941313,0.03438546,-1.00000000,-0.90822982,-0.07179310
2387,-0.01030838,-0.16632444,-1.00000000,-0.53796107,-0.17342409
2388,-0.01922720,0.01604766,-1.00000000,-0.87440032,-0.14212260
2389,0.03298861,0.06031842,-1.00000000,-0.95607083,-0.07750628
2390,0.06378461,0.03965115,-1.00000000,-0.91794394,0.12634510
2391,0.01193831,0.16064904,1.00000000,-0.85911553,0.17538285
2392,0.01902690,0.23201153,1.00000000,-0.72746632,0.21017090
2393,-0.00471548,0.11186990,1.00000000,-0.94910308,0.22738002
2394,-0.02492197,0.12829604,1.00000000,-0.91880019,0.15870515
2395,-0.01624882,0.07327864,-1.00000000,-0.97997980,0.06379529
2396,-0.06298430,0.02645485,-1.00000000,-0.89359947,-0.02505375
2397,0.03414862,0.04655284,-1.00000000,-0.93067616,-0.00712124
2398,0.01289220,-0.06174565,-1.00000000,-0.73088757,0.01375932
2399,0.00534661,0.16333708,1.00000000,-0.85415664,0.04965415
2400,0.02172042,0.11408031,1.00000000,-0.94502532,0.09468102
2401,0.01853623,0.09659518,1.00000000,-0.97728181,0.19135439
2402,-0.01666772,0.13453764,1.00000000,-0.90728571,0.13109243
2403,-0.01269395,0.12715903,1.00000000,-0.92089775,0.10075040
2404,-0.01977025,0.04558215,-1.00000000,-0.92888543,0.07096488
2405,0.02229519,0.05479043,-1.00000000,-0.94587282,0.07164649
2406,-0.07049830,0.03839277,-1.00000000,-0.91562248,-0.03393758
2407,-0.01751739,0.13586953,1.00000000,-0.90482866,-0.03494519
2408,-0.05139743,-0.07915760,-1.00000000,-0.69876608,-0.08084278
2409,0.00795724,0.04361323,-1.00000000,-0.92525317,-0.04796137
2410,-0.01194907,-0.03489581,-1.00000000,-0.78042003,-0.08857087
2411,0.00534243,0.10264471,1.00000000,-0.96612165,0.00136696
2412,-0.04578537,0.05651650,-1.00000000,-0.94905707,-0.03215541
2413,0.03679327,0.09658550,1.00000000,-0.97729968,0.07242796
2414,0.00506762,-0.02189118,-1.00000000,-0.80441092,0.06900122
2415,-0.03701335,0.16946542,1.00000000,-0.84285110,0.03927805
2416,-0.05529290,0.09594868,1.00000000,-0.97847446,-0.03262804
2417,-0.01327401,-0.00156408,-1.00000000,-0.84191026,0.00592646
2418,-0.02502137,-0.04392265,-1.00000000,-0.76376735,-0.06737813
2419,0.02939564,0.05344627,-1.00000000,-0.94339312,-0.03852807
2420,-0.01900964,0.02622453,-1.00000000,-0.89317457,-0.01717787
2421,-0.01144428,0.15232316,1.00000000,-0.87447507,0.03482124
2422,-0.00422166,0.04015529,-1.00000000,-0.91887398,0.04555622
2423,-0.00171561,0.05768625,-1.00000000,-0.95121501,0.07319399
2424,0.03899684,0.07442297,-1.00000000,-0.98209084,0.08457984
2425,-0.01553771,0.08023015,-1.00000000,-0.99280390,0.08869712
2426,0.00648728,0.17457168,1.00000000,-0.83343109,0.10996175
2427,0.00120675,0.04820066,-1.00000000,-0.93371605,0.11639918
2428,-0.00612751,0.09923841,1.00000000,-0.97240559,0.11116720
2429,-0.04357597,0.08700204,1.00000000,-0.99497920,0.01324595
2430,0.02098530,0.07000660,-1.00000000,-0.97394355,0.05655778
2431,0.04414762,-0.01677142,-1.00000000,-0.81385584,0.10121833
2432,0.00389132,0.13283417,1.00000000,-0.91042827,0.10440190
2433,0.00396745,0.18650740,1.00000000,-0.81141213,0.11637329
2434,-0.01545141,0.09322289,1.00000000,-0.98350299,0.14972557
2435,0.00680237,0.09339929,1.00000000,-0.98317757,0.13290635
2436,-0.01825670,0.04840065,-1.00000000,-0.93408498,0.05890247
2437,0.00929648,0.09996856,1.00000000,-0.97105861,0.06531233
2438,-0.01528168,0.04190006,-1.00000000,-0.92209272,0.04248523
2439,-0.01091997,0.10574808,1.00000000,-0.96039658,0.04785896
2440,0.03959332,0.04879397,-1.00000000,-0.93481058,0.08674501
2441,0.00962015,0.05890119,-1.00000000,-0.95345634,0.11980355
2442,-0.01007024,0.17595388,1.00000000,-0.83088122,0.09683698
2443,-0.01308650,0.10649812,1.00000000,-0.95901291,0.09944019
2444,-0.01049949,0.06087024,-1.00000000,-0.95708883,0.09993883
2445,0.00463188,0.05388078,-1.00000000,-0.94419470,0.05847884
2446,0.01520275,0.05987556,-1.00000000,-0.95525385,0.06509911
2447,-0.01870538,0.09493895,1.00000000,-0.98033721,0.05485890
2448,-0.03332357,0.11943447,1.00000000,-0.93514799,0.03086021
2449,-0.00678233,0.04086034,-1.00000000,-0.92017465,0.03526831
2450,0.01629165,0.00698613,-1.00000000,-0.85768366,0.04909538
2451,-0.00455745,0.06848921,-1.00000000,-0.97114428,0.02566220
2452,0.00274381,0.12195774,1.00000000,-0.93049306,0.05109831
2453,-0.01069425,0.07364484,-1.00000000,-0.98065536,0.07793391
2454,-0.00104079,0.09056380,1.00000000,-0.98840847,0.08474266
2455,-0.06348621,0.05942425,-1.00000000,-0.95442127,-0.00986411
2456,-0.00452050,0.08179387,-1.00000000,-0.99568865,-0.00982028
2457,0.00014786,-0.06290871,-1.00000000,-0.72874197,-0.01289876
2458,-0.04235260,0.07373048,-1.00000000,-0.98081334,-0.05044168
2459,-0.03037143,0.08454830,1.00000000,-0.99950583,-0.08522423
2460,-0.02647162,-0.01393653,-1.00000000,-0.81908563,-0.04132946
2461,-0.05367447,0.01382700,-1.00000000,-0.87030367,-0.09962006
2462,-0.05170983,0.02286391,-1.00000000,-0.88697491,-0.16111694
2463,-0.02493221,-0.04017231,-1.00000000,-0.77068596,-0.14045849
2464,-0.00203414,-0.03561973,-1.00000000,-0.77908456,-0.10685393
2465,-0.05513449,0.02643112,-1.00000000,-0.89355569,-0.14084458
2466,0.06941041,0.07949203,-1.00000000,-0.99144223,0.00511902
2467,0.01766843,-0.04355557,-1.00000000,-0.76444456,0.08739314
2468,0.00422014,0.24504799,1.00000000,-0.70341671,0.12196427
2469,0.09461223,0.12514810,1.00000000,-0.92460751,0.23657503
2470,-0.01923585,0.09398486,1.00000000,-0.98209732,0.27914643
2471,-0.05641752,0.30344730,1.00000000,-0.59568191,0.12992991
2472,0.02293474,0.03963111,-1.00000000,-0.91790698,0.13617511
2473,-0.01778538,-0.04652868,-1.00000000,-0.75895977,0.11007925
2474,-0.05156582,0.13735153,1.00000000,-0.90209466,-0.06327003
2475,0.03582781,0.04299222,-1.00000000,-0.92410753,0.00202874
2476,0.02481081,-0.03528601,-1.00000000,-0.77970020,0.09835559
2477,0.04446685,0.16722822,1.00000000,-0.84697829,0.12389005
2478,0.03398302,0.14169890,1.00000000,-0.89407466,0.18528104
2479,-0.08377685,0.18724716,1.00000000,-0.81004742,0.14708269
2480,-0.00892120,0.16295333,1.00000000,-0.85486459,0.09401584
2481,0.09747083,-0.10992752,-1.00000000,-0.64200186,0.18018173
2482,-0.00332436,0.06353289,-1.00000000,-0.96200087,0.12350719
2483,0.07864232,0.31007142,1.00000000,-0.58346176,0.17646767
2484,0.07548500,0.07650224,-1.00000000,-0.98592668,0.36533273
2485,0.05197112,0.26644078,1.00000000,-0.66395138,0.43754357
2486,0.00481721,0.25912442,1.00000000,-0.67744857,0.32766771
2487,0.15044749,0.20463653,1.00000000,-0.77796759,0.51002232
2488,-0.03946879,0.09536843,1.00000000,-0.97954492,0.36995699
2489,-0.01647279,0.43283241,1.00000000,-0.35699282,0.26090631
2490,-0.02299386,-0.00725399,-1.00000000,-0.83141355,0.17200701
2491,0.03599202,0.04603384,-1.00000000,-0.92971871,0.20897652
2492,0.05132642,0.03092279,-1.00000000,-0.90184190,0.09143105
2493,0.02629418,0.16760872,1.00000000,-0.84627635,0.16941788
2494,0.01816455,0.20314258,1.00000000,-0.78072362,0.21049353
2495,0.07331995,0.14513625,1.00000000,-0.88773344,0.32470993
2496,-0.13673644,0.12629774,1.00000000,-0.92248665,0.11987512
2497,0.02020990,0.25410745,1.00000000,-0.68670386,0.08297473
2498,-0.02446729,-0.23264893,-1.00000000,-0.41560594,0.02277784
2499,0.03829547,0.13103736,1.00000000,-0.91374303,0.04665065
2500,-0.04042979,0.02750847,-1.00000000,-0.89554318,-0.08824262
2501,-0.04693450,0.17294642,1.00000000,-0.83642937,0.01825150
2502,0.10893481,-0.00948087,-1.00000000,-0.82730540,0.12346839
2503,-0.03153032,-0.02455400,-1.00000000,-0.79949855,0.11509249
2504,0.08049687,0.33663651,1.00000000,-0.53445460,0.16513819
2505,-0.01803013,0.01114155,-1.00000000,-0.86534955,0.19170144
2506,-0.00419090,0.27073827,1.00000000,-0.65602339,0.24239011
2507,0.02688153,0.04242507,-1.00000000,-0.92306126,0.14508497
2508,-0.09493555,0.07449424,-1.00000000,-0.98222233,0.06989414
2509,0.00845105,0.14649731,1.00000000,-0.88522257,-0.01554340
2510,-0.09821861,-0.13578517,-1.00000000,-0.59429978,-0.11063711
2511,0.06115328,0.10378898,1.00000000,-0.96401071,-0.03314692
2512,0.02247408,-0.14339289,-1.00000000,-0.58026510,-0.03837362
2513,0.09259482,0.22591402,1.00000000,-0.73871496,0.18401445
2514,0.06369836,0.13628408,1.00000000,-0.90406390,0.24953100
2515,0.00454910,0.29877241,1.00000000,-0.60430612,0.37140093
2516,0.02286445,0.23181167,1.00000000,-0.72783502,0.32599506
2517,0.13440452,0.09474714,1.00000000,-0.98069106,0.45873087
2518,-0.01152180,0.13718865,1.00000000,-0.90239515,0.33526130
2519,-0.00269591,0.39565659,1.00000000,-0.42557462,0.25652582
2520,0.03295976,0.05750661,-1.00000000,-0.95088362,0.29021738
2521,0.01737656,0.07795853,-1.00000000,-0.98861323,0.28370942
2522,0.01682338,0.16058217,1.00000000,-0.85923888,0.14427258
2523,0.04127526,0.12447176,1.00000000,-0.92585521,0.20688343
2524,0.03065891,0.12318990,1.00000000,-0.92821998,0.24643817
2525,-0.00624062,0.17985140,1.00000000,-0.82369109,0.19995131
2526,-0.02320488,0.15525049,1.00000000,-0.86907474,0.15182668
2527,0.00295796,0.06974449,-1.00000000,-0.97346000,0.13538399
2528,0.04269649,0.03043380,-1.00000000,-0.90093982,0.13706939
2529,-0.00458778,0.09106004,1.00000000,-0.98749301,0.09527113
2530,0.00695280,0.18314477,1.00000000,-0.81761550,0.11091692
2531,0.01740957,0.07357457,-1.00000000,-0.98052572,0.15908069
2532,0.00092779,0.10031716,1.00000000,-0.97041552,0.15667317
2533,0.02247642,0.12454826,1.00000000,-0.92571409,0.13269463
2534,-0.03740668,0.08635561,1.00000000,-0.99617172,0.09377543
2535,-0.02659135,0.13628948,1.00000000,-0.90405393,0.05399617
2536,-0.06428829,-0.00247552,-1.00000000,-0.84022885,-0.04288750
2537,0.00044511,0.02258646,-1.00000000,-0.88646307,-0.04345990
2538,-0.00888726,-0.06476736,-1.00000000,-0.72531313,-0.08065338
2539,0.05597519,0.08523711,1.00000000,-0.99823514,0.03008608
2540,-0.00093110,0.06361154,-1.00000000,-0.96214597,0.06051600
2541,-0.01363513,0.21391502,1.00000000,-0.76085068,0.12058446
2542,0.04079002,0.08204806,-1.00000000,-0.99615758,0.16842859
2543,-0.00158645,0.05260947,-1.00000000,-0.94184939,0.17708645
2544,0.01694669,0.17872696,1.00000000,-0.82576546,0.13080343
2545,-0.02220102,0.08052945,-1.00000000,-0.99335605,0.10557990
2546,-0.01923610,0.12347564,1.00000000,-0.92769284,0.09893783
2547,-0.02406933,0.03276001,-1.00000000,-0.90523120,0.02202258
2548,0.00282454,0.03963052,-1.00000000,-0.91790589,0.02725348
2549,-0.04330008,0.02843065,-1.00000000,-0.89724441,-0.04419183
2550,0.03987869,0.09075088,1.00000000,-0.98806335,0.02942712
2551,0.02223364,-0.01613211,-1.00000000,-0.81503523,0.07860516
2552,-0.02134668,0.17661518,1.00000000,-0.82966126,0.08183388
2553,-0.00167657,0.13572691,1.00000000,-0.90509177,0.07649611
2554,0.00519352,0.03473974,-1.00000000,-0.90888340,0.13400359
2555,0.00414653,0.08032060,-1.00000000,-0.99297077,0.09162961
2556,-0.05988666,0.09624043,1.00000000,-0.97793626,-0.00575502
2557,-0.00470685,0.09381427,1.00000000,-0.98241202,0.01397779
2558,0.05390944,-0.05456762,-1.00000000,-0.74412957,0.07989600
2559,-0.01734008,0.07329866,-1.00000000,-0.98001672,0.05317392
2560,0.00125097,0.20912814,1.00000000,-0.76968149,0.04974014
2561,0.00074520,0.04402411,-1.00000000,-0.92601117,0.12164211
2562,-0.04350480,0.08710449,1.00000000,-0.99479019,0.07563249
2563,0.02246110,0.08593250,1.00000000,-0.99695228,0.03833860
2564,0.05944088,-0.01660649,-1.00000000,-0.81416008,0.12939142
2565,-0.02093192,0.13625399,1.00000000,-0.90411940,0.10308523
2566,0.01976277,0.22194595,1.00000000,-0.74603525,0.12563773
2567,0.01632158,0.03570085,-1.00000000,-0.91065645,0.19658450
2568,0.04343475,0.13000124,1.00000000,-0.91565445,0.22145668
2569,0.00066657,0.12202709,1.00000000,-0.93036513,0.15175754
2570,-0.01359577,0.18485550,1.00000000,-0.81445955,0.16045731
2571,-0.01387604,0.08575028,1.00000000,-0.99728842,0.12056580
2572,0.00303102,0.05270066,-1.00000000,-0.94201762,0.10480482
2573,0.00034193,0.05205120,-1.00000000,-0.94081951,0.05370202
2574,0.01919883,0.09122934,1.00000000,-0.98718069,0.07567902
2575,0.03864691,0.08499802,1.00000000,-0.99867621,0.13763245
2576,-0.03002523,0.12869446,1.00000000,-0.91806520,0.11848149
2577,0.01098038,0.17376082,1.00000000,-0.83492698,0.12790846
2578,-0.00455874,0.01462925,-1.00000000,-0.87178365,0.12209686
2579,-0.00677679,0.10965012,1.00000000,-0.95319812,0.09129294
2580,-0.01550324,0.07364186,-1.00000000,-0.98064986,0.02707749
2581,0.01260786,0.06850204,-1.00000000,-0.97116794,0.07763512
2582,-0.07735330,0.04828056,-1.00000000,-0.93386344,-0.02711781
2583,0.11173114,0.11342143,1.00000000,-0.94624082,0.11078775
2584,0.02223423,-0.09504244,-1.00000000,-0.66946179,0.14519128
2585,0.02010879,0.34311635,1.00000000,-0.52250062,0.18742278
2586,0.07756940,0.13572827,1.00000000,-0.90508925,0.26445922
2587,-0.00849221,0.13080307,1.00000000,-0.91417524,0.34612004
2588,0.00807295,0.26395454,1.00000000,-0.66853799,0.22319412
2589,0.00765790,0.06452696,-1.00000000,-0.96383473,0.20590837
2590,-0.03512981,0.10291284,1.00000000,-0.96562702,0.14040215
2591,0.04288305,0.10195104,1.00000000,-0.96740133,0.09926838
2592,0.00532488,0.00280058,-1.00000000,-0.84996217,0.11565377
2593,0.01194354,0.18357708,1.00000000,-0.81681798,0.12024381
2594,0.04839052,0.09654484,1.00000000,-0.97737468,0.16854772
2595,-0.06015035,0.11188201,1.00000000,-0.94908073,0.13887642
2596,0.03887256,0.19633933,1.00000000,-0.79327423,0.13412047
2597,-0.02949991,-0.05517864,-1.00000000,-0.74300236,0.09282252
2598,0.01654776,0.17428370,1.00000000,-0.83396236,0.09828257
2599,-0.06013501,0.01584654,-1.00000000,-0.87402931,-0.03041542
2600,0.03997807,0.12255122,1.00000000,-0.92939821,0.08832463
2601,-0.01188490,-0.05514309,-1.00000000,-0.74306795,0.02813248
2602,0.01152123,0.17684545,1.00000000,-0.82923645,0.07677855
2603,-0.04593529,0.05666520,-1.00000000,-0.94933138,0.00268129
2604,-0.03981730,0.11090342,1.00000000,-0.95088602,0.02677560
2605,-0.02759492,-0.02223858,-1.00000000,-0.80377003,-0.05335769
2606,-0.00035038,-0.00806158,-1.00000000,-0.82992371,-0.03967916
2607,0.00066749,0.02026093,-1.00000000,-0.88217295,-0.05255037
2608,-0.01103011,0.08339374,-1.00000000,-0.99864009,-0.01115709
2609,-0.02082520,0.08575242,1.00000000,-0.99728448,0.01136521
2610,0.06038504,0.05864598,-1.00000000,-0.95298553,0.11569867
2611,0.00359593,0.03594815,-1.00000000,-0.91111266,0.12037852
2612,-0.07154621,0.22413382,1.00000000,-0.74199908,0.03474191
2613,0.02290413,0.09253840,1.00000000,-0.98476573,0.07498377
2614,-0.02103428,-0.08158587,-1.00000000,-0.69428641,0.07473582
2615,-0.04491066,0.13728062,1.00000000,-0.90222548,-0.05013199
2616,0.00256817,0.03546366,-1.00000000,-0.91021888,-0.05135079
2617,-0.01389470,-0.01986425,-1.00000000,-0.80815019,0.01701684
2618,0.02199112,0.09015681,1.00000000,-0.98915929,0.01593412
2619,-0.04337686,0.05200796,-1.00000000,-0.94073973,-0.01056144
2620,0.03277598,0.13516493,1.00000000,-0.90612850,0.08156542
2621,-0.03860930,-0.01631001,-1.00000000,-0.81470704,0.03273397
2622,-0.01464590,0.16015631,1.00000000,-0.86002451,0.03184314
2623,0.06333831,-0.00526232,-1.00000000,-0.83508777,0.08087585
2624,0.01792336,0.05026723,-1.00000000,-0.93752844,0.15357041
2625,0.00452854,0.23097734,1.00000000,-0.72937419,0.12007240
2626,-0.03869451,0.12573885,1.00000000,-0.92351769,0.11997136
2627,0.01169778,0.09469951,1.00000000,-0.98077894,0.15121174
2628,0.02553677,-0.00545977,-1.00000000,-0.83472352,0.10638373
2629,0.00272927,0.11131252,1.00000000,-0.95013133,0.08836539
2630,-0.00293504,0.14338113,1.00000000,-0.89097129,0.07951450
2631,-0.01759760,0.09053011,1.00000000,-0.98847063,0.10453285
2632,-0.01531414,0.07740441,-1.00000000,-0.98759099,0.07250003
2633,0.04763687,0.04342737,-1.00000000,-0.92491030,0.09870805
2634,-0.00682479,0.04871875,-1.00000000,-0.93467181,0.08737810
2635,0.03628458,0.19459294,1.00000000,-0.79649597,0.13388777
2636,0.00620276,0.06839081,-1.00000000,-0.97096274,0.16211208
2637,-0.01050406,0.16828667,1.00000000,-0.84502566,0.16781624
2638,-0.01737717,0.09857911,1.00000000,-0.97362187,0.09071753
2639,0.00570445,0.05986496,-1.00000000,-0.95523430,0.10557569
2640,0.00753151,0.04393815,-1.00000000,-0.92585259,0.07147806
2641,0.00715102,0.09742440,1.00000000,-0.97575207,0.07260258
2642,0.01208616,0.10165817,1.00000000,-0.96794162,0.09939182
2643,-0.09023158,0.10077648,1.00000000,-0.96956817,0.01299541
2644,-0.00871297,0.11221250,1.00000000,-0.94847105,-0.00410189
2645,0.01827036,-0.12488482,-1.00000000,-0.61440869,0.00863307
2646,-0.00639536,0.06401541,-1.00000000,-0.96289103,-0.00743127
2647,-0.03742642,0.12654293,1.00000000,-0.92203432,-0.06614713
2648,0.03358716,0.06938592,-1.00000000,-0.97279853,0.08068674
2649,0.06930145,-0.00252126,-1.00000000,-0.84014446,0.17320229
2650,-0.02385291,0.16203602,1.00000000,-0.85655683,0.12324925
2651,-0.02329997,0.24479550,1.00000000,-0.70388250,0.10320244
2652,-0.02871485,0.02893214,-1.00000000,-0.89816957,0.11353330
2653,-0.03960720,0.03021345,-1.00000000,-0.90053332,0.02673375
2654,-0.06585868,0.01766575,-1.00000000,-0.87738538,-0.13354963
2655,0.00934510,-0.00757471,-1.00000000,-0.83082189,-0.09418084
2656,0.00172940,-0.06840637,-1.00000000,-0.71859990,-0.06449907
2657,0.03420584,0.10586075,1.00000000,-0.96018872,0.01011717
2658,-0.00605568,0.08821315,1.00000000,-0.99274495,0.04990516
2659,-0.05712369,0.16346968,1.00000000,-0.85391202,0.06026380
2660,0.06604838,0.07017305,-1.00000000,-0.97425061,0.12750694
2661,-0.01297604,-0.04816507,-1.00000000,-0.75594097,0.11006809
2662,0.02536873,0.23725727,1.00000000,-0.71778899,0.09958835
2663,-0.00493434,0.05413674,-1.00000000,-0.94466689,0.10091812
2664,0.02762774,0.14299173,1.00000000,-0.89168965,0.20142295
2665,-0.00426769,0.07277149,-1.00000000,-0.97904420,0.11803669
2666,0.00346135,0.14822648,1.00000000,-0.88203261,0.13752943
2667,-0.01948034,0.07431629,-1.00000000,-0.98189405,0.08434392
2668,0.02414227,0.09222653,1.00000000,-0.98534108,0.11882523
2669,-0.10915588,0.03906455,-1.00000000,-0.91686179,-0.04338341
2670,-0.02095760,0.14014971,1.00000000,-0.89693260,-0.06317560
2671,0.00541529,-0.16873745,-1.00000000,-0.53350956,-0.06085847
2672,-0.00730276,0.03564134,-1.00000000,-0.91054667,-0.04641735
2673,-0.01664716,0.09675433,1.00000000,-0.97698821,-0.09478862
2674,-0.00420935,0.06728323,-1.00000000,-0.96891949,0.02966512
2675,0.00765075,0.04562979,-1.00000000,-0.92897332,0.06359113
2676,0.00204358,0.07445149,-1.00000000,-0.98214346,0.05959270
2677,0.10685333,0.10193448,1.00000000,-0.96743189,0.19496786
2678,0.01708836,0.08894120,1.00000000,-0.99140185,0.23497405
2679,-0.00959191,0.33181317,1.00000000,-0.54335267,0.22859100
2680,0.02729867,0.12380392,1.00000000,-0.92708723,0.25189102
2681,-0.03414875,0.06197868,-1.00000000,-0.95913367,0.20897134
2682,0.02232317,0.14746392,1.00000000,-0.88343938,0.10872891
2683,-0.03785393,0.00507396,-1.00000000,-0.85415610,0.04357408
2684,0.04411507,0.13593437,1.00000000,-0.90470904,0.10726398
2685,-0.03957936,-0.00351194,-1.00000000,-0.83831687,0.02795482
2686,-0.03105657,0.18643198,1.00000000,-0.81155127,0.03162177
2687,0.00275293,-0.00751021,-1.00000000,-0.83094088,0.00841386
2688,-0.02666488,0.01223937,-1.00000000,-0.86737481,0.02168271
2689,-0.01866093,0.09058494,1.00000000,-0.98836947,-0.05276194
2690,0.03392920,0.02241606,-1.00000000,-0.88614873,0.03441021
2691,0.00914835,0.04096334,-1.00000000,-0.92036467,0.08208833
2692,-0.05230210,0.16282862,1.00000000,-0.85509464,0.01679980
2693,0.02702998,0.10540483,1.00000000,-0.96102980,0.08047534
2694,0.03214336,-0.03699217,-1.00000000,-0.77655269,0.14072302
2695,-0.00858297,0.14684131,1.00000000,-0.88458797,0.09030879
2696,-0.04973972,0.15869037,1.00000000,-0.86272888,0.02047474
2697,-0.06836866,0.06431665,-1.00000000,-0.96344675,0.00142177
2698,0.01422278,-0.03105445,-1.00000000,-0.78750657,-0.01376601
2699,0.02064024,-0.07422264,-1.00000000,-0.70787006,-0.02740731
2700,-0.02801867,0.11716361,1.00000000,-0.93933725,-0.05045567
2701,0.00563244,0.13203458,1.00000000,-0.91190336,0.01520894
2702,-0.00041365,0.01927899,-1.00000000,-0.88036146,0.09579527
2703,0.00067864,0.09725753,1.00000000,-0.97605990,0.07973358
2704,-0.00975788,0.08324714,-1.00000000,-0.99836963,0.04368513
2705,-0.02106901,0.08577825,1.00000000,-0.99723683,0.05192657
2706,0.00895132,0.06159408,-1.00000000,-0.95842417,0.05586235
2707,-0.01047028,0.03538318,-1.00000000,-0.91007041,0.04393642
2708,0.02808773,0.10494826,1.00000000,-0.96187209,0.07644026
2709,-0.00340547,0.05994326,-1.00000000,-0.95537875,0.08397343
2710,0.01858928,0.14929239,1.00000000,-0.88006621,0.13100331
2711,0.00179755,0.07631428,-1.00000000,-0.98557993,0.12251982
2712,0.04734357,0.12728196,1.00000000,-0.92067096,0.19107996
2713,0.00895962,0.08837108,1.00000000,-0.99245359,0.16839637
2714,0.00326256,0.19391327,1.00000000,-0.79774981,0.17630384
2715,-0.01427919,0.10496749,1.00000000,-0.96183660,0.13732585
2716,-0.03021807,0.09176588,1.00000000,-0.98619087,0.09935924
2717,0.02529417,0.05111699,-1.00000000,-0.93909608,0.07321135
2718,-0.06493695,0.01418239,-1.00000000,-0.87095928,-0.01442094
2719,-0.02651238,0.14281898,1.00000000,-0.89200835,-0.04973038
2720,0.02937195,-0.06627046,-1.00000000,-0.72254022,0.00203453
2721,0.01945711,0.02276944,-1.00000000,-0.88680064,0.06094322
2722,0.00353052,0.15226825,1.00000000,-0.87457636,0.03513418
2723,0.02481960,0.12929295,1.00000000,-0.91696110,0.14157446
2724,0.00084502,0.09238682,1.00000000,-0.98504538,0.17401700
2725,-0.03616240,0.14171926,1.00000000,-0.89403711,0.09630129
2726,0.05611592,0.08616381,1.00000000,-0.99652555,0.13977415
2727,0.06297620,0.00040780,-1.00000000,-0.84554797,0.21026945
2728,-0.00949021,0.21424115,1.00000000,-0.76024904,0.16958221
2729,-0.00008920,0.23013822,1.00000000,-0.73092219,0.16847434
2730,0.02358710,0.06221432,-1.00000000,-0.95956839,0.23932993
2731,-0.06539180,0.08399896,-1.00000000,-0.99975659,0.09523665
2732,0.03308651,0.13886324,1.00000000,-0.89930588,0.05979114
2733,-0.00958325,-0.06732446,-1.00000000,-0.72059580,0.05968080
2734,-0.01437233,0.16087589,1.00000000,-0.85869703,0.04274276
2735,0.01192926,0.06199872,-1.00000000,-0.95917065,0.02891799
2736,-0.01056403,0.05090116,-1.00000000,-0.93869792,0.09393701
2737,-0.01018029,0.11184893,1.00000000,-0.94914176,0.04262787
2738,0.02935310,0.05972601,-1.00000000,-0.95497796,0.08880163
2739,-0.04182235,0.06061523,-1.00000000,-0.95661839,0.05624926
2740,-0.08041580,0.15222459,1.00000000,-0.87465691,-0.05326068
2741,0.02973850,-0.01270781,-1.00000000,-0.82135236,-0.00546681
2742,0.01287636,-0.10213908,-1.00000000,-0.65636995,0.02187556
2743,0.04058893,0.15311767,1.00000000,-0.87300937,0.03519988
2744,0.03742351,0.11404362,1.00000000,-0.94509300,0.12917577
2745,-0.00687264,0.17826098,1.00000000,-0.82662509,0.21638896
2746,-0.01444904,0.17092586,1.00000000,-0.84015689,0.16398794
2747,-0.01587176,0.06827993,-1.00000000,-0.97075820,0.12989618
2748,0.02491708,0.05072341,-1.00000000,-0.93836999,0.11131128
2749,0.02629108,0.04742658,-1.00000000,-0.93228802,0.09810958
2750,0.02753913,0.14194515,1.00000000,-0.89362038,0.13891774
2751,-0.01951000,0.14512907,1.00000000,-0.88774671,0.13291605
2752,0.00280490,0.14802114,1.00000000,-0.88241142,0.15506430
2753,0.00128684,0.03899582,-1.00000000,-0.91673499,0.12704173
2754,0.00483557,0.09070538,1.00000000,-0.98814729,0.10159813
2755,-0.02503498,0.08718763,1.00000000,-0.99463682,0.03925166
2756,-0.00086574,0.09541097,1.00000000,-0.97946644,0.06136148
2757,-0.00085716,0.02619298,-1.00000000,-0.89311638,0.05701872
2758,-0.00798173,0.08219952,-1.00000000,-0.99643699,0.04602732
2759,-0.00407066,0.08221941,-1.00000000,-0.99647368,0.03546562
2760,-0.06799050,0.06570987,-1.00000000,-0.96601696,-0.01547437
2761,-0.01421238,0.07477287,-1.00000000,-0.98273634,-0.03130185
2762,0.02037756,-0.07334634,-1.00000000,-0.70948666,-0.00612008
2763,-0.00058628,0.05127180,-1.00000000,-0.93938168,0.00265003
2764,0.01856797,0.13142587,1.00000000,-0.91302629,0.02949667
2765,-0.00282518,0.08284711,-1.00000000,-0.99763166,0.10677476
2766,0.06651808,0.12723258,1.00000000,-0.92076207,0.20251121
2767,-0.00567819,0.07765898,-1.00000000,-0.98806062,0.17161228
2768,0.02258632,0.23834569,1.00000000,-0.71578108,0.19909214
2769,0.01426332,0.07104779,-1.00000000,-0.97586433,0.19398736
2770,0.01123935,0.13654416,1.00000000,-0.90358410,0.21066616
2771,0.04940617,0.11725756,1.00000000,-0.93916394,0.19037353
2772,-0.12104476,0.11025021,1.00000000,-0.95209106,0.05356290
2773,-0.05930966,0.19869286,1.00000000,-0.78893246,-0.04355571
2774,-0.00869319,-0.19628714,-1.00000000,-0.48268601,-0.07077933
2775,-0.00866176,-0.05323054,-1.00000000,-0.74659620,-0.09437960
2776,-0.02014203,0.06406123,-1.00000000,-0.96297556,-0.17685525
2777,-0.03382993,0.06413407,-1.00000000,-0.96310994,-0.07342913
2778,0.05853699,0.03753125,-1.00000000,-0.91403317,0.06632257
2779,-0.02118551,0.00581275,-1.00000000,-0.85551902,0.05150822
2780,0.01909313,0.21985139,1.00000000,-0.74989928,0.08442213
2781,-0.02337548,0.03511323,-1.00000000,-0.90957241,0.08058765
2782,0.01298390,0.12844952,1.00000000,-0.91851705,0.13610312
2783,0.05881527,0.03003848,-1.00000000,-0.90021054,0.13643312
2784,0.02611190,0.11429281,1.00000000,-0.94463331,0.19252205
2785,-0.02138116,0.22049624,1.00000000,-0.74870967,0.14452449
2786,0.02986895,0.14471386,1.00000000,-0.88851268,0.20766587
2787,-0.07729761,0.03465985,-1.00000000,-0.90873601,0.10060304
2788,0.00206341,0.15341994,1.00000000,-0.87245174,0.03330228
2789,0.08524271,-0.09491340,-1.00000000,-0.66969984,0.10342419
2790,0.03626569,0.08898713,1.00000000,-0.99131710,0.17178630
2791,-0.02655620,0.28173564,1.00000000,-0.63573549,0.10487297
2792,-0.01523401,0.16824288,1.00000000,-0.84510644,0.17847282
2793,-0.02855876,0.02266790,-1.00000000,-0.88661332,0.14215868
2794,0.01700907,0.04890444,-1.00000000,-0.93501437,0.06124192
2795,0.06752916,0.01802746,-1.00000000,-0.87805265,0.09831658
2796,0.04083946,0.12362019,1.00000000,-0.92742619,0.17823960
2797,0.01385903,0.24068864,1.00000000,-0.71145881,0.21274038
2798,0.13776751,0.17884154,1.00000000,-0.82555408,0.40998298
2799,0.00015215,0.11632072,1.00000000,-0.94089221,0.38999274
2800,-0.02093029,0.40344953,1.00000000,-0.41119823,0.28509066
2801,-0.01199998,0.08455824,1.00000000,-0.99948751,0.22242954
2802,-0.04897276,0.03570463,-1.00000000,-0.91066343,0.14791873
2803,0.03733993,0.05639853,-1.00000000,-0.94883944,0.02882390
2804,0.01972028,-0.02927720,-1.00000000,-0.79078523,0.05202931
2805,-0.03533388,0.17073219,1.00000000,-0.84051417,0.03494841
2806,0.00280081,0.12990278,1.00000000,-0.91583610,0.05250033
2807,0.00159334,0.00232770,-1.00000000,-0.84908981,0.11246554
2808,0.02525343,0.09069588,1.00000000,-0.98816482,0.09813243
2809,0.02173717,0.08789786,1.00000000,-0.99332658,0.10052421
2810,-0.04797667,0.14272456,1.00000000,-0.89218253,0.08553141
2811,-0.01380481,0.13457645,1.00000000,-0.90721413,0.06583919
2812,-0.05500490,-0.02696899,-1.00000000,-0.79504340,-0.00127940
2813,0.01113985,0.05221626,-1.00000000,-0.94112400,-0.01801638
2814,-0.02971321,-0.04325526,-1.00000000,-0.76499856,-0.07903024
2815,0.04712175,0.11001964,1.00000000,-0.95251642,0.03374485
2816,0.04994564,0.01535227,-1.00000000,-0.87311748,0.10934509
2817,0.04409298,0.19339927,1.00000000,-0.79869804,0.22686304
2818,0.02928164,0.19994296,1.00000000,-0.78662627,0.24837698
2819,-0.09753965,0.18638079,1.00000000,-0.81164571,0.16794313
2820,0.00673829,0.15205898,1.00000000,-0.87496242,0.12005328
2821,-0.04158588,-0.14181956,-1.00000000,-0.58316756,0.01150810
2822,-0.03263744,0.09982007,1.00000000,-0.97133254,-0.07948479
2823,0.04484557,-0.01215984,-1.00000000,-0.82236326,-0.06102787
2824,0.01791627,0.00857605,-1.00000000,-0.86061674,0.07588872
2825,0.02555815,0.18812474,1.00000000,-0.80842847,0.09820677
2826,0.04788886,0.12572242,1.00000000,-0.92354801,0.20431286
2827,-0.04234977,0.14343068,1.00000000,-0.89087989,0.19279523
2828,0.02225704,0.19517686,1.00000000,-0.79541875,0.16600800
2829,0.01558457,-0.01392999,-1.00000000,-0.81909770,0.16324289
2830,-0.00582237,0.13578113,1.00000000,-0.90499173,0.12602943
2831,0.04671337,0.12031925,1.00000000,-0.93351575,0.12463544
2832,0.03245093,0.07071369,-1.00000000,-0.97524799,0.21333991
2833,0.03335992,0.19245292,1.00000000,-0.80044386,0.22650658
2834,-0.02771839,0.15940307,1.00000000,-0.86141409,0.17515457
2835,-0.00081100,0.16150946,1.00000000,-0.85752823,0.18109744
2836,-0.06958119,0.01997481,-1.00000000,-0.88164512,0.04318633
2837,0.00509509,0.08232637,-1.00000000,-0.99667101,0.01074566
2838,-0.15025224,-0.07703239,-1.00000000,-0.70268665,-0.20699589
2839,-0.06673058,0.09601235,1.00000000,-0.97835701,-0.25325958
2840,-0.04337128,-0.26396861,-1.00000000,-0.35782752,-0.30373087
2841,-0.01992874,-0.07042679,-1.00000000,-0.71487263,-0.24484914
2842,-0.05143902,-0.01629709,-1.00000000,-0.81473087,-0.31189168
2843,-0.04771890,0.03802550,-1.00000000,-0.91494495,-0.19029969
2844,0.05024021,-0.03499218,-1.00000000,-0.78024225,-0.05158664
2845,-0.03324159,-0.02637167,-1.00000000,-0.79614533,-0.03957407
2846,-0.04964637,0.20062555,1.00000000,-0.78536703,-0.07481554
2847,0.14283123,0.00717609,-1.00000000,-0.85803410,0.15556520
2848,-0.01793538,-0.03083813,-1.00000000,-0.78790563,0.19088482
2849,-0.00604176,0.41518351,1.00000000,-0.38955144,0.12414130
2850,-0.09077811,0.04264465,-1.00000000,-0.92346633,0.05591002
2851,-0.03450909,0.07020532,-1.00000000,-0.97431014,0.07386099
2852,-0.00599437,-0.12615129,-1.00000000,-0.61207233,-0.10262797
2853,0.03315609,0.00423896,-1.00000000,-0.85261570,-0.04203974
2854,0.02363765,0.07031511,-1.00000000,-0.97451269,-0.00684359
2855,-0.00802520,0.16103713,1.00000000,-0.85839958,0.09129123
2856,0.00140295,0.13898037,1.00000000,-0.89908979,0.13387852
2857,-0.04969524,0.06560915,-1.00000000,-0.96583115,0.08205463
2858,0.05987403,0.08745668,1.00000000,-0.99414047,0.11373883
2859,-0.00624423,-0.03095139,-1.00000000,-0.78769669,0.07830259
2860,0.03110048,0.22294967,1.00000000,-0.74418359,0.12470085
2861,-0.05941673,0.06973614,-1.00000000,-0.97344460,0.05257615
2862,0.00141402,0.15627372,1.00000000,-0.86718709,0.11318548
2863,-0.05267584,-0.05347865,-1.00000000,-0.74613849,-0.02028490
2864,-0.03350931,0.08748232,1.00000000,-0.99409317,-0.05261795
2865,-0.01352208,-0.03785823,-1.00000000,-0.77495498,-0.10553485
2866,-0.03787207,0.00655571,-1.00000000,-0.85688962,-0.07998551
2867,0.00163876,0.05287141,-1.00000000,-0.94233263,-0.07971900
2868,-0.01905385,-0.00355395,-1.00000000,-0.83823936,-0.03984743
2869,-0.07000892,0.08800311,1.00000000,-0.99313242,-0.08313150
2870,-0.00562442,0.04005284,-1.00000000,-0.91868497,-0.07376583
2871,0.00612482,-0.07802356,-1.00000000,-0.70085815,-0.02159091
2872,0.01247165,0.07117241,-1.00000000,-0.97609422,-0.00874443
2873,-0.00863135,0.09839850,1.00000000,-0.97395505,0.00361538
2874,-0.01317555,0.11310578,1.00000000,-0.94682313,0.07101279
2875,0.04400490,0.06420454,-1.00000000,-0.96323993,0.12986709
2876,-0.02151761,0.05367441,-1.00000000,-0.94381400,0.09708655
2877,0.00792291,0.18617669,1.00000000,-0.81202223,0.09169230
2878,0.01997867,0.03434366,-1.00000000,-0.90815271,0.12562028
2879,-0.01204031,0.10256514,1.00000000,-0.96626845,0.12696653
2880,-0.02636878,0.13050154,1.00000000,-0.91473151,0.04351196
2881,-0.00625382,0.05630507,-1.00000000,-0.94866702,0.06161295
2882,-0.01120809,0.02310220,-1.00000000,-0.88741452,0.03892593
2883,-0.00870482,0.06971391,-1.00000000,-0.97340360,0.00491083
2884,0.01719869,0.05823355,-1.00000000,-0.95222468,0.03958470
2885,-0.00056855,0.06403430,-1.00000000,-0.96292588,0.07018062
2886,-0.02090537,0.12405958,1.00000000,-0.92661560,0.05280568
2887,0.02366963,0.08288818,-1.00000000,-0.99770743,0.09416639
2888,0.02189068,0.03576239,-1.00000000,-0.91076997,0.13044890
2889,-0.02912817,0.13905448,1.00000000,-0.89895307,0.07551092
2890,-0.07782275,0.13493218,1.00000000,-0.90655788,-0.01610310
2891,0.06387830,0.01670798,-1.00000000,-0.87561848,0.08443996
2892,0.08368293,-0.09613028,-1.00000000,-0.66745496,0.15560839
2893,0.00525410,0.23222864,1.00000000,-0.72706579,0.13587944
2894,-0.01820491,0.27812121,1.00000000,-0.64240338,0.14883308
2895,-0.12127439,0.09638081,1.00000000,-0.97767728,0.09730476
2896,0.07241429,0.04202006,-1.00000000,-0.92231410,0.10742740
2897,0.07649909,-0.19681925,-1.00000000,-0.48170438,0.09890824
2898,-0.04904497,0.25200879,1.00000000,-0.69057545,0.03451618
2899,-0.06629399,0.26147434,1.00000000,-0.67311345,-0.02251158
2900,0.08562301,-0.02944454,-1.00000000,-0.79047651,0.22284342
2901,0.03491094,-0.06941508,-1.00000000,-0.71673904,0.17836903
2902,0.13396786,0.28261689,1.00000000,-0.63410975,0.24651997
2903,0.01146424,0.16510357,1.00000000,-0.85089782,0.31827650
2904,-0.04517389,0.39464474,1.00000000,-0.42744128,0.34332234
2905,-0.00722172,0.11077136,1.00000000,-0.95112965,0.23321985
2906,-0.00399829,-0.02047423,-1.00000000,-0.80702491,0.18707827
2907,0.11629996,0.06747104,-1.00000000,-0.96926595,0.16612630
2908,-0.07345791,0.07494058,-1.00000000,-0.98304573,0.06541902
2909,0.02929343,0.35370351,1.00000000,-0.50296947,0.15372815
2910,-0.00404555,-0.08601579,-1.00000000,-0.68611411,0.15749470
2911,-0.03850064,0.15208632,1.00000000,-0.87491200,0.11657913
2912,-0.12008647,0.07483106,-1.00000000,-0.98284369,-0.16374625
2913,-0.01107323,-0.00501052,-1.00000000,-0.83555228,-0.08976565
2914,-0.01359791,-0.19406652,-1.00000000,-0.48678259,-0.14062954
2915,-0.07377565,0.05854605,-1.00000000,-0.95280117,-0.22332090
2916,0.02490613,0.05269570,-1.00000000,-0.94200847,-0.14812824
2917,0.00477713,-0.08675207,-1.00000000,-0.68475583,-0.00005528
2918,0.09986360,0.14191977,1.00000000,-0.89366721,0.13150223
2919,0.03022193,0.09527556,1.00000000,-0.97971625,0.18346720
2920,-0.00589967,0.31561611,1.00000000,-0.57323294,0.26395980
2921,0.01620109,0.15423789,1.00000000,-0.87094278,0.25363669
2922,0.01974297,0.07053456,-1.00000000,-0.97491753,0.27138433
2923,0.05617550,0.12174789,1.00000000,-0.93088020,0.21957559
2924,0.00562629,0.12995536,1.00000000,-0.91573910,0.19040818
2925,-0.00745187,0.21437920,1.00000000,-0.75999436,0.18856746
2926,-0.01575212,0.09724328,1.00000000,-0.97608620,0.15067486
2927,-0.04522638,0.06693770,-1.00000000,-0.96828205,0.07362917
2928,0.04051009,0.04770383,-1.00000000,-0.93279949,0.05505191
2929,0.01402675,-0.02059584,-1.00000000,-0.80680056,0.06501382
2930,0.03622830,0.17807828,1.00000000,-0.82696213,0.11681316
2931,-0.00749491,0.11670937,1.00000000,-0.94017525,0.12660520
2932,0.02388941,0.16815625,1.00000000,-0.84526626,0.20856806
2933,0.00119600,0.06683797,-1.00000000,-0.96809807,0.16194637
2934,0.00552153,0.13956376,1.00000000,-0.89801356,0.15186022
2935,-0.01938058,0.08697711,1.00000000,-0.99502517,0.08591489
2936,-0.00049351,0.09700053,1.00000000,-0.97653403,0.09421769
2937,-0.01582559,0.03929572,-1.00000000,-0.91728825,0.04712057
2938,-0.00103720,0.08306207,-1.00000000,-0.99802822,0.04447227
2939,0.00416116,0.04753359,-1.00000000,-0.93248543,0.04285903
2940,-0.03703466,0.08180220,-1.00000000,-0.99570402,0.02192345
2941,-0.01476648,0.09384817,1.00000000,-0.98234948,0.00499745
2942,-0.01544226,-0.00161347,-1.00000000,-0.84181915,0.00545204
2943,-0.02278641,0.04998782,-1.00000000,-0.93701298,-0.02033987
2944,-0.06465307,0.04842186,-1.00000000,-0.93412412,-0.10194512
2945,-0.00242993,0.03140351,-1.00000000,-0.90272873,-0.06090815
2946,0.02418615,-0.06561265,-1.00000000,-0.72375375,-0.01471509
2947,0.01490554,0.07857487,-1.00000000,-0.98975025,0.02127368
2948,-0.01213037,0.14025140,1.00000000,-0.89674501,0.03391044
2949,-0.00298516,0.11874575,1.00000000,-0.93641853,0.10704103
2950,0.02854923,0.05609638,-1.00000000,-0.94828204,0.14377853
2951,0.03376110,0.07728825,-1.00000000,-0.98737671,0.15513324
2952,0.00059845,0.15036180,1.00000000,-0.87809338,0.13816679
2953,-0.00555251,0.16243908,1.00000000,-0.85581326,0.14596733
2954,-0.01197164,0.08559243,1.00000000,-0.99757963,0.13531047
2955,0.04382066,0.07133904,-1.00000000,-0.97640163,0.15342052
2956,0.12888921,0.05646420,-1.00000000,-0.94896059,0.26623082
2957,-0.04126514,0.18574976,1.00000000,-0.81280982,0.21658573
2958,-0.02355467,0.38287616,1.00000000,-0.44915190,0.19523737
2959,0.02221902,-0.01141660,-1.00000000,-0.82373438,0.23578331
2960,0.00280955,0.02962325,-1.00000000,-0.89944451,0.18714915
2961,0.01594168,0.13569304,1.00000000,-0.90515425,0.05320719
2962,-0.02421750,0.09071614,1.00000000,-0.98812744,0.07342360
2963,0.01649675,0.12114677,1.00000000,-0.93198915,0.12091969
2964,-0.07795186,0.02808730,-1.00000000,-0.89661100,0.00212928
2965,-0.13487401,0.12243302,1.00000000,-0.92961627,-0.16114657
2966,0.00715548,-0.09642947,-1.00000000,-0.66690301,-0.17156593
2967,-0.00398910,-0.22833318,-1.00000000,-0.42356762,-0.14757752
2968,0.03410730,0.10078681,1.00000000,-0.96954911,-0.12669356
2969,-0.01361758,0.07496187,-1.00000000,-0.98308502,-0.05040097
2970,0.05485970,0.16324134,1.00000000,-0.85433327,0.17459999
2971,-0.05591222,0.05265013,-1.00000000,-0.94192440,0.09980942
2972,0.10102972,0.21133014,1.00000000,-0.76561925,0.22434889
2973,0.07193913,-0.04535776,-1.00000000,-0.76111987,0.26921281
2974,-0.09018230,0.31831832,1.00000000,-0.56824791,0.17841642
2975,0.03186540,0.25090772,1.00000000,-0.69260670,0.15114800
2976,-0.01362517,-0.12477064,-1.00000000,-0.61461935,0.20129526
2977,-0.18286720,0.15804626,1.00000000,-0.86391712,-0.13537175
2978,-0.10278721,0.05263254,-1.00000000,-0.94189195,-0.34257582
2979,-0.03740111,-0.33954613,-1.00000000,-0.21840244,-0.27998379
2980,-0.08223097,-0.15397956,-1.00000000,-0.56073484,-0.41528813
2981,0.02894058,-0.00246263,-1.00000000,-0.84025263,-0.36481036
2982,0.02306082,-0.10634530,-1.00000000,-0.64861032,-0.12060493
2983,0.00594462,0.15126866,1.00000000,-0.87642041,0.00833772
2984,0.09730612,0.13764370,1.00000000,-0.90155567,0.16808402
2985,-0.12289977,0.09798093,1.00000000,-0.97472538,0.11985580
2986,0.02728825,0.30968976,1.00000000,-0.58416585,0.11789634
2987,-0.04082079,-0.20058569,-1.00000000,-0.47475607,0.04214058
2988,0.11088292,0.14743978,1.00000000,-0.88348392,0.16658456
2989,0.04772532,-0.01038692,-1.00000000,-0.82563393,0.10778780
2990,-0.12238306,0.34115081,1.00000000,-0.52612665,0.10840055
2991,0.05815032,0.19479789,1.00000000,-0.79611787,0.14499919
2992,0.03582121,-0.19938834,-1.00000000,-0.47696493,0.23588722
2993,-0.02804491,0.21895537,1.00000000,-0.75155225,0.07113581
2994,0.07785017,0.16721292,1.00000000,-0.84700651,0.10686020
2995,-0.04166884,0.01921817,-1.00000000,-0.88024928,0.20257739
2996,0.02492619,0.26460516,1.00000000,-0.66733772,0.16317764
2997,-0.07028290,-0.01235209,-1.00000000,-0.82200860,0.03735115
2998,-0.04695873,0.14196627,1.00000000,-0.89358142,0.01492167
2999,-0.02199828,-0.07865845,-1.00000000,-0.69968691,-0.10348637
3000,0.01765830,-0.02461017,-1.00000000,-0.79939494,-0.03313164
3001,-0.03703160,0.03322983,-1.00000000,-0.90609792,-0.10660600
3002,-0.01733255,0.12512464,1.00000000,-0.92465078,-0.04381337
3003,-0.02650672,-0.00160637,-1.00000000,-0.84183225,-0.01955978
3004,-0.02287416,0.04404154,-1.00000000,-0.92604333,-0.02059847
3005,0.04196600,0.02278257,-1.00000000,-0.88682487,0.00822749
3006,-0.02887887,0.03120018,-1.00000000,-0.90235364,0.01789563
3007,0.00652251,0.18145202,1.00000000,-0.82073827,0.04618482
3008,-0.05401228,0.01728567,-1.00000000,-0.87668421,0.01356658
3009,-0.02078863,0.09932005,1.00000000,-0.97225498,0.01603976
3010,0.00916149,-0.04095511,-1.00000000,-0.76924187,-0.02286238
3011,0.02043395,0.03603289,-1.00000000,-0.91126899,0.03561659
3012,-0.02166330,0.10543527,1.00000000,-0.96097365,0.00219166
3013,0.00670366,0.13155655,1.00000000,-0.91278523,0.07419333
3014,0.02829446,0.03400605,-1.00000000,-0.90752988,0.13239988
3015,0.01736234,0.09973982,1.00000000,-0.97148060,0.14212509
3016,-0.00425836,0.14977144,1.00000000,-0.87918248,0.11284303
3017,-0.01027979,0.12443882,1.00000000,-0.92591598,0.12634248
3018,0.02465615,0.07433792,-1.00000000,-0.98193395,0.14763195
3019,-0.01672952,0.06038466,-1.00000000,-0.95619304,0.09423901
3020,0.03294480,0.14134051,1.00000000,-0.89473582,0.11271789
3021,-0.01568166,0.04543893,-1.00000000,-0.92862121,0.09917126
3022,-0.05253942,0.16054749,1.00000000,-0.85930285,0.04905651
3023,0.01558617,0.04786711,-1.00000000,-0.93310072,0.03830062
3024,0.04365055,-0.03754209,-1.00000000,-0.77553818,0.10990400
3025,-0.02155772,0.12032295,1.00000000,-0.93350892,0.04527069
3026,0.00905375,0.18535557,1.00000000,-0.81353703,0.07460385
3027,0.03479189,0.03425071,-1.00000000,-0.90798124,0.17816810
3028,-0.04340258,0.10518561,1.00000000,-0.96143422,0.10821466
3029,0.01124692,0.16482771,1.00000000,-0.85140674,0.06978793
3030,-0.01638743,-0.01636962,-1.00000000,-0.81459708,0.07591926
3031,-0.01357477,0.11026777,1.00000000,-0.95205867,0.04908460
3032,-0.01327813,0.04623164,-1.00000000,-0.93008360,-0.00792056
3033,0.00192168,0.05274932,-1.00000000,-0.94210740,0.04582846
3034,0.12923608,0.05343673,-1.00000000,-0.94337552,0.18574916
3035,-0.01960370,0.08865871,1.00000000,-0.99192297,0.18193506
3036,-0.00154423,0.38367993,1.00000000,-0.44766911,0.19620180
3037,-0.00634142,0.03877869,-1.00000000,-0.91633443,0.20442788
3038,0.02392388,0.08062727,-1.00000000,-0.99353651,0.23051979
3039,0.02983973,0.06951091,-1.00000000,-0.97302910,0.11264789
3040,0.00222702,0.13964363,1.00000000,-0.89786621,0.13853645
3041,0.02595704,0.15335223,1.00000000,-0.87257666,0.17114959
3042,0.02472918,0.08936626,1.00000000,-0.99061769,0.20799553
3043,0.03359504,0.14435501,1.00000000,-0.88917468,0.21946435
3044,0.03472220,0.14150974,1.00000000,-0.89442362,0.22525436
3045,-0.04341770,0.16205428,1.00000000,-0.85652314,0.17112531
3046,-0.01087715,0.16466620,1.00000000,-0.85170468,0.12744447
3047,0.00826194,-0.01640465,-1.00000000,-0.81453244,0.10791634
3048,0.01427289,0.05900042,-1.00000000,-0.95363939,0.08500264
3049,-0.01193982,0.10335078,1.00000000,-0.96481910,0.02966720
3050,0.00121114,0.11727974,1.00000000,-0.93912301,0.08259153
3051,0.02580253,0.05653794,-1.00000000,-0.94909663,0.12608915
3052,0.07837624,0.08701219,1.00000000,-0.99496046,0.20923613
3053,0.03708012,0.14399698,1.00000000,-0.88983518,0.23628271
3054,0.04721654,0.26582420,1.00000000,-0.66508884,0.30643491
3055,0.01735869,0.17013014,1.00000000,-0.84162483,0.32558394
3056,-0.01376113,0.19361891,1.00000000,-0.79829286,0.27866628
3057,-0.02619500,0.12443036,1.00000000,-0.92593159,0.15465758
3058,-0.04230246,0.05231749,-1.00000000,-0.94131075,0.06051955
3059,0.01852375,0.02350490,-1.00000000,-0.88815741,0.02649341
3060,0.05966538,-0.01382036,-1.00000000,-0.81929994,0.07666396
3061,0.04095592,0.12713010,1.00000000,-0.92095111,0.14155168
3062,-0.03498765,0.22246617,1.00000000,-0.74507556,0.13112468
3063,0.00286291,0.17911140,1.00000000,-0.82505624,0.18468528
3064,0.01546365,0.00313001,-1.00000000,-0.85056989,0.18105638
3065,-0.00210477,0.09083978,1.00000000,-0.98789935,0.10780455
3066,0.05171148,0.12003904,1.00000000,-0.93403268,0.12055933
3067,-0.01563676,0.07932837,-1.00000000,-0.99114031,0.14350711
3068,0.09554982,0.20403489,1.00000000,-0.77907750,0.25342245
