seq_idx,target_return,feat_logret,feat_sign,feat_absret,feat_rollmean
0,0.02371462,-0.25898317,1.00000000,-1.00000000,-0.25605634
1,0.01742207,-0.26712648,-1.00000000,-0.98712087,-0.17216283
2,0.00903787,-0.18865890,1.00000000,-0.88828401,-0.17094341
3,0.02980589,-0.20732384,1.00000000,-0.91793483,-0.11933745
4,-0.01545021,-0.23219306,1.00000000,-0.95744167,-0.14134961
5,-0.01016020,-0.17059097,1.00000000,-0.85958161,-0.20001247
6,0.00311652,-0.30482956,-1.00000000,-0.92722638,-0.22478617
7,-0.00657672,-0.28913836,-1.00000000,-0.95215316,-0.25182679
8,-0.02209519,-0.24975695,1.00000000,-0.98534338,-0.34170669
9,0.08879959,-0.27850903,-1.00000000,-0.96903875,-0.16117167
10,-0.01265155,-0.32453990,-1.00000000,-0.89591486,-0.16548607
11,-0.00798773,0.00439611,1.00000000,-0.58160000,-0.18471591
12,0.03986039,-0.29652819,-1.00000000,-0.94041380,-0.10429825
13,0.04998374,-0.28269438,-1.00000000,-0.96238996,0.02052472
14,-0.01001490,-0.14076731,1.00000000,-0.81220423,-0.15059768
15,0.05091103,-0.11073945,1.00000000,-0.76450246,-0.04052292
16,-0.00456642,-0.28870736,-1.00000000,-0.95283784,-0.03459803
17,0.04599049,-0.10798891,1.00000000,-0.76013299,-0.02398222
18,-0.00350886,-0.27254607,-1.00000000,-0.97851140,-0.11661825
19,0.03803588,-0.12258423,1.00000000,-0.78331889,-0.03340612
20,-0.03128928,-0.26940916,-1.00000000,-0.98349465,-0.17575686
21,-0.01866275,-0.14617919,1.00000000,-0.82080144,-0.20016824
22,0.05372226,-0.35181142,-1.00000000,-0.85259177,-0.18677870
23,0.00203707,-0.31435860,-1.00000000,-0.91208870,-0.17717452
24,-0.07737244,-0.09965024,1.00000000,-0.74688632,-0.37703335
25,-0.03819063,-0.25295883,1.00000000,-0.99042983,-0.38898478
26,0.03803432,-0.48850325,-1.00000000,-0.63544538,-0.29079939
27,0.03550304,-0.37228219,-1.00000000,-0.82007225,-0.32235061
28,0.01316017,-0.14618380,1.00000000,-0.82080877,-0.30308813
29,-0.00443194,-0.15369209,1.00000000,-0.83273632,-0.17677311
30,-0.03399233,-0.21996548,1.00000000,-0.93801714,-0.16950269
31,-0.03110675,-0.27214718,-1.00000000,-0.97914507,-0.28923803
32,0.02554806,-0.35982920,-1.00000000,-0.83985485,-0.30647761
33,0.01950975,-0.35127000,-1.00000000,-0.85345186,-0.29548170
34,0.07114217,-0.18322055,1.00000000,-0.87964474,-0.16460593
35,0.06575947,-0.20113136,1.00000000,-0.90809757,0.00813967
36,0.09861176,-0.04797933,1.00000000,-0.66480276,0.23278023
37,-0.10113224,-0.06394548,1.00000000,-0.69016633,0.01340110
38,0.02555457,0.03350095,1.00000000,-0.53536453,0.02386925
39,-0.11241782,-0.55897955,-1.00000000,-0.52348788,-0.29401151
40,0.03364795,-0.18320122,1.00000000,-0.87961403,-0.34962077
41,0.03772450,-0.59245481,-1.00000000,-0.47030963,-0.45506253
42,-0.03782734,-0.15919464,1.00000000,-0.84147758,-0.34543400
43,0.04507377,-0.14710280,1.00000000,-0.82226867,-0.31163155
44,-0.01275192,-0.37120459,-1.00000000,-0.82178410,-0.13903472
45,-0.14286591,-0.12530338,1.00000000,-0.78763849,-0.44471333
46,-0.17777299,-0.29682590,-1.00000000,-0.93994086,-0.81790200
47,-0.02067011,-0.68276992,-1.00000000,-0.32683653,-0.78818991
48,0.09632276,-0.78631128,-1.00000000,-0.16235242,-0.69943926
49,-0.00467706,-0.32031285,-1.00000000,-0.90262988,-0.68545559
50,-0.06753825,0.02671132,1.00000000,-0.54615043,-0.55500661
51,-0.06340163,-0.27287426,-1.00000000,-0.97799005,-0.35694353
52,0.18351165,-0.45933309,-1.00000000,-0.68178461,-0.00335091
53,-0.07110545,-0.44706303,-1.00000000,-0.70127663,-0.29329539
54,-0.10425283,0.28533095,1.00000000,-0.13531152,-0.46573616
55,-0.06175630,-0.46991409,-1.00000000,-0.66497580,-0.45572324
56,0.03294613,-0.56823585,-1.00000000,-0.50878347,-0.28887262
57,0.01625701,-0.44218267,-1.00000000,-0.70902949,-0.57851653
58,-0.06499848,-0.16127639,1.00000000,-0.84478462,-0.56794076
59,0.05824498,-0.21077963,1.00000000,-0.92342466,-0.28653450
60,0.01150021,-0.45179960,-1.00000000,-0.69375218,-0.15967223
61,0.00344297,-0.08623496,1.00000000,-0.72557503,-0.21076446
62,-0.03639424,-0.22488926,1.00000000,-0.94583897,-0.30194348
63,0.01955780,-0.24878865,1.00000000,-0.98380516,-0.15551279
64,-0.13593458,-0.36695374,-1.00000000,-0.82853693,-0.49178405
65,-0.00978356,-0.20098883,1.00000000,-0.90787115,-0.52864231
66,-0.04530546,-0.66221022,-1.00000000,-0.35949733,-0.61306261
67,-0.01346631,-0.28802117,-1.00000000,-0.95392791,-0.57335707
68,-0.01138848,-0.39338621,-1.00000000,-0.78654674,-0.62694842
69,0.00013561,-0.29894492,-1.00000000,-0.93657462,-0.39130830
70,0.05487385,-0.29278167,-1.00000000,-0.94636546,-0.27933756
71,-0.00242863,-0.25859892,1.00000000,-0.99938959,-0.20508542
72,0.02211413,-0.09623442,1.00000000,-0.74146000,-0.14346885
73,0.01748430,-0.26620497,-1.00000000,-0.98858477,-0.09346829
74,0.01346171,-0.19340624,1.00000000,-0.89582557,-0.07039077
75,-0.00723432,-0.20713925,1.00000000,-0.91764160,-0.17794683
76,-0.02421276,-0.21907107,1.00000000,-0.93659629,-0.21567160
77,0.02959340,-0.28045959,-1.00000000,-0.96594011,-0.20271935
78,-0.02222651,-0.33082106,-1.00000000,-0.88593671,-0.27148871
79,-0.01335373,-0.17122124,1.00000000,-0.86058284,-0.31792646
80,-0.00762579,-0.32492943,-1.00000000,-0.89529606,-0.31860440
81,0.01784140,-0.29861101,-1.00000000,-0.93710507,-0.24577692
82,-0.01287131,-0.28162078,-1.00000000,-0.96409546,-0.31931537
83,-0.03245939,-0.20608002,1.00000000,-0.91595893,-0.33703620
84,-0.00316351,-0.29718005,-1.00000000,-0.93937827,-0.31938925
85,0.03322610,-0.35528219,-1.00000000,-0.84707816,-0.24864381
86,0.04462223,-0.26838478,-1.00000000,-0.98512195,-0.20226601
87,-0.01071417,-0.16044593,1.00000000,-0.84346536,-0.19853036
88,0.02040293,-0.12664276,1.00000000,-0.78976620,-0.10698582
89,-0.08281875,-0.29078152,-1.00000000,-0.94954286,-0.24492911
90,-0.02707537,-0.19848202,1.00000000,-0.90388887,-0.34935645
91,-0.00913255,-0.50465810,-1.00000000,-0.60978204,-0.44244651
92,-0.02574914,-0.33931213,-1.00000000,-0.87244794,-0.46848339
93,0.00995356,-0.28609014,-1.00000000,-0.95699552,-0.48657912
94,0.06103666,-0.33537826,-1.00000000,-0.87869722,-0.23745692
95,-0.03745153,-0.22947693,1.00000000,-0.95312687,-0.25542588
96,-0.03023591,-0.07795429,1.00000000,-0.71242049,-0.29197170
97,0.00220298,-0.37008989,-1.00000000,-0.82355490,-0.24356551
98,0.02364072,-0.34868690,-1.00000000,-0.85755533,-0.21986272
99,0.01510919,-0.25246671,1.00000000,-0.98964806,-0.29939780
100,-0.00174444,-0.18887809,1.00000000,-0.88863222,-0.23756190
101,0.00913162,-0.21418432,1.00000000,-0.92883328,-0.16938703
102,0.03436435,-0.26417554,-1.00000000,-0.99180869,-0.11369144
103,-0.09988839,-0.23191498,1.00000000,-0.95699991,-0.32761348
104,-0.03412937,-0.15706968,1.00000000,-0.83810190,-0.41288254
105,-0.06186875,-0.55529003,-1.00000000,-0.52934899,-0.51700306
106,0.10585751,-0.36023568,-1.00000000,-0.83920913,-0.34949760
107,0.18316100,-0.44251621,-1.00000000,-0.70849962,-0.09181838
108,-0.03736676,0.05499329,1.00000000,-0.50122215,0.01645371
109,0.03532381,0.28429085,1.00000000,-0.13696381,0.13672953
110,-0.02473213,-0.36983843,-1.00000000,-0.82395436,0.20104102
111,-0.03089899,-0.15422373,1.00000000,-0.83358087,-0.03578761
112,0.04946693,-0.33236160,-1.00000000,-0.88348943,-0.26731287
113,-0.04929741,-0.35065374,-1.00000000,-0.85443085,-0.28797382
114,0.03000412,-0.11227240,1.00000000,-0.76693768,-0.29718621
115,0.03067034,-0.40522711,-1.00000000,-0.76773648,-0.20124275
116,0.07450131,-0.17000297,1.00000000,-0.85864751,-0.01871535
117,0.01571599,-0.16802683,1.00000000,-0.85550825,-0.07716367
118,-0.02663472,-0.03801546,1.00000000,-0.64897432,-0.03791747
119,-0.13828251,-0.21238441,1.00000000,-0.92597397,-0.32934854
120,0.16817761,-0.33800506,-1.00000000,-0.87452432,-0.09121977
121,-0.02539197,-0.66917464,-1.00000000,-0.34843376,-0.26421036
122,-0.06278467,0.23984711,1.00000000,-0.20756640,-0.40015422
123,-0.07779914,-0.33431882,-1.00000000,-0.88038022,-0.48875841
124,0.01239881,-0.44523302,-1.00000000,-0.70418374,-0.22781541
125,0.07598092,-0.48976892,-1.00000000,-0.63343474,-0.38747740
126,-0.01353017,-0.22222383,1.00000000,-0.94160471,-0.36693568
127,0.13786654,-0.03362662,1.00000000,-0.64200229,-0.01945711
128,0.02896638,-0.29913435,-1.00000000,-0.93627369,0.16543452
129,0.08190882,0.14993845,1.00000000,-0.35039383,0.28580877
130,-0.00150190,-0.17308112,1.00000000,-0.86353741,0.15162758
131,-0.00941092,-0.01604329,1.00000000,-0.61406969,0.15876112
132,0.02961520,-0.26345610,-1.00000000,-0.99295158,-0.02870359
133,0.03411572,-0.28691583,-1.00000000,-0.95568384,-0.01978621
134,-0.04565946,-0.17115660,1.00000000,-0.86048015,-0.24070311
135,0.09099280,-0.15780716,1.00000000,-0.83927345,-0.08052504
136,-0.00637773,-0.39443623,-1.00000000,-0.78487869,-0.07527231
137,0.06844207,0.01090159,1.00000000,-0.57126550,-0.00803372
138,-0.02739459,-0.27791879,-1.00000000,-0.96997639,-0.11455445
139,0.02238438,-0.05598837,1.00000000,-0.67752579,0.00328075
140,-0.01571650,-0.34025900,-1.00000000,-0.87094376,-0.18151351
141,0.10599270,-0.19260464,1.00000000,-0.89455216,0.01308445
142,-0.11579265,-0.30561943,-1.00000000,-0.92597160,-0.30596478
143,-0.05615762,0.05539429,1.00000000,-0.50058512,-0.35577528
144,-0.02015130,-0.60246524,-1.00000000,-0.45440722,-0.42943662
145,0.07769563,-0.42557587,-1.00000000,-0.73541077,-0.26766979
146,0.03173454,-0.31877395,-1.00000000,-0.90507456,-0.39626667
147,-0.00053825,-0.02854047,1.00000000,-0.63392251,-0.19667439
148,-0.00058747,-0.16487021,1.00000000,-0.85049370,-0.10044055
149,-0.05235301,-0.26059774,-1.00000000,-0.99749233,-0.15620600
150,-0.04405891,-0.26074373,-1.00000000,-0.99726040,-0.36705492
151,-0.17336602,-0.41429063,-1.00000000,-0.75333831,-0.72223867
152,0.08768098,-0.38968867,-1.00000000,-0.79242059,-0.56946465
153,-0.11669252,-0.77323934,-1.00000000,-0.18311829,-0.77053005
154,0.00343867,0.00107807,1.00000000,-0.58687098,-0.67391257
155,0.01692307,-0.60513444,-1.00000000,-0.45016698,-0.56830678
156,0.09417123,-0.24880138,1.00000000,-0.98382538,-0.10499803
157,0.04290985,-0.20880398,1.00000000,-0.92028616,-0.18253062
158,-0.10347287,0.02032945,1.00000000,-0.55628855,-0.15963744
159,0.09394798,-0.13172201,1.00000000,-0.79783501,-0.00289757
160,-0.05648988,-0.56592233,-1.00000000,-0.51245869,-0.13003074
161,-0.04362412,0.01966725,1.00000000,-0.55734051,-0.36865841
162,0.03979065,-0.42656140,-1.00000000,-0.73384517,-0.37406009
163,0.05475683,-0.38839901,-1.00000000,-0.79446932,-0.10004515
164,0.02961559,-0.14097417,1.00000000,-0.81253284,-0.21145304
165,0.00496745,-0.09658150,1.00000000,-0.74201137,-0.10502406
166,0.04570457,-0.17115544,1.00000000,-0.86047831,0.04967128
167,0.00743446,-0.24426674,1.00000000,-0.97662171,-0.00636169
168,0.01246964,-0.12343230,1.00000000,-0.78466611,-0.07959271
169,0.00380440,-0.23694909,1.00000000,-0.96499702,-0.12429134
170,-0.00165290,-0.22201373,1.00000000,-0.94127096,-0.13575616
171,0.00033955,-0.24771657,1.00000000,-0.98210207,-0.21431722
172,-0.00931281,-0.26390400,-1.00000000,-0.99224005,-0.24331937
173,-0.03491585,-0.25799400,1.00000000,-0.99842862,-0.32537940
174,0.02461151,-0.28662482,-1.00000000,-0.95614613,-0.28934660
175,0.02038483,-0.36256855,-1.00000000,-0.83550316,-0.25118267
176,0.00146627,-0.18599852,1.00000000,-0.88405779,-0.24923147
177,0.00788985,-0.19853571,1.00000000,-0.90397416,-0.21944069
178,0.02847705,-0.25465193,1.00000000,-0.99311946,-0.10965976
179,-0.00748627,-0.23559830,1.00000000,-0.96285118,-0.16524523
180,-0.01282492,-0.17453256,1.00000000,-0.86584314,-0.22275636
181,-0.01328131,-0.28120695,-1.00000000,-0.96475287,-0.24829554
182,0.00509857,-0.29704245,-1.00000000,-0.93959685,-0.25312935
183,-0.00695292,-0.29839618,-1.00000000,-0.93744634,-0.31448536
184,0.01077522,-0.24387780,1.00000000,-0.97600386,-0.28286095
185,-0.03879575,-0.27962493,-1.00000000,-0.96726604,-0.32783604
186,-0.00194085,-0.22703973,1.00000000,-0.94925518,-0.30819715
187,0.00572511,-0.37407710,-1.00000000,-0.81722087,-0.30711214
188,-0.01105745,-0.26475812,-1.00000000,-0.99088321,-0.31422018
189,-0.00461661,-0.24201936,1.00000000,-0.97305157,-0.34087503
190,-0.00410475,-0.29179979,-1.00000000,-0.94792527,-0.28079876
191,0.03693588,-0.27269495,-1.00000000,-0.97827489,-0.21347382
192,0.00372612,-0.27117669,-1.00000000,-0.98068677,-0.21693559
193,-0.01163034,-0.14944200,1.00000000,-0.82598470,-0.21792769
194,-0.00802413,-0.24794877,1.00000000,-0.98247093,-0.22382869
195,0.00586513,-0.29349908,-1.00000000,-0.94522579,-0.20656329
196,0.01278615,-0.28280236,-1.00000000,-0.96221843,-0.24838468
197,-0.00116410,-0.24160402,1.00000000,-0.97239176,-0.25685333
198,0.02862577,-0.22107490,1.00000000,-0.93977954,-0.18713964
199,-0.01278574,-0.26245413,-1.00000000,-0.99454329,-0.19538557
200,-0.01704039,-0.17409142,1.00000000,-0.86514237,-0.23505231
201,-0.09702825,-0.29692624,-1.00000000,-0.93978147,-0.42522386
202,-0.00837986,-0.30954636,-1.00000000,-0.91973334,-0.43771978
203,0.00574048,-0.54680630,-1.00000000,-0.54282609,-0.47735148
204,-0.05707541,-0.28385751,-1.00000000,-0.96054224,-0.55405030
205,0.05030539,-0.24197376,1.00000000,-0.97297913,-0.43742396
206,-0.08355659,-0.42829822,-1.00000000,-0.73108609,-0.41409435
207,-0.01703129,-0.10978536,1.00000000,-0.76298680,-0.42907649
208,0.05296048,-0.50684666,-1.00000000,-0.60630532,-0.34730308
209,0.03631870,-0.30951936,-1.00000000,-0.91977624,-0.18556744
210,0.00416827,-0.10190985,1.00000000,-0.75047591,-0.26546560
211,-0.01253643,-0.15127269,1.00000000,-0.82889290,-0.14247614
212,-0.04175363,-0.24663726,1.00000000,-0.98038749,-0.18528917
213,-0.02233913,-0.29618673,-1.00000000,-0.94095625,-0.31568957
214,-0.01483275,-0.38285077,-1.00000000,-0.80328317,-0.40427130
215,0.03696983,-0.32526348,-1.00000000,-0.89476540,-0.34746706
216,-0.06487520,-0.30299808,-1.00000000,-0.93013585,-0.43810495
217,0.00517477,-0.14934129,1.00000000,-0.82582471,-0.35683649
218,0.06551704,-0.45143395,-1.00000000,-0.69433305,-0.20469122
219,-0.00833399,-0.24365178,1.00000000,-0.97564481,-0.19343696
220,0.01080650,-0.06466459,1.00000000,-0.69130870,-0.23874542
221,0.00822842,-0.28372145,-1.00000000,-0.96075838,-0.11214791
222,-0.00197942,-0.22694694,1.00000000,-0.94910777,-0.12453721
223,0.00454383,-0.23459404,1.00000000,-0.96125583,-0.23012782
224,0.02911760,-0.26487253,-1.00000000,-0.99070146,-0.16527087
225,0.00779372,-0.24552328,1.00000000,-0.97861784,-0.17048826
226,-0.03866335,-0.17263256,1.00000000,-0.86282485,-0.25169328
227,-0.00708931,-0.23588344,1.00000000,-0.96330415,-0.26054236
228,0.00658166,-0.37368438,-1.00000000,-0.81784475,-0.25701333
229,-0.02557229,-0.28002949,-1.00000000,-0.96662337,-0.35172278
230,-0.03697452,-0.23947866,1.00000000,-0.96901546,-0.42925037
231,0.02401755,-0.33485368,-1.00000000,-0.87953055,-0.32070246
232,-0.00256777,-0.36867498,-1.00000000,-0.82580260,-0.31287227
233,-0.03702532,-0.18776034,1.00000000,-0.88685658,-0.38838883
234,-0.01935337,-0.26661770,-1.00000000,-0.98792911,-0.37761919
235,0.02249907,-0.36882565,-1.00000000,-0.82556324,-0.27462555
236,0.01651739,-0.31640712,-1.00000000,-0.90883447,-0.28761399
237,-0.03110905,-0.19226446,1.00000000,-0.89401175,-0.33704045
238,0.01712591,-0.21000732,1.00000000,-0.92219776,-0.24326383
239,0.01400836,-0.35127680,-1.00000000,-0.85344106,-0.18548953
240,0.03287047,-0.20820230,1.00000000,-0.91933035,-0.16752881
241,0.01855948,-0.21744959,1.00000000,-0.93402044,-0.16399240
242,0.02075775,-0.16150081,1.00000000,-0.84514112,-0.07417187
243,-0.00828234,-0.20395005,1.00000000,-0.91257529,-0.11817272
244,0.00646492,-0.19742956,1.00000000,-0.90221695,-0.13123610
245,0.01512188,-0.28356825,-1.00000000,-0.96100175,-0.16197230
246,0.03852546,-0.23982494,1.00000000,-0.96956555,-0.12739613
247,-0.03819613,-0.21414667,1.00000000,-0.92877347,-0.22948976
248,-0.00812908,-0.14472698,1.00000000,-0.81849449,-0.22922435
249,0.00769844,-0.37229851,-1.00000000,-0.82004631,-0.22708818
250,0.04114806,-0.28311365,-1.00000000,-0.96172392,-0.18201724
251,-0.00008874,-0.23616605,1.00000000,-0.96375310,-0.24888755
252,0.00606929,-0.13694785,1.00000000,-0.80613669,-0.17223072
253,-0.01262178,-0.25926441,-1.00000000,-0.99961044,-0.18001097
254,-0.01007213,-0.24099844,1.00000000,-0.97142976,-0.21078524
255,-0.01594801,-0.29643989,-1.00000000,-0.94055407,-0.30966159
256,0.00301636,-0.28887712,-1.00000000,-0.95256816,-0.30428431
257,-0.00972306,-0.30630615,-1.00000000,-0.92488069,-0.33163278
258,0.01513115,-0.25005405,1.00000000,-0.98581535,-0.28357152
259,0.00119006,-0.28784169,-1.00000000,-0.95421303,-0.26406818
260,0.02861982,-0.21411917,1.00000000,-0.92872978,-0.18688765
261,0.00223916,-0.25547123,1.00000000,-0.99442098,-0.18823358
262,0.03622192,-0.17410908,1.00000000,-0.86517042,-0.10866817
263,-0.01541738,-0.25235939,1.00000000,-0.98947757,-0.16157071
264,0.00684363,-0.15155973,1.00000000,-0.82934889,-0.15178010
265,-0.00676730,-0.30473218,-1.00000000,-0.92738107,-0.21306190
266,-0.04859148,-0.23870160,1.00000000,-0.96778102,-0.30108807
267,0.02230411,-0.27907434,-1.00000000,-0.96814070,-0.32519029
268,-0.00334927,-0.40313319,-1.00000000,-0.77106285,-0.30429130
269,0.00309819,-0.19284273,1.00000000,-0.89493038,-0.31077748
270,-0.02913959,-0.26893578,-1.00000000,-0.98424665,-0.34952079
271,-0.01431072,-0.24981132,1.00000000,-0.98542974,-0.29015493
272,0.00433049,-0.34543502,-1.00000000,-0.86272122,-0.32128084
273,0.00827256,-0.30144961,-1.00000000,-0.93259572,-0.30115469
274,0.02034817,-0.24615609,1.00000000,-0.97962311,-0.27128196
275,0.01762860,-0.23446311,1.00000000,-0.96104784,-0.19029095
276,-0.04024873,-0.19864444,1.00000000,-0.90414688,-0.23520922
277,0.01343602,-0.20671124,1.00000000,-0.91696167,-0.21944066
278,-0.03002008,-0.37838693,-1.00000000,-0.81037435,-0.28575411
279,0.00138845,-0.21914725,1.00000000,-0.93671731,-0.31858768
280,0.01216711,-0.34804673,-1.00000000,-0.85857230,-0.32804564
281,0.00009440,-0.25488274,1.00000000,-0.99348613,-0.25818126
282,-0.00447302,-0.22291111,1.00000000,-0.94269652,-0.28919532
283,-0.00229312,-0.25872117,1.00000000,-0.99958379,-0.24117903
284,-0.02035780,-0.27226903,-1.00000000,-0.97895150,-0.27883820
285,0.03099964,-0.26580302,-1.00000000,-0.98922329,-0.24622489
286,0.00138511,-0.31938648,-1.00000000,-0.90410150,-0.24398970
287,0.00005076,-0.16705007,1.00000000,-0.85395659,-0.23615563
288,-0.05160663,-0.25489266,1.00000000,-0.99350189,-0.32155450
289,0.01546162,-0.25885062,1.00000000,-0.99978943,-0.25952406
290,0.01878074,-0.41207671,-1.00000000,-0.75685532,-0.28068418
291,0.02176857,-0.21313892,1.00000000,-0.92717258,-0.24538503
292,0.01651382,-0.20329375,1.00000000,-0.91153270,-0.21687505
293,0.11913491,-0.19443125,1.00000000,-0.89745387,0.07880731
294,-0.05891109,-0.21001789,1.00000000,-0.92221455,-0.04998795
295,-0.09727069,0.09437670,1.00000000,-0.43865832,-0.25096050
296,0.07461906,-0.43374322,-1.00000000,-0.72243626,-0.15943645
297,-0.02972312,-0.54752542,-1.00000000,-0.54168372,-0.23950746
298,-0.00833711,-0.03766616,1.00000000,-0.64841943,-0.46025765
299,-0.09500515,-0.34716587,-1.00000000,-0.85997161,-0.52276368
300,0.01620520,-0.28373069,-1.00000000,-0.96074369,-0.32625133
301,0.05393974,-0.54080537,-1.00000000,-0.55235909,-0.36206284
302,-0.00085985,-0.21093331,1.00000000,-0.92366878,-0.31207874
303,0.01276296,-0.09900517,1.00000000,-0.74586157,-0.27553862
304,0.04429340,-0.26155165,-1.00000000,-0.99597696,-0.03430779
305,0.01693706,-0.22114370,1.00000000,-0.93988883,-0.03304040
306,-0.06366351,-0.12761813,1.00000000,-0.79131566,-0.23670031
307,-0.07073325,-0.20876249,1.00000000,-0.92022026,-0.35770386
308,0.01846472,-0.44783983,-1.00000000,-0.70004261,-0.34782982
309,-0.03471500,-0.46881008,-1.00000000,-0.66672962,-0.48465294
310,0.07891428,-0.20423114,1.00000000,-0.91302182,-0.37732362
311,-0.02244931,-0.36197279,-1.00000000,-0.83644959,-0.30595075
312,-0.18720558,-0.02492569,1.00000000,-0.62818013,-0.50765220
313,-0.24981425,-0.32559029,-1.00000000,-0.89424622,-0.97224541
314,-0.00302884,-0.81429023,-1.00000000,-0.11790552,-0.91737278
315,0.10025568,-1.00000000,-1.00000000,0.17710997,-0.88041472
316,0.07947697,-0.26798533,-1.00000000,-0.98575652,-0.70390347
317,0.05814122,0.03837716,1.00000000,-0.52761826,-0.27902312
318,-0.09046720,-0.02325665,1.00000000,-0.62552872,-0.00307322
319,-0.06044054,-0.08654273,1.00000000,-0.72606395,-0.10249615
320,0.02855238,-0.52734492,-1.00000000,-0.57374214,-0.22666864
321,-0.04115504,-0.43827984,-1.00000000,-0.71522945,-0.43557363
322,0.06352918,-0.17430913,1.00000000,-0.86548820,-0.42624301
323,-0.11542465,-0.38107523,-1.00000000,-0.80610377,-0.46946317
324,0.04080453,-0.07056097,1.00000000,-0.70067559,-0.29413161
325,0.02422032,-0.60137367,-1.00000000,-0.45614128,-0.30163367
326,0.04433278,-0.13796682,1.00000000,-0.80775541,-0.15358978
327,-0.01900033,-0.18715887,1.00000000,-0.88590110,-0.29651061
328,0.04611624,-0.12750131,1.00000000,-0.79113008,-0.01676150
329,-0.00752360,-0.31535995,-1.00000000,-0.91049798,-0.10045394
330,0.02354832,-0.12221121,1.00000000,-0.78272630,-0.10161768
331,0.06784408,-0.28131768,-1.00000000,-0.96457696,-0.06090189
332,-0.02681387,-0.18915215,1.00000000,-0.88906759,-0.07443302
333,0.05871174,-0.05776212,1.00000000,-0.68034354,-0.05262072
334,0.13792249,-0.33853646,-1.00000000,-0.87368015,0.19925615
335,0.04505313,-0.08485046,1.00000000,-0.72337563,0.23649719
336,-0.07309846,0.15010440,1.00000000,-0.35013021,-0.00758063
337,0.04283556,-0.12536461,1.00000000,-0.78773574,0.11303506
338,-0.05515759,-0.47582577,-1.00000000,-0.65558461,-0.08415863
339,0.08317762,-0.13194238,1.00000000,-0.79818508,-0.17896328
340,-0.08926624,-0.42260958,-1.00000000,-0.74012297,-0.41157141
341,-0.09629619,-0.01227979,1.00000000,-0.60809106,-0.45174418
342,-0.05150586,-0.52378263,-1.00000000,-0.57940113,-0.61512031
343,0.30952218,-0.54463486,-1.00000000,-0.54627562,0.01641539
344,-0.10047122,-0.41177780,-1.00000000,-0.75733016,-0.30161924
345,0.03512942,0.65910327,1.00000000,0.45845705,-0.08619653
346,-0.01710407,-0.55701882,-1.00000000,-0.52660266,0.05094474
347,0.13712910,-0.15480031,1.00000000,-0.83449682,0.37761411
348,-0.00384376,-0.30973526,-1.00000000,-0.91943326,-0.16505864
349,0.07168977,0.14775107,1.00000000,-0.35386866,0.13308186
350,-0.00760516,-0.27040252,-1.00000000,-0.98191661,0.05907607
351,-0.05787279,-0.04635503,1.00000000,-0.66222243,-0.01152533
352,0.01626431,-0.28155961,-1.00000000,-0.96419265,-0.22083343
353,0.01964742,-0.43066340,-1.00000000,-0.72732881,-0.18015249
354,-0.03908596,-0.21075799,1.00000000,-0.92339026,-0.37198882
355,-0.04155855,-0.20072302,1.00000000,-0.90744888,-0.43078774
356,0.02153161,-0.37493792,-1.00000000,-0.81585339,-0.29327885
357,-0.00554938,-0.38227212,-1.00000000,-0.80420240,-0.33105480
358,-0.04930910,-0.19513414,1.00000000,-0.89857047,-0.45047053
359,0.02257488,-0.27546173,-1.00000000,-0.97387963,-0.34368912
360,-0.01780874,-0.40526179,-1.00000000,-0.76768139,-0.30256029
361,0.07186711,-0.19203959,1.00000000,-0.89365452,-0.21539157
362,-0.01379146,-0.31182545,-1.00000000,-0.91611282,-0.22966484
363,0.03493614,-0.04582901,1.00000000,-0.66138680,-0.08377280
364,-0.04328845,-0.29990940,-1.00000000,-0.93504246,-0.19783189
365,-0.05967338,-0.15537363,1.00000000,-0.83540758,-0.27033115
366,0.02040363,-0.38740333,-1.00000000,-0.79605104,-0.35945325
367,0.03732576,-0.43600432,-1.00000000,-0.71884432,-0.27093078
368,-0.01205898,-0.19847995,1.00000000,-0.90388558,-0.35231477
369,0.00217462,-0.14828553,1.00000000,-0.82414754,-0.27358392
370,0.01491345,-0.29477051,-1.00000000,-0.94320603,-0.14441786
371,0.05333262,-0.25255083,1.00000000,-0.98978169,-0.08739295
372,-0.03580506,-0.21476491,1.00000000,-0.92975559,-0.21403756
373,-0.00490316,-0.10080601,1.00000000,-0.74872236,-0.20164543
374,0.04004705,-0.36520612,-1.00000000,-0.83131317,-0.13605969
375,-0.01881172,-0.27354491,-1.00000000,-0.97692466,-0.19446340
376,0.00616149,-0.14021365,1.00000000,-0.81132469,-0.27615219
377,0.01661707,-0.31480050,-1.00000000,-0.91138671,-0.18536994
378,-0.02885817,-0.24072496,1.00000000,-0.97099531,-0.22685414
379,-0.01244033,-0.20971162,1.00000000,-0.92172803,-0.31774938
380,0.02482379,-0.34460027,-1.00000000,-0.86404728,-0.24218340
381,-0.00474178,-0.29590167,-1.00000000,-0.94140908,-0.26106519
382,0.00628061,-0.18536887,1.00000000,-0.88305753,-0.27896540
383,0.01757276,-0.27306625,-1.00000000,-0.97768506,-0.19855844
384,-0.00894859,-0.24037163,1.00000000,-0.97043402,-0.19251161
385,-0.03393315,-0.20687687,1.00000000,-0.91722478,-0.29426418
386,-0.00754696,-0.28554448,-1.00000000,-0.95786235,-0.29912205
387,0.01472897,-0.35965366,-1.00000000,-0.84013372,-0.28449158
388,-0.00297477,-0.28138695,-1.00000000,-0.96446692,-0.32007484
389,0.03699454,-0.21531213,1.00000000,-0.93062490,-0.24051264
390,-0.00666235,-0.26782492,-1.00000000,-0.98601134,-0.19328632
391,-0.00595270,-0.14926801,1.00000000,-0.82570830,-0.19052545
392,0.04980693,-0.27876303,-1.00000000,-0.96863525,-0.12977904
393,0.00705591,-0.27665806,-1.00000000,-0.97197916,-0.11240838
394,-0.01858892,-0.11126389,1.00000000,-0.76533558,-0.20866526
395,0.00166940,-0.23807195,1.00000000,-0.96678078,-0.19423673
396,-0.07256052,-0.31413962,-1.00000000,-0.91243657,-0.30958510
397,0.03614656,-0.25404940,1.00000000,-0.99216230,-0.33324150
398,-0.00644805,-0.47423014,-1.00000000,-0.65811940,-0.35662702
399,-0.05013165,-0.15178327,1.00000000,-0.82970399,-0.41125127
400,0.01208522,-0.27812736,-1.00000000,-0.96964505,-0.39321363
401,0.00783565,-0.40770163,-1.00000000,-0.76380550,-0.25398723
402,0.04378715,-0.22315401,1.00000000,-0.94308238,-0.24075562
403,0.00674979,-0.23575908,1.00000000,-0.96310659,-0.21790022
404,-0.02679652,-0.12911978,1.00000000,-0.79370115,-0.17748953
405,-0.02782248,-0.23897997,1.00000000,-0.96822324,-0.24659985
406,0.03159851,-0.33848500,-1.00000000,-0.87376189,-0.20544842
407,-0.01181911,-0.34152820,-1.00000000,-0.86892752,-0.30174479
408,-0.00481914,-0.16527370,1.00000000,-0.85113468,-0.32177932
409,-0.00062501,-0.29405901,-1.00000000,-0.94433629,-0.27645670
410,0.00137566,-0.27329570,-1.00000000,-0.97732055,-0.22589268
411,-0.09472965,-0.26085508,-1.00000000,-0.99708352,-0.44466200
412,-0.01786287,-0.25492068,1.00000000,-0.99354639,-0.45512829
413,-0.11151401,-0.53998819,-1.00000000,-0.55365724,-0.63989758
414,-0.01184992,-0.31198599,-1.00000000,-0.91585779,-0.65933636
415,0.03290762,-0.58977394,-1.00000000,-0.47456841,-0.60473077
416,-0.07292948,-0.29415040,-1.00000000,-0.94419112,-0.56697824
417,0.01020884,-0.16139063,1.00000000,-0.84496609,-0.51836495
418,0.11944838,-0.47532454,-1.00000000,-0.65638085,-0.11839487
419,-0.12796990,-0.22871973,1.00000000,-0.95192399,-0.31948612
420,-0.01264762,0.09530652,1.00000000,-0.43718122,-0.39837659
421,-0.00403871,-0.63858538,-1.00000000,-0.39702736,-0.27907471
422,-0.12686870,-0.29651654,-1.00000000,-0.94043230,-0.51645931
423,0.04763283,-0.27098078,-1.00000000,-0.98099799,-0.64082619
424,-0.03900113,-0.63531901,-1.00000000,-0.40221626,-0.48675416
425,-0.04546036,-0.11771272,1.00000000,-0.77558008,-0.54357776
426,0.04465787,-0.37468631,-1.00000000,-0.81625309,-0.45924726
427,0.00952118,-0.39384567,-1.00000000,-0.78581685,-0.22305352
428,-0.05464057,-0.12653703,1.00000000,-0.78959823,-0.40016589
429,0.00588056,-0.23075945,1.00000000,-0.95516425,-0.32244183
430,0.00114044,-0.42107599,-1.00000000,-0.74255922,-0.24174070
431,-0.00091342,-0.24155825,1.00000000,-0.97231907,-0.32065897
432,0.00077164,-0.25561841,1.00000000,-0.99465480,-0.33581104
433,0.00806290,-0.26171055,-1.00000000,-0.99572452,-0.22722405
434,0.02227221,-0.25671235,1.00000000,-0.99639261,-0.19883774
435,-0.15152189,-0.23508501,1.00000000,-0.96203577,-0.46321136
436,-0.06373651,-0.19293736,1.00000000,-0.89508070,-0.57200552
437,-0.08100212,-0.70844530,-1.00000000,-0.28604904,-0.71361756
438,0.01815167,-0.44805637,-1.00000000,-0.69969862,-0.69614629
439,0.00772570,-0.49926960,-1.00000000,-0.61834212,-0.72133727
440,-0.00183391,-0.20515970,1.00000000,-0.91449692,-0.46211449
441,-0.06860788,-0.23608520,1.00000000,-0.96362466,-0.47055050
442,0.02152624,-0.26444093,-1.00000000,-0.99138709,-0.29299658
443,-0.01471191,-0.46250582,-1.00000000,-0.67674445,-0.34990823
444,-0.00162350,-0.19515005,1.00000000,-0.89859575,-0.36609876
445,0.01733636,-0.30263964,-1.00000000,-0.93070525,-0.33290057
446,0.01936578,-0.26381681,-1.00000000,-0.99237856,-0.18055181
447,0.03562162,-0.20757809,1.00000000,-0.91833873,-0.15614209
448,-0.04752437,-0.20155842,1.00000000,-0.90877598,-0.21296519
449,0.05864404,-0.15334036,1.00000000,-0.83217756,-0.10859662
450,0.00531076,-0.39996792,-1.00000000,-0.77609114,-0.12942199
451,0.07844349,-0.08505126,1.00000000,-0.72369463,-0.02711392
452,0.00035333,-0.24324840,1.00000000,-0.97500400,-0.08818992
453,0.06057457,-0.02632216,1.00000000,-0.63039853,0.09901086
454,-0.05710573,-0.25795312,1.00000000,-0.99836368,-0.10143930
455,0.05003016,-0.07932494,1.00000000,-0.71459789,-0.02399630
456,-0.01396098,-0.42838816,-1.00000000,-0.73094321,-0.18401813
457,-0.01570236,-0.11060176,1.00000000,-0.76428373,-0.21182265
458,0.02922982,-0.30041223,-1.00000000,-0.93424367,-0.26610405
459,0.00227955,-0.30557751,-1.00000000,-0.92603820,-0.16326333
460,-0.00419422,-0.17229972,1.00000000,-0.86229609,-0.25716661
461,0.00005390,-0.25223956,1.00000000,-0.98928722,-0.23289628
462,-0.00487174,-0.27144206,-1.00000000,-0.98026521,-0.21414031
463,0.01281084,-0.25884129,1.00000000,-0.99977462,-0.24257395
464,0.02217397,-0.27345173,-1.00000000,-0.97707268,-0.20812172
465,-0.01309365,-0.22100168,1.00000000,-0.93966323,-0.22353335
466,-0.00900704,-0.19322878,1.00000000,-0.89554365,-0.23922466
467,0.01813945,-0.29783955,-1.00000000,-0.93833059,-0.19937494
468,-0.00249035,-0.28571784,-1.00000000,-0.95758695,-0.22587283
469,-0.06131246,-0.20519596,1.00000000,-0.91455452,-0.37045079
470,0.00843364,-0.26638805,-1.00000000,-0.98829393,-0.33317082
471,-0.00663536,-0.44086615,-1.00000000,-0.71112089,-0.32906366
472,0.00817209,-0.23398531,1.00000000,-0.96028881,-0.34632467
473,0.01069661,-0.27868297,-1.00000000,-0.96876242,-0.32348810
474,0.05317610,-0.23476112,1.00000000,-0.96152125,-0.12522206
475,0.03053007,-0.22727291,1.00000000,-0.94962560,-0.08695649
476,-0.05236920,-0.10127027,1.00000000,-0.74945988,-0.16615626
477,-0.03028199,-0.16844291,1.00000000,-0.85616923,-0.23274928
478,-0.01337469,-0.41433867,-1.00000000,-0.75326201,-0.27443484
479,0.05389279,-0.34882359,-1.00000000,-0.85733818,-0.27319370
480,0.04388371,-0.29867317,-1.00000000,-0.93700632,-0.25006848
481,-0.03755029,-0.09914441,1.00000000,-0.74608277,-0.22440576
482,0.00127409,-0.12883336,1.00000000,-0.79324615,-0.16975838
483,-0.01191637,-0.37038281,-1.00000000,-0.82308957,-0.16723293
484,0.04631988,-0.25522196,1.00000000,-0.99402500,-0.18034735
485,-0.02439933,-0.29434750,-1.00000000,-0.94387801,-0.29859679
486,0.03757282,-0.12160718,1.00000000,-0.78176675,-0.16850204
487,0.02729138,-0.33137446,-1.00000000,-0.88505759,-0.12344649
488,0.01116075,-0.14755270,1.00000000,-0.82298339,-0.08348260
489,-0.02739439,-0.17804951,1.00000000,-0.87143011,-0.21113759
490,-0.01132019,-0.22589616,1.00000000,-0.94743853,-0.18848774
491,0.02442841,-0.34025840,-1.00000000,-0.87094471,-0.21125062
492,0.00295103,-0.29257912,-1.00000000,-0.94668723,-0.25340212
493,-0.02374406,-0.18654165,1.00000000,-0.88492058,-0.31384867
494,-0.00583757,-0.25024782,1.00000000,-0.98612317,-0.27651755
495,-0.01046014,-0.32943079,-1.00000000,-0.88814527,-0.27502816
496,-0.00843724,-0.27631656,-1.00000000,-0.97252166,-0.33194339
497,-0.01772720,-0.29002804,-1.00000000,-0.95073983,-0.36775300
498,0.01140182,-0.28402771,-1.00000000,-0.96027186,-0.30688898
499,-0.01589589,-0.31158357,-1.00000000,-0.91649707,-0.32430752
500,0.00166259,-0.22518112,1.00000000,-0.94630261,-0.30331393
501,0.04548782,-0.30615155,-1.00000000,-0.92512628,-0.20992898
502,0.05110047,-0.25406960,1.00000000,-0.99219438,-0.09073637
503,0.00868532,-0.12407523,1.00000000,-0.78568746,-0.09544067
504,-0.00987905,-0.10742699,1.00000000,-0.75924033,-0.08502099
505,-0.01701013,-0.23323878,1.00000000,-0.95910289,-0.11735754
506,0.01233808,-0.28830442,-1.00000000,-0.95347795,-0.17476476
507,0.00525874,-0.30945660,-1.00000000,-0.91987595,-0.25415136
508,-0.00001288,-0.22240398,1.00000000,-0.94189091,-0.26921451
509,-0.10577592,-0.24340269,1.00000000,-0.97524911,-0.43528430
510,-0.00026446,-0.25903938,-1.00000000,-0.99996790,-0.40628492
511,0.01813291,-0.57275362,-1.00000000,-0.50160662,-0.39624970
512,-0.00619195,-0.25978561,-1.00000000,-0.99878246,-0.41607949
513,-0.02271146,-0.20521536,1.00000000,-0.91458533,-0.45538784
514,0.06667514,-0.27736773,-1.00000000,-0.97085179,-0.15674500
515,0.02600609,-0.32636788,-1.00000000,-0.89301095,-0.11125088
516,0.01170580,-0.06122942,1.00000000,-0.68585165,-0.12238105
517,0.00765651,-0.18186194,1.00000000,-0.87748648,-0.09839892
518,-0.03333802,-0.22427944,1.00000000,-0.94487022,-0.11680151
519,0.04894663,-0.23629045,1.00000000,-0.96395071,-0.14750294
520,-0.06441711,-0.35788838,-1.00000000,-0.84293802,-0.30409369
521,-0.01122614,-0.11381573,1.00000000,-0.76938938,-0.34380617
522,0.00863712,-0.45007516,-1.00000000,-0.69649161,-0.34210799
523,0.01929480,-0.29230015,-1.00000000,-0.94713039,-0.25096090
524,0.02758820,-0.23338175,1.00000000,-0.95933000,-0.28794845
525,0.02949989,-0.20176897,1.00000000,-0.90911045,-0.12530730
526,0.02718078,-0.17716909,1.00000000,-0.87003150,-0.05879596
527,-0.00484834,-0.17149863,1.00000000,-0.86102350,-0.08214947
528,0.00487387,-0.17837757,1.00000000,-0.87195127,-0.10712297
529,-0.02541268,-0.27338233,-1.00000000,-0.97718294,-0.19890746
530,-0.03732787,-0.24454431,1.00000000,-0.97706266,-0.31463670
531,0.07675487,-0.33438026,-1.00000000,-0.88028263,-0.22878656
532,0.05865584,-0.36972307,-1.00000000,-0.82413761,-0.11881294
533,-0.06865778,-0.03133094,1.00000000,-0.63835540,-0.24615168
534,0.01562748,-0.08501628,1.00000000,-0.72363906,-0.17508020
535,0.05204260,-0.46265384,-1.00000000,-0.67650932,-0.02031251
536,-0.09154549,-0.21264695,1.00000000,-0.92639103,-0.31176736
537,-0.06130738,-0.10463244,1.00000000,-0.75480096,-0.51951416
538,-0.06081767,-0.53054333,-1.00000000,-0.56866118,-0.50593701
539,0.02934886,-0.44085108,-1.00000000,-0.71114482,-0.48217495
540,-0.05025086,-0.43939851,-1.00000000,-0.71345236,-0.65932208
541,-0.01764680,-0.17194659,1.00000000,-0.86173512,-0.53134772
542,0.01719435,-0.40805523,-1.00000000,-0.76324377,-0.39540202
543,0.25932818,-0.31134509,-1.00000000,-0.91687591,0.15901189
544,0.10082623,-0.20799932,1.00000000,-0.91900789,0.28279311
545,-0.06866696,0.51021788,1.00000000,0.22194017,0.25090095
546,0.09321079,0.04006952,1.00000000,-0.52492981,0.44287903
547,-0.06843961,-0.46268107,-1.00000000,-0.67646606,0.29458207
548,0.11545518,0.01748059,1.00000000,-0.56081421,0.04542941
549,-0.04543411,-0.46200668,-1.00000000,-0.67753738,-0.20785754
550,0.11661479,0.08346189,1.00000000,-0.45599739,0.11300491
551,-0.06850311,-0.39376778,-1.00000000,-0.78594058,-0.16704380
552,0.01105060,0.08690153,1.00000000,-0.45053324,-0.02938630
553,-0.05442350,-0.46219504,-1.00000000,-0.67723815,-0.32357440
554,-0.07826480,-0.22622288,1.00000000,-0.94795754,-0.38042909
555,0.00320331,-0.42043212,-1.00000000,-0.74358206,-0.57682989
556,-0.03426169,-0.49115015,-1.00000000,-0.63124054,-0.51753217
557,0.07693418,-0.24949951,1.00000000,-0.98493441,-0.40343802
558,-0.02985983,-0.36062818,-1.00000000,-0.83858560,-0.36089978
559,-0.01475875,-0.03079907,1.00000000,-0.63751049,-0.25092292
560,0.02074121,-0.34757137,-1.00000000,-0.85932744,-0.22055159
561,-0.01444621,-0.30277857,-1.00000000,-0.93048455,-0.18623604
562,-0.01182385,-0.19747860,1.00000000,-0.90229485,-0.33994312
563,-0.03907573,-0.30185151,-1.00000000,-0.93195726,-0.35590280
564,0.00501819,-0.29407306,-1.00000000,-0.94431398,-0.32165400
565,0.00709297,-0.37490758,-1.00000000,-0.81590159,-0.34528940
566,-0.01071316,-0.24411622,1.00000000,-0.97638261,-0.33882468
567,0.00787659,-0.23796201,1.00000000,-0.96660613,-0.30470836
568,-0.03367901,-0.29077854,-1.00000000,-0.94954759,-0.29536256
569,0.00491228,-0.23563763,1.00000000,-0.96291366,-0.29554597
570,0.00955174,-0.35889982,-1.00000000,-0.84133126,-0.29128800
571,-0.00740493,-0.24443037,1.00000000,-0.97688166,-0.28555895
572,-0.01418005,-0.23066882,1.00000000,-0.95502029,-0.32375564
573,-0.02382475,-0.28096567,-1.00000000,-0.96513617,-0.30669049
574,-0.01864266,-0.30106203,-1.00000000,-0.93321141,-0.34748186
575,-0.01803665,-0.32967014,-1.00000000,-0.88776504,-0.39525816
576,-0.00015035,-0.31429901,-1.00000000,-0.91218336,-0.38269501
577,-0.00080384,-0.31250147,-1.00000000,-0.91503890,-0.35953071
578,0.01026728,-0.25944714,-1.00000000,-0.99932015,-0.30049168
579,0.00282277,-0.26138553,-1.00000000,-0.99624085,-0.26331885
580,-0.02533126,-0.22854637,1.00000000,-0.95164860,-0.27595132
581,0.00526678,-0.25062829,1.00000000,-0.98672757,-0.26657019
582,-0.00840385,-0.33413874,-1.00000000,-0.88066629,-0.27973153
583,0.00185671,-0.24337886,1.00000000,-0.97521126,-0.29429657
584,0.02931799,-0.28392867,-1.00000000,-0.96042919,-0.24841335
585,0.01621363,-0.25349380,1.00000000,-0.99127967,-0.17646781
586,-0.02888224,-0.17203816,1.00000000,-0.86188059,-0.23560552
587,0.01280448,-0.21090832,1.00000000,-0.92362909,-0.19887790
588,-0.01966861,-0.34467166,-1.00000000,-0.86393388,-0.23615446
589,0.01225433,-0.22102053,1.00000000,-0.93969317,-0.26570454
590,0.00097791,-0.31734218,-1.00000000,-0.90734904,-0.29208905
591,-0.04778861,-0.22265240,1.00000000,-0.94228554,-0.32483023
592,-0.02241858,-0.25610049,1.00000000,-0.99542062,-0.38582792
593,0.01064888,-0.40075172,-1.00000000,-0.77484602,-0.33332550
594,0.02359264,-0.32549916,-1.00000000,-0.89439099,-0.31369033
595,-0.00536961,-0.22741448,1.00000000,-0.94985050,-0.32468269
596,-0.05042931,-0.18902071,1.00000000,-0.88885879,-0.32925573
597,-0.02625476,-0.27492852,-1.00000000,-0.97472668,-0.33589905
598,0.00397710,-0.40858456,-1.00000000,-0.76240289,-0.34745293
599,0.00921390,-0.33687803,-1.00000000,-0.87631470,-0.37235337
600,0.00284846,-0.24720430,1.00000000,-0.98128828,-0.35812168
601,-0.00264632,-0.23167091,1.00000000,-0.95661219,-0.27537329
602,0.00988216,-0.25055208,1.00000000,-0.98660651,-0.21279303
603,0.00224190,-0.26685069,-1.00000000,-0.98755899,-0.21579797
604,0.01271626,-0.22968873,1.00000000,-0.95346333,-0.20973275
605,-0.02420864,-0.25235125,1.00000000,-0.98946464,-0.25658898
606,-0.04860012,-0.22128221,1.00000000,-0.94010888,-0.33616967
607,-0.00872592,-0.33080882,-1.00000000,-0.88595616,-0.36839428
608,-0.03500367,-0.40315881,-1.00000000,-0.77102214,-0.43289445
609,0.00866445,-0.28488400,-1.00000000,-0.95891157,-0.43991120
610,0.00421822,-0.36282903,-1.00000000,-0.83508938,-0.39068288
611,0.00143656,-0.23330070,1.00000000,-0.95920125,-0.30403165
612,0.01472519,-0.24648911,1.00000000,-0.98015214,-0.26342008
613,-0.01770914,-0.25474005,1.00000000,-0.99325945,-0.23347022
614,0.00234484,-0.21532332,1.00000000,-0.93064268,-0.24441423
615,0.00656786,-0.31153002,-1.00000000,-0.91658214,-0.24034522
616,0.05605590,-0.25204593,1.00000000,-0.98897961,-0.14575795
617,-0.02428053,-0.23951958,1.00000000,-0.96908047,-0.21330627
618,0.02021271,-0.09272821,1.00000000,-0.73589010,-0.14763493
619,-0.00276741,-0.33102205,-1.00000000,-0.88561742,-0.15648809
620,0.01268124,-0.19904624,1.00000000,-0.90478517,-0.14590122
621,-0.01684476,-0.26720987,-1.00000000,-0.98698840,-0.27214724
622,0.00305014,-0.22138608,1.00000000,-0.94027388,-0.22481725
623,-0.02896825,-0.30896610,-1.00000000,-0.92065514,-0.30998660
624,0.01266376,-0.24995386,1.00000000,-0.98565618,-0.28326360
625,0.02044530,-0.34492679,-1.00000000,-0.86352858,-0.26981816
626,-0.01468671,-0.22143793,1.00000000,-0.94035625,-0.26608093
627,0.00938030,-0.19835633,1.00000000,-0.90368920,-0.25511865
628,-0.04925764,-0.30256488,-1.00000000,-0.93082402,-0.29025489
629,-0.03385086,-0.23117734,1.00000000,-0.95582811,-0.37080677
630,-0.02939994,-0.40510916,-1.00000000,-0.76792385,-0.45712648
631,0.01108056,-0.35940957,-1.00000000,-0.84052148,-0.41250391
632,-0.00536791,-0.34620727,-1.00000000,-0.86149444,-0.43804417
633,-0.06756682,-0.22613402,1.00000000,-0.94781638,-0.46975115
634,0.00057061,-0.27492345,-1.00000000,-0.97473474,-0.41014163
635,0.04982222,-0.45941781,-1.00000000,-0.68165002,-0.27294832
636,-0.04350552,-0.25730863,1.00000000,-0.99733985,-0.36747801
637,0.01281311,-0.11121855,1.00000000,-0.76526355,-0.33599295
638,0.00046678,-0.38804723,-1.00000000,-0.79502816,-0.21817549
639,-0.01654750,-0.22099493,1.00000000,-0.93965250,-0.24781985
640,0.01203894,-0.25761661,1.00000000,-0.99782911,-0.31325119
641,-0.01044456,-0.30808435,-1.00000000,-0.92205588,-0.25599772
642,-0.00855885,-0.22329127,1.00000000,-0.94330043,-0.29300871
643,0.01879951,-0.28998182,-1.00000000,-0.95081326,-0.26126093
644,0.00033027,-0.28438843,-1.00000000,-0.95969882,-0.23203279
645,-0.02744177,-0.20323809,1.00000000,-0.91144428,-0.30040368
646,-0.01760754,-0.25802153,1.00000000,-0.99847236,-0.31280821
647,-0.02368410,-0.34039894,-1.00000000,-0.87072145,-0.33900143
648,0.00745865,-0.31122865,-1.00000000,-0.91706089,-0.35864100
649,0.01674776,-0.32925295,-1.00000000,-0.88842779,-0.33020994
650,0.05056702,-0.23687732,1.00000000,-0.96488301,-0.19511789
651,-0.00108003,-0.20932397,1.00000000,-0.92111221,-0.16649629
652,-0.00535274,-0.10900932,1.00000000,-0.76175401,-0.13475088
653,-0.02523755,-0.26220474,-1.00000000,-0.99493946,-0.19137266
654,-0.02950833,-0.27487847,-1.00000000,-0.97480619,-0.27147684
655,-0.00096609,-0.33386077,-1.00000000,-0.88110788,-0.36071951
656,-0.00163282,-0.34652876,-1.00000000,-0.86098372,-0.36167682
657,0.03779012,-0.26186678,-1.00000000,-0.99547635,-0.28696399
658,0.00443252,-0.26384446,-1.00000000,-0.99233464,-0.23558273
659,-0.07604800,-0.14690814,1.00000000,-0.82195945,-0.31617799
660,-0.00549912,-0.24585344,1.00000000,-0.97914233,-0.32402809
661,0.02016318,-0.48457468,-1.00000000,-0.64168623,-0.28628277
662,-0.01173938,-0.27531266,-1.00000000,-0.97411644,-0.37205569
663,0.01333828,-0.19919316,1.00000000,-0.90501857,-0.35663311
664,-0.13670497,-0.29382252,-1.00000000,-0.94471198,-0.46167608
665,-0.06623217,-0.21943719,1.00000000,-0.93717791,-0.56685079
666,0.00047689,-0.66449535,-1.00000000,-0.35586721,-0.60094261
667,0.01865875,-0.45545899,-1.00000000,-0.68793893,-0.54830052
668,0.07190992,-0.25758662,1.00000000,-0.99778147,-0.44686883
669,0.01429186,-0.20365560,1.00000000,-0.91210753,-0.18537945
670,-0.01255572,-0.04570203,1.00000000,-0.66118508,-0.09242503
671,0.13191921,-0.21660868,1.00000000,-0.93268459,0.13520075
672,-0.01992264,-0.29624394,-1.00000000,-0.94086535,0.06838726
673,-0.16245751,0.13229749,1.00000000,-0.37841797,-0.33747950
674,-0.01958503,-0.31809571,-1.00000000,-0.90615200,-0.39614594
675,0.07433357,-0.74088251,-1.00000000,-0.23451981,-0.24567505
676,0.01151308,-0.31709428,-1.00000000,-0.90774285,-0.45418886
677,0.02490907,-0.03851299,1.00000000,-0.64976468,-0.37655136
678,0.01147225,-0.22485108,1.00000000,-0.94577832,-0.07534778
679,0.01386004,-0.18511592,1.00000000,-0.88265570,-0.01742914
680,0.00166657,-0.22497219,1.00000000,-0.94597072,-0.14327051
681,-0.05900168,-0.21788953,1.00000000,-0.93471932,-0.26538475
682,0.05916890,-0.25405778,1.00000000,-0.99217561,-0.20605515
683,0.01132012,-0.43401192,-1.00000000,-0.72200940,-0.20631860
684,0.00162110,-0.08349443,1.00000000,-0.72122147,-0.22751344
685,0.02966095,-0.22542345,1.00000000,-0.94668757,-0.17903407
686,-0.01717054,-0.25419268,1.00000000,-0.99238990,-0.10659281
687,0.03917473,-0.17102089,1.00000000,-0.86026457,-0.14121779
688,-0.01486775,-0.30993240,-1.00000000,-0.91912009,-0.18656873
689,0.01681239,-0.14280111,1.00000000,-0.81543509,-0.16026115
690,0.00943579,-0.30310187,-1.00000000,-0.92997096,-0.19528616
691,0.00380896,-0.20913228,1.00000000,-0.92080770,-0.15895482
692,0.02652887,-0.23101276,1.00000000,-0.95556666,-0.18085435
693,-0.00801556,-0.24770303,1.00000000,-0.98208055,-0.16898804
694,0.02668773,-0.18031127,1.00000000,-0.87502310,-0.15188638
695,-0.01759005,-0.28277691,-1.00000000,-0.96225886,-0.19868849
696,-0.00616606,-0.17984006,1.00000000,-0.87427456,-0.21596278
697,-0.02817246,-0.31117677,-1.00000000,-0.91714330,-0.31069204
698,-0.01682483,-0.27729094,-1.00000000,-0.97097378,-0.32594754
699,-0.00511245,-0.34256631,-1.00000000,-0.86727839,-0.38101762
700,-0.00956069,-0.30890697,-1.00000000,-0.92074907,-0.36711274
701,-0.02900600,-0.27416571,-1.00000000,-0.97593847,-0.40666590
702,-0.00253120,-0.28736009,-1.00000000,-0.95497810,-0.36226153
703,-0.03360200,-0.34503875,-1.00000000,-0.86335072,-0.39131547
704,-0.03261729,-0.26650922,-1.00000000,-0.98810144,-0.43894710
705,-0.01341421,-0.35867141,-1.00000000,-0.84169410,-0.44562046
706,0.02170994,-0.35575057,-1.00000000,-0.84633410,-0.35779293
707,-0.04220011,-0.29879040,-1.00000000,-0.93682008,-0.42648972
708,-0.02996344,-0.19460518,1.00000000,-0.89773018,-0.42018864
709,-0.01532755,-0.38417511,-1.00000000,-0.80117934,-0.39024704
710,-0.02666953,-0.34787872,-1.00000000,-0.85883919,-0.41320200
711,-0.02439218,-0.30446573,-1.00000000,-0.92780436,-0.49303953
712,-0.13648979,-0.33810832,-1.00000000,-0.87436028,-0.65632607
713,0.08886566,-0.33135325,-1.00000000,-0.88509128,-0.45054328
714,0.06028213,-0.66385708,-1.00000000,-0.35688115,-0.31960591
715,-0.05778385,0.00459208,1.00000000,-0.58128868,-0.37348825
716,0.00567897,-0.08019236,1.00000000,-0.71597586,-0.32141240
717,-0.04194693,-0.43039958,-1.00000000,-0.72774791,-0.15768740
718,-0.00569056,-0.24215620,1.00000000,-0.97326896,-0.32143554
719,-0.03187280,-0.38342412,-1.00000000,-0.80237236,-0.48102522
720,0.11745308,-0.27588052,-1.00000000,-0.97321435,-0.17755795
721,0.03078385,-0.35354224,-1.00000000,-0.84984221,-0.13408248
722,-0.01638621,0.08938806,1.00000000,-0.44658319,-0.08981761
723,-0.01780364,-0.16769014,1.00000000,-0.85497339,-0.11079448
724,-0.05642669,-0.30760595,-1.00000000,-0.92281585,-0.15331579
725,-0.09015986,-0.31181033,-1.00000000,-0.91613684,-0.51285035
726,-0.07396243,-0.42637399,-1.00000000,-0.73414289,-0.69424516
727,-0.01478613,-0.52643327,-1.00000000,-0.57519036,-0.69147421
728,0.00087290,-0.47838847,-1.00000000,-0.65151354,-0.65913102
729,0.01147881,-0.30285979,-1.00000000,-0.93035552,-0.54153537
730,0.00359473,-0.25641197,1.00000000,-0.99591543,-0.37917547
731,0.03043250,-0.22495273,1.00000000,-0.94593980,-0.19838913
732,-0.02863022,-0.24833848,1.00000000,-0.98309002,-0.22236368
733,-0.00351399,-0.16873231,1.00000000,-0.85662897,-0.22996070
734,0.01772659,-0.34392411,-1.00000000,-0.86512142,-0.21914108
735,0.00688065,-0.26942436,-1.00000000,-0.98347049,-0.21345069
736,-0.01555614,-0.20642057,1.00000000,-0.91649992,-0.29309170
737,0.01602960,-0.23859181,1.00000000,-0.96760661,-0.21575188
738,-0.06968729,-0.30514377,-1.00000000,-0.92672723,-0.33034776
739,0.01676168,-0.21145419,1.00000000,-0.92449625,-0.33201874
740,0.01047324,-0.46570755,-1.00000000,-0.67165825,-0.32579724
741,0.03973152,-0.20928268,1.00000000,-0.92104661,-0.23005261
742,-0.01157234,-0.22793545,1.00000000,-0.95067810,-0.27785239
743,0.00481229,-0.14114956,1.00000000,-0.81281146,-0.14883744
744,-0.01577660,-0.29332704,-1.00000000,-0.94549909,-0.20518574
745,0.03014916,-0.24472696,1.00000000,-0.97735282,-0.17111189
746,0.05075696,-0.30579771,-1.00000000,-0.92568839,-0.15201855
747,0.04522020,-0.16957276,1.00000000,-0.85796410,-0.05366784
748,-0.00834170,-0.10844591,1.00000000,-0.76085898,-0.07644731
749,0.02831230,-0.12486907,1.00000000,-0.78694854,-0.00009618
750,0.00447763,-0.28374431,-1.00000000,-0.96072206,-0.04455296
751,-0.03293665,-0.17502125,1.00000000,-0.86661948,-0.18948971
752,0.01396699,-0.24571964,1.00000000,-0.97892977,-0.24361258
753,0.01213788,-0.35669783,-1.00000000,-0.84482930,-0.20814698
754,-0.00138337,-0.21757230,1.00000000,-0.93421537,-0.25957259
755,0.10358297,-0.22299780,1.00000000,-0.94283423,-0.08794650
756,-0.06921947,-0.26310453,-1.00000000,-0.99351007,-0.15077943
757,-0.07822504,0.04824655,1.00000000,-0.51193991,-0.31043335
758,-0.07471455,-0.46431991,-1.00000000,-0.67386263,-0.46084041
759,0.06421100,-0.49103222,-1.00000000,-0.63142790,-0.34724709
760,0.03992518,-0.48061942,-1.00000000,-0.64796949,-0.45748673
761,-0.04094124,-0.06853857,1.00000000,-0.69746283,-0.40851580
762,-0.06937972,-0.14057514,1.00000000,-0.81189895,-0.39319790
763,0.01928325,-0.38044106,-1.00000000,-0.80711119,-0.23041681
764,-0.00278708,-0.46479526,-1.00000000,-0.67310750,-0.34644100
765,-0.02624054,-0.20180321,1.00000000,-0.90916485,-0.46102376
766,-0.02771544,-0.26726820,-1.00000000,-0.98689574,-0.43811991
767,0.01052629,-0.33683585,-1.00000000,-0.87638172,-0.29974235
768,0.00183124,-0.34121068,-1.00000000,-0.86943192,-0.32996495
769,0.02672083,-0.22777811,1.00000000,-0.95042815,-0.27886450
770,0.01142841,-0.25356936,1.00000000,-0.99139971,-0.21363114
771,-0.01634336,-0.17974186,1.00000000,-0.87411856,-0.19393749
772,-0.03844639,-0.22510224,1.00000000,-0.94617730,-0.27874614
773,0.04170642,-0.30747883,-1.00000000,-0.92301779,-0.20969212
774,0.04968096,-0.37304083,-1.00000000,-0.81886707,-0.16993083
775,-0.00487712,-0.13529162,1.00000000,-0.80350563,-0.19816799
776,-0.03878624,-0.11163755,1.00000000,-0.76592917,-0.23703354
777,-0.02728500,-0.27346768,-1.00000000,-0.97704735,-0.21770475
778,-0.00017040,-0.37404888,-1.00000000,-0.81726570,-0.29022511
779,0.06009779,-0.33993392,-1.00000000,-0.87146017,-0.27218572
780,0.04657125,-0.25950662,-1.00000000,-0.99922566,-0.18308979
781,-0.00349464,-0.08073915,1.00000000,-0.71684447,-0.12197342
782,-0.02600031,-0.12086157,1.00000000,-0.78058229,-0.11974865
783,-0.03062260,-0.26936697,-1.00000000,-0.98356167,-0.17248436
784,0.02390001,-0.33612326,-1.00000000,-0.87751372,-0.23517003
785,-0.00506923,-0.34983389,-1.00000000,-0.85573324,-0.32459864
786,0.01671090,-0.18810899,1.00000000,-0.88741045,-0.28960761
787,-0.01660242,-0.27403752,-1.00000000,-0.97614211,-0.27333279
788,0.05072594,-0.20943331,1.00000000,-0.92128591,-0.13245712
789,0.10491837,-0.30824726,-1.00000000,-0.92179707,0.00784676
790,0.00471924,-0.10853792,1.00000000,-0.76100514,0.02479799
791,-0.00100816,0.05220760,1.00000000,-0.50564745,-0.00588706
792,-0.03680995,-0.24500295,1.00000000,-0.97779126,-0.04088152
793,-0.04659193,-0.26199157,-1.00000000,-0.99527811,-0.20941216
794,-0.06011215,-0.36818681,-1.00000000,-0.82657810,-0.49520444
795,-0.01689912,-0.39720213,-1.00000000,-0.78048483,-0.53264213
796,-0.01897964,-0.43730579,-1.00000000,-0.71677681,-0.56376432
797,-0.01348498,-0.30912732,-1.00000000,-0.92039903,-0.52337121
798,0.00739801,-0.31529858,-1.00000000,-0.91059547,-0.42987391
799,-0.04583002,-0.29900030,-1.00000000,-0.93648664,-0.40514077
800,-0.00514857,-0.23705720,1.00000000,-0.96516877,-0.38479171
801,-0.04185923,-0.39494215,-1.00000000,-0.78407500,-0.42441353
802,-0.00501112,-0.27427286,-1.00000000,-0.97576826,-0.40973888
803,-0.05492696,-0.38316398,-1.00000000,-0.80278560,-0.51767040
804,-0.00775874,-0.27386514,-1.00000000,-0.97641594,-0.45174030
805,0.01418366,-0.42192547,-1.00000000,-0.74120974,-0.41826163
806,-0.01887174,-0.28201515,-1.00000000,-0.96346898,-0.37845296
807,0.01610847,-0.21692960,1.00000000,-0.93319439,-0.34187902
808,-0.00410201,-0.31497852,-1.00000000,-0.91110391,-0.25386272
809,0.00791031,-0.21122024,1.00000000,-0.92412460,-0.22672777
810,0.01747093,-0.27116857,-1.00000000,-0.98069968,-0.22103503
811,-0.00327472,-0.23553761,1.00000000,-0.96275477,-0.19402483
812,0.00268057,-0.20717891,1.00000000,-0.91770460,-0.21727866
813,0.00262027,-0.26871466,-1.00000000,-0.98459792,-0.20563731
814,0.00471426,-0.25105008,1.00000000,-0.98739762,-0.21117209
815,-0.01980709,-0.25122893,1.00000000,-0.98768175,-0.27572846
816,-0.04221395,-0.24501774,1.00000000,-0.97781475,-0.34316163
817,0.04958110,-0.31775296,-1.00000000,-0.90669648,-0.26194143
818,-0.01612289,-0.38421615,-1.00000000,-0.80111414,-0.29439998
819,0.04369701,-0.11193374,1.00000000,-0.76639969,-0.22689143
820,0.02551087,-0.30682488,-1.00000000,-0.92405664,-0.14841186
821,0.02031032,-0.12938712,1.00000000,-0.79412585,-0.04013520
822,-0.01363790,-0.18333085,1.00000000,-0.87981997,-0.14961498
823,-0.02430806,-0.19875671,1.00000000,-0.90432524,-0.16378967
824,-0.04056441,-0.29945392,-1.00000000,-0.93576604,-0.30970974
825,-0.02714371,-0.33110372,-1.00000000,-0.88548768,-0.40089452
826,0.01576700,-0.37932328,-1.00000000,-0.80888688,-0.40876245
827,-0.05195112,-0.33951482,-1.00000000,-0.87212594,-0.47511152
828,-0.02092300,-0.21223312,1.00000000,-0.92573364,-0.46924943
829,0.03903128,-0.41309856,-1.00000000,-0.75523202,-0.33140927
830,0.02392272,-0.32106295,-1.00000000,-0.90143828,-0.24297477
831,-0.00551336,-0.14322661,1.00000000,-0.81611103,-0.27982711
832,0.01789817,-0.18804162,1.00000000,-0.88730342,-0.15886530
833,-0.01717603,-0.27535490,-1.00000000,-0.97404934,-0.15237648
834,0.00926828,-0.20591163,1.00000000,-0.91569142,-0.20391868
835,0.00230633,-0.30994871,-1.00000000,-0.91909419,-0.24135295
836,-0.01586207,-0.23150960,1.00000000,-0.95635594,-0.25927438
837,-0.00335031,-0.25216014,1.00000000,-0.98916105,-0.29607152
838,0.01968442,-0.30605125,-1.00000000,-0.92528563,-0.23223829
839,-0.00477155,-0.26893885,-1.00000000,-0.98424177,-0.25655183
840,-0.00415025,-0.20061328,1.00000000,-0.90727454,-0.26773304
841,-0.02836024,-0.27315454,-1.00000000,-0.97754480,-0.28937679
842,0.08985254,-0.27131166,-1.00000000,-0.98047237,-0.12797237
843,-0.06117552,-0.34312328,-1.00000000,-0.86639360,-0.26800190
844,-0.01933158,0.00751936,1.00000000,-0.57663845,-0.29321629
845,-0.03486092,-0.44045996,-1.00000000,-0.71176616,-0.34639961
846,0.02018176,-0.31634248,-1.00000000,-0.90893714,-0.26233681
847,0.00797099,-0.36240562,-1.00000000,-0.83576200,-0.40413553
848,0.00029513,-0.19913806,1.00000000,-0.90493103,-0.29768347
849,0.07897186,-0.23535764,1.00000000,-0.96246887,-0.12744610
850,0.05226955,-0.25812575,1.00000000,-0.99863792,0.02344245
851,-0.00339991,-0.02475492,1.00000000,-0.62790884,-0.01739520
852,0.04082660,-0.10395929,1.00000000,-0.75373161,0.03950265
853,0.03183237,-0.26908599,-1.00000000,-0.98400804,0.09411738
854,-0.03387450,-0.13790134,1.00000000,-0.80765139,-0.10130476
855,-0.01620578,-0.16458003,1.00000000,-0.85003272,-0.21988719
856,-0.00321076,-0.35947969,-1.00000000,-0.84041007,-0.21955964
857,0.00733792,-0.30707075,-1.00000000,-0.92366607,-0.27755380
858,-0.01325343,-0.26852494,-1.00000000,-0.98489930,-0.35563131
859,0.02257506,-0.23723544,1.00000000,-0.96545192,-0.25787456
860,-0.04700922,-0.29831348,-1.00000000,-0.93757772,-0.31121854
861,0.04315447,-0.19203906,1.00000000,-0.89365369,-0.23092535
862,-0.07170572,-0.39843989,-1.00000000,-0.77851855,-0.36780951
863,-0.06586078,-0.13099641,1.00000000,-0.79668233,-0.45891250
864,-0.06317541,-0.47169463,-1.00000000,-0.66214726,-0.60741123
865,0.01483046,-0.45435736,-1.00000000,-0.68968897,-0.50032011
866,0.02050253,-0.44639204,-1.00000000,-0.70234255,-0.53954771
867,0.00931627,-0.21501107,1.00000000,-0.93014665,-0.39923754
868,-0.01506474,-0.19818660,1.00000000,-0.90341956,-0.31127129
869,0.01383955,-0.23136725,1.00000000,-0.95612981,-0.17790030
870,-0.02447066,-0.30368619,-1.00000000,-0.92904271,-0.24596018
871,-0.02618436,-0.21795030,1.00000000,-0.93481585,-0.32681038
872,-0.01921696,-0.33158603,-1.00000000,-0.88472149,-0.37622293
873,-0.02847038,-0.33666919,-1.00000000,-0.87664646,-0.39943821
874,-0.01112472,-0.31600252,-1.00000000,-0.90947720,-0.44267020
875,0.00084747,-0.34345001,-1.00000000,-0.86587457,-0.39882542
876,-0.00709435,-0.29199932,-1.00000000,-0.94760829,-0.36576622
877,-0.04751035,-0.25648740,1.00000000,-0.99603526,-0.41476341
878,0.02551577,-0.28004443,-1.00000000,-0.96659963,-0.32127267
879,0.03214727,-0.39992634,-1.00000000,-0.77615719,-0.24633621
880,-0.04421872,-0.18331631,1.00000000,-0.87979687,-0.32437977
881,0.02053844,-0.16364597,1.00000000,-0.84854888,-0.27652658
882,-0.04269517,-0.39016270,-1.00000000,-0.79166755,-0.26818786
883,0.01819794,-0.19808007,1.00000000,-0.90325033,-0.28086054
884,-0.01420612,-0.38564355,-1.00000000,-0.79884660,-0.36113322
885,-0.01275249,-0.20502245,1.00000000,-0.91427889,-0.30664144
886,0.00070796,-0.30113935,-1.00000000,-0.93308858,-0.34098296
887,0.00354238,-0.29682760,-1.00000000,-0.93993817,-0.26091089
888,0.01208717,-0.25690123,1.00000000,-0.99669266,-0.27149324
889,0.01926312,-0.24849376,1.00000000,-0.98333669,-0.21353275
890,-0.07227812,-0.22314821,1.00000000,-0.94307318,-0.31661650
891,0.00337194,-0.20186292,1.00000000,-0.90925971,-0.31200314
892,-0.03779321,-0.47339247,-1.00000000,-0.65945010,-0.38358624
893,-0.02196902,-0.24899933,1.00000000,-0.98413984,-0.44256319
894,0.05274560,-0.37110337,-1.00000000,-0.82194489,-0.38457977
895,-0.00075735,-0.32416567,-1.00000000,-0.89650935,-0.26072338
896,-0.00113534,-0.10254722,1.00000000,-0.75148842,-0.26852887
897,0.01195532,-0.26124761,-1.00000000,-0.99645994,-0.18237664
898,-0.00869210,-0.26236881,-1.00000000,-0.99467883,-0.15938427
899,0.04210518,-0.22353930,1.00000000,-0.94369445,-0.17781087
900,-0.04271527,-0.28478367,-1.00000000,-0.95907095,-0.25047168
901,0.04306925,-0.13410883,1.00000000,-0.80162668,-0.17392020
902,0.01224238,-0.38570318,-1.00000000,-0.79875187,-0.17342309
903,0.08235914,-0.13124920,1.00000000,-0.79708391,-0.01574472
904,-0.02396807,-0.22268784,1.00000000,-0.94234183,-0.13016733
905,-0.00815773,-0.01470754,1.00000000,-0.61194775,-0.07032216
906,0.12423098,-0.33009523,-1.00000000,-0.88708975,0.07023000
907,-0.05564246,-0.28319863,-1.00000000,-0.96158893,-0.04732985
908,-0.01041951,0.10949267,1.00000000,-0.41464532,-0.20799967
909,-0.01837671,-0.42404780,-1.00000000,-0.73783823,-0.19831682
910,0.05047215,-0.28990752,-1.00000000,-0.95093129,-0.09678429
911,0.03877415,-0.31351016,-1.00000000,-0.91343652,-0.24477451
912,-0.01375764,-0.10929073,1.00000000,-0.76220105,-0.17224030
913,-0.03021314,-0.14398932,1.00000000,-0.81732265,-0.20651800
914,-0.01551907,-0.29980907,-1.00000000,-0.93520185,-0.20156927
915,-0.02590039,-0.34861938,-1.00000000,-0.85766259,-0.33382772
916,0.03025454,-0.30503382,-1.00000000,-0.92690190,-0.34858160
917,0.02960153,-0.33582689,-1.00000000,-0.87798454,-0.27349417
918,-0.00407988,-0.16926019,1.00000000,-0.85746755,-0.22823778
919,0.03823496,-0.17119713,1.00000000,-0.86054453,-0.13514903
920,-0.01376090,-0.27110291,-1.00000000,-0.98080398,-0.11412642
921,0.01164921,-0.14558868,1.00000000,-0.81986337,-0.14634627
922,0.02834048,-0.29981874,-1.00000000,-0.93518649,-0.14853011
923,-0.02507853,-0.22444729,1.00000000,-0.94513687,-0.18489461
924,-0.03567864,-0.17493768,1.00000000,-0.86648671,-0.31289479
925,-0.02078320,-0.33338910,-1.00000000,-0.88185717,-0.32505569
926,0.00275461,-0.36483113,-1.00000000,-0.83190886,-0.34045896
927,-0.00739001,-0.32064829,-1.00000000,-0.90209701,-0.40233538
928,0.00595234,-0.25083045,1.00000000,-0.98704872,-0.34859754
929,0.01873959,-0.28092142,-1.00000000,-0.96520645,-0.25435854
930,0.01223519,-0.24134535,1.00000000,-0.97198085,-0.19717881
931,-0.00042444,-0.20341582,1.00000000,-0.91172663,-0.20268414
932,0.02697687,-0.22270916,1.00000000,-0.94237571,-0.14316914
933,0.00628741,-0.26026014,-1.00000000,-0.99802863,-0.14258889
934,0.02563720,-0.17898240,1.00000000,-0.87291209,-0.13064392
935,0.00259300,-0.24035148,1.00000000,-0.97040200,-0.14734182
936,-0.01088514,-0.18295614,1.00000000,-0.87922470,-0.16545718
937,0.06100720,-0.25130981,1.00000000,-0.98781023,-0.10652502
938,-0.02734528,-0.29128866,-1.00000000,-0.94873724,-0.16476855
939,0.01580279,-0.07804166,1.00000000,-0.71255929,-0.18179932
940,0.00094272,-0.34011271,-1.00000000,-0.87117615,-0.18465721
941,-0.04451691,-0.21212694,1.00000000,-0.92556496,-0.24289918
942,0.02119542,-0.25620489,1.00000000,-0.99558646,-0.31184340
943,0.00615530,-0.39104721,-1.00000000,-0.79026244,-0.25382863
944,-0.00537160,-0.19613134,1.00000000,-0.90015461,-0.29049747
945,0.00768388,-0.24074332,1.00000000,-0.97102447,-0.27882343
946,0.01185703,-0.27493440,-1.00000000,-0.97471734,-0.18119762
947,-0.00085352,-0.23620926,1.00000000,-0.96382173,-0.21938096
948,0.00658480,-0.22383085,1.00000000,-0.94415760,-0.21863718
949,0.00139172,-0.26153288,-1.00000000,-0.99600677,-0.20692477
950,-0.01598357,-0.23946935,1.00000000,-0.96900066,-0.24791098
951,0.00642559,-0.25487305,1.00000000,-0.99347073,-0.25731690
952,0.06680085,-0.30641163,-1.00000000,-0.92471313,-0.14015616
953,-0.01013465,-0.23994160,1.00000000,-0.96975087,-0.16911014
954,-0.00187099,-0.06085653,1.00000000,-0.68525928,-0.17476036
955,0.00986157,-0.28906256,-1.00000000,-0.95227358,-0.13000293
956,-0.00413676,-0.26455092,-1.00000000,-0.99121237,-0.14829432
957,0.06920393,-0.22974980,1.00000000,-0.95356035,-0.14413279
958,-0.02221224,-0.27127163,-1.00000000,-0.98053596,-0.16504820
959,0.01347195,-0.05372853,1.00000000,-0.67393585,-0.13847799
960,0.01353788,-0.32488710,-1.00000000,-0.89536330,-0.13211153
961,-0.03998181,-0.21904068,1.00000000,-0.93654802,-0.19418635
962,0.01459437,-0.21884513,1.00000000,-0.93623736,-0.28875667
963,0.04554505,-0.37759520,-1.00000000,-0.81163208,-0.17141771
964,0.00427781,-0.21571136,1.00000000,-0.93125911,-0.18733970
965,-0.05098011,-0.12390547,1.00000000,-0.78541779,-0.29906899
966,0.01391787,-0.24631234,1.00000000,-0.97987133,-0.20572800
967,-0.03726489,-0.41021833,-1.00000000,-0.75980752,-0.29553549
968,-0.07245128,-0.21771801,1.00000000,-0.93444685,-0.49987612
969,0.00493461,-0.36953626,-1.00000000,-0.82443437,-0.49873870
970,0.05963903,-0.47390610,-1.00000000,-0.65863417,-0.30717355
971,0.04310943,-0.24436413,1.00000000,-0.97677643,-0.25662093
972,0.04694281,-0.08209992,1.00000000,-0.71900618,-0.11079389
973,0.01775904,-0.13113001,1.00000000,-0.79689456,0.04542819
974,0.00808774,-0.11975944,1.00000000,-0.77883147,0.05088863
975,0.00135485,-0.20632434,1.00000000,-0.91634704,-0.05004524
976,-0.02260642,-0.23501132,1.00000000,-0.96191872,-0.16384894
977,-0.02667211,-0.25498242,1.00000000,-0.99364448,-0.29133189
978,0.01884031,-0.32605632,-1.00000000,-0.89350590,-0.28945940
979,-0.10316562,-0.33811597,-1.00000000,-0.87434813,-0.48212286
980,-0.03468705,-0.20311707,1.00000000,-0.91125203,-0.54453856
981,0.04445104,-0.56501095,-1.00000000,-0.51390650,-0.42841153
982,0.09001357,-0.36188986,-1.00000000,-0.83658132,-0.22634062
983,-0.01866145,-0.12715054,1.00000000,-0.79057285,-0.29128445
984,0.02383636,0.00799700,1.00000000,-0.57587968,-0.07134824
985,0.06140495,-0.31435476,-1.00000000,-0.91209480,0.09505947
986,0.00918811,-0.18829777,1.00000000,-0.88771034,0.03399275
987,-0.05615984,-0.07686185,1.00000000,-0.71068506,-0.21914365
988,0.00521575,-0.23174741,1.00000000,-0.95673372,-0.17779421
989,-0.03838551,-0.42558245,-1.00000000,-0.73540032,-0.28554720
990,0.01567813,-0.24353022,1.00000000,-0.97545169,-0.36473481
991,-0.03349234,-0.37286026,-1.00000000,-0.81915393,-0.43864685
992,-0.03261327,-0.21249670,1.00000000,-0.92615236,-0.39786999
993,-0.01408435,-0.35834612,-1.00000000,-0.84221084,-0.43129301
994,-0.00133913,-0.35573864,-1.00000000,-0.84635305,-0.36713778
995,0.03503759,-0.30077815,-1.00000000,-0.93366238,-0.33361197
996,-0.02595297,-0.26297330,-1.00000000,-0.99371855,-0.32055563
997,0.07312456,-0.15507271,1.00000000,-0.83492955,-0.13744370
998,-0.00857717,-0.33598284,-1.00000000,-0.87773679,-0.12790662
999,-0.01246013,-0.04209916,1.00000000,-0.65546162,-0.14716547
1000,0.05433539,-0.28444278,-1.00000000,-0.95961249,-0.11374642
1001,-0.02032339,-0.29596041,-1.00000000,-0.94131576,-0.10399738
1002,0.01059763,-0.09783158,1.00000000,-0.74399724,-0.21227865
1003,-0.01439590,-0.31928440,-1.00000000,-0.90426365,-0.22235526
1004,-0.00203959,-0.22756648,1.00000000,-0.95009196,-0.20430944
1005,0.01098781,-0.30170229,-1.00000000,-0.93219431,-0.27937679
1006,0.01135811,-0.26505101,-1.00000000,-0.99041793,-0.22451222
1007,-0.02923513,-0.22640914,1.00000000,-0.94825342,-0.29349278
1008,0.01739237,-0.22531076,1.00000000,-0.94650857,-0.23844331
1009,0.02052900,-0.34571840,-1.00000000,-0.86227103,-0.19936006
1010,-0.01160019,-0.20741194,1.00000000,-0.91807480,-0.23847692
1011,-0.04232126,-0.19810808,1.00000000,-0.90329483,-0.33143639
1012,0.01539486,-0.29340964,-1.00000000,-0.94536787,-0.25414821
1013,0.01449428,-0.38453446,-1.00000000,-0.80060849,-0.25916699
1014,-0.00636353,-0.21333695,1.00000000,-0.92748716,-0.30573824
1015,-0.05103751,-0.21600825,1.00000000,-0.93173075,-0.37403399
1016,-0.00845887,-0.27787668,-1.00000000,-0.97004328,-0.31539266
1017,-0.05633560,-0.41038860,-1.00000000,-0.75953701,-0.43961217
1018,0.01430568,-0.28409187,-1.00000000,-0.96016994,-0.43993878
1019,-0.04598676,-0.42610378,-1.00000000,-0.73457215,-0.50855646
1020,0.00459114,-0.21656767,1.00000000,-0.93261943,-0.41222132
1021,0.00163421,-0.39540707,-1.00000000,-0.78333644,-0.39474259
1022,-0.02472538,-0.24538294,1.00000000,-0.97839490,-0.34000147
1023,-0.02015130,-0.25415379,1.00000000,-0.99232813,-0.39967249
1024,0.00441747,-0.33234159,-1.00000000,-0.88352123,-0.31238477
1025,0.00763802,-0.31877394,-1.00000000,-0.90507457,-0.30710832
1026,-0.03025327,-0.24589809,1.00000000,-0.97921326,-0.36232958
1027,0.00718113,-0.23634529,1.00000000,-0.96403784,-0.30707536
1028,-0.06701289,-0.34873839,-1.00000000,-0.85747353,-0.38822811
1029,-0.00031881,-0.23770053,1.00000000,-0.96619074,-0.39643018
1030,-0.01167796,-0.45777476,-1.00000000,-0.68426015,-0.42988071
1031,0.00557217,-0.25994684,-1.00000000,-0.99852634,-0.36783986
1032,-0.01783432,-0.29364033,-1.00000000,-0.94500140,-0.41116045
1033,-0.00071004,-0.24247300,1.00000000,-0.97377221,-0.29634022
1034,-0.01869454,-0.31190131,-1.00000000,-0.91599232,-0.32816245
1035,-0.02839382,-0.26110730,-1.00000000,-0.99668285,-0.35711021
1036,0.02070961,-0.31445289,-1.00000000,-0.91193891,-0.33089588
1037,-0.05377950,-0.34322290,-1.00000000,-0.86623535,-0.39314411
1038,0.03070324,-0.19757234,1.00000000,-0.90244376,-0.33874402
1039,-0.07126510,-0.41852189,-1.00000000,-0.74661661,-0.42978331
1040,0.04973613,-0.16792925,1.00000000,-0.85535323,-0.29448145
1041,-0.05635501,-0.47038766,-1.00000000,-0.66422351,-0.42793844
1042,-0.07307309,-0.11147390,1.00000000,-0.76566920,-0.46135018
1043,-0.04512369,-0.42616137,-1.00000000,-0.73448066,-0.59266379
1044,0.03697787,-0.47575051,-1.00000000,-0.65570416,-0.40521358
1045,0.00032909,-0.39284703,-1.00000000,-0.78740327,-0.49077443
1046,-0.01708865,-0.14931745,1.00000000,-0.82578684,-0.42277475
1047,0.01106061,-0.25802504,1.00000000,-0.99847793,-0.27707586
1048,0.02877790,-0.30968952,-1.00000000,-0.91950593,-0.14909648
1049,-0.03391622,-0.22619319,1.00000000,-0.94791037,-0.27186761
1050,0.00345560,-0.17364020,1.00000000,-0.86442556,-0.26645326
1051,0.05708862,-0.35960343,-1.00000000,-0.84021350,-0.13799646
1052,-0.00874868,-0.24875118,1.00000000,-0.98374563,-0.17230128
1053,-0.00958148,-0.08966494,1.00000000,-0.73102384,-0.23873028
1054,-0.00212433,-0.28495149,-1.00000000,-0.95880435,-0.18367455
1055,0.04214790,-0.28742174,-1.00000000,-0.95488015,-0.11666900
1056,-0.02262867,-0.26530236,-1.00000000,-0.99001864,-0.25471976
1057,-0.00502974,-0.13398211,1.00000000,-0.80142537,-0.24827948
1058,-0.06380252,-0.32612233,-1.00000000,-0.89340103,-0.34217699
1059,0.00886953,-0.27392039,-1.00000000,-0.97632818,-0.32313832
1060,-0.03757145,-0.44825215,-1.00000000,-0.69938761,-0.46119263
1061,-0.05259624,-0.23269238,1.00000000,-0.95823488,-0.51308910
1062,0.03080759,-0.37044557,-1.00000000,-0.82298986,-0.45102765
1063,-0.07456803,-0.41501212,-1.00000000,-0.75219218,-0.46967088
1064,0.00083806,-0.16761973,1.00000000,-0.85486154,-0.48357942
1065,0.02327842,-0.48018482,-1.00000000,-0.64865989,-0.37820241
1066,0.02884018,-0.25651533,1.00000000,-0.99607963,-0.23717455
1067,0.00316668,-0.18995275,1.00000000,-0.89033941,-0.28504180
1068,-0.03209518,-0.17345546,1.00000000,-0.86413208,-0.21148926
1069,0.04419812,-0.24960816,1.00000000,-0.98510701,-0.13640029
1070,0.03690226,-0.35420188,-1.00000000,-0.84879432,-0.11280716
1071,-0.00520689,-0.12790075,1.00000000,-0.79176462,-0.17176830
1072,-0.03347141,-0.14954173,1.00000000,-0.82614313,-0.23521648
1073,-0.00466687,-0.27444584,-1.00000000,-0.97549346,-0.18771738
1074,-0.02463071,-0.35828405,-1.00000000,-0.84230945,-0.30691200
1075,-0.01241224,-0.27284404,-1.00000000,-0.97803806,-0.39231258
1076,-0.00300313,-0.33206078,-1.00000000,-0.88396731,-0.38849622
1077,0.01137462,-0.29581835,-1.00000000,-0.94154143,-0.31083392
1078,0.02069848,-0.26790906,-1.00000000,-0.98587767,-0.26690738
1079,-0.01454826,-0.22526179,1.00000000,-0.94643076,-0.24944705
1080,0.03228415,-0.19760537,1.00000000,-0.90249623,-0.17204388
1081,-0.03931022,-0.30215421,-1.00000000,-0.93147639,-0.23491883
1082,-0.00334804,-0.16323994,1.00000000,-0.84790388,-0.26041485
1083,0.02030583,-0.37560311,-1.00000000,-0.81479667,-0.26109481
1084,-0.00633933,-0.26893212,-1.00000000,-0.98425247,-0.24687897
1085,0.00373825,-0.19877003,1.00000000,-0.90434640,-0.29631346
1086,0.01009705,-0.27780490,-1.00000000,-0.97015731,-0.21075221
1087,0.02579091,-0.24791279,1.00000000,-0.98241378,-0.16029072
1088,0.01710142,-0.22905130,1.00000000,-0.95245072,-0.16583997
1089,0.04855636,-0.18250019,1.00000000,-0.87850039,-0.07077413
1090,-0.00721187,-0.20827496,1.00000000,-0.91944576,-0.08973705
1091,0.02001131,-0.11497335,1.00000000,-0.77122836,-0.07256800
1092,0.00464983,-0.28039303,-1.00000000,-0.96604585,-0.10917915
1093,0.02022183,-0.19964364,1.00000000,-0.90573420,-0.10377536
1094,-0.02397743,-0.24520884,1.00000000,-0.97811832,-0.22938605
1095,0.01352570,-0.19901920,1.00000000,-0.90474222,-0.19347368
1096,-0.00209872,-0.33012302,-1.00000000,-0.88704561,-0.23176281
1097,0.00711980,-0.21888126,1.00000000,-0.93629477,-0.22748543
1098,-0.02358706,-0.26522639,-1.00000000,-0.99013932,-0.30335166
1099,0.00177932,-0.23788241,1.00000000,-0.96647969,-0.25874731
1100,0.06474636,-0.32896511,-1.00000000,-0.88888505,-0.17004572
1101,-0.02824399,-0.25372336,1.00000000,-0.99164436,-0.21532289
1102,0.02310580,-0.06695058,1.00000000,-0.69494018,-0.18763908
1103,-0.00537502,-0.34277846,-1.00000000,-0.86694138,-0.15610029
1104,-0.03262170,-0.19046477,1.00000000,-0.89115279,-0.21567440
1105,0.01706049,-0.27494454,-1.00000000,-0.97470122,-0.29825459
1106,0.04244178,-0.35576365,-1.00000000,-0.84631332,-0.17584423
1107,0.02240034,-0.20839635,1.00000000,-0.91963861,-0.17706591
1108,-0.02591817,-0.13311041,1.00000000,-0.80004060,-0.21264160
1109,-0.03849317,-0.19255730,1.00000000,-0.89447695,-0.22280953
1110,-0.01773847,-0.33587962,-1.00000000,-0.87790076,-0.28307277
1111,0.01127311,-0.37317958,-1.00000000,-0.81864665,-0.33704925
1112,0.02800454,-0.31161700,-1.00000000,-0.91644397,-0.32734416
1113,0.00172843,-0.22556290,1.00000000,-0.94690910,-0.27946705
1114,0.01249203,-0.17593413,1.00000000,-0.86806966,-0.19117322
1115,-0.01640466,-0.25387431,1.00000000,-0.99188415,-0.18886340
1116,-0.03337339,-0.22194733,1.00000000,-0.94116547,-0.26618015
1117,0.01018840,-0.30766067,-1.00000000,-0.92272893,-0.29703333
1118,0.04110904,-0.35799330,-1.00000000,-0.84277133,-0.22883579
1119,-0.01324981,-0.22878035,1.00000000,-0.95202029,-0.27341433
1120,-0.00662142,-0.13706357,1.00000000,-0.80632052,-0.25647216
1121,0.03169468,-0.29830275,-1.00000000,-0.93759476,-0.14379026
1122,0.01480964,-0.27864163,-1.00000000,-0.96882809,-0.13578742
1123,-0.00330421,-0.16498845,1.00000000,-0.85068152,-0.21270024
1124,0.00009988,-0.21507284,1.00000000,-0.93024477,-0.18958186
1125,-0.00866731,-0.26880211,-1.00000000,-0.98445899,-0.19312483
1126,-0.03430337,-0.25870490,1.00000000,-0.99955795,-0.30741722
1127,-0.03911895,-0.28471014,-1.00000000,-0.95918776,-0.40080829
1128,0.01129538,-0.36075181,-1.00000000,-0.83838922,-0.37552539
1129,-0.01930825,-0.37503579,-1.00000000,-0.81569792,-0.40913550
1130,0.01914391,-0.22549683,1.00000000,-0.94680414,-0.36097331
1131,-0.01269889,-0.31627328,-1.00000000,-0.90904707,-0.32355965
1132,-0.01570241,-0.20221653,1.00000000,-0.90982144,-0.28300796
1133,-0.02418455,-0.29666860,-1.00000000,-0.94019074,-0.34445047
1134,0.02508106,-0.30557766,-1.00000000,-0.92603796,-0.26757909
1135,-0.07831953,-0.33073735,-1.00000000,-0.88606968,-0.43636181
1136,-0.03407665,-0.18460574,1.00000000,-0.88184524,-0.47338284
1137,-0.05681999,-0.49131251,-1.00000000,-0.63098262,-0.54458837
1138,-0.04155916,-0.36007930,-1.00000000,-0.83945756,-0.57467693
1139,0.02002419,-0.42754058,-1.00000000,-0.73228966,-0.58343418
1140,0.02097267,-0.38227392,-1.00000000,-0.80419954,-0.41148449
1141,0.01213631,-0.19960542,1.00000000,-0.90567348,-0.33145501
1142,0.00324358,-0.19679205,1.00000000,-0.90120420,-0.22743966
1143,0.01879508,-0.22300245,1.00000000,-0.94284161,-0.12292095
1144,0.00753539,-0.24938006,1.00000000,-0.98474465,-0.14454850
1145,0.01826648,-0.20325121,1.00000000,-0.91146513,-0.14923496
1146,0.03245618,-0.23664971,1.00000000,-0.96452144,-0.11404594
1147,0.00677855,-0.20481915,1.00000000,-0.91395592,-0.10792425
1148,0.00826431,-0.16272968,1.00000000,-0.84709328,-0.12616097
1149,0.00198551,-0.23889465,1.00000000,-0.96808770,-0.13577199
1150,0.04520586,-0.23448760,1.00000000,-0.96108674,-0.08911961
1151,-0.05495105,-0.25311174,1.00000000,-0.99067275,-0.24048744
1152,0.00910811,-0.12491159,1.00000000,-0.78701609,-0.23645322
1153,-0.03584639,-0.42199693,-1.00000000,-0.74109622,-0.31284210
1154,0.04161671,-0.23198471,1.00000000,-0.95711069,-0.24421061
1155,-0.00424096,-0.36532872,-1.00000000,-0.83111841,-0.32984035
1156,-0.01511181,-0.13555772,1.00000000,-0.80392835,-0.26084859
1157,0.02348564,-0.27158072,-1.00000000,-0.98004494,-0.23595024
1158,0.01837377,-0.30382582,-1.00000000,-0.92882091,-0.14205425
1159,-0.00118698,-0.18933810,1.00000000,-0.88936298,-0.21617972
1160,0.00826552,-0.20450091,1.00000000,-0.91345038,-0.19452156
1161,-0.01793407,-0.26252199,-1.00000000,-0.99443550,-0.19940903
1162,0.00916676,-0.23448399,1.00000000,-0.96108100,-0.22420580
1163,-0.01766937,-0.31219721,-1.00000000,-0.91552225,-0.28662365
1164,-0.03750213,-0.23181074,1.00000000,-0.95683432,-0.34951257
1165,-0.01558746,-0.31141204,-1.00000000,-0.91676956,-0.39082006
1166,-0.03276618,-0.37023996,-1.00000000,-0.82331649,-0.41650562
1167,0.05345899,-0.30523668,-1.00000000,-0.92657964,-0.33980237
1168,0.05158531,-0.35619219,-1.00000000,-0.84563255,-0.21987030
1169,-0.04982596,-0.10043116,1.00000000,-0.74812688,-0.24121215
1170,-0.02726412,-0.10598888,1.00000000,-0.75695578,-0.26143325
1171,-0.01366116,-0.40679490,-1.00000000,-0.76524591,-0.22834805
1172,0.00680803,-0.33987198,-1.00000000,-0.87155857,-0.30913604
1173,-0.02266745,-0.29952289,-1.00000000,-0.93565647,-0.43772355
1174,0.01033024,-0.23880719,1.00000000,-0.96794877,-0.33354781
1175,-0.01526711,-0.32623734,-1.00000000,-0.89321833,-0.31277194
1176,-0.01426868,-0.22835963,1.00000000,-0.95135195,-0.31382402
1177,0.00288710,-0.30428645,-1.00000000,-0.92808915,-0.32061411
1178,0.01568937,-0.30132492,-1.00000000,-0.93279379,-0.25418953
1179,-0.00549273,-0.25043746,1.00000000,-0.98642442,-0.28159102
1180,0.01769435,-0.21246338,1.00000000,-0.92609942,-0.22450988
1181,-0.03630384,-0.27529372,-1.00000000,-0.97414653,-0.26266936
1182,-0.00576701,-0.20651620,1.00000000,-0.91665183,-0.27765615
1183,0.00545552,-0.36668559,-1.00000000,-0.82896291,-0.29537866
1184,-0.00757783,-0.27610728,-1.00000000,-0.97285411,-0.29898953
1185,-0.00173536,-0.24281901,1.00000000,-0.97432188,-0.33263702
1186,0.00559691,-0.28147852,-1.00000000,-0.96432146,-0.26007523
1187,0.04302961,-0.26414860,-1.00000000,-0.99185148,-0.17557148
1188,0.01877737,-0.24239964,1.00000000,-0.97365567,-0.15250132
1189,-0.00803729,-0.13136678,1.00000000,-0.79727070,-0.15329699
1190,-0.02625887,-0.20330375,1.00000000,-0.91154859,-0.19576568
1191,0.01504731,-0.28284138,-1.00000000,-0.96215645,-0.17939990
1192,-0.01697544,-0.33689021,-1.00000000,-0.87629536,-0.28331388
1193,-0.02173301,-0.21436785,1.00000000,-0.92912483,-0.35346790
1194,0.00603889,-0.30935371,-1.00000000,-0.92003940,-0.32909142
1195,-0.02712569,-0.32346560,-1.00000000,-0.89762147,-0.33059254
1196,-0.02581171,-0.24108863,1.00000000,-0.97157303,-0.40135032
1197,0.01269887,-0.33946138,-1.00000000,-0.87221084,-0.34996172
1198,-0.00739656,-0.33556385,-1.00000000,-0.87840240,-0.32513452
1199,0.03629794,-0.22133381,1.00000000,-0.94019084,-0.27273328
1200,-0.02752366,-0.28094084,-1.00000000,-0.96517560,-0.27342247
1201,-0.02903952,-0.15133425,1.00000000,-0.82899070,-0.27901224
1202,-0.08897289,-0.34064184,-1.00000000,-0.87033559,-0.45508272
1203,-0.07403394,-0.34513817,-1.00000000,-0.86319278,-0.57048229
1204,0.02140633,-0.52291249,-1.00000000,-0.58078342,-0.59627090
1205,-0.01765754,-0.47860060,-1.00000000,-0.65117655,-0.57918521
1206,-0.08644042,-0.19550574,1.00000000,-0.89916079,-0.67858945
1207,-0.04309709,-0.31137696,-1.00000000,-0.91682529,-0.59914385
1208,-0.03392069,-0.51540068,-1.00000000,-0.59271656,-0.52967755
1209,-0.01092558,-0.38683573,-1.00000000,-0.79695272,-0.58566847
1210,0.00723478,-0.35961669,-1.00000000,-0.84019244,-0.54256108
1211,-0.01679327,-0.29140862,-1.00000000,-0.94854667,-0.42194933
1212,0.00030963,-0.23754137,1.00000000,-0.96593791,-0.34677957
1213,-0.07795402,-0.30881334,-1.00000000,-0.92089780,-0.42303447
1214,-0.03122368,-0.25808275,1.00000000,-0.99856961,-0.45818579
1215,0.03484310,-0.49022832,-1.00000000,-0.63270496,-0.41037496
1216,0.03629538,-0.35161683,-1.00000000,-0.85290089,-0.31843849
1217,0.04932988,-0.15564959,1.00000000,-0.83584597,-0.23354748
1218,-0.02396793,-0.15134186,1.00000000,-0.82900278,-0.14005685
1219,-0.00116572,-0.11267893,1.00000000,-0.76758349,-0.08800385
1220,-0.00178108,-0.33009484,-1.00000000,-0.88709037,-0.15142793
1221,0.07228646,-0.26245892,-1.00000000,-0.99453568,-0.08910022
1222,0.00068770,-0.26428421,-1.00000000,-0.99163606,-0.17333651
1223,-0.01868031,-0.04458513,1.00000000,-0.65941079,-0.16417964
1224,0.01921676,-0.25696132,1.00000000,-0.99678813,-0.12888220
1225,-0.03554843,-0.31441068,-1.00000000,-0.91200597,-0.18735894
1226,-0.02802545,-0.20200043,1.00000000,-0.90947816,-0.36107451
1227,0.00605086,-0.36444489,-1.00000000,-0.83252244,-0.35178684
1228,-0.01701422,-0.34213025,-1.00000000,-0.86797112,-0.34890159
1229,-0.00542593,-0.24105313,1.00000000,-0.97151664,-0.39157668
1230,0.00917122,-0.30946874,-1.00000000,-0.91985665,-0.31413324
1231,-0.04538500,-0.27509557,-1.00000000,-0.97446130,-0.34419570
1232,-0.02666395,-0.23179750,1.00000000,-0.95681328,-0.40084970
1233,-0.02246907,-0.39362211,-1.00000000,-0.78617199,-0.41029616
1234,-0.01048024,-0.33809176,-1.00000000,-0.87438659,-0.41904897
1235,-0.01267804,-0.32564891,-1.00000000,-0.89415311,-0.45688652
1236,-0.02629951,-0.29008765,-1.00000000,-0.95064514,-0.42383515
1237,0.02030711,-0.29660676,-1.00000000,-0.94028899,-0.34249282
1238,0.03904684,-0.33701076,-1.00000000,-0.87610385,-0.23596239
1239,0.01698643,-0.19876624,1.00000000,-0.90434037,-0.18839688
1240,0.00849511,-0.14318046,1.00000000,-0.81603772,-0.15173019
1241,0.03981281,-0.20861604,1.00000000,-0.91998761,-0.03723990
1242,0.02964983,-0.23380298,1.00000000,-0.95999916,-0.02106061
1243,0.00012991,-0.14090844,1.00000000,-0.81242843,-0.08845517
1244,-0.06544539,-0.17105388,1.00000000,-0.86031697,-0.23120681
1245,-0.03857111,-0.25861584,1.00000000,-0.99941647,-0.31271393
1246,-0.00504569,-0.45312523,-1.00000000,-0.69164631,-0.39039782
1247,-0.01142899,-0.37341076,-1.00000000,-0.81827941,-0.46153624
1248,-0.01940595,-0.27396769,-1.00000000,-0.97625304,-0.49536755
1249,-0.00062142,-0.29290184,-1.00000000,-0.94617455,-0.38310837
1250,0.00251020,-0.31656310,-1.00000000,-0.90858667,-0.31196564
1251,-0.05128861,-0.26084442,-1.00000000,-0.99710046,-0.39204701
1252,-0.00576224,-0.25155541,1.00000000,-0.98820038,-0.38223359
1253,0.00124245,-0.41113341,-1.00000000,-0.75835383,-0.34647562
1254,0.01233558,-0.27609312,-1.00000000,-0.97287662,-0.32403730
1255,0.00703098,-0.25531581,1.00000000,-0.99417410,-0.31620843
1256,0.01430123,-0.22241140,1.00000000,-0.94190268,-0.20262296
1257,0.03103913,-0.23814589,1.00000000,-0.96689824,-0.13889204
1258,0.00382248,-0.21658089,1.00000000,-0.93264043,-0.13442407
1259,-0.00178336,-0.16693294,1.00000000,-0.85377052,-0.15887460
1260,-0.00514899,-0.24766293,1.00000000,-0.98201686,-0.17996732
1261,0.04934965,-0.26429099,-1.00000000,-0.99162529,-0.11927207
1262,-0.08041288,-0.27427412,-1.00000000,-0.97576626,-0.31227954
1263,-0.01279506,-0.11262029,1.00000000,-0.76749033,-0.34105704
1264,0.00292013,-0.49752179,-1.00000000,-0.62111867,-0.33291174
1265,-0.00082508,-0.29695388,-1.00000000,-0.93973756,-0.32542379
1266,-0.01002702,-0.25033948,1.00000000,-0.98626878,-0.42824958
1267,0.00223680,-0.26144854,-1.00000000,-0.99614076,-0.28512066
1268,0.03063013,-0.28874332,-1.00000000,-0.95278072,-0.20991891
1269,0.01868708,-0.25236637,1.00000000,-0.98948867,-0.18261443
1270,0.01368246,-0.16814612,1.00000000,-0.85569775,-0.15749092
1271,0.05186911,-0.20357156,1.00000000,-0.91197403,-0.05030204
1272,-0.04727720,-0.21841626,1.00000000,-0.93555608,-0.13604812
1273,0.00076627,-0.10514706,1.00000000,-0.75561848,-0.18776498
1274,-0.01553122,-0.39923478,-1.00000000,-0.77725580,-0.24702267
1275,-0.01192128,-0.25672827,1.00000000,-0.99641790,-0.29136206
1276,-0.02438576,-0.30506987,-1.00000000,-0.92684462,-0.42341675
1277,0.02807450,-0.29436207,-1.00000000,-0.94385487,-0.29292613
1278,0.02020820,-0.33133420,-1.00000000,-0.88512154,-0.25925748
1279,-0.00842247,-0.17572662,1.00000000,-0.86774001,-0.24694688
1280,0.03326088,-0.19905963,1.00000000,-0.90480645,-0.16870249
1281,-0.00275133,-0.28398391,-1.00000000,-0.96034144,-0.13123698
1282,0.03155301,-0.16034279,1.00000000,-0.84330151,-0.12521306
1283,0.00812402,-0.26716218,-1.00000000,-0.98706416,-0.14613989
1284,-0.00465488,-0.16540867,1.00000000,-0.85134908,-0.13961535
1285,0.07400774,-0.23490371,1.00000000,-0.96174777,-0.06905181
1286,0.06654916,-0.27280848,-1.00000000,-0.97809454,0.05095962
1287,-0.00941098,-0.03947949,1.00000000,-0.65130005,-0.01997994
1288,-0.03667342,-0.06160309,1.00000000,-0.68644525,-0.09755809
1289,0.00816568,-0.28691602,-1.00000000,-0.95568353,-0.07535603
1290,0.02456937,-0.36778184,-1.00000000,-0.82722143,-0.16097113
1291,0.02797164,-0.23478015,1.00000000,-0.96155149,-0.22777792
1292,0.01418260,-0.18612354,1.00000000,-0.88425639,-0.18691964
1293,-0.00227020,-0.17603172,1.00000000,-0.86822469,-0.12734172
1294,0.01583993,-0.21693275,1.00000000,-0.93319940,-0.11405180
1295,-0.03007955,-0.26573503,-1.00000000,-0.98933131,-0.20869029
1296,-0.01174258,-0.21201680,1.00000000,-0.92538999,-0.27746556
1297,-0.07094633,-0.34822311,-1.00000000,-0.85829209,-0.42488793
1298,0.00461546,-0.29383201,-1.00000000,-0.94469691,-0.41296367
1299,-0.00077847,-0.46944211,-1.00000000,-0.66572558,-0.44174264
1300,-0.01376875,-0.24531081,1.00000000,-0.97828031,-0.41349635
1301,0.02118383,-0.26131027,-1.00000000,-0.99636041,-0.35647590
1302,-0.01824903,-0.29984204,-1.00000000,-0.93514947,-0.26521715
1303,0.01469754,-0.19616572,1.00000000,-0.90020922,-0.24775746
1304,0.01077947,-0.31313145,-1.00000000,-0.91403814,-0.22774195
1305,0.00722483,-0.21540534,1.00000000,-0.93077298,-0.19138622
1306,-0.00593571,-0.22702711,1.00000000,-0.94923513,-0.23835059
1307,0.02826908,-0.23757088,1.00000000,-0.96598478,-0.15779264
1308,0.00585644,-0.27660766,-1.00000000,-0.97205922,-0.17310326
1309,-0.00178999,-0.17514944,1.00000000,-0.86682311,-0.19487047
1310,0.00630431,-0.24162981,1.00000000,-0.97243274,-0.19646459
1311,0.02869907,-0.26431064,-1.00000000,-0.99159407,-0.13648567
1312,-0.03433404,-0.24030132,1.00000000,-0.97032233,-0.24489889
1313,0.00551821,-0.17387401,1.00000000,-0.86479698,-0.24548461
1314,0.01470656,-0.36084278,-1.00000000,-0.83824470,-0.21691665
1315,-0.01437114,-0.24263306,1.00000000,-0.97402649,-0.25272145
1316,0.01247755,-0.21537860,1.00000000,-0.93073049,-0.28081314
1317,-0.00140364,-0.30162883,-1.00000000,-0.93231100,-0.22378578
1318,-0.02693820,-0.22199028,1.00000000,-0.94123370,-0.27999230
1319,0.00497343,-0.26316465,-1.00000000,-0.99341457,-0.29684768
1320,0.01353659,-0.33890523,-1.00000000,-0.87309433,-0.24851836
1321,-0.00664163,-0.24424900,1.00000000,-0.97659354,-0.28162807
1322,-0.05118660,-0.21884896,1.00000000,-0.93624344,-0.36783993
1323,-0.03186425,-0.27870156,-1.00000000,-0.96873289,-0.37637065
1324,-0.00885788,-0.41083083,-1.00000000,-0.75883450,-0.40032306
1325,-0.00898100,-0.35351690,-1.00000000,-0.84988247,-0.43931798
1326,-0.01556137,-0.28527540,-1.00000000,-0.95828980,-0.45476479
1327,0.02913317,-0.28564060,-1.00000000,-0.95770965,-0.31567069
1328,-0.02321690,-0.30515929,-1.00000000,-0.92670257,-0.30069560
1329,0.01102062,-0.17258639,1.00000000,-0.86275149,-0.26627093
1330,-0.00645406,-0.32786713,-1.00000000,-0.89062927,-0.26189489
1331,0.03773618,-0.22631181,1.00000000,-0.94809881,-0.16959665
1332,0.05469780,-0.27814519,-1.00000000,-0.96961673,-0.12532500
1333,-0.00332357,-0.14706816,1.00000000,-0.82221365,-0.09087463
1334,-0.05992934,-0.09675661,1.00000000,-0.74228955,-0.21374253
1335,0.00206530,-0.26885954,-1.00000000,-0.98436777,-0.19898910
1336,-0.01216005,-0.43676354,-1.00000000,-0.71763822,-0.28539710
1337,-0.00900463,-0.25287509,1.00000000,-0.99029680,-0.39571404
1338,-0.01591436,-0.29507031,-1.00000000,-0.94272977,-0.41751820
1339,0.00375963,-0.28571071,-1.00000000,-0.95759827,-0.30722455
1340,-0.05265278,-0.30620633,-1.00000000,-0.92503927,-0.40198280
1341,0.00114842,-0.24784935,1.00000000,-0.98231299,-0.37893580
1342,-0.00116926,-0.41517980,-1.00000000,-0.75192581,-0.36536686
1343,-0.01108030,-0.25559474,1.00000000,-0.99461720,-0.35699546
1344,0.00457401,-0.26246943,-1.00000000,-0.99451899,-0.35558516
1345,-0.02569159,-0.29186755,-1.00000000,-0.94781762,-0.30889502
1346,0.00941482,-0.24543374,1.00000000,-0.97847561,-0.29457964
1347,0.06798688,-0.33520756,-1.00000000,-0.87896839,-0.17481822
1348,0.02605551,-0.23107494,1.00000000,-0.95566545,-0.11050813
1349,0.00536312,-0.05733855,1.00000000,-0.67967066,-0.10914160
1350,-0.01777985,-0.18171535,1.00000000,-0.87725361,-0.09544040
1351,-0.00261579,-0.24309311,1.00000000,-0.97475731,-0.11627446
1352,0.01290599,-0.31173975,-1.00000000,-0.91624897,-0.21166103
1353,0.00851748,-0.26676013,-1.00000000,-0.98770285,-0.24203258
1354,-0.02644249,-0.22071944,1.00000000,-0.93921487,-0.29711207
1355,-0.03285973,-0.23373664,1.00000000,-0.95989378,-0.32322672
1356,-0.01076800,-0.33743487,-1.00000000,-0.87543012,-0.33734434
1357,0.00767051,-0.35646968,-1.00000000,-0.84519173,-0.34641090
1358,-0.03884259,-0.29094120,-1.00000000,-0.94928920,-0.42842689
1359,0.01215560,-0.23624892,1.00000000,-0.96388474,-0.36158449
1360,0.03463485,-0.37421604,-1.00000000,-0.81700016,-0.24470047
1361,-0.01767240,-0.22294524,1.00000000,-0.94275073,-0.25665720
1362,-0.10387598,-0.15626731,1.00000000,-0.83682727,-0.44982830
1363,-0.03245058,-0.31142104,-1.00000000,-0.91675526,-0.43875890
1364,0.01033296,-0.56711803,-1.00000000,-0.51055922,-0.44191527
1365,0.02961855,-0.35525605,-1.00000000,-0.84711969,-0.45060227
1366,0.04208888,-0.22835157,1.00000000,-0.95133914,-0.34711042
1367,0.00432111,-0.17114666,1.00000000,-0.86046436,-0.15973966
1368,-0.04718752,-0.13415717,1.00000000,-0.80170347,-0.18526042
1369,0.00261855,-0.24618389,1.00000000,-0.97966727,-0.19861987
1370,-0.04034098,-0.39896877,-1.00000000,-0.77767838,-0.31977258
1371,-0.01393949,-0.25123403,1.00000000,-0.98768984,-0.41679994
1372,0.04644092,-0.37866056,-1.00000000,-0.80993966,-0.34385879
1373,-0.00364995,-0.30034848,-1.00000000,-0.93434494,-0.26846242
1374,-0.00318028,-0.12124815,1.00000000,-0.78119641,-0.27850457
1375,-0.00639689,-0.26982765,-1.00000000,-0.98282984,-0.21972175
1376,0.00731112,-0.26843452,-1.00000000,-0.98504295,-0.18292092
1377,0.02292499,-0.27797563,-1.00000000,-0.96988609,-0.22364472
1378,-0.02564663,-0.23731494,1.00000000,-0.96557820,-0.26173758
1379,0.00757260,-0.19100108,1.00000000,-0.89200476,-0.24311624
1380,-0.03664824,-0.33507420,-1.00000000,-0.87918024,-0.29550414
1381,0.01202308,-0.23653933,1.00000000,-0.96434609,-0.28734417
1382,0.02438771,-0.36770716,-1.00000000,-0.82734005,-0.28481110
1383,-0.05010169,-0.22333831,1.00000000,-0.94337516,-0.32716124
1384,-0.06192554,-0.18666236,1.00000000,-0.88511235,-0.44751493
1385,0.00507773,-0.40761276,-1.00000000,-0.76394667,-0.37525580
1386,0.00039363,-0.44268465,-1.00000000,-0.70823205,-0.39539515
1387,-0.02417773,-0.24393961,1.00000000,-0.97610204,-0.47949855
1388,0.00948668,-0.25783359,1.00000000,-0.99817379,-0.37630615
1389,-0.01827376,-0.33071713,-1.00000000,-0.88610181,-0.30071201
1390,0.00486543,-0.23086180,1.00000000,-0.95532686,-0.30107966
1391,0.03365110,-0.31320479,-1.00000000,-0.91392163,-0.24348591
1392,0.01395516,-0.24456933,1.00000000,-0.97710241,-0.17744912
1393,0.08215764,-0.15918532,1.00000000,-0.84146277,-0.05160088
1394,-0.01573483,-0.21760738,1.00000000,-0.93427110,-0.04720409
1395,-0.01889353,-0.01530526,1.00000000,-0.61289727,-0.08834878
1396,-0.01271473,-0.30567382,-1.00000000,-0.92588520,-0.16864298
1397,0.00645387,-0.31504316,-1.00000000,-0.91100122,-0.18163338
1398,0.00625100,-0.29671559,-1.00000000,-0.94011610,-0.31308501
1399,0.06701050,-0.23985771,1.00000000,-0.96961761,-0.16979043
1400,-0.00630091,-0.24045947,1.00000000,-0.97057356,-0.14798311
1401,-0.03248059,-0.06023467,1.00000000,-0.68427139,-0.18221273
1402,-0.04941487,-0.27769094,-1.00000000,-0.97033835,-0.27896365
1403,0.00930747,-0.35534509,-1.00000000,-0.84697824,-0.27367058
1404,0.05577918,-0.40557552,-1.00000000,-0.76718300,-0.29312047
1405,-0.01469511,-0.23139335,1.00000000,-0.95617127,-0.30765715
1406,-0.04492765,-0.09354901,1.00000000,-0.73719400,-0.32921239
1407,-0.00906361,-0.30258979,-1.00000000,-0.93078443,-0.25933393
1408,-0.02218383,-0.39226554,-1.00000000,-0.78832702,-0.31386913
1409,0.02519995,-0.28588564,-1.00000000,-0.95732037,-0.36682484
1410,-0.07545075,-0.32480283,-1.00000000,-0.89549717,-0.47203868
1411,-0.00482335,-0.18425310,1.00000000,-0.88128503,-0.40258789
1412,-0.04301621,-0.48280314,-1.00000000,-0.64450047,-0.46138544
1413,-0.01565378,-0.27330819,-1.00000000,-0.97730071,-0.45007701
1414,0.00555621,-0.38659582,-1.00000000,-0.79733384,-0.48409514
1415,-0.00020508,-0.30543341,-1.00000000,-0.92626711,-0.35378812
1416,0.01302111,-0.24252034,1.00000000,-0.97384742,-0.32288591
1417,0.02592780,-0.25960947,-1.00000000,-0.99906227,-0.20349184
1418,-0.02150694,-0.22037797,1.00000000,-0.93867242,-0.21362806
1419,-0.04851563,-0.18209416,1.00000000,-0.87785538,-0.30726721
1420,-0.01753471,-0.32279503,-1.00000000,-0.89868673,-0.33727788
1421,-0.01706586,-0.40290821,-1.00000000,-0.77142025,-0.38938111
1422,0.03874735,-0.31101263,-1.00000000,-0.91740406,-0.36718079
1423,0.03680694,-0.30962191,-1.00000000,-0.91961333,-0.26619549
1424,-0.00722909,-0.14406881,1.00000000,-0.81744894,-0.19469735
1425,0.00941559,-0.14982445,1.00000000,-0.82659225,-0.14802605
1426,0.01830523,-0.28044409,-1.00000000,-0.96596473,-0.08677202
1427,0.01408222,-0.23107266,1.00000000,-0.95566182,-0.12948596
1428,0.03634344,-0.20470421,1.00000000,-0.91377333,-0.13028862
1429,0.02412759,-0.21723050,1.00000000,-0.93367240,-0.07598656
1430,-0.07471285,-0.15119928,1.00000000,-0.82877628,-0.22167634
1431,-0.00929505,-0.18743393,1.00000000,-0.88633805,-0.26947324
1432,0.04520491,-0.48061438,-1.00000000,-0.64797750,-0.21557639
1433,0.01068794,-0.28657213,-1.00000000,-0.95622983,-0.26000542
1434,-0.01083877,-0.12491442,1.00000000,-0.78702058,-0.32055856
1435,0.00772784,-0.22729862,1.00000000,-0.94966645,-0.17779155
1436,0.00786748,-0.29115111,-1.00000000,-0.94895574,-0.14807027
1437,-0.00840899,-0.23607887,1.00000000,-0.96361460,-0.24091635
1438,0.03724579,-0.23566465,1.00000000,-0.96295658,-0.19492469
1439,-0.00119468,-0.28394391,-1.00000000,-0.96040498,-0.17822350
1440,0.00716240,-0.14852275,1.00000000,-0.82452439,-0.17920270
1441,-0.03189950,-0.26254483,-1.00000000,-0.99439922,-0.24806934
1442,0.05789591,-0.23775607,1.00000000,-0.96627898,-0.13324556
1443,-0.01020142,-0.35362146,-1.00000000,-0.84971637,-0.21541245
1444,-0.01375429,-0.08727037,1.00000000,-0.72721986,-0.23716261
1445,-0.03026803,-0.28926061,-1.00000000,-0.95195896,-0.30198291
1446,0.01366139,-0.29979912,-1.00000000,-0.93521765,-0.22308265
1447,-0.01101493,-0.34878220,-1.00000000,-0.85740394,-0.34241929
1448,-0.05541155,-0.21847878,1.00000000,-0.93565539,-0.42071212
1449,-0.04201260,-0.29167365,-1.00000000,-0.94812564,-0.46964857
1450,-0.04348681,-0.42336286,-1.00000000,-0.73892632,-0.49254024
1451,0.06033983,-0.38361891,-1.00000000,-0.80206290,-0.41170465
1452,-0.00067646,-0.38799172,-1.00000000,-0.79511634,-0.39380096
1453,-0.00255446,-0.08002122,1.00000000,-0.71570399,-0.30226549
1454,-0.01034315,-0.26100768,-1.00000000,-0.99684110,-0.24742178
1455,0.01443099,-0.26657822,-1.00000000,-0.98799183,-0.14712240
1456,-0.00319876,-0.28968101,-1.00000000,-0.95129111,-0.25715561
1457,-0.02316841,-0.21619599,1.00000000,-0.93202899,-0.29610613
1458,-0.00769561,-0.26848933,-1.00000000,-0.98495588,-0.30500933
1459,0.04708095,-0.32772328,-1.00000000,-0.89085779,-0.20556491
1460,0.01300632,-0.28182787,-1.00000000,-0.96376648,-0.20803208
1461,-0.07944577,-0.11934969,1.00000000,-0.77818055,-0.34007316
1462,0.00487354,-0.22042184,1.00000000,-0.93874211,-0.29151140
1463,0.00976087,-0.49465316,-1.00000000,-0.62567573,-0.26128108
1464,-0.02111445,-0.24454527,1.00000000,-0.97706420,-0.37937876
1465,-0.02313610,-0.23004849,1.00000000,-0.95403485,-0.44196854
1466,-0.03406354,-0.32163085,-1.00000000,-0.90053613,-0.36337767
1467,-0.00703190,-0.32762746,-1.00000000,-0.89101001,-0.38399496
1468,0.00736360,-0.36004041,-1.00000000,-0.83951932,-0.38814645
1469,-0.00279956,-0.27985918,-1.00000000,-0.96689392,-0.35642955
1470,-0.00167268,-0.23715928,1.00000000,-0.96533092,-0.31926018
1471,0.02232327,-0.26730522,-1.00000000,-0.98683693,-0.22161209
1472,0.00505755,-0.26396267,-1.00000000,-0.99214684,-0.20067615
1473,0.01086483,-0.19278591,1.00000000,-0.89484012,-0.19461289
1474,0.01064840,-0.24399949,1.00000000,-0.97619717,-0.17132433
1475,0.03357783,-0.22677394,1.00000000,-0.94883294,-0.11027911
1476,0.02929851,-0.22741589,1.00000000,-0.94985274,-0.09819970
1477,0.00662353,-0.15940264,1.00000000,-0.84180800,-0.09548779
1478,-0.02148638,-0.17209595,1.00000000,-0.86197238,-0.15151212
1479,0.00409969,-0.23935445,1.00000000,-0.96881814,-0.16285289
1480,-0.02134612,-0.32273405,-1.00000000,-0.89878361,-0.25796766
1481,-0.00391579,-0.24684069,1.00000000,-0.98071066,-0.31548668
1482,-0.05620664,-0.32231801,-1.00000000,-0.89944452,-0.42429309
1483,-0.01623025,-0.27061620,-1.00000000,-0.98157716,-0.41519076
1484,-0.00138764,-0.42572125,-1.00000000,-0.73517982,-0.42469347
1485,-0.00269802,-0.30714332,-1.00000000,-0.92355077,-0.39239955
1486,0.00476431,-0.26311720,-1.00000000,-0.99348994,-0.37736774
1487,-0.05132995,-0.26700403,-1.00000000,-0.98731540,-0.36892252
1488,0.00579639,-0.24486928,1.00000000,-0.97757891,-0.33077779
1489,0.05759532,-0.41125602,-1.00000000,-0.75815904,-0.22863380
1490,0.03795563,-0.24180792,1.00000000,-0.97271568,-0.15823167
1491,0.00261616,-0.08816198,1.00000000,-0.72863626,-0.16195173
1492,0.03236005,-0.14641721,1.00000000,-0.82117956,-0.01702123
1493,-0.02080546,-0.25124111,1.00000000,-0.98770109,-0.06308910
1494,0.04207487,-0.16301482,1.00000000,-0.84754625,-0.08996670
1495,0.06130492,-0.32071431,-1.00000000,-0.90199212,-0.04953146
1496,-0.00637919,-0.13419872,1.00000000,-0.80176947,-0.06510921
1497,-0.04213192,-0.07715855,1.00000000,-0.71115640,-0.19411099
1498,-0.00777743,-0.27792313,-1.00000000,-0.96996949,-0.17154964
1499,0.00925393,-0.38397284,-1.00000000,-0.80150066,-0.22838745
1500,-0.03746420,-0.28207058,-1.00000000,-0.96338092,-0.39943129
1501,0.03568937,-0.23155218,1.00000000,-0.95642359,-0.32657889
1502,0.02251021,-0.37012746,-1.00000000,-0.82349521,-0.21463462
1503,-0.02260497,-0.15313940,1.00000000,-0.83185832,-0.24031227
1504,0.01482958,-0.19223142,1.00000000,-0.89395926,-0.23065662
1505,0.00056956,-0.32605202,-1.00000000,-0.89351273,-0.16479150
1506,0.02920760,-0.21501369,1.00000000,-0.93015081,-0.17601633
1507,0.06369728,-0.25731176,1.00000000,-0.99734482,-0.10469044
1508,-0.00203012,-0.17236561,1.00000000,-0.86240077,-0.06905985
1509,-0.00052198,-0.07006235,1.00000000,-0.69988348,-0.09564497
1510,-0.03843891,-0.26502290,-1.00000000,-0.99046258,-0.16319805
1511,0.02932883,-0.26054946,-1.00000000,-0.99756902,-0.16298812
1512,-0.01251095,-0.37301865,-1.00000000,-0.81890230,-0.29496204
1513,0.02624030,-0.17200603,1.00000000,-0.86182954,-0.24600464
1514,-0.00452819,-0.29611114,-1.00000000,-0.94107631,-0.25294240
1515,-0.04573304,-0.18116723,1.00000000,-0.87638288,-0.26557404
1516,-0.05168504,-0.27243267,-1.00000000,-0.97869154,-0.40587013
1517,0.03275178,-0.39465449,-1.00000000,-0.78453197,-0.32748621
1518,-0.05877704,-0.41230929,-1.00000000,-0.75648585,-0.47471533
1519,-0.00112991,-0.16185287,1.00000000,-0.84570040,-0.46883036
1520,0.02644270,-0.43334558,-1.00000000,-0.72306793,-0.34383972
1521,-0.01065802,-0.26235272,-1.00000000,-0.99470439,-0.27279101
1522,-0.05577811,-0.18056685,1.00000000,-0.87542912,-0.42610301
1523,-0.06029326,-0.29061499,-1.00000000,-0.94980742,-0.42872873
1524,-0.01560818,-0.42445015,-1.00000000,-0.73719908,-0.45380153
1525,0.01895593,-0.43784300,-1.00000000,-0.71592341,-0.46676678
1526,0.00387010,-0.30529814,-1.00000000,-0.92648200,-0.44160765
1527,0.06205326,-0.20277411,1.00000000,-0.91070721,-0.23755270
1528,0.01060207,-0.24752170,1.00000000,-0.98179249,-0.11477942
1529,-0.03885242,-0.07493885,1.00000000,-0.70763021,-0.15503274
1530,0.01571259,-0.22755333,1.00000000,-0.95007107,-0.16064941
1531,-0.01505914,-0.37424521,-1.00000000,-0.81695382,-0.19343019
1532,-0.00697951,-0.21239452,1.00000000,-0.92599003,-0.31297797
1533,0.00389044,-0.30366957,-1.00000000,-0.92906912,-0.32460087
1534,0.02550078,-0.27970379,-1.00000000,-0.96714076,-0.21315694
1535,-0.03894920,-0.24746136,1.00000000,-0.98169664,-0.30781772
1536,-0.00203249,-0.18336079,1.00000000,-0.87986752,-0.28525876
1537,0.00935770,-0.37453227,-1.00000000,-0.81649779,-0.25696672
1538,0.00173301,-0.26502993,-1.00000000,-0.99045142,-0.26070286
1539,0.03433769,-0.23124436,1.00000000,-0.95593458,-0.24539950
1540,-0.02900969,-0.25386072,1.00000000,-0.99186257,-0.22818670
1541,-0.01685048,-0.15714873,1.00000000,-0.83822748,-0.25384783
1542,-0.01886969,-0.34504969,-1.00000000,-0.86333333,-0.30273074
1543,-0.04296168,-0.30898307,-1.00000000,-0.92062818,-0.38013096
1544,0.02947113,-0.31497244,-1.00000000,-0.91111356,-0.38855865
1545,0.00360588,-0.38643407,-1.00000000,-0.79759079,-0.33207650
1546,0.00534470,-0.17158394,1.00000000,-0.86115902,-0.29363990
1547,0.02362784,-0.24830540,1.00000000,-0.98303748,-0.22004463
1548,0.01505675,-0.24314774,1.00000000,-0.97484410,-0.11957097
1549,0.01249519,-0.18891629,1.00000000,-0.88869291,-0.14896912
1550,-0.01957771,-0.21433986,1.00000000,-0.92908037,-0.18911741
1551,-0.00809146,-0.22193796,1.00000000,-0.94115058,-0.21238553
1552,0.02801913,-0.31707256,-1.00000000,-0.90777735,-0.20478089
1553,-0.00045224,-0.28300206,-1.00000000,-0.96190118,-0.23163866
1554,-0.01902465,-0.17589085,1.00000000,-0.86800090,-0.28622326
1555,0.01411316,-0.26034262,-1.00000000,-0.99789760,-0.22787896
1556,-0.03851646,-0.31543207,-1.00000000,-0.91038341,-0.28056758
1557,-0.01327255,-0.21713874,1.00000000,-0.93352662,-0.35207462
1558,-0.01468074,-0.37324866,-1.00000000,-0.81853692,-0.37671487
1559,-0.01463668,-0.29837020,-1.00000000,-0.93748761,-0.36911600
1560,0.00820599,-0.30254718,-1.00000000,-0.93085214,-0.37934575
1561,0.09307533,-0.30241649,-1.00000000,-0.93105975,-0.15146113
1562,-0.02122247,-0.23466056,1.00000000,-0.96136151,-0.16522843
1563,0.04994734,0.01707880,1.00000000,-0.56145248,-0.05330849
1564,0.01443238,-0.32195125,-1.00000000,-0.90002714,-0.00296803
1565,-0.04162039,-0.11084742,1.00000000,-0.76467397,-0.08925507
1566,0.01104426,-0.21619187,1.00000000,-0.93202244,-0.23131272
1567,-0.05019010,-0.38245554,-1.00000000,-0.80391103,-0.28147754
1568,-0.01964194,-0.22624170,1.00000000,-0.94798744,-0.40198905
1569,-0.00851752,-0.40787502,-1.00000000,-0.76353005,-0.44173263
1570,-0.02907096,-0.31726307,-1.00000000,-0.90747471,-0.42000011
1571,-0.01781326,-0.28426584,-1.00000000,-0.95989357,-0.46997423
1572,-0.09049124,-0.34523144,-1.00000000,-0.86304462,-0.53976590
1573,-0.02859364,-0.31183885,-1.00000000,-0.91609154,-0.55526805
1574,-0.08366631,-0.52741623,-1.00000000,-0.57362885,-0.68540728
1575,-0.00002409,-0.34381560,-1.00000000,-0.86529380,-0.63510523
1576,-0.04456039,-0.50717213,-1.00000000,-0.60578830,-0.68142469
1577,0.04632694,-0.25907262,-1.00000000,-0.99991510,-0.44448924
1578,-0.02344450,-0.39117616,-1.00000000,-0.79005759,-0.43557219
1579,-0.10086870,-0.12158625,1.00000000,-0.78173351,-0.46536250
1580,0.08833548,-0.32854222,-1.00000000,-0.88955683,-0.31234546
1581,0.02866316,-0.55819784,-1.00000000,-0.52472968,-0.18554028
1582,0.08833164,0.00301945,1.00000000,-0.58378693,-0.11279846
1583,-0.08025165,-0.17398053,1.00000000,-0.86496621,-0.21117448
1584,0.00040316,0.00300807,1.00000000,-0.58380502,-0.03579652
1585,-0.23736456,-0.49704355,-1.00000000,-0.62187839,-0.59982890
1586,0.11745474,-0.25780533,1.00000000,-0.99812891,-0.44606371
1587,0.07721141,-0.96307174,-1.00000000,0.11844634,-0.46532120
1588,0.11852081,0.08939300,1.00000000,-0.44657534,-0.12109618
1589,-0.00164304,-0.02997674,1.00000000,-0.63620415,-0.12463968
1590,0.00548267,0.09255516,1.00000000,-0.44155197,0.29591200
1591,0.08089328,-0.26387475,-1.00000000,-0.99228652,0.23259653
1592,-0.01788143,-0.24273849,1.00000000,-0.97419398,0.06791910
1593,0.07128475,-0.01905560,1.00000000,-0.61885500,-0.01388213
1594,-0.02971219,-0.31204106,-1.00000000,-0.91577031,-0.06249101
1595,-0.01083198,-0.04755639,1.00000000,-0.66413089,-0.09074396
1596,0.02105685,-0.34713345,-1.00000000,-0.86002311,-0.19436593
1597,-0.04805957,-0.29113098,-1.00000000,-0.94898772,-0.24662705
1598,0.00501742,-0.19654235,1.00000000,-0.90080754,-0.36138578
1599,0.08135262,-0.40155544,-1.00000000,-0.77356924,-0.16904883
1600,-0.03822929,-0.24411851,1.00000000,-0.97638624,-0.21649424
1601,0.03695389,-0.01769309,1.00000000,-0.61669054,-0.18896448
1602,0.02380690,-0.37239686,-1.00000000,-0.81989007,-0.06450942
1603,0.13331746,-0.14938858,1.00000000,-0.82589983,0.15767471
1604,-0.03068676,-0.18838517,1.00000000,-0.88784917,-0.03634995
1605,-0.00694089,0.13644498,1.00000000,-0.37182933,0.01783385
1606,0.04847380,-0.35002421,-1.00000000,-0.85543089,0.03778351
1607,0.03006284,-0.27958925,-1.00000000,-0.96732272,0.04861725
1608,0.00035937,-0.11521823,1.00000000,-0.77161737,-0.18163348
1609,0.01829263,-0.16982881,1.00000000,-0.85837085,-0.09681323
1610,-0.02160011,-0.25793521,1.00000000,-0.99833524,-0.12219939
1611,-0.05661466,-0.20474160,1.00000000,-0.91383274,-0.30418677
1612,-0.01235797,-0.32307141,-1.00000000,-0.89824768,-0.37764918
1613,0.04388162,-0.42693154,-1.00000000,-0.73325718,-0.30227934
1614,-0.03282645,-0.29565738,-1.00000000,-0.94179715,-0.39080501
1615,-0.05698634,-0.12883956,1.00000000,-0.79325599,-0.45208526
1616,0.01301006,-0.35637095,-1.00000000,-0.84534857,-0.33151235
1617,0.01705111,-0.42803402,-1.00000000,-0.73150579,-0.28058305
1618,-0.01125753,-0.22041073,1.00000000,-0.93872446,-0.37607049
1619,0.00215745,-0.20842418,1.00000000,-0.91968282,-0.31548698
1620,0.00010340,-0.29239324,-1.00000000,-0.94698252,-0.21662157
1621,-0.00220068,-0.25260174,1.00000000,-0.98986257,-0.24296284
1622,0.02342163,-0.25869446,1.00000000,-0.99954136,-0.23193067
1623,0.01571527,-0.26552883,-1.00000000,-0.98965888,-0.18522042
1624,-0.00241141,-0.18952796,1.00000000,-0.88966460,-0.19313256
1625,0.00584979,-0.21238654,1.00000000,-0.92597737,-0.18318123
1626,-0.06554923,-0.26615389,-1.00000000,-0.98866592,-0.29288535
1627,0.05298088,-0.24164953,1.00000000,-0.97246406,-0.24169599
1628,-0.02025554,-0.45343326,-1.00000000,-0.69115698,-0.30398859
1629,-0.00325450,-0.10184932,1.00000000,-0.75037974,-0.30544863
1630,-0.06467546,-0.31908314,-1.00000000,-0.90458337,-0.42758103
1631,-0.00276888,-0.26865468,-1.00000000,-0.98469320,-0.31886089
1632,0.01855593,-0.45084148,-1.00000000,-0.69527424,-0.37847645
1633,0.01861466,-0.26721423,-1.00000000,-0.98698147,-0.31116282
1634,-0.02914391,-0.20396059,1.00000000,-0.91259204,-0.35599691
1635,0.00783310,-0.20378638,1.00000000,-0.91231528,-0.23042991
1636,0.02481922,-0.34544783,-1.00000000,-0.86270086,-0.18265410
1637,-0.01736539,-0.23576663,1.00000000,-0.96311859,-0.24486099
1638,-0.01774971,-0.18538243,1.00000000,-0.88307907,-0.30783514
1639,-0.04529253,-0.31051038,-1.00000000,-0.91820192,-0.33580057
1640,-0.03210318,-0.31165035,-1.00000000,-0.91639098,-0.40496038
1641,0.00847648,-0.39334783,-1.00000000,-0.78660771,-0.43326199
1642,-0.00982084,-0.35422559,-1.00000000,-0.84875666,-0.42019669
1643,-0.01391858,-0.23385825,1.00000000,-0.96008697,-0.41356211
1644,0.01113537,-0.28813175,-1.00000000,-0.95375225,-0.31584286
1645,0.02831817,-0.30028644,-1.00000000,-0.93444350,-0.21120794
1646,0.00929822,-0.22597145,1.00000000,-0.94755812,-0.20978489
1647,0.00963265,-0.17500384,1.00000000,-0.86659181,-0.17609623
1648,-0.04391684,-0.23142080,1.00000000,-0.95621488,-0.22804585
1649,-0.01757081,-0.23042883,1.00000000,-0.95463904,-0.27775789
1650,0.01109991,-0.38926726,-1.00000000,-0.79309003,-0.30757569
1651,0.02659763,-0.31111969,-1.00000000,-0.91723398,-0.27761736
1652,0.01465539,-0.22607664,1.00000000,-0.94772522,-0.26891919
1653,0.05620124,-0.18010730,1.00000000,-0.87469909,-0.09553930
1654,-0.02609396,-0.21553036,1.00000000,-0.93097157,-0.11029931
1655,0.03139748,-0.09229710,1.00000000,-0.73520525,-0.07514891
1656,-0.03052060,-0.33640107,-1.00000000,-0.87707240,-0.17406365
1657,-0.03908505,-0.16587000,1.00000000,-0.85208195,-0.26712889
1658,0.02266202,-0.34953136,-1.00000000,-0.85621384,-0.32521057
1659,-0.02915786,-0.37493523,-1.00000000,-0.81585766,-0.33051649
1660,-0.04509465,-0.19178111,1.00000000,-0.89324391,-0.46298205
1661,0.01885224,-0.34548920,-1.00000000,-0.86263515,-0.37748043
1662,0.02181260,-0.39276090,-1.00000000,-0.78754009,-0.27202066
1663,0.00410390,-0.20308167,1.00000000,-0.91119580,-0.30415877
1664,0.09903586,-0.19430065,1.00000000,-0.89724641,-0.08215876
1665,-0.02990479,-0.24682820,1.00000000,-0.98069081,-0.05585364
1666,0.02066227,0.03475892,1.00000000,-0.53336614,-0.05271911
1667,0.01999110,-0.34770473,-1.00000000,-0.85911559,-0.05587352
1668,-0.02714569,-0.19771276,1.00000000,-0.90266683,-0.10999011
1669,0.00217504,-0.19970360,1.00000000,-0.90582945,-0.27772924
1670,-0.00105281,-0.33952069,-1.00000000,-0.87211663,-0.22776471
1671,-0.02966934,-0.25254957,1.00000000,-0.98977969,-0.31492669
1672,0.02180442,-0.26212402,-1.00000000,-0.99506769,-0.31178645
1673,0.00415680,-0.34700635,-1.00000000,-0.86022503,-0.25757825
1674,0.02722100,-0.19432491,1.00000000,-0.89728495,-0.21420481
1675,0.01372991,-0.24667129,1.00000000,-0.98044155,-0.18860476
1676,0.02136366,-0.17825827,1.00000000,-0.87176175,-0.10022815
1677,-0.04434821,-0.21827552,1.00000000,-0.93533249,-0.21478825
1678,-0.05343895,-0.19563230,1.00000000,-0.89936185,-0.31452993
1679,0.00041834,-0.39054681,-1.00000000,-0.79105736,-0.36094555
1680,-0.01989339,-0.41751175,-1.00000000,-0.74822130,-0.41917285
1681,0.00950808,-0.25776030,1.00000000,-0.99805737,-0.43970380
1682,0.03204546,-0.31800894,-1.00000000,-0.90628984,-0.30740874
1683,0.01633423,-0.23079832,1.00000000,-0.95522601,-0.18657873
1684,0.02774398,-0.16394796,1.00000000,-0.84902862,-0.13925744
1685,0.00795309,-0.21055058,1.00000000,-0.92306078,-0.09103418
1686,-0.02674049,-0.17670700,1.00000000,-0.86929743,-0.15380780
1687,0.01286839,-0.23541072,1.00000000,-0.96255320,-0.18701776
1688,0.00774198,-0.33831881,-1.00000000,-0.87402591,-0.20189744
1689,0.04832752,-0.22083097,1.00000000,-0.93939204,-0.16625182
1690,-0.01216244,-0.23603693,1.00000000,-0.96354798,-0.20108698
1691,0.00207077,-0.11565213,1.00000000,-0.77230667,-0.15119295
1692,0.00410240,-0.29507741,-1.00000000,-0.94271849,-0.16637349
1693,0.04260406,-0.25285885,1.00000000,-0.99027101,-0.10600093
1694,0.01775006,-0.24683264,1.00000000,-0.98069787,-0.15895356
1695,-0.01547988,-0.13262904,1.00000000,-0.79927591,-0.16469854
1696,-0.00036195,-0.20635095,1.00000000,-0.91638931,-0.16891141
1697,0.01619803,-0.30491757,-1.00000000,-0.92708656,-0.14796475
1698,-0.01368072,-0.26007478,-1.00000000,-0.99832309,-0.24543616
1699,0.04280292,-0.21095459,1.00000000,-0.92370259,-0.20205077
1700,-0.02613246,-0.29958092,-1.00000000,-0.93556428,-0.22049842
1701,-0.07237082,-0.13203918,1.00000000,-0.79833885,-0.34520008
1702,0.00783097,-0.33651525,-1.00000000,-0.87689101,-0.35968977
1703,0.07844628,-0.47366744,-1.00000000,-0.65901329,-0.20014845
1704,-0.00942135,-0.23577296,1.00000000,-0.96312863,-0.29058806
1705,0.00016190,-0.02631387,1.00000000,-0.63038537,-0.24505269
1706,-0.05151750,-0.28694679,-1.00000000,-0.95563466,-0.20893986
1707,0.01371277,-0.25852093,1.00000000,-0.99926570,-0.19875402
1708,-0.01305708,-0.41181234,-1.00000000,-0.75727529,-0.35721535
1709,-0.04139852,-0.21832635,1.00000000,-0.93541325,-0.41259194
1710,-0.01316409,-0.29773106,-1.00000000,-0.93850293,-0.43566929
1711,-0.03793626,-0.38179745,-1.00000000,-0.80495646,-0.41214992
1712,0.02729853,-0.29804849,-1.00000000,-0.93799868,-0.38862273
1713,0.00215866,-0.37152768,-1.00000000,-0.82127084,-0.36227282
1714,-0.03793536,-0.17802830,1.00000000,-0.87139642,-0.35627548
1715,0.04209283,-0.25259816,1.00000000,-0.98985688,-0.26058408
1716,-0.01825233,-0.37152502,-1.00000000,-0.82127506,-0.22649634
1717,0.01399933,-0.13414546,1.00000000,-0.80168486,-0.24952728
1718,0.02041074,-0.31314121,-1.00000000,-0.91402263,-0.21791916
1719,-0.03728211,-0.21747636,1.00000000,-0.93406297,-0.21678789
1720,0.03427283,-0.19845884,1.00000000,-0.90385205,-0.23033022
1721,-0.01496392,-0.36958735,-1.00000000,-0.82435321,-0.22463551
1722,-0.01644130,-0.15734114,1.00000000,-0.83853314,-0.27735121
1723,0.02741661,-0.30338715,-1.00000000,-0.92951776,-0.26521877
1724,0.01552742,-0.30776935,-1.00000000,-0.92255628,-0.17376564
1725,-0.00517850,-0.17767806,1.00000000,-0.87084003,-0.24208563
1726,0.01269209,-0.21294374,1.00000000,-0.92686252,-0.19419220
1727,0.02414218,-0.27436162,-1.00000000,-0.97562724,-0.12391159
1728,0.01292315,-0.22135389,1.00000000,-0.94022275,-0.14901069
1729,-0.03429049,-0.18739066,1.00000000,-0.88626931,-0.23528307
1730,0.03194278,-0.22066853,1.00000000,-0.93913400,-0.17099814
1731,-0.01353836,-0.36071360,-1.00000000,-0.83844991,-0.21642285
1732,0.01553746,-0.16425252,1.00000000,-0.84951245,-0.23132411
1733,-0.02471771,-0.29915866,-1.00000000,-0.93623508,-0.29650882
1734,-0.01935797,-0.21291397,1.00000000,-0.92681522,-0.27064937
1735,-0.01021348,-0.33231882,-1.00000000,-0.88355739,-0.34365365
1736,-0.01152668,-0.31642077,-1.00000000,-0.90881277,-0.34016991
1737,-0.02069028,-0.28929638,-1.00000000,-0.95190213,-0.40290745
1738,-0.03257532,-0.29319161,-1.00000000,-0.94571423,-0.41651489
1739,-0.02738987,-0.32037266,-1.00000000,-0.90253487,-0.43042417
1740,0.00366047,-0.35562605,-1.00000000,-0.84653190,-0.40639790
1741,0.00055252,-0.34024500,-1.00000000,-0.87096600,-0.38547969
1742,-0.01059267,-0.24814349,1.00000000,-0.98278026,-0.36799312
1743,0.02430485,-0.25736229,1.00000000,-0.99742510,-0.26949065
1744,0.01248210,-0.29042114,-1.00000000,-0.95011535,-0.20044220
1745,0.01980563,-0.18690814,1.00000000,-0.88550279,-0.17248276
1746,0.00940458,-0.22197678,1.00000000,-0.94121226,-0.15715316
1747,-0.00105794,-0.20025374,1.00000000,-0.90670339,-0.14064136
1748,-0.00086160,-0.23110531,1.00000000,-0.95571369,-0.18422346
1749,-0.03305607,-0.26213924,-1.00000000,-0.99504352,-0.26308437
1750,0.02048053,-0.26155685,-1.00000000,-0.99596870,-0.26191561
1751,0.00690118,-0.35705205,-1.00000000,-0.84426659,-0.26625089
1752,-0.00087903,-0.19825185,1.00000000,-0.90352322,-0.26594105
1753,0.01867299,-0.23853090,1.00000000,-0.96750987,-0.23211195
1754,0.01619007,-0.26160854,-1.00000000,-0.99588658,-0.14682975
1755,-0.01431526,-0.20361337,1.00000000,-0.91204044,-0.20708749
1756,0.00444376,-0.21097820,1.00000000,-0.92374010,-0.21134314
1757,-0.01729229,-0.30146307,-1.00000000,-0.93257432,-0.23976687
1758,0.01587649,-0.24582010,1.00000000,-0.97908937,-0.24460972
1759,0.00712704,-0.31029355,-1.00000000,-0.91854638,-0.26030465
1760,-0.00237710,-0.21190834,1.00000000,-0.92521770,-0.23963070
1761,-0.01319573,-0.23786094,1.00000000,-0.96644558,-0.27017795
1762,0.02308700,-0.26605212,-1.00000000,-0.98882759,-0.20025094
1763,-0.01358999,-0.29814233,-1.00000000,-0.93784960,-0.25127964
1764,0.00685121,-0.19052052,1.00000000,-0.89124136,-0.25175732
1765,-0.02614382,-0.29931180,-1.00000000,-0.93599181,-0.29291544
1766,-0.00946457,-0.23867913,1.00000000,-0.96774534,-0.28645400
1767,-0.02037447,-0.33654895,-1.00000000,-0.87683748,-0.36171858
1768,0.01757849,-0.28707498,-1.00000000,-0.95543101,-0.30774244
1769,0.00733279,-0.31943590,-1.00000000,-0.90402298,-0.30690845
1770,0.00679766,-0.20685988,1.00000000,-0.91719780,-0.24986190
1771,0.02246854,-0.23725065,1.00000000,-0.96547607,-0.19456160
1772,-0.00308227,-0.23883795,1.00000000,-0.96799763,-0.16461576
1773,0.00193393,-0.19235500,1.00000000,-0.89415558,-0.19170829
1774,0.02388446,-0.26814380,-1.00000000,-0.98550477,-0.16304488
1775,0.02393706,-0.25326476,1.00000000,-0.99091582,-0.13336366
1776,-0.00241455,-0.18815512,1.00000000,-0.88748372,-0.17645505
1777,0.00504069,-0.18799907,1.00000000,-0.88723583,-0.16238809
1778,0.02799543,-0.26616320,-1.00000000,-0.98865113,-0.11725597
1779,0.02354750,-0.24404950,1.00000000,-0.97627661,-0.11783949
1780,0.04720481,-0.17596114,1.00000000,-0.86811257,-0.07754548
1781,0.12343926,-0.18915460,1.00000000,-0.88907147,0.14040237
1782,-0.09495081,-0.11898231,1.00000000,-0.77759693,-0.03275832
1783,-0.10458956,0.10714427,1.00000000,-0.41837596,-0.26236294
1784,0.01730307,-0.54064420,-1.00000000,-0.55261511,-0.27317675
1785,-0.07885092,-0.56923466,-1.00000000,-0.50719678,-0.49147428
1786,0.15010078,-0.20767681,1.00000000,-0.91849555,-0.44530308
1787,-0.11281583,-0.49288872,-1.00000000,-0.62847868,-0.47624091
1788,0.05053006,0.18622765,1.00000000,-0.29274540,-0.20761186
1789,0.04910338,-0.59363541,-1.00000000,-0.46843414,-0.15254154
1790,-0.13807327,-0.10911895,1.00000000,-0.76192817,-0.25510009
1791,0.01070852,-0.11335076,1.00000000,-0.76865074,-0.49649321
1792,-0.01576423,-0.66855400,-1.00000000,-0.34941970,-0.32842370
1793,-0.00516317,-0.22723756,1.00000000,-0.94956945,-0.42487068
1794,-0.03000110,-0.30576103,-1.00000000,-0.92574665,-0.56186020
1795,0.01954330,-0.27431617,-1.00000000,-0.97569945,-0.28890705
1796,-0.01862858,-0.34799041,-1.00000000,-0.85866177,-0.33971170
1797,0.01554114,-0.20103186,1.00000000,-0.90793949,-0.28549848
1798,-0.01264808,-0.31425725,-1.00000000,-0.91224970,-0.29846051
1799,-0.04845176,-0.21290306,1.00000000,-0.92679789,-0.33041252
1800,0.03894062,-0.29651790,-1.00000000,-0.94043014,-0.29682113
1801,-0.01997700,-0.40271875,-1.00000000,-0.77172123,-0.29915627
1802,-0.00620020,-0.14349555,1.00000000,-0.81653826,-0.33680693
1803,0.06642334,-0.31825694,-1.00000000,-0.90589587,-0.19987467
1804,-0.05090958,-0.27739221,-1.00000000,-0.97081290,-0.20413101
1805,0.03569635,-0.06197632,1.00000000,-0.68703815,-0.20974927
1806,-0.03387067,-0.41000912,-1.00000000,-0.76013986,-0.23380970
1807,0.01452540,-0.15311868,1.00000000,-0.83182542,-0.19791805
1808,0.01457172,-0.35946834,-1.00000000,-0.84042811,-0.28771231
1809,-0.00762569,-0.21591594,1.00000000,-0.93158411,-0.21275526
1810,0.02632283,-0.21577856,1.00000000,-0.93136587,-0.22898790
1811,0.02297808,-0.28162049,-1.00000000,-0.96409593,-0.13053982
1812,0.00400032,-0.18092242,1.00000000,-0.87599398,-0.14876667
1813,-0.01023486,-0.19084360,1.00000000,-0.89175459,-0.19172557
1814,-0.05428713,-0.24713542,1.00000000,-0.98117887,-0.27253171
1815,0.00140902,-0.28935981,-1.00000000,-0.95180137,-0.31567630
1816,0.01018158,-0.42002763,-1.00000000,-0.74422462,-0.33783670
1817,0.02356663,-0.25482173,1.00000000,-0.99338921,-0.30395268
1818,0.01237801,-0.22880059,1.00000000,-0.95205245,-0.26479274
1819,0.04827284,-0.18909787,1.00000000,-0.88898135,-0.08718409
1820,-0.02172445,-0.22228553,1.00000000,-0.94170273,-0.12724557
1821,0.00635820,-0.11581433,1.00000000,-0.77256432,-0.13386672
1822,-0.02098974,-0.32344021,-1.00000000,-0.89766181,-0.21102740
1823,-0.00433190,-0.24014148,1.00000000,-0.97006840,-0.23996485
1824,0.04901311,-0.32126094,-1.00000000,-0.90112376,-0.23868287
1825,0.06066726,-0.27185044,-1.00000000,-0.97961646,-0.09600069
1826,-0.00978762,-0.11361851,1.00000000,-0.76907609,-0.12396128
1827,0.00316445,-0.07904999,1.00000000,-0.71416110,-0.08213214
1828,-0.00110738,-0.28803319,-1.00000000,-0.95390881,-0.07654807
1829,0.00820566,-0.24961477,1.00000000,-0.98511752,-0.14721656
1830,0.04172404,-0.26228589,-1.00000000,-0.99481056,-0.18002156
1831,-0.06772790,-0.23466156,1.00000000,-0.96136309,-0.28035989
1832,-0.00113131,-0.13523937,1.00000000,-0.80342262,-0.28779908
1833,-0.03735573,-0.45989561,-1.00000000,-0.68089099,-0.35057231
1834,0.03514451,-0.26235685,-1.00000000,-0.99469783,-0.30392084
1835,0.05183190,-0.36980571,-1.00000000,-0.82400634,-0.28641652
1836,0.07124346,-0.15475556,1.00000000,-0.83442573,-0.04575229
1837,0.01863261,-0.10525744,1.00000000,-0.75579384,-0.01152605
1838,0.01798463,-0.04767887,1.00000000,-0.66432546,0.08430983
1839,-0.01848035,-0.20373315,1.00000000,-0.91223072,-0.00855523
1840,-0.02666352,-0.20565519,1.00000000,-0.91528405,-0.14448999
1841,0.01209675,-0.31381756,-1.00000000,-0.91294819,-0.24691755
1842,0.02626699,-0.33809049,-1.00000000,-0.87438861,-0.23369668
1843,-0.00672889,-0.22311980,1.00000000,-0.94302804,-0.27649441
1844,-0.01782784,-0.18108805,1.00000000,-0.87625709,-0.27536443
1845,-0.01244185,-0.27896040,-1.00000000,-0.96832170,-0.25073600
1846,0.01237882,-0.31188209,-1.00000000,-0.91602284,-0.25024753
1847,-0.02027448,-0.29590619,-1.00000000,-0.94140189,-0.33084591
1848,0.00662272,-0.22228314,1.00000000,-0.94169893,-0.30772421
1849,-0.03447561,-0.31913932,-1.00000000,-0.90449413,-0.33655406
1850,-0.00153860,-0.23935686,1.00000000,-0.96882197,-0.31767231
1851,-0.00662355,-0.36126271,-1.00000000,-0.83757761,-0.35057972
1852,0.02597378,-0.26356498,-1.00000000,-0.99277861,-0.27048912
1853,0.02811974,-0.27864793,-1.00000000,-0.96881809,-0.23326157
1854,0.01751009,-0.18195778,1.00000000,-0.87763873,-0.14323512
1855,-0.04723588,-0.17559243,1.00000000,-0.86752684,-0.22237157
1856,0.02122116,-0.20706276,1.00000000,-0.91752009,-0.17415139
1857,0.02423095,-0.39911221,-1.00000000,-0.77745052,-0.17716953
1858,-0.02322165,-0.19605500,1.00000000,-0.90003334,-0.26608019
1859,-0.04718287,-0.18712734,1.00000000,-0.88585101,-0.37811248
1860,0.00750099,-0.32788121,-1.00000000,-0.89060691,-0.28332169
1861,0.06246660,-0.39895495,-1.00000000,-0.77770033,-0.21189472
1862,-0.02939364,-0.23675176,1.00000000,-0.96468354,-0.30475934
1863,-0.01387567,-0.07371280,1.00000000,-0.70568253,-0.28857439
1864,0.03826459,-0.34618857,-1.00000000,-0.86152413,-0.14060042
1865,-0.00142295,-0.30015917,-1.00000000,-0.93464569,-0.15605447
1866,0.00602419,-0.14550079,1.00000000,-0.81972375,-0.25379884
1867,-0.00488269,-0.26322192,-1.00000000,-0.99332359,-0.21135190
1868,0.03569587,-0.24113222,1.00000000,-0.97164227,-0.12550618
1869,-0.00481511,-0.27348420,-1.00000000,-0.97702110,-0.20010962
1870,0.00949268,-0.15312011,1.00000000,-0.83182767,-0.18120643
1871,-0.00843131,-0.27328374,-1.00000000,-0.97733955,-0.20623981
1872,0.04368799,-0.23084399,1.00000000,-0.95529857,-0.12212733
1873,-0.01812568,-0.28401011,-1.00000000,-0.96029982,-0.21533302
1874,0.03877363,-0.12941389,1.00000000,-0.79416837,-0.13984804
1875,-0.00351602,-0.31276555,-1.00000000,-0.91461939,-0.16237592
1876,0.00142936,-0.14399085,1.00000000,-0.81732510,-0.14529966
1877,-0.00782087,-0.26943039,-1.00000000,-0.98346092,-0.23450034
1878,0.10255317,-0.25476139,1.00000000,-0.99329335,-0.02551425
1879,-0.03874482,-0.28219944,-1.00000000,-0.96317622,-0.15975715
1880,0.02127756,0.04519195,1.00000000,-0.51679240,-0.11682077
1881,-0.02707344,-0.37392603,-1.00000000,-0.81746087,-0.16618061
1882,-0.08616959,-0.19588769,1.00000000,-0.89976756,-0.30186132
1883,0.02944334,-0.33930639,-1.00000000,-0.87245706,-0.42846956
1884,-0.13476746,-0.51459734,-1.00000000,-0.59399273,-0.59475718
1885,-0.10724163,-0.17166635,1.00000000,-0.86128994,-0.81732081
1886,0.07200792,-0.65874832,-1.00000000,-0.36499684,-0.64573626
1887,0.42444930,-0.57710121,-1.00000000,-0.49470010,0.23853010
1888,-0.02832755,-0.04541134,1.00000000,-0.66072330,0.13848512
1889,0.18430625,1.00000000,1.00000000,1.00000000,0.69104235
1890,-0.05496056,-0.34302633,-1.00000000,-0.86654761,0.78158031
1891,0.19813419,0.28768789,1.00000000,-0.13156733,1.00000000
1892,0.00972395,-0.42202514,-1.00000000,-0.74105141,0.28179766
1893,0.02151366,0.32870431,1.00000000,-0.06640932,0.36811038
1894,0.13495198,-0.23015801,1.00000000,-0.95420883,0.28264091
1895,-0.07111511,-0.19518736,1.00000000,-0.89865503,0.25466519
1896,-0.04656490,0.14129327,1.00000000,-0.36412742,-0.16909347
1897,-0.00537433,-0.46994277,-1.00000000,-0.66493025,-0.19523998
1898,0.04843760,-0.39712195,-1.00000000,-0.78061221,-0.14861434
1899,0.01620525,-0.27494252,-1.00000000,-0.97470444,-0.35425448
1900,0.05822692,-0.11532561,1.00000000,-0.77178796,-0.13026587
1901,-0.11521728,-0.21093319,1.00000000,-0.92366859,-0.24915491
1902,0.10453808,-0.08628852,1.00000000,-0.72566011,-0.05881363
1903,0.01629875,-0.60075857,-1.00000000,-0.45711841,-0.11447022
1904,0.05806033,0.05107961,1.00000000,-0.50743936,-0.04198750
1905,-0.01022936,-0.21065585,1.00000000,-0.92322801,-0.16053696
1906,0.03147729,-0.08678266,1.00000000,-0.72644510,0.09350196
1907,-0.06677856,-0.28934351,-1.00000000,-0.95182727,-0.20317634
1908,-0.05760107,-0.16563326,1.00000000,-0.85170587,-0.33115265
1909,-0.01028216,-0.45707968,-1.00000000,-0.68536434,-0.44950504
1910,-0.05077785,-0.42985742,-1.00000000,-0.72860918,-0.51972504
1911,0.02240619,-0.28950011,-1.00000000,-0.95157850,-0.53543395
1912,0.10390800,-0.40961839,-1.00000000,-0.76076057,-0.23984679
1913,0.05437144,-0.19253994,1.00000000,-0.89444937,-0.04593794
1914,-0.01903551,0.04921066,1.00000000,-0.51040834,-0.06109659
1915,0.03404050,-0.09772466,1.00000000,-0.74382737,0.08578794
1916,0.09549866,-0.31546428,-1.00000000,-0.91033224,0.21236611
1917,-0.05288683,-0.15803027,1.00000000,-0.83962788,-0.05916399
1918,0.05198523,0.02426687,1.00000000,-0.55003364,-0.06329631
1919,-0.00991313,-0.41587405,-1.00000000,-0.75082293,-0.04749860
1920,-0.03011225,-0.10480262,1.00000000,-0.75507131,-0.15859539
1921,0.03253105,-0.28840549,-1.00000000,-0.95331738,-0.26763981
1922,-0.00664431,-0.34832011,-1.00000000,-0.85813800,-0.18755914
1923,-0.03037092,-0.16250761,1.00000000,-0.84674051,-0.33017975
1924,0.00271366,-0.27870953,-1.00000000,-0.96872024,-0.30831326
1925,0.00949028,-0.34908738,-1.00000000,-0.85691914,-0.23973141
1926,-0.05145932,-0.25095193,1.00000000,-0.98724170,-0.38518207
1927,-0.03434760,-0.23085112,1.00000000,-0.95530988,-0.43315736
1928,0.00978257,-0.41163976,-1.00000000,-0.75754944,-0.36362138
1929,-0.01545607,-0.36088301,-1.00000000,-0.83818079,-0.39508687
1930,-0.06668841,-0.22998411,1.00000000,-0.95393257,-0.52700963
1931,-0.05748126,-0.30484695,-1.00000000,-0.92719876,-0.53743815
1932,0.02278427,-0.45681228,-1.00000000,-0.68578912,-0.43849980
1933,-0.02216885,-0.42950204,-1.00000000,-0.72917372,-0.49383181
1934,-0.01336643,-0.19141850,1.00000000,-0.89266787,-0.49021307
1935,0.02337506,-0.32475841,-1.00000000,-0.89556774,-0.33424529
1936,0.03046764,-0.29864866,-1.00000000,-0.93704526,-0.18193942
1937,-0.02584953,-0.18966610,1.00000000,-0.88988404,-0.26616120
1938,0.00844041,-0.16862807,1.00000000,-0.85646338,-0.21315348
1939,0.04563002,-0.33567603,-1.00000000,-0.87822418,-0.11098614
1940,-0.00873395,-0.23396524,1.00000000,-0.96025692,-0.16659105
1941,-0.01701690,-0.12365344,1.00000000,-0.78501742,-0.24882260
1942,-0.05506180,-0.28490782,-1.00000000,-0.95887372,-0.29941108
1943,-0.00766511,-0.30947668,-1.00000000,-0.91984404,-0.32730188
1944,0.02993513,-0.42232545,-1.00000000,-0.74057433,-0.35448158
1945,-0.03269154,-0.28173742,-1.00000000,-0.96391017,-0.39597024
1946,0.04003947,-0.17020763,1.00000000,-0.85897263,-0.29716263
1947,0.00386507,-0.35597081,-1.00000000,-0.84598423,-0.19511578
1948,0.02086614,-0.14023612,1.00000000,-0.81136039,-0.14570667
1949,-0.05973955,-0.24753662,1.00000000,-0.98181620,-0.30100116
1950,0.04748628,-0.19710804,1.00000000,-0.90170619,-0.16215288
1951,-0.00106495,-0.43620058,-1.00000000,-0.71853253,-0.23333564
1952,-0.02049146,-0.11814741,1.00000000,-0.77627062,-0.27551515
1953,0.04845687,-0.26216003,-1.00000000,-0.99501049,-0.22773479
1954,-0.04023541,-0.31978293,-1.00000000,-0.90347170,-0.19395841
1955,0.13698048,-0.11526844,1.00000000,-0.77169714,-0.03897646
1956,-0.03989192,-0.37834741,-1.00000000,-0.81043713,-0.10621522
1957,-0.03071734,0.14731023,1.00000000,-0.35456898,-0.12392392
1958,0.06285086,-0.37732855,-1.00000000,-0.81205567,-0.09899707
1959,-0.12806375,-0.35011491,-1.00000000,-0.85528681,-0.25109417
1960,0.17559308,-0.07257300,1.00000000,-0.70387186,-0.18422663
1961,-0.05634403,-0.63886378,-1.00000000,-0.39658510,-0.21271764
1962,-0.05462297,0.26184290,1.00000000,-0.17262426,-0.25411632
1963,-0.07261974,-0.42612879,-1.00000000,-0.73453241,-0.48871810
1964,-0.14629775,-0.42102378,-1.00000000,-0.74264216,-0.52029490
1965,-0.10141223,-0.47440580,-1.00000000,-0.65784034,-1.00000000
1966,0.14039278,-0.69294945,-1.00000000,-0.31066549,-0.65930021
1967,0.11912794,-0.55981005,-1.00000000,-0.52216856,-0.35840637
1968,0.04769902,0.15743179,1.00000000,-0.33849003,-0.15004384
1969,-0.00821143,0.09435602,1.00000000,-0.43869117,0.08908772
1970,-0.05014867,-0.11751637,1.00000000,-0.77526816,0.17786360
1971,-0.05211864,-0.28335791,-1.00000000,-0.96133589,-0.15551886
1972,-0.00782440,-0.40775211,-1.00000000,-0.76372530,-0.37536908
1973,-0.03219104,-0.41359545,-1.00000000,-0.75444267,-0.51371903
1974,-0.02303115,-0.28220989,-1.00000000,-0.96315961,-0.53938314
1975,0.00806890,-0.35448620,-1.00000000,-0.84834265,-0.43856463
1976,-0.00048182,-0.32731616,-1.00000000,-0.89150453,-0.34914235
1977,-0.01864916,-0.23506721,1.00000000,-0.96200750,-0.36788817
1978,0.00062711,-0.26043035,-1.00000000,-0.99775824,-0.31105521
1979,-0.01080618,-0.31431829,-1.00000000,-0.91215274,-0.28988457
1980,-0.02320868,-0.25714105,1.00000000,-0.99707364,-0.34404965
1981,0.02870333,-0.29105446,-1.00000000,-0.94910928,-0.29350815
1982,-0.00532200,-0.32784275,-1.00000000,-0.89066800,-0.27042879
1983,-0.05771368,-0.17386138,1.00000000,-0.86477692,-0.37146069
1984,0.03782500,-0.27478729,-1.00000000,-0.97495103,-0.28724344
1985,0.02569830,-0.43019145,-1.00000000,-0.72807854,-0.20254858
1986,-0.03236837,-0.14680469,1.00000000,-0.82179510,-0.30830975
1987,0.00830427,-0.18277491,1.00000000,-0.87893681,-0.28471240
1988,0.03653879,-0.35501220,-1.00000000,-0.84750707,-0.12149029
1989,0.04383150,-0.23436906,1.00000000,-0.96089843,-0.11108851
1990,-0.05082926,-0.15061985,1.00000000,-0.82785581,-0.24361542
1991,0.01778287,-0.12898820,1.00000000,-0.79349212,-0.15676581
1992,0.00255157,-0.40977089,-1.00000000,-0.76051831,-0.16672807
1993,0.03430569,-0.20625364,1.00000000,-0.91623473,-0.17059524
1994,0.00499716,-0.25143271,1.00000000,-0.98800547,-0.23784677
1995,-0.00263818,-0.15724366,1.00000000,-0.83837829,-0.15439167
1996,0.01293569,-0.24417859,1.00000000,-0.97648169,-0.16278579
1997,-0.02669516,-0.26682655,-1.00000000,-0.98759734,-0.21343394
1998,0.04539368,-0.22063134,1.00000000,-0.93907491,-0.19423227
1999,-0.02939126,-0.33818435,-1.00000000,-0.87423951,-0.25378456
2000,0.00355556,-0.12435448,1.00000000,-0.78613107,-0.24305853
2001,-0.08173253,-0.34618150,-1.00000000,-0.86153536,-0.40700062
2002,0.04295882,-0.24845468,1.00000000,-0.98327462,-0.28637704
2003,-0.02792176,-0.50143615,-1.00000000,-0.61490039,-0.41334135
2004,0.01901960,-0.13157675,1.00000000,-0.79760424,-0.32950564
2005,-0.00940402,-0.34182267,-1.00000000,-0.86845974,-0.35194845
2006,0.00200389,-0.20258525,1.00000000,-0.91040719,-0.20693756
2007,0.05702718,-0.28689538,-1.00000000,-0.95571633,-0.18257463
2008,-0.02202423,-0.25305725,1.00000000,-0.99058617,-0.17236156
2009,-0.00755406,-0.08984720,1.00000000,-0.73131337,-0.21838060
2010,0.00409704,-0.32432943,-1.00000000,-0.89624921,-0.19500007
2011,-0.00874988,-0.28140801,-1.00000000,-0.96443347,-0.21362296
2012,0.03549944,-0.24684852,1.00000000,-0.98072310,-0.25090371
2013,-0.09592598,-0.28495507,-1.00000000,-0.95879867,-0.37888337
2014,0.02596580,-0.15370276,1.00000000,-0.83275327,-0.32083523
2015,0.00122864,-0.54353675,-1.00000000,-0.54802006,-0.32580259
2016,0.02910099,-0.18198145,1.00000000,-0.87767633,-0.26025419
2017,0.03539401,-0.25535677,1.00000000,-0.99423916,-0.26043677
2018,0.02115086,-0.17268185,1.00000000,-0.86290314,-0.05768847
2019,-0.01447941,-0.15401549,1.00000000,-0.83325007,-0.12772963
2020,0.04962811,-0.19626352,1.00000000,-0.90036460,-0.04391365
2021,0.01663175,-0.30194999,-1.00000000,-0.93180082,-0.06550730
2022,0.01935342,-0.11179431,1.00000000,-0.76617820,-0.09328566
2023,0.00122180,-0.20966808,1.00000000,-0.92165885,-0.12779790
2024,0.06908946,-0.20159509,1.00000000,-0.90883424,0.01692285
2025,0.04448932,-0.25537708,1.00000000,-0.99427143,0.00802373
2026,-0.01481560,-0.05406806,1.00000000,-0.67447523,-0.04643535
2027,0.00999725,-0.12703697,1.00000000,-0.79039244,-0.06263793
2028,0.01000415,-0.30294720,-1.00000000,-0.93021667,-0.04742906
2029,-0.02037082,-0.22934734,1.00000000,-0.95292101,-0.20235226
2030,0.00795774,-0.22932687,1.00000000,-0.95288850,-0.26561600
2031,-0.04804440,-0.31942507,-1.00000000,-0.90404019,-0.32316011
2032,-0.00361971,-0.23539695,1.00000000,-0.96253131,-0.34674134
2033,-0.00015983,-0.40151044,-1.00000000,-0.77364072,-0.36434284
2034,0.05022327,-0.26973796,-1.00000000,-0.98297232,-0.24209124
2035,0.01513407,-0.25947525,-1.00000000,-0.99927549,-0.22966358
2036,0.00117619,-0.11002894,1.00000000,-0.76337376,-0.14442562
2037,0.02569082,-0.21411049,1.00000000,-0.92871600,-0.09366698
2038,-0.03753478,-0.25551236,1.00000000,-0.99448632,-0.15839120
2039,0.02418659,-0.18279707,1.00000000,-0.87897202,-0.20348033
2040,-0.01668319,-0.37033680,-1.00000000,-0.82316266,-0.25858001
2041,0.03729690,-0.18725893,1.00000000,-0.88606005,-0.19602783
2042,-0.00264142,-0.30848683,-1.00000000,-0.92141650,-0.24509231
2043,-0.06463314,-0.14837115,1.00000000,-0.82428356,-0.29202001
2044,0.03510967,-0.26683616,-1.00000000,-0.98758207,-0.27310393
2045,0.04312087,-0.45071593,-1.00000000,-0.69547368,-0.16953799
2046,0.00687939,-0.15485891,1.00000000,-0.83458991,-0.22221363
2047,0.00968892,-0.13109607,1.00000000,-0.79684065,-0.20086050
2048,0.02456915,-0.23859552,1.00000000,-0.96761251,-0.04638406
2049,0.01618247,-0.23026189,1.00000000,-0.95437385,-0.07916131
2050,-0.00242659,-0.18612417,1.00000000,-0.88425738,-0.15803831
2051,0.04158283,-0.21100073,1.00000000,-0.92377589,-0.09794049
2052,0.03139736,-0.26619892,-1.00000000,-0.98859439,-0.06034682
2053,-0.00802924,-0.13565821,1.00000000,-0.80408799,-0.11679923
2054,-0.01678213,-0.16587035,1.00000000,-0.85208251,-0.17388582
2055,-0.00725606,-0.28281750,-1.00000000,-0.96219438,-0.18224927
2056,0.02608965,-0.30878031,-1.00000000,-0.92095027,-0.20907965
2057,0.00315107,-0.28052409,-1.00000000,-0.96583765,-0.25799527
2058,0.00172404,-0.18161406,1.00000000,-0.87709271,-0.24110499
2059,0.01482178,-0.24965446,1.00000000,-0.98518057,-0.18637479
2060,-0.04739132,-0.25388732,1.00000000,-0.99190482,-0.25587919
2061,-0.00328881,-0.21503684,1.00000000,-0.93018757,-0.30675546
2062,-0.00661517,-0.39957326,-1.00000000,-0.77671810,-0.32366820
2063,-0.00494415,-0.26875644,-1.00000000,-0.98453154,-0.33521587
2064,-0.01307546,-0.27862309,-1.00000000,-0.96885754,-0.38352702
2065,-0.02283827,-0.27366651,-1.00000000,-0.97673149,-0.34100719
2066,-0.01459677,-0.29778559,-1.00000000,-0.93841631,-0.36058979
2067,0.00639812,-0.32674405,-1.00000000,-0.89241338,-0.33805397
2068,0.01622011,-0.30229809,-1.00000000,-0.93124783,-0.30140267
2069,0.01761313,-0.24002307,1.00000000,-0.96988030,-0.24825757
2070,0.01550278,-0.21088909,1.00000000,-0.92359853,-0.18186028
2071,-0.01158038,-0.20675711,1.00000000,-0.91703454,-0.17663664
2072,0.01068471,-0.21301683,1.00000000,-0.92697862,-0.16921333
2073,0.00901695,-0.29335088,-1.00000000,-0.94546122,-0.18168743
2074,-0.04672365,-0.22730820,1.00000000,-0.94968167,-0.29310292
2075,0.00951608,-0.23225511,1.00000000,-0.95754024,-0.30347042
2076,0.01290555,-0.39759282,-1.00000000,-0.77986419,-0.26106682
2077,0.00347162,-0.23077459,1.00000000,-0.95518832,-0.27355811
2078,0.00572243,-0.22072074,1.00000000,-0.93921693,-0.27926341
2079,-0.00696812,-0.24870367,1.00000000,-0.98367015,-0.21041661
2080,0.05992973,-0.24202730,1.00000000,-0.97306418,-0.12311255
2081,-0.05073020,-0.27967000,-1.00000000,-0.96719444,-0.23331403
2082,-0.01866202,-0.08123765,1.00000000,-0.71763638,-0.27164405
2083,0.01439596,-0.40947706,-1.00000000,-0.76098508,-0.25662363
2084,-0.00111357,-0.31435645,-1.00000000,-0.91209212,-0.24648499
2085,-0.10748375,-0.21629988,1.00000000,-0.93219402,-0.53640397
2086,-0.04959462,-0.26230425,-1.00000000,-0.99478139,-0.53443742
2087,-0.02670595,-0.57781938,-1.00000000,-0.49355924,-0.54836753
2088,-0.01089508,-0.40610869,-1.00000000,-0.76633601,-0.59216541
2089,-0.00057437,-0.33821635,-1.00000000,-0.87418867,-0.59123164
2090,-0.01046158,-0.29131816,-1.00000000,-0.94869037,-0.42321309
2091,0.05474941,-0.26070486,-1.00000000,-0.99732216,-0.24251488
2092,-0.05514654,-0.29003229,-1.00000000,-0.95073308,-0.29176698
2093,0.08453180,-0.09660350,1.00000000,-0.74204632,-0.12651108
2094,-0.00269755,-0.42257679,-1.00000000,-0.74017507,-0.13018791
2095,-0.05389016,-0.00826301,1.00000000,-0.60171007,-0.20539555
2096,-0.01696994,-0.26700265,-1.00000000,-0.98731759,-0.32959584
2097,-0.00603971,-0.41885014,-1.00000000,-0.74609516,-0.24455489
2098,0.01257192,-0.30933740,-1.00000000,-0.92006530,-0.36917171
2099,0.00762429,-0.27691617,-1.00000000,-0.97156914,-0.35129683
2100,0.04633389,-0.22171035,1.00000000,-0.94078901,-0.17773340
2101,-0.00792694,-0.23638602,1.00000000,-0.96410254,-0.16207315
2102,0.02894854,-0.12156561,1.00000000,-0.78170072,-0.10148209
2103,0.01765696,-0.28251407,-1.00000000,-0.96267640,-0.09267606
2104,-0.04011597,-0.17313402,1.00000000,-0.86362146,-0.17535046
2105,0.02318033,-0.20662713,1.00000000,-0.91682805,-0.21544673
2106,-0.03167191,-0.37799315,-1.00000000,-0.81099990,-0.25656718
2107,0.04020119,-0.19024368,1.00000000,-0.89080158,-0.23708037
2108,-0.00069142,-0.35294638,-1.00000000,-0.85078879,-0.26885525
2109,-0.00601223,-0.13975644,1.00000000,-0.81059837,-0.20979594
2110,0.05623398,-0.26105206,-1.00000000,-0.99677059,-0.15255515
2111,-0.00297594,-0.27683464,-1.00000000,-0.97169865,-0.10286078
2112,-0.01953266,-0.09219998,1.00000000,-0.73505096,-0.20630512
2113,-0.01168516,-0.26782840,-1.00000000,-0.98600581,-0.22534357
2114,0.00218659,-0.31693893,-1.00000000,-0.90798963,-0.21114523
2115,0.00394346,-0.29366169,-1.00000000,-0.94496747,-0.30169956
2116,0.01439124,-0.25251531,1.00000000,-0.98972526,-0.27162387
2117,-0.03026617,-0.24730408,1.00000000,-0.98144678,-0.29021167
2118,-0.01851304,-0.21631389,1.00000000,-0.93221628,-0.30203587
2119,-0.03081398,-0.34877666,-1.00000000,-0.85741273,-0.35918476
2120,-0.03188193,-0.31391453,-1.00000000,-0.91279414,-0.42122552
2121,0.04078784,-0.35040159,-1.00000000,-0.85483141,-0.37551310
2122,0.06510754,-0.35356932,-1.00000000,-0.84979920,-0.21034928
2123,0.33467680,-0.13801631,1.00000000,-0.80783403,0.40128869
2124,-0.08570099,-0.06587924,1.00000000,-0.69323826,0.30623789
2125,0.08624424,0.73371690,1.00000000,0.57698703,0.51080336
2126,-0.01410553,-0.51320738,-1.00000000,-0.59620080,0.41574153
2127,-0.08281510,-0.00318359,1.00000000,-0.59364098,0.15957588
2128,-0.01329941,-0.30084099,-1.00000000,-0.93356255,-0.44303337
2129,0.11281847,-0.50464727,-1.00000000,-0.60979924,-0.09924648
2130,-0.12457908,-0.29844988,-1.00000000,-0.93736103,-0.46434063
2131,-0.10804081,0.07564088,1.00000000,-0.46842173,-0.62701344
2132,0.07209459,-0.62852754,-1.00000000,-0.41300508,-0.35874793
2133,0.05527423,-0.57947174,-1.00000000,-0.49093432,-0.23999524
2134,-0.05502468,-0.04515425,1.00000000,-0.66031489,-0.53065831
2135,-0.03555637,-0.09504679,1.00000000,-0.73957336,-0.37649286
2136,-0.03012609,-0.42221534,-1.00000000,-0.74074925,-0.24156372
2137,0.13955643,-0.36446844,-1.00000000,-0.83248503,-0.12473640
2138,-0.03809011,-0.34836116,-1.00000000,-0.85807280,-0.28642049
2139,0.06695674,0.15495100,1.00000000,-0.34243097,-0.07517866
2140,0.01528442,-0.37198403,-1.00000000,-0.82054589,0.01286508
2141,-0.07609433,-0.06039415,1.00000000,-0.68452475,-0.06674061
2142,-0.11087884,-0.21366454,1.00000000,-0.92800757,-0.50043293
2143,0.08692914,-0.48471212,-1.00000000,-0.64146790,-0.28393033
2144,0.03133336,-0.58788992,-1.00000000,-0.47756134,-0.34562126
2145,-0.07620570,-0.00115204,1.00000000,-0.59041370,-0.50405966
2146,-0.03385410,-0.16606018,1.00000000,-0.85238407,-0.43090997
2147,0.02218432,-0.48504247,-1.00000000,-0.64094310,-0.20047728
2148,-0.04413410,-0.35941918,-1.00000000,-0.84050621,-0.42744658
2149,0.09517452,-0.19319805,1.00000000,-0.89549484,-0.31688939
2150,0.02514415,-0.38991171,-1.00000000,-0.79206628,-0.14137635
2151,0.03287945,0.02330541,1.00000000,-0.55156099,-0.02581025
2152,0.03407337,-0.18441861,1.00000000,-0.88154796,-0.00522134
2153,0.02705414,-0.16147418,1.00000000,-0.84509881,0.11805918
2154,-0.03044312,-0.15793276,1.00000000,-0.83947298,-0.09947968
2155,0.04643298,-0.17875322,1.00000000,-0.87254801,-0.06261266
2156,-0.00783797,-0.34930153,-1.00000000,-0.85657894,-0.13312522
2157,-0.01355423,-0.12127170,1.00000000,-0.78123381,-0.21560451
2158,0.10664247,-0.28225015,-1.00000000,-0.96309566,-0.07777708
2159,0.09416123,-0.29920571,-1.00000000,-0.93616034,0.13800702
2160,-0.04322055,0.05732164,1.00000000,-0.49752337,-0.01725085
2161,-0.00760291,0.02029981,1.00000000,-0.55633565,-0.01684378
2162,0.05263388,-0.38720193,-1.00000000,-0.79637098,0.09777774
2163,0.07802464,-0.28155291,-1.00000000,-0.96420329,0.04821869
2164,-0.10661816,-0.10287860,1.00000000,-0.75201484,-0.29948186
2165,-0.02711708,-0.02756456,1.00000000,-0.63237220,-0.27159462
2166,0.02375191,-0.57525188,-1.00000000,-0.49763793,-0.21729579
2167,-0.01382904,-0.33943585,-1.00000000,-0.87225140,-0.33239322
2168,0.03245884,-0.18854827,1.00000000,-0.88810828,-0.41130197
2169,-0.01440975,-0.30002085,-1.00000000,-0.93486541,-0.25161967
2170,0.01911825,-0.16272178,1.00000000,-0.84708074,-0.17155144
2171,0.05255660,-0.30174335,-1.00000000,-0.93212908,-0.12166880
2172,-0.01303288,-0.20229264,1.00000000,-0.90994235,-0.12029006
2173,0.00265389,-0.10310784,1.00000000,-0.75237900,-0.17190491
2174,0.00174775,-0.29765929,-1.00000000,-0.93861695,-0.14392410
2175,0.00510094,-0.25112922,1.00000000,-0.98752335,-0.16819864
2176,-0.01514849,-0.25381700,1.00000000,-0.99179311,-0.28544720
2177,0.00523895,-0.24387078,1.00000000,-0.97599270,-0.25380488
2178,-0.07629126,-0.30393461,-1.00000000,-0.92864809,-0.39051845
2179,-0.00755426,-0.24346139,1.00000000,-0.97534236,-0.40662725
2180,-0.03190928,-0.48529624,-1.00000000,-0.64053997,-0.47071984
2181,0.01319191,-0.28140863,-1.00000000,-0.96443249,-0.42164124
2182,-0.00185416,-0.35365044,-1.00000000,-0.84967033,-0.43392477
2183,0.02118012,-0.21987134,1.00000000,-0.93786758,-0.26512832
2184,0.01909469,-0.26450099,-1.00000000,-0.99129169,-0.21897888
2185,-0.05529242,-0.19617673,1.00000000,-0.90022672,-0.25947275
2186,0.05767907,-0.20236252,1.00000000,-0.91005336,-0.18243193
2187,-0.01407859,-0.42300952,-1.00000000,-0.73948763,-0.20360164
2188,0.02824575,-0.08791357,1.00000000,-0.72824164,-0.19136570
2189,-0.00056558,-0.30076109,-1.00000000,-0.93368949,-0.22541245
2190,0.00244804,-0.17521865,1.00000000,-0.86693306,-0.12542016
2191,-0.01521862,-0.26067879,-1.00000000,-0.99736357,-0.25166104
2192,0.02956747,-0.25173980,1.00000000,-0.98849330,-0.17607679
2193,-0.00559636,-0.30414265,-1.00000000,-0.92831760,-0.23468300
2194,0.02670019,-0.17129817,1.00000000,-0.86070505,-0.18746540
2195,0.00002556,-0.27560109,-1.00000000,-0.97365825,-0.19166054
2196,-0.00435578,-0.17980310,1.00000000,-0.87421585,-0.17284876
2197,-0.00493391,-0.25892536,1.00000000,-0.99990816,-0.23259666
2198,-0.02328894,-0.27192128,-1.00000000,-0.97950394,-0.26323586
2199,-0.02728581,-0.27363612,-1.00000000,-0.97677977,-0.35672633
2200,0.02281072,-0.32808081,-1.00000000,-0.89028982,-0.31726803
2201,0.00351191,-0.33993631,-1.00000000,-0.87145636,-0.30364312
2202,-0.05011423,-0.19134002,1.00000000,-0.89254321,-0.38188434
2203,-0.01692439,-0.24858414,1.00000000,-0.98348027,-0.37086250
2204,0.02931206,-0.40764997,-1.00000000,-0.76388756,-0.27284890
2205,0.00073622,-0.30920228,-1.00000000,-0.92027995,-0.31107652
2206,-0.01191185,-0.17205575,1.00000000,-0.86190853,-0.33778669
2207,-0.05388181,-0.25681741,1.00000000,-0.99655951,-0.34431121
2208,-0.01336558,-0.29433410,-1.00000000,-0.94389930,-0.33814824
2209,0.06835923,-0.41882536,-1.00000000,-0.74613452,-0.27052815
2210,0.03526362,-0.29864616,-1.00000000,-0.93704923,-0.21073517
2211,-0.04822886,-0.05623408,1.00000000,-0.67791612,-0.27362730
2212,0.01246783,-0.15440225,1.00000000,-0.83386446,-0.15872604
2213,0.00348676,-0.40205758,-1.00000000,-0.77277154,-0.12954193
2214,-0.01722906,-0.22201912,1.00000000,-0.94127951,-0.27775982
2215,-0.00570597,-0.24865876,1.00000000,-0.98359882,-0.34870908
2216,-0.06725364,-0.31010601,-1.00000000,-0.91884429,-0.38165532
2217,0.00314663,-0.27592623,-1.00000000,-0.97314174,-0.39779734
2218,0.01560026,-0.45848886,-1.00000000,-0.68312574,-0.37681972
2219,0.02970491,-0.24966764,1.00000000,-0.98520150,-0.29554162
2220,0.02209485,-0.21272769,1.00000000,-0.92651930,-0.24739743
2221,-0.00783469,-0.17089051,1.00000000,-0.86005744,-0.14449843
2222,-0.01603968,-0.19346345,1.00000000,-0.89591645,-0.17772440
2223,-0.00491553,-0.28224043,-1.00000000,-0.96311110,-0.21325270
2224,0.00483125,-0.30657805,-1.00000000,-0.92444876,-0.25632776
2225,0.04055111,-0.27358160,-1.00000000,-0.97686637,-0.22436606
2226,0.05844412,-0.24467074,1.00000000,-0.97726350,-0.10958746
2227,0.10070097,-0.13871851,1.00000000,-0.80894954,0.09257863
2228,0.01300314,-0.08564428,1.00000000,-0.72463669,0.12360936
2229,0.07769393,0.03969796,1.00000000,-0.52552006,0.24978961
2230,-0.08168856,-0.22043126,1.00000000,-0.93875707,0.03810056
2231,-0.04200984,-0.02854551,1.00000000,-0.63393052,-0.13586099
2232,-0.06709751,-0.50130572,-1.00000000,-0.61510758,-0.42644669
2233,-0.01287170,-0.38361073,-1.00000000,-0.80207591,-0.47125555
2234,0.05233382,-0.45802575,-1.00000000,-0.68386143,-0.51517302
2235,0.00282044,-0.29718119,-1.00000000,-0.93937646,-0.36882421
2236,-0.04625754,-0.10376863,1.00000000,-0.75342873,-0.37618018
2237,-0.02405970,-0.25063520,1.00000000,-0.98673855,-0.30164928
2238,-0.06629508,-0.39621025,-1.00000000,-0.78206051,-0.39416545
2239,-0.07312760,-0.33036704,-1.00000000,-0.88665795,-0.61143378
2240,-0.01631189,-0.45564559,-1.00000000,-0.68764252,-0.64456627
2241,0.05117304,-0.47591220,-1.00000000,-0.65544731,-0.47584046
2242,0.00368940,-0.30738548,-1.00000000,-0.92316609,-0.42778583
2243,-0.01775660,-0.10721174,1.00000000,-0.75889840,-0.34372912
2244,0.03583575,-0.24805767,1.00000000,-0.98264393,-0.15503140
2245,-0.00772453,-0.31167079,-1.00000000,-0.91635851,-0.14016021
2246,0.05293645,-0.15270521,1.00000000,-0.83116857,-0.13710642
2247,-0.02561394,-0.28191368,-1.00000000,-0.96363017,-0.18785260
2248,-0.01940842,-0.10198112,1.00000000,-0.75058912,-0.19071315
2249,0.00282372,-0.33497722,-1.00000000,-0.87933431,-0.24788188
2250,0.06909174,-0.31657043,-1.00000000,-0.90857503,-0.11485498
2251,0.01593213,-0.25062547,1.00000000,-0.98672310,-0.17893737
2252,0.02782584,-0.05406131,1.00000000,-0.67446449,-0.08639281
2253,0.00961054,-0.21174332,1.00000000,-0.92495554,-0.03613911
2254,-0.02701300,-0.17646419,1.00000000,-0.86891171,-0.08780896
2255,0.04360163,-0.23049441,1.00000000,-0.95474322,-0.13195156
2256,-0.01738934,-0.33912711,-1.00000000,-0.87274186,-0.18965615
2257,0.04024757,-0.12967004,1.00000000,-0.79457528,-0.16814476
2258,-0.06760253,-0.31058143,-1.00000000,-0.91808905,-0.30185880
2259,0.00589075,-0.13961886,1.00000000,-0.81037981,-0.24487760
2260,0.00112675,-0.45952374,-1.00000000,-0.68148175,-0.31843367
2261,0.02039702,-0.24152804,1.00000000,-0.97227106,-0.25299698
2262,0.00687713,-0.25565902,1.00000000,-0.99471931,-0.31078637
2263,-0.00286673,-0.19849956,1.00000000,-0.90391672,-0.19867989
2264,-0.00296789,-0.23860222,1.00000000,-0.96762316,-0.21402087
2265,0.02121865,-0.26750447,-1.00000000,-0.98652041,-0.17922663
2266,-0.03212235,-0.26780452,-1.00000000,-0.98604375,-0.27017727
2267,0.00583655,-0.19606243,1.00000000,-0.90004515,-0.27197931
2268,-0.00116935,-0.35428248,-1.00000000,-0.84866629,-0.26903986
2269,0.04948310,-0.24168881,1.00000000,-0.97252646,-0.17820766
2270,0.02991885,-0.26246970,-1.00000000,-0.99451856,-0.16314105
2271,0.01022567,-0.11222445,1.00000000,-0.76686151,-0.08980469
2272,0.02132993,-0.17025590,1.00000000,-0.85904932,-0.06297396
2273,0.02809743,-0.22866981,1.00000000,-0.95184470,-0.01229109
2274,-0.00278446,-0.19573234,1.00000000,-0.89952078,-0.10280564
2275,-0.01577615,-0.17565859,1.00000000,-0.86763194,-0.18193815
2276,0.00801733,-0.26726044,-1.00000000,-0.98690806,-0.18576245
2277,-0.00110625,-0.30579638,-1.00000000,-0.92569050,-0.22461640
2278,-0.02373934,-0.23522018,1.00000000,-0.96225050,-0.31438494
2279,0.00040645,-0.26228253,-1.00000000,-0.99481590,-0.30885908
2280,-0.01047409,-0.32941678,-1.00000000,-0.88816752,-0.29967721
2281,-0.02018719,-0.25779557,1.00000000,-0.99811340,-0.34852050
2282,0.01601183,-0.29006941,-1.00000000,-0.95067412,-0.31887620
2283,-0.01482986,-0.31888041,-1.00000000,-0.90490543,-0.30344717
2284,-0.00590904,-0.21150689,1.00000000,-0.92457996,-0.31438403
2285,0.01762127,-0.30298949,-1.00000000,-0.93014949,-0.26572977
2286,0.00893976,-0.27652856,-1.00000000,-0.97218489,-0.21528905
2287,0.02853683,-0.20673297,1.00000000,-0.91699618,-0.19359884
2288,0.00528046,-0.23248406,1.00000000,-0.95790396,-0.15877271
2289,-0.00178425,-0.17435526,1.00000000,-0.86556150,-0.15162959
2290,0.00693788,-0.24333827,1.00000000,-0.97514677,-0.17013060
2291,0.01271829,-0.26429361,-1.00000000,-0.99162112,-0.16358712
2292,0.03799974,-0.23842203,1.00000000,-0.96733691,-0.14719967
2293,-0.00940228,-0.22127620,1.00000000,-0.94009932,-0.17262657
2294,0.02680479,-0.14628636,1.00000000,-0.82097170,-0.12311738
2295,0.01395453,-0.28689021,-1.00000000,-0.95572454,-0.11096627
2296,0.00895952,-0.17949284,1.00000000,-0.87372296,-0.11747554
2297,0.00370448,-0.21760925,1.00000000,-0.93427408,-0.17686650
2298,0.02132818,-0.23242545,1.00000000,-0.95781085,-0.12364890
2299,-0.01741683,-0.24801295,1.00000000,-0.98257289,-0.20022988
2300,-0.02722862,-0.19573754,1.00000000,-0.89952903,-0.27154898
2301,-0.01380004,-0.31066297,-1.00000000,-0.91795951,-0.31096294
2302,0.01424117,-0.33976670,-1.00000000,-0.87172581,-0.29271598
2303,0.01149736,-0.29993485,-1.00000000,-0.93500204,-0.30974056
2304,-0.01193192,-0.21675902,1.00000000,-0.93292341,-0.30024204
2305,-0.01448404,-0.22489773,1.00000000,-0.94585242,-0.27817156
2306,-0.02239147,-0.29439363,-1.00000000,-0.94380472,-0.29304980
2307,-0.03797704,-0.30196374,-1.00000000,-0.93177898,-0.38347892
2308,-0.00919864,-0.32541874,-1.00000000,-0.89451874,-0.41931929
2309,0.01543630,-0.37164865,-1.00000000,-0.82107866,-0.37192426
2310,-0.00559733,-0.28628617,-1.00000000,-0.95668411,-0.35653465
2311,-0.02338139,-0.21321404,1.00000000,-0.92729191,-0.35824895
2312,0.02327235,-0.27560397,-1.00000000,-0.97365368,-0.25218006
2313,-0.03294898,-0.32835505,-1.00000000,-0.88985418,-0.29330981
2314,0.01757380,-0.18997074,1.00000000,-0.89036799,-0.28960818
2315,0.04850653,-0.35673441,-1.00000000,-0.84477119,-0.19591360
2316,-0.02250638,-0.20687379,1.00000000,-0.91721989,-0.19439828
2317,-0.02586871,-0.11512114,1.00000000,-0.77146314,-0.27949853
2318,0.00859690,-0.32575957,-1.00000000,-0.89397731,-0.20755128
2319,-0.02917202,-0.33573293,-1.00000000,-0.87813380,-0.28850355
2320,-0.00252489,-0.23350107,1.00000000,-0.95951955,-0.37687743
2321,0.05366326,-0.34553120,-1.00000000,-0.86256843,-0.24497034
2322,-0.02924584,-0.26649051,-1.00000000,-0.98813116,-0.25081870
2323,0.03758785,-0.09982525,1.00000000,-0.74716434,-0.20061351
2324,0.01504500,-0.34575018,-1.00000000,-0.86222056,-0.12404049
2325,-0.01388926,-0.14750813,1.00000000,-0.82291258,-0.14372078
2326,0.01054425,-0.21437470,1.00000000,-0.92913572,-0.21839231
2327,-0.03221528,-0.30019949,-1.00000000,-0.93458163,-0.22353464
2328,-0.00854023,-0.22772483,1.00000000,-0.95034351,-0.30341713
2329,-0.01312536,-0.35455810,-1.00000000,-0.84822843,-0.35220126
2330,-0.00747395,-0.28433319,-1.00000000,-0.95978657,-0.34109153
2331,-0.03059426,-0.29793360,-1.00000000,-0.93818119,-0.41233330
2332,0.04675862,-0.28117040,-1.00000000,-0.96481093,-0.27556993
2333,0.06716733,-0.34974983,-1.00000000,-0.85586677,-0.14446305
2334,0.01789787,-0.12030580,1.00000000,-0.77969941,-0.09073845
2335,-0.00773538,-0.05976949,1.00000000,-0.68353242,-0.09119118
2336,0.00199977,-0.20591252,1.00000000,-0.91569284,-0.03474635
2337,-0.01611037,-0.28194585,-1.00000000,-0.96357907,-0.14361998
2338,-0.01056643,-0.25306947,1.00000000,-0.99060559,-0.27823574
2339,-0.02060977,-0.30678775,-1.00000000,-0.92411562,-0.34492152
2340,0.04072494,-0.29034331,-1.00000000,-0.95023900,-0.26100017
2341,-0.01317225,-0.32013387,-1.00000000,-0.90291420,-0.28727437
2342,-0.00630952,-0.13820290,1.00000000,-0.80813045,-0.27030170
2343,-0.09863092,-0.29807269,-1.00000000,-0.93796023,-0.42280774
2344,0.02173540,-0.27771647,-1.00000000,-0.97029779,-0.34947632
2345,0.02888720,-0.55156013,-1.00000000,-0.53527425,-0.36997637
2346,0.03932437,-0.19452966,1.00000000,-0.89761020,-0.27906513
2347,-0.00730540,-0.17331599,1.00000000,-0.86391052,-0.28078975
2348,0.02664364,-0.14235725,1.00000000,-0.81472998,-0.06384501
2349,-0.02274858,-0.28067046,-1.00000000,-0.96560514,-0.14088032
2350,0.02162394,-0.17997083,1.00000000,-0.87448230,-0.15345849
2351,0.03682258,-0.32647799,-1.00000000,-0.89283604,-0.15779098
2352,-0.00875857,-0.19486025,1.00000000,-0.89813538,-0.16030750
2353,0.03992044,-0.14977807,1.00000000,-0.82651857,-0.13731535
2354,0.00156444,-0.28498083,-1.00000000,-0.95875775,-0.09521119
2355,0.00461576,-0.14058920,1.00000000,-0.81192128,-0.12466518
2356,0.02147929,-0.25436074,1.00000000,-0.99265689,-0.15123598
2357,-0.00819016,-0.24530991,1.00000000,-0.97827888,-0.15025164
2358,0.00226977,-0.19528932,1.00000000,-0.89881699,-0.21545334
2359,0.02573372,-0.28329482,-1.00000000,-0.96143612,-0.17359807
2360,0.02537812,-0.25226858,1.00000000,-0.98933331,-0.13764277
2361,-0.00648863,-0.18266982,1.00000000,-0.87876986,-0.18607633
2362,-0.07499683,-0.18372461,1.00000000,-0.88044549,-0.30176906
2363,-0.00301645,-0.27824774,-1.00000000,-0.96945383,-0.31092350
2364,-0.00940391,-0.48145671,-1.00000000,-0.64663939,-0.37177325
2365,0.01853609,-0.26794857,-1.00000000,-0.98581491,-0.38362197
2366,-0.00407232,-0.28689506,-1.00000000,-0.95571683,-0.37943752
2367,-0.01709433,-0.20401945,1.00000000,-0.91268554,-0.27916464
2368,0.00030911,-0.27108048,-1.00000000,-0.98083961,-0.27340557
2369,-0.01826046,-0.30970638,-1.00000000,-0.91947915,-0.28874293
2370,0.06767901,-0.25808428,1.00000000,-0.99857204,-0.20363946
2371,0.09561786,-0.31316533,-1.00000000,-0.91398432,-0.03100058
2372,-0.01881461,-0.05825174,1.00000000,-0.68112134,-0.03397967
2373,-0.03115482,0.02462044,1.00000000,-0.54947195,-0.08846747
2374,-0.03104909,-0.31480904,-1.00000000,-0.91137314,-0.11061424
2375,0.00808838,-0.35141258,-1.00000000,-0.85322535,-0.21381057
2376,0.00624862,-0.35109897,-1.00000000,-0.85372355,-0.36857613
2377,0.01727547,-0.23500944,1.00000000,-0.96191572,-0.30607698
2378,0.04066617,-0.24046653,1.00000000,-0.97058476,-0.18170069
2379,0.03496375,-0.20775868,1.00000000,-0.91862561,-0.06738268
2380,-0.04840198,-0.13837722,1.00000000,-0.80840737,-0.16521009
2381,-0.01701101,-0.15529173,1.00000000,-0.83527748,-0.20549005
2382,-0.01104619,-0.40257110,-1.00000000,-0.77195578,-0.25453621
2383,-0.00228801,-0.30945922,-1.00000000,-0.91987177,-0.32892228
2384,0.02424508,-0.29176637,-1.00000000,-0.94797835,-0.34748438
2385,-0.09709325,-0.26578787,-1.00000000,-0.98924737,-0.43180570
2386,-0.06883032,-0.18708544,1.00000000,-0.88578445,-0.52154400
2387,0.07682249,-0.54699911,-1.00000000,-0.54251981,-0.36937706
2388,-0.00214389,-0.46316563,-1.00000000,-0.67569630,-0.36912747
2389,0.05971337,-0.03113037,1.00000000,-0.63803678,-0.30770511
2390,-0.05951670,-0.26536037,-1.00000000,-0.98992649,-0.24263175
2391,0.03504420,-0.08187942,1.00000000,-0.71865589,-0.06274661
2392,0.00718658,-0.43553956,-1.00000000,-0.71958262,-0.18333888
2393,-0.01690718,-0.15505309,1.00000000,-0.83489839,-0.20890528
2394,-0.03487092,-0.23768433,1.00000000,-0.96616502,-0.37270202
2395,-0.01509051,-0.30915124,-1.00000000,-0.92036102,-0.29576679
2396,0.02192743,-0.36243528,-1.00000000,-0.83571488,-0.31848181
2397,0.00922609,-0.30376264,-1.00000000,-0.92892127,-0.31494989
2398,-0.00663338,-0.19396005,1.00000000,-0.89670534,-0.29715820
2399,-0.00876094,-0.23163476,1.00000000,-0.95655477,-0.25194212
2400,-0.00669530,-0.27867711,-1.00000000,-0.96877173,-0.23740367
2401,-0.03396698,-0.28498786,-1.00000000,-0.95874659,-0.33419905
2402,-0.01487534,-0.27886076,-1.00000000,-0.96847999,-0.37593679
2403,-0.04135508,-0.35975401,-1.00000000,-0.83997430,-0.43606623
2404,-0.02736510,-0.30312439,-1.00000000,-0.92993519,-0.46828407
2405,-0.02996165,-0.38166857,-1.00000000,-0.80516118,-0.50857567
2406,0.02756676,-0.34017151,-1.00000000,-0.87108273,-0.40201436
2407,-0.00408431,-0.34787339,-1.00000000,-0.85884766,-0.38332695
2408,-0.06029854,-0.17723268,1.00000000,-0.87013251,-0.41613237
2409,0.01777238,-0.27111606,-1.00000000,-0.98078310,-0.33796535
2410,-0.01183055,-0.43785865,-1.00000000,-0.71589856,-0.30656675
2411,0.05374774,-0.20628477,1.00000000,-0.91628418,-0.26122773
2412,-0.02979759,-0.29409293,-1.00000000,-0.94428241,-0.30575680
2413,0.00624255,-0.09957468,1.00000000,-0.74676629,-0.19052400
2414,-0.04020698,-0.34738675,-1.00000000,-0.85962073,-0.29092999
2415,-0.01366281,-0.24048454,1.00000000,-0.97061337,-0.29410302
2416,-0.02493376,-0.37826308,-1.00000000,-0.81057110,-0.43036003
2417,-0.00495667,-0.29952779,-1.00000000,-0.93564868,-0.38734168
2418,0.00585437,-0.33295968,-1.00000000,-0.88253933,-0.38801390
2419,0.01326880,-0.27370366,-1.00000000,-0.97667248,-0.29540700
2420,-0.00341994,-0.24163593,1.00000000,-0.97244246,-0.27766887
2421,0.00793958,-0.21964327,1.00000000,-0.93750528,-0.22074032
2422,-0.02053902,-0.26914541,-1.00000000,-0.98391364,-0.24772511
2423,-0.04179084,-0.23545079,1.00000000,-0.96261684,-0.33023491
2424,0.02686038,-0.31992400,-1.00000000,-0.90324759,-0.30669763
2425,0.02004994,-0.38296113,-1.00000000,-0.80310785,-0.26605356
2426,-0.00037897,-0.17932793,1.00000000,-0.87346099,-0.28045925
2427,-0.00035965,-0.19952906,1.00000000,-0.90555218,-0.24551354
2428,0.01859640,-0.26012527,-1.00000000,-0.99824289,-0.14093769
2429,-0.02900286,-0.26006797,-1.00000000,-0.99833390,-0.23767908
2430,0.02463888,-0.20384054,1.00000000,-0.91240132,-0.22973217
2431,0.06836130,-0.34502943,-1.00000000,-0.86336552,-0.11069092
2432,0.00430647,-0.18591735,1.00000000,-0.88392883,-0.10261034
2433,-0.03834830,-0.05622792,1.00000000,-0.67790634,-0.20122456
2434,-0.00893612,-0.24622732,1.00000000,-0.97973627,-0.16647390
2435,-0.03226173,-0.37274986,-1.00000000,-0.81932931,-0.26501177
2436,-0.01224958,-0.28550749,-1.00000000,-0.95792111,-0.40461001
2437,-0.01875420,-0.35469591,-1.00000000,-0.84800952,-0.44454542
2438,-0.00247911,-0.29533587,-1.00000000,-0.94230790,-0.38242882
2439,-0.02505368,-0.31462987,-1.00000000,-0.91165777,-0.41034048
2440,0.02569598,-0.26635472,-1.00000000,-0.98834688,-0.30997197
2441,0.02737991,-0.33331539,-1.00000000,-0.88197425,-0.24134345
2442,-0.00379519,-0.18278179,1.00000000,-0.87894774,-0.21543812
2443,0.00009882,-0.17778692,1.00000000,-0.87101297,-0.21097378
2444,-0.00488782,-0.27025847,-1.00000000,-0.98214545,-0.17605146
2445,-0.04719717,-0.25870806,1.00000000,-0.99956296,-0.30228446
2446,0.02542371,-0.27349943,-1.00000000,-0.97699691,-0.30567211
2447,0.01993215,-0.39899737,-1.00000000,-0.77763294,-0.26458218
2448,-0.00690497,-0.18358939,1.00000000,-0.88023068,-0.27671103
2449,-0.01729152,-0.19987844,1.00000000,-0.90610719,-0.29819118
2450,-0.03499796,-0.27948270,-1.00000000,-0.96749199,-0.27706515
2451,-0.26321185,-0.31029126,-1.00000000,-0.91855001,-0.77691097
2452,-0.00172151,-0.36281209,-1.00000000,-0.83511628,-0.81440979
2453,-0.06586080,-1.03973995,-1.00000000,0.24024021,-0.91650680
2454,0.00229392,-0.26410752,-1.00000000,-0.99191674,-0.88258963
2455,0.07597051,-0.45435743,-1.00000000,-0.68968885,-0.69041951
2456,-0.02568201,-0.25219694,1.00000000,-0.98921951,-0.27907623
2457,-0.03155028,-0.03365749,1.00000000,-0.64205133,-0.33073231
2458,0.00812911,-0.33517912,-1.00000000,-0.87901356,-0.20259997
2459,-0.03085578,-0.35258558,-1.00000000,-0.85136195,-0.26000711
2460,0.25943919,-0.23488860,1.00000000,-0.96172377,0.05771552
2461,-0.06655162,-0.35052557,-1.00000000,-0.85463444,-0.01306059
2462,-0.02087212,0.51054714,1.00000000,0.22246322,0.00543135
2463,-0.19369989,-0.45640653,-1.00000000,-0.68643370,-0.34408686
2464,0.01944150,-0.32091203,-1.00000000,-0.90167803,-0.25698434
2465,-0.06194099,-0.83355363,-1.00000000,-0.08730399,-0.81353579
2466,-0.07214046,-0.20133382,1.00000000,-0.90841919,-0.82321430
2467,0.09032631,-0.44273050,-1.00000000,-0.70815920,-0.63064596
2468,-0.03005410,-0.47298416,-1.00000000,-0.66009874,-0.34725169
2469,-0.05080716,0.00892467,1.00000000,-0.57440600,-0.46890509
2470,0.00682799,-0.34814762,-1.00000000,-0.85841202,-0.34981410
2471,-0.08439528,-0.40970533,-1.00000000,-0.76062245,-0.37103643
2472,-0.02474152,-0.23874798,1.00000000,-0.96785471,-0.57030563
2473,-0.05084926,-0.50933437,-1.00000000,-0.60235339,-0.60631773
2474,0.04950260,-0.33238946,-1.00000000,-0.88344518,-0.43260589
2475,-0.12081967,-0.40983020,-1.00000000,-0.76042408,-0.65366026
2476,0.02067404,-0.11216660,1.00000000,-0.76676960,-0.47170603
2477,0.06708437,-0.61737638,-1.00000000,-0.43071963,-0.31268616
2478,-0.01676005,-0.19767785,1.00000000,-0.90261137,-0.25365203
2479,-0.03148976,-0.06001556,1.00000000,-0.68392331,-0.39391089
2480,0.05962566,-0.30871482,-1.00000000,-0.92105433,-0.08142394
2481,0.03304303,-0.35240608,-1.00000000,-0.85164710,-0.06000389
2482,-0.07924195,-0.08213958,1.00000000,-0.71906918,-0.31340510
2483,-0.00834172,-0.16098895,1.00000000,-0.84432799,-0.29882662
2484,-0.09089697,-0.49404857,-1.00000000,-0.62663617,-0.40170530
2485,0.02324978,-0.28374438,-1.00000000,-0.96072196,-0.46469938
2486,0.01583345,-0.52861969,-1.00000000,-0.57171705,-0.49450214
2487,0.01160562,-0.19003769,1.00000000,-0.89047435,-0.33717649
2488,0.00758485,-0.21203599,1.00000000,-0.92542049,-0.30959558
2489,0.01154788,-0.22457659,1.00000000,-0.94534227,-0.13218629
2490,0.03428053,-0.23650299,1.00000000,-0.96428835,-0.11308375
2491,-0.00139055,-0.22474787,1.00000000,-0.94561436,-0.14291149
2492,-0.00547586,-0.15731829,1.00000000,-0.83849684,-0.17249242
2493,-0.01641401,-0.26312583,-1.00000000,-0.99347624,-0.21405256
2494,-0.00162084,-0.27524368,-1.00000000,-0.97422603,-0.23685754
2495,-0.00535723,-0.30768841,-1.00000000,-0.92268486,-0.30550040
2496,-0.01548691,-0.26380891,-1.00000000,-0.99239111,-0.32991183
2497,0.01642685,-0.27489179,-1.00000000,-0.97478504,-0.29198172
2498,-0.02082794,-0.30493844,-1.00000000,-0.92705341,-0.29962555
2499,-0.00680498,-0.21027588,1.00000000,-0.92262440,-0.30860321
2500,-0.01858783,-0.32078098,-1.00000000,-0.90188621,-0.33151536
2501,-0.01654304,-0.27918611,-1.00000000,-0.96796314,-0.33334431
2502,-0.00576438,-0.31413638,-1.00000000,-0.91244171,-0.37177406
2503,0.03100955,-0.30807111,-1.00000000,-0.92207690,-0.28200427
2504,0.00234492,-0.27609948,-1.00000000,-0.97286651,-0.26615889
2505,-0.03026429,-0.16702067,1.00000000,-0.85390987,-0.28637965
2506,-0.02207585,-0.25204568,1.00000000,-0.98897922,-0.29596112
2507,0.03262428,-0.34877109,-1.00000000,-0.85742159,-0.22948140
2508,0.00240339,-0.32448254,-1.00000000,-0.89600598,-0.27902025
2509,-0.00015701,-0.16223107,1.00000000,-0.84630120,-0.28335296
2510,0.03048017,-0.25187225,1.00000000,-0.98870372,-0.17815849
2511,0.04604180,-0.25946688,-1.00000000,-0.99928878,-0.06019547
2512,0.05134433,-0.16859091,1.00000000,-0.85640434,-0.02777695
2513,0.03455067,-0.12243202,1.00000000,-0.78307709,0.02789425
2514,0.00107900,-0.10670367,1.00000000,-0.75809129,0.03003470
2515,-0.01609337,-0.15651699,1.00000000,-0.83722391,-0.05061923
2516,0.01379837,-0.25580066,1.00000000,-0.99494431,-0.10645691
2517,0.01262163,-0.30673733,-1.00000000,-0.92419573,-0.17351511
2518,0.10971680,-0.21807245,1.00000000,-0.93500990,-0.04334586
2519,-0.02921719,-0.22156292,1.00000000,-0.94055480,-0.09581141
2520,-0.00676260,0.06644072,1.00000000,-0.48303695,-0.07965280
2521,-0.05665712,-0.34566518,-1.00000000,-0.86235558,-0.20166438
2522,-0.04784055,-0.27906039,-1.00000000,-0.96816287,-0.30637000
2523,-0.02307923,-0.42705747,-1.00000000,-0.73305713,-0.53634008
2524,0.04132409,-0.40090577,-1.00000000,-0.77460129,-0.41417993
2525,-0.02036968,-0.32745876,-1.00000000,-0.89127800,-0.43774405
2526,-0.01188479,-0.13642570,1.00000000,-0.80530721,-0.36020939
2527,0.03000277,-0.31942170,-1.00000000,-0.90404554,-0.22540390
2528,0.00122604,-0.29425384,-1.00000000,-0.94402680,-0.18331315
2529,-0.05427220,-0.17000698,1.00000000,-0.85865388,-0.34886241
2530,-0.03672156,-0.25536449,1.00000000,-0.99425143,-0.37717984
2531,-0.01778987,-0.41998332,-1.00000000,-0.74429501,-0.38740598
2532,0.06659499,-0.36792463,-1.00000000,-0.82699458,-0.32403726
2533,0.03044015,-0.31176947,-1.00000000,-0.91620175,-0.27344561
2534,-0.01387854,-0.06146717,1.00000000,-0.68622932,-0.20349373
2535,-0.02215400,-0.16870964,1.00000000,-0.85659295,-0.17826630
2536,0.03164434,-0.30016768,-1.00000000,-0.93463216,-0.09265841
2537,-0.06417486,-0.32471436,-1.00000000,-0.89563772,-0.31911964
2538,-0.01169539,-0.16513776,1.00000000,-0.85091872,-0.39208802
2539,-0.02003428,-0.44935659,-1.00000000,-0.69763311,-0.40274825
2540,0.00976537,-0.29369203,-1.00000000,-0.94491928,-0.34747174
2541,0.04474460,-0.31842683,-1.00000000,-0.90562597,-0.32478532
2542,-0.02136633,-0.23003514,1.00000000,-0.95401363,-0.25065147
2543,-0.05574018,-0.12627979,1.00000000,-0.78918958,-0.32692623
2544,-0.03541763,-0.32237798,-1.00000000,-0.89934925,-0.35356642
2545,-0.01706551,-0.42433766,-1.00000000,-0.73737777,-0.40003091
2546,-0.01493749,-0.36405692,-1.00000000,-0.83313876,-0.50338561
2547,0.02324969,-0.30962088,-1.00000000,-0.91961497,-0.42612163
2548,0.01989584,-0.30330875,-1.00000000,-0.92964232,-0.29513863
2549,-0.03293880,-0.19003797,1.00000000,-0.89047479,-0.29084590
2550,-0.00791241,-0.19998614,1.00000000,-0.90627829,-0.27499497
2551,0.04397418,-0.35670421,-1.00000000,-0.84481916,-0.17297444
2552,-0.02304253,-0.28247095,-1.00000000,-0.96274490,-0.25314118
2553,0.00754877,-0.12856499,1.00000000,-0.79281982,-0.27452326
2554,-0.11049459,-0.32734991,-1.00000000,-0.89145093,-0.40883083
2555,-0.03056417,-0.23661001,1.00000000,-0.96445836,-0.44805812
2556,-0.00604413,-0.58675014,-1.00000000,-0.47937197,-0.53467754
2557,0.05802589,-0.34966060,-1.00000000,-0.85600852,-0.39428696
2558,-0.00849087,-0.27692927,-1.00000000,-0.97154833,-0.42206367
2559,-0.00289993,-0.08688481,1.00000000,-0.72660737,-0.23573617
2560,0.02198583,-0.28418677,-1.00000000,-0.96001917,-0.14473248
2561,0.00685353,-0.26760294,-1.00000000,-0.98636398,-0.12239691
2562,0.01026562,-0.19378681,1.00000000,-0.89643013,-0.20510596
2563,-0.00201185,-0.23867225,1.00000000,-0.96773440,-0.19388589
2564,0.00475030,-0.22855130,1.00000000,-0.95165643,-0.18063758
2565,0.01433758,-0.26496871,-1.00000000,-0.99054866,-0.19388249
2566,-0.00704294,-0.24491084,1.00000000,-0.97764493,-0.21794775
2567,0.00926173,-0.21647307,1.00000000,-0.93246915,-0.21968623
2568,0.01958680,-0.27989193,-1.00000000,-0.96684188,-0.18228269
2569,0.01006663,-0.23152903,1.00000000,-0.95638681,-0.17307612
2570,-0.01877265,-0.20090283,1.00000000,-0.90773453,-0.23041488
2571,0.01858971,-0.22914155,1.00000000,-0.95259408,-0.18602544
2572,-0.03750709,-0.31468459,-1.00000000,-0.91157084,-0.26701753
2573,0.01014209,-0.20386039,1.00000000,-0.91243286,-0.28337344
2574,-0.01173188,-0.37025466,-1.00000000,-0.82329313,-0.32112310
2575,0.02037744,-0.22891772,1.00000000,-0.95223852,-0.25332478
2576,0.01051932,-0.29380026,-1.00000000,-0.94474734,-0.26730071
2577,0.00457875,-0.19855764,1.00000000,-0.90400899,-0.19441839
2578,0.00550243,-0.22779878,1.00000000,-0.95046099,-0.20245314
2579,0.03518510,-0.24541968,1.00000000,-0.97845327,-0.12120447
2580,-0.02922832,-0.24267988,1.00000000,-0.97410086,-0.20710943
2581,-0.01091423,-0.15463515,1.00000000,-0.83423445,-0.24422707
2582,-0.05804133,-0.34569818,-1.00000000,-0.86230316,-0.35266967
2583,-0.12106013,-0.29137496,-1.00000000,-0.94860013,-0.57184490
2584,0.04118504,-0.43116334,-1.00000000,-0.72653462,-0.56145448
2585,0.00802253,-0.61808963,-1.00000000,-0.42958657,-0.49694518
2586,0.00600144,-0.13683814,1.00000000,-0.80596241,-0.46765139
2587,0.03845105,-0.23520476,1.00000000,-0.96222601,-0.30055031
2588,-0.02422883,-0.24119971,1.00000000,-0.97174949,-0.13286231
2589,0.01463242,-0.14494771,1.00000000,-0.81884514,-0.17884491
2590,-0.02940485,-0.33086871,-1.00000000,-0.88586102,-0.24365992
2591,0.04206612,-0.21559849,1.00000000,-0.93107981,-0.18120476
2592,0.00358399,-0.34622181,-1.00000000,-0.86147133,-0.24158593
2593,-0.00119733,-0.13422469,1.00000000,-0.80181072,-0.20170104
2594,0.09367524,-0.24837033,1.00000000,-0.98314062,-0.06481831
2595,0.07825693,-0.26255270,-1.00000000,-0.99438671,0.12162542
2596,-0.00211226,0.01885825,1.00000000,-0.55862568,0.04511933
2597,0.02144959,-0.02687553,1.00000000,-0.63127761,0.07605815
2598,0.12349794,-0.26526656,-1.00000000,-0.99007551,0.29199970
2599,-0.08563777,-0.19537740,1.00000000,-0.89895693,-0.01852635
2600,-0.02945490,0.10731832,1.00000000,-0.41809947,-0.20505675
2601,0.06720658,-0.51301987,-1.00000000,-0.59649867,-0.08501356
2602,0.06969752,-0.34637027,-1.00000000,-0.86123549,-0.00146001
2603,0.02696159,-0.05965306,1.00000000,-0.68334746,-0.16863723
2604,-0.04128412,-0.05226444,1.00000000,-0.67161001,-0.09182761
2605,-0.03252487,-0.17902772,1.00000000,-0.87298408,-0.09714404
2606,-0.01716389,-0.38145810,-1.00000000,-0.80549553,-0.24325295
2607,-0.04325343,-0.35547641,-1.00000000,-0.84676963,-0.43885623
2608,0.04451671,-0.30991269,-1.00000000,-0.91915140,-0.40845508
2609,0.10090659,-0.38729946,-1.00000000,-0.79621605,-0.16221572
2610,0.04859945,-0.12695574,1.00000000,-0.79026339,-0.02172835
2611,-0.04100236,0.04030788,1.00000000,-0.52455115,-0.06301073
2612,-0.03509890,-0.11484552,1.00000000,-0.77102530,-0.04888908
2613,-0.03614846,-0.38062235,-1.00000000,-0.80682320,-0.18858133
2614,0.05149542,-0.36311150,-1.00000000,-0.83464065,-0.27414933
2615,0.01449693,-0.36622470,-1.00000000,-0.82969506,-0.33320651
2616,-0.00470947,-0.10625551,1.00000000,-0.75737934,-0.27035614
2617,0.01284378,-0.21600039,1.00000000,-0.93171826,-0.18733121
2618,-0.00770772,-0.27297039,-1.00000000,-0.97783733,-0.13807885
2619,0.01607315,-0.22090396,1.00000000,-0.93950799,-0.19942150
2620,-0.05078102,-0.28186382,-1.00000000,-0.96370938,-0.31246687
2621,-0.01157115,-0.21132500,1.00000000,-0.92429102,-0.32434962
2622,0.01161089,-0.40962781,-1.00000000,-0.76074560,-0.32648468
2623,-0.00140013,-0.29332351,-1.00000000,-0.94550471,-0.31556149
2624,-0.01422096,-0.22456096,1.00000000,-0.94531745,-0.36802345
2625,-0.00871262,-0.26315425,-1.00000000,-0.99343109,-0.29517132
2626,-0.03924661,-0.30118338,-1.00000000,-0.93301864,-0.34309841
2627,-0.00307638,-0.28484455,-1.00000000,-0.95897424,-0.36853315
2628,-0.03543686,-0.37541443,-1.00000000,-0.81509641,-0.42747639
2629,-0.00534480,-0.26812633,-1.00000000,-0.98553253,-0.41210506
2630,-0.02176491,-0.36411396,-1.00000000,-0.83304816,-0.43470840
2631,0.00914031,-0.27485491,-1.00000000,-0.97484361,-0.35091416
2632,-0.00953324,-0.32356022,-1.00000000,-0.89747116,-0.36209586
2633,0.00633807,-0.23188920,1.00000000,-0.95695897,-0.28975194
2634,0.00101365,-0.28727867,-1.00000000,-0.95510744,-0.27874067
2635,0.01452976,-0.24020118,1.00000000,-0.97016324,-0.21588723
2636,-0.01164983,-0.25599448,1.00000000,-0.99525222,-0.25189063
2637,-0.01317024,-0.21590301,1.00000000,-0.93156356,-0.25818902
2638,-0.00261561,-0.29355689,-1.00000000,-0.94513396,-0.27369460
2639,-0.02290656,-0.29806673,-1.00000000,-0.93796970,-0.31511854
2640,-0.01786295,-0.26675961,-1.00000000,-0.98770368,-0.37121475
2641,-0.03337073,-0.32694661,-1.00000000,-0.89209160,-0.40883000
2642,0.03098215,-0.31198624,-1.00000000,-0.91585739,-0.33236892
2643,0.02416490,-0.35798540,-1.00000000,-0.84278389,-0.28599166
2644,0.00220382,-0.16710195,1.00000000,-0.85403900,-0.24250664
2645,0.00561893,-0.18732327,1.00000000,-0.88616226,-0.20184180
2646,-0.00772761,-0.25246420,1.00000000,-0.98964408,-0.15743423
2647,0.00836408,-0.24233430,1.00000000,-0.97355188,-0.19660316
2648,-0.01861170,-0.28192281,-1.00000000,-0.96361566,-0.27068172
2649,0.00377727,-0.23419164,1.00000000,-0.96061658,-0.26795689
2650,-0.01601223,-0.31420720,-1.00000000,-0.91232922,-0.30541675
2651,-0.01478761,-0.24779704,1.00000000,-0.98222990,-0.31764292
2652,0.02928349,-0.30649663,-1.00000000,-0.92457809,-0.28141566
2653,0.01678821,-0.30286417,-1.00000000,-0.93034857,-0.22011171
2654,0.01161361,-0.17214051,1.00000000,-0.86204318,-0.20654109
2655,-0.00094799,-0.20920400,1.00000000,-0.92092164,-0.18045354
2656,0.00365304,-0.22455289,1.00000000,-0.94530462,-0.14851888
2657,-0.00565814,-0.26181311,-1.00000000,-0.99556160,-0.20902918
2658,0.00444359,-0.24816554,1.00000000,-0.98281528,-0.23040702
2659,0.02474397,-0.27578434,-1.00000000,-0.97336715,-0.20766846
2660,-0.00521432,-0.24582060,1.00000000,-0.97909015,-0.21505669
2661,0.00881281,-0.18560562,1.00000000,-0.88343362,-0.20612124
2662,-0.00286503,-0.27446790,-1.00000000,-0.97545842,-0.20128427
2663,-0.01553602,-0.23286063,1.00000000,-0.95850217,-0.23588404
2664,0.00994917,-0.26749942,-1.00000000,-0.98652843,-0.26150499
2665,-0.00775997,-0.30508410,-1.00000000,-0.92682202,-0.26591343
2666,-0.01745355,-0.22948994,1.00000000,-0.95314754,-0.31140030
2667,-0.01196737,-0.28201879,-1.00000000,-0.96346319,-0.32716332
2668,-0.00991371,-0.31077189,-1.00000000,-0.91778649,-0.31742686
2669,-0.02329126,-0.29449877,-1.00000000,-0.94363770,-0.37499113
2670,0.01556930,-0.28840721,-1.00000000,-0.95331465,-0.33459057
2671,-0.02570946,-0.32808770,-1.00000000,-0.89027888,-0.34888778
2672,-0.02185566,-0.21281953,1.00000000,-0.92666520,-0.36601188
2673,0.03522931,-0.33526056,-1.00000000,-0.87888419,-0.28783526
2674,0.01017790,-0.32382943,-1.00000000,-0.89704350,-0.22987491
2675,-0.03474792,-0.15450402,1.00000000,-0.83402613,-0.31701196
2676,0.01453431,-0.22881151,1.00000000,-0.95206979,-0.24731965
2677,-0.01425650,-0.36207044,-1.00000000,-0.83629446,-0.23415977
2678,0.03597587,-0.21588952,1.00000000,-0.93154214,-0.23286692
2679,0.03029738,-0.30128881,-1.00000000,-0.93285116,-0.19802492
2680,0.02749110,-0.15228959,1.00000000,-0.83050832,-0.09024224
2681,-0.03931236,-0.16913311,1.00000000,-0.85726567,-0.18349143
2682,0.05111648,-0.17745709,1.00000000,-0.87048901,-0.07028149
2683,-0.04615943,-0.37560947,-1.00000000,-0.81478657,-0.21251963
2684,-0.00822720,-0.10737950,1.00000000,-0.75916490,-0.27923474
2685,-0.07302688,-0.39591924,-1.00000000,-0.78252281,-0.45330717
2686,0.03646350,-0.28340470,-1.00000000,-0.96126156,-0.32208202
2687,-0.03247087,-0.47561346,-1.00000000,-0.65592188,-0.46683476
2688,-0.01640445,-0.15084318,1.00000000,-0.82821058,-0.41530645
2689,-0.02237455,-0.35531625,-1.00000000,-0.84702406,-0.43980618
2690,-0.02630337,-0.30766004,-1.00000000,-0.92272993,-0.35889254
2691,0.00256473,-0.32536855,-1.00000000,-0.89459847,-0.41759687
2692,0.05713192,-0.33702221,-1.00000000,-0.87608567,-0.26242687
2693,0.00051800,-0.25139368,1.00000000,-0.98794345,-0.23312134
2694,-0.00188666,-0.08953652,1.00000000,-0.73081984,-0.19764135
2695,-0.00539130,-0.25746468,1.00000000,-0.99758776,-0.16142680
2696,0.03613855,-0.26459739,-1.00000000,-0.99113855,-0.10328519
2697,-0.01312079,-0.27499285,-1.00000000,-0.97462449,-0.22494561
2698,-0.02624238,-0.15180703,1.00000000,-0.82974175,-0.27128801
2699,-0.01509720,-0.29792004,-1.00000000,-0.93820272,-0.29416542
2700,0.02330051,-0.33684131,-1.00000000,-0.87637304,-0.24447826
2701,-0.00812732,-0.30378249,-1.00000000,-0.92888974,-0.32113587
2702,0.01736018,-0.18988722,1.00000000,-0.89023531,-0.26835032
2703,0.02471897,-0.28310843,-1.00000000,-0.96173220,-0.18009779
2704,0.02215419,-0.20750741,1.00000000,-0.91822645,-0.11558754
2705,0.01751627,-0.18567979,1.00000000,-0.88355146,-0.12560442
2706,-0.00308012,-0.19328743,1.00000000,-0.89563683,-0.11686391
2707,0.00745668,-0.20704444,1.00000000,-0.91749098,-0.13401434
2708,0.02668835,-0.26813743,-1.00000000,-0.98551490,-0.13060386
2709,0.00101391,-0.23688317,1.00000000,-0.96489230,-0.16721362
2710,0.02568343,-0.17983822,1.00000000,-0.87427163,-0.15307010
2711,-0.01690258,-0.25599370,1.00000000,-0.99525098,-0.17700720
2712,0.01510943,-0.18281900,1.00000000,-0.87900686,-0.16375452
2713,0.02233037,-0.30913759,-1.00000000,-0.92038272,-0.17130147
2714,0.01958364,-0.21418359,1.00000000,-0.92883213,-0.13914328
2715,0.01256357,-0.19276486,1.00000000,-0.89480668,-0.16186365
2716,0.02748251,-0.20091221,1.00000000,-0.90774942,-0.08499959
2717,0.02943656,-0.22173512,1.00000000,-0.94082836,-0.06018852
2718,0.01331735,-0.17748258,1.00000000,-0.87052950,-0.07579684
2719,0.02126499,-0.17168646,1.00000000,-0.86132188,-0.07288515
2720,0.01091218,-0.21949925,1.00000000,-0.93727649,-0.07574496
2721,-0.03322278,-0.19592498,1.00000000,-0.89982680,-0.18087158
2722,0.01964707,-0.22663348,1.00000000,-0.94860982,-0.19782459
2723,0.00031474,-0.35754654,-1.00000000,-0.84348104,-0.22034192
2724,-0.01062409,-0.20072406,1.00000000,-0.90745054,-0.27556596
2725,0.00912841,-0.25806760,1.00000000,-0.99854554,-0.27865501
2726,0.07429055,-0.29051433,-1.00000000,-0.94996732,-0.09246837
2727,-0.00684504,-0.23192451,1.00000000,-0.95701505,-0.13834618
2728,0.03248748,-0.03864060,1.00000000,-0.64996742,-0.08263089
2729,-0.00391177,-0.27930492,-1.00000000,-0.96777440,-0.07100680
2730,-0.04587239,-0.16263683,1.00000000,-0.84694578,-0.16625466
2731,0.01098150,-0.27060425,-1.00000000,-0.98159615,-0.27589037
2732,-0.00508948,-0.39506783,-1.00000000,-0.78387534,-0.27285017
2733,0.03081049,-0.22642785,1.00000000,-0.94828315,-0.27575432
2734,0.00749449,-0.27409759,-1.00000000,-0.97604669,-0.25600148
2735,-0.02842668,-0.16761113,1.00000000,-0.85484788,-0.22578980
2736,-0.03862186,-0.23677102,1.00000000,-0.96471414,-0.31169063
2737,-0.03668088,-0.34332037,-1.00000000,-0.86608051,-0.36639916
2738,-0.01312739,-0.37356130,-1.00000000,-0.81804026,-0.44248876
2739,-0.05360111,-0.36780397,-1.00000000,-0.82718627,-0.54829132
2740,0.01500594,-0.29793962,-1.00000000,-0.93817163,-0.47307669
2741,-0.00024863,-0.41799275,-1.00000000,-0.74745719,-0.40662370
2742,-0.00901683,-0.21449055,1.00000000,-0.92931976,-0.35871637
2743,-0.00423466,-0.25973867,-1.00000000,-0.99885702,-0.34331634
2744,0.01642953,-0.28574687,-1.00000000,-0.95754082,-0.22204049
2745,0.00298545,-0.27156201,-1.00000000,-0.98007466,-0.24285703
2746,0.03258182,-0.21026791,1.00000000,-0.92261174,-0.18600275
2747,0.02902259,-0.25014573,1.00000000,-0.98596099,-0.12012784
2748,0.01533912,-0.16235701,1.00000000,-0.84650126,-0.08623088
2749,-0.00643899,-0.17291439,1.00000000,-0.86327255,-0.12583354
2750,0.03971172,-0.21350230,1.00000000,-0.92774984,-0.06223266
2751,-0.00584666,-0.27810051,-1.00000000,-0.96968771,-0.12878134
2752,-0.02860982,-0.14120829,1.00000000,-0.81290476,-0.22858650
2753,-0.00386213,-0.27634353,-1.00000000,-0.97247883,-0.26183834
2754,0.03088434,-0.34386360,-1.00000000,-0.86521755,-0.19720350
2755,-0.04204401,-0.27045702,-1.00000000,-0.98183003,-0.33878434
2756,0.00122900,-0.16739208,1.00000000,-0.85449989,-0.32653104
2757,-0.02350708,-0.38371210,-1.00000000,-0.80191488,-0.31769436
2758,-0.05844744,-0.25535571,1.00000000,-0.99423748,-0.41222269
2759,-0.05396118,-0.32872787,-1.00000000,-0.88926192,-0.55915427
2760,0.12149196,-0.43236793,-1.00000000,-0.72462102,-0.27595016
2761,-0.07735901,-0.41906078,-1.00000000,-0.74576054,-0.41204528
2762,0.05159863,0.10136820,1.00000000,-0.42755173,-0.28198065
2763,0.10081553,-0.48846342,-1.00000000,-0.63550864,-0.00617634
2764,-0.04421569,-0.10594936,1.00000000,-0.75689300,0.01070045
2765,-0.00785967,0.04003777,1.00000000,-0.52498024,-0.21330478
2766,0.02466278,-0.39015372,-1.00000000,-0.79168182,-0.03662812
2767,0.01390306,-0.28231453,-1.00000000,-0.96299339,-0.10190757
2768,-0.00173383,-0.18584645,1.00000000,-0.88381621,-0.27949785
2769,0.11871181,-0.21776192,1.00000000,-0.93451660,0.00265252
2770,-0.02660151,-0.26414405,-1.00000000,-0.99185871,-0.02980373
2771,-0.02723776,0.09312171,1.00000000,-0.44065197,-0.11968271
2772,-0.01534466,-0.33790656,-1.00000000,-0.87468080,-0.17033258
2773,0.00235033,-0.33979381,-1.00000000,-0.87168275,-0.16325983
2774,0.05337131,-0.30451649,-1.00000000,-0.92772372,-0.27641351
2775,-0.03386074,-0.25202964,1.00000000,-0.98895374,-0.28898470
2776,-0.04760347,-0.10069123,1.00000000,-0.74854002,-0.32425311
2777,0.00443202,-0.35943887,-1.00000000,-0.84047492,-0.29000476
2778,0.04684116,-0.40020256,-1.00000000,-0.77571839,-0.21295756
2779,0.00629412,-0.24585491,1.00000000,-0.97914466,-0.29448368
2780,-0.01875772,-0.12006095,1.00000000,-0.77931044,-0.26832896
2781,-0.04133325,-0.24033156,1.00000000,-0.97037035,-0.25747047
2782,-0.01118141,-0.31464030,-1.00000000,-0.91164120,-0.28450910
2783,-0.01522247,-0.38160383,-1.00000000,-0.80526404,-0.39198806
2784,0.04200011,-0.29216746,-1.00000000,-0.94734118,-0.33015407
2785,-0.03442902,-0.30415406,-1.00000000,-0.92829947,-0.35729291
2786,-0.03865289,-0.13442049,1.00000000,-0.80212177,-0.35265119
2787,-0.01031046,-0.36112450,-1.00000000,-0.83779716,-0.35114293
2788,0.01445299,-0.37365336,-1.00000000,-0.81789402,-0.29975232
2789,-0.00284939,-0.28958406,-1.00000000,-0.95144512,-0.37742062
2790,-0.01062739,-0.21613072,1.00000000,-0.93192530,-0.33620206
2791,0.00130697,-0.26745302,-1.00000000,-0.98660213,-0.26700139
2792,-0.00303737,-0.29052414,-1.00000000,-0.94995174,-0.25440618
2793,0.01664870,-0.25512443,1.00000000,-0.99387008,-0.25060375
2794,0.00476104,-0.26801062,-1.00000000,-0.98571634,-0.23742436
2795,0.03081618,-0.20961781,1.00000000,-0.92157900,-0.16565428
2796,0.00915456,-0.24487897,1.00000000,-0.97759430,-0.15206419
2797,-0.00694204,-0.16759425,1.00000000,-0.85482106,-0.15882611
2798,-0.00686580,-0.23184692,1.00000000,-0.95689180,-0.19954744
2799,0.01403503,-0.27959264,-1.00000000,-0.96731734,-0.18348718
2800,-0.00485462,-0.27936650,-1.00000000,-0.96767658,-0.24526024
2801,-0.04612968,-0.21737049,1.00000000,-0.93389478,-0.34099895
2802,0.03690239,-0.27340095,-1.00000000,-0.97715335,-0.26507118
2803,-0.00470822,-0.39583099,-1.00000000,-0.78266300,-0.26133478
2804,-0.02289227,-0.14954132,1.00000000,-0.82614247,-0.32528378
2805,0.02829558,-0.27296668,-1.00000000,-0.97784323,-0.26787578
2806,0.03859606,-0.32690421,-1.00000000,-0.89215895,-0.12115162
2807,0.03699842,-0.17507085,1.00000000,-0.86669827,-0.12098532
2808,0.05635871,-0.14451756,1.00000000,-0.81816181,-0.01523242
2809,0.02426299,-0.14925648,1.00000000,-0.82568998,0.06642890
2810,-0.01824058,-0.09183001,1.00000000,-0.73446323,-0.01416029
2811,0.01962549,-0.18703231,1.00000000,-0.88570004,-0.04701266
2812,-0.00449938,-0.31310638,-1.00000000,-0.91407796,-0.11887665
2813,0.01359548,-0.20078806,1.00000000,-0.90755220,-0.19293205
2814,0.01230158,-0.27234723,-1.00000000,-0.97882728,-0.21364627
2815,-0.06345046,-0.21867427,1.00000000,-0.93596595,-0.29193866
2816,-0.04335625,-0.22251223,1.00000000,-0.94206286,-0.40100755
2817,-0.00266163,-0.44720788,-1.00000000,-0.70104652,-0.39782503
2818,-0.00004004,-0.38760445,-1.00000000,-0.79573156,-0.42143840
2819,0.02868263,-0.26689611,-1.00000000,-0.98748684,-0.39307046
2820,0.03822588,-0.25911994,-1.00000000,-0.99983993,-0.21699203
2821,0.04029775,-0.17392279,1.00000000,-0.86487448,-0.07212387
2822,-0.01354498,-0.14561560,1.00000000,-0.81990613,-0.09097115
2823,0.01182349,-0.13947001,1.00000000,-0.81014335,-0.07042644
2824,-0.00005331,-0.29917828,-1.00000000,-0.93620390,-0.12019002
2825,-0.00966752,-0.22393036,1.00000000,-0.94431568,-0.20312961
2826,-0.03479495,-0.25915932,-1.00000000,-0.99977738,-0.33317172
2827,0.00739823,-0.28767695,-1.00000000,-0.95447473,-0.29690323
2828,0.01024345,-0.36220994,-1.00000000,-0.83607285,-0.29963947
2829,-0.00669061,-0.23705656,1.00000000,-0.96516775,-0.31113363
2830,0.06700171,-0.22861706,1.00000000,-0.95176090,-0.17836137
2831,-0.03044953,-0.27884685,-1.00000000,-0.96850208,-0.17083616
2832,0.00994042,-0.06026074,1.00000000,-0.68431281,-0.16643370
2833,0.02418074,-0.34932054,-1.00000000,-0.85654874,-0.14229774
2834,-0.00761700,-0.22951590,1.00000000,-0.95318877,-0.14390202
2835,-0.00567778,-0.18727628,1.00000000,-0.88608761,-0.26976503
2836,0.05502179,-0.28159470,-1.00000000,-0.96413690,-0.12174973
2837,0.00880767,-0.27584261,-1.00000000,-0.97327458,-0.12371139
2838,0.04556758,-0.09579559,1.00000000,-0.74076289,-0.08667463
2839,0.06155323,-0.23287588,1.00000000,-0.95852639,0.03311119
2840,-0.04512908,-0.12383864,1.00000000,-0.78531162,-0.03520876
2841,0.02257042,-0.07642203,1.00000000,-0.70998637,-0.09140655
2842,-0.00260648,-0.39286302,-1.00000000,-0.78737788,-0.11117304
2843,0.00503746,-0.19205281,1.00000000,-0.89367553,-0.18136125
2844,0.04042546,-0.26673251,-1.00000000,-0.98774672,-0.21794934
2845,-0.02287480,-0.24405905,1.00000000,-0.97629179,-0.17941040
2846,-0.04579558,-0.13909120,1.00000000,-0.80954158,-0.29780351
2847,-0.03915617,-0.32685239,-1.00000000,-0.89224127,-0.36109859
2848,-0.04004020,-0.39484000,-1.00000000,-0.78423728,-0.43916201
2849,0.02955980,-0.37514618,-1.00000000,-0.81552255,-0.45797866
2850,-0.06668386,-0.37776837,-1.00000000,-0.81135698,-0.53384518
2851,0.03807775,-0.17132091,1.00000000,-0.86074117,-0.38859719
2852,-0.01076801,-0.45679878,-1.00000000,-0.68581057,-0.33943587
2853,-0.02836390,-0.14605498,1.00000000,-0.82060413,-0.31921539
2854,-0.02426308,-0.29094123,-1.00000000,-0.94928915,-0.41242340
2855,-0.01851876,-0.34313415,-1.00000000,-0.86637633,-0.32901330
2856,-0.00047806,-0.33097031,-1.00000000,-0.88569961,-0.39578249
2857,-0.01740108,-0.31393152,-1.00000000,-0.91276716,-0.40726934
2858,0.08979653,-0.26041920,-1.00000000,-0.99777595,-0.20264452
2859,-0.00682403,-0.31061625,-1.00000000,-0.91803374,-0.17244437
2860,-0.05591420,0.00735322,1.00000000,-0.57690238,-0.23720406
2861,-0.01892515,-0.27924260,-1.00000000,-0.96787341,-0.26914988
2862,0.04667958,-0.42485382,-1.00000000,-0.73655782,-0.15817792
2863,-0.00692971,-0.31513694,-1.00000000,-0.91085225,-0.32568399
2864,-0.02032055,-0.12054023,1.00000000,-0.78007181,-0.34905664
2865,-0.03114151,-0.27955607,-1.00000000,-0.96737543,-0.30615643
2866,0.02988953,-0.31927597,-1.00000000,-0.90427705,-0.22162141
2867,-0.00466723,-0.35137308,-1.00000000,-0.85328810,-0.31054148
2868,-0.07852325,-0.17034287,1.00000000,-0.85918748,-0.43452389
2869,0.05555669,-0.27284512,-1.00000000,-0.97803634,-0.30312317
2870,-0.09073637,-0.49191677,-1.00000000,-0.63002270,-0.40632683
2871,0.06724908,-0.09420898,1.00000000,-0.73824242,-0.34162928
2872,0.01730360,-0.52814332,-1.00000000,-0.57247380,-0.30358119
2873,0.02068561,-0.05952702,1.00000000,-0.68314723,-0.13177585
2874,-0.03678706,-0.20767524,1.00000000,-0.91849307,-0.29169252
2875,0.03141359,-0.19764354,1.00000000,-0.90255688,-0.08015882
2876,0.02578302,-0.36811893,-1.00000000,-0.82668592,-0.15196783
2877,-0.01350947,-0.16582221,1.00000000,-0.85200603,-0.20532851
2878,-0.06919656,-0.18252360,1.00000000,-0.87853759,-0.36098233
2879,0.04423609,-0.29907297,-1.00000000,-0.93637121,-0.22067014
2880,0.03409057,-0.46425196,-1.00000000,-0.67397057,-0.21603427
2881,-0.09423619,-0.12778811,1.00000000,-0.79158569,-0.42387804
2882,0.09908772,-0.15788176,1.00000000,-0.83939195,-0.22888739
2883,-0.13073405,-0.53852449,-1.00000000,-0.55598244,-0.33545518
2884,0.04880473,0.03491273,1.00000000,-0.53312179,-0.32754342
2885,-0.06090345,-0.64678440,-1.00000000,-0.38400253,-0.49204971
2886,-0.24608448,-0.11423663,1.00000000,-0.77005802,-0.75501362
2887,-0.02797933,-0.43965295,-1.00000000,-0.71304816,-0.97506250
2888,0.03174398,-0.98893678,-1.00000000,0.15953512,-0.69369050
2889,0.10779638,-0.34199343,-1.00000000,-0.86818847,-0.59153146
2890,-0.02055749,-0.16484221,1.00000000,-0.85044922,-0.52166218
2891,0.03957281,0.06074437,1.00000000,-0.49208608,-0.02697397
2892,-0.12028490,-0.31997878,-1.00000000,-0.90316057,-0.18682453
2893,0.00393901,-0.14162033,1.00000000,-0.81355932,-0.23497590
2894,-0.03341107,-0.61579015,-1.00000000,-0.43323949,-0.47951248
2895,-0.12104792,-0.24731729,1.00000000,-0.98146777,-0.65353720
2896,0.10892915,-0.35810505,-1.00000000,-0.84259381,-0.53342908
2897,-0.10656177,-0.61805341,-1.00000000,-0.42964411,-0.50966399
2898,-0.22858317,0.06410437,1.00000000,-0.48674843,-0.91233523
2899,0.00052800,-0.57508462,-1.00000000,-0.49790363,-0.85356111
2900,-0.09215478,-0.93702438,-1.00000000,0.07706794,-0.80352529
2901,0.01357638,-0.25743501,1.00000000,-0.99754061,-0.96865283
2902,-0.06198094,-0.53235060,-1.00000000,-0.56579019,-0.89144980
2903,0.04458352,-0.21873091,1.00000000,-0.93605592,-0.41839226
2904,-0.07279457,-0.44284900,-1.00000000,-0.70797096,-0.54536894
2905,-0.01988416,-0.12675757,1.00000000,-0.78994859,-0.42021399
2906,-0.01395546,-0.47492438,-1.00000000,-0.65701654,-0.46789237
2907,-0.04291377,-0.31798155,-1.00000000,-0.90633335,-0.43487271
2908,0.00539041,-0.30039584,-1.00000000,-0.93426972,-0.50274555
2909,0.08412318,-0.38629195,-1.00000000,-0.79781656,-0.23100257
2910,-0.03268749,-0.24301216,1.00000000,-0.97462871,-0.25317480
2911,0.00125248,-0.00947505,1.00000000,-0.60363550,-0.22683840
2912,0.04105924,-0.35595878,-1.00000000,-0.84600334,-0.08141780
2913,-0.04097253,-0.25528608,1.00000000,-0.99412687,-0.16170700
2914,-0.01954670,-0.13721128,1.00000000,-0.80655518,-0.34123775
2915,-0.05377969,-0.38053387,-1.00000000,-0.80696376,-0.37776426
2916,-0.00565802,-0.31698057,-1.00000000,-0.90792349,-0.38973153
2917,0.02019442,-0.41852246,-1.00000000,-0.74661571,-0.42586427
2918,-0.01611045,-0.27578399,-1.00000000,-0.97336770,-0.38280925
2919,0.01738978,-0.19910049,1.00000000,-0.90487136,-0.31884436
2920,-0.02368293,-0.30678797,-1.00000000,-0.92411527,-0.26672416
2921,0.01820791,-0.20741963,1.00000000,-0.91808700,-0.22539424
2922,0.03843638,-0.32924946,-1.00000000,-0.88843333,-0.19380365
2923,0.03769378,-0.20499288,1.00000000,-0.91423191,-0.10062795
2924,-0.06815245,-0.14499121,1.00000000,-0.81891424,-0.24876606
2925,-0.02375884,-0.14719390,1.00000000,-0.82241340,-0.24889752
2926,-0.02097786,-0.46115492,-1.00000000,-0.67889048,-0.31675763
2927,-0.02601406,-0.32947463,-1.00000000,-0.88807563,-0.42836996
2928,0.06695940,-0.32122567,-1.00000000,-0.90117978,-0.37768910
2929,-0.02559542,-0.33616407,-1.00000000,-0.87744889,-0.30399080
2930,-0.08673254,-0.06038625,1.00000000,-0.68451219,-0.41304577
2931,0.09779749,-0.33492230,-1.00000000,-0.87942154,-0.20735607
2932,-0.07363752,-0.51626717,-1.00000000,-0.59134006,-0.28982819
2933,-0.02297410,0.03108567,1.00000000,-0.53920140,-0.44557091
2934,0.02854215,-0.47742473,-1.00000000,-0.65304452,-0.35181795
2935,-0.03181816,-0.32714694,-1.00000000,-0.89177335,-0.25671974
2936,-0.05388949,-0.17433948,1.00000000,-0.86553642,-0.51940430
2937,0.01768414,-0.35338018,-1.00000000,-0.85009966,-0.36125763
2938,-0.00891247,-0.41884814,-1.00000000,-0.74609834,-0.33690634
2939,-0.06539590,-0.20654649,1.00000000,-0.91669995,-0.49958393
2940,-0.09857206,-0.28543733,-1.00000000,-0.95803255,-0.61518527
2941,-0.04297418,-0.45297843,-1.00000000,-0.69187951,-0.59628263
2942,-0.00124290,-0.55138554,-1.00000000,-0.53555160,-0.62905962
2943,0.00529015,-0.38647114,-1.00000000,-0.79753191,-0.60446418
2944,0.03676881,-0.26268788,-1.00000000,-0.99417197,-0.42754002
2945,-0.01510807,-0.24330954,1.00000000,-0.97510113,-0.28300090
2946,-0.05535522,-0.14993755,1.00000000,-0.82677191,-0.30444183
2947,-0.05893983,-0.30381471,-1.00000000,-0.92883855,-0.40435873
2948,0.02695990,-0.42319579,-1.00000000,-0.73919172,-0.36683204
2949,0.00276415,-0.43382846,-1.00000000,-0.72230084,-0.42571975
2950,-0.00944190,-0.17903273,1.00000000,-0.87299204,-0.41590735
2951,0.01415633,-0.25080215,1.00000000,-0.98700376,-0.29553043
2952,0.06408339,-0.28700774,-1.00000000,-0.95553784,-0.08248445
2953,-0.02829508,-0.21701069,1.00000000,-0.93332320,-0.17817251
2954,0.02192726,-0.06891706,1.00000000,-0.69806410,-0.14498671
2955,0.02726885,-0.34293003,-1.00000000,-0.86670060,-0.08141271
2956,-0.00404799,-0.19396054,1.00000000,-0.89670612,-0.11293812
2957,0.06362994,-0.17811633,1.00000000,-0.87153627,-0.11372339
2958,0.04586488,-0.27100832,-1.00000000,-0.98095425,0.01470343
2959,-0.06791882,-0.07026211,1.00000000,-0.70020082,-0.14088790
2960,0.08076420,-0.12295680,1.00000000,-0.78391074,-0.04824711
2961,0.03111559,-0.46046194,-1.00000000,-0.67999134,0.01264757
2962,0.04416278,-0.01943848,1.00000000,-0.61946323,-0.02106475
2963,-0.05263803,-0.16670612,1.00000000,-0.85341020,-0.19164756
2964,-0.02146458,-0.12800556,1.00000000,-0.79193111,-0.11120024
2965,0.12535924,-0.41513604,-1.00000000,-0.75199531,-0.03397259
2966,-0.05653620,-0.32266939,-1.00000000,-0.89888631,-0.18576394
2967,-0.02656535,0.11283930,1.00000000,-0.40932892,-0.30824767
2968,0.05580316,-0.42669880,-1.00000000,-0.73362691,-0.12045420
2969,0.02848786,-0.33779929,-1.00000000,-0.87485121,-0.03394886
2970,0.16661922,-0.09347788,1.00000000,-0.73708101,0.03750329
2971,0.01186793,-0.17450051,1.00000000,-0.86579224,0.15596242
2972,-0.00188847,0.23522463,1.00000000,-0.21490960,0.19869671
2973,-0.01721497,-0.22379852,1.00000000,-0.94410624,0.07224725
2974,-0.06529297,-0.26460276,-1.00000000,-0.99113002,-0.09015808
2975,0.02111911,-0.31006421,-1.00000000,-0.91891071,-0.34212850
2976,-0.08948350,-0.45267313,-1.00000000,-0.69236451,-0.51764426
2977,0.03351698,-0.19635768,1.00000000,-0.90051417,-0.45633072
2978,0.01101030,-0.52442707,-1.00000000,-0.57837738,-0.40745149
2979,-0.06563540,-0.15958313,1.00000000,-0.84209472,-0.40804450
2980,-0.02420698,-0.22634242,1.00000000,-0.94814744,-0.48653815
2981,0.02437002,-0.45368886,-1.00000000,-0.69075094,-0.28937184
2982,-0.01861250,-0.33080391,-1.00000000,-0.88596396,-0.37964730
2983,-0.05762257,-0.18671483,1.00000000,-0.88519571,-0.49850256
2984,0.02637663,-0.31420957,-1.00000000,-0.91232545,-0.33916033
2985,0.09386499,-0.42992118,-1.00000000,-0.72850788,-0.13468871
2986,-0.17498471,-0.18076283,1.00000000,-0.87574046,-0.47992209
2987,-0.07880199,0.01942109,1.00000000,-0.55773157,-0.58415547
2988,-0.01806168,-0.77804068,-1.00000000,-0.17549095,-0.51564574
2989,-0.01397203,-0.49274357,-1.00000000,-0.62870927,-0.58551970
2990,-0.11199499,-0.31257571,-1.00000000,-0.91492097,-0.94201857
2991,-0.13661228,-0.30044499,-1.00000000,-0.93419163,-0.87556695
2992,-0.08326582,-0.59120063,-1.00000000,-0.47230201,-0.88329721
2993,-0.00456348,-0.66422040,-1.00000000,-0.35630399,-0.85992165
2994,-0.00023802,-0.50598418,-1.00000000,-0.60767544,-0.83613772
2995,-0.19558462,-0.27253737,-1.00000000,-0.97852523,-0.98089440
2996,0.02827274,-0.25970718,-1.00000000,-0.99890705,-0.69535410
2997,-0.05671825,-0.83914411,-1.00000000,-0.07842306,-0.64938025
2998,-0.05802510,-0.17513860,1.00000000,-0.86680590,-0.74196262
2999,-0.04101033,-0.42723882,-1.00000000,-0.73276904,-0.81257024
3000,-0.01098036,-0.43111517,-1.00000000,-0.72661113,-0.49288105
3001,0.00570161,-0.38064598,-1.00000000,-0.80678566,-0.53196868
3002,-0.00987699,-0.29157110,-1.00000000,-0.94828855,-0.45085113
3003,-0.03104814,-0.24208905,1.00000000,-0.97316228,-0.40413368
3004,-0.08351500,-0.28829830,-1.00000000,-0.95348767,-0.47774132
3005,-0.08296240,-0.35109615,-1.00000000,-0.85372803,-0.60239652
3006,0.06931979,-0.50672330,-1.00000000,-0.60650130,-0.49222548
3007,-0.09195087,-0.50508418,-1.00000000,-0.60910517,-0.63435726
3008,-0.04314170,-0.05338486,1.00000000,-0.67338990,-0.65530033
3009,0.10877642,-0.53174578,-1.00000000,-0.56675100,-0.32229886
3010,-0.05998125,-0.38696805,-1.00000000,-0.79674252,-0.28250116
3011,-0.06034444,0.06365137,1.00000000,-0.48746806,-0.50704774
3012,-0.04339189,-0.43691751,-1.00000000,-0.71739363,-0.42295551
3013,-0.04025009,-0.43799482,-1.00000000,-0.71568223,-0.41794796
3014,-0.01917973,-0.38771015,-1.00000000,-0.79556363,-0.63953657
3015,-0.01679015,-0.37839097,-1.00000000,-0.81036793,-0.56474021
3016,-0.02087448,-0.31589208,-1.00000000,-0.90965264,-0.49638792
3017,0.01854875,-0.30880411,-1.00000000,-0.92091247,-0.38912197
3018,-0.00983919,-0.32091903,-1.00000000,-0.90166691,-0.33645777
3019,-0.14119834,-0.20398189,1.00000000,-0.91262587,-0.54776399
3020,0.09379774,-0.28818618,-1.00000000,-0.95366577,-0.35625294
3021,0.04584379,-0.67782357,-1.00000000,-0.33469422,-0.24071331
3022,0.00755651,0.01922162,1.00000000,-0.55804843,-0.25974916
3023,-0.03613400,-0.12301937,1.00000000,-0.78401013,-0.30528531
3024,0.00910739,-0.23658705,1.00000000,-0.96442189,-0.04499274
3025,0.01152240,-0.36618183,-1.00000000,-0.82976317,-0.18747341
3026,0.02663901,-0.23198683,1.00000000,-0.95711405,-0.22073136
3027,0.01510092,-0.22482344,1.00000000,-0.94573442,-0.20766631
3028,0.18218860,-0.17998456,1.00000000,-0.87450411,0.17041477
3029,-0.05427238,-0.21420885,1.00000000,-0.92887225,0.06065659
3030,-0.07845688,0.28140652,1.00000000,-0.14154581,-0.09516539
3031,0.13837767,-0.41998385,-1.00000000,-0.74429416,0.09833849
3032,-0.03090143,-0.49171990,-1.00000000,-0.63033545,0.01867373
3033,-0.12826315,0.15145456,1.00000000,-0.34798536,-0.51895237
3034,0.20665415,-0.35066098,-1.00000000,-0.85441934,-0.06709177
3035,0.04704039,-0.63945522,-1.00000000,-0.39564555,0.15023863
3036,0.25437992,0.35397621,1.00000000,-0.02626279,0.35112601
3037,-0.01848956,-0.11947001,1.00000000,-0.77837169,0.37262032
3038,-0.09326027,0.49554034,1.00000000,0.19862366,0.43323670
3039,0.11383126,-0.31384489,-1.00000000,-0.91290477,0.27249028
3040,-0.07161436,-0.53562970,-1.00000000,-0.56058106,0.06700943
3041,-0.15969453,0.07864503,1.00000000,-0.46364938,-0.65006572
3042,-0.05700554,-0.47142364,-1.00000000,-0.66257776,-0.71676592
3043,-0.09640074,-0.73268698,-1.00000000,-0.24753911,-0.72220446
3044,0.07879196,-0.42809096,-1.00000000,-0.73141535,-0.78288392
3045,-0.18260859,-0.54494499,-1.00000000,-0.54578295,-0.97509864
3046,0.10287642,-0.02528853,1.00000000,-0.62875653,-0.52039031
3047,-0.06980113,-0.80065464,-1.00000000,-0.13956679,-0.54254912
3048,0.04342001,0.04615078,1.00000000,-0.51526922,-0.30041395
3049,0.06668888,-0.46604522,-1.00000000,-0.67112183,-0.32137350
3050,-0.02607522,-0.13020877,1.00000000,-0.79543110,-0.05029618
3051,0.09788993,-0.06118866,1.00000000,-0.68578689,-0.05893155
3052,0.00536477,-0.33634547,-1.00000000,-0.87716072,0.07123730
3053,0.12430291,0.03135986,1.00000000,-0.53876584,0.21130660
3054,-0.10570062,-0.24308820,1.00000000,-0.97474950,-0.08722963
3055,-0.07018736,0.10970604,1.00000000,-0.41430638,-0.16362100
3056,-0.05074874,-0.57253026,-1.00000000,-0.50196144,-0.42102664
3057,-0.02754896,-0.46719086,-1.00000000,-0.66930189,-0.47802513
3058,-0.00243426,-0.40953206,-1.00000000,-0.76089771,-0.69750276
3059,0.04162346,-0.34071687,-1.00000000,-0.87021638,-0.44237368
3060,0.03028219,-0.26622169,-1.00000000,-0.98855821,-0.26838512
3061,-0.00153513,-0.13553769,1.00000000,-0.80389653,-0.18315925
3062,-0.05999131,-0.16917817,1.00000000,-0.85733725,-0.23934143
3063,0.05997104,-0.26355468,-1.00000000,-0.99279498,-0.13127079
3064,-0.12137176,-0.43694736,-1.00000000,-0.71734622,-0.41353843
3065,0.10313162,-0.08111513,1.00000000,-0.71744175,-0.28738112
3066,-0.01841362,-0.61901398,-1.00000000,-0.42811816,-0.31661052
3067,0.05570465,0.04690777,1.00000000,-0.51406668,-0.11625356
3068,0.09694553,-0.31361965,-1.00000000,-0.91326259,-0.05222283
