seq_idx,target_return,feat_logret,feat_sign,feat_absret,feat_rollmean
0,-0.01755315,-0.15776317,-1.00000000,-0.93940518,0.03413723
1,0.00602615,-0.12397582,-1.00000000,-0.99954065,0.05084258
2,0.02364195,-0.17792823,-1.00000000,-0.90351495,0.09641681
3,-0.02629810,-0.10510012,1.00000000,-0.96688168,0.06050257
4,0.00438673,-0.05069114,1.00000000,-0.87004338,0.07101768
5,-0.01245723,-0.20493829,-1.00000000,-0.85544186,0.08300011
6,-0.00501753,-0.11016370,1.00000000,-0.97589395,0.05703230
7,0.00979360,-0.16218872,-1.00000000,-0.93152848,0.02446966
8,0.00433696,-0.13921011,-1.00000000,-0.97242631,0.09650415
9,-0.00052154,-0.09346378,1.00000000,-0.94617106,0.08496296
10,0.01358752,-0.11031743,1.00000000,-0.97616757,0.14620392
11,-0.02011748,-0.12532362,-1.00000000,-0.99714181,0.11069827
12,0.02361011,-0.08174572,1.00000000,-0.92531500,0.14318606
13,0.00507829,-0.18584853,-1.00000000,-0.88941822,0.14492920
14,0.01253928,-0.05078947,1.00000000,-0.87021838,0.17564010
15,0.02274360,-0.10802772,1.00000000,-0.97209229,0.19716948
16,0.04251963,-0.08498335,1.00000000,-0.93107741,0.34445280
17,-0.00248360,-0.05346581,1.00000000,-0.87498180,0.28309670
18,0.00523142,0.00761534,1.00000000,-0.76626820,0.28345678
19,-0.00475236,-0.13138372,-1.00000000,-0.98635591,0.24279767
20,-0.03186816,-0.10755474,1.00000000,-0.97125047,0.11438495
21,0.01105020,-0.13839110,-1.00000000,-0.97388402,0.04038854
22,0.00882139,-0.22214223,-1.00000000,-0.82482190,0.06697081
23,-0.00425020,-0.08958259,1.00000000,-0.93926323,0.04467597
24,0.01851360,-0.09646659,1.00000000,-0.95151553,0.09938295
25,0.01883926,-0.13684012,-1.00000000,-0.97664449,0.21861509
26,-0.03271898,-0.06653078,1.00000000,-0.89823512,0.11569733
27,0.00452815,-0.06552496,1.00000000,-0.89644493,0.10560232
28,0.03267401,-0.22477012,-1.00000000,-0.82014473,0.19242496
29,0.00030063,-0.10972689,1.00000000,-0.97511650,0.14959944
30,-0.02027272,-0.02279431,1.00000000,-0.82039197,0.05763253
31,0.00718904,-0.12278421,1.00000000,-0.99835622,0.15147126
32,0.00249094,-0.18632802,-1.00000000,-0.88856483,0.14668100
33,-0.01780842,-0.10150834,1.00000000,-0.96048895,0.02797790
34,0.00534322,-0.11601912,1.00000000,-0.98631556,0.03983491
35,0.03211701,-0.17871667,-1.00000000,-0.90211167,0.16302278
36,-0.01504222,-0.10720944,1.00000000,-0.97063589,0.11074876
37,-0.00381906,-0.02451469,1.00000000,-0.82345394,0.09591159
38,0.04002977,-0.17017284,-1.00000000,-0.91731817,0.23191083
39,0.02223067,-0.13550848,-1.00000000,-0.97901457,0.27161955
40,0.03171732,-0.00007497,1.00000000,-0.77995560,0.27067973
41,0.01398020,-0.05505009,1.00000000,-0.87780152,0.33892230
42,-0.11453527,-0.02574918,1.00000000,-0.82565112,0.07858702
43,-0.01059317,-0.08053288,1.00000000,-0.92315636,-0.04044647
44,0.00747122,-0.47747166,-1.00000000,-0.37038092,-0.07515146
45,0.09681800,-0.15643132,-1.00000000,-0.94177563,0.07792462
46,-0.04811639,-0.10063679,1.00000000,-0.95893775,-0.06808772
47,-0.00272705,0.17532377,1.00000000,-0.46777703,0.19481528
48,0.00751556,-0.27232726,-1.00000000,-0.73550146,0.23739571
49,-0.00815083,-0.13213564,-1.00000000,-0.98501761,0.20066241
50,0.07042240,-0.10049983,1.00000000,-0.95869399,0.13859648
51,-0.03080461,-0.14888779,-1.00000000,-0.95520177,0.17930297
52,0.00291195,0.09379712,1.00000000,-0.61287997,0.19256237
53,0.00535515,-0.21885729,-1.00000000,-0.83066851,0.18748243
54,0.01368191,-0.11471877,1.00000000,-0.98400117,0.23881939
55,0.00166495,-0.10717258,1.00000000,-0.97057028,0.07714486
56,0.00114914,-0.08145417,1.00000000,-0.92479609,0.15228009
57,0.04579168,-0.11857032,1.00000000,-0.99085624,0.25310639
58,0.01313369,-0.12016348,1.00000000,-0.99369177,0.27139663
59,0.02418639,0.01772153,1.00000000,-0.74828099,0.29609659
60,-0.01684495,-0.08314744,1.00000000,-0.92780982,0.25257289
61,0.01093701,-0.04900955,1.00000000,-0.86705044,0.27558785
62,-0.04545375,-0.17574084,-1.00000000,-0.90740811,0.06103567
63,0.04751262,-0.08993220,1.00000000,-0.93988547,0.14187341
64,-0.08613875,-0.26410331,-1.00000000,-0.75013864,-0.11754232
65,0.01728936,0.02303690,1.00000000,-0.73882057,-0.03727978
66,-0.04002266,-0.38976487,-1.00000000,-0.52648340,-0.15710506
67,-0.07097173,-0.07031205,1.00000000,-0.90496510,-0.21710738
68,-0.12149482,-0.24732859,-1.00000000,-0.77999466,-0.61450718
69,0.06152487,-0.34291931,-1.00000000,-0.60986017,-0.26729469
70,0.11933479,-0.49896727,-1.00000000,-0.33212256,-0.02734765
71,-0.16009609,0.06631580,1.00000000,-0.66179183,-0.30968526
72,0.01164336,0.24487018,1.00000000,-0.34399678,-0.11542623
73,-0.06133847,-0.61819292,-1.00000000,-0.11992211,0.02602389
74,0.02531276,-0.08775052,1.00000000,-0.93600248,-0.05912435
75,0.00482331,-0.31316559,-1.00000000,-0.66281650,-0.32838373
76,0.03520814,-0.04553059,1.00000000,-0.86085852,0.13084966
77,-0.01687702,-0.10881525,1.00000000,-0.97349395,0.06378756
78,0.01384746,-0.01496728,1.00000000,-0.80646125,0.24057784
79,0.07262941,-0.17583989,-1.00000000,-0.90723182,0.35183701
80,-0.05070132,-0.08094287,1.00000000,-0.92388606,0.22127780
81,-0.05018254,0.10061380,1.00000000,-0.60074749,0.02049233
82,0.04929882,-0.28031120,-1.00000000,-0.72129148,0.17609651
83,0.02644081,-0.27870886,-1.00000000,-0.72414336,0.20570820
84,-0.00609906,0.02855385,1.00000000,-0.72900139,0.02058806
85,0.02405297,-0.04204646,1.00000000,-0.85465738,0.19636340
86,0.05063663,-0.14255061,-1.00000000,-0.96648083,0.43342702
87,-0.02185127,-0.04942164,1.00000000,-0.86778389,0.26612652
88,-0.02902777,0.03268586,1.00000000,-0.72164713,0.13569913
89,-0.00832064,-0.19120359,-1.00000000,-0.87988717,0.13047538
90,0.00246963,-0.21336925,-1.00000000,-0.84043624,0.07972485
91,0.03078024,-0.14941226,-1.00000000,-0.95426831,0.03303505
92,0.06998533,-0.11608495,1.00000000,-0.98643272,0.24897729
93,-0.04493397,-0.02864349,1.00000000,-0.83080248,0.21157584
94,0.05909198,0.09244715,1.00000000,-0.61528267,0.37008816
95,-0.03993397,-0.26249789,-1.00000000,-0.75299600,0.27038142
96,-0.05352989,0.05880147,1.00000000,-0.67516600,0.07213672
97,0.10225203,-0.24705464,-1.00000000,-0.78048223,0.14800783
98,-0.09914913,-0.28904765,-1.00000000,-0.70574215,0.02052769
99,0.04454534,0.19210757,1.00000000,-0.43790484,-0.01367692
100,0.00972169,-0.42994931,-1.00000000,-0.45496225,0.10308212
101,0.23277287,0.01387203,1.00000000,-0.75513241,0.77628715
102,0.04849719,-0.09368590,1.00000000,-0.94656641,0.64988939
103,-0.14836898,0.59524025,1.00000000,0.27959963,0.53415508
104,0.07361037,0.02607790,1.00000000,-0.73340814,0.60249785
105,0.04787479,-0.58197201,-1.00000000,-0.18438888,0.69221009
106,-0.00658890,0.10364361,1.00000000,-0.59535496,0.12938093
107,0.01615285,0.02415554,1.00000000,-0.73682959,0.05332727
108,0.02370113,-0.14406352,-1.00000000,-0.96378811,0.45792854
109,-0.01204000,-0.07382232,1.00000000,-0.91121277,0.25653244
110,-0.05733794,-0.05050836,1.00000000,-0.86971805,0.00913791
111,0.02244229,-0.16090006,-1.00000000,-0.93382207,0.07740110
112,-0.01764985,-0.30080935,-1.00000000,-0.68480842,-0.00208171
113,-0.03837170,-0.05439646,1.00000000,-0.87663817,-0.14803819
114,-0.04715393,-0.17822691,-1.00000000,-0.90298336,-0.23060419
115,-0.03702918,-0.24222936,-1.00000000,-0.78907037,-0.18285069
116,0.00212420,-0.26935457,-1.00000000,-0.74079233,-0.23062614
117,-0.07682044,-0.23808277,-1.00000000,-0.79645057,-0.36975836
118,-0.01530821,-0.11715187,1.00000000,-0.98833164,-0.31552745
119,-0.01835160,-0.36098391,-1.00000000,-0.57770839,-0.24780238
120,0.00931553,-0.17099440,-1.00000000,-0.91585594,-0.13882861
121,-0.01997528,-0.18039436,-1.00000000,-0.89912568,-0.19079277
122,0.03812716,-0.09494037,1.00000000,-0.94879914,0.07949210
123,-0.01283584,-0.18540933,-1.00000000,-0.89019992,0.08530556
124,0.04126792,-0.00595146,1.00000000,-0.79041470,0.22549338
125,0.09276635,-0.16335813,-1.00000000,-0.92944714,0.42171752
126,0.07069606,0.00374924,1.00000000,-0.77314917,0.63491981
127,0.05178040,0.16280968,1.00000000,-0.49004989,0.66702369
128,-0.00052062,0.09464235,1.00000000,-0.61137560,0.69598140
129,-0.02040021,0.03621857,1.00000000,-0.71535955,0.55097653
130,-0.09751089,-0.12532076,-1.00000000,-0.99714689,0.10356346
131,0.04119937,-0.18672178,-1.00000000,-0.88786400,0.03420568
132,0.03894024,-0.42488938,-1.00000000,-0.46396802,0.00401367
133,0.02329143,0.00353751,1.00000000,-0.77352602,0.06000471
134,-0.04035017,-0.00344013,1.00000000,-0.78594498,0.01309487
135,0.05542765,-0.05177378,1.00000000,-0.87197028,0.37271066
136,0.03316228,-0.24834016,-1.00000000,-0.77819424,0.35381246
137,-0.02800619,0.04748364,1.00000000,-0.69530973,0.19639633
138,-0.01846004,-0.02128621,1.00000000,-0.81770782,0.09822300
139,-0.01979959,-0.21021396,-1.00000000,-0.84605210,0.14654512
140,-0.06457825,-0.18072927,-1.00000000,-0.89852960,-0.13563369
141,0.03117737,-0.18486668,-1.00000000,-0.89116575,-0.14030095
142,0.00992828,-0.32317210,-1.00000000,-0.64500669,-0.05110280
143,0.00913688,-0.02741688,1.00000000,-0.82861933,0.01378790
144,-0.07183723,-0.09304780,1.00000000,-0.94543070,-0.10857209
145,-0.00216182,-0.09549215,1.00000000,-0.94978121,0.03819231
146,0.01774767,-0.34559253,-1.00000000,-0.60510232,0.00661405
147,-0.03481905,-0.13038985,-1.00000000,-0.98812482,-0.09860368
148,-0.03717064,-0.06889648,1.00000000,-0.90244564,-0.20749002
149,-0.01186817,-0.23125646,-1.00000000,-0.80860018,-0.06648030
150,0.02008605,-0.23851971,-1.00000000,-0.79567289,-0.01416723
151,-0.02655061,-0.16036933,-1.00000000,-0.93476667,-0.11832907
152,0.00610378,-0.06167406,1.00000000,-0.88959102,-0.02210418
153,-0.06465923,-0.20571818,-1.00000000,-0.85405379,-0.08674014
154,-0.02602874,-0.10486034,1.00000000,-0.96645491,-0.12003695
155,-0.01758301,-0.32342222,-1.00000000,-0.64456152,-0.20861102
156,0.02068573,-0.20410633,-1.00000000,-0.85692259,-0.09754071
157,-0.09442742,-0.17802046,-1.00000000,-0.90335080,-0.33392721
158,-0.01724447,-0.05982186,1.00000000,-0.88629443,-0.22243735
159,-0.04224458,-0.41536562,-1.00000000,-0.48091862,-0.26056685
160,-0.00028138,-0.17697482,-1.00000000,-0.90521185,-0.21988422
161,-0.02152639,-0.25419130,-1.00000000,-0.76778025,-0.31914073
162,0.01858389,-0.12458183,-1.00000000,-0.99846206,-0.05340882
163,-0.02004286,-0.19020016,-1.00000000,-0.88167310,-0.05998889
164,0.00049781,-0.06631370,1.00000000,-0.89784875,0.04051448
165,0.00056164,-0.18561806,-1.00000000,-0.88982842,0.04249673
166,-0.02082943,-0.12217519,1.00000000,-0.99727227,0.04413555
167,-0.01148168,-0.12197805,1.00000000,-0.99692139,-0.02655986
168,-0.01823604,-0.18804748,-1.00000000,-0.88550449,-0.02231135
169,0.02149669,-0.15917561,-1.00000000,-0.93689129,0.02706487
170,0.00963826,-0.18003743,-1.00000000,-0.89976095,0.04840740
171,-0.01623168,-0.05731709,1.00000000,-0.88183639,0.05921843
172,0.03504249,-0.09394358,1.00000000,-0.94702503,0.16861418
173,0.02245231,-0.17384666,-1.00000000,-0.91077942,0.26428773
174,-0.04574865,-0.01547891,1.00000000,-0.80737186,0.10616874
175,0.08066356,-0.05436553,1.00000000,-0.87658312,0.27317582
176,0.01932115,-0.26501416,-1.00000000,-0.74851749,0.35677383
177,-0.02993484,0.12542843,1.00000000,-0.55658187,0.20398778
178,-0.09433876,-0.06403657,1.00000000,-0.89379587,-0.07063175
179,0.05127895,-0.21617089,-1.00000000,-0.83544981,0.15751649
180,-0.05431464,-0.41509178,-1.00000000,-0.48140600,-0.15986780
181,0.18038348,0.03466978,1.00000000,-0.71811611,0.21885007
182,-0.12198361,-0.29147144,-1.00000000,-0.70142823,0.00240895
183,0.02292840,0.43342796,1.00000000,-0.00839747,0.27814796
184,0.03841295,-0.50047694,-1.00000000,-0.32943561,0.24789516
185,0.00485419,-0.05289504,1.00000000,-0.87396592,0.38702323
186,0.00277451,-0.00506875,1.00000000,-0.78884364,-0.03060197
187,-0.01020423,-0.10871988,1.00000000,-0.97332421,0.23223322
188,-0.02233813,-0.11514327,1.00000000,-0.98475670,0.12579465
189,-0.09450697,-0.15522999,-1.00000000,-0.94391377,-0.18674986
190,-0.04572043,-0.19270734,-1.00000000,-0.87721076,-0.30566973
191,-0.08046168,-0.41561134,-1.00000000,-0.48048130,-0.50138920
192,-0.00011807,-0.26492698,-1.00000000,-0.74867265,-0.47767286
193,-0.02448763,-0.37223041,-1.00000000,-0.55769162,-0.48272713
194,0.00166416,-0.12407742,-1.00000000,-0.99935983,-0.25659278
195,-0.02946793,-0.19934637,-1.00000000,-0.86539447,-0.21837707
196,-0.06997892,-0.11857275,1.00000000,-0.99086057,-0.19372817
197,0.00082784,-0.21472876,-1.00000000,-0.83801655,-0.19150400
198,-0.01218827,-0.33985287,-1.00000000,-0.61531788,-0.16258360
199,-0.02805150,-0.12115586,1.00000000,-0.99545804,-0.23245626
200,-0.01522731,-0.16135801,-1.00000000,-0.93300701,-0.19897123
201,0.01974793,-0.21035392,-1.00000000,-0.84580299,0.01201021
202,-0.01694897,-0.17074453,-1.00000000,-0.91630065,-0.02978973
203,0.04014468,-0.06271838,1.00000000,-0.89144972,0.09326463
204,0.03054293,-0.17606214,-1.00000000,-0.90683626,0.23104210
205,-0.00112683,0.00027995,1.00000000,-0.77932389,0.26419761
206,-0.02888107,-0.02937645,1.00000000,-0.83210701,0.14985261
207,0.00169553,-0.12719314,-1.00000000,-0.99381439,0.19369283
208,0.03599011,-0.21291615,-1.00000000,-0.84124267,0.18392387
209,-0.01041964,-0.11847585,1.00000000,-0.99068811,0.08760553
210,-0.04353150,-0.01255206,1.00000000,-0.80216259,-0.01210372
211,0.03059626,-0.15589533,-1.00000000,-0.94272960,0.12774975
212,-0.01712735,-0.25816614,-1.00000000,-0.76070574,0.08349010
213,-0.04299302,-0.02921174,1.00000000,-0.83181387,-0.10222881
214,-0.03494674,-0.17661308,-1.00000000,-0.90585569,-0.15990122
215,0.00091840,-0.25650298,-1.00000000,-0.76366587,-0.05538287
216,-0.04479476,-0.23165087,-1.00000000,-0.80789821,-0.23265540
217,-0.01094179,-0.12087615,1.00000000,-0.99496021,-0.21811084
218,0.02602779,-0.26206792,-1.00000000,-0.75376127,-0.05581706
219,-0.02935259,-0.15750808,-1.00000000,-0.93985918,-0.04266312
220,-0.06538931,-0.04332213,1.00000000,-0.85692785,-0.19857739
221,-0.00033107,-0.21437252,-1.00000000,-0.83865060,-0.09402659
222,0.00620668,-0.32567720,-1.00000000,-0.64054805,-0.05370409
223,-0.03645413,-0.12473531,-1.00000000,-0.99818890,-0.20062247
224,-0.00979714,-0.10454250,1.00000000,-0.96588922,-0.15464028
225,-0.03542522,-0.23630665,-1.00000000,-0.79961175,-0.08418347
226,0.01988499,-0.15397264,-1.00000000,-0.94615164,-0.03664795
227,-0.01228482,-0.23312872,-1.00000000,-0.80526789,-0.08012840
228,0.02831743,-0.06229506,1.00000000,-0.89069629,0.07217380
229,0.00971844,-0.16165621,-1.00000000,-0.93247625,0.11806222
230,-0.00193039,-0.03625022,1.00000000,-0.84434111,0.19682113
231,-0.02307262,-0.09369594,1.00000000,-0.94658427,0.09581171
232,-0.00157430,-0.12967503,-1.00000000,-0.98939706,0.12099614
233,0.01682083,-0.19497590,-1.00000000,-0.87317313,0.09396332
234,-0.05454241,-0.12857522,-1.00000000,-0.99135452,-0.05713800
235,0.07629605,-0.07175916,1.00000000,-0.90754070,0.12680166
236,0.07086809,-0.29217495,-1.00000000,-0.70017611,0.34769145
237,0.05753867,0.11193875,1.00000000,-0.58059108,0.48668819
238,-0.07410145,0.09517369,1.00000000,-0.61042992,0.27289586
239,0.02945625,0.05400384,1.00000000,-0.68370493,0.47040815
240,-0.09500804,-0.35258590,-1.00000000,-0.59265535,0.06760806
241,-0.01804577,-0.03273283,1.00000000,-0.83808078,-0.14146171
242,-0.00348819,-0.41715897,-1.00000000,-0.47772678,-0.28495872
243,-0.00055310,-0.17944974,-1.00000000,-0.90080694,-0.11201900
244,0.07482875,-0.13448655,-1.00000000,-0.98083342,-0.00533124
245,-0.05274991,-0.12542108,-1.00000000,-0.99696835,0.09403347
246,-0.03716869,0.10740678,1.00000000,-0.58865718,0.04906831
247,0.02896376,-0.28663854,-1.00000000,-0.71002993,0.12537500
248,-0.02078216,-0.23851368,-1.00000000,-0.79568362,0.07780891
249,-0.03029206,-0.03425395,1.00000000,-0.84078810,-0.16936949
250,0.09428326,-0.18790148,-1.00000000,-0.88576433,0.17636055
251,-0.14237586,-0.21727420,-1.00000000,-0.83348613,-0.07102092
252,0.01315068,0.16749486,1.00000000,-0.48171109,-0.10820339
253,0.04253533,-0.56346140,-1.00000000,-0.21733447,0.04067973
254,-0.08114982,-0.08309496,1.00000000,-0.92771641,-0.07890593
255,-0.04233193,0.00766381,1.00000000,-0.76618193,-0.40013942
256,0.04736843,-0.37435583,-1.00000000,-0.55390875,0.04602047
257,-0.14448650,-0.25446112,-1.00000000,-0.76730003,-0.32464359
258,0.07787462,0.02259155,1.00000000,-0.73961322,-0.24154767
259,0.15201553,-0.56998042,-1.00000000,-0.20573178,0.30671142
260,0.02991605,0.11681439,1.00000000,-0.57191332,0.47659350
261,0.02108110,0.34580943,1.00000000,-0.16434288,0.41478214
262,-0.14481401,-0.03131265,1.00000000,-0.83555310,0.41401204
263,-0.01014812,-0.05860071,1.00000000,-0.88412100,0.20703762
264,-0.00643936,-0.57099198,-1.00000000,-0.20393138,-0.16554918
265,-0.21831276,-0.15505669,-1.00000000,-0.94422223,-0.74922811
266,-0.05341792,-0.14360165,-1.00000000,-0.96461016,-0.92440321
267,0.22418795,-0.79800362,-1.00000000,0.20010897,-0.05674138
268,0.11421826,-0.28870182,-1.00000000,-0.70635767,0.23569054
269,-0.11407445,0.56872448,1.00000000,0.23240627,-0.01739989
270,0.03061559,0.22906702,1.00000000,-0.37212360,0.56792391
271,0.07854870,-0.47604836,-1.00000000,-0.37291413,0.87822688
272,0.05680203,-0.02915204,1.00000000,-0.83170760,0.48463988
273,0.00429908,0.11889639,1.00000000,-0.56820774,0.22617872
274,-0.04851819,0.05172861,1.00000000,-0.68775443,0.38032605
275,-0.06884794,-0.11043443,1.00000000,-0.97637580,0.14645005
276,-0.03974873,-0.27356826,-1.00000000,-0.73329270,-0.13171151
277,0.01962036,-0.33635967,-1.00000000,-0.62153517,-0.21913955
278,-0.02135169,-0.24648250,-1.00000000,-0.78150055,-0.27945411
279,0.03210769,-0.06311242,1.00000000,-0.89215104,-0.08987247
280,0.10646062,-0.18966056,-1.00000000,-0.88263349,0.32234362
281,0.09272268,-0.02454346,1.00000000,-0.82350516,0.63383350
282,-0.11958113,0.20510643,1.00000000,-0.41476919,0.30651868
283,0.02268822,0.16267478,1.00000000,-0.49028998,0.41007301
284,0.09542749,-0.49305653,-1.00000000,-0.34264263,0.55896158
285,-0.05050905,-0.05363686,1.00000000,-0.87528623,0.18986708
286,0.05795723,0.17102899,1.00000000,-0.47542097,0.10812049
287,-0.01862923,-0.27971734,-1.00000000,-0.72234844,0.34549622
288,-0.03344433,0.05529662,1.00000000,-0.68140400,0.21350756
289,-0.00241157,-0.18125184,-1.00000000,-0.89759952,-0.01654872
290,-0.00315842,-0.22701045,-1.00000000,-0.81615733,0.09479036
291,-0.02339041,-0.13116125,-1.00000000,-0.98675186,-0.09648841
292,0.01100807,-0.13346798,-1.00000000,-0.98264628,-0.02680003
293,0.02741641,-0.19595745,-1.00000000,-0.87142614,0.11630637
294,0.00155404,-0.08971272,1.00000000,-0.93949485,0.12563101
295,-0.02744764,-0.03903316,1.00000000,-0.84929423,0.06851795
296,0.00954611,-0.11891288,1.00000000,-0.99146594,0.14596403
297,0.00122831,-0.20848879,-1.00000000,-0.84912258,0.12296816
298,0.02437873,-0.09422821,1.00000000,-0.94753162,0.11582543
299,-0.11555243,-0.11991893,1.00000000,-0.99325653,-0.15953574
300,0.00774297,-0.04841549,1.00000000,-0.86599311,-0.07678943
301,0.02666471,-0.48061331,-1.00000000,-0.36478933,-0.03653718
302,0.01848730,-0.09979745,1.00000000,-0.95744386,0.00404516
303,-0.02076017,-0.04135490,1.00000000,-0.85342653,-0.10209330
304,0.10321392,-0.06661204,1.00000000,-0.89837973,0.41230832
305,-0.11239180,-0.18783358,-1.00000000,-0.88588520,0.12982646
306,0.02999998,0.19507850,1.00000000,-0.43261712,0.13766892
307,0.00443929,-0.47085126,-1.00000000,-0.38216406,0.10463678
308,-0.05082853,-0.03105344,1.00000000,-0.83509177,0.03393480
309,-0.07909160,-0.11000137,1.00000000,-0.97560504,-0.39473375
310,0.36382050,-0.28070410,-1.00000000,-0.72059218,0.72501974
311,-0.12813572,-0.36799871,-1.00000000,-0.56522330,0.35318348
312,0.00187151,1.00000000,1.00000000,1.00000000,0.34714569
313,-0.09143125,-0.51947865,-1.00000000,-0.29561594,0.25167350
314,0.01762946,-0.11793231,1.00000000,-0.98972069,0.47910095
315,0.07346234,-0.40611151,-1.00000000,-0.49738929,-0.20363985
316,0.01373565,-0.06926158,1.00000000,-0.90309545,0.12995289
317,0.07982387,0.10318640,1.00000000,-0.59616871,0.31324807
318,0.06864494,-0.08128819,1.00000000,-0.92450068,0.68964713
319,-0.14253239,0.12283492,1.00000000,-0.56119784,0.31304662
320,-0.03050077,0.08830716,1.00000000,-0.62265112,0.06859041
321,-0.06138960,-0.56394487,-1.00000000,-0.21647398,-0.10805719
322,-0.08433512,-0.21791885,-1.00000000,-0.83233876,-0.49405645
323,-0.03121244,-0.31332349,-1.00000000,-0.66253547,-0.72885854
324,0.06166598,-0.38419409,-1.00000000,-0.53639841,-0.24871169
325,0.01963154,-0.22011693,-1.00000000,-0.82842657,-0.13083184
326,0.04288162,0.06675163,1.00000000,-0.66101612,0.11434884
327,-0.00039306,-0.06307788,1.00000000,-0.89208956,0.31172807
328,-0.01330756,0.00873339,1.00000000,-0.76427828,0.35382916
329,0.06177660,-0.12492676,-1.00000000,-0.99784814,0.35408928
330,0.00498466,-0.16481509,-1.00000000,-0.92685401,0.31964898
331,0.01346088,0.06709331,1.00000000,-0.66040800,0.25046980
332,0.05205623,-0.10831690,1.00000000,-0.97260698,0.37379772
333,0.03933758,-0.08213686,1.00000000,-0.92601117,0.49758617
334,0.00545644,0.03707053,1.00000000,-0.71384321,0.36515636
335,-0.02444646,-0.00221288,1.00000000,-0.78376069,0.29595279
336,0.01245893,-0.10685975,1.00000000,-0.97001351,0.29359683
337,0.01848903,-0.19921920,-1.00000000,-0.86562080,0.21466775
338,-0.04464893,-0.08523153,1.00000000,-0.93151912,0.01718399
339,0.02209390,-0.06660669,1.00000000,-0.89837023,0.05630490
340,-0.03882107,-0.26161751,-1.00000000,-0.75456293,0.02250480
341,0.01871438,-0.05547251,1.00000000,-0.87855335,0.03721371
342,-0.00128081,-0.24361730,-1.00000000,-0.78660009,-0.00927259
343,-0.01274483,-0.06591065,1.00000000,-0.89713139,0.06574590
344,0.00464616,-0.12766874,-1.00000000,-0.99296791,0.02471973
345,-0.03949056,-0.16307703,-1.00000000,-0.92994745,0.02314550
346,0.01377116,-0.10936241,1.00000000,-0.97446779,0.01152212
347,-0.01621043,-0.24568513,-1.00000000,-0.78291973,-0.02358299
348,-0.00582752,-0.08117852,1.00000000,-0.92430549,-0.00731780
349,0.02158774,-0.17378103,-1.00000000,-0.91089623,0.03251819
350,0.00259685,-0.14171191,-1.00000000,-0.96797357,0.13148146
351,0.01905530,-0.05703587,1.00000000,-0.88133586,0.14390645
352,0.01834572,-0.11569201,1.00000000,-0.98573335,0.22516090
353,0.01812747,-0.06485769,1.00000000,-0.89525731,0.28148805
354,-0.00963401,-0.06704931,1.00000000,-0.89915801,0.20807403
355,0.00774384,-0.06772343,1.00000000,-0.90035781,0.22017653
356,0.00207799,-0.15346880,-1.00000000,-0.94704838,0.18025654
357,0.03076714,-0.09979477,1.00000000,-0.95743910,0.20946394
358,0.00937760,-0.11729457,1.00000000,-0.98858563,0.18888974
359,-0.01882201,-0.02868395,1.00000000,-0.83087448,0.16728531
360,-0.01386590,-0.09474866,1.00000000,-0.94845792,0.11647272
361,-0.00655558,-0.18184727,-1.00000000,-0.89653975,0.09617194
362,0.00274172,-0.16653961,-1.00000000,-0.92378466,0.03027369
363,-0.02467579,-0.14396063,-1.00000000,-0.96397123,-0.04979859
364,0.02971264,-0.11524454,1.00000000,-0.98493694,0.06432454
365,-0.09479847,-0.19992753,-1.00000000,-0.86436010,-0.12597825
366,0.01619634,-0.03194093,1.00000000,-0.83667133,-0.07247996
367,-0.00919369,-0.41651169,-1.00000000,-0.47887883,-0.10054458
368,-0.00442144,-0.07368800,1.00000000,-0.91097369,-0.05291903
369,-0.01351268,-0.15210880,-1.00000000,-0.94946894,-0.15455794
370,0.04212235,-0.13736903,-1.00000000,-0.97570311,0.16739419
371,0.00472030,-0.16544863,-1.00000000,-0.92572642,0.14040972
372,0.01589085,0.00638826,1.00000000,-0.76845219,0.19939286
373,-0.03135056,-0.10913343,1.00000000,-0.97406025,0.13607242
374,0.06404233,-0.07463154,1.00000000,-0.91265303,0.31843330
375,-0.02329603,-0.22054354,-1.00000000,-0.82766727,0.16461020
376,0.01167324,0.07409135,1.00000000,-0.64795274,0.18095917
377,0.04113681,-0.19566594,-1.00000000,-0.87194499,0.24032188
378,0.03063307,-0.08765826,1.00000000,-0.93583826,0.38606861
379,0.01836399,0.00334429,1.00000000,-0.77386991,0.27866172
380,-0.00065613,-0.02909805,1.00000000,-0.83161152,0.33189660
381,0.01684633,-0.06699288,1.00000000,-0.89905757,0.34406049
382,0.06140249,-0.12573931,-1.00000000,-0.99640195,0.39171268
383,0.07405999,-0.07168039,1.00000000,-0.90740050,0.49382564
384,0.02061470,0.06593779,1.00000000,-0.66246461,0.49911789
385,-0.03178010,0.10503234,1.00000000,-0.59288327,0.42593379
386,0.01199766,-0.06004125,1.00000000,-0.88668491,0.41453274
387,0.00330669,-0.22187022,-1.00000000,-0.82530602,0.27792776
388,0.00675675,-0.08665623,1.00000000,-0.93405483,0.11967265
389,0.01381273,-0.11349956,1.00000000,-0.98183120,0.10367868
390,-0.01351143,-0.10284353,1.00000000,-0.96286535,0.14663515
391,-0.02997376,-0.08105011,1.00000000,-0.92407695,0.04794463
392,0.00107730,-0.16544479,-1.00000000,-0.92573326,0.04270249
393,-0.01418395,-0.21629108,-1.00000000,-0.83523591,-0.00653695
394,-0.01368537,-0.12038537,1.00000000,-0.99408671,-0.07119529
395,-0.01470818,-0.16752196,-1.00000000,-0.92203627,-0.07400929
396,0.02175981,-0.16598202,-1.00000000,-0.92477708,0.04763571
397,-0.03179958,-0.16914111,-1.00000000,-0.91915446,-0.02967013
398,-0.02382889,-0.05650440,1.00000000,-0.88038993,-0.05234899
399,-0.07586105,-0.22193039,-1.00000000,-0.82519894,-0.19854730
400,0.04053609,-0.19731175,-1.00000000,-0.86901573,-0.06864732
401,0.07632771,-0.35802069,-1.00000000,-0.58298240,0.05966225
402,0.06967348,0.00148889,1.00000000,-0.77717219,0.29826342
403,-0.00497223,0.11203654,1.00000000,-0.58041704,0.34260248
404,-0.00139644,0.09148397,1.00000000,-0.61699695,0.51769668
405,-0.04192048,-0.13907021,-1.00000000,-0.97267532,0.32381038
406,0.01030556,-0.12802586,-1.00000000,-0.99233229,0.16856755
407,-0.01141947,-0.25319029,-1.00000000,-0.76956187,-0.02211236
408,-0.00733863,-0.09188254,1.00000000,-0.94335674,-0.02767666
409,0.00680698,-0.15898347,-1.00000000,-0.93723326,-0.00838734
410,0.02257102,-0.14637920,-1.00000000,-0.95966662,0.14325635
411,0.00356426,-0.10268839,1.00000000,-0.96258922,0.12740503
412,-0.00081895,-0.05399885,1.00000000,-0.87593050,0.15233082
413,-0.02281323,-0.11270403,1.00000000,-0.98041529,0.11594425
414,-0.00572992,-0.12624221,-1.00000000,-0.99550687,0.08646529
415,0.00165749,-0.19417475,-1.00000000,-0.87459904,0.03728973
416,-0.00063778,-0.14141044,-1.00000000,-0.96851012,0.02740917
417,0.00831406,-0.11859337,1.00000000,-0.99089726,0.04888431
418,0.02356601,-0.12568263,-1.00000000,-0.99650283,0.15793927
419,0.01925474,-0.09803357,1.00000000,-0.95430447,0.21668756
420,-0.01969497,-0.05092570,1.00000000,-0.87046085,0.16647995
421,-0.01446787,-0.06424167,1.00000000,-0.89416091,0.13396022
422,0.00526068,-0.18454353,-1.00000000,-0.89174089,0.12678058
423,0.01597283,-0.16839889,-1.00000000,-0.92047549,0.10892616
424,-0.03043955,-0.10746438,1.00000000,-0.97108965,-0.00792374
425,0.00923619,-0.07437835,1.00000000,-0.91220239,0.06010425
426,-0.02219760,-0.21772976,-1.00000000,-0.83267531,0.04192877
427,-0.00357565,-0.09518543,1.00000000,-0.94923529,0.02115124
428,-0.00918334,-0.19227328,-1.00000000,-0.87798331,-0.03800032
429,0.01203259,-0.13475669,-1.00000000,-0.98035262,0.06186759
430,0.00769674,-0.15207684,-1.00000000,-0.94952583,0.05824775
431,-0.00616810,-0.08654835,1.00000000,-0.93386282,0.09593911
432,-0.00812814,-0.09994026,1.00000000,-0.95769804,0.08523451
433,0.01239647,-0.14276383,-1.00000000,-0.96610133,0.13597673
434,-0.03051351,-0.14881771,-1.00000000,-0.95532650,0.03593491
435,-0.02050688,-0.08542443,1.00000000,-0.93186245,-0.03038235
436,0.01367865,-0.21795820,-1.00000000,-0.83226873,0.01628479
437,0.02067630,-0.18705124,-1.00000000,-0.88727761,0.08401482
438,-0.02197846,-0.08146425,1.00000000,-0.92481403,0.00318646
439,0.00446716,-0.05985099,1.00000000,-0.88634627,0.08543913
440,0.00675764,-0.19159645,-1.00000000,-0.87918795,0.14954824
441,0.02288182,-0.10991527,1.00000000,-0.97545179,0.17118833
442,0.00853475,-0.10284078,1.00000000,-0.96286046,0.14263901
443,0.02438110,-0.05303892,1.00000000,-0.87422200,0.25164771
444,0.03723622,-0.09735193,1.00000000,-0.95309127,0.32870005
445,0.01192678,-0.04840816,1.00000000,-0.86598008,0.34085463
446,0.03155941,-0.00870324,1.00000000,-0.79531237,0.36125889
447,0.02701274,-0.08687515,1.00000000,-0.93444447,0.40470756
448,-0.00590664,-0.02623691,1.00000000,-0.82651920,0.33348975
449,-0.02831743,-0.04027996,1.00000000,-0.85151332,0.17934855
450,0.01050683,-0.14195626,-1.00000000,-0.96753866,0.17600971
451,0.07892857,-0.21117528,-1.00000000,-0.84434112,0.28739236
452,-0.04350480,-0.09126087,1.00000000,-0.94225028,0.12157921
453,-0.00779806,0.12006967,1.00000000,-0.56611949,0.11713178
454,-0.01118069,-0.25808368,-1.00000000,-0.76085250,0.15742667
455,-0.02749683,-0.14779819,-1.00000000,-0.95714107,0.06806583
456,-0.01000923,-0.15824595,-1.00000000,-0.93854591,-0.14106025
457,0.00391184,-0.20864073,-1.00000000,-0.84885216,-0.02956597
458,0.00275321,-0.15462771,-1.00000000,-0.94498574,-0.00475599
459,-0.00831138,-0.11163048,1.00000000,-0.97850455,0.00199084
460,0.00203185,-0.11520906,1.00000000,-0.98487379,0.07142382
461,-0.00956624,-0.14938366,-1.00000000,-0.95431922,0.07246543
462,-0.02445799,-0.11743710,1.00000000,-0.98883931,0.00575734
463,0.03168090,-0.15325950,-1.00000000,-0.94742091,0.07377718
464,-0.03116568,-0.19925484,-1.00000000,-0.86555739,0.02003815
465,0.02591257,-0.02586166,1.00000000,-0.82585131,0.07619067
466,0.01395010,-0.21997251,-1.00000000,-0.82868361,0.13148641
467,-0.00360857,-0.04367800,1.00000000,-0.85756124,0.18051120
468,-0.00620814,-0.08062583,1.00000000,-0.92332179,0.09141987
469,-0.00484293,-0.13485836,-1.00000000,-0.98017166,0.15331452
470,-0.00387573,-0.14288750,-1.00000000,-0.96588121,0.08327108
471,0.02494431,-0.13867084,-1.00000000,-0.97338612,0.10912258
472,-0.01399376,-0.13568351,-1.00000000,-0.97870304,0.08470312
473,-0.00273992,-0.04666861,1.00000000,-0.86288399,0.09285821
474,0.00850755,-0.16693451,-1.00000000,-0.92308182,0.12425018
475,0.01088260,-0.13217539,-1.00000000,-0.98494687,0.15895255
476,-0.00612209,-0.09743595,1.00000000,-0.95324082,0.08590381
477,-0.04628321,-0.09010024,1.00000000,-0.94018457,0.00997920
478,-0.07280129,-0.14262172,-1.00000000,-0.96635426,-0.15476133
479,0.02689609,-0.26666522,-1.00000000,-0.74557889,-0.11152297
480,0.01291495,-0.34857017,-1.00000000,-0.59980264,-0.10674417
481,-0.02682307,-0.04064024,1.00000000,-0.85215456,-0.15541993
482,0.02966470,-0.08382305,1.00000000,-0.92901228,0.02316207
483,-0.01029088,-0.20655972,-1.00000000,-0.85255598,0.17014745
484,-0.03883080,-0.03208900,1.00000000,-0.83693486,0.01559891
485,-0.00538836,-0.15549764,-1.00000000,-0.94343742,-0.02743901
486,0.01971374,-0.24364735,-1.00000000,-0.78654661,0.08198646
487,0.02026135,-0.14035548,-1.00000000,-0.97038777,0.05987567
488,0.00307493,-0.06282399,1.00000000,-0.89163769,0.09130370
489,0.01047857,-0.06113260,1.00000000,-0.88862732,0.20724851
490,-0.01181549,-0.11421538,1.00000000,-0.98310522,0.19213590
491,0.00031227,-0.09134815,1.00000000,-0.94240562,0.14651579
492,-0.01706806,-0.16020663,-1.00000000,-0.93505625,0.05874035
493,0.03445628,-0.12274826,1.00000000,-0.99829222,0.13252966
494,-0.01369891,-0.17642995,-1.00000000,-0.90618163,0.07567934
495,0.01680759,-0.01728949,1.00000000,-0.81059437,0.14298294
496,0.02096493,-0.16602384,-1.00000000,-0.92470265,0.19154508
497,-0.01052299,-0.07180005,1.00000000,-0.90761347,0.20693499
498,0.00027190,-0.05895950,1.00000000,-0.88475958,0.12655470
499,-0.00292972,-0.15621455,-1.00000000,-0.94216144,0.15187710
500,-0.02807175,-0.12287295,1.00000000,-0.99851416,0.04634894
501,-0.00246014,-0.13276162,-1.00000000,-0.98390349,-0.00873218
502,0.01392842,-0.21041647,-1.00000000,-0.84569166,0.04876225
503,0.01316840,-0.13131126,-1.00000000,-0.98648486,0.07908675
504,-0.01218554,-0.08069279,1.00000000,-0.92344097,0.05732285
505,0.00450629,-0.08304023,1.00000000,-0.92761900,0.13392604
506,0.01001045,-0.16134956,-1.00000000,-0.93302203,0.16324907
507,0.01914389,-0.10979441,1.00000000,-0.97523668,0.17551260
508,0.00043851,-0.09279402,1.00000000,-0.94497901,0.14557986
509,0.00106257,-0.06458405,1.00000000,-0.89477028,0.17673113
510,0.03304040,-0.12235835,1.00000000,-0.99759825,0.24382549
511,0.01522238,-0.12043085,1.00000000,-0.99416765,0.25608070
512,-0.02636878,-0.02166266,1.00000000,-0.81837784,0.14906336
513,-0.03774485,-0.07669621,1.00000000,-0.91632777,0.05927998
514,-0.00055513,-0.20515658,-1.00000000,-0.85505333,0.05547615
515,0.03191398,-0.24029323,-1.00000000,-0.79251634,0.05282751
516,0.02192808,-0.12542737,-1.00000000,-0.99695715,0.06859513
517,0.01398966,-0.02514178,1.00000000,-0.82457005,0.16349293
518,0.00959403,-0.05598466,1.00000000,-0.87946490,0.27480437
519,0.02619819,-0.08050365,1.00000000,-0.92310434,0.33771145
520,-0.00567857,-0.09408019,1.00000000,-0.94726817,0.24931730
521,0.02018751,-0.04279582,1.00000000,-0.85599110,0.24522455
522,-0.02404193,-0.14125185,-1.00000000,-0.96879239,0.15579805
523,-0.06509013,-0.06136069,1.00000000,-0.88903327,-0.01981239
524,0.03541484,-0.19796975,-1.00000000,-0.86784461,0.00185940
525,-0.02459197,-0.32475314,-1.00000000,-0.64219272,-0.04261308
526,-0.05283510,-0.01432885,1.00000000,-0.80532497,-0.21431660
527,0.00945739,-0.19966864,-1.00000000,-0.86482088,-0.13554716
528,-0.02443355,-0.28690169,-1.00000000,-0.70956158,-0.03994830
529,0.00348909,-0.09450223,1.00000000,-0.94801932,-0.11501770
530,-0.01067508,-0.19917933,-1.00000000,-0.86569177,-0.08229388
531,0.02754795,-0.11293620,1.00000000,-0.98082850,0.10671678
532,0.04750826,-0.15668431,-1.00000000,-0.94132536,0.19618864
533,-0.17586606,-0.03862689,1.00000000,-0.84857115,-0.15988591
534,-0.03447716,0.02302345,1.00000000,-0.73884451,-0.24915878
535,-0.02422648,-0.66690076,-1.00000000,-0.03323080,-0.28102319
536,0.00652458,-0.23020049,-1.00000000,-0.81047962,-0.33045700
537,-0.06378941,-0.19853978,-1.00000000,-0.86683007,-0.59215951
538,-0.01758626,-0.10356063,1.00000000,-0.96414166,-0.21998441
539,0.06950624,-0.32073566,-1.00000000,-0.64934313,0.02451950
540,-0.08114571,-0.17803048,-1.00000000,-0.90333296,-0.10931892
541,-0.05176579,0.09096741,1.00000000,-0.61791634,-0.24638141
542,-0.08243578,-0.37434312,-1.00000000,-0.55393138,-0.29022602
543,-0.02493005,-0.28359895,-1.00000000,-0.71543987,-0.30749403
544,0.03169605,-0.37832770,-1.00000000,-0.54683953,-0.39639995
545,-0.04236336,-0.20071286,-1.00000000,-0.86296236,-0.30520813
546,-0.01504033,-0.02581488,1.00000000,-0.82576805,-0.21885282
547,-0.04120272,-0.25455819,-1.00000000,-0.76712725,-0.12189845
548,-0.03896220,-0.17016700,-1.00000000,-0.91732857,-0.15489329
549,0.00562367,-0.25097338,-1.00000000,-0.77350758,-0.21619920
550,-0.00004146,-0.24405320,-1.00000000,-0.78582427,-0.11668455
551,0.00175915,-0.10634321,1.00000000,-0.96909416,-0.07718269
552,-0.00299711,-0.12384080,-1.00000000,-0.99978095,0.01265302
553,-0.02534975,-0.11827936,1.00000000,-0.99033839,0.04466099
554,-0.01884329,-0.13296976,-1.00000000,-0.98353303,-0.01287001
555,0.00063770,-0.20200915,-1.00000000,-0.86065520,-0.01127305
556,-0.01376203,-0.18191301,-1.00000000,-0.89642275,-0.04776915
557,-0.00854827,-0.12174312,1.00000000,-0.99650326,-0.06082200
558,0.01350311,-0.16621878,-1.00000000,-0.92435569,0.03053561
559,0.02690478,-0.15011532,-1.00000000,-0.95301698,0.13810646
560,-0.07067988,-0.08200643,1.00000000,-0.92577902,-0.02958788
561,0.01603940,-0.04061342,1.00000000,-0.85210681,0.04048644
562,0.03075307,-0.34201788,-1.00000000,-0.61146456,0.13289860
563,0.04321239,-0.07417273,1.00000000,-0.91183642,0.20275626
564,-0.02735332,-0.02872740,1.00000000,-0.83095182,0.07517515
565,-0.04054008,0.00975503,1.00000000,-0.76245994,0.14604510
566,-0.06741425,-0.20819747,-1.00000000,-0.84964108,-0.05018569
567,0.01453541,-0.24892672,-1.00000000,-0.77715027,-0.08831950
568,0.01686829,-0.33193151,-1.00000000,-0.62941650,-0.15026434
569,0.03157688,-0.07881803,1.00000000,-0.92010423,-0.01169736
570,0.01114956,-0.07161257,1.00000000,-0.90727979,0.10984434
571,0.02754180,-0.02618293,1.00000000,-0.82642312,0.33312157
572,-0.01204222,-0.08927572,1.00000000,-0.93871706,0.27062761
573,-0.01772013,-0.03864589,1.00000000,-0.84860497,0.18929727
574,-0.03321491,-0.16090692,-1.00000000,-0.93380986,0.03694750
575,0.01026824,-0.17844396,-1.00000000,-0.90259705,0.03487520
576,-0.04746356,-0.22630185,-1.00000000,-0.81741851,-0.14149049
577,-0.18072102,-0.09199779,1.00000000,-0.94356186,-0.53811752
578,0.07668140,-0.27031089,-1.00000000,-0.73909024,-0.31614416
579,-0.14638686,-0.68189603,-1.00000000,-0.00654189,-0.58225380
580,-0.05895605,0.11312897,1.00000000,-0.57847272,-0.74502604
581,-0.02172781,-0.57584995,-1.00000000,-0.19528506,-0.68451165
582,0.10694469,-0.30580712,-1.00000000,-0.67591326,-0.00810181
583,-0.03246952,-0.19082227,-1.00000000,-0.88056585,-0.26475651
584,0.04424548,0.20660156,1.00000000,-0.41210813,0.18349151
585,0.05832841,-0.22399961,-1.00000000,-0.82151610,0.45927121
586,0.08131206,0.01294586,1.00000000,-0.75678082,0.70155654
587,0.00083529,0.05644307,1.00000000,-0.67936352,0.45205359
588,0.03219263,0.12743141,1.00000000,-0.55301691,0.60409853
589,0.09939551,-0.12113283,1.00000000,-0.99541705,0.73377692
590,-0.00094936,-0.02428111,1.00000000,-0.82303821,0.59439267
591,-0.06739248,0.18328481,1.00000000,-0.45360779,0.24473261
592,-0.04696571,-0.12664499,-1.00000000,-0.99479000,0.13233453
593,-0.05133444,-0.33186427,-1.00000000,-0.62953617,-0.06406891
594,-0.00890445,-0.26877323,-1.00000000,-0.74182702,-0.31872268
595,-0.02489552,-0.28226668,-1.00000000,-0.71781107,-0.37502907
596,0.03224832,-0.15121544,-1.00000000,-0.95105898,-0.14073622
597,0.01573994,-0.20060621,-1.00000000,-0.86315218,0.00670825
598,0.09108586,-0.02410910,1.00000000,-0.82273206,0.34159173
599,-0.01147854,-0.07509766,1.00000000,-0.91348264,0.33553908
600,-0.02002728,0.15761923,1.00000000,-0.49928795,0.34698614
601,-0.05806330,-0.15916589,-1.00000000,-0.93690858,0.13462969
602,0.02888231,-0.18556993,-1.00000000,-0.88991408,0.16553234
603,-0.04658285,-0.30304973,-1.00000000,-0.68082094,-0.15817837
604,0.01251356,-0.03450551,1.00000000,-0.84123583,-0.10176396
605,0.00215458,-0.26759070,-1.00000000,-0.74393171,-0.04960609
606,0.02999753,-0.08506280,1.00000000,-0.93121881,0.15745790
607,0.05664319,-0.11705801,1.00000000,-0.98816459,0.22273412
608,-0.00459238,-0.03106099,1.00000000,-0.83510520,0.32146944
609,-0.01691096,0.05123801,1.00000000,-0.68862762,0.25228136
610,-0.01610486,-0.13789700,-1.00000000,-0.97476343,0.20934657
611,-0.06964992,-0.17594473,-1.00000000,-0.90704522,-0.02496192
612,0.01060831,-0.17345497,-1.00000000,-0.91147656,-0.13320716
613,-0.00255640,-0.33883671,-1.00000000,-0.61712648,-0.12841981
614,0.02041517,-0.09094745,1.00000000,-0.94169244,-0.04065208
615,0.01608037,-0.13160858,-1.00000000,-0.98595570,0.03502744
616,0.01041582,-0.06065751,1.00000000,-0.88778174,0.22329199
617,0.04207676,-0.07404619,1.00000000,-0.91161121,0.29728610
618,-0.05834122,-0.09154197,1.00000000,-0.94275058,0.16611509
619,-0.04531730,0.00624745,1.00000000,-0.76870280,0.01155343
620,0.01180231,-0.30390814,-1.00000000,-0.67929311,0.00149413
621,0.03798022,-0.26368185,-1.00000000,-0.75088875,0.06630834
622,-0.03765556,-0.08725958,1.00000000,-0.93512869,-0.12117219
623,-0.02187794,-0.00640531,1.00000000,-0.79122246,-0.03543335
624,0.03697422,-0.24001745,-1.00000000,-0.79300719,0.15806482
625,0.00550755,-0.19128596,-1.00000000,-0.87974057,0.14326349
626,-0.01226856,-0.00951249,1.00000000,-0.79675269,0.02510980
627,-0.00386223,-0.10670187,1.00000000,-0.96973250,0.10457058
628,0.02033731,-0.16160598,-1.00000000,-0.93256565,0.20383443
629,0.00796871,-0.13564181,-1.00000000,-0.97877726,0.13563163
630,0.03771889,-0.06089801,1.00000000,-0.88820978,0.21137253
631,0.05088194,-0.09910022,1.00000000,-0.95620293,0.35986301
632,-0.03466837,-0.00721246,1.00000000,-0.79265905,0.28742623
633,-0.00214455,0.03344355,1.00000000,-0.72029858,0.23456297
634,0.00189793,-0.23079108,-1.00000000,-0.80942847,0.22028828
635,-0.00557770,-0.13033650,-1.00000000,-0.98821977,0.11848178
636,0.05036000,-0.11785073,1.00000000,-0.98957549,0.11725451
637,-0.01253347,-0.14094030,-1.00000000,-0.96934689,0.16930195
638,-0.00063405,0.03183147,1.00000000,-0.72316781,0.17285369
639,0.01386027,-0.16242421,-1.00000000,-0.93110935,0.20098163
640,-0.00767152,-0.12567111,-1.00000000,-0.99652333,0.19605828
641,-0.00510622,-0.08090330,1.00000000,-0.92381564,0.06563641
642,0.00147189,-0.14740737,-1.00000000,-0.95783666,0.09856826
643,0.01815210,-0.13948407,-1.00000000,-0.97193873,0.14274153
644,-0.01279667,-0.11916660,1.00000000,-0.99191752,0.08006108
645,0.02462880,-0.06764736,1.00000000,-0.90022242,0.15601124
646,0.03693645,-0.16323714,-1.00000000,-0.92966248,0.25486930
647,0.01998967,-0.04764311,1.00000000,-0.86461841,0.29841154
648,0.00954805,-0.00962913,1.00000000,-0.79696030,0.27818021
649,-0.02161059,-0.06197174,1.00000000,-0.89012083,0.25745539
650,-0.00666664,-0.09422220,1.00000000,-0.94752092,0.18386810
651,-0.02315301,-0.19046021,-1.00000000,-0.88121026,0.04257527
652,-0.04863549,-0.14430363,-1.00000000,-0.96336076,-0.11878819
653,-0.02521988,-0.19522421,-1.00000000,-0.87273119,-0.20054063
654,0.00587733,-0.27393058,-1.00000000,-0.73264784,-0.13590624
655,-0.00929447,-0.20160804,-1.00000000,-0.86136910,-0.14208527
656,-0.00344463,-0.10555977,1.00000000,-0.96769977,-0.09574348
657,-0.02145445,-0.15242009,-1.00000000,-0.94891491,-0.03183066
658,-0.03629320,-0.13435199,-1.00000000,-0.98107290,-0.05786817
659,-0.01993234,-0.18997795,-1.00000000,-0.88206860,-0.11855638
660,-0.00109885,-0.23580959,-1.00000000,-0.80049642,-0.09928540
661,0.06458427,-0.18527671,-1.00000000,-0.89043597,0.06067601
662,-0.01192734,-0.12710671,-1.00000000,-0.99396821,0.08307779
663,-0.00843424,0.07576518,1.00000000,-0.64497360,0.14858464
664,0.00149876,-0.16055210,-1.00000000,-0.93444137,0.19897720
665,-0.00101838,-0.14976313,-1.00000000,-0.95364381,0.19916642
666,0.03033841,-0.11908360,1.00000000,-0.99176979,0.11864157
667,-0.00779357,-0.12685817,-1.00000000,-0.99441058,0.12836163
668,0.00898355,-0.03000815,1.00000000,-0.83323134,0.16931737
669,0.00139608,-0.14778433,-1.00000000,-0.95716574,0.16907592
670,-0.08470262,-0.09596575,1.00000000,-0.95062413,-0.02769707
671,-0.04999616,-0.11940076,1.00000000,-0.99233427,-0.21659373
672,0.01962644,-0.38532917,-1.00000000,-0.53437816,-0.15211902
673,-0.03657527,-0.27813320,-1.00000000,-0.72516793,-0.25924487
674,-0.01486033,-0.06309363,1.00000000,-0.89211759,-0.29746978
675,0.03561758,-0.23668083,-1.00000000,-0.79894578,-0.01455191
676,0.01871065,-0.16961105,-1.00000000,-0.91831805,0.14700354
677,-0.04698303,-0.01370264,1.00000000,-0.80421042,-0.00962027
678,0.01194863,-0.06592217,1.00000000,-0.89715189,0.10447760
679,0.06618486,-0.26882671,-1.00000000,-0.74173182,0.29504520
680,-0.03262511,-0.08680766,1.00000000,-0.93432436,0.13458106
681,0.01416748,0.08070885,1.00000000,-0.63617475,0.12389836
682,0.00337099,-0.22448018,-1.00000000,-0.82066076,0.24229953
683,-0.00451336,-0.07995441,1.00000000,-0.92212679,0.20359121
684,-0.04279884,-0.11330096,1.00000000,-0.98147772,-0.05267030
685,0.02637917,-0.13765294,-1.00000000,-0.97519781,0.08607086
686,-0.00116944,-0.25590324,-1.00000000,-0.76473331,0.05000801
687,0.10332060,-0.04223684,1.00000000,-0.85499622,0.28502699
688,-0.00002769,-0.12732475,-1.00000000,-0.99358015,0.29557450
689,0.10679157,0.19540803,1.00000000,-0.43203062,0.64731759
690,0.04816471,-0.12379827,-1.00000000,-0.99985665,0.69854355
691,-0.04107663,0.20612861,1.00000000,-0.41294989,0.60470681
692,0.03882799,0.02505098,1.00000000,-0.73523587,0.45306052
693,-0.04400439,-0.25058392,-1.00000000,-0.77420074,0.34965483
694,-0.03887980,-0.00378683,1.00000000,-0.78656204,0.00712688
695,0.00835837,-0.25962673,-1.00000000,-0.75810615,-0.08647272
696,0.02041574,-0.24379869,-1.00000000,-0.78627726,0.05811887
697,0.04159218,-0.09789670,1.00000000,-0.95406087,0.06461852
698,-0.00971986,-0.06065576,1.00000000,-0.88777862,0.14523429
699,0.03695666,0.00475078,1.00000000,-0.77136662,0.32355421
700,-0.01441058,-0.15373395,-1.00000000,-0.94657646,0.27001587
701,0.00446581,-0.00956670,1.00000000,-0.79684919,0.23251161
702,0.01445554,-0.16822194,-1.00000000,-0.92079042,0.16870320
703,-0.02066024,-0.10991945,1.00000000,-0.97545923,0.14297826
704,0.00714282,-0.07906470,1.00000000,-0.92054327,0.07287475
705,-0.00918524,-0.18752492,-1.00000000,-0.88643454,0.08516149
706,-0.00249206,-0.10165111,1.00000000,-0.96074305,0.06880094
707,0.01893140,-0.15208271,-1.00000000,-0.94951538,0.07932536
708,0.01107942,-0.13140984,-1.00000000,-0.98630942,0.15395719
709,0.00219964,-0.06524036,1.00000000,-0.89593839,0.14233392
710,0.05764765,-0.08949235,1.00000000,-0.93910263,0.29948306
711,-0.01782496,-0.11691885,1.00000000,-0.98791691,0.26342966
712,-0.00758530,0.05434042,1.00000000,-0.68310588,0.20107896
713,-0.03767487,-0.17876776,-1.00000000,-0.90202075,0.08643937
714,-0.01996771,-0.14714106,-1.00000000,-0.95831064,0.03431563
715,0.01360656,-0.24007710,-1.00000000,-0.79290102,-0.06924146
716,-0.01476035,-0.18538594,-1.00000000,-0.89024155,-0.06203539
717,0.00192096,-0.08168690,1.00000000,-0.92521032,-0.03968261
718,-0.02403153,-0.16930224,-1.00000000,-0.91886769,-0.00760201
719,0.03711291,-0.11777958,1.00000000,-0.98944887,0.12661591
720,0.01207466,-0.19793765,-1.00000000,-0.86790174,0.12301382
721,0.00695704,-0.00908411,1.00000000,-0.79599026,0.17407954
722,0.02880169,-0.08641841,1.00000000,-0.93363157,0.23728619
723,0.06945960,-0.10222491,1.00000000,-0.96176432,0.45711885
724,0.04991478,-0.03475454,1.00000000,-0.84167906,0.48722084
725,-0.05475482,0.09082336,1.00000000,-0.61817273,0.33007972
726,0.00284349,0.03045634,1.00000000,-0.72561529,0.32040721
727,0.04598809,-0.29283100,-1.00000000,-0.69900845,0.36081888
728,0.00004482,-0.11493022,1.00000000,-0.98437752,0.19759874
729,0.01342589,0.01832817,1.00000000,-0.74720127,0.11179969
730,-0.00435354,-0.12357432,1.00000000,-0.99976248,0.23031198
731,-0.02251141,-0.08224492,1.00000000,-0.92620349,0.17069313
732,-0.03820808,-0.13715929,-1.00000000,-0.97607641,-0.02728361
733,0.00589104,-0.19324252,-1.00000000,-0.87625824,-0.01353696
734,0.00013305,-0.24172400,-1.00000000,-0.78996983,-0.04479340
735,-0.09822774,-0.10551743,1.00000000,-0.96762441,-0.26552682
736,0.02255700,-0.12330180,1.00000000,-0.99927743,-0.15955412
737,0.01704159,-0.42710349,-1.00000000,-0.46002730,-0.02964145
738,0.05130232,-0.05404216,1.00000000,-0.87600759,0.07713748
739,0.00565011,-0.07107732,1.00000000,-0.90632715,0.09011014
740,0.01910788,0.03474194,1.00000000,-0.71798767,0.36601014
741,0.01167355,-0.10626156,1.00000000,-0.96894884,0.34041906
742,-0.00298991,-0.06469528,1.00000000,-0.89496825,0.29331750
743,0.02151915,-0.08765730,1.00000000,-0.93583656,0.22328613
744,0.02725551,-0.13294754,-1.00000000,-0.98357258,0.27408851
745,-0.01075886,-0.05724770,1.00000000,-0.88171289,0.20386063
746,-0.01265409,-0.03953014,1.00000000,-0.85017877,0.14665726
747,0.02108421,-0.15694305,-1.00000000,-0.94086483,0.20326453
748,0.00445857,-0.16279675,-1.00000000,-0.93044630,0.16314870
749,-0.04090980,-0.05859110,1.00000000,-0.88410390,0.00286652
750,0.02019028,-0.10994182,1.00000000,-0.97549905,0.07563954
751,-0.01351834,-0.25006865,-1.00000000,-0.77511783,0.07360734
752,0.02673265,-0.06135212,1.00000000,-0.88901802,0.08688894
753,0.00358148,-0.16546614,-1.00000000,-0.92569526,0.08482659
754,0.00602582,-0.04114507,1.00000000,-0.85305307,0.19518982
755,0.01821005,-0.11265082,1.00000000,-0.98032059,0.19053355
756,0.00054841,-0.10510112,1.00000000,-0.96688346,0.22360975
757,0.03019706,-0.06746837,1.00000000,-0.89990385,0.23175589
758,0.00212519,-0.12201892,1.00000000,-0.99699414,0.22833160
759,-0.03284977,-0.03044472,1.00000000,-0.83400834,0.13692051
760,0.01865031,-0.11714879,1.00000000,-0.98832616,0.13795574
761,-0.02644207,-0.22517408,-1.00000000,-0.81942574,0.07449101
762,-0.01663824,-0.06610855,1.00000000,-0.89748361,-0.03563634
763,-0.02994817,-0.20538296,-1.00000000,-0.85465041,-0.11105284
764,0.00849498,-0.17510240,-1.00000000,-0.90854442,-0.01383584
765,-0.01240380,-0.21621207,-1.00000000,-0.83537653,-0.08685569
766,0.01780578,-0.09747478,1.00000000,-0.95330992,0.01718759
767,-0.05270750,-0.16202371,-1.00000000,-0.93182218,-0.06762475
768,-0.00348239,-0.06871701,1.00000000,-0.90212621,-0.00539377
769,0.00809729,-0.28650758,-1.00000000,-0.71026302,-0.00632888
770,0.01774910,-0.13446862,-1.00000000,-0.98086533,0.06457188
771,0.00744194,-0.09870309,1.00000000,-0.95549610,0.04020260
772,-0.00598717,-0.06889208,1.00000000,-0.90243780,0.15005962
773,0.02413255,-0.10072725,1.00000000,-0.95909874,0.21499269
774,-0.02534615,-0.14220499,-1.00000000,-0.96709597,0.13635463
775,0.00768446,-0.04917584,1.00000000,-0.86734640,0.11268889
776,0.02126787,-0.20199805,-1.00000000,-0.86067496,0.14519884
777,-0.00387302,-0.09997819,1.00000000,-0.95776555,0.15016999
778,0.02349131,-0.05802383,1.00000000,-0.88309425,0.14866218
779,-0.01681853,-0.13567514,-1.00000000,-0.97871794,0.16871380
780,0.03176110,-0.05115641,1.00000000,-0.87087148,0.22532700
781,0.00962277,-0.17565926,-1.00000000,-0.90755332,0.19794500
782,-0.05188977,-0.02561397,1.00000000,-0.82541046,0.08503963
783,-0.02502844,-0.09399144,1.00000000,-0.94711020,-0.02904848
784,0.06339745,-0.28398189,-1.00000000,-0.71475829,0.15956934
785,0.01337885,-0.20101676,-1.00000000,-0.86242148,0.11634579
786,0.06674049,0.07209953,1.00000000,-0.65149781,0.25065096
787,-0.01378474,-0.08239022,1.00000000,-0.92646210,0.34025017
788,0.03055668,0.08242500,1.00000000,-0.63312032,0.47095163
789,-0.01510277,-0.16628892,-1.00000000,-0.92423085,0.28636821
790,0.04901203,-0.02933397,1.00000000,-0.83203141,0.37015517
791,-0.00355584,-0.17035986,-1.00000000,-0.91698530,0.20486217
792,0.02105379,0.02766807,1.00000000,-0.73057791,0.28678058
793,-0.00215456,-0.13469548,-1.00000000,-0.98046155,0.20986419
794,0.03477819,-0.05868506,1.00000000,-0.88427113,0.32715302
795,0.04345851,-0.13036742,-1.00000000,-0.98816473,0.31409460
796,-0.02278769,-0.01629523,1.00000000,-0.80882477,0.26887332
797,-0.03167603,0.01051519,1.00000000,-0.76110698,0.14488578
798,0.02181477,-0.19409585,-1.00000000,-0.87473946,0.20124665
799,-0.01153093,-0.22154880,-1.00000000,-0.82587810,0.09235657
800,-0.01912717,-0.05633464,1.00000000,-0.88008780,-0.05480581
801,-0.00337564,-0.15932771,-1.00000000,-0.93662057,-0.00916081
802,-0.09573066,-0.18278982,-1.00000000,-0.89486219,-0.15977723
803,0.01749347,-0.13413890,-1.00000000,-0.98145217,-0.16993824
804,-0.00664159,-0.41939088,-1.00000000,-0.47375438,-0.15844157
805,-0.04115759,-0.06968163,1.00000000,-0.90384307,-0.21024334
806,-0.00538748,-0.14422627,-1.00000000,-0.96349845,-0.21497394
807,-0.02456490,-0.25083399,-1.00000000,-0.77375567,-0.04763658
808,-0.00758884,-0.14035277,-1.00000000,-0.97039259,-0.10661448
809,0.06791532,-0.19958503,-1.00000000,-0.86496970,0.06869674
810,0.09374344,-0.14715200,-1.00000000,-0.95829116,0.38589960
811,0.01255234,0.08605363,1.00000000,-0.62666199,0.42808283
812,0.01852197,0.16582756,1.00000000,-0.48467859,0.52939620
813,-0.03284718,-0.08494302,1.00000000,-0.93100562,0.47000438
814,0.02562064,-0.06650494,1.00000000,-0.89818913,0.37055374
815,-0.04525112,-0.22516607,-1.00000000,-0.81944000,0.04372546
816,0.00956991,-0.04457967,1.00000000,-0.85916605,0.03671265
817,0.02669905,-0.26347746,-1.00000000,-0.75125254,0.05594001
818,0.02509378,-0.09415469,1.00000000,-0.94740077,0.19218091
819,-0.01029511,-0.04124885,1.00000000,-0.85323777,0.10772953
820,-0.00387915,-0.04620696,1.00000000,-0.86206233,0.20501053
821,-0.00174241,-0.15551071,-1.00000000,-0.94341416,0.17841103
822,0.02183633,-0.13569409,-1.00000000,-0.97868421,0.16697697
823,-0.01781951,-0.12909443,-1.00000000,-0.99043043,0.06607176
824,0.02119053,-0.05626806,1.00000000,-0.87996929,0.14010630
825,-0.00495296,-0.17875091,-1.00000000,-0.90205073,0.13758139
826,-0.00498058,-0.05826270,1.00000000,-0.88351941,0.12996724
827,0.02488623,-0.13901069,-1.00000000,-0.97278126,0.13713870
828,-0.03066492,-0.13909599,-1.00000000,-0.97262943,0.10693432
829,0.03060343,-0.04684799,1.00000000,-0.86320324,0.12906758
830,0.04311627,-0.21842584,-1.00000000,-0.83143641,0.24209635
831,-0.03710689,-0.02918958,1.00000000,-0.83177443,0.16655534
832,0.00929262,0.00945816,1.00000000,-0.76298832,0.12988891
833,0.02479131,-0.23832282,-1.00000000,-0.79602333,0.26028728
834,-0.02898687,-0.09501115,1.00000000,-0.94892511,0.12016816
835,-0.03724656,-0.04714116,1.00000000,-0.86372504,-0.06879497
836,0.00013961,-0.21324293,-1.00000000,-0.84066106,0.01878552
837,0.01631557,-0.23875420,-1.00000000,-0.79525554,0.03529911
838,0.02402383,-0.12328154,1.00000000,-0.99924138,0.03349448
839,-0.03901459,-0.07331975,1.00000000,-0.91031826,0.00991556
840,0.03004183,-0.04951164,1.00000000,-0.86794406,0.16813576
841,-0.02596745,-0.24421500,-1.00000000,-0.78553629,0.10674828
842,-0.02123882,-0.03092419,1.00000000,-0.83486171,0.01844385
843,0.03339098,-0.20391702,-1.00000000,-0.85725953,0.04046952
844,0.02079231,-0.18931195,-1.00000000,-0.88325396,0.18109794
845,-0.01962202,-0.02057984,1.00000000,-0.81645060,0.06431964
846,0.04050624,-0.05949266,1.00000000,-0.88570852,0.22062418
847,0.02409394,-0.18431823,-1.00000000,-0.89214189,0.32721848
848,0.02053100,0.00139668,1.00000000,-0.77733632,0.29697986
849,-0.01324256,-0.04929509,1.00000000,-0.86755866,0.21695112
850,-0.01340824,-0.06029975,1.00000000,-0.88714500,0.23156204
851,0.01088815,-0.16461435,-1.00000000,-0.92721130,0.16191882
852,0.00579492,-0.16512606,-1.00000000,-0.92630054,0.11889097
853,-0.00067048,-0.09008312,1.00000000,-0.94015409,0.06903834
854,0.00075283,-0.10581429,1.00000000,-0.96815278,0.10194675
855,0.01766453,-0.12578363,-1.00000000,-0.99632307,0.17501046
856,0.00721913,-0.12138753,1.00000000,-0.99587038,0.16638322
857,-0.00642297,-0.06915329,1.00000000,-0.90290271,0.13765439
858,-0.00669600,-0.10141542,1.00000000,-0.96032357,0.12348614
859,-0.03352431,-0.14355102,-1.00000000,-0.96470027,0.04288776
860,-0.01843717,-0.14439432,-1.00000000,-0.96319934,-0.04200084
861,0.02562306,-0.22725747,-1.00000000,-0.81571767,0.00127369
862,0.01146565,-0.18065863,-1.00000000,-0.89865532,0.04333654
863,0.04722421,-0.04457219,1.00000000,-0.85915273,0.17012315
864,-0.00238678,-0.08829941,1.00000000,-0.93697940,0.24333914
865,0.01070500,0.02214613,1.00000000,-0.74040599,0.31186328
866,-0.04059983,-0.13108468,-1.00000000,-0.98688815,0.15614845
867,-0.02539917,-0.09064880,1.00000000,-0.94116090,0.06946544
868,-0.05862716,-0.24911127,-1.00000000,-0.77682180,-0.17943080
869,-0.02519581,-0.20216181,-1.00000000,-0.86038349,-0.23306338
870,0.00344949,-0.30479131,-1.00000000,-0.67772123,-0.25012380
871,-0.01001343,-0.20153371,-1.00000000,-0.86150140,-0.17820371
872,-0.02193999,-0.11305851,1.00000000,-0.98104620,-0.17006988
873,0.02423991,-0.15464070,-1.00000000,-0.94496262,0.02478165
874,-0.00389657,-0.19147762,-1.00000000,-0.87939945,0.07486416
875,-0.02208181,-0.04884425,1.00000000,-0.86675623,0.01483051
876,0.03080588,-0.13574788,-1.00000000,-0.97858848,0.11081200
877,-0.00892203,-0.19191566,-1.00000000,-0.87861982,0.14142210
878,0.11756933,-0.02856429,1.00000000,-0.83066152,0.36087452
879,-0.05910095,-0.15126975,-1.00000000,-0.95096230,0.23106834
880,-0.02294347,0.23941730,1.00000000,-0.35370194,0.22904226
881,-0.05230070,-0.30625468,-1.00000000,-0.67511670,0.03362757
882,-0.00504340,-0.19457702,-1.00000000,-0.87388307,0.04274767
883,-0.01499617,-0.28525109,-1.00000000,-0.71249935,-0.26896346
884,-0.03478238,-0.13929004,-1.00000000,-0.97228406,-0.21178139
885,0.00003297,-0.17003060,-1.00000000,-0.91757132,-0.15775517
886,-0.01797515,-0.23114322,-1.00000000,-0.80880174,-0.07704296
887,0.04491465,-0.12361092,1.00000000,-0.99982761,0.04042713
888,-0.00104617,-0.17923163,-1.00000000,-0.90119512,0.07322879
889,-0.01303891,0.01501270,1.00000000,-0.75310223,0.12435582
890,-0.01899724,-0.12694401,-1.00000000,-0.99425780,0.07960867
891,0.06490420,-0.16398534,-1.00000000,-0.92833081,0.27448908
892,-0.01501056,-0.18238850,-1.00000000,-0.89557646,0.13358247
893,-0.01276723,0.07675336,1.00000000,-0.64321483,0.10602188
894,0.03364575,-0.17007506,-1.00000000,-0.91749220,0.21579501
895,-0.03384409,-0.16314620,-1.00000000,-0.92982433,0.18088451
896,0.02022355,-0.01979294,1.00000000,-0.81505007,0.07582355
897,0.02527482,-0.22824516,-1.00000000,-0.81395977,0.17054957
898,0.00564216,-0.06124938,1.00000000,-0.88883516,0.21383694
899,0.01272990,-0.04564777,1.00000000,-0.86106708,0.16465594
900,-0.01800622,-0.10628611,1.00000000,-0.96899254,0.20189668
901,-0.00349272,-0.08439461,1.00000000,-0.93002955,0.14613086
902,-0.08187447,-0.17932761,-1.00000000,-0.90102431,-0.10581727
903,-0.02826978,-0.13450053,-1.00000000,-0.98080854,-0.18555695
904,-0.01007780,-0.37659402,-1.00000000,-0.54992518,-0.23918639
905,-0.07359026,-0.21102811,-1.00000000,-0.84460306,-0.36988528
906,-0.01466585,-0.15483952,-1.00000000,-0.94460874,-0.39615749
907,0.01168746,-0.35100703,-1.00000000,-0.59546548,-0.17615834
908,0.07346592,-0.16901037,-1.00000000,-0.91938717,0.06306039
909,0.00484010,-0.08761432,1.00000000,-0.93576006,0.09813797
910,-0.03561677,0.10319746,1.00000000,-0.59614903,0.18742786
911,0.04468538,-0.10876341,1.00000000,-0.97340168,0.32698484
912,0.01270061,-0.23372036,-1.00000000,-0.80421489,0.32936712
913,0.00323830,0.01430458,1.00000000,-0.75436254,0.16423570
914,-0.01219974,-0.08448508,1.00000000,-0.93019057,0.12416865
915,0.03585425,-0.11371078,1.00000000,-0.98220712,0.29222379
916,-0.00044731,-0.16139345,-1.00000000,-0.93294392,0.18609992
917,0.01373373,-0.01297166,1.00000000,-0.80290941,0.18852917
918,0.01633596,-0.12509434,-1.00000000,-0.99754988,0.21932667
919,0.05071064,-0.08129413,1.00000000,-0.92451126,0.36725255
920,-0.02031656,-0.07325676,1.00000000,-0.91020616,0.23517394
921,-0.00472803,0.03291447,1.00000000,-0.72124025,0.22510837
922,0.03784822,-0.18646341,-1.00000000,-0.88832385,0.28181059
923,-0.05236053,-0.13831596,-1.00000000,-0.97401775,0.12027942
924,0.00565181,-0.00681298,1.00000000,-0.79194806,0.01432922
925,0.04142643,-0.28543589,-1.00000000,-0.71217044,0.15951011
926,0.02347804,-0.10625633,1.00000000,-0.96893952,0.22583315
927,-0.00603267,0.00423883,1.00000000,-0.77227779,0.12265273
928,0.02253553,-0.05119739,1.00000000,-0.87094441,0.29876141
929,0.03932205,-0.14234554,-1.00000000,-0.96684582,0.37793277
930,-0.00717788,-0.05410849,1.00000000,-0.87612564,0.26364583
931,-0.01805707,-0.00226085,1.00000000,-0.78384606,0.16598123
932,0.02359910,-0.14588268,-1.00000000,-0.96055034,0.23565663
933,-0.01696354,-0.17948465,-1.00000000,-0.90074480,0.14277952
934,-0.00119214,-0.05082347,1.00000000,-0.87027890,0.04751547
935,0.05562149,-0.17610713,-1.00000000,-0.90675619,0.19518030
936,-0.00959023,-0.12739487,-1.00000000,-0.99345535,0.21508901
937,-0.03265225,0.04808234,1.00000000,-0.69424414,0.08282100
938,0.00743161,-0.15333358,-1.00000000,-0.94728905,0.14018313
939,-0.00481735,-0.22456401,-1.00000000,-0.82051156,0.13165892
940,-0.00363367,-0.10075915,1.00000000,-0.95915553,-0.00767215
941,0.03108146,-0.13859183,-1.00000000,-0.97352675,0.08796223
942,0.03309285,-0.13493587,-1.00000000,-0.98003370,0.24255360
943,-0.02073385,-0.02771312,1.00000000,-0.82914658,0.17632607
944,0.00298419,-0.02150065,1.00000000,-0.81808948,0.19467039
945,-0.00192892,-0.18775228,-1.00000000,-0.88602990,0.19867890
946,-0.01004924,-0.11449566,1.00000000,-0.98360406,0.10196521
947,0.03251215,-0.12967050,-1.00000000,-0.98940514,0.10059976
948,0.00259921,-0.15475130,-1.00000000,-0.94476576,0.15546451
949,0.01872197,-0.02329424,1.00000000,-0.82128176,0.19246994
950,0.00249254,-0.11568473,1.00000000,-0.98572040,0.20286644
951,0.01440138,-0.06588720,1.00000000,-0.89708966,0.26035900
952,0.00787693,-0.11601418,1.00000000,-0.98630677,0.20243238
953,0.02544579,-0.07923200,1.00000000,-0.92084102,0.25615324
954,-0.01969079,-0.09938371,1.00000000,-0.95670749,0.16583045
955,-0.01850925,-0.04511973,1.00000000,-0.86012725,0.11644738
956,0.00566038,-0.18453063,-1.00000000,-0.89176385,0.09589402
957,0.02256450,-0.18088128,-1.00000000,-0.89825905,0.13042999
958,0.05437740,-0.10622985,1.00000000,-0.96889240,0.19845906
959,0.01811891,-0.05401901,1.00000000,-0.87596639,0.28736382
960,-0.03862403,0.04423980,1.00000000,-0.70108318,0.24006644
961,-0.03357193,-0.06774985,1.00000000,-0.90040484,0.14781658
962,-0.02078747,-0.24300872,-1.00000000,-0.78768326,0.04587988
963,-0.00286117,-0.22740458,-1.00000000,-0.81545586,-0.08870945
964,-0.01215470,-0.18791788,-1.00000000,-0.88573515,-0.15989406
965,0.00676954,-0.13254991,-1.00000000,-0.98428030,-0.05315678
966,0.01925146,-0.16125432,-1.00000000,-0.93319154,0.07105080
967,0.01422766,-0.10280405,1.00000000,-0.96279509,0.15338448
968,0.04667160,-0.06425182,1.00000000,-0.89417897,0.26985458
969,-0.01614966,-0.07976854,1.00000000,-0.92179597,0.26046094
970,-0.00956889,0.02043929,1.00000000,-0.74344386,0.22204319
971,-0.00416627,-0.17359333,-1.00000000,-0.91123031,0.16697935
972,-0.01258766,-0.15326766,-1.00000000,-0.94740639,0.10392649
973,-0.00571343,-0.13658088,-1.00000000,-0.97710589,-0.01925033
974,-0.00099822,-0.16259157,-1.00000000,-0.93081147,0.01637638
975,-0.00907093,-0.14135952,-1.00000000,-0.96860075,0.01754727
976,0.01821771,-0.12679589,-1.00000000,-0.99452142,0.07018039
977,-0.00414422,-0.15172963,-1.00000000,-0.95014380,0.09003407
978,0.02218675,-0.06744469,1.00000000,-0.89986171,0.15563785
979,0.00187845,-0.13651279,-1.00000000,-0.97722707,0.16240196
980,0.01161519,-0.05518573,1.00000000,-0.87804295,0.21104276
981,0.03469101,-0.11791090,1.00000000,-0.98968259,0.24977765
982,0.00668775,-0.08783755,1.00000000,-0.93615737,0.27524767
983,0.00485186,-0.01656450,1.00000000,-0.80930402,0.23448686
984,-0.01994883,-0.10305667,1.00000000,-0.96324470,0.18316276
985,0.00969650,-0.10872707,1.00000000,-0.97333700,0.17865121
986,0.03515717,-0.18532763,-1.00000000,-0.89034534,0.17974734
987,0.01495629,-0.09376369,1.00000000,-0.94670485,0.19918977
988,-0.00516726,-0.01512469,1.00000000,-0.80674141,0.17563107
989,0.02487958,-0.07751807,1.00000000,-0.91779054,0.28103945
990,0.01423967,-0.13967258,-1.00000000,-0.97160320,0.29172214
991,0.02152969,-0.04686854,1.00000000,-0.86323983,0.25967882
992,-0.02007779,-0.07973144,1.00000000,-0.92172994,0.17730057
993,-0.00346235,-0.05721517,1.00000000,-0.88165499,0.18130943
994,-0.00315306,-0.18572595,-1.00000000,-0.88963639,0.11539420
995,0.01777210,-0.13440674,-1.00000000,-0.98097546,0.12370026
996,-0.02161135,-0.13345144,-1.00000000,-0.98267573,0.02225953
997,0.02755608,-0.06882102,1.00000000,-0.90231133,0.13426462
998,0.03143969,-0.19046256,-1.00000000,-0.88120607,0.21633240
999,0.01500184,-0.03860176,1.00000000,-0.84852643,0.25902137
1000,0.05410100,-0.02660668,1.00000000,-0.82717732,0.34444421
1001,0.03134190,-0.07737737,1.00000000,-0.91754012,0.46895714
1002,0.05328165,0.04338609,1.00000000,-0.70260264,0.52944757
1003,0.02205412,-0.02690872,1.00000000,-0.82771488,0.50737858
1004,0.03200825,0.04085539,1.00000000,-0.70710683,0.54736702
1005,0.01373110,-0.05559538,1.00000000,-0.87877205,0.45244226
1006,0.01178396,-0.02485058,1.00000000,-0.82405178,0.40645422
1007,0.05357358,-0.08130226,1.00000000,-0.92452572,0.40714066
1008,0.01344546,-0.08731626,1.00000000,-0.93522958,0.38689848
1009,-0.03899314,0.04175707,1.00000000,-0.70550200,0.21994761
1010,0.00762056,-0.08218449,1.00000000,-0.92609594,0.20557945
1011,0.00974565,-0.24414876,-1.00000000,-0.78565419,0.20078662
1012,-0.01069823,-0.10017554,1.00000000,-0.95811680,0.04965953
1013,0.00832556,-0.09361188,1.00000000,-0.94643465,0.03762073
1014,0.01675166,-0.15675579,-1.00000000,-0.94119813,0.16869762
1015,0.02637853,-0.09799806,1.00000000,-0.95424127,0.21280464
1016,-0.02448268,-0.07197282,1.00000000,-0.90792098,0.13232100
1017,0.02097708,-0.04223880,1.00000000,-0.85499971,0.20680150
1018,0.01288989,-0.19933109,-1.00000000,-0.86542166,0.21753397
1019,-0.05241794,-0.05892199,1.00000000,-0.88469282,0.05489033
1020,0.00488959,-0.08390043,1.00000000,-0.92915001,0.00436177
1021,-0.01302908,-0.28561323,-1.00000000,-0.71185480,0.03129349
1022,-0.03275240,-0.10861054,1.00000000,-0.97312961,-0.09504462
1023,0.00063676,-0.16395496,-1.00000000,-0.92838488,-0.12385634
1024,-0.02921008,-0.22487331,-1.00000000,-0.81996106,-0.06928594
1025,-0.01579684,-0.12174604,1.00000000,-0.99650845,-0.11792748
1026,0.05317226,-0.21393234,-1.00000000,-0.83943404,0.03773667
1027,-0.00640521,-0.17250359,-1.00000000,-0.91316984,0.09968877
1028,0.02602278,0.04051755,1.00000000,-0.70770812,0.15938081
1029,0.01732469,-0.14349619,-1.00000000,-0.96479787,0.26880147
1030,0.01588743,-0.04333761,1.00000000,-0.85695539,0.34330306
1031,0.01697848,-0.07020292,1.00000000,-0.90477087,0.25819792
1032,0.01003673,-0.07464209,1.00000000,-0.91267181,0.29685910
1033,0.01087763,-0.07127223,1.00000000,-0.90667405,0.26124718
1034,0.02459588,-0.09271283,1.00000000,-0.94483451,0.27834447
1035,0.02058034,-0.09011561,1.00000000,-0.94021192,0.28937925
1036,-0.00136584,-0.04774480,1.00000000,-0.86479940,0.24624488
1037,-0.00414452,-0.06014737,1.00000000,-0.88687377,0.21289944
1038,-0.01500811,-0.12793134,-1.00000000,-0.99250052,0.15203237
1039,-0.02072665,-0.13651370,-1.00000000,-0.97722544,0.04546214
1040,-0.01139959,-0.17006749,-1.00000000,-0.91750566,-0.02973465
1041,-0.02292452,-0.18773003,-1.00000000,-0.88606949,-0.08042718
1042,0.03548292,-0.15892205,-1.00000000,-0.93734257,0.01275178
1043,0.04189068,-0.19451847,-1.00000000,-0.87398727,0.14654214
1044,0.02313995,-0.01411856,1.00000000,-0.80495068,0.24968893
1045,-0.02694488,0.00567272,1.00000000,-0.76972572,0.21313614
1046,0.02401545,-0.05224165,1.00000000,-0.87280300,0.32350959
1047,0.02295728,-0.20693594,-1.00000000,-0.85188639,0.29405710
1048,0.00430456,-0.04953753,1.00000000,-0.86799014,0.20567806
1049,0.02833421,-0.05280584,1.00000000,-0.87380716,0.21789171
1050,0.02951424,-0.11041750,1.00000000,-0.97634567,0.35064824
1051,-0.03837682,-0.03619842,1.00000000,-0.84424891,0.20394064
1052,-0.01965475,-0.03255371,1.00000000,-0.83776198,0.10374380
1053,0.00272758,-0.24224516,-1.00000000,-0.78904225,0.10003573
1054,-0.00157665,-0.18441932,-1.00000000,-0.89196197,0.02970411
1055,-0.01125248,-0.11528824,1.00000000,-0.98501472,-0.06615372
1056,-0.02210695,-0.12858245,-1.00000000,-0.99134166,-0.02789716
1057,0.02145931,-0.15846769,-1.00000000,-0.93815125,0.06877738
1058,-0.00572631,-0.19199329,-1.00000000,-0.87848165,0.04889913
1059,-0.00350040,-0.05743255,1.00000000,-0.88204189,0.04437566
1060,-0.00226667,-0.14139930,-1.00000000,-0.96852996,0.06550468
1061,-0.01012379,-0.13452426,-1.00000000,-0.98076630,0.09368158
1062,0.00092260,-0.13071369,-1.00000000,-0.98754844,0.04539209
1063,0.03269919,-0.15498154,-1.00000000,-0.94435597,0.13574483
1064,0.05645034,-0.12086317,1.00000000,-0.99493710,0.27671147
1065,0.13756833,-0.02271653,1.00000000,-0.82025355,0.60551593
1066,0.00610574,0.05064235,1.00000000,-0.68968777,0.64367762
1067,-0.04458033,0.30118713,1.00000000,-0.24376263,0.53668319
1068,-0.00621819,-0.10485429,1.00000000,-0.96644414,0.44517385
1069,0.02020811,-0.26140561,-1.00000000,-0.75494007,0.35995480
1070,0.02273947,-0.14291856,-1.00000000,-0.96582595,0.08994915
1071,-0.00155561,-0.06129705,1.00000000,-0.88892000,0.07193446
1072,0.05848651,-0.05347857,1.00000000,-0.87500450,0.31428319
1073,-0.05924649,-0.12851747,-1.00000000,-0.99145731,0.18959381
1074,0.05264608,0.05693137,1.00000000,-0.67849444,0.26586763
1075,0.00767759,-0.30670420,-1.00000000,-0.67431663,0.23045149
1076,0.00072280,0.03889237,1.00000000,-0.71060066,0.23580888
1077,0.00653094,-0.09999941,1.00000000,-0.95780332,0.11364188
1078,-0.06840023,-0.12148027,1.00000000,-0.99603544,0.09211802
1079,-0.01836764,-0.10354099,1.00000000,-0.96410671,-0.07486184
1080,0.02063742,-0.33497684,-1.00000000,-0.62399635,-0.04438843
1081,-0.01012828,-0.18044389,-1.00000000,-0.89903752,-0.06990338
1082,-0.00927040,-0.05997108,1.00000000,-0.88656002,-0.10705825
1083,0.02815606,-0.15499542,-1.00000000,-0.94433128,0.11998174
1084,0.00337135,-0.15234574,-1.00000000,-0.94904723,0.17109825
1085,-0.03937903,-0.03674866,1.00000000,-0.84522823,0.02997710
1086,0.00900643,-0.11329985,1.00000000,-0.98147573,0.07496996
1087,-0.00902292,-0.24534064,-1.00000000,-0.78353285,0.07555189
1088,0.01918444,-0.09589509,1.00000000,-0.95049836,0.05445626
1089,0.04376093,-0.15158135,-1.00000000,-0.95040771,0.14942729
1090,0.02086722,-0.06445879,1.00000000,-0.89454735,0.29108880
1091,-0.02028783,0.01144927,1.00000000,-0.75944449,0.22220703
1092,0.05667934,-0.05926129,1.00000000,-0.88529671,0.37669764
1093,0.00185160,-0.18637468,-1.00000000,-0.88848177,0.33594164
1094,-0.00208445,0.05134966,1.00000000,-0.68842889,0.22814199
1095,0.00060359,-0.11799382,1.00000000,-0.98983016,0.18049460
1096,-0.02438051,-0.13015087,-1.00000000,-0.98855016,0.17087117
1097,0.02449459,-0.12184846,1.00000000,-0.99669075,0.09519278
1098,0.02888702,-0.19901553,-1.00000000,-0.86598331,0.15876318
1099,-0.05717243,-0.04805762,1.00000000,-0.86535618,0.02923070
1100,0.01832005,-0.03449098,1.00000000,-0.84120996,0.07088871
1101,-0.00645542,-0.30029815,-1.00000000,-0.68571826,0.11303732
1102,-0.01058325,-0.06712861,1.00000000,-0.89929914,0.03055617
1103,-0.06891697,-0.14365127,-1.00000000,-0.96452185,-0.19941764
1104,-0.04593673,-0.15640066,-1.00000000,-0.94183020,-0.17299830
1105,0.01263413,-0.33657289,-1.00000000,-0.62115567,-0.18636803
1106,-0.08211827,-0.26559505,-1.00000000,-0.74748360,-0.36427974
1107,0.08241038,-0.08469041,1.00000000,-0.93055602,-0.14561688
1108,0.01647163,-0.37734703,-1.00000000,-0.54858495,0.05516371
1109,-0.03719428,0.13082374,1.00000000,-0.54697916,0.07572047
1110,-0.04232377,-0.07283771,1.00000000,-0.90946033,-0.05350613
1111,0.09999052,-0.23859273,-1.00000000,-0.79554293,0.37469985
1112,0.04895365,-0.25443590,-1.00000000,-0.76734490,0.29603054
1113,0.04287793,0.18512257,1.00000000,-0.45033690,0.35812164
1114,-0.04370894,0.02748773,1.00000000,-0.73089888,0.34280323
1115,-0.07779100,0.00872200,1.00000000,-0.76429855,0.25940648
1116,-0.00355133,-0.25871421,-1.00000000,-0.75973028,0.01594080
1117,0.00521819,-0.36398164,-1.00000000,-0.57237298,-0.08689764
1118,-0.00659842,-0.13468156,-1.00000000,-0.98048633,-0.20323507
1119,-0.04585662,-0.10759562,1.00000000,-0.97132323,-0.20828505
1120,0.00954584,-0.14409292,-1.00000000,-0.96373578,-0.00292342
1121,-0.02448932,-0.26534761,-1.00000000,-0.74792400,-0.05215648
1122,0.05030554,-0.09422905,1.00000000,-0.94753310,0.05386079
1123,0.01154410,-0.19935160,-1.00000000,-0.86538517,0.09652063
1124,0.06933051,0.03166327,1.00000000,-0.72346717,0.36736872
1125,0.00856512,-0.08805712,1.00000000,-0.93654818,0.36506270
1126,-0.01893901,0.09042467,1.00000000,-0.61888233,0.37811356
1127,0.00367712,-0.09725812,1.00000000,-0.95292431,0.26847267
1128,-0.01137255,-0.18220865,-1.00000000,-0.89589656,0.21458705
1129,0.00623429,-0.11235542,1.00000000,-0.97979483,0.06622418
1130,0.00757804,-0.15883854,-1.00000000,-0.93749121,0.06390318
1131,-0.02587552,-0.10445725,1.00000000,-0.96573749,0.04759285
1132,-0.05354567,-0.10030686,1.00000000,-0.95835054,-0.08695937
1133,-0.05437643,-0.20363307,-1.00000000,-0.85776491,-0.18807760
1134,-0.04286083,-0.28909638,-1.00000000,-0.70565541,-0.30351861
1135,0.02661380,-0.29166230,-1.00000000,-0.70108853,-0.25875841
1136,-0.01034918,-0.25609470,-1.00000000,-0.76439255,-0.22225017
1137,-0.00831224,-0.04151214,1.00000000,-0.85370638,-0.11588943
1138,-0.03426901,-0.15567770,-1.00000000,-0.94311694,-0.06860936
1139,0.01155337,-0.14938632,-1.00000000,-0.95431448,0.05933880
1140,0.01823126,-0.22955761,-1.00000000,-0.81162384,0.03962832
1141,0.05695682,-0.08802850,1.00000000,-0.93649723,0.19788992
1142,-0.07757655,-0.06740283,1.00000000,-0.89978721,0.03502359
1143,-0.06520607,0.05220670,1.00000000,-0.68690352,-0.03772102
1144,-0.01810044,-0.36331926,-1.00000000,-0.57355190,-0.10744823
1145,0.06080803,-0.32511123,-1.00000000,-0.64155538,-0.00733431
1146,-0.05140096,-0.17961861,-1.00000000,-0.90050638,-0.26212402
1147,0.03324561,0.06410172,1.00000000,-0.66573250,-0.00153963
1148,-0.01339467,-0.28247212,-1.00000000,-0.71744543,0.12028839
1149,-0.00545073,-0.02102884,1.00000000,-0.81724976,0.15003260
1150,-0.00361838,-0.16508414,-1.00000000,-0.92637515,-0.00145800
1151,-0.04013742,-0.14054812,-1.00000000,-0.97004489,0.02502678
1152,0.02136278,-0.13488863,-1.00000000,-0.98011778,-0.00291420
1153,0.01332947,-0.24768305,-1.00000000,-0.77936378,0.05992425
1154,0.03502944,-0.05773070,1.00000000,-0.88257253,0.15510829
1155,-0.00110004,-0.08254275,1.00000000,-0.92673358,0.16102985
1156,-0.05025833,-0.01551921,1.00000000,-0.80744359,0.13723181
1157,-0.01302647,-0.12711037,-1.00000000,-0.99396170,0.05636982
1158,0.00489075,-0.27894294,-1.00000000,-0.72372674,0.03652724
1159,-0.01598654,-0.16394690,-1.00000000,-0.92839924,-0.08343044
1160,-0.01835099,-0.10860696,1.00000000,-0.97312324,-0.12399389
1161,0.01370649,-0.17308952,-1.00000000,-0.91212700,0.02641134
1162,0.01185335,-0.18039246,-1.00000000,-0.89912906,0.08491311
1163,0.01844972,-0.08137827,1.00000000,-0.92466100,0.11679533
1164,0.01576047,-0.08710194,1.00000000,-0.93484813,0.19144443
1165,-0.01835183,-0.06672810,1.00000000,-0.89858630,0.19144246
1166,-0.00162379,-0.07503426,1.00000000,-0.91336979,0.15539524
1167,-0.00956506,-0.18039505,-1.00000000,-0.89912445,0.10503254
1168,0.01641421,-0.12872806,-1.00000000,-0.99108250,0.10024628
1169,0.00385602,-0.15325583,-1.00000000,-0.94742744,0.07225447
1170,-0.04260495,-0.07301508,1.00000000,-0.90977602,0.01522629
1171,-0.02876413,-0.11180288,1.00000000,-0.97881140,-0.04859082
1172,0.00559238,-0.25530436,-1.00000000,-0.76579921,-0.01295002
1173,-0.01596028,-0.21255498,-1.00000000,-0.84188549,-0.08907455
1174,-0.00501598,-0.10643988,1.00000000,-0.96926622,-0.10993595
1175,0.00860002,-0.17300840,-1.00000000,-0.91227137,0.01046611
1176,-0.02339339,-0.13920535,-1.00000000,-0.97243480,0.02309474
1177,-0.01443892,-0.09715033,1.00000000,-0.95273246,-0.02400634
1178,0.00403664,-0.19596667,-1.00000000,-0.87140974,0.02301390
1179,-0.03148862,-0.16830946,-1.00000000,-0.92063465,-0.03923318
1180,0.04789544,-0.11124500,1.00000000,-0.97781847,0.05316507
1181,0.06580679,-0.22096995,-1.00000000,-0.82690834,0.26290813
1182,-0.05419840,0.02421932,1.00000000,-0.73671607,0.16941870
1183,-0.07894277,0.07954114,1.00000000,-0.63825307,-0.02569697
1184,-0.02880650,-0.29111242,-1.00000000,-0.70206722,-0.01939030
1185,-0.03865024,-0.36753903,-1.00000000,-0.56604145,-0.22289163
1186,-0.03768498,-0.21268583,-1.00000000,-0.84165261,-0.46623956
1187,-0.02519402,-0.24308967,-1.00000000,-0.78753917,-0.39803941
1188,-0.04343135,-0.24010833,-1.00000000,-0.79284543,-0.31453877
1189,0.04786047,-0.20152817,-1.00000000,-0.86151125,-0.13426601
1190,0.01661174,-0.25785683,-1.00000000,-0.76125626,-0.00432438
1191,-0.02161579,0.02411130,1.00000000,-0.73690832,0.03346031
1192,-0.01982998,-0.07240496,1.00000000,-0.90869011,0.04607319
1193,0.01427162,-0.19047628,-1.00000000,-0.88118166,0.18175450
1194,0.00326580,-0.18496053,-1.00000000,-0.89099871,0.07689571
1195,0.02068964,-0.07963277,1.00000000,-0.92155432,0.08648437
1196,-0.00351127,-0.11362587,1.00000000,-0.98205599,0.12905488
1197,0.00850580,-0.05980978,1.00000000,-0.88627293,0.19568290
1198,-0.00013018,-0.13455783,-1.00000000,-0.98070656,0.16181887
1199,-0.00499736,-0.09744135,1.00000000,-0.95325043,0.14238910
1200,-0.00126176,-0.12411483,-1.00000000,-0.99929323,0.09077314
1201,0.02102877,-0.13914783,-1.00000000,-0.97253717,0.14847596
1202,-0.02708906,-0.12760988,-1.00000000,-0.99307266,0.06477911
1203,-0.00962158,-0.05876233,1.00000000,-0.88440865,0.04246128
1204,0.00697515,-0.20738127,-1.00000000,-0.85109377,0.07061313
1205,0.06993338,-0.15343041,-1.00000000,-0.94711671,0.23801956
1206,-0.02185489,-0.10216898,1.00000000,-0.96166477,0.13718402
1207,0.00750449,0.09228669,1.00000000,-0.61556826,0.21852641
1208,0.04367571,-0.19121477,-1.00000000,-0.87986727,0.34384831
1209,-0.03970141,-0.10053405,1.00000000,-0.95875488,0.23409423
1210,-0.00189527,0.01118606,1.00000000,-0.75991295,0.06519817
1211,-0.05056511,-0.24633636,-1.00000000,-0.78176064,-0.00231031
1212,-0.00006597,-0.12956658,-1.00000000,-0.98959008,-0.02011129
1213,0.07348250,-0.27989048,-1.00000000,-0.72204029,0.04997564
1214,-0.04239569,-0.12391651,-1.00000000,-0.99964621,0.04364039
1215,-0.01814998,0.10324870,1.00000000,-0.59605784,0.00541950
1216,-0.05319774,-0.25465802,-1.00000000,-0.76694957,-0.00077080
1217,0.00720364,-0.17977161,-1.00000000,-0.90023406,0.01632278
1218,0.01150983,-0.28802174,-1.00000000,-0.70756809,-0.12939818
1219,0.06061568,-0.10146325,1.00000000,-0.96040869,0.11282012
1220,0.00389889,-0.08816295,1.00000000,-0.93673653,0.16466527
1221,-0.02654837,0.06350762,1.00000000,-0.66678989,0.22732791
1222,-0.02328085,-0.11167046,1.00000000,-0.97857571,0.15564744
1223,-0.00739321,-0.20571128,-1.00000000,-0.85406606,0.11119930
1224,0.04319075,-0.19561906,-1.00000000,-0.87202842,0.07022677
1225,-0.11526841,-0.14654777,-1.00000000,-0.95936659,-0.20998018
1226,-0.02888688,0.00968819,1.00000000,-0.76257890,-0.21547888
1227,0.00796891,-0.47973607,-1.00000000,-0.36635068,-0.14199898
1228,0.01450446,-0.21293410,-1.00000000,-0.84121073,-0.09050935
1229,0.08162941,-0.09909960,1.00000000,-0.95620181,-0.00012565
1230,0.00167587,-0.07891360,1.00000000,-0.92027433,0.27485413
1231,0.00104183,0.12841161,1.00000000,-0.55127232,0.34522775
1232,-0.00769434,-0.11853660,1.00000000,-0.99079622,0.30839757
1233,-0.04184146,-0.12049490,1.00000000,-0.99428165,0.17590720
1234,0.00493963,-0.14747785,-1.00000000,-0.95771122,-0.00441921
1235,-0.04415661,-0.25294621,-1.00000000,-0.76999630,-0.11218854
1236,0.03857914,-0.10845600,1.00000000,-0.97285454,-0.02392427
1237,-0.02702076,-0.26009691,-1.00000000,-0.75726932,-0.06936792
1238,-0.01013292,-0.00455544,1.00000000,-0.78793003,0.00519073
1239,-0.01643617,-0.20717032,-1.00000000,-0.85146924,-0.04507177
1240,-0.03493765,-0.15500975,-1.00000000,-0.94430577,-0.02339453
1241,-0.00947598,-0.17447826,-1.00000000,-0.90965528,-0.13639012
1242,-0.01706511,-0.23162279,-1.00000000,-0.80794819,-0.11298066
1243,0.01815081,-0.15298071,-1.00000000,-0.94791710,-0.04647503
1244,0.01105392,-0.17642084,-1.00000000,-0.90619783,0.01816447
1245,0.03732550,-0.06765133,1.00000000,-0.90022949,0.18808219
1246,-0.03693621,-0.08957111,1.00000000,-0.93924281,0.12351291
1247,0.01424651,-0.00842751,1.00000000,-0.79482162,0.19713826
1248,-0.01161637,-0.23779563,-1.00000000,-0.79696163,0.12714447
1249,-0.01595428,-0.07971033,1.00000000,-0.92169236,0.06363808
1250,0.02066228,-0.15959161,-1.00000000,-0.93615087,0.02445661
1251,-0.01059891,-0.17298988,-1.00000000,-0.91230434,0.08638546
1252,0.01546225,-0.05989429,1.00000000,-0.88642334,0.08924412
1253,-0.00619097,-0.15644904,-1.00000000,-0.94174408,0.10200128
1254,0.00899300,-0.07595533,1.00000000,-0.91500914,0.16066168
1255,-0.01809392,-0.14283446,-1.00000000,-0.96597561,0.06953133
1256,-0.02163809,-0.09593656,1.00000000,-0.95057217,0.04357409
1257,0.00650854,-0.17959847,-1.00000000,-0.90054222,0.02252056
1258,-0.03074434,-0.19054516,-1.00000000,-0.88105906,-0.03521361
1259,-0.02038572,-0.10361018,1.00000000,-0.96422985,-0.10429400
1260,0.00570019,-0.21867114,-1.00000000,-0.83099982,-0.04834512
1261,-0.00984371,-0.18667704,-1.00000000,-0.88794362,-0.02061211
1262,0.00161752,-0.10610687,1.00000000,-0.96867352,-0.03211274
1263,0.01575303,-0.15411648,-1.00000000,-0.94589562,0.07722000
1264,0.05477898,-0.11871682,1.00000000,-0.99111699,0.25396037
1265,-0.02019109,-0.07505722,1.00000000,-0.91341065,0.19308026
1266,-0.00612765,0.04548013,1.00000000,-0.69887562,0.20181810
1267,-0.07006104,-0.18607589,-1.00000000,-0.88901357,0.03327496
1268,0.01484104,-0.14263891,-1.00000000,-0.96632367,0.03113052
1269,-0.03780517,-0.34010651,-1.00000000,-0.61486645,-0.18656950
1270,0.01186529,-0.07787404,1.00000000,-0.91842410,-0.11119294
1271,-0.03540584,-0.24047955,-1.00000000,-0.79218472,-0.18003694
1272,-0.00829030,-0.08706508,1.00000000,-0.93478251,-0.03479078
1273,0.09457702,-0.23306888,-1.00000000,-0.80537441,0.15269837
1274,-0.00062145,-0.14931855,-1.00000000,-0.95443510,0.24013125
1275,0.00132760,0.16840218,1.00000000,-0.48009623,0.21535319
1276,-0.05890139,-0.12563218,-1.00000000,-0.99659262,0.16010635
1277,0.00932422,-0.11961227,1.00000000,-0.99271073,0.20152467
1278,-0.05699195,-0.30563831,-1.00000000,-0.67621372,-0.15487073
1279,-0.00313258,-0.09491355,1.00000000,-0.94875139,-0.16077534
1280,-0.00256114,-0.29974070,-1.00000000,-0.68671041,-0.16991922
1281,0.02439717,-0.13338817,-1.00000000,-0.98278833,0.02594691
1282,-0.02124233,-0.13162321,-1.00000000,-0.98592965,-0.04592650
1283,0.01514809,-0.04835852,1.00000000,-0.86589173,0.12370174
1284,-0.02275490,-0.18932280,-1.00000000,-0.88323464,0.07756231
1285,-0.01004687,-0.07692568,1.00000000,-0.91673618,0.05996057
1286,-0.03664820,-0.19399458,-1.00000000,-0.87491971,-0.08357997
1287,0.00433976,-0.15474397,-1.00000000,-0.94477881,-0.02342689
1288,0.01792446,-0.23690608,-1.00000000,-0.79854487,-0.01689859
1289,0.01178201,-0.11030877,1.00000000,-0.97615215,0.06431061
1290,-0.01056002,-0.06835043,1.00000000,-0.90147377,0.06310398
1291,0.02820576,-0.08732231,1.00000000,-0.93524034,0.21559993
1292,0.06191379,-0.15632893,-1.00000000,-0.94195786,0.35097803
1293,0.01864850,-0.03659515,1.00000000,-0.84495502,0.35268051
1294,0.04245232,0.06751703,1.00000000,-0.65965385,0.42479789
1295,-0.01891341,-0.06611415,1.00000000,-0.89749358,0.40515596
1296,0.01174742,0.00740742,1.00000000,-0.76663826,0.36645624
1297,-0.07116218,-0.18212958,-1.00000000,-0.89603730,0.05354478
1298,0.00577798,-0.08742914,1.00000000,-0.93543047,0.02328138
1299,-0.02264103,-0.34350756,-1.00000000,-0.60881320,-0.12977745
1300,-0.04758927,-0.10586661,1.00000000,-0.96824590,-0.19720514
1301,-0.01152945,-0.19364288,-1.00000000,-0.87554567,-0.25193777
1302,0.03180805,-0.27069917,-1.00000000,-0.73839918,-0.00981619
1303,-0.00142317,-0.15932314,-1.00000000,-0.93662871,-0.02674881
1304,0.15145779,-0.02546896,1.00000000,-0.82515237,0.38262272
1305,-0.00213301,-0.12810844,-1.00000000,-0.99218532,0.48950741
1306,-0.03071457,0.34408675,1.00000000,-0.16740894,0.44439600
1307,-0.02144177,-0.13030087,-1.00000000,-0.98828318,0.31918574
1308,0.03595039,-0.21857919,-1.00000000,-0.83116347,0.40706499
1309,-0.01090599,-0.18993878,-1.00000000,-0.88213831,0.02528693
1310,-0.00451528,-0.01267473,1.00000000,-0.80238093,0.01968532
1311,-0.04835606,-0.15739750,-1.00000000,-0.94005600,-0.02179644
1312,-0.04274482,-0.13765886,-1.00000000,-0.97518726,-0.07188790
1313,-0.00471284,-0.27306752,-1.00000000,-0.73418394,-0.16750238
1314,0.00475038,-0.25573639,-1.00000000,-0.76503027,-0.13068839
1315,0.01316056,-0.13826905,-1.00000000,-0.97410123,-0.08912586
1316,0.10736274,-0.10904050,1.00000000,-0.97389486,0.27702736
1317,-0.04921787,-0.08306444,1.00000000,-0.92766209,0.26180681
1318,0.07301207,0.20789274,1.00000000,-0.40981006,0.44456718
1319,-0.03781507,-0.27572933,-1.00000000,-0.72944639,0.34447987
1320,-0.06993510,0.10179568,1.00000000,-0.59864395,0.14909085
1321,-0.05000361,-0.24051011,-1.00000000,-0.79213033,-0.22093638
1322,0.02825410,-0.33971752,-1.00000000,-0.61555879,-0.03877078
1323,0.05793407,-0.27815622,-1.00000000,-0.72512695,-0.07422480
1324,0.00565602,-0.03644585,1.00000000,-0.84468929,0.02799201
1325,-0.07142775,0.05522507,1.00000000,-0.68153135,0.02448222
1326,0.00513443,-0.10624330,1.00000000,-0.96891634,0.15413241
1327,-0.14152911,-0.34432780,-1.00000000,-0.60735332,-0.24509152
1328,-0.01151381,-0.10785433,1.00000000,-0.97178369,-0.40838948
1329,0.03831593,-0.56084610,-1.00000000,-0.22198925,-0.33159381
1330,-0.01990131,-0.15927483,-1.00000000,-0.93671469,-0.21043586
1331,0.08952082,-0.00536842,1.00000000,-0.78937699,-0.01201183
1332,-0.03538674,-0.18518087,-1.00000000,-0.89060655,0.23756864
1333,-0.11323554,0.15278539,1.00000000,-0.50789134,-0.00161726
1334,0.04719205,-0.23300987,-1.00000000,-0.80547942,0.01925382
1335,-0.10358609,-0.47345727,-1.00000000,-0.37752581,-0.17752044
1336,0.05241359,0.02204678,1.00000000,-0.74058282,-0.26477345
1337,-0.03144573,-0.44365354,-1.00000000,-0.43057116,-0.25550665
1338,0.06939853,0.03817427,1.00000000,-0.71187875,0.17393447
1339,0.10106636,-0.22083747,-1.00000000,-0.82714413,0.30061316
1340,-0.06900897,0.09063475,1.00000000,-0.61850842,0.38191693
1341,0.08758415,0.18844545,1.00000000,-0.44442277,0.46461611
1342,-0.06755089,-0.33685703,-1.00000000,-0.62064995,0.37971934
1343,0.03131458,0.14680370,1.00000000,-0.51853768,0.29016969
1344,0.00126820,-0.33235356,-1.00000000,-0.62866533,0.05550684
1345,0.02223877,-0.02699311,1.00000000,-0.82786509,0.27006444
1346,-0.02047677,-0.11979574,1.00000000,-0.99303727,0.01597274
1347,-0.00284265,-0.05502507,1.00000000,-0.87775699,0.16812605
1348,0.02987886,-0.18695825,-1.00000000,-0.88744313,0.16475015
1349,-0.03857257,-0.13249271,-1.00000000,-0.98438210,0.07106958
1350,-0.02109659,-0.03142752,1.00000000,-0.83575755,-0.03082808
1351,-0.06214163,-0.24284977,-1.00000000,-0.78796616,-0.12879778
1352,0.03529852,-0.18887265,-1.00000000,-0.88403583,-0.03911358
1353,-0.04318824,-0.31564627,-1.00000000,-0.65840134,-0.21092170
1354,0.06254160,-0.01468811,1.00000000,-0.80596438,0.02683559
1355,-0.03818858,-0.25710593,-1.00000000,-0.76259272,-0.01335410
1356,0.09735026,0.06945612,1.00000000,-0.65620262,0.36167108
1357,-0.07597285,-0.24166378,-1.00000000,-0.79007702,0.10003041
1358,0.10247279,0.17696774,1.00000000,-0.46485106,0.44253405
1359,0.05716553,-0.35836599,-1.00000000,-0.58236784,0.42989288
1360,0.11397292,0.19278943,1.00000000,-0.43669125,0.78768158
1361,0.01743598,0.05285133,1.00000000,-0.68575620,0.59977318
1362,-0.00556761,0.22830926,1.00000000,-0.37347227,0.76532227
1363,0.02576205,-0.06985919,1.00000000,-0.90415908,0.58494659
1364,0.03695118,-0.14090912,-1.00000000,-0.96940239,0.53741509
1365,-0.07996475,-0.04414289,1.00000000,-0.85838865,0.08139499
1366,0.06061631,-0.00958363,1.00000000,-0.79687932,0.18292811
1367,-0.01494020,-0.37069556,-1.00000000,-0.56042339,0.16088964
1368,-0.03671257,0.06350956,1.00000000,-0.66678643,0.01398840
1369,-0.09539172,-0.16985774,-1.00000000,-0.91787899,-0.29719933
1370,0.00283933,-0.23710489,-1.00000000,-0.79819102,-0.10249594
1371,0.00047072,-0.41834401,-1.00000000,-0.47561763,-0.24392073
1372,-0.03321478,-0.11494308,1.00000000,-0.98440039,-0.28689111
1373,0.06627029,-0.12225885,1.00000000,-0.99742117,-0.04473983
1374,-0.02419358,-0.22630145,-1.00000000,-0.81741922,0.12267367
1375,-0.01996482,0.08097273,1.00000000,-0.63570510,0.06905259
1376,-0.00408361,-0.19843815,-1.00000000,-0.86701095,0.05834364
1377,0.04413630,-0.18537700,-1.00000000,-0.89025746,0.24022499
1378,0.00711385,-0.13632559,-1.00000000,-0.97756025,0.10112604
1379,0.01314414,0.01260865,1.00000000,-0.75738100,0.18892100
1380,-0.00166475,-0.10174058,1.00000000,-0.96090230,0.23195131
1381,0.00464436,-0.08311515,1.00000000,-0.92775234,0.25247403
1382,0.06830554,-0.12885458,-1.00000000,-0.99085732,0.30930497
1383,-0.01190264,-0.10936798,1.00000000,-0.97447772,0.26459008
1384,0.09129063,0.08725888,1.00000000,-0.62451688,0.44834173
1385,0.04816650,-0.16047579,-1.00000000,-0.93457720,0.56551367
1386,-0.01784420,0.15825169,1.00000000,-0.49816230,0.51263466
1387,0.00504922,0.02505652,1.00000000,-0.73522601,0.36389536
1388,-0.01760128,-0.17882717,-1.00000000,-0.90191500,0.35049573
1389,0.02631083,-0.10811750,1.00000000,-0.97225208,0.19770388
1390,-0.01081929,-0.17807686,-1.00000000,-0.90325041,0.05900618
1391,0.02740284,-0.04244792,1.00000000,-0.85537190,0.16539893
1392,-0.06531303,-0.15712972,-1.00000000,-0.94053260,-0.00004907
1393,0.00412641,-0.03907507,1.00000000,-0.84936883,0.05104084
1394,0.01354218,-0.32544159,-1.00000000,-0.64096741,0.02101696
1395,-0.01847569,-0.11096775,1.00000000,-0.97732502,0.00301391
1396,0.00893119,-0.08188576,1.00000000,-0.92556424,-0.04041986
1397,0.00063959,-0.18077761,-1.00000000,-0.89844356,0.11465945
1398,-0.03230630,-0.09612747,1.00000000,-0.95091196,0.02899252
1399,-0.02813606,-0.12173728,1.00000000,-0.99649287,-0.06900865
1400,0.00934165,-0.22349548,-1.00000000,-0.82241334,-0.00359967
1401,-0.07995533,-0.21061510,-1.00000000,-0.84533814,-0.21260518
1402,-0.07092720,-0.09485971,1.00000000,-0.94865557,-0.38088552
1403,0.04365236,-0.37066648,-1.00000000,-0.56047515,-0.20227825
1404,-0.00995255,-0.34278178,-1.00000000,-0.61010495,-0.15952199
1405,-0.02764098,0.01111394,1.00000000,-0.76004131,-0.24648200
1406,-0.00986629,-0.15445265,-1.00000000,-0.94529731,-0.08167641
1407,0.03424623,-0.20908596,-1.00000000,-0.84805974,0.16562572
1408,-0.00355367,-0.15418624,-1.00000000,-0.94577148,0.05462665
1409,0.02671430,-0.01793827,1.00000000,-0.81174909,0.14084414
1410,-0.04459045,-0.13468880,-1.00000000,-0.98047345,0.10098959
1411,-0.00252485,-0.04120174,1.00000000,-0.85315392,0.11825208
1412,-0.01855593,-0.26143686,-1.00000000,-0.75488444,-0.00590557
1413,-0.04855913,-0.13151111,-1.00000000,-0.98612918,-0.11173026
1414,0.06299466,-0.18102545,-1.00000000,-0.89800244,-0.02642156
1415,-0.03705236,-0.27369473,-1.00000000,-0.73306761,-0.00869669
1416,-0.06520300,0.07085544,1.00000000,-0.65371207,-0.15607652
1417,0.02230976,-0.23815437,-1.00000000,-0.79632313,-0.05998596
1418,0.00420328,-0.32510175,-1.00000000,-0.64157225,0.06407823
1419,-0.01159203,-0.05480579,1.00000000,-0.87736671,-0.11130300
1420,0.00381642,-0.11073032,1.00000000,-0.97690244,-0.01520520
1421,-0.02971976,-0.15951643,-1.00000000,-0.93628469,0.06822919
1422,-0.00795505,-0.11192519,1.00000000,-0.97902909,-0.00293473
1423,-0.05089288,-0.21550658,-1.00000000,-0.83663218,-0.13248643
1424,-0.03143129,-0.14828310,-1.00000000,-0.95627801,-0.17913598
1425,-0.04900952,-0.28090285,-1.00000000,-0.72023845,-0.30334954
1426,0.01471049,-0.22079290,-1.00000000,-0.82722347,-0.19887738
1427,-0.06483216,-0.27508582,-1.00000000,-0.73059173,-0.33261677
1428,-0.01628144,-0.07827726,1.00000000,-0.91914176,-0.25123233
1429,-0.12748833,-0.32395637,-1.00000000,-0.64361084,-0.47709840
1430,0.00405005,-0.17400037,-1.00000000,-0.91050584,-0.35233547
1431,0.00060212,-0.51747909,-1.00000000,-0.29917482,-0.38550952
1432,0.00014055,-0.11120358,1.00000000,-0.97774474,-0.23273432
1433,0.10635410,-0.12185300,1.00000000,-0.99669883,0.05562778
1434,0.03689588,-0.12327864,1.00000000,-0.99923620,0.44215663
1435,0.06284556,0.20477742,1.00000000,-0.41535477,0.58040688
1436,0.03609914,-0.00975444,1.00000000,-0.79718332,0.66387367
1437,0.03492582,0.07039493,1.00000000,-0.65453170,0.74566686
1438,-0.04433861,-0.01221528,1.00000000,-0.80156319,0.39133185
1439,-0.04688167,-0.01583925,1.00000000,-0.80801321,0.19433945
1440,0.08570534,-0.26065904,-1.00000000,-0.75626883,0.24809135
1441,0.03648207,-0.26851364,-1.00000000,-0.74228903,0.24899176
1442,-0.05068878,0.14100070,1.00000000,-0.52886598,0.04767978
1443,-0.06946856,-0.01103255,1.00000000,-0.79945813,-0.01141016
1444,0.04511575,-0.28027245,-1.00000000,-0.72136044,0.20491024
1445,0.03844231,-0.33827656,-1.00000000,-0.61812343,0.09377716
1446,-0.03911898,0.01563383,1.00000000,-0.75199673,-0.08398923
1447,0.05822944,-0.00497805,1.00000000,-0.78868221,0.17211831
1448,-0.04668519,-0.24453744,-1.00000000,-0.78496241,0.22569055
1449,0.04965241,0.05613739,1.00000000,-0.67990759,0.23635795
1450,0.03840008,-0.26790678,-1.00000000,-0.74336913,0.23625864
1451,0.10393131,0.02964598,1.00000000,-0.72705758,0.57262345
1452,0.14889021,-0.00510851,1.00000000,-0.78891440,0.78580087
1453,-0.03349647,0.19729428,1.00000000,-0.42867342,0.81681248
1454,0.10895181,0.33615640,1.00000000,-0.18152355,0.95624758
1455,0.01142702,-0.22717150,-1.00000000,-0.81587068,0.89282383
1456,-0.03695950,0.21280084,1.00000000,-0.40107451,0.56153676
1457,-0.10072476,-0.08841873,1.00000000,-0.93719176,-0.02540153
1458,-0.02867755,-0.23786757,-1.00000000,-0.79683359,-0.01407044
1459,0.00437141,-0.43481590,-1.00000000,-0.44630059,-0.25997814
1460,0.03910413,-0.21228756,-1.00000000,-0.84236145,-0.19489890
1461,0.00039701,-0.11021101,1.00000000,-0.97597815,-0.10705974
1462,-0.00996341,-0.00293395,1.00000000,-0.78504406,0.10635419
1463,0.02567814,-0.12248652,1.00000000,-0.99782637,0.23416478
1464,-0.02936655,-0.15448621,-1.00000000,-0.94523757,0.15483419
1465,-0.00991817,-0.04440207,1.00000000,-0.85884994,0.03956440
1466,-0.22618544,-0.21441564,-1.00000000,-0.83857386,-0.49321583
1467,0.13413553,-0.15434649,-1.00000000,-0.94548626,-0.15438523
1468,0.08046770,-0.82231954,-1.00000000,0.24338698,-0.02555444
1469,-0.11351163,0.29058444,1.00000000,-0.26263353,-0.22341105
1470,-0.02278391,0.12482350,1.00000000,-0.55765852,-0.25366321
1471,0.30060051,-0.47431001,-1.00000000,-0.37600809,0.98500789
1472,-0.22295763,-0.19408418,-1.00000000,-0.87476023,0.14534811
1473,0.07473096,0.80473584,1.00000000,0.65246452,0.13185887
1474,0.10924816,-0.81234996,-1.00000000,0.22564290,0.65565057
1475,-0.03119416,0.10710472,1.00000000,-0.58919480,0.63587492
1476,-0.00257224,0.21371614,1.00000000,-0.39944544,-0.07699776
1477,-0.06336706,-0.22006047,-1.00000000,-0.82852706,0.29825944
1478,0.01966008,-0.13165748,-1.00000000,-0.98586865,0.16876718
1479,0.02650390,-0.31943118,-1.00000000,-0.65166487,-0.02579555
1480,0.16912584,-0.06298972,1.00000000,-0.89193265,0.44523179
1481,-0.07848635,-0.04185158,1.00000000,-0.85431052,0.26672928
1482,0.01405809,0.39865711,1.00000000,-0.07028341,0.44878481
1483,0.02939636,-0.36612931,-1.00000000,-0.56855050,0.47167844
1484,-0.02695806,-0.08029229,1.00000000,-0.92272815,0.34596934
1485,-0.08784211,-0.03291781,1.00000000,-0.83841000,-0.25825855
1486,-0.06209279,-0.20697667,-1.00000000,-0.85181390,-0.21971116
1487,-0.01295677,-0.39502593,-1.00000000,-0.51711965,-0.28323322
1488,0.05331837,-0.31549542,-1.00000000,-0.65866983,-0.22698362
1489,0.04710889,-0.16373163,-1.00000000,-0.92878237,-0.05282446
1490,-0.04938798,0.04096881,1.00000000,-0.70690497,0.03759560
1491,-0.05992264,0.02178995,1.00000000,-0.74103992,0.04269845
1492,0.01702869,-0.27625474,-1.00000000,-0.72851126,0.11320550
1493,0.02462728,-0.30879258,-1.00000000,-0.67059969,0.04574201
1494,0.08254140,-0.07111715,1.00000000,-0.90639804,0.12905709
1495,-0.01799317,-0.04764780,1.00000000,-0.86462676,0.20287804
1496,-0.00444873,0.13122840,1.00000000,-0.54625894,0.33331798
1497,0.03851905,-0.17928729,-1.00000000,-0.90109606,0.38384987
1498,-0.01250179,-0.13745331,-1.00000000,-0.97555312,0.29654551
1499,0.01288137,-0.00474103,1.00000000,-0.78826035,0.13274869
1500,-0.01399473,-0.16232637,-1.00000000,-0.93128349,0.14215052
1501,0.00254333,-0.08392677,1.00000000,-0.92919688,0.15859147
1502,-0.02366383,-0.16693753,-1.00000000,-0.92307645,0.01237622
1503,-0.00505235,-0.11585731,1.00000000,-0.98602756,0.02989265
1504,-0.02896036,-0.19680195,-1.00000000,-0.86992308,-0.06849292
1505,-0.00170189,-0.13931768,-1.00000000,-0.97223487,-0.03958785
1506,-0.02093258,-0.21316106,-1.00000000,-0.84080678,-0.09478851
1507,-0.00028439,-0.12896929,-1.00000000,-0.99065316,-0.03981469
1508,-0.01284013,-0.18836608,-1.00000000,-0.88493743,-0.05812668
1509,-0.00263867,-0.12459114,-1.00000000,-0.99844549,0.00376548
1510,-0.02008026,-0.16337138,-1.00000000,-0.92942356,-0.03944896
1511,-0.00911665,-0.13186266,-1.00000000,-0.98550348,-0.01166529
1512,0.00968884,-0.18573359,-1.00000000,-0.88962281,0.01178552
1513,0.00953134,-0.15187087,-1.00000000,-0.94989241,0.06438923
1514,0.00519684,-0.09378734,1.00000000,-0.94674695,0.08281344
1515,-0.00037443,-0.09427382,1.00000000,-0.94761279,0.12914924
1516,-0.00532925,-0.10766156,1.00000000,-0.97144059,0.13805486
1517,0.01136006,-0.12486922,-1.00000000,-0.99795055,0.14198451
1518,-0.03278448,-0.14017291,-1.00000000,-0.97071271,0.04248417
1519,0.01492767,-0.08862555,1.00000000,-0.93755987,0.06536500
1520,-0.01990446,-0.22497241,-1.00000000,-0.81978468,0.01944257
1521,0.03851119,-0.07760647,1.00000000,-0.91794787,0.12252784
1522,0.01676195,-0.18519060,-1.00000000,-0.89058923,0.13522971
1523,0.00109147,-0.00476533,1.00000000,-0.78830360,0.21488474
1524,-0.03302767,-0.07194103,1.00000000,-0.90786439,0.10212379
1525,-0.00781180,-0.12034160,1.00000000,-0.99400881,0.13055818
1526,-0.00857533,-0.22572352,-1.00000000,-0.81844783,0.01984015
1527,0.02523762,-0.14784063,-1.00000000,-0.95706554,0.03976962
1528,0.00026879,-0.15019891,-1.00000000,-0.95286821,0.03783519
1529,-0.02353739,-0.04576269,1.00000000,-0.86127161,0.06015037
1530,-0.00484079,-0.12288257,1.00000000,-0.99853128,0.06713633
1531,-0.00179241,-0.19641144,-1.00000000,-0.87061813,0.08308551
1532,-0.01571788,-0.13866423,-1.00000000,-0.97339790,-0.01321621
1533,0.00734424,-0.12924887,-1.00000000,-0.99015555,0.00342083
1534,0.03218205,-0.17225974,-1.00000000,-0.91360386,0.13443811
1535,0.02023199,-0.10102900,1.00000000,-0.95963582,0.19339360
1536,0.06471638,-0.02431379,1.00000000,-0.82309638,0.34978066
1537,0.01885780,-0.06122330,1.00000000,-0.88878875,0.43108106
1538,0.03930077,0.07617323,1.00000000,-0.64424736,0.50622284
1539,0.02152484,-0.06546767,1.00000000,-0.89634297,0.48116373
1540,-0.02037580,-0.00232658,1.00000000,-0.78396306,0.38567960
1541,-0.01844053,-0.05723016,1.00000000,-0.88168166,0.19014657
1542,-0.00493855,-0.18664640,-1.00000000,-0.88799816,0.13419242
1543,-0.00636184,-0.18066903,-1.00000000,-0.89863682,0.02682253
1544,0.01970136,-0.13896619,-1.00000000,-0.97286046,0.02253487
1545,0.00268273,-0.14336221,-1.00000000,-0.96503632,0.07675412
1546,0.02105952,-0.06286222,1.00000000,-0.89170573,0.16963354
1547,0.00670306,-0.11542675,1.00000000,-0.98526124,0.19700732
1548,-0.02344083,-0.05866734,1.00000000,-0.88423959,0.15684821
1549,0.01236793,-0.10300938,1.00000000,-0.96316053,0.13960457
1550,-0.02380830,-0.19611318,-1.00000000,-0.87114897,0.07731424
1551,-0.00896222,-0.08551259,1.00000000,-0.93201935,0.00672187
1552,-0.01750477,-0.19724816,-1.00000000,-0.86912892,-0.05019980
1553,-0.02012831,-0.15139389,-1.00000000,-0.95074137,-0.04241082
1554,-0.00974091,-0.17777879,-1.00000000,-0.90378093,-0.09439698
1555,0.01979452,-0.18588197,-1.00000000,-0.88935870,0.00812957
1556,-0.00188592,-0.15379897,-1.00000000,-0.94646075,0.02476862
1557,-0.00853027,-0.06257449,1.00000000,-0.89119361,0.04587104
1558,0.02503847,-0.12953769,-1.00000000,-0.98964152,0.15207505
1559,-0.00388763,-0.15005972,-1.00000000,-0.95311594,0.16583830
1560,0.00616484,-0.04637778,1.00000000,-0.86236636,0.13378981
1561,0.01653411,-0.13572026,-1.00000000,-0.97863763,0.17710219
1562,-0.00057713,-0.10467176,1.00000000,-0.96611927,0.19580300
1563,0.01578076,-0.07264474,1.00000000,-0.90911688,0.17403466
1564,0.02794387,-0.12549529,-1.00000000,-0.99683626,0.24888245
1565,0.00787875,-0.07497156,1.00000000,-0.91325820,0.25291250
1566,0.00456175,-0.03740402,1.00000000,-0.84639466,0.22476099
1567,0.01724184,-0.09937809,1.00000000,-0.95669748,0.26666004
1568,-0.01239302,-0.10962313,1.00000000,-0.97493184,0.20041292
1569,0.03385261,-0.07045883,1.00000000,-0.90522633,0.21430656
1570,0.00184497,-0.16199041,-1.00000000,-0.93188144,0.20011889
1571,-0.03566366,-0.01915404,1.00000000,-0.81391294,0.10553390
1572,0.00540537,-0.11801429,1.00000000,-0.98986661,0.07770193
1573,0.00213627,-0.23386517,-1.00000000,-0.80395715,0.11186572
1574,0.01581894,-0.10701749,1.00000000,-0.97029425,0.06946181
1575,-0.00149916,-0.11711459,1.00000000,-0.98826529,0.06159850
1576,0.00113505,-0.07485366,1.00000000,-0.91304835,0.14812605
1577,0.00958058,-0.12834314,-1.00000000,-0.99176759,0.15794353
1578,0.01235496,-0.12020699,1.00000000,-0.99376921,0.18197152
1579,-0.00788732,-0.09412174,1.00000000,-0.94734211,0.12622924
1580,0.02072321,-0.08555264,1.00000000,-0.93209065,0.17848237
1581,-0.00651879,-0.14807388,-1.00000000,-0.95665038,0.16048533
1582,0.01713215,-0.05970608,1.00000000,-0.88608837,0.17824191
1583,0.00436903,-0.14384698,-1.00000000,-0.96417351,0.15946399
1584,0.02523478,-0.07079760,1.00000000,-0.90582929,0.23734644
1585,0.01146163,-0.11021836,1.00000000,-0.97599124,0.21556898
1586,0.00328486,-0.04577146,1.00000000,-0.86128721,0.23862102
1587,0.01105684,-0.08831185,1.00000000,-0.93700154,0.22433570
1588,-0.01679476,-0.11356699,1.00000000,-0.98195121,0.17457170
1589,0.03240135,-0.08956207,1.00000000,-0.93922672,0.19142299
1590,-0.00069966,-0.17558582,-1.00000000,-0.90768403,0.16282725
1591,0.02561289,-0.02363646,1.00000000,-0.82189086,0.21532883
1592,-0.10127915,-0.12587376,-1.00000000,-0.99616265,-0.04881517
1593,0.02588595,-0.04460359,1.00000000,-0.85920861,0.05154316
1594,0.04354032,-0.43652819,-1.00000000,-0.44325301,0.07773506
1595,0.00743943,-0.04376022,1.00000000,-0.85770756,0.09687311
1596,-0.06409853,0.01076788,1.00000000,-0.76065724,-0.11407205
1597,0.01866241,-0.10073499,1.00000000,-0.95911252,0.16795548
1598,-0.01888575,-0.32169043,-1.00000000,-0.64764381,0.06268045
1599,-0.01406926,-0.06607117,1.00000000,-0.89741710,-0.07278125
1600,-0.00904831,-0.18204414,-1.00000000,-0.89618936,-0.11155010
1601,-0.01546016,-0.16716772,-1.00000000,-0.92266674,0.00281693
1602,0.01702705,-0.15165977,-1.00000000,-0.95026813,-0.00102841
1603,0.01836258,-0.17146371,-1.00000000,-0.91502064,0.08655636
1604,0.04054942,-0.07112221,1.00000000,-0.90640705,0.21498534
1605,0.03757543,-0.06699725,1.00000000,-0.89906534,0.32461521
1606,0.02000830,0.00153006,1.00000000,-0.77709892,0.40801483
1607,-0.00526969,-0.00765555,1.00000000,-0.79344768,0.35558683
1608,0.00047524,-0.06191421,1.00000000,-0.89001844,0.31352699
1609,-0.03362910,-0.13998898,-1.00000000,-0.97104008,0.13910551
1610,-0.01880377,-0.12224491,1.00000000,-0.99739635,0.00653690
1611,-0.00412897,-0.22758114,-1.00000000,-0.81514161,-0.05021885
1612,-0.00068886,-0.18179094,-1.00000000,-0.89664002,-0.03944759
1613,0.01217931,-0.13646567,-1.00000000,-0.97731093,-0.01192693
1614,-0.00914895,-0.12584039,-1.00000000,-0.99622204,0.04563508
1615,-0.01295712,-0.08609517,1.00000000,-0.93305624,0.05938273
1616,-0.00628932,-0.15197061,-1.00000000,-0.94971489,0.05430293
1617,-0.01320225,-0.16373272,-1.00000000,-0.92878044,0.02487925
1618,0.00959643,-0.14313824,-1.00000000,-0.96543494,0.01880593
1619,0.00609724,-0.16448984,-1.00000000,-0.92743289,0.05465542
1620,-0.01227363,-0.09407277,1.00000000,-0.94725496,0.05626256
1621,0.02935027,-0.10488054,1.00000000,-0.96649087,0.14006459
1622,-0.00395906,-0.16162166,-1.00000000,-0.93253775,0.16179880
1623,0.01216398,-0.03306015,1.00000000,-0.83866334,0.16783605
1624,-0.03573346,-0.13594090,-1.00000000,-0.97824493,0.06947642
1625,-0.00239706,-0.08614253,1.00000000,-0.93314055,0.09269993
1626,0.01472046,-0.23408076,-1.00000000,-0.80357343,0.05829976
1627,0.00156745,-0.13111644,-1.00000000,-0.98683162,0.07129467
1628,-0.03136383,-0.07824646,1.00000000,-0.91908694,-0.03105549
1629,0.01248670,-0.11887145,1.00000000,-0.99139220,0.08232815
1630,-0.00653435,-0.22058451,-1.00000000,-0.82759436,0.07259983
1631,-0.04503936,-0.08514577,1.00000000,-0.93136649,-0.06791789
1632,-0.02577638,-0.14389506,-1.00000000,-0.96408794,-0.13221348
1633,0.00615558,-0.26282339,-1.00000000,-0.75241666,-0.04399130
1634,0.00281930,-0.20332687,-1.00000000,-0.85830989,-0.06672296
1635,-0.00594732,-0.10470034,1.00000000,-0.96617014,-0.06534261
1636,-0.01897011,-0.11500492,1.00000000,-0.98451046,-0.00404403
1637,-0.02638378,-0.14208191,-1.00000000,-0.96731502,-0.00547226
1638,0.01241669,-0.18230470,-1.00000000,-0.89572562,0.00924995
1639,-0.00059225,-0.20520292,-1.00000000,-0.85497086,0.00122812
1640,0.01053416,-0.08536199,1.00000000,-0.93175132,0.03998225
1641,0.00594284,-0.12554199,-1.00000000,-0.99675314,0.09856192
1642,0.00229355,-0.09117645,1.00000000,-0.94210002,0.16599308
1643,-0.06338732,-0.10535742,1.00000000,-0.96733963,-0.01225053
1644,-0.00053464,-0.11662877,1.00000000,-0.98740063,-0.01211509
1645,0.00619415,-0.31949374,-1.00000000,-0.65155352,-0.02232008
1646,0.02393496,-0.12536407,-1.00000000,-0.99706980,0.01998612
1647,0.00018358,-0.10458121,1.00000000,-0.96595812,0.01502477
1648,-0.00977466,-0.04978615,1.00000000,-0.86843264,0.14108820
1649,-0.00446363,-0.12314575,1.00000000,-0.99899969,0.13184968
1650,0.05050018,-0.15390323,-1.00000000,-0.94627518,0.23602974
1651,-0.00441034,-0.13749933,-1.00000000,-0.97547120,0.16937932
1652,0.03941503,0.03226442,1.00000000,-0.72239723,0.26162715
1653,-0.00359929,-0.13733475,-1.00000000,-0.97576414,0.27614778
1654,0.00825446,-0.00197369,1.00000000,-0.78333497,0.30605276
1655,0.00428210,-0.13482967,-1.00000000,-0.98022272,0.19737676
1656,0.01139989,-0.09821766,1.00000000,-0.95463213,0.23455255
1657,0.02664135,-0.11048686,1.00000000,-0.97646911,0.20451685
1658,-0.02653468,-0.08850252,1.00000000,-0.93734090,0.15058716
1659,-0.04753879,-0.04142705,1.00000000,-0.85355494,0.01939634
1660,0.00880816,-0.20566898,-1.00000000,-0.85414135,0.03003879
1661,0.00865650,-0.27054325,-1.00000000,-0.73867670,0.02358806
1662,-0.03465153,-0.09650748,1.00000000,-0.95158830,-0.12053447
1663,0.03553746,-0.09697587,1.00000000,-0.95242197,0.02542038
1664,0.01576578,-0.23073907,-1.00000000,-0.80952105,0.17427313
1665,-0.05670587,-0.01395011,1.00000000,-0.80465087,0.02022511
1666,0.05764899,-0.07501784,1.00000000,-0.91334057,0.13542479
1667,-0.02436791,-0.29885713,-1.00000000,-0.68828302,0.15960544
1668,-0.02066291,0.05434457,1.00000000,-0.68309849,0.02745731
1669,0.00978728,-0.19897660,-1.00000000,-0.86605260,0.01339963
1670,-0.04717577,-0.18753316,-1.00000000,-0.88641988,0.03580848
1671,0.03119647,-0.09348330,1.00000000,-0.94620580,-0.02639129
1672,-0.01937334,-0.26942201,-1.00000000,-0.74067229,-0.01464718
1673,-0.04446342,-0.02735789,1.00000000,-0.82851434,-0.07061109
1674,-0.09582154,-0.18355013,-1.00000000,-0.89350897,-0.31893700
1675,0.01664642,-0.26104451,-1.00000000,-0.75558275,-0.16886713
1676,0.02888558,-0.41967159,-1.00000000,-0.47325477,-0.17430092
1677,0.01679332,-0.07229786,1.00000000,-0.90849949,-0.08925957
1678,-0.02252692,-0.03449543,1.00000000,-0.84121789,-0.03767865
1679,0.02075896,-0.07184414,1.00000000,-0.90769195,0.23644577
1680,-0.02462627,-0.19329044,-1.00000000,-0.87617295,0.13939823
1681,0.03437269,-0.05959568,1.00000000,-0.88589187,0.15230048
1682,0.01929783,-0.19977458,-1.00000000,-0.86463234,0.15818952
1683,-0.07261228,-0.01754769,1.00000000,-0.81105392,0.04042009
1684,0.01300248,-0.06410860,1.00000000,-0.89392407,0.02218170
1685,-0.05155074,-0.34798637,-1.00000000,-0.60084170,-0.04112782
1686,0.01116190,-0.08355270,1.00000000,-0.92853110,-0.09570507
1687,-0.02778135,-0.28293475,-1.00000000,-0.71662202,-0.20640585
1688,0.01700733,-0.08923759,1.00000000,-0.93864919,0.00432341
1689,-0.01743295,-0.20951951,-1.00000000,-0.84728809,-0.06724168
1690,0.01702971,-0.07118314,1.00000000,-0.90651548,0.09401666
1691,-0.02613149,-0.17755697,-1.00000000,-0.90417573,0.00632593
1692,0.01497138,-0.07111399,1.00000000,-0.90639242,0.10685361
1693,-0.03188737,-0.20442367,-1.00000000,-0.85635778,-0.00811614
1694,-0.01647155,-0.07747146,1.00000000,-0.91770757,-0.00585552
1695,0.01890204,-0.22220155,-1.00000000,-0.82471631,-0.00145299
1696,0.00668414,-0.17458753,-1.00000000,-0.90946080,0.07570886
1697,-0.03032922,-0.06533105,1.00000000,-0.89609980,-0.03080983
1698,-0.00934604,-0.10306780,1.00000000,-0.96326451,0.02219328
1699,-0.01648251,-0.21738899,-1.00000000,-0.83328181,0.02216750
1700,-0.02146347,-0.15257936,-1.00000000,-0.94863143,-0.07274693
1701,0.03197008,-0.17462140,-1.00000000,-0.90940053,-0.01329021
1702,-0.00679761,-0.19000582,-1.00000000,-0.88201899,0.04204143
1703,0.00467684,-0.02496848,1.00000000,-0.82426161,0.07501448
1704,0.01103481,-0.14470815,-1.00000000,-0.96264078,0.13971801
1705,-0.01334651,-0.10926764,1.00000000,-0.97429913,0.15880402
1706,-0.00017007,-0.08963013,1.00000000,-0.93934785,0.08323047
1707,-0.01719762,-0.16493541,-1.00000000,-0.92663986,0.05877614
1708,0.00793667,-0.12423805,-1.00000000,-0.99907393,0.06644122
1709,-0.01043051,-0.17683012,-1.00000000,-0.90546939,0.01596821
1710,-0.02829161,-0.09919918,1.00000000,-0.95637906,-0.01917330
1711,0.01539162,-0.15592891,-1.00000000,-0.94266983,0.01741808
1712,-0.01052368,-0.21109551,-1.00000000,-0.84448309,0.03311100
1713,-0.01083500,-0.07617348,1.00000000,-0.91539740,-0.01102823
1714,0.00775155,-0.15621669,-1.00000000,-0.94215763,0.03172462
1715,0.01635423,-0.15717823,-1.00000000,-0.94044626,0.13670370
1716,0.02229378,-0.09977095,1.00000000,-0.95739670,0.15293326
1717,-0.00279091,-0.07320032,1.00000000,-0.91010571,0.17111590
1718,0.05207622,-0.05485515,1.00000000,-0.87745458,0.31904373
1719,-0.00049696,-0.13233290,-1.00000000,-0.98466653,0.29964839
1720,-0.00764820,0.03713224,1.00000000,-0.71373337,0.24320969
1721,0.00453022,-0.12524767,-1.00000000,-0.99727697,0.20144089
1722,0.02937161,-0.14733534,-1.00000000,-0.95796486,0.27706703
1723,-0.01210681,-0.10972052,1.00000000,-0.97510517,0.12614870
1724,0.01561729,-0.03299425,1.00000000,-0.83854605,0.16403934
1725,-0.02877681,-0.16110640,-1.00000000,-0.93345482,0.11435806
1726,0.00698081,-0.07547646,1.00000000,-0.91415684,0.12012031
1727,0.03885430,-0.21259414,-1.00000000,-0.84181580,0.14241767
1728,-0.01883935,-0.10215152,1.00000000,-0.96163369,0.12658694
1729,-0.01306270,-0.00370557,1.00000000,-0.78641742,0.05914952
1730,0.00253522,-0.18190084,-1.00000000,-0.89644441,0.13277584
1731,-0.11914954,-0.16405882,-1.00000000,-0.92820004,-0.16380386
1732,-0.02036319,-0.11588236,1.00000000,-0.98607215,-0.30304636
1733,0.00274640,-0.49172352,-1.00000000,-0.34501514,-0.25229016
1734,0.04184271,-0.18660744,-1.00000000,-0.88806750,-0.12318696
1735,-0.05825289,-0.11523009,1.00000000,-0.98491122,-0.26612259
1736,-0.00641511,0.00552458,1.00000000,-0.76998939,-0.00104172
1737,0.01513488,-0.30363533,-1.00000000,-0.67977867,0.08242754
1738,0.05487575,-0.14352677,-1.00000000,-0.96474344,0.20500316
1739,0.00219681,-0.07696647,1.00000000,-0.91680879,0.11178080
1740,0.01646179,0.04577902,1.00000000,-0.69834364,0.28746301
1741,-0.02622397,-0.11692757,1.00000000,-0.98793244,0.24088497
1742,0.05591540,-0.07286812,1.00000000,-0.90951445,0.33677524
1743,0.03017417,-0.20470931,-1.00000000,-0.85584940,0.27869257
1744,0.00513434,0.04899011,1.00000000,-0.69262847,0.28559981
1745,-0.03867017,-0.03051542,1.00000000,-0.83413418,0.15596393
1746,0.01705306,-0.10785459,1.00000000,-0.97178414,0.25772443
1747,-0.05313054,-0.24315122,-1.00000000,-0.78742964,0.00131659
1748,0.06237781,-0.07104188,1.00000000,-0.90626407,0.07703940
1749,0.01765043,-0.28781419,-1.00000000,-0.70793748,0.10646941
1750,0.05885505,0.06895022,1.00000000,-0.65710303,0.33578773
1751,-0.04141547,-0.06919682,1.00000000,-0.90298019,0.19830631
1752,0.05462898,0.05806967,1.00000000,-0.67646847,0.45168931
1753,-0.00744575,-0.25163049,-1.00000000,-0.77233803,0.28750798
1754,-0.02754693,0.04501684,1.00000000,-0.69970019,0.18123206
1755,-0.00842811,-0.14671003,-1.00000000,-0.95907780,0.02302414
1756,0.07085603,-0.20879546,-1.00000000,-0.84857677,0.28701650
1757,-0.01580834,-0.14974421,-1.00000000,-0.95367750,0.12139197
1758,0.00092142,0.09513645,1.00000000,-0.61049619,0.14106633
1759,-0.09005806,-0.17253912,-1.00000000,-0.91310661,-0.00592075
1760,0.02157701,-0.12086680,1.00000000,-0.99494357,0.06463253
1761,-0.05407529,-0.40187022,-1.00000000,-0.50493804,-0.22912779
1762,0.03975447,-0.05706900,1.00000000,-0.88139482,-0.09847881
1763,0.08969349,-0.29073218,-1.00000000,-0.70274398,0.11025757
1764,-0.08103864,-0.00092526,1.00000000,-0.78146896,0.13146559
1765,-0.02046833,0.15331870,1.00000000,-0.50694214,0.03260123
1766,-0.00534119,-0.37401245,-1.00000000,-0.55451992,0.14719336
1767,0.04174124,-0.18693219,-1.00000000,-0.88748950,0.15186500
1768,-0.00859080,-0.14020979,-1.00000000,-0.97064707,-0.07923819
1769,-0.01433906,0.00521117,1.00000000,-0.77054721,0.07759752
1770,0.00861834,-0.15024670,-1.00000000,-0.95278316,0.14599120
1771,0.05198437,-0.16800103,-1.00000000,-0.92118360,0.28078504
1772,-0.06168337,-0.09709374,1.00000000,-0.95263175,0.03759504
1773,-0.02214733,0.03684856,1.00000000,-0.71423827,0.00571857
1774,-0.02924723,-0.31423085,-1.00000000,-0.66092052,-0.02933613
1775,-0.02015310,-0.19211801,-1.00000000,-0.87825967,-0.09698857
1776,-0.00218310,-0.21404710,-1.00000000,-0.83922978,-0.22435659
1777,0.04063637,-0.18595855,-1.00000000,-0.88922241,0.01623546
1778,0.01250164,-0.13045559,-1.00000000,-0.98800782,0.09770815
1779,-0.00328496,0.00179862,1.00000000,-0.77662093,0.15875517
1780,-0.03724645,-0.08509963,1.00000000,-0.93128436,0.11856231
1781,-0.28371242,-0.13385884,-1.00000000,-0.98195064,-0.54341856
1782,0.27194602,-0.23875385,-1.00000000,-0.79525616,0.00047705
1783,-0.09750233,-1.00000000,-1.00000000,0.55962660,-0.25818349
1784,-0.16603332,0.71623224,1.00000000,0.49494385,-0.64086583
1785,-0.15082048,-0.42486296,-1.00000000,-0.46401505,-0.90792092
1786,-0.12265687,-0.63653090,-1.00000000,-0.08728375,-0.52921901
1787,0.07173079,-0.58954384,-1.00000000,-0.17091236,-1.00000000
1788,0.05391452,-0.50255642,-1.00000000,-0.32573451,-0.64396225
1789,0.02483348,0.09783826,1.00000000,-0.60568745,-0.19516293
1790,0.13398793,0.04281013,1.00000000,-0.70362775,0.47452833
1791,-0.07960773,-0.04701093,1.00000000,-0.86349326,0.57575299
1792,-0.04816234,0.29012855,1.00000000,-0.26344493,0.29383934
1793,-0.01807705,-0.36959285,-1.00000000,-0.56238602,0.12456019
1794,0.01606085,-0.27246919,-1.00000000,-0.73524886,0.10393246
1795,-0.02425252,-0.17954636,-1.00000000,-0.90063498,-0.26815011
1796,-0.07607319,-0.07410647,1.00000000,-0.91171849,-0.25983909
1797,-0.04414122,-0.19862020,-1.00000000,-0.86668693,-0.25038391
1798,-0.08835793,-0.35867590,-1.00000000,-0.58181624,-0.41564058
1799,0.06004398,-0.26004935,-1.00000000,-0.75735397,-0.31221978
1800,0.05488501,-0.39661912,-1.00000000,-0.51428406,-0.12613781
1801,-0.02914412,0.06174184,1.00000000,-0.66993266,-0.01579000
1802,-0.01326907,0.04580762,1.00000000,-0.69829275,0.05680199
1803,-0.02947063,-0.21372863,-1.00000000,-0.83979660,0.19526808
1804,-0.02495122,-0.16469620,-1.00000000,-0.92706560,-0.00458747
1805,0.00491572,-0.21473710,-1.00000000,-0.83800171,-0.12208400
1806,-0.03786887,-0.20077825,-1.00000000,-0.86284599,-0.14259914
1807,-0.01328814,-0.10852985,1.00000000,-0.97298598,-0.14264400
1808,-0.02252039,-0.24067629,-1.00000000,-0.79183457,-0.12630138
1809,-0.00223775,-0.16475512,-1.00000000,-0.92696074,-0.07289352
1810,-0.01254376,-0.19327028,-1.00000000,-0.87620884,-0.11394728
1811,0.00529383,-0.13062438,-1.00000000,-0.98770738,-0.01245561
1812,-0.00297934,-0.16245598,-1.00000000,-0.93105280,0.01178423
1813,-0.00835924,-0.10736199,1.00000000,-0.97090741,0.04508241
1814,0.03135027,-0.13291490,-1.00000000,-0.98363068,0.12406044
1815,0.00169337,-0.14953148,-1.00000000,-0.95405612,0.15753725
1816,0.00185757,-0.02688287,1.00000000,-0.82766889,0.14945731
1817,0.02754896,-0.11848255,1.00000000,-0.99070002,0.22124078
1818,-0.00326824,-0.11797539,1.00000000,-0.98979736,0.23321161
1819,0.02774813,-0.03862377,1.00000000,-0.84856560,0.22474163
1820,0.01213496,-0.13380721,-1.00000000,-0.98204253,0.24929372
1821,0.00517931,-0.03800861,1.00000000,-0.84747073,0.25710439
1822,-0.00403690,-0.08623216,1.00000000,-0.93330007,0.18283421
1823,0.06087894,-0.10771569,1.00000000,-0.97153693,0.33366827
1824,0.01294998,-0.13618131,-1.00000000,-0.97781705,0.29887229
1825,0.03453035,0.06432076,1.00000000,-0.66534265,0.35153225
1826,-0.02363042,-0.08371484,1.00000000,-0.92881969,0.28378977
1827,0.02051616,-0.01706073,1.00000000,-0.81018721,0.34152321
1828,-0.00292312,-0.19669877,-1.00000000,-0.87010672,0.19150065
1829,0.00094539,-0.06034559,1.00000000,-0.88722658,0.16327336
1830,0.01112921,-0.13274125,-1.00000000,-0.98393975,0.10824851
1831,-0.04802191,-0.12079277,1.00000000,-0.99481180,0.05089500
1832,0.00298601,-0.08933857,1.00000000,-0.93882893,0.00967504
1833,0.01025699,-0.27203543,-1.00000000,-0.73602087,0.04066642
1834,-0.00766812,-0.11449003,1.00000000,-0.98359406,0.02041283
1835,0.00911122,-0.09203255,1.00000000,-0.94362373,0.01566778
1836,-0.05236094,-0.14739685,-1.00000000,-0.95785538,0.00546509
1837,0.03160378,-0.09557144,1.00000000,-0.94992232,0.07275619
1838,-0.00478520,-0.28543717,-1.00000000,-0.71216816,0.03738637
1839,0.01007486,-0.02609986,1.00000000,-0.82627527,0.07910675
1840,0.00333839,-0.13849255,-1.00000000,-0.97370345,0.06553268
1841,0.01037610,-0.09259508,1.00000000,-0.94462493,0.21305096
1842,0.00876353,-0.11340165,1.00000000,-0.98165693,0.15934497
1843,0.00653932,-0.09166466,1.00000000,-0.94296895,0.18597317
1844,0.01993727,-0.09664532,1.00000000,-0.95183363,0.20916338
1845,0.00192139,-0.10351510,1.00000000,-0.96406062,0.20583149
1846,-0.03532133,-0.06213359,1.00000000,-0.89040890,0.09837972
1847,0.00504759,-0.11777826,1.00000000,-0.98944651,0.08964215
1848,0.00092824,-0.23280784,-1.00000000,-0.80583901,0.07644839
1849,0.07430828,-0.10812255,1.00000000,-0.97226107,0.20429501
1850,0.08946049,-0.12084575,1.00000000,-0.99490610,0.41013223
1851,-0.03388601,0.10579924,1.00000000,-0.59151833,0.41350721
1852,-0.00687030,0.15259905,1.00000000,-0.50822299,0.38548380
1853,-0.02092085,-0.22837464,-1.00000000,-0.81372932,0.33410841
1854,-0.05581918,-0.14493268,-1.00000000,-0.96224117,0.02813001
1855,0.06407527,-0.18832985,-1.00000000,-0.88500191,-0.03156016
1856,0.02326238,-0.29611844,-1.00000000,-0.69315740,0.10281710
1857,-0.02425176,0.07419308,1.00000000,-0.64777167,0.06194677
1858,-0.02998655,-0.05186350,1.00000000,-0.87212997,0.04062990
1859,0.05820111,-0.19861787,-1.00000000,-0.86669108,0.30873431
1860,0.01041525,-0.21633061,-1.00000000,-0.83516555,0.18255951
1861,0.03573706,0.05604989,1.00000000,-0.68006332,0.21189216
1862,-0.01498193,-0.09154373,1.00000000,-0.94275371,0.23368901
1863,-0.02293295,-0.01333362,1.00000000,-0.80355362,0.25027468
1864,0.00304087,-0.16998663,-1.00000000,-0.91764959,0.12057229
1865,-0.01609635,-0.19454452,-1.00000000,-0.87394092,0.05823359
1866,-0.00689273,-0.11432057,1.00000000,-0.98329245,-0.04200503
1867,-0.00545791,-0.17342868,-1.00000000,-0.91152334,-0.01961050
1868,-0.00623471,-0.14500197,-1.00000000,-0.96211785,0.01965332
1869,-0.01384525,-0.14057031,-1.00000000,-0.97000540,-0.02005228
1870,-0.01479927,-0.14296957,-1.00000000,-0.96573516,-0.01700236
1871,0.00196876,-0.16647583,-1.00000000,-0.92389819,0.00383434
1872,-0.04069465,-0.16942246,-1.00000000,-0.91865372,-0.07902044
1873,0.01082473,-0.11763195,1.00000000,-0.98918610,-0.03890730
1874,-0.01179615,-0.24940414,-1.00000000,-0.77630055,-0.03408909
1875,-0.07427776,-0.09027899,1.00000000,-0.94050270,-0.17394530
1876,-0.01650237,-0.16014688,-1.00000000,-0.93516260,-0.21737785
1877,0.00286377,-0.35313046,-1.00000000,-0.59168614,-0.11495568
1878,0.00579840,-0.17468274,-1.00000000,-0.90929135,-0.12677447
1879,0.01320489,-0.11486757,1.00000000,-0.98426601,-0.06798768
1880,0.02769600,-0.10580356,1.00000000,-0.96813367,0.17179082
1881,0.00161048,-0.08292754,1.00000000,-0.92741842,0.21438092
1882,0.07786363,-0.03816962,1.00000000,-0.84775729,0.39073367
1883,-0.01274521,-0.11873854,1.00000000,-0.99115564,0.34713070
1884,-0.04702650,0.11678043,1.00000000,-0.57197375,0.20550416
1885,-0.04022548,-0.16307820,-1.00000000,-0.92994537,0.04579531
1886,0.03694481,-0.26896096,-1.00000000,-0.74149288,0.12887955
1887,-0.04659674,-0.24795504,-1.00000000,-0.77887969,-0.16377340
1888,-0.01426554,-0.00960332,1.00000000,-0.79691436,-0.16734826
1889,0.00573435,-0.26763359,-1.00000000,-0.74385536,-0.04328774
1890,0.01066579,-0.16777396,-1.00000000,-0.92158775,0.07637670
1891,-0.06957985,-0.10600138,1.00000000,-0.96848576,-0.17410268
1892,-0.01461878,-0.09076991,1.00000000,-0.94137645,-0.09891053
1893,-0.11074430,-0.33862030,-1.00000000,-0.61751165,-0.32576824
1894,-0.05213224,-0.16886501,-1.00000000,-0.91964588,-0.46183425
1895,0.03370601,-0.46576270,-1.00000000,-0.39122078,-0.40765806
1896,0.01741228,-0.28473078,-1.00000000,-0.71342541,-0.20310698
1897,-0.01144428,-0.01960682,1.00000000,-0.81471881,-0.19564253
1898,-0.05319427,-0.06993239,1.00000000,-0.90428938,-0.06032084
1899,-0.04368096,-0.15906008,-1.00000000,-0.93709690,-0.04044872
1900,-0.04951129,-0.28801101,-1.00000000,-0.70758717,-0.23612376
1901,-0.02588216,-0.25862777,-1.00000000,-0.75988412,-0.33792521
1902,-0.02718684,-0.27663561,-1.00000000,-0.72783337,-0.37494186
1903,-0.01518149,-0.20365360,-1.00000000,-0.85772837,-0.28555959
1904,0.02020898,-0.20768327,-1.00000000,-0.85055627,-0.13533042
1905,-0.05321339,-0.17060301,-1.00000000,-0.91655254,-0.14403544
1906,-0.00916605,-0.06129437,1.00000000,-0.88891523,-0.10472960
1907,0.01155982,-0.28807008,-1.00000000,-0.70748204,-0.01362170
1908,-0.00195604,-0.15202344,-1.00000000,-0.94962086,0.01747629
1909,-0.05001319,-0.08800857,1.00000000,-0.93646176,-0.14764233
1910,0.01752477,-0.12975427,-1.00000000,-0.98925603,0.01868959
1911,-0.04383018,-0.27818578,-1.00000000,-0.72507434,-0.06281876
1912,0.02672546,-0.06958493,1.00000000,-0.90367096,-0.02715865
1913,-0.02242973,-0.25908867,-1.00000000,-0.75906380,-0.07529997
1914,-0.01605107,-0.04116726,1.00000000,-0.85309256,0.00455769
1915,0.02019905,-0.19299026,-1.00000000,-0.87670722,0.01084592
1916,0.01036057,-0.17328883,-1.00000000,-0.91177226,0.13826868
1917,-0.01657764,-0.06132503,1.00000000,-0.88896981,0.03644687
1918,0.02399412,-0.09171261,1.00000000,-0.94305429,0.14560672
1919,0.02905343,-0.17491522,-1.00000000,-0.90887757,0.25166429
1920,-0.04797740,-0.04960342,1.00000000,-0.86810743,0.09135591
1921,-0.04246833,-0.03397700,1.00000000,-0.84029517,-0.03286463
1922,-0.02055942,-0.27189797,-1.00000000,-0.73626552,-0.04222729
1923,-0.01904335,-0.25488239,-1.00000000,-0.76655023,-0.14342448
1924,-0.01065108,-0.18721353,-1.00000000,-0.88698877,-0.23678465
1925,-0.01000617,-0.18253092,-1.00000000,-0.89532299,-0.14750005
1926,-0.01208993,-0.15661016,-1.00000000,-0.94145732,-0.07606905
1927,0.01233952,-0.15461826,-1.00000000,-0.94500255,0.00128867
1928,0.01042421,-0.16105427,-1.00000000,-0.93354760,0.07057795
1929,0.00741991,-0.08560036,1.00000000,-0.93217557,0.11306961
1930,0.03822455,-0.09151605,1.00000000,-0.94270444,0.22647809
1931,-0.04898221,-0.10079528,1.00000000,-0.95921983,0.13973053
1932,-0.00668169,-0.00565064,1.00000000,-0.78987929,0.09500455
1933,-0.00858488,-0.27500146,-1.00000000,-0.73074186,0.05030704
1934,0.00495002,-0.14435012,-1.00000000,-0.96327802,0.04449942
1935,0.00479220,-0.15022842,-1.00000000,-0.95281568,-0.03411257
1936,-0.00043125,-0.10842388,1.00000000,-0.97279738,0.08004892
1937,-0.00471510,-0.10891135,1.00000000,-0.97366499,0.08467310
1938,0.01906655,-0.12504474,-1.00000000,-0.99763816,0.14969198
1939,0.00209754,-0.13827602,-1.00000000,-0.97408884,0.14298473
1940,0.01903466,-0.06482293,1.00000000,-0.89519545,0.17647409
1941,-0.00913753,-0.11723419,1.00000000,-0.98847816,0.15600238
1942,0.03502056,-0.06492143,1.00000000,-0.89537076,0.24943579
1943,-0.02668826,-0.15193534,-1.00000000,-0.94977767,0.14184908
1944,0.00215342,-0.01554664,1.00000000,-0.80749242,0.14198046
1945,0.02590638,-0.20614336,-1.00000000,-0.85329704,0.15813845
1946,-0.02305910,-0.11706161,1.00000000,-0.98817100,0.12540361
1947,-0.00546339,-0.04369712,1.00000000,-0.85759526,0.03021068
1948,-0.00661673,-0.19493417,-1.00000000,-0.87324741,0.07740638
1949,0.00125665,-0.14058723,-1.00000000,-0.96997530,0.07529773
1950,-0.00196658,-0.14414949,-1.00000000,-0.96363511,0.00975796
1951,0.00179518,-0.11983142,1.00000000,-0.99310078,0.06819968
1952,0.00847468,-0.12978683,-1.00000000,-0.98919808,0.10097330
1953,-0.04597673,-0.11816809,1.00000000,-0.99014035,0.00842320
1954,-0.01187914,-0.09753747,1.00000000,-0.95342151,-0.02246394
1955,0.00171109,-0.26571859,-1.00000000,-0.74726372,-0.01381636
1956,-0.01526009,-0.16040320,-1.00000000,-0.93470638,-0.05391967
1957,-0.00727194,-0.11842781,1.00000000,-0.99060259,-0.09094587
1958,-0.01664207,-0.17084576,-1.00000000,-0.91612049,-0.02196911
1959,-0.00021063,-0.14617320,-1.00000000,-0.96003325,0.00546791
1960,0.02816118,-0.17511423,-1.00000000,-0.90852337,0.06766198
1961,-0.00871468,-0.12436333,-1.00000000,-0.99885095,0.08305268
1962,0.01004502,-0.03673284,1.00000000,-0.84520009,0.12377135
1963,-0.00972414,-0.15062932,-1.00000000,-0.95210216,0.14003801
1964,-0.01100347,-0.09268723,1.00000000,-0.94478894,0.11466001
1965,0.02350079,-0.15374717,-1.00000000,-0.94655293,0.10370170
1966,0.05621856,-0.15769857,-1.00000000,-0.93952014,0.25638408
1967,0.04027335,-0.05112712,1.00000000,-0.87081934,0.32746219
1968,0.00804164,0.04992649,1.00000000,-0.69096189,0.36923618
1969,-0.01544975,0.00067736,1.00000000,-0.77861658,0.35878130
1970,-0.01596239,-0.09887498,1.00000000,-0.95580203,0.26598857
1971,0.02454236,-0.17143158,-1.00000000,-0.91507784,0.19150595
1972,-0.04980400,-0.17301494,-1.00000000,-0.91225973,-0.02029963
1973,-0.00014509,-0.04791009,1.00000000,-0.86509359,-0.03954970
1974,-0.01342589,-0.27753968,-1.00000000,-0.72622428,-0.03479084
1975,-0.00161876,-0.12416089,-1.00000000,-0.99921126,-0.00106357
1976,0.00040609,-0.16518057,-1.00000000,-0.92620352,-0.05781699
1977,0.00808013,-0.12871252,-1.00000000,-0.99111016,0.07829029
1978,-0.04399297,-0.12245849,1.00000000,-0.99777649,-0.02481249
1979,0.03206710,-0.09875608,1.00000000,-0.95559042,0.08215857
1980,0.01465301,-0.25959146,-1.00000000,-0.75816892,0.12041958
1981,-0.02017566,-0.02466882,1.00000000,-0.82372827,0.07202417
1982,-0.00460032,-0.07845480,1.00000000,-0.91945775,0.04220768
1983,0.02608974,-0.18602824,-1.00000000,-0.88909837,0.20699838
1984,-0.05416163,-0.13792151,-1.00000000,-0.97471980,0.00424233
1985,-0.00732749,-0.04313078,1.00000000,-0.85658728,-0.04744206
1986,0.00829433,-0.29099886,-1.00000000,-0.70226935,0.01950156
1987,0.02164674,-0.14634478,-1.00000000,-0.95972788,0.08121822
1988,0.02190272,-0.09809451,1.00000000,-0.95441294,0.07137298
1989,-0.02181408,-0.05685364,1.00000000,-0.88101153,0.14743417
1990,0.01006933,-0.05606300,1.00000000,-0.87960432,0.18834061
1991,0.00832745,-0.19108874,-1.00000000,-0.88009159,0.18841849
1992,0.02371115,-0.09261216,1.00000000,-0.94465533,0.19327270
1993,0.00442274,-0.09799221,1.00000000,-0.95423087,0.15217072
1994,0.01790513,-0.05047739,1.00000000,-0.86966294,0.24556548
1995,0.00579848,-0.11005247,1.00000000,-0.97569598,0.23552312
1996,-0.01049557,-0.06841014,1.00000000,-0.90158003,0.19126316
1997,-0.04297604,-0.10580329,1.00000000,-0.96813319,0.03445659
1998,0.01530626,-0.15612984,-1.00000000,-0.94231220,0.06004781
1999,0.00565638,-0.25645054,-1.00000000,-0.76375920,0.03124640
2000,-0.01609955,-0.07643714,1.00000000,-0.91586668,-0.02024407
2001,0.01982759,-0.10624220,1.00000000,-0.96891437,0.05105703
2002,0.03195760,-0.17343856,-1.00000000,-0.91150577,0.22725408
2003,-0.00306785,-0.06247235,1.00000000,-0.89101183,0.18404967
2004,-0.06665198,-0.02500705,1.00000000,-0.82433026,0.01402563
2005,0.00699955,-0.13318825,-1.00000000,-0.98314416,0.06834026
2006,0.05029327,-0.32957713,-1.00000000,-0.63360688,0.13997649
2007,0.00495011,-0.10209362,1.00000000,-0.96153065,0.07647177
2008,-0.02476009,0.03162536,1.00000000,-0.72353464,0.02546519
2009,0.03371596,-0.10842363,1.00000000,-0.97279694,0.26146780
2010,0.00973583,-0.20018790,-1.00000000,-0.86389669,0.26790182
2011,-0.00629671,-0.01957609,1.00000000,-0.81466411,0.13483757
2012,0.03526125,-0.09364223,1.00000000,-0.94648867,0.20611043
2013,0.04157008,-0.14316107,-1.00000000,-0.96539431,0.36207750
2014,0.00854750,-0.01480322,1.00000000,-0.80616926,0.30289703
2015,-0.01884774,0.00468251,1.00000000,-0.77148813,0.23568635
2016,0.00260401,-0.09731255,1.00000000,-0.95302118,0.25661528
2017,-0.01807452,-0.18192677,-1.00000000,-0.89639827,0.13120291
2018,-0.00041272,-0.11566989,1.00000000,-0.98569399,0.03248563
2019,0.00176490,-0.17953854,-1.00000000,-0.90064889,0.01653719
2020,0.01165001,-0.12498749,-1.00000000,-0.99774006,0.08824883
2021,-0.02991147,-0.11826160,1.00000000,-0.99030678,0.01179277
2022,-0.00010336,-0.08773000,1.00000000,-0.93596596,0.05404968
2023,0.06174108,-0.21609869,-1.00000000,-0.83557833,0.20019653
2024,-0.01268628,-0.12403200,-1.00000000,-0.99944065,0.16621638
2025,0.02227617,0.06698358,1.00000000,-0.66060331,0.19120247
2026,0.00321330,-0.16289619,-1.00000000,-0.93026931,0.26909121
2027,-0.00290376,-0.05490955,1.00000000,-0.87755139,0.26250644
2028,0.00146933,-0.11378800,1.00000000,-0.98234456,0.12078500
2029,0.03274139,-0.13268143,-1.00000000,-0.98404621,0.22760246
2030,-0.00725324,-0.11917450,1.00000000,-0.99193157,0.15816777
2031,0.00017142,-0.02258620,1.00000000,-0.82002158,0.15101517
2032,0.01682457,-0.14611543,-1.00000000,-0.96013608,0.19740385
2033,-0.03248735,-0.12318329,1.00000000,-0.99906651,0.11755897
2034,-0.01179375,-0.07174761,1.00000000,-0.90752014,0.01284018
2035,0.00005693,-0.22405468,-1.00000000,-0.82141808,0.03002911
2036,0.01089833,-0.16013948,-1.00000000,-0.93517576,0.05525210
2037,0.03270985,-0.12353693,1.00000000,-0.99969592,0.09260433
2038,-0.00716033,-0.09005166,1.00000000,-0.94009809,0.15215765
2039,-0.03425858,-0.02268361,1.00000000,-0.82019495,0.09933442
2040,0.01923188,-0.14582846,-1.00000000,-0.96064683,0.14442191
2041,0.02810381,-0.22952540,-1.00000000,-0.81168117,0.18487842
2042,0.00999561,-0.06431229,1.00000000,-0.89428660,0.13146873
2043,-0.02200984,-0.03691005,1.00000000,-0.84551548,0.09655196
2044,0.00863610,-0.09283986,1.00000000,-0.94506060,0.19741343
2045,-0.00598020,-0.19169336,-1.00000000,-0.87901547,0.13813040
2046,-0.01398598,-0.09703890,1.00000000,-0.95253414,0.03916155
2047,0.01406074,-0.14218347,-1.00000000,-0.96713427,0.04872020
2048,0.01849174,-0.16691049,-1.00000000,-0.92312457,0.14395459
2049,0.01535899,-0.08028410,1.00000000,-0.92271358,0.15976261
2050,-0.00446695,-0.06659831,1.00000000,-0.89835530,0.16332082
2051,0.03976201,-0.07627428,1.00000000,-0.91557682,0.28970248
2052,0.01410384,-0.13750959,-1.00000000,-0.97545294,0.28980383
2053,0.06646055,-0.00090196,1.00000000,-0.78142749,0.40259646
2054,0.01624173,-0.08015097,1.00000000,-0.92247663,0.40467212
2055,0.04656927,0.08156036,1.00000000,-0.63465923,0.52467741
2056,-0.01343154,-0.07354781,1.00000000,-0.91072417,0.39959944
2057,-0.02116915,0.02012325,1.00000000,-0.74400635,0.31665942
2058,-0.01113167,-0.16519802,-1.00000000,-0.92617246,0.13421104
2059,-0.00206957,-0.18909677,-1.00000000,-0.88363693,0.09115433
2060,0.08824101,-0.15809455,-1.00000000,-0.93881537,0.18914019
2061,-0.00074572,-0.13010491,-1.00000000,-0.98863195,0.21896931
2062,-0.02467566,0.14883250,1.00000000,-0.51492678,0.21072418
2063,-0.02926861,-0.12601601,-1.00000000,-0.99590947,0.16807745
2064,-0.06050730,-0.19992715,-1.00000000,-0.86436079,0.03066844
2065,0.02659381,-0.21411314,-1.00000000,-0.83911225,-0.11428723
2066,0.02673627,-0.31059840,-1.00000000,-0.66738565,-0.04966679
2067,0.02625741,-0.04157390,1.00000000,-0.85381631,0.07009595
2068,0.01787188,-0.04113389,1.00000000,-0.85303317,0.18094090
2069,0.02293550,-0.04261290,1.00000000,-0.85566554,0.37714620
2070,0.00824447,-0.06851284,1.00000000,-0.90176283,0.33400003
2071,-0.06914007,-0.05287310,1.00000000,-0.87392687,0.10855885
2072,0.10195579,-0.09824851,1.00000000,-0.95468703,0.28655409
2073,-0.05404860,-0.33726196,-1.00000000,-0.61992924,0.11744209
2074,0.00639816,0.19119259,1.00000000,-0.43953334,0.07855661
2075,0.09379245,-0.29064976,-1.00000000,-0.70289068,0.27971196
2076,-0.09870005,-0.10395109,1.00000000,-0.96483661,0.21020538
2077,-0.04227916,0.16597892,1.00000000,-0.48440919,-0.12894500
2078,0.00122879,-0.42856227,-1.00000000,-0.45743094,0.00103284
2079,0.00514822,-0.25429811,-1.00000000,-0.76759014,-0.00190624
2080,0.09416505,-0.11991747,1.00000000,-0.99325392,-0.00103010
2081,0.01048059,-0.10781172,1.00000000,-0.97170784,0.25569446
2082,0.03170825,0.16712977,1.00000000,-0.48236088,0.42966657
2083,0.17148816,-0.09134193,1.00000000,-0.94239454,0.83001013
2084,0.07744205,-0.02577720,1.00000000,-0.82570099,1.00000000
2085,-0.20720152,0.40595348,1.00000000,-0.05729716,0.29137431
2086,-0.03981757,0.11547833,1.00000000,-0.57429126,0.17310450
2087,0.00287349,-0.76368490,-1.00000000,0.13902775,0.10530319
2088,0.01039021,-0.24669514,-1.00000000,-0.78112209,-0.27349843
2089,0.04304324,-0.11483756,1.00000000,-0.98421259,-0.35438292
2090,-0.00363880,-0.09162108,1.00000000,-0.94289138,0.12426927
2091,0.02853241,0.00923258,1.00000000,-0.76338980,0.28498567
2092,-0.07900404,-0.13495172,-1.00000000,-0.98000549,0.09246091
2093,0.01192314,-0.03558624,1.00000000,-0.84315934,0.09606540
2094,0.02192501,-0.36772829,-1.00000000,-0.56570461,0.04640853
2095,-0.00595212,-0.08688640,1.00000000,-0.93446451,0.04096905
2096,0.09822097,-0.05599415,1.00000000,-0.87948179,0.20483295
2097,0.10993650,-0.14209676,-1.00000000,-0.96728860,0.64910295
2098,0.02213393,0.17965706,1.00000000,-0.46006455,0.67311235
2099,-0.01915282,0.21584219,1.00000000,-0.39566144,0.57652299
2100,-0.09094375,-0.05534888,1.00000000,-0.87833331,0.37667584
2101,-0.08498077,-0.18286903,-1.00000000,-0.89472121,-0.05410008
2102,-0.05965887,-0.40460581,-1.00000000,-0.50006918,-0.45288231
2103,-0.00211433,-0.38618829,-1.00000000,-0.53284909,-0.50989906
2104,-0.03818427,-0.30797788,-1.00000000,-0.67204970,-0.55464915
2105,0.01972014,-0.13024318,-1.00000000,-0.98838586,-0.29443688
2106,0.06219992,-0.24165046,-1.00000000,-0.79010072,0.05164006
2107,-0.01437337,-0.06280421,1.00000000,-0.89160248,0.15812322
2108,-0.01574115,0.06840079,1.00000000,-0.65808092,0.12608147
2109,-0.08963675,-0.16810702,-1.00000000,-0.92099496,0.00509743
2110,0.01899092,-0.17233159,-1.00000000,-0.91347597,0.00338275
2111,0.05920358,-0.40056894,-1.00000000,-0.50725408,-0.00366277
2112,-0.00541940,-0.06505653,1.00000000,-0.89561121,0.01739137
2113,0.01033789,0.05914615,1.00000000,-0.67455253,0.07871294
2114,0.06199981,-0.14045137,-1.00000000,-0.97021709,0.43526728
2115,-0.01641183,-0.09178268,1.00000000,-0.94317901,0.35202217
2116,0.01223795,0.06778271,1.00000000,-0.65918098,0.24158839
2117,0.02010951,-0.17440307,-1.00000000,-0.90978910,0.30161642
2118,-0.05700122,-0.08591405,1.00000000,-0.93273389,0.14327695
2119,0.02462509,-0.06160160,1.00000000,-0.88946205,0.05539500
2120,-0.01716643,-0.29976936,-1.00000000,-0.68665941,0.05362065
2121,-0.03969458,-0.04765455,1.00000000,-0.86463879,-0.06849218
2122,0.04046957,-0.17673377,-1.00000000,-0.90564088,-0.02061806
2123,-0.03325822,-0.24631526,-1.00000000,-0.78179820,0.03521063
2124,0.00132940,0.00128342,1.00000000,-0.77753790,-0.01956627
2125,0.04682677,-0.22643564,-1.00000000,-0.81718040,0.13090572
2126,0.06104618,-0.11960670,1.00000000,-0.99270082,0.36778497
2127,0.00401913,0.02091858,1.00000000,-0.74259081,0.28207635
2128,-0.04970630,0.06483728,1.00000000,-0.66442333,0.24340075
2129,0.00000161,-0.11129907,1.00000000,-0.97791472,0.24027862
2130,0.00111259,-0.27723793,-1.00000000,-0.72676135,0.13278745
2131,-0.02965975,-0.12370778,1.00000000,-1.00000000,-0.08049617
2132,-0.03135492,-0.12027636,1.00000000,-0.99389269,-0.16367382
2133,0.03343739,-0.21532124,-1.00000000,-0.83696205,0.03182815
2134,0.01403026,-0.22055701,-1.00000000,-0.82764331,0.06481476
2135,0.04193364,-0.02043648,1.00000000,-0.81619546,0.16080033
2136,-0.01662390,-0.08037824,1.00000000,-0.92288112,0.19145251
2137,-0.02055712,0.00580540,1.00000000,-0.76948957,0.21684219
2138,-0.01168073,-0.17505810,-1.00000000,-0.90862328,0.11075259
2139,-0.02527350,-0.18720641,-1.00000000,-0.88700144,0.01833471
2140,-0.00285078,-0.15979039,-1.00000000,-0.93579708,-0.08697021
2141,0.03375594,-0.20177366,-1.00000000,-0.86107433,0.03149166
2142,0.02440841,-0.13251779,-1.00000000,-0.98433746,0.13722246
2143,0.01058802,-0.01945261,1.00000000,-0.81444434,0.18958462
2144,0.01875135,-0.04832381,1.00000000,-0.86582994,0.29310354
2145,-0.03178504,-0.09101012,1.00000000,-0.94180398,0.22506824
2146,-0.02343327,-0.06579647,1.00000000,-0.89692817,0.09059498
2147,-0.00868027,-0.22188550,-1.00000000,-0.82527883,0.01279111
2148,0.03522210,-0.19608985,-1.00000000,-0.87119051,0.07071507
2149,-0.01410564,-0.15052303,-1.00000000,-0.95229134,-0.00654403
2150,-0.03977798,-0.01492414,1.00000000,-0.80638447,-0.02533842
2151,-0.04493668,-0.16728009,-1.00000000,-0.92246675,-0.07590097
2152,-0.02192786,-0.24657286,-1.00000000,-0.78133973,-0.10705103
2153,0.00433265,-0.26250625,-1.00000000,-0.75298112,-0.17968371
2154,0.06295158,-0.19144015,-1.00000000,-0.87946614,0.00150669
2155,-0.00987987,-0.11033074,1.00000000,-0.97619125,0.07180835
2156,0.02913131,0.07072240,1.00000000,-0.65394886,0.24596993
2157,0.06070435,-0.15422817,-1.00000000,-0.94569684,0.44026920
2158,-0.00627442,-0.03373645,1.00000000,-0.83986704,0.41532800
2159,-0.06442126,0.06378149,1.00000000,-0.66630244,0.11582675
2160,0.00571551,-0.14309222,-1.00000000,-0.96551685,0.15249733
2161,-0.01108622,-0.32268722,-1.00000000,-0.64586970,0.05793086
2162,-0.15154961,-0.10605956,1.00000000,-0.96858931,-0.44115770
2163,-0.00281795,-0.15795416,-1.00000000,-0.93906525,-0.43303024
2164,-0.04922255,-0.59179587,-1.00000000,-0.16690416,-0.39729239
2165,-0.01237539,-0.13241640,-1.00000000,-0.98451791,-0.43983087
2166,-0.02661493,-0.27574380,-1.00000000,-0.72942063,-0.47634468
2167,-0.03741191,-0.16193594,-1.00000000,-0.93197838,-0.20796420
2168,-0.03603018,-0.20591684,-1.00000000,-0.85370020,-0.28605859
2169,-0.01055556,-0.23926492,-1.00000000,-0.79434656,-0.19513801
2170,0.05126390,-0.23499722,-1.00000000,-0.80194230,-0.04549822
2171,0.00941392,-0.15631515,-1.00000000,-0.94198239,0.03921910
2172,-0.00582491,0.03462328,1.00000000,-0.71819887,0.11349199
2173,-0.03854866,-0.09463648,1.00000000,-0.94825825,0.10757009
2174,0.05008225,-0.14170382,-1.00000000,-0.96798795,0.25015229
2175,-0.05755826,-0.24277593,-1.00000000,-0.78809758,-0.00572935
2176,0.07613295,0.03097358,1.00000000,-0.72469469,0.15115208
2177,-0.00119834,-0.30148983,-1.00000000,-0.68359727,0.16203087
2178,-0.01418742,0.11143499,1.00000000,-0.58148770,0.21931328
2179,-0.03208466,-0.12741400,-1.00000000,-0.99342130,0.02610810
2180,-0.00281948,-0.16753266,-1.00000000,-0.92201722,0.15481946
2181,-0.04454384,-0.22281092,-1.00000000,-0.82363175,-0.12893686
2182,0.02757272,-0.13242114,-1.00000000,-0.98450949,-0.06128532
2183,-0.02128151,-0.26129290,-1.00000000,-0.75514067,-0.07796619
2184,0.03363681,-0.03855037,1.00000000,-0.84843496,0.07656960
2185,0.03695754,-0.18944380,-1.00000000,-0.88301929,0.17010028
2186,0.00615781,-0.01982056,1.00000000,-0.81509923,0.28931883
2187,-0.00210266,-0.00956400,1.00000000,-0.79684438,0.21954088
2188,0.00939938,-0.10469347,1.00000000,-0.96615791,0.29168313
2189,0.00064864,-0.13020714,-1.00000000,-0.98845001,0.21411560
2190,-0.03080654,-0.09468140,1.00000000,-0.94833821,0.05477687
2191,-0.00797685,-0.12170932,1.00000000,-0.99644311,0.02154101
2192,0.01159429,-0.21886325,-1.00000000,-0.83065789,0.05374767
2193,-0.02009670,-0.14835041,-1.00000000,-0.95615822,-0.01560867
2194,-0.02042327,-0.08790211,1.00000000,-0.93627228,-0.06515664
2195,-0.00302697,-0.18578436,-1.00000000,-0.88953244,0.00016354
2196,-0.00877971,-0.18679301,-1.00000000,-0.88773721,-0.00172430
2197,-0.01430207,-0.13306199,-1.00000000,-0.98336888,-0.06261633
2198,0.03386116,-0.15083018,-1.00000000,-0.95174466,0.06425881
2199,-0.03860582,-0.16788678,-1.00000000,-0.92138694,0.02150483
2200,-0.00687969,-0.01912763,1.00000000,-0.81386593,0.01244565
2201,-0.00627916,-0.24295247,-1.00000000,-0.78778338,0.01832539
2202,0.01083747,-0.14496167,-1.00000000,-0.96218957,0.07743787
2203,-0.00850372,-0.14310685,-1.00000000,-0.96549082,-0.02217783
2204,-0.01023801,-0.09023964,1.00000000,-0.94043266,0.04452551
2205,0.02317024,-0.14997775,-1.00000000,-0.95326184,0.11518413
2206,-0.00113471,-0.15533435,-1.00000000,-0.94372804,0.12728066
2207,0.00567980,-0.05214810,1.00000000,-0.87263650,0.11515305
2208,-0.01194318,-0.12721746,-1.00000000,-0.99377110,0.10706559
2209,0.00336105,-0.10616986,1.00000000,-0.96878562,0.13904209
2210,-0.01153889,-0.16060101,-1.00000000,-0.93435432,0.05742793
2211,0.00746033,-0.11333165,1.00000000,-0.98153234,0.07763807
2212,0.02513563,-0.15935230,-1.00000000,-0.93657680,0.12338602
2213,-0.02315084,-0.10067045,1.00000000,-0.95899765,0.09703261
2214,-0.00665778,-0.04607768,1.00000000,-0.86183222,0.07347458
2215,0.04596197,-0.19521752,-1.00000000,-0.87274309,0.20868065
2216,0.05376233,-0.14427628,-1.00000000,-0.96340944,0.31755400
2217,0.02865552,0.01824751,1.00000000,-0.74734483,0.32583057
2218,-0.01167816,0.04234006,1.00000000,-0.70446438,0.35280716
2219,-0.01255864,-0.03520600,1.00000000,-0.84248257,0.33893203
2220,-0.02836134,-0.15978245,-1.00000000,-0.93581122,0.16417009
2221,0.01057363,-0.16250194,-1.00000000,-0.93097101,0.06261728
2222,0.02293095,-0.21131090,-1.00000000,-0.84409974,0.04915668
2223,0.01400497,-0.09105455,1.00000000,-0.94188306,0.10954732
2224,-0.00588328,-0.05288716,1.00000000,-0.87395189,0.12524357
2225,0.01512231,-0.08045637,1.00000000,-0.92302019,0.22748992
2226,0.01166642,-0.14188413,-1.00000000,-0.96766704,0.23005948
2227,-0.00552626,-0.07700530,1.00000000,-0.91687789,0.16314592
2228,-0.00171474,-0.08767931,1.00000000,-0.93587573,0.12618300
2229,0.01385857,-0.14078140,-1.00000000,-0.96962970,0.17260349
2230,0.01359065,-0.12900899,-1.00000000,-0.99058250,0.16900199
2231,-0.02670030,-0.08090854,1.00000000,-0.92382496,0.07878745
2232,0.00825036,-0.08173603,1.00000000,-0.92529776,0.11118144
2233,0.02133080,-0.20618054,-1.00000000,-0.85323086,0.16537014
2234,0.02902484,-0.09823030,1.00000000,-0.95465462,0.20103173
2235,0.00900520,-0.05782948,1.00000000,-0.88274834,0.19024961
2236,0.00806922,-0.03406529,1.00000000,-0.84045231,0.27200578
2237,-0.00674483,-0.09589887,1.00000000,-0.95050509,0.23674647
2238,-0.01155978,-0.09878980,1.00000000,-0.95565044,0.15940840
2239,-0.00532958,-0.14454514,-1.00000000,-0.96293092,0.07862829
2240,-0.01410110,-0.15941683,-1.00000000,-0.93646195,0.02429672
2241,-0.01269994,-0.14017393,-1.00000000,-0.97071088,-0.02453934
2242,0.03554589,-0.16726606,-1.00000000,-0.92249173,0.07490198
2243,0.04762894,-0.16293837,-1.00000000,-0.93019423,0.21407684
2244,-0.01888048,-0.01392407,1.00000000,-0.80460453,0.18221359
2245,-0.02244334,0.02339619,1.00000000,-0.73818111,0.16259787
2246,0.01082087,-0.18202787,-1.00000000,-0.89621832,0.21790411
2247,0.01990762,-0.19303227,-1.00000000,-0.87663244,0.18113268
2248,-0.00617566,-0.09029091,1.00000000,-0.94052391,0.05461790
2249,0.01737375,-0.06222515,1.00000000,-0.89057186,0.13986517
2250,-0.04734762,-0.14278719,-1.00000000,-0.96605975,0.08130586
2251,-0.02431003,-0.07005140,1.00000000,-0.90450119,-0.00130006
2252,-0.00410359,-0.26995281,-1.00000000,-0.73972757,-0.05775942
2253,0.01651809,-0.19879785,-1.00000000,-0.86637075,-0.00439791
2254,0.00085653,-0.13638729,-1.00000000,-0.97745044,-0.04323608
2255,0.04162775,-0.07269423,1.00000000,-0.90920496,0.16597837
2256,-0.00270648,-0.12106724,1.00000000,-0.99530031,0.21677640
2257,-0.01953074,0.00486065,1.00000000,-0.77117107,0.18050139
2258,0.01799383,-0.13207213,-1.00000000,-0.98513066,0.18397141
2259,-0.00689875,-0.18403631,-1.00000000,-0.89264366,0.16573585
2260,0.00986273,-0.06813619,1.00000000,-0.90109245,0.09104439
2261,0.01752105,-0.14502054,-1.00000000,-0.96208480,0.13860690
2262,-0.01945978,-0.09325026,1.00000000,-0.94579104,0.13877377
2263,-0.02822319,-0.06959643,1.00000000,-0.90369143,0.03010025
2264,-0.04657231,-0.18381712,-1.00000000,-0.89303378,-0.06318716
2265,0.01635736,-0.21088419,-1.00000000,-0.84485921,-0.04791587
2266,0.04080346,-0.26755815,-1.00000000,-0.74398964,0.00682979
2267,0.02967879,-0.07319067,1.00000000,-0.91008853,0.12237295
2268,-0.01040648,0.00231468,1.00000000,-0.77570244,0.16426670
2269,-0.00915946,-0.03204549,1.00000000,-0.83685743,0.25223834
2270,-0.02055445,-0.15585470,-1.00000000,-0.94280192,0.16544485
2271,0.00357819,-0.15200307,-1.00000000,-0.94965712,0.07791430
2272,-0.00190632,-0.18719818,-1.00000000,-0.88701610,0.00364589
2273,-0.03883482,-0.11266101,1.00000000,-0.98033871,-0.06319978
2274,-0.01724110,-0.12960069,-1.00000000,-0.98952937,-0.08220276
2275,-0.00007006,-0.24365977,-1.00000000,-0.78652450,-0.03403629
2276,0.03644356,-0.17696442,-1.00000000,-0.90523037,0.04324252
2277,-0.00546901,-0.12392915,-1.00000000,-0.99962370,0.03486530
2278,0.02763582,-0.01115149,1.00000000,-0.79966983,0.19116268
2279,-0.00841522,-0.14060458,-1.00000000,-0.96994442,0.21191564
2280,0.00039272,-0.03835548,1.00000000,-0.84808810,0.21300382
2281,-0.01503732,-0.14970439,-1.00000000,-0.95374838,0.09195298
2282,-0.02316409,-0.12249978,1.00000000,-0.99784997,0.05034521
2283,0.03447151,-0.17015773,-1.00000000,-0.91734507,0.06641848
2284,0.02226178,-0.19525841,-1.00000000,-0.87267031,0.13855160
2285,-0.00290996,-0.01724246,1.00000000,-0.81051066,0.13078575
2286,-0.05886880,-0.05495398,1.00000000,-0.87763048,0.02772153
2287,0.03134111,-0.13270061,-1.00000000,-0.98401208,0.15588365
2288,-0.00908602,-0.30553764,-1.00000000,-0.67639289,0.05346358
2289,-0.00755918,-0.02691117,1.00000000,-0.82771925,-0.01665668
2290,0.03705053,-0.15177626,-1.00000000,-0.95006081,0.07730542
2291,0.04740253,-0.14706039,-1.00000000,-0.95845421,0.32718913
2292,0.02025595,-0.00927677,1.00000000,-0.79633316,0.30112377
2293,-0.01731999,0.02269689,1.00000000,-0.73942572,0.28176263
2294,0.00992290,-0.06114930,1.00000000,-0.88865703,0.32286954
2295,0.02106888,-0.17720806,-1.00000000,-0.90479672,0.28529070
2296,0.01856908,-0.09306444,1.00000000,-0.94546031,0.21749245
2297,0.01177175,-0.05863843,1.00000000,-0.88418813,0.19754292
2298,-0.04726329,-0.06635944,1.00000000,-0.89793016,0.12713500
2299,-0.06996226,-0.08735398,1.00000000,-0.93529671,-0.06070492
2300,-0.05291408,-0.26969233,-1.00000000,-0.74019118,-0.23466658
2301,0.07297715,-0.33980142,-1.00000000,-0.61540947,-0.10673282
2302,-0.03479645,-0.28714562,-1.00000000,-0.70912743,-0.21623210
2303,-0.05372799,0.10168785,1.00000000,-0.59883587,-0.23143302
2304,-0.00562781,-0.23118668,-1.00000000,-0.80872438,-0.08015863
2305,0.05605841,-0.28965948,-1.00000000,-0.70465319,0.17607650
2306,-0.04257679,-0.14109506,-1.00000000,-0.96907144,-0.09563411
2307,-0.01174166,0.04943182,1.00000000,-0.69184231,-0.04142364
2308,-0.00043125,-0.25521739,-1.00000000,-0.76595399,0.08389694
2309,-0.00044957,-0.15997857,-1.00000000,-0.93546215,0.09607292
2310,-0.02134759,-0.12504474,-1.00000000,-0.99763817,-0.08593757
2311,0.01692341,-0.12510131,-1.00000000,-0.99753747,0.05396969
2312,0.02946332,-0.18964790,-1.00000000,-0.88265602,0.15085802
2313,0.00247468,-0.07144234,1.00000000,-0.90697681,0.15769094
2314,-0.01019300,-0.03271099,1.00000000,-0.83804191,0.13478049
2315,-0.02149478,-0.11606935,1.00000000,-0.98640495,0.13443438
2316,-0.04894352,-0.15519532,-1.00000000,-0.94397548,-0.02044343
2317,0.01158321,-0.19010253,-1.00000000,-0.88184686,-0.06248627
2318,-0.03743230,-0.27488196,-1.00000000,-0.73095456,-0.15632252
2319,-0.02239750,-0.08793633,1.00000000,-0.93633318,-0.18501987
2320,-0.01092785,-0.23932788,-1.00000000,-0.79423450,-0.16017304
2321,0.08020539,-0.19289070,-1.00000000,-0.87688442,0.14350443
2322,-0.02801365,-0.15746500,-1.00000000,-0.93993586,0.05039739
2323,0.02750474,0.12401332,1.00000000,-0.55910050,0.20308869
2324,-0.01225607,-0.21023700,-1.00000000,-0.84601109,0.22693499
2325,0.02989617,-0.03876035,1.00000000,-0.84880868,0.32292755
2326,-0.02311476,-0.16156742,-1.00000000,-0.93263429,0.07998316
2327,0.01261994,-0.03137405,1.00000000,-0.83566239,0.17552793
2328,-0.00854440,-0.19510608,-1.00000000,-0.87294144,0.09076290
2329,-0.04929336,-0.08473424,1.00000000,-0.93063403,0.00367437
2330,0.02419283,-0.15010338,-1.00000000,-0.95303824,-0.00973634
2331,0.00287925,-0.27596249,-1.00000000,-0.72903140,0.05138531
2332,-0.05742074,-0.04898968,1.00000000,-0.86701507,-0.11330655
2333,0.01871264,-0.11481978,1.00000000,-0.98418094,-0.04921504
2334,0.00083716,-0.30106509,-1.00000000,-0.68435324,0.06866059
2335,-0.01540108,-0.06591604,1.00000000,-0.89714098,-0.02443951
2336,-0.03605454,-0.12112705,1.00000000,-0.99540677,-0.11598742
2337,-0.03386784,-0.17128123,-1.00000000,-0.91534543,-0.06060573
2338,-0.00573646,-0.23507247,-1.00000000,-0.80180837,-0.11809473
2339,-0.01522899,-0.22831852,-1.00000000,-0.81382919,-0.15587227
2340,-0.03719046,-0.14143066,-1.00000000,-0.96847413,-0.20710726
2341,-0.01337183,-0.17074970,-1.00000000,-0.91629145,-0.15377171
2342,-0.01433744,-0.23858091,-1.00000000,-0.79556397,-0.10784841
2343,-0.00352741,-0.16501360,-1.00000000,-0.92650070,-0.10265409
2344,-0.04529107,-0.16799602,-1.00000000,-0.92119253,-0.17334132
2345,0.02545223,-0.13460766,-1.00000000,-0.98061785,-0.02604490
2346,-0.02334188,-0.26360085,-1.00000000,-0.75103293,-0.04948823
2347,0.01723932,-0.04509982,1.00000000,-0.86009182,0.02476056
2348,0.00958079,-0.19580756,-1.00000000,-0.87169292,0.05558283
2349,-0.00176762,-0.07046658,1.00000000,-0.90524015,0.15792278
2350,0.00871227,-0.09412109,1.00000000,-0.94734097,0.11856086
2351,-0.00871235,-0.12917229,-1.00000000,-0.99029185,0.15296036
2352,0.03585847,-0.09680364,1.00000000,-0.95211543,0.19674095
2353,-0.01745296,-0.15062213,-1.00000000,-0.95211495,0.13317449
2354,-0.00990969,-0.01295863,1.00000000,-0.80288621,0.11402942
2355,0.00560243,-0.17761877,-1.00000000,-0.90406574,0.10671703
2356,0.02512921,-0.15432028,-1.00000000,-0.94553291,0.18629123
2357,0.02063273,-0.10640884,1.00000000,-0.96921096,0.15048981
2358,0.01619990,-0.04609751,1.00000000,-0.86186753,0.22962029
2359,0.02294650,-0.05998555,1.00000000,-0.88658577,0.30687750
2360,0.01182653,-0.07367699,1.00000000,-0.91095409,0.32151268
2361,-0.00174108,-0.05283914,1.00000000,-0.87386642,0.25833055
2362,-0.01246775,-0.08718480,1.00000000,-0.93499560,0.18049893
2363,0.01559996,-0.12909034,-1.00000000,-0.99043770,0.17908824
2364,-0.00908308,-0.16222122,-1.00000000,-0.93147064,0.10377471
2365,0.00805755,-0.07552999,1.00000000,-0.91425211,0.09491244
2366,-0.00699748,-0.15176716,-1.00000000,-0.95007700,0.08255269
2367,-0.02481268,-0.09882583,1.00000000,-0.95571457,0.05352512
2368,-0.06417497,-0.14532548,-1.00000000,-0.96154205,-0.13405562
2369,0.02375460,-0.20035035,-1.00000000,-0.86360757,-0.05684195
2370,0.01250452,-0.32192652,-1.00000000,-0.64722360,-0.04638545
2371,0.00491785,-0.05034321,1.00000000,-0.86942412,-0.01836806
2372,0.01975374,-0.08509071,1.00000000,-0.93126849,0.08642429
2373,-0.00761393,-0.10852327,1.00000000,-0.97297427,0.21942047
2374,0.03899513,-0.06270043,1.00000000,-0.89141778,0.25525668
2375,0.01765388,-0.14722950,-1.00000000,-0.95815323,0.26736475
2376,0.01741663,-0.00327059,1.00000000,-0.78564323,0.29675408
2377,-0.01239945,-0.06918616,1.00000000,-0.90296122,0.22114988
2378,0.01100958,-0.06991894,1.00000000,-0.90426544,0.26494075
2379,-0.01470520,-0.16201025,-1.00000000,-0.93184612,0.13867115
2380,-0.00844621,-0.08970804,1.00000000,-0.93948652,0.07730005
2381,0.03453781,-0.16913192,-1.00000000,-0.91917082,0.11755835
2382,-0.01038387,-0.14980012,-1.00000000,-0.95357799,0.12229772
2383,-0.01725057,-0.01703770,1.00000000,-0.81014623,0.05584752
2384,-0.00298864,-0.15578486,-1.00000000,-0.94292621,0.08339754
2385,0.03258642,-0.17699364,-1.00000000,-0.90517835,0.17988063
2386,0.00998579,-0.13294362,-1.00000000,-0.98357957,0.12214965
2387,-0.00376907,-0.02306483,1.00000000,-0.82087345,0.13770353
2388,0.02247164,-0.09287018,1.00000000,-0.94511456,0.23110532
2389,0.02725440,-0.13535408,-1.00000000,-0.97928936,0.30221804
2390,0.02618293,-0.05430580,1.00000000,-0.87647682,0.28716105
2391,0.01364333,-0.03953355,1.00000000,-0.85018485,0.29576128
2392,0.03353114,-0.04284293,1.00000000,-0.85607496,0.38346804
2393,-0.00924172,-0.08157335,1.00000000,-0.92500821,0.30889805
2394,0.03641624,-0.02014694,1.00000000,-0.81568013,0.33044098
2395,0.01044139,-0.15225714,-1.00000000,-0.94920492,0.29342671
2396,0.00528045,-0.01123587,1.00000000,-0.79982000,0.27376246
2397,0.00461574,-0.09146299,1.00000000,-0.94261002,0.20577152
2398,0.03148251,-0.10740331,1.00000000,-0.97098094,0.30152944
2399,-0.01186968,-0.10945638,1.00000000,-0.97463504,0.18799115
2400,0.04022291,-0.02647442,1.00000000,-0.82694191,0.25801865
2401,-0.01442849,-0.16037398,-1.00000000,-0.93475839,0.21167555
2402,0.02207864,0.00052157,1.00000000,-0.77889386,0.25273737
2403,-0.03136154,-0.16827724,-1.00000000,-0.92069200,0.10496746
2404,0.01783854,-0.05551966,1.00000000,-0.87863727,0.17482261
2405,0.01391931,-0.22057747,-1.00000000,-0.82760690,0.11297299
2406,-0.00699436,-0.06861581,1.00000000,-0.90194610,0.13045342
2407,0.00718313,-0.08072094,1.00000000,-0.92349108,0.09542851
2408,0.00489949,-0.14531585,-1.00000000,-0.96155920,0.18069178
2409,0.00119646,-0.10152660,1.00000000,-0.96052144,0.14156001
2410,-0.01524582,-0.10857997,1.00000000,-0.97307519,0.07298187
2411,-0.00312501,-0.12001732,1.00000000,-0.99343164,0.08208016
2412,-0.04231740,-0.17080170,-1.00000000,-0.91619891,-0.03431414
2413,-0.01116571,-0.13336479,-1.00000000,-0.98282995,-0.07208944
2414,-0.04107980,-0.25441624,-1.00000000,-0.76737990,-0.17149676
2415,-0.00688785,-0.15819967,-1.00000000,-0.93862827,-0.15184404
2416,-0.02261742,-0.25059373,-1.00000000,-0.77418329,-0.19767800
2417,-0.06322976,-0.14498689,-1.00000000,-0.96214469,-0.24685079
2418,-0.01777045,-0.19356995,-1.00000000,-0.87567547,-0.26238102
2419,0.00646440,-0.31900711,-1.00000000,-0.65241963,-0.15058678
2420,-0.01577252,-0.17859939,-1.00000000,-0.90232040,-0.17147796
2421,0.05626087,-0.10374650,1.00000000,-0.96447247,0.01399444
2422,-0.07401333,-0.17242848,-1.00000000,-0.91330353,-0.01136177
2423,-0.00492039,0.05005717,1.00000000,-0.69072930,0.01885354
2424,0.00214524,-0.35231374,-1.00000000,-0.59313975,0.00869756
2425,-0.03330407,-0.13891010,-1.00000000,-0.97296028,-0.03252568
2426,-0.02322714,-0.11708686,1.00000000,-0.98821595,-0.21943176
2427,-0.02215209,-0.22657723,-1.00000000,-0.81692838,-0.09748655
2428,-0.00709759,-0.19545316,-1.00000000,-0.87232369,-0.10260596
2429,-0.01872036,-0.19213272,-1.00000000,-0.87823349,-0.15166881
2430,0.02305304,-0.14563470,-1.00000000,-0.96099169,-0.01915213
2431,-0.00546486,-0.18153332,-1.00000000,-0.89709854,0.02261364
2432,0.01906231,-0.05251006,1.00000000,-0.87328072,0.11952412
2433,0.03911875,-0.14059178,-1.00000000,-0.96996720,0.22819605
2434,0.03318332,-0.06483603,1.00000000,-0.89521876,0.35024104
2435,-0.00150079,-0.00288878,1.00000000,-0.78496367,0.29250577
2436,-0.05865043,-0.02122123,1.00000000,-0.81759217,0.16744658
2437,-0.01074835,-0.12834818,-1.00000000,-0.99175863,0.09735057
2438,0.02153754,-0.30486317,-1.00000000,-0.67759334,0.05601054
2439,0.02343239,-0.15691060,-1.00000000,-0.94092260,0.03308245
2440,0.01362256,-0.05719093,1.00000000,-0.88161184,0.06864313
2441,0.01041176,-0.05133841,1.00000000,-0.87119539,0.23103420
2442,0.00534846,-0.08163748,1.00000000,-0.92512235,0.26888384
2443,0.03029470,-0.09155450,1.00000000,-0.94277289,0.28947521
2444,-0.00928487,-0.10719324,1.00000000,-0.97060706,0.21254469
2445,-0.00258632,-0.03014315,1.00000000,-0.83347161,0.17443154
2446,0.01812133,-0.15239043,-1.00000000,-0.94896770,0.19255963
2447,0.00658557,-0.13170097,-1.00000000,-0.98579125,0.19546852
2448,0.06125937,-0.06774237,1.00000000,-0.90039152,0.26827807
2449,0.00090718,-0.10337227,1.00000000,-0.96380640,0.29224340
2450,-0.00804028,0.06549576,1.00000000,-0.66325135,0.27941908
2451,0.01115938,-0.12091079,1.00000000,-0.99502185,0.26304891
2452,0.00678380,-0.14854635,-1.00000000,-0.95580948,0.26351503
2453,0.01005881,-0.08924539,1.00000000,-0.93866308,0.14312333
2454,0.00930702,-0.10275999,1.00000000,-0.96271666,0.16287450
2455,-0.00130149,-0.09264466,1.00000000,-0.94471317,0.17871992
2456,-0.02371390,-0.09496665,1.00000000,-0.94884591,0.09671978
2457,0.00483502,-0.12773261,-1.00000000,-0.99285424,0.09213745
2458,-0.00328074,-0.19695661,-1.00000000,-0.86964782,0.06077117
2459,0.02018820,-0.10877910,1.00000000,-0.97342961,0.08635689
2460,-0.01465309,-0.13384581,-1.00000000,-0.98197382,0.05496229
2461,-0.01512882,-0.06135856,1.00000000,-0.88902947,0.07514903
2462,0.00280268,-0.16897096,-1.00000000,-0.91945730,0.07037026
2463,0.01758895,-0.17044033,-1.00000000,-0.91684208,0.11944271
2464,0.00525013,-0.11505625,1.00000000,-0.98460183,0.08431772
2465,-0.02225333,-0.06938672,1.00000000,-0.90331818,0.06644671
2466,-0.01272112,-0.10749696,1.00000000,-0.97114763,0.07210811
2467,0.01939714,-0.19244542,-1.00000000,-0.87767694,0.11112790
2468,-0.02422203,-0.16300380,-1.00000000,-0.93007778,0.01281462
2469,-0.01319022,-0.06380184,1.00000000,-0.89337809,-0.03054555
2470,0.00096741,-0.19852604,-1.00000000,-0.86685451,0.02405512
2471,0.05276812,-0.16445267,-1.00000000,-0.92749905,0.17804487
2472,-0.02665413,-0.12072476,1.00000000,-0.99469076,0.06976108
2473,0.02146683,0.03926931,1.00000000,-0.70992978,0.17719271
2474,-0.03590200,-0.20603791,-1.00000000,-0.85348471,0.12378881
2475,-0.04183076,-0.05740932,1.00000000,-0.88200054,0.02315427
2476,0.02057760,-0.23460132,-1.00000000,-0.80264692,-0.05253771
2477,0.00861760,-0.25291318,-1.00000000,-0.77005508,0.03039933
2478,-0.02126580,-0.06015583,1.00000000,-0.88688883,-0.07008109
2479,-0.01894201,-0.09709603,1.00000000,-0.95263582,-0.03020180
2480,0.04517304,-0.18939530,-1.00000000,-0.88310561,0.17437673
2481,-0.04053054,-0.18221791,-1.00000000,-0.89588008,0.03068861
2482,-0.00306881,0.01581078,1.00000000,-0.75168179,0.00320948
2483,-0.00179781,-0.24889724,-1.00000000,-0.77720274,0.04898603
2484,-0.00160591,-0.13319122,-1.00000000,-0.98313887,0.08974968
2485,0.04193680,-0.12926555,-1.00000000,-0.99012587,0.08214006
2486,-0.00086793,-0.12867285,-1.00000000,-0.99118076,0.17540170
2487,-0.01165011,0.00581517,1.00000000,-0.76947218,0.15522384
2488,0.04905801,-0.12639350,-1.00000000,-0.99523761,0.27480492
2489,0.00791765,-0.15969583,-1.00000000,-0.93596538,0.29719839
2490,-0.07821201,0.02781009,1.00000000,-0.73032515,0.01468353
2491,-0.01090215,-0.09925794,1.00000000,-0.95648363,-0.00891066
2492,-0.02810761,-0.36528198,-1.00000000,-0.57005860,-0.04760838
2493,-0.02367270,-0.15738562,-1.00000000,-0.94007714,-0.21862553
2494,-0.00218138,-0.21052720,-1.00000000,-0.84549458,-0.24237215
2495,-0.01853276,-0.19682935,-1.00000000,-0.86987432,-0.10204388
2496,0.03124575,-0.13045028,-1.00000000,-0.98801726,-0.00293839
2497,0.01005653,-0.18095390,-1.00000000,-0.89812980,0.08679978
2498,-0.04584523,-0.02720570,1.00000000,-0.82824346,0.03466387
2499,-0.00219684,-0.09265169,1.00000000,-0.94472569,0.03462752
2500,0.01087315,-0.26531244,-1.00000000,-0.74798661,0.10377184
2501,-0.00251031,-0.13049803,-1.00000000,-0.98793228,0.02439872
2502,0.00847877,-0.09012943,1.00000000,-0.94023651,0.02068882
2503,0.00632881,-0.13146620,-1.00000000,-0.98620910,0.14336951
2504,0.06984256,-0.09752483,1.00000000,-0.95339901,0.31276113
2505,-0.02246339,-0.10416531,1.00000000,-0.96521788,0.23437442
2506,-0.02346544,0.09200619,1.00000000,-0.61606751,0.18510105
2507,0.04036986,-0.19309422,-1.00000000,-0.87652218,0.26008895
2508,-0.04674452,-0.19618920,-1.00000000,-0.87101368,0.13529368
2509,-0.08175321,0.00097547,1.00000000,-0.77808599,-0.22116476
2510,0.04423235,-0.26809003,-1.00000000,-0.74304299,-0.06433808
2511,0.01909991,-0.37621950,-1.00000000,-0.55059176,0.03574900
2512,0.00261875,0.01290533,1.00000000,-0.75685297,-0.05301801
2513,-0.09931126,-0.06471990,1.00000000,-0.89501207,-0.17662210
2514,-0.01476903,-0.11562436,1.00000000,-0.98561296,-0.01911720
2515,0.05890639,-0.43045008,-1.00000000,-0.45407097,0.01538695
2516,-0.02219170,-0.16932907,-1.00000000,-0.91881993,-0.08170507
2517,0.03337682,0.05822823,1.00000000,-0.67618626,-0.00938132
2518,0.04290303,-0.19225505,-1.00000000,-0.87801577,0.32501773
2519,-0.01556523,-0.02062357,1.00000000,-0.81652844,0.32314559
2520,0.04343691,0.00879952,1.00000000,-0.76416057,0.28677105
2521,-0.01902490,-0.17178823,-1.00000000,-0.91444307,0.29421739
2522,0.10203213,0.01044850,1.00000000,-0.76122569,0.45565174
2523,-0.03168048,-0.18247393,-1.00000000,-0.89542442,0.28027795
2524,-0.03836343,0.19142839,1.00000000,-0.43911367,0.22667084
2525,-0.00774655,-0.22156256,-1.00000000,-0.82585361,0.10631935
2526,-0.00134986,-0.24220380,-1.00000000,-0.78911587,0.14787998
2527,-0.02201323,-0.14763911,-1.00000000,-0.95742421,-0.14379713
2528,-0.02579761,-0.12788200,-1.00000000,-0.99258834,-0.12996429
2529,0.02183342,-0.19170384,-1.00000000,-0.87899682,0.01158105
2530,0.03452927,-0.20339245,-1.00000000,-0.85819318,0.11098733
2531,0.02134365,-0.05627704,1.00000000,-0.87998528,0.16434827
2532,0.06077865,-0.01706407,1.00000000,-0.81019316,0.35902299
2533,-0.09567101,-0.05778978,1.00000000,-0.88267770,0.19472447
2534,0.02459496,0.06401099,1.00000000,-0.66589398,0.20121788
2535,0.00321925,-0.41920664,-1.00000000,-0.47408230,0.12759629
2536,0.08078179,-0.04774762,1.00000000,-0.86480443,0.26735762
2537,-0.01722692,-0.11376964,1.00000000,-0.98231188,0.08393731
2538,0.00841369,0.12579359,1.00000000,-0.55593193,0.32867942
2539,-0.00109580,-0.17692061,-1.00000000,-0.90530833,0.26827082
2540,-0.00641408,-0.09772584,1.00000000,-0.95375677,0.24561926
2541,0.04845353,-0.12709729,-1.00000000,-0.99398499,0.16960343
2542,-0.01401365,-0.14352358,-1.00000000,-0.96474910,0.17715902
2543,-0.00092974,0.02594306,1.00000000,-0.73364812,0.15518912
2544,0.01139423,-0.16699597,-1.00000000,-0.92297243,0.18455786
2545,-0.01166344,-0.12658438,-1.00000000,-0.99489787,0.17221465
2546,0.04469369,-0.08852001,1.00000000,-0.93737204,0.16337385
2547,-0.01746785,-0.15973699,-1.00000000,-0.93589213,0.15525174
2548,0.04124347,0.01433023,1.00000000,-0.75431689,0.25441675
2549,-0.02845820,-0.17766476,-1.00000000,-0.90398388,0.16070875
2550,0.00353245,0.00367374,1.00000000,-0.77328356,0.19643998
2551,0.01752044,-0.21161007,-1.00000000,-0.84356726,0.13254549
2552,0.00321061,-0.11280227,1.00000000,-0.98059013,0.18116829
2553,0.00207679,-0.06959832,1.00000000,-0.90369478,0.08907275
2554,0.00872986,-0.11379632,1.00000000,-0.98235937,0.17651582
2555,0.00629699,-0.11729829,1.00000000,-0.98859225,0.18301629
2556,0.00233345,-0.09674930,1.00000000,-0.95201870,0.14730599
2557,-0.01632352,-0.10426358,1.00000000,-0.96539278,0.10137394
2558,0.00233560,-0.11650555,1.00000000,-0.98718132,0.10198251
2559,-0.02603231,-0.17413033,-1.00000000,-0.91027455,0.02024362
2560,0.01509831,-0.11649891,1.00000000,-0.98716949,0.04093882
2561,0.00714974,-0.20411734,-1.00000000,-0.85690299,0.05226374
2562,0.02061998,-0.07707941,1.00000000,-0.91700980,0.13913174
2563,-0.06485661,-0.10162972,1.00000000,-0.96070499,-0.01886232
2564,0.00334954,-0.06002494,1.00000000,-0.88665587,0.05022543
2565,0.01901966,-0.32403186,-1.00000000,-0.64347647,0.05944598
2566,0.00865672,-0.11336720,1.00000000,-0.98159561,0.06298943
2567,0.02701288,-0.06496776,1.00000000,-0.89545322,0.07802153
2568,0.04517477,-0.09697522,1.00000000,-0.95242080,0.33674652
2569,-0.03820367,-0.04027954,1.00000000,-0.85151258,0.23903934
2570,-0.03489226,0.01581613,1.00000000,-0.75167225,0.11227223
2571,0.04064517,-0.24171038,-1.00000000,-0.78999407,0.18748908
2572,-0.29446003,-0.23148259,-1.00000000,-0.80819771,-0.56841413
2573,-0.12430197,0.00182580,1.00000000,-0.77657255,-0.96691744
2574,-0.22177886,-1.03319557,-1.00000000,0.61870881,-1.39857148
2575,-0.00928105,-0.50763756,-1.00000000,-0.31669099,-1.33834993
2576,0.00568031,-0.80870918,-1.00000000,0.21916295,-1.42056543
2577,0.09953963,-0.15237863,-1.00000000,-0.94898870,-0.49412464
2578,-0.06159560,-0.10616829,1.00000000,-0.96878284,-0.34667847
2579,0.01899228,0.18372994,1.00000000,-0.45281553,0.21946466
2580,-0.03979319,-0.31395976,-1.00000000,-0.66140302,0.14771920
2581,0.00165711,-0.06505234,1.00000000,-0.89560375,0.13825916
2582,0.07411492,-0.24661982,-1.00000000,-0.78125614,0.07847613
2583,0.14919209,-0.11859453,1.00000000,-0.99089932,0.57411695
2584,-0.00093033,0.10520199,1.00000000,-0.59258132,0.52727145
2585,0.09504992,0.33708882,1.00000000,-0.17986400,0.84433809
2586,-0.00031393,-0.12658620,-1.00000000,-0.99489463,0.83970344
2587,0.06277514,0.16986280,1.00000000,-0.47749659,0.81303938
2588,-0.07598747,-0.12468237,-1.00000000,-0.99828311,0.28355788
2589,0.03570249,0.07017745,1.00000000,-0.65491878,0.36969536
2590,0.05046053,-0.35841116,-1.00000000,-0.58228744,0.26484901
2591,0.08181432,-0.01344039,1.00000000,-0.80374366,0.45796328
2592,0.07490859,0.03214196,1.00000000,-0.72261519,0.48649356
2593,0.00431458,0.12898272,1.00000000,-0.55025585,0.67531375
2594,-0.12209455,0.10765337,1.00000000,-0.58821831,0.30427380
2595,0.06600339,-0.11038655,1.00000000,-0.97629058,0.34082089
2596,0.12725157,-0.50081961,-1.00000000,-0.32882572,0.44766089
2597,0.11546569,0.08014835,1.00000000,-0.63717234,0.54302581
2598,-0.04347313,0.26932232,1.00000000,-0.30047633,0.43065900
2599,-0.06083531,0.23291988,1.00000000,-0.36526619,0.57470241
2600,-0.22268985,-0.25798588,-1.00000000,-0.76102658,-0.10412352
2601,0.02363801,-0.31161151,-1.00000000,-0.66558249,-0.34775782
2602,-0.10273399,-0.81152288,-1.00000000,0.22417084,-0.86082698
2603,0.05573563,-0.05070331,1.00000000,-0.87006503,-0.62755002
2604,0.06551476,-0.44102167,-1.00000000,-0.43525541,-0.33045367
2605,0.11626098,0.04843487,1.00000000,-0.69361670,0.46654668
2606,0.08964435,0.07863915,1.00000000,-0.63985846,0.62175232
2607,0.09711420,0.23537627,1.00000000,-0.36089425,1.09167026
2608,-0.01902628,0.15316692,1.00000000,-0.50721229,0.91587703
2609,0.00028147,0.17623865,1.00000000,-0.46614871,0.76248913
2610,-0.00875950,-0.18247819,-1.00000000,-0.89541684,0.46851916
2611,-0.13097465,-0.12284339,1.00000000,-0.99846155,-0.05023874
2612,-0.06967445,-0.15076774,-1.00000000,-0.95185579,-0.44242135
2613,0.15224803,-0.52824708,-1.00000000,-0.28000969,-0.03969131
2614,-0.12900332,-0.33891248,-1.00000000,-0.61699161,-0.34368828
2615,0.07787062,0.34652751,1.00000000,-0.16306481,-0.13998843
2616,0.02227193,-0.52215835,-1.00000000,-0.29084655,0.22035166
2617,-0.02076486,0.11680202,1.00000000,-0.57193533,0.33535644
2618,-0.06079990,-0.05492265,1.00000000,-0.87757471,-0.16559904
2619,0.01393670,-0.18784806,-1.00000000,-0.88585942,0.17050650
2620,-0.03297611,-0.31150214,-1.00000000,-0.66577715,-0.09013567
2621,0.04941573,-0.08066721,1.00000000,-0.92339544,-0.02631041
2622,-0.01616495,-0.22556428,-1.00000000,-0.81873126,-0.01549430
2623,0.00123262,0.02891496,1.00000000,-0.72835868,0.13036739
2624,0.00110126,-0.17364056,-1.00000000,-0.91114624,0.10018646
2625,0.02062305,-0.11990564,1.00000000,-0.99323287,0.22621816
2626,0.04781076,-0.12031134,1.00000000,-0.99395495,0.22244426
2627,-0.15901635,-0.06001544,1.00000000,-0.88663897,-0.11345288
2628,-0.05632334,0.02395775,1.00000000,-0.73718163,-0.24878849
2629,-0.01586806,-0.61485797,-1.00000000,-0.12585773,-0.28868973
2630,0.01610319,-0.29767561,-1.00000000,-0.69038592,-0.29931761
2631,0.04578370,-0.17272359,-1.00000000,-0.91277829,-0.30408397
2632,0.01571151,-0.07397569,1.00000000,-0.91148573,0.10676666
2633,-0.05836821,0.01769691,1.00000000,-0.74832481,0.10195840
2634,0.08510325,-0.07518547,1.00000000,-0.91363893,0.33937977
2635,-0.01283312,-0.30399148,-1.00000000,-0.67914478,0.27133965
2636,-0.00692771,0.13914106,1.00000000,-0.53217582,0.14739538
2637,0.02229349,-0.16334973,-1.00000000,-0.92946209,0.16287210
2638,0.00086969,-0.14510999,-1.00000000,-0.96192559,0.30216257
2639,-0.01964730,-0.05485605,1.00000000,-0.87745616,0.05585481
2640,-0.02807678,-0.12102660,1.00000000,-0.99522798,0.02001126
2641,-0.01640730,-0.18439630,-1.00000000,-0.89200293,-0.00227881
2642,-0.00605611,-0.21043199,-1.00000000,-0.84566405,-0.06893934
2643,-0.01097587,-0.17438909,-1.00000000,-0.90981399,-0.09679268
2644,0.00102649,-0.14241794,-1.00000000,-0.96671696,-0.04818085
2645,0.02964158,-0.15761333,-1.00000000,-0.93967187,0.08753662
2646,0.05840156,-0.12054227,1.00000000,-0.99436597,0.26344027
2647,0.07105970,-0.03216042,1.00000000,-0.83706198,0.44476842
2648,0.03542773,0.05666900,1.00000000,-0.67896142,0.55388067
2649,0.01358850,0.09576550,1.00000000,-0.60937660,0.58341864
2650,0.03513627,-0.01428902,1.00000000,-0.80525407,0.59633872
2651,-0.05648078,-0.08174270,1.00000000,-0.92530962,0.32620730
2652,-0.02435473,-0.01518926,1.00000000,-0.80685634,0.10185223
2653,-0.02678538,-0.29816190,-1.00000000,-0.68952040,-0.04443411
2654,-0.02080463,-0.19893591,-1.00000000,-0.86612502,-0.12530523
2655,-0.01319455,-0.20644332,-1.00000000,-0.85276317,-0.23894908
2656,0.01174134,-0.18797089,-1.00000000,-0.88564080,-0.07853333
2657,-0.08682593,-0.16446604,-1.00000000,-0.92747525,-0.22542652
2658,-0.04128871,-0.08744792,1.00000000,-0.93546391,-0.25952927
2659,-0.02912270,-0.39188734,-1.00000000,-0.52270579,-0.27908817
2660,0.08921510,-0.25123895,-1.00000000,-0.77303490,-0.03828473
2661,-0.02603431,-0.21366247,-1.00000000,-0.83991436,-0.12710943
2662,-0.02276710,0.15184111,1.00000000,-0.50957199,0.02351688
2663,-0.01775321,-0.20412354,-1.00000000,-0.85689197,0.07885765
2664,-0.05145703,-0.19403227,-1.00000000,-0.87485262,0.02634126
2665,0.03346627,-0.17854614,-1.00000000,-0.90241519,-0.10474512
2666,-0.00211925,-0.28264532,-1.00000000,-0.71713716,-0.04851184
2667,-0.02645188,-0.02034730,1.00000000,-0.81603674,-0.05717614
2668,0.00723414,-0.13025836,-1.00000000,-0.98835884,0.00157846
2669,-0.05042713,-0.20541326,-1.00000000,-0.85459649,0.00400015
2670,-0.03456930,-0.10136907,1.00000000,-0.96024108,-0.15597694
2671,0.13302704,-0.27946431,-1.00000000,-0.72279878,0.16180261
2672,0.03509600,-0.23048508,-1.00000000,-0.80997311,0.30652473
2673,-0.05322320,0.28716070,1.00000000,-0.26872718,0.16436690
2674,-0.02114745,-0.01531364,1.00000000,-0.80707772,0.23321440
2675,0.01418949,-0.28810037,-1.00000000,-0.70742813,0.34786456
2676,-0.00283367,-0.18902974,-1.00000000,-0.88375625,0.02840514
2677,0.03944225,-0.07988645,1.00000000,-0.92200583,0.03862481
2678,0.00978438,-0.13246496,-1.00000000,-0.98443150,0.18677922
2679,-0.04075827,-0.00188960,1.00000000,-0.78318531,0.14066683
2680,0.01973068,-0.09349226,1.00000000,-0.94622176,0.15369625
2681,-0.00109493,-0.24960063,-1.00000000,-0.77595082,0.15778468
2682,0.00669800,-0.06277166,1.00000000,-0.89154456,0.08079070
2683,0.03093570,-0.12709460,-1.00000000,-0.99398977,0.13052537
2684,-0.01025902,-0.10302499,1.00000000,-0.96318831,0.20224054
2685,0.01299140,-0.02816332,1.00000000,-0.82994786,0.18639397
2686,0.01788314,-0.15539923,-1.00000000,-0.94361257,0.23101851
2687,0.01639744,-0.08358692,1.00000000,-0.92859201,0.25382552
2688,0.00385312,-0.06847807,1.00000000,-0.90170095,0.19014423
2689,0.02192448,-0.07306686,1.00000000,-0.90986818,0.26581968
2690,-0.00710620,-0.11181182,1.00000000,-0.97882731,0.21856271
2691,-0.06310176,-0.05599580,1.00000000,-0.87948473,0.02813689
2692,0.09963892,-0.14566128,-1.00000000,-0.96094439,0.22386879
2693,-0.04168883,-0.31861175,-1.00000000,-0.65312331,0.11678259
2694,0.02125157,0.18403661,1.00000000,-0.45226972,0.11520033
2695,-0.01471858,-0.25247481,-1.00000000,-0.77083530,0.09730077
2696,-0.01033477,-0.05807417,1.00000000,-0.88318386,0.22137571
2697,-0.01580937,-0.16917323,-1.00000000,-0.91909729,-0.05008645
2698,0.01356697,-0.15563321,-1.00000000,-0.94319611,0.07984065
2699,-0.01701572,-0.17254229,-1.00000000,-0.91310097,-0.01014007
2700,-0.02217002,-0.08180917,1.00000000,-0.92542794,-0.02766120
2701,0.02752275,-0.17626828,-1.00000000,-0.90646938,0.06135603
2702,0.01629022,-0.19218810,-1.00000000,-0.87813493,0.13683417
2703,-0.01315093,-0.03870471,1.00000000,-0.84870966,0.07401037
2704,0.01224933,-0.07339804,1.00000000,-0.91045761,0.14282345
2705,-0.04676498,-0.16433132,-1.00000000,-0.92771503,0.08499147
2706,0.02308922,-0.08587892,1.00000000,-0.93267136,0.07456658
2707,-0.00701948,-0.26815324,-1.00000000,-0.74293049,0.01975674
2708,-0.06766245,-0.05239832,1.00000000,-0.87308185,-0.10842026
2709,-0.03014367,-0.14539345,-1.00000000,-0.96142108,-0.20810207
2710,-0.00441954,-0.33269811,-1.00000000,-0.62805209,-0.10853208
2711,-0.06092630,-0.21681588,-1.00000000,-0.83430186,-0.30608404
2712,-0.06674387,-0.13736316,-1.00000000,-0.97571357,-0.44651845
2713,-0.01343940,-0.31189254,-1.00000000,-0.66508230,-0.31901976
2714,0.08760406,-0.32986095,-1.00000000,-0.63310174,-0.04215074
2715,0.00229778,-0.16522231,-1.00000000,-0.92612923,-0.02635580
2716,-0.02932432,0.14686519,1.00000000,-0.51842823,0.04795231
2717,0.04582090,-0.11661573,1.00000000,-0.98737742,0.31263424
2718,-0.01451289,-0.21428519,-1.00000000,-0.83880603,0.31011006
2719,-0.00813118,0.01781178,1.00000000,-0.74812035,0.08500064
2720,0.02060163,-0.16853794,-1.00000000,-0.92022799,0.12803985
2721,-0.10995639,-0.14882710,-1.00000000,-0.95530979,-0.06155635
2722,0.03888731,-0.06008161,1.00000000,-0.88675673,-0.07785981
2723,0.11554067,-0.46332913,-1.00000000,-0.39555211,0.22794482
2724,0.01921772,-0.00360361,1.00000000,-0.78623594,0.29225235
2725,0.09141613,0.23315148,1.00000000,-0.36485400,0.45876376
2726,-0.06998332,-0.06435601,1.00000000,-0.89436440,0.55275542
2727,-0.02621458,0.15863932,1.00000000,-0.49747239,0.39967648
2728,-0.01706477,-0.33986646,-1.00000000,-0.61529371,0.08787142
2729,0.03643787,-0.20468032,-1.00000000,-0.85590099,0.12836244
2730,0.05878869,-0.17641980,-1.00000000,-0.90619968,0.05164310
2731,0.01669479,-0.01116906,1.00000000,-0.79970110,0.25545580
2732,0.00553620,0.05786469,1.00000000,-0.67683330,0.33011378
2733,-0.02968978,-0.07214845,1.00000000,-0.90823357,0.30042767
2734,-0.00651187,-0.10661339,1.00000000,-0.96957503,0.19943675
2735,-0.01200103,-0.21541397,-1.00000000,-0.83679700,0.03298360
2736,0.02487715,-0.14382561,-1.00000000,-0.96421156,0.05222339
2737,0.02355300,-0.16077970,-1.00000000,-0.93403629,0.09458763
2738,0.00452891,-0.04687605,1.00000000,-0.86325318,0.17504859
2739,0.01202447,-0.05096588,1.00000000,-0.87053237,0.21863445
2740,-0.00114579,-0.10972454,1.00000000,-0.97511232,0.24415920
2741,-0.01808612,-0.08657343,1.00000000,-0.93390747,0.14313647
2742,0.00951784,-0.12725168,-1.00000000,-0.99371019,0.11013456
2743,-0.02288208,-0.17957437,-1.00000000,-0.90058512,0.04568104
2744,-0.01869965,-0.09431551,1.00000000,-0.94768699,-0.02656286
2745,0.03617298,-0.19438741,-1.00000000,-0.87422053,0.06118754
2746,-0.00105267,-0.18146935,-1.00000000,-0.89721239,0.10123955
2747,-0.01482704,-0.01198721,1.00000000,-0.80115727,0.04399561
2748,0.03268203,-0.12696408,-1.00000000,-0.99422207,0.17464766
2749,-0.02029893,-0.16950824,-1.00000000,-0.91850104,0.17088715
2750,-0.01318980,-0.02276953,1.00000000,-0.82034786,0.05481676
2751,-0.01060017,-0.18640896,-1.00000000,-0.88842075,0.03236701
2752,-0.07689948,-0.16445138,-1.00000000,-0.92750135,-0.11358853
2753,-0.00281530,-0.15645293,-1.00000000,-0.94173717,-0.19705605
2754,-0.03979193,-0.36122802,-1.00000000,-0.57727392,-0.24289139
2755,0.05901599,-0.13240821,-1.00000000,-0.98453249,-0.07310853
2756,0.04057004,-0.24661594,-1.00000000,-0.78126304,0.04721180
2757,0.01662514,0.05856676,1.00000000,-0.67558374,0.26712320
2758,-0.01363520,0.00159373,1.00000000,-0.77698560,0.24168156
2759,0.00728569,-0.07236358,1.00000000,-0.90861646,0.35237868
2760,0.01425268,-0.16582705,-1.00000000,-0.92505289,0.24712336
2761,0.06683068,-0.10120984,1.00000000,-0.95995767,0.30887197
2762,0.01542019,-0.07969127,1.00000000,-0.92165845,0.30603868
2763,-0.02759664,0.08270356,1.00000000,-0.63262453,0.27321009
2764,0.00458325,-0.07608525,1.00000000,-0.91524037,0.26685564
2765,-0.04590077,-0.20894902,-1.00000000,-0.84830347,0.12541234
2766,-0.07033037,-0.10955673,1.00000000,-0.97481365,-0.19710467
2767,0.00509436,-0.26548400,-1.00000000,-0.74768125,-0.22138455
2768,0.02355816,-0.34093838,-1.00000000,-0.61338588,-0.10110044
2769,0.03279549,-0.10797807,1.00000000,-0.97200391,-0.03476289
2770,-0.01928172,-0.05094993,1.00000000,-0.87050397,0.02782846
2771,-0.01507756,-0.02241910,1.00000000,-0.81972416,0.15774853
2772,-0.02857246,-0.18326717,-1.00000000,-0.89401258,0.07858522
2773,0.04446045,-0.17028199,-1.00000000,-0.91712390,0.12773432
2774,-0.00118590,-0.21196297,-1.00000000,-0.84293918,0.04783135
2775,-0.04507790,0.01360984,1.00000000,-0.75559907,-0.01282513
2776,-0.02458320,-0.12737558,-1.00000000,-0.99348968,-0.03517645
2777,-0.03670980,-0.26294244,-1.00000000,-0.75220478,-0.05431039
2778,0.03989351,-0.19964155,-1.00000000,-0.86486910,-0.06504897
2779,0.09647211,-0.23709633,-1.00000000,-0.79820626,0.16458158
2780,0.04336731,-0.00049582,1.00000000,-0.78070462,0.37254941
2781,0.03041959,0.17425544,1.00000000,-0.46967846,0.50188155
2782,-0.02712617,0.01023352,1.00000000,-0.76160831,0.52441626
2783,0.01399846,-0.02975742,1.00000000,-0.83278507,0.46352730
2784,-0.00302260,-0.20749589,-1.00000000,-0.85088978,0.22957798
2785,-0.05149317,-0.08047646,1.00000000,-0.92305594,0.00652546
2786,0.00430039,-0.13304849,-1.00000000,-0.98339291,-0.05489055
2787,0.02266087,-0.28275693,-1.00000000,-0.71693850,0.06217742
2788,-0.00260538,-0.11043037,1.00000000,-0.97636857,0.02313557
2789,-0.01659959,-0.05372136,1.00000000,-0.87543662,-0.00878903
2790,0.04655562,-0.13175984,-1.00000000,-0.98568647,0.22176040
2791,0.01387179,-0.17498302,-1.00000000,-0.90875690,0.24426635
2792,-0.00038522,0.02008108,1.00000000,-0.74408141,0.19007638
2793,0.00770523,-0.08086769,1.00000000,-0.92375227,0.21432048
2794,0.00374696,-0.12490255,-1.00000000,-0.99789123,0.26216285
2795,-0.03510380,-0.09991403,1.00000000,-0.95765135,0.07015097
2796,0.00756838,-0.11213972,1.00000000,-0.97941091,0.05532928
2797,0.06041004,-0.23213597,-1.00000000,-0.80703481,0.19828170
2798,-0.05694618,-0.10033670,1.00000000,-0.95840364,0.04626202
2799,0.00551494,0.06287248,1.00000000,-0.66792033,0.05041919
2800,-0.03549808,-0.29959936,-1.00000000,-0.68696199,0.04949209
2801,0.03370985,-0.10667906,1.00000000,-0.96969191,0.11096046
2802,0.01653975,-0.23335377,-1.00000000,-0.80486734,0.00780497
2803,0.02250989,-0.01959497,1.00000000,-0.81469772,0.19463597
2804,-0.02410248,-0.07262733,1.00000000,-0.90908588,0.12499432
2805,0.00948416,-0.05418766,1.00000000,-0.87626655,0.23076443
2806,0.02181175,-0.19815678,-1.00000000,-0.86751173,0.20278755
2807,0.01694050,-0.09441954,1.00000000,-0.94787214,0.20372986
2808,-0.00318045,-0.05634398,1.00000000,-0.88010442,0.14332223
2809,-0.01138999,-0.07138956,1.00000000,-0.90688288,0.17321405
2810,0.03479867,-0.13353605,-1.00000000,-0.98252514,0.23273794
2811,-0.04333279,-0.15889240,-1.00000000,-0.93739534,0.07955873
2812,0.06367531,-0.01623198,1.00000000,-0.80871220,0.18944978
2813,-0.09110910,-0.25755241,-1.00000000,-0.76179807,-0.01730339
2814,0.06880432,0.07295774,1.00000000,-0.64997035,0.17126346
2815,-0.00801407,-0.40511651,-1.00000000,-0.49916023,0.07059468
2816,0.01601681,0.08879943,1.00000000,-0.62177497,0.21014781
2817,0.02350452,-0.14846538,-1.00000000,-0.95595359,0.11569124
2818,0.02578106,-0.07424250,1.00000000,-0.91196061,0.39054379
2819,-0.00616200,-0.05111561,1.00000000,-0.87079885,0.21426989
2820,0.00544901,-0.04408417,1.00000000,-0.85828414,0.24592664
2821,-0.02850343,-0.14274501,-1.00000000,-0.96613484,0.14124289
2822,-0.04511226,-0.10688269,1.00000000,-0.97005434,-0.02010087
2823,-0.03394342,-0.21174975,-1.00000000,-0.84331867,-0.16053551
2824,-0.02090939,-0.26304857,-1.00000000,-0.75201588,-0.19521213
2825,-0.02349621,-0.22855197,-1.00000000,-0.81341370,-0.26327318
2826,0.00692638,-0.18829445,-1.00000000,-0.88506493,-0.17996443
2827,-0.00609917,-0.19628422,-1.00000000,-0.87084455,-0.08823002
2828,0.00641722,-0.10231961,1.00000000,-0.96193287,0.00667297
2829,-0.14290697,-0.14255092,-1.00000000,-0.96648028,-0.28018905
2830,0.05616792,-0.10389223,1.00000000,-0.96473184,-0.09286885
2831,-0.02942925,-0.56510181,-1.00000000,-0.21441484,-0.17835457
2832,0.03595402,0.04977007,1.00000000,-0.69124029,-0.07947177
2833,-0.03218631,-0.21460931,-1.00000000,-0.83822916,-0.17024314
2834,-0.00522007,-0.01266351,1.00000000,-0.80236095,0.15351034
2835,-0.02813230,-0.22312487,-1.00000000,-0.82307296,-0.04471105
2836,0.02745161,-0.13983570,-1.00000000,-0.97131288,0.08903718
2837,-0.01551150,-0.21060347,-1.00000000,-0.84535883,-0.03197754
2838,0.04669041,-0.03892443,1.00000000,-0.84910072,0.15349118
2839,-0.01873889,-0.17162229,-1.00000000,-0.91473840,0.12170337
2840,-0.00581018,0.02049741,1.00000000,-0.74334041,0.17419104
2841,0.02208521,-0.18159055,-1.00000000,-0.89699667,0.16157262
2842,-0.00791201,-0.14165833,-1.00000000,-0.96806892,0.17944187
2843,-0.00173222,-0.05549935,1.00000000,-0.87860112,0.06558213
2844,-0.00483325,-0.14815016,-1.00000000,-0.95651462,0.09827951
2845,0.02779894,-0.12906295,-1.00000000,-0.99048645,0.17730713
2846,0.00545157,-0.13864094,-1.00000000,-0.97343934,0.13819520
2847,-0.01031544,-0.03785167,1.00000000,-0.84719139,0.13254384
2848,0.03395359,-0.10687478,1.00000000,-0.97004027,0.21645454
2849,0.02210493,-0.15557350,-1.00000000,-0.94330239,0.27979629
2850,-0.01506415,-0.01884212,1.00000000,-0.81335779,0.17900910
2851,-0.02400443,-0.05543844,1.00000000,-0.87849272,0.10974700
2852,-0.00034491,-0.17024060,-1.00000000,-0.91719757,0.13319145
2853,-0.02541885,-0.19785395,-1.00000000,-0.86805071,-0.00641539
2854,0.01549305,-0.12477807,-1.00000000,-0.99811278,-0.02196240
2855,-0.01851056,-0.20222257,-1.00000000,-0.86027535,-0.03006620
2856,0.01075304,-0.07586021,1.00000000,-0.91483983,0.05166164
2857,0.01829677,-0.18088533,-1.00000000,-0.89825185,0.09549522
2858,0.07393328,-0.09050042,1.00000000,-0.94089682,0.32910927
2859,0.03419760,-0.06720050,1.00000000,-0.89942710,0.37309067
2860,-0.06532631,0.10464097,1.00000000,-0.59357984,0.26300932
2861,0.02676400,-0.01808848,1.00000000,-0.81201643,0.30065710
2862,0.03244740,-0.32548260,-1.00000000,-0.64089442,0.33393052
2863,0.03670820,-0.04104822,1.00000000,-0.85288069,0.24640042
2864,0.02056500,-0.02349423,1.00000000,-0.82163770,0.21434507
2865,-0.00760919,-0.01033411,1.00000000,-0.79821504,0.35005963
2866,0.01582100,-0.06019476,1.00000000,-0.88695812,0.32432853
2867,-0.06172333,-0.14721484,-1.00000000,-0.95817932,0.10289787
2868,0.00058894,-0.07484729,1.00000000,-0.91303702,0.01796795
2869,-0.06136323,-0.31435429,-1.00000000,-0.66070083,-0.17467600
2870,0.10120729,-0.12189374,1.00000000,-0.99677133,0.08119231
2871,0.06211747,-0.31324205,-1.00000000,-0.66268042,0.19005266
2872,0.02274067,0.18888075,1.00000000,-0.44364801,0.38865918
2873,-0.03457004,0.06814613,1.00000000,-0.65853416,0.30598725
2874,0.08624407,-0.05347486,1.00000000,-0.87499790,0.65306731
2875,-0.00508803,-0.23048738,-1.00000000,-0.80996902,0.40312720
2876,0.00280181,0.14266466,1.00000000,-0.52590443,0.26365387
2877,-0.04981312,-0.13942787,-1.00000000,-0.97203875,0.09305273
2878,0.07970878,-0.11505895,1.00000000,-0.98460662,0.36176504
2879,-0.03032131,-0.27756784,-1.00000000,-0.72617416,0.08767617
2880,0.05632825,0.12247946,1.00000000,-0.56183051,0.23208884
2881,0.03039188,-0.21736454,-1.00000000,-0.83332534,0.29696342
2882,-0.00426377,0.05026527,1.00000000,-0.69035892,0.40406700
2883,-0.05228309,-0.02984300,1.00000000,-0.83293739,0.09370468
2884,-0.02482651,-0.13688202,-1.00000000,-0.97656991,0.10662501
2885,0.02290703,-0.28519671,-1.00000000,-0.71259613,0.02803922
2886,-0.02326229,-0.20039304,-1.00000000,-0.86353158,-0.09812182
2887,-0.05074215,-0.05296104,1.00000000,-0.87408339,-0.20740990
2888,-0.01874590,-0.19556172,-1.00000000,-0.87213048,-0.12855141
2889,-0.01477901,-0.28043728,-1.00000000,-0.72106707,-0.10492599
2890,-0.03245594,-0.18161222,-1.00000000,-0.89695811,-0.23510506
2891,0.01008488,-0.16935988,-1.00000000,-0.91876509,-0.15669338
2892,0.02438321,-0.22395766,-1.00000000,-0.82159076,0.01995448
2893,0.01019576,-0.09256412,1.00000000,-0.94456983,0.08800718
2894,-0.01170351,-0.04840163,1.00000000,-0.86596846,0.09523882
2895,-0.01387675,-0.09222165,1.00000000,-0.94396029,0.13892544
2896,-0.01512563,-0.15986076,-1.00000000,-0.93567183,0.07964607
2897,-0.00062714,-0.16657314,-1.00000000,-0.92372500,0.02083736
2898,-0.02695326,-0.17043048,-1.00000000,-0.91685961,-0.06651391
2899,0.01355978,-0.12564976,-1.00000000,-0.99656132,-0.00711045
2900,-0.00253379,-0.20696185,-1.00000000,-0.85184028,0.01956112
2901,0.01502723,-0.08183140,1.00000000,-0.92546749,0.09046180
2902,0.00801333,-0.13153872,-1.00000000,-0.98608003,0.11077878
2903,-0.00029517,-0.07729895,1.00000000,-0.91740054,0.17346195
2904,-0.01167408,-0.09896241,1.00000000,-0.95595766,0.11412768
2905,-0.00702813,-0.12462443,-1.00000000,-0.99838624,0.10355980
2906,0.00228741,-0.15976987,-1.00000000,-0.93583360,0.07360371
2907,0.02209789,-0.14542015,-1.00000000,-0.96137355,0.10672178
2908,-0.00691839,-0.11664774,1.00000000,-0.98743439,0.09114810
2909,-0.02227699,-0.05546021,1.00000000,-0.87853146,0.06621669
2910,-0.00365701,-0.14508121,-1.00000000,-0.96197680,0.07414346
2911,-0.00226478,-0.19251851,-1.00000000,-0.87754686,0.06343954
2912,0.02489773,-0.13500796,-1.00000000,-0.97990540,0.07002304
2913,-0.02996244,-0.13070786,-1.00000000,-0.98755882,0.01583785
2914,-0.00795548,-0.04681246,1.00000000,-0.86314002,0.04951308
2915,0.05125051,-0.21625613,-1.00000000,-0.83529811,0.17862122
2916,-0.00735066,-0.14828442,-1.00000000,-0.95627565,0.16666242
2917,0.04796197,0.03458192,1.00000000,-0.71827249,0.22089507
2918,-0.00596041,-0.14641633,-1.00000000,-0.95960054,0.27733284
2919,0.06140082,0.02442480,1.00000000,-0.73635036,0.44041549
2920,0.01559294,-0.14212234,-1.00000000,-0.96724307,0.35657118
2921,-0.04394737,0.06593264,1.00000000,-0.66247378,0.27051860
2922,-0.00863597,-0.07555170,1.00000000,-0.91429074,0.13743564
2923,0.02127825,-0.25945063,-1.00000000,-0.75841958,0.20148393
2924,0.03211075,-0.15038621,-1.00000000,-0.95253485,0.13261200
2925,0.00461159,-0.05799177,1.00000000,-0.88303719,0.10679074
2926,0.00929151,-0.02453401,1.00000000,-0.82348834,0.23197528
2927,-0.01441821,-0.10946920,1.00000000,-0.97465786,0.21837906
2928,-0.00995683,-0.09501458,1.00000000,-0.94893121,0.14493369
2929,0.06835827,-0.16824551,-1.00000000,-0.92074847,0.23016519
2930,0.04601679,-0.15446587,-1.00000000,-0.94527378,0.32752434
2931,-0.01167070,0.08742175,1.00000000,-0.62422699,0.27823433
2932,-0.02422273,0.01841683,1.00000000,-0.74704348,0.25518023
2933,-0.04332115,-0.15975942,-1.00000000,-0.93585220,0.17672821
2934,0.02975737,-0.19852820,-1.00000000,-0.86685066,0.08596304
2935,-0.01870173,-0.25751646,-1.00000000,-0.76186206,-0.06621444
2936,0.03260454,-0.03180276,1.00000000,-0.83642542,0.03789324
2937,0.03204676,-0.18147578,-1.00000000,-0.89720095,0.17020390
2938,-0.02080339,-0.02300887,1.00000000,-0.82077385,0.22315159
2939,0.01967258,-0.02473165,1.00000000,-0.82384010,0.19943845
2940,0.10683837,-0.18796706,-1.00000000,-0.88564762,0.49463024
2941,0.04739233,-0.06295113,1.00000000,-0.89186397,0.52940188
2942,-0.00453285,0.20627315,1.00000000,-0.41269263,0.44338951
2943,0.00227785,0.02266539,1.00000000,-0.73948179,0.49766216
2944,-0.02429505,-0.13771312,-1.00000000,-0.97509069,0.39427779
2945,-0.02568111,-0.11667727,1.00000000,-0.98748695,0.08267486
2946,-0.03005928,-0.19875157,-1.00000000,-0.86645310,-0.09944289
2947,-0.02299140,-0.20303262,-1.00000000,-0.85883360,-0.14284584
2948,-0.04643713,-0.21655522,-1.00000000,-0.83476578,-0.25739301
2949,-0.01423601,-0.19472504,-1.00000000,-0.87361962,-0.23374044
2950,-0.07107144,-0.26714061,-1.00000000,-0.74473277,-0.34047010
2951,-0.04896243,-0.16768276,-1.00000000,-0.92175007,-0.38491849
2952,0.02510267,-0.34322727,-1.00000000,-0.60931205,-0.27183133
2953,0.05064550,-0.27494038,-1.00000000,-0.73085058,-0.04355369
2954,-0.01893838,-0.04617948,1.00000000,-0.86201342,-0.05461071
2955,0.00520570,0.03271328,1.00000000,-0.72159834,0.12474540
2956,-0.04597277,-0.18220670,-1.00000000,-0.89590004,0.13177522
2957,-0.03167262,-0.10763420,1.00000000,-0.97139189,-0.00172476
2958,-0.00226000,-0.26570636,-1.00000000,-0.74728548,-0.12612543
2959,-0.04028723,-0.22153828,-1.00000000,-0.82589682,-0.17632457
2960,-0.01178509,-0.13069311,-1.00000000,-0.98758507,-0.21627626
2961,0.01027011,-0.24814574,-1.00000000,-0.77854028,-0.08402819
2962,-0.00021300,-0.16011271,-1.00000000,-0.93522341,-0.01005482
2963,0.03158380,-0.09199203,1.00000000,-0.94355161,0.06952463
2964,0.03875934,-0.12437062,-1.00000000,-0.99883797,0.25539271
2965,0.03862729,-0.02616158,1.00000000,-0.82638511,0.37393108
2966,-0.02058786,-0.00399888,1.00000000,-0.78693946,0.30137245
2967,0.02435400,-0.00440673,1.00000000,-0.78766535,0.35913867
2968,0.01118868,-0.18730136,-1.00000000,-0.88683245,0.31118210
2969,-0.08947425,-0.04849186,1.00000000,-0.86612904,0.00965691
2970,0.01254673,-0.08915488,1.00000000,-0.93850199,-0.05166826
2971,-0.00245567,-0.40006705,-1.00000000,-0.50814735,-0.00903271
2972,0.02714554,-0.08496035,1.00000000,-0.93103648,-0.00246875
2973,0.00551626,-0.13129746,-1.00000000,-0.98650943,-0.01580674
2974,-0.07167478,-0.03986978,1.00000000,-0.85078327,0.02604647
2975,0.00102481,-0.10667499,1.00000000,-0.96968467,-0.00104587
2976,-0.06482673,-0.34509079,-1.00000000,-0.60599532,-0.14770359
2977,0.00322720,-0.12054748,1.00000000,-0.99437524,-0.20394457
2978,-0.08572909,-0.32393958,-1.00000000,-0.64364071,-0.41849657
2979,-0.02019638,-0.11374507,1.00000000,-0.98226815,-0.29745156
2980,0.04387473,-0.38849958,-1.00000000,-0.52873540,-0.19669533
2981,0.01442885,-0.18609223,-1.00000000,-0.88898449,-0.01033577
2982,0.00976537,0.01180077,1.00000000,-0.75881888,0.00503792
2983,-0.02923536,-0.07914714,1.00000000,-0.92068999,0.13787584
2984,0.07971905,-0.09355097,1.00000000,-0.94632625,0.37281445
2985,-0.02347777,-0.21401044,-1.00000000,-0.83929503,0.21444348
2986,-0.01337842,0.12251119,1.00000000,-0.56177403,0.14905817
2987,0.02290814,-0.19622728,-1.00000000,-0.87094589,0.17996173
2988,-0.03266360,-0.16503396,-1.00000000,-0.92646446,0.17190065
2989,-0.03086386,-0.05295762,1.00000000,-0.87407731,-0.08812120
2990,-0.00443527,-0.22459906,-1.00000000,-0.82044917,-0.04334514
2991,0.03942512,-0.21904030,-1.00000000,-0.83034278,0.08081578
2992,-0.00170741,-0.13741172,-1.00000000,-0.97562713,0.02293541
2993,0.00041597,-0.00194250,1.00000000,-0.78327946,0.10071788
2994,0.02053635,-0.12898633,-1.00000000,-0.99062283,0.22157902
2995,-0.01307641,-0.12242797,1.00000000,-0.99772216,0.20126044
2996,0.01875492,-0.06028325,1.00000000,-0.88711562,0.15265704
2997,-0.00742584,-0.16410117,-1.00000000,-0.92812466,0.13921087
2998,-0.00813102,-0.06578545,1.00000000,-0.89690857,0.11911369
2999,0.02762858,-0.14664854,-1.00000000,-0.95918723,0.13579019
3000,0.02040470,-0.14882660,-1.00000000,-0.95531069,0.21451683
3001,-0.04695143,-0.03837784,1.00000000,-0.84812789,0.06001660
3002,0.00297704,-0.06068987,1.00000000,-0.88783932,0.08447768
3003,-0.04062755,-0.26872910,-1.00000000,-0.74190556,0.00806616
3004,0.00569027,-0.11451772,1.00000000,-0.98364333,-0.04351903
3005,0.04023005,-0.24919688,-1.00000000,-0.77666943,0.00309780
3006,-0.06334917,-0.10613753,1.00000000,-0.96872809,-0.03545943
3007,0.08298290,0.00054364,1.00000000,-0.77885457,0.15266431
3008,-0.01517882,-0.31937591,-1.00000000,-0.65176324,0.21250380
3009,-0.02746657,0.13259206,1.00000000,-0.54383188,0.13453966
3010,-0.03624800,-0.17059476,-1.00000000,-0.91656722,-0.04528888
3011,-0.07394612,-0.20854726,-1.00000000,-0.84901852,-0.07020628
3012,-0.02193406,-0.23566998,-1.00000000,-0.80074490,-0.31690536
3013,0.01215448,-0.35210615,-1.00000000,-0.59350923,-0.25263452
3014,0.03025142,-0.19145930,-1.00000000,-0.87943205,-0.11691792
3015,-0.01833881,-0.08617187,1.00000000,-0.93319276,-0.07480671
3016,-0.03868072,-0.03027682,1.00000000,-0.83370952,0.00811545
3017,0.03125057,-0.18035484,-1.00000000,-0.89919601,0.13317244
3018,-0.03652010,-0.24318382,-1.00000000,-0.78737161,0.01872027
3019,0.02309622,-0.02719080,1.00000000,-0.82821695,0.00189571
3020,0.01386487,-0.23651041,-1.00000000,-0.79924909,0.07761862
3021,0.02811736,-0.05237672,1.00000000,-0.87304340,0.23468593
3022,0.01488738,-0.08088908,1.00000000,-0.92379033,0.19620995
3023,0.00443597,-0.03686818,1.00000000,-0.84544097,0.29251301
3024,-0.00963535,-0.07773090,1.00000000,-0.91816933,0.21554885
3025,-0.02154097,-0.11001160,1.00000000,-0.97562325,0.13229646
3026,0.01689360,-0.15347293,-1.00000000,-0.94704104,0.10590519
3027,-0.06678292,-0.19024519,-1.00000000,-0.88159296,-0.08613228
3028,0.02194313,-0.07153441,1.00000000,-0.90714068,-0.04496640
3029,0.00535458,-0.32998156,-1.00000000,-0.63288707,-0.00971948
3030,-0.07337087,-0.05593820,1.00000000,-0.87938220,-0.13159099
3031,0.05483433,-0.10717436,1.00000000,-0.97057346,-0.04237811
3032,0.02955699,-0.35032941,-1.00000000,-0.59667152,0.18415311
3033,-0.01983437,0.04565109,1.00000000,-0.69857133,0.08591857
3034,-0.07023921,-0.03242166,1.00000000,-0.83752694,-0.09183075
3035,-0.01199477,-0.18497410,-1.00000000,-0.89097455,0.05248744
3036,0.02392827,-0.34065683,-1.00000000,-0.61388699,-0.02018428
3037,0.05510829,-0.16076037,-1.00000000,-0.93407069,0.03989638
3038,-0.00809649,-0.04980679,1.00000000,-0.86846938,0.06749655
3039,-0.02326203,0.04649725,1.00000000,-0.69706533,0.17795750
3040,0.04006198,-0.14871993,-1.00000000,-0.95550053,0.30036243
3041,-0.01905301,-0.19556094,-1.00000000,-0.87213187,0.19929734
3042,0.04075153,0.00002454,1.00000000,-0.77977849,0.16553923
3043,0.00619008,-0.18256075,-1.00000000,-0.89526989,0.19913230
3044,-0.01145410,0.00215431,1.00000000,-0.77598787,0.22689718
3045,0.01007515,-0.10459379,1.00000000,-0.96598050,0.15638689
3046,-0.02646265,-0.15909040,-1.00000000,-0.93704294,0.13896405
3047,-0.01743913,-0.09259419,1.00000000,-0.94462335,0.00213599
3048,-0.02495679,-0.20544652,-1.00000000,-0.85453729,-0.07110197
3049,0.04707293,-0.17757607,-1.00000000,-0.90414174,0.06651701
3050,-0.01862120,-0.20079545,-1.00000000,-0.86281537,-0.00095886
3051,0.07579095,0.02167888,1.00000000,-0.74123760,0.23947765
3052,0.04048563,-0.18122706,-1.00000000,-0.89764362,0.37568046
3053,-0.06893948,0.11037866,1.00000000,-0.58336778,0.27226068
3054,0.00488134,0.00133302,1.00000000,-0.77744962,0.17305244
3055,0.02171140,-0.33664240,-1.00000000,-0.62103195,0.26788949
3056,-0.01975354,-0.10863602,1.00000000,-0.97317495,0.04322862
3057,-0.02847587,-0.05665394,1.00000000,-0.88065609,-0.11892568
3058,0.05132004,-0.18472444,-1.00000000,-0.89141890,0.16384949
3059,-0.01786370,-0.21166462,-1.00000000,-0.84347017,0.11036739
3060,-0.01659037,0.03479668,1.00000000,-0.71789025,0.02030560
3061,0.01893628,-0.17888739,-1.00000000,-0.90180782,0.11127986
3062,-0.01838220,-0.17495452,-1.00000000,-0.90880763,0.13501385
3063,-0.01350523,-0.06522528,1.00000000,-0.89591156,-0.01741463
3064,-0.00458169,-0.18048886,-1.00000000,-0.89895749,0.01381635
3065,-0.01689643,-0.16542562,-1.00000000,-0.92576738,0.01309667
3066,0.03779060,-0.13786397,-1.00000000,-0.97482221,0.05743023
3067,-0.01748045,-0.17589985,-1.00000000,-0.90712511,0.05955058
3068,-0.02326546,-0.00699098,1.00000000,-0.79226485,0.03660061
