seq_idx,target_return,feat_logret,feat_sign,feat_absret,feat_rollmean
0,0.00486554,-0.23460577,1.00000000,-1.00000000,-0.17005692
1,0.00369264,-0.24353458,-1.00000000,-0.98559707,-0.08152379
2,0.00198093,-0.15425462,1.00000000,-0.86983513,-0.07689706
3,0.00676237,-0.17362884,1.00000000,-0.90122040,-0.01102743
4,-0.00356716,-0.20190325,1.00000000,-0.94702354,-0.04052474
5,-0.00241041,-0.12292250,1.00000000,-0.81907866,-0.11140900
6,0.00075966,-0.29354785,-1.00000000,-0.90457806,-0.13998294
7,-0.00164562,-0.27444032,-1.00000000,-0.93553131,-0.17531375
8,-0.00565036,-0.22207652,1.00000000,-0.97970324,-0.29624181
9,0.02281900,-0.26180733,-1.00000000,-0.95599611,-0.03918068
10,-0.00288378,-0.32795845,-1.00000000,-0.84883459,-0.04379241
11,-0.00187751,0.14230445,1.00000000,-0.38942418,-0.06948444
12,0.00965221,-0.28225959,-1.00000000,-0.92286448,0.04058206
13,0.01203857,-0.26563788,-1.00000000,-0.94979082,0.21291236
14,-0.00236309,-0.07518738,1.00000000,-0.74175014,-0.03241835
15,0.01235760,-0.03576897,1.00000000,-0.67789427,0.11606722
16,-0.00108131,-0.27365868,-1.00000000,-0.93679752,0.12382403
17,0.01121648,-0.03049932,1.00000000,-0.66935770,0.13906353
18,-0.00084024,-0.25248606,-1.00000000,-0.97109612,0.01359467
19,0.00936991,-0.04934851,1.00000000,-0.69989244,0.12790064
20,-0.00764151,-0.24850394,-1.00000000,-0.97754696,-0.06693596
21,-0.00457004,-0.07985062,1.00000000,-0.74930435,-0.10092409
22,0.01337456,-0.36084869,-1.00000000,-0.79555405,-0.07989951
23,0.00048648,-0.31011362,-1.00000000,-0.87774233,-0.06697429
24,-0.01900015,-0.01370091,1.00000000,-0.64214510,-0.34336299
25,-0.00864550,-0.22658897,1.00000000,-0.98701318,-0.35314416
26,0.00868040,-0.54847320,-1.00000000,-0.49161166,-0.22405478
27,0.00815817,-0.37743286,-1.00000000,-0.76868851,-0.27487422
28,0.00305032,-0.09123998,1.00000000,-0.76775455,-0.24989655
29,-0.00105618,-0.09986629,1.00000000,-0.78172874,-0.07508155
30,-0.00833243,-0.18423883,1.00000000,-0.91840806,-0.07203158
31,-0.00760628,-0.25207087,-1.00000000,-0.97176870,-0.23070079
32,0.00625732,-0.37226157,-1.00000000,-0.77706575,-0.24921941
33,0.00481752,-0.36026680,-1.00000000,-0.79649666,-0.23200287
34,0.01779898,-0.13126499,1.00000000,-0.83259308,-0.04831090
35,0.01518890,-0.15504784,1.00000000,-0.87112011,0.18084025
36,0.02188810,0.05938256,1.00000000,-0.52375352,0.46818235
37,-0.02078517,0.01626880,1.00000000,-0.59359566,0.20472720
38,0.00499588,0.12692750,1.00000000,-0.41433406,0.20646480
39,-0.02277625,-0.57795849,-1.00000000,-0.44384695,-0.18882991
40,0.00644486,-0.15210171,1.00000000,-0.86634752,-0.27401675
41,0.00747213,-0.61084755,-1.00000000,-0.39056830,-0.41446092
42,-0.00771042,-0.12816719,1.00000000,-0.82757480,-0.28708317
43,0.00943011,-0.11119841,1.00000000,-0.80008620,-0.24388370
44,-0.00271418,-0.36198696,-1.00000000,-0.79371010,-0.04843367
45,-0.03154698,-0.07885614,1.00000000,-0.74769333,-0.41856030
46,-0.03494735,-0.27945811,-1.00000000,-0.92740274,-0.83182233
47,-0.00369074,-0.75572432,-1.00000000,-0.15587514,-0.79266160
48,0.01795419,-0.81189247,-1.00000000,-0.06488552,-0.70961769
49,-0.00087184,-0.29558916,-1.00000000,-0.90127123,-0.69166914
50,-0.01315808,0.06194649,1.00000000,-0.51960008,-0.51251955
51,-0.01255184,-0.24902598,-1.00000000,-0.97670126,-0.29433644
52,0.03696199,-0.45197259,-1.00000000,-0.64793785,0.10171342
53,-0.01298962,-0.44195864,-1.00000000,-0.66415996,-0.19974954
54,-0.01950920,0.37592133,1.00000000,-0.01097644,-0.38131970
55,-0.01154917,-0.44919002,-1.00000000,-0.65244548,-0.36564528
56,0.00633170,-0.55688183,-1.00000000,-0.47799010,-0.18167674
57,0.00324657,-0.42539631,-1.00000000,-0.69099011,-0.51014146
58,-0.01353259,-0.13003628,1.00000000,-0.83060263,-0.51543121
59,0.01229438,-0.18099719,1.00000000,-0.91315676,-0.20559221
60,0.00247001,-0.45815890,-1.00000000,-0.63791634,-0.06901360
61,0.00076986,-0.03154359,1.00000000,-0.67104935,-0.12319853
62,-0.00846866,-0.19382454,1.00000000,-0.93393644,-0.23733145
63,0.00465886,-0.22190790,1.00000000,-0.97943009,-0.06010545
64,-0.03343829,-0.37451185,-1.00000000,-0.77342039,-0.50564535
65,-0.00215519,-0.15766866,1.00000000,-0.87536570,-0.55070533
66,-0.01039199,-0.78696542,-1.00000000,-0.10526612,-0.65944711
67,-0.00315413,-0.27022464,-1.00000000,-0.94236049,-0.60767150
68,-0.00276793,-0.40628179,-1.00000000,-0.72195468,-0.68002530
69,0.00003415,-0.28672526,-1.00000000,-0.91563032,-0.35392780
70,0.01431155,-0.28034598,-1.00000000,-0.92596443,-0.19350432
71,-0.00062647,-0.23406057,1.00000000,-0.99911680,-0.09836603
72,0.00589673,0.00177659,1.00000000,-0.61707232,-0.01019014
73,0.00476412,-0.24497291,-1.00000000,-0.98326705,0.06318910
74,0.00375008,-0.13722127,1.00000000,-0.84224195,0.09939072
75,-0.00205933,-0.15592999,1.00000000,-0.87254915,-0.06009880
76,-0.00704167,-0.17267999,1.00000000,-0.89968332,-0.12259733
77,0.00863586,-0.26864110,-1.00000000,-0.94492575,-0.09591200
78,-0.00644611,-0.35094042,-1.00000000,-0.81160494,-0.20512504
79,-0.00388669,-0.09197576,1.00000000,-0.76894647,-0.27952454
80,-0.00224320,-0.34110289,-1.00000000,-0.82754125,-0.28131586
81,0.00530741,-0.29882583,-1.00000000,-0.89602798,-0.16100789
82,-0.00382281,-0.27167833,-1.00000000,-0.94000560,-0.28238356
83,-0.00965876,-0.14695583,1.00000000,-0.85801146,-0.31368210
84,-0.00091244,-0.29777066,-1.00000000,-0.89773732,-0.28470620
85,0.00967460,-0.39417019,-1.00000000,-0.74157487,-0.16859985
86,0.01258001,-0.24969662,-1.00000000,-0.97561486,-0.09774817
87,-0.00287826,-0.07481767,1.00000000,-0.74115122,-0.08854614
88,0.00556028,-0.02682539,1.00000000,-0.66340611,0.05972182
89,-0.02259438,-0.28216843,-1.00000000,-0.92301216,-0.15150940
90,-0.00655575,-0.14277889,1.00000000,-0.85124501,-0.30962977
91,-0.00224798,-0.60784340,-1.00000000,-0.39543487,-0.45408809
92,-0.00651354,-0.34291392,-1.00000000,-0.82460747,-0.48950396
93,0.00254428,-0.27175737,-1.00000000,-0.93987755,-0.51888657
94,0.01594809,-0.34221674,-1.00000000,-0.82573687,-0.14339555
95,-0.00923255,-0.19259769,1.00000000,-0.93194900,-0.16947365
96,-0.00744713,0.02880915,1.00000000,-0.57328092,-0.22012510
97,0.00054715,-0.38712987,-1.00000000,-0.75297984,-0.15133795
98,0.00603207,-0.35763792,-1.00000000,-0.80075533,-0.11735902
99,0.00389065,-0.22558675,1.00000000,-0.98538964,-0.23482577
100,-0.00045626,-0.13498574,1.00000000,-0.83862050,-0.14932487
101,0.00243478,-0.17035809,1.00000000,-0.89592195,-0.05305266
102,0.00928036,-0.24216137,-1.00000000,-0.98782161,0.03202858
103,-0.02629124,-0.19440645,1.00000000,-0.93487910,-0.28287378
104,-0.00778828,-0.08132981,1.00000000,-0.75170056,-0.39665308
105,-0.01435600,-0.66890900,-1.00000000,-0.29651165,-0.53206801
106,0.02402343,-0.36327319,-1.00000000,-0.79162648,-0.32174561
107,0.03840180,-0.47176009,-1.00000000,-0.61588308,-0.03803670
108,-0.00688250,0.16219940,1.00000000,-0.35719535,0.15104848
109,0.00675397,0.39970434,1.00000000,0.02755086,0.29272303
110,-0.00490410,-0.34831128,-1.00000000,-0.81586402,0.38480591
111,-0.00636884,-0.12306114,1.00000000,-0.81930325,0.08871630
112,0.01055113,-0.31563172,-1.00000000,-0.86880328,-0.18261240
113,-0.01071866,-0.33982648,-1.00000000,-0.82960898,-0.21998529
114,0.00663557,-0.06033891,1.00000000,-0.71769634,-0.22113883
115,0.00698795,-0.41167777,-1.00000000,-0.71321345,-0.10528326
116,0.01743389,-0.12501700,1.00000000,-0.82247163,0.12660932
117,0.00358599,-0.11919627,1.00000000,-0.81304235,0.05875308
118,-0.00629349,0.05335205,1.00000000,-0.53352264,0.10186426
119,-0.03354174,-0.17539053,1.00000000,-0.90407426,-0.28955386
120,0.03618996,-0.33858190,-1.00000000,-0.83162514,-0.00506007
121,-0.00497275,-0.78867427,-1.00000000,-0.10249785,-0.22335161
122,-0.01280796,0.36316866,1.00000000,-0.03163513,-0.38306591
123,-0.01621091,-0.31676564,-1.00000000,-0.86696639,-0.47968405
124,0.00260303,-0.44618932,-1.00000000,-0.65730645,-0.12755203
125,0.01662875,-0.50239989,-1.00000000,-0.56624813,-0.31812260
126,-0.00296461,-0.19162737,1.00000000,-0.93037713,-0.29855873
127,0.03144023,0.04005243,1.00000000,-0.55506736,0.13251903
128,0.00613342,-0.28359472,-1.00000000,-0.92070164,0.35020351
129,0.01800349,0.28471167,1.00000000,-0.15873155,0.50023901
130,-0.00032945,-0.13331148,1.00000000,-0.83590829,0.33502775
131,-0.00215236,0.06276082,1.00000000,-0.51828090,0.34294085
132,0.00704728,-0.24006657,-1.00000000,-0.99121508,0.10529820
133,0.00836498,-0.27017790,-1.00000000,-0.94243621,0.12703856
134,-0.01146940,-0.11821620,1.00000000,-0.81145469,-0.16009432
135,0.02310458,-0.09645026,1.00000000,-0.77619495,0.06820623
136,-0.00154273,-0.42407874,-1.00000000,-0.69312450,0.07414548
137,0.01719276,0.14702159,1.00000000,-0.38178264,0.17298550
138,-0.00678041,-0.26010778,-1.00000000,-0.95874931,0.02543511
139,0.00569831,0.04936903,1.00000000,-0.53997493,0.19268763
140,-0.00411711,-0.34662492,-1.00000000,-0.81859584,-0.07251338
141,0.02860151,-0.14049873,1.00000000,-0.84755127,0.22115987
142,-0.02855104,-0.30263204,-1.00000000,-0.88986212,-0.22448859
143,-0.01296822,0.23782111,1.00000000,-0.23469193,-0.28477187
144,-0.00473036,-0.70623687,-1.00000000,-0.23604235,-0.38637077
145,0.01891718,-0.44883644,-1.00000000,-0.65301826,-0.16196447
146,0.00762064,-0.31276171,-1.00000000,-0.87345256,-0.36636571
147,-0.00013315,0.07785335,1.00000000,-0.49383175,-0.08951095
148,-0.00015095,-0.10874530,1.00000000,-0.79611229,0.03535835
149,-0.01394380,-0.23682406,-1.00000000,-0.99646777,-0.05440149
150,-0.01169619,-0.23711803,-1.00000000,-0.99599155,-0.35264522
151,-0.04633524,-0.46495133,-1.00000000,-0.62691293,-0.87829792
152,0.02008591,-0.42782486,-1.00000000,-0.68705597,-0.68131839
153,-0.02672769,-1.00000000,-1.00000000,0.23983933,-0.94023617
154,0.00076777,0.09715868,1.00000000,-0.46255808,-0.79691207
155,0.00394378,-0.67611832,-1.00000000,-0.28483290,-0.64454323
156,0.02283976,-0.22194244,1.00000000,-0.97948604,0.02937821
157,0.01023400,-0.16948044,1.00000000,-0.89450020,-0.06660174
158,-0.02538583,0.14264733,1.00000000,-0.38886873,-0.05352895
159,0.02239644,-0.06557725,1.00000000,-0.72618220,0.15718330
160,-0.01331020,-0.65395315,-1.00000000,-0.32073938,-0.01090966
161,-0.01049975,0.13532440,1.00000000,-0.40073151,-0.33571218
162,0.00984322,-0.45448542,-1.00000000,-0.64386719,-0.33951932
163,0.01392080,-0.40806186,-1.00000000,-0.71907105,0.04341641
164,0.00762795,-0.07203235,1.00000000,-0.73663913,-0.10046214
165,0.00131829,-0.00467793,1.00000000,-0.62752832,0.04205251
166,0.01258330,-0.10862456,1.00000000,-0.79591671,0.26693386
167,0.00206588,-0.21284897,1.00000000,-0.96475507,0.19116493
168,0.00358293,-0.02677102,1.00000000,-0.66331803,0.09045057
169,0.00112555,-0.20050009,1.00000000,-0.94475049,0.02710246
170,-0.00050333,-0.17544115,1.00000000,-0.90415626,0.00935578
171,0.00010611,-0.21603255,1.00000000,-0.96991231,-0.11220034
172,-0.00297672,-0.24293881,-1.00000000,-0.98656218,-0.16132667
173,-0.01134597,-0.23287187,1.00000000,-0.99719117,-0.30676793
174,0.00786053,-0.28379476,-1.00000000,-0.92037758,-0.24115395
175,0.00650993,-0.42203974,-1.00000000,-0.69642758,-0.17282887
176,0.00046976,-0.10478273,1.00000000,-0.78969313,-0.16928611
177,0.00256156,-0.12709227,1.00000000,-0.82583347,-0.11533073
178,0.00931222,-0.22686505,1.00000000,-0.98746042,0.08592684
179,-0.00239517,-0.19231232,1.00000000,-0.93148671,-0.01398693
180,-0.00412665,-0.08080350,1.00000000,-0.75084796,-0.11761136
181,-0.00426462,-0.27418853,-1.00000000,-0.93593919,-0.16373494
182,0.00162867,-0.30278957,-1.00000000,-0.88960693,-0.17282337
183,-0.00221849,-0.30506851,-1.00000000,-0.88591515,-0.28515864
184,0.00341969,-0.20772193,1.00000000,-0.95644952,-0.22850872
185,-0.01217606,-0.27127019,-1.00000000,-0.94066675,-0.30692824
186,-0.00057102,-0.17813746,1.00000000,-0.90852414,-0.27094425
187,0.00169348,-0.43575144,-1.00000000,-0.67421531,-0.27031292
188,-0.00327267,-0.24405694,-1.00000000,-0.98475088,-0.28058305
189,-0.00135758,-0.20665150,1.00000000,-0.95471547,-0.32712452
190,-0.00120272,-0.28868340,-1.00000000,-0.91245822,-0.22021929
191,0.01075819,-0.25704946,-1.00000000,-0.96370363,-0.10984712
192,0.00101920,-0.25449148,-1.00000000,-0.96784744,-0.11641611
193,-0.00319691,-0.05691869,1.00000000,-0.71215577,-0.11567804
194,-0.00219755,-0.21778937,1.00000000,-0.97275827,-0.12386125
195,0.00160276,-0.28743199,-1.00000000,-0.91448545,-0.09652951
196,0.00348390,-0.27092426,-1.00000000,-0.94122715,-0.16739755
197,-0.00031359,-0.20814995,1.00000000,-0.95714289,-0.18038196
198,0.00768496,-0.17707689,1.00000000,-0.90680608,-0.07436786
199,-0.00328783,-0.23980468,-1.00000000,-0.99163931,-0.08498963
200,-0.00436143,-0.10768296,1.00000000,-0.79439135,-0.14309436
201,-0.02455178,-0.28893368,-1.00000000,-0.91205278,-0.41622550
202,-0.00178659,-0.30666770,-1.00000000,-0.88332455,-0.43057584
203,0.00126501,-0.64017621,-1.00000000,-0.34305733,-0.49312072
204,-0.01297340,-0.26413596,-1.00000000,-0.95222385,-0.58748014
205,0.01103146,-0.21372906,1.00000000,-0.96618077,-0.43751850
206,-0.01806630,-0.44892198,-1.00000000,-0.65287969,-0.37433515
207,-0.00345574,-0.05240473,1.00000000,-0.70484336,-0.39059646
208,0.01111806,-0.53304757,-1.00000000,-0.51660041,-0.29460536
209,0.00758447,-0.29170735,-1.00000000,-0.90755957,-0.09432514
210,0.00088472,-0.05097422,1.00000000,-0.70252602,-0.19317742
211,-0.00275678,-0.10934284,1.00000000,-0.79708028,-0.04402806
212,-0.00946079,-0.22001076,1.00000000,-0.97635681,-0.10253085
213,-0.00503692,-0.28016184,-1.00000000,-0.92626273,-0.25991700
214,-0.00341212,-0.39090000,-1.00000000,-0.74687240,-0.36704872
215,0.00870747,-0.31782559,-1.00000000,-0.86524932,-0.29083732
216,-0.01517716,-0.29098683,-1.00000000,-0.90872678,-0.41183999
217,0.00114615,-0.09079280,1.00000000,-0.76703014,-0.30850434
218,0.01498294,-0.48532429,-1.00000000,-0.59390975,-0.11346555
219,-0.00181876,-0.21569234,1.00000000,-0.96936118,-0.09794257
220,0.00243664,0.01286661,1.00000000,-0.59910705,-0.15903468
221,0.00190942,-0.26466732,-1.00000000,-0.95136308,0.00742743
222,-0.00047179,-0.19437570,1.00000000,-0.93482928,-0.00833501
223,0.00111065,-0.20308444,1.00000000,-0.94893701,-0.14348249
224,0.00726953,-0.24241787,-1.00000000,-0.98740608,-0.05494195
225,0.00193030,-0.21627867,1.00000000,-0.97031101,-0.05987487
226,-0.00973861,-0.11454505,1.00000000,-0.80550760,-0.17335309
227,-0.00173215,-0.20273955,1.00000000,-0.94837831,-0.18563178
228,0.00163761,-0.39548904,-1.00000000,-0.73943839,-0.18049802
229,-0.00645824,-0.26323663,-1.00000000,-0.95368073,-0.31423768
230,-0.00924185,-0.20757429,1.00000000,-0.95621035,-0.42307983
231,0.00582282,-0.34130333,-1.00000000,-0.82721655,-0.27147622
232,-0.00062230,-0.38728358,-1.00000000,-0.75273082,-0.26066384
233,-0.00913411,-0.13844209,1.00000000,-0.84421962,-0.36560480
234,-0.00463181,-0.24490401,-1.00000000,-0.98337866,-0.34781120
235,0.00541910,-0.38550381,-1.00000000,-0.75561397,-0.20498023
236,0.00397855,-0.31113392,-1.00000000,-0.87608949,-0.22294764
237,-0.00754615,-0.14511080,1.00000000,-0.85502259,-0.29040166
238,0.00407906,-0.16890620,1.00000000,-0.89356997,-0.16167544
239,0.00336017,-0.35927365,-1.00000000,-0.79810553,-0.08381542
240,0.00795107,-0.16724592,1.00000000,-0.89088040,-0.05914829
241,0.00438125,-0.17912069,1.00000000,-0.91011693,-0.05522509
242,0.00492416,-0.10328718,1.00000000,-0.78727041,0.06626402
243,-0.00196491,-0.16225434,1.00000000,-0.88279428,0.00738207
244,0.00155327,-0.15328643,1.00000000,-0.86826672,-0.01022124
245,0.00367204,-0.26708145,-1.00000000,-0.94745231,-0.05190872
246,0.00935084,-0.20896745,1.00000000,-0.95846720,-0.00349363
247,-0.00885087,-0.17396914,1.00000000,-0.90177167,-0.13769367
248,-0.00182634,-0.08016559,1.00000000,-0.74981459,-0.13634371
249,0.00176332,-0.38082529,-1.00000000,-0.76319293,-0.13429734
250,0.00957876,-0.26479257,-1.00000000,-0.95116018,-0.07675250
251,-0.00001984,-0.20549778,1.00000000,-0.95284650,-0.16804415
252,0.00138685,-0.07640071,1.00000000,-0.74371567,-0.06830552
253,-0.00293310,-0.23495242,-1.00000000,-0.99949974,-0.07908788
254,-0.00236076,-0.21171644,1.00000000,-0.96292042,-0.11926576
255,-0.00377002,-0.28307428,-1.00000000,-0.92154472,-0.24931314
256,0.00071263,-0.27362019,-1.00000000,-0.93685988,-0.24217725
257,-0.00231865,-0.29689866,-1.00000000,-0.89914991,-0.27827724
258,0.00361674,-0.22285337,1.00000000,-0.98096169,-0.21446690
259,0.00028280,-0.27292470,-1.00000000,-0.93798653,-0.18871264
260,0.00683700,-0.17488256,1.00000000,-0.90325137,-0.08537623
261,0.00051684,-0.22995332,1.00000000,-0.99246327,-0.08728368
262,0.00844051,-0.12168970,1.00000000,-0.81708158,0.01753494
263,-0.00343000,-0.22608748,1.00000000,-0.98620080,-0.05111633
264,0.00153211,-0.09520263,1.00000000,-0.77417385,-0.03894523
265,-0.00153425,-0.29128217,-1.00000000,-0.90824834,-0.12050016
266,-0.01112425,-0.20931698,1.00000000,-0.95903342,-0.23391075
267,0.00474871,-0.25996771,-1.00000000,-0.95897622,-0.26987725
268,-0.00071731,-0.41837742,-1.00000000,-0.70236035,-0.24344946
269,0.00067817,-0.15618455,1.00000000,-0.87296152,-0.25176874
270,-0.00649693,-0.24647333,-1.00000000,-0.98083643,-0.30011654
271,-0.00313608,-0.22342248,1.00000000,-0.98188362,-0.22229364
272,0.00095870,-0.34194239,-1.00000000,-0.82618131,-0.25921695
273,0.00186022,-0.28642713,-1.00000000,-0.91611327,-0.23410597
274,0.00462242,-0.21878876,1.00000000,-0.97437723,-0.19568008
275,0.00397408,-0.20389716,1.00000000,-0.95025357,-0.09366864
276,-0.00905497,-0.15827061,1.00000000,-0.87634084,-0.15133206
277,0.00287976,-0.16897995,1.00000000,-0.89368943,-0.13261649
278,-0.00652406,-0.38419660,-1.00000000,-0.75773159,-0.21429841
279,0.00029738,-0.18705614,1.00000000,-0.92297196,-0.25643406
280,0.00266089,-0.34239050,-1.00000000,-0.82545539,-0.26922752
281,0.00002088,-0.22971245,1.00000000,-0.99207307,-0.18080816
282,-0.00100459,-0.19067152,1.00000000,-0.92882870,-0.21865060
283,-0.00052076,-0.23427979,1.00000000,-0.99947194,-0.16016488
284,-0.00466512,-0.25121876,-1.00000000,-0.97314908,-0.20851093
285,0.00701024,-0.24322678,-1.00000000,-0.98609568,-0.16613841
286,0.00030328,-0.31168416,-1.00000000,-0.87519813,-0.16338720
287,0.00001128,-0.11882806,1.00000000,-0.81244587,-0.15349027
288,-0.01161182,-0.22961506,1.00000000,-0.99191529,-0.26154231
289,0.00320576,-0.23443831,1.00000000,-0.99972872,-0.18486207
290,0.00395876,-0.42643119,-1.00000000,-0.68931365,-0.21459041
291,0.00463369,-0.18167128,1.00000000,-0.91424876,-0.17240239
292,0.00352811,-0.16923306,1.00000000,-0.89409946,-0.13814055
293,0.02571354,-0.15808441,1.00000000,-0.87603920,0.22549310
294,-0.01064619,-0.17634667,1.00000000,-0.90562315,0.09054366
295,-0.01755655,0.19011696,1.00000000,-0.31197028,-0.11906421
296,0.01279818,-0.41048077,-1.00000000,-0.71515253,-0.03952361
297,-0.00506606,-0.52462741,-1.00000000,-0.53024065,-0.12325030
298,-0.00147188,-0.02322172,1.00000000,-0.65756834,-0.38809792
299,-0.01749189,-0.31830696,-1.00000000,-0.86446952,-0.45479048
300,0.00284704,-0.25893749,-1.00000000,-0.96064512,-0.25601331
301,0.00986716,-0.52355935,-1.00000000,-0.53197086,-0.28456803
302,-0.00015876,-0.18759673,1.00000000,-0.92384768,-0.23675981
303,0.00245620,-0.07163683,1.00000000,-0.73599841,-0.19849145
304,0.00884661,-0.23724716,-1.00000000,-0.99578237,0.05810519
305,0.00340698,-0.19405272,1.00000000,-0.93430608,0.06356029
306,-0.01322517,-0.08849459,1.00000000,-0.76330714,-0.16141137
307,-0.01427853,-0.17834750,1.00000000,-0.90886440,-0.29896990
308,0.00361551,-0.45308079,-1.00000000,-0.64614262,-0.28767552
309,-0.00703351,-0.47048041,-1.00000000,-0.61795610,-0.44238384
310,0.01627946,-0.17490287,1.00000000,-0.90328427,-0.31697670
311,-0.00441980,-0.35080566,-1.00000000,-0.81182325,-0.23119243
312,-0.03805863,0.03428284,1.00000000,-0.56441382,-0.46286453
313,-0.04303997,-0.30763184,-1.00000000,-0.88176269,-0.91739475
314,-0.00046050,-0.86328510,-1.00000000,0.01836798,-0.85335871
315,0.01596761,-0.94556799,-1.00000000,0.15166218,-0.85639681
316,0.01285416,-0.24223126,-1.00000000,-0.98770838,-0.68810932
317,0.00963997,0.02913167,1.00000000,-0.57275845,-0.22341685
318,-0.01550140,-0.02229702,1.00000000,-0.65607037,0.04487130
319,-0.01048392,-0.07538970,1.00000000,-0.74207789,-0.05277957
320,0.00509756,-0.49068005,-1.00000000,-0.58523369,-0.15867847
321,-0.00765109,-0.40780026,-1.00000000,-0.71949482,-0.35844610
322,0.01221639,-0.15042204,1.00000000,-0.86362655,-0.33334590
323,-0.02257267,-0.36100704,-1.00000000,-0.79529752,-0.40223614
324,0.00771372,-0.03283182,1.00000000,-0.67313623,-0.22494987
325,0.00473414,-0.60748483,-1.00000000,-0.39601574,-0.22849050
326,0.00900736,-0.10720783,1.00000000,-0.79362168,-0.06619942
327,-0.00396146,-0.15642524,1.00000000,-0.87335143,-0.22380834
328,0.00998357,-0.08583925,1.00000000,-0.75900564,0.09336325
329,-0.00165763,-0.30006092,-1.00000000,-0.89402721,0.00206501
330,0.00538982,-0.06971403,1.00000000,-0.73288358,0.00845283
331,0.01598938,-0.26200584,-1.00000000,-0.95567455,0.07647358
332,-0.00617081,-0.14559456,1.00000000,-0.85580627,0.05494951
333,0.01387652,0.02949129,1.00000000,-0.57217588,0.09287568
334,0.03221912,-0.33655541,-1.00000000,-0.83490794,0.42291206
335,0.00939205,-0.00540945,1.00000000,-0.62871335,0.46190288
336,-0.01563909,0.29757748,1.00000000,-0.13788959,0.15376981
337,0.00915245,-0.07948485,1.00000000,-0.74871182,0.30305315
338,-0.01208693,-0.49295450,-1.00000000,-0.58154918,0.05011032
339,0.01845270,-0.08344253,1.00000000,-0.75512306,-0.08400580
340,-0.01942076,-0.43427908,-1.00000000,-0.67660046,-0.36470786
341,-0.02051359,0.07018090,1.00000000,-0.50626074,-0.41219651
342,-0.01072499,-0.55542083,-1.00000000,-0.48035684,-0.60584792
343,0.06593363,-0.57347247,-1.00000000,-0.45111408,0.15424925
344,-0.01774144,-0.41178237,-1.00000000,-0.71304400,-0.19836379
345,0.00635229,0.85448093,1.00000000,0.76426633,0.05272412
346,-0.00322695,-0.52768159,-1.00000000,-0.52529302,0.22113519
347,0.02704375,-0.12969623,1.00000000,-0.83005176,0.58908844
348,-0.00074863,-0.28792812,-1.00000000,-0.91368173,-0.06054797
349,0.01460276,0.21208974,1.00000000,-0.27637546,0.25455788
350,-0.00158694,-0.24699064,-1.00000000,-0.97999842,0.17721181
351,-0.01261451,0.00658671,1.00000000,-0.60928017,0.08575571
352,0.00363665,-0.26083805,-1.00000000,-0.95756631,-0.14228252
353,0.00457629,-0.44299378,-1.00000000,-0.66248308,-0.09040574
354,-0.00946200,-0.17455365,1.00000000,-0.90271856,-0.32485108
355,-0.01034074,-0.15903251,1.00000000,-0.87757508,-0.41013294
356,0.00548293,-0.39092007,-1.00000000,-0.74683990,-0.23382290
357,-0.00146068,-0.40543517,-1.00000000,-0.72332616,-0.28348250
358,-0.01345344,-0.14405656,1.00000000,-0.85331478,-0.45913303
359,0.00617468,-0.25875251,-1.00000000,-0.96094478,-0.30679624
360,-0.00500147,-0.45685150,-1.00000000,-0.64003425,-0.25477971
361,0.02072601,-0.13262998,1.00000000,-0.83480429,-0.10627745
362,-0.00380513,-0.31724011,-1.00000000,-0.86619778,-0.12911768
363,0.00993181,0.10773200,1.00000000,-0.44542982,0.09870769
364,-0.01242979,-0.29747858,-1.00000000,-0.89821047,-0.08254206
365,-0.01709068,-0.07056902,1.00000000,-0.73426861,-0.20031831
366,0.00569188,-0.43994257,-1.00000000,-0.66742589,-0.34678486
367,0.01066747,-0.51693210,-1.00000000,-0.54270667,-0.20578893
368,-0.00346073,-0.14060497,1.00000000,-0.84772338,-0.33626257
369,0.00064007,-0.05841716,1.00000000,-0.71458321,-0.20893253
370,0.00450123,-0.29178968,-1.00000000,-0.90742620,0.00142165
371,0.01635910,-0.22405193,1.00000000,-0.98290331,0.10534456
372,-0.01051091,-0.16027236,1.00000000,-0.87958357,-0.10098087
373,-0.00143356,0.03559841,1.00000000,-0.56228266,-0.08123167
374,0.01198276,-0.40824605,-1.00000000,-0.71877266,0.02927186
375,-0.00552950,-0.25830452,-1.00000000,-0.96167050,-0.06845023
376,0.00183438,-0.03669098,1.00000000,-0.67938788,-0.20995394
377,0.00503783,-0.32596214,-1.00000000,-0.85206852,-0.05847399
378,-0.00881203,-0.20432397,1.00000000,-0.95094499,-0.13035704
379,-0.00375255,-0.15140876,1.00000000,-0.86522497,-0.28365461
380,0.00755235,-0.38018368,-1.00000000,-0.76423232,-0.15620774
381,-0.00142865,-0.29661009,-1.00000000,-0.89961738,-0.18799712
382,0.00191086,-0.10987342,1.00000000,-0.79793978,-0.21846093
383,0.00537507,-0.25822350,-1.00000000,-0.96180175,-0.08024643
384,-0.00271326,-0.20306076,1.00000000,-0.94889865,-0.07012139
385,-0.01028175,-0.14583822,1.00000000,-0.85620098,-0.24386596
386,-0.00219037,-0.27944288,-1.00000000,-0.92742740,-0.25128676
387,0.00429501,-0.40446082,-1.00000000,-0.72490456,-0.22805973
388,-0.00086307,-0.27080560,-1.00000000,-0.94141937,-0.28883334
389,0.01075563,-0.16367886,1.00000000,-0.88510194,-0.15761581
390,-0.00183872,-0.24888110,-1.00000000,-0.97693597,-0.07536150
391,-0.00165424,-0.05696092,1.00000000,-0.71222418,-0.07013842
392,0.01389637,-0.26499699,-1.00000000,-0.95082903,0.02340059
393,0.00182248,-0.26194976,-1.00000000,-0.95576539,0.04956393
394,-0.00487482,-0.00508159,1.00000000,-0.62818224,-0.10271214
395,0.00043830,-0.20452065,1.00000000,-0.95126360,-0.08052880
396,-0.01928106,-0.31514806,-1.00000000,-0.86958679,-0.25225398
397,0.00856315,-0.22738469,1.00000000,-0.98830221,-0.30421158
398,-0.00152519,-0.55311324,-1.00000000,-0.48409502,-0.33682539
399,-0.01217955,-0.09317674,1.00000000,-0.77089200,-0.40799004
400,0.00284293,-0.25981802,-1.00000000,-0.95921870,-0.38456357
401,0.00188919,-0.43580915,-1.00000000,-0.67412182,-0.17831736
402,0.01080900,-0.18766464,1.00000000,-0.92395770,-0.15643768
403,0.00162233,-0.20341865,1.00000000,-0.94947842,-0.12577372
404,-0.00659628,-0.05607931,1.00000000,-0.71079600,-0.07137997
405,-0.00685762,-0.20782665,1.00000000,-0.95661916,-0.16588530
406,0.00777846,-0.34358346,-1.00000000,-0.82352285,-0.10851047
407,-0.00288701,-0.34790032,-1.00000000,-0.81652975,-0.24194073
408,-0.00119755,-0.10613847,1.00000000,-0.79188937,-0.26941282
409,-0.00015809,-0.28231300,-1.00000000,-0.92277796,-0.20669025
410,0.00035321,-0.25440614,-1.00000000,-0.96798568,-0.13644043
411,-0.02459798,-0.23723607,-1.00000000,-0.99580033,-0.45186033
412,-0.00396896,-0.22879035,1.00000000,-0.99057931,-0.46240095
413,-0.02547182,-0.64093924,-1.00000000,-0.34182126,-0.69888738
414,-0.00242127,-0.30018483,-1.00000000,-0.89382648,-0.72093588
415,0.00698569,-0.65537363,-1.00000000,-0.31843828,-0.65632045
416,-0.01585042,-0.27461974,-1.00000000,-0.93524066,-0.57109943
417,0.00215724,-0.11923361,1.00000000,-0.81310283,-0.51141630
418,0.02619291,-0.49644529,-1.00000000,-0.57589428,-0.00808460
419,-0.02555048,-0.19899088,1.00000000,-0.94230565,-0.23341559
420,-0.00236917,0.19803537,1.00000000,-0.29914286,-0.32455308
421,-0.00078937,-0.65667294,-1.00000000,-0.31633345,-0.17782425
422,-0.02586971,-0.27375906,-1.00000000,-0.93663491,-0.45087031
423,0.00911006,-0.24766362,-1.00000000,-0.97890823,-0.61729602
424,-0.00767099,-0.66194595,-1.00000000,-0.30779144,-0.44310925
425,-0.00922270,-0.08414275,1.00000000,-0.75625739,-0.50987825
426,0.00928117,-0.36133579,-1.00000000,-0.79476496,-0.41176836
427,0.00202333,-0.38696724,-1.00000000,-0.75324329,-0.14002695
428,-0.01207362,-0.08131632,1.00000000,-0.75167871,-0.34640403
429,0.00130517,-0.20120295,1.00000000,-0.94588909,-0.25895581
430,0.00026281,-0.43405923,-1.00000000,-0.67695660,-0.16654540
431,-0.00021819,-0.21306558,1.00000000,-0.96510596,-0.25909072
432,0.00019059,-0.23028353,1.00000000,-0.99299818,-0.27694572
433,0.00205357,-0.23822878,-1.00000000,-0.99419219,-0.13931484
434,0.00582281,-0.23147645,1.00000000,-0.99493066,-0.09530280
435,-0.04009775,-0.20070331,1.00000000,-0.94507971,-0.48850623
436,-0.01407498,-0.13844229,1.00000000,-0.84421994,-0.62350280
437,-0.01802750,-0.89696783,-1.00000000,0.07293233,-0.80098834
438,0.00399645,-0.46711817,-1.00000000,-0.62340277,-0.78206032
439,0.00176676,-0.53240675,-1.00000000,-0.51763851,-0.82157542
440,-0.00043598,-0.16861048,1.00000000,-0.89309091,-0.43517978
441,-0.01693475,-0.20544093,1.00000000,-0.95275441,-0.46304046
442,0.00521011,-0.24182627,-1.00000000,-0.98836445,-0.23665342
443,-0.00367184,-0.51435650,-1.00000000,-0.54687901,-0.31136000
444,-0.00041820,-0.14856299,1.00000000,-0.86061497,-0.33264651
445,0.00461297,-0.29527699,-1.00000000,-0.90177694,-0.28345826
446,0.00527731,-0.24153263,-1.00000000,-0.98884013,-0.06706238
447,0.00989393,-0.15842661,1.00000000,-0.87659355,-0.02143132
448,-0.01315740,-0.14745294,1.00000000,-0.85881675,-0.11384212
449,0.01588195,-0.07119461,1.00000000,-0.73528204,0.04495831
450,0.00138817,-0.45196135,-1.00000000,-0.64795605,0.01354144
451,0.02111516,0.02771668,1.00000000,-0.57505067,0.16783801
452,0.00008884,-0.21169454,1.00000000,-0.96288495,0.07231417
453,0.01574558,0.11416000,1.00000000,-0.43501679,0.35389475
454,-0.01445137,-0.23315720,1.00000000,-0.99765339,0.05837946
455,0.01247248,0.02546416,1.00000000,-0.57869963,0.16636571
456,-0.00347215,-0.47333541,-1.00000000,-0.61333114,-0.07317051
457,-0.00402670,-0.02860170,1.00000000,-0.66628365,-0.11326522
458,0.00769942,-0.29197845,-1.00000000,-0.90712040,-0.19165311
459,0.00060764,-0.30113859,-1.00000000,-0.89228143,-0.04494424
460,-0.00114883,-0.10744407,1.00000000,-0.79400437,-0.17764668
461,0.00001512,-0.22458758,1.00000000,-0.98377103,-0.14367277
462,-0.00139436,-0.25360135,-1.00000000,-0.96928940,-0.11802779
463,0.00372547,-0.23437501,1.00000000,-0.99962618,-0.15674307
464,0.00649609,-0.25765701,-1.00000000,-0.96271943,-0.09937620
465,-0.00380947,-0.17308662,1.00000000,-0.90034203,-0.12529686
466,-0.00262938,-0.12732090,1.00000000,-0.82620385,-0.15106020
467,0.00531650,-0.29755034,-1.00000000,-0.89809421,-0.08568123
468,-0.00072340,-0.27805727,-1.00000000,-0.92967203,-0.12902327
469,-0.01787144,-0.14680566,1.00000000,-0.85776818,-0.36641826
470,0.00221369,-0.24657392,-1.00000000,-0.98067350,-0.30773898
471,-0.00177403,-0.52982887,-1.00000000,-0.52181455,-0.29940602
472,0.00221945,-0.19805845,1.00000000,-0.94079517,-0.32957827
473,0.00293791,-0.26392856,-1.00000000,-0.95255983,-0.29390882
474,0.01469270,-0.19796332,1.00000000,-0.94064105,0.02333975
475,0.00783040,-0.18609564,1.00000000,-0.92141600,0.07805919
476,-0.01334968,0.00807244,1.00000000,-0.60687336,-0.03471389
477,-0.00737714,-0.10528054,1.00000000,-0.79049956,-0.12820646
478,-0.00327159,-0.45513759,-1.00000000,-0.64281070,-0.18870109
479,0.01345830,-0.35648184,-1.00000000,-0.80262811,-0.20072691
480,0.01049035,-0.28866549,-1.00000000,-0.91248724,-0.17481295
481,-0.00885689,-0.01231759,1.00000000,-0.63990419,-0.13104294
482,0.00030022,-0.06134290,1.00000000,-0.71932276,-0.05624801
483,-0.00289024,-0.38092465,-1.00000000,-0.76303198,-0.05253277
484,0.01148340,-0.22966555,1.00000000,-0.99199709,-0.07177286
485,-0.00587364,-0.28236622,-1.00000000,-0.92269174,-0.23119523
486,0.00914604,-0.04493954,1.00000000,-0.69275014,-0.05580587
487,0.00657491,-0.33164672,-1.00000000,-0.84285978,0.00532385
488,0.00270643,-0.08354849,1.00000000,-0.75529471,0.05984807
489,-0.00678350,-0.12601888,1.00000000,-0.82409463,-0.11811296
490,-0.00280251,-0.18991931,1.00000000,-0.92761015,-0.08819321
491,0.00615066,-0.34667604,-1.00000000,-0.81851302,-0.11737497
492,0.00074210,-0.28091718,-1.00000000,-0.92503910,-0.17419984
493,-0.00607337,-0.13302676,1.00000000,-0.83544705,-0.25973499
494,-0.00148396,-0.22236658,1.00000000,-0.98017312,-0.20810536
495,-0.00269253,-0.33494587,-1.00000000,-0.83751533,-0.20703387
496,-0.00218501,-0.25913698,-1.00000000,-0.96032196,-0.28824226
497,-0.00461341,-0.27910044,-1.00000000,-0.92798213,-0.34041700
498,0.00294297,-0.27071722,-1.00000000,-0.94156255,-0.25257740
499,-0.00410124,-0.31082990,-1.00000000,-0.87658200,-0.27807565
500,0.00042567,-0.18601206,1.00000000,-0.92128060,-0.24769737
501,0.01168705,-0.30236978,-1.00000000,-0.89028697,-0.11255197
502,0.01218861,-0.22759346,1.00000000,-0.98864041,0.05113777
503,0.00195352,-0.04157547,1.00000000,-0.68730051,0.04149827
504,-0.00227313,-0.03329067,1.00000000,-0.67387954,0.05930822
505,-0.00398738,-0.20235601,1.00000000,-0.94775699,0.01631518
506,0.00291717,-0.27217265,-1.00000000,-0.93920481,-0.06912340
507,0.00125738,-0.30048902,-1.00000000,-0.89333370,-0.17561832
508,-0.00000312,-0.18643831,1.00000000,-0.92197111,-0.19468046
509,-0.02591728,-0.21385494,1.00000000,-0.96638468,-0.42502819
510,-0.00005438,-0.23467625,-1.00000000,-0.99994713,-0.38671188
511,0.00386836,-0.66273186,-1.00000000,-0.30651831,-0.37744512
512,-0.00135831,-0.23552294,-1.00000000,-0.99857552,-0.40292796
513,-0.00513979,-0.17072634,1.00000000,-0.89651850,-0.45297077
514,0.01534225,-0.25706160,-1.00000000,-0.96368397,-0.05100933
515,0.00564535,-0.31952484,-1.00000000,-0.86249662,0.00451901
516,0.00259193,0.01880183,1.00000000,-0.58949229,-0.00791630
517,0.00174428,-0.14137352,1.00000000,-0.84896839,0.02230999
518,-0.00780475,-0.19181066,1.00000000,-0.93067404,-0.00365277
519,0.01142773,-0.20581232,1.00000000,-0.95335603,-0.04178903
520,-0.01460746,-0.36354522,-1.00000000,-0.79118579,-0.23909739
521,-0.00242584,-0.04585897,1.00000000,-0.69423956,-0.28798187
522,0.00192547,-0.47591381,-1.00000000,-0.60915425,-0.28621669
523,0.00442942,-0.27469527,-1.00000000,-0.93511830,-0.16702813
524,0.00645338,-0.20281942,1.00000000,-0.94850770,-0.21548961
525,0.00694213,-0.16145862,1.00000000,-0.88150525,-0.00554770
526,0.00640764,-0.12802637,1.00000000,-0.82734668,0.08051049
527,-0.00114782,-0.11995311,1.00000000,-0.81426838,0.05056974
528,0.00118057,-0.12878187,1.00000000,-0.82857055,0.01891860
529,-0.00627571,-0.25358457,-1.00000000,-0.96931658,-0.10509164
530,-0.00917142,-0.21512375,1.00000000,-0.96844010,-0.26207415
531,0.01836776,-0.33828823,-1.00000000,-0.83210087,-0.14555550
532,0.01273122,-0.38612010,-1.00000000,-0.75461560,-0.01034223
533,-0.01451866,0.06877784,1.00000000,-0.50853363,-0.16328836
534,0.00319432,-0.02432776,1.00000000,-0.65936007,-0.07102875
535,0.01100192,-0.47444698,-1.00000000,-0.61153045,0.12550535
536,-0.01921019,-0.18186020,1.00000000,-0.91455480,-0.24058913
537,-0.01206485,-0.05289260,1.00000000,-0.70563369,-0.48215910
538,-0.01194545,-0.55194270,-1.00000000,-0.48599123,-0.45709020
539,0.00576163,-0.43391449,-1.00000000,-0.67719107,-0.43207877
540,-0.01016453,-0.43194216,-1.00000000,-0.68038615,-0.63828805
541,-0.00359498,-0.13945281,1.00000000,-0.84585693,-0.48616046
542,0.00362472,-0.40252458,-1.00000000,-0.72804116,-0.33330843
543,0.05644119,-0.29400731,-1.00000000,-0.90383375,0.33293258
544,0.01769072,-0.17475081,1.00000000,-0.90303795,0.44914895
545,-0.01219887,0.69768284,1.00000000,0.51026122,0.42932991
546,0.01703545,0.05759439,1.00000000,-0.52665027,0.63031705
547,-0.01265701,-0.43612816,-1.00000000,-0.67360503,0.47169608
548,0.02189760,0.04677040,1.00000000,-0.54418458,0.13516319
549,-0.00853195,-0.44369584,-1.00000000,-0.66134577,-0.12030511
550,0.02268417,0.12708456,1.00000000,-0.41407964,0.21953484
551,-0.01312137,-0.37555723,-1.00000000,-0.77172693,-0.07426100
552,0.00216504,0.14007728,1.00000000,-0.39303208,0.07013939
553,-0.01113366,-0.45136633,-1.00000000,-0.64891997,-0.25166008
554,-0.01641366,-0.19886208,1.00000000,-0.94209700,-0.32844584
555,0.00067430,-0.41853290,-1.00000000,-0.70210848,-0.54287191
556,-0.00752301,-0.50574903,-1.00000000,-0.56082269,-0.48833110
557,0.01742760,-0.22348643,1.00000000,-0.98198722,-0.33963913
558,-0.00670183,-0.35889128,-1.00000000,-0.79872495,-0.29646304
559,-0.00342050,0.05324813,1.00000000,-0.53369099,-0.16988013
560,0.00498635,-0.34532698,-1.00000000,-0.82069844,-0.12787098
561,-0.00358548,-0.29112515,-1.00000000,-0.90850270,-0.08951056
562,-0.00303114,-0.15225907,1.00000000,-0.86660245,-0.28882511
563,-0.01033066,-0.29385041,-1.00000000,-0.90408792,-0.32417811
564,0.00133221,-0.28469369,-1.00000000,-0.91892135,-0.27787599
565,0.00193930,-0.40526870,-1.00000000,-0.72359582,-0.30756123
566,-0.00300554,-0.21261898,1.00000000,-0.96438250,-0.30191132
567,0.00225612,-0.20259100,1.00000000,-0.94813766,-0.25040145
568,-0.00982844,-0.28427086,-1.00000000,-0.91960632,-0.24550867
569,0.00141313,-0.19735768,1.00000000,-0.93965994,-0.24472030
570,0.00279557,-0.39697290,-1.00000000,-0.73703461,-0.23637828
571,-0.00219175,-0.21128228,1.00000000,-0.96221711,-0.22845014
572,-0.00423477,-0.18844693,1.00000000,-0.92522498,-0.29168606
573,-0.00711414,-0.27082855,-1.00000000,-0.94138219,-0.26524264
574,-0.00547888,-0.30457544,-1.00000000,-0.88671391,-0.33238648
575,-0.00526415,-0.35213757,-1.00000000,-0.80966563,-0.41090639
576,-0.00004357,-0.32512600,-1.00000000,-0.85342301,-0.38997819
577,-0.00023406,-0.32157901,-1.00000000,-0.85916897,-0.35100228
578,0.00299359,-0.23534437,-1.00000000,-0.99886480,-0.25253007
579,0.00081754,-0.23849101,-1.00000000,-0.99376741,-0.19118868
580,-0.00730874,-0.18517596,1.00000000,-0.91992616,-0.21110764
581,0.00146754,-0.22112044,1.00000000,-0.97815444,-0.19638599
582,-0.00233791,-0.35535201,-1.00000000,-0.80445839,-0.21688223
583,0.00051335,-0.21038353,1.00000000,-0.96076117,-0.24104543
584,0.00807008,-0.27324278,-1.00000000,-0.93747125,-0.17038924
585,0.00426549,-0.22614514,1.00000000,-0.98629420,-0.05762999
586,-0.00752637,-0.10132145,1.00000000,-0.78408603,-0.14525108
587,0.00323061,-0.16416644,1.00000000,-0.88589179,-0.09100104
588,-0.00496740,-0.35894684,-1.00000000,-0.79863493,-0.14439592
589,0.00306354,-0.18126076,1.00000000,-0.91358373,-0.19317095
590,0.00024460,-0.31667722,-1.00000000,-0.86710963,-0.23234351
591,-0.01202057,-0.18402051,1.00000000,-0.91805439,-0.27612725
592,-0.00521906,-0.23058430,1.00000000,-0.99348542,-0.35844618
593,0.00248075,-0.43318305,-1.00000000,-0.67837596,-0.28588430
594,0.00557092,-0.32083416,-1.00000000,-0.86037560,-0.26145672
595,-0.00126053,-0.19364710,1.00000000,-0.93364899,-0.27612011
596,-0.01200863,-0.14260304,1.00000000,-0.85096015,-0.27600373
597,-0.00584787,-0.25544637,-1.00000000,-0.96630055,-0.28212978
598,0.00088798,-0.43298574,-1.00000000,-0.67869560,-0.29764695
599,0.00210422,-0.33122099,-1.00000000,-0.84354945,-0.33142049
600,0.00066138,-0.21995678,1.00000000,-0.97626937,-0.31269678
601,-0.00062453,-0.19986675,1.00000000,-0.94372451,-0.20178988
602,0.00236247,-0.22369996,1.00000000,-0.98233312,-0.12180254
603,0.00053897,-0.24494086,-1.00000000,-0.98331897,-0.12520271
604,0.00308033,-0.19560085,1.00000000,-0.93681396,-0.11569315
605,-0.00584784,-0.22572185,1.00000000,-0.98560849,-0.17910772
606,-0.01147968,-0.18374310,1.00000000,-0.91760501,-0.28486145
607,-0.00191694,-0.33122062,-1.00000000,-0.84355004,-0.32655265
608,-0.00783818,-0.42424843,-1.00000000,-0.69284960,-0.40816513
609,0.00189746,-0.26628910,-1.00000000,-0.94873587,-0.41968903
610,0.00094195,-0.36409746,-1.00000000,-0.79029120,-0.35354104
611,0.00032674,-0.20328210,1.00000000,-0.94925722,-0.23851974
612,0.00340188,-0.21906536,1.00000000,-0.97482532,-0.18670235
613,-0.00410353,-0.22922752,1.00000000,-0.99128751,-0.15031832
614,0.00054196,-0.17843168,1.00000000,-0.90900077,-0.16352388
615,0.00153443,-0.30240759,-1.00000000,-0.89022571,-0.15775180
616,0.01317432,-0.22567240,1.00000000,-0.98552838,-0.03258726
617,-0.00518482,-0.20927870,1.00000000,-0.95897140,-0.11624118
618,0.00434104,-0.01700854,1.00000000,-0.64750329,-0.03397200
619,-0.00060048,-0.32026858,-1.00000000,-0.86129180,-0.04510199
620,0.00281312,-0.16291854,1.00000000,-0.88387024,-0.03264466
621,-0.00378446,-0.24454353,-1.00000000,-0.98396262,-0.19786163
622,0.00068884,-0.18815704,1.00000000,-0.92475537,-0.14063887
623,-0.00664029,-0.29713723,-1.00000000,-0.89876344,-0.24762193
624,0.00284078,-0.22324624,1.00000000,-0.98159813,-0.21409622
625,0.00462839,-0.34431046,-1.00000000,-0.82234514,-0.19641137
626,-0.00331260,-0.18770001,1.00000000,-0.92401500,-0.19181434
627,0.00212592,-0.15817203,1.00000000,-0.87618114,-0.17781390
628,-0.01126186,-0.28934286,-1.00000000,-0.91138993,-0.22283845
629,-0.00720423,-0.19950822,1.00000000,-0.94314371,-0.32069972
630,-0.00618036,-0.42065049,-1.00000000,-0.69867810,-0.42600141
631,0.00232650,-0.35362576,-1.00000000,-0.80725483,-0.37106379
632,-0.00115181,-0.33671317,-1.00000000,-0.83465239,-0.40299633
633,-0.01481791,-0.19619501,1.00000000,-0.93777649,-0.43764027
634,0.00011413,-0.25365047,-1.00000000,-0.96920982,-0.36634280
635,0.01029612,-0.47939000,-1.00000000,-0.60352301,-0.20582451
636,-0.00873700,-0.23273947,1.00000000,-0.99697668,-0.31360808
637,0.00255049,-0.06455118,1.00000000,-0.72452002,-0.27753933
638,0.00009573,-0.37894423,-1.00000000,-0.76624017,-0.13224672
639,-0.00350051,-0.19249517,1.00000000,-0.93178293,-0.16746152
640,0.00259749,-0.23304347,1.00000000,-0.99746916,-0.24246369
641,-0.00230071,-0.29244687,-1.00000000,-0.90636159,-0.17975963
642,-0.00192097,-0.19171886,1.00000000,-0.93052533,-0.22332183
643,0.00429098,-0.27262824,-1.00000000,-0.93846679,-0.18245049
644,0.00007560,-0.26635575,-1.00000000,-0.94862790,-0.14761105
645,-0.00638047,-0.16374530,1.00000000,-0.88520955,-0.23507673
646,-0.00402232,-0.23337590,1.00000000,-0.99800767,-0.25184916
647,-0.00542435,-0.34001867,-1.00000000,-0.82929763,-0.28597998
648,0.00169439,-0.30106623,-1.00000000,-0.89239865,-0.31127672
649,0.00385396,-0.32422525,-1.00000000,-0.85488220,-0.27446689
650,0.01163999,-0.20663643,1.00000000,-0.95469105,-0.09890674
651,-0.00023155,-0.17096409,1.00000000,-0.89690365,-0.06197600
652,-0.00117581,-0.04235291,1.00000000,-0.68855992,-0.02058562
653,-0.00565442,-0.23844942,-1.00000000,-0.99383478,-0.09217963
654,-0.00657030,-0.25404703,-1.00000000,-0.96856742,-0.19373561
655,-0.00021239,-0.32802551,-1.00000000,-0.84872596,-0.30920465
656,-0.00036630,-0.34315429,-1.00000000,-0.82421808,-0.31051748
657,0.00862010,-0.23813298,-1.00000000,-0.99434740,-0.21508309
658,0.00097299,-0.24067535,-1.00000000,-0.99022888,-0.15051714
659,-0.01701962,-0.09223611,1.00000000,-0.76936823,-0.25231722
660,-0.00109698,-0.21855265,1.00000000,-0.97399474,-0.26093518
661,0.00415761,-0.51575837,-1.00000000,-0.54460806,-0.21686203
662,-0.00247014,-0.25274490,-1.00000000,-0.97067681,-0.32490612
663,0.00287706,-0.16594845,1.00000000,-0.88877855,-0.30635612
664,-0.03009172,-0.27542702,-1.00000000,-0.93393290,-0.43370802
665,-0.01216142,-0.18710076,1.00000000,-0.92304424,-0.54150071
666,0.00008756,-0.73168607,-1.00000000,-0.19481590,-0.58115221
667,0.00357367,-0.43550957,-1.00000000,-0.67460713,-0.52227175
668,0.01428003,-0.23317836,1.00000000,-0.99768767,-0.41118096
669,0.00277462,-0.17559402,1.00000000,-0.90440390,-0.09098828
670,-0.00253067,0.00125591,1.00000000,-0.61791581,0.00283707
671,0.02756121,-0.18879294,1.00000000,-0.92578550,0.27049278
672,-0.00369856,-0.27642681,-1.00000000,-0.93231328,0.19964473
673,-0.03136366,0.22063726,1.00000000,-0.26252891,-0.24502836
674,-0.00339376,-0.29571832,-1.00000000,-0.90106200,-0.30512233
675,0.01344093,-0.75269624,-1.00000000,-0.16078048,-0.14952269
676,0.00210147,-0.29068347,-1.00000000,-0.90921821,-0.39755836
677,0.00474560,-0.01260450,1.00000000,-0.64036897,-0.31529307
678,0.00226904,-0.19991220,1.00000000,-0.94379814,0.01236573
679,0.00285373,-0.15623587,1.00000000,-0.87304466,0.07323038
680,0.00035633,-0.19714416,1.00000000,-0.93931406,-0.05424336
681,-0.01310542,-0.18748622,1.00000000,-0.92366868,-0.20239295
682,0.01300011,-0.22873879,1.00000000,-0.99049578,-0.12197525
683,0.00246620,-0.45110280,-1.00000000,-0.64934687,-0.12005453
684,0.00036590,-0.01988606,1.00000000,-0.65216474,-0.14429159
685,0.00693348,-0.19388754,1.00000000,-0.93403849,-0.08021522
686,-0.00407980,-0.22858065,1.00000000,-0.99023961,0.00771484
687,0.00954349,-0.12009601,1.00000000,-0.81449988,-0.02596056
688,-0.00361015,-0.30201562,-1.00000000,-0.89086070,-0.08515798
689,0.00418001,-0.07698338,1.00000000,-0.74465957,-0.04799994
690,0.00239067,-0.29425794,-1.00000000,-0.90342774,-0.09225724
691,0.00098540,-0.16557845,1.00000000,-0.88817918,-0.04291075
692,0.00699920,-0.19513514,1.00000000,-0.93605955,-0.06769788
693,-0.00210285,-0.21834766,1.00000000,-0.97366267,-0.05301339
694,0.00710199,-0.11901046,1.00000000,-0.81274135,-0.02454662
695,-0.00462955,-0.26936009,-1.00000000,-0.94376102,-0.09293945
696,-0.00162772,-0.11731247,1.00000000,-0.80999068,-0.11839715
697,-0.00751766,-0.31109656,-1.00000000,-0.87615002,-0.25982423
698,-0.00439969,-0.26151171,-1.00000000,-0.95647502,-0.28220062
699,-0.00133785,-0.35880291,-1.00000000,-0.79886809,-0.36442379
700,-0.00252432,-0.30729970,-1.00000000,-0.88230074,-0.34391405
701,-0.00768022,-0.25672351,-1.00000000,-0.96423166,-0.40287910
702,-0.00065090,-0.27632189,-1.00000000,-0.93248326,-0.33598132
703,-0.00871612,-0.36148813,-1.00000000,-0.79451817,-0.37803318
704,-0.00815002,-0.24537638,-1.00000000,-0.98261344,-0.44439925
705,-0.00326765,-0.37859948,-1.00000000,-0.76679864,-0.45164100
706,0.00533735,-0.36924851,-1.00000000,-0.78194675,-0.32482039
707,-0.01033196,-0.28860042,-1.00000000,-0.91259264,-0.41913587
708,-0.00702122,-0.14646123,1.00000000,-0.85721023,-0.40262362
709,-0.00356462,-0.40529018,-1.00000000,-0.72356103,-0.35795139
710,-0.00628630,-0.35060262,-1.00000000,-0.81215217,-0.38735984
711,-0.00572242,-0.29350586,-1.00000000,-0.90464608,-0.49510704
712,-0.03199684,-0.33846304,-1.00000000,-0.83181768,-0.70617212
713,0.01728125,-0.32914878,-1.00000000,-0.84690632,-0.46941099
714,0.01139470,-0.76315525,-1.00000000,-0.14383741,-0.32367327
715,-0.01103518,0.05083062,1.00000000,-0.53760722,-0.36993817
716,0.00109698,-0.04640462,1.00000000,-0.69512349,-0.30350182
717,-0.00844375,-0.41690611,-1.00000000,-0.70474380,-0.07404135
718,-0.00116811,-0.21650461,1.00000000,-0.97067702,-0.25377991
719,-0.00680013,-0.37410041,-1.00000000,-0.77408690,-0.43103883
720,0.02561429,-0.25391972,-1.00000000,-0.96877366,-0.07398986
721,0.00608749,-0.34695067,-1.00000000,-0.81806814,-0.02537095
722,-0.00334562,0.18847758,1.00000000,-0.31462599,0.02429647
723,-0.00377220,-0.13407028,1.00000000,-0.83713751,-0.00107330
724,-0.01237166,-0.28988830,-1.00000000,-0.91050635,-0.05535264
725,-0.01965110,-0.29693468,-1.00000000,-0.89909155,-0.49634023
726,-0.01532453,-0.43898238,-1.00000000,-0.66898134,-0.70494182
727,-0.00302224,-0.55922571,-1.00000000,-0.47419312,-0.70179142
728,0.00018534,-0.48775848,-1.00000000,-0.58996649,-0.66323598
729,0.00253367,-0.28454672,-1.00000000,-0.91915943,-0.51802430
730,0.00082151,-0.23156316,1.00000000,-0.99507112,-0.31857463
731,0.00719709,-0.19277307,1.00000000,-0.93223310,-0.09916300
732,-0.00686925,-0.22105479,1.00000000,-0.97804809,-0.13664156
733,-0.00085498,-0.11574166,1.00000000,-0.80744605,-0.14677662
734,0.00443847,-0.34809237,-1.00000000,-0.81621864,-0.12821954
735,0.00175390,-0.24874736,-1.00000000,-0.97715262,-0.11913592
736,-0.00405317,-0.16130917,1.00000000,-0.88126315,-0.22873894
737,0.00422907,-0.20565334,1.00000000,-0.95309850,-0.12061619
738,-0.01855035,-0.30157577,-1.00000000,-0.89157322,-0.29300924
739,0.00406675,-0.16476809,1.00000000,-0.88686642,-0.29663058
740,0.00259683,-0.54104323,-1.00000000,-0.50364784,-0.28841855
741,0.01007864,-0.16744922,1.00000000,-0.89120973,-0.15074271
742,-0.00288620,-0.19172968,1.00000000,-0.93054287,-0.22006158
743,0.00122525,-0.06814361,1.00000000,-0.73033957,-0.02740242
744,-0.00410005,-0.28229963,-1.00000000,-0.92279961,-0.10696560
745,0.00791060,-0.21438575,1.00000000,-0.96724457,-0.05519744
746,0.01313689,-0.30235019,-1.00000000,-0.89031869,-0.02540317
747,0.01111724,-0.10395573,1.00000000,-0.78835343,0.11102210
748,-0.00200049,-0.01762682,1.00000000,-0.64850488,0.07959608
749,0.00696004,-0.05098785,1.00000000,-0.70254810,0.18734642
750,0.00110275,-0.26766919,-1.00000000,-0.94650020,0.12102255
751,-0.00829311,-0.11965734,1.00000000,-0.81378926,-0.08775427
752,0.00347317,-0.21640918,1.00000000,-0.97052244,-0.16222482
753,0.00306203,-0.37161210,-1.00000000,-0.77811784,-0.11290436
754,-0.00035347,-0.17725416,1.00000000,-0.90709324,-0.18415452
755,0.02686211,-0.18404537,1.00000000,-0.91809467,0.06680007
756,-0.01528690,-0.24046341,-1.00000000,-0.99057221,-0.00133528
757,-0.01679352,0.20908936,1.00000000,-0.28123594,-0.19877875
758,-0.01552668,-0.48713696,-1.00000000,-0.59097332,-0.37987503
759,0.01310191,-0.51202353,-1.00000000,-0.55065831,-0.24878907
760,0.00813694,-0.49109774,-1.00000000,-0.58455705,-0.43121476
761,-0.00853887,-0.01820454,1.00000000,-0.64944076,-0.36547367
762,-0.01475713,-0.10021706,1.00000000,-0.78229698,-0.34563467
763,0.00403871,-0.37567162,-1.00000000,-0.77154163,-0.15502336
764,-0.00060427,-0.47838610,-1.00000000,-0.60514928,-0.28855267
765,-0.00590553,-0.16791244,1.00000000,-0.89196011,-0.42535813
766,-0.00638900,-0.24460617,-1.00000000,-0.98386114,-0.40441353
767,0.00247502,-0.33217347,-1.00000000,-0.84200647,-0.23653332
768,0.00044347,-0.34015961,-1.00000000,-0.82906931,-0.27155913
769,0.00666033,-0.19374183,1.00000000,-0.93380246,-0.20078543
770,0.00287237,-0.22729941,1.00000000,-0.98816406,-0.11526880
771,-0.00419423,-0.12460794,1.00000000,-0.82180897,-0.09388673
772,-0.01000063,-0.18717831,1.00000000,-0.92316987,-0.21542785
773,0.01061194,-0.30390589,-1.00000000,-0.88779854,-0.11636386
774,0.01235291,-0.39981724,-1.00000000,-0.73242693,-0.06090524
775,-0.00117464,-0.05933444,1.00000000,-0.71606915,-0.10033227
776,-0.00959657,-0.03057673,1.00000000,-0.66948310,-0.15296328
777,-0.00666797,-0.25402763,-1.00000000,-0.96859884,-0.12049560
778,-0.00004192,-0.39314282,-1.00000000,-0.74323916,-0.22428840
779,0.01514967,-0.34476764,-1.00000000,-0.82160455,-0.19704160
780,0.01105169,-0.23531721,-1.00000000,-0.99890879,-0.07792940
781,-0.00081585,0.01562077,1.00000000,-0.59464544,0.00761473
782,-0.00625230,-0.05207050,1.00000000,-0.70430194,0.01166434
783,-0.00743971,-0.24810104,-1.00000000,-0.97819963,-0.06040685
784,0.00581723,-0.33790144,-1.00000000,-0.83272745,-0.15132596
785,-0.00124594,-0.35751537,-1.00000000,-0.80095386,-0.27113281
786,0.00420055,-0.13853440,1.00000000,-0.84436916,-0.22226170
787,-0.00421932,-0.25520543,-1.00000000,-0.96669087,-0.20245585
788,0.01299817,-0.16523907,1.00000000,-0.88762940,-0.00334455
789,0.02544125,-0.30432023,-1.00000000,-0.88712733,0.18783791
790,0.00100282,-0.01991815,1.00000000,-0.65221673,0.20974593
791,-0.00022236,0.18561930,1.00000000,-0.31925627,0.16665674
792,-0.00841033,-0.21805994,1.00000000,-0.97319658,0.12582674
793,-0.01073179,-0.23829767,-1.00000000,-0.99408060,-0.10535692
794,-0.01375212,-0.37354831,-1.00000000,-0.77498129,-0.48718927
795,-0.00376771,-0.41189469,-1.00000000,-0.71286205,-0.53366498
796,-0.00435853,-0.46178511,-1.00000000,-0.63204205,-0.57396062
797,-0.00317572,-0.29686044,-1.00000000,-0.89921182,-0.52296366
798,0.00178805,-0.30661975,-1.00000000,-0.88340223,-0.40099204
799,-0.01136677,-0.28708192,-1.00000000,-0.91505254,-0.37775329
800,-0.00124541,-0.20508937,1.00000000,-0.95218490,-0.35318044
801,-0.01039270,-0.42238334,-1.00000000,-0.69587096,-0.41196700
802,-0.00122018,-0.25519668,-1.00000000,-0.96670504,-0.39291558
803,-0.01371038,-0.40629354,-1.00000000,-0.72193564,-0.54390539
804,-0.00184781,-0.25477985,-1.00000000,-0.96738028,-0.45116921
805,0.00346785,-0.46109563,-1.00000000,-0.63315897,-0.40525133
806,-0.00470293,-0.26514727,-1.00000000,-0.95058558,-0.34982006
807,0.00406008,-0.17734201,1.00000000,-0.90723555,-0.29837837
808,-0.00104586,-0.31230871,-1.00000000,-0.87418639,-0.17499724
809,0.00205071,-0.16755944,1.00000000,-0.89138827,-0.13701677
810,0.00458080,-0.25190044,-1.00000000,-0.97204478,-0.12617410
811,-0.00085751,-0.20075063,1.00000000,-0.94515636,-0.08871097
812,0.00070819,-0.15895804,1.00000000,-0.87745444,-0.12136594
813,0.00069621,-0.24878921,-1.00000000,-0.97708483,-0.10439419
814,0.00125583,-0.22292660,1.00000000,-0.98108033,-0.11213814
815,-0.00527120,-0.22312450,1.00000000,-0.98140092,-0.20811902
816,-0.01100303,-0.21388066,1.00000000,-0.96642635,-0.30695939
817,0.01209213,-0.32169555,-1.00000000,-0.85898018,-0.19605406
818,-0.00370611,-0.41637504,-1.00000000,-0.70560411,-0.23894269
819,0.01019906,-0.03488439,1.00000000,-0.67646129,-0.15181532
820,0.00576564,-0.29584304,-1.00000000,-0.90085996,-0.04429141
821,0.00462201,-0.06615444,1.00000000,-0.72711722,0.10793192
822,-0.00314085,-0.13938661,1.00000000,-0.84574970,-0.04047182
823,-0.00569107,-0.15827732,1.00000000,-0.87635170,-0.05980978
824,-0.00950014,-0.28650591,-1.00000000,-0.91598564,-0.25172470
825,-0.00617161,-0.32863095,-1.00000000,-0.84774518,-0.36802062
826,0.00359065,-0.39155004,-1.00000000,-0.74581938,-0.37806844
827,-0.01201229,-0.33656867,-1.00000000,-0.83488647,-0.46449639
828,-0.00460030,-0.17531361,1.00000000,-0.90394965,-0.45386985
829,0.00871749,-0.43304623,-1.00000000,-0.67859761,-0.27638875
830,0.00526825,-0.31061344,-1.00000000,-0.87693264,-0.16493856
831,-0.00122864,-0.09062727,1.00000000,-0.76676199,-0.21188933
832,0.00408937,-0.14760263,1.00000000,-0.85905924,-0.05502262
833,-0.00397281,-0.25491958,-1.00000000,-0.96715394,-0.04890940
834,0.00216640,-0.16707557,1.00000000,-0.89060444,-0.11273195
835,0.00054744,-0.30024836,-1.00000000,-0.89372356,-0.15872333
836,-0.00382303,-0.19883969,1.00000000,-0.94206073,-0.18399862
837,-0.00080890,-0.22558194,1.00000000,-0.98538184,-0.23171888
838,0.00480199,-0.29777434,-1.00000000,-0.89773136,-0.14623248
839,-0.00115342,-0.24798623,-1.00000000,-0.97838562,-0.17857502
840,-0.00101076,-0.15530446,1.00000000,-0.87153582,-0.19375539
841,-0.00694102,-0.25367711,-1.00000000,-0.96916668,-0.22413171
842,0.02129359,-0.25132057,-1.00000000,-0.97298414,-0.00880335
843,-0.01244396,-0.34927799,-1.00000000,-0.81429800,-0.17681799
844,-0.00382391,0.11710733,1.00000000,-0.43024226,-0.20283462
845,-0.00710803,-0.44017665,-1.00000000,-0.66704668,-0.26223592
846,0.00416380,-0.29778881,-1.00000000,-0.89770791,-0.15404971
847,0.00168722,-0.35203668,-1.00000000,-0.80982906,-0.34506020
848,0.00006441,-0.16584610,1.00000000,-0.88861275,-0.22320034
849,0.01774106,-0.20675479,1.00000000,-0.95488280,-0.01310860
850,0.01074182,-0.23356083,1.00000000,-0.99830724,0.16078945
851,-0.00069175,0.05842594,1.00000000,-0.52530319,0.11348538
852,0.00861152,-0.05718903,1.00000000,-0.71259370,0.18094371
853,0.00672679,-0.24605110,-1.00000000,-0.98152043,0.24585042
854,-0.00725454,-0.09237784,1.00000000,-0.76959782,0.00233659
855,-0.00350097,-0.12351019,1.00000000,-0.82003069,-0.13642047
856,-0.00071170,-0.35445664,-1.00000000,-0.80590884,-0.13661489
857,0.00167426,-0.29245441,-1.00000000,-0.90634937,-0.20419945
858,-0.00309855,-0.24638074,-1.00000000,-0.98098643,-0.29992054
859,0.00536906,-0.20696883,1.00000000,-0.95522953,-0.17693805
860,-0.01121761,-0.28580721,-1.00000000,-0.91711750,-0.25211563
861,0.00986770,-0.14593736,1.00000000,-0.85636158,-0.14904821
862,-0.01603753,-0.41991951,-1.00000000,-0.69986224,-0.32160129
863,-0.01375145,-0.07162787,1.00000000,-0.73598390,-0.42538465
864,-0.01276044,-0.49953603,-1.00000000,-0.57088744,-0.60200718
865,0.00293943,-0.46177400,-1.00000000,-0.63206005,-0.46408549
866,0.00420881,-0.44540439,-1.00000000,-0.65857800,-0.51921600
867,0.00196887,-0.18607052,1.00000000,-0.92137532,-0.34379279
868,-0.00328941,-0.16510275,1.00000000,-0.88740857,-0.24186878
869,0.00310340,-0.20210244,1.00000000,-0.94734623,-0.08731899
870,-0.00562252,-0.28895980,-1.00000000,-0.91201047,-0.17073180
871,-0.00607991,-0.18336212,1.00000000,-0.91698784,-0.27096725
872,-0.00448940,-0.32749863,-1.00000000,-0.84957948,-0.33388542
873,-0.00673912,-0.33505396,-1.00000000,-0.83734022,-0.36749347
874,-0.00262783,-0.30878147,-1.00000000,-0.87990035,-0.42332858
875,0.00020380,-0.34594291,-1.00000000,-0.81970066,-0.36656705
876,-0.00173840,-0.27803168,-1.00000000,-0.92971348,-0.32427087
877,-0.01179779,-0.23125832,1.00000000,-0.99457729,-0.39547121
878,0.00598015,-0.26333994,-1.00000000,-0.95351337,-0.27155666
879,0.00754551,-0.42950307,-1.00000000,-0.68433735,-0.17244533
880,-0.01027468,-0.13584330,1.00000000,-0.84000970,-0.27452950
881,0.00462938,-0.10998644,1.00000000,-0.79812287,-0.21249285
882,-0.00976194,-0.40434407,-1.00000000,-0.72509368,-0.19265904
883,0.00406527,-0.15815557,1.00000000,-0.87615447,-0.21131430
884,-0.00323089,-0.39587444,-1.00000000,-0.73881406,-0.31630087
885,-0.00295503,-0.16747366,1.00000000,-0.89124933,-0.24499086
886,0.00016682,-0.28799327,-1.00000000,-0.91357620,-0.28846631
887,0.00085093,-0.28343651,-1.00000000,-0.92095792,-0.18507287
888,0.00294791,-0.23186907,1.00000000,-0.99556668,-0.19595851
889,0.00472761,-0.22056878,1.00000000,-0.97726078,-0.11842459
890,-0.01764633,-0.18593049,1.00000000,-0.92114846,-0.26155112
891,0.00073233,-0.15653295,1.00000000,-0.87352591,-0.25604181
892,-0.00845383,-0.52611042,-1.00000000,-0.52783825,-0.34669131
893,-0.00486681,-0.22252792,1.00000000,-0.98043449,-0.42282441
894,0.01185871,-0.37426684,-1.00000000,-0.77381730,-0.35335142
895,-0.00016381,-0.31501569,-1.00000000,-0.86980122,-0.18303210
896,-0.00025313,-0.03874009,1.00000000,-0.68270734,-0.19263274
897,0.00273863,-0.23733060,-1.00000000,-0.99564721,-0.08359284
898,-0.00202973,-0.23880600,-1.00000000,-0.99325713,-0.05595323
899,0.01001242,-0.18938749,1.00000000,-0.92674863,-0.07394028
900,-0.00979842,-0.26815218,-1.00000000,-0.94571777,-0.16780317
901,0.00962084,-0.06923750,1.00000000,-0.73211162,-0.07160825
902,0.00268108,-0.39647701,-1.00000000,-0.73783794,-0.07216887
903,0.01848477,-0.07570559,1.00000000,-0.74258961,0.12768890
904,-0.00489076,-0.19033803,1.00000000,-0.92828846,-0.01750184
905,-0.00170767,0.07071067,1.00000000,-0.50540254,0.06132037
906,0.02687226,-0.31541132,-1.00000000,-0.86916032,0.22938832
907,-0.01051578,-0.26283237,-1.00000000,-0.95433561,0.10082093
908,-0.00199015,0.20925700,1.00000000,-0.28096436,-0.09865126
909,-0.00365343,-0.40832662,-1.00000000,-0.71864214,-0.08659686
910,0.01039276,-0.26749843,-1.00000000,-0.94677683,0.03128878
911,0.00800702,-0.29497285,-1.00000000,-0.90226963,-0.15250145
912,-0.00288676,-0.06295489,1.00000000,-0.72193410,-0.07817750
913,-0.00655664,-0.10236302,1.00000000,-0.78577331,-0.12266548
914,-0.00342973,-0.28230888,-1.00000000,-0.92278463,-0.12048608
915,-0.00588816,-0.34292869,-1.00000000,-0.82458355,-0.27909921
916,0.00698958,-0.29127764,-1.00000000,-0.90825569,-0.28901136
917,0.00689510,-0.33188663,-1.00000000,-0.84247114,-0.19371380
918,-0.00095732,-0.11916928,1.00000000,-0.81299862,-0.13916365
919,0.00921310,-0.12072994,1.00000000,-0.81552681,-0.01599382
920,-0.00327029,-0.25043782,-1.00000000,-0.97441416,0.00951024
921,0.00282406,-0.08244071,1.00000000,-0.75350017,-0.03107142
922,0.00699653,-0.28864399,-1.00000000,-0.91252206,-0.03008331
923,-0.00615869,-0.18797629,1.00000000,-0.92446256,-0.08075652
924,-0.00876160,-0.11905458,1.00000000,-0.81281281,-0.25587089
925,-0.00500953,-0.33635526,-1.00000000,-0.83523218,-0.27281509
926,0.00066934,-0.37935066,-1.00000000,-0.76558177,-0.29380697
927,-0.00183089,-0.31737321,-1.00000000,-0.86598216,-0.37980608
928,0.00149562,-0.22356846,1.00000000,-0.98212010,-0.30523574
929,0.00476273,-0.26486778,-1.00000000,-0.95103834,-0.17347810
930,0.00309559,-0.20991977,1.00000000,-0.96000990,-0.09451584
931,-0.00010770,-0.15595292,1.00000000,-0.87258630,-0.10208595
932,0.00689547,-0.18349112,1.00000000,-0.91719680,-0.01707133
933,0.00156518,-0.23640373,-1.00000000,-0.99714869,-0.01639364
934,0.00642496,-0.12072378,1.00000000,-0.81551684,-0.00019974
935,0.00063567,-0.20877073,1.00000000,-0.95814852,-0.02416489
936,-0.00269206,-0.12849585,1.00000000,-0.82810720,-0.04934239
937,0.01509642,-0.22412450,1.00000000,-0.98302087,0.03055341
938,-0.00608875,-0.27909269,-1.00000000,-0.92799470,-0.04401325
939,0.00352960,0.01474114,1.00000000,-0.59607039,-0.07222062
940,0.00021408,-0.33519999,-1.00000000,-0.83710365,-0.07632791
941,-0.01033287,-0.17632202,1.00000000,-0.90558322,-0.15076671
942,0.00472363,-0.23108848,1.00000000,-0.99430217,-0.25182120
943,0.00138648,-0.40530518,-1.00000000,-0.72353674,-0.17899546
944,-0.00123627,-0.15659878,1.00000000,-0.87363255,-0.22542588
945,0.00180122,-0.21172248,1.00000000,-0.96293021,-0.20996356
946,0.00281786,-0.25504572,-1.00000000,-0.96694959,-0.08184567
947,-0.00020430,-0.20487181,1.00000000,-0.95183246,-0.12985492
948,0.00159331,-0.18807873,1.00000000,-0.92462851,-0.12783999
949,0.00033866,-0.23799942,-1.00000000,-0.99456375,-0.11249654
950,-0.00390951,-0.20830614,1.00000000,-0.95739590,-0.16813202
951,0.00155625,-0.22903059,1.00000000,-0.99096849,-0.18042297
952,0.01620080,-0.29920288,-1.00000000,-0.89541719,-0.02060008
953,-0.00216739,-0.20891828,1.00000000,-0.95838754,-0.05723776
954,-0.00040991,0.03298349,1.00000000,-0.56651870,-0.06453059
955,0.00221319,-0.27042605,-1.00000000,-0.94203422,-0.00488155
956,-0.00094447,-0.24139573,-1.00000000,-0.98906189,-0.02924417
957,0.01607136,-0.19806673,1.00000000,-0.94080857,-0.03050516
958,-0.00464727,-0.25022559,-1.00000000,-0.97475796,-0.05466488
959,0.00287098,0.03084545,1.00000000,-0.56998221,-0.02270152
960,0.00295487,-0.31138934,-1.00000000,-0.87567573,-0.01547590
961,-0.00890868,-0.18720121,1.00000000,-0.92320698,-0.09306537
962,0.00318235,-0.18581555,1.00000000,-0.92096227,-0.21863357
963,0.01013090,-0.38178010,-1.00000000,-0.76164620,-0.07466059
964,0.00092160,-0.18205795,1.00000000,-0.91487514,-0.09365201
965,-0.01128699,-0.06728027,1.00000000,-0.72894100,-0.23240001
966,0.00295822,-0.21940155,1.00000000,-0.97536992,-0.11678952
967,-0.00811667,-0.42106557,-1.00000000,-0.69800569,-0.22686765
968,-0.01563323,-0.18576018,1.00000000,-0.92087257,-0.47786880
969,0.00099057,-0.36869764,-1.00000000,-0.78283913,-0.47719687
970,0.01239944,-0.49285775,-1.00000000,-0.58170593,-0.24643730
971,0.00867827,-0.21826228,1.00000000,-0.97352436,-0.19071102
972,0.00947378,-0.02980808,1.00000000,-0.66823792,-0.01934007
973,0.00357343,-0.09127517,1.00000000,-0.76781154,0.16777644
974,0.00167682,-0.07813475,1.00000000,-0.74652472,0.17446212
975,0.00029013,-0.17559795,1.00000000,-0.90441027,0.05648992
976,-0.00499266,-0.20692657,1.00000000,-0.95516107,-0.07669596
977,-0.00597414,-0.22983232,1.00000000,-0.99226725,-0.22719380
978,0.00424679,-0.31709449,-1.00000000,-0.86643367,-0.22063376
979,-0.02359800,-0.33330686,-1.00000000,-0.84017043,-0.46686786
980,-0.00691867,-0.16447528,1.00000000,-0.88639209,-0.53709786
981,0.00905099,-0.62442142,-1.00000000,-0.36857931,-0.40028091
982,0.01845865,-0.34890870,-1.00000000,-0.81489622,-0.16225004
983,-0.00360571,-0.08511860,1.00000000,-0.75783821,-0.23875127
984,0.00477451,0.07027925,1.00000000,-0.50610142,0.03766130
985,0.01268097,-0.29418465,-1.00000000,-0.90354647,0.22860618
986,0.00186888,-0.15575836,1.00000000,-0.87227112,0.15863616
987,-0.01185040,-0.02515782,1.00000000,-0.66070473,-0.13664277
988,0.00108771,-0.20375418,1.00000000,-0.95002196,-0.09091819
989,-0.00830019,-0.43037209,-1.00000000,-0.68292958,-0.21829542
990,0.00341740,-0.21665771,1.00000000,-0.97092503,-0.30854353
991,-0.00751321,-0.37172901,-1.00000000,-0.77792846,-0.39994638
992,-0.00737376,-0.17817530,1.00000000,-0.90858544,-0.35633377
993,-0.00320837,-0.35872955,-1.00000000,-0.79898694,-0.39818735
994,-0.00031273,-0.35642604,-1.00000000,-0.80271852,-0.32037132
995,0.00840431,-0.28762128,-1.00000000,-0.91417880,-0.27178750
996,-0.00616834,-0.23979038,-1.00000000,-0.99166248,-0.25868539
997,0.01748275,-0.09580045,1.00000000,-0.77514227,-0.01652659
998,-0.00189069,-0.33651467,-1.00000000,-0.83497395,-0.00368940
999,-0.00283370,0.05415907,1.00000000,-0.53221531,-0.02824938
1000,0.01268607,-0.26585557,-1.00000000,-0.94943817,0.01346462
1001,-0.00458347,-0.28143232,-1.00000000,-0.92420461,0.02890488
1002,0.00244221,-0.02507352,1.00000000,-0.66056817,-0.11762410
1003,-0.00340405,-0.31033539,-1.00000000,-0.87738307,-0.13236762
1004,-0.00049196,-0.19428377,1.00000000,-0.93468037,-0.10955379
1005,0.00271100,-0.29085349,-1.00000000,-0.90894278,-0.20673362
1006,0.00284522,-0.24275101,-1.00000000,-0.98686642,-0.13436132
1007,-0.00740869,-0.18984388,1.00000000,-0.92748797,-0.23033140
1008,0.00433646,-0.18762670,1.00000000,-0.92389624,-0.15492131
1009,0.00514142,-0.35700297,-1.00000000,-0.80178392,-0.10003941
1010,-0.00290009,-0.16299418,1.00000000,-0.88399279,-0.15470409
1011,-0.01066393,-0.14969764,1.00000000,-0.86245306,-0.28631390
1012,0.00369529,-0.28252893,-1.00000000,-0.92242815,-0.17813597
1013,0.00351598,-0.41077378,-1.00000000,-0.71467788,-0.18612927
1014,-0.00155727,-0.17358511,1.00000000,-0.90114957,-0.25138974
1015,-0.01264863,-0.17654699,1.00000000,-0.90594767,-0.34636271
1016,-0.00195831,-0.26034808,-1.00000000,-0.95836003,-0.26155015
1017,-0.01330871,-0.44355750,-1.00000000,-0.66156987,-0.42720771
1018,0.00317719,-0.26697239,-1.00000000,-0.94762899,-0.43050834
1019,-0.01044471,-0.45446083,-1.00000000,-0.64390703,-0.51709216
1020,0.00101497,-0.18214327,1.00000000,-0.91501336,-0.38397764
1021,0.00037147,-0.40715270,-1.00000000,-0.72054385,-0.36128030
1022,-0.00576273,-0.21785916,1.00000000,-0.97287133,-0.28776532
1023,-0.00470880,-0.22848859,1.00000000,-0.99009048,-0.36459270
1024,0.00104025,-0.32981470,-1.00000000,-0.84582756,-0.25270309
1025,0.00183256,-0.31240562,-1.00000000,-0.87402940,-0.24473794
1026,-0.00735841,-0.21744162,1.00000000,-0.97219492,-0.32004453
1027,0.00171119,-0.20435409,1.00000000,-0.95099378,-0.24723160
1028,-0.01619014,-0.35617244,-1.00000000,-0.80312934,-0.35908589
1029,-0.00006965,-0.20635892,1.00000000,-0.95424151,-0.36989881
1030,-0.00262594,-0.50205682,-1.00000000,-0.56680389,-0.41333475
1031,0.00128023,-0.23577514,-1.00000000,-0.99816697,-0.32917483
1032,-0.00418687,-0.27800058,-1.00000000,-0.92976385,-0.38663527
1033,-0.00016807,-0.21347760,1.00000000,-0.96577342,-0.23054395
1034,-0.00450261,-0.30378425,-1.00000000,-0.88799559,-0.27373102
1035,-0.00684122,-0.23740085,-1.00000000,-0.99553340,-0.31479740
1036,0.00490640,-0.30899970,-1.00000000,-0.87954682,-0.27947029
1037,-0.01273286,-0.34762944,-1.00000000,-0.81696857,-0.36272762
1038,0.00679123,-0.15357978,1.00000000,-0.86874192,-0.29492825
1039,-0.01575437,-0.44494874,-1.00000000,-0.65931614,-0.40454591
1040,0.01018516,-0.12244565,1.00000000,-0.81830618,-0.23867030
1041,-0.01141611,-0.49485864,-1.00000000,-0.57846457,-0.39768855
1042,-0.01453992,-0.06638402,1.00000000,-0.72748912,-0.41529341
1043,-0.00864124,-0.42319841,-1.00000000,-0.69455058,-0.56564071
1044,0.00715890,-0.47479812,-1.00000000,-0.61096162,-0.34241349
1045,0.00006490,-0.37736252,-1.00000000,-0.76880245,-0.44100777
1046,-0.00350045,-0.11637241,1.00000000,-0.80846783,-0.36389133
1047,0.00233423,-0.23355260,1.00000000,-0.99829392,-0.19949884
1048,0.00626131,-0.29244594,-1.00000000,-0.90636310,-0.05431418
1049,-0.00746253,-0.19606737,1.00000000,-0.93756970,-0.19676011
1050,0.00076199,-0.13119901,1.00000000,-0.83248619,-0.18996892
1051,0.01295517,-0.35789234,-1.00000000,-0.80034318,-0.02965381
1052,-0.00189504,-0.22203799,1.00000000,-0.97964083,-0.07085650
1053,-0.00213703,-0.02062847,1.00000000,-0.65336740,-0.15267543
1054,-0.00048611,-0.26592735,-1.00000000,-0.94932189,-0.08470929
1055,0.00988756,-0.26992466,-1.00000000,-0.94284645,0.00419443
1056,-0.00516496,-0.24265438,-1.00000000,-0.98702295,-0.17233672
1057,-0.00116018,-0.07129996,1.00000000,-0.73545271,-0.16517755
1058,-0.01505538,-0.31994056,-1.00000000,-0.86182318,-0.29103152
1059,0.00194197,-0.25378885,-1.00000000,-0.96898566,-0.26737653
1060,-0.00846123,-0.48331258,-1.00000000,-0.59716862,-0.44613527
1061,-0.01175486,-0.20254686,1.00000000,-0.94806616,-0.51033581
1062,0.00666817,-0.37438899,-1.00000000,-0.77361942,-0.43406988
1063,-0.01630958,-0.42879387,-1.00000000,-0.68548622,-0.44628868
1064,0.00017194,-0.12447843,1.00000000,-0.82159917,-0.46353279
1065,0.00495191,-0.50402980,-1.00000000,-0.56360775,-0.33285845
1066,0.00627538,-0.23178460,1.00000000,-0.99542985,-0.15720306
1067,0.00069856,-0.15282803,1.00000000,-0.86752412,-0.21536057
1068,-0.00729662,-0.13096663,1.00000000,-0.83210974,-0.12755390
1069,0.01006294,-0.22308566,1.00000000,-0.98133800,-0.03119311
1070,0.00824556,-0.35515182,-1.00000000,-0.80478268,0.00089457
1071,-0.00116075,-0.06840295,1.00000000,-0.73075969,-0.07155017
1072,-0.00767711,-0.09842273,1.00000000,-0.77939024,-0.15314826
1073,-0.00106728,-0.25379814,-1.00000000,-0.96897061,-0.09246037
1074,-0.00577852,-0.36143685,-1.00000000,-0.79460125,-0.24679207
1075,-0.00292597,-0.25225430,-1.00000000,-0.97147156,-0.35562818
1076,-0.00071997,-0.33007543,-1.00000000,-0.84540518,-0.35133403
1077,0.00277817,-0.28295653,-1.00000000,-0.92173546,-0.24947590
1078,0.00510884,-0.24651733,-1.00000000,-0.98076516,-0.18930649
1079,-0.00357776,-0.18873435,1.00000000,-0.92569057,-0.16786611
1080,0.00797171,-0.15023586,1.00000000,-0.86332493,-0.06169799
1081,-0.00944212,-0.29372283,-1.00000000,-0.90429459,-0.14667148
1082,-0.00077649,-0.10294637,1.00000000,-0.78671831,-0.18130193
1083,0.00480508,-0.39059158,-1.00000000,-0.74737203,-0.18426122
1084,-0.00150332,-0.24745097,-1.00000000,-0.97925272,-0.16405151
1085,0.00089946,-0.15525339,1.00000000,-0.87145309,-0.23295126
1086,0.00245944,-0.25945686,-1.00000000,-0.95980377,-0.11700307
1087,0.00631462,-0.21976727,1.00000000,-0.97596238,-0.04791960
1088,0.00410269,-0.19399911,1.00000000,-0.93421923,-0.05476244
1089,0.01162828,-0.13031854,1.00000000,-0.83105988,0.07316917
1090,-0.00161496,-0.16685558,1.00000000,-0.89024806,0.04867306
1091,0.00457273,-0.04254624,1.00000000,-0.68887311,0.06926127
1092,0.00106720,-0.26130093,-1.00000000,-0.95681647,0.01813953
1093,0.00472011,-0.15909138,1.00000000,-0.87767044,0.02415459
1094,-0.00558703,-0.21699649,1.00000000,-0.97147384,-0.14356161
1095,0.00312589,-0.15665691,1.00000000,-0.87372672,-0.09737497
1096,-0.00048877,-0.32691244,-1.00000000,-0.85052908,-0.14668547
1097,0.00167973,-0.18299054,1.00000000,-0.91638589,-0.14071803
1098,-0.00560722,-0.24269832,-1.00000000,-0.98695176,-0.24132963
1099,0.00041583,-0.20687858,1.00000000,-0.95508334,-0.18284814
1100,0.01528340,-0.32724590,-1.00000000,-0.84998889,-0.06440644
1101,-0.00596285,-0.22775589,1.00000000,-0.98890354,-0.11773640
1102,0.00490671,0.01782974,1.00000000,-0.59106702,-0.08629824
1103,-0.00115510,-0.33312034,-1.00000000,-0.84047259,-0.04292451
1104,-0.00718804,-0.15357456,1.00000000,-0.86873347,-0.11700347
1105,0.00371979,-0.25370487,-1.00000000,-0.96912170,-0.22965930
1106,0.00938908,-0.35335824,-1.00000000,-0.80768819,-0.08009662
1107,0.00480483,-0.17318049,1.00000000,-0.90049409,-0.08108916
1108,-0.00562212,-0.07953381,1.00000000,-0.74879112,-0.12460807
1109,-0.00838535,-0.15525744,1.00000000,-0.87145966,-0.13627256
1110,-0.00379423,-0.32749205,-1.00000000,-0.84959013,-0.20947615
1111,0.00245315,-0.37313562,-1.00000000,-0.77564982,-0.27704786
1112,0.00621923,-0.29729863,-1.00000000,-0.89850197,-0.26326839
1113,0.00038227,-0.19410301,1.00000000,-0.93438754,-0.20477197
1114,0.00282416,-0.13189407,1.00000000,-0.83361214,-0.09556591
1115,-0.00375580,-0.22831020,1.00000000,-0.98980149,-0.09519152
1116,-0.00768277,-0.18797456,1.00000000,-0.92445975,-0.19393839
1117,0.00228585,-0.29666386,-1.00000000,-0.89953028,-0.23225848
1118,0.00936162,-0.36153030,-1.00000000,-0.79444986,-0.14477924
1119,-0.00289891,-0.19686654,1.00000000,-0.93886432,-0.20053492
1120,-0.00147278,-0.07998739,1.00000000,-0.74952592,-0.17829311
1121,0.00718037,-0.28250944,-1.00000000,-0.92245973,-0.03349246
1122,0.00329183,-0.25895242,-1.00000000,-0.96062093,-0.02369190
1123,-0.00074303,-0.11601789,1.00000000,-0.80789352,-0.12213416
1124,0.00002285,-0.18024949,1.00000000,-0.91194552,-0.09366962
1125,-0.00201143,-0.24689823,-1.00000000,-0.98014811,-0.09891729
1126,-0.00802167,-0.23424723,1.00000000,-0.99941919,-0.24701959
1127,-0.00880428,-0.26784995,-1.00000000,-0.94620738,-0.36486313
1128,0.00245009,-0.36712831,-1.00000000,-0.78538137,-0.33375489
1129,-0.00426176,-0.38005558,-1.00000000,-0.76443983,-0.37549671
1130,0.00424801,-0.19415358,1.00000000,-0.93446947,-0.31451551
1131,-0.00282966,-0.30502133,-1.00000000,-0.88599159,-0.26393353
1132,-0.00353696,-0.16445511,1.00000000,-0.88635941,-0.21261787
1133,-0.00547407,-0.28136553,-1.00000000,-0.92431280,-0.28981720
1134,0.00562085,-0.29304886,-1.00000000,-0.90538639,-0.19353815
1135,-0.01738608,-0.32504660,-1.00000000,-0.85355165,-0.40430329
1136,-0.00670789,-0.14177827,1.00000000,-0.84962406,-0.44208604
1137,-0.01129280,-0.52181162,-1.00000000,-0.53480209,-0.51764560
1138,-0.00803175,-0.34542696,-1.00000000,-0.82053648,-0.54256318
1139,0.00388555,-0.42116161,-1.00000000,-0.69785011,-0.55946899
1140,0.00418561,-0.36729486,-1.00000000,-0.78511156,-0.34931183
1141,0.00248174,-0.17044240,1.00000000,-0.89605853,-0.25978408
1142,0.00068242,-0.16548593,1.00000000,-0.88802930,-0.14311820
1143,0.00407092,-0.19363086,1.00000000,-0.93362268,-0.02521072
1144,0.00165739,-0.22335227,1.00000000,-0.98176989,-0.04691801
1145,0.00410751,-0.16738036,1.00000000,-0.89109817,-0.04767888
1146,0.00736517,-0.20724756,1.00000000,-0.95568105,-0.00010311
1147,0.00151396,-0.16677600,1.00000000,-0.89011915,0.00799791
1148,0.00188258,-0.11296518,1.00000000,-0.80294828,-0.01332148
1149,0.00045934,-0.20961683,1.00000000,-0.95951916,-0.02499319
1150,0.01061519,-0.20352781,1.00000000,-0.94965525,0.03840642
1151,-0.01218835,-0.22703719,1.00000000,-0.98773927,-0.15208931
1152,0.00190771,-0.05928069,1.00000000,-0.71598208,-0.14825325
1153,-0.00771582,-0.43595450,-1.00000000,-0.67388635,-0.24176342
1154,0.00888131,-0.20311271,1.00000000,-0.94898281,-0.15971439
1155,-0.00089027,-0.36207619,-1.00000000,-0.79356556,-0.27180367
1156,-0.00326605,-0.08792141,1.00000000,-0.76237863,-0.18488022
1157,0.00517542,-0.24933031,-1.00000000,-0.97620828,-0.15304528
1158,0.00407521,-0.28857405,-1.00000000,-0.91263537,-0.03817398
1159,-0.00026635,-0.14913593,1.00000000,-0.86154311,-0.12729290
1160,0.00189393,-0.16730959,1.00000000,-0.89098353,-0.10016855
1161,-0.00417045,-0.23902434,-1.00000000,-0.99290344,-0.10897941
1162,0.00213501,-0.20334043,1.00000000,-0.94935170,-0.13859994
1163,-0.00415678,-0.30351303,-1.00000000,-0.88843495,-0.21879817
1164,-0.00880140,-0.19935813,1.00000000,-0.94290057,-0.30194890
1165,-0.00350951,-0.30328730,-1.00000000,-0.88880063,-0.35459063
1166,-0.00744303,-0.38000807,-1.00000000,-0.76451679,-0.38647301
1167,0.01188025,-0.29259554,-1.00000000,-0.90612076,-0.29153231
1168,0.01080062,-0.35757024,-1.00000000,-0.80086496,-0.14581326
1169,-0.01008414,-0.03838428,1.00000000,-0.68213093,-0.15831008
1170,-0.00540923,-0.05621773,1.00000000,-0.71102023,-0.17681765
1171,-0.00276014,-0.40119667,-1.00000000,-0.73019231,-0.13119563
1172,0.00141525,-0.32397550,-1.00000000,-0.85528678,-0.23314844
1173,-0.00485115,-0.28021720,-1.00000000,-0.92617304,-0.38563219
1174,0.00223830,-0.21124731,1.00000000,-0.96216045,-0.26558368
1175,-0.00338261,-0.31475698,-1.00000000,-0.87022031,-0.24583978
1176,-0.00320843,-0.19765201,1.00000000,-0.94013675,-0.25020717
1177,0.00065768,-0.29049931,-1.00000000,-0.90951654,-0.25758763
1178,0.00363764,-0.28762220,-1.00000000,-0.91417732,-0.17488754
1179,-0.00127937,-0.22376103,1.00000000,-0.98243206,-0.20915758
1180,0.00417043,-0.17453732,1.00000000,-0.90269210,-0.13557390
1181,-0.00852657,-0.25575756,-1.00000000,-0.96579645,-0.18738463
1182,-0.00130132,-0.16573670,1.00000000,-0.88843553,-0.20646970
1183,0.00125085,-0.37546833,-1.00000000,-0.77187094,-0.22972248
1184,-0.00175992,-0.25612015,-1.00000000,-0.96520906,-0.23440414
1185,-0.00040647,-0.21396286,1.00000000,-0.96655952,-0.27899354
1186,0.00132213,-0.26369542,-1.00000000,-0.95293751,-0.18304493
1187,0.01020818,-0.24133893,-1.00000000,-0.98915392,-0.07091631
1188,0.00416175,-0.21278554,1.00000000,-0.96465231,-0.04255760
1189,-0.00178865,-0.06600382,1.00000000,-0.72687322,-0.04283747
1190,-0.00592747,-0.16588010,1.00000000,-0.88866784,-0.09662448
1191,0.00335097,-0.26416995,-1.00000000,-0.95216879,-0.07685892
1192,-0.00380660,-0.33253588,-1.00000000,-0.84141939,-0.21339470
1193,-0.00488597,-0.17927264,1.00000000,-0.91036308,-0.30153999
1194,0.00134976,-0.29750297,-1.00000000,-0.89817095,-0.27096478
1195,-0.00614234,-0.31533221,-1.00000000,-0.86928847,-0.27305815
1196,-0.00573504,-0.21232907,1.00000000,-0.96391285,-0.36157649
1197,0.00278903,-0.33608522,-1.00000000,-0.83566964,-0.29732004
1198,-0.00164131,-0.32935727,-1.00000000,-0.84656858,-0.26570966
1199,0.00815618,-0.18855488,1.00000000,-0.92539985,-0.19939967
1200,-0.00595123,-0.26173617,-1.00000000,-0.95611140,-0.19753781
1201,-0.00622539,-0.09989916,1.00000000,-0.78178199,-0.20231490
1202,-0.01890002,-0.33292838,-1.00000000,-0.84078355,-0.41361548
1203,-0.01384470,-0.33745692,-1.00000000,-0.83344754,-0.53250423
1204,0.00383872,-0.54681925,-1.00000000,-0.49429097,-0.57456613
1205,-0.00327524,-0.46331444,-1.00000000,-0.62956462,-0.54849589
1206,-0.01658212,-0.17121596,1.00000000,-0.89731165,-0.64939402
1207,-0.00775063,-0.28872577,-1.00000000,-0.91238959,-0.54077361
1208,-0.00620078,-0.50853172,-1.00000000,-0.55631487,-0.46630447
1209,-0.00204545,-0.36265118,-1.00000000,-0.79263410,-0.52362959
1210,0.00140614,-0.33705051,-1.00000000,-0.83410590,-0.47802238
1211,-0.00338424,-0.26841184,-1.00000000,-0.94529713,-0.34944501
1212,0.00006421,-0.21139783,1.00000000,-0.96240429,-0.27331081
1213,-0.01669531,-0.29052622,-1.00000000,-0.90947295,-0.37555134
1214,-0.00618304,-0.23356410,1.00000000,-0.99831255,-0.41586083
1215,0.00703554,-0.51040138,-1.00000000,-0.55328611,-0.36101765
1216,0.00742334,-0.33675741,-1.00000000,-0.83458072,-0.25572739
1217,0.01018197,-0.11841011,1.00000000,-0.81176881,-0.15715742
1218,-0.00489247,-0.11200447,1.00000000,-0.80139198,-0.04217094
1219,-0.00024364,-0.06643673,1.00000000,-0.72757452,0.01569224
1220,-0.00038480,-0.31543950,-1.00000000,-0.86911467,-0.05659870
1221,0.01609386,-0.23864923,-1.00000000,-0.99351109,0.02787189
1222,0.00014233,-0.24098086,-1.00000000,-0.98973397,-0.06993698
1223,-0.00400265,0.03121712,1.00000000,-0.56938012,-0.06126812
1224,0.00421725,-0.23227364,1.00000000,-0.99622206,-0.01780894
1225,-0.00796188,-0.30074127,-1.00000000,-0.89292508,-0.09162687
1226,-0.00625111,-0.16496332,1.00000000,-0.88718269,-0.30931757
1227,0.00135999,-0.36614064,-1.00000000,-0.78698134,-0.29745484
1228,-0.00392376,-0.33788183,-1.00000000,-0.83275920,-0.29668630
1229,-0.00126972,-0.21216014,1.00000000,-0.96363919,-0.35014184
1230,0.00218988,-0.29943820,-1.00000000,-0.89503599,-0.25124068
1231,-0.01099693,-0.25559826,-1.00000000,-0.96605451,-0.29747575
1232,-0.00615460,-0.19845173,1.00000000,-0.94143226,-0.37068490
1233,-0.00518962,-0.41627432,-1.00000000,-0.70576726,-0.38301723
1234,-0.00243527,-0.33628773,-1.00000000,-0.83534158,-0.39437232
1235,-0.00299658,-0.32034791,-1.00000000,-0.86116329,-0.44490027
1236,-0.00629077,-0.27485104,-1.00000000,-0.93486597,-0.39905163
1237,0.00481088,-0.28412289,-1.00000000,-0.91984602,-0.29222294
1238,0.00926158,-0.33853703,-1.00000000,-0.83169781,-0.15143547
1239,0.00389337,-0.15515754,1.00000000,-0.87129782,-0.08978009
1240,0.00196880,-0.08163992,1.00000000,-0.75220292,-0.04140600
1241,0.00937751,-0.17031310,1.00000000,-0.89584908,0.11123860
1242,0.00673793,-0.20210365,1.00000000,-0.94734818,0.13001240
1243,0.00002933,-0.07972504,1.00000000,-0.74910092,0.04006935
1244,-0.01510698,-0.12332620,1.00000000,-0.81973263,-0.14503721
1245,-0.00817670,-0.23414016,1.00000000,-0.99924574,-0.24387740
1246,-0.00106612,-0.48416497,-1.00000000,-0.59578779,-0.34562205
1247,-0.00248944,-0.36968919,-1.00000000,-0.78123287,-0.43551748
1248,-0.00433066,-0.25223513,-1.00000000,-0.97150261,-0.47799373
1249,-0.00014058,-0.27574571,-1.00000000,-0.93341663,-0.33218708
1250,0.00058109,-0.30615950,-1.00000000,-0.88414781,-0.24686634
1251,-0.01210296,-0.23694688,-1.00000000,-0.99626881,-0.35439020
1252,-0.00128021,-0.22502615,1.00000000,-0.98448149,-0.34260957
1253,0.00028281,-0.43454399,-1.00000000,-0.67617131,-0.29766386
1254,0.00286986,-0.25577143,-1.00000000,-0.96577398,-0.26833535
1255,0.00165676,-0.22995315,1.00000000,-0.99246298,-0.25785591
1256,0.00341672,-0.18721981,1.00000000,-0.92323709,-0.10665902
1257,0.00744713,-0.20725804,1.00000000,-0.95569803,-0.02163495
1258,0.00089382,-0.17818664,1.00000000,-0.90860381,-0.01568235
1259,-0.00042315,-0.11161142,1.00000000,-0.80075526,-0.04776371
1260,-0.00123621,-0.21986039,1.00000000,-0.97611321,-0.07594776
1261,0.01193739,-0.24161439,-1.00000000,-0.98870767,0.00706297
1262,-0.01800677,-0.25504466,-1.00000000,-0.96695131,-0.24091573
1263,-0.00256745,-0.03744028,1.00000000,-0.68060171,-0.27463636
1264,0.00060482,-0.53206427,-1.00000000,-0.51819330,-0.26462161
1265,-0.00017651,-0.27703440,-1.00000000,-0.93132902,-0.25429776
1266,-0.00220922,-0.22463418,1.00000000,-0.98384652,-0.39211790
1267,0.00050436,-0.23754036,-1.00000000,-0.99530741,-0.21177754
1268,0.00706644,-0.27111711,-1.00000000,-0.94091475,-0.11792158
1269,0.00426416,-0.22629356,1.00000000,-0.98653464,-0.08227126
1270,0.00315084,-0.11789974,1.00000000,-0.81094203,-0.04985528
1271,0.01209513,-0.16418835,1.00000000,-0.88592729,0.08950152
1272,-0.01038149,-0.18257842,1.00000000,-0.91571828,-0.01655136
1273,0.00016337,-0.03483485,1.00000000,-0.67638103,-0.08380290
1274,-0.00341072,-0.40610835,-1.00000000,-0.72223564,-0.15857365
1275,-0.00266858,-0.23192608,1.00000000,-0.99565903,-0.21526803
1276,-0.00556444,-0.29096365,-1.00000000,-0.90876433,-0.38731227
1277,0.00641458,-0.27870489,-1.00000000,-0.92862292,-0.22368041
1278,0.00459298,-0.32653929,-1.00000000,-0.85113356,-0.18052598
1279,-0.00192813,-0.12866726,1.00000000,-0.82838488,-0.16608225
1280,0.00774500,-0.15875687,1.00000000,-0.87712855,-0.06463032
1281,-0.00062711,-0.26647403,-1.00000000,-0.94843630,-0.01652954
1282,0.00733278,-0.10669110,1.00000000,-0.79278459,-0.00758423
1283,0.00185302,-0.24498346,-1.00000000,-0.98324995,-0.03427762
1284,-0.00107941,-0.11350031,1.00000000,-0.80381517,-0.02600913
1285,0.01742074,-0.20401604,1.00000000,-0.95044616,0.06825452
1286,0.01393204,-0.25245464,-1.00000000,-0.97114701,0.21009366
1287,-0.00187471,0.05313482,1.00000000,-0.53387454,0.12039182
1288,-0.00756102,-0.00449236,1.00000000,-0.62722771,0.02867764
1289,0.00169357,-0.26559158,-1.00000000,-0.94986583,0.05569273
1290,0.00525922,-0.35951928,-1.00000000,-0.79770762,-0.06278810
1291,0.00608027,-0.20665001,1.00000000,-0.95471305,-0.13928213
1292,0.00310950,-0.14775181,1.00000000,-0.85930090,-0.09072461
1293,-0.00050882,-0.13418953,1.00000000,-0.83733069,-0.02202018
1294,0.00363921,-0.18326132,1.00000000,-0.91682455,-0.00306519
1295,-0.00700174,-0.24302953,-1.00000000,-0.98641523,-0.12251476
1296,-0.00270528,-0.17451145,1.00000000,-0.90265018,-0.20810589
1297,-0.01660222,-0.35028095,-1.00000000,-0.81267325,-0.40014277
1298,0.00097969,-0.27931101,-1.00000000,-0.92764103,-0.38564127
1299,-0.00017045,-0.50886370,-1.00000000,-0.55577708,-0.42275600
1300,-0.00310166,-0.21844195,1.00000000,-0.97381542,-0.38476031
1301,0.00486547,-0.23744021,-1.00000000,-0.99546964,-0.31100406
1302,-0.00422600,-0.28585849,-1.00000000,-0.91703443,-0.19043157
1303,0.00343729,-0.15425581,1.00000000,-0.86983706,-0.16648898
1304,0.00255002,-0.30443062,-1.00000000,-0.88694851,-0.13998542
1305,0.00173043,-0.17784682,1.00000000,-0.90805333,-0.09290993
1306,-0.00143872,-0.19250289,1.00000000,-0.93179543,-0.15432700
1307,0.00691734,-0.20604105,1.00000000,-0.95372658,-0.04576565
1308,0.00139869,-0.25838969,-1.00000000,-0.96153253,-0.06562627
1309,-0.00043205,-0.12036266,1.00000000,-0.81493184,-0.09467841
1310,0.00153533,-0.21152091,1.00000000,-0.96260367,-0.09657911
1311,0.00701858,-0.24176137,-1.00000000,-0.98846958,-0.01418590
1312,-0.00813094,-0.20926373,1.00000000,-0.95894716,-0.16079026
1313,0.00126103,-0.11869035,1.00000000,-0.81222279,-0.16213136
1314,0.00341125,-0.36893329,-1.00000000,-0.78245739,-0.12468894
1315,-0.00334629,-0.21379478,1.00000000,-0.96628723,-0.17224704
1316,0.00291301,-0.17827699,1.00000000,-0.90875017,-0.21224460
1317,-0.00032880,-0.28989944,-1.00000000,-0.91048829,-0.13623407
1318,-0.00636609,-0.18650703,1.00000000,-0.92208242,-0.21053953
1319,0.00114511,-0.24005591,-1.00000000,-0.99123234,-0.23261684
1320,0.00314726,-0.33978118,-1.00000000,-0.82968235,-0.16935490
1321,-0.00154337,-0.21570951,1.00000000,-0.96938900,-0.21277013
1322,-0.01195732,-0.18263756,1.00000000,-0.91581408,-0.32605831
1323,-0.00683094,-0.26011841,-1.00000000,-0.95873208,-0.33058692
1324,-0.00187906,-0.43213830,-1.00000000,-0.68006842,-0.36004924
1325,-0.00194656,-0.34745952,-1.00000000,-0.81724383,-0.40967463
1326,-0.00343432,-0.26566348,-1.00000000,-0.94974935,-0.42809680
1327,0.00648494,-0.26677839,-1.00000000,-0.94794324,-0.24842732
1328,-0.00508857,-0.29135357,-1.00000000,-0.90813267,-0.23145274
1329,0.00241261,-0.12750508,1.00000000,-0.82650221,-0.18964208
1330,-0.00143321,-0.31867878,-1.00000000,-0.86386720,-0.18464087
1331,0.00850406,-0.19477267,1.00000000,-0.93547236,-0.06833395
1332,0.01185573,-0.25829874,-1.00000000,-0.96167986,-0.01601027
1333,-0.00067625,-0.09415286,1.00000000,-0.77247326,0.02697577
1334,-0.01255742,-0.03878923,1.00000000,-0.68278694,-0.11886632
1335,0.00040817,-0.24579509,-1.00000000,-0.98193516,-0.10092713
1336,-0.00248468,-0.44205087,-1.00000000,-0.66401055,-0.20798240
1337,-0.00188871,-0.22788248,1.00000000,-0.98910860,-0.34188442
1338,-0.00342235,-0.27566721,-1.00000000,-0.93354380,-0.36863771
1339,0.00082148,-0.26582280,-1.00000000,-0.94949126,-0.23829685
1340,-0.01175511,-0.29115583,-1.00000000,-0.90845301,-0.35679473
1341,0.00024125,-0.22105532,1.00000000,-0.97804894,-0.33023791
1342,-0.00025255,-0.42879800,-1.00000000,-0.68547953,-0.31429804
1343,-0.00245223,-0.23063960,1.00000000,-0.99357501,-0.30484686
1344,0.00102900,-0.23879642,-1.00000000,-0.99327264,-0.30282510
1345,-0.00588028,-0.27513116,-1.00000000,-0.93441218,-0.24559101
1346,0.00213176,-0.21762739,1.00000000,-0.97249586,-0.22717319
1347,0.01559068,-0.33175646,-1.00000000,-0.84268201,-0.07282414
1348,0.00537856,-0.19941182,1.00000000,-0.94298754,0.00346554
1349,0.00112197,0.02290548,1.00000000,-0.58284457,0.00437126
1350,-0.00382737,-0.14578048,1.00000000,-0.85610744,0.02437128
1351,-0.00057243,-0.21609171,1.00000000,-0.97000814,-0.00197370
1352,0.00289209,-0.29784603,-1.00000000,-0.89761522,-0.12568679
1353,0.00193642,-0.24408026,-1.00000000,-0.98471309,-0.15922107
1354,-0.00610302,-0.18685255,1.00000000,-0.92264216,-0.22960884
1355,-0.00749699,-0.20263851,1.00000000,-0.94821463,-0.26535927
1356,-0.00240467,-0.33543560,-1.00000000,-0.83672199,-0.28320945
1357,0.00173990,-0.35846159,-1.00000000,-0.79942103,-0.29443439
1358,-0.00894189,-0.27434561,-1.00000000,-0.93568473,-0.40041377
1359,0.00269233,-0.20588467,1.00000000,-0.95347324,-0.31472717
1360,0.00778909,-0.38232866,-1.00000000,-0.76075755,-0.16580605
1361,-0.00388477,-0.19015225,1.00000000,-0.92798751,-0.18022549
1362,-0.02307749,-0.10596283,1.00000000,-0.79160484,-0.42200312
1363,-0.00619099,-0.29879407,-1.00000000,-0.89607943,-0.39520316
1364,0.00201625,-0.61582347,-1.00000000,-0.38250756,-0.40178968
1365,0.00599024,-0.33688879,-1.00000000,-0.83436788,-0.41931457
1366,0.00867033,-0.20131983,1.00000000,-0.94607843,-0.29699941
1367,0.00088981,-0.13567664,1.00000000,-0.83973973,-0.06350357
1368,-0.01005006,-0.09140626,1.00000000,-0.76802392,-0.10109961
1369,0.00054931,-0.21992658,1.00000000,-0.97622045,-0.11539097
1370,-0.00874276,-0.40063363,-1.00000000,-0.73110441,-0.25892378
1371,-0.00299865,-0.22555112,1.00000000,-0.98533192,-0.37260619
1372,0.01025018,-0.37903941,-1.00000000,-0.76608597,-0.28141501
1373,-0.00078791,-0.28415706,-1.00000000,-0.91979066,-0.19118071
1374,-0.00070737,-0.06531010,1.00000000,-0.72574943,-0.20342364
1375,-0.00146140,-0.24763957,-1.00000000,-0.97894718,-0.13248666
1376,0.00170797,-0.24630926,-1.00000000,-0.98110223,-0.08663350
1377,0.00545501,-0.25876433,-1.00000000,-0.96092563,-0.13334934
1378,-0.00609302,-0.20641212,1.00000000,-0.95432769,-0.18503316
1379,0.00178764,-0.14451774,1.00000000,-0.85406186,-0.16072609
1380,-0.00878267,-0.33527053,-1.00000000,-0.83698939,-0.23205186
1381,0.00279134,-0.20509613,1.00000000,-0.95219585,-0.22149735
1382,0.00574105,-0.37969861,-1.00000000,-0.76501810,-0.21871065
1383,-0.01173495,-0.18851673,1.00000000,-0.92533804,-0.27367579
1384,-0.01371251,-0.13979284,1.00000000,-0.84640776,-0.42468241
1385,0.00105918,-0.42846503,-1.00000000,-0.68601892,-0.32880049
1386,0.00008476,-0.46113089,-1.00000000,-0.63310186,-0.35516874
1387,-0.00536108,-0.21712889,1.00000000,-0.97168833,-0.46332863
1388,0.00212343,-0.23322461,1.00000000,-0.99776259,-0.32831659
1389,-0.00418096,-0.32318010,-1.00000000,-0.85657528,-0.23545763
1390,0.00112506,-0.19954942,1.00000000,-0.94321045,-0.23481587
1391,0.00792956,-0.30368665,-1.00000000,-0.88815371,-0.15838972
1392,0.00321700,-0.21604079,1.00000000,-0.96992565,-0.07481976
1393,0.01918001,-0.10364255,1.00000000,-0.78784609,0.09135003
1394,-0.00325670,-0.18148554,1.00000000,-0.91394788,0.10035441
1395,-0.00402505,0.08219478,1.00000000,-0.48679885,0.05018074
1396,-0.00277271,-0.28841953,-1.00000000,-0.91288567,-0.05408360
1397,0.00144331,-0.30111124,-1.00000000,-0.89232573,-0.07136343
1398,0.00143381,-0.28042484,-1.00000000,-0.92583668,-0.24425167
1399,0.01571195,-0.21078383,1.00000000,-0.96140964,-0.05945403
1400,-0.00136020,-0.21094071,1.00000000,-0.96166378,-0.03349235
1401,-0.00722533,0.02490858,1.00000000,-0.57959964,-0.07687103
1402,-0.01101013,-0.25709270,-1.00000000,-0.96363358,-0.19819573
1403,0.00201800,-0.35397426,-1.00000000,-0.80669027,-0.19250440
1404,0.01244381,-0.41649229,-1.00000000,-0.70541417,-0.22434346
1405,-0.00315337,-0.20129094,1.00000000,-0.94603163,-0.24181300
1406,-0.00990395,-0.02907518,1.00000000,-0.66705066,-0.26790880
1407,-0.00196794,-0.28671266,-1.00000000,-0.91565072,-0.17981738
1408,-0.00495771,-0.39822021,-1.00000000,-0.73501403,-0.24777659
1409,0.00571728,-0.26713152,-1.00000000,-0.94737119,-0.31330828
1410,-0.01726830,-0.31651715,-1.00000000,-0.86736894,-0.45081970
1411,-0.00101495,-0.14018548,1.00000000,-0.84704382,-0.36422068
1412,-0.00936299,-0.51986603,-1.00000000,-0.53795384,-0.43626529
1413,-0.00338642,-0.25138984,-1.00000000,-0.97287194,-0.42095735
1414,0.00123444,-0.38928460,-1.00000000,-0.74948927,-0.46463040
1415,-0.00004689,-0.29056222,-1.00000000,-0.90941463,-0.29685487
1416,0.00305681,-0.21423401,1.00000000,-0.96699877,-0.25718674
1417,0.00619512,-0.23539926,-1.00000000,-0.99877589,-0.10561543
1418,-0.00513322,-0.18413173,1.00000000,-0.91823456,-0.12263325
1419,-0.01163468,-0.13229241,1.00000000,-0.83425745,-0.24800765
1420,-0.00401501,-0.31941626,-1.00000000,-0.86267251,-0.28666616
1421,-0.00397180,-0.42680884,-1.00000000,-0.68870188,-0.35514073
1422,0.00914340,-0.30094553,-1.00000000,-0.89259417,-0.32641779
1423,0.00848992,-0.30023173,-1.00000000,-0.89375050,-0.19369757
1424,-0.00164507,-0.08359209,1.00000000,-0.75536534,-0.09637605
1425,0.00219380,-0.09438648,1.00000000,-0.77285171,-0.03588812
1426,0.00434668,-0.26179825,-1.00000000,-0.95601084,0.04515273
1427,0.00336803,-0.19838703,1.00000000,-0.94132744,-0.01111245
1428,0.00877808,-0.16282535,1.00000000,-0.88371929,-0.00830506
1429,0.00565947,-0.17899083,1.00000000,-0.90990655,0.06285769
1430,-0.01752089,-0.08962648,1.00000000,-0.76514076,-0.12920810
1431,-0.00197062,-0.14114038,1.00000000,-0.84859071,-0.19075291
1432,0.00988199,-0.52403844,-1.00000000,-0.53119476,-0.12729217
1433,0.00230221,-0.26717581,-1.00000000,-0.94729944,-0.19038182
1434,-0.00240229,-0.07139187,1.00000000,-0.73560159,-0.26892168
1435,0.00175660,-0.19659625,1.00000000,-0.93842647,-0.08111523
1436,0.00183108,-0.27430629,-1.00000000,-0.93574843,-0.04407807
1437,-0.00199683,-0.20560882,1.00000000,-0.95302639,-0.15980476
1438,0.00899006,-0.20437856,1.00000000,-0.95103342,-0.09464997
1439,-0.00028002,-0.26760880,-1.00000000,-0.94659803,-0.07397423
1440,0.00171264,-0.08612499,1.00000000,-0.75946852,-0.07440248
1441,-0.00773888,-0.23925016,-1.00000000,-0.99253762,-0.16763558
1442,0.01372584,-0.20633494,1.00000000,-0.95420267,-0.01446112
1443,-0.00225022,-0.36245715,-1.00000000,-0.79294841,-0.12396697
1444,-0.00310940,-0.00789842,1.00000000,-0.63274537,-0.15153150
1445,-0.00697146,-0.27179435,-1.00000000,-0.93981765,-0.23613435
1446,0.00312714,-0.28598638,-1.00000000,-0.91682726,-0.13027463
1447,-0.00256279,-0.34978076,-1.00000000,-0.81348354,-0.28896283
1448,-0.01309317,-0.18296987,1.00000000,-0.91635241,-0.39459772
1449,-0.00928708,-0.27695747,-1.00000000,-0.93145365,-0.45478232
1450,-0.00945209,-0.45090041,-1.00000000,-0.64967473,-0.47894922
1451,0.01292024,-0.38803059,-1.00000000,-0.75152071,-0.38354221
1452,-0.00013910,-0.39075623,-1.00000000,-0.74710532,-0.35992996
1453,-0.00054368,-0.02120536,1.00000000,-0.65430194,-0.23766950
1454,-0.00227154,-0.23692243,-1.00000000,-0.99630842,-0.16932225
1455,0.00325111,-0.24360534,-1.00000000,-0.98548245,-0.04556428
1456,-0.00073461,-0.27214646,-1.00000000,-0.93924724,-0.17859355
1457,-0.00544095,-0.18092212,1.00000000,-0.91303515,-0.23024556
1458,-0.00180931,-0.24675915,-1.00000000,-0.98037342,-0.24257561
1459,0.01125225,-0.32449945,-1.00000000,-0.85443800,-0.11082321
1460,0.00295239,-0.26451118,-1.00000000,-0.95161601,-0.11373346
1461,-0.01836205,-0.04875762,1.00000000,-0.69893523,-0.28546474
1462,0.00101377,-0.18585651,1.00000000,-0.92102862,-0.22258115
1463,0.00209992,-0.53793299,-1.00000000,-0.50868628,-0.18449638
1464,-0.00467633,-0.21787905,1.00000000,-0.97290355,-0.33967693
1465,-0.00521127,-0.19993770,1.00000000,-0.94383945,-0.41920948
1466,-0.00776340,-0.31186935,-1.00000000,-0.87489813,-0.31595450
1467,-0.00159217,-0.32070554,-1.00000000,-0.86058395,-0.34134220
1468,0.00170787,-0.36286209,-1.00000000,-0.79229243,-0.34516174
1469,-0.00066272,-0.26092441,-1.00000000,-0.95742640,-0.30606006
1470,-0.00040340,-0.20641381,1.00000000,-0.95433043,-0.25922048
1471,0.00546629,-0.24557166,-1.00000000,-0.98229710,-0.13033339
1472,0.00122910,-0.24128810,-1.00000000,-0.98923625,-0.10284789
1473,0.00267043,-0.14433144,1.00000000,-0.85376006,-0.09347034
1474,0.00262795,-0.21432220,1.00000000,-0.96714162,-0.06141171
1475,0.00830383,-0.19051398,1.00000000,-0.92857349,0.02341639
1476,0.00696274,-0.19121561,1.00000000,-0.92971010,0.03799525
1477,0.00154361,-0.09746035,1.00000000,-0.77783124,0.04105933
1478,-0.00507799,-0.11961269,1.00000000,-0.81371693,-0.03442788
1479,0.00096323,-0.20912699,1.00000000,-0.95872564,-0.05064602
1480,-0.00507768,-0.31850405,-1.00000000,-0.86415025,-0.18101221
1481,-0.00092278,-0.21871380,1.00000000,-0.97425580,-0.25783503
1482,-0.01338254,-0.31849885,-1.00000000,-0.86415867,-0.40324955
1483,-0.00353189,-0.24986731,-1.00000000,-0.97533836,-0.38818703
1484,-0.00030693,-0.45568023,-1.00000000,-0.64193166,-0.40056133
1485,-0.00061026,-0.29296525,-1.00000000,-0.90552184,-0.35703851
1486,0.00109784,-0.23969467,-1.00000000,-0.99181753,-0.33735307
1487,-0.01200047,-0.24470504,-1.00000000,-0.98370098,-0.32388858
1488,0.00126307,-0.21649025,1.00000000,-0.97065377,-0.27717475
1489,0.01284553,-0.43285092,-1.00000000,-0.67891401,-0.14903993
1490,0.00793580,-0.21376102,1.00000000,-0.96623254,-0.06578198
1491,0.00054422,-0.02243951,1.00000000,-0.65630120,-0.07117557
1492,0.00693958,-0.10353951,1.00000000,-0.78767917,0.11334343
1493,-0.00445696,-0.22563520,1.00000000,-0.98546812,0.05761738
1494,0.00915095,-0.11999525,1.00000000,-0.81433665,0.02162377
1495,0.01305165,-0.30824566,-1.00000000,-0.88076833,0.07146383
1496,-0.00129005,-0.08346739,1.00000000,-0.75516333,0.05359393
1497,-0.00880636,-0.01903470,1.00000000,-0.65078558,-0.09980724
1498,-0.00161139,-0.25593397,-1.00000000,-0.96551068,-0.07208493
1499,0.00197675,-0.38009000,-1.00000000,-0.76438407,-0.14197792
1500,-0.00821898,-0.26124193,-1.00000000,-0.95691204,-0.34920216
1501,0.00773852,-0.20197235,1.00000000,-0.94713549,-0.26124345
1502,0.00485266,-0.37038757,-1.00000000,-0.78010153,-0.12817363
1503,-0.00494311,-0.10679820,1.00000000,-0.79295809,-0.16063213
1504,0.00328109,-0.15446745,1.00000000,-0.87017991,-0.14792491
1505,0.00012831,-0.31627596,-1.00000000,-0.86775964,-0.06660331
1506,0.00672858,-0.18042701,1.00000000,-0.91223309,-0.07644238
1507,0.01452941,-0.23250516,1.00000000,-0.99659712,0.01783114
1508,-0.00042831,-0.12348054,1.00000000,-0.81998265,0.06181552
1509,-0.00011356,0.00537518,1.00000000,-0.61124279,0.02874399
1510,-0.00859600,-0.24169957,-1.00000000,-0.98856970,-0.05625058
1511,0.00644961,-0.23650045,-1.00000000,-0.99699201,-0.05896836
1512,-0.00275790,-0.37661515,-1.00000000,-0.77001315,-0.22738593
1513,0.00590840,-0.12808859,1.00000000,-0.82744746,-0.16565199
1514,-0.00102151,-0.28018021,-1.00000000,-0.92623298,-0.17449749
1515,-0.01054573,-0.13702843,1.00000000,-0.84192955,-0.19349230
1516,-0.01143222,-0.25149817,-1.00000000,-0.97269645,-0.36770195
1517,0.00696072,-0.40882123,-1.00000000,-0.71784091,-0.27302063
1518,-0.01254502,-0.42346455,-1.00000000,-0.69411945,-0.45279885
1519,-0.00023147,-0.11964613,1.00000000,-0.81377109,-0.44510211
1520,0.00560376,-0.44184601,-1.00000000,-0.66434241,-0.28776948
1521,-0.00229113,-0.23844818,-1.00000000,-0.99383678,-0.19871449
1522,-0.01231298,-0.14206060,1.00000000,-0.85008142,-0.38648401
1523,-0.01274125,-0.27247003,-1.00000000,-0.93872307,-0.38839567
1524,-0.00317818,-0.43801311,-1.00000000,-0.67055152,-0.41710325
1525,0.00397787,-0.44508727,-1.00000000,-0.65909172,-0.43294311
1526,0.00083234,-0.28712246,-1.00000000,-0.91498687,-0.40251341
1527,0.01375238,-0.16891740,1.00000000,-0.89358811,-0.14857768
1528,0.00222818,-0.22087587,1.00000000,-0.97775824,-0.00274148
1529,-0.00841809,-0.00745998,1.00000000,-0.63203511,-0.05379013
1530,0.00339196,-0.19781908,1.00000000,-0.94040739,-0.05949820
1531,-0.00333182,-0.37367646,-1.00000000,-0.77477370,-0.10006655
1532,-0.00157849,-0.17859555,1.00000000,-0.90926623,-0.24942397
1533,0.00090118,-0.28966033,-1.00000000,-0.91087565,-0.26235200
1534,0.00603581,-0.26069847,-1.00000000,-0.95779241,-0.12153829
1535,-0.00918994,-0.21973882,1.00000000,-0.97591628,-0.24411454
1536,-0.00046652,-0.13492398,1.00000000,-0.83852046,-0.21620004
1537,0.00219646,-0.38642605,-1.00000000,-0.75411999,-0.17942346
1538,0.00041326,-0.24233072,-1.00000000,-0.98754726,-0.18417688
1539,0.00831855,-0.19834305,1.00000000,-0.94125619,-0.16193774
1540,-0.00682285,-0.22779833,1.00000000,-0.98897229,-0.13887691
1541,-0.00391694,-0.09721708,1.00000000,-0.77743715,-0.17249186
1542,-0.00442374,-0.34732595,-1.00000000,-0.81746021,-0.23698771
1543,-0.01010890,-0.29932556,-1.00000000,-0.89521846,-0.33949743
1544,0.00664383,-0.30769704,-1.00000000,-0.88165707,-0.35581302
1545,0.00080935,-0.40160564,-1.00000000,-0.72952981,-0.28145810
1546,0.00122684,-0.12488048,1.00000000,-0.82225048,-0.23134598
1547,0.00552392,-0.22125569,1.00000000,-0.97837353,-0.13443314
1548,0.00350398,-0.21435945,1.00000000,-0.96720198,-0.00181276
1549,0.00293001,-0.14337937,1.00000000,-0.85221777,-0.03799381
1550,-0.00462829,-0.17674513,1.00000000,-0.90626863,-0.09096870
1551,-0.00190642,-0.18622617,1.00000000,-0.92162745,-0.12149378
1552,0.00666386,-0.31107568,-1.00000000,-0.87618384,-0.11038817
1553,-0.00010518,-0.26611533,-1.00000000,-0.94901738,-0.14554963
1554,-0.00448383,-0.12454960,1.00000000,-0.82171448,-0.21777720
1555,0.00330750,-0.23636207,-1.00000000,-0.99721617,-0.14046470
1556,-0.00904040,-0.30868947,-1.00000000,-0.88004938,-0.20996583
1557,-0.00297313,-0.17999079,1.00000000,-0.91152644,-0.30385200
1558,-0.00332522,-0.38395588,-1.00000000,-0.75812153,-0.33522247
1559,-0.00333849,-0.28373548,-1.00000000,-0.92047360,-0.32406426
1560,0.00188120,-0.28955134,-1.00000000,-0.91105221,-0.33795957
1561,0.02154414,-0.28977052,-1.00000000,-0.91069715,-0.03999685
1562,-0.00419373,-0.20355056,1.00000000,-0.94969210,-0.05188825
1563,0.01014208,0.12124589,1.00000000,-0.42353800,0.07931379
1564,0.00289192,-0.30389759,-1.00000000,-0.88781199,0.14001203
1565,-0.00860231,-0.06709565,1.00000000,-0.72864193,0.03787885
1566,0.00227553,-0.18685542,1.00000000,-0.92264681,-0.14984108
1567,-0.01066074,-0.37671941,-1.00000000,-0.76984425,-0.21284442
1568,-0.00407669,-0.19703702,1.00000000,-0.93914048,-0.35136745
1569,-0.00181096,-0.41072103,-1.00000000,-0.71476333,-0.39718409
1570,-0.00636160,-0.30196424,-1.00000000,-0.89094393,-0.37535454
1571,-0.00391889,-0.26453845,-1.00000000,-0.95157183,-0.43570226
1572,-0.02026947,-0.33970697,-1.00000000,-0.82980258,-0.52931309
1573,-0.00571812,-0.29935778,-1.00000000,-0.89516626,-0.54530436
1574,-0.01712700,-0.56944007,-1.00000000,-0.45764636,-0.69451734
1575,-0.00000465,-0.32907776,-1.00000000,-0.84702137,-0.63258623
1576,-0.00895325,-0.51753205,-1.00000000,-0.54173477,-0.68163225
1577,0.00937572,-0.23470153,-1.00000000,-0.99990618,-0.39282085
1578,-0.00476399,-0.38251629,-1.00000000,-0.76045361,-0.38352545
1579,-0.02107184,-0.07975455,1.00000000,-0.74914873,-0.42195720
1580,0.01694797,-0.31331721,-1.00000000,-0.87255267,-0.25680022
1581,0.00531569,-0.58269386,-1.00000000,-0.43617589,-0.11778843
1582,0.01694369,0.04532544,1.00000000,-0.54652536,-0.04405929
1583,-0.01491770,-0.14681900,1.00000000,-0.85778980,-0.14297945
1584,0.00007401,0.04525468,1.00000000,-0.54663997,0.06302918
1585,-0.04548218,-0.48103833,-1.00000000,-0.60085280,-0.54518207
1586,0.01897123,-0.23340210,1.00000000,-0.99805012,-0.41214618
1587,0.01249045,-0.98590893,-1.00000000,0.21701249,-0.45553076
1588,0.01966283,0.07874602,1.00000000,-0.49238567,-0.11863799
1589,-0.00027172,-0.02830476,1.00000000,-0.66580261,-0.12200628
1590,0.00094915,0.09017012,1.00000000,-0.47387919,0.33034020
1591,0.01464895,-0.23911309,-1.00000000,-0.99275966,0.28823145
1592,-0.00327283,-0.21894640,1.00000000,-0.97463260,0.13466128
1593,0.01361145,0.00734979,1.00000000,-0.60804402,0.07570708
1594,-0.00573563,-0.28868605,-1.00000000,-0.91245393,0.02247624
1595,-0.00216913,-0.00978792,1.00000000,-0.63580625,-0.00790295
1596,0.00439344,-0.32936705,-1.00000000,-0.84655272,-0.10781486
1597,-0.01039765,-0.27045491,-1.00000000,-0.94198746,-0.17722677
1598,0.00110111,-0.16205286,1.00000000,-0.88246789,-0.29910588
1599,0.01854888,-0.40637534,-1.00000000,-0.72180312,-0.06251965
1600,-0.00840108,-0.21643639,1.00000000,-0.97056650,-0.12323296
1601,0.00829895,0.07176964,1.00000000,-0.50368706,-0.08518450
1602,0.00545582,-0.37339554,-1.00000000,-0.77522876,0.06926432
1603,0.03142996,-0.09754094,1.00000000,-0.77796178,0.36473616
1604,-0.00644480,-0.14450427,1.00000000,-0.85404006,0.12124101
1605,-0.00150701,0.28454204,1.00000000,-0.15900634,0.18840494
1606,0.01095069,-0.34108127,-1.00000000,-0.82757627,0.21423897
1607,0.00687869,-0.25951775,-1.00000000,-0.95970513,0.22810092
1608,0.00008447,-0.05373883,1.00000000,-0.70700454,-0.07727530
1609,0.00445860,-0.12100105,1.00000000,-0.81596600,0.02894860
1610,-0.00541749,-0.23322947,1.00000000,-0.99777046,-0.00914838
1611,-0.01453454,-0.16097651,1.00000000,-0.88072427,-0.25743239
1612,-0.00309556,-0.32411194,-1.00000000,-0.85506574,-0.35460419
1613,0.01131308,-0.47470935,-1.00000000,-0.61110543,-0.24521200
1614,-0.00840353,-0.28575780,-1.00000000,-0.91719755,-0.37051833
1615,-0.01471236,-0.04775281,1.00000000,-0.69730748,-0.46107142
1616,0.00326243,-0.37343591,-1.00000000,-0.77516336,-0.28768848
1617,0.00439573,-0.47764652,-1.00000000,-0.60634736,-0.21470634
1618,-0.00296653,-0.18073511,1.00000000,-0.91273220,-0.35382217
1619,0.00058149,-0.16201511,1.00000000,-0.88240675,-0.26628775
1620,0.00002850,-0.28362648,-1.00000000,-0.92065018,-0.12267836
1621,-0.00061810,-0.22501956,1.00000000,-0.98447081,-0.16048359
1622,0.00667717,-0.23415391,1.00000000,-0.99926801,-0.13825719
1623,0.00444690,-0.24483463,-1.00000000,-0.98349105,-0.06603355
1624,-0.00068388,-0.12432981,1.00000000,-0.82135842,-0.07836112
1625,0.00167374,-0.16116985,1.00000000,-0.88103746,-0.06233276
1626,-0.01883057,-0.24592120,-1.00000000,-0.98173086,-0.23976355
1627,0.01362930,-0.20697751,1.00000000,-0.95524360,-0.17203398
1628,-0.00501004,-0.54567208,-1.00000000,-0.49614933,-0.26416598
1629,-0.00081939,-0.00949297,1.00000000,-0.63532844,-0.26548619
1630,-0.01669238,-0.31738151,-1.00000000,-0.86596871,-0.44441383
1631,-0.00066964,-0.24815963,-1.00000000,-0.97810472,-0.26748515
1632,0.00462064,-0.51035292,-1.00000000,-0.55336462,-0.35524998
1633,0.00471808,-0.24568595,-1.00000000,-0.98211195,-0.26047610
1634,-0.00749488,-0.15830000,1.00000000,-0.87638845,-0.32551050
1635,0.00201091,-0.15669049,1.00000000,-0.87378112,-0.14329808
1636,0.00649549,-0.35842676,-1.00000000,-0.79947745,-0.07349343
1637,-0.00453885,-0.20140811,1.00000000,-0.94622144,-0.16272761
1638,-0.00467311,-0.12733076,1.00000000,-0.82621982,-0.25421904
1639,-0.01197506,-0.30959835,-1.00000000,-0.87857704,-0.29786612
1640,-0.00809867,-0.31181604,-1.00000000,-0.87498449,-0.39635637
1641,0.00211912,-0.43243125,-1.00000000,-0.67959384,-0.43899214
1642,-0.00250169,-0.36840031,-1.00000000,-0.78332079,-0.41914555
1643,-0.00359693,-0.19962057,1.00000000,-0.94332571,-0.40866111
1644,0.00289950,-0.27594805,-1.00000000,-0.93308885,-0.26374920
1645,0.00742833,-0.29403948,-1.00000000,-0.90378164,-0.11248099
1646,0.00239074,-0.18673019,1.00000000,-0.92244394,-0.10983484
1647,0.00249828,-0.11192203,1.00000000,-0.80125844,-0.06112380
1648,-0.01145106,-0.19513396,1.00000000,-0.93605764,-0.13764087
1649,-0.00432073,-0.19335752,1.00000000,-0.93317989,-0.20798221
1650,0.00274678,-0.42377570,-1.00000000,-0.69361541,-0.25359107
1651,0.00665266,-0.30599535,-1.00000000,-0.88441372,-0.21207027
1652,0.00361741,-0.18925277,1.00000000,-0.92653039,-0.20116744
1653,0.01395388,-0.12473461,1.00000000,-0.82201418,0.04633433
1654,-0.00599898,-0.17487155,1.00000000,-0.90323354,0.02998431
1655,0.00725840,-0.00413148,1.00000000,-0.62664311,0.07393767
1656,-0.00702835,-0.33371713,-1.00000000,-0.83950581,-0.05934645
1657,-0.00898237,-0.11472897,1.00000000,-0.80580553,-0.18209688
1658,0.00512352,-0.35072050,-1.00000000,-0.81196120,-0.26812469
1659,-0.00667126,-0.38299737,-1.00000000,-0.75967428,-0.27467416
1660,-0.01032406,-0.14999336,1.00000000,-0.86293210,-0.44596714
1661,0.00419904,-0.34482190,-1.00000000,-0.82151664,-0.33658691
1662,0.00494699,-0.40515965,-1.00000000,-0.72377249,-0.20088336
1663,0.00094182,-0.16526411,1.00000000,-0.88766996,-0.24162252
1664,0.02326047,-0.15290929,1.00000000,-0.86765576,0.04998039
1665,-0.00612004,-0.21906743,1.00000000,-0.97482866,0.09093709
1666,0.00432608,0.14959669,1.00000000,-0.37761111,0.09217481
1667,0.00430458,-0.33571673,-1.00000000,-0.83626656,0.08591632
1668,-0.00599703,-0.16316554,1.00000000,-0.88427037,0.01831612
1669,0.00048808,-0.16352069,1.00000000,-0.88484570,-0.20353865
1670,-0.00024340,-0.33368493,-1.00000000,-0.83955798,-0.14628687
1671,-0.00704450,-0.22656253,1.00000000,-0.98697035,-0.25706216
1672,0.00517045,-0.23864518,-1.00000000,-0.99351765,-0.24862663
1673,0.00099486,-0.35098726,-1.00000000,-0.81152906,-0.18050978
1674,0.00665289,-0.14921808,1.00000000,-0.86167618,-0.12045056
1675,0.00333563,-0.21819145,1.00000000,-0.97340962,-0.08558270
1676,0.00525226,-0.12473092,1.00000000,-0.82200820,0.03421561
1677,-0.01089993,-0.17952602,1.00000000,-0.91077354,-0.12234635
1678,-0.01256409,-0.14786683,1.00000000,-0.85948722,-0.25444120
1679,0.00009368,-0.41467203,-1.00000000,-0.70836291,-0.31834272
1680,-0.00458212,-0.44216092,-1.00000000,-0.66383226,-0.39547955
1681,0.00221962,-0.23307721,1.00000000,-0.99752381,-0.42502425
1682,0.00763172,-0.31031306,-1.00000000,-0.87741925,-0.24448396
1683,0.00384371,-0.19796047,1.00000000,-0.94063644,-0.08463479
1684,0.00660998,-0.10856234,1.00000000,-0.79581590,-0.02115124
1685,0.00188316,-0.17113345,1.00000000,-0.89717800,0.04183522
1686,-0.00644089,-0.12543957,1.00000000,-0.82315617,-0.04253779
1687,0.00307245,-0.20351825,1.00000000,-0.94963977,-0.08695540
1688,0.00186869,-0.34101661,-1.00000000,-0.82768103,-0.10619654
1689,0.01180722,-0.18387328,1.00000000,-0.91781590,-0.05556369
1690,-0.00279299,-0.20375719,1.00000000,-0.95002684,-0.10111999
1691,0.00048372,-0.03959056,1.00000000,-0.68408506,-0.03365857
1692,0.00097666,-0.28075987,-1.00000000,-0.92529395,-0.05407634
1693,0.01029521,-0.22663442,1.00000000,-0.98708681,0.02801701
1694,0.00408786,-0.21849201,1.00000000,-0.97389652,-0.04718702
1695,-0.00359908,-0.06456627,1.00000000,-0.72454446,-0.05504020
1696,-0.00008498,-0.16710051,1.00000000,-0.89064483,-0.06058070
1697,0.00386601,-0.29407510,-1.00000000,-0.90372393,-0.03243192
1698,-0.00327264,-0.23602845,-1.00000000,-0.99775663,-0.16461349
1699,0.01027823,-0.17076518,1.00000000,-0.89658142,-0.10430529
1700,-0.00594785,-0.28868278,-1.00000000,-0.91245923,-0.12718758
1701,-0.01641262,-0.06484674,1.00000000,-0.72499881,-0.28625577
1702,0.00161263,-0.33287249,-1.00000000,-0.84087410,-0.30820874
1703,0.01667253,-0.50573176,-1.00000000,-0.56085066,-0.11389761
1704,-0.00185611,-0.20798689,1.00000000,-0.95687873,-0.23211359
1705,0.00003305,0.04077566,1.00000000,-0.55389577,-0.17384606
1706,-0.01088940,-0.26528432,-1.00000000,-0.95036357,-0.12003737
1707,0.00283933,-0.23407871,1.00000000,-0.99914620,-0.10808655
1708,-0.00278541,-0.41449805,-1.00000000,-0.70864474,-0.29765104
1709,-0.00907478,-0.18772404,1.00000000,-0.92405393,-0.36797720
1710,-0.00285222,-0.28063473,-1.00000000,-0.92549667,-0.39608627
1711,-0.00843115,-0.38452374,-1.00000000,-0.75720163,-0.37213735
1712,0.00601255,-0.28173821,-1.00000000,-0.92370909,-0.34122300
1713,0.00047968,-0.37389218,-1.00000000,-0.77442424,-0.30941356
1714,-0.00865932,-0.13530813,1.00000000,-0.83914276,-0.30536606
1715,0.00945563,-0.22670119,1.00000000,-0.98719497,-0.18545968
1716,-0.00402091,-0.37766113,-1.00000000,-0.76831872,-0.14249392
1717,0.00314286,-0.07843453,1.00000000,-0.74701035,-0.17045123
1718,0.00467402,-0.30104287,-1.00000000,-0.89243649,-0.12958892
1719,-0.00862273,-0.18271031,1.00000000,-0.91593194,-0.12923248
1720,0.00777350,-0.15741832,1.00000000,-0.87496016,-0.14562025
1721,-0.00336241,-0.37705678,-1.00000000,-0.76929773,-0.13920503
1722,-0.00376210,-0.10622031,1.00000000,-0.79202194,-0.20647500
1723,0.00635946,-0.29016574,-1.00000000,-0.91005690,-0.19005493
1724,0.00358647,-0.29676790,-1.00000000,-0.89936174,-0.07110963
1725,-0.00121077,-0.12957775,1.00000000,-0.82985983,-0.15863681
1726,0.00301890,-0.17538265,1.00000000,-0.90406149,-0.09646839
1727,0.00579118,-0.25462440,-1.00000000,-0.96763210,-0.00339772
1728,0.00306893,-0.18475793,1.00000000,-0.91924898,-0.03545498
1729,-0.00819978,-0.13896471,1.00000000,-0.84506623,-0.15027979
1730,0.00740121,-0.18393148,1.00000000,-0.91791017,-0.06637957
1731,-0.00308037,-0.37007042,-1.00000000,-0.78061529,-0.12580027
1732,0.00358137,-0.11236989,1.00000000,-0.80198396,-0.14732885
1733,-0.00574328,-0.28550692,-1.00000000,-0.91760396,-0.23317975
1734,-0.00446384,-0.17546683,1.00000000,-0.90419786,-0.19678315
1735,-0.00235961,-0.32949341,-1.00000000,-0.84634803,-0.29187569
1736,-0.00269302,-0.30835926,-1.00000000,-0.88058431,-0.28810205
1737,-0.00486890,-0.27360121,-1.00000000,-0.93689062,-0.37042687
1738,-0.00760942,-0.27910864,-1.00000000,-0.92796886,-0.38860734
1739,-0.00621319,-0.31505021,-1.00000000,-0.86974529,-0.40565003
1740,0.00082115,-0.36031876,-1.00000000,-0.79641249,-0.37466223
1741,0.00012616,-0.33725548,-1.00000000,-0.83377387,-0.34719702
1742,-0.00245469,-0.22106077,1.00000000,-0.97805778,-0.32367717
1743,0.00566914,-0.23254083,1.00000000,-0.99665490,-0.19431379
1744,0.00286561,-0.27517183,-1.00000000,-0.93434629,-0.10586571
1745,0.00457051,-0.14098056,1.00000000,-0.84833181,-0.06933839
1746,0.00215547,-0.18728999,1.00000000,-0.92335078,-0.04956823
1747,-0.00024421,-0.15912798,1.00000000,-0.87772972,-0.02803312
1748,-0.00020069,-0.19902013,1.00000000,-0.94235303,-0.08521864
1749,-0.00774823,-0.23865862,-1.00000000,-0.99349588,-0.18862146
1750,0.00459387,-0.23793976,-1.00000000,-0.99466040,-0.18839387
1751,0.00154015,-0.36261154,-1.00000000,-0.79269831,-0.19438847
1752,-0.00019844,-0.15874210,1.00000000,-0.87710462,-0.19394256
1753,0.00426177,-0.20918409,1.00000000,-0.95881814,-0.15046802
1754,0.00366412,-0.23790256,-1.00000000,-0.99472067,-0.03928591
1755,-0.00322966,-0.16422781,1.00000000,-0.88599121,-0.11550490
1756,0.00100213,-0.17410004,1.00000000,-0.90198372,-0.12074651
1757,-0.00393085,-0.28797293,-1.00000000,-0.91360915,-0.15710864
1758,0.00357936,-0.21807135,1.00000000,-0.97321506,-0.16375694
1759,0.00159931,-0.29955528,-1.00000000,-0.89484631,-0.18387287
1760,-0.00053645,-0.17550013,1.00000000,-0.90425180,-0.15763486
1761,-0.00299615,-0.20820700,1.00000000,-0.95723531,-0.19658714
1762,0.00521580,-0.24348585,-1.00000000,-0.98567601,-0.10747805
1763,-0.00300383,-0.28411573,-1.00000000,-0.91985763,-0.17161325
1764,0.00151428,-0.14846902,1.00000000,-0.86046274,-0.17244163
1765,-0.00581555,-0.28424266,-1.00000000,-0.91965200,-0.22387205
1766,-0.00205222,-0.20961154,1.00000000,-0.95951059,-0.21467604
1767,-0.00445314,-0.33068715,-1.00000000,-0.84441423,-0.30887347
1768,0.00380654,-0.26852371,-1.00000000,-0.94511591,-0.24252499
1769,0.00158417,-0.30818265,-1.00000000,-0.88087040,-0.24184404
1770,0.00148332,-0.17174747,1.00000000,-0.89817268,-0.17073647
1771,0.00494249,-0.20845698,1.00000000,-0.95764026,-0.10259216
1772,-0.00066715,-0.21012284,1.00000000,-0.96033887,-0.06570803
1773,0.00042331,-0.15298367,1.00000000,-0.86777626,-0.09866834
1774,0.00527472,-0.24564486,-1.00000000,-0.98217852,-0.06271405
1775,0.00517459,-0.22763234,1.00000000,-0.98870339,-0.02675278
1776,-0.00051403,-0.14749577,1.00000000,-0.85888612,-0.07991157
1777,0.00108839,-0.14914978,1.00000000,-0.86156555,-0.06280856
1778,0.00610717,-0.24311547,-1.00000000,-0.98627601,-0.00743490
1779,0.00499975,-0.21664636,1.00000000,-0.97090665,-0.01011368
1780,0.00992675,-0.13374519,1.00000000,-0.83661087,0.03618321
1781,0.02445579,-0.15203770,1.00000000,-0.86624383,0.27944583
1782,-0.01589315,-0.07065247,1.00000000,-0.73440380,0.11400709
1783,-0.01678594,0.16934118,1.00000000,-0.34562601,-0.10902367
1784,0.00267164,-0.49715107,-1.00000000,-0.57475096,-0.13170479
1785,-0.01271719,-0.51189831,-1.00000000,-0.55086116,-0.35230814
1786,0.02405017,-0.19049399,1.00000000,-0.92854111,-0.35625977
1787,-0.01665348,-0.44468989,-1.00000000,-0.65973547,-0.36366714
1788,0.00734939,0.16264112,1.00000000,-0.35647977,-0.12853438
1789,0.00738611,-0.50971042,-1.00000000,-0.55440543,-0.08260476
1790,-0.02144997,-0.11322599,1.00000000,-0.80337078,-0.16768188
1791,0.00158549,-0.11261940,1.00000000,-0.80238814,-0.38653881
1792,-0.00244434,-0.58893986,-1.00000000,-0.42605768,-0.24810954
1793,-0.00083704,-0.20843519,1.00000000,-0.95760495,-0.32786389
1794,-0.00508813,-0.27500083,-1.00000000,-0.93462330,-0.44939123
1795,0.00343677,-0.24845109,-1.00000000,-0.97763257,-0.20693791
1796,-0.00340706,-0.31867144,-1.00000000,-0.86387909,-0.25557670
1797,0.00295149,-0.17785539,1.00000000,-0.90806720,-0.20300902
1798,-0.00249232,-0.29090322,-1.00000000,-0.90886222,-0.21913523
1799,-0.00989550,-0.18587128,1.00000000,-0.92105255,-0.26596998
1800,0.00793777,-0.27579339,-1.00000000,-0.93333940,-0.22212008
1801,-0.00411747,-0.39808070,-1.00000000,-0.73524002,-0.22904107
1802,-0.00131466,-0.10350700,1.00000000,-0.78762650,-0.27060308
1803,0.01455364,-0.30263790,-1.00000000,-0.88985263,-0.10453673
1804,-0.01063534,-0.25634050,-1.00000000,-0.96485211,-0.11174438
1805,0.00739869,0.00577543,1.00000000,-0.61059441,-0.11699617
1806,-0.00711829,-0.41030141,-1.00000000,-0.71544309,-0.14623102
1807,0.00309568,-0.11241152,1.00000000,-0.80205139,-0.10326436
1808,0.00319861,-0.35220617,-1.00000000,-0.80955450,-0.21388808
1809,-0.00171881,-0.18348967,1.00000000,-0.91719446,-0.12702085
1810,0.00609652,-0.18178931,1.00000000,-0.91443996,-0.13970699
1811,0.00535864,-0.26301628,-1.00000000,-0.95403769,-0.01815333
1812,0.00094186,-0.13392113,1.00000000,-0.83689588,-0.03913636
1813,-0.00246447,-0.14610949,1.00000000,-0.85664043,-0.09430759
1814,-0.01328112,-0.21906682,1.00000000,-0.97482767,-0.20695072
1815,0.00032373,-0.27533325,-1.00000000,-0.93408480,-0.26319081
1816,0.00239993,-0.45400496,-1.00000000,-0.64464551,-0.29201535
1817,0.00566096,-0.22927732,1.00000000,-0.99136818,-0.24604062
1818,0.00297619,-0.19498208,1.00000000,-0.93581159,-0.19303628
1819,0.01175971,-0.14111574,1.00000000,-0.84855080,0.05091814
1820,-0.00502453,-0.18546332,1.00000000,-0.92039167,-0.00118598
1821,0.00148474,-0.04037536,1.00000000,-0.68535639,-0.01010203
1822,-0.00500404,-0.31762089,-1.00000000,-0.86558092,-0.11400332
1823,-0.00103661,-0.21009943,1.00000000,-0.96030094,-0.15309710
1824,0.01192790,-0.31728246,-1.00000000,-0.86612917,-0.15145852
1825,0.01393763,-0.25174761,-1.00000000,-0.97229237,0.03327595
1826,-0.00211583,-0.03759711,1.00000000,-0.68085576,-0.00180175
1827,0.00070381,-0.00439991,1.00000000,-0.62707794,0.05380563
1828,-0.00025317,-0.26957437,-1.00000000,-0.94341390,0.06143809
1829,0.00192234,-0.22299902,1.00000000,-0.98119765,-0.03603880
1830,0.00995862,-0.23880662,-1.00000000,-0.99325612,-0.07480346
1831,-0.01561369,-0.20287113,1.00000000,-0.94859146,-0.20630327
1832,-0.00024165,-0.07012618,1.00000000,-0.73355123,-0.21551422
1833,-0.00823984,-0.49253493,-1.00000000,-0.58222888,-0.29332250
1834,0.00772577,-0.23861638,-1.00000000,-0.99356431,-0.23678386
1835,0.01140169,-0.37073211,-1.00000000,-0.77954338,-0.22272504
1836,0.01525365,-0.10700874,1.00000000,-0.79329915,0.07799284
1837,0.00378631,-0.04628917,1.00000000,-0.69493646,0.11723435
1838,0.00376773,0.01733827,1.00000000,-0.59186318,0.23421528
1839,-0.00398180,-0.17208160,1.00000000,-0.89871396,0.12015697
1840,-0.00588855,-0.17238861,1.00000000,-0.89921129,-0.04828916
1841,0.00270700,-0.30039688,-1.00000000,-0.89348296,-0.17052198
1842,0.00602485,-0.33189296,-1.00000000,-0.84246088,-0.14871356
1843,-0.00155397,-0.18990993,1.00000000,-0.92759496,-0.20055898
1844,-0.00421374,-0.13510498,1.00000000,-0.83881367,-0.20281864
1845,-0.00297338,-0.26029356,-1.00000000,-0.95844835,-0.17441826
1846,0.00299954,-0.30422819,-1.00000000,-0.88727644,-0.17156822
1847,-0.00496613,-0.28373955,-1.00000000,-0.92046701,-0.27864528
1848,0.00161968,-0.18507763,1.00000000,-0.91976687,-0.24772673
1849,-0.00852947,-0.31665628,-1.00000000,-0.86714355,-0.28977166
1850,-0.00036828,-0.20787054,1.00000000,-0.95669026,-0.26439206
1851,-0.00161024,-0.37551621,-1.00000000,-0.77179338,-0.30930176
1852,0.00637998,-0.24070794,-1.00000000,-0.99017609,-0.19876492
1853,0.00678444,-0.26122292,-1.00000000,-0.95694284,-0.14844836
1854,0.00414756,-0.12923884,1.00000000,-0.82931081,-0.02494536
1855,-0.01121676,-0.12255781,1.00000000,-0.81848787,-0.13063416
1856,0.00475968,-0.16611440,1.00000000,-0.88904739,-0.06857674
1857,0.00548070,-0.41990542,-1.00000000,-0.69988508,-0.07733776
1858,-0.00526435,-0.15600331,1.00000000,-0.87266792,-0.19472037
1859,-0.01072764,-0.14409333,1.00000000,-0.85337435,-0.33963859
1860,0.00163366,-0.32158237,-1.00000000,-0.85916352,-0.21444644
1861,0.01394428,-0.41182616,-1.00000000,-0.71297308,-0.12496761
1862,-0.00613188,-0.20763962,1.00000000,-0.95631618,-0.23810045
1863,-0.00292860,-0.00429016,1.00000000,-0.62690015,-0.21534498
1864,0.00828677,-0.33591233,-1.00000000,-0.83594970,-0.03010144
1865,-0.00030548,-0.28300000,-1.00000000,-0.92166504,-0.04899301
1866,0.00133123,-0.09774202,1.00000000,-0.77828753,-0.17187270
1867,-0.00110575,-0.23967066,-1.00000000,-0.99185642,-0.12290682
1868,0.00825914,-0.21263515,1.00000000,-0.96440868,-0.01391281
1869,-0.00109017,-0.25288970,-1.00000000,-0.97044224,-0.10526550
1870,0.00219509,-0.09819846,1.00000000,-0.77902693,-0.08090432
1871,-0.00197940,-0.25263235,-1.00000000,-0.97085913,-0.11315735
1872,0.01038758,-0.19836579,1.00000000,-0.94129304,-0.00118627
1873,-0.00409664,-0.26732081,-1.00000000,-0.94706456,-0.12155962
1874,0.00885148,-0.06304048,1.00000000,-0.72207276,-0.02470540
1875,-0.00078104,-0.30229390,-1.00000000,-0.89040989,-0.05369964
1876,0.00032489,-0.08841408,1.00000000,-0.76317673,-0.03125061
1877,-0.00181326,-0.24752610,-1.00000000,-0.97913100,-0.15011444
1878,0.02411069,-0.22925802,1.00000000,-0.99133691,0.12468892
1879,-0.00774407,-0.26457650,-1.00000000,-0.95151020,-0.03698935
1880,0.00430957,0.16364072,1.00000000,-0.35486047,0.01260476
1881,-0.00564215,-0.36254282,-1.00000000,-0.79280963,-0.04552781
1882,-0.01832759,-0.16343830,1.00000000,-0.88471223,-0.20641484
1883,0.00581912,-0.32782296,-1.00000000,-0.84905408,-0.38461620
1884,-0.02733578,-0.53736370,-1.00000000,-0.50960849,-0.57548395
1885,-0.01933974,-0.13850325,1.00000000,-0.84431870,-0.80588189
1886,0.01255540,-0.68616293,-1.00000000,-0.26856113,-0.62859643
1887,0.07474324,-0.55408261,-1.00000000,-0.48252468,0.27812460
1888,-0.00401561,-0.02723191,1.00000000,-0.66406465,0.18231201
1889,0.02734722,1.00000000,1.00000000,1.00000000,0.71504851
1890,-0.00814320,-0.30095542,-1.00000000,-0.89257817,0.82412826
1891,0.03060784,0.21710249,1.00000000,-0.26825506,1.00000000
1892,0.00147952,-0.36913571,-1.00000000,-0.78212948,0.28624518
1893,0.00342862,0.27096215,1.00000000,-0.18100508,0.35876889
1894,0.02250334,-0.21018561,1.00000000,-0.96044056,0.31157846
1895,-0.01191205,-0.17799002,1.00000000,-0.90828530,0.27486125
1896,-0.00806232,0.13709018,1.00000000,-0.39787104,-0.10187389
1897,-0.00096775,-0.43139048,-1.00000000,-0.68127985,-0.12571589
1898,0.00912513,-0.36779984,-1.00000000,-0.78429351,-0.07021892
1899,0.00316141,-0.25061020,-1.00000000,-0.97413492,-0.25865313
1900,0.01185661,-0.08389380,1.00000000,-0.75585409,-0.02709250
1901,-0.02404226,-0.18240380,1.00000000,-0.91543541,-0.18277333
1902,0.02126853,-0.03877478,1.00000000,-0.68276353,0.03385848
1903,0.00328586,-0.63175982,-1.00000000,-0.35669146,-0.02302928
1904,0.01220943,0.11669339,1.00000000,-0.43091282,0.06511894
1905,-0.00219921,-0.18034813,1.00000000,-0.91210532,-0.07181662
1906,0.00705338,-0.03294673,1.00000000,-0.67332238,0.23112540
1907,-0.01546089,-0.27095177,-1.00000000,-0.94118257,-0.12670248
1908,-0.01335663,-0.11811555,1.00000000,-0.81129163,-0.28883810
1909,-0.00240869,-0.49001096,-1.00000000,-0.58631758,-0.43125177
1910,-0.01235781,-0.45525233,-1.00000000,-0.64262483,-0.53021953
1911,0.00550395,-0.27441196,-1.00000000,-0.93557725,-0.54531442
1912,0.02632217,-0.43875361,-1.00000000,-0.66935194,-0.13825265
1913,0.01287055,-0.14370924,1.00000000,-0.85275213,0.11725961
1914,-0.00455696,0.20017044,1.00000000,-0.29568414,0.09633055
1915,0.00843650,-0.02202617,1.00000000,-0.65563161,0.29891428
1916,0.02421671,-0.30989759,-1.00000000,-0.87809228,0.48121901
1917,-0.01270175,-0.09526883,1.00000000,-0.77428109,0.10103755
1918,0.01262455,0.16539210,1.00000000,-0.35202332,0.09864091
1919,-0.00243208,-0.44443486,-1.00000000,-0.66014860,0.11934212
1920,-0.00766117,-0.02608971,1.00000000,-0.66221435,-0.03748569
1921,0.00847274,-0.27479828,-1.00000000,-0.93495142,-0.19086767
1922,-0.00176277,-0.36117352,-1.00000000,-0.79502783,-0.08429719
1923,-0.00831703,-0.09467013,1.00000000,-0.77331121,-0.28831572
1924,0.00075280,-0.26374247,-1.00000000,-0.95286129,-0.25728779
1925,0.00270758,-0.37200722,-1.00000000,-0.77747777,-0.15627261
1926,-0.01502064,-0.22218980,1.00000000,-0.97988675,-0.38515147
1927,-0.00968528,-0.18990026,1.00000000,-0.92757929,-0.46233468
1928,0.00275904,-0.48273884,-1.00000000,-0.59809806,-0.35442860
1929,-0.00445860,-0.39460815,-1.00000000,-0.74086539,-0.40519944
1930,-0.01953483,-0.18905030,1.00000000,-0.92620241,-0.62189096
1931,-0.01568628,-0.30827277,-1.00000000,-0.88072441,-0.62837581
1932,0.00603114,-0.55730509,-1.00000000,-0.47730444,-0.47526229
1933,-0.00598935,-0.49373401,-1.00000000,-0.58028642,-0.56049140
1934,-0.00367638,-0.13500111,1.00000000,-0.83864539,-0.55287079
1935,0.00657024,-0.33355797,-1.00000000,-0.83976365,-0.29854819
1936,0.00864412,-0.29535188,-1.00000000,-0.90165561,-0.06151489
1937,-0.00731541,-0.12609601,1.00000000,-0.82421959,-0.19154054
1938,0.00239574,-0.09183930,1.00000000,-0.76872541,-0.10985076
1939,0.01317731,-0.35546221,-1.00000000,-0.80427987,0.05434239
1940,-0.00242745,-0.19505132,1.00000000,-0.93592375,-0.03331558
1941,-0.00481814,-0.01695909,1.00000000,-0.64742319,-0.16446853
1942,-0.01572348,-0.27472187,-1.00000000,-0.93507521,-0.24638218
1943,-0.00206187,-0.31421176,-1.00000000,-0.87110355,-0.28980940
1944,0.00822796,-0.49434843,-1.00000000,-0.57929109,-0.33802727
1945,-0.00894486,-0.26868305,-1.00000000,-0.94485779,-0.40152163
1946,0.01085591,-0.09871345,1.00000000,-0.77986119,-0.24882081
1947,0.00102659,-0.38237783,-1.00000000,-0.76067791,-0.08563714
1948,0.00566461,-0.05530445,1.00000000,-0.70954077,-0.01036370
1949,-0.01631203,-0.21766725,1.00000000,-0.97256044,-0.24943891
1950,0.01213914,-0.14105542,1.00000000,-0.84845309,-0.04403293
1951,-0.00026642,-0.50407027,-1.00000000,-0.56354220,-0.15238970
1952,-0.00527128,-0.03410787,1.00000000,-0.67520337,-0.21374526
1953,0.01264046,-0.23902552,-1.00000000,-0.99290152,-0.14578470
1954,-0.01016932,-0.32169684,-1.00000000,-0.85897809,-0.08594080
1955,0.03428207,-0.02582693,1.00000000,-0.66178865,0.12978158
1956,-0.00854416,-0.40260373,-1.00000000,-0.72791295,0.04913763
1957,-0.00674755,0.33165375,1.00000000,-0.08268772,0.03475538
1958,0.01421628,-0.37575896,-1.00000000,-0.77140014,0.05010743
1959,-0.02883333,-0.34608222,-1.00000000,-0.81947499,-0.13172235
1960,0.03635319,0.00020277,1.00000000,-0.61962183,-0.11154495
1961,-0.01059543,-0.71089976,-1.00000000,-0.22848870,-0.13152892
1962,-0.01058607,0.36586494,1.00000000,-0.02726730,-0.16892472
1963,-0.01448459,-0.40964219,-1.00000000,-0.71651100,-0.44853630
1964,-0.02960728,-0.40948755,-1.00000000,-0.71676150,-0.45607634
1965,-0.01947813,-0.47388427,-1.00000000,-0.61244201,-1.00000000
1966,0.02698751,-0.72368406,-1.00000000,-0.20777877,-0.63385698
1967,0.02223628,-0.55636854,-1.00000000,-0.47882160,-0.31409294
1968,0.00885597,0.21116065,1.00000000,-0.27788055,-0.08670294
1969,-0.00158032,0.13267880,1.00000000,-0.40501725,0.18634329
1970,-0.01008594,-0.08833997,1.00000000,-0.76305667,0.27784451
1971,-0.01080126,-0.26072871,-1.00000000,-0.95774343,-0.09030378
1972,-0.00166507,-0.40122637,-1.00000000,-0.73014420,-0.32315709
1973,-0.00714302,-0.41304217,-1.00000000,-0.71100320,-0.47902354
1974,-0.00527919,-0.26212865,-1.00000000,-0.95547559,-0.51505895
1975,0.00191501,-0.35261466,-1.00000000,-0.80889275,-0.39814243
1976,-0.00011874,-0.32182747,-1.00000000,-0.85876648,-0.29407043
1977,-0.00476621,-0.20299208,1.00000000,-0.94878739,-0.32428258
1978,0.00016497,-0.23658600,-1.00000000,-0.99685342,-0.25308618
1979,-0.00293487,-0.31335396,-1.00000000,-0.87249314,-0.23024718
1980,-0.00647392,-0.23189973,1.00000000,-0.99561635,-0.31197442
1981,0.00812224,-0.28310349,-1.00000000,-0.92149740,-0.23168857
1982,-0.00151366,-0.34156225,-1.00000000,-0.82679712,-0.20000133
1983,-0.01678121,-0.10045973,1.00000000,-0.78269008,-0.36509553
1984,0.01043350,-0.25962762,-1.00000000,-0.95952714,-0.23485725
1985,0.00705612,-0.51182026,-1.00000000,-0.55098760,-0.10304397
1986,-0.00898493,-0.06228186,1.00000000,-0.72084384,-0.26970668
1987,0.00230474,-0.11807020,1.00000000,-0.81121816,-0.23250680
1988,0.01036256,-0.38303969,-1.00000000,-0.75960572,0.03193509
1989,0.01226215,-0.19655448,1.00000000,-0.93835881,0.04975022
1990,-0.01388280,-0.06345373,1.00000000,-0.72274219,-0.15424235
1991,0.00470996,-0.03207595,1.00000000,-0.67191176,-0.02082305
1992,0.00068920,-0.46394370,-1.00000000,-0.62854524,-0.03656211
1993,0.00949128,-0.15682458,1.00000000,-0.87399834,-0.04505034
1994,0.00136957,-0.22324038,1.00000000,-0.98158864,-0.15116873
1995,-0.00073800,-0.07784568,1.00000000,-0.74605644,-0.02310857
1996,0.00368187,-0.21200182,1.00000000,-0.96338272,-0.03312448
1997,-0.00766029,-0.24681513,-1.00000000,-0.98028274,-0.11446744
1998,0.01285822,-0.17380676,1.00000000,-0.90150863,-0.08166582
1999,-0.00793939,-0.36115901,-1.00000000,-0.79505134,-0.17235621
2000,0.00095488,-0.02222986,1.00000000,-0.65596158,-0.15586368
2001,-0.02235667,-0.36576920,-1.00000000,-0.78758306,-0.40953809
2002,0.01049704,-0.21885171,1.00000000,-0.97447921,-0.23264448
2003,-0.00680518,-0.60391681,-1.00000000,-0.40179576,-0.42421058
2004,0.00470967,-0.06123234,1.00000000,-0.71914367,-0.30098003
2005,-0.00237946,-0.34703403,-1.00000000,-0.81793310,-0.33346412
2006,0.00051975,-0.15682932,1.00000000,-0.87400602,-0.11059597
2007,0.01514442,-0.27392914,-1.00000000,-0.93635939,-0.06531997
2008,-0.00554646,-0.22603940,1.00000000,-0.98612290,-0.05305719
2009,-0.00193173,0.01553402,1.00000000,-0.59478597,-0.11775951
2010,0.00107221,-0.32624224,-1.00000000,-0.85161477,-0.08413237
2011,-0.00233795,-0.26653339,-1.00000000,-0.94834013,-0.11197281
2012,0.00963053,-0.21691365,1.00000000,-0.97133965,-0.16569062
2013,-0.02540283,-0.27324342,-1.00000000,-0.93747022,-0.35913672
2014,0.00602679,-0.07554560,1.00000000,-0.74233043,-0.28160270
2015,0.00029189,-0.65423399,-1.00000000,-0.32028443,-0.28920485
2016,0.00714194,-0.13507292,1.00000000,-0.83876172,-0.19684920
2017,0.00879493,-0.22980325,1.00000000,-0.99222015,-0.20498979
2018,0.00526645,-0.11665257,1.00000000,-0.80892167,0.09379854
2019,-0.00366967,-0.08934812,1.00000000,-0.76468983,-0.00066700
2020,0.01283679,-0.14763238,1.00000000,-0.85910743,0.12154882
2021,0.00416209,-0.29524113,-1.00000000,-0.90183502,0.09251826
2022,0.00494002,-0.02258387,1.00000000,-0.65653506,0.05496270
2023,0.00031628,-0.16587446,1.00000000,-0.88865870,0.00673681
2024,0.01827449,-0.15302433,1.00000000,-0.86784212,0.22052274
2025,0.01082892,-0.22940036,1.00000000,-0.99156749,0.20096156
2026,-0.00357004,0.06723722,1.00000000,-0.51102936,0.12563313
2027,0.00247008,-0.05575025,1.00000000,-0.71026295,0.10157031
2028,0.00253353,-0.29359533,-1.00000000,-0.90450114,0.12317138
2029,-0.00526982,-0.19382331,1.00000000,-0.93393444,-0.10620359
2030,0.00207678,-0.19277532,1.00000000,-0.93223675,-0.19146927
2031,-0.01275176,-0.32167264,-1.00000000,-0.85901729,-0.28092007
2032,-0.00091632,-0.20031992,1.00000000,-0.94445863,-0.31391136
2033,-0.00004135,-0.44526097,-1.00000000,-0.65881034,-0.33899651
2034,0.01323616,-0.24976070,-1.00000000,-0.97551106,-0.15870632
2035,0.00377979,-0.23530770,-1.00000000,-0.99892421,-0.14211523
2036,0.00029851,-0.01598701,1.00000000,-0.64584847,-0.01497597
2037,0.00665108,-0.17218940,1.00000000,-0.89888858,0.05874770
2038,-0.00966823,-0.22969380,1.00000000,-0.99204286,-0.03504000
2039,0.00607013,-0.12476074,1.00000000,-0.82205651,-0.10485335
2040,-0.00419450,-0.39432661,-1.00000000,-0.74132146,-0.18254096
2041,0.00946890,-0.13435695,1.00000000,-0.83760189,-0.09320054
2042,-0.00065374,-0.30391030,-1.00000000,-0.88779140,-0.16436607
2043,-0.01631361,-0.07821533,1.00000000,-0.74665526,-0.22910714
2044,0.00816017,-0.24542332,-1.00000000,-0.98253740,-0.20874544
2045,0.01002126,-0.50409640,-1.00000000,-0.56349987,-0.07025173
2046,0.00157842,-0.09983327,1.00000000,-0.78167525,-0.14712294
2047,0.00228636,-0.06909143,1.00000000,-0.73187500,-0.11847965
2048,0.00593589,-0.20855200,1.00000000,-0.95779419,0.09828093
2049,0.00393252,-0.19685806,1.00000000,-0.93885059,0.05709401
2050,-0.00059789,-0.13657448,1.00000000,-0.84119418,-0.04636057
2051,0.01044350,-0.16966653,1.00000000,-0.89480166,0.04000540
2052,0.00760531,-0.24450075,-1.00000000,-0.98403192,0.09182396
2053,-0.00192973,-0.06211677,1.00000000,-0.72057639,0.01519500
2054,-0.00411310,-0.10899865,1.00000000,-0.79652271,-0.06318757
2055,-0.00179413,-0.26650042,-1.00000000,-0.94839354,-0.07484167
2056,0.00654402,-0.30256574,-1.00000000,-0.88996952,-0.11283143
2057,0.00078128,-0.26426051,-1.00000000,-0.95202208,-0.17931289
2058,0.00043339,-0.12652916,1.00000000,-0.82492127,-0.15629075
2059,0.00376545,-0.22171930,1.00000000,-0.97912457,-0.07953582
2060,-0.01201439,-0.22746592,1.00000000,-0.98843379,-0.17910432
2061,-0.00077836,-0.17242623,1.00000000,-0.89927224,-0.25044095
2062,-0.00159504,-0.43308090,-1.00000000,-0.67854145,-0.27359172
2063,-0.00120868,-0.24748184,-1.00000000,-0.97920270,-0.28958921
2064,-0.00323272,-0.26097191,-1.00000000,-0.95734946,-0.35776720
2065,-0.00565629,-0.25458998,-1.00000000,-0.96768787,-0.29582490
2066,-0.00356336,-0.28802338,-1.00000000,-0.91352742,-0.32295712
2067,0.00156214,-0.32805649,-1.00000000,-0.84867577,-0.29219898
2068,0.00398544,-0.29348506,-1.00000000,-0.90467978,-0.24159640
2069,0.00429980,-0.20882086,1.00000000,-0.95822973,-0.16821265
2070,0.00375243,-0.16879229,1.00000000,-0.89338544,-0.07655040
2071,-0.00278948,-0.16359976,1.00000000,-0.88497379,-0.06901103
2072,0.00257311,-0.17264131,1.00000000,-0.89962066,-0.05916197
2073,0.00217011,-0.28070190,-1.00000000,-0.92538786,-0.07684745
2074,-0.01124147,-0.19212159,1.00000000,-0.93117774,-0.22825467
2075,0.00211638,-0.19877838,1.00000000,-0.94196141,-0.24419343
2076,0.00291469,-0.42031374,-1.00000000,-0.69922362,-0.18862190
2077,0.00079134,-0.19966580,1.00000000,-0.94339898,-0.20598034
2078,0.00132207,-0.18647926,1.00000000,-0.92203745,-0.21424213
2079,-0.00162498,-0.22155318,1.00000000,-0.97885545,-0.12055570
2080,0.01405770,-0.21278641,1.00000000,-0.96465372,-0.00422016
2081,-0.01071971,-0.26146650,-1.00000000,-0.95654825,-0.13705015
2082,-0.00379224,-0.00241656,1.00000000,-0.62386502,-0.18170465
2083,0.00299017,-0.41169518,-1.00000000,-0.71318525,-0.16545356
2084,-0.00023666,-0.29726577,-1.00000000,-0.89855521,-0.15192817
2085,-0.02345027,-0.18523237,1.00000000,-0.92001754,-0.51734095
2086,-0.00931521,-0.23853393,-1.00000000,-0.99369788,-0.50365786
2087,-0.00504665,-0.62198126,-1.00000000,-0.37253224,-0.51587864
2088,-0.00211929,-0.38849522,-1.00000000,-0.75076804,-0.56565638
2089,-0.00011583,-0.31798635,-1.00000000,-0.86498890,-0.56447916
2090,-0.00218650,-0.26963154,-1.00000000,-0.94332130,-0.35732173
2091,0.01179780,-0.23653792,-1.00000000,-0.99693130,-0.15163322
2092,-0.01152320,-0.27074168,-1.00000000,-0.94152292,-0.21472944
2093,0.01727803,-0.03974621,1.00000000,-0.68433720,-0.02575561
2094,-0.00051790,-0.42496726,-1.00000000,-0.69168514,-0.02967274
2095,-0.01076386,0.05077738,1.00000000,-0.53769348,-0.11323569
2096,-0.00337117,-0.24317950,-1.00000000,-0.98617227,-0.26101578
2097,-0.00124037,-0.41242433,-1.00000000,-0.71200407,-0.16083777
2098,0.00267431,-0.29031032,-1.00000000,-0.90982269,-0.30311104
2099,0.00167099,-0.25511343,-1.00000000,-0.96683991,-0.28178626
2100,0.01045533,-0.19044982,1.00000000,-0.92846955,-0.07506322
2101,-0.00175100,-0.20702292,1.00000000,-0.95531715,-0.05927917
2102,0.00657782,-0.06192126,1.00000000,-0.72025968,0.01688773
2103,0.00403242,-0.26354815,-1.00000000,-0.95317608,0.03011881
2104,-0.00932181,-0.12597092,1.00000000,-0.82401694,-0.07697601
2105,0.00528612,-0.16801625,1.00000000,-0.89212828,-0.12733584
2106,-0.00730405,-0.38860433,-1.00000000,-0.75059128,-0.18143507
2107,0.00924162,-0.14730737,1.00000000,-0.85858094,-0.15548361
2108,-0.00015623,-0.35527447,-1.00000000,-0.80458400,-0.19629060
2109,-0.00139512,-0.08196971,1.00000000,-0.75273717,-0.11906666
2110,0.01333952,-0.23720532,-1.00000000,-0.99585015,-0.04060834
2111,-0.00066490,-0.25766959,-1.00000000,-0.96269906,0.02407203
2112,-0.00448668,-0.01427972,1.00000000,-0.64308275,-0.10967272
2113,-0.00272058,-0.24560760,-1.00000000,-0.98223888,-0.13465529
2114,0.00051848,-0.30873661,-1.00000000,-0.87997302,-0.11601251
2115,0.00095345,-0.27956378,-1.00000000,-0.92723156,-0.23668092
2116,0.00353376,-0.22606039,1.00000000,-0.98615690,-0.19577647
2117,-0.00746459,-0.21887542,1.00000000,-0.97451761,-0.22478807
2118,-0.00446026,-0.17625330,1.00000000,-0.90547190,-0.24173647
2119,-0.00743382,-0.35792634,-1.00000000,-0.80028809,-0.31920987
2120,-0.00753321,-0.30830013,-1.00000000,-0.88068010,-0.40188919
2121,0.00946532,-0.35741810,-1.00000000,-0.80111142,-0.34410235
2122,0.01464402,-0.35905987,-1.00000000,-0.79845184,-0.12871435
2123,0.07013780,-0.07827455,1.00000000,-0.74675119,0.59803987
2124,-0.01404099,0.00726834,1.00000000,-0.60817596,0.53367105
2125,0.01455339,0.92392623,1.00000000,0.87676428,0.74884463
2126,-0.00244560,-0.46655674,-1.00000000,-0.62431225,0.63280527
2127,-0.01502044,0.00577127,1.00000000,-0.61060115,0.34380615
2128,-0.00246630,-0.27502161,-1.00000000,-0.93458964,-0.36352244
2129,0.02186801,-0.48273546,-1.00000000,-0.59810353,-0.01368733
2130,-0.02399248,-0.27536359,-1.00000000,-0.93403566,-0.38921156
2131,-0.02052812,0.12659570,1.00000000,-0.41487156,-0.56537634
2132,0.01372206,-0.63093759,-1.00000000,-0.35802344,-0.28535919
2133,0.01077610,-0.57371255,-1.00000000,-0.45072517,-0.15634820
2134,-0.01106061,-0.00796076,1.00000000,-0.63284634,-0.47714766
2135,-0.00735338,-0.05662287,1.00000000,-0.71167654,-0.31504507
2136,-0.00645738,-0.41732622,-1.00000000,-0.70406325,-0.17796413
2137,0.03101419,-0.35608940,-1.00000000,-0.80326385,-0.00949956
2138,-0.00794480,-0.34128906,-1.00000000,-0.82723967,-0.19188351
2139,0.01446196,0.27767430,1.00000000,-0.17013174,0.05676419
2140,0.00335014,-0.36585852,-1.00000000,-0.78743836,0.16104079
2141,-0.01736480,0.00426095,1.00000000,-0.61304778,0.05477780
2142,-0.02525780,-0.17928634,1.00000000,-0.91038527,-0.49343908
2143,0.01908514,-0.52146009,-1.00000000,-0.53537155,-0.23010619
2144,0.00685592,-0.65183841,-1.00000000,-0.32416515,-0.30420621
2145,-0.01727767,0.08062768,1.00000000,-0.48933748,-0.50516786
2146,-0.00768098,-0.12137712,1.00000000,-0.81657522,-0.41082552
2147,0.00519816,-0.52002084,-1.00000000,-0.53770306,-0.11411537
2148,-0.01071590,-0.36150075,-1.00000000,-0.79449773,-0.40444508
2149,0.02355498,-0.14876040,1.00000000,-0.86093476,-0.24175834
2150,0.00597495,-0.41163218,-1.00000000,-0.71328731,-0.01522514
2151,0.00808042,0.15446150,1.00000000,-0.36973035,0.13832663
2152,0.00859983,-0.13592925,1.00000000,-0.84014895,0.17146660
2153,0.00698718,-0.10115064,1.00000000,-0.78380931,0.34393479
2154,-0.00806683,-0.09257092,1.00000000,-0.76991060,0.03586660
2155,0.01255274,-0.11920889,1.00000000,-0.81306279,0.09994922
2156,-0.00211799,-0.36787430,-1.00000000,-0.78417289,0.00059355
2157,-0.00377742,-0.02727589,1.00000000,-0.66413589,-0.11998892
2158,0.03048975,-0.26961017,-1.00000000,-0.94335590,0.10897940
2159,0.02410622,-0.29702092,-1.00000000,-0.89895186,0.42241788
2160,-0.01056434,0.26901149,1.00000000,-0.18416507,0.19720507
2161,-0.00189727,0.16356693,1.00000000,-0.35498002,0.19935542
2162,0.01363177,-0.40912872,-1.00000000,-0.71734279,0.36896045
2163,0.02027269,-0.26596421,-1.00000000,-0.94926218,0.26942307
2164,-0.02690935,-0.00945218,1.00000000,-0.63526237,-0.22758428
2165,-0.00646766,0.10024386,1.00000000,-0.45756024,-0.18767326
2166,0.00585776,-0.67911900,-1.00000000,-0.27997195,-0.11212166
2167,-0.00352436,-0.34145879,-1.00000000,-0.82696471,-0.27926128
2168,0.00856437,-0.13786496,1.00000000,-0.84328469,-0.39332682
2169,-0.00388267,-0.29284076,-1.00000000,-0.90572350,-0.16899473
2170,0.00531002,-0.09315656,1.00000000,-0.77085930,-0.05425346
2171,0.01496383,-0.29875944,-1.00000000,-0.89613554,0.03446027
2172,-0.00364692,-0.14691267,1.00000000,-0.85794154,0.03326624
2173,0.00076284,0.01255095,1.00000000,-0.59961839,-0.04273843
2174,0.00051615,-0.29486526,-1.00000000,-0.90244391,0.00011605
2175,0.00154269,-0.22202400,1.00000000,-0.97961816,-0.03658624
2176,-0.00467192,-0.22609880,1.00000000,-0.98621914,-0.22788298
2177,0.00163172,-0.20914213,1.00000000,-0.95875017,-0.17645711
2178,-0.02406844,-0.31179652,-1.00000000,-0.87501612,-0.41837008
2179,-0.00213621,-0.20767166,1.00000000,-0.95636809,-0.44421011
2180,-0.00925522,-0.63219230,-1.00000000,-0.35599087,-0.54940629
2181,0.00382688,-0.26991108,-1.00000000,-0.94286845,-0.46660863
2182,-0.00054784,-0.38750438,-1.00000000,-0.75237315,-0.48784240
2183,0.00638116,-0.17141142,1.00000000,-0.89762829,-0.19119423
2184,0.00576714,-0.24367394,-1.00000000,-0.98537130,-0.11419765
2185,-0.01674486,-0.12921938,1.00000000,-0.82927929,-0.18716374
2186,0.01637796,-0.13936183,1.00000000,-0.84570955,-0.06488783
2187,-0.00381263,-0.51121985,-1.00000000,-0.55196024,-0.09669438
2188,0.00782247,0.03590984,1.00000000,-0.56177816,-0.08265273
2189,-0.00015744,-0.29760258,-1.00000000,-0.89800960,-0.14037162
2190,0.00069712,-0.10541148,1.00000000,-0.79071168,0.02955286
2191,-0.00441631,-0.23722537,-1.00000000,-0.99581767,-0.17303044
2192,0.00864859,-0.22310949,1.00000000,-0.98137659,-0.05162985
2193,-0.00161305,-0.30757422,-1.00000000,-0.88185604,-0.14355320
2194,0.00779414,-0.09176544,1.00000000,-0.76860576,-0.06608674
2195,0.00000736,-0.26126936,-1.00000000,-0.95686760,-0.07280660
2196,-0.00126770,-0.10587944,1.00000000,-0.79146973,-0.04213205
2197,-0.00144528,-0.23450315,1.00000000,-0.99983376,-0.14046929
2198,-0.00684057,-0.25556489,-1.00000000,-0.96610856,-0.19139717
2199,-0.00784194,-0.25849821,-1.00000000,-0.96135673,-0.34372809
2200,0.00638569,-0.34761860,-1.00000000,-0.81698612,-0.28158866
2201,0.00096960,-0.36415957,-1.00000000,-0.79019058,-0.25979221
2202,-0.01392839,-0.12914450,1.00000000,-0.82915799,-0.38140596
2203,-0.00436272,-0.21860856,1.00000000,-0.97408532,-0.35726607
2204,0.00761835,-0.46469676,-1.00000000,-0.62732532,-0.20664772
2205,0.00018902,-0.30668894,-1.00000000,-0.88329014,-0.26701732
2206,-0.00310927,-0.10878313,1.00000000,-0.79617358,-0.30675480
2207,-0.01417100,-0.23150237,1.00000000,-0.99497264,-0.30911840
2208,-0.00326923,-0.28598426,-1.00000000,-0.91683069,-0.29846539
2209,0.01700456,-0.46870429,-1.00000000,-0.62083332,-0.20702245
2210,0.00808312,-0.28862654,-1.00000000,-0.91255033,-0.13011600
2211,-0.01109764,0.04626020,1.00000000,-0.54501109,-0.20794084
2212,0.00282119,-0.10110595,1.00000000,-0.78373692,-0.04239836
2213,0.00081123,-0.41793784,-1.00000000,-0.70307246,-0.00264537
2214,-0.00412299,-0.18802370,1.00000000,-0.92453936,-0.20847558
2215,-0.00138905,-0.22122455,1.00000000,-0.97832308,-0.30075608
2216,-0.01673165,-0.30272904,-1.00000000,-0.88970498,-0.35564409
2217,0.00072267,-0.25756938,-1.00000000,-0.96286138,-0.37608841
2218,0.00369030,-0.51100156,-1.00000000,-0.55231385,-0.34803975
2219,0.00717074,-0.22268745,1.00000000,-0.98069291,-0.23801322
2220,0.00533597,-0.17366748,1.00000000,-0.90128300,-0.17249626
2221,-0.00191089,-0.11617686,1.00000000,-0.80815106,-0.02810848
2222,-0.00399108,-0.14648406,1.00000000,-0.85724721,-0.07403114
2223,-0.00123548,-0.26618919,-1.00000000,-0.94889773,-0.12201939
2224,0.00123313,-0.30055023,-1.00000000,-0.89323455,-0.17986518
2225,0.01047383,-0.25503253,-1.00000000,-0.96697096,-0.12981077
2226,0.01441842,-0.21425556,1.00000000,-0.96703366,0.02927376
2227,0.02317973,-0.06161580,1.00000000,-0.71976485,0.29397909
2228,0.00266344,0.00354181,1.00000000,-0.61421275,0.33196333
2229,0.01649313,0.14826297,1.00000000,-0.37977167,0.48063031
2230,-0.01664138,-0.19062948,1.00000000,-0.92876060,0.21646669
2231,-0.00827809,0.03781229,1.00000000,-0.55869628,-0.00464875
2232,-0.01349926,-0.50951052,-1.00000000,-0.55472927,-0.36198526
2233,-0.00256537,-0.37136385,-1.00000000,-0.77852000,-0.41292574
2234,0.01083581,-0.45760826,-1.00000000,-0.63880833,-0.46804087
2235,0.00058608,-0.27700009,-1.00000000,-0.93138460,-0.30020630
2236,-0.00998546,-0.05563651,1.00000000,-0.71007869,-0.31683999
2237,-0.00521371,-0.22494363,1.00000000,-0.98434782,-0.23611999
2238,-0.01474774,-0.39956661,-1.00000000,-0.73283294,-0.35480388
2239,-0.01576510,-0.32074589,-1.00000000,-0.86051858,-0.61395709
2240,-0.00340589,-0.47823100,-1.00000000,-0.60540052,-0.65284796
2241,0.01106086,-0.49503597,-1.00000000,-0.57817731,-0.44780912
2242,0.00079669,-0.29088389,-1.00000000,-0.90889353,-0.38925413
2243,-0.00397573,-0.05191914,1.00000000,-0.70405673,-0.28431033
2244,0.00825322,-0.22146473,1.00000000,-0.97871217,-0.05031742
2245,-0.00179159,-0.30029669,-1.00000000,-0.89364527,-0.03459046
2246,0.01264767,-0.09829630,1.00000000,-0.77918543,-0.01913131
2247,-0.00595265,-0.26421851,-1.00000000,-0.95209013,-0.08488521
2248,-0.00458799,-0.02570785,1.00000000,-0.66159575,-0.09084997
2249,0.00068124,-0.33295178,-1.00000000,-0.84074564,-0.16461825
2250,0.01711541,-0.31041006,-1.00000000,-0.87726211,0.01957884
2251,0.00367714,-0.22337189,1.00000000,-0.98180167,-0.06781440
2252,0.00659214,0.04809134,1.00000000,-0.54204473,0.05440029
2253,0.00230344,-0.17388484,1.00000000,-0.90163511,0.12153842
2254,-0.00663955,-0.12573431,1.00000000,-0.82363364,0.05021740
2255,0.01077469,-0.19657602,1.00000000,-0.93839370,-0.01155561
2256,-0.00420006,-0.34429811,-1.00000000,-0.82236515,-0.08829746
2257,0.00989814,-0.05664604,1.00000000,-0.71171407,-0.05608955
2258,-0.01634568,-0.30400218,-1.00000000,-0.88764256,-0.23777427
2259,0.00133761,-0.07112516,1.00000000,-0.73516953,-0.16005867
2260,0.00026400,-0.50462611,-1.00000000,-0.56264176,-0.26245671
2261,0.00492006,-0.21252975,1.00000000,-0.96423794,-0.17360607
2262,0.00168420,-0.23026396,1.00000000,-0.99296648,-0.25362849
2263,-0.00071795,-0.15335415,1.00000000,-0.86837641,-0.10137889
2264,-0.00075835,-0.20680477,1.00000000,-0.95496376,-0.12179831
2265,0.00551136,-0.24648387,-1.00000000,-0.98081936,-0.07067711
2266,-0.00831809,-0.24715128,-1.00000000,-0.97973820,-0.19964667
2267,0.00147781,-0.14358693,1.00000000,-0.85255401,-0.20165733
2268,-0.00030033,-0.37202463,-1.00000000,-0.77744956,-0.19758881
2269,0.01286273,-0.21021388,1.00000000,-0.96048635,-0.06488859
2270,0.00727122,-0.23958561,-1.00000000,-0.99199420,-0.04774350
2271,0.00246851,-0.02215539,1.00000000,-0.65584094,0.05734246
2272,0.00523892,-0.11451710,1.00000000,-0.80546232,0.09398420
2273,0.00691685,-0.19384928,1.00000000,-0.93397652,0.16429590
2274,-0.00067887,-0.14808708,1.00000000,-0.85984402,0.03236998
2275,-0.00391306,-0.12037071,1.00000000,-0.81494488,-0.07659034
2276,0.00199760,-0.24583843,-1.00000000,-0.98186494,-0.08117808
2277,-0.00027829,-0.29926150,-1.00000000,-0.89532222,-0.13492822
2278,-0.00602710,-0.20162788,1.00000000,-0.94657746,-0.26103167
2279,0.00010139,-0.23922152,-1.00000000,-0.99258402,-0.25343019
2280,-0.00263461,-0.33418165,-1.00000000,-0.83875333,-0.24097513
2281,-0.00507854,-0.23294996,1.00000000,-0.99731767,-0.30991278
2282,0.00396839,-0.27814372,-1.00000000,-0.92953199,-0.26854047
2283,-0.00365212,-0.31851304,-1.00000000,-0.86413569,-0.24540276
2284,-0.00144815,-0.16907394,1.00000000,-0.89384170,-0.26049873
2285,0.00433288,-0.29495119,-1.00000000,-0.90230472,-0.19261956
2286,0.00217167,-0.25854548,-1.00000000,-0.96128015,-0.12198611
2287,0.00693319,-0.16305322,1.00000000,-0.88408843,-0.09310223
2288,0.00124012,-0.19875261,1.00000000,-0.94191967,-0.04544075
2289,-0.00042235,-0.12010073,1.00000000,-0.81450753,-0.03544714
2290,0.00165286,-0.21414019,1.00000000,-0.96684678,-0.06155667
2291,0.00303465,-0.24160113,-1.00000000,-0.98872917,-0.05314929
2292,0.00901253,-0.20732246,1.00000000,-0.95580239,-0.03289183
2293,-0.00210425,-0.18449773,1.00000000,-0.91882747,-0.06547357
2294,0.00606477,-0.08575380,1.00000000,-0.75886720,-0.00227437
2295,0.00310276,-0.26938318,-1.00000000,-0.94372362,0.01185096
2296,0.00200618,-0.13444562,1.00000000,-0.83774553,0.00183131
2297,0.00083792,-0.18337268,1.00000000,-0.91700494,-0.07780798
2298,0.00487590,-0.20148625,1.00000000,-0.94634802,-0.00980547
2299,-0.00393252,-0.22078382,1.00000000,-0.97760913,-0.10720172
2300,-0.00612723,-0.15408355,1.00000000,-0.86955801,-0.19712278
2301,-0.00304070,-0.29958292,-1.00000000,-0.89480154,-0.24629080
2302,0.00315778,-0.33583563,-1.00000000,-0.83607395,-0.22369003
2303,0.00255979,-0.28485161,-1.00000000,-0.91866552,-0.24625418
2304,-0.00267235,-0.18246376,1.00000000,-0.91553253,-0.23397721
2305,-0.00325584,-0.19234153,1.00000000,-0.93153404,-0.20600336
2306,-0.00502864,-0.27876706,-1.00000000,-0.92852220,-0.22537041
2307,-0.00840676,-0.28840541,-1.00000000,-0.91290855,-0.33803526
2308,-0.00194695,-0.31768885,-1.00000000,-0.86547084,-0.38194111
2309,0.00332227,-0.37348926,-1.00000000,-0.77507694,-0.32353997
2310,-0.00121352,-0.26678479,-1.00000000,-0.94793288,-0.30364307
2311,-0.00514363,-0.17974676,1.00000000,-0.91113113,-0.30476336
2312,0.00506509,-0.25466981,-1.00000000,-0.96755855,-0.17351703
2313,-0.00711468,-0.31958831,-1.00000000,-0.86239380,-0.22386249
2314,0.00370020,-0.15095847,1.00000000,-0.86449554,-0.22018061
2315,0.01030391,-0.35214654,-1.00000000,-0.80965109,-0.10797480
2316,-0.00452876,-0.17350405,1.00000000,-0.90101825,-0.10198449
2317,-0.00526911,-0.06442260,1.00000000,-0.72431173,-0.20266307
2318,0.00176057,-0.30943162,-1.00000000,-0.87884713,-0.11619800
2319,-0.00611771,-0.32166103,-1.00000000,-0.85903609,-0.21184668
2320,-0.00052644,-0.20554328,1.00000000,-0.95292020,-0.31735881
2321,0.01145960,-0.33567830,-1.00000000,-0.83632881,-0.16159593
2322,-0.00587064,-0.24332054,-1.00000000,-0.98594380,-0.16745619
2323,0.00758995,-0.04533253,1.00000000,-0.69338676,-0.11066480
2324,0.00301199,-0.33159723,-1.00000000,-0.84293995,-0.02172086
2325,-0.00284849,-0.10925233,1.00000000,-0.79693366,-0.04434288
2326,0.00221062,-0.18487207,1.00000000,-0.91943388,-0.13444898
2327,-0.00690151,-0.28167661,-1.00000000,-0.92380887,-0.14449195
2328,-0.00180839,-0.19810925,1.00000000,-0.94087745,-0.23605310
2329,-0.00284009,-0.34862528,-1.00000000,-0.81535535,-0.29306562
2330,-0.00164104,-0.26449610,-1.00000000,-0.95164045,-0.28130233
2331,-0.00682865,-0.28153794,-1.00000000,-0.92403352,-0.36936531
2332,0.01023217,-0.26173172,-1.00000000,-0.95611860,-0.20244437
2333,0.01399898,-0.34742179,-1.00000000,-0.81730494,-0.04844473
2334,0.00346783,-0.06560748,1.00000000,-0.72623117,0.01300871
2335,-0.00154104,-0.00338663,1.00000000,-0.62543648,0.01398297
2336,0.00041106,-0.17734240,1.00000000,-0.90723619,0.08451417
2337,-0.00341136,-0.26007983,-1.00000000,-0.95879458,-0.04840480
2338,-0.00227887,-0.22783474,1.00000000,-0.98903127,-0.20698795
2339,-0.00453607,-0.29097425,-1.00000000,-0.90874715,-0.28496401
2340,0.00901890,-0.27226754,-1.00000000,-0.93905111,-0.18208629
2341,-0.00282557,-0.30955238,-1.00000000,-0.87865151,-0.21361837
2342,-0.00137957,-0.08564860,1.00000000,-0.75869679,-0.19382415
2343,-0.02201705,-0.28129800,-1.00000000,-0.92442220,-0.38611876
2344,0.00418787,-0.25741276,-1.00000000,-0.96311510,-0.30112780
2345,0.00573534,-0.59830691,-1.00000000,-0.41088353,-0.33311710
2346,0.00796993,-0.16544851,1.00000000,-0.88796867,-0.22794447
2347,-0.00148812,-0.13988710,1.00000000,-0.84656046,-0.22900197
2348,0.00561143,-0.10297569,1.00000000,-0.78676582,0.04016203
2349,-0.00486493,-0.25920577,-1.00000000,-0.96021051,-0.04803285
2350,0.00470575,-0.14193395,1.00000000,-0.84987626,-0.05806341
2351,0.00814268,-0.31498469,-1.00000000,-0.86985145,-0.05638043
2352,-0.00192011,-0.15689413,1.00000000,-0.87411100,-0.06058899
2353,0.00897661,-0.10012215,1.00000000,-0.78214323,-0.02780443
2354,0.00034535,-0.26634147,-1.00000000,-0.94865104,0.02295552
2355,0.00104642,-0.08634707,1.00000000,-0.75982828,-0.01269464
2356,0.00498053,-0.22892017,1.00000000,-0.99078962,-0.04350117
2357,-0.00190709,-0.21733970,1.00000000,-0.97202982,-0.04337437
2358,0.00053722,-0.15235524,1.00000000,-0.86675823,-0.12559324
2359,0.00618538,-0.26612647,-1.00000000,-0.94899932,-0.06869808
2360,0.00601874,-0.22575081,1.00000000,-0.98565540,-0.02025643
2361,-0.00152302,-0.13245330,1.00000000,-0.83451808,-0.08361572
2362,-0.01784292,-0.13520591,1.00000000,-0.83897716,-0.23886678
2363,-0.00063689,-0.25978218,-1.00000000,-0.95927676,-0.25030521
2364,-0.00204847,-0.52935776,-1.00000000,-0.52257771,-0.33052158
2365,0.00414342,-0.24514489,-1.00000000,-0.98298844,-0.34879143
2366,-0.00092404,-0.26846178,-1.00000000,-0.94521624,-0.34295607
2367,-0.00396723,-0.16618279,1.00000000,-0.88915818,-0.20777543
2368,0.00007242,-0.24988821,-1.00000000,-0.97530450,-0.20086517
2369,-0.00435456,-0.30015628,-1.00000000,-0.89387272,-0.22333171
2370,0.01615872,-0.23342841,1.00000000,-0.99809274,-0.10627547
2371,0.02062468,-0.30655424,-1.00000000,-0.88350834,0.10365791
2372,-0.00365223,0.03228841,1.00000000,-0.56764469,0.10672676
2373,-0.00625468,0.10605806,1.00000000,-0.44814153,0.04508640
2374,-0.00636530,-0.29495300,-1.00000000,-0.90230179,0.02549720
2375,0.00168909,-0.33794088,-1.00000000,-0.83266355,-0.11546982
2376,0.00134887,-0.33976812,-1.00000000,-0.82970351,-0.30325993
2377,0.00384595,-0.20672399,1.00000000,-0.95483291,-0.23021061
2378,0.00924637,-0.21234385,1.00000000,-0.96393679,-0.07919518
2379,0.00783612,-0.17109641,1.00000000,-0.89711800,0.05915886
2380,-0.01082814,-0.08189118,1.00000000,-0.75260996,-0.06278733
2381,-0.00371540,-0.10518607,1.00000000,-0.79034653,-0.11212473
2382,-0.00247053,-0.41348621,-1.00000000,-0.71028387,-0.17366163
2383,-0.00052463,-0.29599639,-1.00000000,-0.90061154,-0.26885336
2384,0.00569999,-0.27543348,-1.00000000,-0.93392244,-0.28966412
2385,-0.02290844,-0.24329067,-1.00000000,-0.98599219,-0.40735361
2386,-0.01422751,-0.14047113,1.00000000,-0.84750656,-0.50976549
2387,0.01545644,-0.61303111,-1.00000000,-0.38703105,-0.33511609
2388,-0.00041859,-0.46963778,-1.00000000,-0.61932112,-0.33408299
2389,0.01213687,0.02068808,1.00000000,-0.58643666,-0.27137315
2390,-0.01200671,-0.24153901,-1.00000000,-0.98882979,-0.16516559
2391,0.00703343,-0.03414534,1.00000000,-0.67526407,0.04196420
2392,0.00147568,-0.43295406,-1.00000000,-0.67874693,-0.09424011
2393,-0.00360310,-0.11844507,1.00000000,-0.81182544,-0.12526447
2394,-0.00766303,-0.21024905,1.00000000,-0.96054333,-0.31816043
2395,-0.00335272,-0.29414144,-1.00000000,-0.90361646,-0.23385091
2396,0.00500927,-0.36120431,-1.00000000,-0.79497795,-0.25357080
2397,0.00214844,-0.29000558,-1.00000000,-0.91031636,-0.24701658
2398,-0.00158506,-0.15188055,1.00000000,-0.86598925,-0.22735626
2399,-0.00214340,-0.19913623,1.00000000,-0.94254112,-0.17358253
2400,-0.00166958,-0.26080697,-1.00000000,-0.95761665,-0.15718495
2401,-0.00861244,-0.27002988,-1.00000000,-0.94267600,-0.28989133
2402,-0.00368765,-0.26220316,-1.00000000,-0.95535490,-0.34674816
2403,-0.01035775,-0.37688687,-1.00000000,-0.76957298,-0.43221411
2404,-0.00660824,-0.29553813,-1.00000000,-0.90135391,-0.47571176
2405,-0.00722181,-0.40571620,-1.00000000,-0.72287090,-0.52980307
2406,0.00660280,-0.34378102,-1.00000000,-0.82320281,-0.38157206
2407,-0.00097651,-0.35391606,-1.00000000,-0.80678455,-0.35515932
2408,-0.01471311,-0.12555821,1.00000000,-0.82334837,-0.39759043
2409,0.00403152,-0.25075481,-1.00000000,-0.97390065,-0.29393505
2410,-0.00273692,-0.47765900,-1.00000000,-0.60632714,-0.25024201
2411,0.01270348,-0.16803124,1.00000000,-0.89215256,-0.19080759
2412,-0.00671787,-0.27983363,-1.00000000,-0.92679440,-0.24674154
2413,0.00141714,-0.02478597,1.00000000,-0.66010235,-0.08959630
2414,-0.00937246,-0.34559194,-1.00000000,-0.82026922,-0.22018143
2415,-0.00313007,-0.21121610,1.00000000,-0.96210989,-0.22401169
2416,-0.00583401,-0.38944094,-1.00000000,-0.74923602,-0.40460891
2417,-0.00116618,-0.28632791,-1.00000000,-0.91627400,-0.35052281
2418,0.00140755,-0.33099218,-1.00000000,-0.84392010,-0.35061618
2419,0.00324739,-0.25388788,-1.00000000,-0.96882523,-0.22767020
2420,-0.00084458,-0.21137441,1.00000000,-0.96236635,-0.20540433
2421,0.00198582,-0.18098356,1.00000000,-0.91313469,-0.12922138
2422,-0.00517387,-0.24857567,-1.00000000,-0.97743075,-0.16826540
2423,-0.01041462,-0.20182247,1.00000000,-0.94689268,-0.28344022
2424,0.00634629,-0.32008780,-1.00000000,-0.86158465,-0.25324997
2425,0.00470365,-0.40665563,-1.00000000,-0.72134908,-0.19919765
2426,-0.00008927,-0.12979537,1.00000000,-0.83021237,-0.21941377
2427,-0.00008618,-0.15692888,1.00000000,-0.87416731,-0.16984813
2428,0.00451709,-0.23609930,-1.00000000,-0.99764184,-0.02437937
2429,-0.00701490,-0.23604827,-1.00000000,-0.99772451,-0.15454760
2430,0.00582422,-0.16001042,1.00000000,-0.87915925,-0.14363062
2431,0.01600597,-0.35049822,-1.00000000,-0.81232129,0.01317357
2432,0.00091199,-0.13841891,1.00000000,-0.84418207,0.02289803
2433,-0.00836788,0.02976534,1.00000000,-0.57173193,-0.10263085
2434,-0.00192982,-0.21956027,1.00000000,-0.97562703,-0.05309067
2435,-0.00715218,-0.37284716,-1.00000000,-0.77611712,-0.17951032
2436,-0.00270544,-0.26650184,-1.00000000,-0.94839124,-0.36180187
2437,-0.00423085,-0.35276597,-1.00000000,-0.80864765,-0.41190478
2438,-0.00056580,-0.27931364,-1.00000000,-0.92763677,-0.33589477
2439,-0.00583793,-0.30451076,-1.00000000,-0.88681868,-0.37396865
2440,0.00595962,-0.24397066,-1.00000000,-0.98489065,-0.24622999
2441,0.00631660,-0.33105687,-1.00000000,-0.84381530,-0.15833492
2442,-0.00086902,-0.13618251,1.00000000,-0.84055921,-0.12558310
2443,0.00002305,-0.13028578,1.00000000,-0.83100681,-0.11984636
2444,-0.00115832,-0.24897939,-1.00000000,-0.97677674,-0.07425632
2445,-0.01131133,-0.23424390,1.00000000,-0.99941378,-0.24251451
2446,0.00570540,-0.25375804,-1.00000000,-0.96903557,-0.24846895
2447,0.00447209,-0.42146764,-1.00000000,-0.69735435,-0.19643439
2448,-0.00156080,-0.14038166,1.00000000,-0.84736162,-0.21186473
2449,-0.00397930,-0.16075376,1.00000000,-0.88036342,-0.23934746
2450,-0.00809411,-0.26040633,-1.00000000,-0.95826566,-0.20800440
2451,-0.05919817,-0.30035558,-1.00000000,-0.89354988,-0.84031242
2452,-0.00030209,-0.36832484,-1.00000000,-0.78344304,-0.88682374
2453,-0.01209320,-1.21247259,-1.00000000,0.58403436,-0.98943315
2454,0.00043226,-0.23961464,-1.00000000,-0.99194717,-0.94645460
2455,0.01496415,-0.43438265,-1.00000000,-0.67643268,-0.72181485
2456,-0.00511763,-0.22748457,1.00000000,-0.98846402,-0.19494774
2457,-0.00653745,0.01255636,1.00000000,-0.59960963,-0.25569433
2458,0.00174430,-0.31915884,-1.00000000,-0.86308953,-0.12088576
2459,-0.00689543,-0.34261171,-1.00000000,-0.82509703,-0.19227408
2460,0.05975648,-0.20581202,1.00000000,-0.95335555,0.24410477
2461,-0.01271995,-0.34852490,-1.00000000,-0.81551797,0.17004094
2462,-0.00411516,0.75244546,1.00000000,0.59897395,0.19363958
2463,-0.03986991,-0.44473555,-1.00000000,-0.65966149,-0.21177722
2464,0.00374591,-0.30259975,-1.00000000,-0.88991443,-0.10810638
2465,-0.01246970,-0.89320434,-1.00000000,0.06683566,-0.81175318
2466,-0.01497235,-0.17274890,1.00000000,-0.89979495,-0.83369661
2467,0.01918167,-0.44060181,-1.00000000,-0.66635794,-0.60673269
2468,-0.00643954,-0.48194107,-1.00000000,-0.59939040,-0.28104501
2469,-0.01132054,0.08222213,1.00000000,-0.48675455,-0.42782645
2470,0.00156512,-0.34099435,-1.00000000,-0.82771709,-0.29109551
2471,-0.02016948,-0.42161978,-1.00000000,-0.69710790,-0.34172741
2472,-0.00587433,-0.20877175,1.00000000,-0.95815018,-0.58582960
2473,-0.01252141,-0.56778847,-1.00000000,-0.46032187,-0.64508086
2474,0.01241672,-0.33165804,-1.00000000,-0.84284145,-0.41382605
2475,-0.03082984,-0.44145605,-1.00000000,-0.66497413,-0.72942645
2476,0.00495062,-0.02952260,1.00000000,-0.66777546,-0.48469967
2477,0.01668240,-0.74387856,-1.00000000,-0.17506468,-0.26494599
2478,-0.00418510,-0.15284931,1.00000000,-0.86755860,-0.18373137
2479,-0.00815942,0.04093874,1.00000000,-0.55363159,-0.38418966
2480,0.01588404,-0.30375503,-1.00000000,-0.88804293,0.07090953
2481,0.00879349,-0.36940366,-1.00000000,-0.78169541,0.10834783
2482,-0.02159795,0.02775125,1.00000000,-0.57499467,-0.26458958
2483,-0.00220423,-0.08937192,1.00000000,-0.76472839,-0.24529145
2484,-0.02489976,-0.59138412,-1.00000000,-0.42209810,-0.40838034
2485,0.00607059,-0.27103467,-1.00000000,-0.94104829,-0.50398557
2486,0.00426731,-0.64592415,-1.00000000,-0.33374597,-0.54808082
2487,0.00323180,-0.13434933,1.00000000,-0.83758955,-0.30618279
2488,0.00218033,-0.16413632,1.00000000,-0.88584299,-0.26346722
2489,0.00342167,-0.18124114,1.00000000,-0.91355196,0.01244777
2490,0.01042378,-0.19860956,1.00000000,-0.94168793,0.05485768
2491,-0.00042359,-0.17810476,1.00000000,-0.90847117,0.00915760
2492,-0.00170975,-0.06244248,1.00000000,-0.72110402,-0.03898430
2493,-0.00523068,-0.24162172,-1.00000000,-0.98869581,-0.11118434
2494,-0.00052171,-0.26286670,-1.00000000,-0.95428000,-0.14960185
2495,-0.00174982,-0.32102617,-1.00000000,-0.86006454,-0.26820037
2496,-0.00510815,-0.24324243,-1.00000000,-0.98607034,-0.31383858
2497,0.00540926,-0.26352864,-1.00000000,-0.95320768,-0.24448329
2498,-0.00682244,-0.31900223,-1.00000000,-0.86334323,-0.25999069
2499,-0.00219982,-0.14527341,1.00000000,-0.85528601,-0.27633924
2500,-0.00601593,-0.34731927,-1.00000000,-0.81747102,-0.31790077
2501,-0.00527835,-0.27096172,-1.00000000,-0.94116647,-0.31955887
2502,-0.00181798,-0.33399705,-1.00000000,-0.83905237,-0.38996856
2503,0.00975650,-0.32181357,-1.00000000,-0.85878900,-0.22845206
2504,0.00070740,-0.26465446,-1.00000000,-0.95138391,-0.20012921
2505,-0.00915394,-0.07346480,1.00000000,-0.73895964,-0.23070059
2506,-0.00643966,-0.22293975,1.00000000,-0.98110163,-0.24201443
2507,0.00938520,-0.38583144,-1.00000000,-0.75508323,-0.13287001
2508,0.00066937,-0.34099642,-1.00000000,-0.82771374,-0.22139925
2509,-0.00004417,-0.07959790,1.00000000,-0.74889495,-0.22872120
2510,0.00863136,-0.22356791,1.00000000,-0.98211922,-0.05545201
2511,0.01262195,-0.23535426,-1.00000000,-0.99884878,0.13025133
2512,0.01328034,-0.09205005,1.00000000,-0.76906681,0.16819878
2513,0.00850109,-0.02613267,1.00000000,-0.66228394,0.24449751
2514,0.00026408,-0.01525725,1.00000000,-0.64466629,0.24750056
2515,-0.00403739,-0.09420188,1.00000000,-0.77255268,0.12407815
2516,0.00350865,-0.23026253,1.00000000,-0.99296417,0.03529396
2517,0.00325008,-0.30131522,-1.00000000,-0.89199530,-0.06242353
2518,0.02855059,-0.17666805,1.00000000,-0.90614377,0.13290406
2519,-0.00645659,-0.18093921,1.00000000,-0.91306284,0.06742950
2520,-0.00153059,0.23697997,1.00000000,-0.23605453,0.09185143
2521,-0.01326867,-0.34127596,-1.00000000,-0.82726089,-0.07159770
2522,-0.01098741,-0.25990735,-1.00000000,-0.95907399,-0.21030317
2523,-0.00528825,-0.45379933,-1.00000000,-0.64497861,-0.53997018
2524,0.00970691,-0.41611712,-1.00000000,-0.70602193,-0.38250107
2525,-0.00479289,-0.32197705,-1.00000000,-0.85852417,-0.41428321
2526,-0.00286368,-0.07428392,1.00000000,-0.74028658,-0.31291508
2527,0.00742352,-0.31379462,-1.00000000,-0.87177929,-0.13355084
2528,0.00030517,-0.28192764,-1.00000000,-0.92340222,-0.07905830
2529,-0.01386092,-0.11200144,1.00000000,-0.80138709,-0.30866240
2530,-0.00897755,-0.22958385,1.00000000,-0.99186474,-0.34943050
2531,-0.00433988,-0.46358228,-1.00000000,-0.62913073,-0.36381198
2532,0.01657279,-0.38291776,-1.00000000,-0.75980324,-0.27467733
2533,0.00713557,-0.30631173,-1.00000000,-0.88390120,-0.20813370
2534,-0.00329722,0.03912814,1.00000000,-0.55656466,-0.10521927
2535,-0.00540151,-0.11675777,1.00000000,-0.80909210,-0.07038049
2536,0.00783823,-0.28908881,-1.00000000,-0.91180148,0.04826193
2537,-0.01591287,-0.32384790,-1.00000000,-0.85549347,-0.26822206
2538,-0.00274251,-0.10515112,1.00000000,-0.79028991,-0.36445702
2539,-0.00483176,-0.49747682,-1.00000000,-0.57422325,-0.37940695
2540,0.00240002,-0.27992608,-1.00000000,-0.92664465,-0.30340239
2541,0.01125752,-0.31443672,-1.00000000,-0.87073912,-0.27009079
2542,-0.00523974,-0.19498063,1.00000000,-0.93580925,-0.16611026
2543,-0.01386259,-0.04867064,1.00000000,-0.69879433,-0.27444502
2544,-0.00842791,-0.32117575,-1.00000000,-0.85982223,-0.30947970
2545,-0.00406745,-0.46360985,-1.00000000,-0.62908607,-0.37248756
2546,-0.00363759,-0.37383872,-1.00000000,-0.77451084,-0.51759966
2547,0.00577623,-0.30181172,-1.00000000,-0.89119100,-0.41027919
2548,0.00498367,-0.29471112,-1.00000000,-0.90269361,-0.22667393
2549,-0.00833342,-0.13921174,1.00000000,-0.84546642,-0.22575337
2550,-0.00197877,-0.15230344,1.00000000,-0.86667432,-0.20540489
2551,0.01120526,-0.37227788,-1.00000000,-0.77703932,-0.06080189
2552,-0.00566024,-0.26731047,-1.00000000,-0.94708131,-0.17221899
2553,0.00186752,-0.04953384,1.00000000,-0.70019266,-0.20257729
2554,-0.02786253,-0.32812168,-1.00000000,-0.84857017,-0.39283516
2555,-0.00659684,-0.20377655,1.00000000,-0.95005819,-0.43782562
2556,-0.00133634,-0.69486392,-1.00000000,-0.25446597,-0.56000928
2557,0.01328942,-0.34359269,-1.00000000,-0.82350789,-0.37539666
2558,-0.00190798,-0.25669868,-1.00000000,-0.96427187,-0.41217864
2559,-0.00067387,-0.01510727,1.00000000,-0.64442334,-0.14729941
2560,0.00527539,-0.26614113,-1.00000000,-0.94897558,-0.03163692
2561,0.00167552,-0.24575588,-1.00000000,-0.98199868,-0.00229459
2562,0.00257586,-0.14748462,1.00000000,-0.85886806,-0.10666900
2563,-0.00051555,-0.20694818,1.00000000,-0.95519607,-0.09310351
2564,0.00124263,-0.19207617,1.00000000,-0.93110416,-0.07443242
2565,0.00381220,-0.24314057,-1.00000000,-0.98623534,-0.08868727
2566,-0.00188411,-0.21409867,1.00000000,-0.96677952,-0.12336608
2567,0.00250067,-0.17165400,1.00000000,-0.89802126,-0.12409853
2568,0.00531187,-0.26574679,-1.00000000,-0.94961439,-0.06732624
2569,0.00270139,-0.19331805,1.00000000,-0.93311594,-0.05311462
2570,-0.00504376,-0.14688203,1.00000000,-0.85789190,-0.13939176
2571,0.00493568,-0.19000258,1.00000000,-0.92774505,-0.07295152
2572,-0.00984947,-0.31793861,-1.00000000,-0.86506623,-0.19326994
2573,0.00253896,-0.15309604,1.00000000,-0.86795829,-0.22028443
2574,-0.00296357,-0.39732034,-1.00000000,-0.73647178,-0.27547401
2575,0.00517158,-0.19268563,1.00000000,-0.93209146,-0.17595343
2576,0.00264589,-0.28357764,-1.00000000,-0.92072931,-0.19826124
2577,0.00115614,-0.14919946,1.00000000,-0.86164602,-0.09104162
2578,0.00139705,-0.19091939,1.00000000,-0.92923024,-0.10216639
2579,0.00895345,-0.21552732,1.00000000,-0.96909387,0.01393246
2580,-0.00707953,-0.21154790,1.00000000,-0.96264740,-0.10542114
2581,-0.00258700,-0.08672971,1.00000000,-0.76044813,-0.15640133
2582,-0.01389040,-0.35156588,-1.00000000,-0.81059173,-0.30298877
2583,-0.02663075,-0.27735732,-1.00000000,-0.93080590,-0.57604311
2584,0.00776915,-0.46406927,-1.00000000,-0.62834183,-0.58758086
2585,0.00154553,-0.67451700,-1.00000000,-0.28742695,-0.50355319
2586,0.00120248,-0.10629220,1.00000000,-0.79213839,-0.46663503
2587,0.00799937,-0.20909528,1.00000000,-0.95867427,-0.25337901
2588,-0.00509623,-0.21476184,1.00000000,-0.96785382,-0.04358396
2589,0.00315355,-0.10248942,1.00000000,-0.78597808,-0.08855034
2590,-0.00652279,-0.31880529,-1.00000000,-0.86366226,-0.16715405
2591,0.00944148,-0.18253361,1.00000000,-0.91564568,-0.08688753
2592,0.00079758,-0.34236945,-1.00000000,-0.82548949,-0.15704932
2593,-0.00027459,-0.07866834,1.00000000,-0.74738911,-0.11007560
2594,0.02207448,-0.22145015,1.00000000,-0.97868855,0.07425712
2595,0.01641716,-0.23916040,-1.00000000,-0.99268303,0.29774421
2596,-0.00042554,0.13000622,1.00000000,-0.40934670,0.20161708
2597,0.00449347,0.03655741,1.00000000,-0.56072913,0.23762348
2598,0.02665350,-0.24165383,-1.00000000,-0.98864379,0.49996415
2599,-0.01654162,-0.16040056,1.00000000,-0.87979125,0.12375580
2600,-0.00558936,0.20564347,1.00000000,-0.28681810,-0.09063757
2601,0.01320406,-0.50786260,-1.00000000,-0.55739881,0.04214561
2602,0.01369606,-0.32695084,-1.00000000,-0.85046687,0.13179965
2603,0.00528707,-0.01651730,1.00000000,-0.64670751,-0.07635785
2604,-0.00837790,-0.00839034,1.00000000,-0.63354224,0.00317524
2605,-0.00674367,-0.14729174,1.00000000,-0.85855561,-0.00807041
2606,-0.00365383,-0.37301266,-1.00000000,-0.77584902,-0.17230443
2607,-0.00952461,-0.34601807,-1.00000000,-0.81957891,-0.39852635
2608,0.00988563,-0.29497936,-1.00000000,-0.90225908,-0.35372600
2609,0.02253129,-0.39195415,-1.00000000,-0.74516473,-0.05260031
2610,0.01005472,-0.07133183,1.00000000,-0.73550434,0.11105407
2611,-0.00860601,0.13755199,1.00000000,-0.39712293,0.06280855
2612,-0.00751338,-0.06853878,1.00000000,-0.73097973,0.08240246
2613,-0.00791482,-0.37678061,-1.00000000,-0.76974512,-0.09101427
2614,0.01149104,-0.35873228,-1.00000000,-0.79898251,-0.19857134
2615,0.00323124,-0.36536338,-1.00000000,-0.78824047,-0.26504747
2616,-0.00108461,-0.04481318,1.00000000,-0.69254544,-0.19177192
2617,0.00305826,-0.18125039,1.00000000,-0.91356694,-0.08878014
2618,-0.00188670,-0.25254045,-1.00000000,-0.97100800,-0.03005255
2619,0.00404159,-0.18410765,1.00000000,-0.91819556,-0.10262719
2620,-0.01300704,-0.26578958,-1.00000000,-0.94954508,-0.26082485
2621,-0.00285729,-0.16786493,1.00000000,-0.89188316,-0.27809480
2622,0.00293487,-0.44947771,-1.00000000,-0.65197943,-0.27929690
2623,-0.00036104,-0.28182199,-1.00000000,-0.92357336,-0.26443355
2624,-0.00374297,-0.18614583,1.00000000,-0.92149731,-0.34027281
2625,-0.00231672,-0.24058847,-1.00000000,-0.99036963,-0.23612486
2626,-0.01055711,-0.29645193,-1.00000000,-0.89987360,-0.31113862
2627,-0.00079657,-0.27289276,-1.00000000,-0.93803827,-0.34749130
2628,-0.00932746,-0.40900932,-1.00000000,-0.71753620,-0.43484457
2629,-0.00136897,-0.24778253,-1.00000000,-0.97871560,-0.41171640
2630,-0.00566355,-0.38869769,-1.00000000,-0.75044004,-0.44432214
2631,0.00237012,-0.25723766,-1.00000000,-0.96339876,-0.31838152
2632,-0.00249598,-0.32817644,-1.00000000,-0.84848146,-0.33493763
2633,0.00166968,-0.19547448,1.00000000,-0.93660925,-0.22780047
2634,0.00026848,-0.27585375,-1.00000000,-0.93324162,-0.21184795
2635,0.00386464,-0.20704449,1.00000000,-0.95535210,-0.11902171
2636,-0.00307229,-0.23018984,1.00000000,-0.99284641,-0.17204316
2637,-0.00345432,-0.17078769,1.00000000,-0.89661788,-0.18137963
2638,-0.00068031,-0.28537341,-1.00000000,-0.91782024,-0.20427394
2639,-0.00595426,-0.29168391,-1.00000000,-0.90759755,-0.26489762
2640,-0.00451727,-0.24586226,-1.00000000,-0.98182633,-0.34655645
2641,-0.00833064,-0.33297849,-1.00000000,-0.84070237,-0.39778469
2642,0.00741244,-0.30924189,-1.00000000,-0.87915449,-0.29191782
2643,0.00563902,-0.37223192,-1.00000000,-0.77711377,-0.23035317
2644,0.00051105,-0.11218449,1.00000000,-0.80168362,-0.16736639
2645,0.00132388,-0.14147818,1.00000000,-0.84913793,-0.11046032
2646,-0.00184150,-0.22618314,1.00000000,-0.98635575,-0.04724143
2647,0.00200722,-0.21275650,1.00000000,-0.96460527,-0.09990051
2648,-0.00448421,-0.26504302,-1.00000000,-0.95075446,-0.19852374
2649,0.00090016,-0.20146902,1.00000000,-0.94632011,-0.19473287
2650,-0.00383804,-0.30869585,-1.00000000,-0.88003905,-0.24502175
2651,-0.00351440,-0.21975564,1.00000000,-0.97594353,-0.26131958
2652,0.00691774,-0.29802232,-1.00000000,-0.89732964,-0.21348000
2653,0.00383708,-0.29267632,-1.00000000,-0.90598990,-0.13241170
2654,0.00265139,-0.12035604,1.00000000,-0.81492112,-0.11535075
2655,-0.00021748,-0.17124292,1.00000000,-0.89735533,-0.08007826
2656,0.00084597,-0.19082846,1.00000000,-0.92908293,-0.03759836
2657,-0.00131819,-0.23821710,-1.00000000,-0.99421112,-0.11783493
2658,0.00103801,-0.22065079,1.00000000,-0.97739363,-0.14510426
2659,0.00578911,-0.25639877,-1.00000000,-0.96475772,-0.11453572
2660,-0.00118451,-0.21747861,1.00000000,-0.97225486,-0.12395675
2661,0.00201358,-0.13899888,1.00000000,-0.84512160,-0.11258155
2662,-0.00065528,-0.25419065,-1.00000000,-0.96833476,-0.10612338
2663,-0.00356612,-0.20136390,1.00000000,-0.94614982,-0.15097807
2664,0.00225930,-0.24544882,-1.00000000,-0.98249609,-0.18536643
2665,-0.00175961,-0.29353063,-1.00000000,-0.90460595,-0.19096918
2666,-0.00395811,-0.19730504,1.00000000,-0.93957468,-0.24914706
2667,-0.00267683,-0.26369023,-1.00000000,-0.95294592,-0.26884146
2668,-0.00221190,-0.30000566,-1.00000000,-0.89411672,-0.25564828
2669,-0.00519575,-0.27884107,-1.00000000,-0.92840231,-0.32827746
2670,0.00339462,-0.27116134,-1.00000000,-0.94084310,-0.27806364
2671,-0.00559084,-0.32044926,-1.00000000,-0.86099911,-0.29397010
2672,-0.00465433,-0.17855170,1.00000000,-0.90919520,-0.31323548
2673,0.00744797,-0.32697539,-1.00000000,-0.85042711,-0.21912639
2674,0.00208153,-0.31150589,-1.00000000,-0.87548691,-0.14822913
2675,-0.00723399,-0.11159750,1.00000000,-0.80073271,-0.25177584
2676,0.00294933,-0.20024153,1.00000000,-0.94433163,-0.16857521
2677,-0.00293887,-0.35411723,-1.00000000,-0.80645867,-0.15186273
2678,0.00751696,-0.18590706,1.00000000,-0.92111051,-0.15119067
2679,0.00616040,-0.28316955,-1.00000000,-0.92139039,-0.11145328
2680,0.00554950,-0.11045801,1.00000000,-0.79888679,0.01308692
2681,-0.00793681,-0.13286598,1.00000000,-0.83518659,-0.09296877
2682,0.01009994,-0.14295683,1.00000000,-0.85153327,0.03405883
2683,-0.00878022,-0.36572661,-1.00000000,-0.78765205,-0.12471267
2684,-0.00154078,-0.06779169,1.00000000,-0.72976948,-0.19973960
2685,-0.01414748,-0.37965828,-1.00000000,-0.76508344,-0.39163291
2686,0.00659615,-0.26007564,-1.00000000,-0.95880137,-0.25004888
2687,-0.00595861,-0.46831579,-1.00000000,-0.62146267,-0.40649559
2688,-0.00306382,-0.12566805,1.00000000,-0.82352630,-0.35080485
2689,-0.00431178,-0.33305021,-1.00000000,-0.84058619,-0.37780065
2690,-0.00518681,-0.28523351,-1.00000000,-0.91804687,-0.29050338
2691,0.00051371,-0.30584757,-1.00000000,-0.88465312,-0.34976018
2692,0.01180768,-0.32030151,-1.00000000,-0.86123845,-0.17667629
2693,0.00010209,-0.22613913,1.00000000,-0.98628447,-0.14583312
2694,-0.00038459,-0.03958301,1.00000000,-0.68407282,-0.10757339
2695,-0.00113303,-0.23293831,1.00000000,-0.99729879,-0.06808037
2696,0.00779770,-0.24097743,-1.00000000,-0.98973953,0.00288225
2697,-0.00278840,-0.25334031,-1.00000000,-0.96971227,-0.13931663
2698,-0.00569283,-0.10582058,1.00000000,-0.79137440,-0.19577232
2699,-0.00327846,-0.28068406,-1.00000000,-0.92541676,-0.22396513
2700,0.00513809,-0.32866007,-1.00000000,-0.84769800,-0.16287020
2701,-0.00179556,-0.28877890,-1.00000000,-0.91230351,-0.25633031
2702,0.00390476,-0.14975262,1.00000000,-0.86254212,-0.19112373
2703,0.00559118,-0.26428407,-1.00000000,-0.95198393,-0.08119191
2704,0.00497420,-0.17012500,1.00000000,-0.89554435,-0.00079236
2705,0.00392587,-0.14226846,1.00000000,-0.85041815,-0.01260214
2706,-0.00069379,-0.15245986,1.00000000,-0.86692771,-0.00186846
2707,0.00170583,-0.16977634,1.00000000,-0.89497955,-0.02329109
2708,0.00616765,-0.24608490,-1.00000000,-0.98146567,-0.01767489
2709,0.00022966,-0.20644748,1.00000000,-0.95438497,-0.06389744
2710,0.00589638,-0.13274608,1.00000000,-0.83499236,-0.04470021
2711,-0.00381211,-0.23083113,1.00000000,-0.99388527,-0.07507973
2712,0.00341149,-0.13722705,1.00000000,-0.84225131,-0.05846272
2713,0.00505562,-0.29759399,-1.00000000,-0.89802351,-0.06929641
2714,0.00439085,-0.17827302,1.00000000,-0.90874374,-0.02875695
2715,0.00280792,-0.15111481,1.00000000,-0.86474880,-0.05884560
2716,0.00618262,-0.16209566,1.00000000,-0.88253723,0.03852577
2717,0.00649300,-0.18824295,1.00000000,-0.92489454,0.06854666
2718,0.00288399,-0.13249888,1.00000000,-0.83459192,0.04739000
2719,0.00465822,-0.12737200,1.00000000,-0.82628662,0.04999478
2720,0.00238608,-0.18698635,1.00000000,-0.92285890,0.04588517
2721,-0.00734994,-0.15767921,1.00000000,-0.87538279,-0.08595266
2722,0.00422584,-0.19521087,1.00000000,-0.93618222,-0.10803990
2723,0.00006800,-0.35603257,-1.00000000,-0.80335591,-0.13547403
2724,-0.00233866,-0.16482137,1.00000000,-0.88695274,-0.20363954
2725,0.00203034,-0.23350145,1.00000000,-0.99821106,-0.20710527
2726,0.01667744,-0.27325521,-1.00000000,-0.93745113,0.02697592
2727,-0.00135268,-0.20108709,1.00000000,-0.94570141,-0.02737154
2728,0.00662638,0.04085680,1.00000000,-0.55376433,0.03652197
2729,-0.00079919,-0.25696859,-1.00000000,-0.96383464,0.05151997
2730,-0.00965080,-0.12516871,1.00000000,-0.82271740,-0.06228083
2731,0.00224371,-0.24782581,-1.00000000,-0.97864549,-0.20289810
2732,-0.00106809,-0.39403862,-1.00000000,-0.74178800,-0.20012550
2733,0.00663913,-0.19756262,1.00000000,-0.93999194,-0.20000135
2734,0.00160571,-0.25226759,-1.00000000,-0.97145003,-0.17657224
2735,-0.00623100,-0.12495821,1.00000000,-0.82237640,-0.14325564
2736,-0.00841862,-0.20810129,1.00000000,-0.95706406,-0.24713094
2737,-0.00781096,-0.33754966,-1.00000000,-0.83329731,-0.31282176
2738,-0.00275935,-0.37368526,-1.00000000,-0.77475942,-0.40438421
2739,-0.01151863,-0.36364770,-1.00000000,-0.79101978,-0.53224498
2740,0.00307184,-0.28020417,-1.00000000,-0.92619415,-0.44161426
2741,-0.00005218,-0.42489179,-1.00000000,-0.69180740,-0.36010613
2742,-0.00194656,-0.18388346,1.00000000,-0.91783238,-0.30297361
2743,-0.00093469,-0.23548658,-1.00000000,-0.99863442,-0.28519728
2744,0.00370360,-0.26677838,-1.00000000,-0.94794327,-0.13689827
2745,0.00067845,-0.25006404,-1.00000000,-0.97501967,-0.16021525
2746,0.00752562,-0.17344785,1.00000000,-0.90092721,-0.08639029
2747,0.00652774,-0.22341786,1.00000000,-0.98187614,-0.00383143
2748,0.00340751,-0.11031489,1.00000000,-0.79865495,0.03847141
2749,-0.00144597,-0.12679817,1.00000000,-0.82535705,-0.01169708
2750,0.00906127,-0.17833873,1.00000000,-0.90885019,0.06997059
2751,-0.00128129,-0.25850952,-1.00000000,-0.96133840,-0.01582865
2752,-0.00639689,-0.08494869,1.00000000,-0.75756297,-0.14174386
2753,-0.00085374,-0.25578923,-1.00000000,-0.96574515,-0.18325805
2754,0.00695909,-0.34028994,-1.00000000,-0.82885819,-0.10137369
2755,-0.00929964,-0.24872687,-1.00000000,-0.97718581,-0.28025058
2756,0.00026208,-0.11967295,1.00000000,-0.81381454,-0.26521470
2757,-0.00513914,-0.38823804,-1.00000000,-0.75118465,-0.25296136
2758,-0.01280689,-0.23029559,1.00000000,-0.99301772,-0.36941220
2759,-0.01104356,-0.31951416,-1.00000000,-0.86251393,-0.54479884
2760,0.02405076,-0.44617162,-1.00000000,-0.65733514,-0.21989034
2761,-0.01344144,-0.41704450,-1.00000000,-0.70451962,-0.35339375
2762,0.00884709,0.16265083,1.00000000,-0.35646405,-0.21713615
2763,0.01759546,-0.45665329,-1.00000000,-0.64035535,0.07905168
2764,-0.00740914,-0.08848667,1.00000000,-0.76329432,0.11445910
2765,-0.00135399,0.05602079,1.00000000,-0.52919941,-0.13304074
2766,0.00443585,-0.35701051,-1.00000000,-0.80177170,0.04112464
2767,0.00259039,-0.25699012,-1.00000000,-0.96379977,-0.01982976
2768,-0.00033566,-0.16135239,1.00000000,-0.88133317,-0.19451952
2769,0.02389653,-0.19183607,1.00000000,-0.93071521,0.11046878
2770,-0.00482905,-0.24016921,-1.00000000,-0.99104880,0.07661382
2771,-0.00512287,0.16010328,1.00000000,-0.36059095,-0.01650982
2772,-0.00298211,-0.31439188,-1.00000000,-0.87081176,-0.07079858
2773,0.00047390,-0.31924539,-1.00000000,-0.86294931,-0.06291158
2774,0.01117867,-0.28388375,-1.00000000,-0.92023342,-0.18681240
2775,-0.00703294,-0.22679665,1.00000000,-0.98734962,-0.20828333
2776,-0.01006450,-0.04997304,1.00000000,-0.70090415,-0.25642594
2777,0.00093541,-0.35079628,-1.00000000,-0.81183844,-0.21826044
2778,0.01023943,-0.40087214,-1.00000000,-0.73071803,-0.12312209
2779,0.00136589,-0.21917338,1.00000000,-0.97500030,-0.21872081
2780,-0.00420575,-0.06548767,1.00000000,-0.72603709,-0.19117754
2781,-0.00948006,-0.21206260,1.00000000,-0.96348118,-0.18548379
2782,-0.00253979,-0.30409611,-1.00000000,-0.88749039,-0.21934016
2783,-0.00354948,-0.39121827,-1.00000000,-0.74635683,-0.35367542
2784,0.00999207,-0.27657754,-1.00000000,-0.93206911,-0.26963685
2785,-0.00802017,-0.29325579,-1.00000000,-0.90505117,-0.30679795
2786,-0.00897297,-0.06957352,1.00000000,-0.73265596,-0.30185777
2787,-0.00237018,-0.36710350,-1.00000000,-0.78542155,-0.30020529
2788,0.00340494,-0.38284209,-1.00000000,-0.75992583,-0.23245340
2789,-0.00068363,-0.27377574,-1.00000000,-0.93660789,-0.33645894
2790,-0.00260458,-0.17838110,1.00000000,-0.90891884,-0.28369888
2791,0.00032485,-0.24591699,-1.00000000,-0.98173768,-0.19311708
2792,-0.00076629,-0.27764777,-1.00000000,-0.93033539,-0.17749158
2793,0.00424691,-0.22925882,1.00000000,-0.99133821,-0.16928890
2794,0.00121022,-0.24728238,-1.00000000,-0.97952581,-0.15083852
2795,0.00788335,-0.16447331,1.00000000,-0.88638890,-0.04866226
2796,0.00226373,-0.21463400,1.00000000,-0.96764672,-0.02977311
2797,-0.00172836,-0.10440588,1.00000000,-0.78908265,-0.03914585
2798,-0.00171911,-0.19723188,1.00000000,-0.93945616,-0.09726845
2799,0.00352488,-0.26317405,-1.00000000,-0.95378210,-0.07471842
2800,-0.00121141,-0.26302134,-1.00000000,-0.95402948,-0.16332202
2801,-0.01152900,-0.17639997,1.00000000,-0.90570950,-0.29769456
2802,0.00852841,-0.25463506,-1.00000000,-0.96761485,-0.19777038
2803,-0.00105791,-0.42506322,-1.00000000,-0.69152968,-0.19132876
2804,-0.00525030,-0.09375060,1.00000000,-0.77182163,-0.27681888
2805,0.00648268,-0.25209945,-1.00000000,-0.97172241,-0.20186097
2806,0.00875074,-0.32135018,-1.00000000,-0.85953966,-0.00429028
2807,0.00815619,-0.12754241,1.00000000,-0.82656268,-0.00791657
2808,0.01221501,-0.09007816,1.00000000,-0.76587246,0.12139177
2809,0.00500208,-0.09989905,1.00000000,-0.78178180,0.22127312
2810,-0.00382621,-0.03285458,1.00000000,-0.67317309,0.12084115
2811,0.00420502,-0.15199934,1.00000000,-0.86618168,0.07655556
2812,-0.00098038,-0.29782684,-1.00000000,-0.89764631,-0.01245538
2813,0.00303756,-0.16516526,1.00000000,-0.88750982,-0.10186457
2814,0.00279287,-0.25081889,-1.00000000,-0.97379685,-0.12338727
2815,-0.01461161,-0.18444965,1.00000000,-0.91874958,-0.22846154
2816,-0.00916668,-0.18849151,1.00000000,-0.92529718,-0.35873226
2817,-0.00055515,-0.47598236,-1.00000000,-0.60904321,-0.35458946
2818,-0.00000862,-0.38604187,-1.00000000,-0.75474233,-0.38426611
2819,0.00634857,-0.24379469,-1.00000000,-0.98517570,-0.34962550
2820,0.00846722,-0.23476701,-1.00000000,-0.99980009,-0.12478535
2821,0.00878662,-0.12975766,1.00000000,-0.83015127,0.05012049
2822,-0.00290837,-0.09476137,1.00000000,-0.77345902,0.02719475
2823,0.00259882,-0.08948552,1.00000000,-0.76491240,0.05259705
2824,-0.00001197,-0.28266576,-1.00000000,-0.92220651,-0.00936907
2825,-0.00222112,-0.19169689,1.00000000,-0.93048975,-0.11349777
2826,-0.00812181,-0.23482246,-1.00000000,-0.99971027,-0.27822422
2827,0.00168470,-0.27131366,-1.00000000,-0.94059634,-0.23347730
2828,0.00237512,-0.36878252,-1.00000000,-0.78270162,-0.23565659
2829,-0.00157125,-0.20679644,1.00000000,-0.95495028,-0.25084751
2830,0.01592857,-0.19539193,1.00000000,-0.93647552,-0.07402832
2831,-0.00650972,-0.26057897,-1.00000000,-0.95798600,-0.05832287
2832,0.00213675,0.02848683,1.00000000,-0.57380306,-0.05391887
2833,0.00533328,-0.34215363,-1.00000000,-0.82583911,-0.02509968
2834,-0.00169403,-0.19932937,1.00000000,-0.94285398,-0.02629580
2835,-0.00129139,-0.14652842,1.00000000,-0.85731907,-0.19405724
2836,0.01276574,-0.26260701,-1.00000000,-0.95470067,-0.00627052
2837,0.00191453,-0.25595607,-1.00000000,-0.96547488,-0.00843549
2838,0.01015698,-0.02375747,1.00000000,-0.65843624,0.03855832
2839,0.01331076,-0.20300012,1.00000000,-0.94880041,0.18473898
2840,-0.00927133,-0.06684948,1.00000000,-0.72824314,0.10699625
2841,0.00460745,-0.01475476,1.00000000,-0.64385229,0.02751603
2842,-0.00054476,-0.38777043,-1.00000000,-0.75194215,0.00355696
2843,0.00108727,-0.15851778,1.00000000,-0.87674123,-0.08480266
2844,0.00897793,-0.24362320,-1.00000000,-0.98545350,-0.12701420
2845,-0.00499890,-0.21666498,1.00000000,-0.97093681,-0.08539103
2846,-0.01014755,-0.08632527,1.00000000,-0.75979295,-0.22913824
2847,-0.00845912,-0.31719753,-1.00000000,-0.86626676,-0.30624203
2848,-0.00859057,-0.40224406,-1.00000000,-0.72849560,-0.40052615
2849,0.00630033,-0.37435422,-1.00000000,-0.77367576,-0.42661211
2850,-0.01435887,-0.37652560,-1.00000000,-0.77015822,-0.51779952
2851,0.00776529,-0.13055453,1.00000000,-0.83144217,-0.34328785
2852,-0.00221384,-0.47180760,-1.00000000,-0.61580611,-0.28244469
2853,-0.00602209,-0.10635602,1.00000000,-0.79224178,-0.25742187
2854,-0.00522406,-0.27119343,-1.00000000,-0.94079111,-0.36969558
2855,-0.00405404,-0.33409890,-1.00000000,-0.83888736,-0.26930308
2856,-0.00010678,-0.32091687,-1.00000000,-0.86024160,-0.34599483
2857,-0.00399137,-0.30159010,-1.00000000,-0.89155000,-0.36331196
2858,0.02088244,-0.23638842,-1.00000000,-0.99717349,-0.10120073
2859,-0.00140532,-0.30055497,-1.00000000,-0.89322688,-0.06399753
2860,-0.01192610,0.11031594,1.00000000,-0.44124397,-0.14068934
2861,-0.00395208,-0.25783809,-1.00000000,-0.96242609,-0.17815134
2862,0.01002883,-0.43162261,-1.00000000,-0.68090381,-0.04156278
2863,-0.00147745,-0.29990599,-1.00000000,-0.89427819,-0.25939888
2864,-0.00447638,-0.06896633,1.00000000,-0.73167234,-0.28931795
2865,-0.00700859,-0.25902954,-1.00000000,-0.96049601,-0.24141023
2866,0.00676496,-0.30856647,-1.00000000,-0.88024863,-0.13700191
2867,-0.00106284,-0.35039412,-1.00000000,-0.81248993,-0.24505998
2868,-0.01836397,-0.12287957,1.00000000,-0.81900911,-0.40957302
2869,0.01186326,-0.25218096,-1.00000000,-0.97159035,-0.25038783
2870,-0.01905590,-0.53796469,-1.00000000,-0.50863492,-0.36775587
2871,0.01322525,-0.03866479,1.00000000,-0.68258534,-0.30481803
2872,0.00336768,-0.54939399,-1.00000000,-0.49012002,-0.26165465
2873,0.00417667,-0.01616720,1.00000000,-0.64614037,-0.04205769
2874,-0.00767448,-0.17899659,1.00000000,-0.90991589,-0.23239963
2875,0.00666040,-0.16563363,1.00000000,-0.88826856,0.01813540
2876,0.00557467,-0.36139338,-1.00000000,-0.79467167,-0.05639860
2877,-0.00298741,-0.12460681,1.00000000,-0.82180715,-0.11831161
2878,-0.01575311,-0.14254110,1.00000000,-0.85085981,-0.31247280
2879,0.00956851,-0.28397133,-1.00000000,-0.92009154,-0.14448695
2880,0.00739268,-0.49483782,-1.00000000,-0.57849830,-0.13735292
2881,-0.02073374,-0.07657001,1.00000000,-0.74398992,-0.39365656
2882,0.02016803,-0.11251091,1.00000000,-0.80221239,-0.16807005
2883,-0.02522206,-0.57710906,-1.00000000,-0.44522298,-0.26031912
2884,0.00876849,0.09851511,1.00000000,-0.46036073,-0.26811312
2885,-0.01125207,-0.65124797,-1.00000000,-0.32512163,-0.44975526
2886,-0.04621767,-0.08978488,1.00000000,-0.76539736,-0.69802648
2887,-0.00450815,-0.42048880,-1.00000000,-0.69894003,-0.93842850
2888,0.00534230,-0.99805791,-1.00000000,0.23669323,-0.64066229
2889,0.01891490,-0.30909133,-1.00000000,-0.87939839,-0.54181331
2890,-0.00360437,-0.14637940,1.00000000,-0.85707767,-0.46730738
2891,0.00724482,0.07781556,1.00000000,-0.49389298,0.05353852
2892,-0.02283265,-0.29416250,-1.00000000,-0.90358235,-0.12498364
2893,0.00072794,-0.11495325,1.00000000,-0.80616886,-0.16993804
2894,-0.00645391,-0.61177923,-1.00000000,-0.38905903,-0.41708772
2895,-0.02424699,-0.22260047,1.00000000,-0.98055202,-0.61819361
2896,0.02096969,-0.34123169,-1.00000000,-0.82733260,-0.48448219
2897,-0.02018330,-0.63514158,-1.00000000,-0.35121319,-0.45867154
2898,-0.04286967,0.11175715,1.00000000,-0.43890929,-0.88341117
2899,0.00008910,-0.56801676,-1.00000000,-0.45995206,-0.81966739
2900,-0.01628105,-0.94275503,-1.00000000,0.14710531,-0.74206110
2901,0.00244029,-0.23315284,1.00000000,-0.99764632,-0.92257951
2902,-0.01164724,-0.50355855,-1.00000000,-0.56437115,-0.83941893
2903,0.00861237,-0.19431544,1.00000000,-0.93473167,-0.33786700
2904,-0.01454909,-0.42701632,-1.00000000,-0.68836576,-0.48047617
2905,-0.00403235,-0.09236367,1.00000000,-0.76957487,-0.36114602
2906,-0.00294742,-0.47494955,-1.00000000,-0.61071631,-0.41363450
2907,-0.00943938,-0.30123188,-1.00000000,-0.89213031,-0.39212494
2908,0.00121604,-0.28331072,-1.00000000,-0.92116170,-0.46418203
2909,0.01974445,-0.39054642,-1.00000000,-0.74744519,-0.13008518
2910,-0.00746828,-0.21453793,1.00000000,-0.96749109,-0.16355891
2911,0.00029454,0.09151836,1.00000000,-0.47169512,-0.13197492
2912,0.01003132,-0.35798725,-1.00000000,-0.80018943,0.05771389
2913,-0.01015920,-0.22975943,1.00000000,-0.99214918,-0.05310672
2914,-0.00490792,-0.06892523,1.00000000,-0.73160576,-0.29327677
2915,-0.01389416,-0.40243649,-1.00000000,-0.72818387,-0.35587948
2916,-0.00144549,-0.31569479,-1.00000000,-0.86870111,-0.37283131
2917,0.00532893,-0.46413140,-1.00000000,-0.62824119,-0.41864322
2918,-0.00434789,-0.25850161,-1.00000000,-0.96135122,-0.36202791
2919,0.00479927,-0.14660025,1.00000000,-0.85743543,-0.26745779
2920,-0.00665526,-0.30644408,-1.00000000,-0.88368680,-0.19693445
2921,0.00516023,-0.15534926,1.00000000,-0.87160840,-0.13257976
2922,0.01102201,-0.34455764,-1.00000000,-0.82194472,-0.07711628
2923,0.01059380,-0.14938695,1.00000000,-0.86194975,0.06844967
2924,-0.01886465,-0.05256080,1.00000000,-0.70509620,-0.16209066
2925,-0.00614748,-0.05963410,1.00000000,-0.71655459,-0.15714374
2926,-0.00552700,-0.54623502,-1.00000000,-0.49523740,-0.26126155
2927,-0.00697625,-0.33617004,-1.00000000,-0.83553222,-0.43660538
2928,0.01812375,-0.32592078,-1.00000000,-0.85213552,-0.36324658
2929,-0.00652220,-0.34985978,-1.00000000,-0.81335552,-0.24300309
2930,-0.02248698,0.06474722,1.00000000,-0.51506303,-0.40218691
2931,0.02343771,-0.34235977,-1.00000000,-0.82550517,-0.12000500
2932,-0.01655607,-0.60606940,-1.00000000,-0.39830867,-0.21333423
2933,-0.00510409,0.15252430,1.00000000,-0.37286853,-0.43962602
2934,0.00656085,-0.50810136,-1.00000000,-0.55701203,-0.31216746
2935,-0.00752429,-0.31893504,-1.00000000,-0.86345206,-0.16639693
2936,-0.01304194,-0.12625123,1.00000000,-0.82447103,-0.52179146
2937,0.00426440,-0.35891254,-1.00000000,-0.79869051,-0.31895284
2938,-0.00221595,-0.45005425,-1.00000000,-0.65104546,-0.29081585
2939,-0.01678352,-0.16418442,1.00000000,-0.88592091,-0.51824297
2940,-0.02441848,-0.27122821,-1.00000000,-0.94073476,-0.68283071
2941,-0.00988743,-0.51185848,-1.00000000,-0.55092568,-0.65209863
2942,-0.00029109,-0.63797436,-1.00000000,-0.34662423,-0.69647942
2943,0.00128606,-0.39794739,-1.00000000,-0.73545599,-0.66236191
2944,0.00925460,-0.23943293,-1.00000000,-0.99224153,-0.40869149
2945,-0.00384427,-0.21338129,1.00000000,-0.96561739,-0.20825195
2946,-0.01447881,-0.08175520,1.00000000,-0.75238967,-0.25298240
2947,-0.01506181,-0.29812510,-1.00000000,-0.89716313,-0.39688275
2948,0.00673270,-0.47378875,-1.00000000,-0.61259674,-0.34382007
2949,0.00070479,-0.48341887,-1.00000000,-0.59699644,-0.42711465
2950,-0.00248307,-0.12341245,1.00000000,-0.81987235,-0.41385350
2951,0.00382153,-0.22298283,1.00000000,-0.98117141,-0.23556670
2952,0.01765171,-0.27564055,-1.00000000,-0.93358698,0.08313720
2953,-0.00734945,-0.17149992,1.00000000,-0.89777165,-0.05405497
2954,0.00576749,0.05694999,1.00000000,-0.52769415,-0.00473280
2955,0.00729271,-0.35602452,-1.00000000,-0.80336895,0.09050552
2956,-0.00109096,-0.13935610,1.00000000,-0.84570027,0.04264678
2957,0.01755119,-0.11416208,1.00000000,-0.80488721,0.04166745
2958,0.01186791,-0.25264536,-1.00000000,-0.97083806,0.22888815
2959,-0.01734947,0.05528952,1.00000000,-0.53038404,0.00367657
2960,0.01970748,-0.03858808,1.00000000,-0.68246108,0.12462456
2961,0.00721606,-0.52120684,-1.00000000,-0.53578180,0.20555377
2962,0.01048598,0.09090765,1.00000000,-0.47268443,0.13672259
2963,-0.01259309,-0.11542825,1.00000000,-0.80693834,-0.10158301
2964,-0.00511297,-0.06141513,1.00000000,-0.71943978,0.01762825
2965,0.03069938,-0.44264000,-1.00000000,-0.66305618,0.12471431
2966,-0.01235634,-0.31908176,-1.00000000,-0.86321440,-0.06596526
2967,-0.00587547,0.27247422,1.00000000,-0.17855562,-0.22536286
2968,0.01275328,-0.43872929,-1.00000000,-0.66939134,0.02156825
2969,0.00654764,-0.33167697,-1.00000000,-0.84281078,0.13516898
2970,0.03940982,-0.02396334,1.00000000,-0.65876973,0.22002843
2971,0.00245489,-0.12646944,1.00000000,-0.82482453,0.36432334
2972,-0.00040742,0.41635511,1.00000000,0.05452428,0.41759459
2973,-0.00387269,-0.19407436,1.00000000,-0.93434113,0.25561992
2974,-0.01525582,-0.24135451,-1.00000000,-0.98912868,0.04320480
2975,0.00493398,-0.29859464,-1.00000000,-0.89640250,-0.29266814
2976,-0.02163862,-0.48662353,-1.00000000,-0.59180505,-0.52739354
2977,0.00781418,-0.15312420,1.00000000,-0.86800391,-0.44729656
2978,0.00264029,-0.59205599,-1.00000000,-0.42100971,-0.38384537
2979,-0.01632620,-0.10554848,1.00000000,-0.79093360,-0.39427330
2980,-0.00594449,-0.19101187,1.00000000,-0.92938006,-0.50025429
2981,0.00616333,-0.50430430,-1.00000000,-0.56316308,-0.22940022
2982,-0.00483408,-0.33281709,-1.00000000,-0.84096384,-0.35262292
2983,-0.01538371,-0.13281748,1.00000000,-0.83510802,-0.52821751
2984,0.00690148,-0.31447503,-1.00000000,-0.87067706,-0.30192719
2985,0.02507756,-0.48873603,-1.00000000,-0.58838290,0.00029801
2986,-0.04329062,-0.12062452,1.00000000,-0.81535604,-0.48149560
2987,-0.01696379,0.17961180,1.00000000,-0.32898812,-0.59966652
2988,-0.00392781,-0.94970821,-1.00000000,0.15836913,-0.48806012
2989,-0.00316472,-0.51483619,-1.00000000,-0.54610195,-0.58612780
2990,-0.02640878,-0.29950514,-1.00000000,-0.89492753,-1.08772161
2991,-0.03095439,-0.28690024,-1.00000000,-0.91534685,-0.96753877
2992,-0.01792019,-0.67085056,-1.00000000,-0.29336641,-0.97685626
2993,-0.00099118,-0.74593580,-1.00000000,-0.17173205,-0.94824683
2994,-0.00005396,-0.53063417,-1.00000000,-0.52050999,-0.91794097
2995,-0.04624144,-0.25099729,-1.00000000,-0.97350785,-1.11115598
2996,0.00595344,-0.23551604,-1.00000000,-0.99858670,-0.75159002
2997,-0.01243903,-0.99845050,-1.00000000,0.23732921,-0.69819106
2998,-0.01308496,-0.13628450,1.00000000,-0.84072443,-0.81601190
2999,-0.00947918,-0.44009517,-1.00000000,-0.66717868,-0.90783492
3000,-0.00262024,-0.45076489,-1.00000000,-0.64989427,-0.48286549
3001,0.00141668,-0.39120382,-1.00000000,-0.74638024,-0.52706379
3002,-0.00255346,-0.27790630,-1.00000000,-0.92991659,-0.43075595
3003,-0.00833232,-0.21122361,1.00000000,-0.96212207,-0.38445438
3004,-0.02298972,-0.27680329,-1.00000000,-0.93170341,-0.51607769
3005,-0.02201813,-0.37225965,-1.00000000,-0.77706886,-0.70505722
3006,0.01793590,-0.61437378,-1.00000000,-0.38485599,-0.54412261
3007,-0.02369877,-0.59832488,-1.00000000,-0.41085441,-0.75012590
3008,-0.01081080,0.06164426,1.00000000,-0.52008968,-0.77427192
3009,0.02792283,-0.62608601,-1.00000000,-0.36588276,-0.27826819
3010,-0.01470850,-0.41319971,-1.00000000,-0.71074798,-0.20705575
3011,-0.01501488,0.22661050,1.00000000,-0.25285256,-0.52807111
3012,-0.01092943,-0.47758277,-1.00000000,-0.60645064,-0.40366876
3013,-0.01038189,-0.48264371,-1.00000000,-0.59825215,-0.39949028
3014,-0.00506460,-0.41515934,-1.00000000,-0.70757348,-0.72086268
3015,-0.00458494,-0.40611500,-1.00000000,-0.72222486,-0.62223625
3016,-0.00588676,-0.31828286,-1.00000000,-0.86450857,-0.53330766
3017,0.00537628,-0.31035967,-1.00000000,-0.87734374,-0.37445309
3018,-0.00292673,-0.33186350,-1.00000000,-0.84250860,-0.30182284
3019,-0.04316251,-0.14581823,1.00000000,-0.85616859,-0.67298282
3020,0.02467812,-0.28296896,-1.00000000,-0.92171534,-0.38789425
3021,0.01176520,-0.94759206,-1.00000000,0.15494107,-0.21592406
3022,0.00198593,0.17301372,1.00000000,-0.33967668,-0.24895376
3023,-0.00987020,-0.04028459,1.00000000,-0.68520934,-0.31659896
3024,0.00254829,-0.20182074,1.00000000,-0.94688989,0.12872783
3025,0.00333930,-0.39766276,-1.00000000,-0.73591708,-0.07916068
3026,0.00797218,-0.19253156,1.00000000,-0.93184187,-0.11611337
3027,0.00461297,-0.17946543,1.00000000,-0.91067539,-0.09051999
3028,0.05709766,-0.10293861,1.00000000,-0.78670575,0.56189884
3029,-0.01418032,-0.15842665,1.00000000,-0.87659362,0.39892424
3030,-0.02099012,0.70852646,1.00000000,0.52782735,0.16190047
3031,0.03711278,-0.46885826,-1.00000000,-0.62058390,0.44579605
3032,-0.00784620,-0.58134399,-1.00000000,-0.43836261,0.32441545
3033,-0.03379910,0.37841205,1.00000000,-0.00694160,-0.56112510
3034,0.05244385,-0.36422989,-1.00000000,-0.79007666,0.08794548
3035,0.01090680,-0.79292532,-1.00000000,-0.09561136,0.39869389
3036,0.06120889,0.63165394,1.00000000,0.40329768,0.63344461
3037,-0.00403980,-0.05446382,1.00000000,-0.70817899,0.67052758
3038,-0.02129997,0.77643660,1.00000000,0.63783840,0.79229743
3039,0.02658391,-0.30135497,-1.00000000,-0.89193091,0.54036298
3040,-0.01688163,-0.58646211,-1.00000000,-0.43007151,0.26964059
3041,-0.03874778,0.20449402,1.00000000,-0.28868015,-0.70416404
3042,-0.01346525,-0.51347906,-1.00000000,-0.54830043,-0.79598927
3043,-0.02356899,-0.87466870,-1.00000000,0.03680884,-0.81809466
3044,0.01952340,-0.45704649,-1.00000000,-0.63971839,-0.88688004
3045,-0.04623013,-0.62394225,-1.00000000,-0.36935555,-1.17280098
3046,0.02467835,0.08786704,1.00000000,-0.47761008,-0.55488666
3047,-0.01697250,-0.99826374,-1.00000000,0.23702667,-0.58905522
3048,0.01086093,0.17301743,1.00000000,-0.33967067,-0.25362967
3049,0.01730216,-0.51497998,-1.00000000,-0.54586901,-0.27526962
3050,-0.00693095,-0.05522150,1.00000000,-0.70940639,0.10759356
3051,0.02705778,0.05117607,1.00000000,-0.53704762,0.13077468
3052,0.00147361,-0.34911153,-1.00000000,-0.81456766,0.31048160
3053,0.03559216,0.21232148,1.00000000,-0.27600006,0.55141983
3054,-0.02912391,-0.21028329,1.00000000,-0.96059880,0.09912457
3055,-0.01912320,0.35329411,1.00000000,-0.04763141,-0.01965565
3056,-0.01407018,-0.71569962,-1.00000000,-0.22071316,-0.42033529
3057,-0.00784862,-0.55050576,-1.00000000,-0.48831900,-0.51115493
3058,-0.00071885,-0.46703890,-1.00000000,-0.62353118,-0.86490647
3059,0.01278763,-0.36426981,-1.00000000,-0.79001199,-0.45659296
3060,0.00951957,-0.24649873,-1.00000000,-0.98079529,-0.17754737
3061,-0.00049623,-0.02339587,1.00000000,-0.65785045,-0.04530632
3062,-0.02009022,-0.07737836,1.00000000,-0.74529942,-0.16456727
3063,0.01990566,-0.24282155,-1.00000000,-0.98675214,0.03636217
3064,-0.03997988,-0.56647914,-1.00000000,-0.46244293,-0.47771314
3065,0.03123395,0.09418116,1.00000000,-0.46738151,-0.26616590
3066,-0.00540088,-0.89502087,-1.00000000,0.06977835,-0.31394831
3067,0.01696099,0.28130422,1.00000000,-0.16425145,0.04701446
3068,0.02991867,-0.32383758,-1.00000000,-0.85551019,0.14456396
