seq_idx,target_return,feat_logret,feat_sign,feat_absret,feat_rollmean
0,0.01859016,0.10183865,-1.00000000,-0.91031825,0.27991719
1,-0.00016136,0.30666889,1.00000000,-0.73493450,0.30144769
2,0.00014305,0.28816072,1.00000000,-0.76702313,0.26635872
3,-0.00483056,0.15250728,-1.00000000,-0.99816524,0.27500357
4,0.00817857,0.15470947,1.00000000,-0.99839490,0.22698031
5,0.00082148,0.11872906,-1.00000000,-0.93960208,0.16118927
6,0.00421461,0.21284049,1.00000000,-0.89760995,0.17739193
7,0.00019159,0.15961743,1.00000000,-0.98988569,0.17757168
8,-0.00199733,0.18416423,1.00000000,-0.94732756,0.18806213
9,-0.00326123,0.15506065,1.00000000,-0.99778604,0.14570466
10,0.00859186,0.13922542,-1.00000000,-0.97513775,0.17447559
11,-0.00420663,0.13008199,-1.00000000,-0.95928529,0.14329476
12,0.00973241,0.21583040,1.00000000,-0.89242618,0.17862097
13,-0.00401737,0.12324277,-1.00000000,-0.94742775,0.17114149
14,-0.00643000,0.22408141,1.00000000,-0.87812096,0.15940868
15,0.01344889,0.12461193,-1.00000000,-0.94980155,0.17739251
16,0.01601542,0.10715829,-1.00000000,-0.91954121,0.25226747
17,0.01521980,0.25096740,1.00000000,-0.83150724,0.27258531
18,0.00674493,0.26953433,1.00000000,-0.79931672,0.31243424
19,-0.00206601,0.26377863,1.00000000,-0.80929570,0.32859254
20,-0.00874032,0.20246923,1.00000000,-0.91559118,0.24643386
21,-0.00113715,0.13872857,-1.00000000,-0.97427634,0.18292407
22,-0.00468427,0.09044483,-1.00000000,-0.89056416,0.10922645
23,-0.00874004,0.14544816,-1.00000000,-0.98592647,0.05189115
24,0.00861907,0.11978739,-1.00000000,-0.94143697,0.09145414
25,0.00011932,0.09044686,-1.00000000,-0.89056767,0.12425820
26,-0.00456421,0.21602720,1.00000000,-0.89208499,0.11156902
27,-0.01852672,0.15453779,1.00000000,-0.99869256,0.06031539
28,-0.01815342,0.12065589,-1.00000000,-0.94294274,0.02546104
29,-0.00214634,0.01964747,-1.00000000,-0.76781888,-0.01439941
30,0.01164085,0.02234802,-1.00000000,-0.77250098,0.02826069
31,-0.00020869,0.13814739,-1.00000000,-0.97326871,0.04438761
32,0.00289284,0.23788758,1.00000000,-0.85418443,0.12369654
33,0.00729508,0.15216486,-1.00000000,-0.99757156,0.21792321
34,0.00767509,0.17460217,1.00000000,-0.96390583,0.25428844
35,-0.00255967,0.20644916,1.00000000,-0.90869096,0.20170899
36,-0.01273831,0.20919818,1.00000000,-0.90392482,0.15531632
37,-0.00263708,0.13515727,-1.00000000,-0.96808458,0.13484101
38,-0.03552336,0.06152231,-1.00000000,-0.84041960,-0.02370030
39,0.00977985,0.13459729,-1.00000000,-0.96711371,-0.01590711
40,-0.00649517,-0.10331068,-1.00000000,-0.55463958,-0.03047885
41,-0.00003366,0.22442461,1.00000000,-0.87752592,0.01656192
42,-0.00988131,0.10668683,-1.00000000,-0.91872381,-0.01026089
43,-0.01213440,0.15343110,-1.00000000,-0.99976692,0.07634002
44,0.00513233,0.08219059,-1.00000000,-0.87625332,0.05913190
45,0.01041925,0.06589116,-1.00000000,-0.84799412,0.12175993
46,-0.00170472,0.19080320,1.00000000,-0.93581722,0.11557261
47,0.02006821,0.22905018,1.00000000,-0.86950632,0.22646493
48,0.00344636,0.14134224,-1.00000000,-0.97880780,0.28415490
49,0.02793573,0.29885327,1.00000000,-0.74848486,0.36858772
50,0.01727983,0.17860648,1.00000000,-0.95696333,0.39398997
51,0.00846948,0.35576901,1.00000000,-0.64980692,0.43166137
52,-0.01572257,0.27868139,1.00000000,-0.78345796,0.29914099
53,0.00242267,0.21494505,1.00000000,-0.89396116,0.29535062
54,-0.00164060,0.03993343,-1.00000000,-0.80298978,0.18584010
55,0.00491730,0.17120083,1.00000000,-0.96980292,0.14006609
56,-0.00583783,0.14180610,-1.00000000,-0.97961202,0.08709126
57,0.01986419,0.18924761,1.00000000,-0.93851422,0.21885626
58,-0.00124498,0.11144222,-1.00000000,-0.92696849,0.20527626
59,-0.00330010,0.29737739,1.00000000,-0.75104368,0.19913170
60,-0.02346641,0.14466808,-1.00000000,-0.98457398,0.09403702
61,0.01542743,0.12980078,-1.00000000,-0.95879774,0.17277465
62,0.00751737,-0.01608758,-1.00000000,-0.70586306,0.12705879
63,-0.00812092,0.26528071,1.00000000,-0.80669146,0.10159967
64,0.00776394,0.20805722,1.00000000,-0.90590297,0.14256585
65,-0.00014858,0.09492577,-1.00000000,-0.89833301,0.22890341
66,0.00895939,0.20984096,1.00000000,-0.90281040,0.20495455
67,-0.01346036,0.15259973,-1.00000000,-0.99832553,0.12728157
68,-0.00129862,0.21848916,1.00000000,-0.88781654,0.15254208
69,0.00203145,0.05629886,-1.00000000,-0.83136341,0.13131673
70,-0.00915905,0.14428003,-1.00000000,-0.98390121,0.09795419
71,0.00117601,0.16837065,1.00000000,-0.97470977,0.06913515
72,0.00549912,0.08741561,-1.00000000,-0.88531223,0.13933528
73,-0.00951189,0.16218219,1.00000000,-0.98543903,0.10892451
74,0.00684279,0.19345667,1.00000000,-0.93121674,0.12673917
75,0.00144687,0.08486313,-1.00000000,-0.88088687,0.16600909
76,0.00883378,0.20317712,1.00000000,-0.91436386,0.19436305
77,0.00501643,0.16414163,1.00000000,-0.98204185,0.19257581
78,0.01929510,0.21758048,1.00000000,-0.88939197,0.29923774
79,0.00983289,0.18996475,1.00000000,-0.93727087,0.31030904
80,-0.01267254,0.29326043,1.00000000,-0.75818148,0.25802994
81,-0.00530620,0.22480834,1.00000000,-0.87686063,0.20567466
82,-0.00136060,0.06199813,-1.00000000,-0.84124455,0.18206283
83,-0.00205744,0.11528813,-1.00000000,-0.93363636,0.10300202
84,0.00082889,0.14383169,-1.00000000,-0.98312390,0.06966342
85,0.00590586,0.13879052,-1.00000000,-0.97438374,0.13845257
86,-0.00615694,0.15967100,1.00000000,-0.98979282,0.13530262
87,0.01733328,0.19639916,1.00000000,-0.92611520,0.20451931
88,0.00119898,0.10913372,-1.00000000,-0.92296612,0.21657667
89,-0.01491287,0.27906806,1.00000000,-0.78278757,0.15829061
90,-0.01293794,0.16234833,1.00000000,-0.98515098,0.08851878
91,0.00211246,0.04579102,-1.00000000,-0.81314540,0.11913740
92,-0.00113220,0.06007816,-1.00000000,-0.83791580,0.05076638
93,0.00750112,0.16895673,1.00000000,-0.97369365,0.07410093
94,0.00198685,0.14548399,-1.00000000,-0.98598857,0.13667451
95,0.02615609,0.20793965,1.00000000,-0.90610681,0.28142565
96,-0.00489418,0.16804798,1.00000000,-0.97526919,0.25548254
97,0.00028778,0.34289460,1.00000000,-0.67212800,0.26074019
98,-0.00159304,0.11826879,-1.00000000,-0.93880409,0.22706781
99,0.00774737,0.15575645,1.00000000,-0.99657970,0.24839695
100,0.00614043,0.14215016,-1.00000000,-0.98020854,0.17428616
101,-0.00356544,0.20972110,1.00000000,-0.90301821,0.17920601
102,-0.00954565,0.19809609,1.00000000,-0.92317314,0.14279638
103,-0.01313659,0.12788126,-1.00000000,-0.95546976,0.10005476
104,0.01133455,0.08461889,-1.00000000,-0.88046340,0.11333681
105,-0.02276295,0.05864109,-1.00000000,-0.83542427,0.00631797
106,-0.00422238,0.23567173,1.00000000,-0.85802617,0.00388556
107,-0.00417342,-0.01099856,-1.00000000,-0.71468618,0.02377698
108,0.01733232,0.12312879,-1.00000000,-0.94723013,0.13659241
109,0.00250506,0.12348297,-1.00000000,-0.94784419,0.10389997
110,0.00699511,0.27906117,1.00000000,-0.78279952,0.21408339
111,-0.01012989,0.17179688,1.00000000,-0.96876951,0.19221002
112,-0.00665476,0.20427907,1.00000000,-0.91245336,0.18302253
113,-0.01737587,0.08039233,-1.00000000,-0.87313559,0.05451054
114,0.02195632,0.10553235,-1.00000000,-0.91672222,0.12653157
115,-0.00893054,0.02797298,-1.00000000,-0.78225328,0.06756462
116,0.00544546,0.31251239,1.00000000,-0.72480329,0.12523455
117,0.00833927,0.08906876,-1.00000000,-0.88817838,0.18075205
118,-0.00356269,0.19306850,1.00000000,-0.93188973,0.23189730
119,0.02062623,0.21400307,1.00000000,-0.89559432,0.22697244
120,0.00350434,0.12790116,-1.00000000,-0.95550426,0.27301433
121,0.02091128,0.30289015,1.00000000,-0.74148591,0.33027871
122,-0.03592059,0.17902593,1.00000000,-0.95623612,0.16640036
123,-0.04132012,0.30495231,1.00000000,-0.73791063,0.02659816
124,-0.00862856,-0.10618434,-1.00000000,-0.54965736,-0.08172183
125,-0.01950150,-0.14524597,-1.00000000,-0.48193406,-0.16690421
126,-0.05928278,0.09125332,-1.00000000,-0.89196588,-0.46383403
127,-0.00070997,0.01259563,-1.00000000,-0.75559271,-0.33346177
128,0.03102191,-0.27519258,-1.00000000,-0.25663847,-0.06560521
129,-0.04059304,0.14853848,-1.00000000,-0.99128431,-0.18395817
130,0.01203304,0.37809525,1.00000000,-0.61109868,-0.06719708
131,0.01283101,-0.13998606,-1.00000000,-0.49105345,0.19981439
132,-0.00749221,0.24072478,1.00000000,-0.84926543,0.17470220
133,0.01714299,0.24649750,1.00000000,-0.83925695,0.12331353
134,-0.12658791,0.09947398,-1.00000000,-0.90621850,-0.19509459
135,-0.10606856,0.27769149,1.00000000,-0.78517421,-0.63238240
136,-0.03801683,-0.76209550,-1.00000000,0.58753189,-0.82065367
137,0.01655118,-0.61365314,-1.00000000,0.33016920,-0.73162962
138,-0.05533781,-0.12134907,-1.00000000,-0.52336543,-1.00000000
139,-0.00364675,0.27341019,1.00000000,-0.79259693,-0.54479306
140,0.00645962,-0.24665363,-1.00000000,-0.30611803,-0.12814164
141,0.00952973,0.12729303,-1.00000000,-0.95444991,0.04790616
142,0.03231486,0.20040516,1.00000000,-0.91916977,0.10627340
143,0.02086717,0.22261515,1.00000000,-0.88066309,0.38843310
144,0.01191654,0.38744878,1.00000000,-0.59488197,0.44605838
145,0.02726907,0.30463322,1.00000000,-0.73846386,0.52310830
146,-0.15947371,0.23988195,1.00000000,-0.85072668,-0.10265073
147,0.06152765,0.35094617,1.00000000,-0.65816854,0.00551372
148,0.07614944,-1.00000000,-1.00000000,1.00000000,0.21020409
149,0.05210554,0.59878173,1.00000000,-0.22848241,0.35900955
150,0.08312635,0.70455959,1.00000000,-0.04508951,0.56582900
151,-0.04221389,0.53061976,1.00000000,-0.34665856,1.00000000
152,0.04351754,0.75503238,1.00000000,0.04241794,0.93331502
153,-0.03547734,-0.15171174,-1.00000000,-0.47072401,0.52000116
154,-0.03971616,0.46849186,1.00000000,-0.45437312,0.18001839
155,0.05276771,-0.10297775,-1.00000000,-0.55521679,0.06761127
156,0.00667610,-0.13364247,-1.00000000,-0.50205169,0.24863336
157,0.11698849,0.53541008,1.00000000,-0.33835333,0.52066992
158,-0.04847020,0.20197129,1.00000000,-0.91645449,0.47256202
159,0.00777880,1.00000000,1.00000000,0.46713177,0.64841878
160,0.00292714,-0.19697153,-1.00000000,-0.39225461,0.46387702
161,-0.01659758,0.20994849,1.00000000,-0.90262397,0.37770291
162,-0.00196532,0.17485027,1.00000000,-0.96347568,-0.06274031
163,-0.01525900,0.03360333,-1.00000000,-0.79201493,0.06022884
164,-0.00762279,0.13945699,-1.00000000,-0.97553924,0.00320227
165,0.00563272,0.04328700,-1.00000000,-0.80880404,0.01322008
166,0.00795072,0.09852933,-1.00000000,-0.90458070,0.10411365
167,0.00302995,0.19442319,1.00000000,-0.92954104,0.12260934
168,0.01016566,0.21119222,1.00000000,-0.90046765,0.21674771
169,-0.00205049,0.17559409,1.00000000,-0.96218609,0.23737994
170,0.03227241,0.22721562,1.00000000,-0.87268701,0.33601713
171,-0.06871906,0.13884083,-1.00000000,-0.97447096,0.05213647
172,0.01871048,0.38714165,1.00000000,-0.59541445,0.11019582
173,0.00330126,-0.34345706,-1.00000000,-0.13828459,0.08477944
174,0.09500090,0.28903111,1.00000000,-0.76551409,0.44412588
175,0.00278563,0.17755682,1.00000000,-0.95878319,0.33494692
176,0.01444778,0.84093601,1.00000000,0.19135378,0.64288383
177,-0.01498570,0.17382655,1.00000000,-0.96525057,0.51811900
178,-0.00322858,0.25819360,1.00000000,-0.81897878,0.49394134
179,-0.00695979,0.04526414,-1.00000000,-0.81223191,0.11641754
180,0.01754937,0.13031824,-1.00000000,-0.95969488,0.17108237
181,-0.00102894,0.10332569,-1.00000000,-0.91289642,0.11377765
182,-0.01235726,0.28063132,1.00000000,-0.78007727,0.12350982
183,0.00373227,0.14623098,-1.00000000,-0.98728367,0.14928334
184,-0.00626581,0.06427897,-1.00000000,-0.84519897,0.15185288
185,-0.01127000,0.18067484,1.00000000,-0.95337731,0.04514513
186,0.00022890,0.10834609,-1.00000000,-0.92160056,0.04980245
187,0.00128774,0.07214449,-1.00000000,-0.85883586,0.10032496
188,0.00341960,0.15533051,1.00000000,-0.99731818,0.09916727
189,0.05065176,0.16299042,1.00000000,-0.98403775,0.30991258
190,0.01064410,0.17841292,1.00000000,-0.95729893,0.39105259
191,-0.01957448,0.52010269,1.00000000,-0.36489258,0.31772781
192,0.00088337,0.23067678,1.00000000,-0.86668620,0.31623060
193,0.03493654,0.01206770,-1.00000000,-0.75467742,0.43292651
194,-0.02295020,0.16006516,1.00000000,-0.98910944,0.16040489
195,0.00228543,0.40641472,1.00000000,-0.56199967,0.12945576
196,-0.00278466,-0.01235316,-1.00000000,-0.71233763,0.19162242
197,-0.00927262,0.17020803,1.00000000,-0.97152420,0.15401844
198,0.01152988,0.13352962,-1.00000000,-0.96526263,0.06735195
199,0.03357339,0.08659407,-1.00000000,-0.88388789,0.27663852
200,-0.00550392,0.23708475,1.00000000,-0.85557636,0.24779733
201,0.00585947,0.39655332,1.00000000,-0.57909691,0.27980345
202,0.02150818,0.11385778,-1.00000000,-0.93115649,0.39377370
203,-0.01349062,0.19606354,1.00000000,-0.92669707,0.30113179
204,-0.02007142,0.30927045,1.00000000,-0.73042403,0.10250432
205,-0.00139788,0.05607992,-1.00000000,-0.83098383,0.11770752
206,0.02392388,0.00847270,-1.00000000,-0.74844458,0.18459352
207,0.00750361,0.14356197,-1.00000000,-0.98265627,0.13273962
208,-0.00819982,0.32674619,1.00000000,-0.70012538,0.15232954
209,-0.02773311,0.20795770,1.00000000,-0.90607552,0.12396105
210,0.01799841,0.09435493,-1.00000000,-0.89734331,0.19577854
211,-0.00968957,-0.04695397,-1.00000000,-0.65234831,0.07132003
212,0.00156940,0.28387979,1.00000000,-0.77444521,0.04934779
213,-0.00028741,0.08357773,-1.00000000,-0.87865829,0.07864460
214,0.00560727,0.16502808,1.00000000,-0.98050496,0.20209205
215,0.01712306,0.15159538,-1.00000000,-0.99658423,0.19885097
216,-0.02052541,0.19423908,1.00000000,-0.92986025,0.15872975
217,-0.01011693,0.27754733,1.00000000,-0.78542415,0.11545945
218,-0.00082620,0.00518844,-1.00000000,-0.74275046,0.11346452
219,-0.00728434,0.08048608,-1.00000000,-0.87329813,0.06573150
220,-0.01545615,0.14769766,-1.00000000,-0.98982653,-0.05489762
221,-0.01867721,0.10097775,-1.00000000,-0.90882566,-0.04805440
222,-0.00929757,0.04186078,-1.00000000,-0.80633132,-0.04502059
223,0.00515220,0.01855879,-1.00000000,-0.76593139,-0.02288472
224,0.00556047,0.08641356,-1.00000000,-0.88357493,0.02467502
225,-0.00556507,0.19094698,1.00000000,-0.93556794,0.06129813
226,0.00154586,0.19390052,1.00000000,-0.93044721,0.13617690
227,-0.00630637,0.11341543,-1.00000000,-0.93038955,0.14725224
228,-0.00877477,0.16485778,1.00000000,-0.98080022,0.09568568
229,0.00656244,0.10805270,-1.00000000,-0.92109189,0.09939561
230,-0.00561198,0.09019564,-1.00000000,-0.89013212,0.09922190
231,0.00909621,0.20114903,1.00000000,-0.91788009,0.12717815
232,0.00774970,0.11307605,-1.00000000,-0.92980114,0.17922272
233,0.01722407,0.21947900,1.00000000,-0.88610040,0.27548709
234,0.00082534,0.20973798,1.00000000,-0.90298894,0.25424466
235,0.01008433,0.27827807,1.00000000,-0.78415722,0.31236246
236,-0.00317700,0.15964531,1.00000000,-0.98983736,0.26691917
237,0.00011690,0.22662727,1.00000000,-0.87370705,0.23865764
238,-0.01251407,0.13069137,-1.00000000,-0.96034180,0.12854799
239,-0.00559141,0.15452029,1.00000000,-0.99872288,0.10478910
240,-0.00038690,0.06314457,-1.00000000,-0.84323220,0.06601790
241,0.00307209,0.11322492,-1.00000000,-0.93005925,0.08915601
242,0.00012862,0.15087567,-1.00000000,-0.99533642,0.08919940
243,-0.00327947,0.17589889,1.00000000,-0.96165764,0.12339178
244,0.00992252,0.15460507,1.00000000,-0.99857591,0.18083428
245,0.00117442,0.12995003,-1.00000000,-0.95905650,0.18661529
246,0.01152787,0.22545673,1.00000000,-0.87573649,0.21792401
247,-0.00999435,0.16217067,1.00000000,-0.98545900,0.18044228
248,-0.00430091,0.23707022,1.00000000,-0.85560154,0.17666027
249,0.00788365,0.08137283,-1.00000000,-0.87483554,0.16911106
250,0.00607722,0.12256070,-1.00000000,-0.94624522,0.18726437
251,-0.00136975,0.21070699,1.00000000,-0.90130892,0.13950914
252,-0.01136917,0.19763881,1.00000000,-0.92396594,0.13441870
253,-0.00436496,0.14376550,-1.00000000,-0.98300914,0.13418153
254,0.00372766,0.07142707,-1.00000000,-0.85759202,0.11879338
255,0.00597962,0.12209732,-1.00000000,-0.94544183,0.11843201
256,-0.00349766,0.18064145,1.00000000,-0.95343520,0.11055310
257,0.00727244,0.19693277,1.00000000,-0.92519005,0.17957630
258,-0.00346936,0.12837160,-1.00000000,-0.95631989,0.18289240
259,0.01093135,0.20628538,1.00000000,-0.90897492,0.20956511
260,0.00180665,0.12857637,-1.00000000,-0.95667490,0.19411408
261,-0.00977581,0.23275489,1.00000000,-0.86308326,0.17086836
262,0.00329371,0.16674437,1.00000000,-0.97752934,0.15613654
263,0.02043439,0.08295385,-1.00000000,-0.87757663,0.24464352
264,0.01553815,0.17750218,1.00000000,-0.95887793,0.26170081
265,-0.01914064,0.30150231,1.00000000,-0.74389208,0.18414052
266,0.00466119,0.26608163,1.00000000,-0.80530286,0.23759555
267,-0.00769443,0.01520618,-1.00000000,-0.76011877,0.19691042
268,-0.01472200,0.18739490,1.00000000,-0.94172637,0.06673896
269,-0.00593507,0.09801110,-1.00000000,-0.90368221,-0.01276867
270,-0.01801681,0.04717183,-1.00000000,-0.81553938,-0.00860750
271,-0.01361215,0.11073873,-1.00000000,-0.92574880,-0.07626713
272,0.03572254,0.02333631,-1.00000000,-0.77421443,0.08449031
273,0.00044442,0.05520075,-1.00000000,-0.82945957,0.14064611
274,0.02759264,0.41210082,1.00000000,-0.55214136,0.26478720
275,-0.04753843,0.15688967,1.00000000,-0.99461497,0.15547921
276,-0.01287045,0.35328700,1.00000000,-0.65411012,0.15822546
277,0.01540957,-0.19023088,-1.00000000,-0.40394125,0.08301382
278,0.01361352,0.06056640,-1.00000000,-0.83876229,0.13177425
279,-0.02119915,0.26515147,1.00000000,-0.80691553,-0.04888422
280,0.04148146,0.25215835,1.00000000,-0.82944242,0.28072447
281,0.00059007,0.00031441,-1.00000000,-0.73430010,0.33056393
282,0.01747231,0.45376234,1.00000000,-0.47991050,0.33820153
283,0.02481808,0.15794331,1.00000000,-0.99278821,0.37968801
284,0.00603003,0.28007389,1.00000000,-0.78104372,0.48050788
285,-0.01325216,0.33321512,1.00000000,-0.68890983,0.27784894
286,-0.01808486,0.19729742,1.00000000,-0.92455783,0.20870240
287,0.01813348,0.05780500,-1.00000000,-0.83397468,0.21115047
288,-0.02667537,0.02284401,-1.00000000,-0.77336091,0.02048870
289,0.00882653,0.28485696,1.00000000,-0.77275105,0.03084314
290,-0.01114125,-0.03930204,-1.00000000,-0.66561487,0.03865909
291,-0.01036333,0.21752806,1.00000000,-0.88948286,0.06724913
292,-0.00240905,0.07307588,-1.00000000,-0.86045065,-0.00881246
293,-0.02721064,0.07870357,-1.00000000,-0.87020770,-0.01079436
294,0.00217631,0.13624694,-1.00000000,-0.96997379,-0.03541774
295,0.00800240,-0.04317429,-1.00000000,-0.65890134,0.03546433
296,-0.00623149,0.16941862,1.00000000,-0.97289284,0.05076305
297,0.00744347,0.21156606,1.00000000,-0.89981950,0.08724339
298,0.01173565,0.10859440,-1.00000000,-0.92203107,0.23144750
299,-0.00880014,0.20752264,1.00000000,-0.90682980,0.19080563
300,-0.01561697,0.23857335,1.00000000,-0.85299549,0.10335158
301,-0.01467710,0.09001206,-1.00000000,-0.88981385,0.07208050
302,0.00090068,0.04069734,-1.00000000,-0.80431420,0.04785490
303,0.01043041,0.04749661,-1.00000000,-0.81610247,0.04302208
304,0.03457028,0.16019039,1.00000000,-0.98889233,0.20360719
305,0.00392024,0.22913093,1.00000000,-0.86936632,0.27594647
306,-0.00139858,0.40376508,1.00000000,-0.56659349,0.32511207
307,-0.01221179,0.18203465,1.00000000,-0.95101974,0.27656130
308,0.00026024,0.14355693,-1.00000000,-0.98264752,0.23890481
309,-0.00200380,0.06533134,-1.00000000,-0.84702352,0.10348413
310,0.00820940,0.15555725,1.00000000,-0.99692505,0.11936537
311,0.00989891,0.13917860,-1.00000000,-0.97505658,0.16119590
312,-0.00002448,0.21306359,1.00000000,-0.89722315,0.20632112
313,-0.00031295,0.22528590,1.00000000,-0.87603267,0.20419879
314,-0.01126539,0.15349751,-1.00000000,-0.99988206,0.16990643
315,-0.00640466,0.15141062,-1.00000000,-0.99626391,0.11579581
316,0.00032740,0.07217779,-1.00000000,-0.85889359,0.08035596
317,0.00144174,0.10734164,-1.00000000,-0.91985910,0.08578485
318,-0.01252921,0.15604311,1.00000000,-0.99608270,0.04055242
319,0.00881009,0.16410455,1.00000000,-0.98210614,0.11488473
320,-0.00360242,0.06303499,-1.00000000,-0.84304222,0.12526040
321,-0.01821531,0.21740911,1.00000000,-0.88968909,0.05660342
322,-0.00633519,0.12761374,-1.00000000,-0.95500595,0.02780821
323,0.00024620,0.02190031,-1.00000000,-0.77172476,0.07511097
324,-0.00341705,0.10784415,-1.00000000,-0.92073032,0.02983824
325,0.02040508,0.15545565,1.00000000,-0.99710121,0.11872939
326,-0.02202382,0.12895474,-1.00000000,-0.95733090,0.10462784
327,-0.01553133,0.30129029,1.00000000,-0.74425967,0.07057785
328,-0.00051481,-0.00565147,-1.00000000,-0.72395672,0.06776013
329,0.01024425,0.04131689,-1.00000000,-0.80538834,0.11834304
330,0.00606584,0.14995037,-1.00000000,-0.99373219,0.06525000
331,0.00839336,0.22778420,1.00000000,-0.87170122,0.17787390
332,0.00397827,0.19755650,1.00000000,-0.92410864,0.25011093
333,0.00316787,0.21439439,1.00000000,-0.89491587,0.26374656
334,-0.00022984,0.18245443,1.00000000,-0.95029194,0.22496476
335,-0.00131957,0.17659182,1.00000000,-0.96045627,0.19761923
336,0.02435169,0.15201187,-1.00000000,-0.99730633,0.25670719
337,-0.00174617,0.14412849,-1.00000000,-0.98363847,0.23551165
338,0.00297509,0.32984113,1.00000000,-0.69475951,0.23479785
339,-0.00661671,0.14104235,-1.00000000,-0.97828787,0.21114957
340,-0.00063532,0.17519718,1.00000000,-0.96287423,0.21368310
341,-0.00606656,0.10580760,-1.00000000,-0.91719943,0.10105524
342,0.00756822,0.14907853,-1.00000000,-0.99222063,0.13554308
343,0.01327255,0.10978753,-1.00000000,-0.92409966,0.17367089
344,0.00588736,0.20842508,1.00000000,-0.90526519,0.21996895
345,-0.01019898,0.24969173,1.00000000,-0.83371893,0.18455815
346,-0.02022303,0.19626528,1.00000000,-0.92634731,0.13214185
347,-0.03157770,0.07989251,-1.00000000,-0.87226902,-0.01280142
348,0.00176414,0.00737595,-1.00000000,-0.74654307,-0.05541296
349,0.00294205,-0.07476674,-1.00000000,-0.60412778,-0.06631837
350,0.01250794,0.16643684,1.00000000,-0.97806252,0.01775722
351,0.02002202,0.17495815,1.00000000,-0.96328865,0.16677015
352,-0.00302541,0.24416036,1.00000000,-0.84330898,0.27248902
353,-0.01657960,0.29851912,1.00000000,-0.74906420,0.20456875
354,-0.00861657,0.13178800,-1.00000000,-0.96224309,0.16177135
355,-0.01686085,0.03373343,-1.00000000,-0.79224049,0.05302925
356,0.00597516,0.09134010,-1.00000000,-0.89211634,0.00101880
357,0.01405292,0.03169880,-1.00000000,-0.78871293,0.06425373
358,0.02359670,0.19690051,1.00000000,-0.92524597,0.21301214
359,0.00917270,0.25533713,1.00000000,-0.82393120,0.27887940
360,0.01196719,0.32437932,1.00000000,-0.70422896,0.38561928
361,-0.00324855,0.22003232,1.00000000,-0.88514109,0.35146717
362,-0.00614855,0.24024839,1.00000000,-0.85009137,0.27666838
363,-0.00544301,0.13017373,-1.00000000,-0.95944433,0.16914477
364,-0.01410265,0.10919439,-1.00000000,-0.92307131,0.08296450
365,0.04086296,0.11429846,-1.00000000,-0.93192051,0.18995515
366,0.03001059,0.05165231,-1.00000000,-0.82330744,0.31310182
367,-0.00457186,0.44928794,1.00000000,-0.48766800,0.31893973
368,0.02199084,0.37077910,1.00000000,-0.62378310,0.42051741
369,0.00399240,0.12060056,-1.00000000,-0.94284681,0.48751689
370,-0.06091774,0.31276210,1.00000000,-0.72437037,0.11065952
371,0.00394394,0.18255667,1.00000000,-0.95011467,0.01414406
372,-0.00525878,-0.28702030,-1.00000000,-0.23613211,0.01160063
373,-0.00268748,0.18220609,1.00000000,-0.95072250,-0.07977433
374,-0.00691314,0.11563119,-1.00000000,-0.93423113,-0.12015364
375,0.02609583,0.13423265,-1.00000000,-0.96648151,0.20202637
376,0.00444421,0.10366312,-1.00000000,-0.91348144,0.20387869
377,0.00430558,0.34245867,1.00000000,-0.67288378,0.23929208
378,-0.00195018,0.18582517,1.00000000,-0.94444790,0.24202205
379,-0.00092860,0.18482228,1.00000000,-0.94618666,0.26418068
380,-0.02133947,0.13956650,-1.00000000,-0.97572911,0.08854480
381,-0.00932293,0.14695689,-1.00000000,-0.98854223,0.03757005
382,-0.02832764,-0.00070071,-1.00000000,-0.73254012,-0.08325904
383,-0.04422196,0.08623011,-1.00000000,-0.88325687,-0.23977627
384,-0.00853609,-0.05125497,-1.00000000,-0.64489143,-0.26794409
385,-0.00548772,-0.16623864,-1.00000000,-0.44553791,-0.20925077
386,-0.03622914,0.09192227,-1.00000000,-0.89312568,-0.30887480
387,0.01392305,0.11397498,-1.00000000,-0.93135968,-0.15243567
388,0.03114459,-0.10841646,-1.00000000,-0.54578740,0.12661957
389,0.00735775,0.25439758,1.00000000,-0.82556014,0.18546876
390,0.00275622,0.37898269,1.00000000,-0.60956008,0.21599312
391,-0.04312699,0.20690248,1.00000000,-0.90790500,0.19045286
392,0.00960570,0.17361383,1.00000000,-0.96561937,0.17446729
393,-0.00761523,-0.15831731,-1.00000000,-0.45927155,0.03095362
394,-0.00665159,0.22316478,1.00000000,-0.87971016,-0.02091792
395,-0.02081498,0.09858405,-1.00000000,-0.90467558,-0.10819360
396,0.01075461,0.10555528,-1.00000000,-0.91676198,0.09131058
397,-0.00840149,0.00309360,-1.00000000,-0.73911852,0.02463642
398,-0.00091357,0.23147624,1.00000000,-0.86530013,0.04945024
399,-0.01066255,0.09289605,-1.00000000,-0.89481397,0.03459908
400,0.00573959,0.14706559,-1.00000000,-0.98873068,0.13292112
401,0.02161681,0.07653890,-1.00000000,-0.86645468,0.17313996
402,-0.00155656,0.19519633,1.00000000,-0.92820060,0.19848426
403,0.02931040,0.31005626,1.00000000,-0.72906162,0.31039276
404,0.01229363,0.14241404,-1.00000000,-0.98066604,0.39539125
405,-0.01336472,0.36571368,1.00000000,-0.63256530,0.32465482
406,-0.00095806,0.24260992,1.00000000,-0.84599706,0.24106817
407,-0.03283994,0.05699069,-1.00000000,-0.83256288,0.12523707
408,-0.02506017,0.14674372,-1.00000000,-0.98817263,-0.07607761
409,-0.00625520,-0.08389809,-1.00000000,-0.58829626,-0.14475723
410,-0.02557469,-0.02761723,-1.00000000,-0.68587347,-0.18996635
411,0.02268499,0.10842288,-1.00000000,-0.92173369,-0.10242462
412,-0.01328862,-0.03133941,-1.00000000,-0.67942012,-0.03003312
413,0.00582242,0.31778375,1.00000000,-0.71566405,0.08431403
414,0.00380343,0.05754125,-1.00000000,-0.83351742,0.12155749
415,-0.00701739,0.19579553,1.00000000,-0.92716173,0.19026853
416,-0.04459837,0.18118959,1.00000000,-0.95248485,-0.05885759
417,0.01825862,0.10290899,-1.00000000,-0.91217396,0.05795050
418,0.02149245,-0.16896171,-1.00000000,-0.44081678,0.11597098
419,-0.01740232,0.28576223,1.00000000,-0.77118152,0.03745372
420,0.02789892,0.30915662,1.00000000,-0.73062138,0.16673626
421,-0.08672908,0.02778168,-1.00000000,-0.78192161,0.01074138
422,-0.02084899,0.35550269,1.00000000,-0.65026866,-0.13406005
423,-0.00774678,-0.47374630,-1.00000000,0.08760502,-0.24232242
424,-0.00354708,0.00284754,-1.00000000,-0.73869192,-0.19102146
425,-0.00870642,0.09763237,-1.00000000,-0.90302560,-0.32655788
426,0.02947249,0.12801408,-1.00000000,-0.95570003,0.10369482
427,-0.04500980,0.09069009,-1.00000000,-0.89098938,0.01423602
428,-0.01912716,0.36688635,1.00000000,-0.63053218,-0.02790145
429,0.00777448,-0.17193808,-1.00000000,-0.43565648,0.01401825
430,-0.01637113,0.01530369,-1.00000000,-0.76028784,-0.01436142
431,0.01110654,0.20991727,1.00000000,-0.90267811,-0.08236397
432,0.05845145,0.03524156,-1.00000000,-0.79485522,0.30071588
433,-0.01382896,0.23402220,1.00000000,-0.86088606,0.32033321
434,0.00623224,0.57652769,1.00000000,-0.26706546,0.31462282
435,0.01324722,0.05363226,-1.00000000,-0.82674017,0.42428892
436,0.01878999,0.19876025,1.00000000,-0.92202164,0.45273797
437,0.01877957,0.24950843,1.00000000,-0.83403673,0.30584727
438,0.01314061,0.28960629,1.00000000,-0.76451687,0.40570591
439,-0.00448314,0.28953096,1.00000000,-0.76464747,0.36603072
440,-0.01058588,0.24873720,1.00000000,-0.83537385,0.27778533
441,0.04832184,0.12124241,-1.00000000,-0.94395962,0.38713118
442,-0.01577504,0.07709358,-1.00000000,-0.86741637,0.25918785
443,0.00726811,0.50324746,1.00000000,-0.39411543,0.23744410
444,0.00916893,0.03955381,-1.00000000,-0.80233161,0.28799282
445,0.00452979,0.20625403,1.00000000,-0.90902926,0.34396071
446,0.02091632,0.22000508,1.00000000,-0.88518831,0.24248793
447,-0.02150503,0.18644429,1.00000000,-0.94337450,0.22127185
448,0.02589962,0.30498877,1.00000000,-0.73784741,0.29025763
449,-0.00789079,-0.00189840,-1.00000000,-0.73046363,0.22709161
450,0.01297475,0.34103922,1.00000000,-0.67534476,0.25836026
451,-0.00736358,0.09659059,-1.00000000,-0.90121941,0.15364993
452,0.02129218,0.24753733,1.00000000,-0.83745413,0.31211260
453,0.01910130,0.10040453,-1.00000000,-0.90783184,0.28694088
454,-0.03468184,0.30770779,1.00000000,-0.73313330,0.18774323
455,0.00146068,0.29185842,1.00000000,-0.76061222,0.14511076
456,-0.00927354,-0.09722291,-1.00000000,-0.56519428,0.13803886
457,0.00551752,0.16424154,1.00000000,-0.98186863,0.07963098
458,0.00138863,0.08658737,-1.00000000,-0.88387627,0.01404734
459,0.01527283,0.19358980,1.00000000,-0.93098593,0.19901156
460,-0.01827495,0.16372035,1.00000000,-0.98277224,0.12593761
461,-0.03758844,0.26416228,1.00000000,-0.80863054,0.02109772
462,-0.01319422,0.02146883,-1.00000000,-0.77097667,-0.04818514
463,-0.01249875,-0.11825001,-1.00000000,-0.52873844,-0.09960512
464,-0.00993336,0.05822416,-1.00000000,-0.83470141,-0.19293462
465,-0.00715284,0.06325541,-1.00000000,-0.84342436,-0.15175345
466,-0.01119452,0.08181405,-1.00000000,-0.87560050,-0.05402626
467,-0.01527176,0.10192908,-1.00000000,-0.91047503,-0.06171863
468,-0.00160656,0.07269049,-1.00000000,-0.85978249,-0.02138876
469,-0.01245308,0.04319471,-1.00000000,-0.80864403,-0.03071837
470,-0.00910626,0.14205236,-1.00000000,-0.98003897,-0.03795119
471,0.00086550,0.06358575,-1.00000000,-0.84399710,0.00670273
472,0.00938626,0.08779751,-1.00000000,-0.88597436,0.09800250
473,-0.01157211,0.15993583,1.00000000,-0.98933367,0.06110362
474,0.02388791,0.22157724,1.00000000,-0.88246258,0.19566124
475,0.00980496,0.06995891,-1.00000000,-0.85504660,0.26568270
476,0.00268046,0.32648598,1.00000000,-0.70057653,0.27240286
477,0.01915658,0.22460625,1.00000000,-0.87721102,0.30857887
478,-0.00262560,0.17306575,1.00000000,-0.96656961,0.34170461
479,-0.02025504,0.29225834,1.00000000,-0.75991885,0.17825915
480,-0.01177575,0.13468035,-1.00000000,-0.96725772,0.09835354
481,0.00426473,0.00714438,-1.00000000,-0.74614158,0.10421954
482,-0.01450276,0.06848574,-1.00000000,-0.85249249,-0.02040894
483,0.01372595,0.18452680,1.00000000,-0.94669895,0.04013498
484,0.02143273,0.04875781,-1.00000000,-0.81828907,0.19448981
485,0.00017028,0.25297175,1.00000000,-0.82803218,0.23872167
486,0.00357238,0.30872460,1.00000000,-0.73137039,0.23615813
487,-0.02350153,0.15490647,1.00000000,-0.99805335,0.20283894
488,-0.01574334,0.17951811,1.00000000,-0.95538279,0.09372473
489,-0.01441557,-0.01634160,-1.00000000,-0.70542265,-0.03900864
490,0.00559218,0.03978316,-1.00000000,-0.80272924,-0.01893331
491,0.01211209,0.04938861,-1.00000000,-0.81938274,0.01268618
492,0.00278279,0.19412990,1.00000000,-0.93004954,0.11000756
493,-0.00225958,0.24129662,1.00000000,-0.84827400,0.15993307
494,-0.00380621,0.17380602,1.00000000,-0.96528616,0.19921570
495,0.00835069,0.13732820,-1.00000000,-0.97184844,0.20942948
496,-0.01625818,0.12613946,-1.00000000,-0.95244991,0.10438456
497,-0.00726401,0.21408570,1.00000000,-0.89545106,0.06718487
498,-0.00077651,0.03605866,-1.00000000,-0.79627186,0.07267614
499,-0.00624073,0.10112483,-1.00000000,-0.90908066,0.06366200
500,-0.00954037,0.14805712,-1.00000000,-0.99044975,-0.00258217
501,0.00006354,0.10852754,-1.00000000,-0.92191515,0.05785130
502,-0.00696271,0.08465708,-1.00000000,-0.88052961,0.05896693
503,0.00663767,0.15413427,1.00000000,-0.99939216,0.08641898
504,-0.01491926,0.10330455,-1.00000000,-0.91285976,0.05428550
505,-0.00410278,0.20169326,1.00000000,-0.91693653,0.07441896
506,-0.00280711,0.04574478,-1.00000000,-0.81306523,0.06378999
507,0.00876710,0.12399405,-1.00000000,-0.94873029,0.12203181
508,-0.00053616,0.13336727,-1.00000000,-0.96498115,0.09546969
509,-0.00819016,0.21709808,1.00000000,-0.89022833,0.12038513
510,-0.00161225,0.14979588,-1.00000000,-0.99346434,0.12960666
511,-0.00589151,0.09442486,-1.00000000,-0.89746456,0.11818622
512,-0.03546314,0.14201118,-1.00000000,-0.97996758,-0.04558245
513,-0.00839010,0.11105388,-1.00000000,-0.92629520,-0.07466277
514,-0.00186913,-0.10287501,-1.00000000,-0.55539492,-0.05125829
515,0.00729649,0.09297842,-1.00000000,-0.89495678,-0.01827244
516,-0.00675849,0.14015280,-1.00000000,-0.97674560,-0.02148254
517,0.01538306,0.20645930,1.00000000,-0.90867337,0.16678266
518,-0.00986236,0.10478195,-1.00000000,-0.91542121,0.16133142
519,0.01669312,0.26495970,1.00000000,-0.80724802,0.23006078
520,-0.02119762,0.08232772,-1.00000000,-0.87649108,0.12455734
521,0.01405998,0.27443701,1.00000000,-0.79081668,0.20164065
522,-0.00287637,0.00032548,-1.00000000,-0.73431929,0.13403256
523,0.01465254,0.25538820,1.00000000,-0.82384265,0.22480242
524,0.01859431,0.13286623,-1.00000000,-0.96411247,0.23184183
525,0.01250368,0.25967492,1.00000000,-0.81641053,0.35662564
526,0.00385212,0.28819069,1.00000000,-0.76697117,0.31882958
527,0.00200540,0.24412952,1.00000000,-0.84336244,0.33690501
528,-0.01693766,0.18154182,1.00000000,-0.95187419,0.21993786
529,-0.00295520,0.16818223,1.00000000,-0.97503644,0.14014779
530,0.00470301,0.03114316,-1.00000000,-0.78774959,0.11126471
531,0.01503340,0.13229593,-1.00000000,-0.96312371,0.15266498
532,-0.00619799,0.18769743,1.00000000,-0.94120185,0.12229075
533,0.00371027,0.26243013,1.00000000,-0.81163367,0.19874259
534,0.00587343,0.10883671,-1.00000000,-0.92245117,0.23143182
535,0.02058190,0.18051564,1.00000000,-0.95365333,0.29022562
536,0.00191519,0.19616453,1.00000000,-0.92652199,0.24165363
537,0.02624246,0.30256943,1.00000000,-0.74204196,0.36176898
538,0.00204001,0.16752963,1.00000000,-0.97616789,0.35558461
539,-0.00258252,0.34351943,1.00000000,-0.67104468,0.32427526
540,-0.01236294,0.16843255,1.00000000,-0.97460244,0.20229239
541,-0.00375088,0.13499197,-1.00000000,-0.96779799,0.18131296
542,-0.00247426,0.06423790,-1.00000000,-0.84512776,0.07498528
543,-0.01275023,0.12653978,-1.00000000,-0.95314397,0.02022234
544,-0.00394587,0.13577520,-1.00000000,-0.96915591,0.01517435
545,-0.00509514,0.06143609,-1.00000000,-0.84027012,0.04208437
546,0.02351965,0.12512915,-1.00000000,-0.95069827,0.14305732
547,-0.01434695,0.11681501,-1.00000000,-0.93628358,0.09909700
548,0.00121216,0.32382188,1.00000000,-0.70519542,0.15079471
549,0.00820329,0.04988502,-1.00000000,-0.82024339,0.19577870
550,-0.00568292,0.16244367,1.00000000,-0.98498569,0.19360239
551,-0.00942136,0.21301938,1.00000000,-0.89729980,0.07163370
552,0.01621836,0.11256291,-1.00000000,-0.92891149,0.18480606
553,-0.00468099,0.08551806,-1.00000000,-0.88202234,0.16298587
554,0.00678481,0.27100247,1.00000000,-0.79677132,0.15773373
555,0.02210077,0.11981112,-1.00000000,-0.94147812,0.26060676
556,-0.00676524,0.20275770,1.00000000,-0.91509104,0.27044140
557,-0.02887341,0.31355740,1.00000000,-0.72299152,0.10348278
558,-0.01106418,0.10473309,-1.00000000,-0.91533651,0.07984810
559,0.00445625,-0.05520318,-1.00000000,-0.63804619,0.07122629
560,-0.02861011,0.07363341,-1.00000000,-0.86141728,-0.11653788
561,0.01974628,0.18591232,1.00000000,-0.94429681,-0.01837525
562,0.01541838,-0.05329839,-1.00000000,-0.64134864,0.14562131
563,-0.01841407,0.29652437,1.00000000,-0.75252261,0.11840734
564,-0.02942940,0.26521517,1.00000000,-0.80680508,-0.00705907
565,-0.00587483,0.02046243,-1.00000000,-0.76923183,0.07712149
566,0.01631234,-0.05922538,-1.00000000,-0.63107269,0.06440683
567,-0.00299503,0.11117454,-1.00000000,-0.92650439,-0.00377140
568,-0.03399050,0.27168233,1.00000000,-0.79559262,-0.06144536
569,0.00538078,0.13200777,-1.00000000,-0.96262411,0.06744422
570,-0.01753376,-0.09222161,-1.00000000,-0.57386532,0.02427541
571,0.00909235,0.19260056,1.00000000,-0.93270104,-0.00245761
572,-0.01280073,0.02683083,-1.00000000,-0.78027307,-0.03876459
573,0.01192665,0.21945104,1.00000000,-0.88614888,0.13125015
574,-0.01853514,0.06107078,-1.00000000,-0.83963675,0.04269811
575,0.02481244,0.23995514,1.00000000,-0.85059980,0.19949085
576,-0.00315849,0.01958657,-1.00000000,-0.76771329,0.15413038
577,-0.02460076,0.33317428,1.00000000,-0.68898065,0.11043911
578,0.00343555,0.13082524,-1.00000000,-0.96057390,0.07899960
579,-0.02877052,-0.02429373,-1.00000000,-0.69163561,0.04110164
580,-0.01692563,0.17852826,1.00000000,-0.95709896,-0.11343942
581,-0.01387709,-0.05445890,-1.00000000,-0.63933659,-0.15312654
582,-0.00760281,0.03123020,-1.00000000,-0.78790050,-0.09018924
583,0.00048439,0.05328409,-1.00000000,-0.82613654,-0.10111631
584,-0.01123151,0.09867388,-1.00000000,-0.90483132,-0.03617564
585,-0.01010663,0.15717883,1.00000000,-0.99411363,-0.01092736
586,0.01458970,0.07242292,-1.00000000,-0.85931858,0.09447494
587,-0.01054789,0.08056057,-1.00000000,-0.87342728,0.08357038
588,0.01525590,0.25922031,1.00000000,-0.81719871,0.13826398
589,-0.02557573,0.07736843,-1.00000000,-0.86789289,0.08515251
590,-0.01598578,0.26403981,1.00000000,-0.80884288,0.06338416
591,0.01017826,-0.03134689,-1.00000000,-0.67940716,0.04705018
592,0.00907273,0.03802932,-1.00000000,-0.79968851,0.11969827
593,-0.00409656,0.22730680,1.00000000,-0.87252891,0.04804305
594,-0.01170214,0.21930910,1.00000000,-0.88639498,0.09941197
595,-0.00368942,0.12403903,-1.00000000,-0.94880826,0.14494095
596,-0.02017599,0.06901829,-1.00000000,-0.85341580,0.03255007
597,-0.03483210,0.12698436,-1.00000000,-0.95391475,-0.13001374
598,0.01640521,0.00771622,-1.00000000,-0.74713302,-0.05410305
599,-0.00509806,-0.09830994,-1.00000000,-0.56330964,-0.02965054
600,0.01042767,0.27235421,1.00000000,-0.79442775,0.02262000
601,0.00066603,0.11679388,-1.00000000,-0.93624696,0.09979052
602,-0.01139820,0.22911113,1.00000000,-0.86940065,0.18655786
603,-0.02172915,0.15849287,1.00000000,-0.99183541,0.04536003
604,0.01366988,0.07121707,-1.00000000,-0.85722794,0.11485099
605,-0.02148849,-0.00351972,-1.00000000,-0.72765265,-0.00332310
606,0.02514116,0.25256611,1.00000000,-0.82873546,0.08729949
607,-0.00034983,-0.00177875,-1.00000000,-0.73067107,0.12820762
608,-0.01342531,0.33555233,1.00000000,-0.68485769,0.15895373
609,-0.02524062,0.15114384,-1.00000000,-0.99580137,0.01488212
610,-0.00882144,0.05655237,-1.00000000,-0.83180294,0.06178365
611,-0.01991451,-0.02892263,-1.00000000,-0.68361023,-0.10504129
612,0.00966131,0.08985798,-1.00000000,-0.88954671,-0.06797363
613,-0.01260268,0.00960786,-1.00000000,-0.75041266,-0.06492770
614,-0.01131446,0.22356705,1.00000000,-0.87901272,-0.01336416
615,0.01759978,0.06250355,-1.00000000,-0.84212083,0.08446413
616,-0.01322429,0.07182281,-1.00000000,-0.85827813,0.10923559
617,-0.00379539,0.28099601,1.00000000,-0.77944498,0.05941027
618,0.01126986,0.05800662,-1.00000000,-0.83432426,0.14780168
619,0.00740723,0.12621776,-1.00000000,-0.95258566,0.21712139
620,-0.01983834,0.23520370,1.00000000,-0.85883764,0.07850150
621,-0.00422631,0.20726045,1.00000000,-0.90728437,0.11181779
622,-0.02143821,0.01015889,-1.00000000,-0.75136800,0.04649276
623,-0.02576634,0.12310038,-1.00000000,-0.94718088,-0.09063897
624,0.02599721,-0.00141503,-1.00000000,-0.73130167,-0.02180694
625,-0.00663845,-0.03272584,-1.00000000,-0.67701640,0.02706750
626,0.00617891,0.34174526,1.00000000,-0.67412067,0.06559429
627,0.00555481,0.10565032,-1.00000000,-0.91692676,0.16553977
628,-0.00906752,0.19837446,1.00000000,-0.92269050,0.22736952
629,0.00178823,0.19385959,1.00000000,-0.93051819,0.13773235
630,0.00215692,0.08807783,-1.00000000,-0.88646035,0.17029845
631,0.02221690,0.16661115,1.00000000,-0.97776031,0.22968137
632,0.00960723,0.16927833,1.00000000,-0.97313606,0.24468599
633,0.02460960,0.31439749,1.00000000,-0.72153500,0.36938024
634,0.02228088,0.22317579,1.00000000,-0.87969107,0.44525716
635,-0.01904950,0.33170687,1.00000000,-0.69152478,0.36673740
636,0.00569269,0.31486034,1.00000000,-0.72073253,0.30555419
637,0.00559806,0.01586554,-1.00000000,-0.76126194,0.29070969
638,-0.02021644,0.19485702,1.00000000,-0.92878889,0.12473497
639,0.02012908,0.19417244,1.00000000,-0.92997578,0.11676760
640,0.00535225,0.00742356,-1.00000000,-0.74662562,0.20711852
641,-0.00847909,0.29929361,1.00000000,-0.74772143,0.15464553
642,0.00274036,0.19239421,1.00000000,-0.93305880,0.14406449
643,0.01025176,0.09233468,-1.00000000,-0.89384070,0.25687732
644,-0.00791045,0.17349909,1.00000000,-0.96581830,0.15305704
645,0.00718778,0.22783855,1.00000000,-0.87160699,0.15985332
646,-0.02632755,0.09644835,-1.00000000,-0.90097279,0.09376688
647,-0.01455407,0.20567286,1.00000000,-0.91003686,0.02973181
648,-0.01891333,-0.03678577,-1.00000000,-0.66997748,-0.07825605
649,0.01157917,0.04838665,-1.00000000,-0.81764559,-0.00609298
650,-0.01172853,0.01685063,-1.00000000,-0.76296986,-0.07613326
651,0.01143098,0.23744138,1.00000000,-0.85495803,0.06367302
652,-0.00597350,0.06882735,-1.00000000,-0.85308474,0.09544379
653,0.01739141,0.23636935,1.00000000,-0.85681668,0.22986720
654,0.00275960,0.11046075,-1.00000000,-0.92526687,0.19721148
655,0.00573960,0.27948862,1.00000000,-0.78205843,0.26188970
656,-0.00138979,0.17363827,1.00000000,-0.96557700,0.21441898
657,0.00137903,0.19519640,1.00000000,-0.92820049,0.24164277
658,-0.00870573,0.14362051,-1.00000000,-0.98275776,0.14501444
659,0.01544289,0.16365090,1.00000000,-0.98289266,0.19197611
660,-0.00424191,0.09069510,-1.00000000,-0.89099807,0.15501816
661,0.03376592,0.26539251,1.00000000,-0.80649763,0.28518712
662,0.00773086,0.12298753,-1.00000000,-0.94698522,0.30870565
663,0.00171013,0.39794611,1.00000000,-0.57668216,0.34727183
664,0.01962843,0.20960167,1.00000000,-0.90322528,0.36276941
665,0.00589794,0.16604616,1.00000000,-0.97873986,0.40031361
666,-0.00776238,0.29567184,1.00000000,-0.75400068,0.24654925
667,-0.00719820,0.19634183,1.00000000,-0.92621459,0.19127232
668,-0.01444543,0.09751954,-1.00000000,-0.90282998,0.13145406
669,-0.01222987,0.10160098,-1.00000000,-0.90990619,0.01349421
670,0.00339862,0.04917255,-1.00000000,-0.81900814,0.00424013
671,-0.00901080,0.06520054,-1.00000000,-0.84679674,-0.00038232
672,-0.01220108,0.17826110,1.00000000,-0.95756214,-0.01890619
673,0.02309812,0.08848815,-1.00000000,-0.88717176,0.12010410
674,0.00482546,0.06540882,-1.00000000,-0.84715786,0.18325388
675,-0.00659385,0.32077246,1.00000000,-0.71048237,0.14625535
676,-0.00866572,0.18858328,1.00000000,-0.93966601,0.14753305
677,-0.00275632,0.10597297,-1.00000000,-0.91748615,0.18250359
678,-0.00318407,0.09098452,-1.00000000,-0.89149985,0.08519007
679,0.00380915,0.13373467,-1.00000000,-0.96561814,0.08142703
680,-0.00312249,0.13064019,-1.00000000,-0.96025306,0.09428021
681,0.00633817,0.18123101,1.00000000,-0.95241305,0.14983422
682,-0.01457271,0.13108567,-1.00000000,-0.96102541,0.10608236
683,-0.01296231,0.19952658,1.00000000,-0.92069302,0.06987708
684,0.00506753,0.04825180,-1.00000000,-0.81741178,0.07453639
685,0.05906241,0.05990188,-1.00000000,-0.83761017,0.30478476
686,-0.00720881,0.19033444,1.00000000,-0.93662994,0.25462516
687,0.00810366,0.58094755,1.00000000,-0.25940250,0.33858761
688,0.00701329,0.10152417,-1.00000000,-0.90977303,0.41255008
689,-0.00443418,0.21229861,1.00000000,-0.89854945,0.37736868
690,-0.01177474,0.20441060,1.00000000,-0.91222533,0.11508415
691,-0.00777121,0.12159660,-1.00000000,-0.94457370,0.11300179
692,0.01155911,0.06849305,-1.00000000,-0.85250516,0.12579609
693,-0.01698811,0.09745563,-1.00000000,-0.90271917,0.03692753
694,-0.01037739,0.23729624,1.00000000,-0.85520967,0.01492194
695,-0.01003107,0.03077819,-1.00000000,-0.78711683,0.02137814
696,0.00208440,0.07860184,-1.00000000,-0.87003131,0.05786991
697,0.02133707,0.08110724,-1.00000000,-0.87437506,0.09407420
698,0.01164232,0.16875368,1.00000000,-0.97404568,0.20008239
699,-0.00345685,0.30803259,1.00000000,-0.73257018,0.22570667
700,0.04878188,0.23789822,1.00000000,-0.85416599,0.44346989
701,-0.01416573,0.12866684,-1.00000000,-0.95683176,0.38330149
702,0.00248622,0.50657550,1.00000000,-0.38834541,0.31350356
703,0.00769622,0.05119598,-1.00000000,-0.82251626,0.29889255
704,-0.00465271,0.17166061,1.00000000,-0.96900578,0.29446471
705,0.01606812,0.20935106,1.00000000,-0.90365977,0.17333740
706,-0.01147387,0.12001567,-1.00000000,-0.94183275,0.18330440
707,-0.00343391,0.26991559,1.00000000,-0.79865571,0.16138427
708,-0.00195903,0.07066960,-1.00000000,-0.85627876,0.12563435
709,0.01847114,0.12883281,-1.00000000,-0.95711951,0.21125366
710,0.00194991,0.13950246,-1.00000000,-0.97561806,0.15897899
711,0.00073624,0.28729966,1.00000000,-0.76851599,0.20418866
712,-0.00472014,0.16778074,1.00000000,-0.97573251,0.19942619
713,0.01976406,0.15900076,1.00000000,-0.99095485,0.27985899
714,0.01082089,0.11952784,-1.00000000,-0.94098698,0.25153289
715,-0.01409988,0.29665299,1.00000000,-0.75229961,0.19210629
716,0.00022052,0.23195579,1.00000000,-0.86446872,0.19019676
717,0.00525363,0.05167238,-1.00000000,-0.82334224,0.22712606
718,-0.01128484,0.15526989,1.00000000,-0.99742327,0.11216315
719,0.00155875,0.19168074,1.00000000,-0.93429578,0.07786877
720,0.01422791,0.07203714,-1.00000000,-0.85864974,0.18275639
721,-0.00433859,0.16495103,1.00000000,-0.98063855,0.16587564
722,-0.00563659,0.25660302,1.00000000,-0.82173644,0.12555308
723,-0.01273281,0.12228809,-1.00000000,-0.94577256,0.12019175
724,-0.00535502,0.11289805,-1.00000000,-0.92949255,0.09459255
725,-0.00525090,0.06156213,-1.00000000,-0.84048863,0.02246951
726,-0.00011330,0.11493501,-1.00000000,-0.93302412,0.03811426
727,-0.01120379,0.11568821,-1.00000000,-0.93433000,0.01750090
728,0.00549893,0.15285498,-1.00000000,-0.99876806,0.08500647
729,-0.01098314,0.07262343,-1.00000000,-0.85966622,0.06416755
730,-0.00465699,0.19345528,1.00000000,-0.93121917,0.06636661
731,0.01323783,0.07421970,-1.00000000,-0.86243376,0.11580104
732,-0.01009822,0.11998475,-1.00000000,-0.94177914,0.11989457
733,0.01210739,0.24944054,1.00000000,-0.83415443,0.14436336
734,0.00695716,0.08062142,-1.00000000,-0.87353278,0.21078985
735,-0.00194960,0.24126267,1.00000000,-0.84833286,0.22081432
736,0.00837658,0.20400454,1.00000000,-0.91292933,0.20281485
737,-0.00355555,0.13957066,-1.00000000,-0.97573632,0.22704002
738,0.00681425,0.21427297,1.00000000,-0.89512638,0.20744140
739,-0.00778569,0.12795284,-1.00000000,-0.95559385,0.15285390
740,-0.00325495,0.20297067,1.00000000,-0.91472180,0.14802067
741,0.00530402,0.09735086,-1.00000000,-0.90253752,0.13664409
742,-0.02329689,0.13012744,-1.00000000,-0.95936409,0.06354901
743,0.00963095,0.19204527,1.00000000,-0.93366376,0.07397825
744,0.00768562,-0.01486117,-1.00000000,-0.70798936,0.13126297
745,0.01104355,0.22334745,1.00000000,-0.87939345,0.18420517
746,-0.00211467,0.20927439,1.00000000,-0.90379271,0.15673644
747,-0.01324260,0.23356652,1.00000000,-0.86167609,0.19396384
748,0.00408029,0.13837656,-1.00000000,-0.97366604,0.17341171
749,-0.00081279,0.05787414,-1.00000000,-0.83409456,0.14194516
750,0.00089396,0.18319246,1.00000000,-0.94901238,0.10436488
751,0.00467803,0.14779469,-1.00000000,-0.98999477,0.12951579
752,0.01997076,0.16014174,1.00000000,-0.98897668,0.25249297
753,0.00540641,0.18751670,1.00000000,-0.94151520,0.25740314
754,-0.00756224,0.29814834,1.00000000,-0.74970704,0.23241235
755,-0.01198615,0.19278602,1.00000000,-0.93237950,0.18472193
756,0.00546541,0.09896741,-1.00000000,-0.90534022,0.18763733
757,-0.00650451,0.06696365,-1.00000000,-0.84985354,0.08960890
758,0.00624578,0.19321284,1.00000000,-0.93163950,0.09271678
759,-0.00137557,0.10661928,-1.00000000,-0.91860669,0.11562377
760,-0.00927407,0.19885824,1.00000000,-0.92185176,0.12566563
761,0.01337936,0.14372335,-1.00000000,-0.98293606,0.15496812
762,-0.00142855,0.08658354,-1.00000000,-0.88386963,0.17376257
763,0.00857160,0.25046438,1.00000000,-0.83237934,0.18237422
764,0.00733263,0.14334008,-1.00000000,-0.98227157,0.21461757
765,-0.00231182,0.21568377,1.00000000,-0.89268040,0.24039629
766,0.00356492,0.20672078,1.00000000,-0.90822004,0.20405697
767,0.00288328,0.13695031,-1.00000000,-0.97119327,0.22002214
768,-0.04786820,0.17946420,1.00000000,-0.95547626,0.01104584
769,0.02986621,0.17453300,1.00000000,-0.96402575,0.09447959
770,0.00716789,-0.19261651,-1.00000000,-0.39980515,0.12957955
771,-0.00820297,0.36973459,1.00000000,-0.62559402,0.08600728
772,-0.00470479,0.20552902,1.00000000,-0.91028625,0.05791138
773,-0.01920926,0.09433219,-1.00000000,-0.89730389,0.16402515
774,-0.01501294,0.11963892,-1.00000000,-0.94117956,-0.00214622
775,0.00584118,0.01470979,-1.00000000,-0.75925816,-0.00705854
776,-0.00583039,0.04506707,-1.00000000,-0.81189024,0.00172627
777,0.00286468,0.19593126,1.00000000,-0.92692642,0.02975330
778,0.00002310,0.11149606,-1.00000000,-0.92706184,0.10096383
779,0.00874736,0.17439845,1.00000000,-0.96425903,0.18893970
780,-0.00825701,0.15384174,1.00000000,-0.99989932,0.13673916
781,0.03639765,0.21695533,1.00000000,-0.89047584,0.29309441
782,0.00969999,0.09394125,-1.00000000,-0.89662610,0.31840310
783,0.02112273,0.41698473,1.00000000,-0.54367387,0.39652743
784,0.04252350,0.22384687,1.00000000,-0.87852759,0.52158834
785,0.00698049,0.30648195,1.00000000,-0.73525861,0.57800732
786,0.00353911,0.46130077,1.00000000,-0.46684071,0.45634395
787,0.00811912,0.20417329,1.00000000,-0.91263675,0.45049057
788,0.01465837,0.17927744,1.00000000,-0.95580005,0.42655536
789,-0.00191303,0.21241046,1.00000000,-0.89835552,0.26202285
790,0.03020010,0.25971706,1.00000000,-0.81633747,0.34799675
791,-0.03052322,0.13983527,-1.00000000,-0.97619509,0.22187619
792,0.07572025,0.37215007,1.00000000,-0.62140617,0.47217890
793,0.00098925,-0.06713834,-1.00000000,-0.61735356,0.42156706
794,-0.00209995,0.70145476,1.00000000,-0.05047253,0.42087496
795,0.01271433,0.16083107,1.00000000,-0.98778154,0.35613141
796,-0.00830288,0.13848305,-1.00000000,-0.97385066,0.43840534
797,0.00837289,0.24565337,1.00000000,-0.84072046,0.18904223
798,0.01500187,0.09360941,-1.00000000,-0.89605076,0.24092595
799,-0.00707801,0.21424626,1.00000000,-0.89517269,0.22249398
800,-0.01233840,0.26220208,1.00000000,-0.81202905,0.12973272
801,0.01693392,0.10247046,-1.00000000,-0.91141366,0.22317554
802,0.00188659,0.06441536,-1.00000000,-0.84543543,0.19915911
803,0.03756511,0.27617905,1.00000000,-0.78779641,0.28270268
804,0.01230521,0.16732270,1.00000000,-0.97652665,0.35447175
805,-0.01251652,0.42543046,1.00000000,-0.52903103,0.35381225
806,0.00233520,0.24269369,1.00000000,-0.84585181,0.29975842
807,-0.01602070,0.06312681,-1.00000000,-0.84320141,0.23345416
808,0.00087759,0.17056805,1.00000000,-0.97090001,0.09761344
809,-0.01547756,0.03777668,-1.00000000,-0.79925049,-0.00525618
810,-0.00234441,0.16002331,1.00000000,-0.98918199,0.03240750
811,-0.00200303,0.04170585,-1.00000000,-0.80606271,0.01634461
812,-0.00087351,0.13671455,-1.00000000,-0.97078452,0.07242921
813,0.00408215,0.13918419,-1.00000000,-0.97506626,0.08429455
814,0.00140327,0.14735542,-1.00000000,-0.98923317,0.14679823
815,0.00667312,0.18320595,1.00000000,-0.94898899,0.18018688
816,0.01784514,0.16382625,1.00000000,-0.98258864,0.25367751
817,0.02284020,0.20194968,1.00000000,-0.91649194,0.34148087
818,-0.02935641,0.28277103,1.00000000,-0.77636754,0.21766990
819,0.01944673,0.31890662,1.00000000,-0.71371727,0.28447835
820,-0.00804072,-0.05869734,-1.00000000,-0.63198818,0.22999830
821,0.00201048,0.29435736,1.00000000,-0.75627967,0.17136825
822,0.00412393,0.09550593,-1.00000000,-0.89933886,0.10206861
823,0.00643770,0.16821896,1.00000000,-0.97497275,0.23460132
824,-0.00829698,0.18350819,1.00000000,-0.94846497,0.13187633
825,0.00042228,0.20024660,1.00000000,-0.91944467,0.16321180
826,-0.00572871,0.09365209,-1.00000000,-0.89612477,0.13455636
827,-0.00600412,0.15672952,1.00000000,-0.99489262,0.09705582
828,0.00209589,0.11223165,-1.00000000,-0.92833717,0.08097965
829,0.00872852,0.11023920,-1.00000000,-0.92488275,0.14401895
830,0.00178614,0.16883680,1.00000000,-0.97390157,0.14906882
831,-0.02487645,0.21681899,1.00000000,-0.89071221,0.07817159
832,-0.02639818,0.16659602,1.00000000,-0.97778653,0.00265973
833,-0.01378145,-0.02628817,-1.00000000,-0.68817773,-0.05612835
834,0.00867309,-0.03729674,-1.00000000,-0.66909158,-0.05633359
835,0.00114561,0.05397598,-1.00000000,-0.82733611,-0.05870526
836,0.00033583,0.21641799,1.00000000,-0.89140744,0.03464678
837,-0.00911308,0.16196222,1.00000000,-0.98582041,0.09864731
838,-0.00144578,0.15610411,1.00000000,-0.99597694,0.14432188
839,-0.00307861,0.08774823,-1.00000000,-0.88588891,0.10080956
840,0.01821835,0.14321548,-1.00000000,-0.98205553,0.16402381
841,-0.00015905,0.13140313,-1.00000000,-0.96157581,0.16219144
842,-0.01012826,0.28547095,1.00000000,-0.77168654,0.15843259
843,-0.00966504,0.15252401,-1.00000000,-0.99819424,0.12799960
844,0.00874483,0.08040414,-1.00000000,-0.87315607,0.17177754
845,0.00760144,0.08375516,-1.00000000,-0.87896590,0.13246694
846,-0.00613565,0.21693697,1.00000000,-0.89050766,0.11033774
847,0.00052959,0.20866545,1.00000000,-0.90484846,0.14979993
848,0.00661593,0.10928773,-1.00000000,-0.92323312,0.21008254
849,0.00717138,0.15750580,1.00000000,-0.99354674,0.20425664
850,0.01046625,0.20153601,1.00000000,-0.91720915,0.21486398
851,-0.00477430,0.20555426,1.00000000,-0.91024250,0.21990456
852,0.01486464,0.22939021,1.00000000,-0.86891680,0.27298211
853,0.02192601,0.11913607,-1.00000000,-0.94030773,0.32966981
854,-0.00302118,0.26120933,1.00000000,-0.81375024,0.29193041
855,0.02647904,0.31229308,1.00000000,-0.72518353,0.35122003
856,-0.01818848,0.13181859,-1.00000000,-0.96229612,0.30155213
857,-0.00606668,0.34523094,1.00000000,-0.66807736,0.22405095
858,0.00189569,0.02209436,-1.00000000,-0.77206119,0.14988588
859,-0.00015840,0.10978664,-1.00000000,-0.92409812,0.16048572
860,-0.01423406,0.16738852,1.00000000,-0.97641254,0.00973972
861,0.00783233,0.15252868,-1.00000000,-0.99820234,0.10608543
862,-0.01771601,0.05070168,-1.00000000,-0.82165927,0.06295215
863,-0.01347346,0.21033571,1.00000000,-0.90195264,0.00604570
864,0.00939275,0.02551234,-1.00000000,-0.77798714,0.04141020
865,-0.00696223,0.05620404,-1.00000000,-0.83119902,0.06833520
866,-0.00268982,0.22162426,1.00000000,-0.88238106,0.02937548
867,0.00500625,0.10330804,-1.00000000,-0.91286582,0.11350784
868,-0.01003239,0.13421576,-1.00000000,-0.96645222,0.12624891
869,0.02674808,0.18989111,1.00000000,-0.93739856,0.19050945
870,-0.02024443,0.08109769,-1.00000000,-0.87435851,0.14133021
871,-0.00899046,0.34717724,1.00000000,-0.66470294,0.11800122
872,-0.00138585,0.00722108,-1.00000000,-0.74627458,0.09433358
873,0.01077971,0.08863530,-1.00000000,-0.88742687,0.17139331
874,-0.01312076,0.14364901,-1.00000000,-0.98280717,0.02377331
875,-0.00014449,0.23165786,1.00000000,-0.86498525,0.09819616
876,-0.00409813,0.05875561,-1.00000000,-0.83562282,0.11631069
877,-0.00466121,0.15262930,-1.00000000,-0.99837679,0.10418320
878,-0.01272824,0.12402768,-1.00000000,-0.94878859,0.01714169
879,-0.00882525,0.11995418,-1.00000000,-0.94172615,0.03304640
880,-0.02328616,0.06159515,-1.00000000,-0.84054588,-0.05263887
881,0.01024848,0.08983042,-1.00000000,-0.88949892,0.00048145
882,-0.00368001,-0.01478356,-1.00000000,-0.70812391,0.00411448
883,-0.00024016,0.22781478,1.00000000,-0.87164821,0.05035337
884,0.01432880,0.12705243,-1.00000000,-0.95403277,0.13608450
885,0.00620157,0.15193722,-1.00000000,-0.99717689,0.24526698
886,-0.01698818,0.25733289,1.00000000,-0.82047104,0.14441944
887,0.00340448,0.19853842,1.00000000,-0.92240625,0.17065077
888,-0.00668035,0.03077769,-1.00000000,-0.78711597,0.14680507
889,-0.01530558,0.17830350,1.00000000,-0.95748863,0.03707962
890,0.00783584,0.10534722,-1.00000000,-0.91640126,0.04313071
891,0.03897065,0.04295004,-1.00000000,-0.80821983,0.25032614
892,-0.03745575,0.21036111,1.00000000,-0.90190860,0.09903538
893,-0.01152452,0.43559849,1.00000000,-0.51140216,0.08109914
894,-0.04784799,-0.11729010,-1.00000000,-0.53040269,-0.03939371
895,-0.03830013,0.07030319,-1.00000000,-0.85564348,-0.21021864
896,0.00573904,-0.19247027,-1.00000000,-0.40005869,-0.33326336
897,0.01629349,-0.12339860,-1.00000000,-0.51981205,-0.13424924
898,-0.00113085,0.19519231,1.00000000,-0.92820757,-0.09576520
899,0.00378904,0.27154597,1.00000000,-0.79582904,0.09542817
900,-0.00335300,0.14549374,-1.00000000,-0.98600548,0.22482487
901,-0.00356168,0.18108553,1.00000000,-0.95266528,0.19038766
902,-0.00948630,0.12941816,-1.00000000,-0.95813436,0.09493435
903,0.01644187,0.12790850,-1.00000000,-0.95551698,0.15999982
904,0.02811382,0.08504819,-1.00000000,-0.88120771,0.25006572
905,0.01024100,0.27261940,1.00000000,-0.79396797,0.30039939
906,-0.00936061,0.35705732,1.00000000,-0.64757331,0.27892801
907,-0.01504248,0.22776065,1.00000000,-0.87174206,0.25835549
908,-0.00383354,0.08595747,-1.00000000,-0.88278418,0.18328291
909,0.00551457,0.04485337,-1.00000000,-0.81151973,0.09960603
910,0.02186226,0.12594174,-1.00000000,-0.95210711,0.14263540
911,-0.00670350,0.19356846,1.00000000,-0.93102293,0.15247373
912,0.00296826,0.31183193,1.00000000,-0.72598306,0.21916102
913,-0.00183161,0.10517972,-1.00000000,-0.91611086,0.22657348
914,-0.02607774,0.17514775,1.00000000,-0.96295993,0.10959849
915,-0.00786437,0.14042428,-1.00000000,-0.97721628,-0.00046856
916,0.00130199,-0.03497860,-1.00000000,-0.67311066,0.02917290
917,-0.01532033,0.09678166,-1.00000000,-0.90155067,-0.03854318
918,0.01051733,0.16309354,1.00000000,-0.98385897,0.00718050
919,-0.01656834,0.04284331,-1.00000000,-0.80803479,0.04239041
920,-0.02231498,0.22975973,1.00000000,-0.86827614,-0.01111499
921,0.01122587,0.03381493,-1.00000000,-0.79238179,0.02562957
922,-0.00338202,-0.00775781,-1.00000000,-0.72030484,0.06983284
923,0.01268566,0.23488548,1.00000000,-0.85938934,0.07786137
924,-0.02348985,0.12920816,-1.00000000,-0.95777027,0.05223350
925,0.01066077,0.24544597,1.00000000,-0.84108005,0.17433088
926,0.00710912,-0.01625709,-1.00000000,-0.70556917,0.15908804
927,-0.03501274,0.23079744,1.00000000,-0.86647701,0.04197087
928,-0.00414316,0.20510385,1.00000000,-0.91102340,-0.02034021
929,0.03164214,-0.09961670,-1.00000000,-0.56104403,0.18379374
930,-0.02037504,0.12370187,-1.00000000,-0.94822372,0.06887928
931,0.01944296,0.38258214,1.00000000,-0.60331951,0.11454704
932,-0.02346364,0.00627625,-1.00000000,-0.74463647,0.15730919
933,0.00203735,0.29433004,1.00000000,-0.75632703,0.18019340
934,-0.01066973,-0.01606753,-1.00000000,-0.70589782,0.02352776
935,0.00920818,0.16841332,1.00000000,-0.97463579,0.13306379
936,-0.00318456,0.07648702,-1.00000000,-0.86636473,0.04928223
937,-0.00071185,0.22028900,1.00000000,-0.88469607,0.13352396
938,-0.00371119,0.13063667,-1.00000000,-0.96024697,0.11223920
939,0.01222051,0.14852492,-1.00000000,-0.99126081,0.19699351
940,-0.00466930,0.12682691,-1.00000000,-0.95364177,0.14561020
941,0.01080051,0.24208096,1.00000000,-0.84691414,0.19739190
942,0.00190906,0.11989569,-1.00000000,-0.94162474,0.20709618
943,0.00222389,0.23180835,1.00000000,-0.86472432,0.22907163
944,-0.00678538,0.16748526,1.00000000,-0.97624481,0.15869966
945,0.00517767,0.16976280,1.00000000,-0.97229611,0.19515943
946,-0.00857541,0.10458740,-1.00000000,-0.91508392,0.12341734
947,0.00616523,0.19113121,1.00000000,-0.93524853,0.13917640
948,0.04030034,0.09163784,-1.00000000,-0.89263254,0.28015982
949,-0.04620931,0.19827549,1.00000000,-0.92286210,0.13418717
950,-0.05347578,0.44521781,1.00000000,-0.49472462,-0.08298548
951,-0.02959038,-0.18061562,-1.00000000,-0.42061175,-0.16079636
952,-0.00371966,-0.23318320,-1.00000000,-0.32947245,-0.19739655
953,-0.01897151,-0.06038996,-1.00000000,-0.62905360,-0.41685890
954,0.02054003,0.12676562,-1.00000000,-0.95353552,-0.16971010
955,0.00434099,0.01642976,-1.00000000,-0.76224016,0.04436464
956,0.00931717,0.30226654,1.00000000,-0.74256710,0.18842533
957,-0.02237596,0.18507846,1.00000000,-0.94574251,0.11934776
958,-0.01427533,0.22107747,1.00000000,-0.88332905,0.13673600
959,-0.01427446,-0.00819892,-1.00000000,-0.71954007,0.00783045
960,-0.00681518,0.05040311,-1.00000000,-0.82114162,-0.03347684
961,-0.01521660,0.05040941,-1.00000000,-0.82115254,-0.12431658
962,0.01064393,0.10437180,-1.00000000,-0.91471011,-0.00205582
963,0.00463929,0.04359375,-1.00000000,-0.80933586,0.06797824
964,0.05061638,0.23067556,1.00000000,-0.86668832,0.30824574
965,0.01402117,0.18723646,1.00000000,-0.94200107,0.38539525
966,-0.00466447,0.51984679,1.00000000,-0.36533626,0.42446598
967,0.00347910,0.25510740,1.00000000,-0.82432949,0.39793720
968,0.01287460,0.11993059,-1.00000000,-0.94168524,0.42842959
969,0.00540724,0.17884331,1.00000000,-0.95655274,0.26103636
970,0.00506100,0.24681285,1.00000000,-0.83871020,0.22786009
971,-0.02100777,0.19279198,1.00000000,-0.93236917,0.16734672
972,0.03415379,0.19028722,1.00000000,-0.93671180,0.28092410
973,-0.00293672,0.00169888,-1.00000000,-0.73670042,0.22238045
974,0.00050947,0.40075209,1.00000000,-0.57181728,0.20424576
975,-0.00676884,0.13242960,-1.00000000,-0.96335546,0.16044412
976,0.00136334,0.15736022,1.00000000,-0.99379915,0.24327632
977,0.01149787,0.10470706,-1.00000000,-0.91529137,0.15938959
978,-0.00706361,0.16353738,1.00000000,-0.98308946,0.14410922
979,0.01037035,0.23685324,1.00000000,-0.85597774,0.18062054
980,0.00848260,0.10257463,-1.00000000,-0.91159426,0.23709113
981,0.01323716,0.22869647,1.00000000,-0.87011958,0.28105561
982,0.01407721,0.21503995,1.00000000,-0.89379663,0.29060596
983,0.00336605,0.24943567,1.00000000,-0.83416288,0.32922324
984,0.00766806,0.25551283,1.00000000,-0.82362658,0.31921762
985,-0.01189171,0.17802551,1.00000000,-0.95797060,0.24377887
986,0.01371785,0.20914738,1.00000000,-0.90401291,0.24555869
987,0.00255132,0.06764686,-1.00000000,-0.85103807,0.20288246
988,-0.01250172,0.25291310,1.00000000,-0.82813387,0.14412979
989,0.00836389,0.17213152,1.00000000,-0.96818934,0.14670617
990,-0.00083617,0.06323386,-1.00000000,-0.84338701,0.18764086
991,0.00969886,0.21418115,1.00000000,-0.89528558,0.17275998
992,-0.00017863,0.14762552,-1.00000000,-0.98970147,0.16265195
993,0.00142007,0.22383868,1.00000000,-0.87854179,0.21419935
994,-0.00248631,0.15238233,-1.00000000,-0.99794860,0.17402497
995,0.00533418,0.16394775,1.00000000,-0.98237798,0.19687155
996,-0.00741865,0.13568799,-1.00000000,-0.96900471,0.13349157
997,-0.00001508,0.19226344,1.00000000,-0.93328551,0.13409716
998,0.01534194,0.10000614,-1.00000000,-0.90714112,0.18564485
999,-0.01528052,0.15356554,-1.00000000,-1.00000000,0.13827248
1000,-0.00309675,0.26466223,1.00000000,-0.80776376,0.10705579
1001,0.00161533,0.04313130,-1.00000000,-0.80853409,0.14050539
1002,0.00748483,0.13127191,-1.00000000,-0.96134832,0.16827486
1003,0.00680274,0.16536035,1.00000000,-0.97992889,0.13665728
1004,-0.00212923,0.20782185,1.00000000,-0.90631104,0.18535181
1005,0.00981329,0.20288743,1.00000000,-0.91486612,0.23315304
1006,-0.00977643,0.13827123,-1.00000000,-0.97348343,0.19097344
1007,-0.00514672,0.22466651,1.00000000,-0.87710654,0.14420334
1008,-0.01431595,0.08294937,-1.00000000,-0.87756886,0.06600842
1009,-0.00223431,0.11644189,-1.00000000,-0.93563669,0.06561932
1010,-0.00087518,0.05010931,-1.00000000,-0.82063224,0.02604377
1011,0.00495646,0.13751101,-1.00000000,-0.97216538,0.08059434
1012,-0.00221603,0.14734333,-1.00000000,-0.98921222,0.09144563
1013,-0.00863825,0.18953091,1.00000000,-0.93802306,0.11246809
1014,-0.00597701,0.13764325,-1.00000000,-0.97239466,0.09861023
1015,0.00979983,0.09118323,-1.00000000,-0.89184437,0.13813597
1016,0.00312727,0.11043537,-1.00000000,-0.92522285,0.13136314
1017,0.01397642,0.22456918,1.00000000,-0.87727528,0.19131797
1018,-0.00836304,0.17629807,1.00000000,-0.96096556,0.19233700
1019,-0.00466265,0.25478369,1.00000000,-0.82489072,0.19720360
1020,0.00099041,0.09317422,-1.00000000,-0.89529625,0.16458548
1021,0.00308044,0.11994380,-1.00000000,-0.94170815,0.16441209
1022,0.01118900,0.16083952,1.00000000,-0.98776689,0.15409129
1023,-0.00704536,0.17595929,1.00000000,-0.96155293,0.15897017
1024,-0.00555105,0.23461879,1.00000000,-0.85985171,0.15568071
1025,0.00279839,0.10270662,-1.00000000,-0.91182310,0.16237501
1026,0.00091947,0.11351683,-1.00000000,-0.93056536,0.15437375
1027,-0.00917378,0.17391892,1.00000000,-0.96509042,0.07897768
1028,-0.00063662,0.16032633,1.00000000,-0.98865665,0.10270695
1029,0.00019978,0.08730909,-1.00000000,-0.88512756,0.12400021
1030,0.00115811,0.14906913,-1.00000000,-0.99220434,0.11792683
1031,-0.00061436,0.15511985,1.00000000,-0.99768339,0.11224758
1032,-0.01180470,0.16205267,1.00000000,-0.98566359,0.10250623
1033,0.00627708,0.14923016,-1.00000000,-0.99248352,0.12810517
1034,0.01038233,0.06827632,-1.00000000,-0.85212939,0.16580751
1035,-0.01379620,0.19908463,1.00000000,-0.92145924,0.11043708
1036,-0.01412641,0.22878312,1.00000000,-0.86996934,0.06040683
1037,0.00424605,0.05386929,-1.00000000,-0.82715113,0.11983699
1038,-0.00144030,0.05148048,-1.00000000,-0.82300953,0.09126231
1039,0.04305344,0.18439166,1.00000000,-0.94693326,0.21223167
1040,-0.00477341,0.14325510,-1.00000000,-0.98212422,0.24563982
1041,0.02110042,0.46513443,1.00000000,-0.46019407,0.37607209
1042,0.01363260,0.11914251,-1.00000000,-0.94031890,0.41082710
1043,-0.01458824,0.30632056,1.00000000,-0.73553842,0.36214501
1044,-0.00519342,0.25229638,1.00000000,-0.82920311,0.18350423
1045,0.02800133,0.04813948,-1.00000000,-0.81721705,0.30485733
1046,0.00906473,0.11610403,-1.00000000,-0.93505092,0.26029349
1047,-0.01314137,0.35624359,1.00000000,-0.64898412,0.16115909
1048,0.01293137,0.21925121,1.00000000,-0.88649534,0.26305430
1049,-0.01769435,0.05860647,-1.00000000,-0.83536424,0.21676784
1050,0.00269549,0.24722350,1.00000000,-0.83799823,0.12306940
1051,0.01652706,0.02566901,-1.00000000,-0.77825876,0.15069974
1052,0.03022355,0.17317450,1.00000000,-0.96638106,0.31126446
1053,0.00022486,0.27323569,1.00000000,-0.79289947,0.26421683
1054,0.01364405,0.37231965,1.00000000,-0.62111216,0.38025168
1055,-0.01156105,0.15530131,1.00000000,-0.99736880,0.32746483
1056,-0.00054250,0.25237921,1.00000000,-0.82905949,0.26426237
1057,0.00848341,0.07003895,-1.00000000,-0.85518537,0.18376644
1058,0.01984282,0.14975000,-1.00000000,-0.99338479,0.25640471
1059,-0.00380533,0.21504580,1.00000000,-0.89378649,0.19179592
1060,0.00712043,0.29722277,1.00000000,-0.75131175,0.26096673
1061,0.01562481,0.12614583,-1.00000000,-0.95246094,0.32082849
1062,0.01755362,0.20518568,1.00000000,-0.91088151,0.35441221
1063,0.02347763,0.26670858,1.00000000,-0.80421588,0.36787061
1064,-0.00631933,0.28066206,1.00000000,-0.78002397,0.35856218
1065,0.00584065,0.32351794,1.00000000,-0.70572237,0.35382361
1066,-0.00206897,0.10795891,-1.00000000,-0.92092928,0.28830988
1067,-0.00083837,0.19592741,1.00000000,-0.92693309,0.22021098
1068,0.00572638,0.13870710,-1.00000000,-0.97423911,0.15448448
1069,-0.01695790,0.14760965,-1.00000000,-0.98967396,0.11509368
1070,-0.00544280,0.19510076,1.00000000,-0.92836629,0.07331511
1071,-0.01279704,0.03099671,-1.00000000,-0.78749569,0.03359295
1072,0.00662657,0.11429996,-1.00000000,-0.93192311,0.06123292
1073,-0.00504323,0.06109749,-1.00000000,-0.83968307,0.02135691
1074,-0.03166920,0.20161295,1.00000000,-0.91707577,-0.03311375
1075,-0.02500524,0.11719056,-1.00000000,-0.93693470,-0.10554644
1076,0.00777557,-0.07542869,-1.00000000,-0.60298012,-0.02937349
1077,-0.02561081,-0.02721986,-1.00000000,-0.68656242,-0.14873692
1078,-0.00327570,0.20992509,1.00000000,-0.90266454,-0.14219239
1079,-0.00016219,-0.03160069,-1.00000000,-0.67896712,-0.02553325
1080,0.02232143,0.12997732,-1.00000000,-0.95910382,0.14970040
1081,0.00574922,0.15250127,-1.00000000,-0.99815483,0.14219757
1082,-0.00050222,0.31515366,1.00000000,-0.72022398,0.23516565
1083,-0.02679156,0.19526598,1.00000000,-0.92807985,0.14809489
1084,-0.00597189,0.15004139,-1.00000000,-0.99388999,0.12658365
1085,-0.00986171,-0.04014252,-1.00000000,-0.66415769,0.00742106
1086,0.00707588,0.11047237,-1.00000000,-0.92528700,0.01233320
1087,0.03299846,0.08233244,-1.00000000,-0.87649926,0.13637420
1088,-0.02799365,0.20486336,1.00000000,-0.91144034,0.13192328
1089,-0.03941962,0.39239413,1.00000000,-0.58630794,0.00807836
1090,-0.00981673,-0.04883878,-1.00000000,-0.64908050,0.00824490
1091,0.00669320,-0.13149725,-1.00000000,-0.50577097,0.00682799
1092,-0.01948988,0.08265782,-1.00000000,-0.87706339,-0.18751749
1093,0.02506197,0.20209500,1.00000000,-0.91624000,0.00892840
1094,0.04604881,0.01267971,-1.00000000,-0.75573849,0.32538729
1095,-0.00384492,0.33497944,1.00000000,-0.68585095,0.34749877
1096,0.00772658,0.48680373,1.00000000,-0.42262481,0.35132497
1097,-0.01461734,0.12585948,-1.00000000,-0.95196449,0.36936625
1098,0.00522314,0.20957067,1.00000000,-0.90327901,0.29591021
1099,0.01975331,0.04792897,-1.00000000,-0.81685208,0.19854744
1100,0.00212588,0.19146018,1.00000000,-0.93467817,0.22065513
1101,0.00407254,0.29657524,1.00000000,-0.75243441,0.20712556
1102,0.00571880,0.16905375,1.00000000,-0.97352544,0.28242297
1103,-0.00621197,0.18313644,1.00000000,-0.94910950,0.24008286
1104,0.00118681,0.19504591,1.00000000,-0.92846140,0.17133776
1105,0.01573694,0.10873558,-1.00000000,-0.92227585,0.22173464
1106,-0.01147944,0.16226030,1.00000000,-0.98530362,0.16415124
1107,0.00137123,0.26751973,1.00000000,-0.80280955,0.14805374
1108,-0.00572216,0.07062934,-1.00000000,-0.85620896,0.14986732
1109,0.00377506,0.16359444,1.00000000,-0.98299054,0.15945070
1110,-0.00162283,0.11227898,-1.00000000,-0.92841923,0.09517373
1111,-0.01010606,0.18098441,1.00000000,-0.95284060,0.10025885
1112,0.04080136,0.14193464,-1.00000000,-0.97983488,0.24625444
1113,-0.00476510,0.08056471,-1.00000000,-0.87343445,0.24979810
1114,0.00868992,0.44884230,1.00000000,-0.48844064,0.26799603
1115,0.00164082,0.11920262,-1.00000000,-0.94042312,0.28008016
1116,0.02664365,0.21653973,1.00000000,-0.89119638,0.41615115
1117,0.02952960,0.16554476,1.00000000,-0.97960916,0.37441588
1118,-0.00942992,0.34642176,1.00000000,-0.66601276,0.35714374
1119,0.06324833,0.36729945,1.00000000,-0.62981597,0.55915397
1120,0.01120468,0.08545613,-1.00000000,-0.88191498,0.59456550
1121,0.02497965,0.61122962,1.00000000,-0.20690082,0.58840431
1122,-0.02016127,0.23473221,1.00000000,-0.85965508,0.40441689
1123,-0.00300421,0.33438397,1.00000000,-0.68688334,0.42820895
1124,0.01332819,0.00782271,-1.00000000,-0.74731764,0.24337259
1125,-0.01121636,0.13194133,-1.00000000,-0.96250893,0.16035554
1126,0.00781839,0.25009422,1.00000000,-0.83302111,0.09681352
1127,-0.01073257,0.07253254,-1.00000000,-0.85950865,0.13172460
1128,0.01058595,0.21023486,1.00000000,-0.90212748,0.18204410
1129,0.01216031,0.07603237,-1.00000000,-0.86557648,0.17771985
1130,0.01514638,0.23025616,1.00000000,-0.86741546,0.27533158
1131,-0.00329844,0.24164544,1.00000000,-0.84766923,0.23416998
1132,-0.01700512,0.26324747,1.00000000,-0.81021660,0.21094498
1133,-0.01717737,0.12981284,-1.00000000,-0.95881865,0.10814738
1134,0.01466672,0.03065511,-1.00000000,-0.78690343,0.11742772
1135,-0.01631458,0.02940901,-1.00000000,-0.78474301,0.00093909
1136,-0.00025347,0.25977747,1.00000000,-0.81623273,0.01221351
1137,0.01939052,0.03565067,-1.00000000,-0.79556451,0.14697351
1138,0.02929068,0.15184094,-1.00000000,-0.99700997,0.31902800
1139,0.01237404,0.29395073,1.00000000,-0.75698468,0.31053906
1140,-0.01612247,0.36557105,1.00000000,-0.63281258,0.31125035
1141,-0.00161040,0.24319167,1.00000000,-0.84498844,0.30622614
1142,-0.03791333,0.03704040,-1.00000000,-0.79797397,0.09405055
1143,0.01376541,0.14202457,-1.00000000,-0.97999079,0.03656605
1144,0.00677977,-0.12060037,-1.00000000,-0.52466350,0.01585246
1145,0.00764328,0.25325717,1.00000000,-0.82753733,0.10384852
1146,0.00956946,0.20272122,1.00000000,-0.91515428,0.14524351
1147,0.00990125,0.20896812,1.00000000,-0.90432370,0.32228374
1148,0.01775168,0.22290258,1.00000000,-0.88016476,0.33704346
1149,0.01898129,0.22530287,1.00000000,-0.87600325,0.38222131
1150,0.02422522,0.28209488,1.00000000,-0.77753981,0.44361827
1151,0.02112364,0.29099022,1.00000000,-0.76211747,0.48639926
1152,0.01298799,0.32892620,1.00000000,-0.69634578,0.49782834
1153,0.01611513,0.30648856,1.00000000,-0.73524714,0.49176879
1154,0.00656659,0.24763314,1.00000000,-0.83728803,0.44580163
1155,0.02252117,0.27025566,1.00000000,-0.79806612,0.43949214
1156,0.00027129,0.20117905,1.00000000,-0.91782803,0.36228337
1157,-0.01132547,0.31659865,1.00000000,-0.71771873,0.27225936
1158,-0.01586400,0.15563720,1.00000000,-0.99678645,0.15385215
1159,-0.01507531,0.07174318,-1.00000000,-0.85814009,0.07371997
1160,0.01028539,0.03891031,-1.00000000,-0.80121592,0.02841525
1161,0.01341389,0.04461588,-1.00000000,-0.81110798,0.07707759
1162,0.01657387,0.22808178,1.00000000,-0.87118529,0.18037885
1163,-0.00119780,0.25071423,1.00000000,-0.83194616,0.23468251
1164,0.00208471,0.27357436,1.00000000,-0.79231231,0.29821991
1165,-0.01484662,0.14500941,-1.00000000,-0.98516578,0.20516512
1166,0.00511530,0.16875598,1.00000000,-0.97404169,0.17443841
1167,-0.00304062,0.04627026,-1.00000000,-0.81397628,0.10181298
1168,-0.00334302,0.19068005,1.00000000,-0.93603073,0.09387002
1169,0.04337311,0.13167797,-1.00000000,-0.96205232,0.24674612
1170,0.01839257,0.12949036,-1.00000000,-0.95825953,0.36981891
1171,0.00435717,0.46744705,1.00000000,-0.45618457,0.36701183
1172,0.00412645,0.28673130,1.00000000,-0.76950139,0.39354890
1173,0.03605700,0.18519554,1.00000000,-0.94553952,0.53943300
1174,0.03485104,0.18352639,1.00000000,-0.94843342,0.50787882
1175,0.00143655,0.41452037,1.00000000,-0.54794645,0.44509675
1176,-0.00736765,0.40579614,1.00000000,-0.56307214,0.40168393
1177,0.04210271,0.16406697,1.00000000,-0.98217128,0.54229638
1178,-0.02623664,0.10037508,-1.00000000,-0.90778078,0.31164543
1179,-0.01338697,0.45825661,1.00000000,-0.47211854,0.13303741
1180,0.02500074,-0.03612810,-1.00000000,-0.67111770,0.22028715
1181,-0.00787260,0.05682975,-1.00000000,-0.83228385,0.21841750
1182,-0.01188537,0.33453652,1.00000000,-0.68661885,0.01851904
1183,0.01028719,0.09672214,-1.00000000,-0.90144747,0.15375364
1184,0.01570076,0.06769270,-1.00000000,-0.85111754,0.26145505
1185,-0.01263702,0.22809482,1.00000000,-0.87116269,0.12209595
1186,-0.00305557,0.26725799,1.00000000,-0.80326335,0.13993170
1187,-0.00551813,0.06225512,-1.00000000,-0.84169010,0.16350730
1188,-0.00103860,0.13156982,-1.00000000,-0.96186482,0.12157198
1189,-0.00342332,0.11375499,-1.00000000,-0.93097827,0.05076237
1190,-0.01415990,0.14616109,-1.00000000,-0.98716251,0.04512368
1191,0.00301054,0.12890938,-1.00000000,-0.95725226,0.06758429
1192,0.00674502,0.05123817,-1.00000000,-0.82258942,0.11299033
1193,-0.01872524,0.17545361,1.00000000,-0.96242964,0.04750306
1194,-0.01907210,0.20246984,1.00000000,-0.91559011,-0.01043873
1195,0.01996018,0.01821131,-1.00000000,-0.76532894,0.11589566
1196,0.00732711,0.01570205,-1.00000000,-0.76097849,0.13187838
1197,0.00415044,0.29807175,1.00000000,-0.74983983,0.12227158
1198,0.00507965,0.20668083,1.00000000,-0.90828929,0.21041253
1199,0.03421446,0.18369997,1.00000000,-0.94813248,0.40771352
1200,0.02377025,0.19042211,1.00000000,-0.93647793,0.42182086
1201,-0.00545447,0.40119097,1.00000000,-0.57105638,0.37449526
1202,-0.00403040,0.32563483,1.00000000,-0.70205221,0.34420456
1203,-0.01698324,0.11421553,-1.00000000,-0.93177673,0.26251362
1204,-0.00343476,0.12451766,-1.00000000,-0.94963809,0.12311207
1205,-0.01470847,0.03081343,-1.00000000,-0.78717793,-0.01936081
1206,0.00682024,0.12882662,-1.00000000,-0.95710878,0.02608805
1207,0.01326493,0.04726969,-1.00000000,-0.81570904,0.09012643
1208,0.00069757,0.20301404,1.00000000,-0.91464661,0.15559209
1209,0.00194485,0.24963657,1.00000000,-0.83381457,0.17551086
1210,-0.00189807,0.15872098,1.00000000,-0.99143993,0.22294317
1211,-0.00526662,0.16774415,1.00000000,-0.97579596,0.17818986
1212,-0.01866824,0.13994347,-1.00000000,-0.97638267,0.05995280
1213,0.00919561,0.11557452,-1.00000000,-0.93413288,0.09141802
1214,-0.00205023,0.01862365,-1.00000000,-0.76604384,0.07662567
1215,-0.00289367,0.22019808,1.00000000,-0.88485370,0.07293931
1216,-0.01173255,0.13884269,-1.00000000,-0.97447420,0.04899827
1217,0.00396617,0.13274100,-1.00000000,-0.96389536,0.13280537
1218,-0.00881174,0.06879825,-1.00000000,-0.85303429,0.06613062
1219,0.02291338,0.18236693,1.00000000,-0.95044363,0.15856192
1220,0.00776055,0.08992819,-1.00000000,-0.88966843,0.19801070
1221,0.03886838,0.31943601,1.00000000,-0.71279944,0.38536779
1222,-0.00195316,0.20981649,1.00000000,-0.90285283,0.36345061
1223,-0.03470421,0.43485867,1.00000000,-0.51268483,0.26758009
1224,0.01177953,0.13954490,-1.00000000,-0.97569166,0.22635544
1225,-0.02548359,-0.09738475,-1.00000000,-0.56491370,0.10326431
1226,0.04743852,0.23889082,1.00000000,-0.85244506,0.13499646
1227,-0.00505881,-0.03068037,-1.00000000,-0.68056274,0.12349736
1228,0.00345991,0.49685730,1.00000000,-0.40519439,0.26480541
1229,-0.01671663,0.11707784,-1.00000000,-0.93673928,0.15929435
1230,-0.01158413,0.17870453,1.00000000,-0.95679335,0.21075905
1231,-0.01793121,0.03274211,-1.00000000,-0.79052178,-0.03128158
1232,-0.01606726,0.06987195,-1.00000000,-0.85489582,-0.07204191
1233,0.02049442,0.02395556,-1.00000000,-0.77528806,-0.00896926
1234,-0.01790189,0.03743984,-1.00000000,-0.79866650,-0.01335784
1235,-0.04279604,0.30193658,1.00000000,-0.74313916,-0.12892430
1236,0.02423565,0.02416767,-1.00000000,-0.77565580,0.02720444
1237,-0.02578453,-0.15592312,-1.00000000,-0.46342249,-0.00877514
1238,0.00374422,0.32900166,1.00000000,-0.69621494,-0.07079512
1239,0.00113829,-0.03285747,-1.00000000,-0.67678818,-0.00029620
1240,-0.00933224,0.18076124,1.00000000,-0.95322752,0.12360823
1241,0.00147978,0.16190927,1.00000000,-0.98591221,0.03935141
1242,-0.02556357,0.08616276,-1.00000000,-0.88314010,0.04016955
1243,0.00694544,0.16437973,1.00000000,-0.98162903,0.05202253
1244,0.01457225,-0.03125899,-1.00000000,-0.67955956,0.10176368
1245,0.01198265,0.20391973,1.00000000,-0.91307636,0.18068506
1246,0.03026545,0.25909410,1.00000000,-0.81741753,0.28726805
1247,-0.00722820,0.24036025,1.00000000,-0.84989744,0.35515737
1248,-0.00079816,0.37262281,1.00000000,-0.62058656,0.32648559
1249,-0.00025168,0.10138393,-1.00000000,-0.90952989,0.27159791
1250,-0.02913627,0.14790048,-1.00000000,-0.99017819,0.11934930
1251,0.03651580,0.15185392,-1.00000000,-0.99703247,0.14249210
1252,-0.02115833,-0.05710482,-1.00000000,-0.63474922,0.09091383
1253,-0.00239976,0.41783947,1.00000000,-0.54219195,0.08498368
1254,0.01437322,0.00060972,-1.00000000,-0.73481208,0.13913443
1255,-0.00548605,0.13631409,-1.00000000,-0.97009022,0.22670272
1256,-0.00619639,0.25765427,1.00000000,-0.81991384,0.06855483
1257,-0.00016909,0.11398711,-1.00000000,-0.93138070,0.14627043
1258,-0.01558244,0.10884831,-1.00000000,-0.92247128,0.09745972
1259,-0.01413252,0.15245135,-1.00000000,-0.99806827,-0.00808679
1260,0.00432860,0.04094718,-1.00000000,-0.80474737,0.02825331
1261,0.01519715,0.05143629,-1.00000000,-0.82293291,0.10746590
1262,-0.00984380,0.18498881,1.00000000,-0.94589794,0.07164394
1263,0.00269448,0.26361477,1.00000000,-0.80957978,0.13931680
1264,0.00815783,0.08246198,-1.00000000,-0.87672386,0.22184992
1265,-0.00648265,0.17316719,1.00000000,-0.96639374,0.18181978
1266,-0.00774267,0.21269045,1.00000000,-0.89787008,0.09688187
1267,-0.00039266,0.10677745,-1.00000000,-0.91888092,0.13187606
1268,0.02500324,0.09766213,-1.00000000,-0.90307719,0.21447737
1269,0.00181563,0.15083402,-1.00000000,-0.99526423,0.19099450
1270,-0.01171521,0.33455457,1.00000000,-0.68658756,0.17162020
1271,0.00914661,0.16680935,1.00000000,-0.97741667,0.23415514
1272,0.00400784,0.06892374,-1.00000000,-0.85325186,0.25044861
1273,-0.01062111,0.21984361,1.00000000,-0.88546826,0.11854444
1274,0.01377895,0.18266838,1.00000000,-0.94992099,0.16284030
1275,-0.00506408,0.07683869,-1.00000000,-0.86697444,0.18746703
1276,0.01342784,0.25335512,1.00000000,-0.82736751,0.20331888
1277,0.00291072,0.11703972,-1.00000000,-0.93667319,0.19925661
1278,0.00556873,0.25081513,1.00000000,-0.83177124,0.25920178
1279,-0.00274622,0.17473148,1.00000000,-0.96368163,0.19801504
1280,0.00606994,0.19396025,1.00000000,-0.93034367,0.23924032
1281,0.00297723,0.13380776,-1.00000000,-0.96574486,0.20054545
1282,0.00665337,0.19758615,1.00000000,-0.92405724,0.21440316
1283,0.00679871,0.17521265,1.00000000,-0.96284741,0.21895735
1284,-0.00563674,0.20180682,1.00000000,-0.91673963,0.20825478
1285,0.00548959,0.20285828,1.00000000,-0.91491666,0.20610597
1286,-0.00720786,0.11289696,-1.00000000,-0.92949066,0.16839423
1287,-0.01032784,0.19338777,1.00000000,-0.93133621,0.10551890
1288,-0.00554040,0.10153103,-1.00000000,-0.90978492,0.05983161
1289,0.00435380,0.07896028,-1.00000000,-0.87065276,0.09682298
1290,-0.03963147,0.11359393,-1.00000000,-0.93069902,-0.07024412
1291,-0.01916431,0.18517114,1.00000000,-0.94558182,-0.11451456
1292,0.00693896,-0.13302984,-1.00000000,-0.50311383,-0.05058180
1293,0.01180054,0.01503493,-1.00000000,-0.75982187,0.01362546
1294,0.01337489,0.20387285,1.00000000,-0.91315765,0.04702731
1295,0.00394123,0.23904280,1.00000000,-0.85218157,0.20836139
1296,-0.00538833,0.25043206,1.00000000,-0.83243538,0.25936892
1297,-0.00018728,0.18218653,1.00000000,-0.95075641,0.23298301
1298,0.02071779,0.11469403,-1.00000000,-0.93260633,0.26600039
1299,0.00449109,0.15231976,-1.00000000,-0.99784012,0.23310688
1300,0.00472157,0.30355252,1.00000000,-0.74033752,0.23599617
1301,-0.00527243,0.18616435,1.00000000,-0.94385985,0.23642532
1302,0.02245200,0.18783167,1.00000000,-0.94096912,0.32025045
1303,-0.00279431,0.11553250,-1.00000000,-0.93406003,0.23319360
1304,0.00043563,0.31609826,1.00000000,-0.71858629,0.21817768
1305,0.01170159,0.13345984,-1.00000000,-0.96514165,0.24402220
1306,-0.01035196,0.15682608,1.00000000,-0.99472521,0.22521450
1307,0.00133169,0.23832698,1.00000000,-0.85342263,0.14701357
1308,-0.00519573,0.07878580,-1.00000000,-0.87035026,0.13812197
1309,0.00131256,0.16330839,1.00000000,-0.98348648,0.14136890
1310,-0.01223935,0.11608733,-1.00000000,-0.93502198,0.05272421
1311,-0.00287614,0.16316998,1.00000000,-0.98372645,0.08040450
1312,0.01852400,0.06513196,-1.00000000,-0.84667785,0.14406144
1313,0.00611873,0.13286787,-1.00000000,-0.96411531,0.18595483
1314,-0.00215265,0.28768205,1.00000000,-0.76785302,0.17312443
1315,-0.01989655,0.19793912,1.00000000,-0.92344528,0.14477258
1316,-0.02057029,0.13810179,-1.00000000,-0.97318966,0.07925748
1317,0.00200269,0.00973778,-1.00000000,-0.75063791,0.01808502
1318,0.00098735,0.00486372,-1.00000000,-0.74218748,-0.00091464
1319,0.00516263,0.16816261,1.00000000,-0.97507045,0.02617122
1320,0.01761849,0.16081737,1.00000000,-0.98780530,0.16507592
1321,0.02991217,0.19102246,1.00000000,-0.93543707,0.35199436
1322,0.00206935,0.28113137,1.00000000,-0.77921031,0.35224117
1323,-0.02929490,0.37006709,1.00000000,-0.62501756,0.24011686
1324,0.00429895,0.16864485,1.00000000,-0.97423437,0.23691894
1325,0.01118782,-0.05825239,-1.00000000,-0.63275961,0.21310850
1326,0.00123055,0.18477432,1.00000000,-0.94626982,0.10691077
1327,0.00356290,0.23461025,1.00000000,-0.85986652,0.11244086
1328,-0.00238451,0.16257675,1.00000000,-0.98475496,0.21208038
1329,0.00658981,0.17944959,1.00000000,-0.95550159,0.22056262
1330,-0.01504060,0.13642445,-1.00000000,-0.97028155,0.12344819
1331,-0.00132553,0.20134702,1.00000000,-0.91753681,0.11398391
1332,0.00243150,0.04486696,-1.00000000,-0.81154330,0.10979471
1333,-0.00571629,0.14408535,-1.00000000,-0.98356367,0.09745831
1334,-0.00403062,0.17126469,1.00000000,-0.96969221,0.05813467
1335,-0.00729330,0.11232144,-1.00000000,-0.92849285,0.08682013
1336,0.01353935,0.12451604,-1.00000000,-0.94963529,0.14185946
1337,0.01010297,0.10091294,-1.00000000,-0.90871329,0.17026419
1338,-0.00412173,0.25162183,1.00000000,-0.83037262,0.17616829
1339,-0.01611344,0.22676217,1.00000000,-0.87347317,0.13142994
1340,0.00266016,0.12385693,-1.00000000,-0.94849256,0.16828403
1341,-0.00378544,0.03710574,-1.00000000,-0.79808725,0.10413656
1342,-0.00785922,0.17291888,1.00000000,-0.96682425,0.03762899
1343,0.00064725,0.12628976,-1.00000000,-0.95271049,0.05528681
1344,-0.02573943,0.09681893,-1.00000000,-0.90161528,0.01964526
1345,-0.00513947,0.15835699,1.00000000,-0.99207099,-0.00923397
1346,0.02399794,-0.03253114,-1.00000000,-0.67735396,0.09363789
1347,-0.01341315,0.11649431,-1.00000000,-0.93572758,0.07307368
1348,-0.00753841,0.32728199,1.00000000,-0.69919643,0.04276514
1349,0.00379962,0.05664034,-1.00000000,-0.83195546,0.15213760
1350,0.01188663,0.09913981,-1.00000000,-0.90563912,0.21517915
1351,0.01310650,0.18116203,1.00000000,-0.95253264,0.17485204
1352,-0.00653778,0.23966561,1.00000000,-0.85110177,0.20030909
1353,-0.07428671,0.24849043,1.00000000,-0.83580170,-0.04683591
1354,0.00005136,0.10637861,-1.00000000,-0.91818942,-0.06071436
1355,-0.04055017,-0.38373492,-1.00000000,-0.06845266,-0.25486901
1356,0.01244119,0.15404617,1.00000000,-0.99954491,-0.25733241
1357,-0.00839783,-0.13967598,-1.00000000,-0.49159106,-0.26421950
1358,0.08358602,0.24367742,1.00000000,-0.84414628,0.32032650
1359,-0.00876006,0.09292253,-1.00000000,-0.89485989,0.28770098
1360,0.02595166,0.75835774,1.00000000,0.04818330,0.53393338
1361,0.00915200,0.09030204,-1.00000000,-0.89031660,0.52175470
1362,-0.00738895,0.34141571,1.00000000,-0.67469203,0.52549021
1363,0.00327935,0.21988257,1.00000000,-0.88540071,0.22814345
1364,-0.01348469,0.10022100,-1.00000000,-0.90751365,0.21064984
1365,-0.05121665,0.17739826,1.00000000,-0.95905810,-0.07507669
1366,0.03981685,0.05612282,-1.00000000,-0.83105820,0.03846425
1367,0.04843598,-0.21684006,-1.00000000,-0.35780745,0.24516392
1368,0.02959410,0.44172016,1.00000000,-0.50078868,0.34259798
1369,0.02004281,0.50407318,1.00000000,-0.39268383,0.46673828
1370,0.00183158,0.36776605,1.00000000,-0.62900698,0.66315681
1371,0.02080127,0.29866954,1.00000000,-0.74880340,0.59274893
1372,-0.02083666,0.16692471,1.00000000,-0.97721667,0.33625723
1373,-0.02199142,0.30415645,1.00000000,-0.73929045,0.14525459
1374,-0.04956309,0.00293676,-1.00000000,-0.73884661,-0.11247106
1375,-0.00661858,-0.00541709,-1.00000000,-0.72436308,-0.14375895
1376,0.02657995,-0.20487779,-1.00000000,-0.37854710,-0.12236257
1377,-0.02183710,0.10579408,-1.00000000,-0.91717600,-0.12606686
1378,-0.00334009,0.34596094,1.00000000,-0.66681171,-0.05700768
1379,0.04314522,-0.00430073,-1.00000000,-0.72629857,0.28625790
1380,-0.03825651,0.12951153,-1.00000000,-0.95829625,0.16911399
1381,0.01588150,0.46579843,1.00000000,-0.45904287,0.12950147
1382,-0.02729990,-0.12308304,-1.00000000,-0.52035915,0.10927470
1383,-0.04023575,0.26856555,1.00000000,-0.80099635,-0.02733669
1384,0.03353395,-0.04382002,-1.00000000,-0.65778181,-0.06292376
1385,0.00398342,-0.13740136,-1.00000000,-0.49553469,0.09347554
1386,0.01751729,0.39626801,1.00000000,-0.57959157,0.09953228
1387,-0.01755668,0.18249168,1.00000000,-0.95022735,0.13560792
1388,-0.00623874,0.28039929,1.00000000,-0.78047955,0.26148663
1389,-0.01133745,0.02666498,-1.00000000,-0.77998553,0.09534396
1390,0.00517908,0.10854191,-1.00000000,-0.92194006,0.09977108
1391,0.01081888,0.07165655,-1.00000000,-0.85798989,0.07496926
1392,0.01410126,0.19114144,1.00000000,-0.93523080,0.19218723
1393,0.00920441,0.23194121,1.00000000,-0.86449399,0.24936769
1394,0.01459294,0.25568680,1.00000000,-0.82332495,0.34537858
1395,-0.00687245,0.22026173,1.00000000,-0.88474334,0.30075609
1396,-0.02221122,0.25924372,1.00000000,-0.81715812,0.17845752
1397,-0.02148734,0.10395751,-1.00000000,-0.91399184,0.04668572
1398,0.02216136,-0.00700714,-1.00000000,-0.72160632,0.09466063
1399,-0.02120472,-0.00177043,-1.00000000,-0.73068549,-0.03788521
1400,0.01040234,0.31399565,1.00000000,-0.72223168,0.02607713
1401,0.02256137,0.00027414,-1.00000000,-0.73423028,0.19185393
1402,-0.02254804,0.22892787,1.00000000,-0.86971838,0.18792653
1403,-0.01443019,0.31688947,1.00000000,-0.71721452,0.05244120
1404,0.00169984,-0.00944383,-1.00000000,-0.71738170,0.13724856
1405,-0.00758060,0.04928287,-1.00000000,-0.81919940,0.07066419
1406,0.01364205,0.16597172,1.00000000,-0.97886892,0.03763916
1407,-0.00544464,0.09883458,-1.00000000,-0.90510993,0.10096692
1408,-0.00390226,0.25236478,1.00000000,-0.82908452,0.13994806
1409,-0.00142675,0.11428668,-1.00000000,-0.93190008,0.12837141
1410,0.01161539,0.12544466,-1.00000000,-0.95124529,0.19944727
1411,0.01729127,0.14335314,-1.00000000,-0.98229420,0.21295902
1412,-0.00442072,0.23770339,1.00000000,-0.85450378,0.21675021
1413,0.00160183,0.27876420,1.00000000,-0.78331439,0.23712985
1414,0.01880848,0.12169394,-1.00000000,-0.94474247,0.31205363
1415,0.00952167,0.16526264,1.00000000,-0.98009828,0.30430132
1416,0.00574234,0.28974007,1.00000000,-0.76428492,0.26153978
1417,-0.01263367,0.22255683,1.00000000,-0.88076420,0.23113018
1418,0.01067724,0.19521621,1.00000000,-0.92816613,0.26473317
1419,-0.00730771,0.06227932,-1.00000000,-0.84173207,0.16803430
1420,0.01425889,0.23091654,1.00000000,-0.86627051,0.18557454
1421,0.00705850,0.10080873,-1.00000000,-0.90853262,0.19044779
1422,0.01805814,0.25682714,1.00000000,-0.82134788,0.30408853
1423,0.00152696,0.20473764,1.00000000,-0.91165832,0.27020833
1424,-0.05632131,0.28431189,1.00000000,-0.77369605,0.08872857
1425,0.01093453,0.16472103,1.00000000,-0.98103730,0.07641967
1426,-0.00602545,-0.25376851,-1.00000000,-0.29378257,0.02797451
1427,0.00141202,0.23277787,1.00000000,-0.86304342,-0.03366008
1428,0.01743007,0.11008492,-1.00000000,-0.92461526,0.02522342
1429,-0.00582675,0.16388954,1.00000000,-0.98247891,0.21218664
1430,-0.00921289,0.27976827,1.00000000,-0.78157358,0.13758797
1431,-0.02770551,0.11152238,-1.00000000,-0.92710747,0.05731448
1432,-0.00778329,0.08702613,-1.00000000,-0.88463698,0.02326754
1433,-0.00030692,-0.04675434,-1.00000000,-0.65269442,-0.04240614
1434,0.00642427,0.09736823,-1.00000000,-0.90256765,0.00295498
1435,0.01112712,0.15145428,-1.00000000,-0.99633961,0.07826675
1436,0.01401874,0.20014945,1.00000000,-0.91961311,0.23275666
1437,-0.03457758,0.23417113,1.00000000,-0.86062785,0.13354704
1438,-0.02357417,0.25508983,1.00000000,-0.82435995,0.04739674
1439,0.04518574,-0.09646867,-1.00000000,-0.56650194,0.19091657
1440,0.00308225,-0.01686714,-1.00000000,-0.70451149,0.16112929
1441,0.02245699,0.48056012,1.00000000,-0.43344971,0.19237309
1442,0.01075616,0.17597240,1.00000000,-0.96153019,0.36022765
1443,-0.02119255,0.31613433,1.00000000,-0.71852374,0.36904593
1444,-0.01175905,0.23148749,1.00000000,-0.86528063,0.15819982
1445,0.02149737,0.00036211,-1.00000000,-0.73438280,0.22638440
1446,-0.00983039,0.06860659,-1.00000000,-0.85270200,0.10683583
1447,0.00235709,0.30919221,1.00000000,-0.73055969,0.07573709
1448,0.02428860,0.08255897,-1.00000000,-0.87689201,0.24413749
1449,-0.01596657,0.17072642,1.00000000,-0.97062543,0.22855854
1450,0.02136305,0.32938473,1.00000000,-0.69555080,0.22806121
1451,-0.01347660,0.03816826,-1.00000000,-0.79992940,0.21456060
1452,0.00746427,0.30822052,1.00000000,-0.73224436,0.23347067
1453,-0.02480900,0.05618133,-1.00000000,-0.83115965,0.05167987
1454,-0.03549865,0.20767313,1.00000000,-0.90656890,-0.02064042
1455,-0.00039560,-0.02580021,-1.00000000,-0.68902374,-0.10120489
1456,0.00805801,-0.10313195,-1.00000000,-0.55494945,-0.02146997
1457,0.00206038,0.15081272,-1.00000000,-0.99522730,-0.04147864
1458,-0.01746508,0.21196834,1.00000000,-0.89912204,-0.01428673
1459,-0.01177017,0.16857996,1.00000000,-0.97434687,0.07357132
1460,-0.01524418,0.02732764,-1.00000000,-0.78113442,0.01859237
1461,-0.00636189,0.06852612,-1.00000000,-0.85256249,-0.03479933
1462,-0.00305813,0.04339421,-1.00000000,-0.80898991,-0.05375135
1463,-0.00979519,0.10765104,-1.00000000,-0.92039551,-0.02535251
1464,-0.00364818,0.13155127,-1.00000000,-0.96183265,0.00472029
1465,-0.03519051,0.08281362,-1.00000000,-0.87733352,-0.06913382
1466,0.04420236,0.12728270,-1.00000000,-0.95443200,0.11808744
1467,0.02730212,-0.10090278,-1.00000000,-0.55881429,0.23050055
1468,0.02592465,0.47344608,1.00000000,-0.44578372,0.36275828
1469,0.02138481,0.35118527,1.00000000,-0.65775400,0.45544647
1470,0.00883627,0.34122030,1.00000000,-0.67503083,0.61846185
1471,-0.02297938,0.30837796,1.00000000,-0.73197139,0.36971199
1472,-0.04907697,0.21759852,1.00000000,-0.88936069,0.08690766
1473,0.00508490,-0.01256423,-1.00000000,-0.71197169,0.00974555
1474,0.03587323,-0.20136106,-1.00000000,-0.38464424,0.06339094
1475,0.01641014,0.19046007,1.00000000,-0.93641212,0.09143424
1476,0.02486887,0.41319093,1.00000000,-0.55025138,0.26859910
1477,0.00517542,0.27238986,1.00000000,-0.79436595,0.46947620
1478,0.00515090,0.33358249,1.00000000,-0.68827291,0.46972061
1479,-0.00590808,0.19111492,1.00000000,-0.93527677,0.31501945
1480,-0.00357806,0.19093759,1.00000000,-0.93558422,0.24101034
1481,-0.00556060,0.11093404,-1.00000000,-0.92608744,0.12834097
1482,0.01140986,0.12779002,-1.00000000,-0.95531157,0.15142486
1483,0.00150174,0.11344778,-1.00000000,-0.93044565,0.13791333
1484,0.00858904,0.23621649,1.00000000,-0.85708170,0.19159094
1485,-0.01395271,0.16453860,1.00000000,-0.98135359,0.15317731
1486,-0.00497001,0.21580997,1.00000000,-0.89246161,0.15536405
1487,-0.00601353,0.05273702,-1.00000000,-0.82518806,0.09085152
1488,0.00492043,0.11772027,-1.00000000,-0.93785309,0.10350969
1489,-0.01012986,0.11017118,-1.00000000,-0.92476482,0.03420035
1490,-0.03124798,0.18927028,1.00000000,-0.93847492,-0.02983780
1491,0.00159493,0.08039257,-1.00000000,-0.87313601,-0.00553020
1492,0.01345829,-0.07238144,-1.00000000,-0.60826330,0.06656693
1493,0.00612716,0.16521274,1.00000000,-0.98018480,0.07103501
1494,0.00866991,0.25103537,1.00000000,-0.83138938,0.14064381
1495,-0.00329057,0.19800007,1.00000000,-0.92333961,0.24416003
1496,-0.00542904,0.21639504,1.00000000,-0.89144724,0.21815278
1497,0.01105580,0.12986973,-1.00000000,-0.95891728,0.20925726
1498,-0.01799017,0.11439948,-1.00000000,-0.93209566,0.11995945
1499,0.00213698,0.23365519,1.00000000,-0.86152236,0.09577033
1500,0.00571080,0.02352900,-1.00000000,-0.77454850,0.12909919
1501,-0.00590027,0.16913406,1.00000000,-0.97338620,0.12735441
1502,-0.01656368,0.19498803,1.00000000,-0.92856174,0.02508939
1503,-0.01002668,0.11099052,-1.00000000,-0.92618535,0.05457532
1504,0.01093017,0.03384863,-1.00000000,-0.79244021,0.08713335
1505,0.00214011,0.08113894,-1.00000000,-0.87443003,0.07391236
1506,0.00294755,0.23274630,1.00000000,-0.86309815,0.10667265
1507,0.00239032,0.16915672,1.00000000,-0.97334691,0.17685248
1508,0.00441312,0.17499795,1.00000000,-0.96321965,0.23031789
1509,-0.00520686,0.17096678,1.00000000,-0.97020871,0.17056828
1510,0.01474960,0.18560027,1.00000000,-0.94483783,0.21725670
1511,-0.00258930,0.11600683,-1.00000000,-0.93488240,0.19675575
1512,-0.01506125,0.26037710,1.00000000,-0.81519312,0.13213886
1513,-0.00580010,0.13494295,-1.00000000,-0.96771300,0.09432299
1514,-0.01893618,0.04471757,-1.00000000,-0.81128429,0.04348824
1515,-0.02613254,0.11171519,-1.00000000,-0.92744175,-0.10788365
1516,0.00591848,0.01668531,-1.00000000,-0.76268322,-0.07638241
1517,0.00754835,-0.03537502,-1.00000000,-0.67242336,0.00733282
1518,-0.01541942,0.19649042,1.00000000,-0.92595697,-0.02828410
1519,-0.01029437,0.20828134,1.00000000,-0.90551440,0.00371343
1520,-0.04747028,0.04212646,-1.00000000,-0.80679195,-0.07529257
1521,0.02163693,0.07920244,-1.00000000,-0.87107261,-0.01709278
1522,0.01691296,-0.18973785,-1.00000000,-0.40479604,0.01758100
1523,-0.01482201,0.31020183,1.00000000,-0.72880924,0.01979301
1524,0.00526847,0.27602738,1.00000000,-0.78805938,0.07741663
1525,0.00731277,0.04644831,-1.00000000,-0.81428497,0.28025861
1526,-0.00019875,0.19178813,1.00000000,-0.93410960,0.19940893
1527,0.00190784,0.20657712,1.00000000,-0.90846910,0.14385038
1528,-0.01517138,0.15223682,-1.00000000,-0.99769633,0.14255678
1529,-0.01731614,0.16747645,1.00000000,-0.97626009,0.05893405
1530,-0.00323020,0.04392085,-1.00000000,-0.80990297,0.01989721
1531,-0.00158671,0.02840509,-1.00000000,-0.78300246,0.01475808
1532,-0.01036716,0.13030650,-1.00000000,-0.95967452,-0.03069184
1533,-0.00321177,0.14219592,-1.00000000,-0.98028787,0.01359030
1534,0.01115973,0.07867588,-1.00000000,-0.87015969,0.11902624
1535,-0.00008536,0.13043980,-1.00000000,-0.95990563,0.13067043
1536,-0.01592543,0.23440703,1.00000000,-0.86021885,0.07757932
1537,0.00656119,0.15305705,-1.00000000,-0.99911842,0.14025891
1538,-0.00195577,0.03846590,-1.00000000,-0.80044543,0.14490945
1539,-0.00236839,0.20113997,1.00000000,-0.91789579,0.09481967
1540,-0.00028958,0.13952608,-1.00000000,-0.97565903,0.09406356
1541,0.02738720,0.13654105,-1.00000000,-0.97048372,0.25443466
1542,-0.00135841,0.15157974,-1.00000000,-0.99655712,0.22511123
1543,0.01151541,0.35180080,1.00000000,-0.65668682,0.27499013
1544,0.00365260,0.14384750,-1.00000000,-0.98315130,0.29728371
1545,-0.01256004,0.23698007,1.00000000,-0.85575785,0.25185057
1546,-0.00149596,0.18009849,1.00000000,-0.95437656,0.14490659
1547,-0.00312480,0.06281197,-1.00000000,-0.84265555,0.13836628
1548,0.02468927,0.14285242,-1.00000000,-0.98142608,0.18714438
1549,0.00316635,0.13106898,-1.00000000,-0.96099649,0.18534398
1550,0.02210232,0.33228327,1.00000000,-0.69052544,0.31368625
1551,-0.02683023,0.17658085,1.00000000,-0.96047529,0.21988254
1552,0.00818874,0.31356856,1.00000000,-0.72297216,0.26177252
1553,0.00970398,-0.04042234,-1.00000000,-0.66367255,0.20628735
1554,-0.00478573,0.21291410,1.00000000,-0.89748234,0.17684364
1555,0.00430077,0.22387572,1.00000000,-0.87847757,0.11093089
1556,0.00140254,0.11905339,-1.00000000,-0.94016439,0.21546672
1557,0.00434961,0.18478748,1.00000000,-0.94624700,0.20125179
1558,-0.01684091,0.16382095,1.00000000,-0.98259782,0.10296560
1559,0.00756684,0.18514081,1.00000000,-0.94563441,0.14870274
1560,-0.00202825,0.03184304,-1.00000000,-0.78896301,0.12526865
1561,0.03041038,0.20841512,1.00000000,-0.90528246,0.23267426
1562,0.00846012,0.13900170,-1.00000000,-0.97474987,0.24789401
1563,-0.00293465,0.37367127,1.00000000,-0.61876879,0.29938391
1564,-0.02730011,0.21487733,1.00000000,-0.89407857,0.17028412
1565,0.00143476,0.13244459,-1.00000000,-0.96338145,0.18310643
1566,0.00741649,-0.04382152,-1.00000000,-0.65777921,0.09796829
1567,-0.00109058,0.16405406,1.00000000,-0.98219367,0.06260549
1568,-0.00251685,0.20732740,1.00000000,-0.90716830,0.06415245
1569,0.00914012,0.14578508,-1.00000000,-0.98651060,0.19907750
1570,0.01409695,0.13546705,-1.00000000,-0.96862166,0.24596104
1571,-0.00410517,0.21979660,1.00000000,-0.88554976,0.20330051
1572,0.00060796,0.25565565,1.00000000,-0.82337896,0.20958959
1573,0.03538682,0.12397676,-1.00000000,-0.94870031,0.34993326
1574,0.01670062,0.15807277,1.00000000,-0.99256376,0.37792710
1575,0.00791311,0.40967211,1.00000000,-0.55635215,0.35503056
1576,0.00097300,0.27449129,1.00000000,-0.79072257,0.37383319
1577,0.00053136,0.21092013,1.00000000,-0.90093938,0.37354957
1578,0.02862563,0.16071355,1.00000000,-0.98798530,0.34851532
1579,0.01112875,0.15751863,1.00000000,-0.99352451,0.32788465
1580,-0.00489065,0.36075991,1.00000000,-0.64115392,0.28047694
1581,-0.01161557,0.23418286,1.00000000,-0.86060751,0.23386598
1582,0.01608026,0.11829439,-1.00000000,-0.93884847,0.29143795
1583,0.01607679,0.06964453,-1.00000000,-0.85450154,0.24497412
1584,-0.00373685,0.27000339,1.00000000,-0.79850349,0.18993217
1585,0.00066692,0.26997835,1.00000000,-0.79854691,0.21050986
1586,0.00427708,0.12664129,-1.00000000,-0.95331995,0.26935463
1587,-0.00805732,0.15849930,1.00000000,-0.99182426,0.17998185
1588,-0.02846584,0.18461613,1.00000000,-0.94654409,0.01505648
1589,0.00914677,0.09538584,-1.00000000,-0.89913065,0.06275988
1590,0.00435236,-0.05225473,-1.00000000,-0.64315808,0.07640573
1591,0.00740346,0.21984474,1.00000000,-0.88546631,0.08798157
1592,0.00208162,0.18516071,1.00000000,-0.94559991,0.12552241
1593,-0.00129711,0.20723314,1.00000000,-0.90733172,0.22611845
1594,-0.01296735,0.16873356,1.00000000,-0.97408057,0.14423779
1595,-0.00234632,0.14429096,-1.00000000,-0.98392016,0.11943500
1596,0.00536861,0.05986537,-1.00000000,-0.83754687,0.11190068
1597,0.00453378,0.13670074,-1.00000000,-0.97076057,0.12098017
1598,-0.01110826,0.19251250,1.00000000,-0.93285371,0.08465300
1599,-0.00064756,0.18647316,1.00000000,-0.94332444,0.13026877
1600,-0.01025066,0.07331452,-1.00000000,-0.86086439,0.10100183
1601,-0.00585811,0.14898999,-1.00000000,-0.99206713,0.05943335
1602,0.00127150,0.07951866,-1.00000000,-0.87162086,0.04735429
1603,0.00918599,0.11129553,-1.00000000,-0.92671416,0.12249662
1604,-0.01085045,0.16287294,1.00000000,-0.98424144,0.08471898
1605,-0.01820897,0.22012847,1.00000000,-0.88497438,0.05525223
1606,0.00559489,0.07517961,-1.00000000,-0.86409801,0.09765857
1607,-0.00014575,0.02194618,-1.00000000,-0.77180428,0.09241103
1608,-0.00022057,0.19414951,1.00000000,-0.93001553,0.05758190
1609,-0.00398042,0.15262024,-1.00000000,-0.99836108,0.08301915
1610,-0.00196519,0.15207893,-1.00000000,-0.99742258,0.14316401
1611,-0.00567821,0.12487921,-1.00000000,-0.95026494,0.10142376
1612,-0.00856365,0.13945789,-1.00000000,-0.97554080,0.07025530
1613,-0.00367172,0.11259693,-1.00000000,-0.92897048,0.05747694
1614,-0.01111085,0.09172293,-1.00000000,-0.89278008,0.03107552
1615,0.02159169,0.12711244,-1.00000000,-0.95413680,0.11829819
1616,0.00141895,0.07329580,-1.00000000,-0.86083194,0.14457643
1617,-0.00991819,0.30987455,1.00000000,-0.72937666,0.13956104
1618,0.01186186,0.16393966,1.00000000,-0.98239200,0.19707629
1619,-0.00455627,0.08192379,-1.00000000,-0.87579077,0.22134556
1620,-0.00268288,0.23948640,1.00000000,-0.85141247,0.13146553
1621,-0.00646539,0.12071336,-1.00000000,-0.94304238,0.10227263
1622,-0.00855901,0.13426592,-1.00000000,-0.96653920,0.10730521
1623,0.02322795,0.10690225,-1.00000000,-0.91909730,0.14938977
1624,0.02262762,0.09175651,-1.00000000,-0.89283828,0.25004195
1625,-0.00654573,0.32171169,1.00000000,-0.70885397,0.23573921
1626,0.00153690,0.31736875,1.00000000,-0.71638356,0.26536885
1627,-0.00411571,0.10632106,-1.00000000,-0.91808966,0.28182078
1628,0.01927517,0.16479297,1.00000000,-0.98091258,0.26718505
1629,0.01613888,0.12390048,-1.00000000,-0.94856806,0.24315957
1630,-0.02156360,0.29311623,1.00000000,-0.75843149,0.18755381
1631,-0.01704103,0.27042749,1.00000000,-0.79776820,0.11876639
1632,-0.00310592,-0.00232210,-1.00000000,-0.72972903,0.12250527
1633,0.00992118,0.03039532,-1.00000000,-0.78645303,0.08787081
1634,0.00099286,0.13120554,-1.00000000,-0.96123324,0.03179052
1635,-0.02249616,0.22544703,1.00000000,-0.87575330,0.02833758
1636,0.00837471,0.16085718,1.00000000,-0.98773627,0.12244293
1637,0.03694368,-0.00906850,-1.00000000,-0.71803244,0.27073224
1638,0.00541899,0.21425944,1.00000000,-0.89514985,0.25406224
1639,-0.00170358,0.42093487,1.00000000,-0.53682528,0.24407831
1640,-0.00265320,0.19287701,1.00000000,-0.93222174,0.31754966
1641,0.00952101,0.14135047,-1.00000000,-0.97882206,0.32179401
1642,0.01233205,0.13448067,-1.00000000,-0.96691151,0.23066597
1643,0.00610336,0.22255209,1.00000000,-0.88077242,0.23319994
1644,-0.00648514,0.24288787,1.00000000,-0.84551517,0.21549554
1645,-0.00694601,0.19782792,1.00000000,-0.92363807,0.19960080
1646,-0.00186609,0.10675941,-1.00000000,-0.91884965,0.15743845
1647,0.02942770,0.10342533,-1.00000000,-0.91306917,0.22073752
1648,0.01679100,0.14017482,-1.00000000,-0.97678377,0.26031002
1649,-0.03534730,0.36656231,1.00000000,-0.63109399,0.15344379
1650,0.00258996,0.27514513,1.00000000,-0.78958897,0.18875206
1651,-0.00317547,-0.10203705,-1.00000000,-0.55684774,0.18390391
1652,-0.00613449,0.17241103,1.00000000,-0.96770473,0.05222991
1653,-0.01245695,0.13070245,-1.00000000,-0.96036100,-0.05606478
1654,0.00795932,0.10929613,-1.00000000,-0.92324770,0.10428410
1655,0.01205210,0.06355773,-1.00000000,-0.84394852,0.13931901
1656,0.01075342,0.21125441,1.00000000,-0.90035983,0.19089270
1657,-0.01211155,0.24086265,1.00000000,-0.84902639,0.16876176
1658,-0.01002822,0.23146770,1.00000000,-0.86531494,0.17775448
1659,-0.01231946,0.06605645,-1.00000000,-0.84828069,0.10266944
1660,-0.01108378,0.08112782,-1.00000000,-0.87441074,0.01700558
1661,-0.01706319,0.06455239,-1.00000000,-0.84567302,-0.08598937
1662,-0.01169333,0.07349162,-1.00000000,-0.86117145,-0.08444085
1663,0.00423499,0.03023500,-1.00000000,-0.78617506,-0.03162930
1664,-0.00203270,0.06908196,-1.00000000,-0.85352617,0.00645888
1665,-0.00456420,0.18431163,1.00000000,-0.94707202,0.03059856
1666,-0.01419084,0.13896952,-1.00000000,-0.97469408,0.04123383
1667,0.00230750,0.12065600,-1.00000000,-0.94294293,0.09307391
1668,0.01700444,0.05101433,-1.00000000,-0.82220133,0.14035459
1669,-0.00476068,0.17036769,1.00000000,-0.97124738,0.13025387
1670,-0.01959385,0.27668916,1.00000000,-0.78691200,0.07460446
1671,0.01266053,0.11923461,-1.00000000,-0.94047858,0.17402544
1672,-0.00490466,0.01192756,-1.00000000,-0.75443445,0.14732137
1673,0.00212581,0.24526417,1.00000000,-0.84139524,0.09223117
1674,-0.00468366,0.11819298,-1.00000000,-0.93867265,0.09251633
1675,-0.00095712,0.16905329,1.00000000,-0.97352623,0.16152144
1676,0.00060282,0.11979177,-1.00000000,-0.94144456,0.11687606
1677,0.04744890,0.14675052,-1.00000000,-0.98818442,0.31072250
1678,0.02355792,0.15803553,1.00000000,-0.99262833,0.39007789
1679,-0.00682404,0.49693236,1.00000000,-0.40506426,0.38215284
1680,0.00572661,0.32409875,1.00000000,-0.70471538,0.40690030
1681,0.01684320,0.10430773,-1.00000000,-0.91459903,0.46703262
1682,0.00656540,0.19510238,1.00000000,-0.92836349,0.31565571
1683,0.01482856,0.27552274,1.00000000,-0.78893429,0.28333402
1684,-0.00642806,0.20117042,1.00000000,-0.91784300,0.28480016
1685,-0.01885303,0.26094828,1.00000000,-0.81420284,0.19379060
1686,0.03812148,0.10717230,-1.00000000,-0.91956550,0.27257643
1687,0.00318748,0.01728685,-1.00000000,-0.76372615,0.26006923
1688,0.00888243,0.42945540,1.00000000,-0.52205277,0.23805286
1689,-0.02195680,0.17673370,1.00000000,-0.96021028,0.18055553
1690,0.00300937,0.21793243,1.00000000,-0.88878177,0.26150414
1691,-0.01700042,-0.00516663,-1.00000000,-0.72479731,0.05740751
1692,-0.00867337,0.17544516,1.00000000,-0.96244429,0.01349102
1693,-0.01689144,0.03068908,-1.00000000,-0.78696234,-0.08194035
1694,0.04217119,0.09092915,-1.00000000,-0.89140385,0.15550255
1695,0.01543136,0.03147754,-1.00000000,-0.78832932,0.20149673
1696,0.00417876,0.45875202,1.00000000,-0.47125961,0.27991564
1697,0.00121537,0.26530912,1.00000000,-0.80664221,0.31653010
1698,0.00253201,0.18390484,1.00000000,-0.94777727,0.38844815
1699,-0.03452118,0.16246691,1.00000000,-0.98494541,0.10448386
1700,0.00546992,0.17199183,1.00000000,-0.96843152,0.06760020
1701,-0.00097116,-0.09606065,-1.00000000,-0.56720936,0.04853189
1702,-0.00067554,0.19324541,1.00000000,-0.93158303,0.04153054
1703,0.00292671,0.14664895,-1.00000000,-0.98800834,0.04299196
1704,-0.01331019,0.14878760,-1.00000000,-0.99171624,0.12152865
1705,0.00567432,0.17484716,1.00000000,-0.96348107,0.12228549
1706,-0.00596491,0.05738523,-1.00000000,-0.83324692,0.10379543
1707,0.01116410,0.19472414,1.00000000,-0.92901927,0.14763336
1708,0.00419755,0.11052286,-1.00000000,-0.92537455,0.15233884
1709,-0.07070814,0.23443865,1.00000000,-0.86016403,-0.06018516
1710,0.00049233,0.18404079,1.00000000,-0.94754158,-0.07937223
1711,-0.01627832,-0.35784660,-1.00000000,-0.11333665,-0.11755906
1712,0.00231184,0.15723624,1.00000000,-0.99401410,-0.15033583
1713,-0.02502928,0.03591298,-1.00000000,-0.79601929,-0.25855229
1714,0.00076502,0.17039904,1.00000000,-0.97119303,0.00608714
1715,-0.00349839,-0.02739378,-1.00000000,-0.68626088,-0.00868906
1716,0.03229057,0.15920895,1.00000000,-0.99059391,0.17114410
1717,-0.00674889,0.12836632,-1.00000000,-0.95631073,0.13759547
1718,0.02709522,0.38727307,1.00000000,-0.59518660,0.33059377
1719,-0.00857204,0.10485135,-1.00000000,-0.91554154,0.29602200
1720,0.01001239,0.34968849,1.00000000,-0.66034905,0.34604757
1721,-0.03647814,0.09166223,-1.00000000,-0.89267484,0.09142175
1722,0.02365002,0.22610686,1.00000000,-0.87460933,0.20397800
1723,0.00065417,-0.11021779,-1.00000000,-0.54266435,0.10607631
1724,-0.00516155,0.32476505,1.00000000,-0.70356019,0.11870413
1725,-0.00632292,0.15840705,1.00000000,-0.99198421,0.05822036
1726,-0.00390687,0.11633462,-1.00000000,-0.93545072,0.17882005
1727,0.02343446,0.10793297,-1.00000000,-0.92088431,0.17802191
1728,0.01277754,0.12541126,-1.00000000,-0.95118738,0.22291040
1729,0.01146290,0.32320564,1.00000000,-0.70626383,0.28446474
1730,0.02013667,0.24611069,1.00000000,-0.83992758,0.38243510
1731,0.00153331,0.23660021,1.00000000,-0.85641643,0.40257815
1732,0.00859982,0.29934858,1.00000000,-0.74762612,0.34765081
1733,-0.00138492,0.16476697,1.00000000,-0.98095766,0.29521230
1734,0.00811652,0.21588798,1.00000000,-0.89232636,0.28282187
1735,-0.01322975,0.14365572,-1.00000000,-0.98281880,0.15927797
1736,-0.00618537,0.21239165,1.00000000,-0.89838813,0.13069846
1737,0.00637986,0.05796710,-1.00000000,-0.83425573,0.12247875
1738,-0.01052509,0.10892800,-1.00000000,-0.92260945,0.08863598
1739,0.01212343,0.19982822,1.00000000,-0.92017005,0.10347211
1740,-0.02127685,0.07753332,-1.00000000,-0.86817876,0.07367662
1741,-0.01054362,0.24137866,1.00000000,-0.84813177,0.05753959
1742,-0.00585283,-0.00024767,-1.00000000,-0.73332559,0.01224631
1743,-0.01037732,0.07739929,-1.00000000,-0.86794639,0.01279348
1744,0.00099435,0.11133369,-1.00000000,-0.92678032,-0.02841349
1745,0.01876807,0.07860238,-1.00000000,-0.87003226,0.11985844
1746,-0.01283905,0.16086800,1.00000000,-0.98771752,0.11135929
1747,0.00323505,0.28944772,1.00000000,-0.76479178,0.14500844
1748,0.00106827,0.06079356,-1.00000000,-0.83915611,0.18738735
1749,0.00020493,0.17707779,1.00000000,-0.95961372,0.18446442
1750,0.01465726,0.16140278,1.00000000,-0.98679035,0.16924360
1751,0.00545233,0.15515715,1.00000000,-0.99761872,0.23697002
1752,-0.00343903,0.25970910,1.00000000,-0.81635127,0.21225831
1753,0.01357105,0.19311822,1.00000000,-0.93180354,0.25855160
1754,0.00047622,0.12879577,-1.00000000,-0.95705529,0.25955609
1755,-0.00358296,0.25185113,1.00000000,-0.82997507,0.19201909
1756,-0.00007906,0.15711974,1.00000000,-0.99421609,0.17153834
1757,-0.00757705,0.12775454,-1.00000000,-0.95525005,0.15621674
1758,-0.00257246,0.15310269,-1.00000000,-0.99919754,0.09644314
1759,-0.01654998,0.09886025,-1.00000000,-0.90515444,0.03340123
1760,-0.00475434,0.13506479,-1.00000000,-0.96792424,0.02906404
1761,0.00699977,0.03394772,-1.00000000,-0.79261202,0.05527438
1762,0.00436081,0.11928050,-1.00000000,-0.94055814,0.09947598
1763,-0.00492841,0.20431276,1.00000000,-0.91239495,0.09075273
1764,0.00092417,0.18522183,1.00000000,-0.94549395,0.15545321
1765,0.00227176,0.11802121,-1.00000000,-0.93837485,0.18146830
1766,0.00026645,0.16036027,1.00000000,-0.98859780,0.15653726
1767,-0.00085793,0.17010908,1.00000000,-0.97169575,0.13721414
1768,0.02062825,0.15560220,1.00000000,-0.99684712,0.23184126
1769,-0.01197539,0.14746809,-1.00000000,-0.98942852,0.18407885
1770,-0.00964647,0.30290475,1.00000000,-0.74146059,0.13994994
1771,-0.00764114,0.06704153,-1.00000000,-0.84998857,0.11067094
1772,0.00187135,0.08388951,-1.00000000,-0.87919884,0.12077648
1773,0.00660097,0.09839657,-1.00000000,-0.90435053,0.06883850
1774,-0.00561293,0.16721241,1.00000000,-0.97671787,0.09239640
1775,0.00258846,0.20142774,1.00000000,-0.91739686,0.13769796
1776,0.02434084,0.11306922,-1.00000000,-0.92978930,0.25611574
1777,0.01569841,0.17240021,1.00000000,-0.96772349,0.30731240
1778,0.00224952,0.32976258,1.00000000,-0.69489569,0.29120055
1779,-0.00942558,0.26724102,1.00000000,-0.80329276,0.27708367
1780,-0.00951595,0.16994822,1.00000000,-0.97197464,0.23226539
1781,-0.01024517,0.08548751,-1.00000000,-0.88196938,0.10420583
1782,0.00474025,0.08483374,-1.00000000,-0.88083591,0.06363168
1783,0.00660574,0.07955833,-1.00000000,-0.87168964,0.07976119
1784,-0.00237167,0.18796679,1.00000000,-0.94073486,0.10587926
1785,-0.01029875,0.20146224,1.00000000,-0.91733705,0.10298084
1786,-0.00895423,0.13651731,-1.00000000,-0.97044254,0.10776075
1787,-0.02782350,0.07917078,-1.00000000,-0.87101772,-0.01281109
1788,-0.01354357,0.08889736,-1.00000000,-0.88788123,-0.08741676
1789,0.00082520,-0.04760786,-1.00000000,-0.65121463,-0.07557988
1790,0.01005300,0.05569684,-1.00000000,-0.83031966,-0.00022467
1791,0.01252774,0.15964434,1.00000000,-0.98983905,0.07931534
1792,0.01969328,0.22640065,1.00000000,-0.87409996,0.25525291
1793,0.00762814,0.24430354,1.00000000,-0.84306074,0.33364416
1794,-0.00982654,0.29614098,1.00000000,-0.75318732,0.29420457
1795,-0.01241263,0.20885857,1.00000000,-0.90451363,0.21102240
1796,-0.00295876,0.08258681,-1.00000000,-0.87694028,0.15368145
1797,-0.02209280,0.06387838,-1.00000000,-0.84450444,-0.00103741
1798,-0.02125074,0.13227014,-1.00000000,-0.96307900,-0.10796552
1799,-0.00566777,-0.00615051,-1.00000000,-0.72309150,-0.09256707
1800,-0.00289851,-0.00005879,-1.00000000,-0.73365305,-0.05733969
1801,-0.00784006,0.11267247,-1.00000000,-0.92910145,-0.07541338
1802,-0.01041447,0.13270604,-1.00000000,-0.96383474,-0.03217272
1803,0.00865513,0.09695756,-1.00000000,-0.90185564,0.07855797
1804,-0.00875241,0.07833359,-1.00000000,-0.86956623,0.06713664
1805,0.00868906,0.21628810,1.00000000,-0.89163265,0.11004123
1806,-0.01756792,0.09035735,-1.00000000,-0.89041249,0.07402248
1807,-0.03748908,0.21653352,1.00000000,-0.89120714,-0.02622508
1808,0.01209878,0.02658370,-1.00000000,-0.77984461,-0.01347449
1809,0.00917736,-0.11753124,-1.00000000,-0.52998462,0.05291303
1810,0.00444823,0.24120034,1.00000000,-0.84844092,0.03721078
1811,-0.00043426,0.22006606,1.00000000,-0.88508259,0.10065054
1812,-0.00406016,0.18585428,1.00000000,-0.94439743,0.22442581
1813,0.00250139,0.15053302,-1.00000000,-0.99474236,0.18889012
1814,0.02038544,0.12430231,-1.00000000,-0.94926474,0.23038958
1815,0.02635821,0.17177029,1.00000000,-0.96881561,0.31151437
1816,0.01925230,0.30114818,1.00000000,-0.74450605,0.38440665
1817,-0.01762502,0.34435682,1.00000000,-0.66959286,0.33418084
1818,0.01425658,0.29295078,1.00000000,-0.75871834,0.37770611
1819,-0.00531293,0.02617056,-1.00000000,-0.77912833,0.28255429
1820,-0.04192690,0.25681045,1.00000000,-0.82137681,0.02971903
1821,0.00211059,0.11523947,-1.00000000,-0.93355199,-0.03375056
1822,-0.00191977,-0.14963560,-1.00000000,-0.47432352,0.02440035
1823,-0.01284637,0.16894317,1.00000000,-0.97371715,-0.07595216
1824,-0.02547172,0.13978648,-1.00000000,-0.97611049,-0.15059292
1825,-0.01326471,0.06074057,-1.00000000,-0.83906426,-0.04446712
1826,0.00158209,-0.03059449,-1.00000000,-0.68071164,-0.04642396
1827,-0.03428180,0.05771419,-1.00000000,-0.83381725,-0.16624891
1828,0.01847791,0.16511987,1.00000000,-0.98034581,-0.05026635
1829,-0.02184140,-0.09432888,-1.00000000,-0.57021182,-0.03682456
1830,-0.00294325,0.28734864,1.00000000,-0.76843109,0.00139211
1831,-0.02103562,-0.00433177,-1.00000000,-0.72624476,-0.08235315
1832,0.00800663,0.13238236,-1.00000000,-0.96327356,0.07422570
1833,0.00246073,0.00149742,-1.00000000,-0.73635115,0.01491983
1834,-0.01530749,0.21159668,1.00000000,-0.89976642,0.03911255
1835,0.00164314,0.17147614,1.00000000,-0.96932561,0.05609431
1836,0.02987845,0.04293624,-1.00000000,-0.80819591,0.24461080
1837,-0.00082555,0.16556152,1.00000000,-0.97958010,0.21190840
1838,0.01949517,0.36982311,1.00000000,-0.62544056,0.27498085
1839,0.00669592,0.14770235,-1.00000000,-0.98983467,0.35645154
1840,-0.02731081,0.29470781,1.00000000,-0.75567209,0.24924548
1841,0.01989371,0.20211462,1.00000000,-0.91620599,0.21227559
1842,0.00231325,-0.04389891,-1.00000000,-0.65764503,0.22389743
1843,0.09189442,0.29759091,1.00000000,-0.75067350,0.49196584
1844,0.01320646,0.17040923,1.00000000,-0.97117536,0.51607204
1845,0.01354821,0.81846294,1.00000000,0.15239099,0.66735829
1846,-0.01405201,0.24921359,1.00000000,-0.83454792,0.54166950
1847,0.11264015,0.25168589,1.00000000,-0.83026155,0.95017038
1848,-0.00431993,0.05201871,-1.00000000,-0.82394267,0.59392318
1849,0.04870084,0.96854293,1.00000000,0.41259292,0.72534611
1850,-0.02771155,0.12242309,-1.00000000,-0.94600663,0.57257603
1851,0.01815853,0.50598921,1.00000000,-0.38936190,0.69184008
1852,-0.09143308,-0.04679804,-1.00000000,-0.65261865,-0.06376978
1853,0.00346459,0.28503817,1.00000000,-0.77243686,-0.03494650
1854,0.00658110,-0.50777626,-1.00000000,0.14660464,-0.19090075
1855,-0.01632986,0.17873834,1.00000000,-0.95673472,-0.14875840
1856,-0.04146106,0.20128402,1.00000000,-0.91764604,-0.36950833
1857,-0.00242029,0.03554015,-1.00000000,-0.79537290,-0.03992593
1858,-0.02709961,-0.14626556,-1.00000000,-0.48016633,-0.15309417
1859,0.00134266,0.13616561,-1.00000000,-0.96983279,-0.17249025
1860,0.02617790,-0.04237106,-1.00000000,-0.66029395,-0.01509931
1861,0.02779847,0.16338773,1.00000000,-0.98334893,0.24134386
1862,0.01880141,0.34305238,1.00000000,-0.67185445,0.31992020
1863,-0.01683309,0.35477604,1.00000000,-0.65152849,0.35793344
1864,0.00375894,0.28968895,1.00000000,-0.76437355,0.36688007
1865,0.02584463,0.03189964,-1.00000000,-0.78906114,0.36564610
1866,0.00579092,0.18086776,1.00000000,-0.95304283,0.28416003
1867,-0.02256379,0.34064144,1.00000000,-0.67603442,0.13099953
1868,-0.00156340,0.19556761,1.00000000,-0.92755690,0.18753771
1869,0.00884936,-0.00955778,-1.00000000,-0.71718415,0.20638571
1870,-0.00247638,0.14236458,-1.00000000,-0.98058029,0.10152315
1871,0.00966484,0.21769319,1.00000000,-0.88919656,0.11586691
1872,-0.00022091,0.13575979,-1.00000000,-0.96912920,0.19859459
1873,0.00344417,0.22359260,1.00000000,-0.87896842,0.21713583
1874,-0.00917060,0.15207651,-1.00000000,-0.99741840,0.15041438
1875,0.00878371,0.17859067,1.00000000,-0.95699075,0.19210646
1876,-0.01319328,0.08733206,-1.00000000,-0.88516739,0.10747104
1877,-0.00447407,0.21721824,1.00000000,-0.89002000,0.09172312
1878,-0.00176892,0.05823095,-1.00000000,-0.83471318,0.07242088
1879,0.01728352,0.12130805,-1.00000000,-0.94407342,0.17037099
1880,-0.01134856,0.14087774,-1.00000000,-0.97800247,0.09582845
1881,-0.00639654,0.27870811,1.00000000,-0.78341163,0.12099435
1882,0.01112023,0.07157617,-1.00000000,-0.85785053,0.17873443
1883,0.01803652,0.10740036,-1.00000000,-0.91996090,0.25206688
1884,-0.00422936,0.23412128,1.00000000,-0.86071428,0.17241242
1885,0.01170767,0.28415551,1.00000000,-0.77396718,0.25778133
1886,-0.03547406,0.12307833,-1.00000000,-0.94714265,0.15011770
1887,-0.01218958,0.23837093,1.00000000,-0.85334643,0.06380985
1888,-0.02073708,-0.10295407,-1.00000000,-0.55525785,-0.07975487
1889,-0.00421069,0.06549202,-1.00000000,-0.84730210,-0.07968576
1890,-0.00746452,0.00365711,-1.00000000,-0.74009552,-0.15067348
1891,-0.00948990,0.12321335,-1.00000000,-0.94737675,-0.05446345
1892,0.01567827,0.09967432,-1.00000000,-0.90656584,0.04872119
1893,0.01950423,0.08502218,-1.00000000,-0.88116261,0.19772030
1894,-0.04528871,0.26709534,1.00000000,-0.80354533,0.04562317
1895,0.01932406,0.29477329,1.00000000,-0.75555855,0.14481164
1896,0.01866896,-0.17395577,-1.00000000,-0.43215830,0.24907381
1897,0.01437048,0.29346990,1.00000000,-0.75781831,0.24423153
1898,0.00483603,0.28873079,1.00000000,-0.76603478,0.18992047
1899,0.04108763,0.25763445,1.00000000,-0.81994821,0.50974102
1900,-0.00453141,0.18865972,1.00000000,-0.93953349,0.42141280
1901,-0.00817856,0.45091328,1.00000000,-0.48485007,0.32200607
1902,-0.00315548,0.12089320,-1.00000000,-0.94335418,0.25711373
1903,0.00178136,0.09450879,-1.00000000,-0.89761008,0.24580339
1904,0.02144684,0.13084705,-1.00000000,-0.96061171,0.17308062
1905,0.02673580,0.16656145,1.00000000,-0.97784647,0.28885186
1906,0.01019462,0.30882670,1.00000000,-0.73119339,0.35688114
1907,0.01657702,0.34708837,1.00000000,-0.66485703,0.42994349
1908,0.01396196,0.22742519,1.00000000,-0.87232365,0.47504387
1909,-0.02381480,0.27359709,1.00000000,-0.79227289,0.30745627
1910,0.00668315,0.25467909,1.00000000,-0.82507207,0.23320851
1911,0.02132155,-0.01860787,-1.00000000,-0.70149350,0.27440750
1912,-0.01476342,0.20202223,1.00000000,-0.91636616,0.15836513
1913,-0.00886351,0.30792025,1.00000000,-0.73276494,0.07385062
1914,0.02458567,0.04687219,-1.00000000,-0.81501987,0.25306015
1915,0.03992012,0.08955366,-1.00000000,-0.88901910,0.37612471
1916,0.01915533,0.33153376,1.00000000,-0.69182490,0.36810398
1917,-0.00763441,0.44246719,1.00000000,-0.49949352,0.39450012
1918,-0.00603178,0.29224926,1.00000000,-0.75993461,0.40498499
1919,-0.05169220,0.09844526,-1.00000000,-0.90443494,0.12255544
1920,-0.01378874,0.11003913,-1.00000000,-0.92453587,-0.07630915
1921,-0.01921052,-0.22028032,-1.00000000,-0.35184288,-0.21836409
1922,-0.05279151,0.05392328,-1.00000000,-0.82724474,-0.38556459
1923,-0.02429210,0.01470070,-1.00000000,-0.75924239,-0.45317599
1924,0.00311468,-0.22823299,-1.00000000,-0.33805491,-0.25024580
1925,-0.00637185,-0.02206080,-1.00000000,-0.69550696,-0.22278372
1926,0.01674797,0.17620701,1.00000000,-0.96112343,-0.08964237
1927,0.00247886,0.10757900,-1.00000000,-0.92027062,0.11500396
1928,-0.01626293,0.27483378,1.00000000,-0.79012877,0.14473307
1929,0.01566245,0.17160734,1.00000000,-0.96909813,0.19119297
1930,-0.00216842,0.03602428,-1.00000000,-0.79621225,0.20675673
1931,-0.01453107,0.26698090,1.00000000,-0.80374375,0.09094170
1932,0.02377836,0.13798767,-1.00000000,-0.97299179,0.16980610
1933,0.00880202,0.04855305,-1.00000000,-0.81793407,0.26261263
1934,0.00455343,0.32569351,1.00000000,-0.70195047,0.22147992
1935,0.03354494,0.21735073,1.00000000,-0.88979031,0.35371368
1936,-0.01245422,0.18661534,1.00000000,-0.94307794,0.36140349
1937,-0.00860092,0.39634750,1.00000000,-0.57945375,0.24151464
1938,-0.01275777,0.06357749,-1.00000000,-0.84398278,0.16168649
1939,-0.01247480,0.09145331,-1.00000000,-0.89231261,0.09863707
1940,0.00274134,0.06138158,-1.00000000,-0.84017560,-0.01541761
1941,0.01345900,0.06342866,-1.00000000,-0.84372474,0.08052977
1942,-0.02789200,0.17350616,1.00000000,-0.96580604,0.00910182
1943,-0.00219279,0.25104057,1.00000000,-0.83138037,0.04822014
1944,0.00769085,-0.04810343,-1.00000000,-0.65035543,0.12288628
1945,-0.00354593,0.13781138,-1.00000000,-0.97268615,0.09960678
1946,-0.01943524,0.20931223,1.00000000,-0.90372709,-0.02218879
1947,-0.00186747,0.12802240,-1.00000000,-0.95571446,0.07417069
1948,0.01035403,0.01307501,-1.00000000,-0.75642384,0.12062705
1949,-0.02442128,0.14016483,-1.00000000,-0.97676645,0.00172738
1950,0.00674649,0.22857835,1.00000000,-0.87032437,0.03983652
1951,0.00667155,-0.02299530,-1.00000000,-0.69388677,0.13650058
1952,0.02282261,0.20248047,1.00000000,-0.91557169,0.22791907
1953,-0.00561843,0.20193835,1.00000000,-0.91651160,0.16877881
1954,-0.01488868,0.31877932,1.00000000,-0.71393797,0.20407460
1955,0.01805336,0.11302943,-1.00000000,-0.92972032,0.24593990
1956,-0.00783718,0.04596601,-1.00000000,-0.81344879,0.19221928
1957,-0.00982924,0.28427737,1.00000000,-0.77375591,0.07132121
1958,0.00019879,0.09697839,-1.00000000,-0.90189175,0.09286027
1959,-0.00774679,0.08256729,-1.00000000,-0.87690644,0.11930412
1960,0.00260496,0.15511270,1.00000000,-0.99769580,0.06210423
1961,-0.01012331,0.09763231,-1.00000000,-0.90302549,0.05363952
1962,-0.00434520,0.17251956,1.00000000,-0.96751657,0.07394497
1963,-0.01852984,0.08043994,-1.00000000,-0.87321813,0.00459958
1964,-0.00992724,0.12224032,-1.00000000,-0.94568975,-0.00347386
1965,0.00500431,0.01962488,-1.00000000,-0.76777972,0.00541008
1966,0.00778218,0.08185834,-1.00000000,-0.87567728,0.07170767
1967,-0.00066800,0.18987710,1.00000000,-0.93742285,0.08532299
1968,0.02065926,0.20997293,1.00000000,-0.90258161,0.23042616
1969,0.01494910,0.14884209,-1.00000000,-0.99181069,0.32253432
1970,0.00139136,0.30312912,1.00000000,-0.74107158,0.30915687
1971,0.01162270,0.26182031,1.00000000,-0.81269096,0.32337694
1972,-0.01625849,0.16374007,1.00000000,-0.98273805,0.26565099
1973,0.00898157,0.23775628,1.00000000,-0.85441209,0.22241270
1974,0.00815279,0.03605646,-1.00000000,-0.79626805,0.19724839
1975,0.01034322,0.21864966,1.00000000,-0.88753828,0.23039391
1976,0.00622264,0.21265400,1.00000000,-0.89793329,0.21039943
1977,0.00791628,0.22850017,1.00000000,-0.87045990,0.29990992
1978,0.00057670,0.19869082,1.00000000,-0.92214201,0.26878970
1979,0.01435677,0.21094308,1.00000000,-0.90089961,0.29176082
1980,-0.00662816,0.15784663,1.00000000,-0.99295584,0.22892187
1981,-0.00591843,0.25753522,1.00000000,-0.82012024,0.18396784
1982,-0.03817919,0.10572473,-1.00000000,-0.91705576,0.01329287
1983,0.01164175,0.11085911,-1.00000000,-0.92595753,0.05426277
1984,0.00126855,-0.12252364,-1.00000000,-0.52132902,0.00580181
1985,0.00566725,0.23789410,1.00000000,-0.85417313,0.05132732
1986,0.00107471,0.16285163,1.00000000,-0.98427839,0.07722042
1987,0.00656585,0.19467299,1.00000000,-0.92910795,0.24289524
1988,-0.00525131,0.16144935,1.00000000,-0.98670961,0.18034631
1989,0.01632713,0.20117371,1.00000000,-0.91783729,0.23610282
1990,-0.01740805,0.11568529,-1.00000000,-0.93432493,0.15066327
1991,-0.01070087,0.27178935,1.00000000,-0.79540707,0.10706254
1992,0.01486504,0.02774022,-1.00000000,-0.78184973,0.13779143
1993,0.02863033,0.07626173,-1.00000000,-0.86597414,0.26324295
1994,0.00162374,0.26121218,1.00000000,-0.81374530,0.20880157
1995,0.00982341,0.36079390,1.00000000,-0.64109499,0.30962987
1996,0.02072567,0.16542116,1.00000000,-0.97982346,0.42599105
1997,-0.04770090,0.22473970,1.00000000,-0.87697964,0.19433186
1998,0.01226509,0.30360954,1.00000000,-0.74023867,0.13373726
1999,-0.01938668,-0.19140619,-1.00000000,-0.40190354,0.05594321
2000,-0.01030878,0.24240348,1.00000000,-0.84635497,-0.01859905
2001,0.01991999,0.01342626,-1.00000000,-0.75703284,-0.02158220
2002,0.00162185,0.07909818,-1.00000000,-0.87089184,0.16104223
2003,0.00349763,0.29778101,1.00000000,-0.75034390,0.12857946
2004,0.01123623,0.16540752,1.00000000,-0.97984710,0.24196512
2005,-0.02102282,0.17897734,1.00000000,-0.95632035,0.20229490
2006,0.01279230,0.23496046,1.00000000,-0.85925934,0.17590361
2007,0.07555464,0.00159004,-1.00000000,-0.73651172,0.44965016
2008,0.03234260,0.24621742,1.00000000,-0.83974253,0.55645274
2009,0.03223167,0.70025666,1.00000000,-0.05254975,0.63419131
2010,0.01030428,0.38764945,1.00000000,-0.59453405,0.75018432
2011,-0.01709327,0.38684697,1.00000000,-0.59592535,0.63952881
2012,-0.00574931,0.22821850,1.00000000,-0.87094825,0.33848949
2013,-0.03681791,0.03001742,-1.00000000,-0.78579784,0.08241297
2014,0.01326062,0.11208258,-1.00000000,-0.92807872,0.01216998
2015,0.01158660,-0.11267578,-1.00000000,-0.53840280,0.01691792
2016,-0.01514642,0.24960542,1.00000000,-0.83386858,0.02412640
2017,-0.04659709,0.23749507,1.00000000,-0.85486495,-0.12711826
2018,0.01563168,0.04410144,-1.00000000,-0.81021607,0.06708372
2019,0.04646039,-0.18342097,-1.00000000,-0.41574797,0.19001052
2020,0.06422320,0.26675828,1.00000000,-0.80412972,0.38490494
2021,-0.02455856,0.48978120,1.00000000,-0.41746261,0.35005518
2022,-0.01872768,0.61828202,1.00000000,-0.19467367,0.45324561
2023,0.06457108,-0.02398843,-1.00000000,-0.69216492,0.63445062
2024,-0.03034395,0.01819368,-1.00000000,-0.76529836,0.35007176
2025,0.02597368,0.62079869,1.00000000,-0.19031039,0.20844752
2026,0.00453101,-0.06584146,-1.00000000,-0.61960203,0.31615573
2027,-0.00067345,0.34157498,1.00000000,-0.67441590,0.38300403
2028,-0.01708150,0.18645309,1.00000000,-0.94335924,0.08067387
2029,-0.00917422,0.14880266,-1.00000000,-0.99174234,0.15905779
2030,0.02140260,0.03010257,-1.00000000,-0.78594546,0.14213274
2031,-0.00388368,0.08730593,-1.00000000,-0.88512208,0.11097619
2032,-0.01661466,0.30850662,1.00000000,-0.73174833,0.05195162
2033,-0.04309056,0.12557906,-1.00000000,-0.95147831,-0.04435058
2034,0.00389735,0.03347978,-1.00000000,-0.79180073,0.00404872
2035,0.03855809,-0.15805376,-1.00000000,-0.45972849,0.06756934
2036,-0.00730134,0.18186903,1.00000000,-0.95130688,0.05491495
2037,0.00955030,0.43261393,1.00000000,-0.51657666,0.15179441
2038,-0.03679696,0.10085478,-1.00000000,-0.90861246,0.17509734
2039,0.02334566,0.22276397,1.00000000,-0.88040507,0.24710746
2040,0.02078503,-0.11252422,-1.00000000,-0.53866556,0.18130019
2041,-0.00789855,0.32256321,1.00000000,-0.70737763,0.17908896
2042,0.02175457,0.30403894,1.00000000,-0.73949418,0.22427700
2043,-0.06682123,0.09653444,-1.00000000,-0.90112204,0.11310789
2044,0.01549287,0.31105289,1.00000000,-0.72733372,0.08403182
2045,-0.01201029,-0.32972769,-1.00000000,-0.16208795,-0.03739746
2046,-0.08396783,0.26575406,1.00000000,-0.80587079,-0.31905469
2047,-0.01782829,0.06678902,-1.00000000,-0.84955079,-0.46561581
2048,0.00839820,-0.45377068,-1.00000000,0.05297219,-0.18710526
2049,0.00861459,0.02470008,-1.00000000,-0.77657888,-0.21257305
2050,0.00693234,0.21442941,1.00000000,-0.89485515,-0.14243529
2051,-0.00502543,0.21599480,1.00000000,-0.89214115,0.14986008
2052,0.07199165,0.20382497,1.00000000,-0.91324065,0.48243104
2053,0.01839792,0.11731936,-1.00000000,-0.93715800,0.51945641
2054,0.00484690,0.67448103,1.00000000,-0.09723837,0.50550600
2055,0.02450252,0.28677001,1.00000000,-0.76943428,0.57056205
2056,0.05477756,0.18873833,1.00000000,-0.93939720,0.79199102
2057,-0.01599343,0.33093223,1.00000000,-0.69286781,0.46621388
2058,-0.04618444,0.54994982,1.00000000,-0.31314498,0.22708859
2059,-0.01297733,0.03797392,-1.00000000,-0.79959246,0.16109187
2060,-0.02875284,-0.18043572,-1.00000000,-0.42092366,-0.03609360
2061,-0.10189921,0.05979318,-1.00000000,-0.83742170,-0.61621139
2062,0.02886921,-0.05433100,-1.00000000,-0.63955835,-0.45010116
2063,-0.02018955,-0.58349095,-1.00000000,0.27787536,-0.35385143
2064,0.02840671,0.36252200,1.00000000,-0.63809889,-0.20062120
2065,-0.08241397,0.00761809,-1.00000000,-0.74696289,-0.39930907
2066,0.00928960,0.35917616,1.00000000,-0.64389975,0.01238313
2067,0.05430346,-0.44252963,-1.00000000,0.03348296,0.10655706
2068,-0.00295670,0.22087798,1.00000000,-0.88367492,0.17036412
2069,0.03235907,0.54652009,1.00000000,-0.31909129,0.18499829
2070,-0.00011798,0.13228506,-1.00000000,-0.96310486,0.48971076
2071,-0.00540780,0.38776858,1.00000000,-0.59432751,0.43529159
2072,-0.03114586,0.15282108,-1.00000000,-0.99870930,0.11890345
2073,0.01553579,0.11455317,-1.00000000,-0.93236211,0.18737451
2074,-0.00447352,-0.07164267,-1.00000000,-0.60954415,0.05099665
2075,-0.01504627,0.26606459,1.00000000,-0.80533241,-0.00427744
2076,-0.03530160,0.12131196,-1.00000000,-0.94408020,-0.11496345
2077,0.03339886,0.04482595,-1.00000000,-0.81147219,0.12402245
2078,0.00407337,-0.10170643,-1.00000000,-0.55742095,0.08158122
2079,-0.05773045,0.39529072,1.00000000,-0.58128597,-0.11561004
2080,0.01845557,0.18314242,1.00000000,-0.94909913,0.00843525
2081,0.03044944,-0.26396258,-1.00000000,-0.27610855,0.25188775
2082,-0.01240566,0.28718706,1.00000000,-0.76871122,0.08229005
2083,-0.01458064,0.37395384,1.00000000,-0.61827887,0.01322094
2084,0.00759662,0.06392878,-1.00000000,-0.84459183,0.25510361
2085,-0.00668988,0.04819441,-1.00000000,-0.81731228,0.16199903
2086,-0.03357631,0.20863054,1.00000000,-0.90490897,-0.07506532
2087,0.00259682,0.10527827,-1.00000000,-0.91628171,-0.01951651
2088,-0.03585274,-0.08922519,-1.00000000,-0.57906036,-0.09827944
2089,0.00657966,0.17246068,1.00000000,-0.96761865,-0.10204489
2090,0.01107536,-0.10569349,-1.00000000,-0.55050836,-0.03626657
2091,0.02006978,0.20127356,1.00000000,-0.91766417,0.16236562
2092,0.02862003,0.23379670,1.00000000,-0.86127703,0.25872022
2093,-0.01065880,0.29886466,1.00000000,-0.74846512,0.35200434
2094,0.00386303,0.36071940,1.00000000,-0.64122416,0.34194567
2095,0.02392233,0.07656608,-1.00000000,-0.86650181,0.38951336
2096,-0.01343740,0.18162081,1.00000000,-0.95173723,0.26544829
2097,0.00187339,0.32673500,1.00000000,-0.70014479,0.16641508
2098,-0.00845933,0.05646490,-1.00000000,-0.83165129,0.17455889
2099,-0.03226850,0.16722718,1.00000000,-0.97669225,0.04077681
2100,0.01611818,0.09247757,-1.00000000,-0.89408843,0.01188086
2101,-0.00186489,-0.07976416,-1.00000000,-0.59546348,0.05472975
2102,-0.01020408,0.27027777,1.00000000,-0.79802778,0.01001122
2103,0.03189838,0.14018354,-1.00000000,-0.97679890,0.15944135
2104,-0.00160373,0.07985562,-1.00000000,-0.87220506,0.27298198
2105,-0.00056427,0.38443586,1.00000000,-0.60010563,0.21121286
2106,-0.01286076,0.14207283,-1.00000000,-0.98007446,0.17049907
2107,-0.01174068,0.14959256,-1.00000000,-0.99311184,0.16480958
2108,-0.01530229,0.06063646,-1.00000000,-0.83888376,-0.00995755
2109,-0.01527692,0.06873943,-1.00000000,-0.85293231,-0.06058446
2110,0.00414604,0.04297383,-1.00000000,-0.80826108,-0.04314389
2111,0.00232580,0.04315740,-1.00000000,-0.80857934,0.01308652
2112,0.00370592,0.18366815,1.00000000,-0.94818764,0.07027974
2113,-0.01430964,0.17050008,1.00000000,-0.97101785,0.07395518
2114,-0.01416453,0.18048419,1.00000000,-0.95370785,0.07807395
2115,0.00551772,0.05015495,-1.00000000,-0.82071138,0.08315280
2116,0.01046374,0.05120469,-1.00000000,-0.82253138,0.11328464
2117,-0.02340753,0.19359127,1.00000000,-0.93098338,0.01289329
2118,-0.01315087,0.22937202,1.00000000,-0.86894834,0.01718380
2119,-0.00626678,-0.01566158,-1.00000000,-0.70660165,0.04642633
2120,0.01331907,0.05853780,-1.00000000,-0.83524519,0.07531192
2121,0.00594862,0.10833907,-1.00000000,-0.92158839,0.05859407
2122,0.00126306,0.25002827,1.00000000,-0.83313546,0.14994038
2123,0.00138764,0.19670850,1.00000000,-0.92557888,0.20377125
2124,-0.00656798,0.16281190,1.00000000,-0.98434727,0.20265603
2125,0.00679883,0.16371317,1.00000000,-0.98278469,0.17851392
2126,0.00606475,0.10616013,-1.00000000,-0.91781064,0.17894389
2127,-0.00192864,0.20285915,1.00000000,-0.91491515,0.16712617
2128,-0.00699355,0.19754858,1.00000000,-0.92412238,0.13609363
2129,0.00349291,0.13972230,-1.00000000,-0.97599922,0.17334548
2130,-0.02665259,0.10308143,-1.00000000,-0.91247293,0.04948686
2131,0.01354150,0.17894322,1.00000000,-0.95637952,0.07717058
2132,-0.00406247,-0.03913724,-1.00000000,-0.66590060,0.06926977
2133,0.01229594,0.25163735,1.00000000,-0.83034571,0.14069184
2134,0.02213288,0.12428561,-1.00000000,-0.94923579,0.20970895
2135,0.00349075,0.24262668,1.00000000,-0.84596799,0.32131892
2136,0.00072718,0.31378964,1.00000000,-0.72258886,0.27387210
2137,0.01129218,0.17892758,1.00000000,-0.95640663,0.33072487
2138,0.00036501,0.15893521,1.00000000,-0.99106849,0.28654892
2139,-0.00921695,0.23536522,1.00000000,-0.85855760,0.17047175
2140,0.01114445,0.15631520,1.00000000,-0.99561096,0.19881067
2141,-0.00608517,0.08699675,-1.00000000,-0.88458603,0.17358698
2142,-0.00602388,0.23429648,1.00000000,-0.86041053,0.10947184
2143,0.01932527,0.10965289,-1.00000000,-0.92386623,0.17967486
2144,-0.00155416,0.11009631,-1.00000000,-0.92463501,0.20804745
2145,0.01653791,0.29347868,1.00000000,-0.75780309,0.22801748
2146,0.00281826,0.14243143,-1.00000000,-0.98069618,0.26098370
2147,-0.00102893,0.27331416,1.00000000,-0.79276343,0.27947818
2148,0.02603229,0.17406266,1.00000000,-0.96484121,0.30431188
2149,-0.00074673,0.14623104,-1.00000000,-0.98728378,0.30730149
2150,-0.00537098,0.34199904,1.00000000,-0.67368067,0.22618077
2151,0.01512265,0.14827257,-1.00000000,-0.99082329,0.27173949
2152,0.00085148,0.11481957,-1.00000000,-0.93282398,0.27870197
2153,0.00532116,0.26307581,1.00000000,-0.81051421,0.20201607
2154,-0.00787492,0.15983441,1.00000000,-0.98950951,0.17562295
2155,0.01270378,0.19216924,1.00000000,-0.93344884,0.24254727
2156,0.00324860,0.09670539,-1.00000000,-0.90141843,0.19858192
2157,-0.00167703,0.24557708,1.00000000,-0.84085274,0.18921975
2158,-0.01232732,0.17717581,1.00000000,-0.95944377,0.12387377
2159,0.01019272,0.14154250,-1.00000000,-0.97915500,0.19077176
2160,0.00271258,0.06449552,-1.00000000,-0.84557441,0.15377793
2161,0.00073223,0.22741144,1.00000000,-0.87234749,0.14446072
2162,-0.00168002,0.17329810,1.00000000,-0.96616678,0.14444967
2163,-0.00601987,0.15897175,1.00000000,-0.99100514,0.16780391
2164,0.00238647,0.14152091,-1.00000000,-0.97911756,0.13890015
2165,-0.02624551,0.11012529,-1.00000000,-0.92468526,0.03167876
2166,0.00008636,0.17093896,1.00000000,-0.97025695,0.02928732
2167,-0.00190309,-0.03619230,-1.00000000,-0.67100641,0.02846138
2168,0.00102240,0.15429934,1.00000000,-0.99910596,0.05453638
2169,-0.00260857,0.13990718,-1.00000000,-0.97631975,0.03604153
2170,-0.00316067,0.16107092,1.00000000,-0.98736571,0.12151640
2171,0.00900213,0.13480351,-1.00000000,-0.96747124,0.15452829
2172,-0.02218253,0.13080947,-1.00000000,-0.96054656,0.07944080
2173,-0.00374951,0.21879836,1.00000000,-0.88728046,0.06177215
2174,0.01343312,-0.00679961,-1.00000000,-0.72196612,0.12116876
2175,-0.00536031,0.12654970,-1.00000000,-0.95316115,0.11302430
2176,0.01084338,0.25085328,1.00000000,-0.83170509,0.11984180
2177,0.00841558,0.11489673,-1.00000000,-0.93295777,0.23313562
2178,-0.03216964,0.23211849,1.00000000,-0.86418663,0.12790608
2179,0.00719465,0.21455513,1.00000000,-0.89463718,0.10480728
2180,-0.00681804,-0.07904899,-1.00000000,-0.59670341,0.09940981
2181,0.01275224,0.20572259,1.00000000,-0.90995065,0.10647763
2182,-0.00760262,0.10435111,-1.00000000,-0.91467423,0.04716797
2183,-0.00567784,0.24592766,1.00000000,-0.84024491,0.14525758
2184,0.00408005,0.09867526,-1.00000000,-0.90483370,0.13372533
2185,0.02697234,0.11259962,-1.00000000,-0.92897514,0.25883898
2186,-0.00812537,0.18319074,1.00000000,-0.94901536,0.18153668
2187,-0.02628583,0.34879958,1.00000000,-0.66189021,0.11235946
2188,-0.00523333,0.09489354,-1.00000000,-0.89827714,0.11400531
2189,-0.00103083,-0.03648398,-1.00000000,-0.67050070,0.09508156
2190,-0.00149139,0.11581530,-1.00000000,-0.93455034,-0.01030939
2191,-0.00363363,0.14621730,-1.00000000,-0.98725996,0.00632192
2192,-0.00333760,0.14288553,-1.00000000,-0.98148349,0.09129097
2193,-0.00917126,0.12738798,-1.00000000,-0.95461453,0.07671023
2194,-0.00310287,0.12952952,-1.00000000,-0.95832744,0.06903822
2195,0.01221349,0.08732728,-1.00000000,-0.88515910,0.11978244
2196,-0.00656687,0.13122765,-1.00000000,-0.96127158,0.10892172
2197,-0.02014279,0.24203017,1.00000000,-0.84700220,0.04669816
2198,0.00600351,0.10616818,-1.00000000,-0.91782460,0.10288491
2199,0.00662861,0.00795642,-1.00000000,-0.74754946,0.13891709
2200,0.01245929,0.19710560,1.00000000,-0.92489039,0.13982719
2201,-0.00080587,0.20162772,1.00000000,-0.91705015,0.16115808
2202,-0.00802167,0.24380834,1.00000000,-0.84391929,0.20603823
2203,0.00306554,0.14784471,-1.00000000,-0.99008149,0.19515998
2204,-0.00421525,0.09564376,-1.00000000,-0.89957784,0.15500905
2205,-0.00246857,0.17585156,1.00000000,-0.96173970,0.09973655
2206,0.00092517,0.12318038,-1.00000000,-0.94731959,0.10614599
2207,-0.00272761,0.13581630,-1.00000000,-0.96922717,0.12574800
2208,0.02882891,0.16036755,1.00000000,-0.98858518,0.22114048
2209,0.03599307,0.13394239,-1.00000000,-0.96597827,0.37001746
2210,0.01728085,0.36223048,1.00000000,-0.63860432,0.44314249
2211,0.03703081,0.41405793,1.00000000,-0.54874821,0.57682869
2212,-0.00573234,0.27868881,1.00000000,-0.78344510,0.56570322
2213,-0.00264799,0.42156518,1.00000000,-0.53573248,0.44915556
2214,0.01692098,0.11220532,-1.00000000,-0.92829152,0.37853846
2215,0.01003385,0.13451833,-1.00000000,-0.96697681,0.35170542
2216,-0.00603256,0.27608542,1.00000000,-0.78795874,0.19225725
2217,0.00955399,0.22626211,1.00000000,-0.87434015,0.24885707
2218,0.00896134,0.11003352,-1.00000000,-0.92452615,0.29184226
2219,0.00086918,0.22279070,1.00000000,-0.88035873,0.23240819
2220,0.01868643,0.21850329,1.00000000,-0.88779204,0.26444558
2221,0.00391705,0.15996245,1.00000000,-0.98928752,0.30128539
2222,0.00251967,0.28885713,1.00000000,-0.76581572,0.27523981
2223,-0.02189635,0.18201156,1.00000000,-0.95105977,0.16098486
2224,0.01431872,0.17190255,1.00000000,-0.96858632,0.21078370
2225,-0.00563429,-0.00472932,-1.00000000,-0.72555550,0.12073282
2226,0.02929965,0.25725999,1.00000000,-0.82059742,0.21471550
2227,-0.02716285,0.11291470,-1.00000000,-0.92952140,0.10481178
2228,0.02080087,0.36563598,1.00000000,-0.63270002,0.26290425
2229,-0.01874528,-0.04282860,-1.00000000,-0.65950069,0.14048012
2230,-0.02701932,0.30415356,1.00000000,-0.73929546,0.06129903
2231,0.01521668,0.01806633,-1.00000000,-0.76507757,0.00915482
2232,0.02319006,-0.04179023,-1.00000000,-0.66130097,0.19559360
2233,0.00373487,0.26375603,1.00000000,-0.80933488,0.13240434
2234,-0.00436875,0.32143761,1.00000000,-0.70932916,0.18563548
2235,0.01394475,0.18069366,1.00000000,-0.95334467,0.33731073
2236,0.00284301,0.12206994,-1.00000000,-0.94539435,0.29149549
2237,0.02558502,0.25455461,1.00000000,-0.82528789,0.30036317
2238,0.03046764,0.17424170,1.00000000,-0.96453080,0.39934499
2239,-0.01188928,0.33876337,1.00000000,-0.67929053,0.37149916
2240,0.00102508,0.37408548,1.00000000,-0.61805064,0.32366223
2241,-0.00237492,0.06766443,-1.00000000,-0.85106852,0.30434209
2242,0.02099260,0.16109028,1.00000000,-0.98733214,0.28733800
2243,0.03052839,0.13649379,-1.00000000,-0.97040177,0.28756292
2244,0.00036172,0.30554058,1.00000000,-0.73689070,0.33292397
2245,0.01036988,0.37452494,1.00000000,-0.61728873,0.36752442
2246,-0.00226277,0.15629137,1.00000000,-0.99565227,0.36793967
2247,0.00126402,0.22869302,1.00000000,-0.87012556,0.29489181
2248,0.00545666,0.13730512,-1.00000000,-0.97180842,0.20206021
2249,-0.00379236,0.16281884,1.00000000,-0.98433523,0.18667914
2250,0.00019353,0.19314948,1.00000000,-0.93174933,0.14899978
2251,0.00641309,0.12623968,-1.00000000,-0.95262365,0.18112339
2252,0.00361595,0.15507465,1.00000000,-0.99776177,0.18983174
2253,-0.02032879,0.20006860,1.00000000,-0.91975329,0.09435748
2254,-0.01006692,0.17983331,1.00000000,-0.95483631,0.07112503
2255,0.00502353,0.00661078,-1.00000000,-0.74521647,0.08900878
2256,-0.00206341,0.08084785,-1.00000000,-0.87392535,0.05762333
2257,0.02696343,0.19001613,1.00000000,-0.93718180,0.14407066
2258,0.01187883,0.13874735,-1.00000000,-0.97430889,0.26332392
2259,0.09660319,0.34873509,1.00000000,-0.66200202,0.65828501
2260,-0.00679507,0.23960916,1.00000000,-0.85119963,0.61452500
2261,-0.03875350,0.85252735,1.00000000,0.21145033,0.47867478
2262,0.01460725,0.10451732,-1.00000000,-0.91496240,0.43292430
2263,0.00113689,-0.12667836,-1.00000000,-0.51412574,0.39315075
2264,0.02558566,0.25934728,1.00000000,-0.81697858,0.13019837
2265,-0.02605614,0.16189914,1.00000000,-0.98592977,0.05888152
2266,-0.00919362,0.33876799,1.00000000,-0.67928253,0.16833113
2267,0.00554556,-0.03482235,-1.00000000,-0.67338156,0.13477895
2268,-0.06092958,0.08716553,-1.00000000,-0.88487867,-0.09503087
2269,0.00290575,0.19379265,1.00000000,-0.93063424,-0.17900644
2270,0.03044003,-0.28710592,-1.00000000,-0.23598367,0.03017860
2271,0.00239534,0.17469556,1.00000000,-0.96374392,0.07308837
2272,-0.00265378,0.37388576,1.00000000,-0.61839692,0.04272915
2273,-0.00234273,0.17100314,1.00000000,-0.97014567,0.25965521
2274,-0.01319164,0.13447645,-1.00000000,-0.96690421,0.20005237
2275,-0.03236795,0.13672671,-1.00000000,-0.97080561,-0.03250301
2276,0.01933382,0.05824285,-1.00000000,-0.83473381,0.03021409
2277,-0.00215596,-0.08048360,-1.00000000,-0.59421614,0.03205735
2278,-0.04197833,0.29354052,1.00000000,-0.75769587,-0.11469906
2279,0.00022804,0.13807783,-1.00000000,-0.97314811,-0.06501082
2280,0.05512709,-0.15000763,-1.00000000,-0.47367851,0.25895189
2281,0.00727642,0.15532429,1.00000000,-0.99732895,0.21430765
2282,0.01148782,0.55247844,1.00000000,-0.30876097,0.26482567
2283,-0.01376366,0.20631410,1.00000000,-0.90892512,0.36929445
2284,0.01555435,0.23678051,1.00000000,-0.85610382,0.42604227
2285,0.15846335,0.05410468,-1.00000000,-0.82755924,0.80865930
2286,-0.02213942,0.26619883,1.00000000,-0.80509966,0.69974303
2287,0.00456088,1.30003996,1.00000000,0.98732754,0.67409505
2288,-0.03381817,-0.00648775,-1.00000000,-0.72250681,0.59984040
2289,0.06363102,0.18666919,1.00000000,-0.94298457,0.77785105
2290,-0.01455800,-0.09097491,-1.00000000,-0.57602679,0.13721517
2291,0.03697786,0.61399808,1.00000000,-0.20210098,0.35610521
2292,-0.01953599,0.04835825,-1.00000000,-0.81759635,0.26688318
2293,-0.03927599,0.42118211,1.00000000,-0.53639663,0.24667485
2294,-0.00007159,0.01234616,-1.00000000,-0.75516020,0.01080694
2295,0.03452302,-0.13045817,-1.00000000,-0.50757248,0.19253630
2296,0.02359434,0.15315668,-1.00000000,-0.99929114,0.14298196
2297,0.01603042,0.40342315,1.00000000,-0.56718631,0.27467161
2298,-0.01028609,0.32436227,1.00000000,-0.70425850,0.38201077
2299,0.00485587,0.26964290,1.00000000,-0.79912850,0.40025540
2300,0.00121416,0.07926231,-1.00000000,-0.87117640,0.27692468
2301,0.01367652,0.18880324,1.00000000,-0.93928465,0.24020252
2302,0.05746319,0.16245818,1.00000000,-0.98496054,0.39361319
2303,-0.02751856,0.25261411,1.00000000,-0.82865224,0.32980757
2304,0.01649648,0.56937841,1.00000000,-0.27946056,0.37290858
2305,-0.01582575,-0.04540184,-1.00000000,-0.65503931,0.30981591
2306,0.00409033,0.27301449,1.00000000,-0.79328299,0.27432169
2307,0.00149667,0.03918701,-1.00000000,-0.80169566,0.06709774
2308,-0.00003471,0.18326509,1.00000000,-0.94888645,0.16886055
2309,0.00938239,0.16450188,1.00000000,-0.98141726,0.14251961
2310,-0.00638444,0.15342350,-1.00000000,-0.99975374,0.17747740
2311,-0.01067482,0.22154927,1.00000000,-0.88251107,0.12280736
2312,-0.00840308,0.10748792,-1.00000000,-0.92011271,0.08615214
2313,-0.01559569,0.07645014,-1.00000000,-0.86630080,0.02853542
2314,0.01564967,0.09288451,-1.00000000,-0.89479396,0.05174092
2315,-0.00929867,0.04085129,-1.00000000,-0.80458111,0.04095056
2316,0.00302751,0.26688844,1.00000000,-0.80390406,0.09168537
2317,-0.00122576,0.08640560,-1.00000000,-0.88356112,0.11826042
2318,0.00278508,0.17557639,1.00000000,-0.96221678,0.18631779
2319,0.01068879,0.14480714,-1.00000000,-0.98481509,0.16794942
2320,0.00423471,0.17382257,1.00000000,-0.96525747,0.21805867
2321,-0.00751535,0.23100010,1.00000000,-0.86612564,0.17902224
2322,-0.00160696,0.18430963,1.00000000,-0.94707548,0.17761078
2323,-0.01591915,0.09930656,-1.00000000,-0.90592823,0.10835576
2324,0.00222685,0.14204942,-1.00000000,-0.98003387,0.07702425
2325,0.01036245,0.03851132,-1.00000000,-0.80052418,0.09971308
2326,0.03193375,0.16978423,1.00000000,-0.97225896,0.24577896
2327,0.01426485,0.22863931,1.00000000,-0.87021867,0.30454657
2328,0.01371868,0.38469175,1.00000000,-0.59966197,0.41428480
2329,-0.00243889,0.25687025,1.00000000,-0.82127314,0.39700923
2330,0.00019802,0.25291912,1.00000000,-0.82812343,0.35937400
2331,0.00073058,0.13603104,-1.00000000,-0.96959947,0.24383985
2332,0.01797496,0.15510717,1.00000000,-0.99770539,0.25757706
2333,0.00870804,0.15895980,1.00000000,-0.99102586,0.23902446
2334,0.00661758,0.28371017,1.00000000,-0.77473929,0.27255731
2335,0.03749425,0.21667085,1.00000000,-0.89096905,0.41065184
2336,0.01518088,0.20154789,1.00000000,-0.91718856,0.46415613
2337,0.00136461,0.42491784,1.00000000,-0.52991978,0.40265397
2338,-0.00739021,0.26349710,1.00000000,-0.80978380,0.34304791
2339,0.02483753,0.16354654,1.00000000,-0.98307359,0.41050987
2340,-0.00805229,0.10021186,-1.00000000,-0.90749780,0.24186738
2341,-0.01542056,0.33335582,1.00000000,-0.68866589,0.12856121
2342,0.00285264,0.09542222,-1.00000000,-0.89919373,0.13407086
2343,0.01696350,0.04211822,-1.00000000,-0.80677766,0.22424390
2344,-0.01464437,0.17431134,1.00000000,-0.96441005,0.07805659
2345,-0.00505531,0.27639297,1.00000000,-0.78742552,0.08915334
2346,-0.00974649,0.04773340,-1.00000000,-0.81651301,0.11016240
2347,0.00481247,0.11710317,-1.00000000,-0.93678318,0.11741896
2348,-0.01001536,0.08316596,-1.00000000,-0.87794438,0.01752595
2349,0.01640297,0.18848929,1.00000000,-0.93982897,0.13248310
2350,-0.00302884,0.08122087,-1.00000000,-0.87457207,0.13998641
2351,0.00128022,0.27233801,1.00000000,-0.79445584,0.18081436
2352,0.00966486,0.13176322,-1.00000000,-0.96220012,0.19878100
2353,-0.01700967,0.16293608,1.00000000,-0.98413198,0.17288357
2354,-0.00808859,0.22359272,1.00000000,-0.87896821,0.08220011
2355,-0.01067547,0.03062217,-1.00000000,-0.78684632,0.05388737
2356,-0.01256631,0.09515962,-1.00000000,-0.89873845,0.00261864
2357,0.00670898,0.07644547,-1.00000000,-0.86629270,-0.00832591
2358,-0.00228058,0.06276664,-1.00000000,-0.84257696,0.04621064
2359,0.00768272,0.20220914,1.00000000,-0.91604212,0.10460615
2360,-0.00210975,0.13717631,-1.00000000,-0.97158509,0.13632192
2361,0.00218412,0.20925344,1.00000000,-0.90382902,0.19093745
2362,0.02090604,0.13841211,-1.00000000,-0.97372767,0.24350408
2363,-0.00525183,0.16947508,1.00000000,-0.97279495,0.23250260
2364,0.01070891,0.30491441,1.00000000,-0.73797634,0.24370746
2365,-0.02512907,0.11568150,-1.00000000,-0.93431836,0.15847520
2366,0.00335483,0.23114563,1.00000000,-0.86587333,0.16280995
2367,0.01635425,-0.02811566,-1.00000000,-0.68500933,0.14595629
2368,0.02689780,0.17794436,1.00000000,-0.95811130,0.26499483
2369,0.03345070,0.27198555,1.00000000,-0.79506692,0.34919954
2370,0.01403698,0.34826035,1.00000000,-0.66282510,0.49421733
2371,-0.01665080,0.39566575,1.00000000,-0.58063575,0.42014366
2372,0.00929637,0.25522176,1.00000000,-0.82413121,0.39401087
2373,0.01052458,0.03321839,-1.00000000,-0.79134753,0.33338670
2374,-0.01071278,0.22092699,1.00000000,-0.88358995,0.16986519
2375,0.00326722,0.22981215,1.00000000,-0.86818525,0.12998864
2376,0.00579968,0.07617556,-1.00000000,-0.86582474,0.21311467
2377,-0.00922657,0.17731050,1.00000000,-0.95921025,0.14453089
2378,0.02879464,0.19563098,1.00000000,-0.92744702,0.21217835
2379,0.00434002,0.08692720,-1.00000000,-0.88446546,0.26791344
2380,0.01012539,0.36198254,1.00000000,-0.63903418,0.29330679
2381,0.00698984,0.18507142,1.00000000,-0.94575472,0.29771353
2382,0.03248848,0.22692431,1.00000000,-0.87319206,0.45216935
2383,-0.01863788,0.20424092,1.00000000,-0.91251950,0.27654378
2384,-0.00874372,0.38870475,1.00000000,-0.59270442,0.22809940
2385,-0.04460094,0.01884330,-1.00000000,-0.76642464,0.02546747
2386,-0.01131240,0.09042023,-1.00000000,-0.89052152,-0.04229913
2387,-0.00402198,-0.16898026,-1.00000000,-0.44078461,-0.17748424
2388,-0.00765468,0.07183775,-1.00000000,-0.85830405,-0.13681739
2389,0.01335589,0.12457855,-1.00000000,-0.94974366,-0.05499046
2390,0.02602396,0.09829865,-1.00000000,-0.90418076,0.20650815
2391,0.00476599,0.25029462,1.00000000,-0.83267367,0.26604066
2392,0.00774280,0.34193872,1.00000000,-0.67378525,0.30960142
2393,-0.00194892,0.18815305,1.00000000,-0.94041192,0.33072781
2394,-0.01050022,0.20968804,1.00000000,-0.90307553,0.24239720
2395,-0.00690564,0.13957564,-1.00000000,-0.97574494,0.12047073
2396,-0.02712918,0.07771327,-1.00000000,-0.86849075,0.00237437
2397,0.01416710,0.10371740,-1.00000000,-0.91357554,0.02616125
2398,0.00536581,-0.04258497,-1.00000000,-0.65992307,0.05324504
2399,0.00226268,0.25616311,1.00000000,-0.82249914,0.10050146
2400,0.00935702,0.19249225,1.00000000,-0.93288881,0.16071625
2401,0.00805130,0.17004342,1.00000000,-0.97180960,0.29097693
2402,-0.00730883,0.22136574,1.00000000,-0.88282927,0.21145926
2403,-0.00561984,0.21191984,1.00000000,-0.89920614,0.17078336
2404,-0.00884803,0.10080058,-1.00000000,-0.90851850,0.12964440
2405,0.01001794,0.11301920,-1.00000000,-0.92970259,0.13209157
2406,-0.03170158,0.08966565,-1.00000000,-0.88921326,-0.01509908
2407,-0.00739586,0.22614704,1.00000000,-0.87453966,-0.01542129
2408,-0.02199393,-0.07566294,-1.00000000,-0.60257399,-0.07604867
2409,0.00333553,0.10017104,-1.00000000,-0.90742703,-0.03093734
2410,-0.00509888,-0.00543526,-1.00000000,-0.72433158,-0.08690950
2411,0.00231462,0.17780469,1.00000000,-0.95835344,0.03904029
2412,-0.02015764,0.11678798,-1.00000000,-0.93623672,-0.00821201
2413,0.01584989,0.17041921,1.00000000,-0.97115806,0.13191006
2414,0.00217014,0.00784895,-1.00000000,-0.74736314,0.12759507
2415,-0.01612240,0.26833686,1.00000000,-0.80139285,0.08677894
2416,-0.02387528,0.16937400,1.00000000,-0.97297020,-0.01019287
2417,-0.00556717,0.03704097,-1.00000000,-0.79797495,0.04383039
2418,-0.01066275,-0.01904542,-1.00000000,-0.70073489,-0.05433639
2419,0.01261440,0.11340021,-1.00000000,-0.93036317,-0.01566505
2420,-0.00817362,0.07653748,-1.00000000,-0.86645223,0.01376640
2421,-0.00497167,0.24493050,1.00000000,-0.84197374,0.08375969
2422,-0.00185911,0.09454448,-1.00000000,-0.89767195,0.09748932
2423,-0.00076667,0.11770827,-1.00000000,-0.93783228,0.13413096
2424,0.01766225,0.14022532,-1.00000000,-0.97687133,0.15282133
2425,-0.00688484,0.14812833,-1.00000000,-0.99057322,0.15759321
2426,0.00289990,0.28144795,1.00000000,-0.77866143,0.18673879
2427,0.00054614,0.10386784,-1.00000000,-0.91383636,0.19564456
2428,-0.00280612,0.17465323,1.00000000,-0.96381730,0.18809322
2429,-0.02013794,0.15762552,1.00000000,-0.99333918,0.04813268
2430,0.00935907,0.13337443,-1.00000000,-0.96499358,0.10827805
2431,0.01975220,0.00799146,-1.00000000,-0.74761022,0.17067609
2432,0.00169619,0.22138054,1.00000000,-0.88280360,0.17493433
2433,0.00175669,0.29656723,1.00000000,-0.75244831,0.19182875
2434,-0.00693850,0.16594532,1.00000000,-0.97891468,0.24070153
2435,0.00307536,0.16638295,1.00000000,-0.97815594,0.21743524
2436,-0.00834257,0.10347965,-1.00000000,-0.91316334,0.11341037
2437,0.00425309,0.17592259,1.00000000,-0.96161654,0.12287764
2438,-0.00704515,0.09332226,-1.00000000,-0.89555292,0.09028760
2439,-0.00504425,0.18444257,1.00000000,-0.94684498,0.09730133
2440,0.01837849,0.10270816,-1.00000000,-0.91182577,0.15396331
2441,0.00432428,0.11718316,-1.00000000,-0.93692188,0.20086410
2442,-0.00457232,0.28662942,1.00000000,-0.76967804,0.16818677
2443,-0.00599131,0.18495756,1.00000000,-0.94595213,0.17208877
2444,-0.00483040,0.12059724,-1.00000000,-0.94284105,0.17288060
2445,0.00214319,0.11033193,-1.00000000,-0.92504352,0.11276712
2446,0.00708689,0.11873024,-1.00000000,-0.93960413,0.12299610
2447,-0.00871280,0.16917901,1.00000000,-0.97330825,0.10766540
2448,-0.01545338,0.20494306,1.00000000,-0.91130217,0.07263074
2449,-0.00307265,0.09064394,-1.00000000,-0.89090937,0.07913905
2450,0.00745410,0.04188082,-1.00000000,-0.80636606,0.09880343
2451,-0.00208901,0.13144626,-1.00000000,-0.96165059,0.06482835
2452,0.00126879,0.20759950,1.00000000,-0.90669654,0.10178659
2453,-0.00498353,0.13856215,-1.00000000,-0.97398780,0.14055269
2454,-0.00048629,0.16285337,1.00000000,-0.98427538,0.15012905
2455,-0.02983877,0.11762248,-1.00000000,-0.93768354,0.01204695
2456,-0.00197093,0.15015666,-1.00000000,-0.99408985,0.01248416
2457,0.00006548,-0.06218688,-1.00000000,-0.62593817,0.00802873
2458,-0.01902956,0.13941636,-1.00000000,-0.97546880,-0.04397870
2459,-0.01332039,0.15414831,1.00000000,-0.99936782,-0.09149877
2460,-0.01157335,0.01600975,-1.00000000,-0.76151197,-0.02386847
2461,-0.02349952,0.05731141,-1.00000000,-0.83311894,-0.10358111
2462,-0.02192078,0.06994996,-1.00000000,-0.85503108,-0.18498835
2463,-0.01035591,-0.01632709,-1.00000000,-0.70544781,-0.15287291
2464,-0.00085333,-0.00490609,-1.00000000,-0.72524903,-0.10671188
2465,-0.02356750,0.07875727,-1.00000000,-0.87030080,-0.15112190
2466,0.02888055,0.14750136,-1.00000000,-0.98948620,0.04282270
2467,0.00709360,-0.01681885,-1.00000000,-0.70459522,0.15025252
2468,0.00172319,0.36260408,1.00000000,-0.63795659,0.19497708
2469,0.03940939,0.20499154,1.00000000,-0.91121811,0.34405549
2470,-0.00752749,0.16614062,1.00000000,-0.97857609,0.40344589
2471,-0.02246987,0.43877247,1.00000000,-0.50589926,0.21331372
2472,0.00904805,0.09921879,-1.00000000,-0.90577606,0.22055036
2473,-0.00712692,-0.00887834,-1.00000000,-0.71836212,0.18778157
2474,-0.02101719,0.21913057,1.00000000,-0.88670450,-0.03595636
2475,0.01445187,0.10211658,-1.00000000,-0.91080012,0.04542531
2476,0.01006108,0.00163074,-1.00000000,-0.73658229,0.16587575
2477,0.01825722,0.25822324,1.00000000,-0.81892739,0.19997399
2478,0.01387708,0.22645910,1.00000000,-0.87399862,0.27774429
2479,-0.03437705,0.28575210,1.00000000,-0.77119909,0.22827753
2480,-0.00349085,0.25406507,1.00000000,-0.82613663,0.16184207
2481,0.03893395,-0.09501796,-1.00000000,-0.56901711,0.26874792
2482,-0.00126184,0.12842088,-1.00000000,-0.95640533,0.19647588
2483,0.03050604,0.43533297,1.00000000,-0.51186250,0.25804694
2484,0.02857537,0.14454616,-1.00000000,-0.98436260,0.49113714
2485,0.01935668,0.37436331,1.00000000,-0.61756897,0.57573335
2486,0.00180048,0.36039635,1.00000000,-0.64178425,0.43824146
2487,0.05748373,0.29370591,1.00000000,-0.75740913,0.65575519
2488,-0.01394483,0.16669975,1.00000000,-0.97760669,0.49116957
2489,-0.00590593,0.56952697,1.00000000,-0.27920299,0.36349768
2490,-0.00841473,0.05279405,-1.00000000,-0.82528693,0.26067012
2491,0.01341992,0.11094955,-1.00000000,-0.92611431,0.30369272
2492,0.01938347,0.09280025,-1.00000000,-0.89464788,0.16262113
2493,0.00995237,0.25075779,1.00000000,-0.83187065,0.25110387
2494,0.00698790,0.29389968,1.00000000,-0.75707319,0.29884512
2495,0.02873888,0.22567264,1.00000000,-0.87536214,0.43641159
2496,-0.05231248,0.20422694,1.00000000,-0.91254374,0.19302813
2497,0.00720866,0.36157919,1.00000000,-0.63973349,0.14794921
2498,-0.00890241,-0.22476758,-1.00000000,-0.34406307,0.07813675
2499,0.01419280,0.20582396,1.00000000,-0.90977489,0.10481387
2500,-0.01516419,0.08927227,-1.00000000,-0.88853122,-0.05774344
2501,-0.01777602,0.25634900,1.00000000,-0.82217685,0.07013266
2502,0.04144190,0.04397286,-1.00000000,-0.80999314,0.19688603
2503,-0.01143869,0.02507819,-1.00000000,-0.77723443,0.18749508
2504,0.02967631,0.45347615,1.00000000,-0.48040667,0.24482497
2505,-0.00654134,0.07092412,-1.00000000,-0.85672003,0.27675231
2506,-0.00155171,0.36836080,1.00000000,-0.62797585,0.33682513
2507,0.01017825,0.10635287,-1.00000000,-0.91814480,0.22106708
2508,-0.03651963,0.14244916,-1.00000000,-0.98072692,0.12820136
2509,0.00312069,0.22730675,1.00000000,-0.87252900,0.02987545
2510,-0.03707486,-0.11051799,-1.00000000,-0.54214387,-0.08317921
2511,0.02222659,0.17625050,1.00000000,-0.96104803,0.00486328
2512,0.00816519,-0.11453462,-1.00000000,-0.53518002,-0.00259037
2513,0.03429212,0.31446758,1.00000000,-0.72141348,0.25960013
2514,0.02291944,0.21274373,1.00000000,-0.89777771,0.33290778
2515,0.00163474,0.40175280,1.00000000,-0.57008229,0.47623551
2516,0.00840565,0.31947982,1.00000000,-0.71272349,0.42506154
2517,0.05034555,0.16550075,1.00000000,-0.97968546,0.58124027
2518,-0.00403790,0.21448329,1.00000000,-0.89476175,0.43931797
2519,-0.00096566,0.51788751,1.00000000,-0.36873315,0.35088004
2520,0.01207628,0.12446341,-1.00000000,-0.94954403,0.38954131
2521,0.00646148,0.14668876,-1.00000000,-0.98807736,0.38234275
2522,0.00638306,0.24103759,1.00000000,-0.84872309,0.21956543
2523,0.01597299,0.20041866,1.00000000,-0.91914636,0.29365856
2524,0.01192007,0.19985133,1.00000000,-0.92012998,0.34136978
2525,-0.00245478,0.26922740,1.00000000,-0.79984887,0.28756649
2526,-0.00932489,0.23990751,1.00000000,-0.85068238,0.22911522
2527,0.00120488,0.13591609,-1.00000000,-0.96940019,0.20994230
2528,0.01775110,0.08621591,-1.00000000,-0.88323225,0.21652599
2529,-0.00189103,0.16239105,1.00000000,-0.98507693,0.16538844
2530,0.00292267,0.28209070,1.00000000,-0.77754705,0.18529919
2531,0.00745023,0.13999437,-1.00000000,-0.97647091,0.24741143
2532,0.00040151,0.17481795,1.00000000,-0.96353172,0.24443684
2533,0.00988870,0.20757152,1.00000000,-0.90674505,0.21532522
2534,-0.01650753,0.15657925,1.00000000,-0.99515315,0.16120560
2535,-0.01155673,0.22521209,1.00000000,-0.87616063,0.10759361
2536,-0.02796970,0.03425483,-1.00000000,-0.79314447,-0.02355366
2537,0.00018473,0.07007022,-1.00000000,-0.85523958,-0.02435634
2538,-0.00376091,-0.04866550,-1.00000000,-0.64938093,-0.07489595
2539,0.02408973,0.15501096,1.00000000,-0.99787219,0.07542113
2540,-0.00038839,0.12646723,-1.00000000,-0.95301818,0.11677348
2541,-0.00579768,0.32794605,1.00000000,-0.69804511,0.19886848
2542,0.01759719,0.15086492,-1.00000000,-0.99531780,0.26334057
2543,-0.00067597,0.11173265,-1.00000000,-0.92747202,0.27476298
2544,0.00735038,0.28097726,1.00000000,-0.77947749,0.21278318
2545,-0.00973008,0.14878447,-1.00000000,-0.99171080,0.17819425
2546,-0.00847065,0.20684921,1.00000000,-0.90799737,0.16829720
2547,-0.01066867,0.08328467,-1.00000000,-0.87815019,0.06363891
2548,0.00125312,0.09239569,-1.00000000,-0.89394648,0.07078164
2549,-0.01948014,0.07649468,-1.00000000,-0.86637802,-0.02856214
2550,0.01745857,0.16274002,1.00000000,-0.98447189,0.07210766
2551,0.00958930,0.01275019,-1.00000000,-0.75586069,0.13897717
2552,-0.00927185,0.27997448,1.00000000,-0.78121607,0.14414909
2553,-0.00073316,0.22304611,1.00000000,-0.87991591,0.13679461
2554,0.00230677,0.08659964,-1.00000000,-0.88389754,0.21746370
2555,0.00186649,0.14837075,-1.00000000,-0.99099352,0.15973184
2556,-0.02728124,0.17036239,1.00000000,-0.97125658,0.02321348
2557,-0.00202907,0.16717730,1.00000000,-0.97677874,0.05003088
2558,0.02362728,-0.04368502,-1.00000000,-0.65801586,0.14022885
2559,-0.00735978,0.13899579,-1.00000000,-0.97473962,0.10443710
2560,0.00053782,0.32460057,1.00000000,-0.70384535,0.09951751
2561,0.00032592,0.10043207,-1.00000000,-0.90787958,0.20173691
2562,-0.01932939,0.15756533,1.00000000,-0.99344354,0.13768003
2563,0.00976061,0.15603243,1.00000000,-0.99610121,0.08633671
2564,0.02599333,0.01384070,-1.00000000,-0.75775138,0.20983129
2565,-0.00880551,0.22428541,1.00000000,-0.87776727,0.17523631
2566,0.00840999,0.34171719,1.00000000,-0.67416933,0.20516869
2567,0.00702268,0.08997328,-1.00000000,-0.88974660,0.30274096
2568,0.01891460,0.21451464,1.00000000,-0.89470738,0.33663488
2569,0.00028542,0.20447851,1.00000000,-0.91210757,0.24144770
2570,-0.00592424,0.29050774,1.00000000,-0.76295396,0.25211601
2571,-0.00612048,0.15573940,1.00000000,-0.99660926,0.19831493
2572,0.00135110,0.11081713,-1.00000000,-0.92588475,0.17731512
2573,0.00015450,0.10939748,-1.00000000,-0.92342341,0.10785322
2574,0.00878063,0.16344885,1.00000000,-0.98324296,0.13930794
2575,0.01768149,0.15479229,1.00000000,-0.99825131,0.22671148
2576,-0.01340038,0.21719599,1.00000000,-0.89005858,0.19975662
2577,0.00486750,0.28158717,1.00000000,-0.77842005,0.21277657
2578,-0.00204399,0.05673276,-1.00000000,-0.83211569,0.20463634
2579,-0.00307652,0.18888737,1.00000000,-0.93913880,0.16073357
2580,-0.00710933,0.13888783,-1.00000000,-0.97455245,0.06894206
2581,0.00579847,0.13141826,-1.00000000,-0.96160204,0.14002850
2582,-0.03573905,0.10224386,-1.00000000,-0.91102079,-0.01032298
2583,0.04751503,0.19562227,1.00000000,-0.92746213,0.17317627
2584,0.00872766,-0.10487108,-1.00000000,-0.55193423,0.21688289
2585,0.00802491,0.49741076,1.00000000,-0.40423484,0.27291955
2586,0.03147118,0.21681275,1.00000000,-0.89072303,0.36797637
2587,-0.00334602,0.21172894,1.00000000,-0.89953711,0.48791615
2588,0.00324528,0.38134537,1.00000000,-0.60546378,0.32400117
2589,0.00313934,0.12946864,-1.00000000,-0.95822188,0.30330964
2590,-0.01467713,0.17715178,1.00000000,-0.95948543,0.21925211
2591,0.01796786,0.17638541,1.00000000,-0.96081413,0.16925417
2592,0.00222026,0.04749637,-1.00000000,-0.81610206,0.18986410
2593,0.00507361,0.28365882,1.00000000,-0.77482832,0.19663376
2594,0.02088177,0.16973656,1.00000000,-0.97234161,0.26232762
2595,-0.02549539,0.19037841,1.00000000,-0.93655369,0.22227150
2596,0.01603583,0.30473882,1.00000000,-0.73828076,0.21511787
2597,-0.01217728,-0.03076573,-1.00000000,-0.68041474,0.16180893
2598,0.00688541,0.26968199,1.00000000,-0.79906072,0.16851739
2599,-0.02540368,0.06558094,-1.00000000,-0.84745627,-0.00286100
2600,0.01643227,0.20348549,1.00000000,-0.91382924,0.15238207
2601,-0.00488362,-0.03010225,-1.00000000,-0.68156507,0.07492485
2602,0.00481932,0.27254996,1.00000000,-0.79408837,0.13785719
2603,-0.01954119,0.11834519,-1.00000000,-0.93893655,0.04000898
2604,-0.01671119,0.18853885,1.00000000,-0.93974304,0.07219415
2605,-0.01153209,0.01230855,-1.00000000,-0.75509499,-0.03134785
2606,-0.00014751,0.03278150,-1.00000000,-0.79059007,-0.01381172
2607,0.00028630,0.07024842,-1.00000000,-0.85554854,-0.03059589
2608,-0.00481380,0.15260747,-1.00000000,-0.99833894,0.02393433
2609,-0.00921075,0.15574575,1.00000000,-0.99659825,0.05170574
2610,0.02684130,0.11885032,-1.00000000,-0.93981232,0.19378863
2611,0.00152727,0.08704161,-1.00000000,-0.88466381,0.19998976
2612,-0.03093379,0.34785158,1.00000000,-0.66353380,0.08439298
2613,0.00942880,0.16472331,1.00000000,-0.98103335,0.13712822
2614,-0.00876863,-0.07010856,-1.00000000,-0.61220393,0.13876525
2615,-0.01895791,0.22188504,1.00000000,-0.88192893,-0.03081278
2616,0.00107293,0.09024005,-1.00000000,-0.89020912,-0.03249506
2617,-0.00591579,0.01652809,-1.00000000,-0.76241064,0.06013761
2618,0.00949938,0.16143645,1.00000000,-0.98673196,0.06039895
2619,-0.01888221,0.11087822,-1.00000000,-0.92599065,0.02295198
2620,0.01403721,0.22239564,1.00000000,-0.88104367,0.14512107
2621,-0.01651993,0.01707574,-1.00000000,-0.76336013,0.07998105
2622,-0.00622225,0.25522345,1.00000000,-0.82412829,0.07884636
2623,0.02729322,0.03416513,-1.00000000,-0.79298896,0.14473053
2624,0.00742696,0.10866125,-1.00000000,-0.92214697,0.24214394
2625,0.00190420,0.35112088,1.00000000,-0.65786563,0.19721976
2626,-0.01657163,0.20740318,1.00000000,-0.90703691,0.19702833
2627,0.00497328,0.16745006,1.00000000,-0.97630584,0.23848133
2628,0.01102654,0.03379113,-1.00000000,-0.79234052,0.17825168
2629,0.00118377,0.18965260,1.00000000,-0.93781207,0.15513537
2630,-0.00129395,0.23344349,1.00000000,-0.86188939,0.14329380
2631,-0.00787345,0.16223828,1.00000000,-0.98534178,0.17550002
2632,-0.00689169,0.14431384,-1.00000000,-0.98395983,0.13156829
2633,0.02158008,0.09671603,-1.00000000,-0.90143688,0.17064426
2634,-0.00298633,0.10381828,-1.00000000,-0.91375044,0.15520387
2635,0.01611134,0.30979056,1.00000000,-0.72952229,0.21964941
2636,0.00271857,0.13207069,-1.00000000,-0.96273320,0.25886786
2637,-0.00467168,0.27022828,1.00000000,-0.79811359,0.26708779
2638,-0.00781639,0.17334148,1.00000000,-0.96609156,0.15824320
2639,0.00257876,0.11987847,-1.00000000,-0.94159488,0.17884875
2640,0.00344268,0.09712876,-1.00000000,-0.90215246,0.13194125
2641,0.00329755,0.17233004,1.00000000,-0.96784515,0.13408500
2642,0.00561503,0.17857987,1.00000000,-0.95700948,0.17217298
2643,-0.04205040,0.17752997,1.00000000,-0.95882975,0.04541676
2644,-0.00367704,0.19429521,1.00000000,-0.92976293,0.02225378
2645,0.00784496,-0.15052899,-1.00000000,-0.47277460,0.03855384
2646,-0.00277959,0.12707394,-1.00000000,-0.95407006,0.01605236
2647,-0.01652626,0.21042710,1.00000000,-0.90179417,-0.06592888
2648,0.01470003,0.13356631,-1.00000000,-0.96532625,0.14419758
2649,0.03023074,0.03411932,-1.00000000,-0.79290953,0.26974589
2650,-0.00994961,0.26001850,1.00000000,-0.81581484,0.20385898
2651,-0.00982983,0.37237167,1.00000000,-0.62102198,0.17775449
2652,-0.01224183,0.08169649,-1.00000000,-0.87539668,0.19361820
2653,-0.01697165,0.08256308,-1.00000000,-0.87689913,0.07634932
2654,-0.02804461,0.06511402,-1.00000000,-0.84664674,-0.13942334
2655,0.00384391,0.03089721,-1.00000000,-0.78732318,-0.08835088
2656,0.00072463,-0.04920743,-1.00000000,-0.64844137,-0.04927153
2657,0.01460396,0.18148246,1.00000000,-0.95197710,0.05012878
2658,-0.00258392,0.15891675,1.00000000,-0.99110050,0.10340140
2659,-0.02479506,0.25932348,1.00000000,-0.81701983,0.11543331
2660,0.02779501,0.13498187,-1.00000000,-0.96778047,0.20411565
2661,-0.00528725,-0.02569934,-1.00000000,-0.68919863,0.18185583
2662,0.01052367,0.35475102,1.00000000,-0.65157186,0.16674797
2663,-0.00206816,0.11542526,-1.00000000,-0.93387410,0.16865763
2664,0.01179532,0.22980559,1.00000000,-0.86819664,0.30413865
2665,-0.00183108,0.13871298,-1.00000000,-0.97424931,0.19444388
2666,0.00151061,0.23900502,1.00000000,-0.85224708,0.21961391
2667,-0.00863674,0.14042812,-1.00000000,-0.97722294,0.14866978
2668,0.01076981,0.16460276,1.00000000,-0.98124237,0.19620416
2669,-0.04873218,0.09119414,-1.00000000,-0.89186328,-0.02790742
2670,-0.00848271,0.23158620,1.00000000,-0.86510948,-0.05253602
2671,0.00222619,-0.19886676,-1.00000000,-0.38896875,-0.04988651
2672,-0.00306002,0.09230847,-1.00000000,-0.89379526,-0.02923789
2673,-0.00710218,0.16977941,1.00000000,-0.97226731,-0.09541143
2674,-0.00182058,0.13153765,-1.00000000,-0.96180903,0.07828537
2675,0.00336455,0.10229558,-1.00000000,-0.91111046,0.12215151
2676,0.00091191,0.14050403,-1.00000000,-0.97735456,0.11728521
2677,0.04836659,0.17801463,1.00000000,-0.95798946,0.30769945
2678,0.00703809,0.16027158,1.00000000,-0.98875156,0.36005578
2679,-0.00401536,0.50357117,1.00000000,-0.39355419,0.35192932
2680,0.01163050,0.20458998,1.00000000,-0.91191432,0.38253516
2681,-0.01467186,0.12462646,-1.00000000,-0.94982673,0.32483405
2682,0.00960974,0.23781267,1.00000000,-0.85431431,0.18133137
2683,-0.01646083,0.04753449,-1.00000000,-0.81616815,0.09432330
2684,0.01910357,0.22319398,1.00000000,-0.87965953,0.17992438
2685,-0.01696571,0.03459263,-1.00000000,-0.79373013,0.07404289
2686,-0.01325835,0.29187484,1.00000000,-0.76058376,0.07927662
2687,0.00117985,0.03094019,-1.00000000,-0.78739770,0.04806377
2688,-0.01162848,0.05776021,-1.00000000,-0.83389704,0.06595623
2689,-0.00817177,0.16220996,1.00000000,-0.98539089,-0.03503456
2690,0.01500012,0.06955114,-1.00000000,-0.85433961,0.08332345
2691,0.00402098,0.09455787,-1.00000000,-0.89769516,0.14730262
2692,-0.02331032,0.26218944,1.00000000,-0.81205097,0.05662431
2693,0.01167754,0.18276344,1.00000000,-0.94975619,0.14291814
2694,0.01394912,-0.01495836,-1.00000000,-0.70782086,0.22482385
2695,-0.00372033,0.23815300,1.00000000,-0.85372427,0.15550873
2696,-0.02189118,0.25458619,1.00000000,-0.82523313,0.05956530
2697,-0.02933738,0.12676075,-1.00000000,-0.95352707,0.03724925
2698,0.00585981,-0.00469192,-1.00000000,-0.72562034,0.01570826
2699,0.00864850,-0.05855972,-1.00000000,-0.63222678,-0.00391804
2700,-0.01188739,0.19606597,1.00000000,-0.92669286,-0.03415770
2701,0.00240340,0.21624011,1.00000000,-0.89171584,0.05579641
2702,-0.00017957,0.06767815,-1.00000000,-0.85109231,0.16375734
2703,0.00029950,0.17106146,1.00000000,-0.97004456,0.14316952
2704,-0.00437152,0.15237557,-1.00000000,-0.99793689,0.09496105
2705,-0.00954487,0.15584125,1.00000000,-0.99643267,0.10363454
2706,0.00406002,0.12204986,-1.00000000,-0.94535953,0.10976839
2707,-0.00479552,0.08462451,-1.00000000,-0.88047315,0.09267719
2708,0.01296046,0.18304585,1.00000000,-0.94926656,0.13955618
2709,-0.00155347,0.11898258,-1.00000000,-0.94004163,0.14999042
2710,0.00856997,0.24743396,1.00000000,-0.83763335,0.21706318
2711,0.00082823,0.14243639,-1.00000000,-0.98070479,0.20509704
2712,0.02201509,0.21567202,1.00000000,-0.89270077,0.30436708
2713,0.00398933,0.15966627,1.00000000,-0.98980102,0.27115021
2714,0.00147012,0.31293754,1.00000000,-0.72406620,0.28234549
2715,-0.00651317,0.18253445,1.00000000,-0.95015321,0.22649804
2716,-0.01385484,0.16430986,1.00000000,-0.98175018,0.17213187
2717,0.01144189,0.10655664,-1.00000000,-0.91849808,0.13298312
2718,-0.02924977,0.05344504,-1.00000000,-0.82641559,0.00991067
2719,-0.01127390,0.23644826,1.00000000,-0.85667986,-0.03727588
2720,0.01256619,-0.05792592,-1.00000000,-0.63332563,0.03336813
2721,0.00834568,0.07211623,-1.00000000,-0.85878685,0.11556870
2722,0.00153003,0.24458172,1.00000000,-0.84257844,0.07886864
2723,0.01093280,0.21404946,1.00000000,-0.89551390,0.22765027
2724,0.00037295,0.16474326,1.00000000,-0.98099876,0.27077439
2725,-0.01619867,0.23276533,1.00000000,-0.86306516,0.16426844
2726,0.02476286,0.15637262,1.00000000,-0.99551140,0.22505534
2727,0.02676092,0.03648918,-1.00000000,-0.79701828,0.31847627
2728,-0.00389771,0.33281560,1.00000000,-0.68960250,0.26356424
2729,-0.00003732,0.34727014,1.00000000,-0.66454187,0.26204514
2730,0.01005801,0.12547757,-1.00000000,-0.95130235,0.35926421
2731,-0.02810831,0.15340460,-1.00000000,-0.99972097,0.16350128
2732,0.01365770,0.22643689,1.00000000,-0.87403712,0.11498475
2733,-0.00397439,-0.04966824,-1.00000000,-0.64764242,0.11470081
2734,-0.00606887,0.25247799,1.00000000,-0.82888825,0.09236814
2735,0.00511286,0.12492281,-1.00000000,-0.95034054,0.07405804
2736,-0.00459491,0.10977078,-1.00000000,-0.92407062,0.16111970
2737,-0.00449007,0.19066240,1.00000000,-0.93606133,0.09392503
2738,0.01311032,0.12043382,-1.00000000,-0.94255772,0.15718357
2739,-0.01857516,0.12119227,-1.00000000,-0.94387269,0.11087730
2740,-0.03500093,0.24851808,1.00000000,-0.83575376,-0.03764968
2741,0.01215406,0.01929705,-1.00000000,-0.76721135,0.02436575
2742,0.00530946,-0.09953130,-1.00000000,-0.56119209,0.06064988
2743,0.01702833,0.24160028,1.00000000,-0.84774753,0.07515689
2744,0.01563048,0.19208462,1.00000000,-0.93359554,0.20180807
2745,-0.00286818,0.27686204,1.00000000,-0.78661228,0.32078409
2746,-0.00614167,0.26674956,1.00000000,-0.80414483,0.25304156
2747,-0.00684374,0.13292542,-1.00000000,-0.96421510,0.20804262
2748,0.01087509,0.10924414,-1.00000000,-0.92315756,0.18525938
2749,0.01151589,0.10416518,-1.00000000,-0.91435188,0.17002455
2750,0.01208152,0.23234788,1.00000000,-0.86378892,0.22537793
2751,-0.00855847,0.23698358,1.00000000,-0.85575175,0.21642941
2752,0.00123939,0.24107549,1.00000000,-0.84865738,0.24635835
2753,0.00057693,0.09176042,-1.00000000,-0.89284506,0.20822795
2754,0.00219640,0.16264069,1.00000000,-0.98464412,0.17372122
2755,-0.01149426,0.15784828,1.00000000,-0.99295297,0.08642856
2756,-0.00039468,0.16956394,1.00000000,-0.97264089,0.11665613
2757,-0.00039500,0.07052209,-1.00000000,-0.85602301,0.11060457
2758,-0.00371185,0.15081939,-1.00000000,-0.99523885,0.09472476
2759,-0.00190348,0.15081708,-1.00000000,-0.99523485,0.07954438
2760,-0.03198168,0.12682212,-1.00000000,-0.95363347,0.00368683
2761,-0.00617947,0.13990433,-1.00000000,-0.97631482,-0.01773215
2762,0.00897100,-0.07768925,-1.00000000,-0.59906085,0.01694677
2763,-0.00025984,0.10897074,-1.00000000,-0.92268354,0.02972831
2764,0.00835040,0.21857315,1.00000000,-0.88767092,0.06769476
2765,-0.00127664,0.15179484,-1.00000000,-0.99693004,0.18138451
2766,0.03042565,0.21408362,1.00000000,-0.89545468,0.31692011
2767,-0.00244044,0.14443908,-1.00000000,-0.98417697,0.27466763
2768,0.00987088,0.37378173,1.00000000,-0.61857728,0.31217805
2769,0.00627268,0.13601979,-1.00000000,-0.96957997,0.30448498
2770,0.00499854,0.22508313,1.00000000,-0.87638422,0.32771969
2771,0.02222611,0.19905280,1.00000000,-0.92151443,0.29735973
2772,-0.05273567,0.18983533,1.00000000,-0.93749527,0.11113459
2773,-0.02344721,0.31446410,1.00000000,-0.72141952,-0.01223033
2774,-0.00341959,-0.22782902,-1.00000000,-0.33875528,-0.04811732
2775,-0.00347566,-0.01594867,-1.00000000,-0.70610390,-0.07949423
2776,-0.00824078,0.12893640,-1.00000000,-0.95729911,-0.19230216
2777,-0.01405228,0.12853076,-1.00000000,-0.95659583,-0.04907146
2778,0.02445125,0.09405867,-1.00000000,-0.89682967,0.12827933
2779,-0.00869043,0.05201676,-1.00000000,-0.82393931,0.10876330
2780,0.00794511,0.33056132,1.00000000,-0.69351088,0.15105031
2781,-0.00986668,0.09080576,-1.00000000,-0.89118993,0.14503018
2782,0.00553816,0.21115160,1.00000000,-0.90053808,0.21756655
2783,0.02546790,0.08229648,-1.00000000,-0.87643692,0.22133086
2784,0.01097033,0.19373914,1.00000000,-0.93072702,0.29412759
2785,-0.00906330,0.33791607,1.00000000,-0.68075954,0.23115155
2786,0.01280195,0.23303686,1.00000000,-0.86259440,0.31508533
2787,-0.03323075,0.08810830,-1.00000000,-0.88651318,0.17153795
2788,0.00084300,0.24628725,1.00000000,-0.83962147,0.08036080
2789,0.03552315,-0.08672537,-1.00000000,-0.58339444,0.17127108
2790,0.01440399,0.15977312,1.00000000,-0.98961577,0.25816206
2791,-0.01063379,0.41065841,1.00000000,-0.55464215,0.17138794
2792,-0.00618031,0.25787687,1.00000000,-0.81952790,0.27154600
2793,-0.01178907,0.07674698,-1.00000000,-0.86681544,0.22477396
2794,0.00708390,0.10896459,-1.00000000,-0.92267289,0.11947362
2795,0.02854729,0.06838938,-1.00000000,-0.85232541,0.17184116
2796,0.01666717,0.20492140,1.00000000,-0.91133971,0.27292683
2797,0.00565913,0.36019317,1.00000000,-0.64213651,0.31676406
2798,0.05724834,0.27424931,1.00000000,-0.79114211,0.57238481
2799,0.00005758,0.19461427,1.00000000,-0.92920976,0.54636886
2800,-0.00808913,0.56782412,1.00000000,-0.28215531,0.41071735
2801,-0.00472009,0.15409116,1.00000000,-0.99946690,0.33152801
2802,-0.01964023,0.09515570,-1.00000000,-0.89873165,0.23785355
2803,0.01495544,0.11952827,-1.00000000,-0.94098772,0.08125810
2804,0.00795372,0.01159203,-1.00000000,-0.75385273,0.11049466
2805,-0.01448107,0.26186615,1.00000000,-0.81261148,0.08682763
2806,0.00115397,0.21121389,1.00000000,-0.90043008,0.10857716
2807,0.00066937,0.04891479,-1.00000000,-0.81856124,0.18377630
2808,0.01080838,0.16202274,1.00000000,-0.98571548,0.16842126
2809,0.00937081,0.15851697,1.00000000,-0.99179362,0.17366824
2810,-0.02086616,0.23186529,1.00000000,-0.86462562,0.15002652
2811,-0.00588729,0.22146550,1.00000000,-0.88265630,0.12395526
2812,-0.02380143,0.00272333,-1.00000000,-0.73847657,0.03334871
2813,0.00469063,0.11108441,-1.00000000,-0.92634813,0.01069688
2814,-0.01272051,-0.01851114,-1.00000000,-0.70166121,-0.07109933
2815,0.02023140,0.18760788,1.00000000,-0.94135711,0.08107019
2816,0.02109609,0.06165113,-1.00000000,-0.84064294,0.18097996
2817,0.01833087,0.30003388,1.00000000,-0.74643798,0.33698073
2818,0.01209535,0.30628926,1.00000000,-0.73559268,0.36439773
2819,-0.04060037,0.28628494,1.00000000,-0.77027527,0.26116862
2820,0.00263114,0.24117553,1.00000000,-0.84848393,0.19600116
2821,-0.01657874,-0.14003908,-1.00000000,-0.49096154,0.05650479
2822,-0.01305424,0.17270895,1.00000000,-0.96718822,-0.05970301
2823,0.01810172,0.03373965,-1.00000000,-0.79225127,-0.03746359
2824,0.00721965,0.05923681,-1.00000000,-0.83645710,0.13959675
2825,0.01047161,0.28462718,1.00000000,-0.77314942,0.16862720
2826,0.01984133,0.20590343,1.00000000,-0.90963712,0.30347765
2827,-0.01737058,0.22942898,1.00000000,-0.86884958,0.28749578
2828,0.00910324,0.29721200,1.00000000,-0.75133044,0.25417766
2829,0.00645908,0.02801125,-1.00000000,-0.78231963,0.25136156
2830,-0.00245139,0.21952985,1.00000000,-0.88601224,0.20351234
2831,0.02002548,0.20040131,1.00000000,-0.91917645,0.20419417
2832,0.01367272,0.13594063,-1.00000000,-0.96944273,0.31913639
2833,0.01407988,0.29854416,1.00000000,-0.74902079,0.33756308
2834,-0.01170426,0.25258667,1.00000000,-0.82869981,0.27031074
2835,-0.00034434,0.25553213,1.00000000,-0.82359311,0.27811236
2836,-0.03008235,0.06900291,-1.00000000,-0.85338913,0.09258106
2837,0.00209785,0.15118353,-1.00000000,-0.99587019,0.04972345
2838,-0.06307591,-0.06394902,-1.00000000,-0.62288305,-0.23595670
2839,-0.02518881,0.16885099,1.00000000,-0.97387698,-0.28588514
2840,-0.01633536,-0.30263301,-1.00000000,-0.20906349,-0.34509413
2841,-0.00758340,-0.02854783,-1.00000000,-0.68426004,-0.26178857
2842,-0.01993659,0.03550032,-1.00000000,-0.79530385,-0.34337417
2843,-0.01853649,0.09881434,-1.00000000,-0.90507483,-0.17846071
2844,0.01959390,0.00944811,-1.00000000,-0.75013569,-0.01264643
2845,-0.01298267,0.01957679,-1.00000000,-0.76769634,-0.00023262
2846,-0.01961554,0.29542200,1.00000000,-0.75443385,-0.04478334
2847,0.05639055,0.05975457,-1.00000000,-0.83735476,0.23782865
2848,-0.00655444,0.01177063,-1.00000000,-0.75416237,0.28219389
2849,-0.00225175,0.56161865,1.00000000,-0.29291408,0.20130729
2850,-0.03455464,0.10625809,-1.00000000,-0.91798048,0.12143405
2851,-0.01281911,0.13738485,-1.00000000,-0.97194665,0.14659879
2852,-0.00225875,-0.09630269,-1.00000000,-0.56678972,-0.07055850
2853,0.01276187,0.06093779,-1.00000000,-0.83940618,0.00096285
2854,0.00921251,0.13733425,-1.00000000,-0.97185892,0.04341090
2855,-0.00317849,0.24599733,1.00000000,-0.84012411,0.15958550
2856,0.00056701,0.22032033,1.00000000,-0.88464175,0.20914952
2857,-0.02049745,0.13068057,-1.00000000,-0.96032308,0.14161814
2858,0.02445277,0.15777654,1.00000000,-0.99307735,0.18490536
2859,-0.00250384,0.00539067,-1.00000000,-0.74310109,0.14152390
2860,0.01272561,0.33057238,1.00000000,-0.69349170,0.20041109
2861,-0.02449455,0.13556115,-1.00000000,-0.96878480,0.10761712
2862,0.00057085,0.24573504,1.00000000,-0.84057887,0.18562547
2863,-0.02170618,-0.02352538,-1.00000000,-0.69296775,0.01471543
2864,-0.01361679,0.15780427,1.00000000,-0.99302928,-0.02643183
2865,-0.00552883,-0.00335360,-1.00000000,-0.72794066,-0.09402148
2866,-0.01575852,0.05516716,-1.00000000,-0.82940132,-0.06167511
2867,0.00068100,0.11367761,-1.00000000,-0.93084410,-0.06126726
2868,-0.00807244,0.03967333,-1.00000000,-0.80253881,-0.01078640
2869,-0.03001307,0.15860113,1.00000000,-0.99164771,-0.07149593
2870,-0.00230270,0.09527647,-1.00000000,-0.89894104,-0.05955073
2871,0.00255711,-0.06344780,-1.00000000,-0.62375204,0.00826548
2872,0.00530401,0.13701627,-1.00000000,-0.97130763,0.02538281
2873,-0.00372690,0.17217340,1.00000000,-0.96811672,0.04147279
2874,-0.00577712,0.19204518,1.00000000,-0.93366393,0.13120981
2875,0.01952292,0.12671325,-1.00000000,-0.95344472,0.21202226
2876,-0.00933355,0.11188142,-1.00000000,-0.92772995,0.16799544
2877,0.00346184,0.29490856,1.00000000,-0.75532403,0.16117455
2878,0.00885661,0.08615329,-1.00000000,-0.88312368,0.20776675
2879,-0.00536588,0.17871846,1.00000000,-0.95676919,0.20928942
2880,-0.01187259,0.21774561,1.00000000,-0.88910568,0.09304311
2881,-0.00280406,0.11485643,-1.00000000,-0.93288789,0.11721944
2882,-0.00508618,0.06778520,-1.00000000,-0.85127792,0.08556920
2883,-0.00398199,0.13338928,-1.00000000,-0.96501931,0.03803248
2884,0.00793138,0.11687987,-1.00000000,-0.93639604,0.08726745
2885,-0.00026227,0.12486782,-1.00000000,-0.95024518,0.13025629
2886,-0.00972929,0.21105227,1.00000000,-0.90071029,0.10461468
2887,0.01094942,0.15177730,-1.00000000,-0.99689963,0.16398873
2888,0.01004410,0.08329040,-1.00000000,-0.87816013,0.21592230
2889,-0.01330815,0.23288556,1.00000000,-0.86285671,0.13727998
2890,-0.03511334,0.22633623,1.00000000,-0.87421165,0.00823896
2891,0.02670723,0.05739999,-1.00000000,-0.83327251,0.14315030
2892,0.03399012,-0.10034451,-1.00000000,-0.55978218,0.22846173
2893,0.00204794,0.34688171,1.00000000,-0.66521531,0.19885486
2894,-0.00724690,0.39956802,1.00000000,-0.57387016,0.22129747
2895,-0.04911285,0.16848998,1.00000000,-0.97450288,0.16946233
2896,0.02723794,0.10124863,-1.00000000,-0.90929530,0.17142734
2897,0.02851249,-0.20162061,-1.00000000,-0.38419426,0.15114564
2898,-0.01808034,0.35072097,1.00000000,-0.65855899,0.07661784
2899,-0.02462328,0.35994141,1.00000000,-0.64257301,0.01227936
2900,0.03166096,0.02287672,-1.00000000,-0.77341761,0.31135576
2901,0.01267783,-0.02445663,-1.00000000,-0.69135318,0.25744491
2902,0.04937607,0.38271828,1.00000000,-0.60308348,0.33469527
2903,0.00400343,0.24538933,1.00000000,-0.84117824,0.41646352
2904,-0.01611714,0.51087404,1.00000000,-0.38089281,0.44795871
2905,-0.00260613,0.18263648,1.00000000,-0.94997632,0.32107997
2906,-0.00147498,0.03707903,-1.00000000,-0.79804093,0.26867722
2907,0.04386725,0.13482116,-1.00000000,-0.96750184,0.24828004
2908,-0.02634462,0.14300424,-1.00000000,-0.98168929,0.13591211
2909,0.01045128,0.47102179,1.00000000,-0.44998683,0.23428540
2910,-0.00146883,-0.03690927,-1.00000000,-0.66976335,0.23849641
2911,-0.01429542,0.22928187,1.00000000,-0.86910463,0.19102691
2912,-0.04509193,0.14304867,-1.00000000,-0.98176634,-0.13835699
2913,-0.00393993,0.05025780,-1.00000000,-0.82088969,-0.05540049
2914,-0.00494465,-0.17253224,-1.00000000,-0.43462635,-0.11240608
2915,-0.02740400,0.12517209,-1.00000000,-0.95077272,-0.20843468
2916,0.00912827,0.11790369,-1.00000000,-0.93817109,-0.12170518
2917,0.00178281,-0.04457310,-1.00000000,-0.65647616,0.05185514
2918,0.03811334,0.21971088,1.00000000,-0.88569838,0.20756330
2919,0.01104211,0.16657189,1.00000000,-0.97782836,0.26675655
2920,-0.00219066,0.42939647,1.00000000,-0.52215494,0.36011249
2921,0.00615172,0.23355613,1.00000000,-0.86169410,0.34909140
2922,0.00764733,0.13782682,-1.00000000,-0.97271293,0.37080561
2923,0.02215087,0.19817775,1.00000000,-0.92303156,0.31170234
2924,0.00219337,0.20899737,1.00000000,-0.90427299,0.27893862
2925,-0.00296864,0.31391982,1.00000000,-0.72236316,0.27605803
2926,-0.00640625,0.16954200,1.00000000,-0.97267892,0.22956039
2927,-0.01870513,0.13219869,-1.00000000,-0.96295512,0.13198672
2928,0.01658740,0.10733014,-1.00000000,-0.91983914,0.11138717
2929,0.00572590,0.01835680,-1.00000000,-0.76558118,0.12446685
2930,0.01504769,0.27367218,1.00000000,-0.79214270,0.19117486
2931,-0.00310930,0.19509724,1.00000000,-0.92837241,0.20338226
2932,0.01009691,0.26253356,1.00000000,-0.81145434,0.31002587
2933,0.00050945,0.13118111,-1.00000000,-0.96119088,0.25049499
2934,0.00239423,0.22671829,1.00000000,-0.87354925,0.23815904
2935,-0.00853634,0.15736008,1.00000000,-0.99379940,0.15083584
2936,-0.00021864,0.17099512,1.00000000,-0.97015957,0.16153891
2937,-0.00711118,0.09192050,-1.00000000,-0.89312261,0.09782352
2938,-0.00046871,0.15209287,-1.00000000,-0.99744676,0.09420176
2939,0.00190241,0.10223044,-1.00000000,-0.91099751,0.09238072
2940,-0.01709198,0.15028384,-1.00000000,-0.99431034,0.06070226
2941,-0.00663166,0.16743716,1.00000000,-0.97632820,0.03695715
2942,-0.00698123,0.03002675,-1.00000000,-0.78581402,0.03743833
2943,-0.01035255,0.10569940,-1.00000000,-0.91701185,0.00084203
2944,-0.02927468,0.10317058,-1.00000000,-0.91262750,-0.11459557
2945,-0.00103467,0.07878155,-1.00000000,-0.87034290,-0.05514111
2946,0.01048315,-0.05810613,-1.00000000,-0.63301319,0.00822890
2947,0.00649246,0.14618955,-1.00000000,-0.98721184,0.05811713
2948,-0.00534388,0.22951246,1.00000000,-0.86870484,0.07666242
2949,-0.00133040,0.20064277,1.00000000,-0.91875781,0.18013006
2950,0.01289651,0.11501556,-1.00000000,-0.93316379,0.23171223
2951,0.01513308,0.14405013,-1.00000000,-0.98350261,0.24892924
2952,0.00026487,0.24697137,1.00000000,-0.83843538,0.22587069
2953,-0.00249322,0.26315126,1.00000000,-0.81038340,0.23642569
2954,-0.00544023,0.15559072,1.00000000,-0.99686704,0.22120849
2955,0.02005662,0.13563803,-1.00000000,-0.96891810,0.24771978
2956,0.05705936,0.11431859,-1.00000000,-0.93195540,0.40295774
2957,-0.01634359,0.29876944,1.00000000,-0.74863021,0.34146259
2958,-0.00939788,0.56645697,1.00000000,-0.28452562,0.31589711
2959,0.00900240,0.03544079,-1.00000000,-0.79520063,0.36937297
2960,0.00115554,0.08568789,-1.00000000,-0.88231680,0.29938907
2961,0.00668450,0.21880035,1.00000000,-0.88727702,0.11286907
2962,-0.01031205,0.16203409,1.00000000,-0.98569580,0.13520169
2963,0.00709247,0.20203206,1.00000000,-0.91634913,0.19625953
2964,-0.03395515,0.07907451,-1.00000000,-0.87085082,0.03720315
2965,-0.05581266,0.20498340,1.00000000,-0.91123223,-0.17372964
2966,0.00272669,-0.09196583,-1.00000000,-0.57430878,-0.18838399
2967,-0.00155136,-0.25008880,-1.00000000,-0.30016228,-0.15594630
2968,0.01353779,0.17340021,1.00000000,-0.96598974,-0.13208160
2969,-0.00546416,0.14245166,-1.00000000,-0.98073126,-0.02658972
2970,0.02242050,0.25161052,1.00000000,-0.83039222,0.26307957
2971,-0.02266437,0.11414541,-1.00000000,-0.93165516,0.16906560
2972,0.04062214,0.31587037,1.00000000,-0.71898139,0.32521891
2973,0.02760057,-0.01028537,-1.00000000,-0.71592267,0.37728832
2974,-0.03423731,0.44754578,1.00000000,-0.49068849,0.27075168
2975,0.01182730,0.35334434,1.00000000,-0.65401071,0.23152888
2976,-0.00513563,-0.09400709,-1.00000000,-0.57076973,0.29643152
2977,-0.07032863,0.23923642,1.00000000,-0.85184588,-0.11437932
2978,-0.03610204,0.11652214,-1.00000000,-0.93577583,-0.35024721
2979,-0.01299707,-0.35510114,-1.00000000,-0.11809661,-0.27160222
2980,-0.02904654,-0.10749704,-1.00000000,-0.54738146,-0.42294338
2981,0.01019439,0.05965040,-1.00000000,-0.83717417,-0.36618184
2982,0.00827062,-0.05645567,-1.00000000,-0.63587469,-0.07515706
2983,0.00217286,0.22742348,1.00000000,-0.87232661,0.06656116
2984,0.03633749,0.21350640,1.00000000,-0.89645542,0.24922931
2985,-0.04469406,0.16939364,1.00000000,-0.97293615,0.19129216
2986,0.00955417,0.41654951,1.00000000,-0.54442842,0.18892166
2987,-0.01455939,-0.16965394,-1.00000000,-0.43961662,0.10439035
2988,0.04008951,0.22279198,1.00000000,-0.88035651,0.24478209
2989,0.01673575,0.04834816,-1.00000000,-0.81757885,0.17220388
2990,-0.04341731,0.44369263,1.00000000,-0.49736890,0.17693123
2991,0.01992624,0.27474538,1.00000000,-0.79028205,0.21533527
2992,0.01238105,-0.16041759,-1.00000000,-0.45563018,0.31508606
2993,-0.00985407,0.29782622,1.00000000,-0.75026552,0.13016293
2994,0.02785980,0.24324240,1.00000000,-0.84490050,0.17135130
2995,-0.01477426,0.08238771,-1.00000000,-0.87659510,0.27740625
2996,0.00895125,0.35521969,1.00000000,-0.65075931,0.23676982
2997,-0.02571660,0.04679377,-1.00000000,-0.81488391,0.09570790
2998,-0.01702379,0.21843030,1.00000000,-0.88791859,0.06916099
2999,-0.00803759,-0.03236600,-1.00000000,-0.67764027,-0.06375414
3000,0.00657732,0.03052007,-1.00000000,-0.78666931,0.01530307
3001,-0.01407419,0.09552859,-1.00000000,-0.89937816,-0.06995185
3002,-0.00664848,0.20125665,1.00000000,-0.91769350,0.00065054
3003,-0.01036554,0.05185825,-1.00000000,-0.82366449,0.02530365
3004,-0.00906699,0.10557777,-1.00000000,-0.91680096,0.02149212
3005,0.01688105,0.07868759,-1.00000000,-0.87017999,0.05964316
3006,-0.01158690,0.08808159,-1.00000000,-0.88646689,0.06885269
3007,0.00264188,0.27579658,1.00000000,-0.78845952,0.10325155
3008,-0.02232529,0.06985195,-1.00000000,-0.85486114,0.05896888
3009,-0.00841022,0.17278665,1.00000000,-0.96705350,0.06140068
3010,0.00376011,-0.00783240,-1.00000000,-0.72017553,0.01281855
3011,0.00854610,0.09283287,-1.00000000,-0.89470444,0.08736382
3012,-0.00916480,0.18087626,1.00000000,-0.95302810,0.04364792
3013,0.00286226,0.21549934,1.00000000,-0.89300016,0.13690838
3014,0.01228419,0.08737403,-1.00000000,-0.88524014,0.21353234
3015,0.00753012,0.17438095,1.00000000,-0.96428938,0.22749133
3016,-0.00186441,0.24254164,1.00000000,-0.84611543,0.18894493
3017,-0.00456835,0.20814950,1.00000000,-0.90574298,0.20596395
3018,0.01107733,0.14018694,-1.00000000,-0.97680480,0.23638139
3019,-0.00748983,0.12062599,-1.00000000,-0.94289090,0.16316531
3020,0.01482745,0.23381088,1.00000000,-0.86125243,0.19018470
3021,-0.00695579,0.09949122,-1.00000000,-0.90624839,0.17133318
3022,-0.02348369,0.26094029,1.00000000,-0.81421669,0.10129647
3023,0.00668957,0.10335463,-1.00000000,-0.91294660,0.08505019
3024,0.01896615,-0.01621253,-1.00000000,-0.70564644,0.18300719
3025,-0.00919247,0.20206872,1.00000000,-0.91628557,0.09407002
3026,0.00389497,0.29088072,1.00000000,-0.76230732,0.13424648
3027,0.01519910,0.08717384,-1.00000000,-0.88489306,0.27747493
3028,-0.01879572,0.18185185,1.00000000,-0.95133667,0.18311203
3029,0.00478623,0.26362886,1.00000000,-0.80955537,0.13060888
3030,-0.00708238,0.01770143,-1.00000000,-0.76444492,0.13842180
3031,-0.00593185,0.18829945,1.00000000,-0.94015811,0.10203662
3032,-0.00586930,0.10243882,-1.00000000,-0.91135880,0.02402790
3033,0.00085816,0.11076206,-1.00000000,-0.92578925,0.09679916
3034,0.05848128,0.11121453,-1.00000000,-0.92657372,0.29561264
3035,-0.00787829,0.15988275,1.00000000,-0.98942569,0.29266566
3036,-0.00063100,0.57674349,1.00000000,-0.26669131,0.31229282
3037,-0.00264200,0.09668099,-1.00000000,-0.90137613,0.32424238
3038,0.01015221,0.14910982,-1.00000000,-0.99227487,0.35865490
3039,0.01280143,0.13456171,-1.00000000,-0.96705203,0.18951883
3040,0.00096075,0.22711833,1.00000000,-0.87285567,0.22224661
3041,0.01139116,0.24628349,1.00000000,-0.83962798,0.26676035
3042,0.01090753,0.16062492,1.00000000,-0.98813897,0.31692939
3043,0.01489353,0.23608127,1.00000000,-0.85731613,0.33448481
3044,0.01532793,0.23258255,1.00000000,-0.86338206,0.34383952
3045,-0.01907056,0.26141831,1.00000000,-0.81338792,0.26967076
3046,-0.00471131,0.26456084,1.00000000,-0.80793954,0.21004909
3047,0.00363173,0.01571315,-1.00000000,-0.76099774,0.18310941
3048,0.00636452,0.11959176,-1.00000000,-0.94109779,0.15152955
3049,-0.00537785,0.17994750,1.00000000,-0.95463834,0.07486349
3050,0.00055098,0.19971722,1.00000000,-0.92036249,0.14751503
3051,0.01187955,0.11476981,-1.00000000,-0.93273772,0.20894503
3052,0.03586876,0.15766055,1.00000000,-0.99327846,0.32830719
3053,0.01575620,0.23961440,1.00000000,-0.85119055,0.36308121
3054,0.02004909,0.41315864,1.00000000,-0.55030736,0.45722805
3055,0.00729118,0.26765911,1.00000000,-0.80256789,0.48218459
3056,-0.00586362,0.29871497,1.00000000,-0.74872465,0.41648799
3057,-0.01132851,0.20642093,1.00000000,-0.90873989,0.24173345
3058,-0.01839146,0.11125564,-1.00000000,-0.92664501,0.11529692
3059,0.00795673,0.07172121,-1.00000000,-0.85810199,0.07052326
3060,0.02592351,0.02062597,-1.00000000,-0.76951537,0.13951209
3061,0.01720995,0.21123570,1.00000000,-0.90039227,0.22494523
3062,-0.01464153,0.34121209,1.00000000,-0.67504505,0.21267830
3063,0.00120031,0.27817589,1.00000000,-0.78433438,0.28521959
3064,0.00660553,0.04775394,-1.00000000,-0.81654861,0.28021656
3065,-0.00091132,0.16235797,1.00000000,-0.98513427,0.18085679
3066,0.02276512,0.20146071,1.00000000,-0.91733970,0.20142561
3067,-0.00668874,0.14708185,-1.00000000,-0.98875888,0.23087194
3068,0.04141763,0.31836348,1.00000000,-0.71465895,0.37978221
