seq_idx,target_return,feat_logret,feat_sign,feat_absret,feat_rollmean
0,-0.00823780,-0.09150253,-1.00000000,-0.92438957,-0.01753954
1,0.00281301,-0.05204469,-1.00000000,-0.99942363,0.00364038
2,0.01108918,-0.11565863,-1.00000000,-0.87845370,0.06210903
3,-0.01217262,-0.02990865,1.00000000,-0.95850117,0.01694744
4,0.00200338,0.03431117,1.00000000,-0.83637909,0.03003923
5,-0.00574143,-0.14619127,-1.00000000,-0.82039203,0.04603553
6,-0.00231991,-0.03619109,1.00000000,-0.97044803,0.01314461
7,0.00455917,-0.09628780,-1.00000000,-0.91528977,-0.02869863
8,0.00202512,-0.06973813,-1.00000000,-0.96577732,0.06227812
9,-0.00024477,-0.01635919,1.00000000,-0.93273516,0.04787233
10,0.00640686,-0.03602236,1.00000000,-0.97012717,0.12571656
11,-0.00945549,-0.05363588,-1.00000000,-0.99639779,0.07999299
12,0.01098673,-0.00202181,1.00000000,-0.90547083,0.12117972
13,0.00233479,-0.12510739,-1.00000000,-0.86048568,0.12316400
14,0.00580834,0.03351616,1.00000000,-0.83789090,0.16195132
15,0.01055193,-0.03361948,1.00000000,-0.96555779,0.18851224
16,0.01952872,-0.00666611,1.00000000,-0.91430255,0.37423817
17,-0.00109908,0.03014232,1.00000000,-0.84430668,0.29679435
18,0.00234751,0.09979868,1.00000000,-0.71184633,0.29687585
19,-0.00215729,-0.06026497,-1.00000000,-0.98379173,0.24583345
20,-0.01461192,-0.03352078,1.00000000,-0.96537010,0.08458773
21,0.00497239,-0.06847625,-1.00000000,-0.96817694,-0.00868676
22,0.00400333,-0.16511928,-1.00000000,-0.78439804,0.02400861
23,-0.00194519,-0.01315270,1.00000000,-0.92663762,-0.00349827
24,0.00854911,-0.02067228,1.00000000,-0.94093705,0.06510657
25,0.00867477,-0.06683043,-1.00000000,-0.97130668,0.21432375
26,-0.01502624,0.01460125,1.00000000,-0.87385999,0.08617587
27,0.00203729,0.01557628,1.00000000,-0.87200584,0.07357786
28,0.01486961,-0.16833425,-1.00000000,-0.77828436,0.18132431
29,0.00013442,-0.03592792,1.00000000,-0.96994758,0.12740437
30,-0.00918225,0.06364586,1.00000000,-0.78059548,0.01297956
31,0.00325475,-0.05069346,1.00000000,-0.99802611,0.13012110
32,0.00113870,-0.12298722,-1.00000000,-0.86451745,0.12436305
33,-0.00821909,-0.02648091,1.00000000,-0.95198289,-0.02358548
34,0.00246156,-0.04290067,1.00000000,-0.98320714,-0.00867360
35,0.01490735,-0.11551341,-1.00000000,-0.87872985,0.14568854
36,-0.00682621,-0.03263582,1.00000000,-0.96368723,0.08109138
37,-0.00174035,0.06393865,1.00000000,-0.78003869,0.06264290
38,0.01842042,-0.10470528,-1.00000000,-0.89928288,0.23334442
39,0.00990737,-0.06524099,-1.00000000,-0.97432920,0.28105595
40,0.01414702,0.09119875,1.00000000,-0.72820017,0.27618393
41,0.00616972,0.02514078,1.00000000,-0.85381773,0.35945970
42,-0.05103623,0.05803884,1.00000000,-0.79125793,0.04358000
43,-0.00424307,-0.00386191,1.00000000,-0.90897001,-0.10164387
44,0.00305043,-0.44775766,-1.00000000,-0.24692552,-0.14558201
45,0.04029208,-0.08466108,-1.00000000,-0.93739946,0.02195116
46,-0.01895048,-0.02806640,1.00000000,-0.95499790,-0.13901487
47,-0.00107655,0.26091425,1.00000000,-0.40546475,0.18111835
48,0.00302853,-0.19878481,-1.00000000,-0.72037879,0.22771353
49,-0.00334945,-0.06009016,-1.00000000,-0.98412414,0.18670421
50,0.02948663,-0.02823633,1.00000000,-0.95532104,0.11746468
51,-0.01249012,-0.07772692,-1.00000000,-0.95058563,0.15886159
52,0.00119228,0.17706818,1.00000000,-0.56490864,0.17339987
53,0.00223615,-0.14865494,-1.00000000,-0.81570705,0.16832243
54,0.00582004,-0.04248492,1.00000000,-0.98241654,0.22707894
55,0.00071890,-0.03438489,1.00000000,-0.96701330,0.04274016
56,0.00050465,-0.00657533,1.00000000,-0.91412992,0.12600844
57,0.02042553,-0.04615812,1.00000000,-0.98940159,0.24925191
58,0.00572307,-0.04782066,1.00000000,-0.99256312,0.27159555
59,0.01067628,0.10675760,1.00000000,-0.69861306,0.30271353
60,-0.00746056,-0.00732771,1.00000000,-0.91556068,0.25030088
61,0.00488608,0.03110720,1.00000000,-0.84247183,0.27837638
62,-0.02053169,-0.10962758,-1.00000000,-0.88992251,0.01592932
63,0.02086797,-0.01382244,1.00000000,-0.92791121,0.11297526
64,-0.03698086,-0.21105444,-1.00000000,-0.69704654,-0.19240372
65,0.00697785,0.11019072,1.00000000,-0.69208455,-0.09988478
66,-0.01642784,-0.33869355,-1.00000000,-0.45432468,-0.23646081
67,-0.02915255,0.00240886,1.00000000,-0.89704535,-0.29170183
68,-0.04842651,-0.17921010,-1.00000000,-0.75760256,-0.73572924
69,0.02294258,-0.27794893,-1.00000000,-0.56983822,-0.35174987
70,0.04448952,-0.42750728,-1.00000000,-0.28543417,-0.11138135
71,-0.05725185,0.12628887,1.00000000,-0.66147188,-0.37297478
72,0.00394262,0.29348474,1.00000000,-0.34352785,-0.16090642
73,-0.02121046,-0.49598844,-1.00000000,-0.15520861,0.01348947
74,0.00882122,-0.02114331,1.00000000,-0.94183278,-0.07699785
75,0.00171321,-0.21632140,-1.00000000,-0.68703076,-0.35110129
76,0.01278209,0.01671265,1.00000000,-0.86984490,0.09766447
77,-0.00621823,-0.03844268,1.00000000,-0.97472971,0.03255540
78,0.00520592,0.04744750,1.00000000,-0.81139869,0.20182715
79,0.02787068,-0.09998758,-1.00000000,-0.90825419,0.32389295
80,-0.01911582,-0.01134062,1.00000000,-0.92319173,0.19042398
81,-0.01896790,0.16452905,1.00000000,-0.58875337,-0.01302463
82,0.01867647,-0.20006783,-1.00000000,-0.71793895,0.14649648
83,0.01004062,-0.19891997,-1.00000000,-0.72012176,0.17747644
84,-0.00235318,0.09318559,1.00000000,-0.72442195,-0.01619300
85,0.00948366,0.02617478,1.00000000,-0.85185146,0.16706768
86,0.02026137,-0.06999627,-1.00000000,-0.96528643,0.41844226
87,-0.00867100,0.02185292,1.00000000,-0.86007002,0.24320421
88,-0.01169808,0.10548379,1.00000000,-0.70103538,0.10390626
89,-0.00338528,-0.11902011,-1.00000000,-0.87206141,0.09729271
90,0.00102455,-0.14250902,-1.00000000,-0.82739430,0.04308822
91,0.01302066,-0.07800499,-1.00000000,-0.95005684,-0.00330904
92,0.02965021,-0.04378638,1.00000000,-0.98489143,0.24224688
93,-0.01819390,0.04929871,1.00000000,-0.80787838,0.20062272
94,0.02382427,0.17833749,1.00000000,-0.56249487,0.37497698
95,-0.01581566,-0.19291408,-1.00000000,-0.73154272,0.26706771
96,-0.02127389,0.13313049,1.00000000,-0.64846169,0.04731398
97,0.04025546,-0.17445985,-1.00000000,-0.76663577,0.11527063
98,-0.03697120,-0.21681356,-1.00000000,-0.68609484,-0.00505118
99,0.01606716,0.26063006,1.00000000,-0.40600518,-0.05475744
100,0.00354382,-0.33861858,-1.00000000,-0.45446723,0.06929488
101,0.08672682,0.07293835,1.00000000,-0.76292463,0.76134537
102,0.01617137,-0.02423784,1.00000000,-0.94771741,0.60701856
103,-0.05022126,0.62122966,1.00000000,0.27972043,0.52211443
104,0.02423061,0.07374697,1.00000000,-0.76138694,0.57442442
105,0.01588794,-0.44143382,-1.00000000,-0.25895109,0.65352344
106,-0.00221959,0.13628349,1.00000000,-0.64246586,0.08356972
107,0.00555881,0.07154765,1.00000000,-0.76556922,0.01556622
108,0.00832706,-0.06895966,-1.00000000,-0.96725768,0.39073405
109,-0.00431254,-0.00860233,1.00000000,-0.91798452,0.20783436
110,-0.02097876,0.01287820,1.00000000,-0.87713658,-0.02840128
111,0.00823352,-0.08520013,-1.00000000,-0.93637438,0.03858047
112,-0.00659827,-0.21452349,-1.00000000,-0.69044970,-0.03932009
113,-0.01463084,0.01215234,1.00000000,-0.87851689,-0.18643049
114,-0.01814784,-0.10293654,-1.00000000,-0.90264636,-0.27508482
115,-0.01428033,-0.16526613,-1.00000000,-0.78411877,-0.23216240
116,0.00082646,-0.19255669,-1.00000000,-0.73222234,-0.27962557
117,-0.03054733,-0.16254630,-1.00000000,-0.78929087,-0.43308715
118,-0.00589145,-0.04532350,1.00000000,-0.98781445,-0.37708655
119,-0.00720299,-0.28877187,-1.00000000,-0.54925704,-0.30695373
120,0.00372192,-0.09745184,-1.00000000,-0.91307621,-0.19159833
121,-0.00814222,-0.10762888,-1.00000000,-0.89372329,-0.24906818
122,0.01576902,-0.02285590,1.00000000,-0.94508948,0.04771929
123,-0.00529980,-0.11491700,-1.00000000,-0.87986400,0.05151044
124,0.01733333,0.07062492,1.00000000,-0.76732390,0.20873504
125,0.03865430,-0.09286091,-1.00000000,-0.92180644,0.43257592
126,0.02763074,0.08276332,1.00000000,-0.74424121,0.66180311
127,0.01984221,0.24820573,1.00000000,-0.42963161,0.68790343
128,-0.00019945,0.16266721,1.00000000,-0.59229389,0.72058561
129,-0.00798879,0.10223128,1.00000000,-0.70722042,0.55832571
130,-0.03884221,-0.05328420,-1.00000000,-0.99706654,0.06174104
131,0.01558272,-0.11372640,-1.00000000,-0.88212807,-0.01546070
132,0.01485603,-0.35313684,-1.00000000,-0.42685893,-0.04741136
133,0.00896653,0.06917924,1.00000000,-0.77007305,0.01132273
134,-0.01579483,0.06354041,1.00000000,-0.78079600,-0.03869708
135,0.02180569,0.01784025,1.00000000,-0.86770062,0.34992446
136,0.01293382,-0.17429824,-1.00000000,-0.76694308,0.33295080
137,-0.01103529,0.11746705,1.00000000,-0.67824770,0.16704360
138,-0.00736561,0.04862487,1.00000000,-0.80915977,0.06238995
139,-0.00803409,-0.13736603,-1.00000000,-0.83717434,0.11211948
140,-0.02659961,-0.10889080,-1.00000000,-0.89132358,-0.19805355
141,0.01246353,-0.11407794,-1.00000000,-0.88145958,-0.20106709
142,0.00400507,-0.25813909,-1.00000000,-0.60750914,-0.10469101
143,0.00375817,0.04497561,1.00000000,-0.81609931,-0.03341165
144,-0.03010437,-0.02065876,1.00000000,-0.94091134,-0.17483432
145,-0.00086771,-0.02257458,1.00000000,-0.94455451,-0.00994862
146,0.00727361,-0.28533468,-1.00000000,-0.55579329,-0.04320476
147,-0.01449185,-0.05846963,-1.00000000,-0.98720579,-0.16172991
148,-0.01548525,0.00470386,1.00000000,-0.89268112,-0.28503854
149,-0.00493641,-0.16418759,-1.00000000,-0.78616977,-0.12376645
150,0.00849792,-0.17189600,-1.00000000,-0.77151124,-0.06375303
151,-0.01135750,-0.09004115,-1.00000000,-0.92716857,-0.18313806
152,0.00262230,0.01420403,1.00000000,-0.87461535,-0.07347349
153,-0.02823887,-0.13986626,-1.00000000,-0.83241985,-0.15519657
154,-0.01084414,-0.03138853,1.00000000,-0.96131535,-0.19305231
155,-0.00738958,-0.27085911,-1.00000000,-0.58332041,-0.29485677
156,0.00881156,-0.13588282,-1.00000000,-0.83999485,-0.16561684
157,-0.04062904,-0.10907677,-1.00000000,-0.89096994,-0.44276417
158,-0.00688761,0.01663771,1.00000000,-0.86998739,-0.30594884
159,-0.01716924,-0.36700197,-1.00000000,-0.40049264,-0.34647903
160,-0.00011436,-0.10518166,-1.00000000,-0.89837698,-0.29986063
161,-0.00892714,-0.18496313,-1.00000000,-0.74666245,-0.41352724
162,0.00780575,-0.05262389,-1.00000000,-0.99832220,-0.10316522
163,-0.00853110,-0.12100765,-1.00000000,-0.86828186,-0.11369645
164,0.00021424,0.00883303,1.00000000,-0.88482899,-0.00230599
165,0.00024589,-0.11793453,-1.00000000,-0.87412578,0.00000239
166,-0.00926365,-0.05007410,1.00000000,-0.99684832,-0.00215389
167,-0.00512922,-0.04982853,1.00000000,-0.99638134,-0.08503900
168,-0.00823244,-0.12361882,-1.00000000,-0.86331639,-0.08312526
169,0.00974408,-0.09153726,-1.00000000,-0.92432353,-0.02205966
170,0.00436943,-0.11561707,-1.00000000,-0.87853273,0.00436333
171,-0.00742679,0.02387369,1.00000000,-0.85622726,0.01613359
172,0.01608344,-0.01783144,1.00000000,-0.93553482,0.15206079
173,0.01009716,-0.10936554,-1.00000000,-0.89042080,0.26951379
174,-0.02057775,0.07306470,1.00000000,-0.76268436,0.07521657
175,0.03520667,0.02661344,1.00000000,-0.85101729,0.27281643
176,0.00790340,-0.21141184,-1.00000000,-0.69636689,0.37104971
177,-0.01243056,0.22145345,1.00000000,-0.48050444,0.18833676
178,-0.03943913,0.00959072,1.00000000,-0.88338813,-0.12908347
179,0.02016132,-0.14819279,-1.00000000,-0.81658590,0.13196569
180,-0.02131570,-0.35776874,-1.00000000,-0.41805080,-0.23022019
181,0.07048434,0.10470740,1.00000000,-0.70251177,0.17078803
182,-0.04322772,-0.21713799,-1.00000000,-0.68547789,-0.02655506
183,0.00793791,0.49519436,1.00000000,0.04004841,0.27702909
184,0.01355841,-0.38716674,-1.00000000,-0.36214679,0.23471879
185,0.00174005,0.00985854,1.00000000,-0.88287884,0.38245613
186,0.00101600,0.05347145,1.00000000,-0.79994340,-0.06268539
187,-0.00381778,-0.03823446,1.00000000,-0.97433374,0.18984692
188,-0.00853323,-0.04385278,1.00000000,-0.98501769,0.08430261
189,-0.03673999,-0.08136103,-1.00000000,-0.94367492,-0.23800112
190,-0.01715417,-0.11795106,-1.00000000,-0.87409436,-0.35907206
191,-0.03042544,-0.33682443,-1.00000000,-0.45787903,-0.56054352
192,-0.00004385,-0.18484614,-1.00000000,-0.74688492,-0.53636081
193,-0.00929661,-0.28782600,-1.00000000,-0.55105573,-0.54125242
194,0.00064258,-0.05207681,-1.00000000,-0.99936255,-0.30171120
195,-0.01162643,-0.12387459,-1.00000000,-0.86283001,-0.26629041
196,-0.02794554,-0.04675037,1.00000000,-0.99052782,-0.25039964
197,0.00032271,-0.14195309,-1.00000000,-0.82845146,-0.24805076
198,-0.00485460,-0.26858297,-1.00000000,-0.58764879,-0.21958708
199,-0.01139005,-0.04923241,1.00000000,-0.99524774,-0.29669018
200,-0.00624604,-0.08940631,-1.00000000,-0.92837579,-0.26221351
201,0.00823604,-0.14011888,-1.00000000,-0.83193944,-0.03036801
202,-0.00716073,-0.10020334,-1.00000000,-0.90784388,-0.07832063
203,0.01718883,0.01217191,1.00000000,-0.87847968,0.06292999
204,0.01295317,-0.10730096,-1.00000000,-0.89434686,0.21891727
205,-0.00047898,0.08164208,1.00000000,-0.74637339,0.25587160
206,-0.01249918,0.04877497,1.00000000,-0.80887434,0.12300382
207,0.00073416,-0.05545324,-1.00000000,-0.99294184,0.17359291
208,0.01584298,-0.14872524,-1.00000000,-0.81557337,0.16496892
209,-0.00453604,-0.04603976,1.00000000,-0.98917650,0.05290102
210,-0.01921266,0.07119880,1.00000000,-0.76623261,-0.06714124
211,0.01321432,-0.08693441,-1.00000000,-0.93307643,0.09762655
212,-0.00738984,-0.20081922,-1.00000000,-0.71651009,0.04556931
213,-0.01875337,0.05080143,1.00000000,-0.80502077,-0.17611830
214,-0.01497265,-0.10907882,-1.00000000,-0.89096604,-0.24299433
215,0.00039181,-0.19725532,-1.00000000,-0.72328730,-0.11737219
216,-0.01945225,-0.16791839,-1.00000000,-0.77907518,-0.32669410
217,-0.00466146,-0.04869624,1.00000000,-0.99422814,-0.30921108
218,0.01126218,-0.20267835,-1.00000000,-0.71297472,-0.11687645
219,-0.01274146,-0.08790764,-1.00000000,-0.93122571,-0.10257942
220,-0.02836296,0.03565360,1.00000000,-0.83382628,-0.28683518
221,-0.00013721,-0.15060530,-1.00000000,-0.81199820,-0.16306767
222,0.00262304,-0.27182200,-1.00000000,-0.58148935,-0.11638979
223,-0.01568115,-0.05280125,-1.00000000,-0.99798494,-0.28903816
224,-0.00418836,-0.03138275,1.00000000,-0.96130435,-0.23423130
225,-0.01538499,-0.17341611,-1.00000000,-0.76862058,-0.15107062
226,0.00857458,-0.08423656,-1.00000000,-0.93820672,-0.09524694
227,-0.00534583,-0.17111802,-1.00000000,-0.77299068,-0.14631018
228,0.01248257,0.01479881,1.00000000,-0.87348429,0.03415820
229,0.00427416,-0.09321811,-1.00000000,-0.92112717,0.08838463
230,-0.00086003,0.04512330,1.00000000,-0.81581846,0.18145812
231,-0.01042052,-0.01857070,1.00000000,-0.93694062,0.05974070
232,-0.00070996,-0.05841005,-1.00000000,-0.98731909,0.08944658
233,0.00767834,-0.13259572,-1.00000000,-0.84624569,0.05866191
234,-0.02496110,-0.05724557,-1.00000000,-0.98953349,-0.12867274
235,0.03323462,0.00784439,1.00000000,-0.88670901,0.08980011
236,0.02911020,-0.24542486,-1.00000000,-0.63168684,0.34310636
237,0.02290548,0.20615113,1.00000000,-0.50960373,0.49443015
238,-0.02919159,0.17414720,1.00000000,-0.57046324,0.25817384
239,0.01133126,0.12600100,1.00000000,-0.66201932,0.49072921
240,-0.03706209,-0.27825179,-1.00000000,-0.56926229,0.04027961
241,-0.00675770,0.03618964,1.00000000,-0.83280694,-0.18955586
242,-0.00133198,-0.33932386,-1.00000000,-0.45312607,-0.34486541
243,-0.00021584,-0.10417363,-1.00000000,-0.90029388,-0.15919370
244,0.02983641,-0.06207215,-1.00000000,-0.98035515,-0.04061585
245,-0.02043057,-0.05341138,-1.00000000,-0.99682469,0.06595615
246,-0.01435825,0.17978229,1.00000000,-0.55974741,0.01725310
247,0.01128869,-0.21026977,-1.00000000,-0.69853868,0.09812421
248,-0.00820618,-0.16315092,-1.00000000,-0.78814112,0.04692347
249,-0.01215912,0.03585928,1.00000000,-0.83343516,-0.22217680
250,0.03820364,-0.11541327,-1.00000000,-0.87892028,0.15354139
251,-0.05459551,-0.14608650,-1.00000000,-0.82059126,-0.10429227
252,0.00468843,0.24470871,1.00000000,-0.43628162,-0.14658565
253,0.01548586,-0.47537633,-1.00000000,-0.19440512,0.00522899
254,-0.02988882,-0.01535618,1.00000000,-0.93082781,-0.10838001
255,-0.01537663,0.06842769,1.00000000,-0.77150222,-0.45171336
256,0.01740581,-0.28366209,-1.00000000,-0.55897394,0.00965909
257,-0.05350748,-0.17105312,-1.00000000,-0.77311408,-0.36325055
258,0.02706361,0.08332575,1.00000000,-0.74317168,-0.28906229
259,0.05272726,-0.46693363,-1.00000000,-0.21045999,0.24032776
260,0.00990865,0.15826646,1.00000000,-0.60066247,0.40235155
261,0.00711573,0.35740638,1.00000000,-0.22197280,0.33641445
262,-0.04988727,0.02515068,1.00000000,-0.85379891,0.35961215
263,-0.00335186,0.00347878,1.00000000,-0.89501077,0.16471494
264,-0.00217356,-0.43884222,-1.00000000,-0.26387936,-0.18708037
265,-0.07534294,-0.07774564,-1.00000000,-0.95055002,-0.73335826
266,-0.01696868,-0.06860252,-1.00000000,-0.96793682,-0.88768713
267,0.07227645,-0.63636823,-1.00000000,0.11174127,-0.10488246
268,0.03472749,-0.18340682,-1.00000000,-0.74962198,0.13912362
269,-0.03469624,0.50910040,1.00000000,0.06649251,-0.06927624
270,0.00930762,0.21773517,1.00000000,-0.48757522,0.47315035
271,0.02435131,-0.32096575,-1.00000000,-0.48803632,0.73792194
272,0.01775431,0.02048693,1.00000000,-0.86266763,0.38855317
273,0.00136254,0.13722013,1.00000000,-0.64068471,0.17475616
274,-0.01572282,0.08602992,1.00000000,-0.73802935,0.29633463
275,-0.02263683,-0.04116376,1.00000000,-0.97990418,0.09163999
276,-0.01313738,-0.17373948,-1.00000000,-0.76800564,-0.14858130
277,0.00659206,-0.22738945,-1.00000000,-0.66598346,-0.22010709
278,-0.00732956,-0.15367746,-1.00000000,-0.80615610,-0.27580458
279,0.01125557,-0.00058472,1.00000000,-0.90273801,-0.10293158
280,0.03795644,-0.10861102,-1.00000000,-0.89185563,0.28533995
281,0.03185212,0.03560226,1.00000000,-0.83392392,0.57362516
282,-0.04038091,0.24279059,1.00000000,-0.43992918,0.27263020
283,0.00742288,0.19542346,1.00000000,-0.53000374,0.36716135
284,0.03188792,-0.36507659,-1.00000000,-0.40415399,0.49937001
285,-0.01664114,0.00586212,1.00000000,-0.89047855,0.14951785
286,0.01932889,0.19570122,1.00000000,-0.52947555,0.06927107
287,-0.00625993,-0.18086525,-1.00000000,-0.75445509,0.28791259
288,-0.01148973,0.09824809,1.00000000,-0.71479497,0.16672374
289,-0.00084277,-0.10031117,-1.00000000,-0.90763883,-0.04300904
290,-0.00113109,-0.14089234,-1.00000000,-0.83046862,0.05637677
291,-0.00858384,-0.05827610,-1.00000000,-0.98757381,-0.12248331
292,0.00411639,-0.06051333,-1.00000000,-0.98331944,-0.05599355
293,0.01048805,-0.11834374,-1.00000000,-0.87334763,0.08483638
294,0.00060286,-0.01979494,1.00000000,-0.93926868,0.09409973
295,-0.01089836,0.02964662,1.00000000,-0.84524931,0.03151271
296,0.00383046,-0.04705860,1.00000000,-0.99111396,0.11106143
297,0.00050298,-0.13630350,-1.00000000,-0.83919487,0.08790731
298,0.01019229,-0.02201368,1.00000000,-0.94348789,0.08601211
299,-0.04865508,-0.04783358,1.00000000,-0.99258769,-0.22962447
300,0.00296013,0.02735162,1.00000000,-0.84961354,-0.14082163
301,0.01041394,-0.42928086,-1.00000000,-0.28206149,-0.09863581
302,0.00732366,-0.02876710,1.00000000,-0.95633038,-0.05493007
303,-0.00836724,0.02907153,1.00000000,-0.84634292,-0.17385640
304,0.04223261,0.00509218,1.00000000,-0.89194269,0.40853670
305,-0.04305445,-0.11666302,-1.00000000,-0.87654372,0.11368297
306,0.01094970,0.27597202,1.00000000,-0.37683051,0.11711609
307,0.00164732,-0.38582223,-1.00000000,-0.36470354,0.08074310
308,-0.01927756,0.03322889,1.00000000,-0.83843719,0.01083158
309,-0.03007032,-0.03895394,1.00000000,-0.97570194,-0.45247349
310,0.13553990,-0.20132285,-1.00000000,-0.71555239,0.69192923
311,-0.04158491,-0.28507039,-1.00000000,-0.55629587,0.35529620
312,0.00060811,1.00000000,1.00000000,1.00000000,0.34863710
313,-0.03029962,-0.37441916,-1.00000000,-0.38638793,0.27800958
314,0.00588480,-0.04701783,1.00000000,-0.99103643,0.50840392
315,0.02500378,-0.28684972,-1.00000000,-0.55291225,-0.19989304
316,0.00471793,-0.00607281,1.00000000,-0.91317432,0.09680784
317,0.02796842,0.14228300,1.00000000,-0.63105704,0.27212809
318,0.02413371,-0.01512722,1.00000000,-0.93039241,0.62092777
319,-0.05045055,0.16528742,1.00000000,-0.58731123,0.25994032
320,-0.01046905,0.13553161,1.00000000,-0.64389565,0.03263637
321,-0.02145653,-0.44321300,-1.00000000,-0.25556776,-0.13508521
322,-0.02973739,-0.13297227,-1.00000000,-0.84552963,-0.50485434
323,-0.01097643,-0.21823080,-1.00000000,-0.68339979,-0.72983425
324,0.02206876,-0.28248702,-1.00000000,-0.56120847,-0.26514270
325,0.00706356,-0.13690933,-1.00000000,-0.83804281,-0.15279664
326,0.01573493,0.11950838,1.00000000,-0.67436585,0.08551998
327,-0.00014588,0.00307396,1.00000000,-0.89578059,0.27513741
328,-0.00504716,0.07036033,1.00000000,-0.76782707,0.31313116
329,0.02390807,-0.05286851,-1.00000000,-0.99785702,0.32491716
330,0.00191414,-0.09090054,-1.00000000,-0.92553433,0.29192049
331,0.00528049,0.13378072,1.00000000,-0.64722518,0.22493023
332,0.02082038,-0.03688359,1.00000000,-0.97176490,0.35927852
333,0.01563022,-0.01076199,1.00000000,-0.92209138,0.49177571
334,0.00217838,0.10982147,1.00000000,-0.69278673,0.35253547
335,-0.00996235,0.06954782,1.00000000,-0.76937214,0.27643293
336,0.00513995,-0.03483319,1.00000000,-0.96786581,0.27553240
337,0.00776138,-0.12904047,-1.00000000,-0.85300645,0.19185249
338,-0.01899111,-0.01185249,1.00000000,-0.92416511,-0.02999518
339,0.00927763,0.00848871,1.00000000,-0.88548374,0.01549568
340,-0.01647793,-0.19910011,-1.00000000,-0.71977920,-0.02625505
341,0.00789520,0.02025427,1.00000000,-0.86311005,-0.00859992
342,-0.00054711,-0.17959880,-1.00000000,-0.75686341,-0.06183933
343,-0.00554087,0.00952710,1.00000000,-0.88350913,0.02434754
344,0.00204595,-0.05598190,-1.00000000,-0.99193652,-0.02199189
345,-0.01764418,-0.09473153,-1.00000000,-0.91824921,-0.02946506
346,0.00603603,-0.03586077,1.00000000,-0.96981989,-0.04137826
347,-0.00718562,-0.18864848,-1.00000000,-0.73965429,-0.08391669
348,-0.00260423,-0.00489928,1.00000000,-0.91094271,-0.06509916
349,0.00976879,-0.10749409,-1.00000000,-0.89397959,-0.01561250
350,0.00117483,-0.07194432,-1.00000000,-0.96158196,0.10497659
351,0.00872144,0.02406544,1.00000000,-0.85586264,0.12218425
352,0.00839603,-0.04262032,1.00000000,-0.98267401,0.22202881
353,0.00830046,0.01593845,1.00000000,-0.87131712,0.29190422
354,-0.00441363,0.01341335,1.00000000,-0.87611893,0.20102563
355,0.00357271,0.01267178,1.00000000,-0.87752910,0.21639086
356,0.00096522,-0.08598461,-1.00000000,-0.93488260,0.16669026
357,0.01439602,-0.02401369,1.00000000,-0.94729116,0.20513720
358,0.00429363,-0.04424683,1.00000000,-0.98576703,0.17946214
359,-0.00867876,0.05997094,1.00000000,-0.78758380,0.15213193
360,-0.00637930,-0.01841961,1.00000000,-0.93665331,0.08836114
361,-0.00302478,-0.11908031,-1.00000000,-0.87194694,0.06279392
362,0.00127388,-0.10123736,-1.00000000,-0.90587756,-0.02129055
363,-0.01154383,-0.07520762,-1.00000000,-0.95537639,-0.12277434
364,0.01371302,-0.04185172,1.00000000,-0.98121242,0.02070842
365,-0.04300996,-0.14131210,-1.00000000,-0.82967040,-0.21401477
366,0.00666804,0.05467111,1.00000000,-0.79766210,-0.15190479
367,-0.00384687,-0.38547699,-1.00000000,-0.36536006,-0.18471769
368,-0.00188293,0.00000488,1.00000000,-0.90161683,-0.12281232
369,-0.00585651,-0.08158672,-1.00000000,-0.94324574,-0.24821058
370,0.01850107,-0.06634737,-1.00000000,-0.97222529,0.14594184
371,0.00204283,-0.09718077,-1.00000000,-0.91359167,0.11630423
372,0.00699051,0.09182455,1.00000000,-0.72701014,0.18574831
373,-0.01393308,-0.03588498,1.00000000,-0.96986592,0.10853297
374,0.02830799,0.00250706,1.00000000,-0.89685861,0.32745341
375,-0.00983706,-0.15985180,-1.00000000,-0.79441480,0.14586741
376,0.00497870,0.16792241,1.00000000,-0.58230046,0.16467996
377,0.01781798,-0.12806825,-1.00000000,-0.85485525,0.23406057
378,0.01312143,-0.01310379,1.00000000,-0.92654462,0.40742136
379,0.00788041,0.08652398,1.00000000,-0.73708984,0.27652483
380,-0.00028475,0.05008062,1.00000000,-0.80639149,0.33773440
381,0.00743257,0.00941236,1.00000000,-0.88372731,0.35345840
382,0.02733204,-0.05394610,-1.00000000,-0.99580786,0.41442294
383,0.03148815,0.00593729,1.00000000,-0.89033560,0.53211382
384,0.00837936,0.16034941,1.00000000,-0.59670148,0.53531100
385,-0.01311193,0.19259919,1.00000000,-0.53537446,0.45311660
386,0.00498144,0.01328400,1.00000000,-0.87636490,0.43741021
387,0.00139674,-0.15347996,-1.00000000,-0.80653167,0.27122113
388,0.00290648,-0.01308247,1.00000000,-0.92650406,0.08807456
389,0.00603946,-0.04089839,1.00000000,-0.97939955,0.07308087
390,-0.00597868,-0.02918339,1.00000000,-0.95712200,0.11878952
391,-0.01340536,-0.00487270,1.00000000,-0.91089215,0.00096998
392,0.00047894,-0.09812877,-1.00000000,-0.91178894,-0.00491113
393,-0.00639572,-0.15575684,-1.00000000,-0.80220190,-0.06451803
394,-0.00621716,-0.04802016,1.00000000,-0.99294249,-0.14305642
395,-0.00672586,-0.10136477,-1.00000000,-0.90563527,-0.14784419
396,0.00999639,-0.09997929,-1.00000000,-0.90826994,0.00211027
397,-0.01456268,-0.10392656,-1.00000000,-0.90076372,-0.09427389
398,-0.01074776,0.02583154,1.00000000,-0.85250417,-0.12216107
399,-0.03415136,-0.16473721,-1.00000000,-0.78512458,-0.30115874
400,0.01700117,-0.13513494,-1.00000000,-0.84141704,-0.14911992
401,0.03188672,-0.31673773,-1.00000000,-0.49607643,-0.00885037
402,0.02791186,0.08018588,1.00000000,-0.74914254,0.26331936
403,-0.00194740,0.19569189,1.00000000,-0.52949329,0.31971063
404,-0.00055851,0.16484858,1.00000000,-0.58814575,0.53496800
405,-0.01711718,-0.06684755,-1.00000000,-0.97127412,0.31634333
406,0.00420373,-0.05607037,-1.00000000,-0.99176830,0.13895540
407,-0.00474596,-0.18455914,-1.00000000,-0.74743069,-0.07031048
408,-0.00310319,-0.01911722,1.00000000,-0.93797991,-0.07771662
409,0.00292892,-0.08856336,-1.00000000,-0.92997878,-0.05536976
410,0.00987094,-0.07581607,-1.00000000,-0.95421935,0.11756560
411,0.00156725,-0.02900928,1.00000000,-0.95679091,0.10067149
412,-0.00036554,0.02485810,1.00000000,-0.85435528,0.12874050
413,-0.01032306,-0.03957526,1.00000000,-0.97688346,0.08247679
414,-0.00259052,-0.05457299,-1.00000000,-0.99461574,0.04710918
415,0.00075781,-0.13183943,-1.00000000,-0.84768386,-0.01128623
416,-0.00029466,-0.07183792,-1.00000000,-0.96178430,-0.02321706
417,0.00387549,-0.04585621,1.00000000,-0.98882747,0.00395874
418,0.01104133,-0.05402299,-1.00000000,-0.99566165,0.14085817
419,0.00892599,-0.02166428,1.00000000,-0.94282346,0.21465400
420,-0.00910127,0.03393986,1.00000000,-0.83708517,0.15147867
421,-0.00666494,0.01752564,1.00000000,-0.86829888,0.11065899
422,0.00242954,-0.12235881,-1.00000000,-0.86571245,0.10139364
423,0.00743261,-0.10345385,-1.00000000,-0.90166263,0.07826960
424,-0.01414796,-0.03288422,1.00000000,-0.96415958,-0.06958439
425,0.00421023,0.00593765,1.00000000,-0.89033491,0.01571348
426,-0.01019774,-0.16151914,-1.00000000,-0.79124415,-0.00692411
427,-0.00163393,-0.01906679,1.00000000,-0.93788401,-0.03296217
428,-0.00423665,-0.13086699,-1.00000000,-0.84953309,-0.10773689
429,0.00558257,-0.06441519,-1.00000000,-0.97589957,0.01869301
430,0.00358008,-0.08461130,-1.00000000,-0.93749411,0.01465510
431,-0.00288284,-0.00841800,1.00000000,-0.91763399,0.06152776
432,-0.00381609,-0.02395652,1.00000000,-0.94718244,0.04754483
433,0.00583455,-0.07410622,-1.00000000,-0.95747084,0.11207940
434,-0.01434275,-0.08134792,-1.00000000,-0.94369984,-0.01559872
435,-0.00940449,-0.00646272,1.00000000,-0.91391578,-0.09880166
436,0.00624900,-0.16303068,-1.00000000,-0.78836977,-0.04028637
437,0.00948172,-0.12471168,-1.00000000,-0.86123819,0.04492381
438,-0.01003813,-0.00324675,1.00000000,-0.90780020,-0.05678563
439,0.00203074,0.02183793,1.00000000,-0.86009853,0.04813297
440,0.00310221,-0.12962845,-1.00000000,-0.85188832,0.12827378
441,0.01058190,-0.03597880,1.00000000,-0.97004432,0.15603829
442,0.00391239,-0.02766462,1.00000000,-0.95423387,0.12035095
443,0.01125173,0.03037488,1.00000000,-0.84386443,0.25677279
444,0.01700838,-0.02137791,1.00000000,-0.94227889,0.35274701
445,0.00530704,0.03557251,1.00000000,-0.83398049,0.36687519
446,0.01417823,0.08024183,1.00000000,-0.74903615,0.38991987
447,0.01198158,-0.01055600,1.00000000,-0.92169967,0.44162585
448,-0.00260968,0.05828100,1.00000000,-0.79079744,0.35280426
449,-0.01268030,0.04123580,1.00000000,-0.82321103,0.16256414
450,0.00466990,-0.07198660,-1.00000000,-0.96150156,0.15848149
451,0.03545871,-0.15013072,-1.00000000,-0.81290066,0.29484321
452,-0.01808956,-0.01549992,1.00000000,-0.93110115,0.10215243
453,-0.00322231,0.22340914,1.00000000,-0.47678545,0.09822676
454,-0.00470724,-0.19210441,-1.00000000,-0.73308241,0.14931684
455,-0.01176905,-0.07674042,-1.00000000,-0.95246158,0.04397882
456,-0.00430185,-0.08826284,-1.00000000,-0.93055024,-0.21080018
457,0.00170711,-0.14305971,-1.00000000,-0.82634708,-0.08394647
458,0.00122039,-0.08511721,-1.00000000,-0.93653205,-0.05547838
459,-0.00373690,-0.03849005,1.00000000,-0.97481978,-0.04926062
460,0.00092365,-0.04226679,1.00000000,-0.98200172,0.03207202
461,-0.00439772,-0.08073341,-1.00000000,-0.94486840,0.03145769
462,-0.01132243,-0.04456940,1.00000000,-0.98638043,-0.05203339
463,0.01454311,-0.08586114,-1.00000000,-0.93511739,0.03333635
464,-0.01407777,-0.13959414,-1.00000000,-0.83293732,-0.03292622
465,0.01157227,0.06111227,1.00000000,-0.78541341,0.03530838
466,0.00621413,-0.16097451,-1.00000000,-0.79227983,0.10330733
467,-0.00162165,0.03805974,1.00000000,-0.82925070,0.16546827
468,-0.00282424,-0.00351734,1.00000000,-0.90831477,0.05418121
469,-0.00222492,-0.06431993,-1.00000000,-0.97608070,0.13013231
470,-0.00179616,-0.07365154,-1.00000000,-0.95833547,0.04446963
471,0.01164693,-0.06900102,-1.00000000,-0.96717903,0.07928214
472,-0.00645364,-0.06567406,-1.00000000,-0.97350567,0.04831961
473,-0.00126682,0.03863911,1.00000000,-0.82814896,0.05829934
474,0.00396472,-0.10181423,-1.00000000,-0.90478058,0.09796152
475,0.00509311,-0.06156652,-1.00000000,-0.98131666,0.14210686
476,-0.00287009,-0.02097183,1.00000000,-0.94150669,0.04908420
477,-0.02178574,-0.01221596,1.00000000,-0.92485628,-0.04916135
478,-0.03260211,-0.07400731,-1.00000000,-0.95765894,-0.24995265
479,0.01125969,-0.22078533,-1.00000000,-0.67854202,-0.20320773
480,0.00544864,-0.30471611,-1.00000000,-0.51893705,-0.20092957
481,-0.01149446,0.03563424,1.00000000,-0.83386310,-0.25619307
482,0.01276975,-0.00945720,1.00000000,-0.91961017,-0.03476729
483,-0.00443451,-0.14092901,-1.00000000,-0.83039888,0.14572595
484,-0.01698367,0.04735171,1.00000000,-0.81158085,-0.03525274
485,-0.00232728,-0.08614660,-1.00000000,-0.93457455,-0.08507958
486,0.00865370,-0.18352313,-1.00000000,-0.74940079,0.04402642
487,0.00895573,-0.06979535,-1.00000000,-0.96566851,0.01958684
488,0.00136645,0.01541277,1.00000000,-0.87231678,0.05675840
489,0.00472131,0.01775644,1.00000000,-0.86785999,0.19584028
490,-0.00537453,-0.04113345,1.00000000,-0.97984654,0.17631406
491,0.00014307,-0.01510099,1.00000000,-0.93034253,0.12177941
492,-0.00789884,-0.09344076,-1.00000000,-0.92070379,0.01377814
493,0.01593970,-0.05062634,1.00000000,-0.99789846,0.10716112
494,-0.00619419,-0.11302843,-1.00000000,-0.88345535,0.03721642
495,0.00765049,0.07194931,1.00000000,-0.76480541,0.12067854
496,0.00957054,-0.09980100,-1.00000000,-0.90860899,0.18108819
497,-0.00479460,0.00762826,1.00000000,-0.88712000,0.20097966
498,0.00012480,0.02252714,1.00000000,-0.85878789,0.09964043
499,-0.00135751,-0.08894073,-1.00000000,-0.92926116,0.13063307
500,-0.01310622,-0.05076812,1.00000000,-0.99816808,-0.00237245
501,-0.00112914,-0.06227025,-1.00000000,-0.97997843,-0.07093425
502,0.00645149,-0.15343566,-1.00000000,-0.80661590,0.00112879
503,0.00610881,-0.06049824,-1.00000000,-0.98334813,0.03947333
504,-0.00566283,-0.00167549,1.00000000,-0.90481226,0.01188555
505,0.00209855,-0.00433455,1.00000000,-0.90986879,0.10931518
506,0.00468937,-0.09567786,-1.00000000,-0.91644966,0.14659924
507,0.00898454,-0.03545259,1.00000000,-0.96904367,0.16283058
508,0.00020425,-0.01534886,1.00000000,-0.93081390,0.12499513
509,0.00049806,0.01797997,1.00000000,-0.86743493,0.16447307
510,0.01556474,-0.05015164,1.00000000,-0.99699578,0.25076214
511,0.00696220,-0.04787178,1.00000000,-0.99266033,0.26532606
512,-0.01208744,0.06903974,1.00000000,-0.77033833,0.13030032
513,-0.01711029,0.00228742,1.00000000,-0.89727629,0.01935169
514,-0.00024556,-0.14553037,-1.00000000,-0.82164883,0.01458669
515,0.01431853,-0.18450564,-1.00000000,-0.74753243,0.00660116
516,0.00971338,-0.05364200,-1.00000000,-0.99638615,0.02423029
517,0.00620976,0.05936962,1.00000000,-0.78872728,0.14147573
518,0.00429576,0.02363553,1.00000000,-0.85668016,0.27864210
519,0.01185030,-0.00355121,1.00000000,-0.90837917,0.35615033
520,-0.00255065,-0.01840310,1.00000000,-0.93662192,0.24805549
521,0.00917171,0.04021712,1.00000000,-0.82514817,0.24458452
522,-0.01091312,-0.07152856,-1.00000000,-0.96237260,0.13486398
523,-0.02939392,0.01943233,1.00000000,-0.86467307,-0.08101385
524,0.01502957,-0.13641803,-1.00000000,-0.83897708,-0.06064157
525,-0.01040630,-0.27982182,-1.00000000,-0.56627668,-0.11097925
526,-0.02253002,0.06488707,1.00000000,-0.77823516,-0.31411859
527,0.00393533,-0.13248531,-1.00000000,-0.84645564,-0.21897222
528,-0.01035015,-0.22656062,-1.00000000,-0.66755957,-0.09694293
529,0.00148941,-0.02119990,1.00000000,-0.94194038,-0.18370600
530,-0.00463721,-0.13204962,-1.00000000,-0.84728416,-0.14673869
531,0.01213322,-0.04017926,1.00000000,-0.97803203,0.07537751
532,0.02089347,-0.08771950,-1.00000000,-0.93158348,0.18404245
533,-0.07533954,0.04241249,1.00000000,-0.82097341,-0.23239868
534,-0.01303176,0.11038865,1.00000000,-0.69170817,-0.32544794
535,-0.00929283,-0.63634182,-1.00000000,0.11169105,-0.35528034
536,0.00254579,-0.15285789,-1.00000000,-0.80771462,-0.41671499
537,-0.02539039,-0.12384525,-1.00000000,-0.86288581,-0.71329427
538,-0.00695154,-0.03198222,1.00000000,-0.96244433,-0.27507540
539,0.02796858,-0.24875603,-1.00000000,-0.62535220,-0.01235207
540,-0.03216698,-0.10567772,-1.00000000,-0.89743366,-0.15892580
541,-0.02007687,0.16528871,1.00000000,-0.58730878,-0.30388801
542,-0.03206651,-0.30133970,-1.00000000,-0.52535773,-0.34666746
543,-0.00950392,-0.20752518,-1.00000000,-0.70375786,-0.36302272
544,0.01228835,-0.30056010,-1.00000000,-0.52684024,-0.46349900
545,-0.01664303,-0.12548323,-1.00000000,-0.85977097,-0.36402413
546,-0.00594454,0.04361628,1.00000000,-0.81868425,-0.27346650
547,-0.01659001,-0.18087994,-1.00000000,-0.75442716,-0.17429567
548,-0.01574053,-0.09786381,-1.00000000,-0.91229279,-0.21425882
549,0.00228177,-0.18046850,-1.00000000,-0.75520955,-0.27837933
550,-0.00001716,-0.17387689,-1.00000000,-0.76774434,-0.17184351
551,0.00074224,-0.03403089,1.00000000,-0.96634013,-0.12899573
552,-0.00128804,-0.05186966,-1.00000000,-0.99975647,-0.03094328
553,-0.01108248,-0.04597701,1.00000000,-0.98905718,-0.00109525
554,-0.00827022,-0.06173122,-1.00000000,-0.98100347,-0.06871060
555,0.00028227,-0.13773221,-1.00000000,-0.83647801,-0.06679191
556,-0.00618229,-0.11591016,-1.00000000,-0.87797539,-0.11116316
557,-0.00387369,-0.04954621,1.00000000,-0.99584447,-0.12773154
558,0.00618197,-0.09970868,-1.00000000,-0.90878455,-0.01710386
559,0.01238899,-0.08179481,-1.00000000,-0.94285003,0.11527685
560,-0.03225611,-0.00376687,1.00000000,-0.90878928,-0.09322366
561,0.00684436,0.04439717,1.00000000,-0.81719929,-0.00975108
562,0.01330095,-0.30203132,-1.00000000,-0.52404252,0.10030111
563,0.01870174,0.00137301,1.00000000,-0.89901515,0.18052573
564,-0.01168452,0.05147364,1.00000000,-0.80374249,0.02626671
565,-0.01740953,0.09338168,1.00000000,-0.72404906,0.12140114
566,-0.02869596,-0.14240384,-1.00000000,-0.82759431,-0.10633524
567,0.00595563,-0.18682763,-1.00000000,-0.74311686,-0.15340280
568,0.00703034,-0.27440590,-1.00000000,-0.57657574,-0.22819120
569,0.01335751,-0.00552315,1.00000000,-0.91212907,-0.06772603
570,0.00472945,0.00281616,1.00000000,-0.89627082,0.07413685
571,0.01187102,0.05191254,1.00000000,-0.80290785,0.33408320
572,-0.00520792,-0.01503782,1.00000000,-0.93022241,0.26254902
573,-0.00777063,0.04037790,1.00000000,-0.82484243,0.16770685
574,-0.01469588,-0.09214795,-1.00000000,-0.92316222,-0.01205457
575,0.00450780,-0.11203361,-1.00000000,-0.88534713,-0.01347489
576,-0.02111104,-0.16577077,-1.00000000,-0.78315914,-0.22481838
577,-0.07817017,-0.01675776,1.00000000,-0.93349310,-0.69234823
578,0.02919038,-0.21554994,-1.00000000,-0.68849778,-0.45550825
579,-0.05550953,-0.65830639,-1.00000000,0.15345945,-0.71703532
580,-0.02135342,0.17476937,1.00000000,-0.56928010,-0.88274968
581,-0.00794077,-0.48246874,-1.00000000,-0.18091801,-0.79835677
582,0.03982021,-0.21743069,-1.00000000,-0.68492129,-0.04229421
583,-0.01184325,-0.11335378,-1.00000000,-0.88283666,-0.30523084
584,0.01640529,0.25725269,1.00000000,-0.41242767,0.15558731
585,0.02188188,-0.14363553,-1.00000000,-0.82525210,0.43263190
586,0.03062338,0.07556213,1.00000000,-0.75793519,0.67974448
587,0.00031112,0.11805833,1.00000000,-0.67712331,0.42657683
588,0.01224551,0.18588887,1.00000000,-0.54813497,0.58093359
589,0.03835369,-0.04932238,1.00000000,-0.99541883,0.72157527
590,-0.00035460,0.04328384,1.00000000,-0.81931642,0.57908758
591,-0.02571271,0.24587312,1.00000000,-0.43406737,0.21809536
592,-0.01779549,-0.05448811,-1.00000000,-0.99477715,0.10207126
593,-0.01958309,-0.25125709,-1.00000000,-0.62059612,-0.10188107
594,-0.00340717,-0.18982255,-1.00000000,-0.73742165,-0.36947767
595,-0.00972577,-0.20369362,-1.00000000,-0.71104407,-0.42952651
596,0.01279431,-0.07817480,-1.00000000,-0.94973392,-0.18277994
597,0.00630975,-0.12720466,-1.00000000,-0.85649747,-0.02831763
598,0.03716886,0.04754233,1.00000000,-0.81121836,0.33533937
599,-0.00445934,-0.00277537,1.00000000,-0.90690381,0.32859721
600,-0.00793816,0.23667928,1.00000000,-0.45155061,0.34005186
601,-0.02340193,-0.08633926,-1.00000000,-0.93420818,0.10811241
602,0.01148919,-0.11333358,-1.00000000,-0.88287508,0.14130144
603,-0.01875264,-0.23332631,-1.00000000,-0.65469376,-0.21703421
604,0.00502283,0.03741511,1.00000000,-0.83047655,-0.15627407
605,0.00088124,-0.19724970,-1.00000000,-0.72329800,-0.09976082
606,0.01251673,-0.01276136,1.00000000,-0.92589343,0.13039991
607,0.02377005,-0.04489847,1.00000000,-0.98700620,0.20909359
608,-0.00188344,0.04538837,1.00000000,-0.81531439,0.31718864
609,-0.00707317,0.13270976,1.00000000,-0.64926176,0.23967951
610,-0.00683362,-0.06635125,-1.00000000,-0.97221789,0.19024397
611,-0.02995636,-0.10662157,-1.00000000,-0.89563881,-0.08191650
612,0.00435729,-0.10476278,-1.00000000,-0.89917354,-0.20631020
613,-0.00106936,-0.28418618,-1.00000000,-0.55797731,-0.20109375
614,0.00870240,-0.01792564,1.00000000,-0.93571396,-0.10000656
615,0.00692684,-0.06003436,-1.00000000,-0.98423026,-0.01183178
616,0.00454138,0.01579065,1.00000000,-0.87159818,0.20922402
617,0.01860010,0.00201306,1.00000000,-0.89779801,0.30048954
618,-0.02530964,-0.01649716,1.00000000,-0.93299754,0.14516190
619,-0.01899170,0.09259297,1.00000000,-0.72554889,-0.03229720
620,0.00489797,-0.24812942,-1.00000000,-0.62654379,-0.04529787
621,0.01603602,-0.19910465,-1.00000000,-0.71977057,0.02835786
622,-0.01583876,-0.01373018,1.00000000,-0.92773578,-0.19232061
623,-0.00917553,0.07269674,1.00000000,-0.76338409,-0.08893594
624,0.01567890,-0.17463911,-1.00000000,-0.76629487,0.13322743
625,0.00232629,-0.12293505,-1.00000000,-0.86461666,0.11674850
626,-0.00527549,0.06992558,1.00000000,-0.76865379,-0.01981212
627,-0.00168446,-0.03368546,1.00000000,-0.96568325,0.07088627
628,0.00900957,-0.09267226,-1.00000000,-0.92216518,0.18741334
629,0.00354760,-0.06480729,-1.00000000,-0.97515393,0.10967800
630,0.01699948,0.01817420,1.00000000,-0.86706557,0.20370136
631,0.02249481,-0.02420856,1.00000000,-0.94766172,0.38164882
632,-0.01484597,0.08017276,1.00000000,-0.74916748,0.29731210
633,-0.00091519,0.12281442,1.00000000,-0.66807900,0.23371590
634,0.00082436,-0.16693541,-1.00000000,-0.78094444,0.21626582
635,-0.00246232,-0.05883806,-1.00000000,-0.98650518,0.09155787
636,0.02254606,-0.04533984,1.00000000,-0.98784552,0.09188623
637,-0.00541893,-0.07084318,-1.00000000,-0.96367592,0.15229311
638,-0.00027787,0.12321205,1.00000000,-0.66732285,0.15637695
639,0.00616922,-0.09378529,-1.00000000,-0.92004862,0.19062596
640,-0.00344649,-0.05389270,-1.00000000,-0.99590940,0.18431959
641,-0.00232005,-0.00386577,1.00000000,-0.90897735,0.02498175
642,0.00067589,-0.07847992,-1.00000000,-0.94915370,0.06403634
643,0.00841669,-0.06973919,-1.00000000,-0.96577531,0.11974964
644,-0.00592322,-0.04649187,1.00000000,-0.99003625,0.04226330
645,0.01143743,0.01357370,1.00000000,-0.87581401,0.13763693
646,0.01698047,-0.09769837,-1.00000000,-0.91260740,0.26131140
647,0.00896279,0.03701341,1.00000000,-0.83124043,0.31441243
648,0.00429241,0.08002525,1.00000000,-0.74944799,0.28798472
649,-0.00981295,0.01781118,1.00000000,-0.86775589,0.26305997
650,-0.00302251,-0.01842912,1.00000000,-0.93667139,0.17040310
651,-0.01060286,-0.12788117,-1.00000000,-0.85521101,-0.00634622
652,-0.02215495,-0.07519005,-1.00000000,-0.95540980,-0.20574345
653,-0.01103545,-0.13401054,-1.00000000,-0.84355522,-0.30396182
654,0.00257658,-0.22365023,-1.00000000,-0.67309404,-0.22457181
655,-0.00413442,-0.13736732,-1.00000000,-0.83717188,-0.23169669
656,-0.00155018,-0.03174329,1.00000000,-0.96198998,-0.17368863
657,-0.00977233,-0.08381797,-1.00000000,-0.93900273,-0.09434290
658,-0.01650032,-0.06376529,-1.00000000,-0.97713543,-0.12936088
659,-0.00887564,-0.12756598,-1.00000000,-0.85581037,-0.20274478
660,-0.00049121,-0.17977258,-1.00000000,-0.75653293,-0.17939975
661,0.02925320,-0.12060803,-1.00000000,-0.86904180,0.01798312
662,-0.00508640,-0.05554815,-1.00000000,-0.99276136,0.04800978
663,-0.00365169,0.17525683,1.00000000,-0.56835314,0.13034166
664,0.00065883,-0.09120499,-1.00000000,-0.92495539,0.19143692
665,-0.00045452,-0.08007224,-1.00000000,-0.94612571,0.19167204
666,0.01372641,-0.04662430,1.00000000,-0.99028809,0.09217898
667,-0.00349156,-0.05526343,-1.00000000,-0.99330279,0.10239841
668,0.00407173,0.05477503,1.00000000,-0.79746448,0.15188882
669,0.00063879,-0.07882970,-1.00000000,-0.94848856,0.15176046
670,-0.03915666,-0.02014149,1.00000000,-0.93992769,-0.09623637
671,-0.02112553,-0.04677974,1.00000000,-0.99058367,-0.31956175
672,0.00818697,-0.35557687,-1.00000000,-0.42221891,-0.24472767
673,-0.01546787,-0.21566235,-1.00000000,-0.68828401,-0.36993413
674,-0.00628194,0.01179114,1.00000000,-0.87920376,-0.41428100
675,0.01528274,-0.17176110,-1.00000000,-0.77176777,-0.06544245
676,0.00800887,-0.10048189,-1.00000000,-0.90731419,0.12124588
677,-0.02034572,0.06685154,1.00000000,-0.77449946,-0.06158681
678,0.00508488,0.01040914,1.00000000,-0.88183181,0.07011174
679,0.02860593,-0.20961135,-1.00000000,-0.69979076,0.29366733
680,-0.01354017,-0.01227985,1.00000000,-0.92497779,0.10897495
681,0.00590975,0.17023427,1.00000000,-0.57790417,0.09552416
682,0.00142893,-0.15680294,-1.00000000,-0.80021260,0.23505250
683,-0.00194789,-0.00587919,1.00000000,-0.91280612,0.18998769
684,-0.01877968,-0.04064856,1.00000000,-0.97892446,-0.11365135
685,0.01138577,-0.06685139,-1.00000000,-0.97126682,0.04606988
686,-0.00050698,-0.19745948,-1.00000000,-0.72289907,0.00495252
687,0.04553952,0.03661256,1.00000000,-0.83200270,0.28760579
688,-0.00001117,-0.05567053,-1.00000000,-0.99252863,0.30001594
689,0.04397417,0.30163234,1.00000000,-0.32803417,0.70213209
690,0.01867582,-0.05182324,-1.00000000,-0.99984474,0.74884550
691,-0.01599933,0.28948580,1.00000000,-0.35113236,0.64957316
692,0.01524442,0.09318049,1.00000000,-0.72443166,0.45544720
693,-0.01742026,-0.17588505,-1.00000000,-0.76392557,0.34389271
694,-0.01544889,0.06655419,1.00000000,-0.77506492,-0.03688028
695,0.00334291,-0.18691090,-1.00000000,-0.74295851,-0.13513097
696,0.00832828,-0.17161384,-1.00000000,-0.77204780,0.02075627
697,0.01722130,-0.02579685,1.00000000,-0.95068206,0.03342379
698,-0.00401665,0.01288767,1.00000000,-0.87711858,0.11931189
699,0.01555195,0.08189400,1.00000000,-0.74589433,0.31796005
700,-0.00605939,-0.08290412,-1.00000000,-0.94074053,0.25771169
701,0.00190690,0.06894048,1.00000000,-0.77052708,0.21656452
702,0.00628055,-0.09875501,-1.00000000,-0.91059807,0.14645802
703,-0.00908793,-0.03693977,1.00000000,-0.97187173,0.11396205
704,0.00316260,-0.00300194,1.00000000,-0.90733467,0.03457319
705,-0.00412231,-0.12225534,-1.00000000,-0.86590923,0.04698569
706,-0.00113095,-0.02719600,1.00000000,-0.95334272,0.02751967
707,0.00869208,-0.08372401,-1.00000000,-0.93918141,0.04297233
708,0.00508922,-0.06051228,-1.00000000,-0.98332144,0.13381714
709,0.00101697,0.01571057,1.00000000,-0.87175047,0.12006830
710,0.02688728,-0.01224620,1.00000000,-0.92491379,0.31877253
711,-0.00783735,-0.04384525,1.00000000,-0.98500338,0.27579907
712,-0.00336427,0.15689823,1.00000000,-0.60326434,0.19854403
713,-0.01693114,-0.11255128,-1.00000000,-0.88436271,0.05744127
714,-0.00882451,-0.07784194,-1.00000000,-0.95036691,-0.00562125
715,0.00605016,-0.18311554,-1.00000000,-0.75017587,-0.13914204
716,-0.00662798,-0.12021124,-1.00000000,-0.86979633,-0.13139257
717,0.00086919,-0.00478967,1.00000000,-0.91073427,-0.10426530
718,-0.01100416,-0.10316702,-1.00000000,-0.90220807,-0.06628618
719,0.01691139,-0.04499198,1.00000000,-0.98718403,0.09862512
720,0.00538747,-0.13712447,-1.00000000,-0.83763369,0.09437875
721,0.00313540,0.07948921,1.00000000,-0.75046735,0.15694084
722,0.01312546,-0.00993183,1.00000000,-0.92051274,0.23547699
723,0.03133618,-0.02740703,1.00000000,-0.95374403,0.50678678
724,0.02112951,0.05011190,1.00000000,-0.80633201,0.53381578
725,-0.02280082,0.19141996,1.00000000,-0.53761691,0.35318990
726,0.00116290,0.11222016,1.00000000,-0.68822532,0.34055045
727,0.01918603,-0.22866197,-1.00000000,-0.66356359,0.37938558
728,0.00001852,-0.04271286,1.00000000,-0.98284999,0.17870728
729,0.00565881,0.09713957,1.00000000,-0.71690296,0.07957368
730,-0.00186360,-0.05159279,1.00000000,-0.99973630,0.21373588
731,-0.00980311,-0.00782635,1.00000000,-0.91650890,0.14346754
732,-0.01673882,-0.06619734,-1.00000000,-0.97251057,-0.08673292
733,0.00255048,-0.12780479,-1.00000000,-0.85535625,-0.07050860
734,0.00005853,-0.18162323,-1.00000000,-0.75301368,-0.10639428
735,-0.04387023,-0.03194583,1.00000000,-0.96237513,-0.37556572
736,0.00920822,-0.05128237,1.00000000,-0.99914599,-0.25374433
737,0.00705507,-0.39215232,-1.00000000,-0.35266609,-0.10127703
738,0.02157226,0.01971565,1.00000000,-0.86413432,0.02061136
739,0.00234461,0.00300808,1.00000000,-0.89590585,0.03526017
740,0.00807949,0.11565574,1.00000000,-0.68169213,0.36814527
741,0.00499955,-0.03354330,1.00000000,-0.96541291,0.34117682
742,-0.00130018,0.01095715,1.00000000,-0.88078969,0.28763778
743,0.00951116,-0.01294198,1.00000000,-0.92623692,0.21035227
744,0.01211585,-0.06182538,-1.00000000,-0.98082441,0.27296477
745,-0.00477944,0.02206633,1.00000000,-0.85966420,0.19056689
746,-0.00568872,0.04227773,1.00000000,-0.82122967,0.12207824
747,0.00956763,-0.08882312,-1.00000000,-0.92948481,0.19171732
748,0.00202559,-0.09587877,-1.00000000,-0.91606760,0.14375107
749,-0.01879597,0.02250453,1.00000000,-0.85883091,-0.05432672
750,0.00902669,-0.03601872,1.00000000,-0.97012024,0.03414065
751,-0.00606945,-0.19758592,-1.00000000,-0.72265863,0.03170097
752,0.01210629,0.01830704,1.00000000,-0.86681296,0.04796827
753,0.00161353,-0.09883312,-1.00000000,-0.91044953,0.04532784
754,0.00274824,0.04220353,1.00000000,-0.82137077,0.18337958
755,0.00838818,-0.03921617,1.00000000,-0.97620058,0.17928812
756,0.00025263,-0.03041123,1.00000000,-0.95945690,0.21979896
757,0.01404096,0.01335247,1.00000000,-0.87623470,0.23219603
758,0.00097120,-0.04977625,1.00000000,-0.99628192,0.22808009
759,-0.01516737,0.05721585,1.00000000,-0.79282295,0.11327984
760,0.00844464,-0.04420039,1.00000000,-0.98567872,0.11364159
761,-0.01200098,-0.16942937,-1.00000000,-0.77620186,0.03512252
762,-0.00750066,0.01379053,1.00000000,-0.87540166,-0.10291257
763,-0.01356583,-0.14485945,-1.00000000,-0.82292466,-0.19606343
764,0.00380610,-0.10993868,-1.00000000,-0.88933090,-0.07448460
765,-0.00561884,-0.15700206,-1.00000000,-0.79983395,-0.16460097
766,0.00812376,-0.02220266,1.00000000,-0.94384725,-0.03564501
767,-0.02408061,-0.09533649,-1.00000000,-0.91709881,-0.14188657
768,-0.00151787,0.01130064,1.00000000,-0.88013650,-0.06468528
769,0.00358525,-0.23859263,-1.00000000,-0.64467919,-0.06610050
770,0.00796013,-0.06351463,-1.00000000,-0.97761208,0.02091123
771,0.00335413,-0.02391642,1.00000000,-0.94710619,-0.00965175
772,-0.00272768,0.01003094,1.00000000,-0.88255100,0.12717423
773,0.01110223,-0.02570980,1.00000000,-0.95051652,0.20804175
774,-0.01157848,-0.07290229,-1.00000000,-0.95976028,0.11087513
775,0.00348566,0.03441243,1.00000000,-0.83618652,0.08220350
776,0.00974005,-0.14158098,-1.00000000,-0.82915907,0.12312341
777,-0.00176842,-0.02468917,1.00000000,-0.94857567,0.12927022
778,0.01083188,0.02384244,1.00000000,-0.85628669,0.12753785
779,-0.00769795,-0.06545876,-1.00000000,-0.97391508,0.15240363
780,0.01455859,0.03231461,1.00000000,-0.84017580,0.22335713
781,0.00433523,-0.11146960,-1.00000000,-0.88641967,0.18872397
782,-0.02359971,0.06123245,1.00000000,-0.78518488,0.04883273
783,-0.01088304,-0.01809681,1.00000000,-0.93603947,-0.09031282
784,0.02765307,-0.23486100,-1.00000000,-0.65177535,0.13621061
785,0.00557695,-0.13618464,-1.00000000,-0.83942089,0.07865777
786,0.02827722,0.16284049,1.00000000,-0.59196438,0.23207402
787,-0.00561822,-0.00846155,1.00000000,-0.91771681,0.34729639
788,0.01267506,0.16768363,1.00000000,-0.58275453,0.49825275
789,-0.00630058,-0.09533170,-1.00000000,-0.91710792,0.28068343
790,0.02076514,0.04661698,1.00000000,-0.81297803,0.37800678
791,-0.00148056,-0.10062655,-1.00000000,-0.90703909,0.18732393
792,0.00893493,0.10939282,1.00000000,-0.69360187,0.28057804
793,-0.00092376,-0.06322506,-1.00000000,-0.97816274,0.19343907
794,0.01517103,0.01759500,1.00000000,-0.86816699,0.33102556
795,0.01881794,-0.05890454,-1.00000000,-0.98637876,0.31854824
796,-0.00970753,0.06598474,1.00000000,-0.77614781,0.26583115
797,-0.01360758,0.09428332,1.00000000,-0.72233448,0.12138252
798,0.00936080,-0.12706318,-1.00000000,-0.85676651,0.18728429
799,-0.00498843,-0.15732604,-1.00000000,-0.79921786,0.05810584
800,-0.00839001,0.02089965,1.00000000,-0.86188278,-0.11623815
801,-0.00149147,-0.09044478,-1.00000000,-0.92640101,-0.06359101
802,-0.04290820,-0.11683971,-1.00000000,-0.87620772,-0.25134450
803,0.00716259,-0.06330977,-1.00000000,-0.97800165,-0.26543026
804,-0.00276336,-0.38468739,-1.00000000,-0.36686158,-0.25117242
805,-0.01744402,0.00384240,1.00000000,-0.89431930,-0.30918902
806,-0.00227171,-0.07317915,-1.00000000,-0.95923378,-0.31418866
807,-0.01054640,-0.18709530,-1.00000000,-0.74260786,-0.10681962
808,-0.00328219,-0.06936413,-1.00000000,-0.96648853,-0.17374805
809,0.02984033,-0.13357244,-1.00000000,-0.84438832,0.03517095
810,0.03929522,-0.07720504,-1.00000000,-0.95157805,0.39874653
811,0.00496474,0.17981273,1.00000000,-0.55968953,0.44511650
812,0.00746777,0.25317901,1.00000000,-0.42017429,0.56054827
813,-0.01346383,-0.01321209,1.00000000,-0.92675056,0.49530603
814,0.01057597,0.00621044,1.00000000,-0.88981617,0.37186324
815,-0.01888682,-0.15621057,-1.00000000,-0.80133907,-0.00095755
816,0.00396706,0.03032884,1.00000000,-0.84395198,-0.00735049
817,0.01126915,-0.19829086,-1.00000000,-0.72131810,0.01700811
818,0.01067235,-0.02095366,1.00000000,-0.94147213,0.17166868
819,-0.00441268,0.03570764,1.00000000,-0.83372352,0.07562395
820,-0.00168872,0.03107669,1.00000000,-0.84252985,0.18582650
821,-0.00077073,-0.08597717,-1.00000000,-0.93489674,0.15546751
822,0.00980244,-0.06484034,-1.00000000,-0.97509108,0.14606907
823,-0.00801715,-0.05771708,-1.00000000,-0.98863686,0.02630994
824,0.00958417,0.02432654,1.00000000,-0.85536612,0.11599938
825,-0.00224283,-0.11394644,-1.00000000,-0.88170965,0.11244876
826,-0.00228110,0.02263288,1.00000000,-0.85858684,0.10277059
827,0.01150914,-0.06913999,-1.00000000,-0.96691476,0.11370684
828,-0.01406674,-0.06943693,-1.00000000,-0.96635008,0.07494206
829,0.01384498,0.03756986,1.00000000,-0.83018227,0.10224463
830,0.01930181,-0.16088891,-1.00000000,-0.79244263,0.24029905
831,-0.01620439,0.05569510,1.00000000,-0.79571484,0.15108090
832,0.00401589,0.09803795,1.00000000,-0.71519458,0.10306542
833,0.01087515,-0.17747626,-1.00000000,-0.76089968,0.26288885
834,-0.01274458,-0.02057480,1.00000000,-0.94075168,0.09250741
835,-0.01633356,0.03265035,1.00000000,-0.83953734,-0.13583808
836,0.00006050,-0.15062946,-1.00000000,-0.81195226,-0.03161539
837,0.00718768,-0.17847857,-1.00000000,-0.75899367,-0.01129110
838,0.01067711,-0.05126708,1.00000000,-0.99911693,-0.01256010
839,-0.01734884,0.00403703,1.00000000,-0.89394918,-0.04206346
840,0.01312186,0.03111365,1.00000000,-0.84245958,0.14668196
841,-0.01131147,-0.18635675,-1.00000000,-0.74401232,0.07381228
842,-0.00927027,0.05008397,1.00000000,-0.80638511,-0.03164749
843,0.01466312,-0.13950912,-1.00000000,-0.83309898,-0.00610579
844,0.00905895,-0.12367019,-1.00000000,-0.86321870,0.16311090
845,-0.00860629,0.06204355,1.00000000,-0.78364246,0.02388055
846,0.01788485,0.01855735,1.00000000,-0.86633696,0.21096572
847,0.01044398,-0.11851796,-1.00000000,-0.87301632,0.33729130
848,0.00893963,0.08704293,1.00000000,-0.73610300,0.30061613
849,-0.00580630,0.02930463,1.00000000,-0.84589965,0.20536215
850,-0.00594574,0.01763151,1.00000000,-0.86809756,0.22241052
851,0.00487539,-0.09679111,-1.00000000,-0.91433266,0.13904807
852,0.00262058,-0.09787312,-1.00000000,-0.91227510,0.08891704
853,-0.00030649,-0.01390540,1.00000000,-0.92806898,0.02966945
854,0.00034764,-0.03140188,1.00000000,-0.96134073,0.06910286
855,0.00822688,-0.05411475,-1.00000000,-0.99548714,0.15991860
856,0.00335230,-0.04903896,1.00000000,-0.99487987,0.15015888
857,-0.00299963,0.01210082,1.00000000,-0.87861487,0.11414556
858,-0.00314248,-0.02572400,1.00000000,-0.95054354,0.09597302
859,-0.01579127,-0.07501245,-1.00000000,-0.95574753,-0.00744242
860,-0.00843643,-0.07612091,-1.00000000,-0.95363966,-0.11421813
861,0.01171927,-0.17427059,-1.00000000,-0.76699566,-0.06060399
862,0.00519782,-0.11719994,-1.00000000,-0.87552270,-0.00807614
863,0.02156264,0.03920041,1.00000000,-0.82708158,0.15023010
864,-0.00104685,-0.01140351,1.00000000,-0.92331131,0.24470988
865,0.00476676,0.11558110,1.00000000,-0.68183406,0.32931370
866,-0.01827113,-0.05985966,-1.00000000,-0.98456247,0.13714027
867,-0.01115277,-0.01474837,1.00000000,-0.92967198,0.03236845
868,-0.02576319,-0.19351332,-1.00000000,-0.73040319,-0.27088752
869,-0.01061373,-0.13827765,-1.00000000,-0.83544078,-0.33219046
870,0.00146436,-0.25164877,-1.00000000,-0.61985131,-0.35335168
871,-0.00432749,-0.13409488,-1.00000000,-0.84339485,-0.26400318
872,-0.00962121,-0.04037368,1.00000000,-0.97840175,-0.25418919
873,0.01068086,-0.08531615,-1.00000000,-0.93615374,-0.02066186
874,-0.00171996,-0.12639333,-1.00000000,-0.85804032,0.03632791
875,-0.00988758,0.03114273,1.00000000,-0.84240427,-0.03641340
876,0.01380749,-0.06508273,-1.00000000,-0.97463015,0.07979250
877,-0.00396163,-0.12846027,-1.00000000,-0.85410977,0.11605810
878,0.05283488,0.05540417,1.00000000,-0.79626808,0.38617406
879,-0.02380706,-0.08247725,-1.00000000,-0.94155228,0.24464361
880,-0.00916585,0.35824148,1.00000000,-0.22038476,0.24926832
881,-0.02121940,-0.23646998,-1.00000000,-0.64871568,0.02482187
882,-0.00203583,-0.12285995,-1.00000000,-0.86475947,0.03716210
883,-0.00617437,-0.21639078,-1.00000000,-0.68689882,-0.34095932
884,-0.01456300,-0.06753376,-1.00000000,-0.96996920,-0.28172492
885,0.00001385,-0.09964722,-1.00000000,-0.90890142,-0.22290290
886,-0.00769428,-0.16473967,-1.00000000,-0.78511990,-0.13623616
887,0.01946638,-0.05162904,1.00000000,-0.99980523,0.00154642
888,-0.00044734,-0.11144110,-1.00000000,-0.88647387,0.03824429
889,-0.00567444,0.09931498,1.00000000,-0.71276614,0.09520068
890,-0.00837769,-0.05520767,-1.00000000,-0.99340881,0.04142910
891,0.02885512,-0.09576795,-1.00000000,-0.91627833,0.27563150
892,-0.00636780,-0.11674410,-1.00000000,-0.87638954,0.11009039
893,-0.00549569,0.17216789,1.00000000,-0.57422715,0.07774140
894,0.01469209,-0.10114815,-1.00000000,-0.90604721,0.20824673
895,-0.01472435,-0.09438091,-1.00000000,-0.91891597,0.16757836
896,0.00876818,0.06226837,1.00000000,-0.78321495,0.03886461
897,0.01105813,-0.16599174,-1.00000000,-0.78273895,0.15052701
898,0.00247747,0.01630110,1.00000000,-0.87062751,0.20161765
899,0.00567328,0.03407020,1.00000000,-0.83683732,0.14382659
900,-0.00810812,-0.03251236,1.00000000,-0.96345245,0.18622231
901,-0.00158076,-0.00771410,1.00000000,-0.91629544,0.11990802
902,-0.03749758,-0.11465236,-1.00000000,-0.88036726,-0.19122881
903,-0.01194012,-0.06400263,-1.00000000,-0.97668409,-0.28361430
904,-0.00428708,-0.34270305,-1.00000000,-0.44670010,-0.34743864
905,-0.03182140,-0.14438720,-1.00000000,-0.82382269,-0.49938936
906,-0.00605442,-0.08500261,-1.00000000,-0.93674998,-0.52805582
907,0.00490601,-0.29865812,-1.00000000,-0.53045710,-0.25634073
908,0.03135803,-0.09871647,-1.00000000,-0.91067135,0.02110658
909,0.00198070,-0.01366782,1.00000000,-0.92761719,0.06126951
910,-0.01486195,0.19158949,1.00000000,-0.53729452,0.16994281
911,0.01869498,-0.03636704,1.00000000,-0.97078262,0.32853285
912,0.00527980,-0.16705945,-1.00000000,-0.78070856,0.33092806
913,0.00136916,0.09332921,1.00000000,-0.72414884,0.13876441
914,-0.00525253,-0.01076732,1.00000000,-0.92210152,0.09241504
915,0.01566215,-0.04111238,1.00000000,-0.97980647,0.28800837
916,-0.00019412,-0.09249413,-1.00000000,-0.92250392,0.16697016
917,0.00605939,0.06979561,1.00000000,-0.76890094,0.17196562
918,0.00728792,-0.05324282,-1.00000000,-0.99714523,0.20989202
919,0.02280332,-0.00471804,1.00000000,-0.91059805,0.38966922
920,-0.00883055,0.00481485,1.00000000,-0.89247006,0.23272409
921,-0.00207254,0.12520829,1.00000000,-0.66352675,0.22068747
922,0.01684448,-0.12025815,-1.00000000,-0.86970712,0.28979650
923,-0.02297578,-0.06781865,-1.00000000,-0.96942746,0.09587178
924,0.00240844,0.07897001,1.00000000,-0.75145466,-0.03481521
925,0.01796070,-0.23001961,-1.00000000,-0.66098187,0.13685865
926,0.01005280,-0.03304800,1.00000000,-0.96447104,0.21455581
927,-0.00260308,0.08763146,1.00000000,-0.73498382,0.08993910
928,0.00988288,0.02626925,1.00000000,-0.85167181,0.30049190
929,0.01733152,-0.07193543,-1.00000000,-0.96159887,0.39611650
930,-0.00311824,0.02495074,1.00000000,-0.85417913,0.26104621
931,-0.00796516,0.08274926,1.00000000,-0.74426796,0.14559013
932,0.01049039,-0.07593282,-1.00000000,-0.95399734,0.22949093
933,-0.00755223,-0.11354307,-1.00000000,-0.88247669,0.11776970
934,-0.00053452,0.02966481,1.00000000,-0.84521473,0.00328713
935,0.02526607,-0.11033884,-1.00000000,-0.88856994,0.18516902
936,-0.00415686,-0.05588418,-1.00000000,-0.99212235,0.20957198
937,-0.01436240,0.14431829,1.00000000,-0.62718668,0.05031943
938,0.00324942,-0.08399215,-1.00000000,-0.93867151,0.11953458
939,-0.00213728,-0.16318314,-1.00000000,-0.78807984,0.10926436
940,-0.00163449,-0.02652229,1.00000000,-0.95206158,-0.06310990
941,0.01415540,-0.06832097,-1.00000000,-0.96847222,0.05423203
942,0.01488505,-0.06441950,-1.00000000,-0.97589137,0.24164483
943,-0.00921320,0.05810386,1.00000000,-0.79113429,0.16178641
944,0.00133144,0.06376566,1.00000000,-0.78036766,0.18401339
945,-0.00087220,-0.12322739,-1.00000000,-0.86406076,0.18889797
946,-0.00459810,-0.04140506,1.00000000,-0.98036305,0.06872863
947,0.01498566,-0.05850448,-1.00000000,-0.98713951,0.06937332
948,0.00117609,-0.08741601,-1.00000000,-0.93216060,0.13594617
949,0.00856987,0.06454635,1.00000000,-0.77888308,0.18232883
950,0.00114114,-0.04261054,1.00000000,-0.98265541,0.19522998
951,0.00665833,0.01476233,1.00000000,-0.87355366,0.26735929
952,0.00364913,-0.04288176,1.00000000,-0.98317117,0.19471669
953,0.01185906,-0.00007053,1.00000000,-0.90176022,0.26317137
954,-0.00906165,-0.02342071,1.00000000,-0.94616353,0.15019153
955,-0.00849573,0.04028512,1.00000000,-0.82501887,0.08844008
956,0.00259580,-0.12205137,-1.00000000,-0.86629709,0.06240810
957,0.01043539,-0.11766008,-1.00000000,-0.87464768,0.10589331
958,0.02496207,-0.03159413,1.00000000,-0.96170632,0.18985518
959,0.00789225,0.02923799,1.00000000,-0.84602638,0.29849294
960,-0.01697380,0.14195932,1.00000000,-0.63167255,0.24416693
961,-0.01453903,0.00950425,1.00000000,-0.88355257,0.13436978
962,-0.00895584,-0.18344653,-1.00000000,-0.74954645,0.01011404
963,-0.00124286,-0.16455373,-1.00000000,-0.78547351,-0.15780274
964,-0.00536538,-0.12123034,-1.00000000,-0.86785839,-0.24275539
965,0.00302163,-0.06138064,-1.00000000,-0.98167015,-0.11462804
966,0.00869868,-0.09336974,-1.00000000,-0.92083883,0.03427536
967,0.00644161,-0.02828984,1.00000000,-0.95542280,0.13293966
968,0.02125690,0.01576184,1.00000000,-0.87165297,0.27711436
969,-0.00709039,-0.00175214,1.00000000,-0.90495802,0.26606075
970,-0.00424043,0.11320870,1.00000000,-0.68634549,0.21952667
971,-0.00186859,-0.10675518,-1.00000000,-0.89538473,0.15181336
972,-0.00571604,-0.08464061,-1.00000000,-0.93743838,0.07390916
973,-0.00261208,-0.06623604,-1.00000000,-0.97243699,-0.07903928
974,-0.00046060,-0.09609076,-1.00000000,-0.91566447,-0.03655669
975,-0.00422206,-0.07200526,-1.00000000,-0.96146610,-0.03643896
976,0.00851742,-0.05531060,-1.00000000,-0.99321309,0.03011284
977,-0.00192891,-0.08449805,-1.00000000,-0.93770948,0.05438017
978,0.01039297,0.01435532,1.00000000,-0.87432765,0.13771437
979,0.00087105,-0.06670408,-1.00000000,-0.97154696,0.14624733
980,0.00542584,0.02890886,1.00000000,-0.84665225,0.20806944
981,0.01622857,-0.04497755,1.00000000,-0.98715659,0.25748117
982,0.00303963,-0.00963414,1.00000000,-0.91994663,0.28931873
983,0.00222587,0.07419078,1.00000000,-0.76054297,0.23698529
984,-0.00922975,-0.02815017,1.00000000,-0.95515720,0.17226110
985,0.00446529,-0.03446467,1.00000000,-0.96716502,0.16610608
986,0.01627916,-0.12335574,-1.00000000,-0.86381667,0.16643030
987,0.00674475,-0.01708760,1.00000000,-0.93412033,0.19017207
988,-0.00234297,0.07458340,1.00000000,-0.75979637,0.16089573
989,0.01139677,0.00060008,1.00000000,-0.90048497,0.29306700
990,0.00646857,-0.06991705,-1.00000000,-0.96543707,0.30590366
991,0.00982648,0.03669796,1.00000000,-0.83184030,0.26455598
992,-0.00913204,-0.00154297,1.00000000,-0.90456025,0.16282016
993,-0.00157301,0.02451314,1.00000000,-0.85501127,0.16775392
994,-0.00144734,-0.12259760,-1.00000000,-0.86525837,0.08545098
995,0.00822957,-0.06394248,-1.00000000,-0.97679848,0.09673516
996,-0.00998145,-0.06296734,-1.00000000,-0.97865284,-0.03019077
997,0.01264441,0.01212168,1.00000000,-0.87857520,0.10934912
998,0.01424364,-0.12918866,-1.00000000,-0.85272463,0.21069956
999,0.00669677,0.04637917,1.00000000,-0.81343026,0.26288563
1000,0.02431975,0.05878852,1.00000000,-0.78983232,0.36598884
1001,0.01346151,0.00022775,1.00000000,-0.90119302,0.51620739
1002,0.02284658,0.13697520,1.00000000,-0.64115048,0.58158118
1003,0.00919528,0.05271950,1.00000000,-0.80137332,0.54923214
1004,0.01349443,0.12554402,1.00000000,-0.66288832,0.59279047
1005,0.00579519,0.01961522,1.00000000,-0.86432528,0.47408816
1006,0.00504849,0.05297500,1.00000000,-0.80088747,0.42017898
1007,0.02328865,-0.00676815,1.00000000,-0.91449660,0.42301166
1008,0.00566121,-0.01256219,1.00000000,-0.92551468,0.40036596
1009,-0.01667264,0.12897427,1.00000000,-0.65636526,0.20706037
1010,0.00323000,-0.00780774,1.00000000,-0.91647351,0.19062306
1011,0.00420197,-0.18110972,-1.00000000,-0.75399019,0.18519864
1012,-0.00468195,-0.02667303,1.00000000,-0.95234823,0.00596769
1013,0.00369103,-0.01913092,1.00000000,-0.93800595,-0.00665693
1014,0.00751996,-0.08806666,-1.00000000,-0.93092331,0.14836521
1015,0.01190640,-0.02309562,1.00000000,-0.94554533,0.20396217
1016,-0.01098964,0.00661539,1.00000000,-0.88904610,0.10661687
1017,0.00939492,0.04065248,1.00000000,-0.82432028,0.19681915
1018,0.00578356,-0.13701186,-1.00000000,-0.83784783,0.21022774
1019,-0.02371512,0.02116440,1.00000000,-0.86137932,0.01007862
1020,0.00211888,-0.00685839,1.00000000,-0.91466820,-0.05263819
1021,-0.00573701,-0.23575654,-1.00000000,-0.65007237,-0.01898021
1022,-0.01458165,-0.03529486,1.00000000,-0.96874374,-0.17261810
1023,0.00028069,-0.09625351,-1.00000000,-0.91535499,-0.20787955
1024,-0.01306876,-0.16488444,-1.00000000,-0.78484461,-0.13965945
1025,-0.00702017,-0.04955848,1.00000000,-0.99586779,-0.19822095
1026,0.02381608,-0.15314495,-1.00000000,-0.80716873,-0.00884966
1027,-0.00275637,-0.10621032,-1.00000000,-0.89642086,0.06692478
1028,0.01138195,0.13306695,1.00000000,-0.64858252,0.13805977
1029,0.00758949,-0.07312488,-1.00000000,-0.95933699,0.27043432
1030,0.00702204,0.03658292,1.00000000,-0.83205906,0.36041449
1031,0.00756982,0.00715491,1.00000000,-0.88802014,0.25631118
1032,0.00450429,0.00275178,1.00000000,-0.89639324,0.30283629
1033,0.00493165,0.00700234,1.00000000,-0.88831027,0.26150385
1034,0.01124295,-0.01678498,1.00000000,-0.93354486,0.28491461
1035,0.00935044,-0.01346887,1.00000000,-0.92723886,0.29983459
1036,-0.00062032,0.03550432,1.00000000,-0.83411015,0.24735350
1037,-0.00190329,0.02081923,1.00000000,-0.86203570,0.20629481
1038,-0.00695400,-0.05655000,-1.00000000,-0.99085622,0.13013359
1039,-0.00961216,-0.06650529,-1.00000000,-0.97192498,-0.00350243
1040,-0.00525799,-0.10569681,-1.00000000,-0.89739735,-0.09711084
1041,-0.01062101,-0.12632312,-1.00000000,-0.85817382,-0.16119354
1042,0.01630547,-0.09253650,-1.00000000,-0.92242335,-0.04451489
1043,0.01879728,-0.13415138,-1.00000000,-0.84328741,0.12049495
1044,0.01011682,0.07478751,1.00000000,-0.75940822,0.24691495
1045,-0.01182345,0.09412298,1.00000000,-0.72263939,0.20484460
1046,0.01052840,0.02676603,1.00000000,-0.85072711,0.34036646
1047,0.01008781,-0.14348187,-1.00000000,-0.82554429,0.30052476
1048,0.00189710,0.02995973,1.00000000,-0.84465389,0.19223128
1049,0.01266708,0.02654094,1.00000000,-0.85115516,0.20857292
1050,0.01311134,-0.03701575,1.00000000,-0.97201622,0.36835091
1051,-0.01693963,0.04655505,1.00000000,-0.81309581,0.19234040
1052,-0.00853553,0.05000237,1.00000000,-0.80654029,0.07300514
1053,0.00119380,-0.18318139,-1.00000000,-0.75005067,0.06849850
1054,-0.00070070,-0.11796890,-1.00000000,-0.87406043,-0.01716002
1055,-0.00507024,-0.04247310,1.00000000,-0.98239405,-0.13366455
1056,-0.01004738,-0.05717372,-1.00000000,-0.98967013,-0.08950018
1057,0.00972882,-0.09107958,-1.00000000,-0.92519386,0.02753475
1058,-0.00259265,-0.12970024,-1.00000000,-0.85175181,0.00327178
1059,-0.00160151,0.02375534,1.00000000,-0.85645232,-0.00250040
1060,-0.00104693,-0.07185451,-1.00000000,-0.96175276,0.02328031
1061,-0.00471415,-0.06416358,-1.00000000,-0.97637803,0.05745471
1062,0.00043106,-0.05986026,-1.00000000,-0.98456133,-0.00212380
1063,0.01537110,-0.08831651,-1.00000000,-0.93044819,0.11298491
1064,0.02582878,-0.04839166,1.00000000,-0.99364894,0.28875357
1065,0.05960293,0.06753716,1.00000000,-0.77319568,0.67738770
1066,0.00236763,0.14868467,1.00000000,-0.61888345,0.72276660
1067,-0.01764224,0.41075887,1.00000000,-0.12051631,0.60695592
1068,-0.00247289,-0.03336462,1.00000000,-0.96507313,0.49261463
1069,0.00819860,-0.18863339,-1.00000000,-0.73968300,0.37964341
1070,0.00937117,-0.07092520,-1.00000000,-0.96351996,0.05776671
1071,-0.00064974,0.01188140,1.00000000,-0.87903211,0.03843191
1072,0.02489260,0.02098010,1.00000000,-0.86172980,0.31098805
1073,-0.02464979,-0.05677822,-1.00000000,-0.99042222,0.16888216
1074,0.02150752,0.14142031,1.00000000,-0.63269754,0.25416351
1075,0.00311032,-0.24300928,-1.00000000,-0.63628038,0.21404499
1076,0.00029857,0.11515343,1.00000000,-0.68264734,0.22012155
1077,0.00275061,-0.02760169,1.00000000,-0.95411420,0.07823937
1078,-0.02932725,-0.04941978,1.00000000,-0.99560405,0.04826701
1079,-0.00757599,-0.03039287,1.00000000,-0.95942198,-0.13809531
1080,0.00864185,-0.27930451,-1.00000000,-0.56726041,-0.10265016
1081,-0.00429540,-0.11052328,-1.00000000,-0.88821921,-0.13208750
1082,-0.00399689,0.01532085,1.00000000,-0.87249156,-0.17532433
1083,0.01232896,-0.08506713,-1.00000000,-0.93662730,0.09160167
1084,0.00147778,-0.08275081,-1.00000000,-0.94103208,0.14961677
1085,-0.01753048,0.04393134,1.00000000,-0.81808512,-0.01809112
1086,0.00394802,-0.04026950,1.00000000,-0.97820364,0.03473129
1087,-0.00401094,-0.18776615,-1.00000000,-0.74133216,0.03464125
1088,0.00863493,-0.02110148,1.00000000,-0.94175322,0.01097053
1089,0.01977906,-0.08285984,-1.00000000,-0.94082473,0.12824206
1090,0.00918554,0.01526712,1.00000000,-0.87259375,0.29943383
1091,-0.00898502,0.10174126,1.00000000,-0.70815227,0.21656109
1092,0.02524209,0.01953968,1.00000000,-0.86446893,0.40400957
1093,0.00079213,-0.12145679,-1.00000000,-0.86742776,0.35375424
1094,-0.00090749,0.14413217,1.00000000,-0.62754061,0.22119826
1095,0.00026705,-0.04558992,1.00000000,-0.98832108,0.16405009
1096,-0.01094674,-0.05877830,-1.00000000,-0.98661883,0.15147977
1097,0.01099068,-0.04966429,1.00000000,-0.99606901,0.06015912
1098,0.01295089,-0.13667890,-1.00000000,-0.83848100,0.13807043
1099,-0.02548589,0.03354682,1.00000000,-0.83783260,-0.01942386
1100,0.00783101,0.04875731,1.00000000,-0.80890792,0.02904468
1101,-0.00279151,-0.24949707,-1.00000000,-0.62394302,0.08130200
1102,-0.00464990,0.00902901,1.00000000,-0.88445631,-0.01892019
1103,-0.03067240,-0.07339755,-1.00000000,-0.95881848,-0.29845091
1104,-0.01932675,-0.08781792,-1.00000000,-0.93139632,-0.25898416
1105,0.00526164,-0.28974231,-1.00000000,-0.54741163,-0.27544820
1106,-0.03477700,-0.20170454,-1.00000000,-0.71482655,-0.48040586
1107,0.03310086,-0.01090823,1.00000000,-0.92236948,-0.23850533
1108,0.00638870,-0.32159242,-1.00000000,-0.48684463,-0.00102404
1109,-0.01470083,0.20511317,1.00000000,-0.51157755,0.02861805
1110,-0.01685318,-0.00216274,1.00000000,-0.90573882,-0.11309004
1111,0.03991952,-0.16580924,-1.00000000,-0.78308598,0.36555272
1112,0.01856926,-0.18251060,-1.00000000,-0.75132625,0.27243669
1113,0.01633505,0.25802327,1.00000000,-0.41096231,0.33617122
1114,-0.01677553,0.09235368,1.00000000,-0.72600394,0.32287695
1115,-0.03003197,0.07501703,1.00000000,-0.75897176,0.23842945
1116,-0.00134027,-0.18190804,-1.00000000,-0.75247209,-0.02595634
1117,0.00201293,-0.28477286,-1.00000000,-0.55686166,-0.13204653
1118,-0.00260065,-0.06213649,-1.00000000,-0.98023279,-0.25338328
1119,-0.01845428,-0.03611696,1.00000000,-0.97030705,-0.26414046
1120,0.00382887,-0.07191653,-1.00000000,-0.96163482,-0.04716586
1121,-0.01001829,-0.19493452,-1.00000000,-0.72770060,-0.10277315
1122,0.02082071,-0.02202601,1.00000000,-0.94351133,0.01774392
1123,0.00471261,-0.12947451,-1.00000000,-0.85218105,0.06460605
1124,0.02882552,0.10982399,1.00000000,-0.69278193,0.36756710
1125,0.00343330,-0.01516851,1.00000000,-0.93047093,0.36503236
1126,-0.00774466,0.17193822,1.00000000,-0.57466390,0.37960141
1127,0.00152642,-0.02509547,1.00000000,-0.94934831,0.25596684
1128,-0.00481251,-0.11183202,-1.00000000,-0.88573048,0.19493148
1129,0.00268059,-0.03989213,1.00000000,-0.97748601,0.02739913
1130,0.00331214,-0.08907969,-1.00000000,-0.92899690,0.02662274
1131,-0.01147416,-0.03093622,1.00000000,-0.96045522,0.00272470
1132,-0.02372560,-0.02603564,1.00000000,-0.95113616,-0.15908601
1133,-0.02323373,-0.14077152,-1.00000000,-0.83069838,-0.27712613
1134,-0.01784369,-0.23583789,-1.00000000,-0.64991767,-0.40864229
1135,0.01100751,-0.23202118,-1.00000000,-0.65717563,-0.35933163
1136,-0.00431949,-0.19019660,-1.00000000,-0.73671035,-0.31348569
1137,-0.00353008,0.03367744,1.00000000,-0.83758420,-0.18407614
1138,-0.01479975,-0.08525407,-1.00000000,-0.93627181,-0.13003259
1139,0.00496572,-0.07912853,-1.00000000,-0.94792029,0.01612631
1140,0.00795045,-0.16657678,-1.00000000,-0.78162642,-0.00346281
1141,0.02505891,-0.01320449,1.00000000,-0.92673610,0.18478902
1142,-0.03283651,0.00995586,1.00000000,-0.88269378,-0.00300169
1143,-0.02624400,0.14271076,1.00000000,-0.63024359,-0.07633456
1144,-0.00713453,-0.30653496,-1.00000000,-0.51547828,-0.15387094
1145,0.02439614,-0.25537972,-1.00000000,-0.61275643,-0.04848974
1146,-0.02028907,-0.10709769,-1.00000000,-0.89473340,-0.33907200
1147,0.01306341,0.13756794,1.00000000,-0.64002332,-0.04495301
1148,-0.00531540,-0.20917179,-1.00000000,-0.70062663,0.08915400
1149,-0.00220464,0.04963042,1.00000000,-0.80724761,0.12074392
1150,-0.00149336,-0.09298192,-1.00000000,-0.92157632,-0.04515162
1151,-0.01689200,-0.06884366,-1.00000000,-0.96747828,-0.02338374
1152,0.00893559,-0.06332440,-1.00000000,-0.97797384,-0.04983411
1153,0.00563994,-0.18281183,-1.00000000,-0.75075342,0.02036586
1154,0.01504682,0.01760017,1.00000000,-0.86815716,0.13091030
1155,-0.00047026,-0.00797280,1.00000000,-0.91678739,0.13746613
1156,-0.02186607,0.06502089,1.00000000,-0.77798068,0.10559311
1157,-0.00551861,-0.05538558,-1.00000000,-0.99307051,0.01297299
1158,0.00210353,-0.22140868,-1.00000000,-0.67735665,-0.00968772
1159,-0.00699124,-0.09455879,-1.00000000,-0.91857771,-0.15090394
1160,-0.00810654,-0.03541395,1.00000000,-0.96897019,-0.19983590
1161,0.00609676,-0.10598585,-1.00000000,-0.89684771,-0.02065474
1162,0.00532170,-0.11464007,-1.00000000,-0.88039063,0.04880813
1163,0.00835909,-0.00442804,1.00000000,-0.91004658,0.08889271
1164,0.00715837,-0.01044226,1.00000000,-0.92148337,0.17956108
1165,-0.00837160,0.01312675,1.00000000,-0.87666394,0.17786257
1166,-0.00074155,0.00380963,1.00000000,-0.89438161,0.13404383
1167,-0.00441318,-0.11669689,-1.00000000,-0.87647932,0.07166440
1168,0.00761763,-0.05749063,-1.00000000,-0.98906749,0.06691325
1169,0.00178806,-0.08598105,-1.00000000,-0.93488936,0.03250121
1170,-0.01989936,0.00737331,1.00000000,-0.88760482,-0.04136671
1171,-0.01291008,-0.03786186,1.00000000,-0.97362520,-0.11934065
1172,0.00249141,-0.20614775,-1.00000000,-0.70637722,-0.07509722
1173,-0.00720162,-0.15191370,-1.00000000,-0.80951010,-0.17005652
1174,-0.00227477,-0.03240417,1.00000000,-0.96324672,-0.19609046
1175,0.00394142,-0.10761830,-1.00000000,-0.89374341,-0.04332277
1176,-0.01080112,-0.06938784,-1.00000000,-0.96644344,-0.02980887
1177,-0.00661583,-0.02115268,1.00000000,-0.94185059,-0.08816651
1178,0.00185576,-0.13554895,-1.00000000,-0.84062975,-0.03012831
1179,-0.01460041,-0.10307276,-1.00000000,-0.90238732,-0.10910897
1180,0.02175960,-0.03733654,1.00000000,-0.97262624,0.00506696
1181,0.02875722,-0.16503000,-1.00000000,-0.78456781,0.25855015
1182,-0.02253732,0.11710943,1.00000000,-0.67892776,0.15652791
1183,-0.03220772,0.17140824,1.00000000,-0.57567173,-0.06174520
1184,-0.01128169,-0.22661728,-1.00000000,-0.66745184,-0.04047940
1185,-0.01533294,-0.30165584,-1.00000000,-0.52475654,-0.27816219
1186,-0.01502272,-0.13927803,-1.00000000,-0.83353843,-0.55869669
1187,-0.01009212,-0.17071416,-1.00000000,-0.77375866,-0.47894998
1188,-0.01762573,-0.16830692,-1.00000000,-0.77833634,-0.38551102
1189,0.01936327,-0.13004746,-1.00000000,-0.85109153,-0.18914322
1190,0.00667408,-0.18850530,-1.00000000,-0.73992658,-0.04812587
1191,-0.00883568,0.09851489,1.00000000,-0.71428762,-0.00848039
1192,-0.00821491,0.00005175,1.00000000,-0.90152770,0.00354846
1193,0.00599125,-0.12029796,-1.00000000,-0.86963144,0.15488209
1194,0.00139200,-0.11548103,-1.00000000,-0.87879142,0.03972521
1195,0.00897521,-0.00524681,1.00000000,-0.91160358,0.05447045
1196,-0.00153443,-0.04093512,1.00000000,-0.97946940,0.10125564
1197,0.00377473,0.01790760,1.00000000,-0.86757255,0.17808327
1198,-0.00005848,-0.06364311,-1.00000000,-0.97736776,0.13931761
1199,-0.00227359,-0.02244610,1.00000000,-0.94431019,0.11582909
1200,-0.00057992,-0.05219035,-1.00000000,-0.99914665,0.05460142
1201,0.00975527,-0.06937871,-1.00000000,-0.96646080,0.12694394
1202,-0.01249571,-0.05623646,-1.00000000,-0.99145245,0.02268565
1203,-0.00438463,0.02396055,1.00000000,-0.85606210,-0.00503556
1204,0.00320334,-0.14869838,-1.00000000,-0.81562446,0.03005973
1205,0.03236703,-0.08575953,-1.00000000,-0.93531060,0.24117824
1206,-0.00937290,-0.02687983,1.00000000,-0.95274150,0.11860811
1207,0.00324704,0.19941894,1.00000000,-0.52240585,0.21948502
1208,0.01919464,-0.12446659,-1.00000000,-0.86170426,0.37057705
1209,-0.01712240,-0.02654080,1.00000000,-0.95209677,0.24033310
1210,-0.00080956,0.09720637,1.00000000,-0.71677592,0.02774308
1211,-0.02198226,-0.18459962,-1.00000000,-0.74735371,-0.05305557
1212,-0.00002797,-0.05801839,-1.00000000,-0.98806387,-0.07404126
1213,0.03172522,-0.22231025,-1.00000000,-0.67564219,0.00625258
1214,-0.01738957,-0.05195355,-1.00000000,-0.99959694,0.00454055
1215,-0.00742915,0.19443874,1.00000000,-0.53187633,-0.03787667
1216,-0.02211547,-0.18667282,-1.00000000,-0.74341127,-0.03873029
1217,0.00294697,-0.10938381,-1.00000000,-0.89038606,-0.01966735
1218,0.00480037,-0.22334395,-1.00000000,-0.67367649,-0.19219729
1219,0.02571523,-0.02886916,1.00000000,-0.95652446,0.08401106
1220,0.00160473,-0.01448756,1.00000000,-0.92917603,0.14189861
1221,-0.01114259,0.14780355,1.00000000,-0.62055901,0.21221103
1222,-0.00984732,-0.03928448,1.00000000,-0.97633050,0.13022734
1223,-0.00315623,-0.13819865,-1.00000000,-0.83559101,0.07924277
1224,0.01874879,-0.12814787,-1.00000000,-0.85470383,0.03460300
1225,-0.04925819,-0.07622767,-1.00000000,-0.95343664,-0.29131805
1226,-0.01129160,0.09374672,1.00000000,-0.72335490,-0.29227292
1227,0.00315853,-0.43396078,-1.00000000,-0.27316203,-0.20893363
1228,0.00586519,-0.13935496,-1.00000000,-0.83339214,-0.15112586
1229,0.03360135,-0.02722760,1.00000000,-0.95340281,-0.05595314
1230,0.00066323,-0.00622496,1.00000000,-0.91346364,0.26393497
1231,0.00042094,0.20899677,1.00000000,-0.50419239,0.33898697
1232,-0.00317223,-0.04659011,1.00000000,-0.99022306,0.29842053
1233,-0.01757670,-0.04847023,1.00000000,-0.99379836,0.14820885
1234,0.00206558,-0.07635179,-1.00000000,-0.95320061,-0.05386704
1235,-0.01881039,-0.18812481,-1.00000000,-0.74065011,-0.17865076
1236,0.01626754,-0.03570840,1.00000000,-0.96953013,-0.07710838
1237,-0.01136252,-0.19769779,-1.00000000,-0.72244589,-0.12959040
1238,-0.00429363,0.07449320,1.00000000,-0.75996790,-0.04447472
1239,-0.00708015,-0.13990524,-1.00000000,-0.83234570,-0.10307903
1240,-0.01523303,-0.08505341,-1.00000000,-0.93665338,-0.08015590
1241,-0.00410685,-0.10667569,-1.00000000,-0.89553589,-0.21071154
1242,-0.00750628,-0.16993886,-1.00000000,-0.77523299,-0.18600138
1243,0.00805668,-0.08360404,-1.00000000,-0.93940954,-0.10686267
1244,0.00494077,-0.10998231,-1.00000000,-0.88924793,-0.02983464
1245,0.01686148,0.01078014,1.00000000,-0.88112630,0.17582157
1246,-0.01638472,-0.01339808,1.00000000,-0.92710424,0.09714699
1247,0.00623697,0.07910191,1.00000000,-0.75120384,0.18521142
1248,-0.00514317,-0.17887555,-1.00000000,-0.75823875,0.10062898
1249,-0.00714463,-0.00334009,1.00000000,-0.90797770,0.02318777
1250,0.00931779,-0.09164554,-1.00000000,-0.92411762,-0.02515087
1251,-0.00478751,-0.10717603,-1.00000000,-0.89458443,0.04916212
1252,0.00704822,0.02056590,1.00000000,-0.86251744,0.05436048
1253,-0.00283401,-0.08888573,-1.00000000,-0.92936574,0.06915721
1254,0.00415411,0.00295490,1.00000000,-0.89600698,0.14155760
1255,-0.00841023,-0.07372733,-1.00000000,-0.95819135,0.02795936
1256,-0.01003265,-0.01950230,1.00000000,-0.93871218,-0.00565062
1257,0.00299937,-0.11699665,-1.00000000,-0.87590928,-0.03159500
1258,-0.01427503,-0.12958596,-1.00000000,-0.85196912,-0.10490712
1259,-0.00928621,-0.02846263,1.00000000,-0.95575138,-0.19103042
1260,0.00259374,-0.16250514,-1.00000000,-0.78936916,-0.12051879
1261,-0.00452298,-0.12379389,-1.00000000,-0.86298347,-0.08521375
1262,0.00074782,-0.03161012,1.00000000,-0.96173673,-0.09964129
1263,0.00734185,-0.08683309,-1.00000000,-0.93326910,0.03887605
1264,0.02549167,-0.04593376,1.00000000,-0.98897493,0.26172689
1265,-0.00886576,0.00523338,1.00000000,-0.89167416,0.18829632
1266,-0.00270724,0.14606885,1.00000000,-0.62385777,0.19993126
1267,-0.03138048,-0.12053137,-1.00000000,-0.86918757,-0.00594151
1268,0.00624490,-0.07274368,-1.00000000,-0.96006190,-0.01297062
1269,-0.01614846,-0.29523679,-1.00000000,-0.53696319,-0.27979360
1270,0.00504060,-0.00327857,1.00000000,-0.90786071,-0.19068399
1271,-0.01527655,-0.17704224,-1.00000000,-0.76172502,-0.27122603
1272,-0.00355883,-0.01262349,1.00000000,-0.92563125,-0.09294953
1273,0.04125346,-0.17027660,-1.00000000,-0.77459074,0.13137945
1274,-0.00025075,-0.07935165,-1.00000000,-0.94749600,0.23324934
1275,0.00054663,0.26837413,1.00000000,-0.39127886,0.20445277
1276,-0.02473121,-0.05368221,-1.00000000,-0.99630967,0.14386890
1277,0.00382892,-0.04749488,1.00000000,-0.99194360,0.19120833
1278,-0.02384200,-0.24364106,-1.00000000,-0.63507897,-0.22591248
1279,-0.00128479,-0.02202564,1.00000000,-0.94351063,-0.23253848
1280,-0.00107128,-0.23674115,-1.00000000,-0.64820003,-0.24290581
1281,0.01039874,-0.06170601,-1.00000000,-0.98105142,-0.01779894
1282,-0.00912714,-0.06004927,-1.00000000,-0.98420190,-0.10081919
1283,0.00656951,0.02895363,1.00000000,-0.84656712,0.09405269
1284,-0.00998906,-0.12255958,-1.00000000,-0.86533067,0.03827721
1285,-0.00443280,-0.00075972,1.00000000,-0.90307080,0.01673720
1286,-0.01637781,-0.12924771,-1.00000000,-0.85261235,-0.15484246
1287,0.00191266,-0.08613329,-1.00000000,-0.93459986,-0.08410125
1288,0.00801652,-0.17882193,-1.00000000,-0.75834072,-0.07482907
1289,0.00530085,-0.03689502,1.00000000,-0.97178664,0.02314613
1290,-0.00479547,0.01046849,1.00000000,-0.88171894,0.02082219
1291,0.01291914,-0.01060399,1.00000000,-0.92179092,0.20855216
1292,0.02807644,-0.08894748,-1.00000000,-0.92924833,0.37620528
1293,0.00800659,0.04851095,1.00000000,-0.80937640,0.37614166
1294,0.01842777,0.16612567,1.00000000,-0.58571720,0.46025676
1295,-0.00809519,0.01039144,1.00000000,-0.88186547,0.43911268
1296,0.00508396,0.09125576,1.00000000,-0.72809176,0.38890618
1297,-0.03122938,-0.11455203,-1.00000000,-0.88055803,0.00888441
1298,0.00240263,-0.01228695,1.00000000,-0.92499129,-0.02702480
1299,-0.00959269,-0.29406427,-1.00000000,-0.53919287,-0.20657525
1300,-0.02036313,-0.03309305,1.00000000,-0.96455672,-0.28518614
1301,-0.00485401,-0.12617208,-1.00000000,-0.85846105,-0.34886704
1302,0.01361306,-0.20974642,-1.00000000,-0.69953391,-0.06152417
1303,-0.00060942,-0.08940177,-1.00000000,-0.92838443,-0.08082487
1304,0.06599809,0.05389552,1.00000000,-0.79913698,0.40354819
1305,-0.00082699,-0.05646537,-1.00000000,-0.99101715,0.52873251
1306,-0.01215151,0.46038277,1.00000000,-0.02615021,0.48197139
1307,-0.00859716,-0.05815362,-1.00000000,-0.98780673,0.33965201
1308,0.01464866,-0.14602747,-1.00000000,-0.82070352,0.43742322
1309,-0.00447947,-0.11844710,-1.00000000,-0.87315107,-0.01418518
1310,-0.00188847,0.06193135,1.00000000,-0.78385583,-0.02098699
1311,-0.02060138,-0.08649549,-1.00000000,-0.93391110,-0.07513235
1312,-0.01803876,-0.06639032,-1.00000000,-0.97214361,-0.13563259
1313,-0.00198282,-0.21159516,-1.00000000,-0.69601830,-0.24220431
1314,0.00203533,-0.19171028,-1.00000000,-0.73383190,-0.20045856
1315,0.00573661,-0.06712240,-1.00000000,-0.97075145,-0.15159835
1316,0.04743437,-0.03594318,1.00000000,-0.96997660,0.28436331
1317,-0.01998434,-0.00722271,1.00000000,-0.91536099,0.27189636
1318,0.02962521,0.31633556,1.00000000,-0.30007414,0.47443527
1319,-0.01502958,-0.20680721,-1.00000000,-0.70512317,0.36508619
1320,-0.02803787,0.17814346,1.00000000,-0.56286385,0.14866501
1321,-0.01971315,-0.16836019,-1.00000000,-0.77823504,-0.28160501
1322,0.01115235,-0.26929940,-1.00000000,-0.58628639,-0.08208626
1323,0.02318300,-0.20470283,-1.00000000,-0.70912492,-0.12336682
1324,0.00224483,0.03480136,1.00000000,-0.83544692,-0.01267528
1325,-0.02892961,0.12815449,1.00000000,-0.65792418,-0.01838939
1326,0.00203011,-0.03431752,1.00000000,-0.96688520,0.12093779
1327,-0.05711776,-0.27621894,-1.00000000,-0.57312802,-0.31652569
1328,-0.00427829,-0.03598364,1.00000000,-0.97005352,-0.49249307
1329,0.01453010,-0.49494801,-1.00000000,-0.15718711,-0.41377111
1330,-0.00763679,-0.08493440,-1.00000000,-0.93687970,-0.27733033
1331,0.03498077,0.06101137,1.00000000,-0.78560529,-0.06618804
1332,-0.01342783,-0.11099506,-1.00000000,-0.88732207,0.21376973
1333,-0.04352054,0.21970056,1.00000000,-0.48383779,-0.03768805
1334,0.01734151,-0.15593126,-1.00000000,-0.80187022,-0.01967303
1335,-0.03842663,-0.38943890,-1.00000000,-0.35782599,-0.21696917
1336,0.01889696,0.08282677,1.00000000,-0.74412055,-0.32003156
1337,-0.01143025,-0.34991215,-1.00000000,-0.43299108,-0.30723138
1338,0.02563904,0.09489646,1.00000000,-0.72116851,0.13593163
1339,0.03713058,-0.14043079,-1.00000000,-0.83134632,0.26273668
1340,-0.02466048,0.14721234,1.00000000,-0.62168327,0.35094790
1341,0.03126631,0.23638222,1.00000000,-0.45211551,0.43020863
1342,-0.02380025,-0.24309218,-1.00000000,-0.63612273,0.35094376
1343,0.01104200,0.19087777,1.00000000,-0.53864794,0.25740839
1344,0.00045495,-0.23641712,-1.00000000,-0.64881621,0.02239709
1345,0.00816006,0.03394506,1.00000000,-0.83707529,0.23270559
1346,-0.00765729,-0.04820632,1.00000000,-0.99329649,-0.01671034
1347,-0.00108337,0.01158232,1.00000000,-0.87960085,0.12885562
1348,0.01164385,-0.11115413,-1.00000000,-0.88701957,0.13271218
1349,-0.01521492,-0.06014303,-1.00000000,-0.98402361,0.03230227
1350,-0.00835909,0.03861519,1.00000000,-0.82819445,-0.07354965
1351,-0.02501676,-0.16979838,-1.00000000,-0.77550013,-0.18478620
1352,0.01389552,-0.11659978,-1.00000000,-0.87666398,-0.08880399
1353,-0.01712568,-0.24585679,-1.00000000,-0.63086548,-0.27315433
1354,0.02479215,0.05608728,1.00000000,-0.79496908,-0.01679569
1355,-0.01485027,-0.18462510,-1.00000000,-0.74730525,-0.05839007
1356,0.03810023,0.14064085,1.00000000,-0.63417979,0.34605302
1357,-0.02827833,-0.16696878,-1.00000000,-0.78088098,0.07581005
1358,0.03753525,0.24390632,1.00000000,-0.43780747,0.42606814
1359,0.02024719,-0.27116528,-1.00000000,-0.58273819,0.39694478
1360,0.04056371,0.23952230,1.00000000,-0.44614425,0.75202829
1361,0.00599207,0.10537373,1.00000000,-0.70124466,0.54628458
1362,-0.00195445,0.26302200,1.00000000,-0.40145660,0.71496359
1363,0.00925178,-0.00524043,1.00000000,-0.91159143,0.53372783
1364,0.01351753,-0.06690229,-1.00000000,-0.97117003,0.49060531
1365,-0.02962338,0.02005362,1.00000000,-0.86349161,0.04085817
1366,0.02198935,0.05315423,1.00000000,-0.80054663,0.14336610
1367,-0.00541027,-0.28160234,-1.00000000,-0.56289080,0.12122178
1368,-0.01358428,0.11889224,1.00000000,-0.67553751,-0.02510782
1369,-0.03570957,-0.09371811,-1.00000000,-0.92017637,-0.34054687
1370,0.00102294,-0.15714519,-1.00000000,-0.79956177,-0.14417037
1371,0.00017357,-0.32882883,-1.00000000,-0.47308368,-0.28396224
1372,-0.01253520,-0.04379888,1.00000000,-0.98491520,-0.32961759
1373,0.02531608,-0.05038967,1.00000000,-0.99744841,-0.08035062
1374,-0.00908934,-0.14900477,-1.00000000,-0.81504182,0.09022738
1375,-0.00763163,0.14470633,1.00000000,-0.62644877,0.03477034
1376,-0.00158994,-0.12226625,-1.00000000,-0.86588848,0.02347002
1377,0.01757068,-0.11095495,-1.00000000,-0.88739834,0.21638346
1378,0.00282261,-0.06407387,-1.00000000,-0.97654862,0.07224909
1379,0.00532664,0.08460507,1.00000000,-0.74073889,0.16462429
1380,-0.00068702,-0.02983416,1.00000000,-0.95835951,0.20912418
1381,0.00195535,-0.01040387,1.00000000,-0.92141038,0.23184183
1382,0.02928869,-0.05706751,-1.00000000,-0.98987209,0.30692886
1383,-0.00485425,-0.03656378,1.00000000,-0.97115674,0.25773683
1384,0.03791712,0.17553222,1.00000000,-0.56782946,0.46657114
1385,0.01878945,-0.08940358,-1.00000000,-0.92838099,0.59137307
1386,-0.00695801,0.24248546,1.00000000,-0.44050943,0.53425776
1387,0.00200517,0.09406222,1.00000000,-0.72275492,0.35942957
1388,-0.00713781,-0.10572795,-1.00000000,-0.89733814,0.34479687
1389,0.01084439,-0.03617717,1.00000000,-0.97042155,0.17131938
1390,-0.00450170,-0.10712314,-1.00000000,-0.89468502,0.02207359
1391,0.01160180,0.03241171,1.00000000,-0.83999115,0.14100176
1392,-0.02779373,-0.08666798,-1.00000000,-0.93358307,-0.04994461
1393,0.00168785,0.03828892,1.00000000,-0.82881489,0.00660876
1394,0.00565058,-0.26740497,-1.00000000,-0.58988890,-0.02667229
1395,-0.00783442,-0.03863945,1.00000000,-0.97510389,-0.04802781
1396,0.00383289,-0.00789021,1.00000000,-0.91663033,-0.09780969
1397,0.00027883,-0.11252859,-1.00000000,-0.88440586,0.08207456
1398,-0.01431056,-0.02199478,1.00000000,-0.94345195,-0.02044057
1399,-0.01236403,-0.04957292,1.00000000,-0.99589525,-0.13587521
1400,0.00409839,-0.16278084,-1.00000000,-0.78884488,-0.05941175
1401,-0.03554920,-0.14767657,-1.00000000,-0.81756755,-0.31176563
1402,-0.02936266,-0.01993465,1.00000000,-0.93953435,-0.50170331
1403,0.01748426,-0.32758442,-1.00000000,-0.47545008,-0.29796744
1404,-0.00398971,-0.27957923,-1.00000000,-0.56673800,-0.24430621
1405,-0.01129873,0.08393449,1.00000000,-0.74201408,-0.34296838
1406,-0.00407414,-0.08269514,-1.00000000,-0.94113794,-0.14128143
1407,0.01440084,-0.13941027,-1.00000000,-0.83328697,0.13914770
1408,-0.00149585,-0.08335025,-1.00000000,-0.93989216,0.01752630
1409,0.01145370,0.06000832,1.00000000,-0.78751272,0.11648512
1410,-0.01920892,-0.06334376,-1.00000000,-0.97793702,0.06579794
1411,-0.00107111,0.03713971,1.00000000,-0.83100025,0.08504085
1412,-0.00801507,-0.20079024,-1.00000000,-0.71656520,-0.05859655
1413,-0.02118794,-0.06004792,-1.00000000,-0.98420448,-0.18478015
1414,0.02683739,-0.11393036,-1.00000000,-0.88174022,-0.08620406
1415,-0.01524376,-0.21614666,-1.00000000,-0.68736304,-0.06079597
1416,-0.02686842,0.15651110,1.00000000,-0.60400051,-0.22610079
1417,0.00894154,-0.17002215,-1.00000000,-0.77507462,-0.11744568
1418,0.00170976,-0.26022491,-1.00000000,-0.60354270,0.02927894
1419,-0.00481084,0.01764628,1.00000000,-0.86806947,-0.17351758
1420,0.00161152,-0.03846949,1.00000000,-0.97478068,-0.06551177
1421,-0.01277967,-0.08906672,-1.00000000,-0.92902156,0.02476658
1422,-0.00342457,-0.03923178,1.00000000,-0.97623027,-0.05447335
1423,-0.02225792,-0.15090173,-1.00000000,-0.81143449,-0.20805421
1424,-0.01336602,-0.07830985,-1.00000000,-0.94947712,-0.26287438
1425,-0.02086789,-0.22444926,-1.00000000,-0.67157460,-0.40691866
1426,0.00614902,-0.15545158,-1.00000000,-0.80278239,-0.28562681
1427,-0.02752285,-0.21366318,-1.00000000,-0.69208569,-0.44004456
1428,-0.00666222,-0.00402255,1.00000000,-0.90927549,-0.34010994
1429,-0.05302570,-0.26530306,-1.00000000,-0.59388594,-0.59424256
1430,0.00154012,-0.10343275,-1.00000000,-0.90170275,-0.45065576
1431,0.00023386,-0.46319520,-1.00000000,-0.21756909,-0.48855913
1432,0.00005575,-0.03978577,1.00000000,-0.97728377,-0.31184008
1433,0.04306551,-0.04992189,1.00000000,-0.99655886,0.00680686
1434,0.01411072,-0.05130394,1.00000000,-0.99918701,0.43700579
1435,0.02431205,0.28243493,1.00000000,-0.36454047,0.58292447
1436,0.01386794,0.05775711,1.00000000,-0.79179367,0.67028941
1437,0.01356833,0.13691543,1.00000000,-0.64126414,0.75687578
1438,-0.01741191,0.05587329,1.00000000,-0.79537600,0.36934663
1439,-0.01847297,0.05354841,1.00000000,-0.79979704,0.16055578
1440,0.03379559,-0.18684613,-1.00000000,-0.74308170,0.22132473
1441,0.01390428,-0.19507958,-1.00000000,-0.72742475,0.22155758
1442,-0.01953460,0.21050400,1.00000000,-0.50132621,0.00943956
1443,-0.02678460,0.05615526,1.00000000,-0.79483980,-0.05061907
1444,0.01713341,-0.20331734,-1.00000000,-0.71175961,0.17754071
1445,0.01468341,-0.25957453,-1.00000000,-0.60477947,0.05507305
1446,-0.01508051,0.08121205,1.00000000,-0.74719115,-0.13065663
1447,0.02262212,0.06220096,1.00000000,-0.78334314,0.13947657
1448,-0.01798266,-0.16875536,-1.00000000,-0.77748357,0.19587790
1449,0.01916576,0.12380230,1.00000000,-0.66620042,0.20890085
1450,0.01481131,-0.19127496,-1.00000000,-0.73465972,0.20972042
1451,0.04039562,0.09698227,1.00000000,-0.71720208,0.56520214
1452,0.05493567,0.06319342,1.00000000,-0.78145584,0.77226191
1453,-0.01156335,0.26171764,1.00000000,-0.40393700,0.81339581
1454,0.03826581,0.37454272,1.00000000,-0.18938589,0.93578571
1455,0.00391933,-0.14146357,-1.00000000,-0.82938235,0.86599177
1456,-0.01295443,0.24519115,1.00000000,-0.43536421,0.52413359
1457,-0.03585539,-0.02132403,1.00000000,-0.94217643,-0.05764032
1458,-0.00996922,-0.15225783,-1.00000000,-0.80885570,-0.04742544
1459,0.00154789,-0.32996034,-1.00000000,-0.47093196,-0.28270773
1460,0.01416381,-0.12909379,-1.00000000,-0.85290505,-0.21706281
1461,0.00014560,-0.03972553,1.00000000,-0.97716921,-0.13312000
1462,-0.00373862,0.05816912,1.00000000,-0.79101018,0.07267895
1463,0.00984795,-0.05060671,1.00000000,-0.99786114,0.19966410
1464,-0.01143879,-0.08074672,-1.00000000,-0.94484310,0.11644762
1465,-0.00391083,0.02467974,1.00000000,-0.85469447,0.00062831
1466,-0.09104021,-0.14049709,-1.00000000,-0.83122023,-0.58367511
1467,0.04737796,-0.08208305,-1.00000000,-0.94230191,-0.25612868
1468,0.02779692,-0.75817290,-1.00000000,0.34336820,-0.14111469
1469,-0.03938028,0.31589785,1.00000000,-0.30090650,-0.32015905
1470,-0.00781652,0.16395671,1.00000000,-0.58984175,-0.34518604
1471,0.10513589,-0.35731207,-1.00000000,-0.41891920,0.91187758
1472,-0.07080824,-0.11238965,-1.00000000,-0.88467008,0.15456021
1473,0.02301621,0.76407681,1.00000000,0.55136230,0.12392618
1474,0.03410641,-0.60118074,-1.00000000,0.04482782,0.59481660
1475,-0.00978788,0.12686022,1.00000000,-0.66038540,0.58218445
1476,-0.00082242,0.21291587,1.00000000,-0.49673973,-0.09677865
1477,-0.02067945,-0.12768664,-1.00000000,-0.85558092,0.22443827
1478,0.00649554,-0.05811816,-1.00000000,-0.98787416,0.11857658
1479,0.00893345,-0.21220093,-1.00000000,-0.69486633,-0.04272757
1480,0.05810487,-0.00133371,1.00000000,-0.90416233,0.39231781
1481,-0.02577936,0.01758351,1.00000000,-0.86818883,0.23239792
1482,0.00464666,0.39913451,1.00000000,-0.14262150,0.39468337
1483,0.00992067,-0.25177423,-1.00000000,-0.61961272,0.41663103
1484,-0.00926941,-0.01568026,1.00000000,-0.93144410,0.29999016
1485,-0.03078154,0.02524395,1.00000000,-0.85362154,-0.26957910
1486,-0.02156601,-0.12366353,-1.00000000,-0.86323136,-0.24258066
1487,-0.00452604,-0.29058925,-1.00000000,-0.54580107,-0.30135778
1488,0.01902935,-0.21908028,-1.00000000,-0.68178438,-0.24299088
1489,0.01692979,-0.08685682,-1.00000000,-0.93322398,-0.07511080
1490,-0.01791524,0.09592374,1.00000000,-0.71921501,0.00733429
1491,-0.02188940,0.07963198,1.00000000,-0.75019584,0.00526204
1492,0.00621527,-0.19075180,-1.00000000,-0.73565456,0.07409054
1493,0.00917631,-0.22158969,-1.00000000,-0.67701244,0.01095393
1494,0.03129996,-0.00350848,1.00000000,-0.90829792,0.10303560
1495,-0.00663654,0.01946803,1.00000000,-0.86460519,0.17530765
1496,-0.00167437,0.19113891,1.00000000,-0.53815135,0.30484217
1497,0.01482811,-0.10323347,-1.00000000,-0.90208170,0.36003182
1498,-0.00484689,-0.06472899,-1.00000000,-0.97530283,0.27017348
1499,0.00509730,0.06332380,1.00000000,-0.78120790,0.10227121
1500,-0.00564710,-0.08934653,-1.00000000,-0.92848947,0.10861137
1501,0.00104500,-0.01218348,1.00000000,-0.92479452,0.12603666
1502,-0.00992022,-0.09555582,-1.00000000,-0.91668172,-0.03254652
1503,-0.00213667,-0.04362771,1.00000000,-0.98458970,-0.01517988
1504,-0.01246839,-0.12871358,-1.00000000,-0.85362807,-0.12773788
1505,-0.00073259,-0.06831628,-1.00000000,-0.96848115,-0.09624653
1506,-0.00916429,-0.14848635,-1.00000000,-0.81602765,-0.16166595
1507,-0.00012515,-0.05742116,-1.00000000,-0.98919960,-0.09890077
1508,-0.00573495,-0.12284780,-1.00000000,-0.86478258,-0.12195790
1509,-0.00118882,-0.05270766,-1.00000000,-0.99816291,-0.04968030
1510,-0.00915416,-0.09623747,-1.00000000,-0.91538548,-0.10364427
1511,-0.00415060,-0.06096129,-1.00000000,-0.98246758,-0.07151742
1512,0.00444636,-0.12276920,-1.00000000,-0.86493206,-0.04222394
1513,0.00440155,-0.08394358,-1.00000000,-0.93876387,0.02272903
1514,0.00241235,-0.01723451,1.00000000,-0.93439970,0.04580470
1515,-0.00017490,-0.01758224,1.00000000,-0.93506095,0.10334227
1516,-0.00250429,-0.03301765,1.00000000,-0.96441333,0.11389155
1517,0.00535793,-0.05309369,-1.00000000,-0.99742882,0.11973274
1518,-0.01544866,-0.07116886,-1.00000000,-0.96305661,-0.00746406
1519,0.00683238,-0.01016107,1.00000000,-0.92094866,0.02085880
1520,-0.00913229,-0.17161207,-1.00000000,-0.77205118,-0.03653868
1521,0.01761276,0.00128010,1.00000000,-0.89919184,0.09236804
1522,0.00745149,-0.12259955,-1.00000000,-0.86525466,0.10578321
1523,0.00048823,0.08493161,1.00000000,-0.74011794,0.20790412
1524,-0.01496394,0.00608412,1.00000000,-0.89005637,0.06823695
1525,-0.00348032,-0.04794806,1.00000000,-0.99280539,0.10445387
1526,-0.00386548,-0.16785081,-1.00000000,-0.77920369,-0.03317511
1527,0.01148749,-0.07874243,-1.00000000,-0.94865451,-0.00731312
1528,0.00012146,-0.08173114,-1.00000000,-0.94297109,-0.00966330
1529,-0.01075934,0.03740188,1.00000000,-0.83050170,0.01727902
1530,-0.00219930,-0.05079404,1.00000000,-0.99821737,0.02548759
1531,-0.00082253,-0.13522481,-1.00000000,-0.84124613,0.04498632
1532,-0.00727851,-0.06880221,-1.00000000,-0.96755709,-0.07526309
1533,0.00339955,-0.05811902,-1.00000000,-0.98787251,-0.05425765
1534,0.01498343,-0.10821495,-1.00000000,-0.89260880,0.11069773
1535,0.00919968,-0.02535736,1.00000000,-0.94984633,0.18374049
1536,0.02938906,0.06452903,1.00000000,-0.77891601,0.37733127
1537,0.00803250,0.01964941,1.00000000,-0.86426027,0.47544171
1538,0.01692891,0.17631104,1.00000000,-0.56634843,0.56213559
1539,0.00917622,0.01059256,1.00000000,-0.88148302,0.52492393
1540,-0.00876621,0.07962517,1.00000000,-0.75020880,0.40980147
1541,-0.00800419,0.01946732,1.00000000,-0.86460654,0.17019180
1542,-0.00216333,-0.11975891,-1.00000000,-0.87065650,0.10485859
1543,-0.00282868,-0.11384591,-1.00000000,-0.88190082,-0.02174473
1544,0.00887348,-0.06852314,-1.00000000,-0.96808779,-0.02368460
1545,0.00121110,-0.07368598,-1.00000000,-0.95826998,0.04024832
1546,0.00962010,0.01711822,1.00000000,-0.86907364,0.15318183
1547,0.00305594,-0.04233890,1.00000000,-0.98213887,0.18662603
1548,-0.01078613,0.02291168,1.00000000,-0.85805665,0.13563603
1549,0.00565374,-0.02802365,1.00000000,-0.95491661,0.11500444
1550,-0.01094416,-0.13543267,-1.00000000,-0.84085087,0.03711563
1551,-0.00409085,-0.00786574,1.00000000,-0.91658380,-0.05074184
1552,-0.00805293,-0.13665889,-1.00000000,-0.83851906,-0.12192559
1553,-0.00925727,-0.08347991,-1.00000000,-0.93964559,-0.11212890
1554,-0.00446605,-0.11422410,-1.00000000,-0.88118164,-0.17697481
1555,0.00913455,-0.12356930,-1.00000000,-0.86341056,-0.04831380
1556,-0.00086711,-0.08639134,-1.00000000,-0.93410915,-0.02765661
1557,-0.00395671,0.01914403,1.00000000,-0.86522132,-0.00140872
1558,0.01167138,-0.05846495,-1.00000000,-0.98721470,0.13269853
1559,-0.00178853,-0.08243904,-1.00000000,-0.94162494,0.14985563
1560,0.00285954,0.03882879,1.00000000,-0.82778826,0.10964638
1561,0.00771507,-0.06561483,-1.00000000,-0.97361829,0.16463956
1562,-0.00026845,-0.02954763,1.00000000,-0.95781465,0.18827329
1563,0.00738915,0.00812942,1.00000000,-0.88616697,0.16083350
1564,0.01304026,-0.05381961,-1.00000000,-0.99604839,0.25585392
1565,0.00360946,0.00560038,1.00000000,-0.89097627,0.26065927
1566,0.00210488,0.04945079,1.00000000,-0.80758920,0.22471009
1567,0.00801367,-0.02372855,1.00000000,-0.94674894,0.27778055
1568,-0.00574088,-0.03540349,1.00000000,-0.96895030,0.19364554
1569,0.01571280,0.01044642,1.00000000,-0.88176091,0.21077073
1570,0.00083422,-0.09628348,-1.00000000,-0.91529799,0.19298748
1571,-0.01630599,0.07018866,1.00000000,-0.76815352,0.07501372
1572,0.00241300,-0.04526330,1.00000000,-0.98769997,0.03912558
1573,0.00096538,-0.17826461,-1.00000000,-0.75940053,0.08209816
1574,0.00722969,-0.03301257,1.00000000,-0.96440367,0.02773982
1575,-0.00068659,-0.04424554,1.00000000,-0.98576458,0.01799470
1576,0.00052470,0.00436306,1.00000000,-0.89332919,0.12584292
1577,0.00446332,-0.05706422,-1.00000000,-0.98987837,0.13898103
1578,0.00577408,-0.04766508,1.00000000,-0.99226726,0.16979436
1579,-0.00368734,-0.01710289,1.00000000,-0.93414941,0.09983982
1580,0.00972028,-0.00693193,1.00000000,-0.91480805,0.16652531
1581,-0.00302770,-0.08034886,-1.00000000,-0.94559968,0.14376216
1582,0.00799846,0.02368904,1.00000000,-0.85657841,0.16641474
1583,0.00203062,-0.07523028,-1.00000000,-0.95533331,0.14242725
1584,0.01179656,0.01032840,1.00000000,-0.88198534,0.24164554
1585,0.00527554,-0.03597974,1.00000000,-0.97004612,0.21316435
1586,0.00151772,0.03980019,1.00000000,-0.82594102,0.24229064
1587,0.00514535,-0.01080044,1.00000000,-0.92216451,0.22400837
1588,-0.00783003,-0.03995961,1.00000000,-0.97761434,0.16082301
1589,0.01504575,-0.01181063,1.00000000,-0.92408551,0.18164326
1590,-0.00031698,-0.11249448,-1.00000000,-0.88447072,0.14580733
1591,0.01172990,0.06501261,1.00000000,-0.77799642,0.21124529
1592,-0.04590743,-0.05419620,-1.00000000,-0.99533226,-0.11589237
1593,0.01057404,0.03928293,1.00000000,-0.82692465,0.00203783
1594,0.01800080,-0.40796020,-1.00000000,-0.32260541,0.02097328
1595,0.00306674,0.03031388,1.00000000,-0.84398043,0.04265561
1596,-0.02692459,0.08794262,1.00000000,-0.73439211,-0.20503593
1597,0.00762164,-0.02793983,1.00000000,-0.95475721,0.13796941
1598,-0.00783407,-0.26066082,-1.00000000,-0.60271376,0.02001331
1599,-0.00592047,0.00740445,1.00000000,-0.88754561,-0.13327018
1600,-0.00386712,-0.11252586,-1.00000000,-0.88441105,-0.17770122
1601,-0.00671551,-0.09767706,-1.00000000,-0.91264792,-0.04820481
1602,0.00748459,-0.08174389,-1.00000000,-0.94294685,-0.04908304
1603,0.00814838,-0.10384626,-1.00000000,-0.90091641,0.05332987
1604,0.01812271,0.00634095,1.00000000,-0.88956798,0.20739455
1605,0.01648372,0.01149174,1.00000000,-0.87977311,0.33779934
1606,0.00868559,0.08888861,1.00000000,-0.73259320,0.43648702
1607,-0.00230744,0.07617067,1.00000000,-0.75677797,0.37374132
1608,0.00021126,0.01566026,1.00000000,-0.87184615,0.32288155
1609,-0.01516268,-0.06964138,-1.00000000,-0.96596130,0.10959431
1610,-0.00837149,-0.05009725,1.00000000,-0.99689234,-0.04967371
1611,-0.00184890,-0.16939301,-1.00000000,-0.77627100,-0.11717698
1612,-0.00031246,-0.11669602,-1.00000000,-0.87648097,-0.10439344
1613,0.00558919,-0.06608328,-1.00000000,-0.97272748,-0.06993258
1614,-0.00422271,-0.05416108,-1.00000000,-0.99539905,0.00016894
1615,-0.00601948,-0.00836663,1.00000000,-0.91753631,0.01524024
1616,-0.00292966,-0.08450309,-1.00000000,-0.93769988,0.00831493
1617,-0.00618700,-0.09844533,-1.00000000,-0.91118696,-0.02932816
1618,0.00449879,-0.07446954,-1.00000000,-0.95677995,-0.03631520
1619,0.00286632,-0.09974522,-1.00000000,-0.90871505,0.00911008
1620,-0.00579255,-0.01682765,1.00000000,-0.93362599,0.01056420
1621,0.01383759,-0.02949504,1.00000000,-0.95771463,0.11800595
1622,-0.00182520,-0.09668445,-1.00000000,-0.91453549,0.14595566
1623,0.00565264,0.05563778,1.00000000,-0.79582385,0.15334932
1624,-0.01664043,-0.06589934,-1.00000000,-0.97307727,0.02835332
1625,-0.00108444,-0.00787425,1.00000000,-0.91659998,0.05852213
1626,0.00673464,-0.18085978,-1.00000000,-0.75446549,0.01300760
1627,0.00071935,-0.06015133,-1.00000000,-0.98400783,0.02931264
1628,-0.01452550,0.00052165,1.00000000,-0.90063411,-0.09998553
1629,0.00566636,-0.04615464,1.00000000,-0.98939497,0.04295269
1630,-0.00298401,-0.16444874,-1.00000000,-0.78567315,0.03078054
1631,-0.02074609,-0.00776778,1.00000000,-0.91639752,-0.14531137
1632,-0.01140918,-0.07489128,-1.00000000,-0.95597795,-0.22302898
1633,0.00272088,-0.21271804,-1.00000000,-0.69388299,-0.11251703
1634,0.00126306,-0.14026729,-1.00000000,-0.83165722,-0.14073267
1635,-0.00269820,-0.03062355,1.00000000,-0.95986065,-0.13890126
1636,-0.00869368,-0.04193569,1.00000000,-0.98137211,-0.06167147
1637,-0.01207934,-0.07267353,-1.00000000,-0.96019529,-0.06596577
1638,0.00563008,-0.11919610,-1.00000000,-0.87172675,-0.04732409
1639,-0.00027034,-0.14546750,-1.00000000,-0.82176836,-0.05714984
1640,0.00485742,-0.00804929,1.00000000,-0.91693284,-0.00873467
1641,0.00275390,-0.05383425,-1.00000000,-0.99602056,0.06461955
1642,0.00106968,-0.01404485,1.00000000,-0.92833416,0.14887630
1643,-0.02974685,-0.03036731,1.00000000,-0.95937337,-0.07781315
1644,-0.00023300,-0.04343622,1.00000000,-0.98422556,-0.07757387
1645,0.00274310,-0.28256041,-1.00000000,-0.56106891,-0.09112208
1646,0.01074486,-0.05354449,-1.00000000,-0.99657157,-0.03991738
1647,0.00008235,-0.03045115,1.00000000,-0.95953281,-0.04624401
1648,-0.00444245,0.03163937,1.00000000,-0.84145986,0.11590232
1649,-0.00204637,-0.05109749,1.00000000,-0.99879442,0.10428255
1650,0.02337189,-0.08620822,-1.00000000,-0.93445737,0.23646837
1651,-0.00194844,-0.06761553,-1.00000000,-0.96981370,0.15513182
1652,0.01766406,0.12962017,1.00000000,-0.65513701,0.26779246
1653,-0.00158218,-0.06685568,-1.00000000,-0.97125866,0.28612062
1654,0.00368316,0.08532967,1.00000000,-0.73936097,0.32283446
1655,0.00193371,-0.06401360,-1.00000000,-0.97666323,0.18546219
1656,0.00520858,-0.02315666,1.00000000,-0.94566142,0.23132318
1657,0.01225669,-0.03673172,1.00000000,-0.97147610,0.19667365
1658,-0.01209049,-0.01132001,1.00000000,-0.92315253,0.12933817
1659,-0.02150123,0.04337060,1.00000000,-0.81915145,-0.03203920
1660,0.00384766,-0.14555396,-1.00000000,-0.82160396,-0.01977488
1661,0.00383501,-0.21857768,-1.00000000,-0.68274014,-0.02857649
1662,-0.01554550,-0.02188016,1.00000000,-0.94323399,-0.20672830
1663,0.01572207,-0.02197837,1.00000000,-0.94342074,-0.02851007
1664,0.00689332,-0.17236355,-1.00000000,-0.77062215,0.15343748
1665,-0.02504794,0.07026061,1.00000000,-0.76801669,-0.03172073
1666,0.02446970,0.00175293,1.00000000,-0.89829268,0.10050291
1667,-0.01005665,-0.24609875,-1.00000000,-0.63040537,0.13567458
1668,-0.00862185,0.13813875,1.00000000,-0.63893786,-0.02031721
1669,0.00413446,-0.12977218,-1.00000000,-0.85161500,-0.03799551
1670,-0.02026425,-0.11863870,-1.00000000,-0.87278672,-0.00734240
1671,0.01315259,-0.01965473,1.00000000,-0.93900205,-0.07986057
1672,-0.00818971,-0.20897916,-1.00000000,-0.70099295,-0.06789752
1673,-0.01901856,0.05032238,1.00000000,-0.80593174,-0.13451792
1674,-0.04039231,-0.11528545,-1.00000000,-0.87916336,-0.41983803
1675,0.00654971,-0.19931312,-1.00000000,-0.71937413,-0.24801867
1676,0.01157514,-0.36516505,-1.00000000,-0.40398578,-0.25812668
1677,0.00680582,-0.00091334,1.00000000,-0.90336294,-0.16203784
1678,-0.00928381,0.03808202,1.00000000,-0.82920834,-0.09965920
1679,0.00866348,0.00107398,1.00000000,-0.89958379,0.21468209
1680,-0.01040635,-0.12377528,-1.00000000,-0.86301887,0.10603052
1681,0.01464754,0.01548866,1.00000000,-0.87217246,0.12571793
1682,0.00820984,-0.13248569,-1.00000000,-0.84645491,0.13471468
1683,-0.03124346,0.06192263,1.00000000,-0.78387242,-0.00599909
1684,0.00532389,0.01196865,1.00000000,-0.87886620,-0.02739860
1685,-0.02148320,-0.29417357,-1.00000000,-0.53898503,-0.09837721
1686,0.00458293,-0.01042522,1.00000000,-0.92145096,-0.16286953
1687,-0.01161500,-0.21843773,-1.00000000,-0.68300627,-0.28990380
1688,0.00716245,-0.01617478,1.00000000,-0.93238448,-0.04380514
1689,-0.00744345,-0.14186436,-1.00000000,-0.82862020,-0.12561613
1690,0.00736026,0.00384126,1.00000000,-0.89432146,0.05920791
1691,-0.01141967,-0.10949478,-1.00000000,-0.89017503,-0.04333407
1692,0.00655586,0.00537619,1.00000000,-0.89140260,0.07310172
1693,-0.01411427,-0.14034869,-1.00000000,-0.83150244,-0.06323594
1694,-0.00724105,-0.00086564,1.00000000,-0.90327223,-0.06193897
1695,0.00838612,-0.16125775,-1.00000000,-0.79174122,-0.05536545
1696,0.00298315,-0.10792421,-1.00000000,-0.89316167,0.03692540
1697,-0.01370549,0.01333644,1.00000000,-0.87626518,-0.09290590
1698,-0.00418118,-0.02858845,1.00000000,-0.95599065,-0.02925631
1699,-0.00745549,-0.15808574,-1.00000000,-0.79777320,-0.03063041
1700,-0.00975340,-0.08418085,-1.00000000,-0.93831267,-0.14686536
1701,0.01451176,-0.10958819,-1.00000000,-0.88999740,-0.07299199
1702,-0.00304308,-0.12741906,-1.00000000,-0.85608976,-0.00466910
1703,0.00211866,0.06086901,1.00000000,-0.78587601,0.03569924
1704,0.00505376,-0.07534967,-1.00000000,-0.95510626,0.11585643
1705,-0.00615124,-0.03529653,1.00000000,-0.96874691,0.13893843
1706,-0.00007866,-0.01252130,1.00000000,-0.92543694,0.04544553
1707,-0.00801953,-0.09946775,-1.00000000,-0.90924271,0.01355728
1708,0.00369078,-0.05234686,-1.00000000,-0.99884901,0.02363112
1709,-0.00487501,-0.11396496,-1.00000000,-0.88167442,-0.03999080
1710,-0.01325492,-0.02309755,1.00000000,-0.94554901,-0.08550996
1711,0.00707576,-0.08956469,-1.00000000,-0.92807461,-0.03966568
1712,-0.00484546,-0.15458948,-1.00000000,-0.80442177,-0.01932675
1713,-0.00501415,0.00316858,1.00000000,-0.89560065,-0.07510645
1714,0.00360102,-0.08933539,-1.00000000,-0.92851065,-0.02079346
1715,0.00763500,-0.09064436,-1.00000000,-0.92602149,0.11306560
1716,0.01037619,-0.02379401,1.00000000,-0.94687342,0.13421419
1717,-0.00128674,0.00750805,1.00000000,-0.88734859,0.15701787
1718,0.02420034,0.02877862,1.00000000,-0.84689994,0.34421944
1719,-0.00021858,-0.06172113,-1.00000000,-0.98102266,0.31974407
1720,-0.00341469,0.13604864,1.00000000,-0.64291245,0.24893955
1721,0.00204646,-0.05343262,-1.00000000,-0.99678430,0.19556408
1722,0.01341746,-0.07823316,-1.00000000,-0.94962294,0.28978615
1723,-0.00546039,-0.03585678,1.00000000,-0.96981228,0.09972517
1724,0.00709942,0.05237774,1.00000000,-0.80202323,0.14661767
1725,-0.01313214,-0.09410700,-1.00000000,-0.91943684,0.08434989
1726,0.00314795,0.00335217,1.00000000,-0.89525152,0.09140804
1727,0.01770706,-0.15363675,-1.00000000,-0.80623351,0.11889504
1728,-0.00836490,-0.02730966,1.00000000,-0.95355887,0.10028342
1729,-0.00582980,0.08566331,1.00000000,-0.73872651,0.01743514
1730,0.00114150,-0.11664488,-1.00000000,-0.87657822,0.10889820
1731,-0.05429568,-0.09697351,-1.00000000,-0.91398582,-0.25919096
1732,-0.00826784,-0.04287894,1.00000000,-0.98316582,-0.42563377
1733,0.00113281,-0.47304973,-1.00000000,-0.19882946,-0.36477403
1734,0.01759253,-0.11589173,-1.00000000,-0.87801043,-0.21468765
1735,-0.02445950,-0.04294636,1.00000000,-0.98329402,-0.37873455
1736,-0.00264861,0.08477462,1.00000000,-0.74041648,-0.04778880
1737,0.00636732,-0.24153265,-1.00000000,-0.63908838,0.04599088
1738,0.02344605,-0.07228873,-1.00000000,-0.96092704,0.18897037
1739,0.00092085,-0.00232860,1.00000000,-0.90605423,0.08214105
1740,0.00703021,0.13019563,1.00000000,-0.65404269,0.28392186
1741,-0.01135236,-0.04459107,1.00000000,-0.98642165,0.22814973
1742,0.02434289,0.00281518,1.00000000,-0.89627268,0.34333417
1743,0.01278475,-0.13982636,-1.00000000,-0.83249571,0.27501838
1744,0.00218653,0.13715478,1.00000000,-0.64080899,0.28312865
1745,-0.01675831,0.04746816,1.00000000,-0.81135942,0.13069575
1746,0.00733782,-0.03476988,1.00000000,-0.96774541,0.25045930
1747,-0.02314195,-0.18177447,-1.00000000,-0.75272609,-0.05381565
1748,0.02647678,0.00520211,1.00000000,-0.89173363,0.03392056
1749,0.00727327,-0.23130903,-1.00000000,-0.65852989,0.06651551
1750,0.02462978,0.15371292,1.00000000,-0.60932161,0.33172350
1751,-0.01695084,0.00470120,1.00000000,-0.89268619,0.17608578
1752,0.02235007,0.13938094,1.00000000,-0.63657567,0.46759104
1753,-0.00300664,-0.18326844,-1.00000000,-0.74988511,0.27866619
1754,-0.01134554,0.12169124,1.00000000,-0.67021487,0.15936000
1755,-0.00350409,-0.07506690,-1.00000000,-0.95564398,-0.02091715
1756,0.02999981,-0.13977345,-1.00000000,-0.83259632,0.27993480
1757,-0.00642409,-0.07892689,-1.00000000,-0.94830373,0.09555484
1758,0.00038087,0.18105027,1.00000000,-0.55733619,0.11726146
1759,-0.03795939,-0.10158492,-1.00000000,-0.90521663,-0.05327568
1760,0.00856580,-0.04878113,1.00000000,-0.99438957,0.02406617
1761,-0.02181328,-0.34628656,-1.00000000,-0.43988561,-0.30794345
1762,0.01589144,0.01473075,1.00000000,-0.87361373,-0.16494930
1763,0.03600489,-0.22099903,-1.00000000,-0.67813564,0.06332349
1764,-0.03116098,0.07157481,1.00000000,-0.76551757,0.10688658
1765,-0.00769378,0.22764734,1.00000000,-0.46872597,0.00269790
1766,-0.00204553,-0.29353353,-1.00000000,-0.54020215,0.12936636
1767,0.01633204,-0.11143724,-1.00000000,-0.88648120,0.13218964
1768,-0.00337782,-0.06760900,-1.00000000,-0.96982613,-0.12016822
1769,-0.00575479,0.07499368,1.00000000,-0.75901617,0.04263040
1770,0.00352244,-0.07794711,-1.00000000,-0.95016691,0.11450205
1771,0.02165556,-0.09639144,-1.00000000,-0.91509269,0.26637466
1772,-0.02528334,-0.02440377,1.00000000,-0.94803296,-0.00028969
1773,-0.00887229,0.11630215,1.00000000,-0.68046289,-0.03549731
1774,-0.01189212,-0.24792532,-1.00000000,-0.62693191,-0.07482431
1775,-0.00826918,-0.12058202,-1.00000000,-0.86909125,-0.15038302
1776,-0.00090848,-0.14401473,-1.00000000,-0.82453100,-0.29496963
1777,0.01723879,-0.11590211,-1.00000000,-0.87799070,-0.02249494
1778,0.00525995,-0.05878599,-1.00000000,-0.98660420,0.06806209
1779,-0.00140432,0.08202976,1.00000000,-0.74563617,0.13526615
1780,-0.01620207,-0.01092138,1.00000000,-0.92239448,0.08443349
1781,-0.12220507,-0.06263352,-1.00000000,-0.97928763,-0.69281474
1782,0.10087097,-0.17745825,-1.00000000,-0.76093392,-0.15691375
1783,-0.03383677,-1.00000000,-1.00000000,0.80323293,-0.40743898
1784,-0.05806029,0.73098270,1.00000000,0.48842968,-0.77048092
1785,-0.05202059,-0.31429660,-1.00000000,-0.50071854,-1.00000000
1786,-0.04197071,-0.50226162,-1.00000000,-0.14327937,-0.48587166
1787,0.02455131,-0.45539594,-1.00000000,-0.23240036,-0.97491525
1788,0.01867609,-0.37741280,-1.00000000,-0.38069513,-0.63842162
1789,0.00872922,0.13877205,1.00000000,-0.63773354,-0.21044561
1790,0.04797476,0.09318263,1.00000000,-0.72442758,0.43030787
1791,-0.02805528,0.01599883,1.00000000,-0.87120231,0.51947564
1792,-0.01708006,0.32052884,1.00000000,-0.29210010,0.25270874
1793,-0.00650274,-0.26943449,-1.00000000,-0.58602951,0.09136699
1794,0.00588918,-0.18427113,-1.00000000,-0.74797837,0.07316846
1795,-0.00906607,-0.10219526,-1.00000000,-0.90405600,-0.29233967
1796,-0.02894754,-0.00603880,1.00000000,-0.91310965,-0.29805711
1797,-0.01671477,-0.12208570,-1.00000000,-0.86623181,-0.29571634
1798,-0.03382775,-0.27635807,-1.00000000,-0.57286344,-0.47081042
1799,0.02263311,-0.18143656,-1.00000000,-0.75336867,-0.36351811
1800,0.02075505,-0.31422662,-1.00000000,-0.50085163,-0.17242935
1801,-0.01107682,0.12388755,1.00000000,-0.66603830,-0.05791678
1802,-0.00512304,0.10931452,1.00000000,-0.69375077,0.01636104
1803,-0.01160176,-0.13768830,-1.00000000,-0.83656151,0.15878145
1804,-0.00995691,-0.09148933,-1.00000000,-0.92441467,-0.05004995
1805,0.00199061,-0.14176165,-1.00000000,-0.82881551,-0.17028934
1806,-0.01563960,-0.12899824,-1.00000000,-0.85308674,-0.19952687
1807,-0.00550656,-0.03629019,1.00000000,-0.97063647,-0.20198441
1808,-0.00949226,-0.17309369,-1.00000000,-0.76923369,-0.18846710
1809,-0.00095403,-0.09446531,-1.00000000,-0.91875547,-0.13077819
1810,-0.00544360,-0.12539277,-1.00000000,-0.85994300,-0.17841537
1811,0.00232950,-0.05913946,-1.00000000,-0.98593203,-0.06327243
1812,-0.00133084,-0.09397677,-1.00000000,-0.91968450,-0.03651508
1813,-0.00378638,-0.03366056,1.00000000,-0.96563590,0.00004729
1814,0.01435613,-0.06206332,-1.00000000,-0.98037195,0.09815223
1815,0.00076682,-0.08111733,-1.00000000,-0.94413834,0.13794761
1816,0.00085165,0.05966138,1.00000000,-0.78817245,0.12847784
1817,0.01276660,-0.04578629,1.00000000,-0.98869450,0.21881186
1818,-0.00149900,-0.04512804,1.00000000,-0.98744276,0.23346895
1819,0.01285795,0.04732728,1.00000000,-0.81162731,0.22386890
1820,0.00556023,-0.06336822,-1.00000000,-0.97789051,0.25458423
1821,0.00238848,0.04803614,1.00000000,-0.81027932,0.26443197
1822,-0.00187787,-0.00859135,1.00000000,-0.91796363,0.17059270
1823,0.02853204,-0.03320285,1.00000000,-0.96476551,0.36302657
1824,0.00568644,-0.06630803,-1.00000000,-0.97230008,0.31707272
1825,0.01534648,0.16966089,1.00000000,-0.57899452,0.37978137
1826,-0.01040420,-0.00761199,1.00000000,-0.91610126,0.29780801
1827,0.00906743,0.06734611,1.00000000,-0.77355897,0.36794364
1828,-0.00129945,-0.13246905,-1.00000000,-0.84648657,0.17678845
1829,0.00042620,0.01862319,1.00000000,-0.86621175,0.14308173
1830,0.00508080,-0.06181978,-1.00000000,-0.98083505,0.07730099
1831,-0.02208956,-0.04842937,1.00000000,-0.99372066,0.00242316
1832,0.00132082,-0.01231152,1.00000000,-0.92503801,-0.04721581
1833,0.00460334,-0.22314286,-1.00000000,-0.67405888,-0.00939170
1834,-0.00347777,-0.04148746,1.00000000,-0.98051974,-0.03440771
1835,0.00417466,-0.01601642,1.00000000,-0.93208334,-0.04021412
1836,-0.02418309,-0.07872267,-1.00000000,-0.94869208,-0.05362910
1837,0.01391962,-0.01934283,1.00000000,-0.93840894,0.02710186
1838,-0.00209754,-0.23938782,-1.00000000,-0.64316704,-0.01583624
1839,0.00448326,0.05627424,1.00000000,-0.79461353,0.03517670
1840,0.00150295,-0.06801261,-1.00000000,-0.96905861,0.01805686
1841,0.00472961,-0.01694820,1.00000000,-0.93385524,0.20332460
1842,0.00402697,-0.04007423,1.00000000,-0.97783230,0.13993418
1843,0.00302778,-0.01503659,1.00000000,-0.93022008,0.17277637
1844,0.00929827,-0.02048881,1.00000000,-0.94058816,0.20363018
1845,0.00089178,-0.02824214,1.00000000,-0.95533210,0.19971390
1846,-0.01652255,0.02041444,1.00000000,-0.86280547,0.06353364
1847,0.00229720,-0.04481667,1.00000000,-0.98685066,0.05244957
1848,0.00042677,-0.17994501,-1.00000000,-0.75620504,0.03578275
1849,0.03448461,-0.03391113,1.00000000,-0.96611239,0.19717257
1850,0.03828012,-0.04842495,1.00000000,-0.99371225,0.43675079
1851,-0.01362371,0.21585054,1.00000000,-0.49115909,0.45532607
1852,-0.00278592,0.24530219,1.00000000,-0.43515305,0.42275424
1853,-0.00865100,-0.15745115,-1.00000000,-0.79897995,0.36458541
1854,-0.02339872,-0.07335421,-1.00000000,-0.95890088,-0.00632125
1855,0.02636345,-0.11886488,-1.00000000,-0.87235661,-0.08268124
1856,0.00935366,-0.23330140,-1.00000000,-0.65474114,0.06455387
1857,-0.00989264,0.15283355,1.00000000,-0.61099384,0.01901522
1858,-0.01238800,0.02084420,1.00000000,-0.86198822,-0.00493085
1859,0.02422494,-0.12849955,-1.00000000,-0.85403507,0.30023354
1860,0.00424452,-0.14786254,-1.00000000,-0.81721390,0.15849911
1861,0.01483864,0.13623949,1.00000000,-0.64254954,0.19364595
1862,-0.00623197,-0.01880072,1.00000000,-0.93737804,0.21710295
1863,-0.00969157,0.06340551,1.00000000,-0.78105253,0.23438123
1864,0.00129764,-0.10009414,-1.00000000,-0.90805154,0.08746694
1865,-0.00699056,-0.12693929,-1.00000000,-0.85700211,0.01547441
1866,-0.00302717,-0.04166737,1.00000000,-0.98086186,-0.09900672
1867,-0.00243163,-0.10598056,-1.00000000,-0.89685777,-0.07465482
1868,-0.00281459,-0.07522619,-1.00000000,-0.95534107,-0.03058831
1869,-0.00632143,-0.07060504,-1.00000000,-0.96412877,-0.07941002
1870,-0.00679447,-0.07357665,-1.00000000,-0.95847789,-0.07815347
1871,0.00090723,-0.10078835,-1.00000000,-0.90673141,-0.05294251
1872,-0.01892524,-0.10445893,-1.00000000,-0.89975134,-0.15863079
1873,0.00487012,-0.04469681,1.00000000,-0.98662272,-0.10938847
1874,-0.00535810,-0.19858898,-1.00000000,-0.72075117,-0.10321559
1875,-0.03399262,-0.01394633,1.00000000,-0.92814680,-0.27749679
1876,-0.00700777,-0.09331326,-1.00000000,-0.92094625,-0.32821473
1877,0.00123275,-0.31550593,-1.00000000,-0.49841886,-0.19904568
1878,0.00253880,-0.10611405,-1.00000000,-0.89660393,-0.21398435
1879,0.00586969,-0.04217085,1.00000000,-0.98181929,-0.14203857
1880,0.01244061,-0.03203641,1.00000000,-0.96254738,0.15549780
1881,0.00072065,-0.00619002,1.00000000,-0.91339721,0.20502021
1882,0.03531560,0.04479776,1.00000000,-0.81643751,0.42341738
1883,-0.00537616,-0.04614455,1.00000000,-0.98937579,0.37269964
1884,-0.02015638,0.22229868,1.00000000,-0.47889714,0.20592891
1885,-0.01700535,-0.09345340,-1.00000000,-0.92067975,0.01724413
1886,0.01555387,-0.20814217,-1.00000000,-0.70258458,0.11229292
1887,-0.01960632,-0.18369135,-1.00000000,-0.74908090,-0.23963754
1888,-0.00594075,0.06895543,1.00000000,-0.77049866,-0.24325539
1889,0.00242689,-0.20387390,-1.00000000,-0.71070125,-0.09854556
1890,0.00459467,-0.09783446,-1.00000000,-0.91234861,0.03986373
1891,-0.03042613,-0.03290483,1.00000000,-0.96419878,-0.25476843
1892,-0.00608682,-0.01608368,1.00000000,-0.93221124,-0.16813771
1893,-0.04685609,-0.28783139,-1.00000000,-0.55104549,-0.43031636
1894,-0.02039396,-0.09896784,-1.00000000,-0.91019334,-0.57654854
1895,0.01318685,-0.41532146,-1.00000000,-0.30860704,-0.52149127
1896,0.00689008,-0.20998568,-1.00000000,-0.69907891,-0.28237524
1897,-0.00460984,0.05058829,1.00000000,-0.80542608,-0.27291103
1898,-0.02183460,0.00172779,1.00000000,-0.89834048,-0.11257746
1899,-0.01773922,-0.08750710,-1.00000000,-0.93198739,-0.09556632
1900,-0.02009641,-0.22116443,-1.00000000,-0.67782111,-0.30883990
1901,-0.01044400,-0.18938592,-1.00000000,-0.73825196,-0.41991382
1902,-0.01111003,-0.20767680,-1.00000000,-0.70346954,-0.46156596
1903,-0.00627034,-0.13277791,-1.00000000,-0.84589922,-0.36183284
1904,0.00848386,-0.13794604,-1.00000000,-0.83607137,-0.19379973
1905,-0.02261747,-0.10039193,-1.00000000,-0.90748525,-0.20995423
1906,-0.00381387,0.01409491,1.00000000,-0.87482285,-0.16746943
1907,0.00489695,-0.22723920,-1.00000000,-0.66626917,-0.06489935
1908,-0.00084192,-0.08133066,-1.00000000,-0.94373266,-0.03011490
1909,-0.02189675,-0.01373811,1.00000000,-0.92775085,-0.22478874
1910,0.00747675,-0.05826946,-1.00000000,-0.98758643,-0.03195005
1911,-0.01893107,-0.22164670,-1.00000000,-0.67690402,-0.12881857
1912,0.01137406,0.00628011,1.00000000,-0.88968368,-0.08731433
1913,-0.00960099,-0.19863425,-1.00000000,-0.72066509,-0.14344102
1914,-0.00692867,0.03652173,1.00000000,-0.83217542,-0.04752809
1915,0.00882286,-0.12623646,-1.00000000,-0.85833862,-0.03890242
1916,0.00455901,-0.10550028,-1.00000000,-0.89777108,0.11161810
1917,-0.00738816,0.01672542,1.00000000,-0.86982060,-0.00860705
1918,0.01077115,-0.01636041,1.00000000,-0.93273749,0.12193420
1919,0.01303079,-0.10906572,-1.00000000,-0.89099095,0.24983108
1920,-0.02137720,0.03184335,1.00000000,-0.84107196,0.05631417
1921,-0.01836012,0.04937731,1.00000000,-0.80772891,-0.09054776
1922,-0.00876072,-0.21761520,-1.00000000,-0.68457043,-0.09934292
1923,-0.00819705,-0.19420385,-1.00000000,-0.72909005,-0.22088791
1924,-0.00463055,-0.11971628,-1.00000000,-0.87073757,-0.33405882
1925,-0.00441060,-0.11534239,-1.00000000,-0.87905507,-0.22533973
1926,-0.00539653,-0.08766776,-1.00000000,-0.93168186,-0.14227123
1927,0.00556260,-0.08596108,-1.00000000,-0.93492733,-0.05048978
1928,0.00473822,-0.09361149,-1.00000000,-0.92037912,0.03239724
1929,0.00340016,-0.00857291,1.00000000,-0.91792858,0.08385664
1930,0.01766264,-0.01496979,1.00000000,-0.93009304,0.22529827
1931,-0.02200846,-0.02535265,1.00000000,-0.94983736,0.11885177
1932,-0.00289920,0.08531862,1.00000000,-0.73938200,0.06462993
1933,-0.00378296,-0.22251359,-1.00000000,-0.67525551,0.01002763
1934,0.00221024,-0.07423322,-1.00000000,-0.95722934,0.00240287
1935,0.00216746,-0.08109081,-1.00000000,-0.94418877,-0.09688760
1936,-0.00019726,-0.03458591,1.00000000,-0.96739557,0.04287497
1937,-0.00217896,-0.03491785,1.00000000,-0.96802680,0.04749018
1938,0.00888132,-0.05326716,-1.00000000,-0.99709895,0.12864077
1939,0.00097310,-0.06864440,-1.00000000,-0.96785719,0.12071337
1940,0.00889855,0.01717904,1.00000000,-0.86895798,0.16384502
1941,-0.00424936,-0.04418565,1.00000000,-0.98565068,0.13787981
1942,0.01635839,0.01731272,1.00000000,-0.86870379,0.25666402
1943,-0.01212320,-0.08470991,-1.00000000,-0.93730659,0.12207058
1944,0.00097038,0.07519815,1.00000000,-0.75862734,0.12205313
1945,0.01181384,-0.14580780,-1.00000000,-0.82112126,0.14073384
1946,-0.01043151,-0.04420678,1.00000000,-0.98569087,0.10111964
1947,-0.00246456,0.03993425,1.00000000,-0.82568609,-0.01949464
1948,-0.00301787,-0.13268100,-1.00000000,-0.84608352,0.03885079
1949,0.00057830,-0.07086053,-1.00000000,-0.96364294,0.03633845
1950,-0.00091301,-0.07515400,-1.00000000,-0.95547835,-0.04521312
1951,0.00083944,-0.04724912,1.00000000,-0.99147627,0.02700929
1952,0.00398593,-0.05882117,-1.00000000,-0.98653730,0.06834293
1953,-0.02166961,-0.04522279,1.00000000,-0.98762293,-0.05117432
1954,-0.00532565,-0.02080727,1.00000000,-0.94119375,-0.08900584
1955,0.00077399,-0.21988423,-1.00000000,-0.68025558,-0.07819581
1956,-0.00698225,-0.09306146,-1.00000000,-0.92142507,-0.12831592
1957,-0.00333702,-0.04573069,1.00000000,-0.98858877,-0.17524013
1958,-0.00769595,-0.10591607,-1.00000000,-0.89698040,-0.08569926
1959,-0.00009734,-0.07763046,-1.00000000,-0.95076906,-0.05219716
1960,0.01312026,-0.11145411,-1.00000000,-0.88644912,0.02691570
1961,-0.00399106,-0.05249186,-1.00000000,-0.99857327,0.04608278
1962,0.00463334,0.05007157,1.00000000,-0.80640869,0.09715547
1963,-0.00450807,-0.08270557,-1.00000000,-0.94111810,0.11758286
1964,-0.00512288,-0.01578364,1.00000000,-0.93164068,0.08538006
1965,0.01096802,-0.08671742,-1.00000000,-0.93348905,0.07158885
1966,0.02593376,-0.09148806,-1.00000000,-0.92441708,0.26334208
1967,0.01752788,0.03337101,1.00000000,-0.83816692,0.34596815
1968,0.00344901,0.14949930,1.00000000,-0.61733432,0.39695583
1969,-0.00673312,0.08427297,1.00000000,-0.74137043,0.38663766
1970,-0.00703096,-0.02497355,1.00000000,-0.94911646,0.27130318
1971,0.01090660,-0.10398292,-1.00000000,-0.90065653,0.17501163
1972,-0.02212505,-0.10629406,-1.00000000,-0.89626161,-0.07907770
1973,-0.00006235,0.03289440,1.00000000,-0.83907325,-0.10157791
1974,-0.00586946,-0.22341822,-1.00000000,-0.67353524,-0.09604373
1975,-0.00071596,-0.05222034,-1.00000000,-0.99908961,-0.05557822
1976,0.00018222,-0.09728127,-1.00000000,-0.91340056,-0.12429825
1977,0.00367242,-0.05729207,-1.00000000,-0.98944507,0.04100760
1978,-0.02018054,-0.05032259,1.00000000,-0.99732085,-0.08790640
1979,0.01421034,-0.02323998,1.00000000,-0.94581985,0.04076159
1980,0.00644164,-0.20832963,-1.00000000,-0.70222810,0.08662630
1981,-0.00896031,0.05853011,1.00000000,-0.79032373,0.02804250
1982,-0.00205195,-0.00175189,1.00000000,-0.90495754,-0.00863834
1983,0.01178930,-0.12126504,-1.00000000,-0.86779241,0.19621904
1984,-0.02434482,-0.06765890,-1.00000000,-0.96973125,-0.05083591
1985,-0.00315571,0.03974380,1.00000000,-0.82604824,-0.11233415
1986,0.00362946,-0.24064276,-1.00000000,-0.64078061,-0.03166102
1987,0.00960666,-0.07622360,-1.00000000,-0.95344438,0.04304545
1988,0.00975277,-0.02357336,1.00000000,-0.94645382,0.02999575
1989,-0.00973712,0.02280741,1.00000000,-0.85825494,0.12359944
1990,0.00450375,0.02394118,1.00000000,-0.85609892,0.17268000
1991,0.00376442,-0.12729273,-1.00000000,-0.85632999,0.17354483
1992,0.01082597,-0.01678916,1.00000000,-0.93355281,0.18135797
1993,0.00200975,-0.02252609,1.00000000,-0.94446230,0.13174195
1994,0.00822245,0.03226877,1.00000000,-0.84026296,0.24682386
1995,0.00266317,-0.03614167,1.00000000,-0.97035404,0.23502970
1996,-0.00486107,0.01206648,1.00000000,-0.87868016,0.17975897
1997,-0.01999386,-0.03107138,1.00000000,-0.96071224,-0.01772936
1998,0.00685048,-0.08945656,-1.00000000,-0.92828024,0.01328921
1999,0.00254938,-0.20688105,-1.00000000,-0.70498276,-0.02306292
2000,-0.00733844,0.00142048,1.00000000,-0.89892488,-0.08715158
2001,0.00906655,-0.03195438,1.00000000,-0.96239138,0.00209428
2002,0.01459641,-0.10867998,-1.00000000,-0.89172448,0.22374293
2003,-0.00137864,0.01861632,1.00000000,-0.86622482,0.17101214
2004,-0.03032012,0.06152588,1.00000000,-0.78462688,-0.03961009
2005,0.00298334,-0.06243422,-1.00000000,-0.97966662,0.02653016
2006,0.02180155,-0.28700879,-1.00000000,-0.55260976,0.10813392
2007,0.00209453,-0.02858699,1.00000000,-0.95598787,0.02802398
2008,-0.01066558,0.11743494,1.00000000,-0.67830876,-0.03148516
2009,0.01460493,-0.03548379,1.00000000,-0.96910300,0.25638706
2010,0.00419924,-0.13449722,-1.00000000,-0.84262975,0.26417838
2011,-0.00275699,0.06159202,1.00000000,-0.78450112,0.10681140
2012,0.01566823,-0.01915203,1.00000000,-0.93804611,0.19378938
2013,0.01825345,-0.07312968,-1.00000000,-0.95932786,0.37909766
2014,0.00368949,0.06984279,1.00000000,-0.76881122,0.30915332
2015,-0.00826145,0.08990309,1.00000000,-0.73066404,0.22930726
2016,0.00115032,-0.02310755,1.00000000,-0.94556802,0.25434463
2017,-0.00810138,-0.11584217,-1.00000000,-0.87810468,0.10203297
2018,-0.00018591,-0.04281050,1.00000000,-0.98303566,-0.01612334
2019,0.00080493,-0.11460004,-1.00000000,-0.88046673,-0.03460708
2020,0.00537017,-0.05317909,-1.00000000,-0.99726642,0.05274211
2021,-0.01385694,-0.04549057,1.00000000,-0.98813215,-0.04342193
2022,-0.00004710,-0.01006608,1.00000000,-0.92076801,0.00818850
2023,0.02843944,-0.15926099,-1.00000000,-0.79553831,0.19161496
2024,-0.00549152,-0.05210204,-1.00000000,-0.99931457,0.15126832
2025,0.00977325,0.16894241,1.00000000,-0.58036080,0.17948251
2026,0.00141700,-0.09434860,-1.00000000,-0.91897740,0.27735537
2027,-0.00129949,0.02410010,1.00000000,-0.85579673,0.26933029
2028,0.00066627,-0.04074119,1.00000000,-0.97910060,0.09136442
2029,0.01502067,-0.06182007,-1.00000000,-0.98083451,0.22280312
2030,-0.00327263,-0.04656656,1.00000000,-0.99017828,0.13920725
2031,0.00007819,0.06481797,1.00000000,-0.77836655,0.13062841
2032,0.00775759,-0.07713089,-1.00000000,-0.95171906,0.18866464
2033,-0.01499246,-0.05112979,1.00000000,-0.99885585,0.08832616
2034,-0.00534161,0.00845930,1.00000000,-0.88553967,-0.04215189
2035,0.00002599,-0.16807212,-1.00000000,-0.77878284,-0.02101488
2036,0.00502729,-0.09318530,-1.00000000,-0.92118956,0.01069808
2037,0.01516736,-0.05153489,1.00000000,-0.99962620,0.05817867
2038,-0.00325079,-0.01272676,1.00000000,-0.92582763,0.13341731
2039,-0.01570500,0.06595623,1.00000000,-0.77620201,0.06701042
2040,0.00863965,-0.07696138,-1.00000000,-0.95204141,0.12220531
2041,0.01266268,-0.17360118,-1.00000000,-0.76826864,0.17113166
2042,0.00446996,0.01530374,1.00000000,-0.87252412,0.10258452
2043,-0.00994618,0.04652093,1.00000000,-0.81316068,0.05968159
2044,0.00389835,-0.01705138,1.00000000,-0.93405146,0.18529660
2045,-0.00272600,-0.12891497,-1.00000000,-0.85324510,0.11246743
2046,-0.00643563,-0.02148683,1.00000000,-0.94248603,-0.00991137
2047,0.00648938,-0.07288923,-1.00000000,-0.95978510,0.00302874
2048,0.00855364,-0.10167451,-1.00000000,-0.90504627,0.12157247
2049,0.00708595,-0.00138148,1.00000000,-0.90425315,0.14199806
2050,-0.00206287,0.01463637,1.00000000,-0.87379321,0.14624728
2051,0.01850109,0.00324768,1.00000000,-0.89545024,0.30603759
2052,0.00633768,-0.06774361,-1.00000000,-0.96957015,0.30506553
2053,0.03007227,0.09182465,1.00000000,-0.72700995,0.44295332
2054,0.00689507,-0.00255859,1.00000000,-0.90649159,0.44173020
2055,0.02003531,0.18161251,1.00000000,-0.55626701,0.58333164
2056,-0.00567427,0.00176653,1.00000000,-0.89826682,0.42842000
2057,-0.00908023,0.10372962,1.00000000,-0.70437115,0.32962460
2058,-0.00481728,-0.09576665,-1.00000000,-0.91628080,0.10605819
2059,-0.00090830,-0.12219555,-1.00000000,-0.86602293,0.05605550
2060,0.03932304,-0.08911675,-1.00000000,-0.92892643,0.17964805
2061,-0.00030666,-0.05878457,-1.00000000,-0.98660689,0.21404279
2062,-0.01034851,0.25339486,1.00000000,-0.41976381,0.20591588
2063,-0.01239818,-0.05411611,-1.00000000,-0.99548456,0.15733879
2064,-0.02576557,-0.13203689,-1.00000000,-0.84730838,-0.00194246
2065,0.01100326,-0.14794151,-1.00000000,-0.81706373,-0.18341086
2066,0.01117253,-0.25166728,-1.00000000,-0.61981610,-0.10985414
2067,0.01106768,0.03364448,1.00000000,-0.83764689,0.02737723
2068,0.00759273,0.03495790,1.00000000,-0.83514924,0.15547563
2069,0.00986800,0.03414437,1.00000000,-0.83669627,0.38380961
2070,0.00357464,0.00718011,1.00000000,-0.88797222,0.33620822
2071,-0.03043716,0.02483530,1.00000000,-0.85439864,0.06958033
2072,0.04262317,-0.02399875,1.00000000,-0.94726275,0.27178261
2073,-0.02113365,-0.28791695,-1.00000000,-0.55088279,0.08770876
2074,0.00249636,0.27900260,1.00000000,-0.37106748,0.04047250
2075,0.03736007,-0.21572537,-1.00000000,-0.68816417,0.25696393
2076,-0.03770537,-0.03236577,1.00000000,-0.96317369,0.21039042
2077,-0.01562136,0.23816301,1.00000000,-0.44872910,-0.16283078
2078,0.00045902,-0.34431545,-1.00000000,-0.44363392,-0.02446854
2079,0.00196538,-0.17295215,-1.00000000,-0.76950285,-0.02787094
2080,0.03672469,-0.04817468,1.00000000,-0.99323632,-0.03194239
2081,0.00393506,-0.03648593,1.00000000,-0.97100869,0.23488254
2082,0.01215750,0.23323266,1.00000000,-0.45810478,0.41288481
2083,0.06662327,-0.02120200,1.00000000,-0.94194438,0.83685422
2084,0.02742575,0.04260091,1.00000000,-0.82061510,1.00000000
2085,-0.07332516,0.46523395,1.00000000,-0.01692508,0.29481900
2086,-0.01311157,0.16107656,1.00000000,-0.59531871,0.18558704
2087,0.00096257,-0.62071105,-1.00000000,0.08196716,0.11385182
2088,0.00355465,-0.15347718,-1.00000000,-0.80653696,-0.29028132
2089,0.01503754,-0.04426734,1.00000000,-0.98580603,-0.36966288
2090,-0.00128948,-0.02415382,1.00000000,-0.94755763,0.09192969
2091,0.01033195,0.06494893,1.00000000,-0.77811753,0.24215186
2092,-0.02910884,-0.06174240,-1.00000000,-0.98098221,0.04945929
2093,0.00434318,0.02843538,1.00000000,-0.84755264,0.05451203
2094,0.00815692,-0.27760971,-1.00000000,-0.57048330,0.01042216
2095,-0.00225587,-0.01803517,1.00000000,-0.93592226,0.00422973
2096,0.03803829,0.01155800,1.00000000,-0.87964712,0.18176730
2097,0.04084322,-0.06924116,-1.00000000,-0.96672237,0.63000835
2098,0.00791524,0.24342570,1.00000000,-0.43872144,0.65289752
2099,-0.00698359,0.26519083,1.00000000,-0.39733231,0.55587964
2100,-0.03382483,0.00968263,1.00000000,-0.88321337,0.35359100
2101,-0.03081811,-0.10592646,-1.00000000,-0.89696064,-0.08762930
2102,-0.02130559,-0.31420396,-1.00000000,-0.50089473,-0.48586846
2103,-0.00075756,-0.29087302,-1.00000000,-0.54526145,-0.54144227
2104,-0.01399345,-0.21705958,-1.00000000,-0.68562701,-0.58636030
2105,0.00731633,-0.05761486,-1.00000000,-0.98883125,-0.32273466
2106,0.02353020,-0.16032026,-1.00000000,-0.79352398,0.02552021
2107,-0.00539178,0.00503530,1.00000000,-0.89205084,0.12749325
2108,-0.00602882,0.13084858,1.00000000,-0.65280103,0.09371589
2109,-0.03501745,-0.09357463,-1.00000000,-0.92044920,-0.04100237
2110,0.00711197,-0.09851779,-1.00000000,-0.91104918,-0.04231184
2111,0.02260635,-0.32345824,-1.00000000,-0.48329654,-0.04823167
2112,-0.00205343,0.00344958,1.00000000,-0.89506629,-0.02684008
2113,0.00400520,0.12367992,1.00000000,-0.66643314,0.03745619
2114,0.02452941,-0.06767034,-1.00000000,-0.96970949,0.41902251
2115,-0.00637611,-0.02065778,1.00000000,-0.94090948,0.33259317
2116,0.00484589,0.13860208,1.00000000,-0.63805677,0.21878712
2117,0.00812099,-0.10121261,-1.00000000,-0.90592463,0.28398312
2118,-0.02336821,-0.01413429,1.00000000,-0.92850423,0.10857890
2119,0.00988068,0.01127920,1.00000000,-0.88017727,0.01471228
2120,-0.00697713,-0.23306472,-1.00000000,-0.65519121,0.01086105
2121,-0.01639641,0.02493367,1.00000000,-0.85421159,-0.12525610
2122,0.01665242,-0.10587629,-1.00000000,-0.89705606,-0.07058814
2123,-0.01363108,-0.17896627,-1.00000000,-0.75806624,-0.00819423
2124,0.00054688,0.07747974,1.00000000,-0.75428860,-0.06800363
2125,0.01965337,-0.15750840,-1.00000000,-0.79887109,0.10264010
2126,0.02523665,-0.04749293,1.00000000,-0.99193990,0.36941783
2127,0.00161576,0.10076590,1.00000000,-0.71000704,0.27306540
2128,-0.02040270,0.14409003,1.00000000,-0.62762075,0.22967404
2129,0.00000065,-0.03919888,1.00000000,-0.97616772,0.22617389
2130,0.00046029,-0.21005346,-1.00000000,-0.69895003,0.10318785
2131,-0.01251466,-0.05173146,1.00000000,-1.00000000,-0.13871624
2132,-0.01327055,-0.04816488,1.00000000,-0.99321770,-0.23410521
2133,0.01416455,-0.14884537,-1.00000000,-0.81534492,-0.01260406
2134,0.00593496,-0.15471080,-1.00000000,-0.80419107,0.02542200
2135,0.01799904,0.05817487,1.00000000,-0.79099926,0.13780739
2136,-0.00703695,-0.00568356,1.00000000,-0.91243410,0.17290763
2137,-0.00881629,0.08792897,1.00000000,-0.73441809,0.20144976
2138,-0.00505379,-0.10634050,-1.00000000,-0.89617330,0.07830184
2139,-0.01108439,-0.12014751,-1.00000000,-0.86991753,-0.03075528
2140,-0.00125164,-0.09095195,-1.00000000,-0.92543657,-0.15411039
2141,0.01504416,-0.13774701,-1.00000000,-0.83644985,-0.01261834
2142,0.01074505,-0.06144874,-1.00000000,-0.98154064,0.11272748
2143,0.00466724,0.06500026,1.00000000,-0.77801991,0.17501821
2144,0.00836554,0.03164086,1.00000000,-0.84145702,0.29965011
2145,-0.01424410,-0.01552056,1.00000000,-0.93114041,0.21639658
2146,-0.01038510,0.01317682,1.00000000,-0.87656871,0.05345012
2147,-0.00385104,-0.16226516,-1.00000000,-0.78982551,-0.04007919
2148,0.01581666,-0.13232086,-1.00000000,-0.84676837,0.03136442
2149,-0.00623183,-0.08161910,-1.00000000,-0.94318415,-0.06217309
2150,-0.01774385,0.07099457,1.00000000,-0.76662098,-0.08459893
2151,-0.01963324,-0.10009306,-1.00000000,-0.90805360,-0.14385946
2152,-0.00937261,-0.18942189,-1.00000000,-0.73818356,-0.17924075
2153,0.00186729,-0.20408279,-1.00000000,-0.71030401,-0.26862598
2154,0.02758299,-0.12446432,-1.00000000,-0.86170856,-0.05194630
2155,-0.00413216,-0.03724708,1.00000000,-0.97245613,0.03527514
2156,0.01239746,0.16229667,1.00000000,-0.59299852,0.24052252
2157,0.02591280,-0.08380050,-1.00000000,-0.93903596,0.46662556
2158,-0.00258865,0.04446292,1.00000000,-0.81707424,0.43807265
2159,-0.02709159,0.14933668,1.00000000,-0.61764358,0.08772707
2160,0.00232427,-0.07182342,-1.00000000,-0.96181187,0.12909883
2161,-0.00459887,-0.26195668,-1.00000000,-0.60024950,0.02018919
2162,-0.06397775,-0.03370107,1.00000000,-0.96571294,-0.55581440
2163,-0.00106629,-0.08742195,-1.00000000,-0.93214931,-0.54605938
2164,-0.01901577,-0.54817878,-1.00000000,-0.05596210,-0.49431088
2165,-0.00480509,-0.06001051,-1.00000000,-0.98427562,-0.53999465
2166,-0.01053795,-0.19929149,-1.00000000,-0.71941527,-0.57805127
2167,-0.01502753,-0.08902214,-1.00000000,-0.92910634,-0.26438649
2168,-0.01457705,-0.13350687,-1.00000000,-0.84451302,-0.35096118
2169,-0.00430090,-0.16834429,-1.00000000,-0.77826527,-0.25667072
2170,0.02127906,-0.16484871,-1.00000000,-0.78491256,-0.08952783
2171,0.00386864,-0.08510983,-1.00000000,-0.93654610,0.00278719
2172,-0.00243840,0.11338067,1.00000000,-0.68601846,0.08345622
2173,-0.01643558,-0.02171736,1.00000000,-0.94292440,0.07154703
2174,0.02127516,-0.07065759,-1.00000000,-0.96402885,0.23543418
2175,-0.02407923,-0.17927022,-1.00000000,-0.75748824,-0.05521415
2176,0.03121659,0.11335042,1.00000000,-0.68607599,0.12002690
2177,-0.00047473,-0.23858188,-1.00000000,-0.64469963,0.13260983
2178,-0.00573871,0.19049198,1.00000000,-0.53938159,0.20115358
2179,-0.01321215,-0.05542021,-1.00000000,-0.99300465,-0.01983537
2180,-0.00116853,-0.09626669,-1.00000000,-0.91532991,0.12697252
2181,-0.01882021,-0.15425765,-1.00000000,-0.80505279,-0.19365493
2182,0.01153807,-0.06080387,-1.00000000,-0.98276693,-0.11667892
2183,-0.00897369,-0.19777400,-1.00000000,-0.72230097,-0.13740814
2184,0.01434331,0.03779441,1.00000000,-0.82975527,0.03916266
2185,0.01574870,-0.12136888,-1.00000000,-0.86759494,0.14756545
2186,0.00261328,0.05956195,1.00000000,-0.78836153,0.28490767
2187,-0.00090803,0.07046721,1.00000000,-0.76762382,0.20515512
2188,0.00412771,-0.03145850,1.00000000,-0.96144841,0.28910673
2189,0.00028871,-0.05878248,-1.00000000,-0.98661087,0.19904717
2190,-0.01390506,-0.01970711,1.00000000,-0.93910166,0.00903081
2191,-0.00356602,-0.04949628,1.00000000,-0.99574952,-0.03056510
2192,0.00524515,-0.15963438,-1.00000000,-0.79482826,0.00886342
2193,-0.00916852,-0.07940745,-1.00000000,-0.94738989,-0.07633660
2194,-0.00931728,-0.01103624,1.00000000,-0.92261290,-0.13789018
2195,-0.00138023,-0.12288066,-1.00000000,-0.86472010,-0.05763317
2196,-0.00404561,-0.12403501,-1.00000000,-0.86252496,-0.06070633
2197,-0.00663521,-0.06244661,-1.00000000,-0.97964307,-0.13683368
2198,0.01573448,-0.08312891,-1.00000000,-0.94031307,0.02274056
2199,-0.01752457,-0.10322317,-1.00000000,-0.90210130,-0.02985038
2200,-0.00305046,0.07035684,1.00000000,-0.76783370,-0.04055292
2201,-0.00282062,-0.18772036,-1.00000000,-0.74141923,-0.03270338
2202,0.00492491,-0.07540692,-1.00000000,-0.95499740,0.04137194
2203,-0.00389436,-0.07362345,-1.00000000,-0.95838889,-0.08440637
2204,-0.00472501,-0.01352116,1.00000000,-0.92733828,-0.00238891
2205,0.01075089,-0.08195526,-1.00000000,-0.94254490,0.08604787
2206,-0.00052207,-0.08840076,-1.00000000,-0.93028797,0.10077661
2207,0.00263679,0.03168620,1.00000000,-0.84137080,0.08611474
2208,-0.00558000,-0.05578759,-1.00000000,-0.99230603,0.07531344
2209,0.00157250,-0.03127605,1.00000000,-0.96110145,0.11566684
2210,-0.00542813,-0.09503517,-1.00000000,-0.91767182,0.01199433
2211,0.00350926,-0.03953454,1.00000000,-0.97680601,0.03782644
2212,0.01185357,-0.09385673,-1.00000000,-0.91991277,0.09688603
2213,-0.01073327,-0.02450602,1.00000000,-0.94822739,0.06386473
2214,-0.00305702,0.04024255,1.00000000,-0.82509981,0.03419952
2215,0.02126080,-0.13502253,-1.00000000,-0.84163080,0.20521773
2216,0.02380164,-0.07545783,-1.00000000,-0.95490059,0.33524788
2217,0.01219770,0.11323894,1.00000000,-0.68628798,0.33745298
2218,-0.00498458,0.13295486,1.00000000,-0.64879566,0.37428962
2219,-0.00544110,0.04291284,1.00000000,-0.82002192,0.35901288
2220,-0.01244836,-0.09041495,-1.00000000,-0.92645774,0.14301024
2221,0.00463008,-0.09395730,-1.00000000,-0.91972151,0.02016212
2222,0.01017074,-0.14833093,-1.00000000,-0.81632321,0.00717372
2223,0.00622110,-0.01580890,1.00000000,-0.93168871,0.07897789
2224,-0.00263688,0.02718446,1.00000000,-0.84993143,0.09694685
2225,0.00685875,-0.00346321,1.00000000,-0.90821183,0.22066357
2226,0.00531667,-0.07219766,-1.00000000,-0.96110020,0.22506309
2227,-0.00253487,0.00148468,1.00000000,-0.89880280,0.14364763
2228,-0.00079329,-0.01048128,1.00000000,-0.92155757,0.09870058
2229,0.00646259,-0.07140614,-1.00000000,-0.96260539,0.15700841
2230,0.00633887,-0.05789215,-1.00000000,-0.98830395,0.15367711
2231,-0.01245646,-0.00158939,1.00000000,-0.90464854,0.03978989
2232,0.00378956,-0.00254939,1.00000000,-0.90647409,0.08031579
2233,0.00986482,-0.14839378,-1.00000000,-0.81620369,0.14861116
2234,0.01333888,-0.02233102,1.00000000,-0.94409135,0.19267327
2235,0.00407686,0.02481058,1.00000000,-0.85444565,0.17817867
2236,0.00368533,0.05176792,1.00000000,-0.80318288,0.28161256
2237,-0.00310471,-0.02010172,1.00000000,-0.93985205,0.23743524
2238,-0.00535902,-0.02313982,1.00000000,-0.94562938,0.13988345
2239,-0.00247781,-0.07582784,-1.00000000,-0.95419697,0.03853276
2240,-0.00659381,-0.09332041,-1.00000000,-0.92093263,-0.02984309
2241,-0.00593082,-0.07096339,-1.00000000,-0.96344733,-0.09146179
2242,0.01660200,-0.10290192,-1.00000000,-0.90271220,0.03481546
2243,0.02157325,-0.09775740,-1.00000000,-0.91249514,0.20739294
2244,-0.00822467,0.07708846,1.00000000,-0.75503268,0.17056807
2245,-0.00985294,0.11566345,1.00000000,-0.68167747,0.14968413
2246,0.00476652,-0.11555671,-1.00000000,-0.87864750,0.21823094
2247,0.00887345,-0.12819147,-1.00000000,-0.85462093,0.16870772
2248,-0.00276164,-0.01475018,1.00000000,-0.92967543,0.01277381
2249,0.00786250,0.01711798,1.00000000,-0.86907411,0.11585766
2250,-0.02148974,-0.07316577,-1.00000000,-0.95925923,0.04129097
2251,-0.01062342,0.00927337,1.00000000,-0.88399162,-0.05732520
2252,-0.00179809,-0.21848851,-1.00000000,-0.68290971,-0.12570667
2253,0.00734700,-0.13417010,-1.00000000,-0.84325180,-0.06093217
2254,0.00038361,-0.06568902,-1.00000000,-0.97347720,-0.10885565
2255,0.01888537,0.00527335,1.00000000,-0.89159816,0.14986129
2256,-0.00119360,-0.04875989,1.00000000,-0.99434918,0.21028597
2257,-0.00873967,0.09480652,1.00000000,-0.72133954,0.16580553
2258,0.00807933,-0.06099842,-1.00000000,-0.98239698,0.17049814
2259,-0.00311053,-0.11955293,-1.00000000,-0.87104821,0.14810827
2260,0.00449497,0.01095590,1.00000000,-0.88079208,0.05589704
2261,0.00804694,-0.07587305,-1.00000000,-0.95411100,0.11510888
2262,-0.00893936,-0.01685730,1.00000000,-0.93368237,0.11382926
2263,-0.01294006,0.01070456,1.00000000,-0.88127004,-0.02085950
2264,-0.02109011,-0.12110249,-1.00000000,-0.86810151,-0.13606959
2265,0.00714813,-0.15214636,-1.00000000,-0.80906767,-0.11906858
2266,0.01800284,-0.21538748,-1.00000000,-0.68880671,-0.05527281
2267,0.01284810,0.00373019,1.00000000,-0.89453267,0.08433763
2268,-0.00450032,0.08795848,1.00000000,-0.73436197,0.13841811
2269,-0.00401801,0.04795972,1.00000000,-0.81042465,0.24781324
2270,-0.00913745,-0.08665724,-1.00000000,-0.93360349,0.14345793
2271,0.00159635,-0.08291471,-1.00000000,-0.94072040,0.03832788
2272,-0.00086168,-0.12263958,-1.00000000,-0.86517854,-0.04952208
2273,-0.01775943,-0.03934947,1.00000000,-0.97645407,-0.13448427
2274,-0.00767919,-0.05842279,-1.00000000,-0.98729486,-0.15794450
2275,-0.00003140,-0.18954278,-1.00000000,-0.73795366,-0.09959444
2276,0.01654467,-0.11132403,-1.00000000,-0.88669649,-0.00380813
2277,-0.00243212,-0.05198018,-1.00000000,-0.99954630,-0.01387131
2278,0.01245132,0.07664362,1.00000000,-0.75587859,0.17971414
2279,-0.00376573,-0.07060887,-1.00000000,-0.96412151,0.20479092
2280,0.00017771,0.04488082,1.00000000,-0.81627956,0.20613089
2281,-0.00688399,-0.08095713,-1.00000000,-0.94444297,0.05600397
2282,-0.01063871,-0.05035754,1.00000000,-0.99738732,0.00341754
2283,0.01573714,-0.10515358,-1.00000000,-0.89843038,0.02447257
2284,0.00996332,-0.13428876,-1.00000000,-0.84302616,0.11244603
2285,-0.00130291,0.07037755,1.00000000,-0.76779431,0.10295843
2286,-0.02669439,0.02557492,1.00000000,-0.85299216,-0.02398328
2287,0.01347040,-0.06184661,-1.00000000,-0.98078404,0.13050390
2288,-0.00390196,-0.25887451,-1.00000000,-0.60611065,0.00465979
2289,-0.00329725,0.05278853,1.00000000,-0.80124205,-0.08031171
2290,0.01639963,-0.08201422,-1.00000000,-0.94243279,0.03312319
2291,0.02069389,-0.07732190,-1.00000000,-0.95135582,0.33677930
2292,0.00863510,0.07551816,1.00000000,-0.75801879,0.30579547
2293,-0.00745907,0.10883991,1.00000000,-0.69465328,0.28300212
2294,0.00432077,0.01526845,1.00000000,-0.87259123,0.33181715
2295,0.00930269,-0.10961597,-1.00000000,-0.88994458,0.28634116
2296,0.00823680,-0.01820902,1.00000000,-0.93625285,0.20651822
2297,0.00525317,0.02044870,1.00000000,-0.86274031,0.18484742
2298,-0.02130313,0.01217779,1.00000000,-0.87846850,0.09613699
2299,-0.03049780,-0.01097396,1.00000000,-0.92249447,-0.12697459
2300,-0.02189160,-0.21704047,-1.00000000,-0.68566335,-0.32686234
2301,0.02973723,-0.28838749,-1.00000000,-0.54998799,-0.18909114
2302,-0.01372111,-0.22160673,-1.00000000,-0.67698002,-0.31067517
2303,-0.02137118,0.17901277,1.00000000,-0.56121075,-0.31111123
2304,-0.00222061,-0.15820696,-1.00000000,-0.79754268,-0.12991574
2305,0.02258772,-0.21756852,-1.00000000,-0.68465919,0.15510025
2306,-0.01692829,-0.06896758,-1.00000000,-0.96724261,-0.14392463
2307,-0.00467464,0.12353531,1.00000000,-0.66670812,-0.08595633
2308,-0.00017506,-0.18309343,-1.00000000,-0.75021791,0.04986485
2309,-0.00018628,-0.08800987,-1.00000000,-0.93103131,0.06290052
2310,-0.00901985,-0.05309494,-1.00000000,-0.99742644,-0.13963547
2311,0.00722521,-0.05318195,-1.00000000,-0.99726098,0.01513610
2312,0.01273357,-0.12172701,-1.00000000,-0.86691392,0.12668498
2313,0.00106947,0.00432824,1.00000000,-0.89339541,0.13465976
2314,-0.00447877,0.04707102,1.00000000,-0.81211463,0.10715417
2315,-0.00956619,-0.04343784,1.00000000,-0.98422862,0.10365331
2316,-0.02184306,-0.08649003,-1.00000000,-0.93392147,-0.08261127
2317,0.00500298,-0.12596640,-1.00000000,-0.85885218,-0.13214759
2318,-0.01639564,-0.22123011,-1.00000000,-0.67769621,-0.24406112
2319,-0.00969545,-0.01291534,1.00000000,-0.92618624,-0.27748876
2320,-0.00476108,-0.17896028,-1.00000000,-0.75807763,-0.24669846
2321,0.03541511,-0.12696946,-1.00000000,-0.85694473,0.12020233
2322,-0.01154286,-0.08868067,-1.00000000,-0.92975569,0.01417931
2323,0.01143734,0.22307089,1.00000000,-0.47742868,0.19252841
2324,-0.00513945,-0.14130463,-1.00000000,-0.82968459,0.22172253
2325,0.01274405,0.03701278,1.00000000,-0.83124164,0.33389252
2326,-0.00988220,-0.09161665,-1.00000000,-0.92417255,0.04363490
2327,0.00543964,0.04715235,1.00000000,-0.81195997,0.15245596
2328,-0.00373454,-0.12841855,-1.00000000,-0.85418910,0.05523707
2329,-0.02185455,-0.00952703,1.00000000,-0.91974294,-0.05187051
2330,0.01041811,-0.08071510,-1.00000000,-0.94490323,-0.06677476
2331,0.00124766,-0.22131931,-1.00000000,-0.67752660,0.00454353
2332,-0.02529339,0.02910394,1.00000000,-0.84628129,-0.19238864
2333,0.00793489,-0.04205519,1.00000000,-0.98159934,-0.11761287
2334,0.00035934,-0.24800337,-1.00000000,-0.62678349,0.02473002
2335,-0.00672603,0.00983513,1.00000000,-0.88292336,-0.08512678
2336,-0.01591959,-0.04894822,1.00000000,-0.99470731,-0.19513164
2337,-0.01479328,-0.10392790,-1.00000000,-0.90076116,-0.12784864
2338,-0.00249063,-0.17526631,-1.00000000,-0.76510217,-0.19465363
2339,-0.00671666,-0.16652656,-1.00000000,-0.78172191,-0.23999543
2340,-0.01656261,-0.07106283,-1.00000000,-0.96325823,-0.30302657
2341,-0.00586749,-0.10385518,-1.00000000,-0.90089945,-0.23861437
2342,-0.00636358,-0.18025589,-1.00000000,-0.75561387,-0.18459825
2343,-0.00158033,-0.09726592,-1.00000000,-0.91342976,-0.17876522
2344,-0.02055299,-0.10111538,-1.00000000,-0.90610953,-0.26742608
2345,0.01118813,-0.06399928,-1.00000000,-0.97669047,-0.08960396
2346,-0.01027568,-0.21121965,-1.00000000,-0.69673237,-0.11785096
2347,0.00761353,0.03507901,1.00000000,-0.83491894,-0.02828799
2348,0.00426479,-0.13147182,-1.00000000,-0.84838293,0.00916654
2349,-0.00079600,0.00734151,1.00000000,-0.88766529,0.13576601
2350,0.00397217,-0.01864346,1.00000000,-0.93707899,0.08952733
2351,-0.00400651,-0.05791317,-1.00000000,-0.98826398,0.12969917
2352,0.01660842,-0.02091403,1.00000000,-0.94139677,0.18733690
2353,-0.00788323,-0.08282545,-1.00000000,-0.94089013,0.10949443
2354,-0.00449342,0.07713830,1.00000000,-0.75493789,0.08580200
2355,0.00256241,-0.11290732,-1.00000000,-0.88368566,0.07676849
2356,0.01159969,-0.08660367,-1.00000000,-0.93370536,0.17677040
2357,0.00943521,-0.03185322,1.00000000,-0.96219902,0.13080569
2358,0.00739332,0.03827255,1.00000000,-0.82884603,0.22869526
2359,0.01050094,0.02147702,1.00000000,-0.86078485,0.32477660
2360,0.00538513,0.00563271,1.00000000,-0.89091479,0.34286413
2361,-0.00079794,0.02974668,1.00000000,-0.84505905,0.26342216
2362,-0.00576848,-0.00995000,1.00000000,-0.92054729,0.16599943
2363,0.00723936,-0.05792824,-1.00000000,-0.98823531,0.16501291
2364,-0.00421322,-0.09649769,-1.00000000,-0.91489064,0.07072698
2365,0.00375499,0.00443807,1.00000000,-0.89318655,0.06028132
2366,-0.00327492,-0.08442950,-1.00000000,-0.93783983,0.04440925
2367,-0.01165780,-0.02259925,1.00000000,-0.94460142,0.00667146
2368,-0.02969300,-0.07714864,-1.00000000,-0.95168531,-0.22998491
2369,0.01024251,-0.14219652,-1.00000000,-0.82798855,-0.13735498
2370,0.00542401,-0.28214257,-1.00000000,-0.56186350,-0.12666018
2371,0.00216137,0.02774134,1.00000000,-0.84887244,-0.09182536
2372,0.00880969,-0.00964830,1.00000000,-0.91997357,0.03932689
2373,-0.00340998,-0.03496518,1.00000000,-0.96811680,0.20774405
2374,0.01766821,0.01662319,1.00000000,-0.87001501,0.25532666
2375,0.00781811,-0.07819667,-1.00000000,-0.94969234,0.27066763
2376,0.00776758,0.08536183,1.00000000,-0.73929982,0.30659129
2377,-0.00556391,0.00892894,1.00000000,-0.88464659,0.21448768
2378,0.00498400,0.00853683,1.00000000,-0.88539225,0.26827492
2379,-0.00671260,-0.09491031,-1.00000000,-0.91790925,0.11204679
2380,-0.00387205,-0.01306264,1.00000000,-0.92646636,0.03713818
2381,0.01595463,-0.10382369,-1.00000000,-0.90095932,0.08959947
2382,-0.00468848,-0.08178215,-1.00000000,-0.94287410,0.09520909
2383,-0.00785879,0.07206519,1.00000000,-0.76458506,0.01291463
2384,-0.00136457,-0.08811730,-1.00000000,-0.93082700,0.04718396
2385,0.01502824,-0.11271767,-1.00000000,-0.88404631,0.16829388
2386,0.00451488,-0.06232502,-1.00000000,-0.97987428,0.09498984
2387,-0.00171925,0.06487673,1.00000000,-0.77825482,0.11401620
2388,0.01035289,-0.01670284,1.00000000,-0.93338865,0.23071363
2389,0.01248105,-0.06507720,-1.00000000,-0.97464067,0.31943403
2390,0.01186197,0.02859787,1.00000000,-0.84724365,0.29914510
2391,0.00613877,0.04511156,1.00000000,-0.81584078,0.30955071
2392,0.01519444,0.04030771,1.00000000,-0.82497591,0.41793077
2393,-0.00411807,-0.00410210,1.00000000,-0.90942676,0.32520327
2394,0.01640960,0.06616637,1.00000000,-0.77580240,0.35037674
2395,0.00461528,-0.08369113,-1.00000000,-0.93924394,0.30394119
2396,0.00236148,0.07559554,1.00000000,-0.75787166,0.27973694
2397,0.00208973,-0.01592373,1.00000000,-0.93190708,0.19576417
2398,0.01440829,-0.03341240,1.00000000,-0.96516400,0.31447799
2399,-0.00534410,-0.03552101,1.00000000,-0.96917379,0.17508395
2400,0.01825995,0.06006618,1.00000000,-0.78740269,0.26251671
2401,-0.00637669,-0.09320462,-1.00000000,-0.92115282,0.20652399
2402,0.00984936,0.08995357,1.00000000,-0.73056805,0.25624638
2403,-0.01400804,-0.10121717,-1.00000000,-0.90591595,0.07415930
2404,0.00788960,0.02469066,1.00000000,-0.85467370,0.15895863
2405,0.00619712,-0.16043341,-1.00000000,-0.79330880,0.08166201
2406,-0.00314099,0.00948370,1.00000000,-0.88359165,0.10239587
2407,0.00326205,-0.00364930,1.00000000,-0.90856570,0.06018551
2408,0.00224622,-0.07610936,-1.00000000,-0.95366163,0.16434005
2409,0.00055339,-0.02642427,1.00000000,-0.95187518,0.11733081
2410,-0.00710846,-0.03430677,1.00000000,-0.96686475,0.03207088
2411,-0.00145551,-0.04744246,1.00000000,-0.99184393,0.04287114
2412,-0.01983584,-0.10689539,-1.00000000,-0.89511811,-0.10513632
2413,-0.00502117,-0.06303070,-1.00000000,-0.97853234,-0.15170454
2414,-0.01863840,-0.20565490,-1.00000000,-0.70731443,-0.27468228
2415,-0.00303908,-0.09069887,-1.00000000,-0.92591783,-0.24860640
2416,-0.01011470,-0.19636319,-1.00000000,-0.72498380,-0.30409307
2417,-0.02828469,-0.07531863,-1.00000000,-0.95516529,-0.35823185
2418,-0.00752699,-0.13022265,-1.00000000,-0.85075837,-0.37428867
2419,0.00277284,-0.27121463,-1.00000000,-0.58264434,-0.23708903
2420,-0.00687811,-0.11014298,-1.00000000,-0.88894239,-0.26168888
2421,0.02479634,-0.03022035,1.00000000,-0.95909390,-0.03798475
2422,-0.03140235,-0.10510799,-1.00000000,-0.89851706,-0.05796221
2423,-0.00199188,0.14067338,1.00000000,-0.63411794,-0.02249419
2424,0.00088608,-0.29540647,-1.00000000,-0.53664051,-0.03458426
2425,-0.01402752,-0.06719275,-1.00000000,-0.97061769,-0.08039645
2426,-0.00979712,-0.04486089,1.00000000,-0.98693475,-0.30206558
2427,-0.00943368,-0.16058458,-1.00000000,-0.79302134,-0.16129399
2428,-0.00305052,-0.12775836,-1.00000000,-0.85544453,-0.16807758
2429,-0.00817750,-0.12493816,-1.00000000,-0.86080749,-0.22615550
2430,0.01015606,-0.07540738,-1.00000000,-0.95499652,-0.07119116
2431,-0.00241604,-0.11519073,-1.00000000,-0.87934346,-0.02389443
2432,0.00854588,0.02707053,1.00000000,-0.85014807,0.09131553
2433,0.01761052,-0.07048406,-1.00000000,-0.96435884,0.22370806
2434,0.01463287,0.01457612,1.00000000,-0.87390778,0.36987307
2435,-0.00065663,0.08491424,1.00000000,-0.74015096,0.30058714
2436,-0.02606421,0.06180878,1.00000000,-0.78408891,0.14905363
2437,-0.00457099,-0.05683173,-1.00000000,-0.99032047,0.06500298
2438,0.00930582,-0.25398460,-1.00000000,-0.61540943,0.01178781
2439,0.01020378,-0.08720559,-1.00000000,-0.93256074,-0.01659302
2440,0.00596198,0.02047297,1.00000000,-0.86269416,0.02581791
2441,0.00460997,0.02744083,1.00000000,-0.84944390,0.22237294
2442,0.00239654,-0.00547393,1.00000000,-0.91203547,0.26701965
2443,0.01374385,-0.01596496,1.00000000,-0.93198549,0.29545785
2444,-0.00416710,-0.03314035,1.00000000,-0.96464666,0.20337164
2445,-0.00117319,0.05491040,1.00000000,-0.79720705,0.15765072
2446,0.00831358,-0.08407158,-1.00000000,-0.93852045,0.18138279
2447,0.00302279,-0.06083999,-1.00000000,-0.98269825,0.18539575
2448,0.02835519,0.01277356,1.00000000,-0.87733557,0.27902272
2449,0.00039428,-0.02828083,1.00000000,-0.95540567,0.30825127
2450,-0.00355196,0.16828862,1.00000000,-0.58160407,0.29300846
2451,0.00499620,-0.04867708,1.00000000,-0.99419171,0.27175129
2452,0.00306874,-0.07929837,-1.00000000,-0.94759732,0.27204569
2453,0.00460000,-0.01296795,1.00000000,-0.92628630,0.11982646
2454,0.00428931,-0.02792433,1.00000000,-0.95472774,0.14478517
2455,-0.00060391,-0.01604229,1.00000000,-0.93213254,0.16367577
2456,-0.01109362,-0.01845316,1.00000000,-0.93671711,0.06057489
2457,0.00223899,-0.05642267,-1.00000000,-0.99109835,0.05525804
2458,-0.00153079,-0.13781867,-1.00000000,-0.83631359,0.01597290
2459,0.00948187,-0.03436281,1.00000000,-0.96697131,0.04924594
2460,-0.00683051,-0.06361489,-1.00000000,-0.97742142,0.00934693
2461,-0.00705137,0.02183905,1.00000000,-0.86009639,0.03524899
2462,0.00130537,-0.10473864,-1.00000000,-0.89921944,0.02926650
2463,0.00824593,-0.10645239,-1.00000000,-0.89596052,0.09191409
2464,0.00244930,-0.04160734,1.00000000,-0.98074771,0.04685061
2465,-0.01043743,0.01224863,1.00000000,-0.87833379,0.02373809
2466,-0.00590075,-0.03273088,1.00000000,-0.96386800,0.03111104
2467,0.00901373,-0.13272690,-1.00000000,-0.84599624,0.08050492
2468,-0.01119512,-0.09752407,-1.00000000,-0.91293885,-0.04407003
2469,-0.00603431,0.01820651,1.00000000,-0.86700413,-0.09843159
2470,0.00044435,-0.13860625,-1.00000000,-0.83481591,-0.02870295
2471,0.02445134,-0.09856039,-1.00000000,-0.91096816,0.16578818
2472,-0.01169015,-0.04828852,1.00000000,-0.99345282,0.03312115
2473,0.00941095,0.13799628,1.00000000,-0.63920878,0.16516138
2474,-0.01581533,-0.14244753,-1.00000000,-0.82751122,0.10248622
2475,-0.01819931,0.02128877,1.00000000,-0.86114283,-0.01697925
2476,0.00880181,-0.17445729,-1.00000000,-0.76664062,-0.11725882
2477,0.00371997,-0.19295605,-1.00000000,-0.73146291,-0.01851333
2478,-0.00932011,0.01656206,1.00000000,-0.87013126,-0.13853886
2479,-0.00834450,-0.02287101,1.00000000,-0.94511821,-0.09066706
2480,0.02002737,-0.12405696,-1.00000000,-0.86248321,0.15428312
2481,-0.01749949,-0.11648661,-1.00000000,-0.87687918,-0.01425122
2482,-0.00130779,0.10366804,1.00000000,-0.70448826,-0.04646829
2483,-0.00077977,-0.18752575,-1.00000000,-0.74178931,0.00825677
2484,-0.00070800,-0.06188449,-1.00000000,-0.98071200,0.05719024
2485,0.01876295,-0.05778728,-1.00000000,-0.98850338,0.04908801
2486,-0.00037911,-0.05723029,-1.00000000,-0.98956255,0.15879260
2487,-0.00516933,0.09385658,1.00000000,-0.72314597,0.13404851
2488,0.02200342,-0.05467824,-1.00000000,-0.99441561,0.28003940
2489,0.00343013,-0.09184851,-1.00000000,-0.92373164,0.30655584
2490,-0.03440191,0.11900138,1.00000000,-0.67532996,-0.03411565
2491,-0.00449188,-0.02512003,1.00000000,-0.94939501,-0.06046961
2492,-0.01179104,-0.31868186,-1.00000000,-0.49237942,-0.10290040
2493,-0.00999857,-0.08659175,-1.00000000,-0.93372804,-0.30796377
2494,-0.00092995,-0.14323036,-1.00000000,-0.82602258,-0.33590248
2495,-0.00804201,-0.12932150,-1.00000000,-0.85247204,-0.16699266
2496,0.01369089,-0.05895260,-1.00000000,-0.98628737,-0.05048055
2497,0.00439118,-0.11413937,-1.00000000,-0.88134275,0.05321236
2498,-0.02029560,0.05449938,1.00000000,-0.79798866,-0.01276927
2499,-0.00094925,-0.01766272,1.00000000,-0.93521399,-0.01289293
2500,0.00477738,-0.20922241,-1.00000000,-0.70053038,0.06925160
2501,-0.00111707,-0.05910235,-1.00000000,-0.98600261,-0.02563530
2502,0.00382564,-0.01466590,1.00000000,-0.92951517,-0.02925913
2503,0.00288567,-0.06040455,-1.00000000,-0.98352630,0.11928254
2504,0.03215940,-0.02205102,1.00000000,-0.94355890,0.33143726
2505,-0.00963711,-0.02934486,1.00000000,-0.95742906,0.23907160
2506,-0.01015569,0.19780785,1.00000000,-0.52546953,0.18115361
2507,0.01759070,-0.12651673,-1.00000000,-0.85780566,0.26935778
2508,-0.02013202,-0.13054073,-1.00000000,-0.85015351,0.12186428
2509,-0.03462734,0.08476040,1.00000000,-0.74044351,-0.30609402
2510,0.01777497,-0.20795311,-1.00000000,-0.70294410,-0.13044202
2511,0.00767677,-0.32043116,-1.00000000,-0.48905292,-0.01617458
2512,0.00106985,0.08619025,1.00000000,-0.73772446,-0.12203740
2513,-0.04138812,0.00783220,1.00000000,-0.88673218,-0.25824295
2514,-0.00577160,-0.04343490,1.00000000,-0.98422304,-0.07334018
2515,0.02346292,-0.37289214,-1.00000000,-0.38929173,-0.03689274
2516,-0.00874857,-0.09652190,-1.00000000,-0.91484461,-0.14214357
2517,0.01337161,0.13032654,1.00000000,-0.65379376,-0.06331599
2518,0.01733675,-0.11962201,-1.00000000,-0.87091683,0.31298319
2519,-0.00629024,0.05202190,1.00000000,-0.80269990,0.30965985
2520,0.01786227,0.08278989,1.00000000,-0.74419068,0.27377180
2521,-0.00779458,-0.10054631,-1.00000000,-0.90719168,0.27988481
2522,0.04243451,0.08686766,1.00000000,-0.73643629,0.46611505
2523,-0.01231475,-0.11221943,-1.00000000,-0.88499377,0.27611317
2524,-0.01509999,0.27753868,1.00000000,-0.37385131,0.21966177
2525,-0.00307125,-0.14729417,-1.00000000,-0.81829473,0.08552328
2526,-0.00054613,-0.16890651,-1.00000000,-0.77719613,0.13197012
2527,-0.00908910,-0.07556825,-1.00000000,-0.95469060,-0.19818460
2528,-0.01078932,-0.05597431,-1.00000000,-0.99195096,-0.18840991
2529,0.00921397,-0.12226442,-1.00000000,-0.86589196,-0.03261012
2530,0.01472905,-0.13545745,-1.00000000,-0.84080375,0.08145126
2531,0.00908938,0.01976030,1.00000000,-0.86404939,0.14319403
2532,0.02614186,0.06255514,1.00000000,-0.78266961,0.36894815
2533,-0.03975116,0.01879352,1.00000000,-0.86588785,0.18336557
2534,0.00961347,0.15111405,1.00000000,-0.61426368,0.18592549
2535,0.00127799,-0.36018993,-1.00000000,-0.41344660,0.09973333
2536,0.03274170,0.02286025,1.00000000,-0.85815445,0.25129344
2537,-0.00672977,-0.04181983,1.00000000,-0.98115179,0.04065756
2538,0.00334781,0.20232626,1.00000000,-0.51687720,0.31682853
2539,-0.00044486,-0.10395689,-1.00000000,-0.90070603,0.25237645
2540,-0.00265713,-0.02575882,1.00000000,-0.95060975,0.22716088
2541,0.02045391,-0.05518844,-1.00000000,-0.99344540,0.14842275
2542,-0.00583251,-0.07235479,-1.00000000,-0.96080140,0.15417226
2543,-0.00039329,0.10697779,1.00000000,-0.69819434,0.13019993
2544,0.00490885,-0.09699449,-1.00000000,-0.91394592,0.16450556
2545,-0.00509851,-0.05478827,-1.00000000,-0.99420636,0.14886162
2546,0.01979237,-0.01364580,1.00000000,-0.92757531,0.14462260
2547,-0.00756426,-0.09129893,-1.00000000,-0.92477673,0.13352583
2548,0.01805106,0.10184453,1.00000000,-0.70795589,0.25171414
2549,-0.01226862,-0.11043220,-1.00000000,-0.88839242,0.14164383
2550,0.00152612,0.08833265,1.00000000,-0.73365042,0.18409330
2551,0.00769562,-0.14693619,-1.00000000,-0.81897548,0.10657934
2552,0.00142249,-0.03989447,1.00000000,-0.97749046,0.16416494
2553,0.00093331,0.00797848,1.00000000,-0.88645401,0.05447722
2554,0.00397340,-0.04069853,1.00000000,-0.97901949,0.15855333
2555,0.00289210,-0.04449443,1.00000000,-0.98623787,0.16730631
2556,0.00108100,-0.02090451,1.00000000,-0.94137866,0.12492093
2557,-0.00762437,-0.02929498,1.00000000,-0.95733421,0.06695014
2558,0.00108924,-0.04334839,1.00000000,-0.98405853,0.06794930
2559,-0.01222374,-0.11089865,-1.00000000,-0.88750539,-0.03583924
2560,0.00698323,-0.04328449,1.00000000,-0.98393701,-0.00962395
2561,0.00331070,-0.14658795,-1.00000000,-0.81963770,0.00466362
2562,0.00960859,0.00245060,1.00000000,-0.89696597,0.11508951
2563,-0.03002270,-0.02604677,1.00000000,-0.95115731,-0.08427054
2564,0.00144584,0.02282233,1.00000000,-0.85822657,0.00332183
2565,0.00834775,-0.28470089,-1.00000000,-0.55699852,0.01206544
2566,0.00382875,-0.04051737,1.00000000,-0.97867499,0.01538501
2567,0.01210257,0.01303874,1.00000000,-0.87683129,0.03136605
2568,0.02016596,-0.02202691,1.00000000,-0.94351306,0.35296657
2569,-0.01661079,0.04217467,1.00000000,-0.82142564,0.23726274
2570,-0.01501411,0.10474344,1.00000000,-0.70244323,0.08756381
2571,0.01741054,-0.18062972,-1.00000000,-0.75490298,0.17459365
2572,-0.12485291,-0.16824018,-1.00000000,-0.77846325,-0.70299411
2573,-0.04542207,0.08336246,1.00000000,-0.74310188,-1.12327122
2574,-0.08046598,-1.02054617,-1.00000000,0.84230406,-1.53244459
2575,-0.00321815,-0.40419397,-1.00000000,-0.32976736,-1.45685803
2576,0.00200782,-0.67612098,-1.00000000,0.18733614,-1.55555606
2577,0.03587312,-0.07670812,-1.00000000,-0.95252300,-0.52565060
2578,-0.02220055,-0.03615660,1.00000000,-0.97038243,-0.37685104
2579,0.00692237,0.22662483,1.00000000,-0.47067041,0.18311884
2580,-0.01477866,-0.22400414,-1.00000000,-0.67242106,0.10904102
2581,0.00062464,0.00197834,1.00000000,-0.89786403,0.10017781
2582,0.02849603,-0.16641316,-1.00000000,-0.78193756,0.05290668
2583,0.05725503,-0.04688956,1.00000000,-0.99079252,0.56204480
2584,-0.00034081,0.16938154,1.00000000,-0.57952575,0.51550355
2585,0.03552691,0.39254011,1.00000000,-0.15516158,0.83785324
2586,-0.00011612,-0.05438110,-1.00000000,-0.99498065,0.83310658
2587,0.02369561,0.22393839,1.00000000,-0.47577902,0.80234626
2588,-0.02877858,-0.05263758,-1.00000000,-0.99829618,0.25105726
2589,0.01345524,0.13213213,1.00000000,-0.65036019,0.33946005
2590,0.01928917,-0.27504704,-1.00000000,-0.57535653,0.23541131
2591,0.03148410,0.05267086,1.00000000,-0.80146582,0.43790022
2592,0.02841962,0.09793986,1.00000000,-0.71538110,0.46817087
2593,0.00162430,0.19256774,1.00000000,-0.53543427,0.66298741
2594,-0.04693069,0.16878858,1.00000000,-0.58065333,0.27604447
2595,0.02422435,-0.03913263,1.00000000,-0.97604173,0.30766829
2596,0.04676998,-0.41590032,-1.00000000,-0.30750627,0.40561770
2597,0.04086855,0.13623494,1.00000000,-0.64255818,0.48538837
2598,-0.01506358,0.31118023,1.00000000,-0.30987765,0.37845528
2599,-0.02139017,0.26538742,1.00000000,-0.39695846,0.54211467
2600,-0.07885235,-0.16862398,-1.00000000,-0.77773340,-0.11838359
2601,0.00771179,-0.21771587,-1.00000000,-0.68437899,-0.36866196
2602,-0.03417926,-0.66359990,-1.00000000,0.16352572,-0.84955577
2603,0.01847181,0.00810395,1.00000000,-0.88621542,-0.63466660
2604,0.02199583,-0.31695420,-1.00000000,-0.49566478,-0.35665640
2605,0.03937431,0.09159751,1.00000000,-0.72744189,0.40092025
2606,0.02986512,0.11894247,1.00000000,-0.67544199,0.54287508
2607,0.03230931,0.25379268,1.00000000,-0.41900732,0.96892270
2608,-0.00629567,0.18000512,1.00000000,-0.55932367,0.81021679
2609,0.00009509,0.19897105,1.00000000,-0.52325757,0.66988051
2610,-0.00302563,-0.10058849,-1.00000000,-0.90711147,0.39818880
2611,-0.04625052,-0.05099869,1.00000000,-0.99860655,-0.08954746
2612,-0.02358052,-0.07521424,-1.00000000,-0.95536380,-0.44768013
2613,0.05171914,-0.41062241,-1.00000000,-0.31754288,-0.07593092
2614,-0.04189481,-0.23471214,-1.00000000,-0.65205844,-0.34499517
2615,0.02478440,0.34958374,1.00000000,-0.23684855,-0.16679314
2616,0.00713003,-0.37682387,-1.00000000,-0.38181506,0.17526045
2617,-0.00678713,0.14058071,1.00000000,-0.63429415,0.28286969
2618,-0.02029592,0.00358970,1.00000000,-0.89479983,-0.17859076
2619,0.00468797,-0.10440201,-1.00000000,-0.89985959,0.11990393
2620,-0.01134215,-0.20922492,-1.00000000,-0.70052561,-0.11158894
2621,0.01729376,-0.01535970,1.00000000,-0.93083451,-0.04646144
2622,-0.00570615,-0.13974716,-1.00000000,-0.83264633,-0.03953470
2623,0.00044474,0.08245629,1.00000000,-0.74482507,0.09336799
2624,0.00040692,-0.09601402,-1.00000000,-0.91581041,0.06593570
2625,0.00780287,-0.04828551,1.00000000,-0.99344709,0.18861374
2626,0.01842935,-0.04857902,1.00000000,-0.99400523,0.19589040
2627,-0.06113109,0.00881066,1.00000000,-0.88487153,-0.15926331
2628,-0.01965728,0.09126801,1.00000000,-0.72806847,-0.28807372
2629,-0.00558055,-0.52608981,-1.00000000,-0.09796706,-0.32644040
2630,0.00578419,-0.20426935,-1.00000000,-0.70994923,-0.33937572
2631,0.01679360,-0.09503941,-1.00000000,-0.91766375,-0.34985735
2632,0.00580926,-0.00685345,1.00000000,-0.91465880,0.07908521
2633,-0.02203270,0.07857521,1.00000000,-0.75220544,0.06386395
2634,0.03196327,-0.00665891,1.00000000,-0.91428886,0.30443843
2635,-0.00469167,-0.22270164,-1.00000000,-0.67489792,0.23731087
2636,-0.00258799,0.19628589,1.00000000,-0.52836373,0.11311688
2637,0.00851632,-0.08814202,-1.00000000,-0.93078000,0.13046324
2638,0.00033806,-0.07181835,-1.00000000,-0.96182153,0.27381130
2639,-0.00780846,0.01434677,1.00000000,-0.87434391,0.01896072
2640,-0.01134310,-0.04911333,1.00000000,-0.99502129,-0.02366052
2641,-0.00669265,-0.11232715,-1.00000000,-0.88478893,-0.04996246
2642,-0.00251081,-0.13975451,-1.00000000,-0.83263235,-0.12062243
2643,-0.00463789,-0.10366886,-1.00000000,-0.90125377,-0.15250745
2644,0.00044077,-0.07121940,-1.00000000,-0.96296050,-0.09964775
2645,0.01294826,-0.08772471,-1.00000000,-0.93157357,0.05600719
2646,0.02542183,-0.04831634,1.00000000,-0.99350572,0.26179140
2647,0.02971230,0.04873690,1.00000000,-0.80894675,0.46827166
2648,0.01420503,0.14552693,1.00000000,-0.62488829,0.58901390
2649,0.00547920,0.17881927,1.00000000,-0.56157871,0.62129935
2650,0.01442893,0.05848893,1.00000000,-0.79040202,0.63078725
2651,-0.02325172,-0.00922006,1.00000000,-0.91915921,0.31889526
2652,-0.00982550,0.06022633,1.00000000,-0.78709814,0.06554365
2653,-0.01094553,-0.23216079,-1.00000000,-0.65691015,-0.09561690
2654,-0.00858611,-0.12797857,-1.00000000,-0.85502577,-0.18574505
2655,-0.00551656,-0.13666952,-1.00000000,-0.83849883,-0.31355239
2656,0.00498838,-0.11836136,-1.00000000,-0.87331413,-0.13259452
2657,-0.03745986,-0.09454284,-1.00000000,-0.91860804,-0.30967087
2658,-0.01661711,-0.01302862,1.00000000,-0.92640167,-0.34601343
2659,-0.01173876,-0.34241039,-1.00000000,-0.44725664,-0.36621513
2660,0.03633513,-0.18067879,-1.00000000,-0.75480966,-0.09803653
2661,-0.01009618,-0.14282474,-1.00000000,-0.82679392,-0.19469588
2662,-0.00896423,0.23020985,1.00000000,-0.46385303,-0.01210064
2663,-0.00710127,-0.13007892,-1.00000000,-0.85103170,0.04887525
2664,-0.02093743,-0.12129544,-1.00000000,-0.86773459,-0.01006826
2665,0.01348016,-0.10683963,-1.00000000,-0.89522415,-0.15651912
2666,-0.00085979,-0.21420279,-1.00000000,-0.69105955,-0.09733391
2667,-0.01095254,0.05286419,1.00000000,-0.80109817,-0.11007465
2668,0.00302289,-0.05840819,-1.00000000,-0.98732263,-0.04520068
2669,-0.02145861,-0.13672392,-1.00000000,-0.83839540,-0.04854033
2670,-0.01441774,-0.02828005,1.00000000,-0.95540419,-0.22730538
2671,0.05555151,-0.21824697,-1.00000000,-0.68336904,0.13416878
2672,0.01331962,-0.16361255,-1.00000000,-0.78726326,0.28970072
2673,-0.02046340,0.37932140,1.00000000,-0.18029862,0.13920451
2674,-0.00814171,0.05161854,1.00000000,-0.80346695,0.22453701
2675,0.00556011,-0.21052446,-1.00000000,-0.69805436,0.35255173
2676,-0.00113179,-0.11491299,-1.00000000,-0.87987162,-0.01066533
2677,0.01607973,-0.00859226,1.00000000,-0.91796537,0.00702098
2678,0.00399827,-0.06051876,-1.00000000,-0.98330911,0.16376724
2679,-0.01696965,0.07303589,1.00000000,-0.76273914,0.10719924
2680,0.00819426,-0.02071151,1.00000000,-0.94101166,0.12407847
2681,-0.00046101,-0.18341440,-1.00000000,-0.74960756,0.12837670
2682,0.00287294,0.01184775,1.00000000,-0.87909611,0.04374980
2683,0.01349088,-0.05531378,-1.00000000,-0.99320703,0.10457685
2684,-0.00446683,-0.02944363,1.00000000,-0.95761688,0.18469288
2685,0.00573680,0.05294741,1.00000000,-0.80093992,0.16894586
2686,0.00798602,-0.08639734,-1.00000000,-0.93409773,0.22307304
2687,0.00736908,-0.00722121,1.00000000,-0.91535815,0.25188356
2688,0.00174278,0.01023190,1.00000000,-0.88216886,0.17660370
2689,0.01003377,0.00544467,1.00000000,-0.89127238,0.26952108
2690,-0.00324505,-0.03821325,1.00000000,-0.97429341,0.21196688
2691,-0.02908561,0.02612159,1.00000000,-0.85195260,-0.02558192
2692,0.04315825,-0.07691686,-1.00000000,-0.95212605,0.20374906
2693,-0.01670555,-0.27742944,-1.00000000,-0.57082611,0.08553526
2694,0.00854957,0.28315457,1.00000000,-0.36317198,0.07602476
2695,-0.00601384,-0.18136505,-1.00000000,-0.75350465,0.05828281
2696,-0.00429597,0.01460479,1.00000000,-0.87385325,0.21713062
2697,-0.00668889,-0.09840160,-1.00000000,-0.91127012,-0.10228148
2698,0.00582346,-0.08507160,-1.00000000,-0.93661880,0.04208062
2699,-0.00740837,-0.10363969,-1.00000000,-0.90130923,-0.06017516
2700,-0.00975833,-0.00654878,1.00000000,-0.91407943,-0.08416918
2701,0.01218339,-0.10922255,-1.00000000,-0.89069272,0.02142784
2702,0.00720866,-0.12745731,-1.00000000,-0.85601702,0.11048103
2703,-0.00587295,0.04280183,1.00000000,-0.82023303,0.03553244
2704,0.00552457,0.00419988,1.00000000,-0.89363950,0.11840451
2705,-0.02128197,-0.09730829,-1.00000000,-0.91334919,0.04456290
2706,0.01017084,-0.00886806,1.00000000,-0.91848983,0.03166678
2707,-0.00310506,-0.21687630,-1.00000000,-0.68597553,-0.03442181
2708,-0.03034136,0.02718518,1.00000000,-0.84993005,-0.19121134
2709,-0.01277593,-0.07583055,-1.00000000,-0.95419181,-0.30847787
2710,-0.00188107,-0.28717362,-1.00000000,-0.55229631,-0.18416010
2711,-0.02639166,-0.15087275,-1.00000000,-0.81148960,-0.41844645
2712,-0.02791523,-0.06633286,-1.00000000,-0.97225287,-0.57742589
2713,-0.00544858,-0.25652547,-1.00000000,-0.61057764,-0.41791708
2714,0.03616193,-0.26834777,-1.00000000,-0.58809604,-0.10433146
2715,0.00090287,-0.09401535,-1.00000000,-0.91961113,-0.08649247
2716,-0.01176687,0.22886587,1.00000000,-0.46640879,0.00722076
2717,0.01859187,-0.04473061,1.00000000,-0.98668699,0.30523048
2718,-0.00587104,-0.14304279,-1.00000000,-0.82637926,0.30252338
2719,-0.00334832,0.09252910,1.00000000,-0.72567034,0.04934835
2720,0.00864414,-0.09729352,-1.00000000,-0.91337726,0.09895312
2721,-0.04670008,-0.07771815,-1.00000000,-0.95060230,-0.12489310
2722,0.01522959,0.01533863,1.00000000,-0.87245777,-0.14643801
2723,0.04562731,-0.41411089,-1.00000000,-0.31090909,0.18355484
2724,0.00717905,0.06643915,1.00000000,-0.77528368,0.25101245
2725,0.03480625,0.30231356,1.00000000,-0.32673874,0.41865488
2726,-0.02598109,0.00397009,1.00000000,-0.89407647,0.55141873
2727,-0.00968238,0.21834636,1.00000000,-0.48641297,0.39178697
2728,-0.00641373,-0.25333960,-1.00000000,-0.61663596,0.05831669
2729,0.01396545,-0.12686801,-1.00000000,-0.85713764,0.10180279
2730,0.02277777,-0.10150453,-1.00000000,-0.90536951,0.02472629
2731,0.00642872,0.05662988,1.00000000,-0.79393724,0.23240292
2732,0.00217290,0.12501005,1.00000000,-0.66390373,0.30836960
2733,-0.01189981,-0.00185218,1.00000000,-0.90514826,0.27321571
2734,-0.00263767,-0.03487565,1.00000000,-0.96794655,0.16682571
2735,-0.00495866,-0.14407437,-1.00000000,-0.82441759,-0.01090470
2736,0.01045984,-0.07220381,-1.00000000,-0.96108852,0.01492602
2737,0.00998961,-0.09021380,-1.00000000,-0.92684026,0.06501418
2738,0.00193746,0.02942770,1.00000000,-0.84566561,0.15368108
2739,0.00523307,0.02577894,1.00000000,-0.85260419,0.20411548
2740,-0.00050524,-0.03670259,1.00000000,-0.97142070,0.23265226
2741,-0.00809488,-0.01112993,1.00000000,-0.92279107,0.11375675
2742,0.00428275,-0.05565698,-1.00000000,-0.99255440,0.07718815
2743,-0.01040252,-0.11454963,-1.00000000,-0.88056260,-0.00188438
2744,-0.00848106,-0.01850405,1.00000000,-0.93681388,-0.08976227
2745,0.01644279,-0.13245600,-1.00000000,-0.84651139,0.01883789
2746,-0.00046916,-0.11754626,-1.00000000,-0.87486413,0.06770220
2747,-0.00669902,0.07585311,1.00000000,-0.75738184,-0.00266717
2748,0.01485644,-0.05537706,-1.00000000,-0.99308671,0.15918800
2749,-0.00908920,-0.10371832,-1.00000000,-0.90115971,0.15529114
2750,-0.00592244,0.06354362,1.00000000,-0.78078989,0.01197846
2751,-0.00479849,-0.12226519,-1.00000000,-0.86589049,-0.01576312
2752,-0.03510775,-0.09769235,-1.00000000,-0.91261885,-0.19780153
2753,-0.00118861,-0.08897092,-1.00000000,-0.92920375,-0.30061552
2754,-0.01710995,-0.32415895,-1.00000000,-0.48196404,-0.35201110
2755,0.02517468,-0.06095968,-1.00000000,-0.98247064,-0.15274599
2756,0.01681996,-0.18450302,-1.00000000,-0.74753741,-0.01421856
2757,0.00687825,0.14360909,1.00000000,-0.62853530,0.25482075
2758,-0.00572938,0.07877981,1.00000000,-0.75181636,0.22572423
2759,0.00310982,0.00163602,1.00000000,-0.89851500,0.35528915
2760,0.00618645,-0.09619431,-1.00000000,-0.91546756,0.23361578
2761,0.02937096,-0.02760551,1.00000000,-0.95412145,0.31404048
2762,0.00645567,-0.00373209,1.00000000,-0.90872314,0.31133262
2763,-0.01173063,0.17617064,1.00000000,-0.56661542,0.27287764
2764,0.00195921,-0.00164308,1.00000000,-0.90475062,0.26550470
2765,-0.01996259,-0.14276162,-1.00000000,-0.82691394,0.09794603
2766,-0.03002763,-0.03653382,1.00000000,-0.97109977,-0.28267024
2767,0.00208368,-0.20663840,-1.00000000,-0.70544420,-0.31068523
2768,0.00982650,-0.28473921,-1.00000000,-0.55692566,-0.17255075
2769,0.01382928,-0.03556802,1.00000000,-0.96926318,-0.09648935
2770,-0.00814784,0.02451327,1.00000000,-0.85501103,-0.02078242
2771,-0.00644961,0.05557324,1.00000000,-0.79594658,0.13030160
2772,-0.01238752,-0.11496058,-1.00000000,-0.87978113,0.03757263
2773,0.01930103,-0.10178299,-1.00000000,-0.90483998,0.09828383
2774,-0.00050614,-0.14785880,-1.00000000,-0.81722102,0.00642486
2775,-0.01958285,0.09803190,1.00000000,-0.71520608,-0.06684877
2776,-0.01048799,-0.05566400,-1.00000000,-0.99254105,-0.09272603
2777,-0.01577309,-0.20369177,-1.00000000,-0.71104758,-0.11442024
2778,0.01703933,-0.13311924,-1.00000000,-0.84525016,-0.12891285
2779,0.04085980,-0.17412954,-1.00000000,-0.76726389,0.13615319
2780,0.01712070,0.08048197,1.00000000,-0.74857948,0.37134336
2781,0.01204920,0.26531951,1.00000000,-0.39708759,0.51575792
2782,-0.01086858,0.08111336,1.00000000,-0.74737882,0.54718523
2783,0.00567849,0.04176055,1.00000000,-0.82221315,0.47438687
2784,-0.00124813,-0.13607242,-1.00000000,-0.83963430,0.20456630
2785,-0.02168116,-0.00767369,1.00000000,-0.91621860,-0.04406948
2786,0.00177969,-0.06142154,-1.00000000,-0.98159236,-0.10987478
2787,0.00956016,-0.21997382,-1.00000000,-0.68008522,0.02102916
2788,-0.00111029,-0.03792683,1.00000000,-0.97374875,-0.02247217
2789,-0.00720032,0.02244660,1.00000000,-0.85894107,-0.06061278
2790,0.02041736,-0.06035192,-1.00000000,-0.98362639,0.20914748
2791,0.00594854,-0.10760818,-1.00000000,-0.89376265,0.23586076
2792,-0.00016748,0.10669420,1.00000000,-0.69873362,0.17352767
2793,0.00340492,-0.00557820,1.00000000,-0.91223376,0.20246033
2794,0.00167808,-0.05303608,-1.00000000,-0.99753837,0.25935162
2795,-0.01592583,-0.02531572,1.00000000,-0.94976713,0.02647056
2796,0.00337665,-0.03871529,1.00000000,-0.97524810,0.00999031
2797,0.02728441,-0.17531470,-1.00000000,-0.76501017,0.18589744
2798,-0.02443426,-0.02553507,1.00000000,-0.95018426,0.00750866
2799,0.00229930,0.15997984,1.00000000,-0.59740426,0.01148932
2800,-0.01507861,-0.24133681,-1.00000000,-0.63946080,0.01691816
2801,0.01429130,-0.03389488,1.00000000,-0.96608150,0.08685741
2802,0.00701207,-0.16874060,-1.00000000,-0.77751163,-0.04304438
2803,0.00967195,0.05915834,1.00000000,-0.78912906,0.17550247
2804,-0.01043774,0.00267439,1.00000000,-0.89654042,0.09388564
2805,0.00412925,0.02331398,1.00000000,-0.85729164,0.21696637
2806,0.00963262,-0.13272933,-1.00000000,-0.84599161,0.18711434
2807,0.00751345,-0.01969516,1.00000000,-0.93907894,0.19032713
2808,-0.00142140,0.02300882,1.00000000,-0.85787192,0.11924280
2809,-0.00515798,0.00656494,1.00000000,-0.88914205,0.15307465
2810,0.01588986,-0.06276607,-1.00000000,-0.97903556,0.22843468
2811,-0.01941990,-0.09176042,-1.00000000,-0.92389915,0.04227098
2812,0.02781764,0.07156257,1.00000000,-0.76554086,0.17237680
2813,-0.03805737,-0.20242736,-1.00000000,-0.71345201,-0.06238034
2814,0.02708037,0.16411746,1.00000000,-0.58953605,0.14419759
2815,-0.00309856,-0.34704682,-1.00000000,-0.43843987,0.02252296
2816,0.00632355,0.15839652,1.00000000,-0.60041514,0.18748269
2817,0.00945179,-0.07578015,-1.00000000,-0.95428766,0.06979742
2818,0.01051359,-0.00266827,1.00000000,-0.90670015,0.38103202
2819,-0.00254180,0.02160569,1.00000000,-0.86054015,0.19121813
2820,0.00229107,0.02984482,1.00000000,-0.84487241,0.22575401
2821,-0.01220438,-0.07145989,-1.00000000,-0.96250317,0.10703014
2822,-0.01937781,-0.03395869,1.00000000,-0.96620282,-0.07770514
2823,-0.01435574,-0.14643775,-1.00000000,-0.81992332,-0.23706364
2824,-0.00884173,-0.20210075,-1.00000000,-0.71407311,-0.27743252
2825,-0.01004363,-0.16313143,-1.00000000,-0.78817818,-0.35647121
2826,0.00298312,-0.12034486,-1.00000000,-0.86954225,-0.25915224
2827,-0.00266938,-0.12967113,-1.00000000,-0.85180717,-0.15208742
2828,0.00285048,-0.02858868,1.00000000,-0.95599108,-0.04183282
2829,-0.06431687,-0.07244988,-1.00000000,-0.96062058,-0.39730826
2830,0.02235829,-0.02961788,1.00000000,-0.95794824,-0.18968224
2831,-0.01171170,-0.55081025,-1.00000000,-0.05095802,-0.28384417
2832,0.01450547,0.12175502,1.00000000,-0.67009358,-0.17379062
2833,-0.01310826,-0.14261471,-1.00000000,-0.82719332,-0.27605156
2834,-0.00214813,0.06082021,1.00000000,-0.78596881,0.12231531
2835,-0.01179841,-0.15345146,-1.00000000,-0.80658587,-0.09655508
2836,0.01162459,-0.06840520,-1.00000000,-0.96831206,0.05297997
2837,-0.00662714,-0.14328756,-1.00000000,-0.82591380,-0.08243426
2838,0.02023747,0.03846577,1.00000000,-0.82847859,0.13123960
2839,-0.00802479,-0.10316057,-1.00000000,-0.90222033,0.09358294
2840,-0.00251946,0.10529835,1.00000000,-0.70138802,0.15304091
2841,0.00973370,-0.11400578,-1.00000000,-0.88159681,0.14092440
2842,-0.00351152,-0.07128653,-1.00000000,-0.96283284,0.16088878
2843,-0.00077942,0.02379320,1.00000000,-0.85638033,0.02621602
2844,-0.00220438,-0.07898457,-1.00000000,-0.94819405,0.06351225
2845,0.01282501,-0.05778454,-1.00000000,-0.98850858,0.16183702
2846,0.00249603,-0.06884166,-1.00000000,-0.96748206,0.11545920
2847,-0.00477315,0.04778052,1.00000000,-0.81076542,0.10737488
2848,0.01581996,-0.03236833,1.00000000,-0.96317856,0.21374096
2849,0.01010079,-0.08877433,-1.00000000,-0.92957758,0.29259045
2850,-0.00687845,0.07102019,1.00000000,-0.76657226,0.16633401
2851,-0.01102015,0.02664166,1.00000000,-0.85096363,0.07972460
2852,-0.00015767,-0.10511058,-1.00000000,-0.89851215,0.10929983
2853,-0.01174725,-0.13724858,-1.00000000,-0.83739769,-0.06734625
2854,0.00710339,-0.05296001,-1.00000000,-0.99768304,-0.08655309
2855,-0.00851848,-0.14289058,-1.00000000,-0.82666871,-0.09706212
2856,0.00494913,0.00338301,1.00000000,-0.89519288,0.00526638
2857,0.00847344,-0.11783656,-1.00000000,-0.87431209,0.06057309
2858,0.03419375,-0.01333318,1.00000000,-0.92698083,0.35495530
2859,0.01462841,0.01401402,1.00000000,-0.87497667,0.40317436
2860,-0.02792598,0.21359355,1.00000000,-0.49545103,0.27881433
2861,0.01104235,0.06177421,1.00000000,-0.78415466,0.31785865
2862,0.01352392,-0.26843118,-1.00000000,-0.58793743,0.35022128
2863,0.01537038,0.03394779,1.00000000,-0.83707010,0.22960433
2864,0.00861103,0.05320377,1.00000000,-0.80045242,0.19104598
2865,-0.00322602,0.06753164,1.00000000,-0.77320618,0.34931919
2866,0.00682371,0.01508171,1.00000000,-0.87294633,0.32228686
2867,-0.02695052,-0.07676916,-1.00000000,-0.95240693,0.06293346
2868,0.00024717,0.00121280,1.00000000,-0.89931980,-0.03397357
2869,-0.02624090,-0.26086198,-1.00000000,-0.60233122,-0.25729894
2870,0.04190518,-0.04981859,1.00000000,-0.99636243,0.03189421
2871,0.02413114,-0.25535567,-1.00000000,-0.61280217,0.14279733
2872,0.00876503,0.27343125,1.00000000,-0.38166210,0.37165657
2873,-0.01355285,0.13551169,1.00000000,-0.64393353,0.28322838
2874,0.03415180,0.01627666,1.00000000,-0.87067397,0.67021472
2875,-0.00194527,-0.15690130,-1.00000000,-0.80002556,0.38922839
2876,0.00109433,0.21326806,1.00000000,-0.49606998,0.24161235
2877,-0.01987309,-0.06683106,-1.00000000,-0.97130549,0.05810409
2878,0.03167184,-0.04324495,1.00000000,-0.98386183,0.34789632
2879,-0.01167576,-0.20594390,-1.00000000,-0.70676487,0.05424099
2880,0.02198491,0.19402457,1.00000000,-0.53266392,0.20758157
2881,0.01178650,-0.14233585,-1.00000000,-0.82772361,0.27609523
2882,-0.00167486,0.11885775,1.00000000,-0.67560310,0.39270641
2883,-0.02097771,0.03972213,1.00000000,-0.82608947,0.05533690
2884,-0.00987477,-0.06473281,-1.00000000,-0.97529558,0.06687737
2885,0.00923865,-0.21451532,-1.00000000,-0.69046525,-0.01479856
2886,-0.00951297,-0.12836084,-1.00000000,-0.85429884,-0.15128199
2887,-0.02101057,0.01995174,1.00000000,-0.86368536,-0.27518198
2888,-0.00765023,-0.12555341,-1.00000000,-0.85963752,-0.18978174
2889,-0.00612381,-0.21477034,-1.00000000,-0.68998028,-0.16574623
2890,-0.01366601,-0.11109932,-1.00000000,-0.88712381,-0.31251542
2891,0.00425189,-0.09925488,-1.00000000,-0.90964751,-0.22431254
2892,0.01045340,-0.15777941,-1.00000000,-0.79835573,-0.02269666
2893,0.00439735,-0.01874354,1.00000000,-0.93726930,0.05450219
2894,-0.00512240,0.02937777,1.00000000,-0.84576056,0.06091903
2895,-0.00614962,-0.01761484,1.00000000,-0.93512295,0.10908281
2896,-0.00676765,-0.09148436,-1.00000000,-0.92442411,0.03847145
2897,-0.00028266,-0.09945515,-1.00000000,-0.90926666,-0.03032341
2898,-0.01229722,-0.10425084,-1.00000000,-0.90014705,-0.13729942
2899,0.00613290,-0.05392983,-1.00000000,-0.99583880,-0.06517735
2900,-0.00115362,-0.14715817,-1.00000000,-0.81855336,-0.03316384
2901,0.00691449,-0.00414765,1.00000000,-0.90951338,0.05450899
2902,0.00369562,-0.06068818,-1.00000000,-0.98298694,0.08000114
2903,-0.00013704,0.00191717,1.00000000,-0.89798036,0.15792159
2904,-0.00546061,-0.02305994,1.00000000,-0.94547749,0.08363231
2905,-0.00329212,-0.05279987,-1.00000000,-0.99798755,0.06992915
2906,0.00107570,-0.09410875,-1.00000000,-0.91943352,0.03251521
2907,0.01043991,-0.07728212,-1.00000000,-0.95143147,0.07573149
2908,-0.00322662,-0.04338949,1.00000000,-0.98413669,0.05593397
2909,-0.01043650,0.02927311,1.00000000,-0.84595960,0.02404934
2910,-0.00169419,-0.07677381,-1.00000000,-0.95239808,0.03428863
2911,-0.00105642,-0.13271966,-1.00000000,-0.84601000,0.02062636
2912,0.01168136,-0.06488278,-1.00000000,-0.97501037,0.02858136
2913,-0.01383995,-0.05993390,-1.00000000,-0.98442130,-0.03942707
2914,-0.00360695,0.03890626,1.00000000,-0.82764094,0.00433555
2915,0.02344324,-0.15912909,-1.00000000,-0.79578914,0.16541196
2916,-0.00320397,-0.07972502,-1.00000000,-0.94678600,0.15165078
2917,0.02121237,0.13017380,1.00000000,-0.65408422,0.21272391
2918,-0.00255732,-0.07659810,-1.00000000,-0.95273222,0.28502108
2919,0.02678341,0.11286318,1.00000000,-0.68700253,0.47975736
2920,0.00651206,-0.07158034,-1.00000000,-0.96227412,0.37126521
2921,-0.01863179,0.15609220,1.00000000,-0.60479709,0.27240631
2922,-0.00361635,-0.00120551,1.00000000,-0.90391853,0.11330803
2923,0.00906926,-0.19631196,-1.00000000,-0.72508123,0.18780923
2924,0.01381477,-0.07979796,-1.00000000,-0.94664729,0.10470836
2925,0.00197980,0.01863739,1.00000000,-0.86618476,0.07566642
2926,0.00405661,0.05546064,1.00000000,-0.79616070,0.22104991
2927,-0.00638271,-0.03637404,1.00000000,-0.97079593,0.20332350
2928,-0.00444931,-0.02025883,1.00000000,-0.94015082,0.11669873
2929,0.03087684,-0.10126388,-1.00000000,-0.90582713,0.22602966
2930,0.01950566,-0.08626145,-1.00000000,-0.93435614,0.33833244
2931,-0.00488399,0.18785567,1.00000000,-0.54439487,0.28104257
2932,-0.01030801,0.09961977,1.00000000,-0.71218655,0.25588992
2933,-0.01857998,-0.08963438,-1.00000000,-0.92794210,0.16534300
2934,0.01259951,-0.13172266,-1.00000000,-0.84790592,0.04822492
2935,-0.00794762,-0.19590986,-1.00000000,-0.72584586,-0.12769112
2936,0.01402018,0.04603073,1.00000000,-0.81409286,-0.00655635
2937,0.01375523,-0.11340695,-1.00000000,-0.88273555,0.14763686
2938,-0.00892014,0.05705460,1.00000000,-0.79312958,0.20953549
2939,0.00851307,0.05499865,1.00000000,-0.79703924,0.18335029
2940,0.04664355,-0.12095330,-1.00000000,-0.86838521,0.53316139
2941,0.01889731,0.01432159,1.00000000,-0.87439179,0.56441318
2942,-0.00180797,0.31019917,1.00000000,-0.31174327,0.46468684
2943,0.00092719,0.09489917,1.00000000,-0.72116336,0.52778688
2944,-0.01008806,-0.06576564,-1.00000000,-0.97333151,0.40859391
2945,-0.01078558,-0.04454187,1.00000000,-0.98632809,0.04059761
2946,-0.01274105,-0.13001595,-1.00000000,-0.85115144,-0.16213571
2947,-0.00978969,-0.13542844,-1.00000000,-0.84085892,-0.21328128
2948,-0.01995831,-0.15060212,-1.00000000,-0.81200425,-0.34711207
2949,-0.00602691,-0.12770072,-1.00000000,-0.85555415,-0.32108890
2950,-0.03054099,-0.20660517,-1.00000000,-0.70550738,-0.44767825
2951,-0.02012029,-0.09850301,-1.00000000,-0.91107727,-0.49496315
2952,0.01023442,-0.28872267,-1.00000000,-0.54935060,-0.36665200
2953,0.02090149,-0.20786210,-1.00000000,-0.70311718,-0.10482925
2954,-0.00773011,0.02767854,1.00000000,-0.84899187,-0.11574308
2955,0.00215770,0.11045086,1.00000000,-0.69158985,0.09378469
2956,-0.01942083,-0.11171919,-1.00000000,-0.88594505,0.09826670
2957,-0.01322366,-0.03499360,1.00000000,-0.96817085,-0.05204874
2958,-0.00094769,-0.20243458,-1.00000000,-0.71343829,-0.19205462
2959,-0.01721335,-0.15434696,-1.00000000,-0.80488295,-0.25282159
2960,-0.00499333,-0.05909019,-1.00000000,-0.98602571,-0.29864418
2961,0.00442059,-0.18530536,-1.00000000,-0.74601167,-0.14587236
2962,-0.00009307,-0.09048279,-1.00000000,-0.92632874,-0.06173372
2963,0.01402099,-0.01743450,1.00000000,-0.93478000,0.03418306
2964,0.01708897,-0.05245871,-1.00000000,-0.99863632,0.25398659
2965,0.01678975,0.05706088,1.00000000,-0.79311764,0.39356888
2966,-0.00885229,0.08086721,1.00000000,-0.74784691,0.30851849
2967,0.01056676,0.07854533,1.00000000,-0.75226225,0.37682487
2968,0.00487700,-0.12042684,-1.00000000,-0.86938634,0.31823170
2969,-0.03952255,0.03025736,1.00000000,-0.84408792,-0.04452544
2970,0.00512372,-0.01389291,1.00000000,-0.92804522,-0.11927937
2971,-0.00102098,-0.35841601,-1.00000000,-0.41681994,-0.06909765
2972,0.01150377,-0.01197845,1.00000000,-0.92440463,-0.06309340
2973,0.00235373,-0.05965895,-1.00000000,-0.98494415,-0.07926209
2974,-0.03111451,0.03752825,1.00000000,-0.83026140,-0.02538478
2975,0.00042395,-0.03347249,1.00000000,-0.96527827,-0.05550010
2976,-0.02734334,-0.29317291,-1.00000000,-0.54088791,-0.22416933
2977,0.00132030,-0.04844680,1.00000000,-0.99375381,-0.28942336
2978,-0.03577210,-0.26391010,-1.00000000,-0.59653483,-0.53372730
2979,-0.00801736,-0.04149155,1.00000000,-0.98052752,-0.38572464
2980,0.01770862,-0.32931401,-1.00000000,-0.47216105,-0.27496740
2981,0.00582458,-0.11394809,-1.00000000,-0.88170652,-0.06243294
2982,0.00401323,0.08567543,1.00000000,-0.73870347,-0.04517708
2983,-0.01223828,-0.00654006,1.00000000,-0.91406285,0.10562367
2984,0.03358968,-0.02059545,1.00000000,-0.94079094,0.37223463
2985,-0.00942828,-0.14670082,-1.00000000,-0.81942306,0.19834591
2986,-0.00545022,0.20890626,1.00000000,-0.50436451,0.12609888
2987,0.00950005,-0.12489629,-1.00000000,-0.86088712,0.16125752
2988,-0.01370893,-0.09402809,-1.00000000,-0.91958690,0.15183387
2989,-0.01299460,0.02198015,1.00000000,-0.85982808,-0.14667042
2990,-0.00187508,-0.15811246,-1.00000000,-0.79772239,-0.09827081
2991,0.01697051,-0.15256954,-1.00000000,-0.80826295,0.04539747
2992,-0.00072868,-0.06628645,-1.00000000,-0.97234112,-0.02014655
2993,0.00018069,0.07994799,1.00000000,-0.74959492,0.06885584
2994,0.00906815,-0.05739083,-1.00000000,-0.98925727,0.21023025
2995,-0.00580744,-0.05033442,1.00000000,-0.99734334,0.18503238
2996,0.00841555,0.01862877,1.00000000,-0.86620115,0.13021360
2997,-0.00334736,-0.09679998,-1.00000000,-0.91431580,0.11343355
2998,-0.00370600,0.01356481,1.00000000,-0.87583090,0.08852827
2999,0.01270868,-0.07771074,-1.00000000,-0.95061639,0.11185615
3000,0.00928717,-0.08049364,-1.00000000,-0.94532436,0.20857987
3001,-0.02136993,0.04687782,1.00000000,-0.81248201,0.01771950
3002,0.00130769,0.02032826,1.00000000,-0.86296935,0.04754830
3003,-0.01811729,-0.21755885,-1.00000000,-0.68467759,-0.04479680
3004,0.00248718,-0.04158935,1.00000000,-0.98071350,-0.11029445
3005,0.01785073,-0.19231957,-1.00000000,-0.73267326,-0.05542061
3006,-0.02760188,-0.03243700,1.00000000,-0.96330915,-0.09535386
3007,0.03462204,0.08677812,1.00000000,-0.73660657,0.11811888
3008,-0.00601985,-0.26591629,-1.00000000,-0.59271981,0.19563723
3009,-0.01109603,0.21691691,1.00000000,-0.48913123,0.10859830
3010,-0.01481036,-0.09844820,-1.00000000,-0.91118149,-0.10068848
3011,-0.03031788,-0.13783738,-1.00000000,-0.83627802,-0.11809218
3012,-0.00868076,-0.16665913,-1.00000000,-0.78146982,-0.39556926
3013,0.00488720,-0.28699142,-1.00000000,-0.55264280,-0.32567873
3014,0.01239509,-0.11909583,-1.00000000,-0.87191742,-0.17515157
3015,-0.00757211,-0.01381380,1.00000000,-0.92789478,-0.12877005
3016,-0.01620726,0.04444451,1.00000000,-0.81710926,-0.03835152
3017,0.01305094,-0.11049311,-1.00000000,-0.88827658,0.10090156
3018,-0.01531517,-0.17749848,-1.00000000,-0.76085742,-0.02855184
3019,0.00967072,0.04953363,1.00000000,-0.80743166,-0.04600914
3020,0.00586520,-0.17057627,-1.00000000,-0.77402088,0.04009486
3021,0.01207249,0.02330447,1.00000000,-0.85730971,0.22130676
3022,0.00640861,-0.00622489,1.00000000,-0.91346352,0.17874387
3023,0.00193378,0.04194129,1.00000000,-0.82186945,0.28927230
3024,-0.00426612,-0.00200819,1.00000000,-0.90544493,0.19996735
3025,-0.00965434,-0.03673111,1.00000000,-0.97147495,0.10052072
3026,0.00758355,-0.08483997,-1.00000000,-0.93705927,0.07175634
3027,-0.03014411,-0.12665046,-1.00000000,-0.85755134,-0.16246743
3028,0.00931860,0.00710887,1.00000000,-0.88810769,-0.11514677
3029,0.00229645,-0.28564305,-1.00000000,-0.55520689,-0.07309491
3030,-0.03200125,0.02057215,1.00000000,-0.86250556,-0.21629014
3031,0.02265025,-0.03391697,1.00000000,-0.96612350,-0.11974527
3032,0.01202202,-0.30005369,-1.00000000,-0.52780323,0.15044825
3033,-0.00814375,0.12402053,1.00000000,-0.66578543,0.03855246
3034,-0.02925924,0.04154962,1.00000000,-0.82261426,-0.16365110
3035,-0.00482352,-0.11492881,-1.00000000,-0.87984154,0.01049926
3036,0.00980551,-0.27877673,-1.00000000,-0.56826406,-0.07180765
3037,0.02286105,-0.08916514,-1.00000000,-0.92883442,-0.00235293
3038,-0.00329963,0.02435041,1.00000000,-0.85532073,0.02868738
3039,-0.00966480,0.12565629,1.00000000,-0.66267483,0.15424524
3040,0.01683306,-0.07734033,-1.00000000,-0.95132077,0.29301696
3041,-0.00796621,-0.12673160,-1.00000000,-0.85739705,0.17913871
3042,0.01726504,0.07888142,1.00000000,-0.75162314,0.14328038
3043,0.00260276,-0.11355123,-1.00000000,-0.88246119,0.18110187
3044,-0.00490379,0.08223340,1.00000000,-0.74524893,0.21160962
3045,0.00437854,-0.03154014,1.00000000,-0.96160365,0.13180313
3046,-0.01166424,-0.08978804,-1.00000000,-0.92764989,0.10810679
3047,-0.00768675,-0.01776079,1.00000000,-0.93540048,-0.05178010
3048,-0.01108965,-0.14224647,-1.00000000,-0.82789357,-0.13951876
3049,0.02091496,-0.11138272,-1.00000000,-0.88658489,0.02592346
3050,-0.00804427,-0.13778786,-1.00000000,-0.83637217,-0.05367980
3051,0.03306522,0.11055534,1.00000000,-0.69139119,0.23293908
3052,0.01664839,-0.11415690,-1.00000000,-0.88130944,0.38887460
3053,-0.02832076,0.20483661,1.00000000,-0.51210346,0.27846055
3054,0.00194582,0.07744846,1.00000000,-0.75434808,0.15690951
3055,0.00883502,-0.27149451,-1.00000000,-0.58211213,0.26506916
3056,-0.00815217,-0.03663772,1.00000000,-0.97129735,0.00095505
3057,-0.01191746,0.01681977,1.00000000,-0.86964119,-0.18209013
3058,0.02161783,-0.11499416,-1.00000000,-0.87971727,0.13790796
3059,-0.00739062,-0.14421134,-1.00000000,-0.82415711,0.07808159
3060,-0.00696585,0.11600935,1.00000000,-0.68101969,-0.02316774
3061,0.00806448,-0.10908487,-1.00000000,-0.89095453,0.08074585
3062,-0.00791813,-0.10578879,-1.00000000,-0.89722244,0.10637287
3063,-0.00587843,0.01084070,1.00000000,-0.88101114,-0.06981859
3064,-0.00201893,-0.11317814,-1.00000000,-0.88317066,-0.03539766
3065,-0.00755410,-0.09735088,-1.00000000,-0.91326819,-0.03916707
3066,0.01700401,-0.06740262,-1.00000000,-0.97021860,0.01811591
3067,-0.00771925,-0.11035338,-1.00000000,-0.88854229,0.01939031
3068,-0.01035350,0.08020791,1.00000000,-0.74910064,-0.00928514
