seq_idx,target_return,feat_logret,feat_sign,feat_absret,feat_rollmean
0,-0.00045299,0.12558338,1.00000000,-0.94062896,0.39413447
1,-0.00287746,0.22565721,1.00000000,-0.75751456,0.25077139
2,-0.01070472,0.08415738,-1.00000000,-0.98378362,0.01160779
3,-0.01928656,0.03641240,-1.00000000,-0.89642018,-0.21520717
4,0.00647703,-0.11772956,-1.00000000,-0.61437230,-0.21797260
5,0.00344399,-0.28673127,-1.00000000,-0.30513415,-0.17575612
6,-0.00948617,0.22063009,1.00000000,-0.76671315,-0.24734915
7,0.00527821,0.16090042,1.00000000,-0.87600608,-0.07420389
8,0.00329284,-0.09373268,-1.00000000,-0.65828162,0.17040161
9,-0.00299999,0.19702184,1.00000000,-0.80991137,0.06773582
10,-0.00714663,0.15792384,1.00000000,-0.88145261,-0.04699373
11,0.00276855,0.03399951,-1.00000000,-0.89200509,0.08576325
12,-0.00234868,-0.04766023,-1.00000000,-0.74258467,0.00314010
13,-0.01120301,0.14759905,1.00000000,-0.90034485,-0.15389530
14,0.00055001,0.04682569,-1.00000000,-0.91547434,-0.11543776
15,0.00042058,-0.12754233,-1.00000000,-0.59641696,-0.03346116
16,-0.00482003,0.10390941,1.00000000,-0.98028785,-0.11566922
17,-0.00786872,0.10136059,1.00000000,-0.98495165,-0.17546848
18,-0.01255141,-0.00184254,-1.00000000,-0.82642156,-0.19007580
19,0.01051137,-0.06188014,-1.00000000,-0.71656518,-0.08216306
20,-0.00391321,-0.15409621,-1.00000000,-0.54782886,-0.12911160
21,0.00513867,0.30007815,1.00000000,-0.62133965,-0.02122770
22,-0.00234032,0.01601538,-1.00000000,-0.85909785,0.03866217
23,-0.01360211,0.19427377,1.00000000,-0.81493977,0.02727979
24,0.00228957,0.04699042,-1.00000000,-0.91577577,-0.06178803
25,-0.00725825,-0.17478763,-1.00000000,-0.50996785,-0.09802520
26,-0.00536646,0.13816659,1.00000000,-0.91760430,-0.21182861
27,-0.01455008,-0.04985823,-1.00000000,-0.73856279,-0.34409862
28,-0.00937731,-0.01260329,-1.00000000,-0.80673161,-0.29833079
29,-0.00146677,-0.19345608,-1.00000000,-0.47580843,-0.33902377
30,-0.01087273,-0.09158875,-1.00000000,-0.66220457,-0.37817992
31,-0.02691667,0.06419302,-1.00000000,-0.94725296,-0.61163620
32,-0.00805214,-0.12103807,-1.00000000,-0.60831840,-0.54124314
33,0.01303959,-0.43699085,-1.00000000,-0.03019022,-0.29839804
34,0.00145449,-0.06549235,-1.00000000,-0.70995559,-0.26675159
35,0.00134615,0.34986624,1.00000000,-0.53023776,-0.13438285
36,-0.00515453,0.12172138,1.00000000,-0.94769562,0.10136930
37,-0.01106926,0.11958790,1.00000000,-0.95159945,0.06868447
38,-0.00477367,-0.00842977,-1.00000000,-0.81436830,-0.12428885
39,-0.00291504,-0.12490833,-1.00000000,-0.60123663,-0.17162452
40,0.00067432,-0.00092952,-1.00000000,-0.82809220,-0.17890252
41,0.00619613,0.03567243,-1.00000000,-0.89506619,-0.05593932
42,-0.00572953,0.10635761,1.00000000,-0.97580814,0.00190665
43,0.02178212,0.21509839,1.00000000,-0.77683502,0.28958893
44,0.00545344,-0.01975326,-1.00000000,-0.79364864,0.38024570
45,-0.01296930,0.52203255,1.00000000,-0.21520904,0.23244249
46,-0.01137839,0.20047246,1.00000000,-0.80359744,0.04205542
47,0.00124928,-0.16232586,-1.00000000,-0.53277030,0.11765783
48,0.00015818,-0.13099596,-1.00000000,-0.59009752,-0.11659710
49,0.00338586,0.11768026,1.00000000,-0.95509003,-0.13899545
50,-0.00208755,0.09619317,1.00000000,-0.99440696,-0.02111195
51,-0.00574999,0.15975572,1.00000000,-0.87810066,0.03986124
52,-0.00404509,0.05196819,-1.00000000,-0.92488406,-0.01749346
53,0.01726892,-0.02015611,-1.00000000,-0.79291152,0.16786943
54,0.01030290,0.01341826,-1.00000000,-0.85434566,0.24280269
55,0.00253325,0.43315435,1.00000000,-0.37783775,0.29286033
56,-0.00102117,0.29597282,1.00000000,-0.62885155,0.34408826
57,0.00216989,0.14296528,1.00000000,-0.90882368,0.41141602
58,0.01675881,0.07296837,-1.00000000,-0.96331003,0.40588993
59,0.01901439,0.13580976,1.00000000,-0.92191681,0.50026265
60,0.01285457,0.42310878,1.00000000,-0.39621907,0.61207486
61,-0.00292071,0.46752787,1.00000000,-0.31494131,0.59149687
62,0.01189460,0.34622267,1.00000000,-0.53690473,0.69684587
63,0.00910221,0.03556075,-1.00000000,-0.89486184,0.61390089
64,-0.00097421,0.32731801,1.00000000,-0.57149634,0.39736178
65,-0.01205631,0.27232757,1.00000000,-0.67211746,0.12749896
66,-0.00418135,0.07389314,-1.00000000,-0.96500218,0.11384230
67,-0.00551995,-0.14434636,-1.00000000,-0.56566907,-0.07481172
68,-0.01030122,0.01073504,-1.00000000,-0.84943593,-0.28501159
69,-0.00081555,-0.01562593,-1.00000000,-0.80120080,-0.28329289
70,-0.00149064,-0.10978340,-1.00000000,-0.62891213,-0.16883360
71,0.00081165,0.07701747,-1.00000000,-0.97071906,-0.11474386
72,0.00019604,0.06372298,-1.00000000,-0.94639289,-0.05282182
73,-0.00595195,0.10906185,1.00000000,-0.97085994,-0.00570561
74,0.01773838,0.09693881,1.00000000,-0.99304260,0.19529156
75,0.00967758,-0.02413339,-1.00000000,-0.78563391,0.31627836
76,-0.00878419,0.44239936,1.00000000,-0.36092129,0.21232546
77,0.00424952,0.28365834,1.00000000,-0.65138450,0.25623735
78,0.00535226,-0.07990850,-1.00000000,-0.68357701,0.37869734
79,0.00154703,0.17676385,1.00000000,-0.84697930,0.20329430
80,0.00973159,0.19848000,1.00000000,-0.80724324,0.20387939
81,-0.00259569,0.12354367,1.00000000,-0.94436121,0.27092020
82,-0.00371282,0.28472194,1.00000000,-0.64943833,0.18466306
83,-0.01255620,0.04196136,-1.00000000,-0.90657362,-0.00934157
84,-0.00869772,0.01996166,-1.00000000,-0.86631872,-0.12032422
85,0.00106258,-0.15419051,-1.00000000,-0.54765630,-0.21423667
86,-0.00971644,-0.07820570,-1.00000000,-0.68669278,-0.29137666
87,-0.00221120,0.11400358,1.00000000,-0.96181760,-0.27510941
88,0.00170943,-0.09826725,-1.00000000,-0.64998429,-0.12056801
89,-0.01182608,0.04953301,-1.00000000,-0.92042818,-0.15445798
90,0.00683447,0.12674194,1.00000000,-0.93850903,-0.09193037
91,0.00127161,-0.13981244,-1.00000000,-0.57396520,0.02710458
92,0.00675799,0.22766912,1.00000000,-0.75383318,0.12426905
93,0.00121016,0.11811995,1.00000000,-0.95428550,0.11886039
94,-0.00613705,0.22616306,1.00000000,-0.75658897,0.18049047
95,-0.01253771,0.11690982,1.00000000,-0.95649979,-0.02937090
96,-0.00164808,-0.02777844,-1.00000000,-0.77896423,-0.06100024
97,-0.01055654,-0.15382651,-1.00000000,-0.54832235,-0.24857084
98,-0.00504547,0.06062267,-1.00000000,-0.94071997,-0.31633891
99,-0.02358733,-0.11481139,-1.00000000,-0.61971194,-0.50538006
100,-0.02953784,-0.00628209,-1.00000000,-0.81829809,-0.68954469
101,-0.00523157,-0.37142612,-1.00000000,-0.15016010,-0.72836517
102,-0.00918957,-0.48860944,-1.00000000,0.06426112,-0.71355658
103,0.00338175,-0.00994697,-1.00000000,-0.81159213,-0.62226344
104,0.01898815,-0.08789165,-1.00000000,-0.66896949,-0.16103775
105,-0.00068898,0.15967476,1.00000000,-0.87824879,0.15148570
106,0.00318951,0.46701112,1.00000000,-0.31588686,0.24271233
107,0.01297058,0.07951004,-1.00000000,-0.97527994,0.48277609
108,-0.00327280,0.15588900,1.00000000,-0.88517596,0.41068649
109,0.00536420,0.34850727,1.00000000,-0.53272438,0.26309642
110,-0.02753281,0.02862697,-1.00000000,-0.88217446,-0.02770629
111,-0.02024187,0.19871512,1.00000000,-0.80681301,-0.28154142
112,0.00618479,-0.44912449,-1.00000000,-0.00798816,-0.35505279
113,-0.00570122,-0.30554415,-1.00000000,-0.27071046,-0.38136017
114,-0.02517588,0.21487492,1.00000000,-0.77724392,-0.71220479
115,0.00671524,-0.01919578,-1.00000000,-0.79466871,-0.34119118
116,-0.01196613,-0.40270943,-1.00000000,-0.09291813,-0.25153904
117,0.00020447,0.22532109,1.00000000,-0.75812959,-0.31632462
118,0.00613019,-0.14257038,-1.00000000,-0.56891873,-0.18815342
119,-0.00730575,0.09710472,1.00000000,-0.99273901,0.00543597
120,0.01054981,0.21379971,1.00000000,-0.77921133,0.04697641
121,0.00022036,-0.05079374,-1.00000000,-0.73685099,0.17899420
122,-0.00796684,0.30083521,1.00000000,-0.61995439,0.09047342
123,-0.00296370,0.09741763,1.00000000,-0.99216646,-0.00804187
124,-0.00088168,-0.06381243,-1.00000000,-0.71302948,0.06155098
125,-0.00275344,0.03471410,-1.00000000,-0.89331265,-0.08256486
126,0.00278564,0.07571534,-1.00000000,-0.96833643,-0.05477482
127,0.00820535,0.03885481,-1.00000000,-0.90088929,0.12042057
128,-0.01385316,0.14793564,1.00000000,-0.89972895,0.00245369
129,0.00152491,0.25466579,1.00000000,-0.70443486,0.02852451
130,0.00463356,-0.17973152,-1.00000000,-0.50092155,0.10854877
131,-0.01262235,0.12310807,1.00000000,-0.94515826,-0.05836800
132,-0.00206630,0.18432659,1.00000000,-0.83314105,-0.16964214
133,0.00222412,-0.15549332,-1.00000000,-0.54527243,0.00452506
134,0.00308018,0.05238656,-1.00000000,-0.92564958,0.02137355
135,0.00733403,0.13687761,1.00000000,-0.91996285,0.05062812
136,-0.00131748,0.15373604,1.00000000,-0.88911543,0.17309527
137,0.00086068,0.23750689,1.00000000,-0.73583211,0.20480367
138,-0.00846109,0.06713308,-1.00000000,-0.95263266,0.08904946
139,0.01431101,0.11002755,1.00000000,-0.96909291,0.21071451
140,-0.00417711,-0.07354572,-1.00000000,-0.69521959,0.08601280
141,0.00276606,0.37490435,1.00000000,-0.48442319,0.13025027
142,0.00322923,0.01081840,-1.00000000,-0.84958846,0.15590906
143,-0.00071414,0.14754997,1.00000000,-0.90043464,0.23983279
144,-0.00488962,0.15667129,1.00000000,-0.88374453,0.03182990
145,-0.00161155,0.07901470,-1.00000000,-0.97437357,0.05962297
146,-0.00025146,-0.00321286,-1.00000000,-0.82391415,0.02693383
147,-0.00332237,0.06134191,-1.00000000,-0.94203603,-0.04404056
148,0.00502376,0.08812617,-1.00000000,-0.99104567,0.01811886
149,-0.01093949,0.02765078,-1.00000000,-0.88038823,-0.04742021
150,0.00216083,0.19201094,1.00000000,-0.81908027,-0.00655353
151,-0.00366144,-0.12235281,-1.00000000,-0.60591271,-0.04349428
152,0.00404318,0.13563125,1.00000000,-0.92224344,0.03629769
153,0.00647116,0.02097357,-1.00000000,-0.86817032,0.05197748
154,0.01121643,0.17270029,1.00000000,-0.85441477,0.29199548
155,0.00095449,0.22051440,1.00000000,-0.76692485,0.27892705
156,-0.00442177,0.31396294,1.00000000,-0.59593336,0.27069030
157,0.00355144,0.11187484,1.00000000,-0.96571275,0.26536329
158,-0.00688348,0.00600044,-1.00000000,-0.84077259,0.12069076
159,0.00173842,0.16301660,1.00000000,-0.87213392,0.01801424
160,-0.00285388,-0.04247798,-1.00000000,-0.75206712,-0.02324226
161,-0.00840786,0.12731286,1.00000000,-0.93746437,-0.06642412
162,-0.01022644,0.03687687,-1.00000000,-0.89727006,-0.21568176
163,0.02074657,-0.07249753,-1.00000000,-0.69713756,0.08363818
164,0.00346888,-0.10831079,-1.00000000,-0.63160669,0.10238443
165,0.00962330,0.50163956,1.00000000,-0.25252399,0.23755128
166,-0.01175782,0.16139066,1.00000000,-0.87510905,0.20126070
167,0.00419422,0.28258937,1.00000000,-0.65334049,0.35748158
168,0.00893725,-0.13846821,-1.00000000,-0.57642486,0.22954965
169,-0.01171640,0.17567469,1.00000000,-0.84897223,0.06504554
170,-0.00909915,0.26907903,1.00000000,-0.67806161,-0.13777720
171,-0.00961133,-0.13765247,-1.00000000,-0.57791750,-0.11452396
172,0.00683061,-0.08611113,-1.00000000,-0.67222749,-0.08596358
173,0.00304097,-0.09619740,-1.00000000,-0.65377169,-0.14983872
174,0.00615793,0.22759306,1.00000000,-0.75397235,0.04379620
175,0.00316018,0.15296386,1.00000000,-0.89052835,0.17660320
176,0.02204327,0.21434599,1.00000000,-0.77821175,0.51952160
177,0.00256776,0.15531153,1.00000000,-0.88623260,0.47334161
178,0.00520662,0.52717542,1.00000000,-0.20579864,0.49680241
179,0.01316097,0.14364495,1.00000000,-0.90758003,0.57266723
180,-0.00316941,0.19561198,1.00000000,-0.81249112,0.50409794
181,0.02151600,0.35225654,1.00000000,-0.52586399,0.49838592
182,0.00209079,0.03066314,-1.00000000,-0.88590022,0.49321882
183,-0.00554078,0.51679186,1.00000000,-0.22479842,0.37679084
184,0.00137338,0.13425195,1.00000000,-0.92476727,0.24909440
185,-0.00502734,-0.01603614,-1.00000000,-0.80045020,0.22896714
186,-0.00169748,0.12012408,1.00000000,-0.95061835,-0.02250745
187,-0.00942304,-0.00592512,-1.00000000,-0.81895129,-0.14723819
188,0.00686589,0.05964979,-1.00000000,-0.93893980,-0.01283518
189,-0.00169039,-0.09248931,-1.00000000,-0.66055673,-0.04602545
190,-0.00846930,0.22828781,1.00000000,-0.75270111,-0.08331260
191,0.01130230,0.05978929,-1.00000000,-0.93919505,0.05751565
192,-0.00710720,-0.07370742,-1.00000000,-0.69492371,0.08260339
193,0.00155014,0.31565385,1.00000000,-0.59283934,0.02501718
194,0.02064051,-0.04688366,-1.00000000,-0.74400563,0.26693076
195,0.03142671,0.12360496,1.00000000,-0.94424905,0.69912938
196,0.00534266,0.49955091,1.00000000,-0.25634579,0.63456784
197,-0.00654161,0.71196308,1.00000000,0.13232452,0.64069494
198,-0.00680979,0.19829092,1.00000000,-0.80758922,0.55013077
199,0.00525971,-0.03574554,-1.00000000,-0.76438608,0.38350860
200,0.00566080,-0.04102673,-1.00000000,-0.75472261,0.10438319
201,0.01445258,0.19665746,1.00000000,-0.81057810,0.20307215
202,-0.02866963,0.20455609,1.00000000,-0.79612525,-0.03664354
203,-0.01244421,0.37769223,1.00000000,-0.47932194,-0.09768197
204,-0.00709207,-0.47151173,-1.00000000,0.03297585,-0.23149041
205,-0.00574598,-0.15198518,-1.00000000,-0.55169159,-0.35506155
206,0.00565603,-0.04658565,-1.00000000,-0.74455092,-0.45035574
207,0.01202393,-0.02007722,-1.00000000,-0.79305587,-0.00951710
208,-0.01489095,0.20446208,1.00000000,-0.79629727,-0.03602298
209,0.00884728,0.32986501,1.00000000,-0.56683586,0.13665006
210,-0.00479078,-0.20016879,-1.00000000,-0.46352556,0.14699792
211,0.01250884,0.26730733,1.00000000,-0.68130346,0.22123532
212,0.00518116,-0.00126642,-1.00000000,-0.82747574,0.14710671
213,-0.00825838,0.33941423,1.00000000,-0.54936277,0.21895821
214,-0.00025608,0.19511063,1.00000000,-0.81340849,0.12034035
215,-0.00360354,-0.06955385,-1.00000000,-0.70252388,0.13320189
216,0.00296572,0.08803526,-1.00000000,-0.99087933,0.02982000
217,0.01551063,0.02211388,-1.00000000,-0.87025685,0.14172047
218,-0.02094433,0.15148189,1.00000000,-0.89324004,0.00429192
219,-0.01516599,0.39852843,1.00000000,-0.44119602,-0.15722908
220,0.00152000,-0.31937776,-1.00000000,-0.24539783,-0.10172516
221,-0.00579598,-0.20558504,-1.00000000,-0.45361495,-0.19664177
222,0.00157942,0.12301145,1.00000000,-0.94533506,-0.34756045
223,0.00268197,-0.02106189,-1.00000000,-0.79125413,-0.09161362
224,-0.00079707,0.12418152,1.00000000,-0.94319407,0.06404670
225,-0.00315911,0.14589414,1.00000000,-0.90346448,0.01335731
226,-0.00191197,0.07738146,-1.00000000,-0.97138507,0.05543330
227,-0.00447199,0.03086594,-1.00000000,-0.88627130,-0.01012239
228,-0.01177165,0.05542578,-1.00000000,-0.93121073,-0.16670032
229,-0.00086253,0.00501139,-1.00000000,-0.83896284,-0.16740947
230,-0.03232137,-0.13874043,-1.00000000,-0.57592675,-0.48332805
231,0.00216914,0.07609234,-1.00000000,-0.96902626,-0.43911681
232,0.03069515,-0.54342538,-1.00000000,0.16456294,-0.05814657
233,-0.00773279,0.13579500,1.00000000,-0.92194381,-0.01439315
234,0.03999804,0.69755660,1.00000000,0.10596365,0.42825470
235,-0.01168896,-0.05920345,-1.00000000,-0.72146296,0.65176830
236,0.00290491,0.88075793,1.00000000,0.44118417,0.65973893
237,0.01926606,-0.13711209,-1.00000000,-0.57890628,0.53592604
238,0.00726577,0.15028438,1.00000000,-0.89543124,0.69840739
239,-0.04202057,0.47248384,1.00000000,-0.30587293,-0.19011087
240,0.04449238,0.23616260,1.00000000,-0.73829187,0.41850890
241,-0.00502981,-0.73443136,-1.00000000,0.51406436,0.33255104
242,-0.01346673,0.96926488,1.00000000,0.60313356,-0.02204744
243,-0.03038546,-0.00597376,-1.00000000,-0.81886228,-0.42992808
244,-0.02021357,-0.17212158,-1.00000000,-0.51484617,-0.19368999
245,0.00316735,-0.50530156,-1.00000000,0.09480424,-0.64136944
246,-0.01620211,-0.30498690,-1.00000000,-0.27173013,-0.76240043
247,0.02751072,0.15545260,1.00000000,-0.88597447,-0.31848640
248,0.00547970,-0.22598944,-1.00000000,-0.41627912,0.07004560
249,0.00097140,0.63484574,1.00000000,-0.00878425,0.29954516
250,-0.04050902,0.20098975,1.00000000,-0.80265092,-0.17360656
251,-0.00229147,0.11220794,1.00000000,-0.96510325,-0.02291070
252,0.04509516,-0.70466432,-1.00000000,0.45959684,0.16758376
253,0.02974760,0.04795242,-1.00000000,-0.91753604,0.43048108
254,0.01015398,0.98113532,1.00000000,0.62485401,0.52995713
255,-0.00574102,0.67889657,1.00000000,0.07181966,0.90660336
256,-0.01203449,0.29304007,1.00000000,-0.63421787,0.80105586
257,0.03688848,-0.01997952,-1.00000000,-0.79323464,0.71215185
258,0.02715509,-0.14391667,-1.00000000,-0.56645531,0.68406680
259,-0.00927046,0.81952152,1.00000000,0.32913421,0.47363931
260,0.02590814,0.62784229,1.00000000,-0.02159912,0.81649880
261,0.00101598,-0.08948469,-1.00000000,-0.66605456,0.95787623
262,0.00885881,0.60328621,1.00000000,-0.06653166,0.65422724
263,-0.00951476,0.11308573,1.00000000,-0.96349708,0.25697802
264,-0.01261921,0.26753444,1.00000000,-0.68088791,0.22070063
265,0.00214915,-0.09429560,-1.00000000,-0.65725159,-0.03668359
266,-0.00749461,-0.15543139,-1.00000000,-0.54538575,-0.12887989
267,0.00185144,0.13540136,1.00000000,-0.92266409,-0.20479163
268,0.01543817,-0.05451294,-1.00000000,-0.73004562,0.06552665
269,0.00506107,0.12953859,1.00000000,-0.93339175,0.25705943
270,-0.00785334,0.39710138,1.00000000,-0.44380721,0.14870112
271,-0.01647472,0.19274570,1.00000000,-0.81773583,0.05141840
272,-0.01522681,-0.06157735,-1.00000000,-0.71711921,-0.13359251
273,0.01350813,-0.23135794,-1.00000000,-0.40645589,-0.15450082
274,0.01010744,-0.20678274,-1.00000000,-0.45142341,-0.09983284
275,-0.00035655,0.35909329,1.00000000,-0.51335416,-0.01861914
276,0.02396043,0.29212366,1.00000000,-0.63589473,0.41942012
277,0.00146676,0.08605665,-1.00000000,-0.98725889,0.60026370
278,0.00074510,0.56492994,1.00000000,-0.13671570,0.46200007
279,0.00900351,0.12196303,1.00000000,-0.94725345,0.45004096
280,-0.01104265,0.10775130,1.00000000,-0.97325797,0.33427706
281,0.00689596,0.27038385,1.00000000,-0.67567407,0.14941548
282,0.01258964,-0.12438428,-1.00000000,-0.60219553,0.26991107
283,-0.01015703,0.22888006,1.00000000,-0.75161741,0.15180690
284,0.00928987,0.34100545,1.00000000,-0.54645116,0.15490912
285,-0.00032081,-0.10694388,-1.00000000,-0.63410786,0.27106019
286,-0.01748556,0.27602321,1.00000000,-0.66535521,0.00693202
287,0.00270591,0.08676047,-1.00000000,-0.98854673,-0.10013974
288,-0.00890401,-0.25126427,-1.00000000,-0.37003142,-0.08656556
289,0.00707728,0.14636550,1.00000000,-0.90260199,-0.11053479
290,0.01295360,-0.08226812,-1.00000000,-0.67925940,0.03326864
291,-0.00051627,0.23245083,1.00000000,-0.74508364,0.21709915
292,0.00395822,0.34817296,1.00000000,-0.53333610,0.23066566
293,-0.00805560,0.08291127,-1.00000000,-0.98150350,0.23985657
294,-0.00284024,0.17102733,1.00000000,-0.85747595,0.13241873
295,-0.00144487,-0.06556045,-1.00000000,-0.70983096,-0.02356180
296,0.00073752,0.03714538,-1.00000000,-0.89776138,-0.00997928
297,0.00886363,0.06462439,-1.00000000,-0.94804227,0.04316159
298,0.00098916,0.10760221,1.00000000,-0.97353079,0.14114463
299,-0.00618926,0.26762924,1.00000000,-0.68071444,0.10486424
300,0.01095182,0.11255761,1.00000000,-0.96446342,0.23915914
301,0.00355228,-0.02880678,-1.00000000,-0.77708258,0.26965178
302,0.00266458,0.30875183,1.00000000,-0.60546860,0.20249667
303,-0.00171656,0.16303313,1.00000000,-0.87210368,0.17318527
304,0.00277249,0.14555160,1.00000000,-0.90409125,0.27026908
305,-0.00266635,0.05927399,-1.00000000,-0.93825217,0.12274170
306,-0.00644501,0.14767663,1.00000000,-0.90020288,0.01443970
307,-0.00070107,0.04056979,-1.00000000,-0.90402735,-0.02202082
308,-0.00233311,-0.03384323,-1.00000000,-0.76786692,-0.02869996
309,-0.00393752,0.07927199,-1.00000000,-0.97484436,-0.10139030
310,-0.01956897,0.04713235,-1.00000000,-0.91603547,-0.28449858
311,0.01643688,0.01553678,-1.00000000,-0.85822212,-0.03661606
312,-0.01605749,-0.29229285,-1.00000000,-0.29495760,-0.20297409
313,0.00413856,0.41676901,1.00000000,-0.40781952,-0.13286563
314,0.01592804,-0.22314128,-1.00000000,-0.42149067,0.08234051
315,-0.00480515,0.17457873,1.00000000,-0.85097761,0.24227890
316,-0.00893201,0.40674838,1.00000000,-0.42615520,-0.03254557
317,-0.01429408,-0.00154949,-1.00000000,-0.82695778,-0.01344238
318,0.00455626,-0.08281954,-1.00000000,-0.67825041,-0.00891743
319,-0.00124513,-0.18841462,-1.00000000,-0.48503327,-0.19495656
320,-0.00287710,0.18280439,1.00000000,-0.83592636,-0.17406977
321,0.00586839,0.06855791,-1.00000000,-0.95523980,-0.01373515
322,0.00057170,0.03641949,-1.00000000,-0.89643315,0.14730780
323,-0.00261648,0.20864409,1.00000000,-0.78864505,0.06960458
324,0.00087576,0.10433665,1.00000000,-0.97950607,0.09258043
325,-0.00791663,0.04155191,-1.00000000,-0.90582442,0.03798658
326,0.00410172,0.11032446,1.00000000,-0.96854963,0.01884804
327,-0.02798795,-0.06282372,-1.00000000,-0.71483862,-0.29054242
328,-0.01292457,0.17385318,1.00000000,-0.85230521,-0.40221133
329,-0.00507254,-0.45808754,-1.00000000,0.00841236,-0.46665009
330,-0.00458356,-0.16144498,-1.00000000,-0.53438213,-0.43054250
331,0.00460416,-0.00681527,-1.00000000,-0.81732250,-0.42509954
332,-0.01097113,0.00281431,-1.00000000,-0.83494262,-0.24075405
333,-0.00648779,0.18374766,1.00000000,-0.83420037,-0.17102350
334,-0.00524079,-0.12297584,-1.00000000,-0.60477270,-0.17284614
335,0.01060886,-0.03468559,-1.00000000,-0.76632557,-0.00826469
336,0.00386076,-0.01012854,-1.00000000,-0.81125989,-0.01631803
337,0.00136200,0.30199802,1.00000000,-0.61782668,0.11728831
338,-0.00204872,0.16910792,1.00000000,-0.86098806,0.16537736
339,0.00150353,0.11989992,1.00000000,-0.95102852,0.23843949
340,0.01084999,0.05273288,-1.00000000,-0.92628328,0.24105172
341,-0.01015833,0.12268716,1.00000000,-0.94592844,0.08918116
342,-0.01210407,0.30674665,1.00000000,-0.60913768,-0.05669845
343,0.00406653,-0.10696935,-1.00000000,-0.63406125,0.00954885
344,0.00973687,-0.14528674,-1.00000000,-0.56394837,0.09874169
345,-0.00254124,0.17316025,1.00000000,-0.85357314,-0.04632732
346,0.00012699,0.28482601,1.00000000,-0.64924791,0.06509487
347,-0.01364972,0.04303354,-1.00000000,-0.90853549,0.04835055
348,0.00429292,0.09557904,1.00000000,-0.99553070,0.05080306
349,0.00205009,-0.17572534,-1.00000000,-0.50825202,-0.03246883
350,-0.00315805,0.17761855,1.00000000,-0.84541538,-0.03915075
351,-0.00130499,0.13345053,1.00000000,-0.92623370,-0.05466366
352,0.00149984,0.03088683,-1.00000000,-0.88630953,0.10945355
353,0.00512159,0.06737896,-1.00000000,-0.95308257,0.11843057
354,0.00541802,0.12261447,1.00000000,-0.94606146,0.15491573
355,0.00161139,0.19393738,1.00000000,-0.81555528,0.20658365
356,-0.00484286,0.19977493,1.00000000,-0.80487378,0.16825753
357,0.00067245,0.12481116,1.00000000,-0.94204197,0.15929425
358,-0.00138488,-0.00229203,-1.00000000,-0.82559909,0.08880880
359,-0.00059146,0.10632059,1.00000000,-0.97587588,0.02370732
360,0.00934496,0.06580570,-1.00000000,-0.95020383,0.10748616
361,0.00396645,0.08143047,-1.00000000,-0.97879394,0.20291848
362,0.00658459,0.27710817,1.00000000,-0.66336995,0.26696551
363,0.01407453,0.17118923,1.00000000,-0.85717969,0.43443934
364,0.00026849,0.22274822,1.00000000,-0.76283742,0.44375537
365,0.00020046,0.37024733,1.00000000,-0.49294457,0.34469177
366,0.00083784,0.09836559,1.00000000,-0.99043189,0.31079915
367,-0.00674085,0.09702579,1.00000000,-0.99288343,0.16644294
368,-0.00177569,0.10957768,1.00000000,-0.96991608,-0.00526456
369,-0.00198265,-0.03966913,-1.00000000,-0.75720672,-0.02965153
370,0.00488678,0.05810955,-1.00000000,-0.93612147,0.02111603
371,-0.00949497,0.05403385,-1.00000000,-0.92866379,-0.09082061
372,0.00382149,0.18931340,1.00000000,-0.82401622,0.02360255
373,-0.00630665,-0.09390590,-1.00000000,-0.65796467,-0.02548191
374,-0.00749881,0.16833454,1.00000000,-0.86240319,-0.08523913
375,-0.00753691,-0.03111842,-1.00000000,-0.77285275,-0.21982660
376,-0.00097358,-0.05459557,-1.00000000,-0.72989443,-0.12751326
377,-0.00002820,-0.05534590,-1.00000000,-0.72852148,-0.16921745
378,-0.00413909,0.07390553,-1.00000000,-0.96502485,-0.14573604
379,-0.00584052,0.09252275,-1.00000000,-0.99909050,-0.12777160
380,-0.00094357,0.01156717,-1.00000000,-0.85095855,-0.05634506
381,0.00187630,-0.02193899,-1.00000000,-0.78964922,-0.02547195
382,-0.00618358,0.07449654,-1.00000000,-0.96610627,-0.09215389
383,0.00260362,0.13002809,1.00000000,-0.93249605,-0.01910917
384,-0.00359330,-0.02869475,-1.00000000,-0.77728757,0.00523528
385,0.00142412,0.14435122,1.00000000,-0.90628771,0.03088470
386,0.00126418,0.02231547,-1.00000000,-0.87062572,0.02425347
387,0.00174623,0.12112324,1.00000000,-0.94879009,0.11015805
388,-0.00503408,0.11797354,1.00000000,-0.95455340,0.02741779
389,-0.00184593,0.12746654,1.00000000,-0.93718316,0.04634723
390,0.00417337,-0.00605783,-1.00000000,-0.81870845,0.07613022
391,-0.00245047,0.05672628,-1.00000000,-0.93359037,0.03588893
392,0.00324096,0.17526411,1.00000000,-0.84972350,0.05208155
393,-0.00675987,0.04482108,-1.00000000,-0.91180632,0.03338589
394,0.00670623,0.15690223,1.00000000,-0.88332195,0.12603258
395,0.01626461,-0.04004364,-1.00000000,-0.75652145,0.25701864
396,-0.00209704,0.22514368,1.00000000,-0.75845422,0.26084740
397,0.00933712,0.41337658,1.00000000,-0.41402697,0.32688789
398,0.03018460,0.05178118,-1.00000000,-0.92454187,0.72711208
399,-0.03644992,0.27695367,1.00000000,-0.66365266,0.25959592
400,0.01187779,0.68750227,1.00000000,0.08756630,0.21207283
401,0.00360675,-0.62472867,-1.00000000,0.31333113,0.27386277
402,-0.00618685,0.32698692,1.00000000,-0.57210216,0.10568958
403,0.00246877,0.16410577,1.00000000,-0.87014096,-0.19455959
404,-0.01299970,-0.02875928,-1.00000000,-0.77716950,0.05947969
405,-0.01080345,0.14169553,1.00000000,-0.91114707,-0.18622913
406,0.01541041,-0.16292439,-1.00000000,-0.53167511,-0.05835859
407,-0.00834648,-0.11967386,-1.00000000,-0.61081463,-0.08175417
408,-0.02054739,0.39655471,1.00000000,-0.44480751,-0.33109119
409,-0.00603715,-0.07128883,-1.00000000,-0.69934921,-0.25566497
410,0.00284147,-0.31156076,-1.00000000,-0.25970131,-0.10784775
411,-0.00857564,-0.02581113,-1.00000000,-0.78256399,-0.36769166
412,-0.00398684,0.14903507,1.00000000,-0.89771722,-0.32046303
413,0.00797537,-0.07580150,-1.00000000,-0.69109198,-0.01147231
414,-0.00401894,0.01456554,-1.00000000,-0.85644496,0.01039122
415,0.00110693,0.25013676,1.00000000,-0.71272205,-0.00839929
416,0.00279031,0.01393340,-1.00000000,-0.85528825,0.11472946
417,0.00201247,0.11487682,1.00000000,-0.96021975,0.17972076
418,0.00095727,0.14802759,1.00000000,-0.89956070,0.10369284
419,0.01116664,0.13270973,1.00000000,-0.92758922,0.26820022
420,0.01167640,0.11192971,1.00000000,-0.96561235,0.38270070
421,0.00064589,0.31298246,1.00000000,-0.59772743,0.35946989
422,0.00201816,0.32302106,1.00000000,-0.57935887,0.35953146
423,0.00190027,0.10579755,1.00000000,-0.97683293,0.36974704
424,-0.01049597,0.13282165,1.00000000,-0.92738443,0.13507309
425,-0.00322526,0.13050006,1.00000000,-0.93163245,-0.02635855
426,-0.00367242,-0.11361862,-1.00000000,-0.62189447,-0.07313935
427,-0.00346533,0.02956322,-1.00000000,-0.88388760,-0.13254268
428,-0.00023283,0.02075725,-1.00000000,-0.86777450,-0.15565080
429,0.00381267,0.02483555,-1.00000000,-0.87523694,-0.00064347
430,-0.00417344,0.08849306,-1.00000000,-0.99171700,-0.01091526
431,-0.00163726,0.16816082,1.00000000,-0.86272105,0.01113195
432,-0.00293822,0.01089069,-1.00000000,-0.84972074,0.01684220
433,0.01002732,0.06083569,-1.00000000,-0.94110974,0.12799171
434,-0.00482494,0.03521591,-1.00000000,-0.89423085,0.03441938
435,-0.00254139,0.29054573,1.00000000,-0.63878200,0.05209966
436,-0.00364257,-0.00193924,-1.00000000,-0.82624461,0.03037588
437,-0.00279732,0.04303072,-1.00000000,-0.90853033,0.03190227
438,-0.00493444,0.02134521,-1.00000000,-0.86885033,-0.13018042
439,0.01607482,0.03799064,-1.00000000,-0.89930804,0.09622946
440,-0.00421106,-0.00409562,-1.00000000,-0.82229889,0.07814171
441,0.00700444,0.40963903,1.00000000,-0.42086592,0.19348214
442,0.00339114,0.01014997,-1.00000000,-0.84836538,0.26052253
443,-0.00237012,0.23101634,1.00000000,-0.74770847,0.28830221
444,0.00674488,0.15985974,1.00000000,-0.87791032,0.18722975
445,-0.00143980,0.04640356,-1.00000000,-0.91470193,0.21725114
446,0.00246963,0.22590487,1.00000000,-0.75706141,0.16812493
447,-0.00116565,0.06472424,-1.00000000,-0.94822500,0.11876061
448,0.00052579,0.14171246,1.00000000,-0.91111608,0.15013233
449,0.00183448,0.07012301,-1.00000000,-0.95810361,0.09693725
450,-0.00099366,0.10343251,1.00000000,-0.98116048,0.10177038
451,-0.00353918,0.12920441,1.00000000,-0.93400323,0.03667618
452,0.00285682,0.07351014,-1.00000000,-0.96430136,0.08025216
453,0.00291776,0.02338124,-1.00000000,-0.87257585,0.10616467
454,-0.00680231,0.14933742,1.00000000,-0.89716399,0.01260126
455,0.00426994,0.15053746,1.00000000,-0.89496816,0.06962249
456,-0.00366053,-0.04087947,-1.00000000,-0.75499206,0.06830790
457,-0.00160855,0.17716595,1.00000000,-0.84624353,0.01993393
458,0.00499238,0.02099152,-1.00000000,-0.86820315,0.04240859
459,0.00006344,0.06140100,-1.00000000,-0.94214414,0.11678611
460,0.00263412,0.19139291,1.00000000,-0.82021114,0.09906502
461,-0.00244785,0.09432742,1.00000000,-0.99782090,0.11220207
462,-0.00379450,0.14495175,1.00000000,-0.90518886,0.08852144
463,-0.00678178,0.04487265,-1.00000000,-0.91190068,-0.03902952
464,0.00291423,0.01835326,-1.00000000,-0.86337569,-0.00814654
465,0.00735009,-0.04047508,-1.00000000,-0.75573200,0.04294214
466,0.00165727,0.15046792,1.00000000,-0.89509540,0.08741355
467,0.00860244,0.23782310,1.00000000,-0.73525351,0.22171114
468,0.00807636,0.12571481,1.00000000,-0.94038848,0.38267123
469,-0.00744248,0.26248559,1.00000000,-0.69012626,0.27047566
470,-0.00126679,0.25212556,1.00000000,-0.70908296,0.17712795
471,0.01078688,-0.05348634,-1.00000000,-0.73192410,0.27603018
472,-0.00493392,0.06813134,-1.00000000,-0.95445927,0.12938906
473,0.01121063,0.30550383,1.00000000,-0.61141178,0.16334304
474,-0.00397787,-0.00408537,-1.00000000,-0.82231765,0.20087566
475,-0.01597134,0.31384867,1.00000000,-0.59614245,0.04157939
476,-0.00220885,0.01474218,-1.00000000,-0.85676817,-0.09920511
477,-0.00500817,-0.22144475,-1.00000000,-0.42459496,-0.10000948
478,0.00275151,0.04957930,-1.00000000,-0.92051288,-0.19164821
479,-0.00027135,-0.00554758,-1.00000000,-0.81964211,-0.15149499
480,-0.00537049,0.14726358,1.00000000,-0.90095868,-0.03665463
481,-0.00753154,0.08773454,-1.00000000,-0.99032908,-0.09431598
482,-0.00801415,-0.01268266,-1.00000000,-0.80658638,-0.12688016
483,0.00847900,-0.05524016,-1.00000000,-0.72871496,-0.06483355
484,-0.00261946,-0.06474424,-1.00000000,-0.71132447,-0.09027101
485,-0.00496186,0.26005475,1.00000000,-0.69457419,-0.08584423
486,0.00862453,0.04149317,-1.00000000,-0.90571694,0.08917662
487,-0.00282921,-0.00463547,-1.00000000,-0.82131108,0.14534576
488,0.00660744,0.26292078,1.00000000,-0.68932994,0.12507096
489,-0.00882842,0.03736259,-1.00000000,-0.89815883,0.05780848
490,-0.00182463,0.22319829,1.00000000,-0.76201388,0.09179446
491,-0.00388346,-0.08077964,-1.00000000,-0.68198301,-0.04370627
492,0.00253578,0.05714580,-1.00000000,-0.93435801,0.01441341
493,-0.00034961,0.01660134,-1.00000000,-0.86017004,-0.06095322
494,0.00150817,0.14301520,1.00000000,-0.90873234,0.05102440
495,0.00252726,0.08619338,-1.00000000,-0.98750907,0.09816898
496,-0.00174401,0.12277841,1.00000000,-0.94576147,0.12134591
497,0.01215865,0.14284738,1.00000000,-0.90903941,0.22559171
498,-0.00069242,0.05873343,-1.00000000,-0.93726304,0.22187792
499,0.01293921,0.33251801,1.00000000,-0.56198141,0.34571195
500,-0.00453608,0.07944227,-1.00000000,-0.97515594,0.26919384
501,0.00384561,0.34788961,1.00000000,-0.53385457,0.32974688
502,-0.00740895,0.00374924,-1.00000000,-0.83665336,0.11776851
503,-0.01041506,0.16880953,1.00000000,-0.86153405,0.01244194
504,0.00446192,-0.05282601,-1.00000000,-0.73313236,-0.07939373
505,0.01181725,-0.11202521,-1.00000000,-0.62481008,0.09776405
506,-0.00974221,0.18094652,1.00000000,-0.83932588,-0.04943449
507,-0.01347437,0.32579479,1.00000000,-0.57428352,-0.11514195
508,-0.00657470,-0.09877473,-1.00000000,-0.64905572,-0.07353878
509,0.00297502,-0.17227205,-1.00000000,-0.51457083,-0.08964655
510,0.02113080,-0.03639706,-1.00000000,-0.76319393,0.01124840
511,0.00940510,0.15166507,1.00000000,-0.89290487,0.21867364
512,-0.00566825,0.50920626,1.00000000,-0.23867849,0.30323835
513,-0.00476862,0.27829242,1.00000000,-0.66120303,0.32280377
514,-0.00364960,-0.01854644,-1.00000000,-0.79585687,0.25103843
515,0.01456684,-0.00083014,-1.00000000,-0.82827404,0.17993013
516,0.00505608,0.02120674,-1.00000000,-0.86859698,0.13281663
517,-0.00499953,0.37994233,1.00000000,-0.47520474,0.14006095
518,0.00423934,0.19264733,1.00000000,-0.81791582,0.23764534
519,-0.00121426,-0.00537739,-1.00000000,-0.81995351,0.26402769
520,-0.00626868,0.17656325,1.00000000,-0.84734636,0.03831378
521,0.00834104,0.06916580,-1.00000000,-0.95635212,0.07390021
522,0.00404670,-0.03037078,-1.00000000,-0.77422078,0.17189921
523,-0.00382510,0.25733797,1.00000000,-0.69954533,0.08453612
524,0.04265290,0.17276969,1.00000000,-0.85428778,0.55975475
525,-0.00177643,0.01775060,-1.00000000,-0.86227296,0.60841991
526,-0.00257319,0.93304006,1.00000000,0.53684963,0.49018465
527,-0.00932350,0.05809498,-1.00000000,-0.93609482,0.34534347
528,-0.02555526,0.04240448,-1.00000000,-0.90738445,0.10993787
529,-0.01285314,-0.09052926,-1.00000000,-0.66414322,-0.49136623
530,-0.00987944,-0.41018051,-1.00000000,-0.07924760,-0.57914715
531,0.01348437,-0.16003817,-1.00000000,-0.53695631,-0.40519351
532,-0.01247689,-0.10147720,-1.00000000,-0.64411075,-0.43935457
533,0.01588684,0.35862541,1.00000000,-0.51421028,0.00959307
534,-0.01810378,-0.15262881,-1.00000000,-0.55051390,-0.04728786
535,0.00059361,0.40593713,1.00000000,-0.42763963,0.06616799
536,0.00725671,-0.26343893,-1.00000000,-0.34775430,-0.00129706
537,-0.01026993,0.10476806,1.00000000,-0.97871669,0.02261131
538,0.00884806,0.23598434,1.00000000,-0.73861805,-0.05364071
539,0.00094966,-0.10916708,-1.00000000,-0.63003986,0.15276768
540,-0.02672779,0.26732270,1.00000000,-0.68127534,-0.14320860
541,-0.00339790,0.11177973,1.00000000,-0.96588678,-0.25863144
542,0.00132854,-0.43327122,-1.00000000,-0.03699638,-0.13298373
543,-0.00553977,0.02616341,-1.00000000,-0.87766664,-0.28884895
544,-0.01141181,0.11924108,1.00000000,-0.95223406,-0.42276237
545,0.00881337,-0.01601624,-1.00000000,-0.80048661,-0.03774036
546,-0.03820804,-0.13165423,-1.00000000,-0.58889302,-0.41484309
547,-0.02171076,0.26663947,1.00000000,-0.68252551,-0.66443082
548,-0.00130818,-0.65935126,-1.00000000,0.37668331,-0.61858949
549,0.00166849,-0.33447095,-1.00000000,-0.21778042,-0.47688887
550,0.01360729,0.06731623,-1.00000000,-0.95296779,-0.42495568
551,0.02282910,0.12593565,1.00000000,-0.93998437,0.23626760
552,0.02327786,0.36104600,1.00000000,-0.50978109,0.72363509
553,-0.01491106,0.54265080,1.00000000,-0.17748191,0.57627337
554,-0.00215470,0.55148807,1.00000000,-0.16131153,0.53485623
555,-0.02088120,-0.20056468,-1.00000000,-0.46280117,0.16123796
556,-0.01218184,0.05064567,-1.00000000,-0.92246412,-0.21804009
557,0.02290194,-0.31813444,-1.00000000,-0.24767285,-0.22211246
558,0.00395321,-0.14681827,-1.00000000,-0.56114597,-0.01775340
559,-0.03321937,0.54408512,1.00000000,-0.17485739,-0.35428097
560,0.00566166,0.17092861,1.00000000,-0.85765658,-0.06673873
561,0.00874215,-0.56110959,-1.00000000,0.19692139,0.15993350
562,-0.00045816,0.20457305,1.00000000,-0.79609421,-0.09312946
563,-0.00696653,0.26523690,1.00000000,-0.68509192,-0.21142448
564,0.00665005,0.08405565,-1.00000000,-0.98359747,0.22048615
565,0.00120689,-0.04411351,-1.00000000,-0.74907444,0.17222704
566,-0.00303670,0.22403739,1.00000000,-0.76047849,0.04462526
567,0.01146256,0.11684543,1.00000000,-0.95661761,0.17376399
568,-0.00491591,0.03327653,-1.00000000,-0.89068218,0.19597871
569,-0.00308908,0.31880997,1.00000000,-0.58706430,0.09047338
570,-0.00291351,-0.00373057,-1.00000000,-0.82296685,0.04583655
571,-0.01466896,0.03224495,-1.00000000,-0.88879461,-0.08017718
572,-0.00345955,0.03570254,-1.00000000,-0.89512129,-0.24183038
573,0.00742054,-0.19579701,-1.00000000,-0.47152503,-0.10818811
574,0.00203128,0.02494935,-1.00000000,-0.87544517,-0.05271852
575,-0.00863365,0.23921049,1.00000000,-0.73271486,-0.11468553
576,-0.01955197,0.13308012,1.00000000,-0.92691149,-0.16758389
577,0.00230737,-0.07694394,-1.00000000,-0.68900153,-0.10511004
578,0.00451988,-0.29195807,-1.00000000,-0.29557019,-0.13653328
579,0.00396559,0.13851719,1.00000000,-0.91696276,-0.11557872
580,0.00359344,0.18208788,1.00000000,-0.83723741,0.01687891
581,-0.00860742,0.17117228,1.00000000,-0.85721071,0.13544271
582,-0.00027025,0.16384361,1.00000000,-0.87062066,0.10751899
583,0.00101734,-0.07642736,-1.00000000,-0.68994678,0.06957556
584,0.01791687,0.08775619,-1.00000000,-0.99036868,0.22071160
585,0.00070714,0.11311257,1.00000000,-0.96344796,0.18944393
586,-0.00157157,0.44591432,1.00000000,-0.35448964,0.26566419
587,-0.01980562,0.10700380,1.00000000,-0.97462575,0.05403495
588,0.01449477,0.06212933,-1.00000000,-0.94347684,0.20003774
589,-0.00739168,-0.29695316,-1.00000000,-0.28643020,-0.07413307
590,0.00657070,0.37852314,1.00000000,-0.47780155,-0.01061235
591,-0.00066205,-0.05248597,-1.00000000,-0.73375456,-0.00075944
592,-0.00711009,0.22247468,1.00000000,-0.76333794,0.13677293
593,0.01919071,0.08004041,-1.00000000,-0.97625041,0.18764459
594,-0.01071893,-0.04694050,-1.00000000,-0.74390163,0.15160006
595,0.00455731,0.47099997,1.00000000,-0.30858809,0.12978873
596,-0.01915559,-0.11800938,-1.00000000,-0.61386029,-0.07055421
597,-0.00189540,0.18282504,1.00000000,-0.83588857,-0.01406281
598,0.00061957,-0.28415218,-1.00000000,-0.30985335,-0.21524631
599,-0.00268442,0.05575216,-1.00000000,-0.93180794,-0.12820740
600,-0.00784035,0.10527938,1.00000000,-0.97778108,-0.26251283
601,0.02182864,0.04021395,-1.00000000,-0.90337622,0.18147469
602,0.00409933,-0.06132154,-1.00000000,-0.71758730,0.24641637
603,-0.00133838,0.52294873,1.00000000,-0.21353262,0.22520561
604,-0.00315507,0.17380612,1.00000000,-0.85239133,0.22010707
605,0.00681806,0.06672149,-1.00000000,-0.95187955,0.37890356
606,0.00196006,0.03094557,-1.00000000,-0.88641702,0.16366467
607,0.00807228,0.22734603,1.00000000,-0.75442438,0.20670413
608,-0.00365031,0.13167758,1.00000000,-0.92947784,0.18165866
609,-0.00847109,0.25204523,1.00000000,-0.70922995,0.12406943
610,0.00535595,0.02119269,-1.00000000,-0.86857126,0.10823012
611,0.01861647,-0.07374277,-1.00000000,-0.69485902,0.28867116
612,-0.01197097,0.19855260,1.00000000,-0.80711038,0.07154008
613,0.01172348,0.45969159,1.00000000,-0.32928009,0.23808635
614,-0.01197180,-0.14266563,-1.00000000,-0.56874446,0.20016270
615,0.01069458,0.32394814,1.00000000,-0.57766250,0.25799682
616,-0.00184412,-0.14268212,-1.00000000,-0.56871427,0.03634455
617,0.00016251,0.30368614,1.00000000,-0.61473778,0.16778809
618,-0.00105905,0.05676190,-1.00000000,-0.93365555,0.02931329
619,0.00442520,0.09627849,1.00000000,-0.99425085,0.20694416
620,0.00197926,0.07222229,-1.00000000,-0.96194486,0.11252991
621,0.00071303,0.18022343,1.00000000,-0.84064899,0.14023194
622,-0.00142089,0.13205558,1.00000000,-0.92878617,0.12307878
623,-0.00257305,0.10711992,1.00000000,-0.97441327,0.10667743
624,0.00010965,0.06509668,-1.00000000,-0.94890647,0.05992652
625,-0.00323381,0.04240716,-1.00000000,-0.90738935,0.00345265
626,-0.01472509,0.09523748,1.00000000,-0.99615568,-0.16379052
627,-0.00015670,0.02939479,-1.00000000,-0.88357941,-0.15009541
628,-0.00041250,-0.19690240,-1.00000000,-0.46950238,-0.12668990
629,-0.00807257,0.08999227,-1.00000000,-0.99446026,-0.21532892
630,-0.00919336,0.08495477,-1.00000000,-0.98524268,-0.27988940
631,0.01203226,-0.06589459,-1.00000000,-0.70921956,0.00997642
632,-0.00075259,-0.08796623,-1.00000000,-0.66883304,0.00352103
633,-0.00868716,0.33002901,1.00000000,-0.56653577,-0.08611941
634,0.00509870,0.07825736,-1.00000000,-0.97298779,0.05656668
635,-0.01187136,-0.07799773,-1.00000000,-0.68707333,0.02755555
636,0.00109948,0.19348673,1.00000000,-0.81637988,-0.09088071
637,-0.00338937,-0.14070399,-1.00000000,-0.57233385,-0.11944529
638,0.00398281,0.11473013,1.00000000,-0.96048816,0.01781011
639,0.00589523,0.02633136,-1.00000000,-0.87797397,0.02643902
640,-0.00596033,0.17151144,1.00000000,-0.85659012,0.09047388
641,0.00526730,0.20917277,1.00000000,-0.78767768,0.13562442
642,-0.00795465,-0.02429848,-1.00000000,-0.78533184,0.08616814
643,0.01282088,0.19680685,1.00000000,-0.81030475,0.18191217
644,-0.00983498,-0.06357255,-1.00000000,-0.71346842,0.01150474
645,0.00412956,0.34555935,1.00000000,-0.53811847,0.12080985
646,0.00342598,-0.10060169,-1.00000000,-0.64571276,0.10086257
647,-0.00461513,0.17440138,1.00000000,-0.85130213,0.13704011
648,-0.00635519,0.16054577,1.00000000,-0.87665502,-0.07069684
649,0.00050814,0.00219265,-1.00000000,-0.83380512,0.04135148
650,0.00889280,-0.03207444,-1.00000000,-0.77110344,0.09295228
651,-0.00093984,0.10308489,1.00000000,-0.98179654,0.04565687
652,-0.00572169,0.26820369,1.00000000,-0.67966332,0.03366929
653,0.01074653,0.07457000,-1.00000000,-0.96624068,0.21893446
654,-0.00134333,-0.01959891,-1.00000000,-0.79393108,0.19887723
655,-0.00185215,0.30470909,1.00000000,-0.61286598,0.08247577
656,0.00215049,0.06662393,-1.00000000,-0.95170103,0.11595368
657,0.00179369,0.05660378,-1.00000000,-0.93336622,0.19736875
658,-0.00491416,0.13542768,1.00000000,-0.92261593,0.02771454
659,-0.00282649,0.12840115,1.00000000,-0.93547302,0.01164735
660,0.00184274,-0.00369613,-1.00000000,-0.82302987,0.05167455
661,0.00566469,0.03741625,-1.00000000,-0.89825701,0.08974430
662,-0.00327833,0.12936707,1.00000000,-0.93370560,0.03479853
663,0.00503528,0.20463262,1.00000000,-0.79598522,0.14258210
664,0.00260338,0.02851820,-1.00000000,-0.88197544,0.20140458
665,0.00087457,0.19223780,1.00000000,-0.81866516,0.19091632
666,0.00195363,0.14434644,1.00000000,-0.90629644,0.15071395
667,0.00298587,0.11030103,1.00000000,-0.96859250,0.21857479
668,-0.00499048,0.13155091,1.00000000,-0.92970962,0.10996439
669,0.00751383,0.15187875,1.00000000,-0.89251387,0.16315995
670,-0.00919630,-0.00519916,-1.00000000,-0.82027963,0.05406088
671,-0.00314118,0.24104777,1.00000000,-0.72935302,-0.00113183
672,0.01439144,-0.08802427,-1.00000000,-0.66872683,0.12242621
673,-0.00840969,0.03121905,-1.00000000,-0.88691743,0.08538541
674,0.01019400,0.37648825,1.00000000,-0.48152498,0.11441999
675,0.00062442,-0.07253364,-1.00000000,-0.69707148,0.22080917
676,0.00793901,0.29382816,1.00000000,-0.63277583,0.34084233
677,0.00250902,0.10537487,1.00000000,-0.97760635,0.21211857
678,-0.00635438,0.24942084,1.00000000,-0.71403205,0.23438404
679,-0.01375256,0.14248828,1.00000000,-0.90969649,-0.02503216
680,-0.00470894,-0.03205844,-1.00000000,-0.77113272,-0.08280921
681,0.00179208,-0.17775052,-1.00000000,-0.50454636,-0.14939972
682,-0.00750114,0.00034510,-1.00000000,-0.83042449,-0.25784115
683,0.00424542,0.12836953,1.00000000,-0.93553088,-0.14301210
684,0.01093198,-0.05464153,-1.00000000,-0.72981033,0.12439875
685,0.00072379,0.17668310,1.00000000,-0.84712705,0.18325228
686,-0.00529241,0.30836119,1.00000000,-0.60618339,0.10650504
687,0.00385325,0.10733176,1.00000000,-0.97402565,0.22950869
688,0.00035688,-0.01114512,-1.00000000,-0.80939975,0.18738356
689,-0.00157765,0.16896015,1.00000000,-0.86125845,0.05186512
690,0.00470369,0.10010610,1.00000000,-0.98724712,0.09497991
691,-0.01007719,0.06200954,-1.00000000,-0.94325766,0.04314580
692,-0.00525044,0.18570782,1.00000000,-0.83061368,-0.05547566
693,0.00156102,-0.10537155,-1.00000000,-0.63698490,-0.04243100
694,0.01506889,-0.01031847,-1.00000000,-0.81091236,0.13790317
695,-0.00041358,0.12381928,1.00000000,-0.94385690,0.08246707
696,0.00388950,0.38982929,1.00000000,-0.45711365,0.23377006
697,0.00546961,0.08493353,-1.00000000,-0.98520381,0.34990175
698,-0.00011002,0.16967397,1.00000000,-0.85995231,0.33179921
699,0.00143443,0.20079105,1.00000000,-0.80301449,0.18409533
700,0.00400364,0.09091164,-1.00000000,-0.99614250,0.23194763
701,0.00367372,0.12132640,1.00000000,-0.94841835,0.22961009
702,-0.00303432,0.17192163,1.00000000,-0.85583955,0.13748582
703,0.00023909,0.16542468,1.00000000,-0.86772764,0.14126772
704,-0.00532583,0.03332334,-1.00000000,-0.89076783,0.06803285
705,-0.00070825,0.09778654,1.00000000,-0.99149143,0.01698831
706,0.00018696,-0.01180330,-1.00000000,-0.80819543,-0.02078430
707,-0.00383494,0.07913052,-1.00000000,-0.97458550,-0.02945751
708,0.01485187,0.09675989,1.00000000,-0.99336999,0.12884468
709,0.00041963,0.01755678,-1.00000000,-0.86191830,0.19108608
710,-0.00327015,0.38555553,1.00000000,-0.46493373,0.16333277
711,-0.00344627,0.10134197,1.00000000,-0.98498572,0.12397355
712,-0.00127936,0.02867928,-1.00000000,-0.88227018,0.15165848
713,-0.00719891,0.02521089,-1.00000000,-0.87592373,-0.08722056
714,0.00343180,0.06788372,-1.00000000,-0.95400618,-0.05458939
715,0.00013597,-0.04868976,-1.00000000,-0.74070084,-0.01769050
716,0.00247102,0.16066041,1.00000000,-0.87644525,0.04641233
717,-0.00034099,0.09575579,1.00000000,-0.99520729,0.05657781
718,0.00209611,0.14173994,1.00000000,-0.91106579,0.15727196
719,0.00064310,0.08636300,-1.00000000,-0.98781943,0.12706168
720,0.00081850,0.13435669,1.00000000,-0.92457562,0.13445563
721,0.00186105,0.10574278,1.00000000,-0.97693315,0.12784774
722,0.00395292,0.10919684,1.00000000,-0.97061293,0.17436427
723,-0.00193976,0.12972782,1.00000000,-0.93304549,0.13064323
724,-0.00362634,0.17092287,1.00000000,-0.85766707,0.08439178
725,-0.00552125,0.05487859,-1.00000000,-0.93020948,0.01571242
726,-0.00160235,0.02166477,-1.00000000,-0.86943506,-0.02180706
727,0.01247792,-0.01565165,-1.00000000,-0.80115374,0.07054534
728,-0.00218639,0.06152320,-1.00000000,-0.94236774,0.06787349
729,-0.00017203,0.33880530,1.00000000,-0.55047698,0.10529448
730,-0.00527819,0.05002158,-1.00000000,-0.92132216,0.10792766
731,-0.00201907,0.08969037,-1.00000000,-0.99390783,0.10341330
732,0.00524915,-0.01086494,-1.00000000,-0.80991243,0.02510309
733,-0.01476805,0.05331678,-1.00000000,-0.92735170,-0.11119564
734,0.00286192,0.19644941,1.00000000,-0.81095880,-0.07832841
735,-0.00115754,-0.19774851,-1.00000000,-0.46795418,-0.03368889
736,0.00063246,0.14943792,1.00000000,-0.89698009,-0.00496457
737,-0.00880897,0.07028283,-1.00000000,-0.95839605,-0.15725797
738,0.00189895,0.10553318,1.00000000,-0.97731668,0.02329785
739,-0.00312947,-0.08039652,-1.00000000,-0.68268403,-0.04160768
740,-0.00522820,0.13047415,1.00000000,-0.93167987,-0.08570568
741,-0.00188278,0.03144966,-1.00000000,-0.88733939,-0.11295356
742,-0.00782982,-0.00988054,-1.00000000,-0.81171368,-0.10234628
743,-0.01413529,0.05600073,-1.00000000,-0.93226277,-0.27604734
744,0.00546841,-0.06111412,-1.00000000,-0.71796684,-0.18290543
745,-0.00356965,-0.18528763,-1.00000000,-0.49075501,-0.16493812
746,0.00496575,0.20076730,1.00000000,-0.80305794,-0.09074710
747,-0.00390206,0.02278126,-1.00000000,-0.87147802,-0.04819716
748,0.00540522,0.19086857,1.00000000,-0.82117057,0.16348774
749,0.00365479,0.01623513,-1.00000000,-0.85949995,0.14384061
750,-0.01256576,0.19952289,1.00000000,-0.80533497,0.04638454
751,-0.00223991,0.16505186,1.00000000,-0.86840982,-0.03167533
752,-0.01310285,-0.15437885,-1.00000000,-0.54731168,-0.13134869
753,0.00018133,0.04896775,-1.00000000,-0.91939387,-0.18793971
754,-0.00318657,-0.16495567,-1.00000000,-0.52795828,-0.26205309
755,0.00235008,0.09664912,1.00000000,-0.99357267,-0.10046790
756,-0.00597500,0.03032515,-1.00000000,-0.88528177,-0.14093069
757,-0.00129639,0.13935813,1.00000000,-0.91542403,-0.01302983
758,-0.00867893,-0.02458736,-1.00000000,-0.78480325,-0.10901416
759,0.01002831,0.06754838,-1.00000000,-0.95339258,0.03414436
760,-0.01004493,-0.07783560,-1.00000000,-0.68736999,-0.10013240
761,-0.00489003,0.29056529,1.00000000,-0.63874622,-0.08837872
762,0.00363512,-0.10473634,-1.00000000,-0.63814720,-0.03495497
763,-0.00419421,-0.00322098,-1.00000000,-0.82389930,0.01362852
764,0.00488905,0.16466451,1.00000000,-0.86911857,-0.04204577
765,-0.00081267,0.01048170,-1.00000000,-0.84897237,0.05796852
766,0.00253789,0.18935801,1.00000000,-0.82393459,0.13843611
767,-0.01398182,0.07707424,-1.00000000,-0.97082293,-0.05241056
768,0.00128296,0.14305671,1.00000000,-0.90865639,0.00692436
769,0.00690578,-0.18226533,-1.00000000,-0.49628519,0.02877192
770,-0.00014990,0.11834344,1.00000000,-0.95387654,0.03595184
771,-0.00045344,0.22907350,1.00000000,-0.75126347,0.00354635
772,-0.00363864,0.09012624,-1.00000000,-0.99470539,0.11559542
773,0.00152093,0.08414851,-1.00000000,-0.98376738,0.11817338
774,0.00711034,0.02142261,-1.00000000,-0.86899197,0.12038938
775,-0.00127291,0.12302978,1.00000000,-0.94530152,0.10822361
776,0.00751219,0.23310184,1.00000000,-0.74389243,0.19451630
777,-0.00708999,0.06801075,-1.00000000,-0.95423862,0.15712735
778,-0.00056187,0.24101533,1.00000000,-0.72941238,0.13456407
779,0.00279152,-0.04654474,-1.00000000,-0.74462578,0.08777769
780,-0.00483627,0.08201321,-1.00000000,-0.97986022,0.04917534
781,0.00529707,0.14805142,1.00000000,-0.89951711,0.02517867
782,0.00664075,-0.00216239,-1.00000000,-0.82583630,0.17392561
783,-0.00069814,0.19739309,1.00000000,-0.80923206,0.17244942
784,-0.00279187,0.22385428,1.00000000,-0.76081355,0.11196385
785,0.00453282,0.07932972,-1.00000000,-0.97494998,0.21346051
786,0.00951637,0.03809798,-1.00000000,-0.89950445,0.25916872
787,0.00848602,0.18234290,1.00000000,-0.83677080,0.27915871
788,-0.00853052,0.28048357,1.00000000,-0.65719367,0.19430956
789,0.00818300,0.26019301,1.00000000,-0.69432120,0.31320179
790,-0.00585215,-0.07491297,-1.00000000,-0.69271780,0.20070001
791,0.01526520,0.25422574,1.00000000,-0.70524007,0.26297786
792,-0.00814102,-0.02216800,-1.00000000,-0.78923017,0.08285502
793,-0.00531774,0.39369510,1.00000000,-0.45004001,0.11765942
794,-0.01361847,-0.06724256,-1.00000000,-0.70675307,-0.11851879
795,0.00275392,-0.01164393,-1.00000000,-0.80848704,-0.02528815
796,0.00792916,-0.17510987,-1.00000000,-0.50937820,-0.10476035
797,-0.00275675,0.14731094,1.00000000,-0.90087203,-0.04643193
798,-0.01179619,0.24922689,1.00000000,-0.71438692,-0.11661379
799,0.00040113,0.03878952,-1.00000000,-0.90076982,0.03526234
800,0.00264203,-0.13922375,-1.00000000,-0.57504238,0.03405026
801,0.01263695,0.10097753,1.00000000,-0.98565257,0.08505035
802,0.00074098,0.14510757,1.00000000,-0.90490374,0.12294171
803,0.00723578,0.34193721,1.00000000,-0.54474623,0.32911749
804,-0.00156624,0.10767018,1.00000000,-0.97340641,0.30780470
805,-0.00660186,0.23557204,1.00000000,-0.73937247,0.20766445
806,0.00405524,0.06223416,-1.00000000,-0.94366866,0.11469757
807,0.00600497,-0.03693199,-1.00000000,-0.76221513,0.17172314
808,0.00539751,0.17293775,1.00000000,-0.85398027,0.15180897
809,0.00264013,0.21133388,1.00000000,-0.78372329,0.19737716
810,0.00969616,0.19937117,1.00000000,-0.80561259,0.37393572
811,0.00359972,0.14507011,1.00000000,-0.90497228,0.36900104
812,0.00612492,0.28402427,1.00000000,-0.65071492,0.37030042
813,-0.00116902,0.16396726,1.00000000,-0.87039441,0.29916432
814,-0.00802949,0.21369594,1.00000000,-0.77940122,0.18357898
815,-0.00798051,0.07005671,-1.00000000,-0.95798230,-0.00791471
816,-0.00680110,-0.06504623,-1.00000000,-0.71077188,-0.12058816
817,-0.00076613,-0.06408175,-1.00000000,-0.71253668,-0.19523981
818,0.00115523,-0.04085571,-1.00000000,-0.75503553,-0.17006096
819,-0.01048688,0.07799074,-1.00000000,-0.97249994,-0.19668226
820,-0.00591475,0.11582797,1.00000000,-0.95847934,-0.17430354
821,-0.00686997,-0.11343965,-1.00000000,-0.62222194,-0.17504953
822,0.00157907,-0.02340069,-1.00000000,-0.78697460,-0.14964369
823,0.00034611,-0.04221180,-1.00000000,-0.75255417,-0.15840895
824,-0.00240020,0.12417464,1.00000000,-0.94320667,-0.07080480
825,0.00264912,0.09989408,1.00000000,-0.98763506,0.02196862
826,-0.00541567,0.04581119,-1.00000000,-0.91361803,0.03772323
827,-0.00221866,0.14524710,1.00000000,-0.90464842,-0.00341799
828,-0.00142395,-0.01357236,-1.00000000,-0.80495842,-0.02259325
829,-0.00796017,0.04938625,-1.00000000,-0.92015963,-0.08282519
830,0.00491977,0.06503641,-1.00000000,-0.94879619,-0.05822693
831,0.02476380,-0.06368119,-1.00000000,-0.71326962,0.26871117
832,-0.00192919,0.18996295,1.00000000,-0.82282767,0.27184697
833,0.00094759,0.58075073,1.00000000,-0.10776692,0.29753817
834,0.00174915,0.05508665,-1.00000000,-0.93059019,0.40272053
835,-0.01065800,0.11173906,1.00000000,-0.96596121,0.23396452
836,0.00824992,0.12752412,1.00000000,-0.93707780,0.05506754
837,-0.00451208,-0.11680947,-1.00000000,-0.61605587,0.02708673
838,-0.00258301,0.25554358,1.00000000,-0.70282869,-0.01116076
839,0.00408754,0.00422186,-1.00000000,-0.83751816,0.01417136
840,-0.00951440,0.04221101,-1.00000000,-0.90703044,0.02656014
841,0.00327261,0.17357400,1.00000000,-0.85281606,-0.02735979
842,0.00155619,-0.09428858,-1.00000000,-0.65726444,0.03837860
843,-0.02219491,0.15752546,1.00000000,-0.88218157,-0.17407963
844,-0.00761642,0.12372413,1.00000000,-0.94403101,-0.30087024
845,-0.00205988,-0.34400531,-1.00000000,-0.20033450,-0.22011439
846,-0.00229753,-0.05691179,-1.00000000,-0.72565623,-0.28045635
847,0.00104006,0.05251311,-1.00000000,-0.92588114,-0.28604767
848,-0.00246451,0.04783307,-1.00000000,-0.91731765,-0.07230575
849,-0.00416198,0.11355996,1.00000000,-0.96262932,-0.03488335
850,-0.01112892,0.04454457,-1.00000000,-0.91130036,-0.13312952
851,0.00472009,0.01111638,-1.00000000,-0.85013370,-0.05710676
852,0.00615030,-0.12608330,-1.00000000,-0.59908667,-0.00174686
853,-0.00242957,0.18603074,1.00000000,-0.83002281,-0.00136830
854,0.00549574,0.21419573,1.00000000,-0.77848670,0.10325508
855,-0.00161160,0.04523274,-1.00000000,-0.91255958,0.20635749
856,-0.01124282,0.20130555,1.00000000,-0.80207306,0.03342915
857,0.00271231,0.06134100,-1.00000000,-0.94203435,-0.00381500
858,0.00738092,-0.12832634,-1.00000000,-0.59498239,0.10246327
859,-0.01551615,0.14649161,1.00000000,-0.90237123,-0.12516130
860,-0.01010798,0.23843026,1.00000000,-0.73414253,-0.21720368
861,-0.00271913,-0.21248085,-1.00000000,-0.44099705,-0.12486536
862,-0.00643400,-0.10597787,-1.00000000,-0.63587546,-0.22394858
863,-0.02310490,0.03953051,-1.00000000,-0.90212567,-0.55420539
864,0.00429002,-0.03362641,-1.00000000,-0.76826365,-0.33964257
865,-0.00081618,-0.36192574,-1.00000000,-0.16754383,-0.23898331
866,-0.00223154,0.17756130,1.00000000,-0.84552012,-0.23370120
867,0.00251084,0.07700515,-1.00000000,-0.97069652,-0.13680060
868,-0.00278622,0.04913257,-1.00000000,-0.91969545,0.08331425
869,-0.00037014,0.14252395,1.00000000,-0.90963123,0.03283018
870,0.00255226,0.03820915,-1.00000000,-0.89970786,0.06932094
871,-0.00516039,0.08578903,-1.00000000,-0.98676919,0.03759233
872,-0.00543244,0.14333974,1.00000000,-0.90813850,-0.04845820
873,0.00671369,-0.00854516,-1.00000000,-0.81415716,0.05445564
874,-0.00144751,-0.01390266,-1.00000000,-0.80435403,0.04278431
875,-0.00578865,0.22529067,1.00000000,-0.75818526,-0.04757382
876,0.00120520,0.06457233,-1.00000000,-0.94794702,0.02138537
877,-0.00813733,-0.02091742,-1.00000000,-0.79151848,-0.00791706
878,-0.00682362,0.11681203,1.00000000,-0.95667872,-0.15456854
879,-0.01518354,-0.06716997,-1.00000000,-0.70688589,-0.30337268
880,0.00253855,-0.04129913,-1.00000000,-0.75422417,-0.21316309
881,-0.00500296,-0.20593066,-1.00000000,-0.45298254,-0.28041688
882,-0.00003421,0.14306972,1.00000000,-0.90863259,-0.19263469
883,-0.00173456,-0.00544501,-1.00000000,-0.81982978,-0.13750420
884,0.00232396,0.09240453,-1.00000000,-0.99887420,0.05215675
885,0.00133307,0.05891962,-1.00000000,-0.93760373,0.03909759
886,-0.00976442,0.13884373,1.00000000,-0.91636527,-0.01248387
887,-0.00386455,0.11933017,1.00000000,-0.95207105,-0.05397851
888,0.00600446,-0.09921216,-1.00000000,-0.64825530,0.02985922
889,0.01468978,0.01697368,-1.00000000,-0.86085135,0.16381984
890,-0.00197477,0.21132369,1.00000000,-0.78374193,0.12798559
891,0.03654577,0.38236348,1.00000000,-0.47077452,0.62966985
892,-0.00857221,0.05418903,-1.00000000,-0.92894774,0.57867113
893,-0.00126471,0.81277252,1.00000000,0.31678494,0.49992333
894,-0.01579513,-0.07573413,-1.00000000,-0.69121525,0.16967633
895,-0.00080023,0.06817233,-1.00000000,-0.95453427,0.18240036
896,0.02487254,-0.21797468,-1.00000000,-0.43094447,0.05594277
897,-0.00069042,0.07731935,-1.00000000,-0.97127144,0.14132726
898,0.00247354,0.58289212,1.00000000,-0.10384863,0.18182415
899,0.00250173,0.07948172,-1.00000000,-0.97522811,0.38003637
900,0.00188320,0.14178943,1.00000000,-0.91097524,0.40910625
901,-0.00069399,0.14234459,1.00000000,-0.90995941,0.13214074
902,-0.01279767,0.13016392,1.00000000,-0.93224753,0.00098139
903,-0.01322886,0.07941149,-1.00000000,-0.97509962,-0.16912476
904,0.00330149,-0.15894579,-1.00000000,-0.53895513,-0.16046081
905,-0.00351720,-0.16743734,-1.00000000,-0.52341735,-0.21896399
906,0.00667556,0.15809433,1.00000000,-0.88114065,-0.13912875
907,-0.01540744,0.02381414,-1.00000000,-0.87336797,-0.16740077
908,-0.00414753,0.22453967,1.00000000,-0.75955943,-0.06902153
909,0.00636997,-0.21033996,-1.00000000,-0.44491443,-0.03578028
910,0.00199697,0.01140096,-1.00000000,-0.85065442,0.02395540
911,0.00341418,0.21852181,1.00000000,-0.77057088,-0.01137557
912,0.00095965,0.13240439,1.00000000,-0.92814793,0.16593127
913,0.00168484,0.16031343,1.00000000,-0.87708017,0.22911407
914,0.04605310,0.11197655,1.00000000,-0.96552664,0.65900650
915,0.00195263,0.12625755,1.00000000,-0.93939537,0.65852620
916,-0.00883033,1.00000000,1.00000000,0.65937247,0.52587981
917,-0.01349889,0.13153129,1.00000000,-0.92974552,0.36924857
918,0.00286088,-0.08081727,-1.00000000,-0.68191414,0.38198881
919,-0.00254724,-0.17275493,-1.00000000,-0.51368727,-0.14450495
920,0.00968787,0.14941736,1.00000000,-0.89701772,-0.06070817
921,0.01022655,0.04291546,-1.00000000,-0.90831943,0.14573758
922,0.00463730,0.28386092,1.00000000,-0.65101381,0.34220925
923,-0.00307529,0.29446930,1.00000000,-0.63160268,0.27790193
924,0.01473332,0.18440029,1.00000000,-0.83300620,0.46510444
925,0.00439542,0.03251657,-1.00000000,-0.88929161,0.40777065
926,0.02141778,0.38322078,1.00000000,-0.46920585,0.52900664
927,0.01692519,0.17963693,1.00000000,-0.84172215,0.66212293
928,0.00155988,0.51485766,1.00000000,-0.22833761,0.71233636
929,0.01190634,0.42638518,1.00000000,-0.39022392,0.68171133
930,0.00377355,0.12379685,1.00000000,-0.94389794,0.67497455
931,0.01659441,0.32754920,1.00000000,-0.57107332,0.62272233
932,0.01248465,0.16739049,1.00000000,-0.86413060,0.57461739
933,-0.01886933,0.41987117,1.00000000,-0.40214321,0.35330507
934,0.00046033,0.33893781,1.00000000,-0.55023451,0.22930901
935,-0.00847253,-0.27851484,-1.00000000,-0.32016851,0.09664568
936,0.00255952,0.10214347,1.00000000,-0.98351915,-0.05539603
937,-0.01207892,-0.07377101,-1.00000000,-0.69480734,-0.32149633
938,-0.00066704,0.14348276,1.00000000,-0.90787680,-0.12430860
939,-0.00497735,-0.14479153,-1.00000000,-0.56485449,-0.18321575
940,0.00527734,0.07994208,-1.00000000,-0.97607049,-0.03426169
941,-0.00347899,-0.00494066,-1.00000000,-0.82075263,-0.09967767
942,0.00145633,0.19700453,1.00000000,-0.80994304,0.04695150
943,0.01103622,0.02456659,-1.00000000,-0.87474479,0.17373454
944,-0.00067981,0.12175771,1.00000000,-0.94762915,0.22029038
945,-0.00034524,0.31041410,1.00000000,-0.60242699,0.15938025
946,0.00155963,0.07969070,-1.00000000,-0.97561050,0.21396422
947,-0.01003161,0.08627929,-1.00000000,-0.98766626,0.08951385
948,-0.01350701,0.12379183,1.00000000,-0.94390713,-0.17636623
949,0.00256626,-0.10447388,-1.00000000,-0.63862745,-0.14120113
950,-0.00568199,-0.17291492,-1.00000000,-0.51339450,-0.19901483
951,0.00420695,0.14361544,1.00000000,-0.90763403,-0.17033600
952,0.01200357,-0.01881711,-1.00000000,-0.79536160,0.06837393
953,-0.00193167,0.17592552,1.00000000,-0.84851326,0.19377116
954,-0.01966240,0.32946399,1.00000000,-0.56756965,-0.04703480
955,-0.00669731,0.05503792,-1.00000000,-0.93050103,-0.05803381
956,0.00212205,-0.29413269,-1.00000000,-0.29159108,-0.08061988
957,-0.00497141,-0.03881162,-1.00000000,-0.75877579,-0.26451200
958,-0.01125063,0.13486753,1.00000000,-0.92364088,-0.36546552
959,-0.00218479,-0.00482356,-1.00000000,-0.82096690,-0.17612828
960,-0.00523354,-0.12848003,-1.00000000,-0.59470117,-0.16027107
961,-0.01057812,0.05005323,-1.00000000,-0.92138008,-0.29785361
962,-0.00219642,-0.00998565,-1.00000000,-0.81152135,-0.26779183
963,0.00601622,-0.11523633,-1.00000000,-0.61893440,-0.08073786
964,0.00809345,0.04982411,-1.00000000,-0.92096084,0.03060760
965,0.00861382,0.21155527,1.00000000,-0.78331819,0.18061780
966,0.00624138,0.25246213,1.00000000,-0.70846710,0.36282564
967,0.00255230,0.26270979,1.00000000,-0.68971602,0.41426912
968,0.00107603,0.21598944,1.00000000,-0.77520458,0.36075144
969,-0.01028946,0.14334044,1.00000000,-0.90813721,0.16160700
970,0.00419535,0.11426837,1.00000000,-0.96133310,0.11374110
971,0.00409974,-0.10955177,-1.00000000,-0.62933595,0.09054043
972,-0.01525158,0.17569695,1.00000000,-0.84893149,-0.10233123
973,-0.01895931,0.17381422,1.00000000,-0.85237651,-0.31937669
974,-0.00223877,-0.20727053,-1.00000000,-0.45053085,-0.23216247
975,-0.00484459,-0.28028684,-1.00000000,-0.31692612,-0.33009332
976,0.00337059,0.04899024,-1.00000000,-0.91943502,-0.33799227
977,0.02746430,-0.00232625,-1.00000000,-0.82553648,0.12475439
978,-0.00202638,0.15945515,1.00000000,-0.87865064,0.30819099
979,0.00842095,0.63393160,1.00000000,-0.01045694,0.42366908
980,0.00717737,0.05317265,-1.00000000,-0.92708796,0.55390463
981,-0.00086837,0.25891162,1.00000000,-0.69666589,0.50798336
982,-0.00087836,0.23442191,1.00000000,-0.74147698,0.20094361
983,-0.00205606,0.07597737,-1.00000000,-0.96881588,0.20062212
984,-0.00638070,0.07578063,-1.00000000,-0.96845589,0.04027389
985,-0.00483553,0.05258822,-1.00000000,-0.92601858,-0.08986351
986,-0.00306857,-0.03257676,-1.00000000,-0.77018430,-0.11369855
987,0.00672868,-0.00214783,-1.00000000,-0.82586295,-0.03129049
988,-0.00465524,0.03264894,-1.00000000,-0.88953382,-0.05944773
989,0.00353439,0.22558579,1.00000000,-0.75764525,0.04796381
990,0.00430445,0.00140269,-1.00000000,-0.83235966,0.14697846
991,-0.00631661,0.16268086,1.00000000,-0.87274825,0.11179206
992,0.00048400,0.17784556,1.00000000,-0.84499999,0.04414263
993,-0.00568386,-0.03131452,-1.00000000,-0.77249393,0.03299946
994,0.00549045,0.10260955,1.00000000,-0.98266632,0.05418964
995,0.00082864,-0.01885387,-1.00000000,-0.79529434,0.01653570
996,0.00686827,0.20120136,1.00000000,-0.80226372,0.15936914
997,-0.00888240,0.10939648,1.00000000,-0.97024764,0.05790174
998,-0.00938903,0.22833468,1.00000000,-0.75261536,0.01776320
999,0.00321677,-0.08184255,-1.00000000,-0.68003810,-0.00686783
1000,-0.00789455,-0.09181955,-1.00000000,-0.66178225,-0.10136721
1001,-0.00075243,0.15642593,1.00000000,-0.88419348,-0.18392321
1002,-0.00007870,-0.06238884,-1.00000000,-0.71563437,-0.08855161
1003,-0.00088421,0.07826058,-1.00000000,-0.97299369,0.00358215
1004,0.00037644,0.09152834,-1.00000000,-0.99727094,-0.02718754
1005,0.00330730,0.07566542,-1.00000000,-0.96824507,0.09416348
1006,0.01207576,0.10049139,1.00000000,-0.98654211,0.23313294
1007,0.00233377,0.15820861,1.00000000,-0.88093154,0.25926754
1008,-0.00492577,0.33088566,1.00000000,-0.56496827,0.21548479
1009,0.00381862,0.13903700,1.00000000,-0.91601162,0.25277441
1010,-0.01760766,-0.00392487,-1.00000000,-0.82261133,0.02619995
1011,0.00099271,0.16827818,1.00000000,-0.86250632,-0.09386421
1012,-0.00168526,-0.25366885,-1.00000000,-0.36563152,-0.13740284
1013,-0.00134898,0.11262752,1.00000000,-0.96433550,-0.09865501
1014,-0.00979314,0.05989046,-1.00000000,-0.93938018,-0.24611303
1015,0.00966917,0.06651273,-1.00000000,-0.95149755,0.04938050
1016,0.00931545,-0.09977778,-1.00000000,-0.64722034,0.13954189
1017,0.00361880,0.28349285,1.00000000,-0.65168732,0.19700144
1018,0.00512264,0.27652704,1.00000000,-0.66443331,0.26710930
1019,0.00415743,0.16434308,1.00000000,-0.86970673,0.41823764
1020,-0.00300749,0.19395801,1.00000000,-0.81551753,0.28090965
1021,0.00361374,0.17495026,1.00000000,-0.85029779,0.21914228
1022,0.00610783,0.03385172,-1.00000000,-0.89173466,0.24610620
1023,0.00010419,0.16424348,1.00000000,-0.86988898,0.19174074
1024,0.00203150,0.21335934,1.00000000,-0.78001713,0.16871030
1025,-0.00058155,0.09512997,1.00000000,-0.99635239,0.19499088
1026,0.00451901,0.13308447,1.00000000,-0.92690351,0.20479773
1027,-0.00985452,0.08162575,-1.00000000,-0.97915126,0.03187556
1028,0.00240522,0.18207082,1.00000000,-0.83726864,0.05680289
1029,0.00282836,-0.10098653,-1.00000000,-0.64500858,0.06543535
1030,-0.00186693,0.14044402,1.00000000,-0.91343706,0.05151065
1031,-0.00442800,0.14877696,1.00000000,-0.89818952,-0.04541342
1032,0.00665760,0.05631280,-1.00000000,-0.93283380,0.13346453
1033,0.00244826,0.00587780,-1.00000000,-0.84054818,0.13393085
1034,-0.00164940,0.22418601,1.00000000,-0.76020656,0.08542273
1035,0.00626820,0.14129173,1.00000000,-0.91188593,0.17355159
1036,0.00197477,0.06059666,-1.00000000,-0.94067237,0.24291360
1037,-0.00134797,0.21651749,1.00000000,-0.77423835,0.15618827
1038,-0.00725938,0.13196725,1.00000000,-0.92894780,0.05102410
1039,-0.00064155,0.06653272,-1.00000000,-0.95153414,0.06194224
1040,-0.00038785,-0.04988053,-1.00000000,-0.73852199,-0.01016354
1041,-0.00397136,0.08044415,-1.00000000,-0.97698918,-0.07457870
1042,0.00114257,0.08544029,-1.00000000,-0.98613106,-0.04759843
1043,-0.00786221,0.01487041,-1.00000000,-0.85700281,-0.05412899
1044,-0.00670700,0.11557870,1.00000000,-0.95893546,-0.11983684
1045,0.00465850,-0.06175208,-1.00000000,-0.71679950,-0.06516907
1046,-0.00458262,-0.03900260,-1.00000000,-0.75842634,-0.07179095
1047,0.00286589,0.18481788,1.00000000,-0.83224209,-0.05312202
1048,-0.00053931,0.00283286,-1.00000000,-0.83497657,0.02620797
1049,-0.00181296,0.14951594,1.00000000,-0.89683734,0.07922577
1050,0.00539637,0.08245762,-1.00000000,-0.98067340,0.08721914
1051,-0.00543825,0.05737558,-1.00000000,-0.93477847,0.07794995
1052,-0.00336871,0.19934860,1.00000000,-0.80565387,0.01040976
1053,0.00109753,-0.01401710,-1.00000000,-0.80414464,0.02814186
1054,0.00398369,0.02673828,-1.00000000,-0.87871854,0.09093773
1055,0.00333426,0.11469184,1.00000000,-0.96055822,0.06859863
1056,0.00111076,0.17152880,1.00000000,-0.85655835,0.13954495
1057,0.00149875,0.15873955,1.00000000,-0.87996004,0.19227481
1058,0.00048558,0.11495238,1.00000000,-0.96008149,0.18564546
1059,-0.01013526,0.12259304,1.00000000,-0.94610066,0.03269304
1060,-0.01597277,0.10264071,1.00000000,-0.98260929,-0.17646253
1061,0.00422880,-0.10651514,-1.00000000,-0.63489237,-0.14268438
1062,0.00528102,-0.22147304,-1.00000000,-0.42454320,-0.10171055
1063,0.00621322,0.17635585,1.00000000,-0.84772585,-0.03966230
1064,-0.00178640,0.19707715,1.00000000,-0.80981016,0.05078198
1065,-0.00080689,0.21543487,1.00000000,-0.77621934,0.21507596
1066,0.00453466,0.05789864,-1.00000000,-0.93573555,0.21838937
1067,0.00481836,0.07718809,-1.00000000,-0.97103126,0.21337726
1068,-0.00387180,0.18237912,1.00000000,-0.83670451,0.10412492
1069,-0.00549994,0.18796591,1.00000000,-0.82648185,0.06389566
1070,0.00617867,0.01683094,-1.00000000,-0.86059016,0.13957117
1071,-0.00066699,-0.01523196,-1.00000000,-0.80192169,0.08322097
1072,0.00678228,0.21475453,1.00000000,-0.77746422,0.10449634
1073,-0.01067173,0.07994313,-1.00000000,-0.97607241,0.03083179
1074,0.00238917,0.22664126,1.00000000,-0.75571395,0.11629560
1075,0.01550841,-0.11707987,-1.00000000,-0.61556110,0.21736584
1076,-0.01003405,0.14012807,1.00000000,-0.91401519,0.11589126
1077,0.00261063,0.39848466,1.00000000,-0.44127610,0.07069931
1078,0.02923830,-0.10452203,-1.00000000,-0.63853934,0.50304990
1079,-0.01182219,0.14448926,1.00000000,-0.90603511,0.34909631
1080,-0.00391834,0.66886690,1.00000000,0.05346743,0.13864382
1081,-0.00162569,-0.13973583,-1.00000000,-0.57410537,0.22973267
1082,-0.00526105,0.01591446,-1.00000000,-0.85891319,0.14445775
1083,-0.00303600,0.06106346,-1.00000000,-0.94152652,-0.20517392
1084,-0.00890525,-0.01052741,-1.00000000,-0.81053004,-0.17357431
1085,0.00044321,0.03329040,-1.00000000,-0.89070756,-0.12632509
1086,0.02055590,-0.08229261,-1.00000000,-0.67921458,0.11397102
1087,0.00679676,0.10180626,1.00000000,-0.98413617,0.24459480
1088,0.01353779,0.49788477,1.00000000,-0.25939448,0.42414077
1089,-0.01006816,0.22692650,1.00000000,-0.75519204,0.41154285
1090,-0.01267082,0.35967729,1.00000000,-0.51228555,0.26947684
1091,0.01041453,-0.10519367,-1.00000000,-0.63731037,0.15961398
1092,-0.00937538,-0.15644786,-1.00000000,-0.54352583,-0.01558093
1093,0.01138757,0.29817100,1.00000000,-0.62482934,-0.03887455
1094,-0.01114296,-0.09155085,-1.00000000,-0.66227392,-0.05051804
1095,-0.00452321,0.31733308,1.00000000,-0.58976669,0.03774607
1096,-0.00671468,-0.12635975,-1.00000000,-0.59858083,-0.14781688
1097,-0.00010589,0.00400270,-1.00000000,-0.83711713,-0.04739924
1098,0.00074515,-0.03915384,-1.00000000,-0.75814959,-0.16268998
1099,0.00154405,0.09099294,-1.00000000,-0.99629127,-0.02524994
1100,-0.01243873,0.10775228,1.00000000,-0.97325618,-0.11099972
1101,0.00116009,0.12348506,1.00000000,-0.94446846,-0.02569124
1102,-0.00489503,-0.15187718,-1.00000000,-0.55188922,-0.07757261
1103,-0.00352387,0.11592382,1.00000000,-0.95830395,-0.12381936
1104,-0.00437007,-0.00331938,-1.00000000,-0.82371924,-0.18788776
1105,0.00792570,0.02368280,-1.00000000,-0.87312765,0.03272266
1106,-0.00680050,0.00701858,-1.00000000,-0.84263557,-0.05351551
1107,-0.00485650,0.24915858,1.00000000,-0.71451193,-0.05309822
1108,-0.00844348,-0.04084389,-1.00000000,-0.75505717,-0.10639303
1109,0.00225507,-0.00256080,-1.00000000,-0.82510728,-0.03462203
1110,-0.00128678,-0.07319895,-1.00000000,-0.69585409,-0.13442200
1111,-0.00062940,0.13748718,1.00000000,-0.91884746,-0.06756960
1112,-0.00358624,0.06773761,-1.00000000,-0.95373883,-0.05380867
1113,-0.00432636,0.08068349,-1.00000000,-0.97742712,-0.00920736
1114,-0.00726655,0.02245444,-1.00000000,-0.87088001,-0.11235637
1115,0.00218781,0.00787936,-1.00000000,-0.84421062,-0.07471561
1116,-0.00430947,-0.05002183,-1.00000000,-0.73826344,-0.11458232
1117,-0.00303999,0.13616270,1.00000000,-0.92127100,-0.10866471
1118,0.00156953,0.00821195,-1.00000000,-0.84481920,-0.04479379
1119,0.00252555,0.03321175,-1.00000000,-0.89056365,0.06128538
1120,0.00836239,0.12398686,1.00000000,-0.94355026,0.12817539
1121,0.00151395,0.14281375,1.00000000,-0.90910095,0.19126120
1122,-0.00292714,0.25775845,1.00000000,-0.69877595,0.19248373
1123,0.00494735,0.12289223,1.00000000,-0.94555322,0.22907609
1124,0.00097365,0.03543412,-1.00000000,-0.89463013,0.21226413
1125,0.00441105,0.19050613,1.00000000,-0.82183376,0.16945866
1126,-0.00196984,0.11225220,1.00000000,-0.96502227,0.13171832
1127,0.00064989,0.17994470,1.00000000,-0.84115900,0.17046873
1128,0.00482676,0.05428610,-1.00000000,-0.92912535,0.16916234
1129,0.00067334,0.10587640,1.00000000,-0.97668866,0.16590908
1130,0.00354369,0.18813133,1.00000000,-0.82617916,0.15651295
1131,0.01738111,0.10633827,1.00000000,-0.97584353,0.36614438
1132,-0.00141039,0.16286398,1.00000000,-0.87241318,0.34382515
1133,-0.01308703,0.43536374,1.00000000,-0.37379502,0.14976275
1134,-0.00349924,0.06530348,-1.00000000,-0.94928488,0.10456057
1135,-0.00992819,-0.16464422,-1.00000000,-0.52852818,-0.04138212
1136,0.00113581,0.02416768,-1.00000000,-0.87401487,-0.21736956
1137,0.00611737,-0.10243736,-1.00000000,-0.64235386,-0.13582039
1138,-0.00321322,0.11544569,1.00000000,-0.95917884,-0.02885612
1139,-0.00023166,0.21354731,1.00000000,-0.77967318,0.00654206
1140,-0.00349350,0.02980036,-1.00000000,-0.88432151,0.07624996
1141,0.00906610,0.08851611,-1.00000000,-0.99175918,0.16215978
1142,-0.00591075,0.02428086,-1.00000000,-0.87422197,0.03185754
1143,0.00792495,0.27161651,1.00000000,-0.67341856,0.15251879
1144,-0.00470913,-0.02332210,-1.00000000,-0.78711841,0.10401378
1145,-0.00695089,0.24914393,1.00000000,-0.71453873,0.06655936
1146,0.00232530,0.00034146,-1.00000000,-0.83041783,-0.00646464
1147,0.00185082,-0.04380549,-1.00000000,-0.74963804,0.07761749
1148,0.00029517,0.13887012,1.00000000,-0.91631698,-0.00503695
1149,-0.00486058,0.12952627,1.00000000,-0.93341429,-0.00667768
1150,0.00084029,0.09889088,1.00000000,-0.98947071,0.07772521
1151,0.00788215,-0.00264113,-1.00000000,-0.82496031,0.13792328
1152,0.00389005,0.10962596,1.00000000,-0.96982773,0.16001453
1153,0.00722617,0.24830094,1.00000000,-0.71608123,0.23509895
1154,-0.00403911,0.16968475,1.00000000,-0.85993259,0.24399806
1155,-0.00860755,0.23538280,1.00000000,-0.73971876,0.14164833
1156,0.00747531,0.01353607,-1.00000000,-0.85456124,0.13724108
1157,0.00064802,-0.07643007,-1.00000000,-0.68994182,0.10211975
1158,0.00174773,0.24028923,1.00000000,-0.73074099,0.04277108
1159,0.01774207,0.10583958,1.00000000,-0.97675602,0.27872944
1160,-0.00720647,0.12749605,1.00000000,-0.93712917,0.29390757
1161,-0.00872031,0.44247202,1.00000000,-0.36078833,0.11845824
1162,0.00169410,-0.04883856,-1.00000000,-0.74042856,0.12979058
1163,0.01459387,-0.07865062,-1.00000000,-0.68587867,0.26895451
1164,-0.00717577,0.12644003,1.00000000,-0.93906147,-0.00098364
1165,0.00119661,0.38047463,1.00000000,-0.47423073,0.09004805
1166,0.00320894,-0.04823394,-1.00000000,-0.74153490,0.21927917
1167,-0.00480828,0.11664303,1.00000000,-0.95698796,0.14883803
1168,0.00449929,0.15627163,1.00000000,-0.88447581,0.03948220
1169,0.00250960,-0.00161111,-1.00000000,-0.82684503,0.14440505
1170,-0.00053921,0.18168258,1.00000000,-0.83797904,0.12560070
1171,0.00044216,0.14249965,1.00000000,-0.90967569,0.09562783
1172,0.00668164,0.08245961,-1.00000000,-0.98067704,0.22009967
1173,-0.00523294,0.10178559,1.00000000,-0.98417399,0.11466917
1174,-0.00864054,0.22465952,1.00000000,-0.75934014,-0.00612177
1175,-0.00986819,-0.00997383,-1.00000000,-0.81154297,-0.10718386
1176,0.00164046,-0.07707967,-1.00000000,-0.68875318,-0.09420247
1177,0.00704479,-0.10125571,-1.00000000,-0.64451603,-0.09026845
1178,0.02839504,0.12538377,1.00000000,-0.94099421,0.27402780
1179,0.01383977,0.23181095,1.00000000,-0.74625450,0.51755991
1180,0.00098991,0.65226063,1.00000000,0.02308139,0.63518713
1181,0.00858666,0.36562419,1.00000000,-0.50140397,0.71043618
1182,0.00458056,0.11257246,1.00000000,-0.96443625,0.68374085
1183,-0.00196512,0.26217494,1.00000000,-0.69069467,0.35484522
1184,0.00473017,0.18328295,1.00000000,-0.83505069,0.25615975
1185,-0.02965566,0.05437904,-1.00000000,-0.92929542,-0.07582771
1186,0.01208213,0.18622920,1.00000000,-0.82965966,-0.03796082
1187,0.00146735,-0.49092960,-1.00000000,0.06850654,-0.07168659
1188,0.00290265,0.33101111,1.00000000,-0.56473873,-0.01895337
1189,0.00056914,0.12197471,1.00000000,-0.94723208,-0.06403033
1190,-0.00295822,0.15023991,1.00000000,-0.89551262,0.22518656
1191,0.00115467,0.10428624,1.00000000,-0.97959831,0.10680798
1192,0.00614072,0.03482213,-1.00000000,-0.89351032,0.15743512
1193,0.00087992,0.11581709,1.00000000,-0.95849925,0.13552267
1194,0.00961696,0.21400705,1.00000000,-0.77883195,0.23353890
1195,0.00159745,0.11040646,1.00000000,-0.96839959,0.28289100
1196,-0.02240953,0.28246464,1.00000000,-0.65356873,0.02761698
1197,-0.00763891,0.12453666,1.00000000,-0.94254424,-0.12165951
1198,0.00073753,-0.34823176,-1.00000000,-0.19260098,-0.12320207
1199,-0.01084841,-0.05735460,-1.00000000,-0.72484598,-0.34490606
1200,-0.00560439,0.10760232,1.00000000,-0.97353057,-0.42292457
1201,-0.00383583,-0.12055906,-1.00000000,-0.60919490,-0.22171329
1202,0.00038455,-0.01728897,-1.00000000,-0.79815779,-0.13479410
1203,-0.01247586,0.01753935,-1.00000000,-0.86188640,-0.27793651
1204,-0.00219984,0.10065110,1.00000000,-0.98624987,-0.18424548
1205,0.00666323,-0.15260852,-1.00000000,-0.55055102,-0.05134865
1206,-0.00180249,0.04975680,-1.00000000,-0.92083766,-0.02932122
1207,-0.01811218,0.22429698,1.00000000,-0.76000351,-0.22969873
1208,-0.00656121,0.05758182,-1.00000000,-0.93515585,-0.16562452
1209,0.00028139,-0.26360435,-1.00000000,-0.34745163,-0.13874498
1210,-0.01840135,-0.03613146,-1.00000000,-0.76367992,-0.41027292
1211,-0.00675098,0.09861966,1.00000000,-0.98996700,-0.46388059
1212,0.00226322,-0.26929898,-1.00000000,-0.33703163,-0.24315117
1213,0.01367782,-0.03986866,-1.00000000,-0.75684163,-0.02389914
1214,0.00204101,0.13764772,1.00000000,-0.91855371,-0.00483703
1215,-0.03412789,0.36243495,1.00000000,-0.50723962,-0.17520459
1216,0.00212365,0.13327165,1.00000000,-0.92656103,-0.07906455
1217,-0.04257548,-0.57900097,-1.00000000,0.22965891,-0.56480802
1218,-0.02649450,0.13489913,1.00000000,-0.92358308,-1.00000000
1219,0.00861264,-0.74535906,-1.00000000,0.53405978,-0.92880867
1220,0.00167930,-0.42867703,-1.00000000,-0.04540278,-0.54090473
1221,-0.00655215,0.26268652,1.00000000,-0.68975859,-0.63489083
1222,0.00468544,0.12614863,1.00000000,-0.93959468,-0.12290716
1223,-0.00275628,-0.03595313,-1.00000000,-0.76400624,0.13425212
1224,0.00190917,0.18534838,1.00000000,-0.83127137,0.06163253
1225,-0.00770805,0.03879892,-1.00000000,-0.90078701,-0.04006192
1226,-0.00980870,0.13067529,1.00000000,-0.93131182,-0.07534057
1227,0.00995414,-0.05871622,-1.00000000,-0.72235450,-0.01826408
1228,0.04473348,-0.10008427,-1.00000000,-0.64665952,0.49619858
1229,0.00676091,0.28910464,1.00000000,-0.64141890,0.54875815
1230,-0.00905710,0.97401277,1.00000000,0.61182122,0.53414373
1231,-0.00954412,0.22622048,1.00000000,-0.75648390,0.53701003
1232,-0.00682933,-0.08528298,-1.00000000,-0.67374282,0.35519248
1233,0.01111575,-0.09487378,-1.00000000,-0.65619365,-0.00899268
1234,0.00769072,-0.04141165,-1.00000000,-0.75401827,0.00108011
1235,-0.01335345,0.31198027,1.00000000,-0.59956123,-0.04546276
1236,-0.00363834,0.24453125,1.00000000,-0.72297897,0.01851528
1237,-0.00204023,-0.16989074,-1.00000000,-0.51892813,0.07039626
1238,0.00070944,0.02142843,-1.00000000,-0.86900262,-0.04233672
1239,-0.01940956,0.05289998,-1.00000000,-0.92658904,-0.33591761
1240,0.01577437,0.10704908,1.00000000,-0.97454289,-0.02037222
1241,0.01533467,-0.28915357,-1.00000000,-0.30070184,0.18516489
1242,0.00109074,0.40372216,1.00000000,-0.43169257,0.21908315
1243,0.00238984,0.39506323,1.00000000,-0.44753660,0.23728716
1244,0.01414260,0.11455815,1.00000000,-0.96080285,0.60076207
1245,-0.00698981,0.14014117,1.00000000,-0.91399122,0.35415482
1246,-0.00459062,0.37158782,1.00000000,-0.49049175,0.13830157
1247,0.00154787,-0.04457183,-1.00000000,-0.74823580,0.14325372
1248,0.00864727,0.00267527,-1.00000000,-0.83468822,0.21104130
1249,-0.00097174,0.12356040,1.00000000,-0.94433060,0.04730567
1250,0.00614409,0.26336855,1.00000000,-0.68851061,0.18958683
1251,0.00903185,0.07394168,-1.00000000,-0.96509099,0.33716082
1252,-0.00336967,0.21407340,1.00000000,-0.77871055,0.28388839
1253,-0.02553783,0.27094205,1.00000000,-0.67465268,-0.08644323
1254,-0.00242582,0.02671932,-1.00000000,-0.87868384,-0.10219549
1255,0.00825644,-0.40983728,-1.00000000,-0.07987563,-0.07931206
1256,0.01098287,0.04530651,-1.00000000,-0.91269455,-0.05817641
1257,0.00144047,0.25567195,1.00000000,-0.70259381,-0.00606748
1258,0.00616908,0.30936340,1.00000000,-0.60434957,0.33741753
1259,0.01269356,0.12144533,1.00000000,-0.94820073,0.50120776
1260,0.00685160,0.21456555,1.00000000,-0.77781002,0.48598887
1261,-0.01843219,0.34305190,1.00000000,-0.54270657,0.16733169
1262,0.00627114,0.22800636,1.00000000,-0.75321610,0.21966298
1263,-0.01198862,-0.26990626,-1.00000000,-0.33592043,0.02295824
1264,0.00177610,0.21657555,1.00000000,-0.77413212,-0.09531204
1265,0.00966271,-0.14301336,-1.00000000,-0.56810817,-0.06485887
1266,-0.00177373,0.12805476,1.00000000,-0.93610685,0.11560441
1267,-0.00219706,0.28336553,1.00000000,-0.65192029,0.02386723
1268,-0.00927191,0.05814819,-1.00000000,-0.93619217,0.05329773
1269,-0.01072773,0.04981147,-1.00000000,-0.92093771,-0.08215783
1270,-0.00606315,-0.08951325,-1.00000000,-0.66600231,-0.25251814
1271,0.01041737,-0.11818257,-1.00000000,-0.61354339,-0.12045043
1272,0.01007662,-0.02632328,-1.00000000,-0.78162687,0.01251195
1273,0.00092173,0.29822693,1.00000000,-0.62472700,0.12294095
1274,0.00504757,0.29151661,1.00000000,-0.63700550,0.29383684
1275,0.00695268,0.11122966,1.00000000,-0.96689329,0.43483904
1276,-0.00315183,0.19247982,1.00000000,-0.81822232,0.28784215
1277,0.00661892,0.22999700,1.00000000,-0.74957365,0.25038449
1278,-0.00376773,0.03100923,-1.00000000,-0.88653350,0.19958298
1279,-0.00909227,0.22342436,1.00000000,-0.76160022,0.04640421
1280,0.00855075,0.01888034,-1.00000000,-0.86434014,0.06371634
1281,-0.00074385,-0.08597559,-1.00000000,-0.67247549,0.08980234
1282,0.00142491,0.26146779,1.00000000,-0.69198862,0.03353494
1283,0.00025280,0.07842957,-1.00000000,-0.97330290,0.07708990
1284,0.00546324,0.12113890,1.00000000,-0.94876144,0.23477160
1285,0.00058466,0.09805654,1.00000000,-0.99099739,0.14847390
1286,-0.00073126,0.20066545,1.00000000,-0.80324431,0.14861027
1287,-0.00614455,0.10459186,1.00000000,-0.97903910,0.06660928
1288,0.00094892,0.07867747,-1.00000000,-0.97375652,0.07415046
1289,-0.00464915,-0.02792627,-1.00000000,-0.77869373,-0.03539832
1290,0.00381510,0.11176524,1.00000000,-0.96591329,-0.00040260
1291,0.00487287,0.00152264,-1.00000000,-0.83257914,0.06030769
1292,0.00679227,0.16820868,1.00000000,-0.86263348,0.20045393
1293,-0.00060184,0.18903943,1.00000000,-0.82451753,0.18365435
1294,-0.00056739,0.22683802,1.00000000,-0.75535394,0.22787254
1295,0.00456017,0.08122620,-1.00000000,-0.97842016,0.23594403
1296,0.01266792,0.08190448,-1.00000000,-0.97966128,0.32038876
1297,-0.00652350,0.18288141,1.00000000,-0.83578543,0.17613733
1298,-0.00031150,0.34254694,1.00000000,-0.54363055,0.17928259
1299,0.00768292,-0.03538886,-1.00000000,-0.76503873,0.26865933
1300,-0.00095606,0.08694379,-1.00000000,-0.98888216,0.20890124
1301,-0.00391180,0.24437763,1.00000000,-0.72326007,0.02929102
1302,-0.00108910,0.07425041,-1.00000000,-0.96565591,0.08816259
1303,0.00444653,0.01604324,-1.00000000,-0.85914883,0.13970693
1304,0.00952516,0.07163058,-1.00000000,-0.96086216,0.15966410
1305,-0.00343409,0.18064346,1.00000000,-0.83988042,0.13281936
1306,-0.00220897,0.28065668,1.00000000,-0.65687691,0.15126632
1307,-0.01061162,0.02545081,-1.00000000,-0.87636274,0.04810762
1308,0.00127193,0.04957697,-1.00000000,-0.92050862,0.01371675
1309,0.00490706,-0.11589605,-1.00000000,-0.61772724,-0.03631171
1310,-0.00488709,0.11812617,1.00000000,-0.95427412,-0.05205229
1311,0.00764448,0.18971264,1.00000000,-0.82328569,0.05469145
1312,-0.00047856,-0.00316312,-1.00000000,-0.82400516,0.16446420
1313,0.00759922,0.24362063,1.00000000,-0.72464522,0.23300861
1314,-0.00509951,0.08365390,-1.00000000,-0.98286234,0.12460614
1315,-0.00701468,0.24272936,1.00000000,-0.72627607,0.10155764
1316,0.00108046,-0.00734636,-1.00000000,-0.81635071,0.03044871
1317,0.00296344,-0.04506174,-1.00000000,-0.74733937,0.06773637
1318,-0.00933774,0.11435555,1.00000000,-0.96117356,-0.11574391
1319,-0.00894652,0.15143712,1.00000000,-0.89332197,-0.15741902
1320,-0.00433847,-0.09080954,-1.00000000,-0.66363036,-0.12842729
1321,-0.00147555,-0.08310528,-1.00000000,-0.67772756,-0.15611685
1322,-0.00098089,0.00764077,-1.00000000,-0.84377405,-0.19884630
1323,0.00049993,0.06402020,-1.00000000,-0.94693675,-0.09227361
1324,-0.01096567,0.07376156,-1.00000000,-0.96476141,-0.11414730
1325,-0.00197507,0.10292319,1.00000000,-0.98209241,-0.08854429
1326,-0.00070644,-0.12286829,-1.00000000,-0.60496949,-0.08021245
1327,0.00147721,0.05418309,-1.00000000,-0.92893687,-0.05358354
1328,-0.00663016,0.07916621,-1.00000000,-0.97465080,-0.13082465
1329,-0.00336306,0.12216881,1.00000000,-0.94687691,-0.04846464
1330,-0.00384081,-0.03748924,-1.00000000,-0.76119548,-0.06867638
1331,0.00816917,0.02684952,-1.00000000,-0.87892209,0.02747433
1332,0.00059650,0.01744125,-1.00000000,-0.86170690,0.01793348
1333,-0.00064875,0.25395339,1.00000000,-0.70573842,0.08273082
1334,0.00171169,0.10482502,1.00000000,-0.97861246,0.13770625
1335,-0.00627006,0.08030236,-1.00000000,-0.97672972,0.11138981
1336,-0.00551065,0.12678638,1.00000000,-0.93842772,-0.03680546
1337,-0.00834090,-0.03039798,-1.00000000,-0.77417101,-0.13362543
1338,-0.00938220,-0.01544279,-1.00000000,-0.80153592,-0.22823605
1339,0.01159543,-0.07117877,-1.00000000,-0.69955062,-0.12116414
1340,-0.00593418,-0.09168517,-1.00000000,-0.66202814,-0.11752550
1341,0.00600336,0.32142661,1.00000000,-0.58227639,0.00720721
1342,-0.00328240,-0.02378349,-1.00000000,-0.78627416,0.06200649
1343,-0.00028697,0.21130205,1.00000000,-0.78378153,0.16053636
1344,0.01731910,0.02843789,-1.00000000,-0.88182847,0.22254152
1345,-0.00240211,0.08742696,-1.00000000,-0.98976627,0.26080494
1346,0.00035629,0.43414243,1.00000000,-0.37602976,0.19962953
1347,0.00261138,0.04577351,-1.00000000,-0.91354907,0.26347771
1348,0.00235865,0.10009458,1.00000000,-0.98726820,0.29213799
1349,0.00538974,0.14450404,1.00000000,-0.90600806,0.16290578
1350,0.00303405,0.13952694,1.00000000,-0.91511513,0.22179643
1351,0.00357800,0.19921819,1.00000000,-0.80589251,0.25669758
1352,0.00415204,0.15282764,1.00000000,-0.89077760,0.27338773
1353,0.00085410,0.16353948,1.00000000,-0.87117716,0.25708873
1354,-0.00366247,0.17484418,1.00000000,-0.85049189,0.15902493
1355,-0.01024215,0.10989786,1.00000000,-0.96933021,0.01520209
1356,0.00310627,0.02095331,-1.00000000,-0.86813324,0.01009181
1357,0.00438168,-0.10862012,-1.00000000,-0.63104068,0.01257949
1358,-0.00174718,0.15424976,1.00000000,-0.88817541,-0.01560049
1359,-0.00405440,0.17936641,1.00000000,-0.84221715,-0.01984631
1360,0.00113550,0.05867100,-1.00000000,-0.93714882,0.10340931
1361,-0.00126086,0.01323506,-1.00000000,-0.85401044,0.05609960
1362,-0.00310185,0.11543960,1.00000000,-0.95918999,-0.02497044
1363,0.02292559,0.06824801,-1.00000000,-0.95467276,0.24231292
1364,0.00486839,0.03199356,-1.00000000,-0.88833462,0.33897467
1365,0.00576668,0.54455097,1.00000000,-0.17400499,0.38914482
1366,0.00248942,0.18895122,1.00000000,-0.82467893,0.42977215
1367,0.00264829,0.20664120,1.00000000,-0.79230993,0.49206419
1368,-0.01028676,0.14210224,1.00000000,-0.91040286,0.13227043
1369,0.00099267,0.14523089,1.00000000,-0.90467808,0.09028427
1370,0.01321888,-0.10949865,-1.00000000,-0.62943316,0.17101490
1371,-0.00803170,0.11262686,1.00000000,-0.96433671,0.05703819
1372,-0.00094429,0.35339703,1.00000000,-0.52377713,0.01811930
1373,-0.00892934,-0.06508985,-1.00000000,-0.71069207,0.03282440
1374,-0.01705470,0.07448235,-1.00000000,-0.96608031,-0.16268510
1375,-0.00884062,-0.08276705,-1.00000000,-0.67834646,-0.40165854
1376,0.00200869,-0.24277929,-1.00000000,-0.38555717,-0.29288968
1377,0.00328514,-0.08101986,-1.00000000,-0.68154346,-0.24707178
1378,-0.01636979,0.13263517,1.00000000,-0.92772564,-0.32767508
1379,-0.00717255,0.15777224,1.00000000,-0.88173001,-0.22062047
1380,-0.00493947,-0.22929144,-1.00000000,-0.41023715,-0.17835879
1381,0.00783191,-0.04817050,-1.00000000,-0.74165097,-0.11527502
1382,-0.00817157,-0.00419463,-1.00000000,-0.82211773,-0.23938706
1383,-0.00831608,0.24731174,1.00000000,-0.71789125,-0.15214022
1384,0.00404443,-0.06784433,-1.00000000,-0.70565194,-0.03062529
1385,-0.00091827,-0.07069012,-1.00000000,-0.70044473,0.01293694
1386,0.00152936,0.17272491,1.00000000,-0.85436971,-0.05533948
1387,0.00030450,0.07499480,-1.00000000,-0.96701798,0.03648296
1388,0.00139679,0.12319574,1.00000000,-0.94499784,0.14170378
1389,-0.00827894,0.09907470,1.00000000,-0.98913435,0.00820312
1390,0.00527664,0.12058513,1.00000000,-0.94977473,0.07531332
1391,0.00751781,-0.06995873,-1.00000000,-0.70178303,0.14018700
1392,-0.00787398,0.19699080,1.00000000,-0.80996816,0.05158847
1393,-0.00581064,0.24112611,1.00000000,-0.72920967,-0.02649055
1394,0.00389888,-0.06198379,-1.00000000,-0.71637552,0.10543337
1395,0.00087790,-0.02135049,-1.00000000,-0.79072605,0.05778127
1396,-0.00559304,0.16985862,1.00000000,-0.85961443,-0.08425027
1397,-0.00263427,0.11036663,1.00000000,-0.96847247,-0.02748781
1398,-0.00207000,-0.01706535,-1.00000000,-0.79856697,0.01303497
1399,0.00537390,0.04120163,-1.00000000,-0.90518348,0.02901407
1400,-0.00150902,0.05231368,-1.00000000,-0.92551622,0.00315626
1401,0.00320467,0.19890616,1.00000000,-0.80646344,0.09846303
1402,0.00062588,0.06336111,-1.00000000,-0.94573075,0.13378059
1403,-0.00001000,0.15618768,1.00000000,-0.88462942,0.15609683
1404,-0.00022924,0.10540351,1.00000000,-0.97755394,0.09539733
1405,0.00160597,0.09288116,-1.00000000,-0.99974633,0.12914237
1406,0.00577228,0.08856381,-1.00000000,-0.99184648,0.15695760
1407,0.00040911,0.12470440,1.00000000,-0.94223732,0.15460930
1408,-0.00493775,0.20675148,1.00000000,-0.79210813,0.10122633
1409,-0.00672528,0.10113468,1.00000000,-0.98536503,0.03085386
1410,-0.00014209,-0.00416085,-1.00000000,-0.82217952,0.01191699
1411,-0.00302103,-0.03936249,-1.00000000,-0.75776781,-0.08334214
1412,0.00683058,0.09028008,-1.00000000,-0.99498689,-0.01377753
1413,0.00181890,0.03358506,-1.00000000,-0.89124673,0.05941816
1414,0.00734054,0.22759243,1.00000000,-0.75397352,0.21179503
1415,-0.00525566,0.12889764,1.00000000,-0.93456456,0.15639902
1416,-0.00004966,0.23763517,1.00000000,-0.73559738,0.18858832
1417,-0.00322824,-0.01042133,-1.00000000,-0.81072414,0.07961983
1418,-0.02454959,0.09210025,-1.00000000,-0.99831741,-0.20603341
1419,0.00508796,0.02950451,-1.00000000,-0.88378017,-0.23043596
1420,0.00985496,-0.39037595,-1.00000000,-0.11548583,-0.06674067
1421,-0.00326693,0.19327509,1.00000000,-0.81676714,-0.10159375
1422,-0.01729093,0.28715149,1.00000000,-0.64499277,-0.25393667
1423,-0.00469606,0.02874271,-1.00000000,-0.88238624,-0.03886083
1424,-0.00064542,-0.24743144,-1.00000000,-0.37704470,-0.10097123
1425,0.00534625,0.00059880,-1.00000000,-0.83088870,-0.14981463
1426,-0.00390406,0.08036795,-1.00000000,-0.97684974,-0.15671680
1427,-0.00113924,0.19836171,1.00000000,-0.80745968,0.01825652
1428,0.01254401,0.01619563,-1.00000000,-0.85942767,0.20502050
1429,-0.00388290,0.07064310,-1.00000000,-0.95905528,0.16994843
1430,0.01191085,0.34010693,1.00000000,-0.54809527,0.24106358
1431,0.00244033,0.01661234,-1.00000000,-0.86019017,0.30979319
1432,0.00574105,0.32763808,1.00000000,-0.57091067,0.38432824
1433,-0.01156685,0.14113547,1.00000000,-0.91217186,0.12313217
1434,-0.00297320,0.20613634,1.00000000,-0.79323371,0.13298710
1435,-0.01471642,-0.13470727,-1.00000000,-0.58330659,-0.15546959
1436,0.00293520,0.03452707,-1.00000000,-0.89297042,-0.15010862
1437,-0.01270337,-0.19673172,-1.00000000,-0.46981470,-0.34991935
1438,-0.00483534,0.15088088,1.00000000,-0.89433977,-0.27699605
1439,-0.00194948,-0.15708878,-1.00000000,-0.54235307,-0.26590601
1440,-0.05550603,-0.00214396,-1.00000000,-0.82587002,-0.70778520
1441,0.00540115,0.05468706,-1.00000000,-0.92985902,-0.68107123
1442,0.01249123,-1.00000000,-1.00000000,1.00000000,-0.40813489
1443,-0.01550801,0.19944276,1.00000000,-0.80548158,-0.52375335
1444,-0.00234454,0.33906744,1.00000000,-0.54999731,-0.52803305
1445,-0.02298402,-0.21232052,-1.00000000,-0.44129042,-0.17571787
1446,0.00463112,0.04690723,-1.00000000,-0.91562355,-0.18405970
1447,0.00409244,-0.35954529,-1.00000000,-0.17189957,-0.27504490
1448,-0.00799398,0.18427860,1.00000000,-0.83322886,-0.19364447
1449,-0.05182480,0.17367036,1.00000000,-0.85263973,-0.72967061
1450,-0.00071480,-0.06434707,-1.00000000,-0.71205120,-0.48842524
1451,0.01128602,-0.92750570,-1.00000000,0.86735044,-0.41633178
1452,0.01940073,0.07900162,-1.00000000,-0.97434964,-0.25049502
1453,0.02201126,0.31533339,1.00000000,-0.59342571,0.07455566
1454,0.03360243,0.47513605,1.00000000,-0.30101992,1.00000000
1455,-0.01872711,0.52654498,1.00000000,-0.20695222,0.80487030
1456,-0.00839688,0.75480952,1.00000000,0.21072464,0.59164289
1457,-0.04428296,-0.27571411,-1.00000000,-0.32529327,-0.09825083
1458,0.03597788,-0.07228118,-1.00000000,-0.69753342,0.05305139
1459,0.01526451,-0.77898444,-1.00000000,0.59558726,-0.14560572
1460,0.01886665,0.80158911,1.00000000,0.29632161,0.26165243
1461,-0.01905252,0.39368149,1.00000000,-0.45006490,0.14621840
1462,-0.00398020,0.46461845,1.00000000,-0.32026495,0.58282340
1463,0.01735845,-0.28212245,-1.00000000,-0.31356734,0.38111676
1464,0.01931419,0.01469617,-1.00000000,-0.85668397,0.42498748
1465,-0.00377198,0.43491753,1.00000000,-0.37461150,0.17974023
1466,-0.01399023,0.47343171,1.00000000,-0.30413852,0.23458068
1467,-0.00460468,0.01879673,-1.00000000,-0.86418716,0.22781561
1468,0.00131321,-0.18243095,-1.00000000,-0.49598214,0.05399541
1469,-0.02699305,0.00239830,-1.00000000,-0.83418142,-0.44765690
1470,0.00195539,0.11893918,1.00000000,-0.95278647,-0.38561152
1471,-0.01455700,-0.43849489,-1.00000000,-0.02743813,-0.39175138
1472,0.00609945,0.13158566,1.00000000,-0.92964603,-0.27579212
1473,-0.00565559,-0.19359227,-1.00000000,-0.47555924,-0.35128606
1474,0.00066046,0.21319438,1.00000000,-0.78031896,-0.05171203
1475,-0.01288815,-0.01829718,-1.00000000,-0.79631298,-0.21251404
1476,0.01316065,0.10608455,1.00000000,-0.97630779,0.08775490
1477,0.01747810,-0.16072762,-1.00000000,-0.53569475,0.21102132
1478,-0.00817667,0.35225039,1.00000000,-0.52587525,0.18371018
1479,-0.00083725,0.43727374,1.00000000,-0.37030011,0.16748536
1480,0.01415262,-0.06794461,-1.00000000,-0.70546845,0.46042147
1481,-0.00723172,0.07659032,-1.00000000,-0.96993745,0.23950819
1482,-0.00737134,0.37178510,1.00000000,-0.49013077,-0.02968900
1483,-0.03224030,-0.04933591,-1.00000000,-0.73951851,-0.29037344
1484,-0.00783681,-0.05208528,-1.00000000,-0.73448774,-0.36620064
1485,-0.00617146,-0.54182876,-1.00000000,0.16164147,-0.58637399
1486,-0.01654172,-0.06125184,-1.00000000,-0.71771483,-0.68723040
1487,0.00202530,-0.02845614,-1.00000000,-0.77772418,-0.58543543
1488,0.00324926,-0.23267732,-1.00000000,-0.40404168,-0.20097247
1489,-0.01173252,0.13296229,1.00000000,-0.92712709,-0.24317524
1490,-0.00169496,0.15706567,1.00000000,-0.88302289,-0.19468073
1491,0.00701938,-0.13796997,-1.00000000,-0.57733654,0.06055979
1492,0.00659430,0.05969941,-1.00000000,-0.93903058,0.11005634
1493,-0.00632291,0.23131062,1.00000000,-0.74716999,0.00635978
1494,-0.00902513,0.22293939,1.00000000,-0.76248762,0.03568930
1495,0.00458335,-0.03143871,-1.00000000,-0.77226670,0.10370301
1496,0.00627832,-0.08465343,-1.00000000,-0.67489478,0.09567499
1497,-0.01203230,0.18333786,1.00000000,-0.83495021,-0.10610937
1498,0.00219938,0.21671691,1.00000000,-0.77387347,-0.01378627
1499,0.00933308,-0.14387348,-1.00000000,-0.56653433,0.18509065
1500,-0.01806104,0.13639046,1.00000000,-0.92085424,-0.06021897
1501,0.01730397,0.27687419,1.00000000,-0.66379810,0.05922335
1502,-0.00702567,-0.26259723,-1.00000000,-0.34929444,0.11346083
1503,0.00154796,0.43384464,1.00000000,-0.37657466,0.10640388
1504,0.00703673,-0.04527810,-1.00000000,-0.74694348,0.08152718
1505,0.00328177,0.12356201,1.00000000,-0.94432764,0.31273661
1506,-0.00476242,0.23165217,1.00000000,-0.74654502,0.07368854
1507,0.02285765,0.15770588,1.00000000,-0.88185144,0.39741840
1508,-0.00149985,-0.00070791,-1.00000000,-0.82849769,0.36440107
1509,-0.01267694,0.54321291,1.00000000,-0.17645336,0.15084031
1510,0.00119367,0.06354159,-1.00000000,-0.94606099,0.12821964
1511,0.01122974,-0.15656838,-1.00000000,-0.54330529,0.30146478
1512,-0.01017198,0.11658498,1.00000000,-0.95709416,-0.05634951
1513,-0.00135617,0.31422506,1.00000000,-0.59545374,-0.05479291
1514,-0.01338096,-0.10723833,-1.00000000,-0.63356907,-0.06241959
1515,0.00721040,0.06637125,-1.00000000,-0.95123868,0.00276045
1516,0.02962355,-0.17043251,-1.00000000,-0.51793681,0.20202291
1517,-0.00489339,0.23507224,1.00000000,-0.74028701,0.25920657
1518,-0.00707124,0.67645351,1.00000000,0.06734936,0.19729445
1519,0.00527323,-0.00328724,-1.00000000,-0.82377806,0.39937763
1520,0.01279376,-0.04617545,-1.00000000,-0.74530150,0.45986295
1521,-0.02190082,0.19692359,1.00000000,-0.81009115,-0.09830724
1522,0.01583157,0.34502524,1.00000000,-0.53909578,0.12620896
1523,0.00314405,-0.33821391,-1.00000000,-0.21093158,0.23687254
1524,0.00406957,0.40484862,1.00000000,-0.42963137,0.22383317
1525,0.00569000,0.15499390,1.00000000,-0.88681380,0.14687718
1526,0.00640250,0.17322001,1.00000000,-0.85346380,0.45349079
1527,-0.01275028,0.20513112,1.00000000,-0.79507307,0.14385988
1528,-0.01874396,0.21916239,1.00000000,-0.76939874,-0.09325583
1529,-0.00750392,-0.15801268,-1.00000000,-0.54066253,-0.21863289
1530,-0.00491100,-0.27604593,-1.00000000,-0.32468611,-0.33347487
1531,0.00860276,-0.05469616,-1.00000000,-0.72971037,-0.30963924
1532,-0.00666962,-0.00363392,-1.00000000,-0.82314371,-0.24376657
1533,0.00938681,0.26249190,1.00000000,-0.69011471,0.06097773
1534,0.00827056,-0.03826632,-1.00000000,-0.75977358,0.23186467
1535,-0.00248525,0.27793226,1.00000000,-0.66186204,0.25814308
1536,0.01123693,0.25594996,1.00000000,-0.70208511,0.28667938
1537,-0.00708250,0.04413619,-1.00000000,-0.91055312,0.28220659
1538,0.00795944,0.31436650,1.00000000,-0.59519493,0.26674367
1539,-0.00984166,-0.04639717,-1.00000000,-0.74489581,0.07053163
1540,0.00036228,0.24982306,1.00000000,-0.71329606,0.10137928
1541,0.00053495,-0.10073330,-1.00000000,-0.64547193,-0.01455658
1542,-0.00442790,0.10021247,1.00000000,-0.98705248,0.01420100
1543,-0.01657897,0.10361297,1.00000000,-0.98083027,-0.25162681
1544,-0.00272692,0.00587969,-1.00000000,-0.84055164,-0.17455191
1545,0.01067947,-0.23341094,-1.00000000,-0.40269931,-0.06278437
1546,0.01378255,0.03937699,-1.00000000,-0.90184477,0.08072853
1547,0.00948895,0.30338863,1.00000000,-0.61528215,0.23149162
1548,0.00100659,0.36449730,1.00000000,-0.50346594,0.42199834
1549,0.01187013,0.27994376,1.00000000,-0.65818142,0.58013007
1550,-0.00322735,0.11290093,1.00000000,-0.96383521,0.42947565
1551,0.03369922,0.32683611,1.00000000,-0.57237813,0.64523556
1552,-0.00639498,0.02952211,-1.00000000,-0.88381237,0.47316287
1553,-0.00299415,0.75671557,1.00000000,0.21421232,0.42982234
1554,0.00644062,-0.03285788,-1.00000000,-0.76966991,0.37100377
1555,0.02139614,0.03411453,-1.00000000,-0.89221555,0.63775322
1556,0.00123610,0.21991300,1.00000000,-0.76802527,0.28607604
1557,0.01097009,0.51443151,1.00000000,-0.22911736,0.47419403
1558,-0.00339632,0.11742065,1.00000000,-0.95556507,0.46983725
1559,0.01381735,0.30911163,1.00000000,-0.60481024,0.54975034
1560,-0.00505344,0.02619457,-1.00000000,-0.87772367,0.26321863
1561,0.00126963,0.36518270,1.00000000,-0.50221180,0.26358190
1562,-0.00108611,-0.00643899,-1.00000000,-0.81801101,0.13297561
1563,0.00893120,0.11808100,1.00000000,-0.95435676,0.26652119
1564,0.01316218,0.07168953,-1.00000000,-0.96097002,0.25942366
1565,0.00532158,0.26895985,1.00000000,-0.67827969,0.37181752
1566,0.00109537,0.35228049,1.00000000,-0.52582018,0.36992969
1567,-0.01337873,0.19787573,1.00000000,-0.80834892,0.23676213
1568,-0.01442909,0.11464923,1.00000000,-0.96063619,-0.01630292
1569,-0.00846502,-0.17038858,-1.00000000,-0.51801719,-0.25059324
1570,-0.00655883,-0.19107343,-1.00000000,-0.48016820,-0.37929516
1571,-0.00252537,-0.07362321,-1.00000000,-0.69507780,-0.41851908
1572,-0.00229866,-0.03608454,-1.00000000,-0.76376579,-0.29848734
1573,-0.00275649,0.04334618,-1.00000000,-0.90910757,-0.17203649
1574,-0.00152523,0.04781064,-1.00000000,-0.91727660,-0.09685684
1575,-0.00014636,0.03879472,-1.00000000,-0.90077934,-0.02738975
1576,-0.00064889,0.06304182,-1.00000000,-0.94514650,-0.00706159
1577,-0.00163031,0.09019593,-1.00000000,-0.99483291,0.00017884
1578,-0.01281313,0.08029965,-1.00000000,-0.97672476,-0.10876601
1579,0.00820608,0.06097262,-1.00000000,-0.94136030,-0.00334544
1580,-0.00287771,-0.15925023,-1.00000000,-0.53839807,-0.03293455
1581,-0.00308502,0.25468018,1.00000000,-0.70440854,-0.05932552
1582,-0.01432611,0.03640748,-1.00000000,-0.89641117,-0.19686079
1583,0.00012958,0.03232494,-1.00000000,-0.88894097,-0.05665081
1584,0.00337557,-0.18904531,-1.00000000,-0.48387923,-0.10898041
1585,0.00027626,0.09562991,1.00000000,-0.99543761,-0.07481304
1586,0.00340794,0.15955303,1.00000000,-0.87847153,-0.00447394
1587,0.00504341,0.09851850,1.00000000,-0.99015210,0.20535859
1588,0.00588576,0.16019059,1.00000000,-0.87730493,0.26771605
1589,-0.00001407,0.19239789,1.00000000,-0.81837224,0.23099571
1590,0.00481324,0.20898617,1.00000000,-0.78801912,0.28014543
1591,0.00510118,0.09280111,-1.00000000,-0.99959985,0.29848855
1592,0.00250172,0.18786512,1.00000000,-0.82666627,0.27095408
1593,-0.00262113,0.19353556,1.00000000,-0.81629054,0.17879784
1594,0.00252457,0.14234446,1.00000000,-0.90995966,0.20629923
1595,-0.00820658,0.04146033,-1.00000000,-0.90565684,0.06525384
1596,0.00156614,0.14279439,1.00000000,-0.90913637,0.02695822
1597,-0.00274917,-0.06853366,-1.00000000,-0.70439061,-0.02992537
1598,-0.00643996,0.12392002,1.00000000,-0.94367256,-0.07129519
1599,0.01547832,0.03893884,-1.00000000,-0.90104305,0.06903449
1600,0.00474948,-0.03374363,-1.00000000,-0.76804916,0.20938918
1601,0.01236581,0.39789215,1.00000000,-0.44236028,0.32638344
1602,0.01356062,0.18660952,1.00000000,-0.82896375,0.50306948
1603,0.00354069,0.33659756,1.00000000,-0.55451668,0.61119110
1604,-0.01105873,0.36012685,1.00000000,-0.51146295,0.32371176
1605,-0.00448625,0.16280480,1.00000000,-0.87252147,0.22365991
1606,0.00818039,-0.12470100,-1.00000000,-0.60161601,0.17831870
1607,0.00170460,0.00473068,-1.00000000,-0.83844918,0.04988092
1608,0.01275821,0.25417423,1.00000000,-0.70533432,0.14973552
1609,0.00246376,0.12664676,1.00000000,-0.93868319,0.29622641
1610,0.00083766,0.34432508,1.00000000,-0.54037692,0.35390099
1611,-0.00106796,0.14159686,1.00000000,-0.91132761,0.25371245
1612,-0.00386470,0.10957418,1.00000000,-0.96992249,0.19337948
1613,0.00394814,0.07204692,-1.00000000,-0.96162397,0.09793881
1614,-0.01210885,0.01697072,-1.00000000,-0.86084592,-0.05992813
1615,-0.00190048,0.17082864,1.00000000,-0.85783950,-0.08959080
1616,-0.00732027,-0.14538091,-1.00000000,-0.56377604,-0.15732296
1617,-0.00307037,0.05565201,-1.00000000,-0.93162469,-0.14871786
1618,0.01121949,-0.05107971,-1.00000000,-0.73632773,-0.06994630
1619,0.00690443,0.03261346,-1.00000000,-0.88946890,0.13602703
1620,-0.00196451,0.31402320,1.00000000,-0.59582309,0.13533338
1621,-0.00239923,0.22904687,1.00000000,-0.75131219,0.18864373
1622,-0.00192720,0.05439105,-1.00000000,-0.92931740,0.20102784
1623,0.00635845,0.04583029,-1.00000000,-0.91365297,0.14836758
1624,0.00205053,0.05512587,-1.00000000,-0.93066196,0.09578460
1625,-0.00720338,0.21829495,1.00000000,-0.77098597,0.03903126
1626,-0.00204976,0.13345912,1.00000000,-0.92621799,0.04281704
1627,0.00548224,-0.04877777,-1.00000000,-0.74053980,0.12308448
1628,-0.00105565,0.05271225,-1.00000000,-0.92624554,0.04276651
1629,-0.00218863,0.20103971,1.00000000,-0.80255950,-0.00315679
1630,0.00254473,0.07228926,-1.00000000,-0.96206741,0.10244577
1631,-0.00577607,0.04997763,-1.00000000,-0.92124174,0.06207820
1632,0.00466473,0.14319141,1.00000000,-0.90840991,0.05322195
1633,-0.00177458,-0.02066976,-1.00000000,-0.79197164,0.04543366
1634,0.00228611,0.18494041,1.00000000,-0.83201788,0.09390902
1635,-0.00334151,0.05813135,-1.00000000,-0.93616136,0.03014264
1636,0.00207758,0.13809836,1.00000000,-0.91772913,0.11522224
1637,0.00776063,0.02727396,-1.00000000,-0.87969873,0.14876056
1638,-0.00158009,0.13399183,1.00000000,-0.92524323,0.15086755
1639,0.00235334,0.24590791,1.00000000,-0.72045998,0.15159593
1640,-0.00605946,0.06196154,-1.00000000,-0.94316981,0.12215197
1641,0.00559211,0.13942245,1.00000000,-0.91530633,0.16022538
1642,0.00214017,-0.02625062,-1.00000000,-0.78175982,0.09933819
1643,0.00245839,0.20320342,1.00000000,-0.79860036,0.14308752
1644,0.00094663,0.13522439,1.00000000,-0.92298792,0.12784846
1645,0.00000296,0.14149108,1.00000000,-0.91152115,0.19352352
1646,-0.00248050,0.11172018,1.00000000,-0.96599574,0.10607185
1647,0.00202847,0.09313652,1.00000000,-1.00000000,0.10486179
1648,-0.00344492,0.04422974,-1.00000000,-0.91072430,0.04091047
1649,-0.00194482,0.13302468,1.00000000,-0.92701291,0.00958701
1650,0.00550411,0.02523744,-1.00000000,-0.87597232,0.06918165
1651,0.00139208,0.05477896,-1.00000000,-0.93002717,0.11113381
1652,-0.01258769,0.20147040,1.00000000,-0.80177142,-0.04720496
1653,-0.00381152,0.12049231,1.00000000,-0.94994457,-0.05117631
1654,0.00209049,-0.15481081,-1.00000000,-0.54652129,-0.00746131
1655,0.00270580,0.01801814,-1.00000000,-0.86276249,-0.03777577
1656,-0.00447702,0.13424610,1.00000000,-0.92477799,-0.10135645
1657,0.00446884,0.14636337,1.00000000,-0.90260588,0.08341919
1658,0.01313228,0.00491243,-1.00000000,-0.83878175,0.26697353
1659,0.00548287,0.18108285,1.00000000,-0.83907642,0.30372367
1660,0.00578393,0.35169164,1.00000000,-0.52689764,0.33706949
1661,-0.00461114,0.20105218,1.00000000,-0.80253667,0.33561649
1662,0.00436022,0.20698094,1.00000000,-0.79168827,0.33443984
1663,-0.00132844,0.00227109,-1.00000000,-0.83394866,0.17778498
1664,0.00108106,0.17894388,1.00000000,-0.84299029,0.13009953
1665,-0.00280125,0.06691725,-1.00000000,-0.95223774,0.03709516
1666,-0.00063905,0.11436737,1.00000000,-0.96115193,0.08012536
1667,-0.00320655,0.03791333,-1.00000000,-0.89916657,-0.00184644
1668,0.00352457,0.08049337,-1.00000000,-0.97707923,0.05072679
1669,-0.00281112,0.02993177,-1.00000000,-0.88456198,0.00856234
1670,0.00035142,0.16248729,1.00000000,-0.87310244,0.04271563
1671,0.00013250,0.03771889,-1.00000000,-0.89881079,0.05107394
1672,0.00036417,0.09999875,1.00000000,-0.98744355,0.08975594
1673,-0.00392260,0.09568749,1.00000000,-0.99533224,0.00907979
1674,-0.00806085,0.10024968,1.00000000,-0.98698439,-0.04779123
1675,-0.00230678,0.01583049,-1.00000000,-0.85875955,-0.07658789
1676,-0.00451170,-0.06566387,-1.00000000,-0.70964174,-0.12689913
1677,0.00162132,0.04765087,-1.00000000,-0.91698425,-0.11328019
1678,-0.00546198,0.00422940,-1.00000000,-0.83753196,-0.12995650
1679,-0.00181593,0.12500682,1.00000000,-0.94168395,-0.06230443
1680,-0.00089483,-0.01448448,-1.00000000,-0.80328943,-0.04700857
1681,-0.00005916,0.05731718,-1.00000000,-0.93467160,0.00122637
1682,-0.00110857,0.07545638,-1.00000000,-0.96786257,-0.02834693
1683,0.00836475,0.09191309,-1.00000000,-0.99797496,0.12143990
1684,-0.00018552,0.07124712,-1.00000000,-0.96016051,0.13910232
1685,0.00075049,0.25780490,1.00000000,-0.69869094,0.15692624
1686,-0.00217299,0.08942475,-1.00000000,-0.99342180,0.13402685
1687,0.00609827,0.10785750,1.00000000,-0.97306365,0.21209954
1688,-0.00669950,0.05028553,-1.00000000,-0.92180513,0.04890650
1689,0.00868544,0.21317124,1.00000000,-0.78036130,0.14500674
1690,0.00598017,-0.03885490,-1.00000000,-0.75869660,0.20166055
1691,-0.00097940,0.26412018,1.00000000,-0.68713530,0.21459082
1692,0.00508958,0.21084540,1.00000000,-0.78461711,0.20366347
1693,-0.00700556,0.07379078,-1.00000000,-0.96481487,0.20034794
1694,-0.00714877,0.19330699,1.00000000,-0.81670877,0.02881388
1695,0.00112265,-0.04488201,-1.00000000,-0.74766823,-0.02380826
1696,-0.00796493,-0.04770232,-1.00000000,-0.74250765,-0.09948337
1697,-0.00221173,0.11518646,1.00000000,-0.95965317,-0.17857932
1698,0.00554968,-0.06377491,-1.00000000,-0.71309814,-0.04256679
1699,-0.00065850,0.04952274,-1.00000000,-0.92040938,0.02774318
1700,0.00813447,0.20236781,1.00000000,-0.80012934,0.10370314
1701,0.01083737,0.08011037,-1.00000000,-0.97637842,0.30739087
1702,-0.00414892,0.25326997,1.00000000,-0.70698893,0.28640494
1703,0.01596424,0.30649800,1.00000000,-0.60959265,0.39922719
1704,-0.02257647,0.01137355,-1.00000000,-0.85060426,0.16178696
1705,0.00050542,0.40746128,1.00000000,-0.42485075,0.07914047
1706,0.00399982,-0.35151939,-1.00000000,-0.18658530,0.00506845
1707,0.01416856,0.10303139,1.00000000,-0.98189443,0.20350418
1708,-0.01192896,0.17184648,1.00000000,-0.85597706,-0.09866642
1709,-0.00051019,0.37209912,1.00000000,-0.48955619,0.14038047
1710,-0.00734716,-0.14183832,-1.00000000,-0.57025826,0.05531242
1711,-0.00874265,0.08303104,-1.00000000,-0.98172265,-0.08272841
1712,-0.00120647,-0.05160922,-1.00000000,-0.73535884,-0.24928810
1713,0.00487763,-0.07909049,-1.00000000,-0.68507379,-0.06722016
1714,-0.00712212,0.06931927,-1.00000000,-0.95663294,-0.13884809
1715,0.00909917,0.18913315,1.00000000,-0.82434603,0.03931711
1716,0.00995237,-0.04717751,-1.00000000,-0.74346795,0.24184263
1717,-0.00168668,0.27226767,1.00000000,-0.67222707,0.23664044
1718,0.00698762,0.28906970,1.00000000,-0.64148283,0.25949819
1719,0.00004697,0.05986248,-1.00000000,-0.93932898,0.33716193
1720,-0.01026504,0.23068502,1.00000000,-0.74831471,0.12738701
1721,0.00262041,0.09400320,1.00000000,-0.99841415,0.04795900
1722,-0.01966130,-0.10907081,-1.00000000,-0.63021602,-0.14676247
1723,0.00734077,0.14468181,1.00000000,-0.90568279,-0.14293670
1724,0.00616293,-0.29411115,-1.00000000,-0.29163050,-0.07668178
1725,0.00004168,0.23763969,1.00000000,-0.73558911,0.03497226
1726,0.00615578,0.21444444,1.00000000,-0.77803161,0.07327141
1727,0.00651740,0.09389902,1.00000000,-0.99860478,0.35686876
1728,0.00120661,0.21430376,1.00000000,-0.77828902,0.29041664
1729,-0.00446414,0.22142516,1.00000000,-0.76525835,0.17529222
1730,0.01637863,0.11683998,1.00000000,-0.95662758,0.35227251
1731,0.00064657,0.00516598,-1.00000000,-0.83924569,0.29259051
1732,0.00130304,0.41562192,1.00000000,-0.40991847,0.23610262
1733,-0.01046345,0.10581109,1.00000000,-0.97680816,0.10967932
1734,0.00310194,0.11873888,1.00000000,-0.95315299,0.19164371
1735,-0.00671825,-0.11297812,-1.00000000,-0.62306646,-0.05856781
1736,-0.00584319,0.15416462,1.00000000,-0.88833121,-0.12887224
1737,-0.00191012,-0.03922409,-1.00000000,-0.75802106,-0.16368081
1738,-0.00478674,-0.02199153,-1.00000000,-0.78955307,-0.10218424
1739,0.00336392,0.05546227,-1.00000000,-0.93127750,-0.09934627
1740,-0.00412710,-0.00118684,-1.00000000,-0.82762135,-0.07127598
1741,0.00145776,0.15932363,1.00000000,-0.87889130,0.00781616
1742,-0.00222020,0.01180337,-1.00000000,-0.85139075,0.00445697
1743,0.00012148,0.12178579,1.00000000,-0.94757776,0.05762829
1744,-0.00196024,0.04935577,-1.00000000,-0.92010387,-0.00004901
1745,-0.00761195,0.09547043,1.00000000,-0.99572942,-0.03780090
1746,0.00032186,0.05447518,-1.00000000,-0.92947134,-0.05010623
1747,-0.00030953,-0.05682376,-1.00000000,-0.72581731,-0.02940769
1748,0.00575648,0.09941660,1.00000000,-0.98850875,0.03163706
1749,-0.00508663,0.08698252,-1.00000000,-0.98895304,-0.00223154
1750,0.00037871,0.20644039,1.00000000,-0.79267737,0.08433238
1751,0.00095574,-0.00709271,-1.00000000,-0.81681483,0.09119923
1752,0.00728273,0.10053611,1.00000000,-0.98646028,0.17344722
1753,0.00413343,0.11189948,1.00000000,-0.96566767,0.15586448
1754,-0.00465244,0.23649670,1.00000000,-0.73768053,0.16056817
1755,-0.00079682,0.17447768,1.00000000,-0.85116251,0.14783352
1756,-0.00785335,0.00145787,-1.00000000,-0.83246063,0.05240355
1757,0.00066232,0.07738646,-1.00000000,-0.97139424,-0.01931627
1758,-0.00841907,-0.06157749,-1.00000000,-0.71711896,-0.15529920
1759,-0.00033469,0.10612111,1.00000000,-0.97624089,-0.10852453
1760,0.00499158,-0.07271834,-1.00000000,-0.69673352,-0.04581807
1761,-0.00164893,0.08648703,-1.00000000,-0.98804639,0.02139521
1762,-0.00036951,0.19137715,1.00000000,-0.82023998,0.01021728
1763,0.00449049,0.06060590,-1.00000000,-0.94068928,0.15006821
1764,-0.00210558,0.08580134,-1.00000000,-0.98679172,0.13088398
1765,-0.00144863,0.18150912,1.00000000,-0.83829644,0.06111635
1766,-0.00151437,0.05161305,-1.00000000,-0.92423422,0.06257406
1767,0.00668221,0.06455034,-1.00000000,-0.94790679,0.13896634
1768,-0.00452120,0.06325580,-1.00000000,-0.94553804,0.04134157
1769,-0.00227765,0.22467073,1.00000000,-0.75931963,0.03947748
1770,0.00483505,0.00404233,-1.00000000,-0.83718965,0.10754941
1771,0.00656340,0.04822441,-1.00000000,-0.91803372,0.19505690
1772,-0.00270004,0.18829463,1.00000000,-0.82588036,0.09341779
1773,-0.00202107,0.22233094,1.00000000,-0.76360095,0.12050200
1774,-0.02064345,0.03990647,-1.00000000,-0.90281361,-0.07845710
1775,0.00242133,0.05327726,-1.00000000,-0.92727939,-0.10460527
1776,0.00269819,-0.31345259,-1.00000000,-0.25623966,-0.14647761
1777,0.00023076,0.14076129,1.00000000,-0.91285653,-0.11472788
1778,-0.00453792,0.14621348,1.00000000,-0.90288015,-0.14199322
1779,0.00362202,0.09762259,1.00000000,-0.99179142,0.12087785
1780,0.01153943,0.00371307,-1.00000000,-0.83658717,0.21965543
1781,-0.00656926,0.16440653,1.00000000,-0.86959063,0.11925996
1782,0.00733126,0.32032369,1.00000000,-0.58429450,0.19618054
1783,-0.00271540,-0.03629001,-1.00000000,-0.76338981,0.21592413
1784,0.00026931,0.23745235,1.00000000,-0.73593191,0.17960378
1785,0.00641175,0.03960389,-1.00000000,-0.90225994,0.12405499
1786,0.00854313,0.09838173,1.00000000,-0.99040236,0.28776942
1787,0.00223702,0.21934455,1.00000000,-0.76906543,0.23258288
1788,-0.01892033,0.26131761,1.00000000,-0.69226341,0.05703275
1789,-0.02361522,0.13713171,1.00000000,-0.91949790,-0.20171145
1790,-0.00977147,-0.27951920,-1.00000000,-0.31833074,-0.37702638
1791,0.01384358,-0.37197537,-1.00000000,-0.14915508,-0.31960587
1792,-0.00427770,-0.09935098,-1.00000000,-0.64800130,-0.39018071
1793,-0.00046666,0.36569925,1.00000000,-0.50126663,-0.19026967
1794,-0.00001556,0.00883753,-1.00000000,-0.84596388,0.06538844
1795,0.00112534,0.08388826,-1.00000000,-0.98329118,0.18343500
1796,-0.00435055,0.09277169,-1.00000000,-0.99954601,-0.01366437
1797,0.00742250,0.11523949,1.00000000,-0.95955614,0.11308540
1798,-0.01423168,0.00740295,-1.00000000,-0.84333890,-0.03603287
1799,-0.01622932,0.23924908,1.00000000,-0.73264425,-0.21167864
1800,-0.00194421,-0.18718578,-1.00000000,-0.48728180,-0.24493155
1801,0.00904572,-0.22652527,-1.00000000,-0.41529867,-0.09980798
1802,0.00155343,0.05479084,-1.00000000,-0.93004891,-0.16338833
1803,-0.01019918,0.27121524,1.00000000,-0.67415281,-0.11970374
1804,-0.01335375,0.12366980,1.00000000,-0.94413042,-0.08855228
1805,0.00677645,-0.10777392,-1.00000000,-0.63258905,0.00591978
1806,-0.00592512,-0.16989671,-1.00000000,-0.51891721,-0.15626130
1807,0.00723801,0.22652649,1.00000000,-0.75592397,-0.09467948
1808,-0.01095868,-0.02360497,-1.00000000,-0.78660081,-0.10290721
1809,-0.00295146,0.23561605,1.00000000,-0.73929196,0.00978210
1810,0.01062299,-0.12273066,-1.00000000,-0.60522131,0.05145223
1811,0.00029671,0.03495509,-1.00000000,-0.89375361,0.11885409
1812,-0.00999697,0.30227637,1.00000000,-0.61731736,-0.06785471
1813,-0.00666929,0.09892122,1.00000000,-0.98941520,-0.02138725
1814,0.00327395,-0.10379179,-1.00000000,-0.63987554,0.04605344
1815,0.00554138,-0.03825998,-1.00000000,-0.75978517,-0.00899639
1816,0.00333455,0.15755188,1.00000000,-0.88213322,0.02391295
1817,-0.00437544,0.20220426,1.00000000,-0.80042861,0.08481169
1818,0.00150288,0.15874534,1.00000000,-0.87994945,0.17334187
1819,-0.00545832,0.00691273,-1.00000000,-0.84244188,0.07874408
1820,0.00749182,0.12267425,1.00000000,-0.94595207,0.09987352
1821,0.01438038,-0.01441233,-1.00000000,-0.80342144,0.21953442
1822,0.00742408,0.24061434,1.00000000,-0.73014611,0.34736016
1823,-0.00128082,0.37627040,1.00000000,-0.48192360,0.31720404
1824,0.00770939,0.23928023,1.00000000,-0.73258726,0.45985157
1825,-0.01321364,0.06785507,-1.00000000,-0.95395376,0.23554664
1826,-0.00627215,0.24489890,1.00000000,-0.72230626,0.01181516
1827,-0.00141419,-0.16713745,-1.00000000,-0.52396608,-0.08393093
1828,0.00335275,-0.03043897,-1.00000000,-0.77409602,-0.03373493
1829,-0.00894089,0.06522859,-1.00000000,-0.94914785,-0.21410955
1830,-0.00037044,0.15910367,1.00000000,-0.87929378,-0.07497757
1831,-0.00258826,-0.08299437,-1.00000000,-0.67793051,-0.03506953
1832,0.00817602,0.08578306,-1.00000000,-0.98675826,0.06882243
1833,0.00512432,0.04210769,-1.00000000,-0.90684138,0.08801414
1834,-0.00406263,0.25408818,1.00000000,-0.70549178,0.14086089
1835,-0.00424955,0.19399123,1.00000000,-0.81545676,0.09883804
1836,0.00576547,0.01307289,-1.00000000,-0.85371371,0.18933504
1837,0.00705749,0.00939199,-1.00000000,-0.84697843,0.17721786
1838,-0.00171409,0.20661728,1.00000000,-0.79235369,0.10313646
1839,0.00208806,0.23206101,1.00000000,-0.74579694,0.16976774
1840,-0.00463660,0.05932266,-1.00000000,-0.93834121,0.16557479
1841,0.00117818,0.13419829,1.00000000,-0.92486546,0.11588008
1842,0.01033699,0.00176986,-1.00000000,-0.83303150,0.15140736
1843,-0.00249288,0.11627995,1.00000000,-0.95765231,0.14297059
1844,-0.00350536,0.29664414,1.00000000,-0.62762317,0.08237634
1845,0.00265254,0.04398590,-1.00000000,-0.91027811,0.16134048
1846,0.00366600,0.02404728,-1.00000000,-0.87379458,0.18829143
1847,-0.00515400,0.14531450,1.00000000,-0.90452509,0.02047545
1848,0.00322767,0.16527263,1.00000000,-0.86800586,0.08244695
1849,0.00983047,-0.00841945,-1.00000000,-0.81438717,0.22691565
1850,0.00792933,0.15664052,1.00000000,-0.88380081,0.28407978
1851,-0.00544184,0.28666913,1.00000000,-0.64587538,0.18541328
1852,-0.02114677,0.24923009,1.00000000,-0.71438107,0.01216156
1853,0.00101304,-0.01408788,-1.00000000,-0.80401513,-0.01182982
1854,0.00036331,-0.32336440,-1.00000000,-0.23810310,-0.11438879
1855,-0.00230675,0.11302789,1.00000000,-0.96360290,-0.22527759
1856,0.00221663,0.10023274,1.00000000,-0.98701538,-0.14231236
1857,0.00047158,0.04765132,-1.00000000,-0.91698508,0.09188206
1858,-0.00350133,0.13673014,1.00000000,-0.92023270,0.04297731
1859,0.00811333,0.10236497,1.00000000,-0.98311384,0.12693437
1860,0.00466849,0.02412660,-1.00000000,-0.87393970,0.20249812
1861,0.00150119,0.25285373,1.00000000,-0.70775055,0.19474774
1862,-0.00028192,0.18501459,1.00000000,-0.83188214,0.18658495
1863,-0.00878633,0.12264113,1.00000000,-0.94601268,0.12933184
1864,0.00049423,0.08752629,-1.00000000,-0.98994802,0.04679309
1865,-0.00612400,-0.07995074,-1.00000000,-0.68349972,-0.07012342
1866,-0.00066813,0.10281101,1.00000000,-0.98229769,-0.09362400
1867,-0.00260415,-0.02752162,-1.00000000,-0.77943416,-0.11878102
1868,0.00349951,0.07992070,-1.00000000,-0.97603136,0.01431311
1869,0.00217041,0.04179471,-1.00000000,-0.90626869,0.03247139
1870,0.00416753,0.16199388,1.00000000,-0.87400529,0.14396097
1871,0.00228707,0.13581996,1.00000000,-0.92189813,0.17597505
1872,0.01097860,0.17514926,1.00000000,-0.84993366,0.32311873
1873,0.00282011,0.13811737,1.00000000,-0.91769435,0.31575867
1874,0.00043729,0.30927923,1.00000000,-0.60450357,0.29698353
1875,-0.00574272,0.14861443,1.00000000,-0.89848691,0.18962447
1876,-0.00079104,0.10168966,1.00000000,-0.98434953,0.15627886
1877,-0.00583473,-0.02001297,-1.00000000,-0.79317343,-0.02586206
1878,0.00451932,0.07750017,-1.00000000,-0.97160230,-0.00745424
1879,0.00501110,-0.02182489,-1.00000000,-0.78985800,0.04209445
1880,0.00356503,0.18207700,1.00000000,-0.83725732,0.14292645
1881,0.00682668,0.19176155,1.00000000,-0.81953660,0.22545019
1882,-0.00351008,0.16328407,1.00000000,-0.87164451,0.25063338
1883,0.00075496,0.22751561,1.00000000,-0.75411408,0.20985357
1884,0.00481736,0.02395429,-1.00000000,-0.87362442,0.20775480
1885,-0.00458773,0.10794559,1.00000000,-0.97290246,0.11943493
1886,-0.00323098,0.18794631,1.00000000,-0.82651771,0.01047909
1887,-0.00030256,0.00273214,-1.00000000,-0.83479228,0.04522656
1888,0.00416643,0.02945068,-1.00000000,-0.88368167,0.08218340
1889,0.00294353,0.08711984,-1.00000000,-0.98920429,0.06188389
1890,-0.00127808,0.17512743,1.00000000,-0.84997360,0.09773783
1891,0.00647184,0.15104493,1.00000000,-0.89403959,0.20284964
1892,-0.01321893,0.06790908,-1.00000000,-0.95405258,0.06292494
1893,0.00723547,0.22052775,1.00000000,-0.76690041,0.09617228
1894,-0.01021855,-0.16724171,-1.00000000,-0.52377531,-0.04641426
1895,0.00608383,0.23556598,1.00000000,-0.73938357,0.03333817
1896,-0.00803854,-0.10815544,-1.00000000,-0.63189095,-0.12385459
1897,0.00334111,0.21288672,1.00000000,-0.78088192,0.05554247
1898,0.00086229,-0.06522448,-1.00000000,-0.71044573,-0.01349896
1899,-0.00524427,0.15887451,1.00000000,-0.87971308,0.04038813
1900,0.00089737,0.11005929,1.00000000,-0.96903484,-0.01579738
1901,0.00438848,-0.01019700,-1.00000000,-0.81113463,0.11882614
1902,-0.00070614,0.11075011,1.00000000,-0.96777078,0.07498180
1903,-0.01568388,0.17950034,1.00000000,-0.84197208,-0.10426507
1904,-0.01425956,0.07917226,-1.00000000,-0.97466187,-0.20192892
1905,-0.00638818,-0.21578391,-1.00000000,-0.43495314,-0.28085423
1906,-0.00015686,-0.18773483,-1.00000000,-0.48627714,-0.33009453
1907,-0.00719088,-0.03272395,-1.00000000,-0.76991498,-0.40034462
1908,0.00313044,0.08998907,-1.00000000,-0.99445439,-0.19652662
1909,-0.00601923,-0.04853157,-1.00000000,-0.74099030,-0.10725803
1910,0.00217717,0.15472580,1.00000000,-0.88730436,-0.01446857
1911,-0.00400159,-0.02545828,-1.00000000,-0.78320965,-0.05611897
1912,-0.00080644,0.13595299,1.00000000,-0.92165473,0.01304452
1913,0.00294776,0.01427505,-1.00000000,-0.85591341,0.01106551
1914,-0.00336195,0.07719701,-1.00000000,-0.97104757,0.03985212
1915,-0.00040128,0.15112827,1.00000000,-0.89388710,0.01191948
1916,-0.00018083,0.02687134,-1.00000000,-0.87896201,0.05331025
1917,0.00116556,0.08517575,-1.00000000,-0.98564702,0.07467314
1918,-0.00249754,0.08951710,-1.00000000,-0.99359079,0.01568354
1919,-0.00245827,0.11603145,1.00000000,-0.95810702,0.02547330
1920,-0.00384535,0.04389426,-1.00000000,-0.91011043,-0.01183678
1921,-0.00073895,0.04466763,-1.00000000,-0.91152554,-0.01788298
1922,0.00277437,0.01735176,-1.00000000,-0.86154316,-0.00045455
1923,0.00128551,0.07852605,-1.00000000,-0.97347944,0.04052767
1924,0.00146369,0.14771364,1.00000000,-0.90013516,0.08301472
1925,-0.00061170,0.11839362,1.00000000,-0.95378473,0.11804536
1926,-0.00073914,0.12190254,1.00000000,-0.94736414,0.11804327
1927,0.00207316,0.08103207,-1.00000000,-0.97806493,0.11044698
1928,0.00617681,0.07852226,-1.00000000,-0.97347250,0.16343504
1929,-0.00539168,0.13390475,1.00000000,-0.92540257,0.08916994
1930,0.00620943,0.21471775,1.00000000,-0.77753152,0.16306403
1931,0.00298797,-0.01309997,-1.00000000,-0.80582279,0.20344031
1932,-0.00805896,0.21536013,1.00000000,-0.77635609,0.09367774
1933,0.00165114,0.15192012,1.00000000,-0.89243818,0.04465062
1934,0.00187546,-0.06562669,-1.00000000,-0.70970977,0.12337648
1935,0.00070229,0.12559400,1.00000000,-0.94060953,0.06371700
1936,-0.01373492,0.13001152,1.00000000,-0.93252638,-0.11744418
1937,0.01232538,0.10690838,1.00000000,-0.97480035,0.10338202
1938,0.00278761,-0.17740300,-1.00000000,-0.50518226,0.11569354
1939,0.00104272,0.33580132,1.00000000,-0.55597364,0.10667239
1940,0.00381740,0.14797445,1.00000000,-0.89965795,0.14041878
1941,0.00446472,0.11361246,1.00000000,-0.96253326,0.33757780
1942,0.00056052,0.16825412,1.00000000,-0.86255035,0.21012756
1943,-0.00313265,0.18100173,1.00000000,-0.83922486,0.14599259
1944,0.00161550,0.10411643,1.00000000,-0.97990904,0.15219750
1945,0.00524393,0.03138695,-1.00000000,-0.88722464,0.16765128
1946,0.00380202,0.12489204,1.00000000,-0.94189397,0.16047211
1947,0.00010350,0.19634671,1.00000000,-0.81114672,0.15552115
1948,0.00487203,0.16795109,1.00000000,-0.86310481,0.24223695
1949,0.00447573,0.09511633,1.00000000,-0.99637735,0.27322222
1950,-0.00090951,0.18902293,1.00000000,-0.82454772,0.20656117
1951,0.00476498,0.18121848,1.00000000,-0.83882825,0.21699312
1952,-0.00088041,0.07516719,-1.00000000,-0.96733342,0.20633432
1953,-0.00232759,0.18691478,1.00000000,-0.82840519,0.12833984
1954,-0.00610108,0.07574027,-1.00000000,-0.96838204,0.01375992
1955,0.00371401,0.04724098,-1.00000000,-0.91623424,0.06384713
1956,-0.01069326,-0.02707016,-1.00000000,-0.78026023,-0.10361404
1957,0.01404024,0.16621802,1.00000000,-0.86627597,0.05802329
1958,-0.00211181,-0.11750384,-1.00000000,-0.61478532,0.06036089
1959,-0.00130788,0.36957204,1.00000000,-0.49418022,0.11228620
1960,0.00428297,0.05149038,-1.00000000,-0.92400976,0.11844980
1961,0.00130078,0.06732204,-1.00000000,-0.95297843,0.24838277
1962,0.00078818,0.17742252,1.00000000,-0.84577407,0.10482151
1963,-0.00494500,0.11869428,1.00000000,-0.95323459,0.07412917
1964,0.00038214,0.10859978,1.00000000,-0.97170544,0.09243744
1965,0.00121070,-0.00430357,-1.00000000,-0.82191838,0.05915515
1966,-0.00401059,0.10060365,1.00000000,-0.98633669,0.00161646
1967,-0.00340836,0.11692045,1.00000000,-0.95648033,-0.04384517
1968,-0.00542328,0.01409780,-1.00000000,-0.85558908,-0.04902638
1969,0.00148010,0.02595755,-1.00000000,-0.87728997,-0.03713202
1970,0.01022211,-0.01372221,-1.00000000,-0.80468422,0.06048975
1971,0.00029380,0.12222576,1.00000000,-0.94677270,0.10711970
1972,0.00130617,0.29438179,1.00000000,-0.63176281,0.15819278
1973,-0.01463684,0.09886385,1.00000000,-0.98952016,0.05838101
1974,-0.00824734,0.11880054,1.00000000,-0.95304015,-0.04699762
1975,-0.00455815,-0.19516463,-1.00000000,-0.47268215,-0.20711410
1976,0.00202754,-0.06933635,-1.00000000,-0.70292186,-0.18833225
1977,-0.00779563,0.00331470,-1.00000000,-0.83585823,-0.28693319
1978,0.00365841,0.13300637,1.00000000,-0.92704643,-0.08873833
1979,-0.01188610,-0.06044079,-1.00000000,-0.71919889,-0.12815748
1980,-0.00540343,0.16512309,1.00000000,-0.86827948,-0.13731453
1981,-0.00481758,-0.14099428,-1.00000000,-0.57180267,-0.21146859
1982,0.01167921,-0.01333140,-1.00000000,-0.80539932,-0.00049513
1983,0.00493195,-0.00179430,-1.00000000,-0.82650983,0.01330129
1984,-0.00117767,0.32307646,1.00000000,-0.57925750,0.12930709
1985,0.00756992,0.19020286,1.00000000,-0.82238869,0.26984911
1986,0.00273399,0.06988639,-1.00000000,-0.95767065,0.35165627
1987,0.00099338,0.24215233,1.00000000,-0.72733191,0.23589523
1988,-0.00768751,0.14691853,1.00000000,-0.90159005,0.09918700
1989,0.01973901,0.11264071,1.00000000,-0.96431136,0.32578011
1990,0.00772118,-0.05831164,-1.00000000,-0.72309479,0.32741876
1991,-0.00181494,0.48179775,1.00000000,-0.28883039,0.27813960
1992,0.00023127,0.24513114,1.00000000,-0.72188131,0.26988356
1993,-0.00321505,0.05733663,-1.00000000,-0.93470718,0.31833426
1994,-0.00524149,0.09763250,1.00000000,-0.99177328,0.04771722
1995,-0.00862300,0.02976426,-1.00000000,-0.88425546,-0.12934145
1996,-0.00859865,-0.01014232,-1.00000000,-0.81123467,-0.20283023
1997,0.00370797,-0.07673425,-1.00000000,-0.68938523,-0.16516666
1998,0.00270112,-0.07625466,-1.00000000,-0.69026278,-0.10107599
1999,0.00133542,0.16609908,1.00000000,-0.86649361,-0.02982751
2000,-0.00847525,0.14627121,1.00000000,-0.90277451,-0.02822690
2001,0.01339151,0.11937644,1.00000000,-0.95198637,0.20999530
2002,-0.00972301,-0.07382459,-1.00000000,-0.69470930,0.06449577
2003,-0.00959853,0.35679660,1.00000000,-0.51755663,-0.06874790
2004,0.00380852,-0.09839664,-1.00000000,-0.64974753,-0.04195644
2005,-0.00223811,-0.09594525,-1.00000000,-0.65423307,0.02561125
2006,0.00039230,0.16807919,1.00000000,-0.86287043,-0.11521082
2007,0.00040209,0.04900306,-1.00000000,-0.91945848,-0.00552438
2008,0.00606653,0.10080376,1.00000000,-0.98597053,0.16417720
2009,-0.00140045,0.10099641,1.00000000,-0.98561803,0.10774772
2010,0.00196157,0.21254607,1.00000000,-0.78150524,0.15324348
2011,0.02360882,0.06549910,-1.00000000,-0.94964282,0.40475108
2012,-0.00243645,0.13170735,1.00000000,-0.92942337,0.37400084
2013,-0.00621664,0.55800583,1.00000000,-0.14938538,0.24093563
2014,0.01312056,0.04509720,-1.00000000,-0.91231157,0.39824361
2015,0.00201755,-0.02934597,-1.00000000,-0.77609597,0.39885003
2016,0.01145850,0.35146076,1.00000000,-0.52732011,0.26722400
2017,0.01214161,0.13280974,1.00000000,-0.92740622,0.42515000
2018,0.00163057,0.31872998,1.00000000,-0.58721066,0.51015989
2019,0.00126325,0.33218233,1.00000000,-0.56259565,0.38170816
2020,0.00742822,0.12518892,1.00000000,-0.94135074,0.44032259
2021,-0.00850805,0.11795529,1.00000000,-0.95458678,0.22402234
2022,-0.00476069,0.23936174,1.00000000,-0.73243811,0.04091755
2023,-0.00851439,-0.07447055,-1.00000000,-0.69352733,-0.06898417
2024,0.00045222,-0.00067397,-1.00000000,-0.82855980,-0.07777020
2025,0.00740158,-0.07459547,-1.00000000,-0.69329875,-0.07805877
2026,-0.00008779,0.10198365,1.00000000,-0.98381158,0.01315899
2027,0.00273417,0.23883715,1.00000000,-0.73339800,0.09435182
2028,0.00554245,0.09134930,-1.00000000,-0.99694334,0.24663140
2029,-0.00545157,0.14692208,1.00000000,-0.90158356,0.18267495
2030,-0.00180171,0.20222535,1.00000000,-0.80039002,0.08297456
2031,0.00604685,-0.01427932,-1.00000000,-0.80366482,0.14943194
2032,-0.00034324,0.05759720,-1.00000000,-0.93518398,0.11609399
2033,0.00530048,0.21215859,1.00000000,-0.78221425,0.11347269
2034,-0.00927254,0.08631881,-1.00000000,-0.98773858,0.07207959
2035,-0.00023837,0.19746024,1.00000000,-0.80910918,0.08901538
2036,0.00577278,-0.08952560,-1.00000000,-0.66597970,0.08604632
2037,-0.00522150,0.08838385,-1.00000000,-0.99151718,0.03319946
2038,-0.00285290,0.20676129,1.00000000,-0.79209020,-0.05512711
2039,0.00514285,-0.00974863,-1.00000000,-0.81195505,0.10103671
2040,0.00255479,0.03689615,-1.00000000,-0.89730535,0.13129538
2041,0.00177702,0.19435616,1.00000000,-0.81478901,0.08800882
2042,0.00179408,0.14338945,1.00000000,-0.90804754,0.16400952
2043,-0.00329476,0.12807299,1.00000000,-0.93607350,0.15922277
2044,0.00500154,0.12840893,1.00000000,-0.93545879,0.15769194
2045,0.00550228,0.02819458,-1.00000000,-0.88138326,0.18962250
2046,-0.01770893,0.19157335,1.00000000,-0.81988098,-0.02147139
2047,-0.00283090,0.20143429,1.00000000,-0.80183749,-0.07157446
2048,-0.00495109,-0.25566318,-1.00000000,-0.36198231,-0.08951771
2049,0.02208150,0.03732928,-1.00000000,-0.89809787,0.09551167
2050,0.00476447,-0.00442350,-1.00000000,-0.82169894,0.08751893
2051,0.00555155,0.52792826,1.00000000,-0.20442110,0.33950280
2052,-0.00441093,0.18690472,1.00000000,-0.82842361,0.32238613
2053,0.01328275,0.20240466,1.00000000,-0.80006192,0.51991573
2054,0.01041160,0.00621382,-1.00000000,-0.84116303,0.39349416
2055,-0.00121231,0.35465487,1.00000000,-0.52147555,0.32874685
2056,0.00932021,0.29811333,1.00000000,-0.62493487,0.36957326
2057,0.01148451,0.06920409,-1.00000000,-0.95642219,0.54177066
2058,-0.00495533,0.27662077,1.00000000,-0.66426180,0.34419516
2059,-0.00454388,0.31924217,1.00000000,-0.58627346,0.18218054
2060,0.00495976,-0.00450694,-1.00000000,-0.82154626,0.24904343
2061,0.00970579,0.00359571,-1.00000000,-0.83637242,0.25322040
2062,0.00257524,0.19075052,1.00000000,-0.82138658,0.15670517
2063,-0.02015314,0.28421387,1.00000000,-0.65036801,-0.00793469
2064,-0.01523065,0.14379235,1.00000000,-0.90731032,-0.12370590
2065,-0.00078312,-0.30379683,-1.00000000,-0.27390770,-0.18591927
2066,0.00080148,-0.20685852,-1.00000000,-0.45128475,-0.28238077
2067,0.01234836,0.07765619,-1.00000000,-0.97188778,-0.17650739
2068,-0.00039927,0.10886172,1.00000000,-0.97122614,0.03748881
2069,0.00851515,0.33625384,1.00000000,-0.55514563,0.29473016
2070,-0.00536888,0.08521530,-1.00000000,-0.98571939,0.24505206
2071,0.01380500,0.26076661,1.00000000,-0.69327164,0.38592090
2072,-0.00482428,-0.01265092,-1.00000000,-0.80664445,0.19988756
2073,-0.01384473,0.36493955,1.00000000,-0.50265671,0.05423121
2074,0.00512442,-0.00192611,-1.00000000,-0.82626865,0.01749899
2075,-0.00328795,-0.17956551,-1.00000000,-0.50122531,0.04004199
2076,-0.00663391,0.19399310,1.00000000,-0.81545334,-0.18137538
2077,0.00115862,0.02832877,-1.00000000,-0.88162881,-0.11656188
2078,-0.00400958,-0.03756310,-1.00000000,-0.76106033,-0.01001642
2079,0.00445043,0.11589484,1.00000000,-0.95835699,-0.01731780
2080,-0.00615983,0.01411772,-1.00000000,-0.85562553,-0.04842925
2081,-0.00643703,0.18072032,1.00000000,-0.83973977,-0.04629648
2082,0.00675326,-0.02822706,-1.00000000,-0.77814335,0.01431098
2083,-0.00490047,-0.03368605,-1.00000000,-0.76815453,0.00465987
2084,-0.00018281,0.22606987,1.00000000,-0.75675949,-0.04553268
2085,0.00002340,-0.00342652,-1.00000000,-0.82352321,0.02145103
2086,0.00143804,0.08947800,-1.00000000,-0.99351924,0.10676272
2087,-0.00052463,0.09353902,1.00000000,-0.99926352,0.02792034
2088,-0.00059625,0.12139746,1.00000000,-0.94828833,0.07454846
2089,0.00519918,0.08274656,-1.00000000,-0.98120211,0.13285236
2090,0.00398407,0.08133623,-1.00000000,-0.97862149,0.17575874
2091,-0.00020600,0.19546550,1.00000000,-0.81275914,0.15794858
2092,-0.00268908,0.17153620,1.00000000,-0.85654480,0.13450090
2093,-0.00486285,0.08902132,-1.00000000,-0.99268362,0.08828030
2094,-0.00334468,0.04012231,-1.00000000,-0.90320854,-0.00427646
2095,0.00668333,-0.00268571,-1.00000000,-0.82487872,0.02496507
2096,0.00713013,0.02721158,-1.00000000,-0.87958458,0.10443834
2097,0.00768667,0.22469281,1.00000000,-0.75927923,0.21684012
2098,0.00534571,0.23349148,1.00000000,-0.74317948,0.32743077
2099,-0.00001852,0.24445143,1.00000000,-0.72312504,0.36346343
2100,-0.00866988,0.19835104,1.00000000,-0.80747920,0.19714006
2101,0.00733884,0.09271341,-1.00000000,-0.99943938,0.19940107
2102,-0.00946365,-0.07765746,-1.00000000,-0.68769594,0.01360945
2103,0.00276347,0.23760164,1.00000000,-0.73565874,-0.01436430
2104,0.00269198,-0.09328910,-1.00000000,-0.65909328,0.01499894
2105,-0.00259779,0.14749907,1.00000000,-0.90052779,0.08077867
2106,-0.00273422,0.14609127,1.00000000,-0.90310378,-0.02834412
2107,0.00125408,0.04191995,-1.00000000,-0.90649786,0.08776247
2108,0.01011937,0.03923322,-1.00000000,-0.90158169,0.16744987
2109,-0.01139532,0.11777479,1.00000000,-0.95491706,0.01484033
2110,0.00531851,0.29235848,1.00000000,-0.63546505,0.10059867
2111,0.00612328,-0.13132937,-1.00000000,-0.58948745,0.19655310
2112,0.00236250,0.19781540,1.00000000,-0.80845931,0.20856069
2113,-0.00285575,0.21366359,1.00000000,-0.77946041,0.06799952
2114,0.00314137,0.13960274,1.00000000,-0.91497644,0.22547735
2115,-0.01000935,0.03683993,-1.00000000,-0.89720246,0.05942863
2116,0.00446341,0.15494106,1.00000000,-0.88691048,0.04144710
2117,0.01228214,-0.10403558,-1.00000000,-0.63942945,0.14890782
2118,-0.01008374,0.18097593,1.00000000,-0.83927205,0.07060612
2119,0.00636796,0.33494977,1.00000000,-0.55753179,0.10556020
2120,0.00018707,-0.10550050,-1.00000000,-0.63674895,0.21601931
2121,0.00494271,0.21848219,1.00000000,-0.77064336,0.22121166
2122,-0.02286114,0.09676205,1.00000000,-0.99336602,-0.15950005
2123,-0.00968644,0.19041484,1.00000000,-0.82200081,-0.15519607
2124,0.00202937,-0.35712546,-1.00000000,-0.17632735,-0.20219655
2125,-0.00101077,-0.09767652,-1.00000000,-0.65106521,-0.21517289
2126,-0.00860393,0.13304255,1.00000000,-0.92698023,-0.36192543
2127,0.00454073,0.07317308,-1.00000000,-0.96368461,-0.06507740
2128,-0.00842083,-0.07635867,-1.00000000,-0.69007246,-0.05136685
2129,0.00274922,0.18249852,1.00000000,-0.83648603,-0.04356862
2130,0.00317250,-0.07275285,-1.00000000,-0.69667037,0.00174933
2131,0.00469505,0.14721852,1.00000000,-0.90104114,0.14581888
2132,-0.00181436,0.15555412,1.00000000,-0.88578870,0.07697339
2133,-0.00670830,0.18553758,1.00000000,-0.83092518,0.09552541
2134,-0.00551480,0.05734804,-1.00000000,-0.93472806,0.00600017
2135,-0.00122441,-0.03902814,-1.00000000,-0.75837960,-0.04163220
2136,-0.00807780,-0.01552457,-1.00000000,-0.80138627,-0.18000216
2137,0.00033837,0.06896582,-1.00000000,-0.95598620,-0.15668131
2138,0.00086424,-0.06599769,-1.00000000,-0.70903092,-0.07464704
2139,-0.00442164,0.09974174,1.00000000,-0.98791381,-0.06280472
2140,-0.00303997,0.11009753,1.00000000,-0.96896487,-0.08247283
2141,0.00218743,0.00600293,-1.00000000,-0.84077715,0.02873172
2142,-0.00141485,0.03321222,-1.00000000,-0.89056451,0.00973882
2143,-0.01767163,0.13615505,1.00000000,-0.92128499,-0.19106262
2144,-0.00303249,0.06521558,-1.00000000,-0.94912404,-0.17601372
2145,0.00670020,-0.25492855,-1.00000000,-0.36332653,-0.07049722
2146,0.00279094,0.03335952,-1.00000000,-0.89083404,-0.06395922
2147,0.00765595,0.22502497,1.00000000,-0.75867144,0.03430598
2148,-0.00032627,0.14804012,1.00000000,-0.89953778,0.22221049
2149,-0.01185770,0.24384657,1.00000000,-0.72423179,0.12660583
2150,-0.00542941,0.08665289,-1.00000000,-0.98834988,-0.00479586
2151,-0.00391305,-0.14043501,-1.00000000,-0.57282602,-0.07742115
2152,-0.00141505,-0.01384307,-1.00000000,-0.80446307,-0.17568850
2153,0.00677881,0.01601854,-1.00000000,-0.85910363,-0.09871822
2154,0.00583612,0.06521168,-1.00000000,-0.94911690,0.09296119
2155,-0.00024288,0.22657299,1.00000000,-0.75583888,0.14914756
2156,0.00400278,0.20800862,1.00000000,-0.78980783,0.23490086
2157,0.00875330,0.08829511,-1.00000000,-0.99135480,0.34505585
2158,-0.01417251,0.17190481,1.00000000,-0.85587034,0.11808748
2159,-0.00225604,0.26545649,1.00000000,-0.68469013,0.03042402
2160,-0.00535242,-0.18602054,-1.00000000,-0.48941393,-0.02492828
2161,0.00252829,0.04864996,-1.00000000,-0.91881239,-0.04090161
2162,-0.00261713,-0.01232684,-1.00000000,-0.80723746,-0.16407896
2163,0.00632779,0.14286774,1.00000000,-0.90900215,0.05800343
2164,-0.00148794,0.04153904,-1.00000000,-0.90580088,0.06632443
2165,0.00082609,0.21769103,1.00000000,-0.77209102,0.13325708
2166,-0.00277615,0.06377625,-1.00000000,-0.94649037,0.07579340
2167,0.00417279,0.10934641,1.00000000,-0.97033925,0.14934956
2168,0.00363103,0.03840762,-1.00000000,-0.90007103,0.12013522
2169,-0.00157719,0.17525281,1.00000000,-0.84974418,0.11916835
2170,-0.00925414,0.16458386,1.00000000,-0.86926616,0.00996790
2171,0.00115253,0.06201862,-1.00000000,-0.94327427,0.05252775
2172,-0.00051525,-0.08916318,-1.00000000,-0.66664287,0.00174162
2173,-0.00444685,0.11577488,1.00000000,-0.95857648,-0.08576707
2174,0.00342769,0.08293145,-1.00000000,-0.98154042,-0.03154858
2175,-0.01042801,0.00550654,-1.00000000,-0.83986886,-0.04426534
2176,-0.00355043,0.16057947,1.00000000,-0.87659335,-0.09521314
2177,0.01045981,-0.11228029,-1.00000000,-0.62434334,0.02368109
2178,-0.00832705,0.02315964,-1.00000000,-0.87217036,-0.01835363
2179,0.00595538,0.29906285,1.00000000,-0.62319744,0.00902921
2180,-0.00130459,-0.07090610,-1.00000000,-0.70004953,0.10786439
2181,-0.00461041,0.21035726,1.00000000,-0.78551030,0.09638153
2182,0.00771000,0.06738684,-1.00000000,-0.95309700,0.06659247
2183,0.00780895,0.00228556,-1.00000000,-0.83397513,0.24139582
2184,0.00471874,0.24491092,1.00000000,-0.72228425,0.22799906
2185,-0.00019077,0.24685945,1.00000000,-0.71871885,0.24006528
2186,0.00680140,0.18600402,1.00000000,-0.83007169,0.36369092
2187,-0.00561070,0.08932137,-1.00000000,-0.99323264,0.21938605
2188,0.00259074,0.22701794,1.00000000,-0.75502472,0.16285649
2189,-0.01144724,-0.01741310,-1.00000000,-0.79793065,-0.01227159
2190,0.00014160,0.14409743,1.00000000,-0.90675208,-0.00867097
2191,0.01302459,-0.13235186,-1.00000000,-0.58761652,0.05874561
2192,0.00224015,0.09586675,1.00000000,-0.99500425,0.14379484
2193,0.00545697,0.34957090,1.00000000,-0.53077815,0.17484509
2194,0.00179290,0.13719329,1.00000000,-0.91938522,0.31827718
2195,-0.00327022,0.20054199,1.00000000,-0.80347022,0.28131645
2196,-0.00012007,0.12838559,1.00000000,-0.93550149,0.13891865
2197,-0.00322091,0.02867784,-1.00000000,-0.88226753,0.07975835
2198,-0.00420413,0.09071363,-1.00000000,-0.99578019,-0.02490159
2199,-0.00747167,0.02964898,-1.00000000,-0.88404453,-0.12526589
2200,-0.00444052,0.01028633,-1.00000000,-0.84861489,-0.13794389
2201,-0.00347044,-0.05406124,-1.00000000,-0.73087215,-0.17423885
2202,-0.00282072,0.00563119,-1.00000000,-0.84009693,-0.16990354
2203,-0.00565001,0.02473498,-1.00000000,-0.87505292,-0.18556695
2204,0.00136613,0.03752992,-1.00000000,-0.89846502,-0.08982582
2205,-0.00587278,-0.01818734,-1.00000000,-0.79651396,-0.10534166
2206,0.00468254,0.11998138,1.00000000,-0.95087947,-0.01701944
2207,0.01160473,-0.02257421,-1.00000000,-0.78848689,0.13925329
2208,-0.00083894,0.18529117,1.00000000,-0.83137606,0.19137223
2209,-0.00198490,0.32160967,1.00000000,-0.58194141,0.15507009
2210,0.00114620,0.07655685,-1.00000000,-0.96987622,0.23110760
2211,-0.00142633,0.05398969,-1.00000000,-0.92858298,0.16492943
2212,0.00491522,0.11565026,1.00000000,-0.95880452,0.09246112
2213,-0.00146444,0.06498946,-1.00000000,-0.94871029,0.08568508
2214,-0.00052695,0.18987346,1.00000000,-0.82299142,0.10147925
2215,0.00254832,0.06423905,-1.00000000,-0.94733719,0.11666861
2216,-0.00138899,0.08270105,-1.00000000,-0.98111883,0.11707310
2217,0.00281413,0.14326217,1.00000000,-0.90828044,0.09431172
2218,-0.00039893,0.06572477,-1.00000000,-0.95005575,0.10585445
2219,0.00352919,0.14849678,1.00000000,-0.89870219,0.14979505
2220,-0.00535829,0.08522195,-1.00000000,-0.98573155,0.06414166
2221,0.00618493,0.16257830,1.00000000,-0.87293591,0.14619097
2222,-0.00173343,-0.01244250,-1.00000000,-0.80702582,0.09692666
2223,-0.00088913,0.21487778,1.00000000,-0.77723869,0.09161634
2224,0.00595145,0.05894185,-1.00000000,-0.93764441,0.11785701
2225,-0.00292802,0.07556860,-1.00000000,-0.96806792,0.14418451
2226,0.00748210,0.21027981,1.00000000,-0.78565203,0.15823688
2227,-0.00167973,0.03541682,-1.00000000,-0.89459848,0.15881859
2228,-0.00427710,0.24042282,1.00000000,-0.73049655,0.12211621
2229,-0.00379553,0.05999932,-1.00000000,-0.93957936,0.01652595
2230,-0.00328117,0.00884932,-1.00000000,-0.84598545,0.01270017
2231,-0.00345846,0.01833299,-1.00000000,-0.86333860,-0.10582033
2232,0.00474768,0.02846214,-1.00000000,-0.88187285,-0.03619136
2233,-0.00588271,0.02497082,-1.00000000,-0.87548446,-0.05358510
2234,-0.00339554,0.18657405,1.00000000,-0.82902866,-0.04925196
2235,-0.00522319,-0.02276982,-1.00000000,-0.78812897,-0.07029010
2236,-0.00533782,0.02620997,-1.00000000,-0.87775185,-0.09064946
2237,-0.00943897,-0.00978195,-1.00000000,-0.81189409,-0.24433526
2238,0.00079211,-0.01203937,-1.00000000,-0.80776348,-0.17202606
2239,0.00636426,-0.09280306,-1.00000000,-0.65998262,-0.06629694
2240,-0.00094795,0.10867718,1.00000000,-0.97156381,-0.01998266
2241,-0.00026571,0.21840921,1.00000000,-0.77077690,0.03496414
2242,-0.00236978,0.07441028,-1.00000000,-0.96594844,0.11154558
2243,-0.00607177,0.08784546,-1.00000000,-0.99053203,0.03718821
2244,-0.00944231,0.04641020,-1.00000000,-0.91471409,-0.13404640
2245,-0.00429101,-0.02649307,-1.00000000,-0.78131619,-0.17026229
2246,-0.00798580,-0.09286893,-1.00000000,-0.65986211,-0.25389501
2247,0.00269580,0.00857537,-1.00000000,-0.84548418,-0.19901893
2248,0.00087994,-0.06418595,-1.00000000,-0.71234603,-0.12371005
2249,0.00092113,0.14616646,1.00000000,-0.90296619,-0.01144152
2250,-0.00860157,0.11040687,1.00000000,-0.96839884,-0.05813829
2251,0.00889564,0.11121796,1.00000000,-0.96691471,0.12474054
2252,-0.01382937,-0.07631216,-1.00000000,-0.69015757,-0.05427873
2253,0.00088169,0.26825960,1.00000000,-0.67956101,-0.05425980
2254,0.00097381,-0.17926300,-1.00000000,-0.50177884,-0.05368916
2255,0.00517371,0.11044127,1.00000000,-0.96833588,0.09554019
2256,-0.00068946,0.11225530,1.00000000,-0.96501658,-0.00829638
2257,-0.00924751,0.19496381,1.00000000,-0.81367713,0.04133945
2258,0.00139004,0.07950072,-1.00000000,-0.97526288,0.04684645
2259,-0.00312350,-0.08903271,-1.00000000,-0.66688159,0.00245982
2260,-0.00260682,0.12045215,1.00000000,-0.95001805,-0.08182767
2261,-0.00337514,0.03156724,-1.00000000,-0.88755454,-0.11092206
2262,0.00201861,0.04174216,-1.00000000,-0.90617254,0.01112526
2263,0.00454200,0.02661159,-1.00000000,-0.87848673,0.04527090
2264,-0.00627319,0.13283050,1.00000000,-0.92736822,0.01114991
2265,-0.00905033,0.18252368,1.00000000,-0.83644000,-0.05865347
2266,0.00379043,-0.03045947,-1.00000000,-0.77405849,0.01897217
2267,-0.01078154,-0.08514962,-1.00000000,-0.67398684,-0.11969351
2268,0.00140771,0.16772303,1.00000000,-0.86352212,-0.15364773
2269,0.00197291,-0.11924234,-1.00000000,-0.61160423,-0.06431674
2270,-0.00140384,0.12080014,1.00000000,-0.94938130,0.01851868
2271,0.00364274,0.13193050,1.00000000,-0.92901504,0.01691868
2272,-0.00150726,0.06543242,-1.00000000,-0.94952081,0.11738815
2273,-0.00316445,0.16481447,1.00000000,-0.86884418,0.06785736
2274,-0.00136388,0.06339568,-1.00000000,-0.94579399,0.03170958
2275,-0.00594642,0.03076079,-1.00000000,-0.88607891,-0.01750082
2276,-0.00061760,0.06621940,-1.00000000,-0.95096083,-0.06365358
2277,0.00144921,-0.02402451,-1.00000000,-0.78583315,-0.03162571
2278,-0.00430288,0.08091587,-1.00000000,-0.97785232,-0.04395854
2279,0.00003253,0.12161740,1.00000000,-0.94788588,-0.02883112
2280,0.00069758,0.00834161,-1.00000000,-0.84505645,0.04314425
2281,-0.00394864,0.09371872,1.00000000,-0.99893469,0.00705860
2282,0.00128945,0.10681563,1.00000000,-0.97497006,0.00532792
2283,-0.00496042,0.01531772,-1.00000000,-0.85782128,-0.00179524
2284,-0.00235356,0.11847129,1.00000000,-0.95364262,-0.02764402
2285,0.00705459,-0.00460718,-1.00000000,-0.82136283,0.04122229
2286,0.00304280,0.04672961,-1.00000000,-0.91529854,0.11696150
2287,0.00257030,0.23200399,1.00000000,-0.74590128,0.13083707
2288,-0.00941435,0.15299992,1.00000000,-0.89046236,0.08258707
2289,-0.00207412,0.14369494,1.00000000,-0.90748855,0.08561423
2290,-0.00117359,-0.09231825,-1.00000000,-0.66086974,-0.00352276
2291,0.00081645,0.05223252,-1.00000000,-0.92536772,-0.02764117
2292,-0.00481959,0.06996666,-1.00000000,-0.95781754,-0.10769681
2293,-0.00230585,0.10915638,1.00000000,-0.97068697,-0.03068949
2294,0.00070140,-0.00183388,-1.00000000,-0.82643740,-0.00062189
2295,0.00077607,0.04766919,-1.00000000,-0.91701778,0.02049906
2296,0.00083714,0.10689079,1.00000000,-0.97483253,0.02072331
2297,-0.00203097,0.10836130,1.00000000,-0.97214180,0.05093282
2298,0.00357027,0.10956402,1.00000000,-0.96994107,0.11458955
2299,-0.00439435,0.05308236,-1.00000000,-0.92692276,0.05938666
2300,0.00021315,0.16338732,1.00000000,-0.87145557,0.05328848
2301,-0.00369017,0.00654043,-1.00000000,-0.84176066,0.00424347
2302,-0.00052229,0.09727575,1.00000000,-0.99242606,0.02058714
2303,0.00067051,0.02040774,-1.00000000,-0.86713497,-0.01082637
2304,-0.00158573,0.08279264,-1.00000000,-0.98128642,0.01959974
2305,0.00575709,0.10628240,1.00000000,-0.97594576,0.07965794
2306,-0.00247863,0.06185041,-1.00000000,-0.94296647,0.09278274
2307,0.00111835,0.20645231,1.00000000,-0.79265557,0.11055601
2308,-0.00513583,0.04426661,-1.00000000,-0.91079176,0.04765523
2309,0.00406816,0.11510171,1.00000000,-0.95980825,0.10890453
2310,-0.00067332,-0.00806152,-1.00000000,-0.81504211,0.03924311
2311,0.00478990,0.17319220,1.00000000,-0.85351468,0.11798398
2312,0.00019919,0.07981856,-1.00000000,-0.97584448,0.10802660
2313,-0.00076531,0.18740538,1.00000000,-0.82750749,0.15537305
2314,-0.00161289,0.09700072,1.00000000,-0.99292931,0.09382950
2315,-0.00132974,0.07800703,-1.00000000,-0.97252975,0.08671837
2316,0.00852986,0.06131551,-1.00000000,-0.94198772,0.12723387
2317,-0.00518752,0.06689164,-1.00000000,-0.95219088,0.06887896
2318,-0.00418803,0.26105632,1.00000000,-0.69274153,0.03180015
2319,0.00061123,-0.00907951,-1.00000000,-0.81317940,0.05589441
2320,0.00355752,0.01060346,-1.00000000,-0.84919517,0.10883876
2321,0.00481495,0.10511516,1.00000000,-0.97808157,0.06859463
2322,0.00548080,0.16313631,1.00000000,-0.87191488,0.18416596
2323,0.01373725,0.18789869,1.00000000,-0.82660484,0.37835287
2324,0.00212005,0.20101137,1.00000000,-0.80261135,0.39469808
2325,-0.00927940,0.36360534,1.00000000,-0.50509803,0.25563406
2326,0.00098439,0.13482822,1.00000000,-0.92371281,0.21413713
2327,-0.00507540,-0.08966065,-1.00000000,-0.66573260,0.09978048
2328,0.00062380,0.11246366,1.00000000,-0.96463533,-0.04227925
2329,0.00070589,-0.00687140,-1.00000000,-0.81721978,-0.05759902
2330,-0.00137865,0.10536264,1.00000000,-0.97762874,0.02799081
2331,0.00026856,0.10697925,1.00000000,-0.97467066,0.02023615
2332,0.00694467,0.06592847,-1.00000000,-0.95042847,0.15045110
2333,0.00333371,0.09836690,1.00000000,-0.99042949,0.17980789
2334,0.00167903,0.22983931,1.00000000,-0.74986219,0.19035006
2335,0.00836462,0.15872875,1.00000000,-0.87997979,0.29590016
2336,0.00635806,0.12614330,1.00000000,-0.93960442,0.36186852
2337,-0.00226251,0.25780229,1.00000000,-0.69869573,0.26212590
2338,0.00358148,0.21828722,1.00000000,-0.77100013,0.26481006
2339,0.00294908,0.04852257,-1.00000000,-0.91857929,0.27856860
2340,-0.00576693,0.16360815,1.00000000,-0.87105150,0.12547973
2341,-0.00837064,0.15115422,1.00000000,-0.89383962,-0.03407817
2342,0.00177827,-0.02048971,-1.00000000,-0.79230110,0.00969619
2343,-0.00263107,-0.07176446,-1.00000000,-0.69847891,-0.05760525
2344,-0.00389496,0.12809762,1.00000000,-0.93602842,-0.13174759
2345,0.00098581,0.04126450,-1.00000000,-0.90529852,-0.05859434
2346,0.00666187,0.01637487,-1.00000000,-0.85975564,0.10425478
2347,-0.00507122,0.11249164,1.00000000,-0.96458414,0.03005332
2348,-0.00167117,0.22427014,1.00000000,-0.76005262,0.04045209
2349,-0.00317855,-0.00678919,-1.00000000,-0.81737022,0.04821309
2350,-0.00154972,0.06016785,-1.00000000,-0.93988774,0.02074540
2351,0.00237987,0.03048316,-1.00000000,-0.88557091,-0.02564205
2352,0.00023561,0.06255961,-1.00000000,-0.94426417,0.03184755
2353,-0.00066643,0.13994490,1.00000000,-0.91435035,0.04273209
2354,-0.01686362,0.09771805,1.00000000,-0.99161676,-0.10552013
2355,0.00374596,0.07995427,-1.00000000,-0.97609279,-0.04815138
2356,0.00286231,-0.23901652,-1.00000000,-0.39244227,-0.04292510
2357,0.01273319,0.16684716,1.00000000,-0.86512478,0.09246282
2358,-0.00663557,0.14944547,1.00000000,-0.89696627,0.02779829
2359,0.00103090,0.34383242,1.00000000,-0.54127839,0.22165195
2360,0.00621138,-0.03759589,-1.00000000,-0.76100032,0.24836018
2361,0.00069515,0.11337958,1.00000000,-0.96295939,0.22488309
2362,0.00807626,0.21539860,1.00000000,-0.77628570,0.17443398
2363,0.00394119,0.10676775,1.00000000,-0.97505766,0.28901339
2364,0.02319106,0.25212371,1.00000000,-0.70908635,0.52907733
2365,-0.01029186,0.17069182,1.00000000,-0.85808985,0.35029564
2366,0.01212651,0.54977883,1.00000000,-0.16443909,0.47413301
2367,-0.00887364,-0.10959897,-1.00000000,-0.62924960,0.29051248
2368,0.00437291,0.33188502,1.00000000,-0.56313965,0.29518938
2369,-0.00900862,-0.08167013,-1.00000000,-0.68035359,-0.05363396
2370,-0.00280913,0.17919370,1.00000000,-0.84253317,0.02742739
2371,-0.00257773,-0.08432825,-1.00000000,-0.67548977,-0.13186559
2372,0.00031398,0.03775807,-1.00000000,-0.89888247,-0.03233491
2373,-0.00154296,0.04231494,-1.00000000,-0.90722061,-0.09642230
2374,-0.00180728,0.09926131,1.00000000,-0.98879291,-0.01840923
2375,-0.01828180,0.06269270,-1.00000000,-0.94450769,-0.18602666
2376,-0.00635530,0.05748749,-1.00000000,-0.93498324,-0.22694950
2377,0.01314670,-0.26694460,-1.00000000,-0.34133965,-0.08793093
2378,0.01841080,-0.03207649,-1.00000000,-0.77109969,0.12823073
2379,0.00111706,0.35197566,1.00000000,-0.52637795,0.15991043
2380,0.00610267,0.45564129,1.00000000,-0.33669130,0.42407056
2381,0.00247737,0.11507631,1.00000000,-0.95985472,0.51975602
2382,-0.01316950,0.21325781,1.00000000,-0.78020291,0.23466917
2383,0.00170458,0.14186494,1.00000000,-0.91083707,0.05368852
2384,0.02069221,-0.16626832,-1.00000000,-0.52555640,0.26574870
2385,-0.00795778,0.12664636,1.00000000,-0.93868394,0.11342999
2386,0.00039163,0.50056906,1.00000000,-0.25448278,0.09083486
2387,-0.00290892,-0.06363416,-1.00000000,-0.71335569,0.20198912
2388,0.01255752,0.10079049,1.00000000,-0.98599482,0.31956046
2389,0.01213723,0.03579300,-1.00000000,-0.89528680,0.22688327
2390,-0.00306764,0.34037293,1.00000000,-0.54760854,0.27985886
2391,0.01115873,0.33209621,1.00000000,-0.56275322,0.39650028
2392,0.01027865,0.03266729,-1.00000000,-0.88956741,0.53936288
2393,-0.01316867,0.31282663,1.00000000,-0.59801257,0.26066771
2394,0.00658804,0.29549519,1.00000000,-0.62972552,0.20055253
2395,0.00325949,-0.16625195,-1.00000000,-0.52558637,0.26909508
2396,0.00316503,0.22281608,1.00000000,-0.76271325,0.18249825
2397,0.00722092,0.15726709,1.00000000,-0.88265433,0.14937346
2398,0.00375187,0.15540693,1.00000000,-0.88605805,0.33267581
2399,0.00465744,0.23527943,1.00000000,-0.73990790,0.31176139
2400,0.00382376,0.16696350,1.00000000,-0.86491191,0.31787425
2401,-0.00608783,0.18479688,1.00000000,-0.83228050,0.21763688
2402,-0.00214474,0.16837932,1.00000000,-0.86232124,0.11617745
2403,0.00090991,-0.02680917,-1.00000000,-0.78073779,0.08539021
2404,-0.01202787,0.05084182,-1.00000000,-0.92282303,-0.09536390
2405,0.00011567,0.11099704,1.00000000,-0.96731895,-0.13553415
2406,0.00593354,-0.14378624,-1.00000000,-0.56669397,-0.00530507
2407,0.00536662,0.09535600,1.00000000,-0.99593882,0.07606652
2408,0.00801995,0.20992723,1.00000000,-0.78629718,0.15309050
2409,-0.00640017,0.19876284,1.00000000,-0.80672570,0.21405609
2410,-0.00698191,0.25101476,1.00000000,-0.71111550,0.13716714
2411,-0.00868425,-0.03296019,-1.00000000,-0.76948270,-0.02118933
2412,0.00092689,-0.04441627,-1.00000000,-0.74852045,-0.06928547
2413,-0.01141903,-0.07794044,-1.00000000,-0.68717816,-0.27987049
2414,0.00334797,0.11133146,1.00000000,-0.96670703,-0.17426761
2415,0.00660209,-0.13179635,-1.00000000,-0.58863298,-0.02711038
2416,0.00400118,0.15900958,1.00000000,-0.87946594,0.11031249
2417,-0.00738678,0.22309291,1.00000000,-0.76220671,0.02024935
2418,0.00103383,0.17187316,1.00000000,-0.85592824,0.15515277
2419,0.02100250,-0.05238945,-1.00000000,-0.73393118,0.34640660
2420,0.00057540,0.11343728,1.00000000,-0.96285382,0.28111867
2421,0.01088686,0.50667956,1.00000000,-0.24330182,0.35571213
2422,0.02083470,0.10440951,1.00000000,-0.97937275,0.66143905
2423,0.00897524,0.30747258,1.00000000,-0.60780937,0.74746940
2424,0.00218239,0.50337500,1.00000000,-0.24934849,0.54358872
2425,0.00109175,0.26982719,1.00000000,-0.67669265,0.54918242
2426,0.01169374,0.13605591,1.00000000,-0.92146640,0.55792355
2427,-0.00010883,0.11457799,1.00000000,-0.96076655,0.33103967
2428,0.00547241,0.32336261,1.00000000,-0.57873391,0.29309308
2429,0.00311363,0.09093507,-1.00000000,-0.99618538,0.30318129
2430,-0.00544929,0.20084613,1.00000000,-0.80291371,0.23232136
2431,-0.00515855,0.15439472,1.00000000,-0.88791017,0.04975821
2432,-0.03189928,-0.01423446,-1.00000000,-0.80374691,-0.29463187
2433,-0.01802272,-0.00850906,-1.00000000,-0.81422320,-0.54915765
2434,0.00511713,-0.53511304,-1.00000000,0.14935309,-0.52745343
2435,0.00160905,-0.26184252,-1.00000000,-0.35067540,-0.45098956
2436,-0.00533926,0.19384965,1.00000000,-0.81571582,-0.45294713
2437,-0.00240205,0.12476508,1.00000000,-0.94212627,-0.13339981
2438,-0.03617495,-0.01206762,-1.00000000,-0.80771177,-0.33004531
2439,-0.02820733,0.04577475,-1.00000000,-0.91355135,-0.69105358
2440,-0.00636544,-0.61931375,-1.00000000,0.30342295,-0.77744229
2441,-0.01604324,-0.46240777,-1.00000000,0.01631748,-0.89339988
2442,0.00474004,-0.03227627,-1.00000000,-0.77073412,-0.81602878
2443,0.00380801,-0.22286066,-1.00000000,-0.42200415,-0.38288812
2444,0.00004276,0.18642350,1.00000000,-0.82930414,-0.07685119
2445,-0.00223688,0.16806923,1.00000000,-0.86288864,-0.03212593
2446,-0.00090850,0.09392022,1.00000000,-0.99856599,0.13183063
2447,0.00763318,0.04902734,-1.00000000,-0.91950292,0.16317245
2448,0.00646301,0.07518712,-1.00000000,-0.96736989,0.19193432
2449,-0.00963889,0.24339811,1.00000000,-0.72505240,0.08705171
2450,-0.00831234,0.22035388,1.00000000,-0.76721857,0.02123543
2451,-0.00283116,-0.09674020,-1.00000000,-0.65277848,0.00040697
2452,0.03993096,-0.07061652,-1.00000000,-0.70057940,0.35029298
2453,0.00055329,0.03732418,-1.00000000,-0.89808855,0.28627231
2454,-0.00466392,0.87943697,1.00000000,0.43876708,0.34016685
2455,-0.01165767,0.10397416,1.00000000,-0.98016936,0.30392650
2456,0.00789021,0.00123177,-1.00000000,-0.83204691,0.42007252
2457,0.00377757,-0.13649590,-1.00000000,-0.58003379,0.02841816
2458,-0.00374519,0.24845975,1.00000000,-0.71579063,-0.01814787
2459,0.04971793,0.16746968,1.00000000,-0.86398570,0.57097782
2460,0.00883582,0.01932430,-1.00000000,-0.86515249,0.79298649
2461,-0.00328099,1.07217151,1.00000000,0.79143139,0.67196738
2462,0.02038389,0.26708167,1.00000000,-0.68171638,0.85186581
2463,-0.00611562,0.02846566,-1.00000000,-0.88187929,0.82618664
2464,-0.00480304,0.49449730,1.00000000,-0.26559285,0.23555381
2465,-0.01311340,-0.02735647,-1.00000000,-0.77973634,-0.00222496
2466,-0.00861510,-0.00150796,-1.00000000,-0.82703376,-0.06000998
2467,-0.00692864,-0.16516350,-1.00000000,-0.52757800,-0.35589013
2468,-0.01614118,-0.07657861,-1.00000000,-0.68967003,-0.46449831
2469,-0.00603463,-0.04336724,-1.00000000,-0.75043995,-0.47784024
2470,-0.01601924,-0.22478940,-1.00000000,-0.41847494,-0.50931962
2471,0.00122964,-0.02576153,-1.00000000,-0.78265475,-0.40267027
2472,-0.00626959,-0.22238818,-1.00000000,-0.42286869,-0.39553071
2473,0.00004731,0.11729348,1.00000000,-0.95579776,-0.22015872
2474,-0.00184318,-0.03038861,-1.00000000,-0.77418816,-0.17475219
2475,0.00794141,0.09400985,1.00000000,-0.99840198,0.08481667
2476,-0.02802188,0.05678053,-1.00000000,-0.93368964,-0.23206889
2477,0.00032090,0.24946803,1.00000000,-0.71394570,-0.16067325
2478,0.01650128,-0.45875563,-1.00000000,0.00963484,0.01757470
2479,-0.02917418,0.09939765,1.00000000,-0.98854343,-0.27850562
2480,0.00576567,0.41803717,1.00000000,-0.40549906,-0.30207564
2481,-0.01316977,-0.48144787,-1.00000000,0.05115693,-0.14118080
2482,-0.03119257,0.20662135,1.00000000,-0.79234625,-0.48257030
2483,0.00500531,-0.16627360,-1.00000000,-0.52554676,-0.60710761
2484,-0.00815687,-0.52119586,-1.00000000,0.12388752,-0.37942433
2485,-0.01045001,0.19164753,1.00000000,-0.81974525,-0.55509089
2486,0.00337102,-0.06755475,-1.00000000,-0.70618181,-0.37590239
2487,0.00882004,-0.11271340,-1.00000000,-0.62355084,0.05755936
2488,-0.02121497,0.15946350,1.00000000,-0.87863536,-0.22648837
2489,-0.01107239,0.26677081,1.00000000,-0.68228519,-0.25807260
2490,0.00471523,-0.32470748,-1.00000000,-0.23564554,-0.09378560
2491,0.01848699,-0.12497001,-1.00000000,-0.60112378,0.06996768
2492,-0.00033851,0.18593505,1.00000000,-0.83019789,-0.02924806
2493,-0.01575895,0.45714173,1.00000000,-0.33394580,0.02985777
2494,0.00764778,0.08641189,-1.00000000,-0.98790889,0.23265583
2495,-0.00425569,-0.21726219,-1.00000000,-0.43224819,0.13547268
2496,-0.00299343,0.24368562,1.00000000,-0.72452631,-0.09722753
2497,-0.00806725,0.00927105,-1.00000000,-0.84675712,-0.18095402
2498,-0.00422873,0.03412861,-1.00000000,-0.89224132,-0.05604563
2499,0.00388839,-0.06578997,-1.00000000,-0.70941101,-0.09677163
2500,-0.00012241,0.00980202,-1.00000000,-0.84772869,-0.05199527
2501,0.00787008,0.16965203,1.00000000,-0.85999246,0.06569059
2502,0.00373401,0.09066756,-1.00000000,-0.99569590,0.19353522
2503,0.00625923,0.24806337,1.00000000,-0.71651593,0.30715259
2504,0.00552272,0.16661188,1.00000000,-0.86555529,0.32485757
2505,0.01728697,0.21634088,1.00000000,-0.77456151,0.51345563
2506,-0.03433017,0.20183694,1.00000000,-0.80110072,0.05629486
2507,-0.00120321,0.43350979,1.00000000,-0.37718736,0.00280929
2508,-0.00865240,-0.58298447,-1.00000000,0.23694789,-0.15873033
2509,0.00737773,0.06938334,-1.00000000,-0.95675018,-0.13863478
2510,0.00698153,-0.07731325,-1.00000000,-0.68832579,-0.25027491
2511,-0.00939612,0.23836755,1.00000000,-0.73425728,0.01983881
2512,-0.01750749,0.23056524,1.00000000,-0.74853389,-0.15678756
2513,-0.00392920,-0.09195935,-1.00000000,-0.66152645,-0.10562048
2514,0.00294278,-0.25169618,-1.00000000,-0.36924112,-0.15366488
2515,-0.00038449,0.01570061,-1.00000000,-0.85852190,-0.23346199
2516,0.00331675,0.15103025,1.00000000,-0.89406646,-0.09574175
2517,0.00464860,0.08550637,-1.00000000,-0.98625198,0.14427802
2518,-0.00738124,0.15839484,1.00000000,-0.88059078,0.10688159
2519,0.00572192,0.18462280,1.00000000,-0.83259905,0.13698838
2520,-0.00466989,-0.05228034,-1.00000000,-0.73413082,0.09056411
2521,-0.00290774,0.20575975,1.00000000,-0.79392281,0.02313337
2522,-0.00321306,0.00111420,-1.00000000,-0.83183178,-0.06203303
2523,0.01282741,0.03581615,-1.00000000,-0.89532916,0.15688992
2524,0.00674482,0.02980341,-1.00000000,-0.88432709,0.16797108
2525,-0.00183140,0.34568785,1.00000000,-0.53788333,0.19872075
2526,-0.00080528,0.22590358,1.00000000,-0.75706377,0.22149700
2527,-0.01844844,0.05701237,-1.00000000,-0.93411387,0.05645024
2528,0.00658985,0.07721986,-1.00000000,-0.97108939,-0.01112202
2529,-0.00921388,-0.27022618,-1.00000000,-0.33533505,-0.18400467
2530,0.01167498,0.22285189,1.00000000,-0.76264771,-0.03768830
2531,-0.01133528,-0.08837045,-1.00000000,-0.66809338,-0.15176119
2532,-0.00020566,0.32299299,1.00000000,-0.57941023,0.04586513
2533,-0.00002568,-0.13014707,-1.00000000,-0.59165083,-0.02580181
2534,-0.00317379,0.08902802,-1.00000000,-0.99269587,0.03963130
2535,0.01066378,0.09257243,-1.00000000,-0.99918142,0.02867687
2536,-0.00000398,0.03057687,-1.00000000,-0.88574236,0.15143028
2537,0.01223307,0.30307953,1.00000000,-0.61584775,0.28618071
2538,0.01805047,0.09299971,-1.00000000,-0.99996325,0.48200194
2539,-0.01685705,0.33398353,1.00000000,-0.55929982,0.33376935
2540,-0.00157649,0.44854528,1.00000000,-0.34967554,0.20116892
2541,-0.00379369,-0.23888714,-1.00000000,-0.39267899,0.16011448
2542,-0.00119585,0.06203236,-1.00000000,-0.94329941,0.01463721
2543,-0.05096961,0.01836908,-1.00000000,-0.86340464,-0.73306624
2544,0.00400487,0.06952827,-1.00000000,-0.95701536,-0.50706627
2545,-0.00569857,-0.91066439,-1.00000000,0.83653433,-0.55172124
2546,-0.00534371,0.17194597,1.00000000,-0.85579502,-0.56851278
2547,-0.00268896,-0.01914350,-1.00000000,-0.79476439,-0.58468780
2548,0.00538737,-0.01215535,-1.00000000,-0.80755125,0.02583473
2549,-0.00722898,0.04012457,-1.00000000,-0.90321269,-0.09586302
2550,0.01681347,0.19917151,1.00000000,-0.80597791,0.14801282
2551,-0.00044679,-0.04928180,-1.00000000,-0.73961752,0.20106182
2552,-0.00592022,0.42418522,1.00000000,-0.39424940,0.16605711
2553,-0.00032586,0.08427955,-1.00000000,-0.98400715,0.10416495
2554,0.00281115,-0.02350859,-1.00000000,-0.78677717,0.21293095
2555,-0.01105626,0.08666109,-1.00000000,-0.98836489,-0.08898544
2556,-0.00690715,0.14843804,1.00000000,-0.89880967,-0.15897136
2557,0.01627093,-0.12465227,-1.00000000,-0.60170516,0.08142827
2558,0.01317157,-0.04294407,-1.00000000,-0.75121427,0.22764768
2559,-0.00631007,0.41350091,1.00000000,-0.41379947,0.12883635
2560,0.00015139,0.35246545,1.00000000,-0.52548173,0.25025022
2561,0.00043930,-0.03118575,-1.00000000,-0.77272956,0.32983531
2562,0.01452393,0.09605944,1.00000000,-0.99465166,0.31090986
2563,0.02471470,0.10172937,1.00000000,-0.98427687,0.43595809
2564,-0.00370657,0.37909735,1.00000000,-0.47675087,0.46416214
2565,0.00751518,0.57978387,1.00000000,-0.10953607,0.54393503
2566,0.01069305,0.02008487,-1.00000000,-0.86654418,0.65501521
2567,-0.00985965,0.24107427,1.00000000,-0.72930453,0.39086476
2568,0.00179239,0.30365601,1.00000000,-0.61479291,0.14254440
2569,-0.00047702,-0.10108746,-1.00000000,-0.64482389,0.17753052
2570,-0.00545257,0.12837571,1.00000000,-0.93551958,0.03704925
2571,0.00259022,0.08368425,-1.00000000,-0.98291788,-0.05072973
2572,-0.00243893,-0.01429903,-1.00000000,-0.80362876,0.02965986
2573,-0.00641296,0.14408735,1.00000000,-0.90677052,-0.05922983
2574,-0.00335406,0.04504841,-1.00000000,-0.91222229,-0.09039722
2575,-0.00518159,-0.03321204,-1.00000000,-0.76902187,-0.08746166
2576,-0.00037173,0.02702673,-1.00000000,-0.87924635,-0.11954887
2577,-0.00212120,-0.00896264,-1.00000000,-0.81339325,-0.11610688
2578,-0.00114973,0.08575775,-1.00000000,-0.98671195,-0.05908966
2579,0.00925443,0.05130542,-1.00000000,-0.92367132,0.07749979
2580,-0.00365463,0.07043649,-1.00000000,-0.95867723,0.09404147
2581,0.00046458,0.27532530,1.00000000,-0.66663225,0.10310135
2582,-0.00056511,0.02110760,-1.00000000,-0.86841557,0.11995867
2583,0.00855790,0.10222721,1.00000000,-0.98336592,0.22512271
2584,0.00312403,0.08194943,-1.00000000,-0.97974352,0.15871126
2585,-0.01081068,0.26160852,1.00000000,-0.69173111,0.08118889
2586,-0.00858747,0.15459950,1.00000000,-0.88753546,-0.01687318
2587,-0.00890919,-0.11981612,-1.00000000,-0.61055432,-0.10726571
2588,-0.01381638,-0.07603453,-1.00000000,-0.69066558,-0.34964923
2589,0.00209287,-0.08237027,-1.00000000,-0.67907248,-0.36081989
2590,-0.02145683,-0.17900737,-1.00000000,-0.50224659,-0.47615102
2591,-0.00603794,0.13429296,1.00000000,-0.92469223,-0.44853166
2592,-0.02207129,-0.32947035,-1.00000000,-0.22693048,-0.59111837
2593,0.00858486,-0.02582678,-1.00000000,-0.78253536,-0.34844276
2594,-0.00781235,-0.34157094,-1.00000000,-0.20478890,-0.45574726
2595,-0.01302116,0.26213950,1.00000000,-0.69075953,-0.36436253
2596,-0.04222190,-0.06077009,-1.00000000,-0.71859633,-0.75634803
2597,0.01343089,-0.16334698,-1.00000000,-0.53090186,-0.37174829
2598,0.01006929,-0.73839603,-1.00000000,0.52131889,-0.35566726
2599,0.00585245,0.35757214,1.00000000,-0.51613755,-0.20763468
2600,-0.00586934,0.29137233,1.00000000,-0.63726950,-0.13015810
2601,0.01184479,0.20833033,1.00000000,-0.78921918,0.45555337
2602,0.00237599,-0.02250649,-1.00000000,-0.78861081,0.33579422
2603,-0.04895648,0.32633719,1.00000000,-0.57329105,-0.30363967
2604,0.00684452,0.13986845,1.00000000,-0.91449024,-0.29289251
2605,0.00456490,-0.87101998,-1.00000000,0.76399326,-0.17985706
2606,0.00563548,0.22786701,1.00000000,-0.75347109,-0.24712338
2607,0.00506829,0.18297455,1.00000000,-0.83561499,-0.21795740
2608,-0.00923995,0.20405737,1.00000000,-0.79703779,0.21229695
2609,0.01153885,0.19288771,1.00000000,-0.81747597,0.26315128
2610,0.00765669,-0.08888386,-1.00000000,-0.66715395,0.29664502
2611,0.00443920,0.32031235,1.00000000,-0.58431525,0.28368563
2612,0.00459950,0.24386101,1.00000000,-0.72420537,0.27860725
2613,0.01705202,0.18049919,1.00000000,-0.84014439,0.56343160
2614,0.01798569,0.18365600,1.00000000,-0.83436808,0.63327097
2615,-0.00389603,0.42888292,1.00000000,-0.38565358,0.50811887
2616,0.00258240,0.44726958,1.00000000,-0.35200980,0.48800394
2617,0.00503382,0.01635377,-1.00000000,-0.85971704,0.49270897
2618,-0.00923836,0.14393335,1.00000000,-0.90705231,0.20790184
2619,0.00330063,0.19220902,1.00000000,-0.81871783,0.04881672
2620,-0.00770099,-0.08885256,-1.00000000,-0.66721123,0.00759709
2621,0.00055288,0.15807734,1.00000000,-0.88117174,-0.01438901
2622,0.00506441,-0.05857717,-1.00000000,-0.72260893,-0.01405769
2623,0.00750058,0.10396600,1.00000000,-0.98018430,0.16727743
2624,0.00221396,0.19281132,1.00000000,-0.81761575,0.15550540
2625,-0.00424244,0.24078674,1.00000000,-0.72983065,0.19297233
2626,0.00655217,0.13667761,1.00000000,-0.92032882,0.25796344
2627,0.00185492,0.00953195,-1.00000000,-0.84723452,0.22319466
2628,-0.00074176,0.22210981,1.00000000,-0.76400557,0.13390432
2629,-0.00080186,0.12960704,1.00000000,-0.93326650,0.10123351
2630,0.00330530,0.07847066,-1.00000000,-0.97337809,0.18299917
2631,-0.00279675,0.07728710,-1.00000000,-0.97121242,0.08172105
2632,-0.00274821,0.15816933,1.00000000,-0.88100342,0.03185475
2633,0.01370323,0.03800179,-1.00000000,-0.89932843,0.18833924
2634,-0.00107463,0.03895779,-1.00000000,-0.90107772,0.18538430
2635,0.00192520,0.36293536,1.00000000,-0.50632396,0.17043349
2636,0.00560773,0.07191547,-1.00000000,-0.96138345,0.26148037
2637,0.00721681,0.13099105,1.00000000,-0.93073404,0.36943271
2638,-0.00073770,0.20351100,1.00000000,-0.79803755,0.21299219
2639,0.00745547,0.23519851,1.00000000,-0.74005597,0.30539994
2640,0.00409941,0.07855060,-1.00000000,-0.97352437,0.32895344
2641,-0.00340321,0.23989852,1.00000000,-0.73145592,0.23133674
2642,-0.00078962,0.17380770,1.00000000,-0.85238844,0.14460209
2643,0.00718028,0.02605887,-1.00000000,-0.87747536,0.23037861
2644,0.00705683,0.07752827,-1.00000000,-0.97165372,0.22606007
2645,0.00052481,0.23447911,1.00000000,-0.74137231,0.18733594
2646,0.00369844,0.23204807,1.00000000,-0.74582061,0.26426905
2647,-0.00339658,0.10341320,1.00000000,-0.98119581,0.23602742
2648,0.00320127,0.16591140,1.00000000,-0.86683703,0.19292232
2649,0.00504879,0.02618934,-1.00000000,-0.87771410,0.17116897
2650,-0.00168829,0.15612069,1.00000000,-0.88475201,0.14719413
2651,0.01111040,0.19250382,1.00000000,-0.81817840,0.22748881
2652,-0.00871497,0.05983064,-1.00000000,-0.93927072,0.16987408
2653,0.00574610,0.31187475,1.00000000,-0.59975431,0.19744252
2654,-0.00170844,-0.07854535,-1.00000000,-0.68607128,0.12424050
2655,0.00137559,0.20623586,1.00000000,-0.79305161,0.15743199
2656,0.00509607,0.05943382,-1.00000000,-0.93854462,0.09227801
2657,0.00057567,0.12016766,1.00000000,-0.95053860,0.19292466
2658,0.01930099,0.19343485,1.00000000,-0.81647482,0.33976651
2659,0.01838039,0.10441475,1.00000000,-0.97936318,0.55739151
2660,0.00070234,0.47317172,1.00000000,-0.30461424,0.55009810
2661,0.00334393,0.45504255,1.00000000,-0.33778688,0.53111690
2662,-0.00125829,0.10690937,1.00000000,-0.97479853,0.51124940
2663,-0.01140178,0.15892995,1.00000000,-0.87961164,0.17864236
2664,0.00815403,0.06829870,-1.00000000,-0.95476551,0.06785886
2665,0.00444684,-0.13145663,-1.00000000,-0.58925460,0.10842344
2666,0.00446134,0.25365521,1.00000000,-0.70628402,0.12052853
2667,-0.01283128,0.18064952,1.00000000,-0.83986931,-0.00484312
2668,0.00525638,0.18093514,1.00000000,-0.83934669,0.17561683
2669,-0.00048922,-0.15960765,-1.00000000,-0.53774406,0.08198336
2670,-0.00030606,0.19659175,1.00000000,-0.81069834,0.03049462
2671,0.01923818,0.08344399,-1.00000000,-0.98247826,0.19057401
2672,0.00363017,0.08705093,-1.00000000,-0.98907821,0.36890301
2673,0.00419003,0.47193482,1.00000000,-0.30687752,0.35735120
2674,0.00489277,0.16456699,1.00000000,-0.86929703,0.41565504
2675,0.00191461,0.17559235,1.00000000,-0.84912290,0.43971190
2676,-0.00392491,0.18943138,1.00000000,-0.82380034,0.18878315
2677,-0.00032079,0.13078259,1.00000000,-0.93111548,0.14598189
2678,-0.01696281,0.01578502,-1.00000000,-0.85867634,-0.08316960
2679,-0.00284812,0.08676089,-1.00000000,-0.98854750,-0.16702772
2680,0.01010456,-0.24096975,-1.00000000,-0.38886825,-0.07830493
2681,0.01152351,0.03699024,-1.00000000,-0.89747751,0.08904982
2682,0.00356541,0.29206695,1.00000000,-0.63599849,0.13114948
2683,0.00769997,0.32001017,1.00000000,-0.58486817,0.39832459
2684,0.00878839,0.16329159,1.00000000,-0.87163075,0.52438441
2685,-0.00385018,0.24471342,1.00000000,-0.72264564,0.37321081
2686,0.01062131,0.26614757,1.00000000,-0.68342558,0.36343717
2687,-0.00262268,0.01725664,-1.00000000,-0.86136911,0.29640086
2688,-0.00860777,0.30224320,1.00000000,-0.61737806,0.11973695
2689,0.00695391,0.04142991,-1.00000000,-0.90560119,0.09986382
2690,-0.00731084,-0.07643436,-1.00000000,-0.68993396,0.06237403
2691,-0.00154248,0.23002130,1.00000000,-0.74952919,-0.06939789
2692,0.00199295,-0.05089402,-1.00000000,-0.73666750,-0.01939626
2693,0.00335371,0.06270215,-1.00000000,-0.94452498,0.11018399
2694,0.00606628,0.13232516,1.00000000,-0.92829289,0.10056817
2695,-0.00291500,0.15912257,1.00000000,-0.87925918,0.14818893
2696,0.00396755,0.21254122,1.00000000,-0.78151411,0.20787977
2697,0.00878414,0.03567319,-1.00000000,-0.89506757,0.28144967
2698,0.00525595,0.17121089,1.00000000,-0.85714006,0.30205690
2699,-0.00553095,0.26606391,1.00000000,-0.68357868,0.17642253
2700,-0.00093288,0.19658335,1.00000000,-0.81071370,0.19789507
2701,-0.01393667,-0.01584272,-1.00000000,-0.80080412,0.00393635
2702,0.00112679,0.07470696,-1.00000000,-0.96649130,-0.07901673
2703,-0.00477924,-0.18137617,-1.00000000,-0.49791217,-0.18772923
2704,-0.00360855,0.11526799,1.00000000,-0.95950399,-0.16690358
2705,0.00420196,-0.00103923,-1.00000000,-0.82789145,-0.11127722
2706,-0.00354081,0.02201510,-1.00000000,-0.87007610,0.00134246
2707,0.00054960,0.17582712,1.00000000,-0.84869332,-0.00491032
2708,-0.00248665,0.02334904,-1.00000000,-0.87251693,0.01992562
2709,-0.00459755,0.10390141,1.00000000,-0.98030248,0.00921171
2710,-0.00057436,0.04410869,-1.00000000,-0.91050279,-0.04253077
2711,0.00195212,0.00253886,-1.00000000,-0.83443861,0.01697494
2712,-0.00000961,0.08176726,-1.00000000,-0.97941019,0.01091694
2713,-0.00254009,0.13152126,1.00000000,-0.92976388,0.01033796
2714,0.00582302,0.09288890,-1.00000000,-0.99976048,0.12322528
2715,0.00594460,0.04305619,-1.00000000,-0.90857695,0.19384609
2716,0.00020839,0.20775061,1.00000000,-0.79027994,0.17495596
2717,0.00335115,0.21014501,1.00000000,-0.78589868,0.21136350
2718,-0.00400206,0.09718191,1.00000000,-0.99259777,0.19552585
2719,0.00465160,0.15907220,1.00000000,-0.87935135,0.18283571
2720,-0.00518357,0.01426578,-1.00000000,-0.85589645,0.06228270
2721,0.01006387,0.18468188,1.00000000,-0.83249094,0.16904847
2722,0.00175062,-0.00900177,-1.00000000,-0.81332164,0.15170973
2723,-0.00804065,0.29126562,1.00000000,-0.63746475,0.10795918
2724,-0.00071570,0.12755305,1.00000000,-0.93702487,0.04981452
2725,-0.00999670,-0.06526597,-1.00000000,-0.71036980,-0.00232670
2726,0.00712614,0.07898384,-1.00000000,-0.97431710,-0.03415159
2727,0.00533101,-0.10378647,-1.00000000,-0.63988526,0.00463521
2728,-0.01287885,0.23341287,1.00000000,-0.74332331,-0.04777768
2729,-0.01071535,0.19806149,1.00000000,-0.80800903,-0.15610511
2730,-0.00223618,-0.16054454,-1.00000000,-0.53602975,-0.07203440
2731,-0.00900084,-0.11793874,-1.00000000,-0.61398954,-0.24674002
2732,0.05995242,0.04904112,-1.00000000,-0.91952812,0.34498079
2733,-0.03648702,-0.08417503,-1.00000000,-0.67577014,0.08923037
2734,0.01792392,1.27371876,1.00000000,1.16022115,0.39948325
2735,-0.01031836,-0.62545939,-1.00000000,0.31466820,0.31192798
2736,-0.01021713,0.44605318,1.00000000,-0.35423556,0.29875178
2737,-0.00979249,-0.11012087,-1.00000000,-0.62829462,-0.45680383
2738,0.02426714,-0.10812734,-1.00000000,-0.63194238,0.20135387
2739,-0.02923895,-0.09976492,-1.00000000,-0.64724387,-0.30956765
2740,0.01094164,0.57096991,1.00000000,-0.12566379,-0.07925534
2741,-0.00125678,-0.48272343,-1.00000000,0.05349094,0.01781322
2742,-0.02618107,0.30855141,1.00000000,-0.60583534,-0.15972643
2743,0.00223529,0.06832836,-1.00000000,-0.95481978,-0.39840027
2744,0.00571344,-0.42250465,-1.00000000,-0.05669697,-0.01975645
2745,0.02702286,0.13709764,1.00000000,-0.91956025,0.15445347
2746,-0.01067361,0.20559270,1.00000000,-0.79422846,0.05243976
2747,0.01411084,0.62523821,1.00000000,-0.02636405,0.48892730
2748,-0.01039878,-0.11711685,-1.00000000,-0.61549344,0.35206074
2749,-0.01865070,0.37096245,1.00000000,-0.49163605,0.08812080
2750,-0.00651863,-0.11170469,-1.00000000,-0.62539656,-0.27523849
2751,-0.00633677,-0.27420945,-1.00000000,-0.32804649,-0.22825697
2752,-0.00499262,-0.03529299,-1.00000000,-0.76521415,-0.43520729
2753,-0.02275519,-0.03171168,-1.00000000,-0.77176721,-0.56906585
2754,-0.00216090,-0.00524134,-1.00000000,-0.82020247,-0.39042960
2755,0.02592547,-0.35503894,-1.00000000,-0.18014525,-0.03895847
2756,0.03062457,0.05052373,-1.00000000,-0.92224099,0.36144854
2757,0.00630057,0.60362738,1.00000000,-0.06590738,0.48378916
2758,-0.00512594,0.69616657,1.00000000,0.10342018,0.67476914
2759,-0.02933894,0.21715505,1.00000000,-0.77307175,0.38034590
2760,0.03629568,-0.00786675,-1.00000000,-0.81539850,0.49268771
2761,-0.00600620,-0.48469237,-1.00000000,0.05709369,0.09586180
2762,0.01225265,0.80784749,1.00000000,0.30777314,0.16034141
2763,0.01540203,-0.02520179,-1.00000000,-0.78367896,0.38272357
2764,0.02700109,0.33436904,1.00000000,-0.55859441,0.99306236
2765,0.00847746,0.39638976,1.00000000,-0.44510934,0.69170400
2766,0.02403858,0.62480951,1.00000000,-0.02714848,1.01718306
2767,-0.00158136,0.26002444,1.00000000,-0.69462966,0.86731743
2768,0.03731644,0.56646898,1.00000000,-0.13389956,1.10471902
2769,-0.00655206,0.06193641,-1.00000000,-0.94312384,0.74123341
2770,0.02653830,0.82794928,1.00000000,0.34455526,0.93688881
2771,-0.00142806,-0.03595134,-1.00000000,-0.76400952,0.66100537
2772,0.00858599,0.61569581,1.00000000,-0.04382465,0.77114966
2773,0.04888835,0.06495540,-1.00000000,-0.94864795,0.89650971
2774,-0.00420817,0.26216177,1.00000000,-0.69071878,0.92190144
2775,-0.00243951,1.05583453,1.00000000,0.76153810,0.60798110
2776,0.01662703,0.01020692,-1.00000000,-0.84846958,0.80357429
2777,-0.01175073,0.04503699,-1.00000000,-0.91220140,0.58326395
2778,0.01453314,0.42051369,1.00000000,-0.40096754,0.21108950
2779,0.00729057,-0.13832849,-1.00000000,-0.57668052,0.33565674
2780,0.00011359,0.37927871,1.00000000,-0.47641902,0.36331477
2781,-0.00759832,0.23665098,1.00000000,-0.73739824,0.10087837
2782,0.00310884,0.09531502,1.00000000,-0.99601379,0.26185398
2783,-0.00114382,-0.05655524,-1.00000000,-0.72630863,0.09202342
2784,0.00556777,0.15430036,1.00000000,-0.88808284,0.07336019
2785,0.00202780,0.07055292,-1.00000000,-0.95889026,0.09409714
2786,0.01149910,0.20272410,1.00000000,-0.79947741,0.30098197
2787,-0.00525378,0.13301162,1.00000000,-0.92703682,0.21038868
2788,-0.00389417,0.31952949,1.00000000,-0.58574772,0.18059380
2789,-0.01167440,-0.01038429,-1.00000000,-0.81079193,-0.00619286
2790,-0.01157609,0.01639042,-1.00000000,-0.85978411,-0.15356559
2791,0.00613972,-0.13682528,-1.00000000,-0.57943109,-0.21162450
2792,-0.00995707,-0.13488930,-1.00000000,-0.58297353,-0.26257592
2793,-0.00445846,0.21398734,1.00000000,-0.77886801,-0.26868893
2794,0.00066509,-0.10300611,-1.00000000,-0.64131317,-0.13501362
2795,0.00893267,0.00527791,-1.00000000,-0.83945050,0.08716043
2796,0.00132380,0.10617584,1.00000000,-0.97614075,0.03498900
2797,0.00401448,0.26898891,1.00000000,-0.67822653,0.18634461
2798,-0.01825364,0.11914771,1.00000000,-0.95240490,0.03689960
2799,-0.05597735,0.17213507,1.00000000,-0.85544900,-0.57671531
2800,-0.01771383,-0.26639010,-1.00000000,-0.34235428,-0.86538029
2801,0.00755134,-1.00928153,-1.00000000,1.01698329,-0.79791656
2802,-0.02136348,-0.25575954,-1.00000000,-0.36180600,-1.07283925
2803,0.00910787,0.24178636,1.00000000,-0.72800155,-0.77642845
2804,0.00774213,-0.32763202,-1.00000000,-0.23029424,-0.08614710
2805,0.00539548,0.27243907,1.00000000,-0.67191344,0.16419901
2806,0.00948499,0.24554361,1.00000000,-0.72112656,0.18514655
2807,-0.00458567,0.19933112,1.00000000,-0.80568586,0.36690272
2808,0.01515372,0.27986575,1.00000000,-0.65832416,0.43239822
2809,0.01652247,0.00277270,-1.00000000,-0.83486649,0.52751678
2810,-0.01258841,0.39149980,1.00000000,-0.45405695,0.33269498
2811,0.01264274,0.41845451,1.00000000,-0.40473541,0.36690329
2812,-0.00676424,-0.15482489,-1.00000000,-0.54649552,0.34330263
2813,-0.00720310,0.34205119,1.00000000,-0.54453768,0.10110825
2814,-0.02563939,-0.04012968,-1.00000000,-0.75636402,-0.35563661
2815,-0.03026153,-0.04877227,-1.00000000,-0.74054987,-0.54709182
2816,0.02728481,-0.41183728,-1.00000000,-0.07621605,-0.38847234
2817,-0.01009452,-0.50286095,-1.00000000,0.09033844,-0.42454971
2818,0.00227573,0.63039696,1.00000000,-0.01692460,-0.32186433
2819,0.01997200,-0.10571278,-1.00000000,-0.63636051,0.17224978
2820,0.00692199,0.13789393,1.00000000,-0.91810321,0.57506368
2821,-0.02472452,0.48638605,1.00000000,-0.28043475,0.01163982
2822,-0.00719290,0.22939266,1.00000000,-0.75067946,0.04307344
2823,-0.00871532,-0.39382082,-1.00000000,-0.10918244,-0.07599401
2824,-0.01645053,-0.04857130,-1.00000000,-0.74091760,-0.47056402
2825,-0.00909107,-0.07855236,-1.00000000,-0.68605847,-0.64403560
2826,-0.00563337,-0.23088143,-1.00000000,-0.40732780,-0.43721869
2827,0.00871620,-0.08595195,-1.00000000,-0.67251874,-0.26487342
2828,-0.01312553,-0.01785954,-1.00000000,-0.79711376,-0.31264979
2829,0.02007593,0.26472585,1.00000000,-0.68602704,0.08304605
2830,-0.01838859,-0.16540244,-1.00000000,-0.52714080,-0.01767514
2831,0.01748997,0.48843264,1.00000000,-0.27668991,0.23282294
2832,0.00160798,-0.26904756,-1.00000000,-0.33749167,0.15581870
2833,0.01139968,0.43750738,1.00000000,-0.36987260,0.42150354
2834,0.00222676,0.12474401,1.00000000,-0.94216484,0.22814118
2835,-0.00198195,0.31757166,1.00000000,-0.58933015,0.40587636
2836,0.02092282,0.13692967,1.00000000,-0.91986759,0.44306487
2837,-0.00938747,0.05404761,-1.00000000,-0.92868897,0.32394981
2838,0.00337986,0.50511036,1.00000000,-0.24617314,0.23707000
2839,0.01696894,-0.09178883,-1.00000000,-0.66183847,0.39677396
2840,0.00452369,0.15963756,1.00000000,-0.87831687,0.46725047
2841,-0.00407484,0.42724687,1.00000000,-0.38864720,0.19644765
2842,-0.00336634,0.18216304,1.00000000,-0.83709989,0.26167529
2843,0.00121586,0.01283255,-1.00000000,-0.85327394,0.23823239
2844,0.01039362,0.02678498,-1.00000000,-0.87880399,0.16700110
2845,0.01346904,0.11702198,1.00000000,-0.95629455,0.26390717
2846,0.00030296,0.29775936,1.00000000,-0.62558256,0.31133247
2847,-0.00401004,0.35832335,1.00000000,-0.51476299,0.30435919
2848,-0.00076224,0.09904443,1.00000000,-0.98918975,0.28293017
2849,-0.00364036,0.01410863,-1.00000000,-0.85560890,0.13089822
2850,0.00379188,0.07806733,-1.00000000,-0.97264009,0.02606438
2851,-0.00236079,0.02138870,-1.00000000,-0.86892991,-0.00279237
2852,-0.00137635,0.16775157,1.00000000,-0.86346989,0.02573875
2853,-0.01276675,0.04658730,-1.00000000,-0.91503815,-0.10430766
2854,0.00072790,0.06597382,-1.00000000,-0.95051146,-0.05698575
2855,0.00526646,-0.15833701,-1.00000000,-0.54006906,-0.04101146
2856,-0.00661967,0.10741264,1.00000000,-0.97387766,-0.08714857
2857,0.00386647,0.19679037,1.00000000,-0.81033491,-0.03035244
2858,0.00905252,-0.03728284,-1.00000000,-0.76157315,0.20601854
2859,0.00093468,0.16922042,1.00000000,-0.86078221,0.20825866
2860,0.00816071,0.27134901,1.00000000,-0.67390802,0.23961245
2861,-0.00671736,0.11148484,1.00000000,-0.96642637,0.23855416
2862,0.00067525,0.25378672,1.00000000,-0.70604339,0.20398328
2863,-0.00124424,-0.03920665,-1.00000000,-0.75805297,0.09243721
2864,-0.00043898,0.10637588,1.00000000,-0.97577471,0.07755611
2865,-0.00689964,0.06857546,-1.00000000,-0.95527192,-0.08559462
2866,0.00409598,0.08443328,-1.00000000,-0.98428845,0.03154773
2867,-0.01471793,-0.04279616,-1.00000000,-0.75148490,-0.13520868
2868,-0.00280065,0.17374009,1.00000000,-0.85251215,-0.15206946
2869,-0.00108468,-0.19676156,-1.00000000,-0.46976009,-0.15906434
2870,0.00080945,0.03792516,-1.00000000,-0.89918822,-0.07555076
2871,0.00158171,0.07171767,-1.00000000,-0.96102151,-0.10278815
2872,-0.00162573,0.10901866,1.00000000,-0.97093898,0.03904142
2873,-0.00098031,0.12422670,1.00000000,-0.94311140,0.05876135
2874,-0.00576448,0.06106274,-1.00000000,-0.94152520,0.00806440
2875,0.00692654,0.07377295,-1.00000000,-0.96478226,0.07433158
2876,0.00392267,-0.02044157,-1.00000000,-0.79238919,0.09969149
2877,0.00737842,0.22948216,1.00000000,-0.75051569,0.19723458
2878,0.01461924,0.17032712,1.00000000,-0.85875717,0.36622651
2879,-0.00471107,0.23838104,1.00000000,-0.73423258,0.37763830
2880,-0.00920305,0.38097424,1.00000000,-0.47331654,0.20290442
2881,0.00855107,0.00030332,-1.00000000,-0.83034804,0.25304451
2882,-0.00672255,-0.08815712,-1.00000000,-0.66848374,0.10028686
2883,-0.00033930,0.26147409,1.00000000,-0.69197708,-0.06176089
2884,-0.00202131,-0.03930884,-1.00000000,-0.75786599,-0.03262239
2885,0.00383484,0.08639641,-1.00000000,-0.98788057,0.10861871
2886,0.00023451,0.05327262,-1.00000000,-0.92727089,0.01852433
2887,0.00294575,0.16859744,1.00000000,-0.86192214,0.12326233
2888,0.00625889,0.09769640,1.00000000,-0.99165636,0.19474137
2889,0.02467423,0.15108870,1.00000000,-0.89395950,0.48393759
2890,0.00292158,0.21633428,1.00000000,-0.77457359,0.47404421
2891,-0.00299024,0.57898679,1.00000000,-0.11099457,0.43911005
2892,-0.00690988,0.15061280,1.00000000,-0.89483030,0.33234272
2893,-0.01100428,0.03419148,-1.00000000,-0.89235635,0.14532855
2894,-0.00590551,-0.04299786,-1.00000000,-0.75111585,-0.18594575
2895,0.00235503,-0.12362866,-1.00000000,-0.60357816,-0.19208331
2896,0.00268057,-0.02321885,-1.00000000,-0.78730734,-0.13065065
2897,0.00182467,0.13945567,1.00000000,-0.91524555,-0.03602815
2898,-0.00770526,0.14586658,1.00000000,-0.90351490,-0.00028946
2899,0.00532004,0.12901129,1.00000000,-0.93435660,0.12131843
2900,0.00427462,-0.05866124,-1.00000000,-0.72245509,0.14211360
2901,0.01677927,0.19784557,1.00000000,-0.80840411,0.29484659
2902,0.00985967,0.17725809,1.00000000,-0.84607494,0.38189076
2903,0.00603395,0.42351162,1.00000000,-0.39548195,0.53072947
2904,-0.00179662,0.28724417,1.00000000,-0.64482317,0.45363372
2905,0.00986220,0.21190459,1.00000000,-0.78267901,0.51416470
2906,0.00897081,0.05769739,-1.00000000,-0.93536730,0.42957471
2907,-0.00675669,0.28729408,1.00000000,-0.64473184,0.24956755
2908,0.01432001,0.26974005,1.00000000,-0.67685210,0.33933148
2909,0.00528632,-0.03998112,-1.00000000,-0.75663586,0.41606184
2910,0.00973661,0.37508160,1.00000000,-0.48409886,0.41470134
2911,0.00182836,0.19718136,1.00000000,-0.80961949,0.33732625
2912,-0.00561124,0.28482090,1.00000000,-0.64925726,0.34973512
2913,-0.00602071,0.12908406,1.00000000,-0.93422344,0.12938147
2914,0.00410588,-0.01742371,-1.00000000,-0.79791124,0.11659367
2915,0.00798258,-0.02548738,-1.00000000,-0.78315639,0.09759198
2916,-0.00546403,0.17393510,1.00000000,-0.85215532,0.01859254
2917,-0.00159645,0.25027875,1.00000000,-0.71246224,0.06208522
2918,-0.00496544,-0.01452474,-1.00000000,-0.80321575,0.07351705
2919,0.00276578,0.06163928,-1.00000000,-0.94258014,0.05899956
2920,-0.00082422,-0.00470607,-1.00000000,-0.82118190,-0.03640565
2921,-0.00354084,0.14754454,1.00000000,-0.90044459,-0.01557152
2922,0.00522633,0.07684678,-1.00000000,-0.97040672,0.05834059
2923,-0.00334563,0.02334849,-1.00000000,-0.87251593,0.07588822
2924,0.00447813,0.19600011,1.00000000,-0.81178092,0.09443834
2925,0.01264284,0.02719282,-1.00000000,-0.87955026,0.24032880
2926,-0.01071546,0.18126580,1.00000000,-0.83874165,0.16260524
2927,-0.00569879,0.34205315,1.00000000,-0.54453408,0.04425199
2928,0.00135349,-0.11794096,-1.00000000,-0.61398547,0.09515817
2929,-0.00651542,-0.01914787,-1.00000000,-0.79475639,-0.02393635
2930,0.00582899,0.11973241,1.00000000,-0.95133503,-0.09775167
2931,0.01258467,-0.03522968,-1.00000000,-0.76533001,0.15466161
2932,-0.00358651,0.20786826,1.00000000,-0.79006465,0.17754421
2933,0.00148114,0.34090750,1.00000000,-0.54663038,0.17892706
2934,0.00391155,0.02244917,-1.00000000,-0.87087035,0.29188378
2935,0.00109039,0.12224622,1.00000000,-0.94673528,0.24054987
2936,-0.00343575,0.17010823,1.00000000,-0.85915771,0.06699860
2937,-0.00063356,0.11455114,1.00000000,-0.96081569,0.09898826
2938,-0.00054472,0.02541803,-1.00000000,-0.87630276,0.07704188
2939,0.00234791,0.08060143,-1.00000000,-0.97727696,0.06010277
2940,-0.00332785,0.08235109,-1.00000000,-0.98047847,0.01223943
2941,-0.02195093,0.13931553,1.00000000,-0.91550196,-0.18833791
2942,0.00815451,0.02754295,-1.00000000,-0.88019092,-0.09313563
2943,0.00007939,-0.33920066,-1.00000000,-0.20912602,-0.08637460
2944,0.01691497,0.25366451,1.00000000,-0.70626701,0.07143221
2945,0.01856437,0.09464161,1.00000000,-0.99724601,0.30859350
2946,0.00100900,0.42618399,1.00000000,-0.39059206,0.55732143
2947,-0.00377115,0.45866564,1.00000000,-0.33115736,0.42812924
2948,-0.00913666,0.11294839,1.00000000,-0.96374838,0.32829054
2949,0.00013616,0.01881301,-1.00000000,-0.86421695,0.14652356
2950,0.00079637,-0.08684978,-1.00000000,-0.67087591,-0.04595953
2951,-0.00754002,0.09575962,1.00000000,-0.99520026,-0.13857222
2952,0.00150442,0.10876105,1.00000000,-0.97141035,-0.08142129
2953,0.00217689,-0.05540722,-1.00000000,-0.72840929,0.04113992
2954,0.00510518,0.12270461,1.00000000,-0.94589652,0.09496989
2955,0.00502127,0.13594761,1.00000000,-0.92166457,0.14073874
2956,-0.00288186,0.19361423,1.00000000,-0.81614659,0.19120118
2957,-0.00247934,0.19196176,1.00000000,-0.81917027,0.14804463
2958,0.00840692,0.03632573,-1.00000000,-0.89626159,0.21553531
2959,0.00589727,0.04425265,-1.00000000,-0.91076621,0.22411619
2960,-0.00146950,0.25863526,1.00000000,-0.69717156,0.15380086
2961,-0.00619632,0.20921295,1.00000000,-0.78760416,0.11789492
2962,-0.00015963,0.06413932,-1.00000000,-0.94715470,0.14302466
2963,-0.00815919,-0.02894574,-1.00000000,-0.77682832,-0.03643817
2964,-0.00322391,0.08993465,-1.00000000,-0.99435483,-0.13524915
2965,-0.00557907,-0.06760053,-1.00000000,-0.70609805,-0.17976862
2966,-0.00110113,0.02958982,-1.00000000,-0.88393628,-0.12457180
2967,-0.01091495,-0.01679023,-1.00000000,-0.79907038,-0.24108565
2968,-0.00867598,0.07139358,-1.00000000,-0.96042849,-0.24668401
2969,0.00532583,-0.12186957,-1.00000000,-0.60679694,-0.15406356
2970,-0.01667547,-0.07777749,-1.00000000,-0.68747632,-0.27427228
2971,0.00195175,0.19795953,1.00000000,-0.80819559,-0.24120004
2972,-0.00121513,-0.23531116,-1.00000000,-0.39922231,-0.13612057
2973,0.00927877,0.13151382,1.00000000,-0.92977749,0.05838555
2974,0.00471468,0.06914872,-1.00000000,-0.95632088,0.05176485
2975,0.00256096,0.27580465,1.00000000,-0.66575512,0.26015556
2976,-0.00045751,0.18592412,1.00000000,-0.83021789,0.23405582
2977,0.00773056,0.14351105,1.00000000,-0.90782504,0.33096561
2978,0.00583995,0.08406851,-1.00000000,-0.98362099,0.29371238
2979,0.00461743,0.24531579,1.00000000,-0.72154343,0.29265890
2980,-0.00019641,0.20808403,1.00000000,-0.78966984,0.26278792
2981,-0.00290225,0.18400906,1.00000000,-0.83372206,0.23630365
2982,-0.00600006,0.08921020,-1.00000000,-0.99302923,0.08755806
2983,-0.00391438,0.03592418,-1.00000000,-0.89552685,-0.01811180
2984,0.01640611,-0.02508077,-1.00000000,-0.78390040,0.10959650
2985,0.00046822,0.01599251,-1.00000000,-0.85905600,0.11679654
2986,0.01944885,0.41616307,1.00000000,-0.40892827,0.35892892
2987,-0.00491363,0.10229878,1.00000000,-0.98323497,0.37069836
2988,0.00097703,0.47608354,1.00000000,-0.29928621,0.42368758
2989,0.00224492,-0.00368574,-1.00000000,-0.82304889,0.27027751
2990,0.00170832,0.11231874,1.00000000,-0.96490050,0.28371169
2991,0.00067984,0.13728719,1.00000000,-0.91921342,0.08038458
2992,0.00111819,0.12672006,1.00000000,-0.93854908,0.14572807
2993,-0.00133308,0.10646617,1.00000000,-0.97560950,0.12070235
2994,-0.00422855,0.11509866,1.00000000,-0.95981383,0.05057440
2995,0.01583228,0.06682584,-1.00000000,-0.95207048,0.20358109
2996,-0.00360551,0.00980539,-1.00000000,-0.84773486,0.15715740
2997,0.00310472,0.40486263,1.00000000,-0.42960574,0.17867767
2998,-0.00430798,0.02207506,-1.00000000,-0.87018581,0.14645017
2999,-0.00072758,0.15421920,1.00000000,-0.88823134,0.18437672
3000,0.01022717,0.00824122,-1.00000000,-0.84487275,0.12365582
3001,0.00867534,0.07875001,-1.00000000,-0.97388925,0.25669579
3002,0.00215482,0.29448139,1.00000000,-0.63158057,0.24640544
3003,0.03305547,0.26392123,1.00000000,-0.68749933,0.65116857
3004,0.00056028,0.13551291,1.00000000,-0.92245997,0.66512009
3005,0.00040821,0.74403824,1.00000000,0.19101543,0.55875007
3006,-0.00057129,0.10411172,1.00000000,-0.97991766,0.45858012
3007,-0.00154015,0.10111708,1.00000000,-0.98539723,0.41855203
3008,-0.00377600,0.08182771,-1.00000000,-0.97952079,0.01955195
3009,0.02880765,0.06274801,-1.00000000,-0.94460889,0.32555943
3010,-0.00683219,0.01871757,-1.00000000,-0.86404230,0.24712319
3011,-0.00667686,0.66038617,1.00000000,0.03794946,0.18098074
3012,-0.00598274,-0.04146793,-1.00000000,-0.75391529,0.13285363
3013,-0.00096602,-0.03840907,-1.00000000,-0.75951238,0.16329451
3014,-0.00649927,-0.02473966,-1.00000000,-0.78452456,-0.21919002
3015,-0.00628311,0.07405439,-1.00000000,-0.96529723,-0.21324172
3016,-0.01963707,-0.03491177,-1.00000000,-0.76591171,-0.35364133
3017,0.00129074,-0.03065483,-1.00000000,-0.77370103,-0.27484680
3018,0.00041365,-0.29363393,-1.00000000,-0.29250371,-0.25990068
3019,0.01530076,0.11849665,1.00000000,-0.95359622,-0.02373809
3020,-0.00143658,0.10122413,1.00000000,-0.98520135,0.02876501
3021,0.00831397,0.39439543,1.00000000,-0.44875856,0.33156228
3022,0.00022164,0.06478772,-1.00000000,-0.94834114,0.31998063
3023,-0.01389102,0.25680486,1.00000000,-0.70052081,0.16501631
3024,0.00748363,0.09744299,1.00000000,-0.99212004,0.08033230
3025,-0.00096314,-0.18047714,-1.00000000,-0.49955722,0.08546111
3026,0.01262857,0.24045295,1.00000000,-0.73044143,0.13220177
3027,-0.00190964,0.07411111,-1.00000000,-0.96540101,0.10911329
3028,-0.01453695,0.34177219,1.00000000,-0.54504819,0.10211586
3029,-0.01837783,0.05547169,-1.00000000,-0.93129473,-0.17804471
3030,0.00750201,-0.19319739,-1.00000000,-0.47628179,-0.08634067
3031,-0.00386247,-0.26883580,-1.00000000,-0.33787915,-0.26499025
3032,0.00364925,0.24081493,1.00000000,-0.72977907,-0.20477008
3033,-0.01652859,0.01701476,-1.00000000,-0.86092652,-0.22634578
3034,-0.00108709,0.16494268,1.00000000,-0.86860958,-0.03903294
3035,-0.00595009,-0.23241870,-1.00000000,-0.40451491,-0.18476133
3036,0.00956067,0.07167009,-1.00000000,-0.96093446,-0.03934670
3037,-0.01565534,-0.02409683,-1.00000000,-0.78570082,-0.24847582
3038,0.00740812,0.28135616,1.00000000,-0.65559702,0.01083369
3039,-0.02087675,-0.21522183,-1.00000000,-0.43598162,-0.20355024
3040,-0.00377143,0.23896604,1.00000000,-0.73316216,-0.17994848
3041,0.00890131,-0.31804687,-1.00000000,-0.24783308,-0.18709146
3042,-0.00538147,0.01880754,-1.00000000,-0.86420692,-0.07579333
3043,-0.00520497,0.26837133,1.00000000,-0.67935657,-0.21243262
3044,0.00978958,-0.01289899,-1.00000000,-0.80619055,0.11977973
3045,0.00789573,-0.00942314,-1.00000000,-0.81255063,0.24617153
3046,-0.00244652,0.28586400,1.00000000,-0.64734861,0.12323898
3047,-0.03009956,0.24856837,1.00000000,-0.71559189,-0.14453522
3048,-0.00805548,0.04489888,-1.00000000,-0.91194868,-0.17541519
3049,-0.00465279,-0.49967122,-1.00000000,0.08450189,-0.33187132
3050,-0.00275343,-0.06555816,-1.00000000,-0.70983516,-0.44723502
3051,-0.01135388,0.00145086,-1.00000000,-0.83244779,-0.54372961
3052,0.00639785,0.03885493,-1.00000000,-0.90088951,-0.14834851
3053,-0.02873238,-0.13051343,-1.00000000,-0.59098046,-0.37234401
3054,0.00970333,0.21907071,1.00000000,-0.76956650,-0.21682229
3055,0.02819954,-0.47274747,-1.00000000,0.03523700,0.11849525
3056,0.00346897,0.28416539,1.00000000,-0.65045671,0.27907315
3057,0.00008101,0.64841056,1.00000000,0.01603656,0.21064205
3058,-0.00318404,0.16139245,1.00000000,-0.87510577,0.48741053
3059,0.00300820,0.09467351,1.00000000,-0.99718762,0.41488141
3060,0.00929102,0.03037498,-1.00000000,-0.88537296,0.21004303
3061,0.00430943,0.15231861,1.00000000,-0.89170902,0.21914781
3062,-0.04243388,0.27604594,1.00000000,-0.66531362,-0.24142150
3063,0.00336395,0.17794355,1.00000000,-0.84482069,-0.17048624
3064,-0.01642643,-0.74257053,-1.00000000,0.52895736,-0.38102412
3065,-0.01085977,0.15932437,1.00000000,-0.87888994,-0.59932033
3066,-0.01268021,-0.23040681,-1.00000000,-0.40819624,-0.78337129
3067,0.00123230,-0.12078295,-1.00000000,-0.60878522,-0.31032997
3068,0.01114321,-0.15663274,-1.00000000,-0.54318754,-0.22605627
