seq_idx,target_return,feat_logret,feat_sign,feat_absret,feat_rollmean
0,0.00036149,-0.03181327,-1.00000000,-0.87217013,-0.22177249
1,0.00443069,-0.02933668,-1.00000000,-0.87695908,-0.15501276
2,-0.00927167,0.03978728,1.00000000,-0.98987127,-0.18188665
3,0.01338197,0.10018902,1.00000000,-0.87307321,-0.04802696
4,-0.00161406,-0.10320418,-1.00000000,-0.73412246,-0.02791333
5,-0.00118250,0.23305885,1.00000000,-0.61614454,-0.03949577
6,-0.00494784,0.01046275,-1.00000000,-0.95391873,-0.10984986
7,-0.00845862,0.01686876,-1.00000000,-0.96630593,-0.10375070
8,0.00428138,-0.03902269,-1.00000000,-0.85822937,-0.17201981
9,-0.00183980,-0.09113559,-1.00000000,-0.75745932,-0.17371320
10,0.00152000,0.09797273,1.00000000,-0.87735881,-0.15344005
11,0.01879827,0.00711200,-1.00000000,-0.94743942,0.02469407
12,0.00442757,0.05698383,1.00000000,-0.95661852,0.12136130
13,-0.01370224,0.31345657,1.00000000,-0.46068050,-0.01354487
14,-0.02271776,0.10014272,1.00000000,-0.87316274,-0.17016327
15,-0.00078993,-0.16897010,-1.00000000,-0.60695175,-0.18749148
16,-0.01032707,-0.30279347,-1.00000000,-0.34817923,-0.40597855
17,0.00970039,0.02269598,-1.00000000,-0.97757397,-0.36642387
18,0.00161401,-0.11887026,-1.00000000,-0.70382917,-0.25152724
19,0.00197903,0.17841075,1.00000000,-0.72181686,-0.06626145
20,0.00399852,0.05837926,1.00000000,-0.95392020,-0.03034035
21,-0.00402805,0.06379742,1.00000000,-0.94344317,0.01691251
22,0.00191738,0.09377413,1.00000000,-0.88547760,-0.04147266
23,0.00898149,-0.02536963,-1.00000000,-0.88463011,0.01379530
24,0.00949188,0.06288231,1.00000000,-0.94521271,0.07015384
25,0.00675872,0.16773960,1.00000000,-0.74245152,0.09085978
26,-0.03975034,0.17531574,1.00000000,-0.72780165,-0.17711503
27,0.00144504,0.13474558,1.00000000,-0.80625164,-0.18065832
28,0.00236521,-0.55561932,-1.00000000,0.14070684,-0.23029108
29,0.01373182,0.05587109,1.00000000,-0.95877020,-0.19848468
30,0.00722405,0.06952979,1.00000000,-0.93235856,-0.19499399
31,-0.00974574,0.23825200,1.00000000,-0.60610262,0.03008888
32,0.00982843,0.14165271,1.00000000,-0.79289540,0.09297784
33,0.00137238,-0.11024119,-1.00000000,-0.72051509,0.08553001
34,-0.02905375,0.18031134,1.00000000,-0.71814171,-0.23543086
35,0.00310602,0.05479255,1.00000000,-0.96085578,-0.26632268
36,0.00113431,-0.39684278,-1.00000000,-0.16631729,-0.18470473
37,-0.00719366,0.08052617,1.00000000,-0.91109500,-0.31239786
38,0.00389588,0.05125867,1.00000000,-0.96768919,-0.29346758
39,0.01030298,-0.07235884,-1.00000000,-0.79376769,0.00177140
40,0.00293938,0.09225046,1.00000000,-0.88842390,0.00052127
41,-0.00704193,0.18735531,1.00000000,-0.70452088,-0.06081371
42,0.00411929,0.07805251,1.00000000,-0.91587830,0.02405165
43,0.00322596,-0.07010666,-1.00000000,-0.79812269,0.01902624
44,-0.00923575,0.09556676,1.00000000,-0.88201122,-0.12754574
45,0.01386072,0.08230652,1.00000000,-0.90765237,-0.04561805
46,0.04015166,-0.10267099,-1.00000000,-0.73515348,0.30841006
47,0.00022478,0.24016525,1.00000000,-0.60240298,0.27919494
48,-0.01844398,0.63041923,1.00000000,0.15222608,0.11663541
49,-0.01498462,0.03775793,1.00000000,-0.99379539,0.07350958
50,0.01268532,-0.23935483,-1.00000000,-0.47084970,0.06469224
51,0.03553360,-0.18800534,-1.00000000,-0.57014354,0.03004934
52,-0.00029711,0.22271811,1.00000000,-0.63614030,0.02613432
53,-0.00342555,0.56187031,1.00000000,0.01967392,0.13879679
54,0.01111065,0.03001116,-1.00000000,-0.99171924,0.33455343
55,-0.01590867,-0.01642628,-1.00000000,-0.90192376,0.12005231
56,0.00531974,0.19934411,1.00000000,-0.68133829,-0.10660043
57,0.00718415,-0.20172159,-1.00000000,-0.54362062,-0.05047886
58,-0.00560771,0.11338583,1.00000000,-0.84755471,-0.06684861
59,-0.00044152,0.14106057,1.00000000,-0.79404041,-0.15350848
60,0.01158250,-0.04881759,-1.00000000,-0.83928909,0.05271963
61,0.02504270,0.02786766,-1.00000000,-0.98757437,0.20067368
62,-0.00534846,0.20634808,1.00000000,-0.66779481,0.10665886
63,-0.01636614,0.40614687,1.00000000,-0.28144647,0.02595326
64,0.00157712,-0.04496933,-1.00000000,-0.84673042,0.04109627
65,-0.00889140,-0.20851214,-1.00000000,-0.53048982,-0.11249098
66,0.02774082,0.05783158,1.00000000,-0.95497924,-0.09225070
67,0.00249347,-0.09755956,-1.00000000,-0.74503739,-0.03342357
68,-0.00007815,0.44619692,1.00000000,-0.20400222,0.08876268
69,0.00317446,0.07143364,1.00000000,-0.92867711,0.10074531
70,-0.00406652,0.03326141,-1.00000000,-0.99800419,0.13693965
71,0.01616228,0.08154196,1.00000000,-0.90913078,0.05008190
72,0.00445939,-0.02594074,-1.00000000,-0.88352577,0.06482947
73,-0.02844081,0.27432892,1.00000000,-0.53634113,-0.14793632
74,0.01202597,0.10061510,1.00000000,-0.87224931,-0.08153566
75,-0.00928345,-0.38774457,-1.00000000,-0.18391040,-0.12067102
76,-0.00054963,0.21293091,1.00000000,-0.65506567,-0.24603739
77,0.00480599,-0.10337904,-1.00000000,-0.73378433,-0.24343735
78,-0.01249063,0.02626279,-1.00000000,-0.98447106,-0.12378522
79,-0.00163041,0.10575987,1.00000000,-0.86230093,-0.22623015
80,0.02379657,-0.15098536,-1.00000000,-0.64172860,0.02192343
81,-0.01058567,0.01022010,-1.00000000,-0.95344952,-0.05336304
82,-0.02226080,0.38764980,1.00000000,-0.31721403,-0.25640767
83,-0.02069682,-0.12270879,-1.00000000,-0.69640665,-0.31796734
84,0.01483759,-0.29601055,-1.00000000,-0.36129527,-0.19443072
85,-0.00076395,-0.27279530,-1.00000000,-0.40618631,-0.37867427
86,-0.00323574,0.25466568,1.00000000,-0.57436370,-0.32353789
87,0.00475479,0.02308163,-1.00000000,-0.97831968,-0.12087735
88,-0.03168108,-0.01360880,-1.00000000,-0.90737188,-0.20327706
89,0.02544648,0.10499984,1.00000000,-0.86377058,-0.12369328
90,0.00670340,-0.43584202,-1.00000000,-0.09090497,-0.06767611
91,0.00167015,0.41214045,1.00000000,-0.26985677,-0.03087405
92,-0.01163976,0.13392445,1.00000000,-0.80783945,-0.15385962
93,0.01898146,0.05921253,1.00000000,-0.95230891,0.22619125
94,0.00380540,-0.13835534,-1.00000000,-0.66615110,0.06384821
95,-0.00044729,0.31617588,1.00000000,-0.45542221,0.01020645
96,0.01896361,0.09090749,1.00000000,-0.89102078,0.13993534
97,-0.00701045,0.02778189,-1.00000000,-0.98740852,0.17466269
98,0.01194087,0.31591094,1.00000000,-0.45593453,0.12184691
99,-0.01165911,-0.06963932,-1.00000000,-0.79902638,0.00583814
100,0.00950501,0.21166775,1.00000000,-0.65750824,0.08049653
101,0.02614431,-0.13864251,-1.00000000,-0.66559582,0.13436332
102,0.00232396,0.17551065,1.00000000,-0.72742474,0.20438646
103,-0.00082281,0.42249876,1.00000000,-0.24982705,0.10863825
104,0.01252499,0.06891754,1.00000000,-0.93354246,0.29005803
105,0.00827649,0.02220792,-1.00000000,-0.97663021,0.28084210
106,-0.00821434,0.22033818,1.00000000,-0.64074233,0.02309681
107,-0.01245425,0.15727482,1.00000000,-0.76268713,-0.08776369
108,-0.01935505,-0.08750947,-1.00000000,-0.76447111,-0.22678547
109,-0.00561805,-0.15044542,-1.00000000,-0.64277269,-0.36288761
110,-0.00024814,-0.25287859,-1.00000000,-0.44469899,-0.42683607
111,0.00296647,-0.04897114,-1.00000000,-0.83899218,-0.34296202
112,-0.00024549,0.03073810,-1.00000000,-0.99312490,-0.25137658
113,0.00416207,0.07845461,1.00000000,-0.91510076,-0.07496016
114,-0.00559502,0.03077739,-1.00000000,-0.99320088,-0.07478739
115,0.00117004,0.09620179,1.00000000,-0.88078325,-0.06414874
116,0.00128754,-0.04862926,-1.00000000,-0.83965328,-0.07674338
117,0.01021188,0.05178909,1.00000000,-0.96666351,0.00170378
118,-0.00161095,0.05353322,1.00000000,-0.96329091,-0.04160319
119,0.00074852,0.18600311,1.00000000,-0.70713560,0.00598361
120,-0.00346792,0.01050902,-1.00000000,-0.95400819,-0.02880856
121,-0.00006287,0.04553215,1.00000000,-0.97876249,-0.03893879
122,-0.01725123,-0.01705521,-1.00000000,-0.90070760,-0.24495642
123,-0.00381632,0.03348824,-1.00000000,-0.99844281,-0.26150029
124,0.00916229,-0.22165006,-1.00000000,-0.50508520,-0.19838345
125,-0.00194717,-0.02222683,-1.00000000,-0.89070730,-0.18697538
126,0.00273192,0.17042332,1.00000000,-0.73726205,-0.16600999
127,0.00088199,0.00551826,-1.00000000,-0.94435763,-0.02998160
128,-0.00043357,0.07497309,1.00000000,-0.92183293,-0.00460547
129,0.00365732,0.04751333,1.00000000,-0.97493151,-0.04590160
130,-0.00951840,0.02798568,-1.00000000,-0.98780259,-0.10269802
131,0.00137361,0.08870943,1.00000000,-0.89527114,-0.11288756
132,-0.00263204,-0.10686649,-1.00000000,-0.72704068,-0.13924846
133,-0.01077551,0.05481075,1.00000000,-0.96082058,-0.21682972
134,-0.01794866,-0.00464777,-1.00000000,-0.92469971,-0.37890944
135,0.01798946,-0.12552665,-1.00000000,-0.69095778,-0.17255615
136,0.00269798,-0.23200250,-1.00000000,-0.48506681,-0.16262118
137,0.00474660,0.30145086,1.00000000,-0.48389580,-0.10726948
138,-0.00144173,0.07446937,1.00000000,-0.92280696,-0.03725111
139,0.00257847,0.10487828,1.00000000,-0.86400564,0.11673547
140,-0.00455468,0.01302078,-1.00000000,-0.95886515,-0.05238197
141,-0.01171355,0.07269530,1.00000000,-0.92623745,-0.16049176
142,-0.00567596,-0.03318683,-1.00000000,-0.86951410,-0.23867774
143,-0.00403887,-0.13945068,-1.00000000,-0.66403306,-0.25816042
144,-0.00324453,-0.04983062,-1.00000000,-0.83733022,-0.30184228
145,-0.00486057,-0.02553019,-1.00000000,-0.88431964,-0.30413692
146,0.00105325,-0.01373929,-1.00000000,-0.90711956,-0.20836525
147,0.00436363,-0.03772729,-1.00000000,-0.86073427,-0.13305218
148,0.00491378,0.05005554,1.00000000,-0.97001566,-0.06589290
149,0.00019101,0.09919359,1.00000000,-0.87499805,-0.04012080
150,-0.00166885,0.10735986,1.00000000,-0.85920704,-0.01617778
151,0.00659283,0.03725673,1.00000000,-0.99476457,0.02537796
152,0.02029428,0.00964947,-1.00000000,-0.95234610,0.14488361
153,0.01437566,0.13228312,1.00000000,-0.81101326,0.21586304
154,0.00209779,0.33566295,1.00000000,-0.41774031,0.23016697
155,-0.00454724,0.24780896,1.00000000,-0.58762244,0.20857442
156,0.00721552,0.06556034,1.00000000,-0.94003423,0.21324563
157,0.00554576,-0.03307634,-1.00000000,-0.86972774,0.10260789
158,0.00238421,0.14152618,1.00000000,-0.79314007,0.01265264
159,0.00453233,0.11674078,1.00000000,-0.84106729,0.03091559
160,0.00401406,0.06981184,1.00000000,-0.93181316,0.09513918
161,0.00139697,0.10169779,1.00000000,-0.87015572,0.05149065
162,-0.00268681,0.09400476,1.00000000,-0.88503162,-0.01026693
163,-0.00400291,0.05515755,1.00000000,-0.96014998,-0.05818062
164,0.00536939,-0.00546077,-1.00000000,-0.92312762,-0.05190136
165,-0.00335903,-0.02499640,-1.00000000,-0.88535182,-0.10721145
166,0.00106141,0.11412275,1.00000000,-0.84612973,-0.10972868
167,0.00467354,-0.01543895,-1.00000000,-0.90383294,-0.05451411
168,0.00077106,0.05017664,1.00000000,-0.96978149,-0.01870165
169,-0.00324589,0.10379392,1.00000000,-0.86610245,-0.08333010
170,0.00148826,0.04586677,1.00000000,-0.97811544,-0.04696758
171,0.00125957,-0.01375948,-1.00000000,-0.90708052,-0.04548110
172,-0.00623861,0.05651266,1.00000000,-0.95752963,-0.12733984
173,0.00256970,0.05311799,1.00000000,-0.96409385,-0.11384714
174,-0.00044068,-0.05818238,-1.00000000,-0.82118052,-0.09280358
175,0.00281589,0.07256517,1.00000000,-0.92648909,-0.08284421
176,0.00272498,0.02788004,-1.00000000,-0.98759830,-0.07185127
177,-0.00279366,0.07621956,1.00000000,-0.91942265,-0.04600861
178,0.00739208,0.07487004,1.00000000,-0.92203220,-0.00983302
179,0.00208592,-0.00704675,-1.00000000,-0.92006083,0.00912060
180,0.00025660,0.14414690,1.00000000,-0.78807243,-0.01007825
181,-0.00407950,0.06538413,1.00000000,-0.94037498,-0.06112279
182,-0.00189444,0.03823022,1.00000000,-0.99288214,-0.05437717
183,-0.00685241,-0.02613330,-1.00000000,-0.88315341,-0.16123384
184,-0.00193524,0.00630099,-1.00000000,-0.94587119,-0.19139909
185,0.00178107,-0.06729355,-1.00000000,-0.80356237,-0.17996308
186,0.00275986,0.00569526,-1.00000000,-0.94469989,-0.12865685
187,-0.00692261,0.06085898,1.00000000,-0.94912519,-0.16637626
188,0.00203233,0.07538785,1.00000000,-0.92103091,-0.09972637
189,-0.00500967,-0.06833553,-1.00000000,-0.80154752,-0.12278955
190,-0.00651091,0.06458858,1.00000000,-0.94191332,-0.18499280
191,-0.00153743,-0.03994053,-1.00000000,-0.85645454,-0.21722943
192,-0.00329115,-0.06222443,-1.00000000,-0.81336446,-0.18998761
193,-0.00013977,0.01160026,-1.00000000,-0.95611831,-0.20628181
194,-0.00782617,-0.01443132,-1.00000000,-0.90578139,-0.22741009
195,0.00938567,0.03234676,-1.00000000,-0.99623554,-0.10816008
196,0.00344904,-0.08174769,-1.00000000,-0.77561259,-0.07075348
197,0.00119714,0.17373909,1.00000000,-0.73085038,-0.03708407
198,0.00131046,0.08561780,1.00000000,-0.90124938,-0.02620505
199,0.01635626,0.05219135,1.00000000,-0.96588568,0.15520222
200,-0.00271618,0.05387338,1.00000000,-0.96263316,0.06441881
201,-0.00160776,0.27720825,1.00000000,-0.53077341,0.02648460
202,-0.00953088,-0.00589673,-1.00000000,-0.92228460,-0.05399291
203,-0.00170091,0.01055627,-1.00000000,-0.95409955,-0.07658304
204,0.00701028,-0.10705189,-1.00000000,-0.72668219,-0.14669299
205,0.00325843,0.00917363,-1.00000000,-0.95142597,-0.10187376
206,-0.01101686,0.13847962,1.00000000,-0.79903117,-0.17245719
207,-0.00013737,0.08278839,1.00000000,-0.90672057,-0.10199065
208,-0.00756481,-0.12910925,-1.00000000,-0.68403016,-0.14597935
209,-0.00060409,0.03238234,-1.00000000,-0.99630435,-0.20309945
210,-0.01451318,-0.07786812,-1.00000000,-0.78311447,-0.33641518
211,-0.00299359,0.02545440,-1.00000000,-0.98290789,-0.27622771
212,0.00246812,-0.18100740,-1.00000000,-0.58367538,-0.25668231
213,0.00115289,-0.01001451,-1.00000000,-0.91432210,-0.19128552
214,0.00223526,0.07105739,1.00000000,-0.92940466,-0.16998580
215,-0.00063798,0.05153446,1.00000000,-0.96715590,-0.06589942
216,-0.00042320,0.06760078,1.00000000,-0.93608867,-0.04661733
217,0.00525208,0.02495140,-1.00000000,-0.98193524,-0.02573316
218,-0.00418457,0.02813954,-1.00000000,-0.98810010,-0.06577269
219,0.00747167,0.11238151,1.00000000,-0.84949674,-0.02649111
220,-0.00843496,-0.02769294,-1.00000000,-0.88013755,-0.08498108
221,-0.00490440,0.14532839,1.00000000,-0.78578778,-0.11859729
222,0.00113506,-0.09078442,-1.00000000,-0.75813839,-0.14948155
223,0.00231738,-0.03837786,-1.00000000,-0.85947627,-0.10070642
224,-0.00001427,0.05126990,1.00000000,-0.96766746,-0.15686308
225,0.01363099,0.06881986,1.00000000,-0.93373134,0.00866718
226,-0.00616459,0.03420955,-1.00000000,-0.99983760,-0.00078627
227,-0.00913578,0.23675521,1.00000000,-0.60899694,-0.07783416
228,-0.00267768,-0.05708369,-1.00000000,-0.82330505,-0.11530520
229,-0.00343284,-0.10118702,-1.00000000,-0.73802301,-0.14095000
230,0.00460476,-0.00532521,-1.00000000,-0.92338975,-0.20866125
231,-0.00019863,-0.01653457,-1.00000000,-0.90171436,-0.16390697
232,0.00396397,0.10277295,1.00000000,-0.86807668,-0.06563770
233,-0.00083986,0.03147293,-1.00000000,-0.99454583,-0.05185108
234,0.01579562,0.09326128,1.00000000,-0.88646928,0.09239340
235,-0.00127561,0.02195478,-1.00000000,-0.97614072,0.04828108
236,0.00103636,0.26888625,1.00000000,-0.54686556,0.05754552
237,0.00738751,0.01548662,-1.00000000,-0.96363332,0.08322757
238,0.00204262,0.04980473,1.00000000,-0.97050065,0.10485080
239,-0.00070679,0.14407913,1.00000000,-0.78820347,-0.01894387
240,0.00782292,0.06474130,1.00000000,-0.94161800,0.04930978
241,0.00632645,0.02393007,-1.00000000,-0.97996030,0.08899398
242,-0.00417446,0.15054215,1.00000000,-0.77570601,0.00226052
243,-0.01089273,0.12832903,1.00000000,-0.81865922,-0.09477545
244,-0.00181805,-0.02754294,-1.00000000,-0.88042761,-0.10311174
245,0.01407979,-0.12726664,-1.00000000,-0.68759318,-0.05617509
246,0.00050647,0.00743479,-1.00000000,-0.94806360,-0.09983428
247,-0.00369868,0.24341710,1.00000000,-0.59611492,-0.09626513
248,0.00681520,0.04193930,1.00000000,-0.98570993,0.03657290
249,-0.01062053,-0.02048056,-1.00000000,-0.89408405,-0.02945987
250,-0.01288043,0.13558389,1.00000000,-0.80463060,-0.23170507
251,-0.00095482,-0.12322621,-1.00000000,-0.69540611,-0.24266709
252,0.00691672,-0.15677145,-1.00000000,-0.63054012,-0.16303445
253,0.00676237,0.02024843,-1.00000000,-0.97284116,-0.16343072
254,0.00204521,0.13709090,1.00000000,-0.80171651,-0.06841721
255,-0.00981051,0.13479977,1.00000000,-0.80614684,-0.04538782
256,-0.03525697,0.06477985,1.00000000,-0.94154347,-0.30270934
257,-0.00390819,-0.11120251,-1.00000000,-0.71865618,-0.38391367
258,-0.00377900,-0.48892129,-1.00000000,0.01173373,-0.46299097
259,-0.00466495,-0.02359050,-1.00000000,-0.88807040,-0.51332806
260,-0.00507409,-0.02167283,-1.00000000,-0.89177857,-0.47779730
261,-0.00281715,-0.03482363,-1.00000000,-0.86634903,-0.23444626
262,-0.00052947,-0.04089675,-1.00000000,-0.85460552,-0.20910044
263,0.01154076,-0.00739540,-1.00000000,-0.91938666,-0.09417748
264,0.00811439,0.02656204,-1.00000000,-0.98504971,0.00168824
265,0.00294716,0.20572862,1.00000000,-0.66899265,0.06186055
266,0.01502417,0.15486872,1.00000000,-0.76733979,0.19569924
267,-0.00195167,0.07816798,1.00000000,-0.91565501,0.18503049
268,-0.00583125,0.25743518,1.00000000,-0.56900834,0.05471235
269,-0.00726483,0.00545146,-1.00000000,-0.94422845,-0.06065661
270,0.00124618,-0.05213574,-1.00000000,-0.83287284,-0.07341668
271,0.01728364,-0.07341526,-1.00000000,-0.79172490,-0.05646705
272,0.00725778,0.05291925,1.00000000,-0.96447814,0.01261871
273,0.00103381,0.29097391,1.00000000,-0.50415493,0.06411771
274,-0.00285676,0.14215349,1.00000000,-0.79192704,0.09718533
275,0.01593381,0.04976686,1.00000000,-0.97057389,0.20736625
276,-0.00077289,-0.00798337,-1.00000000,-0.91824969,0.07191314
277,0.00056416,0.27093749,1.00000000,-0.54289910,0.02170012
278,0.00404257,0.02294883,-1.00000000,-0.97806290,0.04427070
279,0.03507026,0.04279552,1.00000000,-0.98405428,0.32878457
280,-0.01276876,0.09442793,1.00000000,-0.88421335,0.11346896
281,0.00150176,0.55499263,1.00000000,0.00637464,0.13053256
282,0.00708872,-0.15511386,-1.00000000,-0.63374537,0.17947729
283,-0.01191737,0.05671307,1.00000000,-0.95714208,0.05975195
284,0.01139059,0.13964391,1.00000000,-0.79677980,-0.11788380
285,0.01684093,-0.14247614,-1.00000000,-0.65818278,0.10423668
286,0.03938585,0.20349951,1.00000000,-0.67330305,0.38842848
287,0.00016571,0.28440249,1.00000000,-0.51686200,0.33649480
288,-0.00133753,0.61905181,1.00000000,0.13024504,0.41586074
289,-0.00931882,0.03688120,1.00000000,-0.99549072,0.26050675
290,-0.00294880,0.01456759,-1.00000000,-0.96185620,0.11205186
291,-0.00567417,-0.10390402,-1.00000000,-0.73276918,-0.22597107
292,0.00315643,-0.00934960,-1.00000000,-0.91560785,-0.20353588
293,0.01978126,-0.04980416,-1.00000000,-0.83738138,-0.04511088
294,-0.01500789,0.08127437,1.00000000,-0.90964821,-0.08778808
295,0.01828676,0.32804782,1.00000000,-0.43246560,0.07151286
296,0.00413415,-0.18835066,-1.00000000,-0.56947580,0.14509112
297,-0.00714400,0.30586389,1.00000000,-0.47536237,0.06782126
298,0.00659199,0.09578733,1.00000000,-0.88158469,-0.03111953
299,0.00203377,-0.07162180,-1.00000000,-0.79519289,0.09672039
300,0.01064736,0.13227076,1.00000000,-0.81103717,0.03941261
301,0.00274775,0.06460997,1.00000000,-0.94187196,0.02901240
302,-0.00228249,0.19246730,1.00000000,-0.69463589,0.06548157
303,-0.01513198,0.07520812,1.00000000,-0.92137845,-0.09748334
304,0.00512233,0.00054083,-1.00000000,-0.93473284,-0.07431413
305,0.01262981,-0.19019273,-1.00000000,-0.56591382,-0.05944260
306,-0.00371423,0.11045556,1.00000000,-0.85322093,-0.10791795
307,0.00014913,0.22189403,1.00000000,-0.63773381,-0.08967688
308,-0.01423739,-0.02071147,-1.00000000,-0.89363753,-0.08296600
309,0.01297312,0.03663497,1.00000000,-0.99596686,-0.02407241
310,0.00164104,-0.17691372,-1.00000000,-0.59159128,-0.10650587
311,0.00034728,0.22699005,1.00000000,-0.62787970,-0.07603795
312,0.01001752,0.05878050,1.00000000,-0.95314432,-0.00200903
313,-0.01447630,0.03957631,1.00000000,-0.99027921,-0.00380125
314,-0.00039808,0.18311818,1.00000000,-0.71271417,-0.10410686
315,-0.00770073,-0.18046003,-1.00000000,-0.58473383,-0.17418525
316,0.00314839,0.02851237,-1.00000000,-0.98882103,-0.15317243
317,-0.00161115,-0.07988569,-1.00000000,-0.77921311,-0.24040623
318,-0.00115042,0.08115501,1.00000000,-0.90987902,-0.14044061
319,-0.00206242,0.01050607,-1.00000000,-0.95400250,-0.15292585
320,-0.00847881,0.01734490,-1.00000000,-0.96722665,-0.15876273
321,0.00334006,0.00380746,-1.00000000,-0.94104947,-0.15732486
322,0.02974890,-0.09143530,-1.00000000,-0.75687978,0.07792611
323,-0.00119625,0.08400016,1.00000000,-0.90437739,0.07758230
324,0.00267053,0.47600414,1.00000000,-0.14636438,0.11308708
325,0.00953234,0.01666460,-1.00000000,-0.96591115,0.24819983
326,0.00518522,0.07406182,1.00000000,-0.92359504,0.26204145
327,-0.00945693,0.17591628,1.00000000,-0.72664038,-0.03206557
328,-0.00693759,0.11138899,1.00000000,-0.85141596,-0.07513484
329,0.00637992,-0.10595413,-1.00000000,-0.72880490,-0.04730844
330,-0.00649165,-0.06855783,-1.00000000,-0.80111764,-0.16751423
331,0.00669641,0.12912273,1.00000000,-0.81712446,-0.15617780
332,-0.00566910,-0.06193847,-1.00000000,-0.81391742,-0.12776293
333,-0.00339076,0.13382073,1.00000000,-0.80804000,-0.10115598
334,-0.00559986,-0.04972880,-1.00000000,-0.83752711,-0.19102365
335,-0.00459722,-0.01590987,-1.00000000,-0.90292233,-0.17681238
336,0.01313936,-0.04870108,-1.00000000,-0.83951439,-0.12847990
337,0.01529920,-0.03381822,-1.00000000,-0.86829319,0.02881621
338,0.00582435,0.22945764,1.00000000,-0.62310815,0.09794437
339,-0.00973337,0.26151767,1.00000000,-0.56111408,0.06693635
340,-0.01090735,0.12087606,1.00000000,-0.83307095,0.01960022
341,-0.00693526,-0.11005757,-1.00000000,-0.72087015,-0.13099185
342,0.00854040,-0.12748362,-1.00000000,-0.68717361,-0.18169381
343,0.00241998,-0.06852333,-1.00000000,-0.80118436,-0.20723207
344,-0.00342545,0.16119221,1.00000000,-0.75511213,-0.15991247
345,-0.00007470,0.07034273,1.00000000,-0.93078658,-0.07865011
346,-0.00203972,-0.01642487,-1.00000000,-0.90192649,-0.04192564
347,-0.00353018,0.03331261,-1.00000000,-0.99810319,-0.13247449
348,-0.00096255,0.00414447,-1.00000000,-0.94170114,-0.15784894
349,-0.00775279,-0.01797949,-1.00000000,-0.89892034,-0.19031095
350,0.00963045,0.02013355,-1.00000000,-0.97261903,-0.11750664
351,-0.01054331,-0.08065839,-1.00000000,-0.77771896,-0.18129727
352,-0.00235982,0.17737264,1.00000000,-0.72382424,-0.17251768
353,0.01478227,-0.12207993,-1.00000000,-0.69762266,-0.05440608
354,-0.00052316,-0.00060706,-1.00000000,-0.93251317,-0.00017219
355,0.00481254,0.25384447,1.00000000,-0.57595166,-0.03631432
356,0.00411149,0.02665582,-1.00000000,-0.98523105,0.07362033
357,0.01274902,0.10585713,1.00000000,-0.86211285,0.18696103
358,0.01130110,0.09545101,1.00000000,-0.88223503,0.16084662
359,-0.01152819,0.22366355,1.00000000,-0.63431210,0.07829112
360,0.00531615,0.20217110,1.00000000,-0.67587178,0.08206898
361,-0.01135252,-0.13669919,-1.00000000,-0.66935359,-0.03393607
362,0.00509634,0.11333250,1.00000000,-0.84765783,-0.09134354
363,0.00733890,-0.13409163,-1.00000000,-0.67439580,-0.12106639
364,-0.01531657,0.11006970,1.00000000,-0.85396707,-0.14948535
365,0.01005492,0.14335761,1.00000000,-0.78959866,-0.11393686
366,0.00309232,-0.19293261,-1.00000000,-0.56061576,-0.00557726
367,-0.00744888,0.18367333,1.00000000,-0.71164068,-0.09968661
368,-0.01060662,0.08032274,1.00000000,-0.91148838,-0.23430702
369,0.00126409,-0.07614725,-1.00000000,-0.78644208,-0.10992531
370,0.00341225,-0.12301978,-1.00000000,-0.69580528,-0.15975608
371,-0.00223728,0.05318515,1.00000000,-0.96396398,-0.19973664
372,-0.00224553,0.08507172,1.00000000,-0.90230532,-0.16070315
373,0.00021577,0.00121201,-1.00000000,-0.93603068,-0.07951774
374,0.00157124,0.00108948,-1.00000000,-0.93579375,-0.07721365
375,-0.00597264,0.03762418,1.00000000,-0.99405403,-0.14761553
376,-0.00420948,0.05774433,1.00000000,-0.95514795,-0.16241027
377,-0.00605416,-0.05423455,-1.00000000,-0.82881439,-0.19098116
378,0.00136031,-0.02806279,-1.00000000,-0.87942238,-0.18239526
379,-0.00582489,-0.05544459,-1.00000000,-0.82647456,-0.23787814
380,0.00187092,0.05461334,1.00000000,-0.96120230,-0.17903874
381,-0.00861529,-0.05204127,-1.00000000,-0.83305550,-0.21208942
382,0.00942372,0.06219271,1.00000000,-0.94654617,-0.09598030
383,0.01239341,-0.09346115,-1.00000000,-0.75296242,-0.01321425
384,0.00651157,0.17430395,1.00000000,-0.72975812,0.07932905
385,0.01127858,0.21838498,1.00000000,-0.64451920,0.14990170
386,0.00815424,0.13107689,1.00000000,-0.81334573,0.27570025
387,-0.00360245,0.20183691,1.00000000,-0.67651800,0.17798293
388,0.00499595,0.15546015,1.00000000,-0.76619614,0.12249008
389,0.00190577,-0.01905219,-1.00000000,-0.89684606,0.08793915
390,0.01490044,0.10857964,1.00000000,-0.85684838,0.11510890
391,-0.00087308,0.06270994,1.00000000,-0.94554602,0.04738948
392,-0.00246028,0.25559851,1.00000000,-0.57255988,0.05595758
393,0.00195209,0.02146172,-1.00000000,-0.97518730,0.03312371
394,0.00029314,-0.00209825,-1.00000000,-0.92962968,0.02102644
395,-0.00047161,0.06339758,1.00000000,-0.94421633,-0.09428870
396,0.00308592,0.03877272,1.00000000,-0.99183310,-0.06458983
397,0.00774766,0.02742103,-1.00000000,-0.98671073,0.01198621
398,-0.00603781,0.08022775,1.00000000,-0.91167205,-0.04795099
399,-0.00364923,0.14942502,1.00000000,-0.77786618,-0.07752516
400,-0.00932927,-0.05520192,-1.00000000,-0.82694379,-0.14397192
401,-0.00256727,-0.01974656,-1.00000000,-0.89550337,-0.18637999
402,-0.00129588,-0.10405915,-1.00000000,-0.73246922,-0.25422110
403,-0.00268763,-0.00368633,-1.00000000,-0.92655882,-0.22908928
404,-0.00069742,0.01518580,-1.00000000,-0.96305163,-0.20694594
405,-0.00123453,-0.00547283,-1.00000000,-0.92310429,-0.14622232
406,-0.00583432,0.02406912,-1.00000000,-0.98022918,-0.17073050
407,-0.00706934,0.01609646,-1.00000000,-0.96481256,-0.21404077
408,0.00428427,-0.05218138,-1.00000000,-0.83278458,-0.16174030
409,0.00054149,-0.07051351,-1.00000000,-0.79733598,-0.15244645
410,-0.00123844,0.09801565,1.00000000,-0.87727583,-0.15247577
411,-0.00211808,0.04245914,1.00000000,-0.98470472,-0.12459794
412,-0.00289406,0.01603844,-1.00000000,-0.96470035,-0.09327661
413,-0.01132258,0.00298131,-1.00000000,-0.93945195,-0.21035319
414,0.00446589,-0.00853707,-1.00000000,-0.91717902,-0.18091392
415,0.00261670,-0.13364725,-1.00000000,-0.67525508,-0.15199419
416,-0.00227287,0.10071151,1.00000000,-0.87206288,-0.15315533
417,-0.00062904,0.07326276,1.00000000,-0.92514016,-0.13616400
418,-0.00239729,0.00068372,-1.00000000,-0.93500914,-0.06920987
419,-0.00528784,0.02508417,-1.00000000,-0.98219198,-0.14237855
420,-0.00072740,-0.00116313,-1.00000000,-0.93143792,-0.16746468
421,-0.00280519,-0.04406954,-1.00000000,-0.84847035,-0.17145797
422,0.00264377,0.02362410,-1.00000000,-0.97936865,-0.14690663
423,0.01709865,-0.00721792,-1.00000000,-0.91972984,-0.00065565
424,-0.01440454,0.07366465,1.00000000,-0.92436304,-0.06904561
425,-0.00524786,0.28822800,1.00000000,-0.50946467,-0.10295635
426,-0.00175354,-0.17939476,-1.00000000,-0.58679372,-0.09506730
427,-0.00744128,-0.04347609,-1.00000000,-0.84961789,-0.17072145
428,0.01355479,0.00839237,-1.00000000,-0.94991526,-0.19730611
429,0.01099333,-0.07603446,-1.00000000,-0.78666019,-0.00678113
430,-0.02168029,0.23562415,1.00000000,-0.61118405,-0.13005089
431,-0.00016641,0.19760265,1.00000000,-0.68470573,-0.11814481
432,0.00777895,-0.28739361,-1.00000000,-0.37795774,-0.00396854
433,-0.00238698,0.03195129,-1.00000000,-0.99547084,-0.12355754
434,0.01104884,0.14988949,1.00000000,-0.77696804,-0.12314112
435,-0.00686724,-0.00101013,-1.00000000,-0.93173377,-0.01201932
436,0.04018931,0.19842662,1.00000000,-0.68311242,0.29071374
437,-0.01722622,-0.06751362,-1.00000000,-0.80313682,0.10313461
438,-0.00845791,0.63097815,1.00000000,0.15330686,0.05759283
439,-0.01490299,-0.22127886,-1.00000000,-0.50580297,-0.13708779
440,-0.00540359,-0.09112501,-1.00000000,-0.75747980,-0.12610807
441,-0.00825547,-0.18679367,-1.00000000,-0.57248654,-0.48952214
442,-0.01810336,-0.04578773,-1.00000000,-0.84514790,-0.49610208
443,0.02201838,-0.08812001,-1.00000000,-0.76329051,-0.26748074
444,0.02397594,-0.23429879,-1.00000000,-0.48062651,0.02417400
445,0.01370074,0.36125480,1.00000000,-0.36825368,0.16748729
446,0.00967257,0.39031218,1.00000000,-0.31206582,0.30197652
447,-0.00003669,0.23779053,1.00000000,-0.60699495,0.43750565
448,0.00304059,0.17799780,1.00000000,-0.72261537,0.29514165
449,0.00766299,0.03387671,-1.00000000,-0.99919398,0.17276819
450,-0.02112449,0.07955495,1.00000000,-0.91297303,-0.08847724
451,-0.00783485,0.14816819,1.00000000,-0.78029651,-0.21981117
452,-0.00851007,-0.27914353,-1.00000000,-0.39391080,-0.28337515
453,0.01270946,-0.08187653,-1.00000000,-0.77536345,-0.21084302
454,-0.00876340,-0.09189922,-1.00000000,-0.75598270,-0.33406746
455,0.00629337,0.22307643,1.00000000,-0.63544741,-0.12838923
456,-0.00064556,-0.09565966,-1.00000000,-0.74871120,-0.07445796
457,0.00103790,0.12783806,1.00000000,-0.81960862,-0.00283275
458,0.00887392,0.02483887,-1.00000000,-0.98171763,-0.03160551
459,0.00898050,0.04982770,1.00000000,-0.97045624,0.10150240
460,-0.00910423,0.16614293,1.00000000,-0.74553898,-0.01400445
461,0.00854034,0.16772490,1.00000000,-0.74247994,0.05490468
462,-0.01168380,-0.10071876,-1.00000000,-0.73892847,-0.04052861
463,0.01377475,0.16119139,1.00000000,-0.75511372,-0.00376448
464,0.00086768,-0.13900897,-1.00000000,-0.66488719,-0.06462372
465,-0.00664542,0.23888921,1.00000000,-0.60487044,-0.04617870
466,0.00515675,0.04730093,1.00000000,-0.97534222,-0.07156114
467,0.00165770,-0.06422105,-1.00000000,-0.80950362,0.02852162
468,-0.01405576,0.11096639,1.00000000,-0.85223315,-0.18025216
469,-0.00120521,0.05902774,1.00000000,-0.95266624,-0.19580217
470,-0.00436154,-0.17421764,-1.00000000,-0.59680464,-0.17866939
471,0.00440411,0.01653166,-1.00000000,-0.96565410,-0.18431538
472,0.01295383,-0.03031990,-1.00000000,-0.87505784,-0.09957614
473,0.02906642,0.09979449,1.00000000,-0.87383610,0.22390981
474,0.00337659,0.22670378,1.00000000,-0.62843325,0.25828073
475,0.01099006,0.46587358,1.00000000,-0.16595371,0.37344256
476,-0.02823597,0.08454243,1.00000000,-0.90332882,0.12858928
477,-0.01271023,0.19755422,1.00000000,-0.68479938,-0.06393260
478,0.00057803,-0.38470394,-1.00000000,-0.18979002,-0.27764147
479,0.01272034,-0.15424495,-1.00000000,-0.63542557,-0.20754833
480,-0.00328070,0.04300151,1.00000000,-0.98365595,-0.31460207
481,-0.01007839,0.22323780,1.00000000,-0.63513538,-0.17839092
482,0.00077566,-0.01427619,-1.00000000,-0.90608135,-0.07722500
483,-0.02907863,-0.11517890,-1.00000000,-0.71096710,-0.29969784
484,-0.00264935,0.04593504,1.00000000,-0.97798342,-0.41499526
485,0.01107292,-0.39721208,-1.00000000,-0.16560319,-0.30731994
486,-0.00905050,-0.00490462,-1.00000000,-0.92420304,-0.29960911
487,0.00011770,0.19878414,1.00000000,-0.68242109,-0.30454489
488,0.00324582,-0.09992126,-1.00000000,-0.74047060,-0.06205935
489,0.00306585,0.03616848,1.00000000,-0.99686890,-0.01918616
490,-0.01852467,0.08260122,1.00000000,-0.90708250,-0.24121587
491,0.00061726,0.07992984,1.00000000,-0.91224812,-0.16869206
492,-0.00228656,-0.24055261,-1.00000000,-0.46853357,-0.18672792
493,-0.00838438,0.04358375,1.00000000,-0.98253008,-0.27397315
494,-0.01438471,0.00048039,-1.00000000,-0.93461596,-0.40488049
495,0.00366857,-0.09003348,-1.00000000,-0.75959046,-0.23839534
496,0.01229710,-0.17910040,-1.00000000,-0.58736292,-0.15077766
497,-0.00542591,0.08887649,1.00000000,-0.89494811,-0.17432784
498,-0.01115181,0.21695543,1.00000000,-0.64728351,-0.19508808
499,-0.00230708,-0.04611903,-1.00000000,-0.84450727,-0.10448642
500,-0.00921712,-0.13111240,-1.00000000,-0.68015669,-0.20114990
501,0.00822622,0.00017580,-1.00000000,-0.93402697,-0.23168804
502,-0.00140978,-0.10239441,-1.00000000,-0.73568830,-0.20156055
503,0.00941962,0.15652872,1.00000000,-0.76412986,-0.04724156
504,0.00370305,0.01349512,-1.00000000,-0.95978238,-0.00215582
505,-0.00512784,0.17424314,1.00000000,-0.72987572,0.02852033
506,0.00948737,0.08938829,1.00000000,-0.89395843,0.03798098
507,0.00314930,-0.04169461,-1.00000000,-0.85306272,0.07218138
508,-0.00073189,0.17524879,1.00000000,-0.72793110,-0.00397138
509,0.00359494,0.08116847,1.00000000,-0.90985300,-0.00478244
510,0.00103897,0.02355742,-1.00000000,-0.97923972,0.04147859
511,-0.00842774,0.08778342,1.00000000,-0.89706175,-0.09291370
512,0.00864700,0.04984347,1.00000000,-0.97042574,-0.05167204
513,0.00804130,-0.09067721,-1.00000000,-0.75834569,0.01414111
514,0.00289080,0.16277456,1.00000000,-0.75205235,0.00885897
515,0.00175022,0.15378383,1.00000000,-0.76943761,0.01419451
516,-0.00251083,0.07733150,1.00000000,-0.91727249,0.05858090
517,0.00110183,0.06040106,1.00000000,-0.95001067,0.00197996
518,-0.00671061,-0.00284854,-1.00000000,-0.92817885,-0.10868322
519,0.02517635,0.05077661,1.00000000,-0.96862135,0.05849433
520,0.00499656,-0.06518867,-1.00000000,-0.80763255,0.08284716
521,0.00842706,0.40813067,1.00000000,-0.27761043,0.16489899
522,0.01654978,0.10858872,1.00000000,-0.85683081,0.28078355
523,0.00724700,0.15950983,1.00000000,-0.75836532,0.38548814
524,-0.00314816,0.28008081,1.00000000,-0.52521878,0.17300865
525,0.01135906,0.14199341,1.00000000,-0.79223660,0.22073761
526,0.00621197,-0.01230879,-1.00000000,-0.90988569,0.20412085
527,0.00960673,0.20303143,1.00000000,-0.67420817,0.15203679
528,-0.00047655,0.12662976,1.00000000,-0.82194509,0.09409770
529,-0.02056254,0.17702054,1.00000000,-0.72450509,-0.03653830
530,-0.00574467,0.02734761,-1.00000000,-0.98656876,-0.16484389
531,-0.00043944,-0.27080211,-1.00000000,-0.41004051,-0.21474020
532,-0.00339089,-0.05085063,-1.00000000,-0.83535783,-0.31224333
533,0.00160287,0.02789846,-1.00000000,-0.98763392,-0.29664432
534,-0.00877987,-0.01591179,-1.00000000,-0.90291862,-0.20825530
535,-0.00036093,0.05821384,1.00000000,-0.95424006,-0.16786849
536,0.00346484,-0.09590414,-1.00000000,-0.74823845,-0.13858007
537,-0.00277699,0.02906393,-1.00000000,-0.98988758,-0.13397483
538,0.00554831,0.08585232,1.00000000,-0.90079589,-0.10437765
539,-0.00041463,-0.00679926,-1.00000000,-0.92053939,-0.04162482
540,0.00898272,0.11677866,1.00000000,-0.84099404,0.02846764
541,0.00620485,0.02826675,-1.00000000,-0.98834608,0.04902217
542,0.00467322,0.16775794,1.00000000,-0.74241605,0.10491071
543,-0.00292890,0.12652417,1.00000000,-0.82214926,0.04131795
544,0.00910835,0.10378905,1.00000000,-0.86611188,0.11275565
545,-0.00118634,-0.00905421,-1.00000000,-0.91617903,0.03647123
546,-0.00425330,0.16962264,1.00000000,-0.73881032,-0.04198182
547,0.00426264,0.01681171,-1.00000000,-0.96619562,-0.04506184
548,0.00224937,-0.02871320,-1.00000000,-0.87816470,-0.00621647
549,0.00544922,0.09769452,1.00000000,-0.87789679,-0.03366583
550,0.00174005,0.06781027,1.00000000,-0.93568357,-0.01171319
551,-0.00307585,0.11530778,1.00000000,-0.84383825,-0.00288037
552,-0.00188429,0.06025004,1.00000000,-0.95030269,-0.04899224
553,0.00193169,-0.01123544,-1.00000000,-0.91196122,-0.05137532
554,-0.00111665,0.00645160,-1.00000000,-0.94616242,-0.10062995
555,-0.00988335,0.06309480,1.00000000,-0.94480181,-0.18782418
556,-0.00030524,0.01784618,-1.00000000,-0.96819597,-0.16704018
557,0.00509701,-0.11228375,-1.00000000,-0.71656540,-0.11466919
558,0.01229957,0.02989046,-1.00000000,-0.99148584,-0.03689339
559,0.00634727,0.11007963,1.00000000,-0.85394786,0.01909803
560,0.00283727,0.21699208,1.00000000,-0.64721265,0.11452324
561,-0.00178705,0.12863807,1.00000000,-0.81806164,0.10340731
562,0.00244246,0.07653692,1.00000000,-0.91880895,0.08349394
563,-0.00277051,0.00789504,-1.00000000,-0.94895358,-0.02955596
564,0.01047525,0.07067647,1.00000000,-0.93014124,0.00141055
565,-0.00449971,-0.00670312,-1.00000000,-0.92072530,-0.05362867
566,-0.00398660,0.18991244,1.00000000,-0.69957620,-0.07012887
567,0.01072426,-0.03237082,-1.00000000,-0.87109200,-0.00800204
568,-0.00696627,-0.02475439,-1.00000000,-0.88581979,-0.03947701
569,-0.00380308,0.19360868,1.00000000,-0.69242882,-0.14658752
570,0.00277987,-0.06898357,-1.00000000,-0.80029440,-0.09197893
571,0.00397781,-0.02203031,-1.00000000,-0.89108731,-0.03223300
572,0.01020291,0.07568482,1.00000000,-0.92045666,-0.03614395
573,0.00366345,0.09346664,1.00000000,-0.88607218,0.04359612
574,-0.00405388,0.18586997,1.00000000,-0.70739306,0.04171470
575,-0.00184660,0.08880046,1.00000000,-0.89509512,0.00700874
576,-0.00109305,-0.02575313,-1.00000000,-0.88388855,-0.03103086
577,0.00026199,0.00701111,-1.00000000,-0.94724433,-0.10560381
578,0.00638786,0.01819657,-1.00000000,-0.96887350,-0.08516635
579,0.01002576,0.03831027,1.00000000,-0.99272734,0.02045370
580,-0.00382181,0.12924066,1.00000000,-0.81689643,0.00563644
581,-0.01648383,0.18324038,1.00000000,-0.71247787,-0.10981928
582,-0.00309886,-0.02230824,-1.00000000,-0.89054989,-0.13503111
583,-0.00099318,-0.21025908,-1.00000000,-0.52711178,-0.19040086
584,0.00085787,-0.01157712,-1.00000000,-0.91130051,-0.25917483
585,0.00631931,0.01967890,-1.00000000,-0.97173988,-0.18310012
586,0.00000861,0.04715527,1.00000000,-0.97562387,-0.05938018
587,-0.00219347,0.12822304,1.00000000,-0.81886418,-0.05258824
588,-0.00665943,0.03454924,1.00000000,-1.00000000,-0.09509422
589,-0.00327904,0.00186229,-1.00000000,-0.93728813,-0.12612772
590,0.00471604,-0.06442894,-1.00000000,-0.80910163,-0.13815482
591,0.00141915,-0.01425163,-1.00000000,-0.90612885,-0.12757351
592,-0.00239647,0.10442465,1.00000000,-0.86488281,-0.12909635
593,-0.01041376,0.05548680,1.00000000,-0.95951331,-0.15725993
594,0.00122803,-0.00115101,-1.00000000,-0.93146135,-0.12344958
595,-0.01853750,-0.12015704,-1.00000000,-0.70134092,-0.29788861
596,0.00598961,0.05264991,1.00000000,-0.96499896,-0.26360282
597,-0.00177678,-0.24074301,-1.00000000,-0.46816541,-0.25895413
598,-0.00938739,0.12332910,1.00000000,-0.82832753,-0.25125469
599,0.00485305,0.00804748,-1.00000000,-0.94924835,-0.22406118
600,-0.01135520,-0.10492193,-1.00000000,-0.73080087,-0.17018234
601,0.00195093,0.10645851,1.00000000,-0.86094998,-0.20047897
602,0.00265658,-0.13413135,-1.00000000,-0.67431899,-0.16722163
603,-0.00160710,0.06338027,1.00000000,-0.94424981,-0.10885689
604,-0.00075800,0.07385476,1.00000000,-0.92399542,-0.15094885
605,-0.00980186,0.01056611,-1.00000000,-0.95411858,-0.13929631
606,0.00868381,0.02316991,-1.00000000,-0.97849039,-0.08878881
607,0.00134605,-0.11107412,-1.00000000,-0.71890445,-0.09861988
608,0.00644663,0.16332095,1.00000000,-0.75099581,-0.03820388
609,0.00547384,0.05440174,1.00000000,-0.96161147,0.00854501
610,-0.00146298,0.13011303,1.00000000,-0.81520954,0.07110003
611,0.00748768,0.11567331,1.00000000,-0.84313144,0.06212715
612,-0.00251241,0.01270535,-1.00000000,-0.95825521,0.03318247
613,0.01353887,0.14556604,1.00000000,-0.78532825,0.08638568
614,0.00452196,-0.00287194,-1.00000000,-0.92813360,0.07924497
615,-0.00632611,0.23538779,1.00000000,-0.61164110,0.04276368
616,0.00127057,0.10154378,1.00000000,-0.87045352,-0.00387470
617,0.00209758,-0.05948127,-1.00000000,-0.81866888,0.03070766
618,0.00429459,0.05328131,1.00000000,-0.96377803,-0.03863931
619,-0.00592050,0.06555720,1.00000000,-0.94004031,-0.11697459
620,-0.00693381,0.09816888,1.00000000,-0.87697953,-0.12153337
621,-0.00690032,-0.05346056,-1.00000000,-0.83031106,-0.18282822
622,0.00522183,-0.06850185,-1.00000000,-0.80122591,-0.15939130
623,0.00970397,-0.06800463,-1.00000000,-0.80218736,-0.11881224
624,-0.01060089,0.11193253,1.00000000,-0.85036494,-0.15392269
625,-0.00253665,0.17846387,1.00000000,-0.72171415,-0.12093683
626,-0.00331969,-0.12293465,-1.00000000,-0.69596989,-0.09407635
627,-0.02046610,-0.00323174,-1.00000000,-0.92743787,-0.28677728
628,0.00219549,-0.01485500,-1.00000000,-0.90496211,-0.34310302
629,0.00223936,-0.26937052,-1.00000000,-0.41280876,-0.24678046
630,-0.01116027,0.06701047,1.00000000,-0.93723014,-0.31147155
631,-0.00637145,0.06766164,1.00000000,-0.93597098,-0.33436466
632,0.00469823,-0.13123790,-1.00000000,-0.67991400,-0.14559155
633,-0.00575507,-0.06015427,-1.00000000,-0.81736750,-0.20523353
634,0.00279401,0.10416040,1.00000000,-0.86539380,-0.20107273
635,-0.00686686,-0.05100488,-1.00000000,-0.83505957,-0.16886524
636,-0.00159832,0.07589473,1.00000000,-0.92005075,-0.13305906
637,-0.00293844,-0.06750797,-1.00000000,-0.80314775,-0.19034648
638,0.01408498,0.01069646,-1.00000000,-0.95437065,-0.04151413
639,0.00080093,-0.00919591,-1.00000000,-0.91590503,-0.05646541
640,-0.00136531,0.24349410,1.00000000,-0.59596603,-0.01519493
641,0.00403489,0.04631019,1.00000000,-0.97725801,0.02706322
642,0.02963305,0.01415516,-1.00000000,-0.96105869,0.27140200
643,-0.01158147,0.09431391,1.00000000,-0.88443383,0.07886221
644,-0.00723525,0.47428446,1.00000000,-0.14968970,0.01857786
645,-0.01256343,-0.13749008,-1.00000000,-0.66782426,-0.06542610
646,-0.00317525,-0.07297624,-1.00000000,-0.79257382,-0.11951375
647,-0.00855485,-0.15206596,-1.00000000,-0.63963906,-0.40598464
648,0.01366875,-0.01271092,-1.00000000,-0.90910810,-0.21656725
649,-0.00697243,-0.09256397,-1.00000000,-0.75469729,-0.21459571
650,0.00741236,0.23731572,1.00000000,-0.60791308,-0.06474504
651,-0.00960075,-0.06907511,-1.00000000,-0.80011740,-0.11294672
652,-0.00060975,0.14444800,1.00000000,-0.78749018,-0.05334563
653,-0.00216545,-0.10808901,-1.00000000,-0.72467671,-0.17212765
654,-0.00017038,0.02537048,-1.00000000,-0.98274561,-0.12110126
655,0.00406973,0.00227821,-1.00000000,-0.93809238,-0.14617640
656,-0.00059887,0.03189232,-1.00000000,-0.99535680,-0.07864774
657,-0.00009117,0.09483109,1.00000000,-0.88343376,-0.07475759
658,0.00685073,0.02553194,-1.00000000,-0.98305782,-0.00712167
659,0.00734083,0.03306805,-1.00000000,-0.99763029,0.04922450
660,-0.00028971,0.13611140,1.00000000,-0.80361057,0.01652170
661,0.00269789,0.14338615,1.00000000,-0.78954348,0.04125276
662,0.01217810,0.03012109,-1.00000000,-0.99193180,0.13329210
663,-0.01187199,0.07446803,1.00000000,-0.92280955,-0.00715858
664,0.00158708,0.21518901,1.00000000,-0.65069922,-0.05032097
665,0.00345091,-0.14180253,-1.00000000,-0.65948533,-0.02226035
666,-0.00679563,0.05797945,1.00000000,-0.95469330,-0.09347713
667,-0.00052149,0.08564547,1.00000000,-0.90119588,-0.18874452
668,0.00048563,-0.06645072,-1.00000000,-0.80519215,-0.09604236
669,-0.00030327,0.02668061,-1.00000000,-0.98527899,-0.11022305
670,0.00827862,0.04162998,1.00000000,-0.98630805,-0.07400741
671,-0.00112960,0.02991969,-1.00000000,-0.99154235,-0.03150302
672,0.00682353,0.15730643,1.00000000,-0.76262600,0.02359649
673,-0.00927559,0.01765397,-1.00000000,-0.96782429,-0.04962843
674,0.00403454,0.13570765,1.00000000,-0.80439128,-0.01708779
675,-0.00437667,-0.10326233,-1.00000000,-0.73401001,-0.11202289
676,0.00704499,0.09430881,1.00000000,-0.88444369,-0.05070029
677,0.00775321,-0.03054445,-1.00000000,-0.87462363,-0.04372625
678,-0.00106979,0.13899480,1.00000000,-0.79803496,0.01783048
679,-0.00059354,0.14950740,1.00000000,-0.77770690,-0.01688763
680,-0.00561274,0.01854179,-1.00000000,-0.96954105,-0.02616019
681,-0.00435165,0.02561105,-1.00000000,-0.98321079,-0.11165332
682,-0.00311165,-0.04889232,-1.00000000,-0.83914458,-0.19315726
683,-0.00403912,-0.03017299,-1.00000000,-0.87534193,-0.21543201
684,-0.01032640,-0.01176686,-1.00000000,-0.91093361,-0.28844417
685,0.00623832,-0.02553392,-1.00000000,-0.88431242,-0.19954207
686,0.00492124,-0.11886027,-1.00000000,-0.70384847,-0.12998046
687,0.00598588,0.12702089,1.00000000,-0.82118876,-0.06173433
688,0.00082872,0.10747063,1.00000000,-0.85899284,-0.02521767
689,0.00508310,0.12327377,1.00000000,-0.82843452,0.09037848
690,-0.00659746,0.04672268,1.00000000,-0.97646038,-0.00591059
691,0.01228828,0.10987325,1.00000000,-0.85434694,0.04935412
692,-0.00024529,-0.06350915,-1.00000000,-0.81088021,0.00261031
693,-0.00215258,0.21682456,1.00000000,-0.64753658,-0.01975426
694,-0.00505318,0.03078042,-1.00000000,-0.99320675,-0.09579273
695,-0.00530937,0.00246924,-1.00000000,-0.93846178,-0.08612995
696,0.01495592,-0.04058632,-1.00000000,-0.85520580,-0.06611838
697,0.00791295,-0.04438913,-1.00000000,-0.84785234,-0.00491842
698,0.00244579,0.25642205,1.00000000,-0.57096743,0.02957679
699,-0.00255711,0.15187858,1.00000000,-0.77312177,0.04830137
700,0.00029889,0.07072595,1.00000000,-0.93004556,0.09037239
701,0.00013514,-0.00353544,-1.00000000,-0.92685061,-0.02080739
702,-0.00232915,0.03885803,1.00000000,-0.99166815,-0.09763968
703,0.00017541,0.03642734,1.00000000,-0.99636834,-0.11467126
704,-0.00468293,-0.00015174,-1.00000000,-0.93339361,-0.13061835
705,0.00144298,0.03702504,1.00000000,-0.99521257,-0.12203585
706,0.00461784,-0.03509042,-1.00000000,-0.86583315,-0.08840835
707,-0.00557886,0.05584048,1.00000000,-0.95882940,-0.11278639
708,-0.00094946,0.10296707,1.00000000,-0.86770132,-0.12122473
709,0.00176034,-0.04838929,-1.00000000,-0.84011730,-0.07288980
710,-0.00316239,0.02032785,-1.00000000,-0.97299474,-0.10743751
711,-0.01086892,0.06055132,1.00000000,-0.94972011,-0.22361320
712,-0.00279391,-0.01252009,-1.00000000,-0.90947711,-0.20272164
713,0.00499350,-0.12691320,-1.00000000,-0.68827663,-0.15813979
714,-0.00287619,-0.00705055,-1.00000000,-0.92005349,-0.19292130
715,-0.00487047,0.10854328,1.00000000,-0.85691868,-0.20573463
716,0.01887413,-0.00827188,-1.00000000,-0.91769181,0.01738623
717,-0.00671174,-0.03787421,-1.00000000,-0.86045017,-0.01200381
718,-0.00532578,0.31458265,1.00000000,-0.45850303,-0.08941506
719,-0.00184918,-0.06520548,-1.00000000,-0.80760005,-0.08171083
720,0.00871655,-0.04463266,-1.00000000,-0.84738144,0.02021376
721,0.00087041,0.00697272,-1.00000000,-0.94717010,-0.11484323
722,-0.00413767,0.16380698,1.00000000,-0.75005598,-0.09553351
723,-0.00080572,0.04734139,1.00000000,-0.97526398,-0.06162578
724,-0.00151028,-0.02699677,-1.00000000,-0.88148373,-0.05908343
725,-0.00398441,0.02246157,-1.00000000,-0.97712068,-0.15436112
726,0.00226810,0.01200335,-1.00000000,-0.95689777,-0.14387619
727,0.00976854,-0.02472180,-1.00000000,-0.88588281,-0.03955718
728,0.01233114,0.06808824,1.00000000,-0.93514607,0.05899049
729,0.00124050,0.17942233,1.00000000,-0.71986077,0.07962577
730,0.00904466,0.21746075,1.00000000,-0.64630639,0.17736480
731,-0.00837028,0.05283499,1.00000000,-0.96464107,0.09755984
732,0.00238182,0.16867731,1.00000000,-0.74063829,0.04214754
733,0.00880515,-0.08982420,-1.00000000,-0.75999515,0.01569690
734,0.00007118,0.06977638,1.00000000,-0.93188174,0.00692509
735,0.00842092,0.16512208,1.00000000,-0.74751298,0.00224601
736,-0.00352232,0.03547797,1.00000000,-0.99820413,0.03861347
737,-0.00623686,0.15941866,1.00000000,-0.75854162,-0.02604059
738,0.00406610,-0.01786282,-1.00000000,-0.89914594,-0.06159111
739,-0.00593880,-0.05815652,-1.00000000,-0.82123053,-0.10667565
740,-0.00303462,0.09477721,1.00000000,-0.88353796,-0.19261070
741,-0.00106584,-0.05373215,-1.00000000,-0.82978587,-0.17418307
742,0.00317984,-0.01062356,-1.00000000,-0.91314441,-0.10354260
743,-0.00530412,0.01860047,-1.00000000,-0.96965453,-0.17383436
744,-0.01116772,0.08162188,1.00000000,-0.90897625,-0.21305968
745,0.00166973,-0.04431119,-1.00000000,-0.84800307,-0.17776945
746,0.00792959,-0.13134845,-1.00000000,-0.67970024,-0.11028927
747,0.00100422,0.05920627,1.00000000,-0.95232103,-0.12660995
748,0.00802979,0.15212550,1.00000000,-0.77264430,-0.02658412
749,-0.00713044,0.04932767,1.00000000,-0.97142313,0.00370194
750,-0.01788275,0.15361287,1.00000000,-0.76976820,-0.14297321
751,-0.00719709,-0.07142052,-1.00000000,-0.79558210,-0.25644768
752,-0.00767582,-0.23102420,-1.00000000,-0.48695853,-0.32156199
753,-0.01851766,-0.07240978,-1.00000000,-0.79366919,-0.52071069
754,0.01268296,-0.07951594,-1.00000000,-0.77992810,-0.37207817
755,0.00003881,-0.24044856,-1.00000000,-0.46873478,-0.23763754
756,-0.00070439,0.22268304,1.00000000,-0.63620810,-0.18893186
757,0.00050922,0.03499745,1.00000000,-0.99913331,-0.12753087
758,0.00174467,0.02396560,-1.00000000,-0.98002900,0.02446930
759,0.01111982,0.04198002,1.00000000,-0.98563120,0.01274323
760,0.00671972,0.06031868,1.00000000,-0.95016996,0.06286088
761,-0.00487701,0.19948031,1.00000000,-0.68107492,0.03155952
762,-0.00015167,0.13416673,1.00000000,-0.80737095,0.02660183
763,-0.00844540,-0.03797133,-1.00000000,-0.86026237,-0.04984018
764,-0.00512663,0.03217008,-1.00000000,-0.99589390,-0.17171479
765,0.00242279,-0.09093937,-1.00000000,-0.75783875,-0.20394875
766,-0.00914575,-0.04167659,-1.00000000,-0.85309756,-0.23597121
767,0.00494540,0.07038445,1.00000000,-0.93070592,-0.19773500
768,-0.00765659,-0.10133513,-1.00000000,-0.73773661,-0.19181766
769,0.00673063,0.10782919,1.00000000,-0.85829950,-0.10286908
770,-0.01991072,-0.07923054,-1.00000000,-0.78047997,-0.27040645
771,0.00208969,0.13432860,1.00000000,-0.80705794,-0.18612250
772,0.00846511,-0.26112671,-1.00000000,-0.42874971,-0.15971895
773,-0.00417744,0.06544000,1.00000000,-0.94026693,-0.13361968
774,-0.00549061,0.16007468,1.00000000,-0.75727308,-0.22529872
775,0.00542902,-0.02758714,-1.00000000,-0.88034214,-0.03520973
776,-0.00482021,-0.04707942,-1.00000000,-0.84265017,-0.08704512
777,0.00897355,0.11500799,1.00000000,-0.84441795,-0.08323102
778,-0.01117956,-0.03712822,-1.00000000,-0.86189268,-0.13575819
779,-0.00245624,0.16762175,1.00000000,-0.74267940,-0.11299549
780,0.01590190,-0.13152420,-1.00000000,-0.67936039,-0.03443197
781,0.00199840,-0.00203820,-1.00000000,-0.92974580,0.01671865
782,0.00050644,0.27046395,1.00000000,-0.54381478,-0.04679833
783,0.00314065,0.06408503,1.00000000,-0.94288703,0.06062634
784,-0.00410212,0.04193883,1.00000000,-0.98571085,0.04827954
785,0.00505091,0.08104018,1.00000000,-0.91010108,-0.03312047
786,0.00565464,-0.02646918,-1.00000000,-0.88250393,-0.00569280
787,-0.00228542,0.10939535,1.00000000,-0.85527104,-0.02663629
788,-0.00377705,0.11835696,1.00000000,-0.83794210,-0.07853019
789,0.00006413,0.00049734,-1.00000000,-0.93464873,-0.04727655
790,-0.01130197,-0.02164383,-1.00000000,-0.89183464,-0.16994955
791,0.00888300,0.03537332,1.00000000,-0.99840648,-0.14573163
792,0.00265168,-0.13334134,-1.00000000,-0.67584662,-0.10869535
793,-0.00383357,0.16627769,1.00000000,-0.74527840,-0.10911938
794,-0.01582302,0.07378211,1.00000000,-0.92413590,-0.22829862
795,0.00369786,-0.02248287,-1.00000000,-0.89021221,-0.11577563
796,-0.00440097,-0.20045018,-1.00000000,-0.54607912,-0.21542685
797,0.01176200,0.08931124,1.00000000,-0.89410742,-0.14708479
798,-0.01901904,-0.03090514,-1.00000000,-0.87392617,-0.26100030
799,0.01194265,0.20901258,1.00000000,-0.66264250,-0.05271300
800,0.01439764,-0.24789086,-1.00000000,-0.45434369,0.02755260
801,-0.00511694,0.21169406,1.00000000,-0.65745736,0.02218163
802,-0.00311038,0.24813515,1.00000000,-0.58699169,-0.08938524
803,-0.00376661,-0.04153283,-1.00000000,-0.85337554,0.02503262
804,-0.00145732,-0.01174809,-1.00000000,-0.91096991,-0.07548875
805,0.02380995,-0.02148885,-1.00000000,-0.89213433,-0.00488123
806,0.01216882,0.01278946,-1.00000000,-0.95841784,0.12478995
807,0.00522428,0.38784833,1.00000000,-0.31683012,0.18731337
808,0.00002924,0.21505136,1.00000000,-0.65096539,0.21578832
809,-0.01504994,0.11196886,1.00000000,-0.85029467,0.11382168
810,-0.00259926,0.03485536,1.00000000,-0.99940805,-0.08429005
811,-0.00995212,-0.18897493,-1.00000000,-0.56826866,-0.25023288
812,0.00326749,-0.00416122,-1.00000000,-0.92564055,-0.26491197
813,-0.00839063,-0.11330463,-1.00000000,-0.71459135,-0.32807454
814,0.00506853,0.08292291,1.00000000,-0.90646046,-0.17715351
815,0.00077403,-0.09012628,-1.00000000,-0.75941102,-0.15184838
816,0.00078262,0.10965697,1.00000000,-0.85476515,-0.07132044
817,-0.00138793,0.04591080,1.00000000,-0.97803030,-0.10624362
818,-0.00390378,0.04603839,1.00000000,-0.97778358,-0.07258506
819,-0.00113653,0.01381938,-1.00000000,-0.96040940,-0.11913302
820,0.01322718,-0.02352509,-1.00000000,-0.88819688,-0.02571431
821,0.00452126,0.01755115,-1.00000000,-0.96762546,0.00233150
822,-0.00066784,0.23076116,1.00000000,-0.62058755,0.00773338
823,0.00510736,0.10153346,1.00000000,-0.87047348,0.07533153
824,0.00190938,0.02450823,-1.00000000,-0.98107829,0.09818075
825,0.01386521,0.11023338,1.00000000,-0.85365057,0.10296704
826,0.00410623,0.06276357,1.00000000,-0.94544231,0.09985363
827,-0.00120086,0.24023193,1.00000000,-0.60227404,0.09585509
828,-0.01098212,0.09537287,1.00000000,-0.88238613,-0.02484198
829,-0.00686915,0.01659621,-1.00000000,-0.96577892,-0.09069509
830,-0.01580442,-0.12859349,-1.00000000,-0.68502747,-0.31326521
831,-0.00039209,-0.06754194,-1.00000000,-0.80308207,-0.34700987
832,-0.00040605,-0.20017413,-1.00000000,-0.54661291,-0.34104754
833,0.00009161,0.02860131,-1.00000000,-0.98899303,-0.25797673
834,-0.00707754,0.02839405,-1.00000000,-0.98859224,-0.25953999
835,0.00230921,0.03578118,1.00000000,-0.99761781,-0.12365852
836,-0.00062286,-0.07063521,-1.00000000,-0.79710066,-0.12538969
837,0.00494412,0.06869854,1.00000000,-0.93396595,-0.08525474
838,-0.00467203,0.02517580,-1.00000000,-0.98236915,-0.12098969
839,-0.00234989,0.10781027,1.00000000,-0.85833610,-0.08552472
840,-0.00151487,-0.03492862,-1.00000000,-0.86614602,-0.11421146
841,-0.00618568,-0.00045962,-1.00000000,-0.93279828,-0.15594156
842,0.00138884,0.01193523,-1.00000000,-0.95676604,-0.18261190
843,0.01115925,-0.05739679,-1.00000000,-0.82269962,-0.06385175
844,-0.00725144,0.05503687,1.00000000,-0.96038332,-0.10062124
845,-0.00634023,0.20006561,1.00000000,-0.67994314,-0.13681930
846,-0.00742905,-0.07321650,-1.00000000,-0.79210924,-0.14614662
847,-0.00571439,-0.05969094,-1.00000000,-0.81826344,-0.19943234
848,0.00129436,-0.07585302,-1.00000000,-0.78701104,-0.27343499
849,0.00494208,-0.05040116,-1.00000000,-0.83622696,-0.18196397
850,-0.00758451,0.05363437,1.00000000,-0.96309532,-0.19129801
851,-0.00989238,0.10777991,1.00000000,-0.85839481,-0.20977690
852,-0.00243465,-0.07816049,-1.00000000,-0.78254912,-0.18517355
853,-0.01079213,-0.11241775,-1.00000000,-0.71630630,-0.27584174
854,0.00546944,-0.00171777,-1.00000000,-0.93036541,-0.27188565
855,-0.00536665,-0.12577346,-1.00000000,-0.69048052,-0.25524813
856,0.00014696,0.11560793,1.00000000,-0.84325785,-0.17993692
857,0.00049340,-0.04523933,-1.00000000,-0.84620832,-0.15797181
858,-0.00037754,0.03660278,1.00000000,-0.99602909,-0.07984552
859,0.02326978,0.04174524,1.00000000,-0.98608518,0.05368576
860,-0.01580202,0.02881734,-1.00000000,-0.98941075,-0.02459638
861,-0.01416553,0.37983022,1.00000000,-0.33233464,-0.13196315
862,-0.01643117,-0.20013852,-1.00000000,-0.54668177,-0.25892477
863,0.00595436,-0.17584702,-1.00000000,-0.59365394,-0.21142535
864,-0.00377395,-0.20947748,-1.00000000,-0.52862315,-0.41429696
865,0.00714276,0.12280585,1.00000000,-0.82933934,-0.24217403
866,-0.00254823,-0.02159782,-1.00000000,-0.89192360,-0.15502555
867,0.00533904,0.14044621,1.00000000,-0.79522841,0.00828617
868,0.00016381,-0.00340375,-1.00000000,-0.92710526,-0.03515227
869,0.00074856,0.11367226,1.00000000,-0.84700084,-0.00122618
870,0.01014850,0.03685292,1.00000000,-0.99554541,0.02132171
871,0.00460884,0.04553272,1.00000000,-0.97876138,0.07501129
872,-0.00222857,0.18506239,1.00000000,-0.70895466,0.01824205
873,0.01354695,0.10283342,1.00000000,-0.86795976,0.11863720
874,-0.01237427,0.00134129,-1.00000000,-0.93628067,0.02019480
875,0.00571309,0.23550775,1.00000000,-0.61140912,-0.01307797
876,0.00376250,-0.14925815,-1.00000000,-0.64506848,-0.01942685
877,-0.01160858,0.11922458,1.00000000,-0.83626440,-0.08979213
878,0.00634022,0.09027070,1.00000000,-0.89225213,-0.14385419
879,-0.01400482,-0.13789257,-1.00000000,-0.66704597,-0.15608596
880,-0.00584159,0.12853355,1.00000000,-0.81826376,-0.24276468
881,-0.01075517,-0.17346151,-1.00000000,-0.59826676,-0.35167066
882,0.01045283,-0.05228918,-1.00000000,-0.83257614,-0.18617443
883,-0.00651776,-0.12522479,-1.00000000,-0.69154149,-0.28263005
884,-0.00920037,0.18957974,1.00000000,-0.70021954,-0.24658888
885,-0.00248486,-0.06232605,-1.00000000,-0.81316796,-0.22140800
886,-0.00436237,-0.10214579,-1.00000000,-0.73616905,-0.17345164
887,0.00647103,-0.00246302,-1.00000000,-0.92892434,-0.20332162
888,0.00657549,-0.03033213,-1.00000000,-0.87503419,-0.10510112
889,-0.00088083,0.13047513,1.00000000,-0.81450935,-0.04269114
890,0.00794977,0.13202575,1.00000000,-0.81151093,0.03558539
891,0.00436092,0.02134669,-1.00000000,-0.97496485,0.10102410
892,0.00742900,0.15242507,1.00000000,-0.77206502,0.10821043
893,-0.01007936,0.09915338,1.00000000,-0.87507581,-0.01672780
894,0.00713941,0.14469493,1.00000000,-0.78701269,0.04343692
895,-0.00146916,-0.11519322,-1.00000000,-0.71093939,-0.02722026
896,0.00378997,0.14039640,1.00000000,-0.79532471,-0.03150325
897,0.01413479,0.01261364,-1.00000000,-0.95807786,0.01880103
898,0.00305639,0.09067848,1.00000000,-0.89146361,0.11734037
899,0.00101644,0.24423351,1.00000000,-0.59453624,0.07140820
900,0.00506902,0.07978948,1.00000000,-0.91251952,0.12045515
901,0.00314391,0.04950905,1.00000000,-0.97107241,0.11560861
902,0.00204464,0.10966430,1.00000000,-0.85475098,0.02491299
903,0.00884687,0.08108848,1.00000000,-0.91000767,0.06835093
904,-0.00101019,0.06477141,1.00000000,-0.94155978,0.05314794
905,0.01316657,0.16574142,1.00000000,-0.74631539,0.11389263
906,0.00523808,0.01942646,-1.00000000,-0.97125173,0.12960231
907,-0.00857136,0.22986160,1.00000000,-0.62232701,0.04996513
908,-0.00483847,0.11217369,1.00000000,-0.84989860,-0.05269701
909,-0.00729593,-0.09280904,-1.00000000,-0.75422339,-0.09985023
910,-0.01109268,-0.03739920,-1.00000000,-0.86136870,-0.28183377
911,0.00659124,-0.07387702,-1.00000000,-0.79083201,-0.27168290
912,-0.00281031,-0.13023460,-1.00000000,-0.68185408,-0.22846575
913,0.00006468,0.13225952,1.00000000,-0.81105889,-0.19168421
914,-0.00739115,-0.00729399,-1.00000000,-0.91958275,-0.19239845
915,-0.01414838,0.03538152,1.00000000,-0.99839062,-0.21532115
916,-0.00097738,-0.07529032,-1.00000000,-0.78809913,-0.27209800
917,0.00796276,-0.17559241,-1.00000000,-0.59414626,-0.19128259
918,-0.00343953,0.01991348,-1.00000000,-0.97219348,-0.21756982
919,0.00205837,0.15261787,1.00000000,-0.77169223,-0.14668319
920,-0.01055161,-0.01663380,-1.00000000,-0.90152247,-0.11970164
921,0.00545689,0.06497516,1.00000000,-0.94116579,-0.07143425
922,0.00856547,-0.12220323,-1.00000000,-0.69738423,-0.06691290
923,-0.00280067,0.11542159,1.00000000,-0.84361818,-0.06212042
924,-0.02669394,0.16156440,1.00000000,-0.75439243,-0.27780915
925,0.00335041,-0.00715078,-1.00000000,-0.91985967,-0.17352153
926,-0.00582754,-0.36181451,-1.00000000,-0.23405102,-0.25817294
927,0.01401919,0.08415376,1.00000000,-0.90408037,-0.21726128
928,0.00637995,-0.05208066,-1.00000000,-0.83297934,-0.14839184
929,-0.01221526,0.24251750,1.00000000,-0.59785447,-0.03977837
930,0.00548372,0.12912323,1.00000000,-0.81712349,-0.02377513
931,-0.02270293,-0.14689783,-1.00000000,-0.64963260,-0.15036781
932,-0.00947053,0.11581985,1.00000000,-0.84284806,-0.32657862
933,0.00402010,-0.30257334,-1.00000000,-0.34860489,-0.34428134
934,0.00866064,-0.10615604,-1.00000000,-0.72841448,-0.18767841
935,0.00112028,0.09409434,1.00000000,-0.88485840,-0.22041121
936,-0.00320616,0.16297701,1.00000000,-0.75166088,-0.07415392
937,-0.00233008,0.05105049,1.00000000,-0.96809175,-0.02058899
938,-0.01462810,-0.01316972,-1.00000000,-0.90822093,-0.16048053
939,0.00975741,-0.00016552,-1.00000000,-0.93336698,-0.15225298
940,-0.00155639,-0.18271319,-1.00000000,-0.58037692,-0.17233236
941,-0.00675768,0.17925712,1.00000000,-0.72018025,-0.19897453
942,0.00553415,0.01131881,-1.00000000,-0.95557408,-0.13998010
943,-0.00239537,-0.06588736,-1.00000000,-0.80628151,-0.04821494
944,0.00591518,0.11656850,1.00000000,-0.84140042,-0.07703784
945,0.00709625,-0.00113476,-1.00000000,-0.93149277,-0.01212902
946,0.00344313,0.12222440,1.00000000,-0.83046368,0.06439355
947,0.00495407,0.13975582,1.00000000,-0.79656340,0.06004201
948,-0.00296870,0.08553012,1.00000000,-0.90141893,0.05574115
949,0.00433208,0.10795796,1.00000000,-0.85805050,0.04386532
950,-0.02817465,-0.00964500,-1.00000000,-0.91503663,-0.22072340
951,0.00024345,0.09872535,1.00000000,-0.87590349,-0.24472621
952,0.01371461,-0.38379370,-1.00000000,-0.19155013,-0.17900803
953,-0.01464643,0.03803506,1.00000000,-0.99325952,-0.26660989
954,0.01904987,0.23799645,1.00000000,-0.60659676,-0.15620271
955,0.01205071,-0.18298538,-1.00000000,-0.57985058,0.14555245
956,0.01688180,0.31719130,1.00000000,-0.45345871,0.27036698
957,0.01021195,0.21329817,1.00000000,-0.65435551,0.24409137
958,-0.01159400,0.28500925,1.00000000,-0.51568872,0.26698958
959,0.01156329,0.18600412,1.00000000,-0.70713365,0.21082812
960,-0.01566197,-0.13767601,-1.00000000,-0.66746473,0.00293828
961,0.00853867,0.20606296,1.00000000,-0.66834614,-0.05964872
962,0.02195776,-0.19805961,-1.00000000,-0.55070173,0.02846384
963,0.01036142,0.16116650,1.00000000,-0.75516184,0.19316487
964,-0.00355999,0.36035506,1.00000000,-0.36999351,0.07971586
965,-0.00102347,0.18822279,1.00000000,-0.70284344,0.18952821
966,0.00556656,-0.01842196,-1.00000000,-0.89806474,0.16723259
967,-0.00563369,0.01922934,-1.00000000,-0.97087057,-0.03974784
968,0.00196687,0.11704948,1.00000000,-0.84047034,-0.10272048
969,0.00385914,-0.04920323,-1.00000000,-0.83854339,-0.04706501
970,-0.01872824,0.06361695,1.00000000,-0.94379214,-0.17987938
971,0.00976427,0.09170517,1.00000000,-0.88947831,-0.14838979
972,-0.00709289,-0.24357439,-1.00000000,-0.46269040,-0.15933617
973,-0.00122514,0.17935888,1.00000000,-0.71998348,-0.18328143
974,0.01677279,-0.07086316,-1.00000000,-0.79665986,-0.08640821
975,0.01718612,0.01623576,-1.00000000,-0.96508192,0.18300750
976,-0.00208619,0.28339109,1.00000000,-0.51881773,0.09410999
977,-0.00187868,0.28952644,1.00000000,-0.50695389,0.13322503
978,-0.00552132,0.00345475,-1.00000000,-0.94036744,0.10099679
979,-0.00474553,0.00653491,-1.00000000,-0.94632351,-0.06042533
980,-0.00066964,-0.04753520,-1.00000000,-0.84176884,-0.19437236
981,0.00524700,-0.03601964,-1.00000000,-0.86403633,-0.13936161
982,0.00704267,0.02448149,-1.00000000,-0.98102659,-0.07243712
983,0.01585528,0.11230615,1.00000000,-0.84964247,0.08792189
984,-0.01262981,0.13896036,1.00000000,-0.79810156,0.02877703
985,-0.00128514,0.26977193,1.00000000,-0.54515293,0.02415978
986,-0.00771341,-0.15305133,-1.00000000,-0.63773367,-0.07306422
987,-0.00806355,0.01534520,-1.00000000,-0.96335985,-0.18638521
988,-0.01475044,-0.08007384,-1.00000000,-0.77884929,-0.41597754
989,0.01532079,-0.08527123,-1.00000000,-0.76879917,-0.20630288
990,0.00258786,-0.18452921,-1.00000000,-0.57686530,-0.17724913
991,0.01055063,0.26183813,1.00000000,-0.56049442,-0.04023937
992,-0.00132865,0.07283470,1.00000000,-0.92596790,0.01028323
993,-0.00083709,0.19103144,1.00000000,-0.69741240,0.11465583
994,-0.00889406,0.01469932,-1.00000000,-0.96211091,-0.06699464
995,0.00197935,0.02199595,-1.00000000,-0.97622032,-0.07155940
996,-0.01184760,-0.09759903,-1.00000000,-0.74496106,-0.23958230
997,0.00080893,0.06380227,1.00000000,-0.94343380,-0.22354701
998,0.03046036,-0.14144043,-1.00000000,-0.66018552,0.01123438
999,0.01851166,0.04642881,1.00000000,-0.97702862,0.21682150
1000,0.00522610,0.48656483,1.00000000,-0.12594331,0.24117737
1001,-0.00575607,0.30920230,1.00000000,-0.46890694,0.28687367
1002,0.00703082,0.11199593,1.00000000,-0.85024233,0.33354793
1003,0.01150560,-0.05101979,-1.00000000,-0.83503073,0.19135660
1004,-0.00478564,0.13878454,1.00000000,-0.79844154,0.01658927
1005,-0.00581637,0.20520664,1.00000000,-0.67000200,-0.06624709
1006,0.01293255,-0.03661499,-1.00000000,-0.86288512,0.07394777
1007,-0.00581168,-0.05191482,-1.00000000,-0.83330002,-0.02239171
1008,-0.00201003,0.22638791,1.00000000,-0.62904405,-0.12378077
1009,0.00166914,-0.05184524,-1.00000000,-0.83343458,-0.07535955
1010,-0.01978966,0.00458512,-1.00000000,-0.94255323,-0.18018184
1011,0.00511178,0.05919751,1.00000000,-0.95233795,-0.23885030
1012,-0.01181449,-0.25932979,-1.00000000,-0.43222439,-0.28388107
1013,0.01494531,0.11029889,1.00000000,-0.85352389,-0.15668865
1014,-0.00057809,-0.14094895,-1.00000000,-0.66113587,-0.17354650
1015,-0.00528400,0.25626453,1.00000000,-0.57127202,-0.06473057
1016,-0.00511034,0.02584039,-1.00000000,-0.98365426,-0.14141293
1017,0.00273552,-0.04401250,-1.00000000,-0.84858065,-0.03226439
1018,0.00290460,-0.04143476,-1.00000000,-0.85356518,-0.12258915
1019,-0.01000572,0.07502648,1.00000000,-0.92172968,-0.19331155
1020,0.00727933,0.07753626,1.00000000,-0.91687656,-0.09906633
1021,0.00374193,-0.11410011,-1.00000000,-0.71305314,-0.03266001
1022,-0.00483504,0.14247330,1.00000000,-0.79130864,-0.08945138
1023,-0.00542551,0.08996538,1.00000000,-0.89284252,-0.15194060
1024,-0.00187281,-0.03734827,-1.00000000,-0.86146717,-0.09093070
1025,0.01143451,-0.04611301,-1.00000000,-0.84451890,-0.05976014
1026,-0.00872918,0.00662198,-1.00000000,-0.94649187,-0.15331359
1027,0.00200496,0.20415141,1.00000000,-0.67204248,-0.10200258
1028,-0.00743820,-0.09515159,-1.00000000,-0.74969364,-0.11710103
1029,0.00848818,0.06418235,1.00000000,-0.94269884,-0.03937684
1030,-0.00394866,-0.07598876,-1.00000000,-0.78674855,-0.15477543
1031,-0.00137680,0.16041712,1.00000000,-0.75661091,-0.09962072
1032,-0.00158481,-0.02419118,-1.00000000,-0.88690886,-0.12654975
1033,-0.00019412,0.01398467,-1.00000000,-0.96072902,-0.07220744
1034,0.00310147,0.01089707,-1.00000000,-0.95475855,-0.11261647
1035,-0.00260228,0.03153998,-1.00000000,-0.99467549,-0.10251649
1036,-0.00259800,0.08045857,1.00000000,-0.91122571,-0.11167749
1037,-0.00192788,-0.00420604,-1.00000000,-0.92555387,-0.11425110
1038,-0.00558050,-0.00414248,-1.00000000,-0.92567678,-0.15465768
1039,-0.00009310,0.00580460,-1.00000000,-0.94491132,-0.17862208
1040,-0.00002112,-0.04841373,-1.00000000,-0.84007003,-0.15925918
1041,-0.00787365,0.03303951,-1.00000000,-0.99757512,-0.19883503
1042,0.00023738,0.03410790,-1.00000000,-0.99964104,-0.18259207
1043,-0.00462385,-0.08245238,-1.00000000,-0.77424994,-0.17541564
1044,-0.00969921,0.03794503,1.00000000,-0.99343360,-0.24747703
1045,0.00462711,-0.03421352,-1.00000000,-0.86752879,-0.21260782
1046,-0.00564630,-0.10955050,-1.00000000,-0.72185065,-0.19589916
1047,-0.00234645,0.10310464,1.00000000,-0.86743531,-0.21528212
1048,0.00085260,-0.04939046,-1.00000000,-0.83818135,-0.17419991
1049,-0.00117166,-0.00040860,-1.00000000,-0.93289694,-0.11022949
1050,0.00031943,0.04707706,1.00000000,-0.97577511,-0.14254406
1051,-0.00211181,0.01702965,-1.00000000,-0.96661706,-0.11602968
1052,0.00124804,0.03916285,1.00000000,-0.99107872,-0.08906519
1053,-0.00852956,0.00307432,-1.00000000,-0.93963181,-0.15944649
1054,0.00281150,0.05294684,1.00000000,-0.96442480,-0.12956638
1055,-0.00755154,-0.09218848,-1.00000000,-0.75542336,-0.18861136
1056,0.01125882,0.07615431,1.00000000,-0.91954882,-0.08831001
1057,0.00358766,-0.07767120,-1.00000000,-0.78349525,-0.07075908
1058,0.01085842,0.20154356,1.00000000,-0.67708524,0.07468203
1059,0.01321797,0.08767539,1.00000000,-0.89727065,0.15274738
1060,0.00742446,0.19560013,1.00000000,-0.68857797,0.26509158
1061,0.01665087,0.23062453,1.00000000,-0.62085175,0.30554068
1062,0.01615910,0.14462758,1.00000000,-0.78714293,0.39984678
1063,0.00504196,0.28158140,1.00000000,-0.52231712,0.35621392
1064,0.01421738,0.27428165,1.00000000,-0.53643254,0.36371110
1065,-0.00195440,0.10926251,1.00000000,-0.85552792,0.29335455
1066,-0.00072652,0.24545943,1.00000000,-0.59216570,0.16299606
1067,-0.00915444,0.00541099,-1.00000000,-0.94415021,-0.02689634
1068,-0.00251230,0.02363720,-1.00000000,-0.97939398,-0.08356545
1069,0.00236102,-0.10146405,-1.00000000,-0.73748732,-0.17250727
1070,0.01408883,-0.00287034,-1.00000000,-0.92813670,-0.05215716
1071,0.00709325,0.06946762,1.00000000,-0.93247878,0.00650373
1072,-0.00280362,0.24355131,1.00000000,-0.59585539,0.05414510
1073,0.01523652,0.13971123,1.00000000,-0.79664962,0.18728991
1074,0.01313997,-0.00719466,-1.00000000,-0.91977482,0.26814942
1075,0.00749562,0.26058724,1.00000000,-0.56291324,0.21868971
1076,-0.01228083,0.22946671,1.00000000,-0.62309062,0.07335286
1077,-0.02476796,0.14568393,1.00000000,-0.78510028,-0.09141513
1078,0.00725604,-0.14787110,-1.00000000,-0.64775061,-0.15128162
1079,0.00446305,-0.33322595,-1.00000000,-0.28933233,-0.21637252
1080,0.00875528,0.14212764,1.00000000,-0.79197704,-0.20692307
1081,0.00040470,0.10066943,1.00000000,-0.87214424,-0.11176117
1082,-0.00545682,0.16438184,1.00000000,-0.74894438,0.03310358
1083,0.00051039,0.04042856,1.00000000,-0.98863123,-0.01749966
1084,-0.00653471,-0.04657778,-1.00000000,-0.84362019,-0.10000062
1085,-0.00287824,0.04199751,1.00000000,-0.98559737,-0.18727080
1086,-0.00485488,-0.06257767,-1.00000000,-0.81268141,-0.22672612
1087,0.00810242,-0.00830225,-1.00000000,-0.91763308,-0.12500997
1088,0.01315022,-0.03764284,-1.00000000,-0.86089756,-0.03019088
1089,0.01040016,0.15469098,1.00000000,-0.76768347,0.09684797
1090,0.02032711,0.22961884,1.00000000,-0.62279643,0.27092559
1091,-0.00600071,0.18879786,1.00000000,-0.70173143,0.26233001
1092,0.01922039,0.33615028,1.00000000,-0.41679797,0.34573278
1093,0.01986906,-0.05465116,-1.00000000,-0.82800879,0.39613491
1094,-0.00283821,0.31972250,1.00000000,-0.44856415,0.29682576
1095,0.01779185,0.32935103,1.00000000,-0.42994560,0.27780717
1096,0.01481244,-0.00770809,-1.00000000,-0.91878200,0.43393942
1097,0.00935105,0.29851764,1.00000000,-0.48956772,0.35990337
1098,-0.00801067,0.25429234,1.00000000,-0.57508561,0.15076040
1099,0.00216929,0.17322519,1.00000000,-0.73184411,0.18832477
1100,-0.01335851,-0.08448637,-1.00000000,-0.77031684,-0.04535319
1101,-0.00552521,0.06662165,1.00000000,-0.93798200,-0.19791845
1102,-0.00065769,-0.16386786,-1.00000000,-0.61681787,-0.27300012
1103,-0.00145166,-0.04759305,-1.00000000,-0.84165697,-0.22379696
1104,0.00990954,0.02465888,-1.00000000,-0.98136959,-0.16573259
1105,-0.00571132,0.01287337,-1.00000000,-0.95858011,-0.10836631
1106,0.00667378,0.18151533,1.00000000,-0.71581357,-0.01685415
1107,0.00396012,-0.05035550,-1.00000000,-0.83631525,0.01778685
1108,0.01166404,0.13348477,1.00000000,-0.80868964,0.11617580
1109,-0.00967256,0.09320406,1.00000000,-0.88657994,-0.03072161
1110,-0.00938792,0.20755848,1.00000000,-0.66545427,-0.05830203
1111,0.00335954,-0.10915491,-1.00000000,-0.72261561,-0.08316422
1112,-0.02820804,-0.10492971,-1.00000000,-0.73078582,-0.32447738
1113,0.00446806,0.08428922,1.00000000,-0.90381844,-0.37845887
1114,0.02007432,-0.38428942,-1.00000000,-0.19059157,-0.15530922
1115,0.00766821,0.10074371,1.00000000,-0.87200061,-0.02736073
1116,0.01234028,0.33239790,1.00000000,-0.42405390,0.04000933
1117,0.00671521,0.14824576,1.00000000,-0.78014651,0.30199012
1118,-0.01967315,0.21759635,1.00000000,-0.64604417,0.12089209
1119,-0.00481424,0.13409972,1.00000000,-0.80750052,-0.06581229
1120,0.00748367,-0.25760032,-1.00000000,-0.43556864,-0.06719666
1121,-0.00062350,-0.03703959,-1.00000000,-0.86206407,-0.16444593
1122,0.00168966,0.14550646,1.00000000,-0.78544345,-0.20214568
1123,0.02019942,0.02516634,-1.00000000,-0.98235086,0.09696298
1124,-0.00368850,0.05950212,1.00000000,-0.95174893,0.10540788
1125,0.01545206,0.33425483,1.00000000,-0.42046317,0.16518366
1126,0.00241360,-0.02032942,-1.00000000,-0.89437630,0.18796684
1127,0.00243328,0.26378657,1.00000000,-0.55672674,0.19354516
1128,0.00668141,0.07024809,1.00000000,-0.93096960,0.09213827
1129,-0.00778553,0.07054012,1.00000000,-0.93040490,0.06140387
1130,-0.00842659,0.13359802,1.00000000,-0.80847066,-0.11772454
1131,0.05612396,-0.08114450,-1.00000000,-0.77677898,0.28518987
1132,-0.00872235,-0.09066011,-1.00000000,-0.75837876,0.20150466
1133,0.01776955,0.86750675,1.00000000,0.61067914,0.28468359
1134,-0.00830431,-0.09505027,-1.00000000,-0.74988956,0.28079193
1135,0.00239633,0.29818661,1.00000000,-0.49020783,0.36198130
1136,0.04107876,-0.08884504,-1.00000000,-0.76188854,0.24911795
1137,0.00114867,0.06999170,1.00000000,-0.93146537,0.32316652
1138,0.00298082,0.64418071,1.00000000,0.17883648,0.21222721
1139,0.06072844,0.05147181,1.00000000,-0.96727704,0.73008432
1140,0.01136174,0.07866773,1.00000000,-0.91468865,0.79733937
1141,-0.03229139,0.93585414,1.00000000,0.74284160,0.24694482
1142,-0.01468313,0.20307125,1.00000000,-0.67413116,0.12818078
1143,-0.00259404,-0.44490127,-1.00000000,-0.07338722,0.08636030
1144,-0.00438163,-0.18353010,-1.00000000,-0.57879727,-0.40207035
1145,0.00207662,-0.00408370,-1.00000000,-0.92579043,-0.47172372
1146,-0.00884513,-0.03061803,-1.00000000,-0.87448135,-0.29583889
1147,0.00425271,0.06524607,1.00000000,-0.94064193,-0.15378951
1148,0.02032331,-0.09687276,-1.00000000,-0.74636544,0.01812765
1149,-0.00415572,0.09754721,1.00000000,-0.87818163,0.01982232
1150,0.00270992,0.33609388,1.00000000,-0.41690704,0.02457304
1151,-0.03001638,-0.02726474,-1.00000000,-0.88096556,-0.13424551
1152,-0.02016081,0.07464647,1.00000000,-0.92246450,-0.31738635
1153,-0.01482660,-0.41113173,-1.00000000,-0.13868694,-0.58106747
1154,0.01441395,-0.26483898,-1.00000000,-0.42157133,-0.44176498
1155,-0.00718532,-0.18565976,-1.00000000,-0.57467918,-0.51599525
1156,0.00926391,0.24837721,1.00000000,-0.58652362,-0.22132970
1157,-0.02351025,-0.07223517,-1.00000000,-0.79400683,-0.24645589
1158,0.01026516,0.17193171,1.00000000,-0.73434529,-0.05822715
1159,0.00037445,-0.31455691,-1.00000000,-0.32543241,-0.16354602
1160,-0.00820541,0.18679403,1.00000000,-0.70560623,-0.17119829
1161,0.00077583,0.03997963,1.00000000,-0.98949932,-0.23487260
1162,-0.00698256,-0.08737693,-1.00000000,-0.76472739,-0.11088821
1163,0.00073736,0.04593747,1.00000000,-0.97797872,-0.18236213
1164,0.00776486,-0.06922533,-1.00000000,-0.79982691,-0.12692216
1165,0.02691385,0.04536647,1.00000000,-0.97908285,0.13652893
1166,0.02231509,0.14968034,1.00000000,-0.77737247,0.29810815
1167,-0.00466570,0.43392152,1.00000000,-0.22773900,0.31548831
1168,0.04974675,0.36565907,1.00000000,-0.35973721,0.68313791
1169,-0.04302868,-0.03483470,-1.00000000,-0.86632763,0.30210436
1170,0.00580967,0.77284561,1.00000000,0.42763412,0.14378897
1171,0.02449866,-0.60428202,-1.00000000,0.23480526,0.16016933
1172,0.00856391,0.12065818,1.00000000,-0.83349227,0.25941279
1173,-0.01686039,0.39807137,1.00000000,-0.29706196,-0.24024832
1174,0.05349489,0.16154126,1.00000000,-0.75443717,0.48383428
1175,0.00110539,-0.21584860,-1.00000000,-0.51630339,0.44854462
1176,0.00154579,0.82848165,1.00000000,0.53521682,0.27636101
1177,-0.02655794,0.05082948,1.00000000,-0.96851910,0.01289037
1178,0.00872388,0.05736655,1.00000000,-0.95587845,0.20481367
1179,0.04972810,-0.35979588,-1.00000000,-0.23795441,0.17655668
1180,-0.00804713,0.16391571,1.00000000,-0.74984573,0.10789798
1181,-0.06968773,0.77256870,1.00000000,0.42709866,-0.42646839
1182,-0.00291699,-0.08502751,-1.00000000,-0.76927045,-0.24912310
1183,-0.03322759,-1.00000000,-1.00000000,1.00000000,-0.56382686
1184,0.00951466,-0.00887750,-1.00000000,-0.91652073,-0.86549257
1185,-0.02597759,-0.45879792,-1.00000000,-0.04651545,-1.00000000
1186,-0.01821524,0.17565383,1.00000000,-0.72714788,-0.61387323
1187,-0.00102119,-0.35118134,-1.00000000,-0.25461222,-0.59965161
1188,0.00992513,-0.23595955,-1.00000000,-0.47741512,-0.27593650
1189,-0.02945552,0.01926325,-1.00000000,-0.97093613,-0.56827579
1190,-0.02887924,0.18174674,1.00000000,-0.71536610,-0.59004281
1191,0.00825234,-0.40280655,-1.00000000,-0.15478523,-0.39149321
1192,0.00366437,-0.39425239,-1.00000000,-0.17132630,-0.35634396
1193,0.01326356,0.15691642,1.00000000,-0.76338018,-0.33130034
1194,-0.00817606,0.08881410,1.00000000,-0.89506874,-0.17167000
1195,0.03921990,0.23130131,1.00000000,-0.61954308,0.33918346
1196,-0.02531096,-0.08694129,-1.00000000,-0.76556980,0.08740454
1197,0.00955107,0.61658847,1.00000000,0.12548173,0.13156429
1198,0.01949607,-0.34128599,-1.00000000,-0.27374675,0.17831812
1199,-0.02273021,0.17619430,1.00000000,-0.72610279,0.06913847
1200,-0.00844684,0.32381450,1.00000000,-0.44065151,-0.28843899
1201,0.06504987,-0.30297829,-1.00000000,-0.34782185,0.38941310
1202,-0.00422006,-0.09096063,-1.00000000,-0.75779764,0.28610737
1203,0.00940765,1.00000000,1.00000000,0.86687962,0.21042795
1204,0.00455795,-0.02821980,-1.00000000,-0.87911878,0.41513325
1205,-0.01430849,0.17406538,1.00000000,-0.73021944,0.37116137
1206,0.01366034,0.10207814,1.00000000,-0.86942024,-0.01434311
1207,0.02733706,-0.17796910,-1.00000000,-0.58955051,0.22238625
1208,0.00409271,0.23719088,1.00000000,-0.60815449,0.18251563
1209,-0.01669461,0.44020359,1.00000000,-0.21559143,0.02308705
1210,-0.02622711,0.09517220,1.00000000,-0.88277416,-0.06632185
1211,-0.02399926,-0.21338790,-1.00000000,-0.52106161,-0.34882964
1212,-0.00271783,-0.35488513,-1.00000000,-0.24745026,-0.57428985
1213,-0.01506666,-0.32181563,-1.00000000,-0.31139633,-0.71801603
1214,-0.00675238,-0.00592120,-1.00000000,-0.92223729,-0.64343322
1215,-0.00023433,-0.18922304,-1.00000000,-0.56778890,-0.44844540
1216,-0.00517087,-0.06580869,-1.00000000,-0.80643363,-0.30720205
1217,-0.02842738,0.03094304,-1.00000000,-0.99352119,-0.50006518
1218,-0.00243792,-0.04233324,-1.00000000,-0.85182779,-0.40532929
1219,0.00276264,-0.38754518,-1.00000000,-0.18429594,-0.33395131
1220,0.00793243,-0.00176633,-1.00000000,-0.93027151,-0.27268744
1221,0.00547843,0.07542903,1.00000000,-0.92095127,-0.19280055
1222,0.00052404,0.15216767,1.00000000,-0.77256277,0.02438189
1223,-0.00211187,0.11574132,1.00000000,-0.84299993,0.02682778
1224,0.00582591,0.04220012,1.00000000,-0.98520558,0.04980730
1225,-0.00123147,0.00307344,-1.00000000,-0.93963011,-0.01893671
1226,-0.01000404,0.12089928,1.00000000,-0.83302604,-0.13508022
1227,-0.02579088,0.01614187,-1.00000000,-0.96490036,-0.33248459
1228,-0.00444686,-0.11407529,-1.00000000,-0.71310113,-0.35000080
1229,0.01270558,-0.34840975,-1.00000000,-0.25997161,-0.29839220
1230,-0.01810606,-0.03158639,-1.00000000,-0.87260884,-0.42497883
1231,0.00068966,0.22301875,1.00000000,-0.63555895,-0.34475879
1232,-0.01305651,-0.23433885,-1.00000000,-0.48054904,-0.24923048
1233,0.01266066,0.04465849,1.00000000,-0.98045187,-0.12089646
1234,-0.00383046,-0.15938506,-1.00000000,-0.62548621,-0.24494344
1235,0.01244277,0.22235193,1.00000000,-0.63684838,-0.01577797
1236,-0.00346764,-0.02243668,-1.00000000,-0.89030152,-0.04696448
1237,0.00697202,0.21911765,1.00000000,-0.64310246,0.10328185
1238,0.00055691,-0.01705118,-1.00000000,-0.90071540,0.01248421
1239,-0.00034831,0.13791179,1.00000000,-0.80012918,0.03860596
1240,-0.01764627,0.04268796,1.00000000,-0.98426226,-0.18711037
1241,0.01569624,0.02925118,-1.00000000,-0.99024967,-0.04335028
1242,0.00337383,-0.22751393,-1.00000000,-0.49374631,-0.07034255
1243,0.00664208,0.26741117,1.00000000,-0.54971790,-0.02469392
1244,0.00200454,0.08450137,1.00000000,-0.90340820,-0.00704377
1245,0.01398069,0.13301425,1.00000000,-0.80959948,0.23020951
1246,-0.00841243,0.06417606,1.00000000,-0.94271099,0.04935551
1247,0.02091970,0.24194615,1.00000000,-0.59895929,0.18097785
1248,-0.02049706,-0.09044997,-1.00000000,-0.75878511,-0.02260955
1249,-0.00599255,0.34494639,1.00000000,-0.39978905,-0.08260061
1250,0.00548332,-0.26983016,-1.00000000,-0.41191995,-0.14634460
1251,0.00128915,-0.05453002,-1.00000000,-0.82824304,-0.07356703
1252,-0.00642301,0.11581402,1.00000000,-0.84285935,-0.27868147
1253,0.00891157,0.05355716,1.00000000,-0.96324462,-0.05806925
1254,0.00583217,-0.06091962,-1.00000000,-0.81588757,0.03063522
1255,0.00161160,0.16670176,1.00000000,-0.74445839,0.00159102
1256,-0.00506201,0.12099214,1.00000000,-0.83284648,-0.04605294
1257,-0.00394247,0.05834340,1.00000000,-0.95398953,-0.02744486
1258,0.00400593,-0.04071735,-1.00000000,-0.85495243,-0.06424505
1259,-0.00179337,-0.02409926,-1.00000000,-0.88708661,-0.12144892
1260,-0.01651808,0.09388413,1.00000000,-0.88526489,-0.25745078
1261,0.00834748,0.00780115,-1.00000000,-0.94877202,-0.15685796
1262,0.00076066,-0.21076750,-1.00000000,-0.52612866,-0.12157694
1263,0.00005918,0.15832865,1.00000000,-0.76064936,-0.15118398
1264,-0.00350277,0.04571232,1.00000000,-0.97841409,-0.16400725
1265,-0.00925050,0.03529980,1.00000000,-0.99854864,-0.10948865
1266,0.00036877,-0.01757262,-1.00000000,-0.89970710,-0.16934191
1267,-0.00357766,-0.10288994,-1.00000000,-0.73473009,-0.20188627
1268,0.01260898,0.03989524,1.00000000,-0.98966250,-0.10774248
1269,-0.00883105,-0.01868417,-1.00000000,-0.89755770,-0.14771315
1270,-0.00368114,0.22158491,1.00000000,-0.63833155,-0.10593398
1271,0.00058594,-0.09666377,-1.00000000,-0.74676955,-0.10430484
1272,-0.00024481,-0.02022025,-1.00000000,-0.89458740,-0.07930310
1273,-0.00138887,0.04311885,1.00000000,-0.98342905,-0.18430958
1274,0.01597403,0.03078753,-1.00000000,-0.99322048,0.00176855
1275,0.00649970,0.01380547,-1.00000000,-0.96038251,0.07814130
1276,0.00273486,0.27153453,1.00000000,-0.54174460,0.09426168
1277,-0.01234182,0.13090076,1.00000000,-0.81368632,0.00351454
1278,-0.00934449,0.07501673,1.00000000,-0.92174854,-0.05616545
1279,0.00708055,-0.14877652,-1.00000000,-0.64599981,-0.12288092
1280,-0.00150659,-0.10428508,-1.00000000,-0.73203233,-0.18294100
1281,-0.00867461,0.13952266,1.00000000,-0.79701426,-0.26853044
1282,-0.00564557,0.01205809,-1.00000000,-0.95700362,-0.21829774
1283,0.00272853,-0.09434162,-1.00000000,-0.75125987,-0.12773063
1284,-0.00382012,-0.04937960,-1.00000000,-0.83820235,-0.20950324
1285,-0.00373052,0.07492274,1.00000000,-0.92193028,-0.22618632
1286,-0.00418322,-0.02228322,-1.00000000,-0.89059827,-0.19249364
1287,-0.00373067,-0.02095321,-1.00000000,-0.89317009,-0.17812878
1288,0.00417247,-0.02767292,-1.00000000,-0.88017626,-0.16729686
1289,-0.00022683,-0.02095542,-1.00000000,-0.89316581,-0.14034136
1290,0.00156691,0.09635618,1.00000000,-0.88048473,-0.10060212
1291,0.00055888,0.03105442,-1.00000000,-0.99373657,-0.06502871
1292,-0.00172135,0.05768001,1.00000000,-0.95527233,-0.04995558
1293,-0.00605028,0.04271724,1.00000000,-0.98420563,-0.12664269
1294,0.00176703,0.00887022,-1.00000000,-0.95083927,-0.11168555
1295,-0.00373455,-0.05538688,-1.00000000,-0.82658615,-0.15145499
1296,-0.00969040,0.06065055,1.00000000,-0.94952823,-0.22834113
1297,0.00208713,-0.02101296,-1.00000000,-0.89305456,-0.19977138
1298,-0.00858889,-0.10941965,-1.00000000,-0.72210369,-0.21881511
1299,-0.00174765,0.06540203,1.00000000,-0.94034035,-0.24518087
1300,0.01418060,-0.09306926,-1.00000000,-0.75372021,-0.11078833
1301,-0.00088694,0.00847983,-1.00000000,-0.95008438,-0.04474816
1302,-0.00307620,0.24491355,1.00000000,-0.59322126,-0.08348142
1303,0.00089131,0.02125600,-1.00000000,-0.97478948,-0.01236457
1304,0.00206744,-0.01124063,-1.00000000,-0.91195118,0.01625476
1305,0.01062566,0.04765176,1.00000000,-0.97466383,-0.01041306
1306,0.00416714,0.06510974,1.00000000,-0.94090555,0.02750064
1307,-0.00254497,0.19214516,1.00000000,-0.69525882,0.03148566
1308,0.00072796,0.09627695,1.00000000,-0.88063793,0.03026023
1309,-0.01327534,-0.00335536,-1.00000000,-0.92719882,-0.08483536
1310,0.00027278,0.04522698,1.00000000,-0.97935259,-0.16249870
1311,0.00710526,-0.16263331,-1.00000000,-0.61920512,-0.14045800
1312,-0.01502635,0.03847040,1.00000000,-0.99241769,-0.23408844
1313,0.00227384,0.13988953,1.00000000,-0.79630484,-0.22249187
1314,0.00596222,-0.18862468,-1.00000000,-0.56894594,-0.07817914
1315,-0.00476003,0.06817346,1.00000000,-0.93498128,-0.11593329
1316,0.00102728,0.12292255,1.00000000,-0.82911368,-0.16152799
1317,-0.00547513,-0.03623484,-1.00000000,-0.86362019,-0.08987842
1318,0.01488973,0.04966995,1.00000000,-0.97076127,0.00476114
1319,-0.00060551,-0.04684956,-1.00000000,-0.84309466,-0.04450738
1320,0.01648700,0.25543957,1.00000000,-0.57286723,0.11487963
1321,0.00672985,0.02543347,-1.00000000,-0.98286741,0.15765809
1322,0.00020039,0.27914894,1.00000000,-0.52702074,0.20023363
1323,-0.00832111,0.13431697,1.00000000,-0.80708044,0.02611482
1324,0.00120872,0.03739592,1.00000000,-0.99449541,0.03972445
1325,-0.01284864,-0.08909447,-1.00000000,-0.76140622,-0.18034024
1326,0.00297340,0.05236324,1.00000000,-0.96555330,-0.20851965
1327,-0.01190230,-0.15629958,-1.00000000,-0.63145257,-0.29930934
1328,0.00505795,0.07855754,1.00000000,-0.91490171,-0.19894479
1329,-0.00475879,-0.14225234,-1.00000000,-0.65861554,-0.24371071
1330,-0.00331360,0.10949985,1.00000000,-0.85506897,-0.17218252
1331,-0.00368591,-0.03621643,-1.00000000,-0.86365579,-0.22213806
1332,-0.00569128,-0.01476462,-1.00000000,-0.90513688,-0.17554537
1333,-0.00274130,-0.02029096,-1.00000000,-0.89445067,-0.23405229
1334,-0.00921382,-0.05005801,-1.00000000,-0.83689051,-0.26747222
1335,-0.00065639,-0.00626952,-1.00000000,-0.92156375,-0.24753881
1336,0.00860108,-0.10234544,-1.00000000,-0.73578300,-0.15536659
1337,0.00985263,0.02467820,-1.00000000,-0.98140696,-0.03876223
1338,-0.00327225,0.16209293,1.00000000,-0.75337041,-0.04274523
1339,-0.00068056,0.18067049,1.00000000,-0.71744724,0.02126796
1340,-0.00684017,-0.01415078,-1.00000000,-0.90632386,-0.02512039
1341,-0.00043385,0.02431935,-1.00000000,-0.98071304,-0.09289695
1342,0.00394876,-0.06711178,-1.00000000,-0.80391385,-0.13718545
1343,0.00313619,0.02798145,-1.00000000,-0.98779441,-0.08911185
1344,-0.00711361,0.09303550,1.00000000,-0.88690587,-0.13737011
1345,-0.00245500,0.08097387,1.00000000,-0.91022929,-0.10447427
1346,0.00626819,-0.07117069,-1.00000000,-0.79606520,-0.05419818
1347,-0.00426218,-0.00201982,-1.00000000,-0.92978135,-0.11579352
1348,0.00761512,0.12746424,1.00000000,-0.82033147,-0.08219428
1349,-0.00130910,-0.02884502,-1.00000000,-0.87790981,-0.03865107
1350,-0.00196441,0.14745769,1.00000000,-0.78167040,-0.03497081
1351,0.00137302,0.01498955,-1.00000000,-0.96267213,-0.07169248
1352,-0.00921363,0.00526241,-1.00000000,-0.94386289,-0.10883634
1353,-0.00112640,0.05480199,1.00000000,-0.96083751,-0.17441183
1354,-0.00763043,-0.10234268,-1.00000000,-0.73578833,-0.22183202
1355,0.00751203,0.01770153,-1.00000000,-0.96791627,-0.15074346
1356,-0.00405064,-0.07884220,-1.00000000,-0.78123091,-0.19142965
1357,0.00126979,0.14592746,1.00000000,-0.78462938,-0.11278709
1358,-0.00639788,-0.02570498,-1.00000000,-0.88398166,-0.15233173
1359,-0.01666639,0.05326968,1.00000000,-0.96380053,-0.22011600
1360,0.00224481,-0.06054662,-1.00000000,-0.81660882,-0.25962866
1361,-0.00523804,-0.21296892,-1.00000000,-0.52187179,-0.26853609
1362,-0.01239414,0.06774257,1.00000000,-0.93581448,-0.37103757
1363,-0.00844150,-0.04333036,-1.00000000,-0.84989969,-0.38636803
1364,0.00150902,-0.14955305,-1.00000000,-0.64449824,-0.25002313
1365,-0.00306969,-0.09088144,-1.00000000,-0.75795078,-0.28989042
1366,0.00399296,0.05682075,1.00000000,-0.95693386,-0.22064302
1367,0.01518045,-0.01114402,-1.00000000,-0.91213800,-0.01378913
1368,-0.00168019,0.09369154,1.00000000,-0.88563730,0.03693158
1369,0.00903035,0.25975485,1.00000000,-0.56452283,0.09335368
1370,0.01262472,0.00948115,-1.00000000,-0.95202061,0.21108710
1371,-0.00324273,0.16846482,1.00000000,-0.74104917,0.15680773
1372,-0.00580411,0.22181858,1.00000000,-0.63787970,-0.00061035
1373,-0.00159942,-0.01371265,-1.00000000,-0.90717106,-0.00000442
1374,0.00513248,-0.05173295,-1.00000000,-0.83365170,-0.02924472
1375,-0.00406597,0.01068010,-1.00000000,-0.95433902,-0.15445188
1376,0.00359469,0.11060618,1.00000000,-0.85292968,-0.10316020
1377,-0.00117790,-0.02593253,-1.00000000,-0.88354164,-0.06845615
1378,0.00079352,0.08777972,1.00000000,-0.89706890,-0.05050522
1379,0.00506640,0.01693696,-1.00000000,-0.96643782,-0.05100090
1380,-0.05682296,0.04620015,1.00000000,-0.97747079,-0.44676346
1381,-0.00590761,0.10962535,1.00000000,-0.85482630,-0.51804602
1382,0.00067512,-0.80903962,-1.00000000,0.63074238,-0.50414535
1383,-0.00076098,-0.05326918,-1.00000000,-0.83068111,-0.51580660
1384,0.00617242,0.04444263,1.00000000,-0.98086929,-0.50750965
1385,0.00336195,0.02312570,-1.00000000,-0.97840490,-0.05602568
1386,-0.00971366,0.12604277,1.00000000,-0.82308014,-0.08457721
1387,-0.02652652,0.08432507,1.00000000,-0.90374913,-0.28863345
1388,0.00494830,-0.10976494,-1.00000000,-0.72143600,-0.24580467
1389,0.03911370,-0.35932949,-1.00000000,-0.23885626,0.00130806
1390,-0.03232372,0.10787228,1.00000000,-0.85821619,-0.26639210
1391,-0.01579850,0.61501204,1.00000000,0.12243339,-0.31203821
1392,0.01380364,-0.44538115,-1.00000000,-0.07245928,-0.00949687
1393,-0.01495464,-0.20008625,-1.00000000,-0.54678285,-0.15880104
1394,-0.02339050,0.23931801,1.00000000,-0.60404129,-0.62768342
1395,-0.00590683,-0.18756030,-1.00000000,-0.57100411,-0.42951409
1396,0.00421859,-0.31277940,-1.00000000,-0.32886957,-0.27935362
1397,0.01149976,-0.05325763,-1.00000000,-0.83070344,-0.29663645
1398,0.00756392,0.09704071,1.00000000,-0.87916105,-0.12771090
1399,0.01215634,0.20511997,1.00000000,-0.67016959,0.13894782
1400,0.00322486,0.14669767,1.00000000,-0.78314003,0.20745023
1401,-0.00417955,0.21486611,1.00000000,-0.65132361,0.14445061
1402,-0.00681573,0.08229010,1.00000000,-0.90768412,0.00705489
1403,0.00576034,-0.02761849,-1.00000000,-0.88028153,-0.00647484
1404,0.01186082,-0.06674902,-1.00000000,-0.80461533,-0.00869179
1405,0.01481767,0.11992598,1.00000000,-0.83490809,0.07827302
1406,0.02325934,0.21047937,1.00000000,-0.65980618,0.28410903
1407,0.00175769,0.25436993,1.00000000,-0.57493557,0.34842351
1408,-0.00621340,0.37967532,1.00000000,-0.33263416,0.25860111
1409,-0.00010651,0.06051194,1.00000000,-0.94979625,0.16882682
1410,-0.01580887,-0.05780826,-1.00000000,-0.82190395,-0.06092166
1411,0.00470967,0.03284033,-1.00000000,-0.99718997,-0.20007420
1412,0.00136165,-0.20024018,-1.00000000,-0.54648519,-0.20304515
1413,-0.00845892,0.10433009,1.00000000,-0.86506567,-0.21989014
1414,0.00386883,0.05463324,1.00000000,-0.96116383,-0.19006867
1415,-0.00204877,-0.09113996,-1.00000000,-0.75745088,-0.08684572
1416,-0.00231005,0.09184897,1.00000000,-0.88920025,-0.13950491
1417,-0.00836702,0.00401011,-1.00000000,-0.94144133,-0.21248563
1418,0.00434047,0.00013179,-1.00000000,-0.93394188,-0.11646959
1419,0.00748455,-0.08977587,-1.00000000,-0.76008860,-0.08934583
1420,-0.00988945,0.09884984,1.00000000,-0.87566276,-0.14816361
1421,-0.00942575,0.14551955,1.00000000,-0.78541814,-0.20154285
1422,-0.00335928,-0.11237437,-1.00000000,-0.71639017,-0.16397671
1423,0.00232201,-0.10549130,-1.00000000,-0.72969988,-0.17911838
1424,-0.00143476,-0.01544264,-1.00000000,-0.90382580,-0.24602761
1425,-0.00854518,0.06888857,1.00000000,-0.93359848,-0.23594337
1426,0.00290052,0.01312428,-1.00000000,-0.95906528,-0.14347648
1427,-0.00406802,-0.09242038,-1.00000000,-0.75497494,-0.14879314
1428,0.01248324,0.07747567,1.00000000,-0.91699372,-0.07256751
1429,0.00308583,-0.02596288,-1.00000000,-0.88348296,-0.03865582
1430,-0.00144231,0.21971849,1.00000000,-0.64194062,0.01462719
1431,-0.00038774,0.08022635,1.00000000,-0.91167476,-0.01004001
1432,0.00814330,0.01301227,-1.00000000,-0.95884870,0.08156459
1433,-0.01425109,0.02866595,-1.00000000,-0.98911802,-0.11898610
1434,-0.00168403,0.15529785,1.00000000,-0.76650998,-0.15476773
1435,-0.00732294,-0.17711710,-1.00000000,-0.59119800,-0.19888194
1436,-0.00956636,0.00942420,-1.00000000,-0.95191048,-0.26773644
1437,0.00534445,-0.07427782,-1.00000000,-0.79005699,-0.28873239
1438,-0.02017701,-0.10757850,-1.00000000,-0.72566389,-0.33318632
1439,-0.00692943,0.11375255,1.00000000,-0.84684557,-0.37253529
1440,0.00231061,-0.26507942,-1.00000000,-0.42110641,-0.30026817
1441,-0.00738747,-0.06843678,-1.00000000,-0.80135173,-0.28392300
1442,0.00438630,0.06871927,1.00000000,-0.93392586,-0.29111066
1443,-0.00360376,-0.07523581,-1.00000000,-0.78820453,-0.16678453
1444,0.00441407,0.09953011,1.00000000,-0.87434733,-0.08168998
1445,0.00292464,-0.01907162,-1.00000000,-0.89680849,-0.07708375
1446,0.00513480,0.09994232,1.00000000,-0.87355025,0.01685348
1447,-0.00056419,0.07783375,1.00000000,-0.91630130,-0.02028319
1448,-0.00105314,0.11064058,1.00000000,-0.85286316,-0.00114939
1449,0.00638012,0.02604667,-1.00000000,-0.98405314,0.01359917
1450,0.00689979,0.01878900,-1.00000000,-0.97001909,0.04341919
1451,0.00304663,0.12912573,1.00000000,-0.81711866,0.02775457
1452,0.00699413,0.13683950,1.00000000,-0.80220264,0.08445418
1453,0.00914406,0.07964454,1.00000000,-0.91279980,0.16094957
1454,-0.00408161,0.13823985,1.00000000,-0.79949481,0.08246970
1455,-0.00220781,0.17015271,1.00000000,-0.73778533,0.01414802
1456,-0.01065877,-0.02616471,-1.00000000,-0.88309268,-0.08866459
1457,0.00171415,0.00164937,-1.00000000,-0.93687640,-0.12827293
1458,-0.00848405,-0.12379381,-1.00000000,-0.69430856,-0.26051217
1459,-0.00429078,0.05986566,1.00000000,-0.95104596,-0.26208128
1460,-0.00352019,-0.09151300,-1.00000000,-0.75672954,-0.27192625
1461,0.00525490,-0.02926956,-1.00000000,-0.87708888,-0.15254806
1462,-0.00892183,-0.01783116,-1.00000000,-0.89920716,-0.23233510
1463,-0.00185519,0.11242335,1.00000000,-0.84941584,-0.18260796
1464,0.00060472,-0.09801133,-1.00000000,-0.74416381,-0.14588379
1465,-0.00200261,0.00688358,-1.00000000,-0.94699772,-0.13449945
1466,0.00474791,0.04339765,1.00000000,-0.98288995,-0.13830265
1467,-0.00505719,0.00469537,-1.00000000,-0.94276642,-0.10931158
1468,-0.00292501,0.10489784,1.00000000,-0.86396782,-0.11733695
1469,-0.01123605,-0.04064584,-1.00000000,-0.85509071,-0.20616181
1470,-0.00368310,-0.00899646,-1.00000000,-0.91629070,-0.21876823
1471,-0.00554351,-0.13236273,-1.00000000,-0.67773895,-0.29597054
1472,0.00443391,-0.02024932,-1.00000000,-0.89453119,-0.22477198
1473,-0.00048436,-0.04786467,-1.00000000,-0.84113174,-0.20646321
1474,0.00493661,0.10023687,1.00000000,-0.87298068,-0.08514215
1475,0.00477516,0.02723164,-1.00000000,-0.98634451,-0.02169153
1476,-0.01723055,0.10769885,1.00000000,-0.85855155,-0.10936317
1477,-0.00566247,0.10530228,1.00000000,-0.86318576,-0.18510233
1478,-0.00473956,-0.22134313,-1.00000000,-0.50567870,-0.21702316
1479,-0.00660284,-0.04963045,-1.00000000,-0.83771728,-0.30358769
1480,0.00824083,-0.03593105,-1.00000000,-0.86420764,-0.27758956
1481,0.01209109,-0.06358896,-1.00000000,-0.81072589,-0.05762996
1482,-0.00056872,0.15674556,1.00000000,-0.76371055,-0.01941860
1483,-0.00430408,0.21389743,1.00000000,-0.65319672,-0.01615180
1484,0.00721950,0.02597951,-1.00000000,-0.98392328,0.08753808
1485,-0.01215699,-0.02946693,-1.00000000,-0.87670721,-0.06547853
1486,-0.00303948,0.14158527,1.00000000,-0.79302581,-0.17898219
1487,-0.00061912,-0.14603293,-1.00000000,-0.65130506,-0.17936031
1488,-0.01043541,-0.01069562,-1.00000000,-0.91300506,-0.22535519
1489,0.00393788,0.02523131,-1.00000000,-0.98247650,-0.24997267
1490,-0.01017531,-0.12047838,-1.00000000,-0.70071957,-0.23510687
1491,-0.00343611,0.09287394,1.00000000,-0.88721828,-0.23808221
1492,-0.00245326,-0.11661752,-1.00000000,-0.70818525,-0.25184122
1493,0.00216637,-0.01658302,-1.00000000,-0.90162068,-0.15730750
1494,0.00313975,-0.00199404,-1.00000000,-0.92983119,-0.16329478
1495,0.00258107,0.06657829,1.00000000,-0.93806584,-0.06760132
1496,-0.00035093,0.08102673,1.00000000,-0.91012707,-0.04445754
1497,-0.00254867,0.07273395,1.00000000,-0.92616272,-0.04517323
1498,0.00277984,0.02921227,-1.00000000,-0.99017442,-0.04057120
1499,0.00585444,-0.00341020,-1.00000000,-0.92709278,-0.02020659
1500,-0.00144420,0.07568447,1.00000000,-0.92045733,-0.05040263
1501,0.00628832,0.12132279,1.00000000,-0.83220711,-0.00059751
1502,-0.00628331,0.01298415,-1.00000000,-0.95879432,-0.02861333
1503,-0.00294740,0.12776312,1.00000000,-0.81975352,-0.07157693
1504,-0.00025235,-0.05884592,-1.00000000,-0.81989745,-0.11738772
1505,-0.00424963,-0.00932888,-1.00000000,-0.91564790,-0.13843298
1506,-0.00099506,0.03067562,-1.00000000,-0.99300409,-0.19307007
1507,-0.00993958,-0.02865872,-1.00000000,-0.87827004,-0.22049803
1508,-0.00470262,0.01965109,-1.00000000,-0.97168609,-0.23366496
1509,0.00789512,-0.11311843,-1.00000000,-0.71495139,-0.17254580
1510,-0.00312563,-0.03538268,-1.00000000,-0.86526801,-0.16411394
1511,-0.00459931,0.15161392,1.00000000,-0.77363354,-0.19115164
1512,-0.00307820,-0.01197435,-1.00000000,-0.91053240,-0.13968020
1513,-0.00104802,-0.03384922,-1.00000000,-0.86823324,-0.11226481
1514,-0.00508557,-0.01127036,-1.00000000,-0.91189369,-0.20964096
1515,0.00729102,0.01886497,-1.00000000,-0.97016598,-0.13149931
1516,0.03131003,-0.04106715,-1.00000000,-0.85427602,0.13787869
1517,-0.00337575,0.14264684,1.00000000,-0.79097307,0.13564661
1518,-0.00425182,0.49917700,1.00000000,-0.10155532,0.11161289
1519,0.00067052,-0.01568705,-1.00000000,-0.90335319,0.15479285
1520,-0.00195196,-0.02869127,-1.00000000,-0.87820710,0.08545560
1521,0.00411800,0.04437433,1.00000000,-0.98100135,-0.11852849
1522,-0.00405160,0.00544717,-1.00000000,-0.94422015,-0.12359846
1523,0.00910519,0.09554764,1.00000000,-0.88204819,-0.02339929
1524,0.00847313,-0.02571914,-1.00000000,-0.88395426,0.03513289
1525,0.00163357,0.16957580,1.00000000,-0.73890088,0.06203014
1526,0.00832377,0.16019368,1.00000000,-0.75704297,0.09358017
1527,-0.01810094,0.05866954,1.00000000,-0.95335888,-0.01181256
1528,-0.00841790,0.15797661,1.00000000,-0.76133009,-0.14326400
1529,-0.00236280,-0.23426286,-1.00000000,-0.48069599,-0.22455095
1530,-0.00026928,-0.09053105,-1.00000000,-0.75862833,-0.23882539
1531,-0.00070849,-0.00065122,-1.00000000,-0.93242779,-0.30658187
1532,-0.01094397,0.03042430,-1.00000000,-0.99251811,-0.25289309
1533,-0.00518242,0.02390486,-1.00000000,-0.97991155,-0.22862181
1534,0.00062448,-0.12802728,-1.00000000,-0.68612235,-0.20621240
1535,-0.00498198,-0.04250475,-1.00000000,-0.85149615,-0.24156531
1536,0.00105328,0.04369094,1.00000000,-0.98232280,-0.22834921
1537,-0.00217627,-0.03952954,-1.00000000,-0.85724929,-0.16257733
1538,-0.01043952,0.05005594,1.00000000,-0.97001490,-0.20201408
1539,-0.00423352,0.00211749,-1.00000000,-0.93778160,-0.23845692
1540,-0.00403655,-0.12053941,-1.00000000,-0.70060154,-0.23136462
1541,0.00369115,-0.02841960,-1.00000000,-0.87873243,-0.21157636
1542,0.00109091,-0.02549578,-1.00000000,-0.88438618,-0.18706722
1543,-0.00420251,0.08921154,1.00000000,-0.89430021,-0.14027956
1544,-0.00108278,0.05061445,1.00000000,-0.96893491,-0.11664389
1545,0.00161093,-0.02795927,-1.00000000,-0.87962255,-0.07427867
1546,-0.00361968,0.01834899,-1.00000000,-0.96916824,-0.12912167
1547,0.01064547,0.05833355,1.00000000,-0.95400859,-0.05744702
1548,-0.00375026,-0.01930793,-1.00000000,-0.89635155,-0.05405440
1549,-0.00203088,0.19243920,1.00000000,-0.69469023,-0.06116671
1550,0.00096936,-0.02124620,-1.00000000,-0.89260353,-0.06597955
1551,-0.00006844,0.00427567,-1.00000000,-0.94195484,-0.03933949
1552,-0.00193080,0.04881024,1.00000000,-0.97242369,-0.13368186
1553,0.00282240,0.03340553,-1.00000000,-0.99828288,-0.08437630
1554,-0.00941989,0.00576117,-1.00000000,-0.94482733,-0.13980583
1555,0.00819798,0.07631617,1.00000000,-0.91923582,-0.08557949
1556,-0.00060035,-0.10540439,-1.00000000,-0.72986794,-0.08956972
1557,0.00574812,0.15610949,1.00000000,-0.76494051,-0.03196541
1558,0.00192717,0.02550995,-1.00000000,-0.98301530,-0.03868108
1559,0.00880771,0.11974452,1.00000000,-0.83525900,0.09805538
1560,0.00662839,0.06302769,1.00000000,-0.94493159,0.08628088
1561,0.00275675,0.16516009,1.00000000,-0.74743948,0.11146460
1562,-0.01767360,0.13281093,1.00000000,-0.80999265,-0.06423608
1563,0.00039724,0.07534173,1.00000000,-0.92112008,-0.07571301
1564,-0.01046611,-0.22791962,-1.00000000,-0.49296183,-0.22029774
1565,-0.00081312,0.04031794,1.00000000,-0.98884514,-0.27612104
1566,0.00115774,-0.12093399,-1.00000000,-0.69983856,-0.28811626
1567,0.00585254,0.02235170,-1.00000000,-0.97690824,-0.11163223
1568,0.00679275,0.05160644,1.00000000,-0.96701672,-0.06365558
1569,0.00136584,0.12129457,1.00000000,-0.83226168,0.02510308
1570,-0.00680469,0.13525075,1.00000000,-0.80527478,-0.01984335
1571,-0.00373725,0.05469540,1.00000000,-0.96104363,-0.05656369
1572,-0.01873293,-0.06658513,-1.00000000,-0.80493223,-0.24099441
1573,-0.01061271,-0.02105318,-1.00000000,-0.89297679,-0.37156347
1574,0.00681121,-0.24364396,-1.00000000,-0.46255587,-0.33071435
1575,-0.00330573,-0.12311011,-1.00000000,-0.69563062,-0.30446648
1576,-0.01567396,0.13552475,1.00000000,-0.80474496,-0.39401102
1577,0.00429672,-0.01464769,-1.00000000,-0.90536298,-0.22125147
1578,-0.00678124,-0.19823760,-1.00000000,-0.55035756,-0.19250929
1579,0.00875573,0.09820048,1.00000000,-0.87691842,-0.17792230
1580,-0.00983788,-0.06623712,-1.00000000,-0.80560518,-0.22692400
1581,0.00434165,0.16438847,1.00000000,-0.74893156,-0.07677463
1582,-0.00240918,-0.11160881,-1.00000000,-0.71787054,-0.12707972
1583,-0.00600773,0.09886739,1.00000000,-0.87562883,-0.12127715
1584,-0.05106922,-0.00133968,-1.00000000,-0.93109651,-0.57006080
1585,-0.00025567,-0.05475541,-1.00000000,-0.82780721,-0.49817879
1586,-0.00415449,-0.72363301,-1.00000000,0.46559272,-0.56191359
1587,-0.00638251,0.03062625,-1.00000000,-0.99290862,-0.59171996
1588,0.01773665,-0.02724654,-1.00000000,-0.88100075,-0.41359877
1589,-0.00311909,-0.06031843,-1.00000000,-0.81705008,-0.05389544
1590,-0.01839474,0.29769826,1.00000000,-0.49115215,-0.18996771
1591,0.00063238,-0.01187740,-1.00000000,-0.91071987,-0.15405842
1592,-0.00043959,-0.23862397,-1.00000000,-0.47226297,-0.10947698
1593,-0.00543579,0.04380823,1.00000000,-0.98209601,-0.28330765
1594,-0.00675323,0.02789619,-1.00000000,-0.98762953,-0.31056954
1595,0.01648106,-0.04626562,-1.00000000,-0.84422381,-0.04894475
1596,0.00082597,-0.06582132,-1.00000000,-0.80640921,-0.04749252
1597,-0.01077609,0.27906074,1.00000000,-0.52719128,-0.12503293
1598,-0.00574375,0.04668181,1.00000000,-0.97653940,-0.12734313
1599,0.00425754,-0.12553533,-1.00000000,-0.69094100,-0.04474458
1600,-0.02073011,-0.05083687,-1.00000000,-0.83538444,-0.32388840
1601,0.00201896,0.09761887,1.00000000,-0.87804306,-0.31493905
1602,-0.01550040,-0.27328940,-1.00000000,-0.40523087,-0.35037901
1603,-0.02213480,0.06439016,1.00000000,-0.94229701,-0.47333834
1604,-0.00320971,-0.19566143,-1.00000000,-0.55533907,-0.52935473
1605,0.02070384,-0.29414013,-1.00000000,-0.36491208,-0.21853325
1606,-0.01102039,-0.01322241,-1.00000000,-0.90811904,-0.31634943
1607,0.01423546,0.34174225,1.00000000,-0.40598485,-0.09328241
1608,0.01811765,-0.12916160,-1.00000000,-0.68392892,0.20867591
1609,-0.02160037,0.24572787,1.00000000,-0.59164661,0.07071624
1610,-0.02136888,0.30335373,1.00000000,-0.48021623,-0.24489705
1611,-0.00739505,-0.28620730,-1.00000000,-0.38025170,-0.21770116
1612,-0.00059635,-0.28277109,-1.00000000,-0.38689626,-0.32896368
1613,0.03197078,-0.07534830,-1.00000000,-0.78798700,-0.22504287
1614,0.01646457,0.02556943,-1.00000000,-0.98313032,0.06050566
1615,0.01504513,0.50898493,1.00000000,-0.08258985,0.33366948
1616,0.02789167,0.27881603,1.00000000,-0.52766448,0.59837688
1617,0.05294188,0.25774624,1.00000000,-0.56840686,1.00000000
1618,-0.03271524,0.44843607,1.00000000,-0.19967240,0.51475047
1619,-0.00403154,0.82027297,1.00000000,0.51934380,0.36099650
1620,0.02100912,-0.45119268,-1.00000000,-0.06122161,0.40573604
1621,0.02507178,-0.02542149,-1.00000000,-0.88452984,0.38458229
1622,0.00155837,0.34627369,1.00000000,-0.39722247,-0.00087698
1623,-0.00630792,0.40657850,1.00000000,-0.28061184,0.19722054
1624,-0.00162494,0.05755333,1.00000000,-0.95551728,0.21527391
1625,-0.01810336,-0.05921127,-1.00000000,-0.81919097,-0.07813283
1626,0.00613030,0.01030126,-1.00000000,-0.95360644,-0.22022447
1627,-0.00730619,-0.23429890,-1.00000000,-0.48062629,-0.28672303
1628,-0.01561857,0.12541756,1.00000000,-0.82428911,-0.35656791
1629,-0.01815920,-0.07402933,-1.00000000,-0.79053748,-0.48060151
1630,-0.03195299,-0.19741539,-1.00000000,-0.55194745,-0.58449605
1631,0.00235459,-0.23512770,-1.00000000,-0.47902365,-0.61281996
1632,-0.02364013,-0.43987810,-1.00000000,-0.08310046,-0.73535086
1633,0.00525207,0.06937219,1.00000000,-0.93266331,-0.57878741
1634,0.01737254,-0.31648484,-1.00000000,-0.32170440,-0.31224203
1635,-0.00759022,0.11238133,1.00000000,-0.84949709,-0.12948195
1636,0.00923689,0.29229352,1.00000000,-0.50160322,-0.07785360
1637,-0.00925864,-0.07824533,-1.00000000,-0.78238506,0.03003080
1638,-0.02492397,0.17153075,1.00000000,-0.73512063,-0.19633822
1639,-0.00393948,-0.10301079,-1.00000000,-0.73449640,-0.35621273
1640,-0.02014766,-0.33554175,-1.00000000,-0.28485431,-0.45041378
1641,0.00269739,-0.02405490,-1.00000000,-0.88717239,-0.49947061
1642,-0.00741562,-0.26464373,-1.00000000,-0.42194888,-0.48564495
1643,-0.00622257,0.07446055,1.00000000,-0.92282401,-0.34535425
1644,0.00628123,-0.07565355,-1.00000000,-0.78739674,-0.26868247
1645,0.00240919,-0.05794439,-1.00000000,-0.82164072,-0.09946967
1646,-0.00525244,0.12765783,1.00000000,-0.81995713,-0.15910621
1647,-0.00343289,0.07018263,1.00000000,-0.93109616,-0.12922931
1648,-0.00630692,-0.04354403,-1.00000000,-0.84948651,-0.12986206
1649,0.00429486,-0.01653524,-1.00000000,-0.90171307,-0.14476302
1650,0.00125192,-0.05919645,-1.00000000,-0.81921963,-0.15344443
1651,-0.00486452,0.09817286,1.00000000,-0.87697182,-0.15053445
1652,-0.00002941,0.05300446,1.00000000,-0.96431337,-0.12500292
1653,-0.00872727,-0.03778596,-1.00000000,-0.86062081,-0.14315948
1654,-0.00153546,0.03398476,-1.00000000,-0.99940293,-0.18689629
1655,0.01044150,-0.09512336,-1.00000000,-0.74974822,-0.11795961
1656,0.00990580,0.01162953,-1.00000000,-0.95617492,-0.00715832
1657,0.00012457,0.18941152,1.00000000,-0.70054482,-0.00600317
1658,0.00092257,0.18145982,1.00000000,-0.71592092,0.06638622
1659,-0.01612930,0.03627050,1.00000000,-0.99667162,-0.04309112
1660,-0.00159063,0.04811567,1.00000000,-0.97376677,-0.13335149
1661,0.00775690,-0.20499653,-1.00000000,-0.53728790,-0.14947175
1662,-0.00752076,0.01081065,-1.00000000,-0.95459146,-0.20682406
1663,-0.00247626,0.14956219,1.00000000,-0.77760094,-0.23232077
1664,-0.00176955,-0.07721422,-1.00000000,-0.78437890,-0.12459945
1665,0.00380573,-0.00233542,-1.00000000,-0.92917107,-0.08411805
1666,-0.00391820,0.00815483,-1.00000000,-0.94945593,-0.17170012
1667,0.00050461,0.09091239,1.00000000,-0.89101130,-0.11149692
1668,-0.01033353,-0.02373905,-1.00000000,-0.88778314,-0.17043914
1669,0.00023221,0.04191163,1.00000000,-0.98576343,-0.15542270
1670,-0.01095916,-0.11896612,-1.00000000,-0.70364379,-0.26618320
1671,0.00635390,0.03786830,1.00000000,-0.99358198,-0.18912587
1672,-0.00345760,-0.12825267,-1.00000000,-0.68568651,-0.21884883
1673,-0.00273000,0.12873656,1.00000000,-0.81787119,-0.16181005
1674,0.01515266,-0.01690206,-1.00000000,-0.90100375,-0.04988260
1675,0.00358806,-0.00610182,-1.00000000,-0.92188803,0.05924503
1676,0.00748010,0.25934246,1.00000000,-0.56532026,0.06769337
1677,0.00769420,0.08768140,1.00000000,-0.89725902,0.15134987
1678,-0.00003094,0.14545354,1.00000000,-0.78554579,0.17159715
1679,-0.00849633,0.14863154,1.00000000,-0.77940054,-0.00580848
1680,0.01029467,0.03396207,-1.00000000,-0.99935905,0.04450189
1681,-0.01143101,-0.09169530,-1.00000000,-0.75637702,-0.09736200
1682,-0.00316903,0.18723201,1.00000000,-0.70475930,-0.17885377
1683,0.00315380,-0.13525673,-1.00000000,-0.67214285,-0.15496303
1684,-0.01219411,-0.01261865,-1.00000000,-0.90928652,-0.18270238
1685,0.00247842,0.08123538,1.00000000,-0.90972362,-0.24133687
1686,0.00547851,-0.14658397,-1.00000000,-0.65023951,-0.11448820
1687,-0.00728498,0.07121021,1.00000000,-0.92910915,-0.14536446
1688,0.00229188,0.11574249,1.00000000,-0.84299766,-0.15183027
1689,-0.00338200,-0.07371442,-1.00000000,-0.79114642,-0.08572521
1690,-0.00658127,0.06844129,1.00000000,-0.93446338,-0.15368750
1691,0.00088930,-0.01577993,-1.00000000,-0.90317358,-0.18811395
1692,-0.00022258,-0.06326878,-1.00000000,-0.81134502,-0.13513457
1693,-0.00043466,0.04762187,1.00000000,-0.97472163,-0.15558802
1694,-0.00692331,0.03111744,-1.00000000,-0.99385843,-0.18215353
1695,0.00771381,0.02796944,-1.00000000,-0.98777119,-0.07491734
1696,0.00056520,-0.06834591,-1.00000000,-0.80152744,-0.07734859
1697,0.01133455,0.14892264,1.00000000,-0.77883763,0.00934857
1698,0.00102798,0.04281109,1.00000000,-0.98402417,0.02032071
1699,-0.00034429,0.20266768,1.00000000,-0.67491154,0.06967400
1700,-0.00428620,0.04968033,1.00000000,-0.97074120,-0.02034549
1701,-0.00443728,0.02931090,-1.00000000,-0.99036515,-0.05787219
1702,0.00427973,-0.02920157,-1.00000000,-0.87722034,-0.11079470
1703,-0.00653802,-0.03144410,-1.00000000,-0.87288398,-0.16755192
1704,-0.00728488,0.09794833,1.00000000,-0.87740600,-0.21961759
1705,0.00953896,-0.06262686,-1.00000000,-0.81258630,-0.11590652
1706,-0.00030413,-0.07371296,-1.00000000,-0.79114923,-0.08490120
1707,-0.00654263,0.17601459,1.00000000,-0.72645028,-0.16608642
1708,-0.00267260,0.02990704,-1.00000000,-0.99151790,-0.13708951
1709,-0.00027818,-0.06269528,-1.00000000,-0.81245399,-0.08452792
1710,0.00976018,-0.00524981,-1.00000000,-0.92353554,-0.08286848
1711,0.00158595,0.03029221,-1.00000000,-0.99226269,-0.06868989
1712,0.00224645,0.17929817,1.00000000,-0.72010086,-0.00275760
1713,-0.00317929,0.05796264,1.00000000,-0.95472581,-0.00655862
1714,0.00031386,0.06776690,1.00000000,-0.93576744,-0.00211737
1715,0.00048955,-0.01277100,-1.00000000,-0.90899193,-0.07166201
1716,0.00352627,0.03908022,1.00000000,-0.99123849,-0.05710645
1717,0.00046974,0.04168815,1.00000000,-0.98619557,-0.07043462
1718,0.00775059,0.08676415,1.00000000,-0.89903271,0.01155715
1719,-0.00234867,0.04139405,1.00000000,-0.98676428,-0.00841613
1720,0.00610709,0.14946855,1.00000000,-0.77778201,0.03372445
1721,0.00060532,-0.00044149,-1.00000000,-0.93283334,0.01181262
1722,0.00562896,0.12507297,1.00000000,-0.82495544,0.05051509
1723,-0.00697348,0.04340655,1.00000000,-0.98287273,-0.05993924
1724,0.00165502,0.11797577,1.00000000,-0.83867920,-0.02990508
1725,0.00495609,-0.06909070,-1.00000000,-0.80008726,-0.03853941
1726,-0.01092729,0.05898799,1.00000000,-0.95274311,-0.12505257
1727,-0.00467839,0.10798797,1.00000000,-0.85799248,-0.20237435
1728,0.00188868,-0.12777959,-1.00000000,-0.68660130,-0.13589381
1729,0.00458108,-0.03502313,-1.00000000,-0.86596327,-0.11394365
1730,0.00283760,0.06245630,1.00000000,-0.94603647,-0.12983578
1731,-0.00102437,0.10242143,1.00000000,-0.86875642,-0.05554794
1732,-0.00065977,0.07654173,1.00000000,-0.91879966,-0.02540175
1733,-0.00232285,0.01921597,-1.00000000,-0.97084471,-0.05699499
1734,-0.00135598,0.02462803,-1.00000000,-0.98130994,-0.10153254
1735,-0.00013980,-0.00005819,-1.00000000,-0.93357451,-0.12386782
1736,-0.00914101,0.01429367,-1.00000000,-0.96132652,-0.18475575
1737,0.00621628,0.03234625,-1.00000000,-0.99623456,-0.13317428
1738,-0.00016273,-0.10126477,-1.00000000,-0.73787266,-0.11696991
1739,0.01216037,0.12669381,1.00000000,-0.82182124,-0.01557544
1740,0.00838662,0.03200588,-1.00000000,-0.99557639,0.04838646
1741,-0.00483026,0.21492591,1.00000000,-0.65120796,0.08072409
1742,0.00761618,0.15890955,1.00000000,-0.75952609,0.09122559
1743,-0.00033173,-0.03727735,-1.00000000,-0.86160431,0.08995780
1744,0.00473204,0.14747345,1.00000000,-0.78163992,0.03423333
1745,0.00210742,0.02949727,-1.00000000,-0.99072552,-0.01287076
1746,0.00122920,0.10466225,1.00000000,-0.86442337,0.03258498
1747,-0.00460597,0.06570328,1.00000000,-0.93975783,-0.05910089
1748,0.00524942,0.05266727,1.00000000,-0.96496540,-0.01723327
1749,0.00948429,-0.03394809,-1.00000000,-0.86804205,0.01841626
1750,-0.00190188,0.11234197,1.00000000,-0.84957321,-0.01166002
1751,0.02223776,0.17520302,1.00000000,-0.72801960,0.14593807
1752,0.00075801,0.00619047,-1.00000000,-0.94565746,0.18617659
1753,0.00229774,0.36451125,1.00000000,-0.36195673,0.16403425
1754,-0.01117982,0.04567307,1.00000000,-0.97848999,0.00902006
1755,-0.01039567,0.06852826,1.00000000,-0.93429521,-0.05469705
1756,-0.00550667,-0.13152814,-1.00000000,-0.67935278,-0.26282506
1757,-0.00019160,-0.11988846,-1.00000000,-0.70186027,-0.26994870
1758,0.00584087,-0.04731779,-1.00000000,-0.84218925,-0.24336950
1759,0.00291386,0.03157731,-1.00000000,-0.99474768,-0.13764415
1760,0.01185324,0.12112129,1.00000000,-0.83259674,0.02925859
1761,-0.00247602,0.07767374,1.00000000,-0.91661071,0.05199337
1762,-0.01047730,0.21036692,1.00000000,-0.66002363,-0.02516593
1763,-0.00797084,-0.00233179,-1.00000000,-0.92917809,-0.12877603
1764,0.00601417,-0.12110009,-1.00000000,-0.69951737,-0.10551869
1765,0.00600905,-0.08389507,-1.00000000,-0.77146022,-0.14935956
1766,0.01094499,0.12369373,1.00000000,-0.82762246,-0.04868036
1767,0.00146233,0.12361769,1.00000000,-0.82776950,0.04088607
1768,0.00006167,0.19688512,1.00000000,-0.68609320,0.10114287
1769,0.00033245,0.05612765,1.00000000,-0.95827410,0.05852079
1770,0.00160700,0.03533684,1.00000000,-0.99847703,0.02549836
1771,-0.01297154,0.03935617,1.00000000,-0.99070490,-0.15391421
1772,0.00422587,0.05827522,1.00000000,-0.95412137,-0.13318315
1773,0.00508959,-0.15812384,-1.00000000,-0.62792501,-0.09546568
1774,0.00163360,0.09714883,1.00000000,-0.87895198,-0.08570496
1775,-0.00329842,0.10996950,1.00000000,-0.85416082,-0.12250356
1776,0.00993797,0.05867001,1.00000000,-0.95335799,0.04935476
1777,-0.00318567,-0.01453926,-1.00000000,-0.90557266,-0.00624381
1778,0.00033493,0.18193730,1.00000000,-0.71499763,-0.04191143
1779,-0.00189189,-0.01286569,-1.00000000,-0.90880881,-0.06835827
1780,-0.01060220,0.03939291,1.00000000,-0.99063385,-0.12314839
1781,-0.00160723,0.00633886,-1.00000000,-0.94594441,-0.20975599
1782,-0.00947076,-0.12295409,-1.00000000,-0.69593232,-0.25690426
1783,-0.00060163,0.01056427,-1.00000000,-0.95411504,-0.26392991
1784,-0.00942350,-0.10615936,-1.00000000,-0.72840805,-0.32042916
1785,0.01453245,0.02549104,-1.00000000,-0.98297873,-0.13187874
1786,0.00134577,-0.10545786,-1.00000000,-0.72976454,-0.10972651
1787,0.00590525,0.25013619,1.00000000,-0.58312230,0.00561834
1788,0.00590226,0.05439756,1.00000000,-0.96161957,0.05440801
1789,0.00003851,0.12207689,1.00000000,-0.83074891,0.12538838
1790,0.00153167,0.12203262,1.00000000,-0.83083452,0.02786156
1791,0.01154772,0.03499308,1.00000000,-0.99914175,0.10439268
1792,0.00331919,0.05715700,1.00000000,-0.95628366,0.08499306
1793,-0.01117163,0.20583194,1.00000000,-0.66879286,-0.04308869
1794,-0.00326766,0.08369029,1.00000000,-0.90497659,-0.06789035
1795,-0.00998777,-0.13140652,-1.00000000,-0.67958795,-0.15430477
1796,0.00005458,-0.01408269,-1.00000000,-0.90645552,-0.24052191
1797,-0.00557597,-0.11383378,-1.00000000,-0.71356814,-0.30724996
1798,0.00265187,0.03523154,1.00000000,-0.99868064,-0.20355139
1799,-0.00736591,-0.04834648,-1.00000000,-0.84020008,-0.23429484
1800,-0.01585408,0.07378489,1.00000000,-0.92413052,-0.27830164
1801,-0.00459885,-0.07491567,-1.00000000,-0.78882358,-0.31320986
1802,-0.00010571,-0.20091133,-1.00000000,-0.54518740,-0.27217408
1803,-0.00167773,-0.03384239,-1.00000000,-0.86824645,-0.30465309
1804,-0.01161672,0.03285223,-1.00000000,-0.99721297,-0.33654105
1805,-0.00451860,0.00951772,-1.00000000,-0.95209134,-0.25150663
1806,-0.00332808,-0.13801332,-1.00000000,-0.66681247,-0.24197381
1807,0.00240232,-0.03265121,-1.00000000,-0.87054982,-0.22315949
1808,-0.00796714,-0.01497952,-1.00000000,-0.90472133,-0.27034021
1809,0.01205128,0.07008068,1.00000000,-0.93129330,-0.09279199
1810,-0.01256752,-0.08384015,-1.00000000,-0.77156642,-0.15317186
1811,-0.00055480,0.21330658,1.00000000,-0.65433924,-0.13236777
1812,0.00326412,-0.15212662,-1.00000000,-0.63952176,-0.12590294
1813,0.00285251,0.02618613,-1.00000000,-0.98432282,-0.04473812
1814,0.00459088,0.08287283,1.00000000,-0.90655729,-0.10070316
1815,0.00456686,0.07676309,1.00000000,-0.91837162,0.02783232
1816,-0.00639084,0.10256690,1.00000000,-0.86847513,-0.01594744
1817,0.00757039,0.10221033,1.00000000,-0.86916462,0.01635658
1818,-0.00334321,-0.06044218,-1.00000000,-0.81681077,-0.03012132
1819,0.00043614,0.14679376,1.00000000,-0.78295423,-0.06128855
1820,-0.00109736,-0.01520410,-1.00000000,-0.90428708,-0.10377936
1821,-0.00783176,0.04089537,1.00000000,-0.98772856,-0.11458852
1822,-0.00521204,0.01813251,-1.00000000,-0.96874963,-0.21047738
1823,-0.00027195,-0.08183057,-1.00000000,-0.77545232,-0.18743801
1824,-0.00347314,-0.04294438,-1.00000000,-0.85064605,-0.21676399
1825,-0.00026658,0.03038459,-1.00000000,-0.99244132,-0.21053175
1826,-0.00160826,-0.01713281,-1.00000000,-0.90055755,-0.16384552
1827,0.00088467,0.03046443,-1.00000000,-0.99259570,-0.11811037
1828,0.00074851,0.01054885,-1.00000000,-0.95408522,-0.11045521
1829,0.00279746,0.04755312,1.00000000,-0.97485456,-0.06341558
1830,0.00080048,0.04553206,1.00000000,-0.97876266,-0.05541093
1831,0.00645217,0.07594590,1.00000000,-0.91995181,0.00505536
1832,0.00174045,0.04630346,1.00000000,-0.97727102,0.01147512
1833,-0.01101888,0.13019529,1.00000000,-0.81505046,-0.07679930
1834,-0.00306675,0.06025609,1.00000000,-0.95029099,-0.12079035
1835,0.00149920,-0.12913915,-1.00000000,-0.68397234,-0.11554886
1836,0.00473243,-0.01110048,-1.00000000,-0.91222218,-0.12844972
1837,-0.00186299,0.05667494,1.00000000,-0.95721581,-0.15548134
1838,0.01278140,0.10466799,1.00000000,-0.86441228,0.02305917
1839,0.00158105,0.00676782,-1.00000000,-0.94677389,0.05792519
1840,-0.00580674,0.22414423,1.00000000,-0.63338263,0.00311889
1841,-0.00481419,0.05788995,1.00000000,-0.95486637,-0.06849613
1842,-0.00871566,-0.05177189,-1.00000000,-0.83357640,-0.11990227
1843,-0.00358536,-0.03703878,-1.00000000,-0.86206562,-0.24267938
1844,0.01171947,-0.09495102,-1.00000000,-0.75008149,-0.16662489
1845,0.00789050,-0.01879848,-1.00000000,-0.89733667,-0.06387350
1846,0.00510202,0.20838123,1.00000000,-0.66386334,0.01051408
1847,0.00650150,0.15154533,1.00000000,-0.77376618,0.12466740
1848,-0.00280057,0.11015412,1.00000000,-0.85380382,0.13055460
1849,-0.00124139,0.13092752,1.00000000,-0.81363456,0.03332725
1850,-0.00463712,-0.00714929,-1.00000000,-0.91986255,-0.06065010
1851,-0.00688689,0.01599459,-1.00000000,-0.96461558,-0.15058631
1852,0.00744309,-0.03441045,-1.00000000,-0.86714800,-0.14352288
1853,-0.00087799,-0.06780532,-1.00000000,-0.80257276,-0.12910047
1854,0.00663211,0.14490415,1.00000000,-0.78660814,-0.07003652
1855,0.00052260,0.02138877,-1.00000000,-0.97504622,-0.03133035
1856,0.00129110,0.13286616,1.00000000,-0.80988584,0.03001780
1857,0.00273412,0.04217861,1.00000000,-0.98524718,-0.00530710
1858,-0.00388466,0.05358606,1.00000000,-0.96318875,-0.02786194
1859,0.00396662,0.07500573,1.00000000,-0.92176981,-0.04785738
1860,0.00332117,-0.02324116,-1.00000000,-0.88874591,-0.02686357
1861,-0.00135155,0.09330060,1.00000000,-0.88639324,-0.04668769
1862,-0.00774980,0.08371968,1.00000000,-0.90491975,-0.12533401
1863,0.01214865,0.01435948,-1.00000000,-0.96145377,-0.00505831
1864,0.00497866,-0.08061407,-1.00000000,-0.77780466,0.00253358
1865,-0.00219721,0.21475193,1.00000000,-0.65154440,-0.03886314
1866,-0.00784200,0.10832291,1.00000000,-0.85734481,-0.08755201
1867,-0.00180595,0.00180677,-1.00000000,-0.93718076,-0.04296356
1868,-0.00501971,-0.08198264,-1.00000000,-0.77515827,-0.17175397
1869,0.00198883,0.00761442,-1.00000000,-0.94841095,-0.19418249
1870,-0.00210566,-0.04008947,-1.00000000,-0.85616656,-0.19349571
1871,-0.00421160,0.06394292,1.00000000,-0.94316182,-0.16626186
1872,-0.01177933,0.00316574,-1.00000000,-0.93980858,-0.24107833
1873,0.00067969,-0.02809423,-1.00000000,-0.87936159,-0.19832363
1874,0.00060005,-0.14042712,-1.00000000,-0.66214493,-0.20874174
1875,-0.00047237,0.04451052,1.00000000,-0.98073800,-0.19648947
1876,-0.00150043,0.04332830,1.00000000,-0.98302405,-0.17615127
1877,0.00287502,0.02740967,-1.00000000,-0.98668875,-0.06621993
1878,0.00072888,0.01214955,-1.00000000,-0.95718047,-0.06585092
1879,-0.00399835,0.07709728,1.00000000,-0.91772539,-0.10034631
1880,-0.00561185,0.04524068,1.00000000,-0.97932609,-0.13890072
1881,0.00159843,-0.02492874,-1.00000000,-0.88548265,-0.11565427
1882,0.01129031,-0.04887908,-1.00000000,-0.83917019,-0.05252604
1883,0.00021806,0.05814799,1.00000000,-0.95436740,-0.05635803
1884,0.00036955,0.20201098,1.00000000,-0.67618140,-0.02359176
1885,0.00465502,0.03765820,1.00000000,-0.99398824,0.05342637
1886,-0.00497521,0.03990686,1.00000000,-0.98964004,0.00411343
1887,-0.00012182,0.10351898,1.00000000,-0.86663411,-0.08149595
1888,0.00929181,-0.03942900,-1.00000000,-0.85744370,-0.01342819
1889,0.00345041,0.03261317,-1.00000000,-0.99675070,0.00968324
1890,-0.02512929,0.17234590,1.00000000,-0.73354438,-0.21374717
1891,0.00860785,0.08563812,1.00000000,-0.90121008,-0.11185231
1892,0.00908506,-0.33858938,-1.00000000,-0.27896114,-0.04278583
1893,0.01391721,0.16219337,1.00000000,-0.75317620,-0.00808784
1894,-0.00227518,0.16927705,1.00000000,-0.73947857,-0.05103901
1895,0.00822600,0.24100384,1.00000000,-0.60078141,0.19917951
1896,0.00398838,0.00064937,-1.00000000,-0.93494271,0.16452605
1897,0.01015426,0.15652542,1.00000000,-0.76413624,0.17254672
1898,-0.02440739,0.09362354,1.00000000,-0.88576880,-0.11494969
1899,0.00455225,0.18514779,1.00000000,-0.70878953,-0.06373292
1900,-0.00083049,-0.32787382,-1.00000000,-0.29968168,-0.13167126
1901,-0.02085824,0.10199351,1.00000000,-0.86958388,-0.31806103
1902,0.00167413,0.02209381,-1.00000000,-0.97640955,-0.38167564
1903,0.02014145,-0.27519142,-1.00000000,-0.40155296,-0.04748742
1904,0.01232148,0.05927168,1.00000000,-0.95219453,0.01079430
1905,-0.01311576,0.33339429,1.00000000,-0.42212720,-0.08136503
1906,0.01246147,0.21731729,1.00000000,-0.64658378,0.16858662
1907,-0.00012561,-0.16026459,-1.00000000,-0.62378547,0.15508565
1908,0.01597810,0.21939532,1.00000000,-0.64256554,0.12385385
1909,-0.00038173,0.03255691,-1.00000000,-0.99664191,0.02855927
1910,0.00859886,0.27159500,1.00000000,-0.54162769,0.19145396
1911,0.00491847,0.02875510,-1.00000000,-0.98929040,0.13486928
1912,0.00328273,0.16205995,1.00000000,-0.75343419,0.16043731
1913,-0.01050052,0.10742954,1.00000000,-0.85907231,-0.03819510
1914,0.00234274,0.08314911,1.00000000,-0.90602305,-0.01775714
1915,0.00652500,-0.12144482,-1.00000000,-0.69885077,-0.03331443
1916,-0.00233157,0.06919630,1.00000000,-0.93300343,-0.08770146
1917,-0.00324856,0.13127628,1.00000000,-0.81296018,-0.13669663
1918,0.00926862,-0.00018769,-1.00000000,-0.93332411,0.01160386
1919,0.00134114,-0.01379908,-1.00000000,-0.90700394,0.00409018
1920,0.00029400,0.17200175,1.00000000,-0.73420986,-0.04265238
1921,0.00599856,0.05432876,1.00000000,-0.96175260,0.01983703
1922,0.00007130,0.03878539,1.00000000,-0.99180862,0.04474133
1923,0.00307439,0.12346195,1.00000000,-0.82807065,-0.00172542
1924,-0.00176110,0.03547981,1.00000000,-0.99820057,-0.02499719
1925,0.00137423,0.08005662,1.00000000,-0.91200296,-0.01689370
1926,0.00428544,0.00828020,-1.00000000,-0.94969836,-0.02974486
1927,0.00469611,0.05482000,1.00000000,-0.96080269,0.00494868
1928,-0.00401050,0.09803297,1.00000000,-0.87724232,-0.04819944
1929,0.00393011,0.10412894,1.00000000,-0.86545463,-0.00550616
1930,-0.00279772,-0.02510912,-1.00000000,-0.88513385,-0.03680251
1931,0.00135587,0.09275866,1.00000000,-0.88744120,-0.05877902
1932,0.00649074,-0.00710702,-1.00000000,-0.91994429,-0.04531643
1933,0.00035685,0.05454741,1.00000000,-0.96132979,-0.01255429
1934,-0.00313367,0.13076776,1.00000000,-0.81394350,-0.06554410
1935,0.01007743,0.03971829,1.00000000,-0.99000467,0.03104031
1936,-0.00325027,-0.01209383,-1.00000000,-0.91030135,-0.00351319
1937,-0.00269680,0.18400740,1.00000000,-0.71099469,-0.07243454
1938,0.00714733,-0.01382461,-1.00000000,-0.90695457,-0.02149494
1939,0.00112139,-0.00560897,-1.00000000,-0.92284105,0.01042495
1940,-0.00271962,0.14051399,1.00000000,-0.79509734,-0.08557358
1941,-0.00639408,0.05106699,1.00000000,-0.96805983,-0.10915717
1942,0.00526610,-0.00594772,-1.00000000,-0.92218600,-0.04942257
1943,0.00109664,-0.06049016,-1.00000000,-0.81671800,-0.09481255
1944,0.00280949,0.11258965,1.00000000,-0.84909426,-0.08214914
1945,-0.00336712,0.05069949,1.00000000,-0.96877047,-0.08700642
1946,-0.00395430,0.07612446,1.00000000,-0.91960654,-0.06870412
1947,0.00007999,-0.01555897,-1.00000000,-0.90360086,-0.10760832
1948,-0.00399089,-0.02427486,-1.00000000,-0.88674705,-0.14577299
1949,-0.00681248,0.03560877,1.00000000,-0.99795120,-0.21795327
1950,0.00524663,-0.02481806,-1.00000000,-0.88569667,-0.15333626
1951,0.00160580,-0.06670080,-1.00000000,-0.80470856,-0.11162658
1952,-0.00080568,0.11230062,1.00000000,-0.84965316,-0.11827058
1953,0.01323883,0.05825731,1.00000000,-0.95415600,0.01098014
1954,0.00251230,0.02246208,-1.00000000,-0.97712168,0.08093103
1955,0.00733728,0.23093417,1.00000000,-0.62025301,0.09661424
1956,0.00074913,0.07171309,1.00000000,-0.92813674,0.09018783
1957,0.00232709,0.14333345,1.00000000,-0.78964538,0.11368873
1958,-0.00145956,0.04554119,1.00000000,-0.97874500,0.00342704
1959,-0.00761806,0.06896400,1.00000000,-0.93345263,-0.07256703
1960,-0.00267188,0.01275611,-1.00000000,-0.95835336,-0.14765182
1961,-0.00638648,-0.07865862,-1.00000000,-0.78158588,-0.20118044
1962,-0.00271752,-0.00523905,-1.00000000,-0.92355636,-0.23902318
1963,-0.00302316,-0.06037746,-1.00000000,-0.81693592,-0.25075265
1964,-0.00217777,-0.00591655,-1.00000000,-0.92224628,-0.20994168
1965,-0.00221613,-0.01045335,-1.00000000,-0.91347353,-0.20652288
1966,-0.00218175,0.00209525,-1.00000000,-0.93773859,-0.17498058
1967,-0.00524135,0.00152583,-1.00000000,-0.93663752,-0.19391339
1968,0.00318734,0.00203622,-1.00000000,-0.93762445,-0.14732465
1969,0.00690302,-0.04337946,-1.00000000,-0.84980473,-0.07920404
1970,-0.00581224,0.08173317,1.00000000,-0.90876105,-0.10618063
1971,-0.01405821,0.13688752,1.00000000,-0.80210978,-0.19527326
1972,-0.00441082,-0.05185354,-1.00000000,-0.83341851,-0.18904291
1973,-0.00347270,-0.17425401,-1.00000000,-0.59673433,-0.23900397
1974,0.01822779,-0.03105129,-1.00000000,-0.87364356,-0.15404991
1975,0.00105574,-0.01712626,-1.00000000,-0.90057022,-0.10252901
1976,0.01153299,0.30498862,1.00000000,-0.47705486,0.08944635
1977,-0.00681216,0.05009239,1.00000000,-0.96994440,0.07143236
1978,-0.00215884,0.20561331,1.00000000,-0.66921562,0.08128849
1979,-0.00492119,-0.06669610,-1.00000000,-0.80471766,-0.09236627
1980,0.00145883,0.00237636,-1.00000000,-0.93828217,-0.08934245
1981,0.00791802,-0.03862719,-1.00000000,-0.85899414,-0.11646058
1982,0.00925939,0.05607571,1.00000000,-0.95837454,0.00410201
1983,-0.01121657,0.15195388,1.00000000,-0.77297618,-0.06384563
1984,0.00728951,0.17186466,1.00000000,-0.73447495,0.02775439
1985,0.00216145,-0.13207365,-1.00000000,-0.67829793,0.03302524
1986,-0.00176357,0.14262448,1.00000000,-0.79101630,-0.03960237
1987,0.00242393,0.06650530,1.00000000,-0.93820698,-0.09087932
1988,0.00650807,0.00824348,-1.00000000,-0.94962736,0.04208408
1989,0.00923680,0.07040144,1.00000000,-0.93067307,0.05669190
1990,-0.01778257,0.13102497,1.00000000,-0.81344614,-0.09292048
1991,0.01711280,0.17152940,1.00000000,-0.73512324,0.04868284
1992,0.00957089,-0.22953713,-1.00000000,-0.48983406,0.10229658
1993,-0.00343116,0.28843815,1.00000000,-0.50905831,0.02773633
1994,-0.00629223,0.17648854,1.00000000,-0.72553380,-0.08875649
1995,-0.00195333,-0.01650962,-1.00000000,-0.90176261,0.02998836
1996,0.01205644,-0.05897837,-1.00000000,-0.81964132,-0.00794256
1997,-0.00152771,0.00542680,-1.00000000,-0.94418077,-0.09120004
1998,0.00640164,0.21338312,1.00000000,-0.65419124,-0.01743813
1999,0.00770746,0.01174450,-1.00000000,-0.95639723,0.08758212
2000,0.00627277,0.12944525,1.00000000,-0.81650080,0.14929116
2001,-0.00545357,0.14882831,1.00000000,-0.77902004,0.01793780
2002,0.00628650,0.12753229,1.00000000,-0.82019987,0.07655699
2003,-0.00295683,-0.04652964,-1.00000000,-0.84371327,0.00635335
2004,-0.00446681,0.12773602,1.00000000,-0.81980592,-0.08497332
2005,-0.00304634,-0.00946876,-1.00000000,-0.91537741,-0.15488166
2006,0.00359748,-0.03188249,-1.00000000,-0.87203629,-0.08698412
2007,-0.00443863,-0.01079741,-1.00000000,-0.91280823,-0.16743985
2008,-0.00186036,0.08782124,1.00000000,-0.89698863,-0.15921457
2009,-0.00137555,-0.03146411,-1.00000000,-0.87284530,-0.13602515
2010,-0.01243019,0.00680683,-1.00000000,-0.94684932,-0.20641919
2011,0.00551755,0.01400312,-1.00000000,-0.96076469,-0.19201560
2012,0.00095036,-0.15008818,-1.00000000,-0.64346346,-0.15158952
2013,-0.00360737,0.11632204,1.00000000,-0.84187698,-0.16469491
2014,0.00953958,0.04852818,1.00000000,-0.97296911,-0.08281376
2015,0.01481307,-0.01912520,-1.00000000,-0.89670490,0.12155464
2016,0.00034769,0.17602376,1.00000000,-0.72643254,0.08277235
2017,-0.00769616,0.25430162,1.00000000,-0.57506766,0.01790953
2018,0.00277306,0.03958239,1.00000000,-0.99026747,0.06577306
2019,0.00471420,-0.07981781,-1.00000000,-0.77934438,0.02957491
2020,-0.00926258,0.07558378,1.00000000,-0.92065205,-0.15103135
2021,0.00236154,0.10439743,1.00000000,-0.86493546,-0.13592423
2022,0.00169394,-0.10306933,-1.00000000,-0.73438321,-0.06548336
2023,-0.00545851,0.06947529,1.00000000,-0.93246396,-0.12723343
2024,0.00760170,0.05956564,1.00000000,-0.95162612,-0.10557251
2025,0.00136076,-0.04660292,-1.00000000,-0.84357157,-0.02588026
2026,-0.00470189,0.14725854,1.00000000,-0.78205549,-0.07886739
2027,-0.00182993,0.05462008,1.00000000,-0.96118928,-0.10530210
2028,0.00707033,-0.03537192,-1.00000000,-0.86528882,-0.01131555
2029,-0.00953612,0.00725850,-1.00000000,-0.94772271,-0.13987690
2030,-0.00333816,0.13937104,1.00000000,-0.79730745,-0.17512637
2031,-0.00004617,-0.10712962,-1.00000000,-0.72653189,-0.14020094
2032,-0.00006734,-0.01512909,-1.00000000,-0.90443211,-0.12697867
2033,0.00052582,0.03373607,-1.00000000,-0.99892205,-0.17607310
2034,-0.00846105,0.03342180,-1.00000000,-0.99831435,-0.16800835
2035,-0.00879784,0.04222642,1.00000000,-0.98515473,-0.20896482
2036,-0.00528645,-0.09117164,-1.00000000,-0.75738962,-0.24827541
2037,-0.00231065,-0.09617089,-1.00000000,-0.74772264,-0.26510385
2038,0.00425995,-0.04404894,-1.00000000,-0.84851018,-0.23709182
2039,0.00437570,0.00012287,-1.00000000,-0.93392463,-0.14079546
2040,0.00185467,0.09765465,1.00000000,-0.87797389,-0.06088440
2041,0.00107406,0.09937282,1.00000000,-0.87465147,-0.01317031
2042,-0.00332701,0.06195148,1.00000000,-0.94701264,-0.02079462
2043,-0.00258649,0.05036434,1.00000000,-0.96941853,-0.07215396
2044,0.00083263,-0.01496358,-1.00000000,-0.90475216,-0.09873269
2045,0.00306777,-0.00397160,-1.00000000,-0.92600721,-0.08963244
2046,-0.00010319,0.04678072,1.00000000,-0.97634815,-0.09846370
2047,0.00501787,0.07995841,1.00000000,-0.91219288,-0.03586368
2048,0.00042970,0.03288967,-1.00000000,-0.99728537,-0.01323740
2049,-0.01141980,0.10890492,1.00000000,-0.85621938,-0.10515040
2050,-0.01984472,0.04079970,1.00000000,-0.98791357,-0.27703112
2051,-0.00857362,-0.13509025,-1.00000000,-0.67246478,-0.34057304
2052,0.01562293,-0.26014707,-1.00000000,-0.43064403,-0.26101798
2053,0.00250799,-0.09284261,-1.00000000,-0.75415848,-0.24542742
2054,-0.01026409,0.26632287,1.00000000,-0.55182233,-0.23675774
2055,-0.00019340,0.07164921,1.00000000,-0.92826026,-0.08934108
2056,0.00221722,-0.11793530,-1.00000000,-0.70563708,-0.00839232
2057,-0.00037404,0.03155064,-1.00000000,-0.99469611,-0.12839540
2058,0.00194623,0.06733308,1.00000000,-0.93660630,-0.13260956
2059,-0.00482385,0.02886924,-1.00000000,-0.98951112,-0.09179902
2060,0.00089433,0.06331051,1.00000000,-0.94438470,-0.08363932
2061,-0.01158858,-0.03718226,-1.00000000,-0.86178818,-0.18720512
2062,-0.01642335,0.04769648,1.00000000,-0.97457735,-0.30760084
2063,0.00956082,-0.13759562,-1.00000000,-0.66762017,-0.25047907
2064,-0.00258245,-0.20936134,-1.00000000,-0.52884773,-0.23366495
2065,0.00359517,0.17633904,1.00000000,-0.72582289,-0.21340429
2066,-0.00513589,-0.00391166,-1.00000000,-0.92612312,-0.16499870
2067,-0.00830424,0.08778685,1.00000000,-0.89705513,-0.10409228
2068,-0.00259417,-0.04181406,-1.00000000,-0.85283173,-0.19527432
2069,0.00929846,-0.08884399,-1.00000000,-0.76189056,-0.10614827
2070,-0.00198921,-0.00408555,-1.00000000,-0.92578686,-0.14804013
2071,0.00204933,0.17244469,1.00000000,-0.73335334,-0.09413937
2072,-0.00838557,0.00489418,-1.00000000,-0.94315084,-0.09474945
2073,0.00570140,0.06484098,1.00000000,-0.94142526,-0.03251934
2074,-0.00168815,-0.09005119,-1.00000000,-0.75955622,-0.11493668
2075,-0.00383852,0.11905102,1.00000000,-0.83660000,-0.12880943
2076,0.00598688,0.00936306,-1.00000000,-0.95179226,-0.09927150
2077,0.01492261,-0.02255625,-1.00000000,-0.89007031,0.07557748
2078,-0.00857990,0.12328857,1.00000000,-0.82840591,-0.03155533
2079,0.00165025,0.25592766,1.00000000,-0.57192341,-0.00651194
2080,-0.00176610,-0.09293584,-1.00000000,-0.75397820,0.00903452
2081,-0.00384755,0.05891715,1.00000000,-0.95288009,-0.06473954
2082,0.00023417,0.00820599,-1.00000000,-0.94955485,-0.17492658
2083,-0.01717453,-0.02269035,-1.00000000,-0.88981100,-0.23940018
2084,0.00192049,0.03789731,1.00000000,-0.99352587,-0.23737293
2085,-0.00412111,-0.22051166,-1.00000000,-0.50728651,-0.25503932
2086,-0.01474783,0.06292852,1.00000000,-0.94512336,-0.33680901
2087,-0.00261463,-0.02675102,-1.00000000,-0.88195893,-0.35817959
2088,-0.00718512,-0.18449044,-1.00000000,-0.57694026,-0.28324285
2089,-0.00044294,-0.00438929,-1.00000000,-0.92519953,-0.30097242
2090,0.00541352,-0.07223212,-1.00000000,-0.79401272,-0.22944732
2091,0.00341668,0.02784650,-1.00000000,-0.98753345,-0.09318421
2092,-0.00914443,0.11477782,1.00000000,-0.84486303,-0.14216826
2093,0.01554580,0.08513739,1.00000000,-0.90217834,0.02835030
2094,0.00099078,-0.10131547,-1.00000000,-0.73777463,0.03910551
2095,0.00603054,0.26517799,1.00000000,-0.55403618,0.04373419
2096,-0.00523823,0.04912815,1.00000000,-0.97180894,-0.02119159
2097,0.00408306,0.12393672,1.00000000,-0.82715258,0.07803592
2098,0.00335889,-0.04333317,-1.00000000,-0.84989425,-0.01338555
2099,-0.00399836,0.09502893,1.00000000,-0.88305120,-0.05081213
2100,-0.00301007,0.08427964,1.00000000,-0.90383698,-0.11863132
2101,-0.01212738,-0.02492894,-1.00000000,-0.88548227,-0.17031103
2102,0.00583896,-0.01025910,-1.00000000,-0.91384914,-0.15713891
2103,-0.01603693,-0.14559334,-1.00000000,-0.65215508,-0.30263889
2104,0.00915079,0.12109300,1.00000000,-0.83265145,-0.20399903
2105,-0.01886720,-0.20362549,-1.00000000,-0.53993907,-0.32295308
2106,0.00312521,0.17025267,1.00000000,-0.73759204,-0.20853405
2107,-0.01012956,-0.24563700,-1.00000000,-0.45870195,-0.32832374
2108,0.00205071,0.08081097,1.00000000,-0.91054428,-0.19263724
2109,-0.00366128,-0.11593840,-1.00000000,-0.70949846,-0.28874845
2110,-0.00194203,0.06486141,1.00000000,-0.94138575,-0.16178240
2111,-0.01653831,-0.01992543,-1.00000000,-0.89515749,-0.30929054
2112,-0.00399697,0.00559448,-1.00000000,-0.94450502,-0.26328624
2113,0.01819448,-0.21106775,-1.00000000,-0.52554807,-0.14218188
2114,-0.00189885,-0.02490834,-1.00000000,-0.88552210,-0.12896084
2115,0.00677044,0.30449420,1.00000000,-0.47801092,-0.06360323
2116,-0.01166964,0.00623543,-1.00000000,-0.94574441,-0.02708036
2117,-0.02162519,0.13491951,1.00000000,-0.80591530,-0.15932044
2118,-0.01094187,-0.13879886,-1.00000000,-0.66529348,-0.37789009
2119,0.00467796,-0.28657570,-1.00000000,-0.37953932,-0.32855333
2120,0.00746607,-0.12799603,-1.00000000,-0.68618278,-0.32333498
2121,-0.00661663,0.10385953,1.00000000,-0.86597559,-0.28542927
2122,-0.02614733,0.14524522,1.00000000,-0.78594861,-0.31935263
2123,-0.01450923,-0.06379371,-1.00000000,-0.81032998,-0.34611361
2124,-0.02077229,-0.35370087,-1.00000000,-0.24974025,-0.53703161
2125,0.02149088,-0.18094877,-1.00000000,-0.58378876,-0.43182292
2126,0.00446360,-0.27391556,-1.00000000,-0.40402006,-0.34870332
2127,-0.01021924,0.35342477,1.00000000,-0.38339451,-0.22921691
2128,-0.00153886,0.10067751,1.00000000,-0.87212862,-0.13191820
2129,-0.03799285,-0.11726959,-1.00000000,-0.70692435,-0.26110016
2130,0.00303160,0.01157907,-1.00000000,-0.95607734,-0.39957452
2131,-0.00730603,-0.52953173,-1.00000000,0.09026160,-0.48786575
2132,0.01314556,0.07942146,1.00000000,-0.91323116,-0.31259201
2133,0.00990905,-0.07402695,-1.00000000,-0.79054208,-0.22671418
2134,-0.00603998,0.22954973,1.00000000,-0.62293007,0.01298390
2135,0.00202982,0.18150808,1.00000000,-0.71582760,0.00546894
2136,-0.00738023,-0.05523405,-1.00000000,-0.82688168,0.00491234
2137,0.00831206,0.06455138,1.00000000,-0.94198524,-0.03134674
2138,0.00996916,-0.07512831,-1.00000000,-0.78841240,-0.03089583
2139,-0.00826364,0.15780282,1.00000000,-0.76166616,-0.04757687
2140,0.02562115,0.18240032,1.00000000,-0.71410227,0.12939620
2141,-0.00123314,-0.08824131,-1.00000000,-0.76305595,0.17550928
2142,-0.00020014,0.41473322,1.00000000,-0.26484315,0.11165402
2143,0.00791505,0.01611700,-1.00000000,-0.96485228,0.09624482
2144,0.01055635,0.03145052,-1.00000000,-0.99450250,0.23742510
2145,0.00000853,0.15190969,1.00000000,-0.77306161,0.04528910
2146,0.02128612,0.19111628,1.00000000,-0.69724834,0.21421993
2147,0.01761741,0.03454804,1.00000000,-1.00000231,0.34788033
2148,0.00527504,0.35038542,1.00000000,-0.38927166,0.32807600
2149,-0.00864404,0.29592830,1.00000000,-0.49457469,0.18404214
2150,0.01090371,0.11272229,1.00000000,-0.84883777,0.26577353
2151,-0.00953595,-0.09388779,-1.00000000,-0.75213743,0.03455824
2152,0.00419337,0.19627237,1.00000000,-0.68727808,-0.06614371
2153,-0.00839047,-0.10712711,-1.00000000,-0.72653674,-0.16865709
2154,0.00290670,0.09666637,1.00000000,-0.87988490,-0.08200791
2155,-0.01199417,-0.09012396,-1.00000000,-0.75941551,-0.25377892
2156,-0.00142592,0.07756749,1.00000000,-0.91681616,-0.19294058
2157,0.00990791,-0.14361601,-1.00000000,-0.65597863,-0.15007228
2158,0.01873044,0.01325552,-1.00000000,-0.95931907,0.05337834
2159,-0.00449205,0.18149115,1.00000000,-0.71586033,-0.00212422
2160,-0.01546717,0.31244979,1.00000000,-0.46262730,-0.02817734
2161,0.00629333,-0.03225706,-1.00000000,-0.87131197,0.02972949
2162,-0.00146360,-0.19516809,-1.00000000,-0.55629303,-0.05557519
2163,0.00380705,0.12783749,1.00000000,-0.81960971,-0.16752468
2164,-0.00368639,0.01269624,-1.00000000,-0.95823760,-0.16148096
2165,-0.01084384,0.09093202,1.00000000,-0.89097334,-0.12679851
2166,-0.00324195,-0.02029817,-1.00000000,-0.89443673,-0.19832850
2167,0.00230544,-0.12654091,-1.00000000,-0.68899652,-0.17005465
2168,0.01563981,-0.01370102,-1.00000000,-0.90719356,-0.08128989
2169,-0.00515831,0.06864256,1.00000000,-0.93407419,-0.09233165
2170,0.00586951,0.26657347,1.00000000,-0.55133775,0.03304547
2171,-0.00643137,-0.04214682,-1.00000000,-0.85218828,0.00911969
2172,-0.00209046,0.12154650,1.00000000,-0.83177451,-0.02385669
2173,-0.00195524,-0.06104367,-1.00000000,-0.81564768,-0.15584794
2174,0.00421003,0.00339123,-1.00000000,-0.94024461,-0.08557031
2175,0.00099381,0.00539848,-1.00000000,-0.94412601,-0.12214594
2176,0.01466975,0.09691361,1.00000000,-0.87940682,0.03614650
2177,0.00438232,0.04917323,1.00000000,-0.97172178,0.08470283
2178,0.00029041,0.25217425,1.00000000,-0.57918134,0.10154885
2179,0.01548638,0.09947107,1.00000000,-0.87446149,0.18613970
2180,0.00147341,0.03873221,1.00000000,-0.99191145,0.18973746
2181,-0.00481712,0.26429604,1.00000000,-0.55574159,0.04355447
2182,-0.02547479,0.05629221,1.00000000,-0.95795590,-0.18042204
2183,0.01304560,-0.03708234,-1.00000000,-0.86198139,-0.08473755
2184,-0.00428569,-0.34371789,-1.00000000,-0.26904420,-0.23305997
2185,-0.00464653,0.22806595,1.00000000,-0.62579924,-0.27896942
2186,-0.01076965,-0.02919392,-1.00000000,-0.87723513,-0.32362303
2187,0.00378006,-0.03455019,-1.00000000,-0.86687779,-0.10416441
2188,-0.00476302,-0.12543976,-1.00000000,-0.69112580,-0.23775779
2189,0.00675616,0.09053137,1.00000000,-0.89174808,-0.15492610
2190,-0.00919479,-0.03627923,-1.00000000,-0.86353437,-0.18904538
2191,0.00866842,0.13470759,1.00000000,-0.80632509,-0.04322842
2192,-0.02685980,-0.10206301,-1.00000000,-0.73632912,-0.27307688
2193,-0.01149716,0.16309258,1.00000000,-0.75143742,-0.32359384
2194,-0.00806819,-0.36427658,-1.00000000,-0.22929015,-0.43480038
2195,-0.00099482,-0.13623863,-1.00000000,-0.67024417,-0.37328740
2196,0.00657195,-0.08534008,-1.00000000,-0.76866603,-0.38901436
2197,-0.00448077,0.01965454,-1.00000000,-0.97169278,-0.22113544
2198,-0.00278058,0.13197318,1.00000000,-0.81161259,-0.15574701
2199,0.01447555,-0.03208961,-1.00000000,-0.87163578,0.01336738
2200,0.01421536,-0.00685260,-1.00000000,-0.92043626,0.12746835
2201,0.00616507,0.24929157,1.00000000,-0.58475554,0.12441611
2202,0.00446672,0.24542951,1.00000000,-0.59222355,0.19153668
2203,0.00467334,0.12593361,1.00000000,-0.82329123,0.24745314
2204,0.01105550,0.10072386,1.00000000,-0.87203900,0.22179728
2205,0.00841830,0.10379095,1.00000000,-0.86610820,0.17830998
2206,0.01138878,0.19852557,1.00000000,-0.68292109,0.21749623
2207,0.01144779,0.15937989,1.00000000,-0.75861658,0.26986558
2208,0.01433931,0.20347260,1.00000000,-0.67335509,0.34237596
2209,-0.00288846,0.20434863,1.00000000,-0.67166111,0.23777370
2210,-0.00533419,0.24726938,1.00000000,-0.58866581,0.13460778
2211,0.00543566,-0.00845400,-1.00000000,-0.91733964,0.08994979
2212,-0.00815872,-0.04475756,-1.00000000,-0.84713993,-0.05713073
2213,0.00419875,0.11510651,1.00000000,-0.84422744,-0.13320131
2214,-0.01008492,-0.08668394,-1.00000000,-0.76606742,-0.18718636
2215,-0.00563919,0.09674627,1.00000000,-0.87973041,-0.18947431
2216,0.00196814,-0.11527581,-1.00000000,-0.71077970,-0.21548631
2217,-0.00098844,-0.04928480,-1.00000000,-0.83838566,-0.16169762
2218,0.00397042,0.06363580,1.00000000,-0.94375569,-0.16341048
2219,-0.00986218,0.01974933,-1.00000000,-0.97187607,-0.16173954
2220,0.00479904,0.09335697,1.00000000,-0.88628426,-0.08343601
2221,-0.00443834,-0.11196946,-1.00000000,-0.71717315,-0.13149496
2222,0.00046610,0.10565671,1.00000000,-0.86250041,-0.12058355
2223,0.01657097,-0.03145987,-1.00000000,-0.87285350,-0.02605911
2224,-0.01012120,0.04134006,1.00000000,-0.98686868,-0.02800221
2225,0.01068871,0.28039527,1.00000000,-0.52461071,0.01617986
2226,-0.00030244,-0.11581432,-1.00000000,-0.70973838,0.04720579
2227,-0.00374947,0.19308108,1.00000000,-0.69344903,0.01558219
2228,0.00100099,0.02993205,-1.00000000,-0.99156625,-0.10121774
2229,0.00421584,-0.02123448,-1.00000000,-0.89262620,0.00633323
2230,-0.00003349,0.04927980,1.00000000,-0.97151571,-0.07410062
2231,-0.00005982,0.09699995,1.00000000,-0.87923987,-0.07228054
2232,-0.00094181,0.03392424,-1.00000000,-0.99928590,-0.05121859
2233,-0.01072585,0.03353350,-1.00000000,-0.99853033,-0.13918881
2234,-0.00056871,0.02044144,-1.00000000,-0.97321438,-0.17508066
2235,-0.01692496,-0.12478949,-1.00000000,-0.69238322,-0.30179396
2236,-0.00388040,0.02597968,-1.00000000,-0.98392361,-0.33045448
2237,-0.00556277,-0.21680710,-1.00000000,-0.51444996,-0.36511915
2238,0.00299547,-0.02317794,-1.00000000,-0.88886816,-0.26218713
2239,-0.00539558,-0.04815056,-1.00000000,-0.84057892,-0.29839648
2240,-0.00602347,0.07888514,1.00000000,-0.91426823,-0.21661765
2241,0.00103942,-0.04566883,-1.00000000,-0.84537781,-0.17971110
2242,-0.00197305,-0.05498892,-1.00000000,-0.82735568,-0.15278240
2243,0.00088624,0.04985016,1.00000000,-0.97041281,-0.16860507
2244,0.00314108,0.00513404,-1.00000000,-0.94361467,-0.10456630
2245,-0.00487724,0.04757637,1.00000000,-0.97480961,-0.09596780
2246,-0.00002127,0.08104656,1.00000000,-0.91008873,-0.10392471
2247,0.00334403,-0.03797481,-1.00000000,-0.86025564,-0.06403800
2248,0.00213558,0.03410559,-1.00000000,-0.99963658,-0.05466593
2249,-0.00280975,0.08405906,1.00000000,-0.90426351,-0.09930675
2250,0.00179090,0.06612117,1.00000000,-0.93894977,-0.04928486
2251,-0.00120468,-0.00728556,-1.00000000,-0.91959905,-0.05816228
2252,0.00322066,0.06100498,1.00000000,-0.94884288,-0.05908773
2253,-0.00496932,0.01653958,-1.00000000,-0.96566941,-0.11238590
2254,-0.00230750,0.08222784,1.00000000,-0.90780450,-0.10861821
2255,-0.00552838,-0.03934151,-1.00000000,-0.85761287,-0.16352469
2256,-0.00397209,0.00016969,-1.00000000,-0.93401516,-0.18428476
2257,0.02356960,-0.04764009,-1.00000000,-0.84156602,-0.03163491
2258,-0.00797207,-0.02453898,-1.00000000,-0.88623632,-0.05416039
2259,0.00298187,0.38428061,1.00000000,-0.32372899,-0.01448161
2260,0.00174877,-0.08391335,-1.00000000,-0.77142489,0.04010877
2261,-0.01112249,0.07868327,1.00000000,-0.91465859,-0.01353080
2262,0.01232599,0.06037951,1.00000000,-0.95005234,-0.09787599
2263,-0.00711342,-0.13067718,-1.00000000,-0.68099826,-0.09143476
2264,0.00104446,0.21738429,1.00000000,-0.64645423,-0.10596845
2265,-0.00028119,-0.07116790,-1.00000000,-0.79607059,-0.12119642
2266,0.01621663,0.04992503,1.00000000,-0.97026803,0.08389116
2267,-0.00263313,0.03024748,-1.00000000,-0.99217619,-0.02832637
2268,-0.00568036,0.27513568,1.00000000,-0.53478112,-0.01757610
2269,0.00444982,-0.00466387,-1.00000000,-0.92466858,0.00796955
2270,-0.00887513,-0.04989602,-1.00000000,-0.83720375,-0.05649884
2271,-0.00449163,0.10047297,1.00000000,-0.87252413,-0.21184427
2272,-0.00331741,-0.09731805,-1.00000000,-0.74550439,-0.21697753
2273,0.00338327,-0.03225090,-1.00000000,-0.87132388,-0.14898567
2274,0.00626727,-0.01482121,-1.00000000,-0.90502746,-0.13535185
2275,-0.00397256,0.08464149,1.00000000,-0.90313727,-0.09857465
2276,-0.01595829,0.12745062,1.00000000,-0.82035781,-0.18459311
2277,-0.00672448,-0.02454591,-1.00000000,-0.88622293,-0.21015158
2278,0.00764942,-0.20245819,-1.00000000,-0.54219626,-0.17814856
2279,-0.03584536,-0.06539450,-1.00000000,-0.80723454,-0.49406126
2280,-0.00544484,0.14796682,1.00000000,-0.78068590,-0.50510574
2281,0.01529599,-0.49765519,-1.00000000,0.02862235,-0.27064819
2282,-0.00289792,-0.04639996,-1.00000000,-0.84396404,-0.24194283
2283,0.00141966,0.26146990,1.00000000,-0.56120645,-0.28867605
2284,0.01367117,-0.00859436,-1.00000000,-0.91706823,0.08277785
2285,0.00168452,0.05549442,1.00000000,-0.95949858,0.13625951
2286,0.00105611,0.23735164,1.00000000,-0.60784363,0.02943743
2287,-0.00352287,0.05942578,1.00000000,-0.95189655,0.02474927
2288,-0.00553320,0.05009790,1.00000000,-0.96993376,-0.02740846
2289,0.01606259,-0.01787097,-1.00000000,-0.89913017,-0.00946890
2290,-0.01053411,-0.04771162,-1.00000000,-0.84142770,-0.10112831
2291,0.00750255,0.27284916,1.00000000,-0.53920253,-0.05276961
2292,0.01271420,-0.12194340,-1.00000000,-0.69788666,0.06903463
2293,-0.00350752,0.14578669,1.00000000,-0.78490158,0.08423050
2294,-0.00471251,0.22314668,1.00000000,-0.63531156,-0.07161633
2295,0.00793594,-0.01764309,-1.00000000,-0.89957082,0.06693883
2296,0.00793058,-0.03552957,-1.00000000,-0.86498396,0.07014978
2297,-0.00123791,0.15221978,1.00000000,-0.77246200,-0.03451358
2298,-0.00876527,0.15214030,1.00000000,-0.77261570,-0.07395522
2299,-0.00306856,0.01604619,-1.00000000,-0.96471535,-0.06162290
2300,-0.00674683,-0.09568742,-1.00000000,-0.74865752,-0.17176737
2301,-0.00165604,-0.01112726,-1.00000000,-0.91217040,-0.24368250
2302,0.00780337,-0.06572632,-1.00000000,-0.80659290,-0.17585829
2303,0.01766274,0.00983968,-1.00000000,-0.95271391,0.02239447
2304,0.01543020,0.15025196,1.00000000,-0.77626714,0.16116504
2305,0.00740048,0.29660119,1.00000000,-0.49327353,0.26729274
2306,-0.02526540,0.26346216,1.00000000,-0.55735406,0.09018444
2307,0.00373438,0.14427169,1.00000000,-0.78783111,0.05966044
2308,0.00173300,-0.34060974,-1.00000000,-0.27505439,-0.05983835
2309,0.01695636,0.08985322,1.00000000,-0.89305941,-0.04838969
2310,-0.01340814,0.06014541,1.00000000,-0.95050501,-0.20448798
2311,-0.00014356,0.28611596,1.00000000,-0.51354869,-0.01603368
2312,0.00982608,-0.16460462,-1.00000000,-0.61539321,0.02966395
2313,0.01271993,0.03229036,-1.00000000,-0.99612649,0.11208365
2314,-0.01078947,0.18027648,1.00000000,-0.71820913,-0.09605488
2315,-0.00946776,0.22323172,1.00000000,-0.63514713,-0.06649568
2316,-0.00007949,-0.12573392,-1.00000000,-0.69055698,-0.06601501
2317,-0.00778119,-0.10611494,-1.00000000,-0.72849395,-0.19809795
2318,0.00584913,0.03324147,-1.00000000,-0.99796564,-0.24964003
2319,0.00183941,-0.08107995,-1.00000000,-0.77690379,-0.15490305
2320,-0.00420493,0.12124388,1.00000000,-0.83235970,-0.11542329
2321,0.01563894,0.06172495,1.00000000,-0.94745069,0.00249029
2322,-0.00047754,-0.02799518,-1.00000000,-0.87955312,0.05727941
2323,0.00847552,0.26656058,1.00000000,-0.55136268,0.07698159
2324,-0.00187525,0.02733289,-1.00000000,-0.98654030,0.04911567
2325,-0.00299996,0.16022917,1.00000000,-0.75697434,0.05815492
2326,0.00967230,0.00658582,-1.00000000,-0.94642196,0.01339551
2327,-0.00234548,-0.01010895,-1.00000000,-0.91413949,-0.00061700
2328,0.00963539,0.17799380,1.00000000,-0.72262312,0.00808389
2329,-0.02435793,-0.00039407,-1.00000000,-0.93292503,-0.16057252
2330,-0.00051955,0.17744589,1.00000000,-0.72368260,-0.14196548
2331,0.00631734,-0.32713960,-1.00000000,-0.30110143,-0.16713310
2332,-0.00222879,0.02670935,-1.00000000,-0.98533456,-0.16625776
2333,-0.00037129,0.12819387,1.00000000,-0.81892059,-0.24132398
2334,0.00604905,0.00133800,-1.00000000,-0.93627431,-0.01322251
2335,0.00499793,0.02891013,-1.00000000,-0.98959019,0.02816752
2336,0.00413262,0.12421152,1.00000000,-0.82662121,0.01177856
2337,0.02741107,0.10860903,1.00000000,-0.85679154,0.23412537
2338,0.01159987,0.09576455,1.00000000,-0.88162875,0.32392836
2339,-0.01711536,0.44130221,1.00000000,-0.21346704,0.15015788
2340,-0.00649379,0.20660597,1.00000000,-0.66729612,0.06395141
2341,-0.00333773,-0.21963327,-1.00000000,-0.50898504,0.00791179
2342,-0.00158644,-0.06197026,-1.00000000,-0.81385594,-0.20961636
2343,0.00314517,-0.01512271,-1.00000000,-0.90444445,-0.27304028
2344,0.00876604,0.01087283,-1.00000000,-0.95471169,-0.07888803
2345,0.00287060,0.08110719,1.00000000,-0.90997150,-0.00863999
2346,-0.00095456,0.16454154,1.00000000,-0.74863558,0.00923763
2347,0.00843578,0.07703160,1.00000000,-0.91785241,0.08442041
2348,0.01956946,0.02025227,-1.00000000,-0.97284859,0.20762913
2349,-0.00561278,0.15963923,1.00000000,-0.75811510,0.09976477
2350,0.00597374,0.32490392,1.00000000,-0.43854491,0.12304331
2351,0.01296614,-0.04889287,-1.00000000,-0.83914353,0.22747100
2352,-0.00583861,0.12309354,1.00000000,-0.82878304,0.12039006
2353,-0.00265072,0.22688642,1.00000000,-0.62808008,-0.04629717
2354,0.00170033,-0.05224499,-1.00000000,-0.83266157,0.00856294
2355,0.00396396,-0.00492503,-1.00000000,-0.92416358,-0.00651365
2356,0.00729587,0.05966045,1.00000000,-0.95144278,-0.04904980
2357,-0.00107882,0.09326105,1.00000000,-0.88646973,-0.01334370
2358,-0.01062427,0.14271889,1.00000000,-0.79083375,-0.07315818
2359,-0.00817204,0.01840772,-1.00000000,-0.96928182,-0.14721685
2360,-0.01265009,-0.12328172,-1.00000000,-0.69529878,-0.27184901
2361,0.01450195,-0.08688163,-1.00000000,-0.76568515,-0.21779177
2362,-0.00500161,-0.15335229,-1.00000000,-0.63715170,-0.24721905
2363,-0.00051337,0.24968355,1.00000000,-0.58399756,-0.17137097
2364,0.00025037,-0.03982091,-1.00000000,-0.85668586,-0.10818934
2365,-0.00240204,0.02680113,-1.00000000,-0.98551203,-0.03131245
2366,0.00381238,0.03813773,1.00000000,-0.99306098,-0.11150152
2367,0.00341068,-0.00123372,-1.00000000,-0.93130142,-0.04839576
2368,0.00614849,0.09101106,1.00000000,-0.89082050,0.00157889
2369,-0.00262071,0.08504832,1.00000000,-0.90235057,-0.01995884
2370,-0.00487537,0.12568745,1.00000000,-0.82376722,-0.03851279
2371,-0.00267661,-0.00447963,-1.00000000,-0.92502484,-0.08719068
2372,0.00149847,-0.03794696,-1.00000000,-0.86030949,-0.10153532
2373,0.00070788,-0.00530931,-1.00000000,-0.92342049,-0.14234864
2374,-0.00678384,0.05666416,1.00000000,-0.95723667,-0.17357876
2375,-0.00293379,0.04492894,1.00000000,-0.97992891,-0.15901380
2376,0.00124008,-0.06627560,-1.00000000,-0.80553077,-0.12963234
2377,-0.00890340,-0.00912683,-1.00000000,-0.91603860,-0.20766318
2378,-0.00062384,0.05282865,1.00000000,-0.96465334,-0.21765322
2379,-0.00209939,-0.09773778,-1.00000000,-0.74469277,-0.18251234
2380,0.00252470,0.02516134,-1.00000000,-0.98234120,-0.14156486
2381,-0.00086695,0.00325869,-1.00000000,-0.93998833,-0.15737097
2382,-0.00354866,0.07189717,1.00000000,-0.92778079,-0.11720172
2383,-0.00061389,0.02155263,-1.00000000,-0.97536308,-0.11712712
2384,0.00158542,-0.01825370,-1.00000000,-0.89839009,-0.08948507
2385,-0.00343628,0.02530897,-1.00000000,-0.98262666,-0.13420205
2386,-0.00699438,0.05795484,1.00000000,-0.95474089,-0.18016761
2387,-0.00042077,-0.01658565,-1.00000000,-0.90161558,-0.15670344
2388,0.00590898,-0.06940079,-1.00000000,-0.79948764,-0.10777132
2389,-0.00325498,0.02817556,-1.00000000,-0.98816975,-0.14408216
2390,-0.00645980,0.12213238,1.00000000,-0.83064161,-0.16676340
2391,-0.00324536,-0.01389449,-1.00000000,-0.90681944,-0.13863970
2392,0.01025515,-0.06146569,-1.00000000,-0.81483162,-0.05855302
2393,0.00477745,-0.01375159,-1.00000000,-0.90709577,-0.06704133
2394,0.00251334,0.18664545,1.00000000,-0.70589352,-0.02376963
2395,-0.00076021,0.10533630,1.00000000,-0.86311998,0.01898649
2396,-0.00150076,0.07172851,1.00000000,-0.92810693,0.03207376
2397,-0.00355219,0.02313711,-1.00000000,-0.97842697,-0.07150362
2398,-0.00521667,0.01214457,-1.00000000,-0.95717084,-0.14647567
2399,0.00193254,-0.01830617,-1.00000000,-0.89828863,-0.15083257
2400,0.00921068,-0.04301311,-1.00000000,-0.85051315,-0.07603485
2401,-0.01136324,0.06310737,1.00000000,-0.94477751,-0.15001937
2402,-0.00318367,0.17114158,1.00000000,-0.73587317,-0.14725483
2403,-0.00413117,-0.13425078,-1.00000000,-0.67408805,-0.13911180
2404,-0.01028857,-0.01283590,-1.00000000,-0.90886643,-0.23078985
2405,0.01599183,-0.02690025,-1.00000000,-0.88167037,-0.17992021
2406,-0.01099461,-0.11829870,-1.00000000,-0.70493437,-0.17715485
2407,-0.00032911,0.27179884,1.00000000,-0.54123352,-0.15574110
2408,0.00116753,-0.12877889,-1.00000000,-0.68466898,-0.11599232
2409,-0.00818409,0.02953612,-1.00000000,-0.99080066,-0.10020536
2410,0.00762298,0.05175185,1.00000000,-0.96673554,-0.16298525
2411,0.00154385,-0.08706058,-1.00000000,-0.76533912,-0.06892662
2412,0.00929280,0.14757442,1.00000000,-0.78144467,0.00325330
2413,0.01555059,0.05733771,1.00000000,-0.95593423,0.11114944
2414,-0.00029447,0.17236065,1.00000000,-0.73351585,0.17033433
2415,-0.00407374,0.26524914,1.00000000,-0.55389859,0.08259004
2416,0.00356743,0.03005032,-1.00000000,-0.99179494,0.09777022
2417,0.00999392,-0.02604781,-1.00000000,-0.88331872,0.10302975
2418,-0.00676747,0.08737519,1.00000000,-0.89785114,-0.06439173
2419,-0.00156064,0.18276782,1.00000000,-0.71339164,-0.07388998
2420,0.00329202,-0.06603268,-1.00000000,-0.80600050,-0.01863489
2421,-0.00034143,0.01125584,-1.00000000,-0.95545230,-0.04795771
2422,-0.01200391,0.08328708,1.00000000,-0.90575627,-0.21297693
2423,0.00021505,0.02935326,-1.00000000,-0.99044706,-0.16059673
2424,-0.00584135,-0.14376059,-1.00000000,-0.65569904,-0.19270899
2425,-0.00629273,0.03761357,1.00000000,-0.99407453,-0.26461014
2426,-0.00624776,-0.05228565,-1.00000000,-0.83258295,-0.30891713
2427,-0.00053825,-0.05898585,-1.00000000,-0.81962687,-0.22290621
2428,0.00067096,-0.05831830,-1.00000000,-0.82091770,-0.21948618
2429,0.00218696,0.02643176,-1.00000000,-0.98479778,-0.15926094
2430,0.00608691,0.04438089,1.00000000,-0.98098867,-0.06639364
2431,-0.00266436,0.06688382,1.00000000,-0.93747504,-0.03951238
2432,-0.00268286,0.12477342,1.00000000,-0.82553467,-0.05560041
2433,-0.00284814,-0.00512755,-1.00000000,-0.92377196,-0.08199933
2434,-0.00293064,-0.00540210,-1.00000000,-0.92324107,-0.12038956
2435,-0.00599595,-0.00785544,-1.00000000,-0.91849708,-0.21103053
2436,0.00175558,-0.00908005,-1.00000000,-0.91612906,-0.17787378
2437,0.00919710,-0.05458056,-1.00000000,-0.82814532,-0.08875493
2438,0.00456537,0.06048070,1.00000000,-0.94985668,-0.03314166
2439,0.00627822,0.17094000,1.00000000,-0.73626296,0.03593963
2440,0.01065964,0.10218819,1.00000000,-0.86920744,0.16088346
2441,-0.01487933,0.12761314,1.00000000,-0.82004354,0.03609475
2442,0.00226187,0.19264949,1.00000000,-0.69428359,-0.01593060
2443,0.00113436,-0.18644241,-1.00000000,-0.57316576,-0.04166867
2444,0.01095013,0.06799590,1.00000000,-0.93532463,-0.00662180
2445,0.00480978,0.05125950,1.00000000,-0.96768759,-0.05050521
2446,0.00778408,0.19696143,1.00000000,-0.68594566,0.11950696
2447,0.00463414,0.10581609,1.00000000,-0.86219221,0.13730279
2448,-0.00105841,0.14996569,1.00000000,-0.77682070,0.12085347
2449,0.01627309,0.10320904,1.00000000,-0.86723343,0.16078431
2450,-0.00505685,0.01871073,-1.00000000,-0.96986774,0.08676868
2451,-0.01166837,0.27597377,1.00000000,-0.53316051,-0.05915611
2452,0.01117343,-0.04064083,-1.00000000,-0.85510040,-0.01010090
2453,0.01029174,-0.13878002,-1.00000000,-0.66532991,0.07504353
2454,-0.00547757,0.20027604,1.00000000,-0.67953623,-0.08812160
2455,-0.00361634,0.18718853,1.00000000,-0.70484337,-0.07731546
2456,0.00293010,-0.04688589,-1.00000000,-0.84302440,0.03219667
2457,-0.00583066,-0.01925840,-1.00000000,-0.89644732,-0.09536146
2458,-0.01636073,0.07791486,1.00000000,-0.91614446,-0.29529804
2459,-0.00342401,-0.05212700,-1.00000000,-0.83288974,-0.27989303
2460,0.00094907,-0.20843189,-1.00000000,-0.53064500,-0.24564506
2461,0.00994374,-0.01640354,-1.00000000,-0.90196772,-0.19303144
2462,-0.00722704,0.04850908,1.00000000,-0.97300604,-0.20350653
2463,0.01714101,0.18202297,1.00000000,-0.71483195,0.04781067
2464,-0.00616016,-0.07285436,-1.00000000,-0.79280951,0.02728518
2465,0.00741972,0.28885688,1.00000000,-0.50824861,0.07582546
2466,0.00322037,-0.05701794,-1.00000000,-0.82343219,0.02538931
2467,0.01253413,0.14455718,1.00000000,-0.78727907,0.17362997
2468,-0.00584352,0.08222346,1.00000000,-0.90781298,0.00120883
2469,-0.00598630,0.22047383,1.00000000,-0.64048003,0.00251303
2470,0.00917469,-0.05231794,-1.00000000,-0.83252052,0.01567817
2471,0.01122159,-0.05443727,-1.00000000,-0.82842240,0.07570024
2472,-0.00002609,0.17060743,1.00000000,-0.73690604,-0.01852171
2473,0.01041044,0.20099090,1.00000000,-0.67815391,0.10340930
2474,-0.01640476,0.03403408,-1.00000000,-0.99949829,0.02525401
2475,0.00895757,0.18895056,1.00000000,-0.70143617,0.02362529
2476,-0.01053670,-0.20908545,-1.00000000,-0.52938121,-0.13959698
2477,-0.00089294,0.16738463,1.00000000,-0.74313793,-0.14609976
2478,-0.00378594,-0.12198182,-1.00000000,-0.69781238,-0.25259558
2479,0.00836641,0.02116682,-1.00000000,-0.97461705,-0.06677177
2480,-0.00118281,-0.02177587,-1.00000000,-0.89157933,-0.14284103
2481,0.00929629,0.15860960,1.00000000,-0.76010608,0.00593835
2482,-0.00286976,0.01686413,-1.00000000,-0.96629699,-0.00889095
2483,0.01761707,0.17241236,1.00000000,-0.73341588,0.15166619
2484,0.00477933,-0.00817635,-1.00000000,-0.91787654,0.12475728
2485,-0.00729521,0.29592329,1.00000000,-0.49458438,0.07890445
2486,0.01526152,0.10536415,1.00000000,-0.86306613,0.12365334
2487,0.00088441,-0.07386622,-1.00000000,-0.79085289,0.15181569
2488,0.00221486,0.26095830,1.00000000,-0.56219574,0.03627425
2489,-0.00274140,0.04754934,1.00000000,-0.97486188,-0.02014336
2490,-0.02482326,0.06729802,1.00000000,-0.93667410,-0.15163206
2491,-0.01128969,-0.00627104,-1.00000000,-0.92156081,-0.35080903
2492,0.00089585,-0.33404680,-1.00000000,-0.28774508,-0.35072324
2493,0.00173784,-0.13315907,-1.00000000,-0.67619906,-0.35430169
2494,-0.00966655,0.04771909,1.00000000,-0.97453363,-0.40625153
2495,0.00106523,0.06021724,1.00000000,-0.95036612,-0.21204607
2496,-0.00491181,-0.10906572,-1.00000000,-0.72278807,-0.16420163
2497,-0.00030588,0.05023329,1.00000000,-0.96967195,-0.17321659
2498,-0.00348326,-0.03848788,-1.00000000,-0.85926352,-0.21238327
2499,0.00873649,0.02988093,-1.00000000,-0.99146742,-0.07433074
2500,-0.00239019,-0.01728303,-1.00000000,-0.90026706,-0.10025196
2501,-0.00701202,0.16410290,1.00000000,-0.74948377,-0.11600695
2502,-0.00267616,-0.00105778,-1.00000000,-0.93164162,-0.13378785
2503,-0.00569559,-0.06966274,-1.00000000,-0.79898109,-0.15038387
2504,-0.00198224,-0.00530267,-1.00000000,-0.92343334,-0.23079164
2505,0.00180720,-0.05012206,-1.00000000,-0.83676665,-0.19930447
2506,0.00163974,0.00499766,-1.00000000,-0.94335094,-0.13440225
2507,-0.00133256,0.06124683,1.00000000,-0.94837522,-0.12432305
2508,0.00626359,0.05876120,1.00000000,-0.95318165,-0.03460986
2509,0.00522318,0.01464133,-1.00000000,-0.96199879,0.01944240
2510,0.02869843,0.12739607,1.00000000,-0.82046328,0.22117003
2511,0.00709102,0.11195248,1.00000000,-0.85032636,0.26206341
2512,-0.00387152,0.46041126,1.00000000,-0.17651614,0.24301713
2513,-0.01446901,0.13967813,1.00000000,-0.79671362,0.08748912
2514,0.00634806,-0.02304610,-1.00000000,-0.88912309,0.09592758
2515,-0.01276827,-0.18035180,-1.00000000,-0.58494311,-0.21513960
2516,-0.00223139,0.12864991,1.00000000,-0.81803876,-0.28507270
2517,0.00703999,-0.15510657,-1.00000000,-0.63375947,-0.20321880
2518,0.00989500,0.00129944,-1.00000000,-0.93619975,-0.02044940
2519,-0.01534982,0.13892063,1.00000000,-0.79817839,-0.18321858
2520,-0.00533626,0.18129941,1.00000000,-0.71623110,-0.12746652
2521,-0.00438623,-0.19342627,-1.00000000,-0.55966117,-0.14363130
2522,-0.01064414,-0.04478832,-1.00000000,-0.84708044,-0.27629078
2523,0.00514854,-0.03068630,-1.00000000,-0.87434934,-0.31189687
2524,-0.00463375,-0.12357661,-1.00000000,-0.69472855,-0.23150899
2525,-0.01413084,0.11084459,1.00000000,-0.85246866,-0.29748248
2526,0.00284927,-0.03436039,-1.00000000,-0.86724479,-0.24320455
2527,-0.00418683,-0.17533202,-1.00000000,-0.59464978,-0.19476433
2528,-0.00635414,0.07671505,1.00000000,-0.91846451,-0.28105301
2529,-0.00773387,-0.02772652,-1.00000000,-0.88007263,-0.30430893
2530,-0.00034477,-0.05989737,-1.00000000,-0.81786428,-0.20089118
2531,0.00410432,-0.08037758,-1.00000000,-0.77826195,-0.19147634
2532,0.00096529,0.02930374,-1.00000000,-0.99035130,-0.15282710
2533,0.00421463,0.09534448,1.00000000,-0.88244103,-0.07354423
2534,0.00141362,0.04874989,1.00000000,-0.97254039,-0.00492329
2535,-0.00118305,0.09698198,1.00000000,-0.87927461,-0.01121175
2536,-0.00177462,0.05540471,1.00000000,-0.95967204,-0.05531326
2537,-0.00616601,0.01686056,-1.00000000,-0.96629009,-0.10880957
2538,-0.01095446,0.00807952,-1.00000000,-0.94931031,-0.22260225
2539,-0.00570945,-0.05710485,-1.00000000,-0.82326413,-0.27603677
2540,-0.00274116,-0.12818296,-1.00000000,-0.68582132,-0.28772513
2541,0.00615261,-0.05032775,-1.00000000,-0.83636893,-0.22825811
2542,-0.00411969,-0.00626755,-1.00000000,-0.92156756,-0.21290735
2543,0.00547676,0.12574867,1.00000000,-0.82364884,-0.08964664
2544,-0.01381561,-0.02672984,-1.00000000,-0.88199989,-0.15045596
2545,0.01866245,0.11571665,1.00000000,-0.84304762,0.01010570
2546,0.00684997,-0.17065294,-1.00000000,-0.60369767,0.01533703
2547,0.00518045,0.31144056,1.00000000,-0.46457884,0.08510303
2548,-0.00612075,0.13610006,1.00000000,-0.80363250,-0.00189706
2549,-0.01164179,0.11131821,1.00000000,-0.85155284,0.01441009
2550,-0.02550441,-0.05643302,-1.00000000,-0.82456324,-0.31691265
2551,0.00614517,-0.13838548,-1.00000000,-0.66609283,-0.32219977
2552,0.00092462,-0.34415756,-1.00000000,-0.26819403,-0.35412536
2553,-0.00149729,0.12563828,1.00000000,-0.82386231,-0.31944192
2554,0.00149428,0.04814611,1.00000000,-0.97370790,-0.22090015
2555,0.00181339,0.01219613,-1.00000000,-0.95727053,-0.01597253
2556,-0.00576910,0.05660203,1.00000000,-0.95735679,-0.10534878
2557,0.00794259,0.06133878,1.00000000,-0.94819741,-0.05270269
2558,-0.00067537,-0.05121316,-1.00000000,-0.83465681,-0.04653694
2559,0.00996821,0.15231849,1.00000000,-0.77227112,0.01703116
2560,-0.00297884,0.02439648,-1.00000000,-0.98086219,-0.01891830
2561,-0.00311584,0.18238613,1.00000000,-0.71412972,0.00098543
2562,0.01390990,-0.00979548,-1.00000000,-0.91474565,0.04574990
2563,0.01431587,-0.01182907,-1.00000000,-0.91081333,0.15820837
2564,0.00093849,0.24089527,1.00000000,-0.60099134,0.09047089
2565,-0.00121855,0.24692137,1.00000000,-0.58933877,0.10367588
2566,0.01494973,0.04835198,1.00000000,-0.97330983,0.23919683
2567,-0.00411490,0.01633364,-1.00000000,-0.96527119,0.10398171
2568,0.01014428,0.25633023,1.00000000,-0.57114497,0.07268808
2569,-0.00178119,-0.02665888,-1.00000000,-0.88213711,0.05228610
2570,0.00362806,0.18499975,1.00000000,-0.70907580,0.08864353
2571,0.00064251,0.00798197,-1.00000000,-0.94912168,-0.01868370
2572,0.00081841,0.08827516,1.00000000,-0.89611087,0.01832412
2573,-0.00446535,0.04395865,1.00000000,-0.98180514,-0.09127170
2574,0.00844032,0.04656960,1.00000000,-0.97675639,-0.01459387
2575,0.00098932,-0.03186075,-1.00000000,-0.87207832,-0.03438875
2576,-0.01738873,0.15970666,1.00000000,-0.75798472,-0.16965215
2577,-0.00338657,0.04910646,1.00000000,-0.97185089,-0.20119631
2578,-0.00648560,-0.22369105,-1.00000000,-0.50113855,-0.21635149
2579,0.00231087,-0.01584775,-1.00000000,-0.90304244,-0.26233225
2580,-0.01081089,-0.06184875,-1.00000000,-0.81409092,-0.35085288
2581,0.00140074,0.06872316,1.00000000,-0.93391834,-0.20990158
2582,-0.00544181,-0.12605192,-1.00000000,-0.68994208,-0.22531918
2583,-0.01220609,0.05521345,1.00000000,-0.96004189,-0.26823205
2584,-0.01680618,-0.04635501,-1.00000000,-0.84405095,-0.41164080
2585,0.00544364,-0.14676171,-1.00000000,-0.64989583,-0.28970553
2586,-0.00464554,-0.21504398,-1.00000000,-0.51785928,-0.33506236
2587,-0.00482083,0.11522499,1.00000000,-0.84399834,-0.33040402
2588,0.00254948,-0.03453545,-1.00000000,-0.86690629,-0.21971344
2589,-0.00421403,-0.03713742,-1.00000000,-0.86187489,-0.12525197
2590,-0.00899530,0.07226502,1.00000000,-0.92706947,-0.23356733
2591,-0.00057960,-0.02813027,-1.00000000,-0.87929191,-0.20306626
2592,0.00146715,-0.09910183,-1.00000000,-0.74205512,-0.15589626
2593,-0.00537552,0.02581793,-1.00000000,-0.98361083,-0.21534652
2594,0.01209432,0.05619926,1.00000000,-0.95813564,-0.09300760
2595,0.00754291,-0.04537096,-1.00000000,-0.84595379,0.03105567
2596,0.00639001,0.21394537,1.00000000,-0.65310403,0.08333903
2597,0.01463674,0.14638583,1.00000000,-0.78374304,0.18213226
2598,0.00438253,0.12927257,1.00000000,-0.81683472,0.25533334
2599,-0.00440757,0.25168434,1.00000000,-0.58012867,0.13154253
2600,-0.00179943,0.09947419,1.00000000,-0.87445547,0.06145993
2601,-0.00120539,-0.03100318,-1.00000000,-0.87373658,0.00448217
2602,0.00469358,0.00771132,-1.00000000,-0.94859831,-0.07010759
2603,0.00954713,0.01652901,-1.00000000,-0.96564896,-0.03136472
2604,0.00730205,0.10409136,1.00000000,-0.86552729,0.05647640
2605,0.01119116,0.17613585,1.00000000,-0.72621581,0.15392672
2606,-0.00673888,0.14281064,1.00000000,-0.79065634,0.11241658
2607,-0.01108663,0.20053916,1.00000000,-0.67902744,-0.00596045
2608,-0.00537937,-0.06560834,-1.00000000,-0.80682104,-0.11793331
2609,-0.01062053,-0.13014478,-1.00000000,-0.68202777,-0.25238164
2610,0.00835794,-0.04542815,-1.00000000,-0.84584321,-0.27363535
2611,-0.00688479,-0.12322626,-1.00000000,-0.69540601,-0.27472990
2612,0.00051990,0.15848382,1.00000000,-0.76034931,-0.18766220
2613,-0.00479654,-0.06777416,-1.00000000,-0.80263302,-0.18329004
2614,0.00021227,0.04213866,1.00000000,-0.98532443,-0.10202653
2615,-0.00293799,-0.03677683,-1.00000000,-0.86257217,-0.18676420
2616,0.00074900,0.03757226,1.00000000,-0.99415443,-0.12949841
2617,-0.01115591,-0.00918912,-1.00000000,-0.91591815,-0.21708587
2618,-0.00015232,0.04553936,1.00000000,-0.97874855,-0.18224671
2619,0.00669083,-0.13117325,-1.00000000,-0.68003902,-0.13364704
2620,-0.00422921,0.03216045,-1.00000000,-0.99587528,-0.14333326
2621,-0.00816860,0.13373786,1.00000000,-0.80820024,-0.21022968
2622,-0.00000105,-0.02835553,-1.00000000,-0.87885631,-0.12655022
2623,0.00601966,-0.08683056,-1.00000000,-0.76578392,-0.08025043
2624,0.00389529,0.03440576,-1.00000000,-1.00021702,-0.10122154
2625,-0.00871195,0.12377521,1.00000000,-0.82746490,-0.13484934
2626,0.00793673,0.09224171,1.00000000,-0.88844082,-0.01403338
2627,-0.00241194,-0.09489584,-1.00000000,-0.75018818,-0.03211894
2628,-0.01018426,0.15223155,1.00000000,-0.77243923,-0.15367451
2629,-0.00193815,-0.00138066,-1.00000000,-0.93101727,-0.19743470
2630,0.00041304,-0.11675041,-1.00000000,-0.70792829,-0.12898260
2631,-0.01047648,0.00565212,-1.00000000,-0.94461647,-0.26711143
2632,0.00734474,0.04055235,1.00000000,-0.98839186,-0.19392053
2633,0.00370665,-0.12108804,-1.00000000,-0.69954066,-0.08971627
2634,0.00133076,0.14344433,1.00000000,-0.78943098,-0.06519420
2635,-0.00164978,0.08944165,1.00000000,-0.89385526,-0.08066866
2636,0.00297825,0.05417467,1.00000000,-0.96205055,0.02026355
2637,0.00547615,0.00993257,-1.00000000,-0.95289352,0.00624606
2638,-0.00347117,0.07862952,1.00000000,-0.91476253,-0.04759914
2639,-0.00080747,0.11570750,1.00000000,-0.84306533,-0.06363929
2640,0.00452351,-0.01710343,-1.00000000,-0.90061436,-0.01732965
2641,0.00146395,0.02243554,-1.00000000,-0.97707035,-0.02868937
2642,0.00067195,0.10156683,1.00000000,-0.87040895,-0.06472858
2643,-0.00629532,0.05615170,1.00000000,-0.95822760,-0.08591427
2644,0.00854226,0.04439564,1.00000000,-0.98096013,-0.01577619
2645,0.00044489,-0.05902417,-1.00000000,-0.81955276,-0.04637238
2646,0.00014104,0.16121984,1.00000000,-0.75505870,-0.05629629
2647,-0.00189596,0.04102524,1.00000000,-0.98747745,-0.07555980
2648,0.00324595,0.03651498,1.00000000,-0.99619887,-0.00398491
2649,-0.00953217,0.00627837,-1.00000000,-0.94582743,-0.13957230
2650,0.00843039,0.08260317,1.00000000,-0.90707874,-0.07966816
2651,0.00562701,-0.10707093,-1.00000000,-0.72664537,-0.03851451
2652,0.00749171,0.15955933,1.00000000,-0.75826960,0.03190819
2653,-0.00174050,0.11794692,1.00000000,-0.83873499,-0.00549819
2654,-0.00042342,0.14562585,1.00000000,-0.78521260,0.06283213
2655,-0.00355290,0.00858606,-1.00000000,-0.95028979,-0.02706196
2656,-0.00951787,0.02813628,-1.00000000,-0.98809380,-0.14067307
2657,0.00145339,-0.01831674,-1.00000000,-0.89826819,-0.18597023
2658,0.00344059,-0.10685875,-1.00000000,-0.72705565,-0.14710375
2659,0.00878596,0.05599502,1.00000000,-0.95853058,-0.07801853
2660,-0.00398961,0.08549231,1.00000000,-0.90149204,-0.08129453
2661,0.00599728,0.16483724,1.00000000,-0.74806378,0.03509418
2662,-0.00007259,-0.02479905,-1.00000000,-0.88573343,0.02364683
2663,0.00348778,0.12344302,1.00000000,-0.82810725,0.02400085
2664,0.00335111,0.03334381,-1.00000000,-0.99816354,-0.01676931
2665,0.00102709,0.08619282,1.00000000,-0.90013747,0.02086404
2666,-0.01213372,0.08416411,1.00000000,-0.90406036,-0.11514775
2667,0.00615577,0.04966718,1.00000000,-0.97076662,-0.06842496
2668,-0.00311963,-0.14568754,-1.00000000,-0.65197293,-0.11799120
2669,0.00014390,0.12579559,1.00000000,-0.82355812,-0.14205040
2670,0.00174609,-0.01188538,-1.00000000,-0.91070444,-0.13665673
2671,-0.00596554,0.03655746,1.00000000,-0.99611672,-0.09038540
2672,-0.00350781,0.06033980,1.00000000,-0.95012913,-0.16287787
2673,-0.00730972,-0.05412908,-1.00000000,-0.82901834,-0.19431032
2674,0.00220247,-0.01764741,-1.00000000,-0.89956247,-0.17886776
2675,0.00373332,-0.07408169,-1.00000000,-0.79043624,-0.16396036
2676,0.00410631,0.06711411,1.00000000,-0.93702973,-0.08840527
2677,-0.00552198,0.08983751,1.00000000,-0.89308979,-0.10351477
2678,-0.00311217,0.09537401,1.00000000,-0.88238393,-0.07202631
2679,-0.00670975,-0.04754502,-1.00000000,-0.84174985,-0.13888236
2680,0.00205474,-0.01177456,-1.00000000,-0.91091873,-0.15147441
2681,-0.00470662,-0.06517593,-1.00000000,-0.80765719,-0.21758560
2682,-0.00412554,0.06492124,1.00000000,-0.94127005,-0.20711006
2683,0.00283937,-0.03544214,-1.00000000,-0.86515303,-0.16246397
2684,0.00828938,-0.02681676,-1.00000000,-0.88183182,-0.04994627
2685,-0.00149443,0.07656798,1.00000000,-0.91874890,-0.07657073
2686,0.00784035,0.15746617,1.00000000,-0.76231712,0.01755183
2687,-0.00268761,0.01223864,-1.00000000,-0.95735274,0.02833863
2688,-0.00351954,0.15080095,1.00000000,-0.77520557,-0.01936342
2689,-0.00379698,-0.00547260,-1.00000000,-0.92310475,-0.11003066
2690,-0.01476244,-0.01782149,-1.00000000,-0.89922586,-0.20956222
2691,0.00097940,-0.02193978,-1.00000000,-0.89126238,-0.26103042
2692,-0.00429701,-0.18470740,-1.00000000,-0.57652073,-0.27310355
2693,0.00520226,0.04895930,1.00000000,-0.97213545,-0.20767595
2694,0.00433573,-0.02936206,-1.00000000,-0.87691000,-0.14666743
2695,-0.00810936,0.11164205,1.00000000,-0.85092664,-0.09675855
2696,0.00046793,0.09877958,1.00000000,-0.87579862,-0.10059544
2697,0.00279825,-0.08595122,-1.00000000,-0.76748428,-0.04736947
2698,0.00008259,0.04136713,1.00000000,-0.98681634,-0.08577532
2699,-0.00355804,0.07595774,1.00000000,-0.91992892,-0.14499134
2700,-0.00253449,0.03564726,1.00000000,-0.99787677,-0.10317081
2701,0.00092488,-0.01839291,-1.00000000,-0.89812091,-0.09974289
2702,0.00431528,-0.00319970,-1.00000000,-0.92749983,-0.08836278
2703,-0.00479964,0.04815005,1.00000000,-0.97370028,-0.12498739
2704,0.00715830,0.09847589,1.00000000,-0.87638587,-0.04459757
2705,0.00527403,-0.03682292,-1.00000000,-0.86248303,0.01397890
2706,0.00234154,0.14067681,1.00000000,-0.79478250,0.02460609
2707,0.00226139,0.11270728,1.00000000,-0.84886681,0.00919863
2708,0.00282364,0.06917839,1.00000000,-0.93303806,0.06638559
2709,-0.00373652,0.06798870,1.00000000,-0.93533854,-0.01534316
2710,0.00291773,0.07633459,1.00000000,-0.91920020,-0.03301922
2711,-0.00095721,-0.02104229,-1.00000000,-0.89299783,-0.05776516
2712,-0.00697889,0.07773115,1.00000000,-0.91649969,-0.12708221
2713,-0.00029744,0.02021287,-1.00000000,-0.97277240,-0.15049539
2714,-0.00103461,-0.06917099,-1.00000000,-0.79993198,-0.13022667
2715,0.00579749,0.03000624,-1.00000000,-0.99170971,-0.10862379
2716,0.01156309,0.01906402,-1.00000000,-0.97055088,-0.01470134
2717,0.00104555,0.12047741,1.00000000,-0.83384180,0.04549493
2718,-0.00456037,0.20605999,1.00000000,-0.66835188,0.01351612
2719,-0.00851677,0.04994117,1.00000000,-0.97023683,-0.04261215
2720,-0.00797748,-0.03327119,-1.00000000,-0.86935098,-0.14594668
2721,-0.00503359,-0.09199866,-1.00000000,-0.75579043,-0.27044854
2722,0.00809268,-0.08399368,-1.00000000,-0.77126956,-0.21758365
2723,0.00335025,-0.04029552,-1.00000000,-0.85576812,-0.15824124
2724,0.00383243,0.15454648,1.00000000,-0.76796288,-0.06560229
2725,0.01303383,0.08415140,1.00000000,-0.90408494,0.09201646
2726,-0.00663441,0.09130876,1.00000000,-0.89024485,0.08000769
2727,0.00479630,0.22789122,1.00000000,-0.62613713,0.05527951
2728,-0.01075667,-0.06405763,-1.00000000,-0.80981963,-0.05054520
2729,0.00196725,0.10561610,1.00000000,-0.86257893,-0.06453711
2730,0.00240082,-0.12524709,-1.00000000,-0.69149837,-0.14430185
2731,0.01844779,0.06362256,1.00000000,-0.94378129,0.04385518
2732,-0.00820474,0.07005837,1.00000000,-0.93133646,-0.05367363
2733,0.00496359,0.30825425,1.00000000,-0.47074017,0.06425370
2734,-0.00192369,-0.08736704,-1.00000000,-0.76474652,0.03506538
2735,-0.00044272,0.10809920,1.00000000,-0.85777739,0.01373425
2736,0.01307360,0.00586678,-1.00000000,-0.94503156,-0.02658088
2737,-0.03237952,0.02784983,-1.00000000,-0.98753989,-0.20793073
2738,-0.01466829,0.22848150,1.00000000,-0.62499569,-0.35520147
2739,-0.00323844,-0.44620935,-1.00000000,-0.07085779,-0.36506423
2740,0.01482063,-0.18330978,-1.00000000,-0.57922330,-0.25056445
2741,-0.00435736,-0.01364894,-1.00000000,-0.90729426,-0.38132473
2742,-0.02557520,0.25441393,1.00000000,-0.57485049,-0.33028138
2743,0.00942026,-0.03025774,-1.00000000,-0.87517803,-0.14957838
2744,-0.00351355,-0.34520837,-1.00000000,-0.26616209,-0.15164212
2745,-0.00557604,0.17425260,1.00000000,-0.72985742,-0.30465012
2746,0.01374108,-0.01773252,-1.00000000,-0.89939790,-0.16888262
2747,-0.02588319,-0.04834753,-1.00000000,-0.84019806,-0.17119304
2748,0.01005176,0.23838943,1.00000000,-0.60583686,-0.16645581
2749,0.01252110,-0.34978007,-1.00000000,-0.25732185,-0.04617007
2750,-0.00527478,0.18362630,1.00000000,-0.71173161,-0.04391011
2751,0.01968957,0.22028044,1.00000000,-0.64085399,0.00071318
2752,-0.00883330,-0.04387568,-1.00000000,-0.84884521,0.12861486
2753,0.00735180,0.32668685,1.00000000,-0.43509729,0.10836082
2754,0.00547314,-0.09669722,-1.00000000,-0.74670487,0.05548977
2755,-0.00129794,0.14354903,1.00000000,-0.78922852,0.08532251
2756,0.01989039,0.11566292,1.00000000,-0.84315152,0.08682892
2757,0.00841257,0.01515526,-1.00000000,-0.96299256,0.21620078
2758,0.01319640,0.32966763,1.00000000,-0.42933339,0.26004474
2759,0.02023207,0.15929470,1.00000000,-0.75878132,0.37076048
2760,0.00905092,0.23030436,1.00000000,-0.62147086,0.44839361
2761,-0.01462538,0.33473943,1.00000000,-0.41952612,0.18946963
2762,-0.01651936,0.16877024,1.00000000,-0.74045859,0.00243996
2763,-0.00566218,-0.18267292,-1.00000000,-0.58045478,-0.13902983
2764,0.00568080,-0.21078643,-1.00000000,-0.52609206,-0.24818783
2765,0.01067562,-0.04962612,-1.00000000,-0.83772566,-0.23599997
2766,0.00101299,0.11874526,1.00000000,-0.83719124,-0.11868689
2767,0.00541314,0.19288674,1.00000000,-0.69382483,0.04584223
2768,-0.00691221,0.04945792,1.00000000,-0.97117127,0.03646496
2769,0.00551334,0.11477223,1.00000000,-0.84487385,0.03520873
2770,0.00201541,-0.06818120,-1.00000000,-0.80184593,-0.02975686
2771,-0.00352467,0.11625952,1.00000000,-0.84199789,-0.06379667
2772,0.00640781,0.06433741,1.00000000,-0.94239901,-0.05633501
2773,-0.01252658,-0.01789766,-1.00000000,-0.89907856,-0.09845181
2774,0.00459274,0.12953684,1.00000000,-0.81632371,-0.10535777
2775,0.00354000,-0.15151896,-1.00000000,-0.64069679,-0.09392088
2776,-0.00577927,0.10259449,1.00000000,-0.86842177,-0.11083400
2777,-0.01434286,0.08696792,1.00000000,-0.89863867,-0.26649759
2778,-0.00342610,-0.05136416,-1.00000000,-0.83436483,-0.19822929
2779,-0.00232178,-0.17847931,-1.00000000,-0.58856392,-0.25009936
2780,-0.00907468,-0.01643446,-1.00000000,-0.90190794,-0.34472983
2781,-0.00355848,-0.00004235,-1.00000000,-0.93360515,-0.32807030
2782,-0.00440625,-0.10028020,-1.00000000,-0.73977652,-0.25352966
2783,-0.00477961,-0.01839945,-1.00000000,-0.89810827,-0.26368316
2784,-0.00438390,-0.03098355,-1.00000000,-0.87377456,-0.27915237
2785,0.00217394,-0.03652548,-1.00000000,-0.86305819,-0.19476952
2786,0.00131925,-0.03065174,-1.00000000,-0.87441617,-0.15817868
2787,0.00247447,0.06669065,1.00000000,-0.93784857,-0.10656214
2788,0.00523803,0.05400394,1.00000000,-0.96238070,-0.03141371
2789,-0.01725380,0.07115162,1.00000000,-0.92922244,-0.12795875
2790,0.00661209,0.11217294,1.00000000,-0.84990005,-0.09466546
2791,0.00160300,-0.22168827,-1.00000000,-0.50501130,-0.09253687
2792,-0.01048784,0.13256906,1.00000000,-0.81046033,-0.18977515
2793,0.00974369,0.05821584,1.00000000,-0.95423620,-0.15597546
2794,0.00379026,-0.12125663,-1.00000000,-0.69921466,0.00188897
2795,0.01076048,0.17905340,1.00000000,-0.72057417,0.03300856
2796,0.00570083,0.09068273,1.00000000,-0.89145539,0.06374890
2797,0.00032069,0.19414633,1.00000000,-0.69138917,0.14483034
2798,-0.00006906,0.11904266,1.00000000,-0.83661617,0.07121892
2799,0.01094651,0.03918161,1.00000000,-0.99104245,0.12490233
2800,0.01420028,0.03339631,-1.00000000,-0.99826504,0.15070642
2801,-0.00131189,0.19690769,1.00000000,-0.68604958,0.09809968
2802,-0.00145729,0.24520564,1.00000000,-0.59265644,0.08476194
2803,-0.00344367,0.01494814,-1.00000000,-0.96259207,0.05944690
2804,-0.00652269,0.01278982,-1.00000000,-0.95841856,-0.07160027
2805,-0.00113306,-0.01669530,-1.00000000,-0.90140354,-0.18662506
2806,-0.00428223,-0.06239923,-1.00000000,-0.81302645,-0.20890739
2807,-0.01106745,0.01760269,-1.00000000,-0.96772513,-0.28099906
2808,0.01417720,-0.02914256,-1.00000000,-0.87733445,-0.14881411
2809,-0.00661285,-0.12986009,-1.00000000,-0.68257826,-0.14949046
2810,0.00462921,0.24486297,1.00000000,-0.59331907,-0.10626414
2811,-0.00340810,-0.06373756,-1.00000000,-0.81043855,-0.09970681
2812,-0.00654381,0.10313589,1.00000000,-0.86737488,-0.06577221
2813,0.00725936,-0.01616737,-1.00000000,-0.90242440,-0.11766716
2814,0.01420883,-0.06271268,-1.00000000,-0.81242033,0.03852907
2815,0.00909440,0.14217688,1.00000000,-0.79188183,0.07202521
2816,-0.00302665,0.24533254,1.00000000,-0.59241106,0.07488671
2817,-0.00582714,0.16941569,1.00000000,-0.73921049,0.08026282
2818,0.00009114,-0.01050523,-1.00000000,-0.91337321,0.02648959
2819,-0.00532574,-0.05207481,-1.00000000,-0.83299066,-0.12005127
2820,-0.00582371,0.03577418,1.00000000,-0.99763134,-0.23196122
2821,0.00224346,-0.04463218,-1.00000000,-0.84738236,-0.19242690
2822,0.00900722,-0.05202385,-1.00000000,-0.83308920,-0.08114522
2823,-0.01125784,0.06772251,1.00000000,-0.93585328,-0.16628084
2824,0.00791552,0.16812154,1.00000000,-0.74171297,-0.06694997
2825,-0.00643550,-0.13268618,-1.00000000,-0.67711349,-0.07153936
2826,-0.00044182,0.15191675,1.00000000,-0.77304796,-0.09168327
2827,0.01062786,-0.06110501,-1.00000000,-0.81552907,-0.07952581
2828,0.00103486,0.02786316,-1.00000000,-0.98756567,0.01268922
2829,-0.00409171,0.19217786,1.00000000,-0.69519559,-0.07738436
2830,0.01144945,0.04978243,1.00000000,-0.97054377,0.05678166
2831,0.00754434,-0.02631452,-1.00000000,-0.88280299,0.11669074
2832,-0.02414188,0.20437327,1.00000000,-0.67161347,-0.14413850
2833,-0.00277356,0.14640704,1.00000000,-0.78370202,-0.17270776
2834,0.00332296,-0.32393268,-1.00000000,-0.30730262,-0.11708582
2835,-0.01224188,-0.00674842,-1.00000000,-0.92063770,-0.29480907
2836,-0.01137369,0.08374626,1.00000000,-0.90486836,-0.43672481
2837,0.00347416,-0.14729297,-1.00000000,-0.64886853,-0.22955988
2838,0.00396606,-0.13440585,-1.00000000,-0.67378819,-0.17900183
2839,0.00498753,0.08599071,1.00000000,-0.90052828,-0.16651484
2840,-0.00052717,0.09329227,1.00000000,-0.88640936,-0.07863561
2841,-0.00279122,0.10845464,1.00000000,-0.85709008,-0.01425323
2842,-0.00305660,0.02659627,-1.00000000,-0.98511591,-0.06324454
2843,-0.00398765,-0.00701055,-1.00000000,-0.92013083,-0.12291022
2844,0.01248869,-0.01094983,-1.00000000,-0.91251350,-0.06663942
2845,0.00952966,-0.02476997,-1.00000000,-0.88578967,0.00880306
2846,-0.00733060,0.21979934,1.00000000,-0.64178428,-0.02524962
2847,0.01226413,0.17587653,1.00000000,-0.72671726,0.08968060
2848,0.01104943,-0.07439159,-1.00000000,-0.78983699,0.20248297
2849,-0.00305079,0.21646600,1.00000000,-0.64822992,0.08591179
2850,-0.00438291,0.19843542,1.00000000,-0.68309541,-0.01845499
2851,-0.00998736,-0.01086350,-1.00000000,-0.91268043,-0.03838495
2852,-0.00297353,-0.03063712,-1.00000000,-0.87444444,-0.15269200
2853,-0.00409432,-0.11382759,-1.00000000,-0.71358010,-0.26629452
2854,-0.00158392,-0.00971673,-1.00000000,-0.91489792,-0.25529068
2855,0.01686797,-0.02635326,-1.00000000,-0.88272808,-0.09587471
2856,0.00517935,0.01091013,-1.00000000,-0.95478382,0.01790004
2857,0.00445330,0.28480397,1.00000000,-0.51608568,0.07361326
2858,0.00233714,0.11130188,1.00000000,-0.85158441,0.12185954
2859,0.00595722,0.10052467,1.00000000,-0.87242416,0.17843032
2860,0.00937811,0.06911308,1.00000000,-0.93316435,0.12224428
2861,-0.01018583,0.12284841,1.00000000,-0.82925704,0.00698063
2862,0.00522548,0.17362698,1.00000000,-0.73106717,0.01277321
2863,-0.00165305,-0.11677370,-1.00000000,-0.70788325,-0.01715963
2864,-0.00329797,0.11198661,1.00000000,-0.85026036,-0.08658849
2865,-0.00861858,0.00988408,-1.00000000,-0.95279976,-0.22159275
2866,0.00551851,-0.01453253,-1.00000000,-0.90558567,-0.10378485
2867,0.00884365,-0.09350994,-1.00000000,-0.75286808,-0.07664274
2868,0.00233369,0.11633628,1.00000000,-0.84184946,-0.04673579
2869,0.02063280,0.16569352,1.00000000,-0.74640801,0.13278362
2870,-0.00398090,0.06906183,1.00000000,-0.93326345,0.16757367
2871,0.01002132,0.34068785,1.00000000,-0.40802374,0.20135207
2872,0.00118231,-0.02466984,-1.00000000,-0.88598329,0.14387970
2873,-0.00689593,0.18317459,1.00000000,-0.71260509,0.07464265
2874,0.00732933,0.05197124,1.00000000,-0.96631130,-0.02515488
2875,-0.00279979,-0.06793957,-1.00000000,-0.80231318,-0.01629462
2876,-0.00184815,0.14321552,1.00000000,-0.78987342,-0.10533485
2877,0.00229172,-0.00713778,-1.00000000,-0.91988481,-0.09701251
2878,-0.00412938,0.00698806,-1.00000000,-0.94719976,-0.07625888
2879,0.00447524,0.06843889,1.00000000,-0.93446802,-0.09766916
2880,0.00148910,-0.02687374,-1.00000000,-0.88172163,-0.06549553
2881,-0.00738589,0.10085037,1.00000000,-0.87179436,-0.10703754
2882,-0.00031601,0.05652513,1.00000000,-0.95750551,-0.12659972
2883,-0.00124299,-0.07521234,-1.00000000,-0.78824991,-0.10494711
2884,-0.00152579,0.02973063,-1.00000000,-0.99117678,-0.14996450
2885,-0.01393389,0.01597092,-1.00000000,-0.96456980,-0.26566184
2886,0.02219371,0.01177313,-1.00000000,-0.95645258,-0.04376707
2887,-0.00221892,-0.17240863,-1.00000000,-0.60030270,-0.05804199
2888,0.00557152,0.36385742,1.00000000,-0.36322104,-0.00692223
2889,0.00060807,0.00148441,-1.00000000,-0.93655743,0.00908517
2890,-0.00312449,0.11712312,1.00000000,-0.84032796,0.09017312
2891,-0.00834552,0.04344742,1.00000000,-0.98279369,-0.13892038
2892,-0.00194278,-0.01195750,-1.00000000,-0.91056498,-0.13684889
2893,-0.00793593,-0.08945668,-1.00000000,-0.76070582,-0.23817651
2894,0.00455308,0.00558334,-1.00000000,-0.94448347,-0.20858258
2895,0.00200551,-0.08337685,-1.00000000,-0.77246231,-0.17009931
2896,-0.00322563,0.10200581,1.00000000,-0.86956009,-0.13169187
2897,0.00273147,0.06419049,1.00000000,-0.94268310,-0.09662739
2898,-0.01171128,-0.01345874,-1.00000000,-0.90766205,-0.12494866
2899,0.00100422,0.07496645,1.00000000,-0.92184576,-0.15157083
2900,0.00178846,-0.13941697,-1.00000000,-0.66409825,-0.15319905
2901,-0.00055425,0.04932774,1.00000000,-0.97142300,-0.13315941
2902,-0.00616420,0.06096867,1.00000000,-0.94891308,-0.19989131
2903,0.00506656,0.02619430,-1.00000000,-0.98433861,-0.07403038
2904,-0.00556582,-0.05707794,-1.00000000,-0.82331616,-0.12331629
2905,-0.00200208,0.10962778,1.00000000,-0.85482159,-0.15175148
2906,0.00306543,-0.04819576,-1.00000000,-0.84049152,-0.12459805
2907,-0.00024448,0.00470313,-1.00000000,-0.94278142,-0.08019060
2908,-0.00580539,0.07992358,1.00000000,-0.91226022,-0.16174778
2909,-0.00023590,0.03079239,-1.00000000,-0.99322988,-0.12176478
2910,0.01247096,-0.05175182,-1.00000000,-0.83361522,-0.01319361
2911,-0.00394420,0.03091979,-1.00000000,-0.99347623,-0.06577715
2912,0.01623109,0.21953612,1.00000000,-0.64229327,0.05781627
2913,0.00699876,-0.02412502,-1.00000000,-0.88703681,0.15386803
2914,0.00437168,0.27535034,1.00000000,-0.53436604,0.18843230
2915,-0.00445522,0.13830866,1.00000000,-0.79936175,0.06145864
2916,-0.00188436,0.09931311,1.00000000,-0.87476694,0.07691081
2917,0.00068624,-0.03171040,-1.00000000,-0.87236904,-0.03970070
2918,-0.00736779,0.00645064,-1.00000000,-0.94616056,-0.14747303
2919,-0.00252466,0.04460770,1.00000000,-0.98055009,-0.19920672
2920,-0.00871733,-0.07494364,-1.00000000,-0.78876949,-0.23117940
2921,0.00651769,-0.00305386,-1.00000000,-0.92778182,-0.16815050
2922,-0.00420252,-0.09497569,-1.00000000,-0.75003378,-0.20482412
2923,-0.00122737,0.13116779,1.00000000,-0.81316996,-0.15876102
2924,-0.00467739,-0.02795948,-1.00000000,-0.87962215,-0.17490998
2925,-0.00959536,0.01620277,-1.00000000,-0.96501813,-0.18149664
2926,-0.00497935,-0.03500829,-1.00000000,-0.86599196,-0.26774300
2927,-0.00739591,-0.10800891,-1.00000000,-0.72483160,-0.29169852
2928,0.00268046,-0.03949043,-1.00000000,-0.85732491,-0.26238354
2929,0.00210513,-0.07536097,-1.00000000,-0.78796250,-0.21150365
2930,0.00036880,0.07420918,1.00000000,-0.92331008,-0.13675635
2931,-0.00814692,0.06566925,1.00000000,-0.93982363,-0.16051824
2932,-0.00058431,0.03989578,1.00000000,-0.98966146,-0.10942029
2933,-0.00835448,-0.08650879,-1.00000000,-0.76640612,-0.19220013
2934,-0.00962923,0.02574805,-1.00000000,-0.98347571,-0.28022682
2935,-0.00055373,-0.08958973,-1.00000000,-0.76044853,-0.28714731
2936,-0.00135901,-0.10851176,-1.00000000,-0.72385925,-0.23622703
2937,-0.00227107,0.02620201,-1.00000000,-0.98435353,-0.24888046
2938,-0.00330769,0.01424867,-1.00000000,-0.96123951,-0.21102139
2939,-0.00043520,0.00071033,-1.00000000,-0.93506059,-0.14205125
2940,-0.00448713,-0.01467686,-1.00000000,-0.90530658,-0.17155812
2941,0.00587592,0.02796149,-1.00000000,-0.98775581,-0.11728443
2942,0.00323409,-0.03218410,-1.00000000,-0.87145307,-0.07598683
2943,-0.00075157,0.12164161,1.00000000,-0.83159061,-0.05681184
2944,-0.00122364,0.08242711,1.00000000,-0.90741918,-0.06272643
2945,0.02187831,0.02326527,-1.00000000,-0.97867479,0.13505698
2946,0.00627998,0.01625811,-1.00000000,-0.96512513,0.13808807
2947,0.00079546,0.35917579,1.00000000,-0.37227384,0.11979445
2948,0.00776732,0.12763932,1.00000000,-0.81999292,0.18369993
2949,-0.00588663,0.04622898,1.00000000,-0.97741503,0.14871996
2950,0.00913184,0.14971695,1.00000000,-0.77730169,0.05310086
2951,-0.00464175,-0.05295781,-1.00000000,-0.83128321,-0.02882974
2952,0.00256053,0.16997144,1.00000000,-0.73813584,-0.01558886
2953,0.00185860,-0.03447917,-1.00000000,-0.86701511,-0.05991380
2954,0.00398679,0.07242911,1.00000000,-0.92675218,0.01415282
2955,-0.00622146,0.06200987,1.00000000,-0.94689973,-0.10102177
2956,0.00328732,0.09360000,1.00000000,-0.88581432,-0.04154097
2957,0.00215220,-0.05792791,-1.00000000,-0.82167259,-0.04460412
2958,-0.00438042,0.08321724,1.00000000,-0.90589132,-0.09140688
2959,0.00370575,0.06636797,1.00000000,-0.93847254,-0.09351516
2960,-0.00848936,-0.03060014,-1.00000000,-0.87451594,-0.11052804
2961,-0.00228179,0.08942829,1.00000000,-0.89388108,-0.15230532
2962,-0.00550911,-0.09159180,-1.00000000,-0.75657716,-0.20977755
2963,0.00139752,0.00055128,-1.00000000,-0.93475305,-0.16643365
2964,0.01147495,-0.04735404,-1.00000000,-0.84211915,-0.10815207
2965,0.00806659,0.05516572,1.00000000,-0.96013418,0.01604429
2966,0.00402367,0.20475178,1.00000000,-0.67088156,0.06334544
2967,0.00307285,0.15415922,1.00000000,-0.76871172,0.12772404
2968,-0.00194762,0.09414746,1.00000000,-0.88475569,0.10263008
2969,0.00808088,0.08003382,1.00000000,-0.91204706,0.07716901
2970,0.00060520,0.00551155,-1.00000000,-0.94434465,0.02119648
2971,-0.00577762,0.15437120,1.00000000,-0.76830183,-0.05232903
2972,0.00364077,0.04340473,1.00000000,-0.98287625,-0.04806876
2973,0.00055177,-0.05133963,-1.00000000,-0.83441226,-0.02931926
2974,0.00645748,0.08846373,1.00000000,-0.89574626,-0.04149736
2975,0.00216973,0.04261174,1.00000000,-0.98440965,-0.02976082
2976,0.00212693,0.13027403,1.00000000,-0.81489822,0.02953606
2977,0.00287941,0.06662818,1.00000000,-0.93796936,0.02382463
2978,0.00135015,0.06599286,1.00000000,-0.93919788,0.02981375
2979,0.00088134,0.07716235,1.00000000,-0.91759958,-0.01201626
2980,0.00084927,0.05446259,1.00000000,-0.96149381,-0.02192187
2981,0.00324772,0.04750375,1.00000000,-0.97495004,-0.01351419
2982,0.00261950,0.04702765,1.00000000,-0.97587065,-0.01546394
2983,-0.00097779,0.08262940,1.00000000,-0.90702802,-0.03292730
2984,-0.00981223,0.07330431,1.00000000,-0.92505982,-0.11314634
2985,-0.00643359,0.01990732,-1.00000000,-0.97218157,-0.16777957
2986,0.00218964,-0.11122805,-1.00000000,-0.71860680,-0.17571688
2987,0.00381467,-0.06107674,-1.00000000,-0.81558374,-0.16675116
2988,0.00108596,0.06692361,1.00000000,-0.93739810,-0.15126964
2989,-0.00531142,0.09104505,1.00000000,-0.89075477,-0.11750635
2990,0.00378678,0.05054107,1.00000000,-0.96907681,-0.04083703
2991,-0.00163693,-0.04441963,-1.00000000,-0.84779337,-0.06954244
2992,0.00336370,0.09063112,1.00000000,-0.89155519,-0.07292545
2993,0.00195182,0.01012336,-1.00000000,-0.95326245,-0.06643010
2994,0.00641132,0.08435100,1.00000000,-0.90369898,0.02150940
2995,-0.00169242,0.06339360,1.00000000,-0.94422404,-0.01959348
2996,-0.00016951,0.12958885,1.00000000,-0.81622313,-0.00858550
2997,0.00912719,0.00929964,-1.00000000,-0.95166963,0.03464997
2998,-0.00238607,0.03190518,-1.00000000,-0.99538168,0.00210878
2999,0.00237232,0.16990230,1.00000000,-0.73826954,-0.02819022
3000,-0.00109187,-0.00099662,-1.00000000,-0.93175989,-0.02368508
3001,-0.00471930,0.06963532,1.00000000,-0.93215450,-0.05781582
3002,0.00541835,0.01821409,-1.00000000,-0.96890739,-0.08563809
3003,-0.00554319,-0.03563032,-1.00000000,-0.86478916,-0.10932163
3004,-0.01440544,0.11484956,1.00000000,-0.84472431,-0.23518190
3005,0.00306266,-0.04785995,-1.00000000,-0.84114088,-0.20401623
3006,0.00234393,-0.17940813,-1.00000000,-0.58676787,-0.15103061
3007,0.00749368,0.07988253,1.00000000,-0.91233961,-0.13546225
3008,-0.00551692,0.06921390,1.00000000,-0.93296939,-0.13526511
3009,-0.00821023,0.14565513,1.00000000,-0.78515598,-0.08879108
3010,0.01164831,-0.04746986,-1.00000000,-0.84189518,-0.02438488
3011,0.00140883,-0.08744857,-1.00000000,-0.76458886,-0.03139967
3012,0.00400829,0.20732498,1.00000000,-0.66590578,-0.05754572
3013,0.00076877,0.05533353,1.00000000,-0.95980969,-0.01039291
3014,0.00052887,0.09391917,1.00000000,-0.88519714,0.05516449
3015,-0.00442629,0.04583280,1.00000000,-0.97818113,-0.06542091
3016,-0.00123107,0.04227180,1.00000000,-0.98506699,-0.08522439
3017,0.00077114,-0.03128092,-1.00000000,-0.87319952,-0.10950830
3018,0.00200192,0.01614780,-1.00000000,-0.96491183,-0.10025772
3019,0.00435159,0.04586787,1.00000000,-0.97811332,-0.07158115
3020,0.00317917,0.06413720,1.00000000,-0.94278614,-0.01452796
3021,-0.00001992,0.09901497,1.00000000,-0.87534346,-0.00544240
3022,0.00944057,0.08161191,1.00000000,-0.90899552,0.05959238
3023,0.00693206,0.03412567,-1.00000000,-0.99967539,0.09657637
3024,0.00351608,0.17455412,1.00000000,-0.72927437,0.09030867
3025,-0.00284483,0.13731851,1.00000000,-0.80127638,0.04511899
3026,-0.00184984,0.08661288,1.00000000,-0.89932521,0.03139168
3027,0.00750163,-0.00780625,-1.00000000,-0.91859219,0.01684645
3028,0.01928303,0.00696303,-1.00000000,-0.94715137,0.10949873
3029,0.00038989,0.14577305,1.00000000,-0.78492795,0.08604728
3030,0.00139502,0.32065231,1.00000000,-0.44676619,0.11785297
3031,0.00857295,0.04020881,1.00000000,-0.98905617,0.19604070
3032,-0.00770067,0.05512861,1.00000000,-0.96020594,0.08199892
3033,0.00895010,0.16167540,1.00000000,-0.75417780,0.00448526
3034,0.00019379,-0.07988479,-1.00000000,-0.77921486,0.00301420
3035,0.00055020,0.16727374,1.00000000,-0.74335235,-0.00332331
3036,-0.00426931,0.03729798,1.00000000,-0.99468479,-0.09966097
3037,0.00875039,0.04258839,1.00000000,-0.98445481,0.02374853
3038,-0.01263739,-0.02895078,-1.00000000,-0.87770530,-0.13819251
3039,-0.01165098,0.16430923,1.00000000,-0.74908478,-0.22704744
3040,-0.00029968,-0.15316379,-1.00000000,-0.63751620,-0.23342293
3041,0.00213321,-0.13852189,-1.00000000,-0.66582906,-0.18539373
3042,-0.00954832,0.02997300,-1.00000000,-0.99164544,-0.32266362
3043,0.00105260,0.06608604,1.00000000,-0.93901770,-0.21996660
3044,0.00327059,-0.10731076,-1.00000000,-0.72618161,-0.10803072
3045,0.00884474,0.05004583,1.00000000,-0.97003444,-0.03943281
3046,-0.00335760,0.08296896,1.00000000,-0.90637141,-0.08062271
3047,0.00056060,0.16570972,1.00000000,-0.74637669,-0.00478947
3048,-0.00260363,-0.01541763,-1.00000000,-0.90387416,-0.03221707
3049,0.00134226,0.04274271,1.00000000,-0.98415640,-0.04668264
3050,-0.00228419,-0.00422596,-1.00000000,-0.92551536,-0.13016758
3051,0.00601480,0.05434550,1.00000000,-0.96172022,-0.05985946
3052,0.00592668,0.00051559,-1.00000000,-0.93468404,-0.01960516
3053,0.00539089,0.12370313,1.00000000,-0.82760428,0.04036662
3054,-0.00215839,0.12239508,1.00000000,-0.83013364,0.01410605
3055,-0.00722179,0.11444197,1.00000000,-0.84551246,-0.02293390
3056,-0.00160683,0.00238294,-1.00000000,-0.93829490,-0.08010849
3057,0.00471970,-0.07277644,-1.00000000,-0.79296018,-0.08916280
3058,-0.00291500,0.01057007,-1.00000000,-0.95412624,-0.15147037
3059,0.00716301,0.10447905,1.00000000,-0.86477763,-0.08154483
3060,0.00254231,-0.00884786,-1.00000000,-0.91657804,-0.00829833
3061,-0.00103128,0.14074666,1.00000000,-0.79464742,-0.00398070
3062,-0.00527109,0.07215859,1.00000000,-0.92727528,-0.07892775
3063,-0.00180937,0.01911348,-1.00000000,-0.97064653,-0.07063379
3064,0.01068243,-0.04382090,-1.00000000,-0.84895112,-0.04423242
3065,-0.00043574,0.00756364,-1.00000000,-0.94831275,-0.06657261
3066,0.00775905,0.19298785,1.00000000,-0.69362931,-0.00063094
3067,0.00078671,0.02795339,-1.00000000,-0.98774015,0.04481230
3068,0.00683400,0.14959420,1.00000000,-0.77753904,0.10965159
