seq_idx,target_return,feat_logret,feat_sign,feat_absret,feat_rollmean
0,-0.00089775,0.18034091,1.00000000,-0.93784551,0.42241517
1,-0.00564963,0.28850181,1.00000000,-0.74885878,0.26917803
2,-0.02090012,0.13503445,-1.00000000,-0.98321614,0.01121704
3,-0.03823874,0.08385035,-1.00000000,-0.89378350,-0.23599239
4,0.01333801,-0.08041783,-1.00000000,-0.60676197,-0.23606373
5,0.00701444,-0.26717805,-1.00000000,-0.28044070,-0.18898553
6,-0.01904458,0.28837268,1.00000000,-0.74908441,-0.26868666
7,0.01058341,0.22025929,1.00000000,-0.86809716,-0.08135695
8,0.00653343,-0.06043123,-1.00000000,-0.64168406,0.18504137
9,-0.00588200,0.25870192,1.00000000,-0.80092736,0.07068066
10,-0.01386620,0.21507822,1.00000000,-0.87714991,-0.05356095
11,0.00536322,0.08134745,-1.00000000,-0.88941025,0.09166758
12,-0.00451029,-0.00465315,-1.00000000,-0.73914364,0.00185875
13,-0.02135623,0.20247346,1.00000000,-0.89917388,-0.16408712
14,0.00106350,0.09612256,-1.00000000,-0.91522641,-0.12276085
15,0.00080539,-0.08533074,-1.00000000,-0.59817779,-0.03546361
16,-0.00915941,0.15615969,1.00000000,-0.98009671,-0.12187449
17,-0.01493598,0.15337953,1.00000000,-0.98495441,-0.18390825
18,-0.02398581,0.04604533,-1.00000000,-0.82772777,-0.19955449
19,0.02047941,-0.01617607,-1.00000000,-0.71900993,-0.08402809
20,-0.00767786,-0.11365486,-1.00000000,-0.54868779,-0.13450415
21,0.00998720,0.36529513,1.00000000,-0.61467981,-0.02058015
22,-0.00452151,0.06200360,-1.00000000,-0.85561124,0.04138683
23,-0.02605619,0.25227997,1.00000000,-0.81214826,0.02906785
24,0.00447518,0.09600169,-1.00000000,-0.91501522,-0.06615876
25,-0.01402830,-0.13595569,-1.00000000,-0.50972212,-0.10394442
26,-0.01035750,0.19290804,1.00000000,-0.91588728,-0.22499716
27,-0.02793992,-0.00639913,-1.00000000,-0.73609293,-0.36433872
28,-0.01838295,0.03314028,-1.00000000,-0.80517912,-0.31868223
29,-0.00287355,-0.15624593,-1.00000000,-0.47426952,-0.36240781
30,-0.02101694,-0.05330454,-1.00000000,-0.65413633,-0.40399085
31,-0.05231038,0.11375238,-1.00000000,-0.94603054,-0.65361414
32,-0.01640585,-0.08167619,-1.00000000,-0.60456329,-0.58498541
33,0.02618608,-0.41874843,-1.00000000,-0.01560573,-0.31979584
34,0.00290929,-0.03200853,-1.00000000,-0.69134629,-0.28538741
35,0.00263960,0.42676355,1.00000000,-0.50727764,-0.14462895
36,-0.00992291,0.17604137,1.00000000,-0.94535799,0.10758020
37,-0.02101612,0.17313642,1.00000000,-0.95043373,0.08014868
38,-0.00904711,0.03782143,-1.00000000,-0.81335837,-0.12949187
39,-0.00545338,-0.08166734,-1.00000000,-0.60457875,-0.17925050
40,0.00124499,0.04725490,-1.00000000,-0.82984123,-0.18754854
41,0.01129838,0.08596417,-1.00000000,-0.89747693,-0.06128007
42,-0.01039464,0.15811462,1.00000000,-0.97668091,0.00191864
43,0.03933226,0.26640306,1.00000000,-0.78747135,0.28978009
44,0.01022162,0.03274019,-1.00000000,-0.80448004,0.38304774
45,-0.02400507,0.56836551,1.00000000,-0.25986022,0.23280771
46,-0.02112778,0.25480498,1.00000000,-0.80773637,0.03986927
47,0.00231557,-0.11386231,-1.00000000,-0.54832531,0.11549611
48,0.00028871,-0.08287006,-1.00000000,-0.60247727,-0.11681637
49,0.00609593,0.16964616,1.00000000,-0.95653217,-0.14136457
50,-0.00372032,0.14781424,1.00000000,-0.99467850,-0.02066855
51,-0.01015257,0.21036580,1.00000000,-0.88538380,0.04463488
52,-0.00711942,0.10463160,-1.00000000,-0.93009404,-0.01150412
53,0.03026066,0.03534761,-1.00000000,-0.80903593,0.16683154
54,0.01857319,0.06801869,-1.00000000,-0.86612125,0.24107227
55,0.00457228,0.47065221,1.00000000,-0.43059212,0.29041392
56,-0.00182291,0.34476251,1.00000000,-0.65055593,0.33997615
57,0.00383574,0.19395394,1.00000000,-0.91405981,0.40516035
58,0.02941364,0.12506926,-1.00000000,-0.96580422,0.40012054
59,0.03425252,0.18602052,1.00000000,-0.92792167,0.49341394
60,0.02370039,0.46152874,1.00000000,-0.44653333,0.60722785
61,-0.00538746,0.51364993,1.00000000,-0.35546334,0.58601843
62,0.02160746,0.39998931,1.00000000,-0.55405958,0.69176167
63,0.01653569,0.08667422,-1.00000000,-0.89871756,0.61513675
64,-0.00175915,0.37744567,1.00000000,-0.59344949,0.40086420
65,-0.02146466,0.32281597,1.00000000,-0.68890254,0.13212826
66,-0.00746960,0.12575603,-1.00000000,-0.96700421,0.11973938
67,-0.00975320,-0.08649872,-1.00000000,-0.59613701,-0.06685927
68,-0.01806288,0.06424685,-1.00000000,-0.85953081,-0.27272381
69,-0.00143371,0.03964934,-1.00000000,-0.81655222,-0.27078742
70,-0.00259358,-0.04985704,-1.00000000,-0.66016005,-0.15850286
71,0.00140096,0.12926144,-1.00000000,-0.97312912,-0.10572227
72,0.00033633,0.11676810,-1.00000000,-0.95129982,-0.04568866
73,-0.01017019,0.15979463,1.00000000,-0.97374549,0.00127358
74,0.03041867,0.14832714,1.00000000,-0.99378233,0.19079799
75,0.01717428,0.03515790,-1.00000000,-0.80870444,0.30841849
76,-0.01561805,0.47235421,1.00000000,-0.42761827,0.20715390
77,0.00755271,0.32969445,1.00000000,-0.67688396,0.25009201
78,0.00944119,-0.02352290,-1.00000000,-0.70617301,0.36678142
79,0.00271703,0.22605726,1.00000000,-0.85796652,0.20195428
80,0.01697671,0.24639872,1.00000000,-0.82242442,0.20077871
81,-0.00456540,0.17397050,1.00000000,-0.94897636,0.26654295
82,-0.00649575,0.32756632,1.00000000,-0.68060238,0.18295337
83,-0.02191823,0.09552897,-1.00000000,-0.91418924,-0.00363793
84,-0.01546852,0.07473650,-1.00000000,-0.87785910,-0.11184355
85,0.00189704,-0.09138430,-1.00000000,-0.58760055,-0.20156888
86,-0.01722227,-0.02191226,-1.00000000,-0.70898724,-0.27687837
87,-0.00395240,0.16513810,1.00000000,-0.96440898,-0.26174520
88,0.00303743,-0.04080249,-1.00000000,-0.67598083,-0.11325685
89,-0.02092332,0.10213180,-1.00000000,-0.92572620,-0.14571336
90,0.01230521,0.17742160,1.00000000,-0.94294634,-0.08378383
91,0.00229106,-0.08066771,-1.00000000,-0.60632537,0.03232218
92,0.01210328,0.27724805,1.00000000,-0.76852219,0.12785483
93,0.00217452,0.16938222,1.00000000,-0.95699334,0.12272046
94,-0.01098385,0.27507291,1.00000000,-0.77232275,0.18186114
95,-0.02253742,0.16812693,1.00000000,-0.95918667,-0.02545554
96,-0.00302632,0.02639364,-1.00000000,-0.79339089,-0.05709444
97,-0.01925552,-0.09805375,-1.00000000,-0.57594719,-0.24368198
98,-0.00931474,0.11210686,-1.00000000,-0.94315537,-0.31204407
99,-0.04339937,-0.06270329,-1.00000000,-0.63771414,-0.50491919
100,-0.05698112,0.04437222,-1.00000000,-0.82480439,-0.70986223
101,-0.01051780,-0.32276486,-1.00000000,-0.18331533,-0.75443716
102,-0.01810846,-0.46905858,-1.00000000,0.07229989,-0.74761204
103,0.00656983,0.03141363,-1.00000000,-0.80216218,-0.65309747
104,0.03618069,-0.05034790,-1.00000000,-0.65930239,-0.17958925
105,-0.00132395,0.21547032,1.00000000,-0.87646480,0.15157574
106,0.00600561,0.53441888,1.00000000,-0.31917429,0.24989144
107,0.02398749,0.13044369,-1.00000000,-0.97519482,0.50036600
108,-0.00603758,0.20939284,1.00000000,-0.88708383,0.42535081
109,0.00973374,0.40308186,1.00000000,-0.54865605,0.26798915
110,-0.04931528,0.07967162,-1.00000000,-0.88648211,-0.01756343
111,-0.03757994,0.24954979,1.00000000,-0.81691863,-0.27690122
112,0.01155581,-0.38648722,-1.00000000,-0.07197491,-0.35087085
113,-0.01045985,-0.26008187,-1.00000000,-0.29283969,-0.37718376
114,-0.04539423,0.26917592,1.00000000,-0.78262641,-0.70519994
115,0.01233828,0.03203781,-1.00000000,-0.80325279,-0.33835587
116,-0.02159496,-0.34425223,-1.00000000,-0.14577101,-0.24324383
117,0.00036526,0.27760426,1.00000000,-0.76789979,-0.30982855
118,0.01074096,-0.08790219,-1.00000000,-0.59368476,-0.18368188
119,-0.01261189,0.14863875,1.00000000,-0.99323787,0.01137586
120,0.01799344,0.26039895,1.00000000,-0.79796217,0.04502450
121,0.00037358,0.00885743,-1.00000000,-0.76275032,0.17573922
122,-0.01330921,0.33851781,1.00000000,-0.66146713,0.09437494
123,-0.00491730,0.14872841,1.00000000,-0.99308120,0.00120694
124,-0.00144706,0.00134640,-1.00000000,-0.74962649,0.06763867
125,-0.00447549,0.09173853,-1.00000000,-0.90756631,-0.06605340
126,0.00449748,0.12911765,-1.00000000,-0.97287787,-0.04151586
127,0.01318698,0.09649735,-1.00000000,-0.91588127,0.11613875
128,-0.02236497,0.19314830,1.00000000,-0.91546748,0.01232357
129,0.00250424,0.28674581,1.00000000,-0.75192699,0.03583412
130,0.00756000,-0.09619630,-1.00000000,-0.57919267,0.10744635
131,-0.02055553,0.17167840,1.00000000,-0.95298129,-0.04162120
132,-0.00341602,0.22613574,1.00000000,-0.85782939,-0.14041049
133,0.00365737,-0.07670612,-1.00000000,-0.61324735,0.01442469
134,0.00504937,0.10790928,-1.00000000,-0.93582104,0.02956848
135,0.01201801,0.18409914,1.00000000,-0.93127885,0.05609400
136,-0.00217529,0.19909295,1.00000000,-0.90508056,0.16545800
137,0.00142104,0.27415444,1.00000000,-0.77392757,0.19423894
138,-0.01399531,0.12127363,-1.00000000,-0.95917221,0.08920401
139,0.02401655,0.16001092,1.00000000,-0.97336756,0.20206035
140,-0.00720699,-0.00604379,-1.00000000,-0.73671380,0.08766998
141,0.00476018,0.40339483,1.00000000,-0.54810920,0.12893663
142,0.00554355,0.06707553,-1.00000000,-0.86447328,0.15346592
143,-0.00122571,0.19597795,1.00000000,-0.91052332,0.22944610
144,-0.00839024,0.20441586,1.00000000,-0.89577997,0.03662286
145,-0.00278124,0.13150183,-1.00000000,-0.97704368,0.06295643
146,-0.00043505,0.05433024,-1.00000000,-0.84220378,0.03204433
147,-0.00576888,0.11474673,-1.00000000,-0.94776794,-0.03526560
148,0.00878780,0.14001831,-1.00000000,-0.99192430,0.02431566
149,-0.01934376,0.08256585,-1.00000000,-0.89153913,-0.04085868
150,0.00392066,0.23936075,1.00000000,-0.83472168,-0.00098177
151,-0.00664083,-0.06365373,-1.00000000,-0.63605345,-0.03790667
152,0.00735489,0.18693522,1.00000000,-0.92632344,0.04018089
153,0.01182400,0.07317380,-1.00000000,-0.87512864,0.05824655
154,0.02070129,0.22392640,1.00000000,-0.86168971,0.29651803
155,0.00180157,0.27206470,1.00000000,-0.77757891,0.28390924
156,-0.00830330,0.36768502,1.00000000,-0.61050402,0.27401737
157,0.00667305,0.16410974,1.00000000,-0.96620580,0.26996038
158,-0.01293348,0.05526672,-1.00000000,-0.84384006,0.12265127
159,0.00329264,0.21658210,1.00000000,-0.87452221,0.01906828
160,-0.00539303,0.00539356,-1.00000000,-0.75669799,-0.02374024
161,-0.01589632,0.18017052,1.00000000,-0.93814322,-0.06891937
162,-0.01961475,0.08661422,-1.00000000,-0.89861274,-0.22533405
163,0.04045561,-0.02652029,-1.00000000,-0.70093576,0.09233564
164,0.00707370,-0.06657268,-1.00000000,-0.63095325,0.11483327
165,0.01932674,0.58046551,1.00000000,-0.23871821,0.26191806
166,-0.02355885,0.22089759,1.00000000,-0.86698188,0.21632538
167,0.00842751,0.35287928,1.00000000,-0.63637370,0.38317927
168,0.01770962,-0.10905593,-1.00000000,-0.55672338,0.24783863
169,-0.02313068,0.23548002,1.00000000,-0.84150237,0.06811999
170,-0.01802260,0.33546070,1.00000000,-0.66680874,-0.15411181
171,-0.01894810,-0.10444396,-1.00000000,-0.56478175,-0.12667745
172,0.01342130,-0.04942312,-1.00000000,-0.66091824,-0.09696400
173,0.00592109,-0.05939198,-1.00000000,-0.64349991,-0.16710675
174,0.01183251,0.28926977,1.00000000,-0.74751694,0.04092723
175,0.00602873,0.20848250,1.00000000,-0.88867444,0.18403473
176,0.04162119,0.27215635,1.00000000,-0.77741877,0.54442724
177,0.00503991,0.20964191,1.00000000,-0.88664862,0.49455722
178,0.01004891,0.59302035,1.00000000,-0.21678147,0.51911810
179,0.02508471,0.19899094,1.00000000,-0.90525879,0.59796985
180,-0.00607319,0.25294463,1.00000000,-0.81098691,0.52596239
181,0.04063414,0.41490031,1.00000000,-0.52800598,0.52008938
182,0.00406035,0.07928805,-1.00000000,-0.88581191,0.51426092
183,-0.01056608,0.58238855,1.00000000,-0.23535814,0.39159993
184,0.00258349,0.18843978,1.00000000,-0.92369457,0.25771573
185,-0.00931118,0.03089357,-1.00000000,-0.80125350,0.23844937
186,-0.00311031,0.17253205,1.00000000,-0.95148972,-0.02183389
187,-0.01705852,0.04441050,-1.00000000,-0.82487126,-0.14749299
188,0.01244191,0.11120226,-1.00000000,-0.94157478,-0.01059346
189,-0.00304992,-0.03903872,-1.00000000,-0.67906262,-0.04411271
190,-0.01513691,0.27872042,1.00000000,-0.76594955,-0.07877626
191,0.02024567,0.11185274,-1.00000000,-0.94271135,0.06019379
192,-0.01284378,-0.01834034,-1.00000000,-0.71522837,0.08527187
193,0.00279375,0.36277734,1.00000000,-0.61907908,0.02786451
194,0.03687633,0.00635970,-1.00000000,-0.75838610,0.26542913
195,0.05820116,0.17479686,1.00000000,-0.94753248,0.70179701
196,0.01037163,0.54191186,1.00000000,-0.30608199,0.64304562
197,-0.01245504,0.77160890,1.00000000,0.09526165,0.64535869
198,-0.01274698,0.25642072,1.00000000,-0.80491324,0.55289001
199,0.00969494,0.01054701,-1.00000000,-0.76570247,0.39115838
200,0.01027159,0.00740241,-1.00000000,-0.76020799,0.10597329
201,0.02586548,0.24913190,1.00000000,-0.81764879,0.19816304
202,-0.05146533,0.25534324,1.00000000,-0.80679588,-0.03395157
203,-0.02309968,0.42331024,1.00000000,-0.51331152,-0.09555106
204,-0.01302791,-0.40964607,-1.00000000,-0.03151005,-0.23075399
205,-0.01037997,-0.10411009,-1.00000000,-0.56536512,-0.35363259
206,0.01004794,0.00437638,-1.00000000,-0.75492069,-0.44774832
207,0.02103467,0.03289824,-1.00000000,-0.80475620,-0.01636705
208,-0.02592100,0.25293417,1.00000000,-0.81100519,-0.03315412
209,0.01541183,0.37127599,1.00000000,-0.60422961,0.13606480
210,-0.00825900,-0.13449943,-1.00000000,-0.51226661,0.14868477
211,0.02126770,0.31071046,1.00000000,-0.71005418,0.21544333
212,0.00880012,0.05574394,-1.00000000,-0.84467390,0.14264671
213,-0.01386055,0.37378605,1.00000000,-0.59984385,0.21440742
214,-0.00042706,0.23949352,1.00000000,-0.83448969,0.12016468
215,-0.00593877,-0.00459226,-1.00000000,-0.73925003,0.13397026
216,0.00484705,0.14010446,-1.00000000,-0.99207484,0.03626596
217,0.02517769,0.08073596,-1.00000000,-0.88834179,0.13371392
218,-0.03460578,0.19691364,1.00000000,-0.90888840,0.01027800
219,-0.02571160,0.41590186,1.00000000,-0.52625599,-0.14016725
220,0.00258807,-0.22804616,-1.00000000,-0.34881485,-0.08943184
221,-0.00972266,-0.13224399,-1.00000000,-0.51620749,-0.17612288
222,0.00262294,0.17258139,1.00000000,-0.95140351,-0.31032557
223,0.00440319,0.03997836,-1.00000000,-0.81712711,-0.07821882
224,-0.00129706,0.17295704,1.00000000,-0.95074715,0.06704980
225,-0.00510227,0.19213267,1.00000000,-0.91724206,0.02129163
226,-0.00307526,0.13073329,-1.00000000,-0.97570084,0.06084424
227,-0.00717190,0.08974617,-1.00000000,-0.90408511,0.00256405
228,-0.01890501,0.11157976,-1.00000000,-0.94223437,-0.13612175
229,-0.00140873,0.06745343,-1.00000000,-0.86513358,-0.13678618
230,-0.05263660,-0.05892784,-1.00000000,-0.64431089,-0.41961958
231,0.00376422,0.12953050,-1.00000000,-0.97359923,-0.37892411
232,0.05238812,-0.42226225,-1.00000000,-0.00946612,-0.02453683
233,-0.01367399,0.18525007,1.00000000,-0.92926786,0.00658817
234,0.06956739,0.70899458,1.00000000,-0.01414270,0.42890221
235,-0.02117180,-0.00258279,-1.00000000,-0.74276112,0.61612049
236,0.00517041,0.89403831,1.00000000,0.30917938,0.62448750
237,0.03353318,-0.08334422,-1.00000000,-0.60164877,0.51229901
238,0.01258541,0.20039671,1.00000000,-0.90280253,0.66854475
239,-0.07140777,0.50590171,1.00000000,-0.36900160,-0.17026967
240,0.07830216,0.28026617,1.00000000,-0.76324870,0.42160903
241,-0.00907014,-0.62445293,-1.00000000,0.34381639,0.33687650
242,-0.02369426,0.98812356,1.00000000,0.47357208,-0.00363178
243,-0.05244402,0.04700687,-1.00000000,-0.82940784,-0.39056255
244,-0.03491791,-0.11051454,-1.00000000,-0.55417478,-0.17344468
245,0.00540084,-0.42018792,-1.00000000,-0.01309055,-0.60721388
246,-0.02697420,-0.23140820,-1.00000000,-0.34294043,-0.71374460
247,0.04512175,0.20287869,1.00000000,-0.89846584,-0.30428332
248,0.00898387,-0.14584386,-1.00000000,-0.49244478,0.06121798
249,0.00155752,0.63072613,1.00000000,-0.15089913,0.27824991
250,-0.06351637,0.24147277,1.00000000,-0.83103139,-0.13181347
251,-0.00367555,0.16148095,1.00000000,-0.97079902,0.00681551
252,0.07067965,-0.53945196,-1.00000000,0.19529641,0.15888721
253,0.04774056,0.10511377,-1.00000000,-0.93093652,0.38949286
254,0.01622898,0.90601891,1.00000000,0.33011277,0.47678933
255,-0.00897898,0.65893420,1.00000000,-0.10161191,0.80129151
256,-0.01839983,0.31951223,1.00000000,-0.69467509,0.71368079
257,0.05536611,0.04798873,-1.00000000,-0.83112343,0.62256389
258,0.04120986,-0.05348641,-1.00000000,-0.65381855,0.58370567
259,-0.01399599,0.74107158,1.00000000,0.04190459,0.40386447
260,0.03830903,0.58858982,1.00000000,-0.22452281,0.68523223
261,0.00149476,-0.00605119,-1.00000000,-0.73670088,0.80360677
262,0.01274618,0.55734392,1.00000000,-0.27911796,0.55001451
263,-0.01343498,0.16080498,1.00000000,-0.97198013,0.22487298
264,-0.01751500,0.28199789,1.00000000,-0.76022290,0.20393460
265,0.00294289,-0.00000827,-1.00000000,-0.74725951,-0.00649698
266,-0.01007971,-0.04395557,-1.00000000,-0.67047154,-0.07536610
267,0.00245483,0.17640326,1.00000000,-0.94472565,-0.13660057
268,0.02016631,0.03613241,-1.00000000,-0.81040717,0.06332999
269,0.00659403,0.17114619,1.00000000,-0.95391120,0.20678082
270,-0.01011465,0.36192256,1.00000000,-0.62057261,0.12908732
271,-0.02105561,0.21573099,1.00000000,-0.87600935,0.06377976
272,-0.01954358,0.03575607,-1.00000000,-0.80974960,-0.06711266
273,0.01737276,-0.08209274,-1.00000000,-0.60383545,-0.08373451
274,0.01299640,-0.06580609,-1.00000000,-0.63229270,-0.04563989
275,-0.00045681,0.33183230,1.00000000,-0.67314854,0.01182513
276,0.03045519,0.28469303,1.00000000,-0.75551376,0.31831890
277,0.00190636,0.13978400,-1.00000000,-0.99151490,0.44594787
278,0.00095914,0.47274763,1.00000000,-0.42693086,0.34828543
279,0.01150453,0.16523844,1.00000000,-0.96423365,0.33940866
280,-0.01411124,0.15503567,1.00000000,-0.98206069,0.25816359
281,0.00884752,0.26862357,1.00000000,-0.78359152,0.12959609
282,0.01615150,-0.00729255,-1.00000000,-0.73453188,0.21435594
283,-0.01314758,0.24000411,1.00000000,-0.83359755,0.13041972
284,0.01208562,0.31867772,1.00000000,-0.69613320,0.13387728
285,-0.00041927,0.00308739,-1.00000000,-0.75266847,0.21534571
286,-0.02283133,0.27488272,1.00000000,-0.77265506,0.02685375
287,0.00361316,0.14018835,-1.00000000,-0.99222141,-0.04775049
288,-0.01186487,-0.10121962,-1.00000000,-0.57041555,-0.04011826
289,0.00948749,0.18362295,1.00000000,-0.93211089,-0.05557735
290,0.01744267,0.01690389,-1.00000000,-0.77680969,0.05070275
291,-0.00070553,0.24689740,1.00000000,-0.82155308,0.18235322
292,0.00540703,0.33258537,1.00000000,-0.67183272,0.19302694
293,-0.01104279,0.13710495,-1.00000000,-0.98683387,0.19791837
294,-0.00393296,0.20294540,1.00000000,-0.89834927,0.11806554
295,-0.00201064,0.02575876,-1.00000000,-0.79228156,0.00231665
296,0.00103286,0.10234120,-1.00000000,-0.92609208,0.01266017
297,0.01251636,0.12304716,-1.00000000,-0.96227106,0.05496128
298,0.00142356,0.15582965,1.00000000,-0.98067339,0.12913714
299,-0.00898228,0.27952236,1.00000000,-0.76454834,0.09909325
300,0.01613299,0.16003802,1.00000000,-0.97332021,0.20704939
301,0.00535886,0.04795327,-1.00000000,-0.83106147,0.23278951
302,0.00404849,0.31847829,1.00000000,-0.69648166,0.18240495
303,-0.00262857,0.20242654,1.00000000,-0.89925585,0.15829442
304,0.00428277,0.18831207,1.00000000,-0.92391771,0.23722258
305,-0.00416436,0.11639115,-1.00000000,-0.95064119,0.11645163
306,-0.01018688,0.19083556,1.00000000,-0.91950848,0.02395313
307,-0.00112847,0.09984872,-1.00000000,-0.92173703,-0.00685021
308,-0.00379255,0.03497810,-1.00000000,-0.80839029,-0.01377599
309,-0.00647774,0.13254933,-1.00000000,-0.97887395,-0.07780196
310,-0.03266369,0.10385352,-1.00000000,-0.92873452,-0.24737546
311,0.02897131,0.07493044,-1.00000000,-0.87819798,-0.01438085
312,-0.02898541,-0.20712725,-1.00000000,-0.38536591,-0.18013207
313,0.00758323,0.45676422,1.00000000,-0.45485825,-0.11244516
314,0.02881979,-0.16750724,-1.00000000,-0.45459292,0.09757825
315,-0.00880267,0.22638597,1.00000000,-0.85739216,0.23955338
316,-0.01615647,0.45513219,1.00000000,-0.45770985,-0.02896080
317,-0.02573055,0.04988788,-1.00000000,-0.83444175,-0.00959412
318,0.00826348,-0.02932237,-1.00000000,-0.69603974,-0.00554658
319,-0.00223047,-0.13244807,-1.00000000,-0.51585089,-0.19029836
320,-0.00508770,0.23371317,1.00000000,-0.84458955,-0.16819398
321,0.01027339,0.12067923,-1.00000000,-0.95813365,-0.01093404
322,0.00099613,0.08990306,-1.00000000,-0.90435924,0.14809203
323,-0.00452272,0.25536257,1.00000000,-0.80676211,0.07201300
324,0.00150647,0.15543408,1.00000000,-0.98136455,0.09424814
325,-0.01356607,0.09598861,-1.00000000,-0.91499237,0.04380112
326,0.00708224,0.16093112,1.00000000,-0.97175973,0.02481353
327,-0.04833064,-0.00142031,-1.00000000,-0.74479230,-0.26868506
328,-0.02369481,0.22098967,1.00000000,-0.86682098,-0.38276062
329,-0.00928853,-0.37588134,-1.00000000,-0.09050628,-0.44699184
330,-0.00827470,-0.11052041,-1.00000000,-0.55416453,-0.41550774
331,0.00820365,0.04465447,-1.00000000,-0.82529755,-0.40883527
332,-0.01932683,0.05557481,-1.00000000,-0.84437839,-0.23626006
333,-0.01143800,0.23306872,1.00000000,-0.84571557,-0.16333101
334,-0.00916941,-0.06347142,-1.00000000,-0.63637200,-0.16262222
335,0.01841491,0.02150180,-1.00000000,-0.78484349,-0.00381674
336,0.00672302,0.04593757,-1.00000000,-0.82753949,-0.01262663
337,0.00235189,0.34305763,1.00000000,-0.65353482,0.11636365
338,-0.00350862,0.21712032,1.00000000,-0.87358180,0.16354415
339,0.00256009,0.17003746,1.00000000,-0.95584845,0.23333569
340,0.01840077,0.10691184,-1.00000000,-0.93407824,0.23325160
341,-0.01746417,0.17227998,1.00000000,-0.95193015,0.08933571
342,-0.02099804,0.34290539,1.00000000,-0.65380082,-0.04959841
343,0.00714063,-0.04340813,-1.00000000,-0.67142807,0.01376556
344,0.01699103,-0.08147257,-1.00000000,-0.60491906,0.09963090
345,-0.00445950,0.22161854,1.00000000,-0.86572218,-0.03638970
346,0.00022135,0.32772053,1.00000000,-0.68033294,0.06884070
347,-0.02365465,0.09666966,-1.00000000,-0.91618234,0.05303365
348,0.00759140,0.14708864,1.00000000,-0.99594633,0.05571580
349,0.00360603,-0.11008779,-1.00000000,-0.55492043,-0.02392609
350,-0.00552275,0.22647398,1.00000000,-0.85723839,-0.03025252
351,-0.00227562,0.18354619,1.00000000,-0.93224500,-0.04510972
352,0.00260889,0.08521703,-1.00000000,-0.89617145,0.11116057
353,0.00890500,0.12019292,-1.00000000,-0.95728392,0.11897660
354,0.00947395,0.17280560,1.00000000,-0.95101175,0.15389125
355,0.00283629,0.24062322,1.00000000,-0.83251580,0.20362825
356,-0.00853918,0.24675158,1.00000000,-0.82180788,0.16635953
357,0.00119448,0.17525505,1.00000000,-0.94673189,0.15794367
358,-0.00246712,0.05272599,-1.00000000,-0.83940072,0.09027858
359,-0.00105866,0.15757053,1.00000000,-0.97763160,0.02760862
360,0.01682037,0.11813028,-1.00000000,-0.95367993,0.11081514
361,0.00731144,0.13330123,-1.00000000,-0.98018772,0.20512771
362,0.01219001,0.32588237,1.00000000,-0.68354470,0.27055210
363,0.02633014,0.22345842,1.00000000,-0.86250741,0.44189828
364,0.00051864,0.27600716,1.00000000,-0.77069036,0.45128336
365,0.00038389,0.42831532,1.00000000,-0.50456627,0.35348482
366,0.00159387,0.15029086,1.00000000,-0.99035118,0.31946480
367,-0.01276560,0.14883938,1.00000000,-0.99288730,0.17097674
368,-0.00338469,0.16187255,1.00000000,-0.97011479,-0.00582909
369,-0.00376756,0.00720179,-1.00000000,-0.75985747,-0.03133232
370,0.00927451,0.10824680,-1.00000000,-0.93641077,0.02156766
371,-0.01810543,0.10412279,-1.00000000,-0.92920500,-0.09564487
372,0.00741505,0.24460330,1.00000000,-0.82556150,0.02443178
373,-0.01221594,-0.05031526,-1.00000000,-0.65935943,-0.02811493
374,-0.01459214,0.22457446,1.00000000,-0.86055737,-0.09252214
375,-0.01477130,0.01312241,-1.00000000,-0.77020240,-0.23559681
376,-0.00191885,-0.01247247,-1.00000000,-0.72548114,-0.13928530
377,-0.00005520,-0.01440230,-1.00000000,-0.72210921,-0.18373395
378,-0.00805791,0.12403579,-1.00000000,-0.96399847,-0.15899333
379,-0.01137607,0.14410984,-1.00000000,-0.99907333,-0.13985746
380,-0.00184692,0.05790993,-1.00000000,-0.84845847,-0.06295628
381,0.00366028,0.02216887,-1.00000000,-0.78600906,-0.02975996
382,-0.01205008,0.12481058,-1.00000000,-0.96535223,-0.10113052
383,0.00511760,0.18413052,1.00000000,-0.93122402,-0.02273506
384,-0.00705966,0.01490894,-1.00000000,-0.77332397,0.00294797
385,0.00280403,0.19982787,1.00000000,-0.90379645,0.03062152
386,0.00248843,0.06866243,-1.00000000,-0.86724603,0.02364892
387,0.00344014,0.17490753,1.00000000,-0.94733911,0.11581706
388,-0.00994048,0.17150814,1.00000000,-0.95327877,0.02622015
389,-0.00367913,0.18175933,1.00000000,-0.93536714,0.04633462
390,0.00833167,0.03763213,-1.00000000,-0.81302761,0.07922456
391,-0.00492396,0.10507529,-1.00000000,-0.93086929,0.03512017
392,0.00652820,0.23444763,1.00000000,-0.84330624,0.05349439
393,-0.01367415,0.09166673,-1.00000000,-0.90744084,0.03127870
394,0.01375387,0.21502186,1.00000000,-0.87724838,0.13500657
395,0.03368778,-0.00258454,-1.00000000,-0.74275806,0.28587762
396,-0.00453038,0.29285206,1.00000000,-0.74125770,0.28821949
397,0.01988180,0.50756688,1.00000000,-0.36609209,0.36767459
398,0.06450051,0.09590617,-1.00000000,-0.91484831,0.83282060
399,-0.08288613,0.35885806,1.00000000,-0.62592713,0.25780418
400,0.02827100,0.83946124,1.00000000,0.21381829,0.22557389
401,0.00842968,-0.74809023,-1.00000000,0.55984462,0.30268734
402,-0.01409735,0.44922094,1.00000000,-0.46803843,0.10050845
403,0.00549786,0.23550332,1.00000000,-0.84146167,-0.25056241
404,-0.02825023,-0.00714289,-1.00000000,-0.73479339,0.07452593
405,-0.02321251,0.20392373,1.00000000,-0.89663986,-0.23180539
406,0.03262758,-0.15958841,-1.00000000,-0.46842929,-0.08782577
407,-0.01757225,-0.10532537,-1.00000000,-0.56324169,-0.10850174
408,-0.04249746,0.49614713,1.00000000,-0.38604552,-0.39407805
409,-0.01256467,-0.04457223,-1.00000000,-0.66939407,-0.30074758
410,0.00579306,-0.31305014,-1.00000000,-0.20028961,-0.12816197
411,-0.01710637,0.00936612,-1.00000000,-0.76363914,-0.42408328
412,-0.00783402,0.20710338,1.00000000,-0.89108413,-0.36613997
413,0.01537583,-0.03955411,-1.00000000,-0.67816209,-0.02178890
414,-0.00764696,0.06032156,-1.00000000,-0.85267225,0.00747189
415,0.00207148,0.31032265,1.00000000,-0.71073180,-0.01467182
416,0.00513548,0.06233642,-1.00000000,-0.85619276,0.11766912
417,0.00365206,0.16701702,1.00000000,-0.96112600,0.18601227
418,0.00171522,0.20002041,1.00000000,-0.90346003,0.10473050
419,0.01978604,0.18404197,1.00000000,-0.93137873,0.26795921
420,0.02081678,0.16317967,1.00000000,-0.96783089,0.37949537
421,0.00115823,0.35782653,1.00000000,-0.62772950,0.35583041
422,0.00357798,0.36892900,1.00000000,-0.60833044,0.35538966
423,0.00333941,0.15718013,1.00000000,-0.97831374,0.36505373
424,-0.01831945,0.18324410,1.00000000,-0.93277283,0.13832276
425,-0.00568391,0.18067437,1.00000000,-0.93726286,-0.01935863
426,-0.00643664,-0.05262063,-1.00000000,-0.65533130,-0.06454876
427,-0.00605457,0.08348112,-1.00000000,-0.89313835,-0.12186328
428,-0.00040610,0.07537321,-1.00000000,-0.87897161,-0.14414939
429,0.00663587,0.07948861,-1.00000000,-0.88616235,0.00433695
430,-0.00728159,0.14033021,-1.00000000,-0.99246928,-0.00516939
431,-0.00286839,0.21618161,1.00000000,-0.87522198,0.01606199
432,-0.00515903,0.06627197,-1.00000000,-0.86306924,0.02139052
433,0.01769387,0.11380802,-1.00000000,-0.94612774,0.12908689
434,-0.00870137,0.08913475,-1.00000000,-0.90301679,0.03782901
435,-0.00460007,0.33529109,1.00000000,-0.66710509,0.05378426
436,-0.00659940,0.05097905,-1.00000000,-0.83634832,0.03158440
437,-0.00508689,0.09515548,-1.00000000,-0.91353666,0.03201366
438,-0.00900348,0.07362000,-1.00000000,-0.87590827,-0.12683788
439,0.02956281,0.08991183,-1.00000000,-0.90437456,0.10083732
440,-0.00806632,0.04772490,-1.00000000,-0.83066243,0.08021283
441,0.01333739,0.46313551,1.00000000,-0.44372586,0.19883847
442,0.00646292,0.05781934,-1.00000000,-0.84830019,0.26756084
443,-0.00449135,0.28836594,1.00000000,-0.74909618,0.29440842
444,0.01271449,0.21431874,1.00000000,-0.87847692,0.19415941
445,-0.00272518,0.09632660,-1.00000000,-0.91558292,0.22593966
446,0.00465255,0.28165647,1.00000000,-0.76081947,0.17426410
447,-0.00219161,0.11535058,-1.00000000,-0.94882302,0.12276891
448,0.00098704,0.19481857,1.00000000,-0.91254907,0.15536579
449,0.00344326,0.12109789,-1.00000000,-0.95886516,0.10020116
450,-0.00186908,0.15533617,1.00000000,-0.98153564,0.10529505
451,-0.00667533,0.18179289,1.00000000,-0.93530851,0.03789320
452,0.00542506,0.12457197,-1.00000000,-0.96493532,0.08321304
453,0.00557230,0.07280217,-1.00000000,-0.87447929,0.11049576
454,-0.01307013,0.20313961,1.00000000,-0.89800992,0.01223967
455,0.00833234,0.20472560,1.00000000,-0.89523878,0.07293899
456,-0.00718137,0.00392159,-1.00000000,-0.75412606,0.06992803
457,-0.00316777,0.23445490,1.00000000,-0.84329354,0.01879995
458,0.00984154,0.06735147,-1.00000000,-0.86495544,0.04420225
459,0.00012607,0.11058334,-1.00000000,-0.94049335,0.12272079
460,0.00523495,0.25071094,1.00000000,-0.81488979,0.10429106
461,-0.00488078,0.14606234,1.00000000,-0.99773956,0.11797978
462,-0.00759139,0.20109188,1.00000000,-0.90158788,0.09165881
463,-0.01365248,0.09213192,-1.00000000,-0.90825367,-0.04813260
464,0.00594988,0.06293494,-1.00000000,-0.85723855,-0.01348040
465,0.01501148,-0.00235103,-1.00000000,-0.74316606,0.04469077
466,0.00342889,0.20879263,1.00000000,-0.88813256,0.09413400
467,0.01772523,0.30639814,1.00000000,-0.71758899,0.24477008
468,0.01689721,0.18163815,1.00000000,-0.93557887,0.42654337
469,-0.01570345,0.33562883,1.00000000,-0.66651496,0.29770416
470,-0.00268235,0.32671000,1.00000000,-0.68209861,0.19242431
471,0.02260365,-0.02444277,-1.00000000,-0.70456575,0.30651578
472,-0.01050354,0.11581186,-1.00000000,-0.94962901,0.13855217
473,0.02369476,0.38817596,1.00000000,-0.57470074,0.17899821
474,-0.00851426,0.03156722,-1.00000000,-0.80243054,0.22177452
475,-0.03379777,0.39992876,1.00000000,-0.55416536,0.03663510
476,-0.00479719,0.05299445,-1.00000000,-0.83986979,-0.12640229
477,-0.01068919,-0.21934284,-1.00000000,-0.36402192,-0.12750694
478,0.00580251,0.09303221,-1.00000000,-0.90982671,-0.23396740
479,-0.00056428,0.02956747,-1.00000000,-0.79893644,-0.18666432
480,-0.01101536,0.20720524,1.00000000,-0.89090616,-0.05110701
481,-0.01535625,0.13862640,-1.00000000,-0.98949226,-0.11393431
482,-0.01634312,0.02605422,-1.00000000,-0.79279782,-0.14757566
483,0.01730826,-0.02070297,-1.00000000,-0.71110020,-0.07911545
484,-0.00535529,-0.03133288,-1.00000000,-0.69252684,-0.10762241
485,-0.01003147,0.33113757,1.00000000,-0.67436243,-0.10176816
486,0.01733504,0.08702074,-1.00000000,-0.89932304,0.09274784
487,-0.00571117,0.03665206,-1.00000000,-0.81131516,0.15600887
488,0.01321388,0.33142598,1.00000000,-0.67385849,0.13164696
489,-0.01764549,0.08318747,-1.00000000,-0.89262527,0.05851920
490,-0.00366690,0.28703563,1.00000000,-0.75142061,0.09638897
491,-0.00772694,-0.04536118,-1.00000000,-0.66801556,-0.05273195
492,0.00501711,0.10520705,-1.00000000,-0.93109949,0.01110227
493,-0.00068744,0.06147496,-1.00000000,-0.85468756,-0.07161180
494,0.00294779,0.19874546,1.00000000,-0.90568771,0.05092005
495,0.00492177,0.13729978,-1.00000000,-0.98717429,0.10202335
496,-0.00339301,0.17645610,1.00000000,-0.94463333,0.12781057
497,0.02363971,0.19771848,1.00000000,-0.90748214,0.23861661
498,-0.00138577,0.10815712,-1.00000000,-0.93625407,0.23446149
499,0.02569504,0.39933571,1.00000000,-0.55520159,0.36980956
500,-0.00922728,0.12977785,-1.00000000,-0.97403143,0.28562149
501,0.00776383,0.42147437,1.00000000,-0.51651929,0.35200570
502,-0.01484644,0.04531427,-1.00000000,-0.82645041,0.12300977
503,-0.02090695,0.22833129,1.00000000,-0.85399316,0.00685703
504,0.00904649,-0.01521165,-1.00000000,-0.72069505,-0.09220325
505,0.02376589,-0.08049145,-1.00000000,-0.60663335,0.10410898
506,-0.01984298,0.24214724,1.00000000,-0.82985291,-0.06015392
507,-0.02750430,0.40069492,1.00000000,-0.55282668,-0.13546925
508,-0.01358037,-0.06903100,-1.00000000,-0.62665789,-0.09187548
509,0.00608392,-0.15155368,-1.00000000,-0.48246816,-0.10950304
510,0.04259654,-0.00157440,-1.00000000,-0.74452306,0.00254090
511,0.01961549,0.21023636,1.00000000,-0.88560996,0.23732218
512,-0.01171309,0.60352614,1.00000000,-0.19842496,0.33128122
513,-0.00970482,0.35598949,1.00000000,-0.63093932,0.35434112
514,-0.00731592,0.01853874,-1.00000000,-0.77966623,0.27461091
515,0.02876749,0.04017054,-1.00000000,-0.81746290,0.19232691
516,0.01008773,0.06590213,-1.00000000,-0.86242304,0.13563591
517,-0.00983818,0.45456885,1.00000000,-0.45869417,0.14679182
518,0.00823947,0.25336274,1.00000000,-0.81025636,0.25356188
519,-0.00233212,0.03873409,-1.00000000,-0.81495304,0.28321595
520,-0.01188710,0.23345453,1.00000000,-0.84504146,0.04131761
521,0.01573984,0.11958439,-1.00000000,-0.95622065,0.07494815
522,0.00763983,0.01666446,-1.00000000,-0.77639135,0.17894381
523,-0.00716632,0.31424354,1.00000000,-0.70388093,0.08727804
524,0.07940476,0.22699564,1.00000000,-0.85632691,0.57361954
525,-0.00358215,0.06751357,-1.00000000,-0.86523867,0.62303467
526,-0.00506938,1.00000000,1.00000000,0.49432348,0.49921806
527,-0.01796852,0.10611982,-1.00000000,-0.93269436,0.34684613
528,-0.04852513,0.09010046,-1.00000000,-0.90470415,0.10075762
529,-0.02483409,-0.04884062,-1.00000000,-0.66193601,-0.51947255
530,-0.01885768,-0.37797621,-1.00000000,-0.08684597,-0.61036324
531,0.02534006,-0.12279194,-1.00000000,-0.53272280,-0.42942448
532,-0.02322825,-0.05841802,-1.00000000,-0.64520167,-0.46072033
533,0.02926657,0.41765075,1.00000000,-0.52320019,0.00214703
534,-0.03321186,-0.10549496,-1.00000000,-0.56294537,-0.04770144
535,0.00108844,0.45994457,1.00000000,-0.44930130,0.07097971
536,0.01303075,-0.21303176,-1.00000000,-0.37504911,-0.00226172
537,-0.01815317,0.15642841,1.00000000,-0.97962720,0.02793545
538,0.01547449,0.28506305,1.00000000,-0.75486723,-0.05412861
539,0.00164166,-0.05082954,-1.00000000,-0.65846083,0.15325281
540,-0.04544057,0.31138542,1.00000000,-0.70887484,-0.12359884
541,-0.00594061,0.16238725,1.00000000,-0.96921547,-0.23648011
542,0.00228060,-0.34475136,-1.00000000,-0.14489889,-0.11489740
543,-0.00934456,0.08071604,-1.00000000,-0.88830700,-0.26257292
544,-0.01899207,0.16926954,1.00000000,-0.95719022,-0.38534540
545,0.01460961,0.04405098,-1.00000000,-0.82424309,-0.02804165
546,-0.06285850,-0.05986565,-1.00000000,-0.64267227,-0.36670800
547,-0.03760054,0.30206944,1.00000000,-0.72515241,-0.60400423
548,-0.00226746,-0.53236580,-1.00000000,0.18291494,-0.56189487
549,0.00283057,-0.26030371,-1.00000000,-0.29245207,-0.43204826
550,0.02262386,0.12028082,-1.00000000,-0.95743750,-0.38436277
551,0.03763955,0.17519343,1.00000000,-0.94683956,0.21360934
552,0.03867738,0.38839366,1.00000000,-0.57432034,0.66746957
553,-0.02491089,0.55013276,1.00000000,-0.29171783,0.53273922
554,-0.00356456,0.56131162,1.00000000,-0.27218531,0.49468764
555,-0.03386275,-0.12361920,-1.00000000,-0.53127735,0.15858741
556,-0.01980431,0.10630930,-1.00000000,-0.93302543,-0.18320852
557,0.03679811,-0.22004276,-1.00000000,-0.36279897,-0.19439033
558,0.00638797,-0.06861450,-1.00000000,-0.62738563,-0.00815940
559,-0.05267669,0.54106939,1.00000000,-0.30755403,-0.30038084
560,0.00919703,0.21351143,1.00000000,-0.87988752,-0.04417143
561,0.01392399,-0.42269411,-1.00000000,-0.00871154,0.15651487
562,-0.00071790,0.24376870,1.00000000,-0.82701978,-0.06670868
563,-0.01071178,0.29468443,1.00000000,-0.73805606,-0.16845368
564,0.01007633,0.13697166,-1.00000000,-0.98660098,0.20493223
565,0.00180446,0.02932421,-1.00000000,-0.79851139,0.16094582
566,-0.00447544,0.25323995,1.00000000,-0.81047092,0.05146765
567,0.01669385,0.16414087,1.00000000,-0.96615142,0.15506905
568,-0.00714884,0.09649798,-1.00000000,-0.91588236,0.17626883
569,-0.00445550,0.32451949,1.00000000,-0.68592602,0.08980323
570,-0.00417150,0.06770181,-1.00000000,-0.86556758,0.05424572
571,-0.02089364,0.09671275,-1.00000000,-0.91625763,-0.04344402
572,-0.00499207,0.09977173,-1.00000000,-0.92160251,-0.17247711
573,0.01065775,-0.08034807,-1.00000000,-0.60688387,-0.06652635
574,0.00292134,0.09093312,-1.00000000,-0.90615904,-0.02263351
575,-0.01239088,0.25950264,1.00000000,-0.79952827,-0.07153948
576,-0.02825732,0.17617120,1.00000000,-0.94513113,-0.11535403
577,0.00343450,0.01123809,-1.00000000,-0.76690999,-0.06521522
578,0.00668647,-0.15966479,-1.00000000,-0.46829583,-0.08884467
579,0.00585225,0.18169855,1.00000000,-0.93547334,-0.07140554
580,0.00529812,0.21672665,1.00000000,-0.87426966,0.03384551
581,-0.01270061,0.20774095,1.00000000,-0.88997012,0.12640931
582,-0.00040245,0.20177226,1.00000000,-0.90039906,0.10357912
583,0.00151656,0.00790185,-1.00000000,-0.76108065,0.07281774
584,0.02680038,0.14036946,-1.00000000,-0.99253786,0.19746094
585,0.00109591,0.16103984,1.00000000,-0.97156977,0.17245745
586,-0.00242679,0.43338039,1.00000000,-0.49571620,0.23358754
587,-0.03055087,0.15650887,1.00000000,-0.97948661,0.05420183
588,0.02316520,0.11856460,-1.00000000,-0.95443880,0.18301309
589,-0.01194664,-0.18436940,-1.00000000,-0.42513011,-0.04753505
590,0.01057236,0.39422464,1.00000000,-0.56413203,0.00885061
591,-0.00106068,0.01602308,-1.00000000,-0.77527068,0.01697911
592,-0.01130718,0.25858286,1.00000000,-0.80113538,0.13148078
593,0.03053372,0.13327948,-1.00000000,-0.98014973,0.17532411
594,-0.01753662,0.02291100,-1.00000000,-0.78730575,0.14206328
595,0.00746004,0.47359345,1.00000000,-0.42545298,0.12354475
596,-0.03110069,-0.04418842,-1.00000000,-0.67006469,-0.05519591
597,-0.00314473,0.22505909,1.00000000,-0.85971060,-0.00662866
598,0.00101530,-0.19029164,-1.00000000,-0.41478234,-0.18226584
599,-0.00435222,0.11083144,-1.00000000,-0.94092685,-0.10381752
600,-0.01261306,0.15564050,1.00000000,-0.98100388,-0.22325424
601,0.03512561,0.09782522,-1.00000000,-0.91820142,0.17079800
602,0.00681368,0.00884486,-1.00000000,-0.76272836,0.23005142
603,-0.00220003,0.52305432,1.00000000,-0.33903129,0.21091999
604,-0.00513093,0.21809689,1.00000000,-0.87187547,0.20628656
605,0.01100282,0.12100720,-1.00000000,-0.95870669,0.34680312
606,0.00315798,0.08943740,-1.00000000,-0.90354561,0.15659293
607,0.01293722,0.26321956,1.00000000,-0.79303380,0.19302852
608,-0.00587451,0.17872010,1.00000000,-0.94067751,0.17116502
609,-0.01360897,0.28405561,1.00000000,-0.75662751,0.12071998
610,0.00866741,0.08142809,-1.00000000,-0.88955114,0.10682409
611,0.03017760,-0.00188239,-1.00000000,-0.74398491,0.26759315
612,-0.02005909,0.23806407,1.00000000,-0.83698732,0.07126226
613,0.01976423,0.46975755,1.00000000,-0.43215535,0.22381500
614,-0.02026853,-0.07135882,-1.00000000,-0.62259056,0.18419001
615,0.01817564,0.35759168,1.00000000,-0.62813986,0.24076476
616,-0.00313509,-0.07361482,-1.00000000,-0.61864871,0.04255139
617,0.00027326,0.34048036,1.00000000,-0.65803801,0.16353062
618,-0.00176430,0.11093531,-1.00000000,-0.94110835,0.03543398
619,0.00732093,0.14764779,1.00000000,-0.99496934,0.19959367
620,0.00326679,0.12570053,-1.00000000,-0.96690723,0.11088473
621,0.00117359,0.22356064,1.00000000,-0.86232880,0.13652172
622,-0.00233580,0.17989211,1.00000000,-0.93862969,0.12099757
623,-0.00423465,0.15734552,1.00000000,-0.97802475,0.10629876
624,0.00018115,0.11954468,-1.00000000,-0.95615127,0.06381643
625,-0.00536528,0.09909153,-1.00000000,-0.92041402,0.01245486
626,-0.02462306,0.14665562,1.00000000,-0.99670294,-0.14103745
627,-0.00027162,0.08691313,-1.00000000,-0.89913501,-0.12875536
628,-0.00071284,-0.12051894,-1.00000000,-0.53669435,-0.10780030
629,-0.01393709,0.14177872,-1.00000000,-0.99500023,-0.19180503
630,-0.01605835,0.13702612,-1.00000000,-0.98669614,-0.25542970
631,0.02128651,-0.00541670,-1.00000000,-0.73780951,0.01773623
632,-0.00135556,-0.02826550,-1.00000000,-0.69788639,0.01128669
633,-0.01554306,0.37398861,1.00000000,-0.59948993,-0.07695435
634,0.00918722,0.13010325,-1.00000000,-0.97459998,0.06063730
635,-0.02135953,-0.02271511,-1.00000000,-0.70758444,0.02909484
636,0.00200947,0.24366309,1.00000000,-0.82720430,-0.08560519
637,-0.00614614,-0.08536628,-1.00000000,-0.59811569,-0.11410955
638,0.00719311,0.16634913,1.00000000,-0.96229298,0.02117258
639,0.01062967,0.07850230,-1.00000000,-0.88443898,0.02975526
640,-0.01077914,0.22218379,1.00000000,-0.86473453,0.09270949
641,0.00955847,0.25920017,1.00000000,-0.80005677,0.13762667
642,-0.01446807,0.02859867,-1.00000000,-0.79724368,0.08811043
643,0.02352581,0.24766193,1.00000000,-0.82021724,0.18529147
644,-0.01843388,-0.01113611,-1.00000000,-0.72781613,0.01236086
645,0.00778863,0.39810894,1.00000000,-0.55734509,0.12284071
646,0.00641625,-0.05385312,-1.00000000,-0.65317781,0.10414422
647,-0.00858834,0.22859844,1.00000000,-0.85352637,0.13912911
648,-0.01179068,0.21381598,1.00000000,-0.87935538,-0.07100712
649,0.00094412,0.05219645,-1.00000000,-0.83847545,0.04429365
650,0.01643214,0.01770296,-1.00000000,-0.77820588,0.09572325
651,-0.00175472,0.15487386,1.00000000,-0.98234342,0.04710530
652,-0.01062547,0.32170057,1.00000000,-0.69085144,0.03498421
653,0.02001095,0.12580374,-1.00000000,-0.96708756,0.22420667
654,-0.00254241,0.03025386,-1.00000000,-0.80013574,0.20346152
655,-0.00348185,0.36024911,1.00000000,-0.62349659,0.08497156
656,0.00402466,0.11731927,-1.00000000,-0.95226286,0.11935935
657,0.00334876,0.10720025,-1.00000000,-0.93458217,0.20250724
658,-0.00916441,0.18805535,1.00000000,-0.92436626,0.02891136
659,-0.00529734,0.18077504,1.00000000,-0.93708696,0.01251931
660,0.00345871,0.04599150,-1.00000000,-0.82763371,0.05381622
661,0.01064798,0.08764502,-1.00000000,-0.90041383,0.09322557
662,-0.00621973,0.18195934,1.00000000,-0.93501766,0.03629223
663,0.00958431,0.25939741,1.00000000,-0.79971214,0.14784874
664,0.00499170,0.07770960,-1.00000000,-0.88305392,0.20906940
665,0.00168058,0.24794031,1.00000000,-0.81973083,0.19848937
666,0.00375972,0.19847172,1.00000000,-0.90616601,0.15750364
667,0.00576651,0.16280650,1.00000000,-0.96848291,0.22882283
668,-0.00969269,0.18520164,1.00000000,-0.92935247,0.11412300
669,0.01474024,0.20681750,1.00000000,-0.89158365,0.17212765
670,-0.01833029,0.04030120,-1.00000000,-0.81769121,0.05306126
671,-0.00637098,0.30347654,1.00000000,-0.72269383,-0.00721731
672,0.02907398,-0.05273732,-1.00000000,-0.65512741,0.13146416
673,-0.01754229,0.07608039,-1.00000000,-0.88020724,0.08475835
674,0.02127294,0.45787016,1.00000000,-0.45292587,0.12362849
675,0.00130933,-0.04424952,-1.00000000,-0.66995793,0.24048593
676,0.01640069,0.37384247,1.00000000,-0.59974526,0.37597939
677,0.00517663,0.15880769,1.00000000,-0.97546993,0.23378807
678,-0.01295368,0.32136185,1.00000000,-0.69144329,0.26109070
679,-0.02793561,0.20046368,1.00000000,-0.90268552,-0.03170447
680,-0.00974971,0.00517595,-1.00000000,-0.75631777,-0.09750675
681,0.00366910,-0.15619955,-1.00000000,-0.47435055,-0.17326082
682,-0.01515519,0.03968696,-1.00000000,-0.81661795,-0.29423690
683,0.00856234,0.18422557,1.00000000,-0.93105794,-0.16621471
684,0.02185969,-0.01853722,-1.00000000,-0.71488436,0.13007167
685,0.00146125,0.23693230,1.00000000,-0.83896484,0.19677786
686,-0.01054904,0.38016257,1.00000000,-0.58870232,0.11217866
687,0.00763783,0.16044401,1.00000000,-0.97261084,0.24779908
688,0.00070241,0.03107710,-1.00000000,-0.80157417,0.20103179
689,-0.00307843,0.22697409,1.00000000,-0.85636457,0.05264778
690,0.00912196,0.15227027,1.00000000,-0.98689260,0.09822968
691,-0.01954176,0.11154556,-1.00000000,-0.94217462,0.04472222
692,-0.01033793,0.24296014,1.00000000,-0.82843256,-0.06223511
693,0.00306681,-0.06578653,-1.00000000,-0.63232688,-0.04816667
694,0.02940432,0.03335109,-1.00000000,-0.80554745,0.14510852
695,-0.00083202,0.17773811,1.00000000,-0.94239331,0.08588147
696,0.00772597,0.46142831,1.00000000,-0.44670881,0.24812685
697,0.01078005,0.13574244,-1.00000000,-0.98445319,0.37378066
698,-0.00021607,0.22792347,1.00000000,-0.85470573,0.35424723
699,0.00279289,0.26082001,1.00000000,-0.79722647,0.19590692
700,0.00774675,0.14237708,-1.00000000,-0.99604573,0.24695134
701,0.00709888,0.17478758,1.00000000,-0.94754869,0.24322009
702,-0.00585786,0.22814727,1.00000000,-0.85431470,0.14422307
703,0.00046115,0.22116885,1.00000000,-0.86650791,0.14825255
704,-0.01025198,0.08160742,-1.00000000,-0.88986447,0.07063445
705,-0.00137212,0.14967159,1.00000000,-0.99143321,0.01637637
706,0.00036184,0.03427687,-1.00000000,-0.80716505,-0.02370957
707,-0.00742508,0.12992481,-1.00000000,-0.97428820,-0.03303464
708,0.02891680,0.14860196,1.00000000,-0.99330214,0.13627894
709,0.00085117,0.06472640,-1.00000000,-0.86036872,0.20234365
710,-0.00656608,0.45617702,1.00000000,-0.45588424,0.17143915
711,-0.00687965,0.15387268,1.00000000,-0.98409276,0.12835162
712,-0.00254341,0.07397893,-1.00000000,-0.87653543,0.15739794
713,-0.01423550,0.07060135,-1.00000000,-0.87063386,-0.09936199
714,0.00683917,0.11730846,-1.00000000,-0.95224397,-0.06373289
715,0.00027021,-0.00863103,-1.00000000,-0.73219319,-0.02305637
716,0.00488800,0.21837141,1.00000000,-0.87139580,0.04696217
717,-0.00067364,0.14761494,1.00000000,-0.99502674,0.05808751
718,0.00413358,0.19735471,1.00000000,-0.90811774,0.16738515
719,0.00126934,0.13744846,-1.00000000,-0.98743407,0.13424418
720,0.00161665,0.18922859,1.00000000,-0.92231629,0.14225561
721,0.00368287,0.15837689,1.00000000,-0.97622267,0.13508500
722,0.00785149,0.16211790,1.00000000,-0.96968610,0.18581025
723,-0.00388300,0.18437387,1.00000000,-0.93079882,0.13811089
724,-0.00728334,0.22927550,1.00000000,-0.85234337,0.08722172
725,-0.01116308,0.10287927,-1.00000000,-0.92703224,0.01118123
726,-0.00327529,0.06625311,-1.00000000,-0.86303630,-0.03022041
727,0.02551170,0.02446310,-1.00000000,-0.79001771,0.07485937
728,-0.00463073,0.10942520,-1.00000000,-0.93846976,0.07041033
729,-0.00036123,0.41949961,1.00000000,-0.51996973,0.11159751
730,-0.01099095,0.09482526,-1.00000000,-0.91295966,0.11262169
731,-0.00420847,0.14081354,-1.00000000,-0.99331379,0.10706919
732,0.01087928,0.02631717,-1.00000000,-0.79325726,0.02000503
733,-0.03067430,0.09937359,-1.00000000,-0.92090686,-0.13495647
734,0.00615871,0.26188886,1.00000000,-0.79535889,-0.09616231
735,-0.00245947,-0.18569886,-1.00000000,-0.42280718,-0.04539926
736,0.00132693,0.21104194,1.00000000,-0.88420239,-0.01246318
737,-0.01827962,0.11821264,-1.00000000,-0.95382384,-0.18596121
738,0.00397168,0.15899720,1.00000000,-0.97513882,0.02018538
739,-0.00647830,-0.05219162,-1.00000000,-0.65608091,-0.05500590
740,-0.01074735,0.18748475,1.00000000,-0.92536325,-0.10431953
741,-0.00386483,0.07492447,-1.00000000,-0.87818753,-0.13521092
742,-0.01596156,0.02894103,-1.00000000,-0.79784187,-0.12141826
743,-0.02905080,0.10307505,-1.00000000,-0.92737432,-0.31790489
744,0.01155352,-0.02722301,-1.00000000,-0.69970791,-0.21061400
745,-0.00747826,-0.16821160,-1.00000000,-0.45336222,-0.19116259
746,0.01029021,0.26915131,1.00000000,-0.78266940,-0.10693892
747,-0.00803043,0.06415359,-1.00000000,-0.85936785,-0.05974798
748,0.01103690,0.25554371,1.00000000,-0.80644562,0.17877729
749,0.00743643,0.05820593,-1.00000000,-0.84897567,0.15428022
750,-0.02540563,0.26358658,1.00000000,-0.79239251,0.04761080
751,-0.00462271,0.22480468,1.00000000,-0.86015513,-0.04112235
752,-0.02672444,-0.12894822,-1.00000000,-0.52196609,-0.15235334
753,0.00037640,0.09491162,-1.00000000,-0.91311056,-0.21578422
754,-0.00651752,-0.14315361,-1.00000000,-0.49714539,-0.29881139
755,0.00475476,0.14875876,1.00000000,-0.99302818,-0.11935449
756,-0.01196708,0.07450202,-1.00000000,-0.87744940,-0.16305412
757,-0.00259072,0.19591951,1.00000000,-0.91062542,-0.01945637
758,-0.01719202,0.01580293,-1.00000000,-0.77488601,-0.12398998
759,0.02001877,0.11679892,-1.00000000,-0.95135367,0.03390325
760,-0.02024531,-0.04047663,-1.00000000,-0.67655020,-0.11484929
761,-0.00992048,0.36033340,1.00000000,-0.62334932,-0.10267185
762,0.00731378,-0.07336464,-1.00000000,-0.61908584,-0.04373923
763,-0.00836257,0.03784754,-1.00000000,-0.81340399,0.00879675
764,0.00968351,0.22348363,1.00000000,-0.86246335,-0.05269896
765,-0.00160310,0.05462835,-1.00000000,-0.84272465,0.05822377
766,0.00496669,0.24900877,1.00000000,-0.81786394,0.14680376
767,-0.02723371,0.12743687,-1.00000000,-0.96994110,-0.05875683
768,0.00257042,0.19820237,1.00000000,-0.90663664,0.00629543
769,0.01368242,-0.14863916,-1.00000000,-0.48756063,0.03008928
770,-0.00029688,0.17239133,1.00000000,-0.95173559,0.03786141
771,-0.00088951,0.29208235,1.00000000,-0.74260260,0.00301646
772,-0.00708427,0.14150664,-1.00000000,-0.99452483,0.12290739
773,0.00295315,0.13512316,-1.00000000,-0.98337114,0.12518462
774,0.01375067,0.06839732,-1.00000000,-0.86678281,0.12559076
775,-0.00248180,0.17651376,1.00000000,-0.94453259,0.11259030
776,0.01458756,0.29281758,1.00000000,-0.74131794,0.20468025
777,-0.01390119,0.11797213,-1.00000000,-0.95340360,0.16411899
778,-0.00110853,0.30183200,1.00000000,-0.72556728,0.13995168
779,0.00547536,-0.00503003,-1.00000000,-0.73848511,0.09071282
780,-0.00946508,0.13276410,-1.00000000,-0.97924922,0.04916170
781,0.01039521,0.20368132,1.00000000,-0.89706341,0.02421685
782,0.01308202,0.04275285,-1.00000000,-0.82197490,0.18476930
783,-0.00138497,0.25667478,1.00000000,-0.80446932,0.18312442
784,-0.00551371,0.28561529,1.00000000,-0.75390233,0.11773854
785,0.00894374,0.12978640,-1.00000000,-0.97404636,0.22727262
786,0.01883953,0.08531439,-1.00000000,-0.89634158,0.27751703
787,0.01710702,0.24104051,1.00000000,-0.83178668,0.30146610
788,-0.01735417,0.34763136,1.00000000,-0.64554325,0.20644803
789,0.01675599,0.32896988,1.00000000,-0.67814997,0.33895468
790,-0.01202327,-0.04222318,-1.00000000,-0.67349850,0.21419914
791,0.03123382,0.32518889,1.00000000,-0.68475641,0.28794626
792,-0.01709163,0.01519772,-1.00000000,-0.77382854,0.08446133
793,-0.01110889,0.48113450,1.00000000,-0.41227669,0.12162127
794,-0.02813963,-0.03939537,-1.00000000,-0.67843945,-0.14551158
795,0.00576153,0.02504681,-1.00000000,-0.79103761,-0.03969052
796,0.01632649,-0.15839709,-1.00000000,-0.47051084,-0.12839042
797,-0.00564557,0.20676377,1.00000000,-0.89167754,-0.06028535
798,-0.02382361,0.32056259,1.00000000,-0.69283981,-0.13593904
799,0.00081634,0.08389407,-1.00000000,-0.89385988,0.03635149
800,0.00529570,-0.11190775,-1.00000000,-0.55174046,0.03357980
801,0.02502545,0.15349747,1.00000000,-0.98474834,0.08533937
802,0.00148600,0.20174622,1.00000000,-0.90044457,0.12777282
803,0.01430775,0.41426206,1.00000000,-0.52912117,0.35465772
804,-0.00308629,0.16071060,1.00000000,-0.97214503,0.33143673
805,-0.01286046,0.29881806,1.00000000,-0.73083346,0.22340599
806,0.00788208,0.11146092,-1.00000000,-0.94202672,0.12140144
807,0.01159542,0.00618003,-1.00000000,-0.75807218,0.18155340
808,0.01040642,0.22960499,1.00000000,-0.85176766,0.15834013
809,0.00507859,0.26960264,1.00000000,-0.78188080,0.20692190
810,0.01854423,0.25679548,1.00000000,-0.80425843,0.39378252
811,0.00696423,0.19940765,1.00000000,-0.90453068,0.38832121
812,0.01178491,0.34445060,1.00000000,-0.65110092,0.38944869
813,-0.00225087,0.21971847,1.00000000,-0.86904212,0.31413672
814,-0.01536398,0.27164370,1.00000000,-0.77831451,0.19250165
815,-0.01539218,0.12045952,-1.00000000,-0.95774975,-0.00942292
816,-0.01319674,-0.02078621,-1.00000000,-0.71095476,-0.12938243
817,-0.00148897,-0.02108997,-1.00000000,-0.71042401,-0.20836316
818,0.00222847,0.00255784,-1.00000000,-0.75174321,-0.18171066
819,-0.02012167,0.12866626,-1.00000000,-0.97208917,-0.21001935
820,-0.01154063,0.16870807,1.00000000,-0.95817126,-0.18710230
821,-0.01339456,-0.07203294,-1.00000000,-0.62141269,-0.18827933
822,0.00308451,0.02039637,-1.00000000,-0.78291201,-0.16106673
823,0.00067125,0.00042709,-1.00000000,-0.74802020,-0.17033237
824,-0.00462783,0.17792875,1.00000000,-0.94206021,-0.07814268
825,0.00509418,0.15193465,1.00000000,-0.98747903,0.02083589
826,-0.01040472,0.09485647,-1.00000000,-0.91301419,0.03862571
827,-0.00428569,0.19957557,1.00000000,-0.90423729,-0.00522762
828,-0.00274868,0.03263170,-1.00000000,-0.80429049,-0.02557645
829,-0.01536335,0.09854182,-1.00000000,-0.91945352,-0.08945373
830,0.00964053,0.11509750,-1.00000000,-0.94838083,-0.06240259
831,0.04867258,-0.02077947,-1.00000000,-0.71096654,0.28911243
832,-0.00403946,0.24854579,1.00000000,-0.81867289,0.29057752
833,0.00194819,0.66897326,1.00000000,-0.08407092,0.31852430
834,0.00353534,0.10119406,-1.00000000,-0.92408770,0.43097316
835,-0.02122285,0.16568907,1.00000000,-0.96344628,0.24733341
836,0.01648308,0.18278475,1.00000000,-0.93357544,0.05580308
837,-0.00897704,-0.08389408,-1.00000000,-0.60068802,0.02642405
838,-0.00508271,0.32224922,1.00000000,-0.68989281,-0.01541045
839,0.00794922,0.04800970,-1.00000000,-0.83116006,0.01085253
840,-0.01835251,0.08995681,-1.00000000,-0.90445315,0.02793129
841,0.00634514,0.23032818,1.00000000,-0.85050405,-0.03239029
842,0.00299050,-0.05297672,-1.00000000,-0.65470912,0.03881758
843,-0.04228163,0.21305012,1.00000000,-0.88069355,-0.18251924
844,-0.01519417,0.17691607,1.00000000,-0.94382964,-0.32022442
845,-0.00406931,-0.31072540,-1.00000000,-0.20435156,-0.23523813
846,-0.00446753,-0.01895714,-1.00000000,-0.71415065,-0.29957446
847,0.00199450,0.10087250,-1.00000000,-0.92352586,-0.30550069
848,-0.00466666,0.09658317,-1.00000000,-0.91603123,-0.08168831
849,-0.00780353,0.16618791,1.00000000,-0.96257468,-0.03771336
850,-0.02073987,0.09443828,-1.00000000,-0.91228351,-0.13690464
851,0.00889491,0.06064997,-1.00000000,-0.85324608,-0.05739700
852,0.01151816,-0.07869176,-1.00000000,-0.60977789,-0.00073040
853,-0.00453951,0.24051447,1.00000000,-0.83270580,0.00002611
854,0.01019776,0.26877047,1.00000000,-0.78333483,0.10713535
855,-0.00298817,0.09580779,-1.00000000,-0.91467641,0.21275948
856,-0.02074247,0.25454797,1.00000000,-0.80818544,0.03641451
857,0.00509009,0.11251778,-1.00000000,-0.94387334,-0.00183312
858,0.01376822,-0.07871979,-1.00000000,-0.60972893,0.10709946
859,-0.02905950,0.19953147,1.00000000,-0.90431434,-0.12648465
860,-0.01945040,0.29300655,1.00000000,-0.74098777,-0.22443635
861,-0.00524502,-0.16830531,-1.00000000,-0.45319847,-0.13222515
862,-0.01226540,-0.06480249,-1.00000000,-0.63404627,-0.23549180
863,-0.04384284,0.08820855,-1.00000000,-0.90139847,-0.57828257
864,0.00848573,0.01258964,-1.00000000,-0.76927151,-0.35488517
865,-0.00158860,-0.32754167,-1.00000000,-0.17496894,-0.24860591
866,-0.00427118,0.23610713,1.00000000,-0.84040664,-0.24281148
867,0.00473706,0.12759304,-1.00000000,-0.97021395,-0.14164535
868,-0.00519209,0.09869811,-1.00000000,-0.91972661,0.08832998
869,-0.00068272,0.19572892,1.00000000,-0.91095843,0.03377687
870,0.00466296,0.08877870,-1.00000000,-0.90239468,0.07097422
871,-0.00936801,0.13735057,-1.00000000,-0.98726304,0.04064765
872,-0.00985080,0.19493077,1.00000000,-0.91235303,-0.04615138
873,0.01217858,0.04379844,-1.00000000,-0.82380184,0.05720560
874,-0.00263551,0.03859814,-1.00000000,-0.81471549,0.04558635
875,-0.01049924,0.27588406,1.00000000,-0.77090545,-0.04463010
876,0.00219439,0.11631644,-1.00000000,-0.95051064,0.02416714
877,-0.01478713,0.03161349,-1.00000000,-0.80251139,-0.00520443
878,-0.01254632,0.16834090,1.00000000,-0.95881280,-0.15231977
879,-0.02809073,-0.01457272,-1.00000000,-0.72181143,-0.30378055
880,0.00483964,0.00956371,-1.00000000,-0.76398439,-0.21251288
881,-0.00944884,-0.15787040,-1.00000000,-0.47143113,-0.28179111
882,-0.00006433,0.19683378,1.00000000,-0.90902795,-0.19418918
883,-0.00323722,0.04292772,-1.00000000,-0.82228045,-0.13879921
884,0.00431576,0.14401154,-1.00000000,-0.99890158,0.05402221
885,0.00246912,0.10983522,-1.00000000,-0.93918617,0.03991746
886,-0.01805449,0.19119090,1.00000000,-0.91888760,-0.01128688
887,-0.00726985,0.17130018,1.00000000,-0.95364213,-0.05416037
888,0.01128137,-0.04976662,-1.00000000,-0.66031805,0.03222652
889,0.02771136,0.06639840,-1.00000000,-0.86329016,0.17143239
890,-0.00383763,0.26621992,1.00000000,-0.78779135,0.13390664
891,0.07031450,0.44319288,1.00000000,-0.47857111,0.65970976
892,-0.01774180,0.10336797,-1.00000000,-0.92788613,0.59740074
893,-0.00257322,0.90208568,1.00000000,0.32324035,0.51496472
894,-0.03143804,-0.04639855,-1.00000000,-0.66620299,0.16302067
895,-0.00159107,0.11698741,-1.00000000,-0.95168302,0.17638790
896,0.04841665,-0.19392534,-1.00000000,-0.40843326,0.04609381
897,-0.00137254,0.12756643,-1.00000000,-0.97016746,0.14349230
898,0.00480921,0.66621654,1.00000000,-0.08888766,0.18741842
899,0.00476512,0.12992027,-1.00000000,-0.97428027,0.40283035
900,0.00351891,0.19650609,1.00000000,-0.90960050,0.43323518
901,-0.00127374,0.19603116,1.00000000,-0.91043034,0.13757305
902,-0.02310254,0.18260776,1.00000000,-0.93388470,0.00827768
903,-0.02390802,0.13098450,-1.00000000,-0.97613976,-0.16259236
904,0.00597369,-0.10414089,-1.00000000,-0.56531129,-0.15540130
905,-0.00627107,-0.11281699,-1.00000000,-0.55015178,-0.21365252
906,0.01175134,0.20904901,1.00000000,-0.88768459,-0.13615215
907,-0.02692495,0.07715658,-1.00000000,-0.88208764,-0.15889580
908,-0.00733784,0.27128207,1.00000000,-0.77894638,-0.06030180
909,0.01113957,-0.14531333,-1.00000000,-0.49337177,-0.02956433
910,0.00346722,0.06566602,-1.00000000,-0.86201050,0.02837937
911,0.00586812,0.26469252,1.00000000,-0.79046012,-0.00662627
912,0.00163780,0.18205106,1.00000000,-0.93485741,0.16332453
913,0.00285653,0.20791197,1.00000000,-0.88967130,0.22398190
914,0.07775723,0.16234567,1.00000000,-0.96928813,0.62036272
915,0.00357842,0.17547302,1.00000000,-0.94635105,0.62102432
916,-0.01582970,0.98225386,1.00000000,0.46331611,0.49192037
917,-0.02380435,0.18324874,1.00000000,-0.93276473,0.34053738
918,0.00499868,-0.02580266,-1.00000000,-0.70218964,0.35328338
919,-0.00436588,-0.11170035,-1.00000000,-0.55210286,-0.13535622
920,0.01631026,0.19854688,1.00000000,-0.90603469,-0.05960065
921,0.01704778,0.09767803,-1.00000000,-0.91794424,0.13602323
922,0.00766877,0.32038775,1.00000000,-0.69314531,0.32329106
923,-0.00501810,0.32833187,1.00000000,-0.67926476,0.26369038
924,0.02373910,0.22730737,1.00000000,-0.85578223,0.43091743
925,0.00712412,0.09065279,-1.00000000,-0.90566923,0.37625910
926,0.03433805,0.40040626,1.00000000,-0.55333104,0.47913767
927,0.02772553,0.22144071,1.00000000,-0.86603289,0.59847710
928,0.00256868,0.51457117,1.00000000,-0.35385367,0.64361906
929,0.01930461,0.44334548,1.00000000,-0.47830447,0.61723349
930,0.00610038,0.17237250,1.00000000,-0.95176849,0.61114215
931,0.02649668,0.35264092,1.00000000,-0.63679018,0.56448533
932,0.02011450,0.21041365,1.00000000,-0.88530018,0.51919903
933,-0.03036122,0.43010914,1.00000000,-0.50143198,0.32326329
934,0.00074900,0.36136449,1.00000000,-0.62154772,0.21285577
935,-0.01357797,-0.18232659,-1.00000000,-0.42869946,0.09576790
936,0.00407123,0.15277210,1.00000000,-0.98601576,-0.03766549
937,-0.01899126,-0.00154850,-1.00000000,-0.74456831,-0.27034816
938,-0.00105098,0.18855698,1.00000000,-0.92348979,-0.09594968
939,-0.00776157,-0.05985692,-1.00000000,-0.64268752,-0.14658826
940,0.00818209,0.13338396,-1.00000000,-0.98033228,-0.01711404
941,-0.00537461,0.06110196,-1.00000000,-0.85403582,-0.07331760
942,0.00224205,0.23283645,1.00000000,-0.84612141,0.05302243
943,0.01694704,0.08681264,-1.00000000,-0.89895943,0.16011223
944,-0.00105715,0.16885425,1.00000000,-0.95791585,0.20000408
945,-0.00053567,0.32724678,1.00000000,-0.68116070,0.14813267
946,0.00241983,0.13331748,-1.00000000,-0.98021613,0.19451029
947,-0.01560379,0.13893454,-1.00000000,-0.99003067,0.08832605
948,-0.02136622,0.17076924,1.00000000,-0.95456983,-0.13964118
949,0.00415149,-0.02336925,-1.00000000,-0.70644147,-0.10864929
950,-0.00917080,-0.08543836,-1.00000000,-0.59798975,-0.16002909
951,0.00681153,0.18942156,1.00000000,-0.92197912,-0.13389808
952,0.01947772,0.04592259,-1.00000000,-0.82751331,0.07483994
953,-0.00319488,0.21807375,1.00000000,-0.87191590,0.18296096
954,-0.03244827,0.35450558,1.00000000,-0.63353211,-0.03481083
955,-0.01147551,0.11029125,-1.00000000,-0.93998300,-0.04852404
956,0.00361879,-0.20480695,-1.00000000,-0.38942011,-0.06752111
957,-0.00840745,0.02109780,-1.00000000,-0.78413760,-0.23344032
958,-0.01895770,0.18368368,1.00000000,-0.93200478,-0.32723047
959,-0.00371807,0.05414492,-1.00000000,-0.84187997,-0.15628323
960,-0.00884927,-0.05949543,-1.00000000,-0.64331914,-0.14065690
961,-0.01786399,0.10465587,-1.00000000,-0.93013644,-0.26848135
962,-0.00374888,0.04938588,-1.00000000,-0.83356462,-0.24076245
963,0.01021846,-0.04771471,-1.00000000,-0.66390329,-0.06716175
964,0.01376951,0.10432397,-1.00000000,-0.92955652,0.03689084
965,0.01475004,0.25477091,1.00000000,-0.80779591,0.17730881
966,0.01076368,0.29302047,1.00000000,-0.74096344,0.34764595
967,0.00440834,0.30358211,1.00000000,-0.72250937,0.39618213
968,0.00185364,0.26064365,1.00000000,-0.79753461,0.34641071
969,-0.01769611,0.19218819,1.00000000,-0.91714505,0.15918753
970,0.00733189,0.16467056,1.00000000,-0.96522590,0.11504891
971,0.00716423,-0.04590641,-1.00000000,-0.66706289,0.09363189
972,-0.02668140,0.22367873,1.00000000,-0.86212247,-0.09135480
973,-0.03417766,0.22187278,1.00000000,-0.86527795,-0.30574414
974,-0.00416017,-0.14269000,-1.00000000,-0.49795544,-0.22520414
975,-0.00888031,-0.22343477,-1.00000000,-0.35687222,-0.32166814
976,0.00612101,0.09989377,-1.00000000,-0.92181574,-0.32787540
977,0.04941034,0.04905162,-1.00000000,-0.83298058,0.12487706
978,-0.00382838,0.21063589,1.00000000,-0.88491187,0.30545789
979,0.01562134,0.67691994,1.00000000,-0.07018589,0.42315964
980,0.01318079,0.10346760,-1.00000000,-0.92806021,0.55442507
981,-0.00157739,0.31296720,1.00000000,-0.70611104,0.50861892
982,-0.00157171,0.28667915,1.00000000,-0.75204347,0.20527131
983,-0.00363104,0.12771381,-1.00000000,-0.97042498,0.20644551
984,-0.01114876,0.12777501,-1.00000000,-0.97053191,0.04716108
985,-0.00841560,0.10559324,-1.00000000,-0.93177427,-0.08133929
986,-0.00531373,0.02461735,-1.00000000,-0.79028722,-0.10357085
987,0.01158935,0.05405715,-1.00000000,-0.84172661,-0.02526139
988,-0.00803107,0.08746840,-1.00000000,-0.90010523,-0.05144196
989,0.00609031,0.26953727,1.00000000,-0.78199503,0.05113197
990,0.00740833,0.05819901,-1.00000000,-0.84896358,0.14528575
991,-0.01088647,0.21030516,1.00000000,-0.88548975,0.11212747
992,0.00083917,0.22450210,1.00000000,-0.86068381,0.04816297
993,-0.00984930,0.02744254,-1.00000000,-0.79522360,0.03734434
994,0.00958089,0.15374344,1.00000000,-0.98431857,0.05811362
995,0.00145560,0.03861424,-1.00000000,-0.81474362,0.02269435
996,0.01208097,0.24790343,1.00000000,-0.81979528,0.15935259
997,-0.01580664,0.16038320,1.00000000,-0.97271709,0.06030855
998,-0.01696629,0.27483259,1.00000000,-0.77274265,0.01796184
999,0.00589167,-0.02555427,-1.00000000,-0.70262365,-0.00398932
1000,-0.01442623,-0.03804527,-1.00000000,-0.68079845,-0.09848760
1001,-0.00138647,0.20816562,1.00000000,-0.88922812,-0.17862000
1002,-0.00014444,-0.01068539,-1.00000000,-0.72860365,-0.08542855
1003,-0.00161934,0.12977029,-1.00000000,-0.97401822,0.00588716
1004,0.00068931,0.14314860,-1.00000000,-0.99739378,-0.02506735
1005,0.00606436,0.12726198,-1.00000000,-0.96963551,0.09685341
1006,0.02226113,0.15212920,1.00000000,-0.98713910,0.23755869
1007,0.00443162,0.21002565,1.00000000,-0.88597814,0.26478667
1008,-0.00932120,0.38448663,1.00000000,-0.58114701,0.21895991
1009,0.00724122,0.19243895,1.00000000,-0.91670691,0.25794432
1010,-0.03340410,0.04430260,-1.00000000,-0.82468273,0.02310360
1011,0.00196402,0.22270200,1.00000000,-0.86382907,-0.09766599
1012,-0.00329250,-0.21510245,-1.00000000,-0.37143105,-0.14362521
1013,-0.00260860,0.16585952,1.00000000,-0.96314845,-0.10368468
1014,-0.01877694,0.10923977,-1.00000000,-0.93814577,-0.25849496
1015,0.01872278,0.11660625,-1.00000000,-0.95101703,0.05166446
1016,0.01816011,-0.05754839,-1.00000000,-0.64672117,0.14803261
1017,0.00708150,0.34637380,1.00000000,-0.64774056,0.20975880
1018,0.00993346,0.34031311,1.00000000,-0.65833024,0.28438519
1019,0.00802062,0.22098162,1.00000000,-0.86683504,0.44383299
1020,-0.00576960,0.25170111,1.00000000,-0.81315968,0.29810120
1021,0.00689248,0.23109722,1.00000000,-0.84916033,0.23105785
1022,0.01161022,0.08255805,-1.00000000,-0.89152549,0.25800415
1023,0.00019859,0.21894571,1.00000000,-0.87039235,0.20008082
1024,0.00385330,0.26976205,1.00000000,-0.78160228,0.17528491
1025,-0.00110079,0.14684350,1.00000000,-0.99637466,0.20306475
1026,0.00854200,0.18620962,1.00000000,-0.92759126,0.21287951
1027,-0.01871869,0.13284740,-1.00000000,-0.97939477,0.03241983
1028,0.00465988,0.23671320,1.00000000,-0.83934767,0.05896489
1029,0.00546124,-0.05692099,-1.00000000,-0.64781739,0.06853225
1030,-0.00359995,0.19489757,1.00000000,-0.91241103,0.05366205
1031,-0.00852818,0.20352925,1.00000000,-0.89732912,-0.04790701
1032,0.01287470,0.10592814,-1.00000000,-0.93235944,0.14007646
1033,0.00478035,0.05284448,-1.00000000,-0.83960775,0.14079329
1034,-0.00321728,0.28338222,1.00000000,-0.75780410,0.08915539
1035,0.01221871,0.19619524,1.00000000,-0.91014365,0.18327780
1036,0.00388652,0.11005005,-1.00000000,-0.93956155,0.25714637
1037,-0.00265069,0.27631630,1.00000000,-0.77015020,0.16476891
1038,-0.01427244,0.18656749,1.00000000,-0.92696596,0.05140312
1039,-0.00127867,0.11615291,-1.00000000,-0.95022491,0.06293798
1040,-0.00077110,-0.00902890,-1.00000000,-0.73149800,-0.01435253
1041,-0.00788717,0.13093141,-1.00000000,-0.97604701,-0.08440705
1042,0.00227972,0.13639862,-1.00000000,-0.98559972,-0.05507070
1043,-0.01569216,0.05974900,-1.00000000,-0.85167183,-0.06351813
1044,-0.01361652,0.16926000,1.00000000,-0.95720689,-0.13692940
1045,0.00953675,-0.02432113,-1.00000000,-0.70477828,-0.07559676
1046,-0.00938662,-0.00196374,-1.00000000,-0.74384277,-0.08451861
1047,0.00587292,0.24742803,1.00000000,-0.82062592,-0.06313874
1048,-0.00110207,0.04359794,-1.00000000,-0.82345150,0.02367353
1049,-0.00368994,0.20796360,1.00000000,-0.88958109,0.08273755
1050,0.01096559,0.13283362,-1.00000000,-0.97937068,0.09123925
1051,-0.01112572,0.10495885,-1.00000000,-0.93066582,0.08089148
1052,-0.00692970,0.26281850,1.00000000,-0.79373456,0.00471480
1053,0.00225632,0.02486554,-1.00000000,-0.79072088,0.02469752
1054,0.00816492,0.07006229,-1.00000000,-0.86969197,0.09523492
1055,0.00685210,0.16900798,1.00000000,-0.95764723,0.07075930
1056,0.00228524,0.23265149,1.00000000,-0.84644458,0.15055565
1057,0.00307843,0.21851070,1.00000000,-0.87115242,0.21010489
1058,0.00099721,0.16931949,1.00000000,-0.95710294,0.20261307
1059,-0.02081489,0.17786324,1.00000000,-0.94217467,0.03018074
1060,-0.03371725,0.15544569,1.00000000,-0.98134428,-0.21121038
1061,0.00928655,-0.07949979,-1.00000000,-0.60836605,-0.16955199
1062,0.01145294,-0.21847546,-1.00000000,-0.36553748,-0.11972291
1063,0.01335336,0.24473295,1.00000000,-0.82533496,-0.04620274
1064,-0.00381680,0.26806796,1.00000000,-0.78456231,0.05493733
1065,-0.00170165,0.28853799,1.00000000,-0.74879557,0.24543288
1066,0.00945077,0.10359233,-1.00000000,-0.92827814,0.24641001
1067,0.00999067,0.12637535,-1.00000000,-0.96808632,0.23770938
1068,-0.00799885,0.24650183,1.00000000,-0.82224425,0.11066185
1069,-0.01130635,0.25231735,1.00000000,-0.81208294,0.06609842
1070,0.01269800,0.05854605,-1.00000000,-0.84956995,0.15177759
1071,-0.00137280,0.02291991,-1.00000000,-0.78732133,0.08737641
1072,0.01384784,0.28147888,1.00000000,-0.76112977,0.11032687
1073,-0.02189460,0.12991749,-1.00000000,-0.97427541,0.02764597
1074,0.00498261,0.29386417,1.00000000,-0.73948927,0.12456668
1075,0.03201967,-0.09112975,-1.00000000,-0.58804533,0.23953231
1076,-0.02134523,0.19837380,1.00000000,-0.90633711,0.12069462
1077,0.00555858,0.48959916,1.00000000,-0.39748661,0.07137282
1078,0.06129509,-0.08521234,-1.00000000,-0.59838467,0.56635868
1079,-0.02623143,0.20457777,1.00000000,-0.89549707,0.38063246
1080,-0.00860756,0.80493461,1.00000000,0.15349081,0.13889691
1081,-0.00349526,-0.13784317,-1.00000000,-0.50642418,0.24510581
1082,-0.01106836,0.05198947,-1.00000000,-0.83811381,0.14617408
1083,-0.00627692,0.10705580,-1.00000000,-0.93432978,-0.25588526
1084,-0.01807664,0.02548337,-1.00000000,-0.79180039,-0.20736355
1085,0.00089239,0.07709355,-1.00000000,-0.88197751,-0.15083802
1086,0.04066889,-0.05000517,-1.00000000,-0.65990123,0.11194251
1087,0.01379678,0.15431667,1.00000000,-0.98331698,0.25989225
1088,0.02708159,0.58276285,1.00000000,-0.23470413,0.45837832
1089,-0.02014320,0.29331423,1.00000000,-0.74045016,0.44608211
1090,-0.02513436,0.43640944,1.00000000,-0.49042362,0.29122067
1091,0.02060559,-0.07226479,-1.00000000,-0.62100758,0.17184228
1092,-0.01840411,-0.12602631,-1.00000000,-0.52707146,-0.01975580
1093,0.02214439,0.36665421,1.00000000,-0.61230513,-0.04913258
1094,-0.02156664,-0.05353246,-1.00000000,-0.65373809,-0.05760216
1095,-0.00870846,0.38322917,1.00000000,-0.58334412,0.04013336
1096,-0.01272839,-0.08759713,-1.00000000,-0.59421777,-0.15820670
1097,-0.00019848,0.05090261,-1.00000000,-0.83621476,-0.04988166
1098,0.00137563,0.00760263,-1.00000000,-0.76055784,-0.17345761
1099,0.00281293,0.14256649,-1.00000000,-0.99637668,-0.02839709
1100,-0.02241265,0.15952176,1.00000000,-0.97422227,-0.10993821
1101,0.00211128,0.17500342,1.00000000,-0.94717157,-0.02164088
1102,-0.00881030,-0.09670987,-1.00000000,-0.57829532,-0.07288192
1103,-0.00630592,0.16744576,1.00000000,-0.96037687,-0.11858779
1104,-0.00777365,0.04980572,-1.00000000,-0.83429821,-0.18157885
1105,0.01405409,0.07678122,-1.00000000,-0.88143179,0.03540146
1106,-0.01211742,0.06097179,-1.00000000,-0.85380839,-0.04926055
1107,-0.00867084,0.29608582,1.00000000,-0.73560743,-0.04843076
1108,-0.01505708,0.01418359,-1.00000000,-0.77205657,-0.10050092
1109,0.00405070,0.05130788,-1.00000000,-0.83692288,-0.03014501
1110,-0.00230179,-0.01748048,-1.00000000,-0.71673077,-0.12746395
1111,-0.00112259,0.18833586,1.00000000,-0.92387613,-0.06204379
1112,-0.00638865,0.11991104,-1.00000000,-0.95679140,-0.04846460
1113,-0.00773082,0.13261257,-1.00000000,-0.97898445,-0.00487274
1114,-0.01305254,0.07589005,-1.00000000,-0.87987467,-0.10663847
1115,0.00397727,0.06143312,-1.00000000,-0.85461445,-0.06927751
1116,-0.00784220,0.00411112,-1.00000000,-0.75445721,-0.10925974
1117,-0.00556148,0.18754493,1.00000000,-0.92525811,-0.10433796
1118,0.00288192,0.06023344,-1.00000000,-0.85251828,-0.04119124
1119,0.00465140,0.08479986,-1.00000000,-0.89544255,0.06414873
1120,0.01548119,0.17574653,1.00000000,-0.94587314,0.13259805
1121,0.00285716,0.19480624,1.00000000,-0.91257061,0.19626017
1122,-0.00552700,0.31145755,1.00000000,-0.70874881,0.19646534
1123,0.00937333,0.17547988,1.00000000,-0.94633905,0.23508983
1124,0.00185928,0.08517127,-1.00000000,-0.89609150,0.21847646
1125,0.00843545,0.24566778,1.00000000,-0.82370157,0.17655372
1126,-0.00379493,0.16473135,1.00000000,-0.96511968,0.13697322
1127,0.00125561,0.23556554,1.00000000,-0.84135295,0.17733028
1128,0.00935117,0.10382798,-1.00000000,-0.92868989,0.17719841
1129,0.00131754,0.15822897,1.00000000,-0.97648112,0.17397500
1130,0.00695004,0.24542905,1.00000000,-0.82411869,0.16513665
1131,0.03431985,0.15889606,1.00000000,-0.97531553,0.39192286
1132,-0.00293448,0.21956563,1.00000000,-0.86930918,0.36699151
1133,-0.02688919,0.51437515,1.00000000,-0.35419618,0.15135824
1134,-0.00732123,0.11309617,-1.00000000,-0.94488395,0.09995683
1135,-0.02051187,-0.14492812,-1.00000000,-0.49404484,-0.06344389
1136,0.00235560,0.06584498,-1.00000000,-0.86232317,-0.25363395
1137,0.01250699,-0.07623588,-1.00000000,-0.61406900,-0.16175586
1138,-0.00653346,0.17007737,1.00000000,-0.95577872,-0.04063755
1139,-0.00046637,0.27942148,1.00000000,-0.76472460,0.00014945
1140,-0.00695995,0.07433026,-1.00000000,-0.87714930,0.08078453
1141,0.01795712,0.13968097,-1.00000000,-0.99133489,0.17361495
1142,-0.01181423,0.06973642,-1.00000000,-0.86912260,0.02890154
1143,0.01580786,0.33812667,1.00000000,-0.66215056,0.16183438
1144,-0.00942633,0.01744930,-1.00000000,-0.77776267,0.10852186
1145,-0.01384230,0.31497629,1.00000000,-0.70260061,0.06757128
1146,0.00463521,0.04317024,-1.00000000,-0.82270420,-0.01169527
1147,0.00366045,-0.00439570,-1.00000000,-0.73959348,0.08038042
1148,0.00057994,0.19463179,1.00000000,-0.91287542,-0.01022706
1149,-0.00949667,0.18413233,1.00000000,-0.93122086,-0.01064561
1150,0.00164458,0.15095114,1.00000000,-0.98919748,0.08150266
1151,0.01537336,0.04241254,-1.00000000,-0.82138029,0.14539561
1152,0.00767857,0.16241873,1.00000000,-0.96916047,0.16930381
1153,0.01424958,0.31029609,1.00000000,-0.71077820,0.25063936
1154,-0.00802845,0.22741292,1.00000000,-0.85559781,0.25937541
1155,-0.01708111,0.29819149,1.00000000,-0.73192825,0.14795593
1156,0.01500237,0.05822727,-1.00000000,-0.84901295,0.14574850
1157,0.00130658,-0.03928204,-1.00000000,-0.67863747,0.10783461
1158,0.00349460,0.30630003,1.00000000,-0.71776041,0.04384156
1159,0.03527002,0.15877805,1.00000000,-0.97552172,0.30147119
1160,-0.01494406,0.18234597,1.00000000,-0.93434211,0.31418682
1161,-0.01797198,0.52460975,1.00000000,-0.33631353,0.11798659
1162,0.00348467,-0.01626317,-1.00000000,-0.71885776,0.13094643
1163,0.02959195,-0.04887785,-1.00000000,-0.66187097,0.28622791
1164,-0.01481130,0.18223902,1.00000000,-0.93452899,-0.01176027
1165,0.00244915,0.46344935,1.00000000,-0.44317750,0.09173089
1166,0.00646668,-0.01483309,-1.00000000,-0.72135649,0.23714303
1167,-0.00957305,0.17108508,1.00000000,-0.95401797,0.15944844
1168,0.00888543,0.21435924,1.00000000,-0.87840617,0.03624286
1169,0.00491998,0.04158985,-1.00000000,-0.81994282,0.15364565
1170,-0.00104805,0.24041242,1.00000000,-0.83288411,0.13283700
1171,0.00085256,0.19769914,1.00000000,-0.90751592,0.09943248
1172,0.01280549,0.13341555,-1.00000000,-0.98038748,0.23258675
1173,-0.01007952,0.15388760,1.00000000,-0.98406668,0.11974364
1174,-0.01665799,0.28263673,1.00000000,-0.75910669,-0.00864715
1175,-0.01921788,0.03613449,-1.00000000,-0.81041082,-0.11675926
1176,0.00323073,-0.03472449,-1.00000000,-0.68660076,-0.10260893
1177,0.01375377,-0.06229793,-1.00000000,-0.63842241,-0.09696662
1178,0.05556924,0.17950371,1.00000000,-0.93930832,0.29364918
1179,0.02883287,0.29285089,1.00000000,-0.74125974,0.56432377
1180,0.00205832,0.74325952,1.00000000,0.04572752,0.69091901
1181,0.01748352,0.45527305,1.00000000,-0.45746373,0.77572434
1182,0.00921980,0.16687524,1.00000000,-0.96137372,0.74874684
1183,-0.00389074,0.33302534,1.00000000,-0.67106397,0.39495479
1184,0.00920621,0.24401398,1.00000000,-0.82659121,0.27817445
1185,-0.05697467,0.10279590,-1.00000000,-0.92688656,-0.07307694
1186,0.02435880,0.24386762,1.00000000,-0.82684695,-0.03216845
1187,0.00292912,-0.46898908,-1.00000000,0.07217844,-0.06959854
1188,0.00567285,0.40708126,1.00000000,-0.54166799,-0.01269433
1189,0.00109114,0.17625493,1.00000000,-0.94498482,-0.06097971
1190,-0.00556702,0.20580862,1.00000000,-0.89334645,0.24490024
1191,0.00213847,0.15645743,1.00000000,-0.97957649,0.11268740
1192,0.01120175,0.08474010,-1.00000000,-0.89533814,0.16191027
1193,0.00159101,0.16773864,1.00000000,-0.95986511,0.13762294
1194,0.01717961,0.26536223,1.00000000,-0.78928996,0.23335074
1195,0.00285790,0.16184169,1.00000000,-0.97016871,0.28347975
1196,-0.03969063,0.32975181,1.00000000,-0.67678373,0.03459293
1197,-0.01404143,0.17548779,1.00000000,-0.94632524,-0.11560615
1198,0.00134257,-0.28281686,-1.00000000,-0.25311543,-0.11708439
1199,-0.01945723,-0.00654057,-1.00000000,-0.73584580,-0.33507679
1200,-0.01005096,0.15916565,1.00000000,-0.97484449,-0.41188560
1201,-0.00681429,-0.06487605,-1.00000000,-0.63391772,-0.21626853
1202,0.00067639,0.03644212,-1.00000000,-0.81094833,-0.12869623
1203,-0.02172548,0.07130534,-1.00000000,-0.87186393,-0.26595308
1204,-0.00387175,0.15199005,1.00000000,-0.98738222,-0.17321811
1205,0.01161935,-0.08930805,-1.00000000,-0.59122832,-0.04427789
1206,-0.00313714,0.10300045,-1.00000000,-0.92724397,-0.02239852
1207,-0.03131529,0.26986037,1.00000000,-0.78143048,-0.21275178
1208,-0.01168966,0.11091319,-1.00000000,-0.94106968,-0.15303780
1209,0.00049813,-0.19260315,-1.00000000,-0.41074349,-0.12703661
1210,-0.03223125,0.01879113,-1.00000000,-0.78010722,-0.38795150
1211,-0.01213032,0.15006995,1.00000000,-0.99073717,-0.44146167
1212,0.00403244,-0.20246933,-1.00000000,-0.39350457,-0.23113961
1213,0.02408306,0.01404464,-1.00000000,-0.77181380,-0.01828883
1214,0.00362898,0.18813923,1.00000000,-0.92421969,0.00033999
1215,-0.05996348,0.40411122,1.00000000,-0.54685747,-0.16466919
1216,0.00395039,0.18379339,1.00000000,-0.93181307,-0.06898758
1217,-0.07760440,-0.50118261,-1.00000000,0.12842936,-0.55473388
1218,-0.05075049,0.18725540,1.00000000,-0.92576399,-1.00000000
1219,0.01653475,-0.69119889,-1.00000000,0.46043986,-0.92320954
1220,0.00315529,-0.40194634,-1.00000000,-0.04496359,-0.54764737
1221,-0.01202091,0.32280583,1.00000000,-0.68892025,-0.64267797
1222,0.00841800,0.17869109,1.00000000,-0.94072819,-0.13083724
1223,-0.00484921,0.01522315,-1.00000000,-0.77387297,0.14227936
1224,0.00329029,0.23537754,1.00000000,-0.84168144,0.06347368
1225,-0.01302690,0.09247192,-1.00000000,-0.90884774,-0.03281174
1226,-0.01634051,0.18014529,1.00000000,-0.93818731,-0.05851378
1227,0.01640928,0.00438725,-1.00000000,-0.75493968,-0.01096497
1228,0.07306917,-0.03130481,-1.00000000,-0.69257589,0.45265612
1229,0.01166366,0.32145432,1.00000000,-0.69128172,0.50247841
1230,-0.01530563,0.93175718,1.00000000,0.37508457,0.48891976
1231,-0.01584271,0.27033770,1.00000000,-0.78059645,0.49188175
1232,-0.01115316,-0.02015773,-1.00000000,-0.71205289,0.32788286
1233,0.01784131,-0.02594277,-1.00000000,-0.70194483,-0.00072768
1234,0.01219866,0.02456996,-1.00000000,-0.79020441,0.00245558
1235,-0.02088034,0.33687920,1.00000000,-0.66433023,-0.03071440
1236,-0.00565494,0.27610031,1.00000000,-0.77052760,0.02990374
1237,-0.00312333,-0.08020476,-1.00000000,-0.60713427,0.07768194
1238,0.00107096,0.08379319,-1.00000000,-0.89368362,-0.02210310
1239,-0.02894208,0.11106201,-1.00000000,-0.94132971,-0.26689404
1240,0.02385237,0.15624008,1.00000000,-0.97995627,-0.00073055
1241,0.02326469,-0.16704050,-1.00000000,-0.45540845,0.17134374
1242,0.00165751,0.40162640,1.00000000,-0.55119914,0.19979016
1243,0.00358278,0.39529631,1.00000000,-0.56225954,0.21473570
1244,0.02096660,0.16255806,1.00000000,-0.96891701,0.51169667
1245,-0.01041283,0.18329572,1.00000000,-0.93268264,0.30781577
1246,-0.00679534,0.37054282,1.00000000,-0.60551065,0.12895600
1247,0.00227546,0.03254433,-1.00000000,-0.80413782,0.13263283
1248,0.01262929,0.07150955,-1.00000000,-0.87222074,0.18646039
1249,-0.00142245,0.16921416,1.00000000,-0.95728699,0.05324356
1250,0.00896083,0.28073882,1.00000000,-0.76242284,0.16851848
1251,0.01320408,0.12938270,-1.00000000,-0.97334099,0.28751675
1252,-0.00496603,0.24122452,1.00000000,-0.83146516,0.24442926
1253,-0.03767083,0.28693007,1.00000000,-0.75160503,-0.05486084
1254,-0.00374807,0.09121362,-1.00000000,-0.90664915,-0.06869845
1255,0.01263164,-0.26106088,-1.00000000,-0.29112909,-0.04685680
1256,0.01676624,0.10433273,-1.00000000,-0.92957182,-0.02566165
1257,0.00220637,0.28076408,1.00000000,-0.76237872,0.01701476
1258,0.00938121,0.32529928,1.00000000,-0.68456351,0.29697847
1259,0.01927722,0.16846998,1.00000000,-0.95858727,0.43398090
1260,0.01052403,0.24575260,1.00000000,-0.82355337,0.42144046
1261,-0.02829129,0.35234586,1.00000000,-0.63730574,0.15334425
1262,0.00985712,0.25806232,1.00000000,-0.80204491,0.19886689
1263,-0.01873991,-0.16003064,-1.00000000,-0.46765659,0.03154381
1264,0.00279090,0.25087883,1.00000000,-0.81459644,-0.06655122
1265,0.01506121,-0.05714947,-1.00000000,-0.64741818,-0.03955460
1266,-0.00277304,0.17476612,1.00000000,-0.94758620,0.11228119
1267,-0.00341504,0.30693384,1.00000000,-0.71665298,0.03331067
1268,-0.01436380,0.11483507,-1.00000000,-0.94792228,0.05934888
1269,-0.01674986,0.10791985,-1.00000000,-0.93583951,-0.05692031
1270,-0.00956458,-0.01001295,-1.00000000,-0.72977860,-0.20344590
1271,0.01644510,-0.03571399,-1.00000000,-0.68487184,-0.08909632
1272,0.01606243,0.04168109,-1.00000000,-0.82010225,0.02679635
1273,0.00148065,0.32184014,1.00000000,-0.69060758,0.12107223
1274,0.00807286,0.31771834,1.00000000,-0.69780949,0.26876956
1275,0.01113094,0.16065305,1.00000000,-0.97224560,0.39190972
1276,-0.00507265,0.23165993,1.00000000,-0.84817712,0.26387724
1277,0.01066012,0.26459959,1.00000000,-0.79062250,0.23173302
1278,-0.00611157,0.09006516,-1.00000000,-0.90464246,0.18655865
1279,-0.01479612,0.25952822,1.00000000,-0.79948359,0.05048623
1280,0.01411183,0.07887467,-1.00000000,-0.88508962,0.06822279
1281,-0.00124091,-0.01466961,-1.00000000,-0.72164213,0.09102197
1282,0.00237536,0.29670777,1.00000000,-0.73452073,0.04172690
1283,0.00042208,0.13133813,-1.00000000,-0.97675765,0.08060268
1284,0.00914986,0.17029020,1.00000000,-0.95540684,0.22308335
1285,0.00098903,0.14925082,1.00000000,-0.99216840,0.14500150
1286,-0.00124278,0.24326068,1.00000000,-0.82790744,0.14499038
1287,-0.01050841,0.15535756,1.00000000,-0.98149827,0.06833087
1288,0.00164678,0.13131800,-1.00000000,-0.97672248,0.07561795
1289,-0.00811703,0.03151481,-1.00000000,-0.80233898,-0.02712156
1290,0.00673809,0.16244249,1.00000000,-0.96911895,0.00708589
1291,0.00868877,0.05727312,-1.00000000,-0.84734580,0.06617949
1292,0.01225076,0.21728271,1.00000000,-0.87329807,0.20159848
1293,-0.00110200,0.23829413,1.00000000,-0.83658535,0.18524300
1294,-0.00104197,0.27666147,1.00000000,-0.76954709,0.22734020
1295,0.00841017,0.13283444,-1.00000000,-0.97937212,0.23728923
1296,0.02360441,0.13348096,-1.00000000,-0.98050176,0.32603858
1297,-0.01257433,0.23529326,1.00000000,-0.84182869,0.17832718
1298,-0.00060255,0.39895554,1.00000000,-0.55586585,0.18129892
1299,0.01477818,0.00926208,-1.00000000,-0.76345736,0.27543018
1300,-0.00185452,0.13821412,-1.00000000,-0.98877190,0.21435437
1301,-0.00754864,0.30388516,1.00000000,-0.72197986,0.02899098
1302,-0.00210144,0.12472877,-1.00000000,-0.96520929,0.09130556
1303,0.00855794,0.06339541,-1.00000000,-0.85804311,0.14581130
1304,0.01839681,0.12206909,-1.00000000,-0.96056211,0.16734250
1305,-0.00675240,0.23688493,1.00000000,-0.83904762,0.13819969
1306,-0.00433161,0.34286272,1.00000000,-0.65387538,0.15734135
1307,-0.02074211,0.07197203,-1.00000000,-0.87302882,0.04642773
1308,0.00253569,0.09804723,-1.00000000,-0.91858933,0.01059483
1309,0.00971037,-0.07871591,-1.00000000,-0.60973569,-0.04109028
1310,-0.00966619,0.17201724,1.00000000,-0.95238924,-0.05842761
1311,0.01511913,0.24929806,1.00000000,-0.81735847,0.05730596
1312,-0.00095362,0.04058657,-1.00000000,-0.81818982,0.17504920
1313,0.01504076,0.30755771,1.00000000,-0.71556291,0.24945540
1314,-0.01017164,0.13443264,-1.00000000,-0.98216461,0.13115574
1315,-0.01398193,0.30671349,1.00000000,-0.71703798,0.10547675
1316,0.00216341,0.03514224,-1.00000000,-0.80867708,0.02838909
1317,0.00589256,-0.00589967,-1.00000000,-0.73696562,0.06912449
1318,-0.01850619,0.16800726,1.00000000,-0.95939577,-0.13048271
1319,-0.01798780,0.20817522,1.00000000,-0.88921133,-0.17698953
1320,-0.00880002,-0.05463198,-1.00000000,-0.65181693,-0.14615674
1321,-0.00297628,-0.04904826,-1.00000000,-0.66157322,-0.17673837
1322,-0.00196240,0.04991640,-1.00000000,-0.83449158,-0.22347607
1323,0.00099355,0.11264587,-1.00000000,-0.94409716,-0.10745098
1324,-0.02168395,0.12356678,-1.00000000,-0.96317898,-0.12944343
1325,-0.00398924,0.15540623,1.00000000,-0.98141323,-0.10081884
1326,-0.00141590,-0.08886081,-1.00000000,-0.59200979,-0.09153441
1327,0.00294067,0.10173500,-1.00000000,-0.92503289,-0.06236075
1328,-0.01313872,0.12945331,-1.00000000,-0.97346436,-0.14644898
1329,-0.00671074,0.17637935,1.00000000,-0.94476744,-0.05735705
1330,-0.00764856,0.00318276,-1.00000000,-0.75283511,-0.07913035
1331,0.01626529,0.07242078,-1.00000000,-0.87381290,0.02607423
1332,0.00120209,0.06231917,-1.00000000,-0.85616263,0.01572955
1333,-0.00129947,0.31990335,1.00000000,-0.69399169,0.08617414
1334,0.00341390,0.15765255,1.00000000,-0.97748828,0.14641664
1335,-0.01248082,0.13070738,-1.00000000,-0.97565556,0.11766429
1336,-0.01106387,0.18147673,1.00000000,-0.93586092,-0.04494659
1337,-0.01682373,0.01026930,-1.00000000,-0.76521724,-0.15220181
1338,-0.01916134,0.02553168,-1.00000000,-0.79188480,-0.25848148
1339,0.02397344,-0.03650971,-1.00000000,-0.68348150,-0.13615047
1340,-0.01246429,-0.06168888,-1.00000000,-0.63948658,-0.13605213
1341,0.01253002,0.40293044,1.00000000,-0.54892062,0.00433357
1342,-0.00681344,0.01044733,-1.00000000,-0.76552830,0.06389569
1343,-0.00058973,0.27966948,1.00000000,-0.76429128,0.17439839
1344,0.03520835,0.07131457,-1.00000000,-0.87188005,0.24124712
1345,-0.00506136,0.13835226,-1.00000000,-0.98901326,0.28529519
1346,0.00073914,0.52394554,1.00000000,-0.33747409,0.21513848
1347,0.00533760,0.09018679,-1.00000000,-0.90485499,0.28743820
1348,0.00476537,0.15266599,1.00000000,-0.98620118,0.31930149
1349,0.01078002,0.20219750,1.00000000,-0.89965605,0.17395080
1350,0.00604715,0.19603382,1.00000000,-0.91042570,0.24004743
1351,0.00708251,0.26081971,1.00000000,-0.79722699,0.27779103
1352,0.00818180,0.20984037,1.00000000,-0.88630186,0.29471428
1353,0.00167926,0.22099257,1.00000000,-0.86681591,0.27635165
1354,-0.00716413,0.23283336,1.00000000,-0.84612682,0.16958240
1355,-0.02002869,0.16279227,1.00000000,-0.96850779,0.01442889
1356,0.00618940,0.06753719,-1.00000000,-0.86527993,0.00911479
1357,0.00868593,-0.07103135,-1.00000000,-0.62316274,0.01211438
1358,-0.00345805,0.21137256,1.00000000,-0.88362472,-0.01845304
1359,-0.00798778,0.23826346,1.00000000,-0.83663894,-0.02335387
1360,0.00223772,0.10745660,-1.00000000,-0.93503007,0.10913316
1361,-0.00247762,0.05866529,-1.00000000,-0.84977830,0.05756361
1362,-0.00608757,0.16880764,1.00000000,-0.95799728,-0.03033999
1363,0.04509498,0.11801708,-1.00000000,-0.95348214,0.25855477
1364,0.01020491,0.07913310,-1.00000000,-0.88554116,0.36680287
1365,0.01192345,0.63043779,1.00000000,-0.15140295,0.42443380
1366,0.00509211,0.25462494,1.00000000,-0.80805095,0.46947440
1367,0.00534143,0.27313593,1.00000000,-0.77570718,0.53747795
1368,-0.02049768,0.19955330,1.00000000,-0.90427620,0.14719589
1369,0.00198954,0.20223875,1.00000000,-0.89958398,0.09831377
1370,0.02615500,-0.07608307,-1.00000000,-0.61433600,0.18299272
1371,-0.01613624,0.16613447,1.00000000,-0.96266804,0.05668217
1372,-0.00188943,0.42642877,1.00000000,-0.50786259,0.01365796
1373,-0.01762066,-0.02910451,-1.00000000,-0.69642041,0.03077647
1374,-0.03368286,0.12435277,-1.00000000,-0.96455232,-0.18147742
1375,-0.01788197,-0.04509373,-1.00000000,-0.66848286,-0.44350121
1376,0.00403678,-0.21810507,-1.00000000,-0.36618465,-0.32346998
1377,0.00649711,-0.04790837,-1.00000000,-0.66356491,-0.27356934
1378,-0.03195044,0.18818596,1.00000000,-0.92413806,-0.35883273
1379,-0.01427028,0.21468703,1.00000000,-0.87783343,-0.24332624
1380,-0.00973052,-0.19944457,-1.00000000,-0.39878966,-0.19482441
1381,0.01523773,-0.00900566,-1.00000000,-0.73153861,-0.12817782
1382,-0.01580452,0.03989365,-1.00000000,-0.81697909,-0.26087447
1383,-0.01601049,0.30883513,1.00000000,-0.71333090,-0.16603042
1384,0.00775680,-0.02553143,-1.00000000,-0.70266357,-0.03496736
1385,-0.00174229,-0.02775002,-1.00000000,-0.69878707,0.01256334
1386,0.00286855,0.22825554,1.00000000,-0.85412553,-0.06103433
1387,0.00056590,0.12593764,-1.00000000,-0.96732152,0.03637106
1388,0.00257615,0.17560255,1.00000000,-0.94612471,0.14696322
1389,-0.01518994,0.15079987,1.00000000,-0.98946180,0.01042812
1390,0.00976248,0.17245305,1.00000000,-0.95162776,0.07888248
1391,0.01390993,-0.01891160,-1.00000000,-0.71423021,0.14457963
1392,-0.01465220,0.24985939,1.00000000,-0.81637768,0.05403065
1393,-0.01087494,0.29453297,1.00000000,-0.73832070,-0.02600450
1394,0.00729750,-0.01311938,-1.00000000,-0.72435082,0.10779772
1395,0.00163864,0.02756679,-1.00000000,-0.79544070,0.05946015
1396,-0.01039512,0.22330825,1.00000000,-0.86276980,-0.08515698
1397,-0.00491416,0.16235473,1.00000000,-0.96927230,-0.02721483
1398,-0.00385734,0.03273508,-1.00000000,-0.80447112,0.01454045
1399,0.01001166,0.09177230,-1.00000000,-0.90762531,0.03068993
1400,-0.00282964,0.10315565,-1.00000000,-0.92751515,0.00410327
1401,0.00601098,0.25254337,1.00000000,-0.81168803,0.10172099
1402,0.00117818,0.11422535,-1.00000000,-0.94685695,0.13797095
1403,-0.00001887,0.20945075,1.00000000,-0.88698264,0.16081023
1404,-0.00043367,0.15739497,1.00000000,-0.97793835,0.09865962
1405,0.00305111,0.14450120,-1.00000000,-0.99975715,0.13365064
1406,0.01103142,0.14003320,-1.00000000,-0.99195032,0.16352270
1407,0.00079319,0.17756900,1.00000000,-0.94268879,0.16123200
1408,-0.00960220,0.26352762,1.00000000,-0.79249553,0.10421032
1409,-0.01321764,0.15324814,1.00000000,-0.98518400,0.02814457
1410,-0.00028320,0.04127584,-1.00000000,-0.81939417,0.00830510
1411,-0.00601567,0.00233269,-1.00000000,-0.75134981,-0.09312661
1412,0.01364212,0.14165396,-1.00000000,-0.99478223,-0.01667435
1413,0.00368060,0.07990756,-1.00000000,-0.88689435,0.06235947
1414,0.01483165,0.29164835,1.00000000,-0.74336092,0.22925521
1415,-0.01075595,0.18434939,1.00000000,-0.93084159,0.16694147
1416,-0.00010193,0.30446116,1.00000000,-0.72097342,0.20212875
1417,-0.00659351,0.02884847,-1.00000000,-0.79768014,0.08172499
1418,-0.05012217,0.14360649,-1.00000000,-0.99819384,-0.23840612
1419,0.01111024,0.07368350,-1.00000000,-0.87601923,-0.26054886
1420,0.02117898,-0.39517844,-1.00000000,-0.05678897,-0.07053330
1421,-0.00698914,0.26437656,1.00000000,-0.79101221,-0.11151277
1422,-0.03636526,0.37283035,1.00000000,-0.60151371,-0.28865726
1423,-0.01006589,0.06942204,-1.00000000,-0.86857329,-0.05031896
1424,-0.00135988,-0.24699810,-1.00000000,-0.31570061,-0.12451727
1425,0.01105374,0.03628128,-1.00000000,-0.81066730,-0.18476333
1426,-0.00796810,0.13005664,-1.00000000,-0.97451855,-0.19058822
1427,-0.00229366,0.26376795,1.00000000,-0.79207560,0.01214072
1428,0.02489537,0.05887734,-1.00000000,-0.85014881,0.22016323
1429,-0.00778619,0.11999859,-1.00000000,-0.95694437,0.18192614
1430,0.02359021,0.41286084,1.00000000,-0.53156948,0.25651923
1431,0.00486768,0.06083668,-1.00000000,-0.85357232,0.33289321
1432,0.01129336,0.39880254,1.00000000,-0.55613319,0.41373719
1433,-0.02257789,0.19713585,1.00000000,-0.90850014,0.13126718
1434,-0.00584722,0.26634903,1.00000000,-0.78756576,0.14280426
1435,-0.02858891,-0.09848972,-1.00000000,-0.57518544,-0.16766598
1436,0.00579723,0.08172206,-1.00000000,-0.89006478,-0.16213510
1437,-0.02474313,-0.16323637,-1.00000000,-0.46205530,-0.37655532
1438,-0.00949174,0.20714831,1.00000000,-0.89100564,-0.29869158
1439,-0.00378203,-0.12181220,-1.00000000,-0.53443468,-0.28640356
1440,-0.10627318,0.04246567,-1.00000000,-0.82147312,-0.74863171
1441,0.01128275,0.10396686,-1.00000000,-0.92893254,-0.71599237
1442,0.02546363,-1.00000000,-1.00000000,1.00000000,-0.41725779
1443,-0.03104993,0.26623473,1.00000000,-0.78776547,-0.54553086
1444,-0.00463122,0.41898186,1.00000000,-0.52087439,-0.55058358
1445,-0.04432190,-0.18974486,-1.00000000,-0.41573772,-0.18196812
1446,0.00893798,0.09482000,-1.00000000,-0.91295048,-0.19591972
1447,0.00772064,-0.33270181,-1.00000000,-0.16595275,-0.30149207
1448,-0.01475246,0.24097839,1.00000000,-0.83189521,-0.20452076
1449,-0.09391901,0.22786606,1.00000000,-0.85480605,-0.73579086
1450,-0.00136767,-0.01419937,-1.00000000,-0.72246377,-0.48020944
1451,0.02105357,-0.86692908,-1.00000000,0.76748865,-0.40812063
1452,0.03547414,0.12997282,-1.00000000,-0.97437209,-0.24298490
1453,0.03983120,0.37147953,1.00000000,-0.60387398,0.08179260
1454,0.06039931,0.52680840,1.00000000,-0.33247188,1.00000000
1455,-0.03399482,0.57373974,1.00000000,-0.25046998,0.80586560
1456,-0.01503623,0.79528590,1.00000000,0.13663186,0.59112817
1457,-0.07757203,-0.22146533,-1.00000000,-0.36031335,-0.08150636
1458,0.06457477,-0.01725592,-1.00000000,-0.71712314,0.06572003
1459,0.02750817,-0.69085026,-1.00000000,0.45983070,-0.12998515
1460,0.03333103,0.84026112,1.00000000,0.21521589,0.27060948
1461,-0.03312170,0.44100419,1.00000000,-0.48239534,0.16299938
1462,-0.00681444,0.50372420,1.00000000,-0.37280630,0.58401320
1463,0.02901140,-0.21206062,-1.00000000,-0.37674596,0.37240810
1464,0.03180781,0.07130378,-1.00000000,-0.87186121,0.39799135
1465,-0.00613800,0.45719606,1.00000000,-0.45410371,0.16314721
1466,-0.02225696,0.48731711,1.00000000,-0.40147398,0.22779332
1467,-0.00721503,0.07858990,-1.00000000,-0.88459205,0.22540979
1468,0.00201561,-0.09503288,-1.00000000,-0.58122549,0.06478248
1469,-0.04060073,0.06698892,-1.00000000,-0.86432196,-0.36605462
1470,0.00296418,0.16641521,1.00000000,-0.96217751,-0.31189583
1471,-0.02163158,-0.29261984,-1.00000000,-0.23598694,-0.30817477
1472,0.00897635,0.17663262,1.00000000,-0.94432490,-0.21183469
1473,-0.00818806,-0.08829670,-1.00000000,-0.59299544,-0.27254741
1474,0.00094191,0.24139169,1.00000000,-0.83117307,-0.02536508
1475,-0.01810569,0.05650803,-1.00000000,-0.84600898,-0.15073267
1476,0.01841252,0.15485006,1.00000000,-0.98238501,0.08753322
1477,0.02438053,-0.05031815,-1.00000000,-0.65935437,0.17918947
1478,-0.01145340,0.34303192,1.00000000,-0.65357974,0.15976043
1479,-0.00116243,0.40731541,1.00000000,-0.54125887,0.14723942
1480,0.01943039,0.02133599,-1.00000000,-0.78455378,0.37058237
1481,-0.00995963,0.13218348,-1.00000000,-0.97823472,0.20176559
1482,-0.01009315,0.35399573,1.00000000,-0.63442296,-0.00335582
1483,-0.04397378,0.03742582,-1.00000000,-0.81266712,-0.19685495
1484,-0.01113242,0.03598766,-1.00000000,-0.81015427,-0.25617725
1485,-0.00867006,-0.32895213,-1.00000000,-0.17250447,-0.42337733
1486,-0.02299054,0.02479334,-1.00000000,-0.79059473,-0.50091235
1487,0.00282588,0.05131630,-1.00000000,-0.83693760,-0.42404297
1488,0.00448165,-0.10293448,-1.00000000,-0.56741922,-0.13572892
1489,-0.01603814,0.17514298,1.00000000,-0.94692771,-0.16491837
1490,-0.00232060,0.19297781,1.00000000,-0.91576538,-0.12713856
1491,0.00954399,-0.02804782,-1.00000000,-0.69826674,0.06644472
1492,0.00895637,0.11970845,-1.00000000,-0.95643743,0.10292162
1493,-0.00858926,0.24750597,1.00000000,-0.82048975,0.02514855
1494,-0.01227970,0.24117648,1.00000000,-0.83154909,0.04751159
1495,0.00627769,0.05218657,-1.00000000,-0.83845820,0.09867215
1496,0.00861721,0.01243560,-1.00000000,-0.76900236,0.09315775
1497,-0.01660969,0.21232355,1.00000000,-0.88196308,-0.05896252
1498,0.00308520,0.23752333,1.00000000,-0.83793214,0.01050153
1499,0.01311311,-0.03420422,-1.00000000,-0.68750982,0.16159093
1500,-0.02567818,0.17793614,1.00000000,-0.94204729,-0.02854928
1501,0.02532975,0.28595013,1.00000000,-0.75331726,0.07089174
1502,-0.01048422,-0.13188399,-1.00000000,-0.51683650,0.10733881
1503,0.00230221,0.41753969,1.00000000,-0.52339425,0.10267997
1504,0.01040233,0.03177528,-1.00000000,-0.80279408,0.08655060
1505,0.00485516,0.16950232,1.00000000,-0.95678349,0.26822661
1506,-0.00703347,0.25675141,1.00000000,-0.80433542,0.07566265
1507,0.03381390,0.19700095,1.00000000,-0.90873585,0.33924036
1508,-0.00230844,0.06894450,-1.00000000,-0.86773889,0.31180658
1509,-0.01934087,0.50892545,1.00000000,-0.36371830,0.13483196
1510,0.00183440,0.11983943,-1.00000000,-0.95666627,0.11685818
1511,0.01712753,-0.06362268,-1.00000000,-0.63610770,0.26061824
1512,-0.01561258,0.16446333,1.00000000,-0.96558799,-0.03347364
1513,-0.00208939,0.32919084,1.00000000,-0.67776390,-0.03217025
1514,-0.02049446,-0.02346399,-1.00000000,-0.70627594,-0.03903419
1515,0.01118919,0.12219894,-1.00000000,-0.96078899,0.01662763
1516,0.04593904,-0.07604836,-1.00000000,-0.61439665,0.18805863
1517,-0.00796051,0.26522696,1.00000000,-0.78952633,0.23358912
1518,-0.01134714,0.63952942,1.00000000,-0.13551738,0.17850469
1519,0.00837854,0.05895906,-1.00000000,-0.85029160,0.35030157
1520,0.02012281,0.02248054,-1.00000000,-0.78655363,0.40345740
1521,-0.03453216,0.23495256,1.00000000,-0.84242399,-0.07535322
1522,0.02548639,0.36145404,1.00000000,-0.62139125,0.12365874
1523,0.00507202,-0.22725317,-1.00000000,-0.35020042,0.22135416
1524,0.00646985,0.41922698,1.00000000,-0.52044609,0.20999728
1525,0.00893608,0.19933686,1.00000000,-0.90465438,0.14343524
1526,0.00996491,0.21439340,1.00000000,-0.87834648,0.40819662
1527,-0.01971666,0.24095793,1.00000000,-0.83193096,0.13923453
1528,-0.02913461,0.25203979,1.00000000,-0.81256792,-0.06429790
1529,-0.01185988,-0.06767044,-1.00000000,-0.62903517,-0.17336143
1530,-0.00770231,-0.16911440,-1.00000000,-0.45178478,-0.27236128
1531,0.01337272,0.01695759,-1.00000000,-0.77690351,-0.25208446
1532,-0.01034030,0.06174021,-1.00000000,-0.85515103,-0.19629432
1533,0.01449194,0.28874656,1.00000000,-0.74843113,0.06328748
1534,0.01278516,0.03332550,-1.00000000,-0.80550274,0.20992761
1535,-0.00384197,0.30080204,1.00000000,-0.72736691,0.23289700
1536,0.01728044,0.28241769,1.00000000,-0.75948941,0.25614823
1537,-0.01098884,0.10332130,-1.00000000,-0.92780457,0.25228939
1538,0.01235595,0.33083787,1.00000000,-0.67488609,0.23958007
1539,-0.01532358,0.02633990,-1.00000000,-0.79329698,0.07233061
1540,0.00056802,0.27779457,1.00000000,-0.76756726,0.09857038
1541,0.00083549,-0.02035111,-1.00000000,-0.71171500,0.00072153
1542,-0.00690464,0.15082270,1.00000000,-0.98942190,0.02502287
1543,-0.02593469,0.15370378,1.00000000,-0.98438788,-0.20280976
1544,-0.00439621,0.07033220,-1.00000000,-0.87016359,-0.13779096
1545,0.01714333,-0.13464690,-1.00000000,-0.51200895,-0.03916637
1546,0.02234500,0.09735130,-1.00000000,-0.91737336,0.08881710
1547,0.01562427,0.32936109,1.00000000,-0.67746643,0.22286605
1548,0.00166147,0.38539004,1.00000000,-0.57956850,0.38706560
1549,0.01944831,0.31299869,1.00000000,-0.70605602,0.52894255
1550,-0.00534265,0.16260071,1.00000000,-0.96884250,0.39514902
1551,0.05546766,0.35418871,1.00000000,-0.63408578,0.59223166
1552,-0.01117925,0.08715696,-1.00000000,-0.89956105,0.43274842
1553,-0.00515420,0.74216534,1.00000000,0.04381570,0.39219460
1554,0.01090633,0.02428893,-1.00000000,-0.78971338,0.34136910
1555,0.03579948,0.08918683,-1.00000000,-0.90310778,0.58616829
1556,0.00210419,0.26218018,1.00000000,-0.79484987,0.26865104
1557,0.01836306,0.53031271,1.00000000,-0.32634888,0.44443036
1558,-0.00565315,0.16736935,1.00000000,-0.96051037,0.44146152
1559,0.02268710,0.34249919,1.00000000,-0.65451056,0.51155812
1560,-0.00831953,0.08381238,-1.00000000,-0.89371716,0.24904620
1561,0.00206707,0.38907485,1.00000000,-0.57313012,0.24882534
1562,-0.00174789,0.05509192,-1.00000000,-0.84353464,0.12916342
1563,0.01423698,0.16696953,1.00000000,-0.96120896,0.24751145
1564,0.02099563,0.12587728,-1.00000000,-0.96721605,0.23744707
1565,0.00856996,0.29805579,1.00000000,-0.73216536,0.33794100
1566,0.00175409,0.37085547,1.00000000,-0.60496437,0.33607874
1567,-0.02127767,0.23701434,1.00000000,-0.83882149,0.21987489
1568,-0.02325560,0.16359832,1.00000000,-0.96709939,-0.00320925
1569,-0.01381746,-0.08448454,-1.00000000,-0.59965632,-0.21035018
1570,-0.01068300,-0.10578957,-1.00000000,-0.56243059,-0.32490697
1571,-0.00409627,-0.00412817,-1.00000000,-0.74006091,-0.35971716
1572,-0.00370344,0.02963416,-1.00000000,-0.79905296,-0.25514899
1573,-0.00442000,0.10058205,-1.00000000,-0.92301836,-0.14307550
1574,-0.00244005,0.10481340,-1.00000000,-0.93041169,-0.07537891
1575,-0.00023391,0.09709512,-1.00000000,-0.91692574,-0.01320593
1576,-0.00103793,0.11842179,-1.00000000,-0.95418928,0.00499151
1577,-0.00261558,0.14218485,-1.00000000,-0.99570984,0.01146437
1578,-0.02066615,0.13352455,-1.00000000,-0.98057793,-0.08520167
1579,0.01361332,0.11653111,-1.00000000,-0.95088574,0.01031731
1580,-0.00481875,-0.07789774,-1.00000000,-0.61116527,-0.01696287
1581,-0.00516654,0.29133814,1.00000000,-0.74390294,-0.04152847
1582,-0.02404190,0.09280002,-1.00000000,-0.90942102,-0.16901691
1583,0.00022373,0.08905387,-1.00000000,-0.90287548,-0.04472027
1584,0.00579980,-0.11425901,-1.00000000,-0.54763217,-0.09121140
1585,0.00047420,0.14711432,1.00000000,-0.99590146,-0.05971787
1586,0.00584285,0.20717605,1.00000000,-0.89095716,0.00578892
1587,0.00867123,0.14981221,1.00000000,-0.99118750,0.20043486
1588,0.01018545,0.20763968,1.00000000,-0.89014707,0.25970794
1589,-0.00002455,0.23810516,1.00000000,-0.83691553,0.22505253
1590,0.00841541,0.25441536,1.00000000,-0.80841715,0.27230341
1591,0.00899078,0.14443997,-1.00000000,-0.99965015,0.29103389
1592,0.00444737,0.23534966,1.00000000,-0.84173014,0.26590154
1593,-0.00468055,0.24154714,1.00000000,-0.83090145,0.17744755
1594,0.00453384,0.19260850,1.00000000,-0.91641067,0.20457038
1595,-0.01483332,0.09428864,-1.00000000,-0.91202205,0.06623840
1596,0.00288625,0.19353995,1.00000000,-0.91478317,0.02991595
1597,-0.00507699,-0.01507032,-1.00000000,-0.72094198,-0.02675482
1598,-0.01194746,0.17579323,1.00000000,-0.94579154,-0.06999354
1599,0.02908488,0.09001838,-1.00000000,-0.90456074,0.07608726
1600,0.00928403,0.01601432,-1.00000000,-0.77525537,0.21958758
1601,0.02404429,0.45798750,1.00000000,-0.45272085,0.34547974
1602,0.02679387,0.24470582,1.00000000,-0.82538237,0.53511418
1603,0.00709728,0.40369365,1.00000000,-0.54758708,0.64843198
1604,-0.02188302,0.43331032,1.00000000,-0.49583864,0.34516858
1605,-0.00891825,0.22115158,1.00000000,-0.86653809,0.23686343
1606,0.01607959,-0.09100499,-1.00000000,-0.58826331,0.18947276
1607,0.00334166,0.04864289,-1.00000000,-0.83226641,0.04993007
1608,0.02470195,0.31790314,1.00000000,-0.69748661,0.15467942
1609,0.00482963,0.18069859,1.00000000,-0.93722053,0.31362201
1610,0.00162149,0.41077753,1.00000000,-0.53520961,0.37633442
1611,-0.00204336,0.19672603,1.00000000,-0.90921620,0.26850129
1612,-0.00732420,0.16217008,1.00000000,-0.96959493,0.20503848
1613,0.00744510,0.12269468,-1.00000000,-0.96165518,0.10235872
1614,-0.02275648,0.06581296,-1.00000000,-0.86226724,-0.06178104
1615,-0.00363829,0.22489814,1.00000000,-0.85999182,-0.09307719
1616,-0.01389340,-0.10041334,-1.00000000,-0.57182435,-0.16358594
1617,-0.00583965,0.10551519,-1.00000000,-0.93163791,-0.15475275
1618,0.02121362,-0.00494608,-1.00000000,-0.73863181,-0.07282889
1619,0.01324740,0.08180354,-1.00000000,-0.89020715,0.14139734
1620,-0.00376541,0.37320347,1.00000000,-0.60086178,0.14064094
1621,-0.00456041,0.28739671,1.00000000,-0.75078970,0.19617303
1622,-0.00364102,0.10414589,-1.00000000,-0.92924537,0.20925508
1623,0.01195659,0.09558271,-1.00000000,-0.91428314,0.15417497
1624,0.00387244,0.10548574,-1.00000000,-0.93158646,0.09839313
1625,-0.01356025,0.27349290,1.00000000,-0.77508345,0.04011301
1626,-0.00388954,0.18641581,1.00000000,-0.92723100,0.04410476
1627,0.01037320,-0.00135760,-1.00000000,-0.74490186,0.12749060
1628,-0.00200596,0.10280891,-1.00000000,-0.92690930,0.04441220
1629,-0.00414995,0.25643767,1.00000000,-0.80488361,-0.00332173
1630,0.00482701,0.12309752,-1.00000000,-0.96235905,0.10608403
1631,-0.01097883,0.10000389,-1.00000000,-0.92200815,0.06390212
1632,0.00894897,0.19669776,1.00000000,-0.90926561,0.05542781
1633,-0.00342253,0.02644773,-1.00000000,-0.79348540,0.04699909
1634,0.00441149,0.24109677,1.00000000,-0.83168837,0.09794041
1635,-0.00646285,0.10783916,-1.00000000,-0.93569853,0.03076476
1636,0.00403723,0.19222207,1.00000000,-0.91708586,0.12011160
1637,0.01512690,0.07509083,-1.00000000,-0.87847822,0.15687083
1638,-0.00313418,0.18819077,1.00000000,-0.92412964,0.15858656
1639,0.00466322,0.30764137,1.00000000,-0.71541673,0.16008438
1640,-0.01201992,0.11094513,-1.00000000,-0.94112549,0.12701933
1641,0.01120505,0.19493354,1.00000000,-0.91234818,0.16966850
1642,0.00431663,0.01523375,-1.00000000,-0.77389150,0.10534645
1643,0.00495039,0.26539783,1.00000000,-0.78922776,0.15345031
1644,0.00190604,0.19120028,1.00000000,-0.91887121,0.13704488
1645,0.00000596,0.19802671,1.00000000,-0.90694356,0.20859994
1646,-0.00499162,0.16523507,1.00000000,-0.96423954,0.11222834
1647,0.00409494,0.14476864,1.00000000,-1.00000000,0.11090928
1648,-0.00697414,0.09093798,-1.00000000,-0.90616752,0.03995731
1649,-0.00395970,0.18881242,1.00000000,-0.92304346,0.00505560
1650,0.01123567,0.06958359,-1.00000000,-0.86885555,0.07187332
1651,0.00287345,0.10205311,-1.00000000,-0.92558871,0.11867120
1652,-0.02597804,0.26572760,1.00000000,-0.78865156,-0.06026567
1653,-0.00815709,0.17565536,1.00000000,-0.94603244,-0.06730433
1654,0.00444449,-0.13511390,-1.00000000,-0.51119297,-0.01729864
1655,0.00570524,0.05684163,-1.00000000,-0.84659186,-0.05020517
1656,-0.00938462,0.19257754,1.00000000,-0.91646476,-0.12314175
1657,0.00935736,0.20615748,1.00000000,-0.89273689,0.08710695
1658,0.02747363,0.04361954,-1.00000000,-0.82348924,0.29911283
1659,0.01181218,0.24549569,1.00000000,-0.82400226,0.34295123
1660,0.01237833,0.44063221,1.00000000,-0.48304529,0.38265670
1661,-0.00981692,0.27193744,1.00000000,-0.77780128,0.38008444
1662,0.00921367,0.27803560,1.00000000,-0.76714611,0.37922950
1663,-0.00278765,0.03896302,-1.00000000,-0.81535303,0.19917225
1664,0.00224573,0.24394802,1.00000000,-0.82670646,0.14225105
1665,-0.00577032,0.11467767,-1.00000000,-0.94764727,0.03426499
1666,-0.00131000,0.16889398,1.00000000,-0.95784643,0.08488192
1667,-0.00653633,0.08255030,-1.00000000,-0.89151196,-0.00883197
1668,0.00717597,0.13059397,-1.00000000,-0.97545741,0.05045242
1669,-0.00572432,0.07429939,-1.00000000,-0.87709535,0.00302988
1670,0.00071517,0.22199917,1.00000000,-0.86505711,0.04161911
1671,0.00026907,0.08304577,-1.00000000,-0.89237768,0.05101470
1672,0.00073889,0.15240771,1.00000000,-0.98665245,0.09430287
1673,-0.00796179,0.14760265,1.00000000,-0.99504821,0.00423194
1674,-0.01646199,0.15266322,1.00000000,-0.98620601,-0.05965808
1675,-0.00479854,0.05894532,-1.00000000,-0.85026759,-0.09246512
1676,-0.00935815,-0.03261323,-1.00000000,-0.69028972,-0.14974793
1677,0.00337166,0.09301770,-1.00000000,-0.90980136,-0.13408268
1678,-0.01132381,0.04390457,-1.00000000,-0.82398727,-0.15408701
1679,-0.00378797,0.18102175,1.00000000,-0.93665589,-0.07867554
1680,-0.00186088,0.02273183,-1.00000000,-0.78699270,-0.06119617
1681,-0.00012270,0.10390286,-1.00000000,-0.92882072,-0.00624441
1682,-0.00229510,0.12466030,-1.00000000,-0.96508965,-0.03996215
1683,0.01731451,0.14338279,-1.00000000,-0.99780298,0.13043833
1684,-0.00039183,0.11998311,-1.00000000,-0.95691732,0.15064567
1685,0.00157654,0.33120488,1.00000000,-0.67424482,0.17109859
1686,-0.00454775,0.14048386,-1.00000000,-0.99273775,0.14476918
1687,0.01274939,0.16168586,1.00000000,-0.97044099,0.23428518
1688,-0.01414059,0.09571911,-1.00000000,-0.91452147,0.04712458
1689,0.01849510,0.28203237,1.00000000,-0.76016267,0.15950348
1690,0.01290403,-0.00760871,-1.00000000,-0.73397946,0.22690301
1691,-0.00211222,0.34392143,1.00000000,-0.65202552,0.24139460
1692,0.01086451,0.28369806,1.00000000,-0.75725224,0.23017944
1693,-0.01493188,0.12195299,-1.00000000,-0.96035925,0.22547120
1694,-0.01530150,0.26172976,1.00000000,-0.79563688,0.02437848
1695,0.00241013,-0.01613196,-1.00000000,-0.71908701,-0.03806111
1696,-0.01691718,-0.02011324,-1.00000000,-0.71213062,-0.12615189
1697,-0.00472777,0.17066474,1.00000000,-0.95475242,-0.21892730
1698,0.01174829,-0.03751622,-1.00000000,-0.68172284,-0.06017795
1699,-0.00139199,0.09378004,-1.00000000,-0.91113339,0.02258483
1700,0.01703633,0.27124925,1.00000000,-0.77900374,0.10961196
1701,0.02289437,0.12971078,-1.00000000,-0.97391423,0.34649413
1702,-0.00889939,0.32820846,1.00000000,-0.67948038,0.32167259
1703,0.03392225,0.39130748,1.00000000,-0.56922910,0.45360955
1704,-0.04939977,0.04884603,-1.00000000,-0.83262135,0.16795912
1705,0.00114848,0.51009246,1.00000000,-0.36167921,0.07342503
1706,0.00888347,-0.38739727,-1.00000000,-0.07038479,-0.00994105
1707,0.03086414,0.15707504,1.00000000,-0.97849735,0.22665540
1708,-0.02608949,0.24039130,1.00000000,-0.83292103,-0.13041965
1709,-0.00111095,0.47715250,1.00000000,-0.41923433,0.15690302
1710,-0.01566115,-0.13631433,-1.00000000,-0.50909548,0.05688431
1711,-0.01839997,0.13273798,-1.00000000,-0.97920357,-0.10545452
1712,-0.00251656,-0.02398710,-1.00000000,-0.70536193,-0.30407254
1713,0.00998857,-0.05348788,-1.00000000,-0.65381598,-0.08940495
1714,-0.01439103,0.11759774,-1.00000000,-0.95274943,-0.16842255
1715,0.01823978,0.25229470,1.00000000,-0.81212252,0.03329091
1716,0.01989593,-0.01030622,-1.00000000,-0.72926617,0.26115481
1717,-0.00336924,0.34117128,1.00000000,-0.65683078,0.25608123
1718,0.01375278,0.35901020,1.00000000,-0.62566131,0.27847860
1719,0.00009192,0.10841314,-1.00000000,-0.93670142,0.36465337
1720,-0.01983093,0.29284027,1.00000000,-0.74127830,0.13812935
1721,0.00509012,0.14569448,1.00000000,-0.99838232,0.05003350
1722,-0.03777916,-0.06890123,-1.00000000,-0.62688463,-0.15470851
1723,0.01459138,0.19953180,1.00000000,-0.90431377,-0.14971874
1724,0.01212985,-0.26222778,-1.00000000,-0.28909019,-0.07809196
1725,0.00008115,0.30187317,1.00000000,-0.72549536,0.04038664
1726,0.01180706,0.27535920,1.00000000,-0.77182253,0.08035300
1727,0.01240858,0.14557853,1.00000000,-0.99858491,0.37897442
1728,0.00228449,0.27188221,1.00000000,-0.77789777,0.30574731
1729,-0.00836011,0.27836140,1.00000000,-0.76657685,0.18383022
1730,0.03049421,0.16931140,1.00000000,-0.95711707,0.36479054
1731,0.00123571,0.05465479,-1.00000000,-0.84277085,0.30189010
1732,0.00245737,0.47316788,1.00000000,-0.42619657,0.24267955
1733,-0.01951435,0.15801463,1.00000000,-0.97685563,0.11297456
1734,0.00582272,0.17117356,1.00000000,-0.95386338,0.19736363
1735,-0.01249568,-0.06549129,-1.00000000,-0.63284273,-0.05842993
1736,-0.01084854,0.20742287,1.00000000,-0.89052591,-0.13033226
1737,-0.00353611,0.01010921,-1.00000000,-0.76493752,-0.16599397
1738,-0.00879956,0.02785109,-1.00000000,-0.79593745,-0.10224002
1739,0.00617367,0.10661579,-1.00000000,-0.93356096,-0.10015181
1740,-0.00755436,0.04992137,-1.00000000,-0.83450028,-0.07075051
1741,0.00266816,0.21120312,1.00000000,-0.88392076,0.00967502
1742,-0.00405607,0.06333387,-1.00000000,-0.85793558,0.00658119
1743,0.00022203,0.17344404,1.00000000,-0.94989622,0.06026044
1744,-0.00358589,0.10101507,-1.00000000,-0.92377497,0.00219018
1745,-0.01397096,0.14709600,1.00000000,-0.99593347,-0.03598913
1746,0.00060010,0.10607954,-1.00000000,-0.93262398,-0.04829427
1747,-0.00057739,-0.00578149,-1.00000000,-0.73717211,-0.02759580
1748,0.01075955,0.15116826,1.00000000,-0.98881811,0.03510333
1749,-0.00961320,0.13848517,-1.00000000,-0.98924549,-0.00075967
1750,0.00072138,0.26059915,1.00000000,-0.79761237,0.08666103
1751,0.00182231,0.04115737,-1.00000000,-0.81918716,0.09393330
1752,0.01392126,0.15247468,1.00000000,-0.98653544,0.18020153
1753,0.00802960,0.16433313,1.00000000,-0.96581549,0.16395809
1754,-0.00907556,0.29465505,1.00000000,-0.73810738,0.16715712
1755,-0.00156264,0.23119395,1.00000000,-0.84899132,0.15356697
1756,-0.01539374,0.04694850,-1.00000000,-0.82930586,0.05112997
1757,0.00131868,0.12787267,-1.00000000,-0.97070255,-0.02385649
1758,-0.01671326,-0.02110681,-1.00000000,-0.71039459,-0.17107867
1759,-0.00067463,0.15890837,1.00000000,-0.97529403,-0.12109243
1760,0.01000895,-0.03531983,-1.00000000,-0.68556055,-0.05224043
1761,-0.00331588,0.13743773,-1.00000000,-0.98741533,0.01962392
1762,-0.00074078,0.25251425,1.00000000,-0.81173890,0.00736998
1763,0.00898059,0.10898799,-1.00000000,-0.93770584,0.16025066
1764,-0.00423030,0.13672526,-1.00000000,-0.98617045,0.13909414
1765,-0.00290988,0.24143744,1.00000000,-0.83109313,0.06222596
1766,-0.00304217,0.09913844,-1.00000000,-0.92049598,0.06385451
1767,0.01343937,0.11336112,-1.00000000,-0.94534690,0.14822762
1768,-0.00921923,0.11193612,-1.00000000,-0.94285703,0.03993708
1769,-0.00466246,0.28946445,1.00000000,-0.74717679,0.03736565
1770,0.00988774,0.04540094,-1.00000000,-0.82660184,0.11351262
1771,0.01349187,0.09448344,-1.00000000,-0.91236241,0.21189162
1772,-0.00560268,0.25120867,1.00000000,-0.81402011,0.09858978
1773,-0.00418245,0.29002991,1.00000000,-0.74618877,0.12855905
1774,-0.04260519,0.08435609,-1.00000000,-0.89466716,-0.09720344
1775,0.00529987,0.09965379,-1.00000000,-0.92139644,-0.12450168
1776,0.00580632,-0.31421050,-1.00000000,-0.19826214,-0.17023138
1777,0.00048918,0.20179113,1.00000000,-0.90036609,-0.13398432
1778,-0.00947807,0.20724623,1.00000000,-0.89083454,-0.16549368
1779,0.00750068,0.14997352,1.00000000,-0.99090565,0.13264060
1780,0.02368455,0.04261294,-1.00000000,-0.82173045,0.24203102
1781,-0.01367542,0.22549682,1.00000000,-0.85894576,0.12611302
1782,0.01518273,0.39981873,1.00000000,-0.55435762,0.21354095
1783,-0.00560754,-0.00259813,-1.00000000,-0.74273432,0.23657095
1784,0.00054976,0.30824279,1.00000000,-0.71436587,0.19521237
1785,0.01294068,0.08430375,-1.00000000,-0.89457571,0.13128539
1786,0.01722834,0.15062610,1.00000000,-0.98976542,0.31516541
1787,0.00453408,0.28409283,1.00000000,-0.75656248,0.25180499
1788,-0.03798338,0.33027669,1.00000000,-0.67586663,0.05916589
1789,-0.04931252,0.19354252,1.00000000,-0.91477868,-0.23751903
1790,-0.02116027,-0.26442748,-1.00000000,-0.28524672,-0.44042259
1791,0.02962299,-0.38645748,-1.00000000,-0.07202687,-0.36667337
1792,-0.00913109,-0.08321999,-1.00000000,-0.60186585,-0.44798230
1793,-0.00097653,0.46378364,1.00000000,-0.44259341,-0.22778835
1794,-0.00003190,0.04635035,-1.00000000,-0.82826073,0.06543563
1795,0.00226288,0.13418584,-1.00000000,-0.98173338,0.20480538
1796,-0.00859735,0.14436081,-1.00000000,-0.99951185,-0.02260892
1797,0.01447644,0.16907868,1.00000000,-0.95752371,0.11785794
1798,-0.02757656,0.05209946,-1.00000000,-0.83830600,-0.04041454
1799,-0.03180432,0.30063507,1.00000000,-0.72765866,-0.22946321
1800,-0.00385863,-0.15233209,-1.00000000,-0.48110807,-0.26588674
1801,0.01763951,-0.19787072,-1.00000000,-0.40153960,-0.10977515
1802,0.00300975,0.10314178,-1.00000000,-0.92749091,-0.17800296
1803,-0.01945366,0.33470559,1.00000000,-0.66812812,-0.12967099
1804,-0.02544512,0.17712343,1.00000000,-0.94346733,-0.09183321
1805,0.01299482,-0.06483756,-1.00000000,-0.63398499,0.00844629
1806,-0.01124941,-0.12937365,-1.00000000,-0.52122276,-0.16344531
1807,0.01360376,0.28467604,1.00000000,-0.75554346,-0.10040999
1808,-0.02046238,0.02353318,-1.00000000,-0.78839288,-0.10641194
1809,-0.00552441,0.29123518,1.00000000,-0.74408283,0.01211804
1810,0.01964424,-0.07570278,-1.00000000,-0.61500047,0.05168267
1811,0.00055036,0.08519913,-1.00000000,-0.89614018,0.12189236
1812,-0.01831832,0.35629921,1.00000000,-0.63039815,-0.06804681
1813,-0.01226094,0.15063256,1.00000000,-0.98975413,-0.01924758
1814,0.00599144,-0.05260842,-1.00000000,-0.65535265,0.04927271
1815,0.01005613,0.01263762,-1.00000000,-0.76935535,-0.00777737
1816,0.00602996,0.20924024,1.00000000,-0.88735047,0.02482673
1817,-0.00786962,0.25302244,1.00000000,-0.81085096,0.08699743
1818,0.00269675,0.20965520,1.00000000,-0.88662541,0.17599704
1819,-0.00975654,0.05993812,-1.00000000,-0.85200228,0.08229518
1820,0.01343069,0.17375207,1.00000000,-0.94935801,0.10237406
1821,0.02598124,0.03961339,-1.00000000,-0.81648940,0.22108591
1822,0.01376922,0.28937088,1.00000000,-0.74734028,0.34983888
1823,-0.00237404,0.42455720,1.00000000,-0.51113274,0.31966719
1824,0.01416722,0.29301740,1.00000000,-0.74096881,0.46201567
1825,-0.02434883,0.11913279,-1.00000000,-0.95543159,0.23722428
1826,-0.01175850,0.29730437,1.00000000,-0.73347830,0.01266951
1827,-0.00263848,-0.11756508,-1.00000000,-0.54185556,-0.08495773
1828,0.00619555,0.01804958,-1.00000000,-0.77881153,-0.03396789
1829,-0.01642301,0.11628449,-1.00000000,-0.95045483,-0.21598243
1830,-0.00068488,0.21143882,1.00000000,-0.88350893,-0.07517987
1831,-0.00475007,-0.03219340,-1.00000000,-0.69102327,-0.03347909
1832,0.01494350,0.13732735,-1.00000000,-0.98722246,0.07113522
1833,0.00944058,0.09353979,-1.00000000,-0.91071360,0.09044340
1834,-0.00748371,0.30566597,1.00000000,-0.71886829,0.14363302
1835,-0.00781967,0.24639209,1.00000000,-0.82243600,0.10118041
1836,0.01061357,0.06409486,-1.00000000,-0.85926525,0.19259538
1837,0.01304741,0.06047611,-1.00000000,-0.85294230,0.18131348
1838,-0.00319188,0.25902673,1.00000000,-0.80035983,0.10614927
1839,0.00387789,0.28524254,1.00000000,-0.75455362,0.17375173
1840,-0.00860535,0.11032361,-1.00000000,-0.94003954,0.16907687
1841,0.00219653,0.18647444,1.00000000,-0.92712855,0.11899479
1842,0.01927804,0.05201328,-1.00000000,-0.83815542,0.15606755
1843,-0.00475318,0.16836401,1.00000000,-0.95877242,0.14677767
1844,-0.00666624,0.35235471,1.00000000,-0.63729028,0.08403922
1845,0.00504556,0.09350630,-1.00000000,-0.91065509,0.16526330
1846,0.00697349,0.07290011,-1.00000000,-0.87465044,0.19368662
1847,-0.00983056,0.19905183,1.00000000,-0.90515240,0.02048795
1848,0.00619516,0.21981826,1.00000000,-0.86886776,0.08563155
1849,0.01890683,0.03881614,-1.00000000,-0.81509640,0.23779354
1850,0.01556572,0.21143464,1.00000000,-0.88351625,0.30038943
1851,-0.01077225,0.34835634,1.00000000,-0.64427651,0.19480072
1852,-0.04184976,0.31236808,1.00000000,-0.70715787,0.00428369
1853,0.00210529,0.02867285,-1.00000000,-0.79737329,-0.02005142
1854,0.00074201,-0.30607355,-1.00000000,-0.21247963,-0.12813371
1855,-0.00463757,0.16738120,1.00000000,-0.96048966,-0.24834506
1856,0.00439894,0.15269683,1.00000000,-0.98614728,-0.15807516
1857,0.00092543,0.09475156,-1.00000000,-0.91283090,0.09644096
1858,-0.00680111,0.19208688,1.00000000,-0.91732207,0.04344713
1859,0.01566810,0.15467259,1.00000000,-0.98269509,0.13225866
1860,0.00906568,0.07144738,-1.00000000,-0.87211211,0.21379417
1861,0.00290460,0.31347082,1.00000000,-0.70523108,0.20490275
1862,-0.00054194,0.24235389,1.00000000,-0.82949183,0.19617176
1863,-0.01680353,0.17599090,1.00000000,-0.94544617,0.13665649
1864,0.00095664,0.13886703,-1.00000000,-0.98991271,0.04912207
1865,-0.01178520,-0.03629208,-1.00000000,-0.68386175,-0.07494244
1866,-0.00129096,0.15500876,1.00000000,-0.98210771,-0.09990641
1867,-0.00501008,0.01776206,-1.00000000,-0.77830915,-0.12649226
1868,0.00672570,0.13079905,-1.00000000,-0.97581573,0.01350869
1869,0.00417766,0.09073913,-1.00000000,-0.90582009,0.03267400
1870,0.00802517,0.21714921,1.00000000,-0.87353132,0.15054742
1871,0.00442489,0.18970339,1.00000000,-0.92148669,0.18455722
1872,0.02127619,0.23114629,1.00000000,-0.84907458,0.34096282
1873,0.00561180,0.19236640,1.00000000,-0.91683368,0.33433501
1874,0.00086669,0.37387748,1.00000000,-0.59968410,0.31463446
1875,-0.01133009,0.20515100,1.00000000,-0.89449548,0.19946899
1876,-0.00156868,0.15403984,1.00000000,-0.98380068,0.16380676
1877,-0.01153021,0.02266422,-1.00000000,-0.78687457,-0.03139414
1878,0.00898827,0.12780767,-1.00000000,-0.97058898,-0.01130386
1879,0.00998704,0.02050866,-1.00000000,-0.78310821,0.04296298
1880,0.00712858,0.24152009,1.00000000,-0.83094872,0.15279361
1881,0.01364961,0.25227817,1.00000000,-0.81215141,0.24334374
1882,-0.00707985,0.22148872,1.00000000,-0.86594901,0.26982375
1883,0.00152052,0.29172900,1.00000000,-0.74321999,0.22538999
1884,0.00966571,0.06844497,-1.00000000,-0.86686608,0.22347805
1885,-0.00924026,0.16108241,1.00000000,-0.97149538,0.12608205
1886,-0.00652623,0.24881703,1.00000000,-0.81819897,0.00603403
1887,-0.00061106,0.04517442,-1.00000000,-0.82620604,0.04452388
1888,0.00839455,0.07440815,-1.00000000,-0.87728538,0.08542496
1889,0.00595417,0.13812248,-1.00000000,-0.98861177,0.06334101
1890,-0.00258842,0.23512493,1.00000000,-0.84212281,0.10292004
1891,0.01310204,0.20883884,1.00000000,-0.88805182,0.21970994
1892,-0.02708286,0.11682365,-1.00000000,-0.95139688,0.06220045
1893,0.01533234,0.28583088,1.00000000,-0.75352562,0.10348089
1894,-0.02165610,-0.14701422,-1.00000000,-0.49039984,-0.06080266
1895,0.01300897,0.30985420,1.00000000,-0.71155031,0.03200319
1896,-0.01707679,-0.08856083,-1.00000000,-0.59253393,-0.14756345
1897,0.00709259,0.28482847,1.00000000,-0.75527711,0.05578341
1898,0.00180908,-0.03923551,-1.00000000,-0.67871879,-0.02468112
1899,-0.01086576,0.22110109,1.00000000,-0.86662631,0.03952238
1900,0.00185083,0.16419064,1.00000000,-0.96606446,-0.02686954
1901,0.00896175,0.02766567,-1.00000000,-0.79561347,0.12806203
1902,-0.00143677,0.16464031,1.00000000,-0.96527875,0.07731159
1903,-0.03167835,0.24123443,1.00000000,-0.83144784,-0.12194154
1904,-0.02985317,0.12922846,-1.00000000,-0.97307148,-0.23491827
1905,-0.01360203,-0.19651387,-1.00000000,-0.40391040,-0.32686410
1906,-0.00033044,-0.17685415,-1.00000000,-0.43826130,-0.38215343
1907,-0.01489826,-0.00180763,-1.00000000,-0.74411554,-0.46225045
1908,0.00644882,0.14114511,-1.00000000,-0.99389314,-0.23539047
1909,-0.01224539,-0.01576979,-1.00000000,-0.71971981,-0.13062267
1910,0.00440283,0.21416684,1.00000000,-0.87874234,-0.02349219
1911,-0.00800306,0.01280517,-1.00000000,-0.76964811,-0.06914495
1912,-0.00160165,0.19212884,1.00000000,-0.91724876,0.00997105
1913,0.00580313,0.05850071,-1.00000000,-0.84949073,0.00612913
1914,-0.00658494,0.12745253,-1.00000000,-0.96996846,0.03980928
1915,-0.00078361,0.20721187,1.00000000,-0.89089457,0.00894948
1916,-0.00035158,0.07377576,-1.00000000,-0.87618042,0.05447650
1917,0.00226014,0.13626388,-1.00000000,-0.98536429,0.07745446
1918,-0.00483978,0.14091748,-1.00000000,-0.99349541,0.01412825
1919,-0.00477323,0.16904914,1.00000000,-0.95757532,0.02490811
1920,-0.00748733,0.09257354,-1.00000000,-0.90902529,-0.01497960
1921,-0.00144720,0.09329036,-1.00000000,-0.91027777,-0.02149868
1922,0.00544256,0.06405583,-1.00000000,-0.85919705,-0.00256301
1923,0.00253391,0.12911611,-1.00000000,-0.97287518,0.04131106
1924,0.00289435,0.20332807,1.00000000,-0.89768064,0.08693383
1925,-0.00121449,0.17199801,1.00000000,-0.95242284,0.12425776
1926,-0.00147340,0.17588046,1.00000000,-0.94563913,0.12410188
1927,0.00415171,0.13162270,-1.00000000,-0.97725488,0.11642119
1928,0.01244719,0.12883392,-1.00000000,-0.97238212,0.17540608
1929,-0.01104310,0.18942385,1.00000000,-0.92197512,0.09247702
1930,0.01283856,0.27877732,1.00000000,-0.76585012,0.17609392
1931,0.00623876,0.02575542,-1.00000000,-0.79227573,0.22198197
1932,-0.01680634,0.28299294,1.00000000,-0.75848428,0.09727977
1933,0.00349307,0.21190426,1.00000000,-0.88269569,0.04400198
1934,0.00394236,-0.03632238,-1.00000000,-0.68380881,0.13316678
1935,0.00146941,0.18232945,1.00000000,-0.93437098,0.06551932
1936,-0.02861388,0.18716891,1.00000000,-0.92591511,-0.14185692
1937,0.02664147,0.16053191,1.00000000,-0.97245725,0.11666133
1938,0.00612685,-0.16350536,-1.00000000,-0.46158530,0.13233255
1939,0.00225813,0.43166874,1.00000000,-0.49870694,0.12231126
1940,0.00814692,0.21069879,1.00000000,-0.88480197,0.16204302
1941,0.00943737,0.16902755,1.00000000,-0.95761304,0.38845127
1942,0.00117653,0.23245763,1.00000000,-0.84678332,0.23693269
1943,-0.00650554,0.24635758,1.00000000,-0.82249630,0.16176889
1944,0.00333357,0.15737727,1.00000000,-0.97796927,0.16816781
1945,0.01074630,0.07463106,-1.00000000,-0.87767488,0.18363434
1946,0.00780023,0.18061141,1.00000000,-0.93737286,0.17389318
1947,0.00021185,0.26045642,1.00000000,-0.79786177,0.16815320
1948,0.00991819,0.22872332,1.00000000,-0.85330818,0.26587579
1949,0.00913570,0.14698628,1.00000000,-0.99612518,0.30039897
1950,-0.00185901,0.25153659,1.00000000,-0.81344715,0.22539633
1951,0.00970142,0.24310813,1.00000000,-0.82817398,0.23670861
1952,-0.00179917,0.12468044,-1.00000000,-0.96512484,0.22474288
1953,-0.00474246,0.24920174,1.00000000,-0.81752677,0.13751075
1954,-0.01242850,0.12532493,-1.00000000,-0.96625095,0.00920189
1955,0.00763799,0.09362177,-1.00000000,-0.91085685,0.06570981
1956,-0.02200966,0.01083281,-1.00000000,-0.76620186,-0.12297388
1957,0.02959895,0.22697575,1.00000000,-0.85636167,0.06384764
1958,-0.00457708,-0.09236908,-1.00000000,-0.58587987,0.06483167
1959,-0.00279359,0.46352469,1.00000000,-0.44304586,0.12216025
1960,0.00902606,0.09540314,-1.00000000,-0.91396939,0.13041942
1961,0.00272021,0.11461376,-1.00000000,-0.94753561,0.27756427
1962,0.00163107,0.24192717,1.00000000,-0.83023743,0.11115299
1963,-0.01014255,0.17400470,1.00000000,-0.94891659,0.07803796
1964,0.00078294,0.16227322,1.00000000,-0.96941470,0.09931857
1965,0.00246339,0.03545558,-1.00000000,-0.80922457,0.06027013
1966,-0.00812132,0.15313769,1.00000000,-0.98537699,-0.00423788
1967,-0.00690700,0.17123845,1.00000000,-0.95375000,-0.05504012
1968,-0.01098874,0.05722697,-1.00000000,-0.84726516,-0.06007501
1969,0.00301449,0.07030681,-1.00000000,-0.87011922,-0.04679709
1970,0.02075430,0.02634101,-1.00000000,-0.79329892,0.06203537
1971,0.00060975,0.17717447,1.00000000,-0.94337815,0.11398596
1972,0.00268878,0.36825597,1.00000000,-0.60950641,0.17108166
1973,-0.02995258,0.15127222,1.00000000,-0.98863646,0.05824514
1974,-0.01748211,0.17366616,1.00000000,-0.94950811,-0.06371138
1975,-0.00966227,-0.17792499,-1.00000000,-0.43639025,-0.24469258
1976,0.00425618,-0.04360131,-1.00000000,-0.67109054,-0.22299601
1977,-0.01616812,0.04062884,-1.00000000,-0.81826368,-0.33519621
1978,0.00759866,0.19054915,1.00000000,-0.92000892,-0.11176308
1979,-0.02446906,-0.02944792,-1.00000000,-0.69582038,-0.15333606
1980,-0.01129633,0.22655213,1.00000000,-0.85710185,-0.16305886
1981,-0.00999005,-0.11886015,-1.00000000,-0.53959272,-0.24782513
1982,0.02401910,0.02302782,-1.00000000,-0.78750987,-0.00870766
1983,0.01026393,0.03709824,-1.00000000,-0.81209475,0.00715093
1984,-0.00242666,0.40342230,1.00000000,-0.54806120,0.13830516
1985,0.01539534,0.25526067,1.00000000,-0.80694017,0.29712293
1986,0.00555776,0.11856609,-1.00000000,-0.95444141,0.38963375
1987,0.00199897,0.31053288,1.00000000,-0.71036446,0.25861205
1988,-0.01531846,0.20456898,1.00000000,-0.89551242,0.10639461
1989,0.03948718,0.16623597,1.00000000,-0.96249070,0.35578553
1990,0.01609568,-0.02029594,-1.00000000,-0.71181140,0.35995257
1991,-0.00375034,0.57003417,1.00000000,-0.25694461,0.30456851
1992,0.00047009,0.31807639,1.00000000,-0.69718389,0.29547153
1993,-0.00643631,0.10430818,-1.00000000,-0.92952893,0.34832112
1994,-0.01037309,0.14976787,1.00000000,-0.99126498,0.05164821
1995,-0.01695047,0.07537675,-1.00000000,-0.87897780,-0.14497923
1996,-0.01693839,0.03297234,-1.00000000,-0.80488568,-0.22344925
1997,0.00731312,-0.03787487,-1.00000000,-0.68109619,-0.18273258
1998,0.00527834,-0.03774473,-1.00000000,-0.68132358,-0.11302938
1999,0.00258667,0.22347654,1.00000000,-0.86247574,-0.03591770
2000,-0.01628366,0.20155925,1.00000000,-0.90077125,-0.03195014
2001,0.02590347,0.17256629,1.00000000,-0.95142989,0.22296265
2002,-0.01918705,-0.03069246,-1.00000000,-0.69364583,0.06528431
2003,-0.01899077,0.42371948,1.00000000,-0.51259647,-0.07911902
2004,0.00754340,-0.06196584,-1.00000000,-0.63900266,-0.04962607
2005,-0.00438355,-0.05985160,-1.00000000,-0.64269681,0.02118064
2006,0.00075982,0.22595688,1.00000000,-0.85814190,-0.12842627
2007,0.00077088,0.09748770,-1.00000000,-0.91761169,-0.00967485
2008,0.01153636,0.15288868,1.00000000,-0.98581207,0.17196422
2009,-0.00266549,0.15300779,1.00000000,-0.98560395,0.11122045
2010,0.00371265,0.26896646,1.00000000,-0.78299239,0.15939356
2011,0.04453599,0.11599348,-1.00000000,-0.94994636,0.41986557
2012,-0.00486524,0.18469466,1.00000000,-0.93023832,0.38633021
2013,-0.01221643,0.62441665,1.00000000,-0.16192352,0.24499907
2014,0.02553570,0.09229932,-1.00000000,-0.90854616,0.41279861
2015,0.00395690,0.01311714,-1.00000000,-0.77019320,0.41425189
2016,0.02213564,0.41975808,1.00000000,-0.51951811,0.28096785
2017,0.02353010,0.18732552,1.00000000,-0.92564149,0.44992258
2018,0.00317091,0.38313486,1.00000000,-0.58350892,0.54147859
2019,0.00241924,0.39815515,1.00000000,-0.55726436,0.40393364
2020,0.01403316,0.17885940,1.00000000,-0.94043411,0.46388828
2021,-0.01601017,0.17076285,1.00000000,-0.95458101,0.23691745
2022,-0.00894959,0.29586036,1.00000000,-0.73600138,0.04366043
2023,-0.01588011,-0.02774652,-1.00000000,-0.69879319,-0.06969483
2024,0.00084407,0.04830531,-1.00000000,-0.83167657,-0.07906719
2025,0.01367622,-0.02634567,-1.00000000,-0.70124086,-0.08119100
2026,-0.00016231,0.15379622,1.00000000,-0.98422634,0.01310510
2027,0.00501488,0.29201565,1.00000000,-0.74271913,0.09619492
2028,0.01011934,0.14295610,-1.00000000,-0.99705743,0.25089389
2029,-0.00996646,0.19872137,1.00000000,-0.90572981,0.18657028
2030,-0.00329949,0.25370321,1.00000000,-0.80966147,0.08556330
2031,0.01104424,0.03735230,-1.00000000,-0.81253866,0.15224325
2032,-0.00063033,0.10916447,-1.00000000,-0.93801420,0.11865375
2033,0.00971612,0.26366565,1.00000000,-0.79225435,0.11625460
2034,-0.01709418,0.13791487,-1.00000000,-0.98824903,0.07384405
2035,-0.00044648,0.24936007,1.00000000,-0.81725012,0.09081972
2036,0.01077327,-0.03942279,-1.00000000,-0.67839154,0.08920742
2037,-0.00979408,0.13989524,-1.00000000,-0.99170928,0.03468231
2038,-0.00537061,0.26074692,1.00000000,-0.79735417,-0.05508504
2039,0.00967880,0.03920901,-1.00000000,-0.81578285,0.10421653
2040,0.00483182,0.08685578,-1.00000000,-0.89903481,0.13562289
2041,0.00336231,0.24895809,1.00000000,-0.81795249,0.09152708
2042,0.00339743,0.19674963,1.00000000,-0.90917498,0.17001773
2043,-0.00625256,0.18092105,1.00000000,-0.93683184,0.16477005
2044,0.00954058,0.18129927,1.00000000,-0.93617098,0.16394760
2045,0.01058951,0.07735600,-1.00000000,-0.88243608,0.19820632
2046,-0.03439313,0.24746923,1.00000000,-0.82055394,-0.02644186
2047,-0.00576820,0.25876760,1.00000000,-0.80081260,-0.08097812
2048,-0.00997200,-0.22575567,-1.00000000,-0.35281696,-0.10310911
2049,0.04417909,0.08257323,-1.00000000,-0.89155202,0.10299301
2050,0.00996968,0.03729265,-1.00000000,-0.81243443,0.09930498
2051,0.01143246,0.62057233,1.00000000,-0.16864061,0.37197123
2052,-0.00896248,0.25209122,1.00000000,-0.81247806,0.35296494
2053,0.02662135,0.26784733,1.00000000,-0.78494782,0.57069852
2054,0.02103190,0.04816648,-1.00000000,-0.83143400,0.43297075
2055,-0.00244245,0.43145197,1.00000000,-0.49908569,0.35911753
2056,0.01846531,0.37124613,1.00000000,-0.60428178,0.40096361
2057,0.02268141,0.11839601,-1.00000000,-0.95414423,0.58924752
2058,-0.00980720,0.34360057,1.00000000,-0.65258615,0.37249450
2059,-0.00888179,0.38901359,1.00000000,-0.57323716,0.19450544
2060,0.00958391,0.03906772,-1.00000000,-0.81553596,0.26606330
2061,0.01858061,0.04903562,-1.00000000,-0.83295262,0.26674932
2062,0.00493958,0.24793597,1.00000000,-0.81973842,0.16118387
2063,-0.03822145,0.34484246,1.00000000,-0.65041623,-0.00788334
2064,-0.02986284,0.19791028,1.00000000,-0.90714701,-0.13272236
2065,-0.00154693,-0.26699173,-1.00000000,-0.28076626,-0.19895184
2066,0.00155455,-0.17695831,-1.00000000,-0.43807931,-0.30025838
2067,0.02355705,0.12804190,-1.00000000,-0.97099824,-0.18948278
2068,-0.00076391,0.16144899,1.00000000,-0.97085486,0.03339282
2069,0.01603870,0.39844543,1.00000000,-0.55675716,0.30651093
2070,-0.01006706,0.13647610,-1.00000000,-0.98573511,0.25581545
2071,0.02564155,0.31746269,1.00000000,-0.69825619,0.39913522
2072,-0.00905555,0.03626875,-1.00000000,-0.81064540,0.20508743
2073,-0.02570178,0.42089829,1.00000000,-0.51752586,0.05670494
2074,0.00960328,0.04716406,-1.00000000,-0.82968250,0.01841363
2075,-0.00609327,-0.13213814,-1.00000000,-0.51639243,0.04205800
2076,-0.01215203,0.24814459,1.00000000,-0.81937391,-0.18281710
2077,0.00211113,0.07907173,-1.00000000,-0.88543395,-0.11637441
2078,-0.00723176,0.01381079,-1.00000000,-0.77140520,-0.00647618
2079,0.00797982,0.16744411,1.00000000,-0.96037974,-0.01613589
2080,-0.01100474,0.06680872,-1.00000000,-0.86400710,-0.04535955
2081,-0.01150726,0.23065778,1.00000000,-0.84992815,-0.04152311
2082,0.01209435,0.02616865,-1.00000000,-0.79299776,0.01787790
2083,-0.00880114,0.02075585,-1.00000000,-0.78354011,0.00853994
2084,-0.00032818,0.27497674,1.00000000,-0.77249079,-0.04089340
2085,0.00004186,0.04990437,-1.00000000,-0.83447057,0.02483482
2086,0.00256821,0.14116945,-1.00000000,-0.99393566,0.10858508
2087,-0.00093763,0.14515531,1.00000000,-0.99932439,0.03104370
2088,-0.00106775,0.17236751,1.00000000,-0.95177722,0.07705804
2089,0.00934415,0.13460492,-1.00000000,-0.98246563,0.13460928
2090,0.00723728,0.13320333,-1.00000000,-0.98001668,0.17742266
2091,-0.00037703,0.24535345,1.00000000,-0.82425078,0.15989821
2092,-0.00494104,0.22265963,1.00000000,-0.86390311,0.13607755
2093,-0.00899728,0.14064330,-1.00000000,-0.99301634,0.08889617
2094,-0.00625809,0.09148280,-1.00000000,-0.90711948,-0.00393854
2095,0.01259382,0.04779169,-1.00000000,-0.83077913,0.02793336
2096,0.01363695,0.07729639,-1.00000000,-0.88233194,0.11131774
2097,0.01489563,0.28035676,1.00000000,-0.76309041,0.22934767
2098,0.01048324,0.29159262,1.00000000,-0.74345830,0.34525844
2099,-0.00003642,0.30515033,1.00000000,-0.71976925,0.38227792
2100,-0.01697930,0.25762295,1.00000000,-0.80281261,0.20631524
2101,0.01457774,0.14431211,-1.00000000,-0.99942676,0.21191303
2102,-0.01891478,-0.03818543,-1.00000000,-0.68055355,0.01073812
2103,0.00558521,0.30172620,1.00000000,-0.72575215,-0.01840557
2104,0.00539804,-0.05903312,-1.00000000,-0.64412692,0.01392997
2105,-0.00517627,0.20486464,1.00000000,-0.89499583,0.08415905
2106,-0.00542154,0.20284858,1.00000000,-0.89851844,-0.03483841
2107,0.00247863,0.08894905,-1.00000000,-0.90269232,0.09245427
2108,0.01993265,0.08630716,-1.00000000,-0.89807621,0.17782277
2109,-0.02289043,0.17140260,1.00000000,-0.95346318,0.00950389
2110,0.01087467,0.35940577,1.00000000,-0.62497014,0.10500837
2111,0.01245246,-0.10185618,-1.00000000,-0.56930331,0.21136026
2112,0.00479117,0.26183917,1.00000000,-0.79544572,0.22512005
2113,-0.00573969,0.27883413,1.00000000,-0.76575086,0.07236737
2114,0.00627181,0.19631172,1.00000000,-0.90994012,0.24588522
2115,-0.01988970,0.08288022,-1.00000000,-0.89208841,0.06283456
2116,0.00899904,0.21226018,1.00000000,-0.88207379,0.04228640
2117,0.02464452,-0.06953426,-1.00000000,-0.62577855,0.16041557
2118,-0.02061768,0.24163616,1.00000000,-0.83074591,0.07189025
2119,0.01309025,0.41015891,1.00000000,-0.53629050,0.11246060
2120,0.00038208,-0.07737563,-1.00000000,-0.61207754,0.23307941
2121,0.00996307,0.28570399,1.00000000,-0.75374734,0.23881543
2122,-0.04578809,0.14881988,1.00000000,-0.99292139,-0.18026469
2123,-0.02034497,0.25201998,1.00000000,-0.81260253,-0.17864201
2124,0.00422989,-0.34849459,-1.00000000,-0.13835844,-0.23136197
2125,-0.00206801,-0.07443813,-1.00000000,-0.61721016,-0.24594021
2126,-0.01729970,0.19026596,1.00000000,-0.92050373,-0.40815603
2127,0.00908230,0.12242915,-1.00000000,-0.96119122,-0.08167245
2128,-0.01663600,-0.04163653,-1.00000000,-0.67452355,-0.05960378
2129,0.00541201,0.24253300,1.00000000,-0.82917888,-0.05257004
2130,0.00616645,-0.03448760,-1.00000000,-0.68701468,-0.00357428
2131,0.00903087,0.20299901,1.00000000,-0.89825560,0.15309491
2132,-0.00346676,0.21112533,1.00000000,-0.88405670,0.07842689
2133,-0.01270799,0.24197901,1.00000000,-0.83014686,0.10179891
2134,-0.01045519,0.10736277,-1.00000000,-0.93486613,0.00738769
2135,-0.00231754,0.00782238,-1.00000000,-0.76094180,-0.04309279
2136,-0.01519375,0.03208800,-1.00000000,-0.80334048,-0.18723140
2137,0.00064118,0.11974138,-1.00000000,-0.95649496,-0.16278879
2138,0.00162792,-0.01895262,-1.00000000,-0.71415854,-0.07748892
2139,-0.00829677,0.15161081,1.00000000,-0.98804486,-0.06464614
2140,-0.00571549,0.16223925,1.00000000,-0.96947407,-0.08486425
2141,0.00411418,0.05533706,-1.00000000,-0.84396297,0.03001960
2142,-0.00266246,0.08314089,-1.00000000,-0.89254387,0.01036265
2143,-0.03329243,0.18901962,1.00000000,-0.92268141,-0.19741644
2144,-0.00599082,0.11602617,-1.00000000,-0.95000347,-0.18369583
2145,0.01310637,-0.21389964,-1.00000000,-0.37353268,-0.07170414
2146,0.00544984,0.08017524,-1.00000000,-0.88736207,-0.06375685
2147,0.01482852,0.28587752,1.00000000,-0.75344414,0.04031599
2148,-0.00063377,0.20340646,1.00000000,-0.89754367,0.23463783
2149,-0.02283837,0.30442743,1.00000000,-0.72103237,0.13439346
2150,-0.01063813,0.13787783,-1.00000000,-0.98818430,-0.00688834
2151,-0.00762898,-0.10129540,-1.00000000,-0.57028315,-0.08470843
2152,-0.00274073,0.03011752,-1.00000000,-0.79989752,-0.18924702
2153,0.01302851,0.06253008,-1.00000000,-0.85653115,-0.10795523
2154,0.01124751,0.11518303,-1.00000000,-0.94853028,0.09485869
2155,-0.00046818,0.28503894,1.00000000,-0.75490936,0.15537077
2156,0.00766725,0.26585513,1.00000000,-0.78842873,0.24638468
2157,0.01675113,0.13966149,-1.00000000,-0.99130086,0.36236294
2158,-0.02743963,0.22729099,1.00000000,-0.85581085,0.12157401
2159,-0.00448300,0.32513647,1.00000000,-0.68484799,0.02797615
2160,-0.01051875,-0.15085710,-1.00000000,-0.48368529,-0.03182561
2161,0.00494471,0.09641654,-1.00000000,-0.91574007,-0.04802496
2162,-0.00507737,0.03140341,-1.00000000,-0.80214432,-0.17790643
2163,0.01220048,0.19796558,1.00000000,-0.90705037,0.05795563
2164,-0.00287485,0.09001431,-1.00000000,-0.90455362,0.06752422
2165,0.00158712,0.27611991,1.00000000,-0.77049335,0.13955517
2166,-0.00531141,0.11373838,-1.00000000,-0.94600607,0.07853035
2167,0.00797746,0.16179980,1.00000000,-0.97024191,0.15620777
2168,0.00696046,0.08749341,-1.00000000,-0.90014893,0.12502923
2169,-0.00302983,0.23063239,1.00000000,-0.84997251,0.12410710
2170,-0.01778021,0.21967794,1.00000000,-0.86911294,0.00886979
2171,0.00225773,0.11206906,-1.00000000,-0.94308932,0.05390683
2172,-0.00100566,-0.04681230,-1.00000000,-0.66548004,0.00045647
2173,-0.00865971,0.16902318,1.00000000,-0.95762068,-0.09248490
2174,0.00670321,0.13387213,-1.00000000,-0.98118526,-0.03457246
2175,-0.02043662,0.05142778,-1.00000000,-0.83713237,-0.05037832
2176,-0.00711953,0.21690696,1.00000000,-0.87395460,-0.10617382
2177,0.02090359,-0.07542539,-1.00000000,-0.61548514,0.02418811
2178,-0.01692635,0.06801755,-1.00000000,-0.86611926,-0.02499911
2179,0.01216220,0.36986409,1.00000000,-0.60669659,0.00748237
2180,-0.00265563,-0.03761500,-1.00000000,-0.68155025,0.11328082
2181,-0.00929237,0.27570763,1.00000000,-0.77121372,0.10035222
2182,0.01548309,0.11609971,-1.00000000,-0.95013196,0.06809976
2183,0.01576036,0.04461313,-1.00000000,-0.82522531,0.26258846
2184,0.00956010,0.31147802,1.00000000,-0.70871305,0.24710573
2185,-0.00038459,0.31446455,1.00000000,-0.70349477,0.26061863
2186,0.01359060,0.24767951,1.00000000,-0.82018652,0.39677433
2187,-0.01124699,0.14056188,-1.00000000,-0.99287407,0.23772805
2188,0.00519013,0.29109343,1.00000000,-0.74433051,0.17483429
2189,-0.02279892,0.02355929,-1.00000000,-0.78843850,-0.01770468
2190,0.00028751,0.20060904,1.00000000,-0.90243152,-0.01370562
2191,0.02616870,-0.10087046,-1.00000000,-0.57102564,0.06113514
2192,0.00459561,0.14780130,1.00000000,-0.99470111,0.15539997
2193,0.01105898,0.42657638,1.00000000,-0.50760468,0.19032013
2194,0.00361348,0.19420528,1.00000000,-0.91362066,0.34747618
2195,-0.00652562,0.26382440,1.00000000,-0.79197697,0.30693746
2196,-0.00023805,0.18362643,1.00000000,-0.93210480,0.14981502
2197,-0.00633874,0.07441477,-1.00000000,-0.87729695,0.08475472
2198,-0.00824846,0.14214033,-1.00000000,-0.99563206,-0.03012622
2199,-0.01465737,0.07642775,-1.00000000,-0.88081418,-0.13883935
2200,-0.00878691,0.05585741,-1.00000000,-0.84487215,-0.15229425
2201,-0.00686091,-0.01317506,-1.00000000,-0.72425353,-0.19170086
2202,-0.00556501,0.05005760,-1.00000000,-0.83473830,-0.18709715
2203,-0.01112473,0.07080323,-1.00000000,-0.87098660,-0.20421120
2204,0.00270303,0.08476176,-1.00000000,-0.89537597,-0.10091530
2205,-0.01158468,0.02487614,-1.00000000,-0.79073940,-0.11756229
2206,0.00929719,0.17381972,1.00000000,-0.94923981,-0.02142021
2207,0.02309743,0.01992185,-1.00000000,-0.78208289,0.14912384
2208,-0.00171081,0.24484756,1.00000000,-0.82513471,0.20513748
2209,-0.00401075,0.39349471,1.00000000,-0.56540742,0.16518986
2210,0.00230109,0.12627667,-1.00000000,-0.96791390,0.24781141
2211,-0.00284779,0.10150324,-1.00000000,-0.92462793,0.17554775
2212,0.00977834,0.16949020,1.00000000,-0.95680467,0.09629800
2213,-0.00292378,0.11402991,-1.00000000,-0.94651545,0.08908075
2214,-0.00104955,0.25003026,1.00000000,-0.81607912,0.10670015
2215,0.00506797,0.11321142,-1.00000000,-0.94508532,0.12316337
2216,-0.00276688,0.13339932,-1.00000000,-0.98035913,0.12364481
2217,0.00561124,0.19929329,1.00000000,-0.90473050,0.09885017
2218,-0.00079842,0.11490144,-1.00000000,-0.94803825,0.11149625
2219,0.00707430,0.20514495,1.00000000,-0.89450604,0.15983391
2220,-0.01080839,0.13610440,-1.00000000,-0.98508564,0.06536818
2221,0.01260602,0.22090414,1.00000000,-0.86697043,0.15683823
2222,-0.00357093,0.02828363,-1.00000000,-0.79669321,0.10220354
2223,-0.00182811,0.28048809,1.00000000,-0.76286095,0.09607676
2224,0.01221779,0.10624071,-1.00000000,-0.93290559,0.12668096
2225,-0.00607040,0.12501320,-1.00000000,-0.96570628,0.15487238
2226,0.01550732,0.27630640,1.00000000,-0.77016750,0.17213541
2227,-0.00352754,0.07931805,-1.00000000,-0.88586433,0.17239356
2228,-0.00893699,0.31173906,1.00000000,-0.70825695,0.13009510
2229,-0.00793809,0.10670804,-1.00000000,-0.93372214,0.01016584
2230,-0.00686045,0.04844104,-1.00000000,-0.83191373,0.00546502
2231,-0.00722321,0.05920053,-1.00000000,-0.85071351,-0.12978364
2232,0.00991381,0.07080824,-1.00000000,-0.87099535,-0.04980642
2233,-0.01232387,0.06690074,-1.00000000,-0.86416789,-0.06995861
2234,-0.00715533,0.25148942,1.00000000,-0.81352956,-0.06530108
2235,-0.01098221,0.01195988,-1.00000000,-0.76817115,-0.08982596
2236,-0.01125592,0.06763197,-1.00000000,-0.86544555,-0.11382093
2237,-0.01995221,0.02641127,-1.00000000,-0.79342169,-0.29152635
2238,0.00170099,0.02346306,-1.00000000,-0.78827035,-0.20807727
2239,0.01352482,-0.07020762,-1.00000000,-0.62460201,-0.08502858
2240,-0.00201835,0.16302631,1.00000000,-0.96809885,-0.03169280
2241,-0.00056053,0.29038489,1.00000000,-0.74556853,0.03194573
2242,-0.00496051,0.12296411,-1.00000000,-0.96212595,0.12114766
2243,-0.01265428,0.13866678,-1.00000000,-0.98956282,0.03573259
2244,-0.01978661,0.09127310,-1.00000000,-0.90675307,-0.16247333
2245,-0.00913328,0.00840089,-1.00000000,-0.76195262,-0.20480777
2246,-0.01690659,-0.06842388,-1.00000000,-0.62771871,-0.30206825
2247,0.00574143,0.04632680,-1.00000000,-0.82821957,-0.23839078
2248,0.00185691,-0.03740218,-1.00000000,-0.68192211,-0.15204794
2249,0.00192567,0.20654733,1.00000000,-0.89205571,-0.02285801
2250,-0.01784666,0.16470584,1.00000000,-0.96516425,-0.07470342
2251,0.01867984,0.16544642,1.00000000,-0.96387026,0.13703894
2252,-0.02930430,-0.04752805,-1.00000000,-0.66422944,-0.07148622
2253,0.00191236,0.34591135,1.00000000,-0.64854859,-0.07115629
2254,0.00207833,-0.17094216,-1.00000000,-0.44859117,-0.07024794
2255,0.01088567,0.16530311,1.00000000,-0.96412066,0.10071195
2256,-0.00144099,0.16709080,1.00000000,-0.96099707,-0.01900875
2257,-0.01910370,0.26195767,1.00000000,-0.79523866,0.04168570
2258,0.00289448,0.12918303,-1.00000000,-0.97299210,0.04752938
2259,-0.00643059,-0.06106804,-1.00000000,-0.64057136,-0.00309944
2260,-0.00532597,0.17588182,1.00000000,-0.94563675,-0.09956008
2261,-0.00684848,0.07543833,-1.00000000,-0.87908540,-0.13173514
2262,0.00407874,0.08733664,-1.00000000,-0.89987500,0.00620243
2263,0.00913280,0.07093707,-1.00000000,-0.87122047,0.04332100
2264,-0.01262419,0.18863794,1.00000000,-0.92334831,0.00646853
2265,-0.01831273,0.24307693,1.00000000,-0.82822850,-0.07080382
2266,0.00777010,0.00872495,-1.00000000,-0.76251885,0.01617801
2267,-0.02199002,-0.05254816,-1.00000000,-0.65545792,-0.13893339
2268,0.00291813,0.22839877,1.00000000,-0.85387525,-0.17591121
2269,0.00404550,-0.09215753,-1.00000000,-0.58624951,-0.07672507
2270,-0.00285410,0.17613661,1.00000000,-0.94519157,0.01525509
2271,0.00735219,0.18827991,1.00000000,-0.92397390,0.01276851
2272,-0.00303390,0.11396193,-1.00000000,-0.94639668,0.12555906
2273,-0.00634068,0.22389736,1.00000000,-0.86174045,0.07046833
2274,-0.00273027,0.11202527,-1.00000000,-0.94301279,0.03015188
2275,-0.01187691,0.07640680,-1.00000000,-0.88077757,-0.02353459
2276,-0.00124325,0.11529575,-1.00000000,-0.94872722,-0.07467822
2277,0.00290905,0.01677424,-1.00000000,-0.77658316,-0.03931716
2278,-0.00862973,0.13131292,-1.00000000,-0.97671361,-0.05293722
2279,0.00006556,0.17603878,1.00000000,-0.94536250,-0.03630179
2280,0.00140475,0.05175064,-1.00000000,-0.83769651,0.04272521
2281,-0.00795560,0.14541057,1.00000000,-0.99887837,0.00278615
2282,0.00261389,0.15983546,1.00000000,-0.97367414,0.00102995
2283,-0.01006706,0.05901193,-1.00000000,-0.85038398,-0.00752229
2284,-0.00481937,0.17285956,1.00000000,-0.95091746,-0.03658805
2285,0.01446608,0.03626866,-1.00000000,-0.81064524,0.04112797
2286,0.00633044,0.09279334,-1.00000000,-0.90940935,0.12613113
2287,0.00534308,0.30052342,1.00000000,-0.72785373,0.14237003
2288,-0.01954992,0.21289168,1.00000000,-0.88097039,0.08594623
2289,-0.00439698,0.20225657,1.00000000,-0.89955284,0.08845948
2290,-0.00247109,-0.06587438,-1.00000000,-0.63217338,-0.01231810
2291,0.00170845,0.09734304,-1.00000000,-0.91735892,-0.03981931
2292,-0.01003614,0.11808751,-1.00000000,-0.95360520,-0.13132703
2293,-0.00481766,0.16310671,1.00000000,-0.96795837,-0.04366885
2294,0.00146161,0.03660172,-1.00000000,-0.81122720,-0.00880975
2295,0.00161209,0.09281173,-1.00000000,-0.90944147,0.01548548
2296,0.00173574,0.16044786,1.00000000,-0.97260411,0.01564788
2297,-0.00420813,0.16206874,1.00000000,-0.96977199,0.05032507
2298,0.00740813,0.16340071,1.00000000,-0.96744468,0.12306961
2299,-0.00916137,0.09937724,-1.00000000,-0.92091322,0.05986202
2300,0.00044714,0.22449991,1.00000000,-0.86068763,0.05293048
2301,-0.00772951,0.04602424,-1.00000000,-0.82769093,-0.00338859
2302,-0.00109860,0.14952070,1.00000000,-0.99169686,0.01511338
2303,0.00140884,0.06144727,-1.00000000,-0.85463918,-0.02058292
2304,-0.00333157,0.13287104,-1.00000000,-0.97943608,0.01410485
2305,0.01211260,0.15987951,1.00000000,-0.97359718,0.08351537
2306,-0.00527833,0.10881892,-1.00000000,-0.93741043,0.09810008
2307,0.00238103,0.27517335,1.00000000,-0.77214725,0.11880418
2308,-0.01091689,0.08784972,-1.00000000,-0.90077149,0.04546499
2309,0.00871578,0.17035132,1.00000000,-0.95530006,0.11714776
2310,-0.00144611,0.02711486,-1.00000000,-0.79465105,0.03647227
2311,0.01024902,0.23858499,1.00000000,-0.83607714,0.12886134
2312,0.00042841,0.12912791,-1.00000000,-0.97289580,0.11724307
2313,-0.00163927,0.25510005,1.00000000,-0.80722081,0.17244571
2314,-0.00344554,0.14931896,1.00000000,-0.99204935,0.10008484
2315,-0.00283804,0.12704726,-1.00000000,-0.96926033,0.09180273
2316,0.01819409,0.10759135,-1.00000000,-0.93526552,0.13907659
2317,-0.01130945,0.11413496,-1.00000000,-0.94669901,0.06923529
2318,-0.00914501,0.34067909,1.00000000,-0.65769078,0.02457550
2319,0.00133182,0.02288646,-1.00000000,-0.78726288,0.05300120
2320,0.00769277,0.04620042,-1.00000000,-0.82799875,0.11566041
2321,0.01039187,0.15904991,1.00000000,-0.97504672,0.06923653
2322,0.01184913,0.22756584,1.00000000,-0.85533061,0.20703210
2323,0.02978821,0.25663873,1.00000000,-0.80453231,0.43868814
2324,0.00475519,0.27233541,1.00000000,-0.77710591,0.45905749
2325,-0.02051249,0.46556334,1.00000000,-0.43948378,0.29123374
2326,0.00218823,0.19592418,1.00000000,-0.91061726,0.24242137
2327,-0.01111000,-0.07624259,-1.00000000,-0.61405728,0.10581258
2328,0.00135544,0.16827454,1.00000000,-0.95892876,-0.06336489
2329,0.00151410,0.02503488,-1.00000000,-0.79101676,-0.08264965
2330,-0.00292478,0.15930429,1.00000000,-0.97460224,0.02199878
2331,0.00056478,0.16101331,1.00000000,-0.97161612,0.01233915
2332,0.01449464,0.11320067,-1.00000000,-0.94506654,0.16468897
2333,0.00700678,0.15078788,1.00000000,-0.98948274,0.19831497
2334,0.00351303,0.30083113,1.00000000,-0.72731608,0.21020877
2335,0.01739864,0.22017685,1.00000000,-0.86824121,0.33113486
2336,0.01339266,0.18254444,1.00000000,-0.93399533,0.40746187
2337,-0.00477498,0.33211108,1.00000000,-0.67266143,0.29280597
2338,0.00750009,0.28896134,1.00000000,-0.74805585,0.29574118
2339,0.00615024,0.09327153,-1.00000000,-0.91024489,0.31143280
2340,-0.01197463,0.22549042,1.00000000,-0.85895695,0.13665927
2341,-0.01743811,0.21095070,1.00000000,-0.88436182,-0.04678653
2342,0.00374471,0.01572160,-1.00000000,-0.77474390,0.00390633
2343,-0.00549411,-0.04312743,-1.00000000,-0.67191853,-0.07341026
2344,-0.00808692,0.18503995,1.00000000,-0.92963500,-0.15812258
2345,0.00204240,0.08552553,-1.00000000,-0.89671049,-0.07472003
2346,0.01372648,0.05759745,-1.00000000,-0.84791250,0.11071199
2347,-0.01052968,0.16670379,1.00000000,-0.96167330,0.02577814
2348,-0.00347324,0.29255696,1.00000000,-0.74177332,0.03780249
2349,-0.00656999,0.03128566,-1.00000000,-0.80193859,0.04682836
2350,-0.00319718,0.10729300,-1.00000000,-0.93474423,0.01565242
2351,0.00489336,0.07393684,-1.00000000,-0.87646187,-0.03690541
2352,0.00048393,0.11026651,-1.00000000,-0.93993976,0.02862651
2353,-0.00136611,0.19741243,1.00000000,-0.90801688,0.04116412
2354,-0.03454843,0.14991697,1.00000000,-0.99100447,-0.12531005
2355,0.00807877,0.12998963,-1.00000000,-0.97440145,-0.05821715
2356,0.00610360,-0.22742848,-1.00000000,-0.34989410,-0.05101608
2357,0.02685004,0.23172361,1.00000000,-0.84806584,0.10586456
2358,-0.01425435,0.21044841,1.00000000,-0.88523945,0.02917841
2359,0.00219950,0.43391527,1.00000000,-0.49478163,0.24783178
2360,0.01305762,-0.00883398,-1.00000000,-0.73183859,0.27745634
2361,0.00145389,0.16839593,1.00000000,-0.95871665,0.24979015
2362,0.01667977,0.28535245,1.00000000,-0.75436157,0.18927620
2363,0.00816206,0.16036478,1.00000000,-0.97274928,0.32265577
2364,0.04763324,0.32436793,1.00000000,-0.68619085,0.59299052
2365,-0.02224913,0.23262075,1.00000000,-0.84649830,0.38291232
2366,0.02604306,0.65777825,1.00000000,-0.10363168,0.52922001
2367,-0.01901657,-0.09494848,-1.00000000,-0.58137295,0.31682369
2368,0.00927287,0.42522306,1.00000000,-0.50996929,0.32343310
2369,-0.01877436,-0.06012947,-1.00000000,-0.64221131,-0.07169787
2370,-0.00580846,0.24458566,1.00000000,-0.82559232,0.02612552
2371,-0.00523966,-0.05752053,-1.00000000,-0.64676984,-0.16000939
2372,0.00062831,0.08213952,-1.00000000,-0.89079420,-0.04312067
2373,-0.00304188,0.08826625,-1.00000000,-0.90149928,-0.11639450
2374,-0.00351826,0.15147215,1.00000000,-0.98828713,-0.02561943
2375,-0.03521682,0.11193932,-1.00000000,-0.94286263,-0.20060172
2376,-0.01264410,0.10680802,-1.00000000,-0.93389684,-0.24465874
2377,0.02589293,-0.23462790,-1.00000000,-0.33731475,-0.09433208
2378,0.03651716,0.00851058,-1.00000000,-0.76214428,0.14104764
2379,0.00225732,0.42360592,1.00000000,-0.51279489,0.17541286
2380,0.01209889,0.53804315,1.00000000,-0.31284169,0.45694541
2381,0.00484782,0.16901878,1.00000000,-0.95762837,0.56102383
2382,-0.02536971,0.27502562,1.00000000,-0.77240537,0.25600670
2383,0.00330257,0.19692193,1.00000000,-0.90887392,0.05837697
2384,0.03946817,-0.12856132,-1.00000000,-0.52264212,0.27978476
2385,-0.01558636,0.18027747,1.00000000,-0.93795635,0.11505512
2386,0.00075803,0.56982948,1.00000000,-0.25730227,0.09072052
2387,-0.00553173,-0.02318160,-1.00000000,-0.70676936,0.20875823
2388,0.02352597,0.15286943,1.00000000,-0.98584571,0.32908922
2389,0.02281936,0.08512031,-1.00000000,-0.89600247,0.23002733
2390,-0.00577341,0.39811057,1.00000000,-0.55734225,0.28841525
2391,0.02069796,0.39049946,1.00000000,-0.57064095,0.40705955
2392,0.01907137,0.08251704,-1.00000000,-0.89145384,0.55345009
2393,-0.02437929,0.36764916,1.00000000,-0.61056667,0.26840966
2394,0.01224899,0.35012857,1.00000000,-0.64117995,0.20551505
2395,0.00599824,-0.11789318,-1.00000000,-0.54128227,0.27555741
2396,0.00575015,0.27664242,1.00000000,-0.76958038,0.18661665
2397,0.01297430,0.20931350,1.00000000,-0.88722244,0.15033860
2398,0.00671619,0.20664125,1.00000000,-0.89189161,0.33535938
2399,0.00827193,0.28445504,1.00000000,-0.75592960,0.31169556
2400,0.00675758,0.21704675,1.00000000,-0.87371035,0.31621369
2401,-0.01071077,0.23380422,1.00000000,-0.84443045,0.21826977
2402,-0.00377566,0.21749259,1.00000000,-0.87293134,0.11860606
2403,0.00159589,0.02933506,-1.00000000,-0.79853034,0.08813982
2404,-0.02104414,0.10403555,-1.00000000,-0.92905257,-0.08629336
2405,0.00020660,0.16189425,1.00000000,-0.97007688,-0.12527225
2406,0.01054304,-0.08196915,-1.00000000,-0.60405141,0.00118978
2407,0.00956239,0.14692978,1.00000000,-0.99622391,0.08055230
2408,0.01432122,0.25826708,1.00000000,-0.80168714,0.15626915
2409,-0.01152652,0.24770414,1.00000000,-0.82014348,0.21289979
2410,-0.01261928,0.29896316,1.00000000,-0.73057993,0.13658470
2411,-0.01577352,0.02054831,-1.00000000,-0.78317750,-0.02000112
2412,0.00169824,0.00877789,-1.00000000,-0.76261134,-0.06679347
2413,-0.02081342,-0.02519752,-1.00000000,-0.70324699,-0.27584766
2414,0.00620827,0.16299676,1.00000000,-0.96815049,-0.17032411
2415,0.01217952,-0.07948402,-1.00000000,-0.60839360,-0.02276913
2416,0.00739646,0.21157578,1.00000000,-0.88326963,0.11509428
2417,-0.01361991,0.27589412,1.00000000,-0.77088787,0.02394997
2418,0.00191661,0.22437422,1.00000000,-0.86090725,0.15919566
2419,0.03875191,-0.00200022,-1.00000000,-0.74377903,0.35283315
2420,0.00111292,0.16534891,1.00000000,-0.96404063,0.28698593
2421,0.02075154,0.56211440,1.00000000,-0.27078263,0.36644981
2422,0.03983772,0.15669203,1.00000000,-0.97916658,0.68452732
2423,0.01766437,0.36822631,1.00000000,-0.60955823,0.77822785
2424,0.00425373,0.57380999,1.00000000,-0.25034722,0.57296070
2425,0.00209161,0.33497336,1.00000000,-0.66766025,0.57878403
2426,0.02204824,0.19052282,1.00000000,-0.92005491,0.58649951
2427,-0.00020555,0.16723391,1.00000000,-0.96074702,0.34823862
2428,0.01018321,0.38219351,1.00000000,-0.58515370,0.30372505
2429,0.00574224,0.14249041,-1.00000000,-0.99624375,0.31258182
2430,-0.00994688,0.25439122,1.00000000,-0.80845932,0.24095172
2431,-0.00936431,0.20655608,1.00000000,-0.89204043,0.05404428
2432,-0.05763830,0.03756317,-1.00000000,-0.81290712,-0.28768559
2433,-0.03463292,0.04383821,-1.00000000,-0.82387133,-0.55434545
2434,0.00986882,-0.47613727,-1.00000000,0.08466829,-0.52979194
2435,0.00304544,-0.22833850,-1.00000000,-0.34830405,-0.45248650
2436,-0.00991054,0.25100486,1.00000000,-0.81437622,-0.45573660
2437,-0.00438973,0.17750788,1.00000000,-0.94279558,-0.13890297
2438,-0.06504147,0.03795462,-1.00000000,-0.81359107,-0.31983646
2439,-0.05339669,0.09742116,-1.00000000,-0.91749543,-0.69627173
2440,-0.01222519,-0.55587926,-1.00000000,0.22399940,-0.78713331
2441,-0.03015602,-0.43044941,-1.00000000,0.00483908,-0.90759569
2442,0.00882588,0.01302274,-1.00000000,-0.77002825,-0.82896169
2443,0.00694115,-0.18011635,-1.00000000,-0.43256135,-0.40065888
2444,0.00007635,0.23977093,1.00000000,-0.83400497,-0.08248967
2445,-0.00391373,0.21946992,1.00000000,-0.86947641,-0.03303577
2446,-0.00156034,0.14552681,1.00000000,-0.99867528,0.13711101
2447,0.01288506,0.10254827,-1.00000000,-0.92645389,0.16126352
2448,0.01079170,0.12789742,-1.00000000,-0.97074580,0.18417461
2449,-0.01592117,0.28349381,1.00000000,-0.75760913,0.08898799
2450,-0.01366264,0.26094547,1.00000000,-0.79700725,0.03098115
2451,-0.00462522,-0.02678789,-1.00000000,-0.70046818,0.01274487
2452,0.06454753,-0.00246050,-1.00000000,-0.74297479,0.32014103
2453,0.00095045,0.09488459,-1.00000000,-0.91306334,0.26158472
2454,-0.00784837,0.83996777,1.00000000,0.21470333,0.30961855
2455,-0.01926932,0.15494201,1.00000000,-0.98222434,0.27625829
2456,0.01292083,0.06016692,-1.00000000,-0.85240206,0.38065883
2457,0.00610604,-0.06285201,-1.00000000,-0.63745428,0.03292687
2458,-0.00596399,0.28387908,1.00000000,-0.75693596,-0.00821465
2459,0.07813731,0.21047462,1.00000000,-0.88519365,0.50340764
2460,0.01481767,0.08046422,-1.00000000,-0.88786699,0.70622821
2461,-0.00539623,0.98634791,1.00000000,0.47046954,0.59724013
2462,0.03282139,0.30431057,1.00000000,-0.72123654,0.75619877
2463,-0.00981459,0.08657984,-1.00000000,-0.89855266,0.73328737
2464,-0.00756362,0.49823470,1.00000000,-0.38239796,0.22335939
2465,-0.02027588,0.03898809,-1.00000000,-0.81539684,0.01454969
2466,-0.01319603,0.06323410,-1.00000000,-0.85776126,-0.03185985
2467,-0.01047145,-0.07369401,-1.00000000,-0.61851034,-0.28945595
2468,-0.02406933,0.00256546,-1.00000000,-0.75175652,-0.37427284
2469,-0.00899626,0.03191292,-1.00000000,-0.80303458,-0.38279716
2470,-0.02357997,-0.11455445,-1.00000000,-0.54711595,-0.40245674
2471,0.00181296,0.04780267,-1.00000000,-0.83079832,-0.31315193
2472,-0.00911938,-0.10928341,-1.00000000,-0.55632591,-0.30510700
2473,0.00006820,0.16423242,1.00000000,-0.96599145,-0.16148660
2474,-0.00263089,0.04647652,-1.00000000,-0.82848117,-0.12361212
2475,0.01125185,0.14543907,1.00000000,-0.99882859,0.08364024
2476,-0.03969354,0.11636619,-1.00000000,-0.95059758,-0.16332700
2477,0.00047265,0.26590196,1.00000000,-0.78834692,-0.10625360
2478,0.02399752,-0.28284811,-1.00000000,-0.25306082,0.03612792
2479,-0.04270738,0.14979551,1.00000000,-0.99121669,-0.20233067
2480,0.00868770,0.40318987,1.00000000,-0.54846733,-0.21758758
2481,-0.01955545,-0.31531126,-1.00000000,-0.19633882,-0.09776422
2482,-0.04607660,0.23828263,1.00000000,-0.83660544,-0.37473632
2483,0.00759142,-0.06593396,-1.00000000,-0.63206928,-0.47235404
2484,-0.01216110,-0.35160231,-1.00000000,-0.13292841,-0.29060103
2485,-0.01537211,0.22647420,1.00000000,-0.85723800,-0.43375903
2486,0.00491120,0.01371307,-1.00000000,-0.77123445,-0.28818037
2487,0.01267291,-0.02087382,-1.00000000,-0.71080169,0.06138431
2488,-0.03024327,0.19760457,1.00000000,-0.90768116,-0.16373541
2489,-0.01598886,0.28120860,1.00000000,-0.76160201,-0.18651092
2490,0.00676560,-0.18105614,-1.00000000,-0.43091929,-0.05478961
2491,0.02622984,-0.02751706,-1.00000000,-0.69919413,0.07205818
2492,-0.00048455,0.21757900,1.00000000,-0.87278036,-0.00622986
2493,-0.02228459,0.42723493,1.00000000,-0.50645401,0.04112498
2494,0.01087051,0.13948512,-1.00000000,-0.99099269,0.20094060
2495,-0.00600759,-0.09533049,-1.00000000,-0.58070548,0.12493901
2496,-0.00419215,0.26179441,1.00000000,-0.79552393,-0.05607449
2497,-0.01122417,0.07999463,-1.00000000,-0.88704650,-0.11997612
2498,-0.00588415,0.09954932,-1.00000000,-0.92121389,-0.02239204
2499,0.00539797,0.02380510,-1.00000000,-0.78886799,-0.05495417
2500,-0.00016986,0.08132429,-1.00000000,-0.88936978,-0.02021916
2501,0.01092412,0.20284775,1.00000000,-0.89851989,0.06972396
2502,0.00522802,0.14287481,-1.00000000,-0.99691540,0.16761591
2503,0.00880315,0.26237181,1.00000000,-0.79451506,0.25500660
2504,0.00783775,0.20101719,1.00000000,-0.90171837,0.26952349
2505,0.02475437,0.23952614,1.00000000,-0.83443269,0.41782481
2506,-0.05080649,0.22912743,1.00000000,-0.85260208,0.05052233
2507,-0.00188717,0.41134212,1.00000000,-0.53422310,0.00818634
2508,-0.01335945,-0.40254952,-1.00000000,-0.04390966,-0.12368308
2509,0.01129239,0.12437708,-1.00000000,-0.96459480,-0.10312767
2510,0.01059284,0.00080521,-1.00000000,-0.74868088,-0.18739003
2511,-0.01414883,0.26633854,1.00000000,-0.78758409,0.03072622
2512,-0.02628684,0.25880343,1.00000000,-0.80074998,-0.11445395
2513,-0.00597466,-0.00769745,-1.00000000,-0.73382440,-0.07051378
2514,0.00443024,-0.13844007,-1.00000000,-0.50538123,-0.11134416
2515,-0.00057392,0.08034934,-1.00000000,-0.88766627,-0.17778731
2516,0.00491560,0.19242402,1.00000000,-0.91673301,-0.06435228
2517,0.00686374,0.13852255,-1.00000000,-0.98931080,0.13289657
2518,-0.01089305,0.19765202,1.00000000,-0.90759826,0.10363171
2519,0.00848393,0.21863612,1.00000000,-0.87093328,0.12775154
2520,-0.00694678,0.02737167,-1.00000000,-0.79509977,0.08983245
2521,-0.00434037,0.23608773,1.00000000,-0.84044053,0.03475863
2522,-0.00481272,0.06987827,-1.00000000,-0.86937044,-0.03471731
2523,0.01932160,0.09795284,-1.00000000,-0.91842441,0.14506251
2524,0.01040840,0.09286501,-1.00000000,-0.90953458,0.15651324
2525,-0.00284455,0.35282397,1.00000000,-0.63647035,0.18092188
2526,-0.00125294,0.25681680,1.00000000,-0.80422118,0.19929235
2527,-0.02880206,0.11406481,-1.00000000,-0.94657643,0.05655369
2528,0.01070097,0.13120858,-1.00000000,-0.97653130,0.00526018
2529,-0.01496010,-0.16553231,-1.00000000,-0.45804367,-0.14568461
2530,0.01906278,0.25996820,1.00000000,-0.79871482,-0.01533407
2531,-0.01870393,-0.01643594,-1.00000000,-0.71855588,-0.11916899
2532,-0.00034199,0.35003613,1.00000000,-0.64134147,0.05017090
2533,-0.00004238,-0.05676197,-1.00000000,-0.64809525,-0.01375295
2534,-0.00520901,0.14102076,-1.00000000,-0.99367587,0.04426692
2535,0.01747053,0.14424796,-1.00000000,-0.99931466,0.03479287
2536,-0.00000661,0.08859643,-1.00000000,-0.90207621,0.14604354
2537,0.02023314,0.33288541,1.00000000,-0.67130847,0.26846731
2538,0.03037704,0.14463320,-1.00000000,-0.99998779,0.44946548
2539,-0.02918325,0.36264239,1.00000000,-0.61931487,0.30681666
2540,-0.00277284,0.47190582,1.00000000,-0.42840173,0.18636684
2541,-0.00658227,-0.16963826,-1.00000000,-0.45086945,0.14724110
2542,-0.00205360,0.11483717,-1.00000000,-0.94792597,0.01463309
2543,-0.08665911,0.07380457,-1.00000000,-0.87623076,-0.68174215
2544,0.00737752,0.12258439,-1.00000000,-0.96146248,-0.46420238
2545,-0.01026112,-0.78873023,-1.00000000,0.63085383,-0.50875826
2546,-0.00942261,0.22417022,1.00000000,-0.86126370,-0.52565851
2547,-0.00464740,0.03417845,-1.00000000,-0.80699307,-0.54109183
2548,0.00912635,0.04321033,-1.00000000,-0.82277424,0.02883995
2549,-0.01203627,0.09464573,-1.00000000,-0.91264598,-0.08667378
2550,0.02759802,0.24300741,1.00000000,-0.82834997,0.13859139
2551,-0.00073432,0.01505771,-1.00000000,-0.77358391,0.19028743
2552,-0.00956617,0.44197210,1.00000000,-0.48070414,0.16102033
2553,-0.00051992,0.13679476,-1.00000000,-0.98629189,0.10362421
2554,0.00442415,0.04166400,-1.00000000,-0.82007239,0.20156514
2555,-0.01720931,0.13910422,-1.00000000,-0.99032714,-0.06504239
2556,-0.01075840,0.19235849,1.00000000,-0.91684751,-0.12468650
2557,0.02521012,-0.04066291,-1.00000000,-0.67622472,0.08223542
2558,0.02067545,0.02882205,-1.00000000,-0.79763398,0.20834968
2559,-0.00993970,0.41625118,1.00000000,-0.52564563,0.12288353
2560,0.00023667,0.36740669,1.00000000,-0.61099033,0.22668864
2561,0.00068026,0.03764059,-1.00000000,-0.81304238,0.29474967
2562,0.02232735,0.14725368,1.00000000,-0.99565796,0.27759691
2563,0.03852859,0.15203176,1.00000000,-0.98730934,0.38382463
2564,-0.00597498,0.38519983,1.00000000,-0.57990086,0.40741504
2565,0.01195732,0.55970890,1.00000000,-0.27498569,0.47715390
2566,0.01688432,0.08034591,-1.00000000,-0.88766028,0.57356947
2567,-0.01554484,0.27350073,1.00000000,-0.77506977,0.34822669
2568,0.00281919,0.32657119,1.00000000,-0.68234114,0.13575268
2569,-0.00074295,-0.02273431,-1.00000000,-0.70755089,0.16688368
2570,-0.00842520,0.17507088,1.00000000,-0.94705368,0.04560597
2571,0.00399202,0.13670182,-1.00000000,-0.98612949,-0.03110435
2572,-0.00374621,0.05395378,-1.00000000,-0.84154600,0.03909852
2573,-0.00983776,0.18770384,1.00000000,-0.92498045,-0.03621144
2574,-0.00517116,0.10435272,-1.00000000,-0.92960676,-0.06255966
2575,-0.00800679,0.03873857,-1.00000000,-0.81496085,-0.06007014
2576,-0.00057791,0.08900409,-1.00000000,-0.90278849,-0.08726160
2577,-0.00330925,0.05846051,-1.00000000,-0.84942050,-0.08466163
2578,-0.00180476,0.13847960,-1.00000000,-0.98923577,-0.03686457
2579,0.01463364,0.10905941,-1.00000000,-0.93783063,0.08097569
2580,-0.00590158,0.12526475,-1.00000000,-0.96614580,0.09350191
2581,0.00075565,0.30232827,1.00000000,-0.72470016,0.10143671
2582,-0.00092479,0.08113652,-1.00000000,-0.88904170,0.11562443
2583,0.01411375,0.15284383,1.00000000,-0.98589044,0.21034095
2584,0.00526206,0.13474320,-1.00000000,-0.98270724,0.15457928
2585,-0.01833756,0.29672844,1.00000000,-0.73448460,0.08058409
2586,-0.01492930,0.20138388,1.00000000,-0.90107766,-0.01274277
2587,-0.01568262,-0.05281570,-1.00000000,-0.65499047,-0.10055312
2588,-0.02459242,-0.01610417,-1.00000000,-0.71913556,-0.33085823
2589,0.00381059,-0.02421836,-1.00000000,-0.70495785,-0.33949461
2590,-0.03876126,-0.12018893,-1.00000000,-0.53727098,-0.46101737
2591,-0.01135193,0.18574960,1.00000000,-0.92839504,-0.43973170
2592,-0.04104634,-0.27280625,-1.00000000,-0.27060670,-0.59064807
2593,0.01641846,0.02242891,-1.00000000,-0.78646342,-0.34662976
2594,-0.01477056,-0.29741965,-1.00000000,-0.22760034,-0.45718925
2595,-0.02433362,0.32155319,1.00000000,-0.69110896,-0.37134356
2596,-0.07885309,-0.01439432,-1.00000000,-0.72212314,-0.77298131
2597,0.02661742,-0.11740129,-1.00000000,-0.54214175,-0.37037607
2598,0.01965774,-0.70464896,-1.00000000,0.48394082,-0.35110205
2599,0.01121858,0.43140964,1.00000000,-0.49915965,-0.19646438
2600,-0.01101649,0.35644462,1.00000000,-0.63014407,-0.11722628
2601,0.02179299,0.26554358,1.00000000,-0.78897310,0.48162662
2602,0.00431884,0.02604208,-1.00000000,-0.79277662,0.34894816
2603,-0.08721787,0.37944408,1.00000000,-0.58995771,-0.28697097
2604,0.01290709,0.19122413,1.00000000,-0.91882954,-0.27692422
2605,0.00841371,-0.79474879,-1.00000000,0.64136991,-0.16131284
2606,0.01014977,0.28373103,1.00000000,-0.75719464,-0.23059099
2607,0.00893261,0.23533137,1.00000000,-0.84176210,-0.20313866
2608,-0.01594804,0.25403104,1.00000000,-0.80908867,0.22092295
2609,0.01958785,0.24092061,1.00000000,-0.83199616,0.26067407
2610,0.01283099,-0.02707738,-1.00000000,-0.69996236,0.28695724
2611,0.00732095,0.35569179,1.00000000,-0.63145948,0.27012552
2612,0.00745703,0.28291134,1.00000000,-0.75862686,0.26134569
2613,0.02722391,0.22356086,1.00000000,-0.86232841,0.51822259
2614,0.02880385,0.22502665,1.00000000,-0.85976728,0.57305859
2615,-0.00626133,0.43794243,1.00000000,-0.48774508,0.45945764
2616,0.00408561,0.45496045,1.00000000,-0.45800993,0.44020706
2617,0.00784877,0.07726151,-1.00000000,-0.88227098,0.44253793
2618,-0.01424336,0.18871187,1.00000000,-0.92321915,0.19580407
2619,0.00506459,0.22924619,1.00000000,-0.85239459,0.05455345
2620,-0.01170367,-0.00871561,-1.00000000,-0.73204540,0.02217107
2621,0.00083746,0.19925688,1.00000000,-0.90479412,0.00284431
2622,0.00761536,0.01864025,-1.00000000,-0.77984359,0.00145550
2623,0.01125081,0.15372496,1.00000000,-0.98435086,0.15314800
2624,0.00332883,0.22673206,1.00000000,-0.85678746,0.14282007
2625,-0.00636635,0.26589069,1.00000000,-0.78836661,0.17457756
2626,0.00984975,0.18056041,1.00000000,-0.93746197,0.22820150
2627,0.00280625,0.07613030,-1.00000000,-0.88029445,0.19958689
2628,-0.00112491,0.25079944,1.00000000,-0.81473514,0.12595031
2629,-0.00122107,0.17493153,1.00000000,-0.94729718,0.09887798
2630,0.00506453,0.13258765,-1.00000000,-0.97894092,0.16689272
2631,-0.00432646,0.13155184,-1.00000000,-0.97713107,0.08254302
2632,-0.00429511,0.19925621,1.00000000,-0.90479529,0.04028928
2633,0.02166024,0.09810264,-1.00000000,-0.91868615,0.17586288
2634,-0.00175922,0.09844031,-1.00000000,-0.91927616,0.17266086
2635,0.00315722,0.37801420,1.00000000,-0.59245612,0.16131218
2636,0.00923438,0.12575528,-1.00000000,-0.96700288,0.24200034
2637,0.01200690,0.17871189,1.00000000,-0.94069185,0.33899873
2638,-0.00124381,0.24417102,1.00000000,-0.82631681,0.20271766
2639,0.01261398,0.27403482,1.00000000,-0.77413658,0.28823941
2640,0.00703719,0.13130695,-1.00000000,-0.97670317,0.31132559
2641,-0.00587795,0.28057382,1.00000000,-0.76271115,0.22140591
2642,-0.00137182,0.22050439,1.00000000,-0.86766890,0.14180134
2643,0.01253196,0.08139099,-1.00000000,-0.88948632,0.22376835
2644,0.01251124,0.12992803,-1.00000000,-0.97429382,0.22315705
2645,0.00094252,0.27969042,1.00000000,-0.76425469,0.18689323
2646,0.00665241,0.27946719,1.00000000,-0.76464474,0.26144996
2647,-0.00614618,0.15485663,1.00000000,-0.98237353,0.23304213
2648,0.00582777,0.21635974,1.00000000,-0.87491074,0.19315161
2649,0.00924883,0.07850183,-1.00000000,-0.88443817,0.17373998
2650,-0.00312419,0.20747731,1.00000000,-0.89043079,0.14954273
2651,0.02064371,0.24432665,1.00000000,-0.82604489,0.23279221
2652,-0.01665884,0.11105275,-1.00000000,-0.94131355,0.17024099
2653,0.01111383,0.36706485,1.00000000,-0.61158763,0.20169349
2654,-0.00330778,-0.03473356,-1.00000000,-0.68658492,0.12698057
2655,0.00264995,0.26441522,1.00000000,-0.79094465,0.16133716
2656,0.00978249,0.10907514,-1.00000000,-0.93785812,0.09671195
2657,0.00110904,0.17324788,1.00000000,-0.95023897,0.20243234
2658,0.03709805,0.25007495,1.00000000,-0.81600103,0.35704072
2659,0.03714740,0.15665024,1.00000000,-0.97923960,0.59775258
2660,0.00145700,0.54430010,1.00000000,-0.30190909,0.59065444
2661,0.00680880,0.54483168,1.00000000,-0.30098028,0.57296074
2662,-0.00252299,0.16039823,1.00000000,-0.97269083,0.55134984
2663,-0.02251671,0.21804435,1.00000000,-0.87196726,0.19663686
2664,0.01618205,0.11752840,-1.00000000,-0.95262827,0.07189123
2665,0.00878030,-0.09783067,-1.00000000,-0.57633698,0.11546553
2666,0.00870950,0.31900681,1.00000000,-0.69555819,0.12677485
2667,-0.02480588,0.23928004,1.00000000,-0.83486271,-0.00581024
2668,0.01027865,0.23851741,1.00000000,-0.83619521,0.18932498
2669,-0.00094742,-0.12248810,-1.00000000,-0.53325369,0.08740315
2670,-0.00058528,0.25541925,1.00000000,-0.80666308,0.03167713
2671,0.03639977,0.13449948,-1.00000000,-0.98228141,0.19643661
2672,0.00710944,0.13840019,-1.00000000,-0.98909702,0.38633554
2673,0.00809234,0.53677865,1.00000000,-0.31505112,0.37332680
2674,0.00934050,0.22128265,1.00000000,-0.86630908,0.43454082
2675,0.00362227,0.23186976,1.00000000,-0.84781049,0.45957610
2676,-0.00734672,0.24531416,1.00000000,-0.82431943,0.19928069
2677,-0.00059641,0.18372113,1.00000000,-0.93193934,0.15343020
2678,-0.03129259,0.06557037,-1.00000000,-0.86184337,-0.08091358
2679,-0.00541900,0.13828029,-1.00000000,-0.98888751,-0.16873389
2680,0.01900581,-0.19235873,-1.00000000,-0.41117056,-0.07720052
2681,0.02175103,0.08633457,-1.00000000,-0.89812411,0.09593363
2682,0.00677041,0.34942240,1.00000000,-0.64241381,0.13976682
2683,0.01445940,0.37899213,1.00000000,-0.59074740,0.41199516
2684,0.01645827,0.21763076,1.00000000,-0.87268992,0.54216681
2685,-0.00721110,0.30045152,1.00000000,-0.72797936,0.38617397
2686,0.01971833,0.32198207,1.00000000,-0.69035960,0.37407921
2687,-0.00490083,0.06703125,-1.00000000,-0.86439593,0.30463431
2688,-0.01592913,0.35709719,1.00000000,-0.62900386,0.12381994
2689,0.01289670,0.09191586,-1.00000000,-0.90787616,0.10262829
2690,-0.01353352,-0.02687361,-1.00000000,-0.70031841,0.06500933
2691,-0.00285378,0.28361920,1.00000000,-0.75739004,-0.06929667
2692,0.00365710,-0.00106970,-1.00000000,-0.74540491,-0.01837619
2693,0.00611795,0.11396536,-1.00000000,-0.94640267,0.11280582
2694,0.01103696,0.18409632,1.00000000,-0.93128378,0.10174016
2695,-0.00532166,0.21060292,1.00000000,-0.88496948,0.15060144
2696,0.00723191,0.26358723,1.00000000,-0.79239138,0.21061217
2697,0.01603331,0.08738303,-1.00000000,-0.89995605,0.28425167
2698,0.00972102,0.22260175,1.00000000,-0.86400425,0.30569025
2699,-0.01024924,0.31740464,1.00000000,-0.69835761,0.17903556
2700,-0.00173379,0.24941280,1.00000000,-0.81715799,0.20038370
2701,-0.02583196,0.03430643,-1.00000000,-0.80721669,0.00365080
2702,0.00215140,0.12602919,-1.00000000,-0.96748149,-0.07894780
2703,-0.00904930,-0.13354042,-1.00000000,-0.51394227,-0.19063284
2704,-0.00681727,0.16787784,1.00000000,-0.95962191,-0.17021233
2705,0.00791366,0.04723130,-1.00000000,-0.82979999,-0.11280919
2706,-0.00666301,0.07127332,-1.00000000,-0.87180798,0.00124772
2707,0.00103334,0.22994509,1.00000000,-0.85117340,-0.00540481
2708,-0.00466449,0.07293484,-1.00000000,-0.87471110,0.02068522
2709,-0.00863076,0.15583488,1.00000000,-0.98066425,0.00989479
2710,-0.00108400,0.09446163,-1.00000000,-0.91232431,-0.04364207
2711,0.00368619,0.05173959,-1.00000000,-0.83767719,0.01793659
2712,-0.00001820,0.13302825,-1.00000000,-0.97971076,0.01167983
2713,-0.00482388,0.18440962,1.00000000,-0.93073636,0.01073145
2714,0.01112194,0.14450838,-1.00000000,-0.99976970,0.12826171
2715,0.01150237,0.09274480,-1.00000000,-0.90932453,0.20315173
2716,0.00040765,0.26450258,1.00000000,-0.79079200,0.18364410
2717,0.00655560,0.26860034,1.00000000,-0.78363209,0.22275881
2718,-0.00786347,0.14909530,1.00000000,-0.99244014,0.20467297
2719,0.00919309,0.21531706,1.00000000,-0.87673259,0.19319614
2720,-0.01031572,0.06000432,-1.00000000,-0.85211794,0.06337664
2721,0.02017670,0.24372629,1.00000000,-0.82709388,0.18100421
2722,0.00358870,0.03359035,-1.00000000,-0.80596550,0.16335089
2723,-0.01638022,0.36203445,1.00000000,-0.62037712,0.11267548
2724,-0.00147245,0.18335957,1.00000000,-0.93257108,0.04921459
2725,-0.02040828,-0.03173251,-1.00000000,-0.69182857,-0.01083705
2726,0.01478047,0.12884413,-1.00000000,-0.97239996,-0.04294505
2727,0.01107266,-0.07512009,-1.00000000,-0.61601858,0.00158512
2728,-0.02664181,0.30390989,1.00000000,-0.72193664,-0.05947221
2729,-0.02261989,0.26397177,1.00000000,-0.79171948,-0.18530129
2730,-0.00474768,-0.14226354,-1.00000000,-0.49870059,-0.09211935
2731,-0.01882604,-0.09894208,-1.00000000,-0.57439504,-0.29208104
2732,0.12545164,0.09356557,-1.00000000,-0.91075864,0.38848380
2733,-0.08374378,-0.05807729,-1.00000000,-0.64579702,0.04872215
2734,0.04163489,1.49598653,1.00000000,1.36094784,0.43104363
2735,-0.02355740,-0.75732819,-1.00000000,0.57598586,0.31912416
2736,-0.02278362,0.59316789,1.00000000,-0.21652367,0.29557623
2737,-0.02133986,-0.10904033,-1.00000000,-0.55675064,-0.57784591
2738,0.05169666,-0.10070570,-1.00000000,-0.57131352,0.22803643
2739,-0.06200646,-0.08515446,-1.00000000,-0.59848579,-0.38863858
2740,0.02324816,0.70154666,1.00000000,-0.02715626,-0.11014142
2741,-0.00261216,-0.52318820,-1.00000000,0.16687916,0.00988054
2742,-0.05302570,0.39511826,1.00000000,-0.56257064,-0.17865292
2743,0.00452393,0.11656799,-1.00000000,-0.95095017,-0.45933473
2744,0.01127371,-0.42645333,-1.00000000,-0.00214316,-0.02331135
2745,0.05208494,0.19343324,1.00000000,-0.91496961,0.14826998
2746,-0.02065188,0.26613738,1.00000000,-0.78793556,0.04093205
2747,0.02676514,0.70572898,1.00000000,-0.01984862,0.51569443
2748,-0.01942220,-0.07774402,-1.00000000,-0.61143385,0.37321288
2749,-0.03419170,0.43300080,1.00000000,-0.49637946,0.10268973
2750,-0.01186376,-0.06449864,-1.00000000,-0.63457717,-0.27781061
2751,-0.01129555,-0.22358601,-1.00000000,-0.35660795,-0.22213963
2752,-0.00872495,0.01691580,-1.00000000,-0.77683050,-0.43330871
2753,-0.03899896,0.02303618,-1.00000000,-0.78752447,-0.54979214
2754,-0.00372723,0.05072507,-1.00000000,-0.83590456,-0.36852588
2755,0.04381229,-0.27536657,-1.00000000,-0.26613312,-0.03724851
2756,0.05239568,0.10455717,-1.00000000,-0.92996398,0.34171983
2757,0.01095164,0.61662150,1.00000000,-0.17554380,0.45879722
2758,-0.00872639,0.70907600,1.00000000,-0.01400045,0.63892159
2759,-0.04894102,0.26266825,1.00000000,-0.79399708,0.36989564
2760,0.06136700,0.05070947,-1.00000000,-0.83587729,0.47434764
2761,-0.01035383,-0.38245587,-1.00000000,-0.07901879,0.10098262
2762,0.02065491,0.80570916,1.00000000,0.15484415,0.15871789
2763,0.02552427,0.03317975,-1.00000000,-0.80524808,0.36251231
2764,0.04417571,0.36718542,1.00000000,-0.61137696,0.91656488
2765,0.01392433,0.41963498,1.00000000,-0.51973321,0.63427687
2766,0.03872159,0.62053592,1.00000000,-0.16870422,0.92627990
2767,-0.00254602,0.29468804,1.00000000,-0.73804973,0.78823236
2768,0.05879476,0.56178780,1.00000000,-0.27135328,0.98619463
2769,-0.01054899,0.11728033,-1.00000000,-0.95219483,0.66057793
2770,0.04183314,0.77800267,1.00000000,0.10643332,0.82663776
2771,-0.00225298,0.03107762,-1.00000000,-0.80157509,0.58283553
2772,0.01325005,0.59530330,1.00000000,-0.21279252,0.67682354
2773,0.07408790,0.12043682,-1.00000000,-0.95771009,0.76781908
2774,-0.00661958,0.28742520,1.00000000,-0.75073991,0.79119941
2775,-0.00375039,0.94273032,1.00000000,0.39425767,0.51997348
2776,0.02499633,0.07340263,-1.00000000,-0.87552847,0.68210920
2777,-0.01744457,0.10430770,-1.00000000,-0.92952808,0.49947357
2778,0.02122842,0.41394832,1.00000000,-0.52966937,0.18495506
2779,0.01051678,-0.04319693,-1.00000000,-0.67179708,0.28691790
2780,0.00016104,0.37336290,1.00000000,-0.60058321,0.31019126
2781,-0.01057965,0.25798421,1.00000000,-0.80218139,0.09851109
2782,0.00426910,0.14643905,1.00000000,-0.99708134,0.22770928
2783,-0.00154805,0.03074737,-1.00000000,-0.80099804,0.09218732
2784,0.00743755,0.19068831,1.00000000,-0.91976577,0.07386563
2785,0.00268367,0.12802984,-1.00000000,-0.97097718,0.08887551
2786,0.01508338,0.22481676,1.00000000,-0.86013400,0.24157279
2787,-0.00689978,0.17361118,1.00000000,-0.94960419,0.17511702
2788,-0.00509142,0.30717262,1.00000000,-0.71623575,0.15403368
2789,-0.01521496,0.07038458,-1.00000000,-0.87025511,0.01924928
2790,-0.01519932,0.08986304,-1.00000000,-0.90428931,-0.08715608
2791,0.00811995,-0.01918112,-1.00000000,-0.71375929,-0.12858909
2792,-0.01317528,-0.01901261,-1.00000000,-0.71405372,-0.16592887
2793,-0.00594047,0.23216717,1.00000000,-0.84729084,-0.17098081
2794,0.00088727,0.00278904,-1.00000000,-0.75214717,-0.07517114
2795,0.01193610,0.08071760,-1.00000000,-0.88830972,0.08628696
2796,0.00178858,0.15426146,1.00000000,-0.98341345,0.04861478
2797,0.00544625,0.27327220,1.00000000,-0.77546908,0.15941445
2798,-0.02495959,0.16396986,1.00000000,-0.96645021,0.04624905
2799,-0.07922579,0.20336778,1.00000000,-0.89761126,-0.43043058
2800,-0.02719538,-0.12414378,-1.00000000,-0.53036077,-0.66326629
2801,0.01147433,-0.70866343,-1.00000000,0.49095519,-0.60563529
2802,-0.03186139,-0.14822626,-1.00000000,-0.48828207,-0.82761896
2803,0.01354128,0.26829826,1.00000000,-0.78415991,-0.59853547
2804,0.01132204,-0.19848542,-1.00000000,-0.40046556,-0.05976804
2805,0.00776388,0.29056210,1.00000000,-0.74525889,0.14824258
2806,0.01343071,0.26665794,1.00000000,-0.78702600,0.15988326
2807,-0.00641891,0.22833177,1.00000000,-0.85399232,0.31126824
2808,0.02092673,0.28937117,1.00000000,-0.74733976,0.35521234
2809,0.02279457,0.07556420,-1.00000000,-0.87930532,0.42347487
2810,-0.01738810,0.37011334,1.00000000,-0.60626108,0.27381843
2811,0.01738480,0.39023243,1.00000000,-0.57110752,0.29734561
2812,-0.00926876,-0.04258869,-1.00000000,-0.67285984,0.28038872
2813,-0.00978295,0.33196201,1.00000000,-0.67292190,0.09766346
2814,-0.03459210,0.04486744,-1.00000000,-0.82566967,-0.24379217
2815,-0.04181965,0.03932895,-1.00000000,-0.81599242,-0.38916204
2816,0.03864165,-0.22789880,-1.00000000,-0.34907233,-0.26268194
2817,-0.01445982,-0.30574925,-1.00000000,-0.21304625,-0.29356917
2818,0.00321461,0.56092675,1.00000000,-0.27285777,-0.21623254
2819,0.02774038,-0.01104719,-1.00000000,-0.72797150,0.15465110
2820,0.00963097,0.17933012,1.00000000,-0.93961163,0.46078678
2821,-0.03393693,0.44350544,1.00000000,-0.47802497,0.02893795
2822,-0.00998125,0.24844288,1.00000000,-0.81885270,0.05558584
2823,-0.01193022,-0.22084173,-1.00000000,-0.36140296,-0.03452722
2824,-0.02227731,0.03719303,-1.00000000,-0.81226038,-0.33213681
2825,-0.01230967,0.01620002,-1.00000000,-0.77557983,-0.46268551
2826,-0.00756067,-0.09525206,-1.00000000,-0.58084251,-0.30574447
2827,0.01158233,0.01211282,-1.00000000,-0.76843838,-0.17743934
2828,-0.01734688,0.06326593,-1.00000000,-0.85781687,-0.20966899
2829,0.02657341,0.26946159,1.00000000,-0.78212727,0.08099706
2830,-0.02465876,-0.04214476,-1.00000000,-0.67363552,0.00751887
2831,0.02362123,0.43093567,1.00000000,-0.49998781,0.19305382
2832,0.00218076,-0.12090347,-1.00000000,-0.53602248,0.13711367
2833,0.01527872,0.39913664,1.00000000,-0.55554942,0.33123883
2834,0.00297752,0.16819410,1.00000000,-0.95906930,0.19084121
2835,-0.00262724,0.30927665,1.00000000,-0.71255945,0.32193071
2836,0.02755632,0.17677630,1.00000000,-0.94407386,0.34534484
2837,-0.01262033,0.11640557,-1.00000000,-0.95066638,0.25727707
2838,0.00453189,0.44152285,1.00000000,-0.48148911,0.19333255
2839,0.02261110,0.00876654,-1.00000000,-0.76259150,0.31015402
2840,0.00610742,0.19351899,1.00000000,-0.91481978,0.36212600
2841,-0.00547182,0.38825619,1.00000000,-0.57456055,0.16560573
2842,-0.00450465,0.21048953,1.00000000,-0.88516760,0.21389477
2843,0.00162428,0.08576561,-1.00000000,-0.89712999,0.19659423
2844,0.01388257,0.09618334,-1.00000000,-0.91533261,0.14465877
2845,0.01819093,0.16220013,1.00000000,-0.96954241,0.21655667
2846,0.00041578,0.29423832,1.00000000,-0.73883552,0.25158840
2847,-0.00549971,0.34064506,1.00000000,-0.65775025,0.24566766
2848,-0.00104889,0.14918295,1.00000000,-0.99228700,0.22976202
2849,-0.00502837,0.08546513,-1.00000000,-0.89660495,0.11724026
2850,0.00527686,0.13340644,-1.00000000,-0.98037156,0.04040042
2851,-0.00331611,0.09054211,-1.00000000,-0.90547584,0.01819533
2852,-0.00195242,0.20154323,1.00000000,-0.90079924,0.03930203
2853,-0.01831239,0.10898545,-1.00000000,-0.93770141,-0.06341730
2854,0.00107600,0.12367422,-1.00000000,-0.96336671,-0.02709575
2855,0.00783157,-0.05254459,-1.00000000,-0.65546416,-0.01189500
2856,-0.00995777,0.15629439,1.00000000,-0.97986136,-0.05141344
2857,0.00589854,0.22906088,1.00000000,-0.85271837,-0.00469953
2858,0.01394547,0.03744591,-1.00000000,-0.81270222,0.18723755
2859,0.00146832,0.20823961,1.00000000,-0.88909883,0.18957189
2860,0.01289369,0.29491579,1.00000000,-0.73765181,0.21969195
2861,-0.01079493,0.16052020,1.00000000,-0.97247772,0.21471075
2862,0.00109815,0.28358671,1.00000000,-0.75744680,0.18614803
2863,-0.00203257,0.02842852,-1.00000000,-0.79694638,0.09107731
2864,-0.00072175,0.15653301,1.00000000,-0.97944443,0.07804618
2865,-0.01143198,0.12281091,-1.00000000,-0.96185826,-0.06669368
2866,0.00690519,0.13693016,-1.00000000,-0.98652847,0.03862361
2867,-0.02505861,0.02156664,-1.00000000,-0.78495680,-0.11701141
2868,-0.00494913,0.21908261,1.00000000,-0.87015315,-0.13436518
2869,-0.00191251,-0.12521038,-1.00000000,-0.52849712,-0.14145029
2870,0.00142484,0.09139568,-1.00000000,-0.90696725,-0.06495108
2871,0.00278459,0.12410412,-1.00000000,-0.96411785,-0.08946901
2872,-0.00286870,0.16005184,1.00000000,-0.97329607,0.04256286
2873,-0.00173654,0.17469821,1.00000000,-0.94770485,0.06167803
2874,-0.01026120,0.11380464,-1.00000000,-0.94612184,0.01200262
2875,0.01248944,0.12599954,-1.00000000,-0.96742967,0.07783798
2876,0.00717448,0.03417759,-1.00000000,-0.80699157,0.10395818
2877,0.01356768,0.27923246,1.00000000,-0.76505488,0.20175606
2878,0.02725037,0.22198314,1.00000000,-0.86508511,0.37423072
2879,-0.00908243,0.29084645,1.00000000,-0.74476205,0.38124450
2880,-0.01765551,0.43822743,1.00000000,-0.48724710,0.20187943
2881,0.01651503,0.04687451,-1.00000000,-0.82917657,0.25745655
2882,-0.01302459,-0.04546902,-1.00000000,-0.66782712,0.09923027
2883,-0.00065597,0.32259345,1.00000000,-0.68929135,-0.06681487
2884,-0.00387030,0.00441214,-1.00000000,-0.75498318,-0.03580224
2885,0.00729270,0.13763879,-1.00000000,-0.98776663,0.11264174
2886,0.00044469,0.10301614,-1.00000000,-0.92727138,0.01702182
2887,0.00556004,0.22325655,1.00000000,-0.86286012,0.12760198
2888,0.01180337,0.14949435,1.00000000,-0.99174290,0.20173610
2889,0.04684847,0.20459349,1.00000000,-0.89546960,0.50351714
2890,0.00589153,0.27184250,1.00000000,-0.77796715,0.49518008
2891,-0.00593145,0.64932516,1.00000000,-0.11840154,0.45724147
2892,-0.01350589,0.20816412,1.00000000,-0.88923074,0.34379753
2893,-0.02134934,0.08081473,-1.00000000,-0.88847943,0.14653603
2894,-0.01149052,-0.00077211,-1.00000000,-0.74592487,-0.20058598
2895,0.00453968,-0.08525658,-1.00000000,-0.59830737,-0.20862964
2896,0.00510356,0.02093618,-1.00000000,-0.78385521,-0.14297035
2897,0.00343861,0.19360282,1.00000000,-0.91467332,-0.04214908
2898,-0.01439036,0.19967661,1.00000000,-0.90406074,-0.00074253
2899,0.00995747,0.18174289,1.00000000,-0.93539586,0.12687482
2900,0.00797665,-0.01029902,-1.00000000,-0.72927875,0.14732513
2901,0.03119488,0.25195967,1.00000000,-0.81270792,0.30257076
2902,0.01890774,0.23062365,1.00000000,-0.84998777,0.39461340
2903,0.01157984,0.48071509,1.00000000,-0.41300951,0.54913836
2904,-0.00342090,0.34836609,1.00000000,-0.64425948,0.46953592
2905,0.01856103,0.26943484,1.00000000,-0.78217400,0.53251391
2906,0.01695206,0.10785676,-1.00000000,-0.93572927,0.44776789
2907,-0.01277678,0.34463162,1.00000000,-0.65078463,0.25924223
2908,0.02695845,0.32730083,1.00000000,-0.68106626,0.35074629
2909,0.01010800,0.00708136,-1.00000000,-0.75964704,0.43124442
2910,0.01843574,0.43508305,1.00000000,-0.49274120,0.43049893
2911,0.00346341,0.25358113,1.00000000,-0.80987477,0.35024029
2912,-0.01049945,0.34328207,1.00000000,-0.65314267,0.36379061
2913,-0.01119747,0.18201001,1.00000000,-0.93492913,0.13675955
2914,0.00760486,0.03161127,-1.00000000,-0.80250751,0.12186566
2915,0.01469518,0.02409264,-1.00000000,-0.78937041,0.09960896
2916,-0.01008610,0.22661899,1.00000000,-0.85698502,0.01898817
2917,-0.00293877,0.30299115,1.00000000,-0.72354194,0.06397486
2918,-0.00908268,0.03606359,-1.00000000,-0.81028693,0.07655804
2919,0.00505693,0.11304989,-1.00000000,-0.94480309,0.06139761
2920,-0.00150314,0.04687176,-1.00000000,-0.82917176,-0.03498379
2921,-0.00644265,0.19917433,1.00000000,-0.90493835,-0.01330494
2922,0.00952804,0.12851356,-1.00000000,-0.97182236,0.06087368
2923,-0.00613553,0.07530843,-1.00000000,-0.87885843,0.07840949
2924,0.00823377,0.24733416,1.00000000,-0.82078994,0.09731194
2925,0.02337188,0.07861652,-1.00000000,-0.88463857,0.24532045
2926,-0.02038445,0.23339311,1.00000000,-0.84514877,0.16236552
2927,-0.01098484,0.39645081,1.00000000,-0.56024230,0.04031210
2928,0.00260045,-0.07486345,-1.00000000,-0.61646700,0.09229193
2929,-0.01241732,0.02638298,-1.00000000,-0.79337225,-0.03058385
2930,0.01112617,0.17271471,1.00000000,-0.95117057,-0.10344684
2931,0.02402131,0.01095320,-1.00000000,-0.76641221,0.16077130
2932,-0.00697953,0.26454820,1.00000000,-0.79071230,0.18460327
2933,0.00285876,0.40344608,1.00000000,-0.54801965,0.18614026
2934,0.00748506,0.06952558,-1.00000000,-0.86875420,0.30456118
2935,0.00207803,0.17549709,1.00000000,-0.94630899,0.25072396
2936,-0.00651124,0.22532856,1.00000000,-0.85923976,0.06905267
2937,-0.00119894,0.16708761,1.00000000,-0.96100265,0.10344763
2938,-0.00102801,0.07456968,-1.00000000,-0.87756763,0.08032099
2939,0.00442670,0.13179018,-1.00000000,-0.97754751,0.06212350
2940,-0.00628600,0.13363134,-1.00000000,-0.98076452,0.01235681
2941,-0.04164116,0.19238595,1.00000000,-0.91679951,-0.19666926
2942,0.01642527,0.07699583,-1.00000000,-0.88180677,-0.09180364
2943,0.00015906,-0.30382660,-1.00000000,-0.21640566,-0.08474045
2944,0.03338635,0.32162659,1.00000000,-0.69098071,0.08757194
2945,0.03746614,0.14641771,1.00000000,-0.99711863,0.34790092
2946,0.00207458,0.50432011,1.00000000,-0.37176509,0.60801332
2947,-0.00760186,0.54826488,1.00000000,-0.29498154,0.46504979
2948,-0.01811516,0.16705039,1.00000000,-0.96106769,0.35631661
2949,0.00026823,0.06282218,-1.00000000,-0.85704152,0.15926093
2950,0.00154311,-0.05042008,-1.00000000,-0.65917627,-0.05448420
2951,-0.01439873,0.14759362,1.00000000,-0.99506399,-0.15250180
2952,0.00285985,0.16132577,1.00000000,-0.97107017,-0.09025369
2953,0.00408943,-0.01038918,-1.00000000,-0.72912122,0.04186552
2954,0.00950008,0.17550884,1.00000000,-0.94628845,0.09679584
2955,0.00930684,0.18875305,1.00000000,-0.92314718,0.14299073
2956,-0.00532591,0.24703302,1.00000000,-0.82131611,0.19697479
2957,-0.00456038,0.24495157,1.00000000,-0.82495298,0.15282380
2958,0.01541059,0.08733724,-1.00000000,-0.89987605,0.22018568
2959,0.01091454,0.09558305,-1.00000000,-0.91428374,0.22860183
2960,-0.00272464,0.31069710,1.00000000,-0.71007752,0.15701348
2961,-0.01144355,0.26226863,1.00000000,-0.79469533,0.12061297
2962,-0.00029624,0.11535642,-1.00000000,-0.94883323,0.14598493
2963,-0.01509910,0.02144203,-1.00000000,-0.78473906,-0.03555039
2964,-0.00603683,0.14151349,-1.00000000,-0.99453679,-0.13641251
2965,-0.01043562,-0.01793316,-1.00000000,-0.71593982,-0.18229352
2966,-0.00206877,0.07967969,-1.00000000,-0.88649620,-0.12651277
2967,-0.02046708,0.03229882,-1.00000000,-0.80370885,-0.24653102
2968,-0.01662257,0.12242096,-1.00000000,-0.96117692,-0.25559574
2969,0.01028895,-0.07575347,-1.00000000,-0.61491189,-0.15845593
2970,-0.03215434,-0.03434288,-1.00000000,-0.68726755,-0.28768417
2971,0.00388638,0.25553021,1.00000000,-0.80646919,-0.25225048
2972,-0.00238738,-0.20164083,-1.00000000,-0.39495218,-0.14467466
2973,0.01801392,0.18656596,1.00000000,-0.92696863,0.06141541
2974,0.00918922,0.11898917,-1.00000000,-0.95518064,0.05487188
2975,0.00495536,0.33873841,1.00000000,-0.66108168,0.27567776
2976,-0.00087758,0.24368458,1.00000000,-0.82716676,0.24733175
2977,0.01470899,0.19808023,1.00000000,-0.90685005,0.34905662
2978,0.01116649,0.13525167,-1.00000000,-0.98359569,0.30831385
2979,0.00882468,0.30313994,1.00000000,-0.72328195,0.30614480
2980,-0.00037448,0.26498247,1.00000000,-0.78995350,0.27443182
2981,-0.00550211,0.23975798,1.00000000,-0.83402760,0.24691547
2982,-0.01135299,0.14067078,-1.00000000,-0.99306435,0.09184441
2983,-0.00744494,0.08543930,-1.00000000,-0.89655983,-0.01889519
2984,0.03121734,0.02241748,-1.00000000,-0.78644345,0.11434313
2985,0.00092557,0.06451248,-1.00000000,-0.85999494,0.12207852
2986,0.03799193,0.48095701,1.00000000,-0.41258683,0.38087185
2987,-0.00994718,0.15467403,1.00000000,-0.98269258,0.38923655
2988,0.00195114,0.55392839,1.00000000,-0.28508582,0.44514400
2989,0.00441382,0.03755996,-1.00000000,-0.81290150,0.28566072
2990,0.00331525,0.16572077,1.00000000,-0.96339089,0.29987952
2991,0.00130419,0.19224718,1.00000000,-0.91704199,0.08158431
2992,0.00212375,0.18041409,1.00000000,-0.93771764,0.15340739
2993,-0.00251212,0.15875234,1.00000000,-0.97556665,0.12685060
2994,-0.00792290,0.16758003,1.00000000,-0.96014225,0.05344601
2995,0.02964623,0.11764548,-1.00000000,-0.95283284,0.21011764
2996,-0.00697799,0.05936412,-1.00000000,-0.85099935,0.16083790
2997,0.00595419,0.46403403,1.00000000,-0.44215590,0.18362939
2998,-0.00819569,0.06954208,-1.00000000,-0.86878302,0.14981171
2999,-0.00137771,0.20883907,1.00000000,-0.88805142,0.18875616
3000,0.01923538,0.05642591,-1.00000000,-0.84586549,0.12681069
3001,0.01653320,0.12986459,-1.00000000,-0.97418298,0.26670432
3002,0.00412823,0.35189522,1.00000000,-0.63809312,0.25583969
3003,0.06283085,0.32278909,1.00000000,-0.68894951,0.67845376
3004,0.00114162,0.18917102,1.00000000,-0.92241688,0.69344402
3005,0.00081404,0.82147686,1.00000000,0.18239464,0.58383546
3006,-0.00111645,0.15700120,1.00000000,-0.97862638,0.47881853
3007,-0.00295407,0.15347274,1.00000000,-0.98479155,0.43667823
3008,-0.00712168,0.13267876,-1.00000000,-0.97910010,0.02045460
3009,0.05359894,0.11288516,-1.00000000,-0.94451527,0.33258020
3010,-0.01329458,0.06799442,-1.00000000,-0.86607885,0.24863269
3011,-0.01277591,0.72203677,1.00000000,0.00864557,0.17925789
3012,-0.01126919,0.00150401,-1.00000000,-0.74990189,0.12978217
3013,-0.00179216,0.00709077,-1.00000000,-0.75966348,0.16149325
3014,-0.01185143,0.02332011,-1.00000000,-0.78802059,-0.22794213
3015,-0.01133059,0.12540043,-1.00000000,-0.96638288,-0.21625622
3016,-0.03506008,0.01704863,-1.00000000,-0.77706259,-0.34884894
3017,0.00235222,0.02265883,-1.00000000,-0.78686515,-0.26780033
3018,0.00074151,-0.23293954,-1.00000000,-0.34026477,-0.25272475
3019,0.02702448,0.17004100,1.00000000,-0.95584227,-0.02140973
3020,-0.00256132,0.15269151,1.00000000,-0.98615658,0.03076818
3021,0.01461046,0.43579421,1.00000000,-0.49149860,0.32631218
3022,0.00038746,0.11711560,-1.00000000,-0.95190700,0.31462165
3023,-0.02399263,0.30207865,1.00000000,-0.72513632,0.16745137
3024,0.01305917,0.14887784,1.00000000,-0.99282010,0.08435657
3025,-0.00167134,-0.11372832,-1.00000000,-0.54855943,0.08965200
3026,0.02167830,0.28536914,1.00000000,-0.75433242,0.13170627
3027,-0.00330698,0.12670183,-1.00000000,-0.96865676,0.10972408
3028,-0.02492370,0.37820876,1.00000000,-0.59211615,0.10418415
3029,-0.03195753,0.10908387,-1.00000000,-0.93787336,-0.16366913
3030,0.01330369,-0.12375716,-1.00000000,-0.53103630,-0.07456640
3031,-0.00678774,-0.19952102,-1.00000000,-0.39865607,-0.24394184
3032,0.00633615,0.28800296,1.00000000,-0.74973041,-0.18656440
3033,-0.02840120,0.07159132,-1.00000000,-0.87236362,-0.20725588
3034,-0.00189833,0.21295326,1.00000000,-0.88086280,-0.02840102
3035,-0.01025566,-0.16121459,-1.00000000,-0.46558791,-0.16858121
3036,0.01636194,0.12425685,-1.00000000,-0.96438472,-0.03083857
3037,-0.02680454,0.03423718,-1.00000000,-0.80709569,-0.22802854
3038,0.01286798,0.32094445,1.00000000,-0.69217261,0.01752672
3039,-0.03602450,-0.14401633,-1.00000000,-0.49563798,-0.18552696
3040,-0.00666880,0.28330984,1.00000000,-0.75793057,-0.16418478
3041,0.01551302,-0.24332771,-1.00000000,-0.32211380,-0.16923592
3042,-0.00931783,0.07287255,-1.00000000,-0.87460227,-0.06518849
3043,-0.00891850,0.31180044,1.00000000,-0.70814968,-0.19481994
3044,0.01662404,0.04433894,-1.00000000,-0.82474624,0.11844346
3045,0.01340647,0.04864027,-1.00000000,-0.83226184,0.23789302
3046,-0.00414015,0.32376760,1.00000000,-0.68723978,0.12095495
3047,-0.05049154,0.28911003,1.00000000,-0.74779605,-0.12403223
3048,-0.01422099,0.10010948,-1.00000000,-0.92219264,-0.15558250
3049,-0.00810995,-0.39915712,-1.00000000,-0.04983713,-0.30275192
3050,-0.00472800,-0.00847463,-1.00000000,-0.73246645,-0.41065357
3051,-0.01921393,0.05734935,-1.00000000,-0.84747899,-0.50034389
3052,0.01080575,0.09377753,-1.00000000,-0.91112901,-0.13561969
3053,-0.04807233,-0.06225537,-1.00000000,-0.63849678,-0.33703811
3054,0.01686994,0.26109680,1.00000000,-0.79674283,-0.18840556
3055,0.04845170,-0.37309891,-1.00000000,-0.09536795,0.12801827
3056,0.00610558,0.32641628,1.00000000,-0.68261181,0.27867157
3057,0.00013977,0.66659413,1.00000000,-0.08822792,0.21520807
3058,-0.00538811,0.21046969,1.00000000,-0.88520227,0.46918285
3059,0.00500415,0.14620993,1.00000000,-0.99748168,0.39858037
3060,0.01521707,0.08666724,-1.00000000,-0.89870537,0.20083142
3061,0.00700386,0.19860583,1.00000000,-0.90593168,0.20617628
3062,-0.06814114,0.30861262,1.00000000,-0.71371968,-0.20010105
3063,0.00572848,0.22014541,1.00000000,-0.86829614,-0.13395637
3064,-0.02739497,-0.58926690,-1.00000000,0.28233675,-0.32673397
3065,-0.01798599,0.20640781,1.00000000,-0.89229950,-0.52429502
3066,-0.02071190,-0.15037613,-1.00000000,-0.48452566,-0.68920622
3067,0.00199171,-0.04902873,-1.00000000,-0.66160734,-0.27190968
3068,0.01768130,-0.07839048,-1.00000000,-0.61030432,-0.20078935
