seq_idx,target_return,feat_logret,feat_sign,feat_absret,feat_rollmean
0,0.00917109,-0.27011182,1.00000000,-1.00000000,-0.24311947
1,0.00684988,-0.27863570,-1.00000000,-0.98663584,-0.15494147
2,0.00361817,-0.19491223,1.00000000,-0.88158587,-0.15201615
3,0.01216905,-0.21394996,1.00000000,-0.91156392,-0.09212872
4,-0.00636664,-0.24045533,1.00000000,-0.95330098,-0.11836207
5,-0.00425588,-0.17032399,1.00000000,-0.84286765,-0.18445229
6,0.00132817,-0.32234719,-1.00000000,-0.91780491,-0.21163127
7,-0.00285275,-0.30503550,-1.00000000,-0.94506502,-0.24348243
8,-0.00973605,-0.25923712,1.00000000,-0.98287600,-0.35130372
9,0.03933331,-0.29352754,-1.00000000,-0.96318619,-0.12635950
10,-0.00519754,-0.34998192,-1.00000000,-0.87428948,-0.13099456
11,-0.00333988,0.05246759,1.00000000,-0.49204565,-0.15397162
12,0.01696878,-0.31275869,-1.00000000,-0.93290359,-0.05640608
13,0.02118259,-0.29752281,-1.00000000,-0.95689499,0.09578159
14,-0.00418328,-0.13095832,1.00000000,-0.78087992,-0.11841568
15,0.02164106,-0.09639820,1.00000000,-0.72645933,0.01368924
16,-0.00190873,-0.30444003,-1.00000000,-0.94600269,0.02073365
17,0.01958506,-0.09263799,1.00000000,-0.72053826,0.03361150
18,-0.00147603,-0.28578502,-1.00000000,-0.97537807,-0.07791871
19,0.01629752,-0.10950050,1.00000000,-0.74709106,0.02289184
20,-0.01333497,-0.28223615,-1.00000000,-0.98096634,-0.14926708
21,-0.00797008,-0.13646378,1.00000000,-0.78954917,-0.17910222
22,0.02321051,-0.37949894,-1.00000000,-0.82781008,-0.16125705
23,0.00085725,-0.33549801,-1.00000000,-0.89709678,-0.14977220
24,-0.03316962,-0.07976587,1.00000000,-0.70026899,-0.39325927
25,-0.01553992,-0.26309944,1.00000000,-0.98895786,-0.40411251
26,0.01552557,-0.54217572,-1.00000000,-0.57164873,-0.28846227
27,0.01453078,-0.39758322,-1.00000000,-0.79933340,-0.33118563
28,0.00540877,-0.14279505,1.00000000,-0.79951879,-0.30878212
29,-0.00185342,-0.15095395,1.00000000,-0.81236633,-0.15463757
30,-0.01448314,-0.22576945,1.00000000,-0.93017564,-0.14943588
31,-0.01324106,-0.28533134,-1.00000000,-0.97609246,-0.29103094
32,0.01089510,-0.38891588,-1.00000000,-0.81298156,-0.30892648
33,0.00837367,-0.37872875,-1.00000000,-0.82902287,-0.29433268
34,0.03084774,-0.18077250,1.00000000,-0.85932054,-0.13337110
35,0.02711249,-0.20145243,1.00000000,-0.89188449,0.07137086
36,0.03956525,-0.01712804,1.00000000,-0.60163542,0.33129400
37,-0.03853218,-0.04776325,1.00000000,-0.64987560,0.08800313
38,0.00938692,0.05436991,1.00000000,-0.48905013,0.09299058
39,-0.04203586,-0.58615753,-1.00000000,-0.50239214,-0.26575696
40,0.01208039,-0.19314206,1.00000000,-0.87879845,-0.33974794
41,0.01376112,-0.61489349,-1.00000000,-0.45714263,-0.46676097
42,-0.01398518,-0.17105121,1.00000000,-0.84401277,-0.34593578
43,0.01687230,-0.15726640,1.00000000,-0.82230632,-0.30909126
44,-0.00480798,-0.38483176,-1.00000000,-0.81941269,-0.12584824
45,-0.05499659,-0.13174964,1.00000000,-0.78212598,-0.45601443
46,-0.06342605,-0.30956359,-1.00000000,-0.93793480,-0.83594501
47,-0.00690306,-0.72119280,-1.00000000,-0.28975688,-0.80108542
48,0.03282169,-0.79032826,-1.00000000,-0.18089174,-0.72257935
49,-0.00158230,-0.32674672,-1.00000000,-0.91087714,-0.70670191
50,-0.02334979,-0.00093839,1.00000000,-0.57614216,-0.55093008
51,-0.02200720,-0.28310769,-1.00000000,-0.97959396,-0.34705829
52,0.06402674,-0.46163697,-1.00000000,-0.69847025,0.00207227
53,-0.02320808,-0.45062553,-1.00000000,-0.71580957,-0.27371736
54,-0.03429944,0.25499438,1.00000000,-0.17313390,-0.43475764
55,-0.02016379,-0.46047468,-1.00000000,-0.70030045,-0.41907551
56,0.01087139,-0.55144213,-1.00000000,-0.55705724,-0.25724056
57,0.00546407,-0.43550652,-1.00000000,-0.73961694,-0.54549767
58,-0.02231821,-0.18096697,1.00000000,-0.85962676,-0.54111758
59,0.02007601,-0.22531593,1.00000000,-0.92946150,-0.27347081
60,0.00399013,-0.45317633,-1.00000000,-0.71179291,-0.15458042
61,0.00122151,-0.10547394,1.00000000,-0.74075058,-0.20207903
62,-0.01321409,-0.23740461,1.00000000,-0.94849712,-0.29401662
63,0.00719606,-0.26011184,1.00000000,-0.98425339,-0.14874150
64,-0.05102285,-0.37850755,-1.00000000,-0.82937119,-0.49870421
65,-0.00342016,-0.21111070,1.00000000,-0.90709302,-0.53517915
66,-0.01619363,-0.68860162,-1.00000000,-0.34107707,-0.62089996
67,-0.00486290,-0.29818123,-1.00000000,-0.95585820,-0.57979377
68,-0.00420262,-0.40294471,-1.00000000,-0.79089087,-0.63590037
69,0.00005115,-0.31001409,-1.00000000,-0.93722541,-0.38450400
70,0.02117353,-0.30459869,-1.00000000,-0.94575285,-0.26344898
71,-0.00093067,-0.26971076,1.00000000,-0.99936846,-0.18832165
72,0.00866717,-0.09647250,1.00000000,-0.72657632,-0.12172394
73,0.00696304,-0.27776329,-1.00000000,-0.98800959,-0.06676433
74,0.00545471,-0.19904522,1.00000000,-0.88809394,-0.04016695
75,-0.00298476,-0.21302188,1.00000000,-0.91010249,-0.15907882
76,-0.01018203,-0.22539269,1.00000000,-0.92958237,-0.20461583
77,0.01254282,-0.29461019,-1.00000000,-0.96148138,-0.18553911
78,-0.00943636,-0.35363963,-1.00000000,-0.86852981,-0.26626019
79,-0.00571676,-0.16725851,1.00000000,-0.83804054,-0.32124836
80,-0.00330936,-0.34752392,-1.00000000,-0.87816001,-0.32284612
81,0.00785858,-0.31701709,-1.00000000,-0.92619803,-0.23404668
82,-0.00570863,-0.29727247,-1.00000000,-0.95728919,-0.32388395
83,-0.01453546,-0.20567697,1.00000000,-0.89853672,-0.34898275
84,-0.00139881,-0.31695045,-1.00000000,-0.92630297,-0.32772896
85,0.01489940,-0.38934498,-1.00000000,-0.81230588,-0.23810181
86,0.01973387,-0.28160281,-1.00000000,-0.98196364,-0.17964928
87,-0.00461725,-0.14793064,1.00000000,-0.80760563,-0.17427727
88,0.00892030,-0.10828005,1.00000000,-0.74516926,-0.05882334
89,-0.03643213,-0.30799930,-1.00000000,-0.94039802,-0.23126430
90,-0.01107247,-0.19696911,1.00000000,-0.88482477,-0.35910301
91,-0.00377364,-0.56893370,-1.00000000,-0.52951390,-0.47481163
92,-0.01083675,-0.36094274,-1.00000000,-0.85702987,-0.50542524
93,0.00422274,-0.30108030,-1.00000000,-0.95129313,-0.52854755
94,0.02632171,-0.35900943,-1.00000000,-0.86007418,-0.21966068
95,-0.01557900,-0.23549682,1.00000000,-0.94549299,-0.24184272
96,-0.01257248,-0.05424889,1.00000000,-0.66008831,-0.28515236
97,0.00092144,-0.39790371,-1.00000000,-0.79882874,-0.22727620
98,0.01007704,-0.37324528,-1.00000000,-0.83765750,-0.19846018
99,0.00649169,-0.26257290,1.00000000,-0.98812874,-0.29606748
100,-0.00075918,-0.18748193,1.00000000,-0.86988564,-0.22312140
101,0.00403864,-0.21688771,1.00000000,-0.91618988,-0.14135819
102,0.01539228,-0.27635682,-1.00000000,-0.99022432,-0.07012987
103,-0.04417901,-0.23700678,1.00000000,-0.94787068,-0.33718893
104,-0.01381584,-0.14388825,1.00000000,-0.80124023,-0.43714663
105,-0.02524335,-0.63247085,-1.00000000,-0.42946420,-0.55766255
106,0.04245954,-0.38344289,-1.00000000,-0.82159969,-0.36854722
107,0.06963158,-0.47716727,-1.00000000,-0.67401523,-0.10157063
108,-0.01304340,0.07810788,1.00000000,-0.45167080,0.05168502
109,0.01253285,0.30096326,1.00000000,-0.10074834,0.18137851
110,-0.00891874,-0.37710760,-1.00000000,-0.83157564,0.26173148
111,-0.01135007,-0.16734025,1.00000000,-0.83816926,-0.00313011
112,0.01846814,-0.34327860,-1.00000000,-0.88484496,-0.25496668
113,-0.01853532,-0.36321950,-1.00000000,-0.85344474,-0.28199902
114,0.01135054,-0.11866109,1.00000000,-0.76151591,-0.28781859
115,0.01177874,-0.42215042,-1.00000000,-0.76064830,-0.18594148
116,0.02901042,-0.17703714,1.00000000,-0.85343861,0.01272085
117,0.00600166,-0.17352520,1.00000000,-0.84790847,-0.04864164
118,-0.01037206,-0.03219708,1.00000000,-0.62536410,-0.00846042
119,-0.05464773,-0.22090675,1.00000000,-0.92251852,-0.33331702
120,0.06149644,-0.35519820,-1.00000000,-0.86607560,-0.08859663
121,-0.00870394,-0.71833160,-1.00000000,-0.29426232,-0.27423421
122,-0.02193653,0.23424178,1.00000000,-0.20581228,-0.41175156
123,-0.02737099,-0.34151693,-1.00000000,-0.88761900,-0.49542369
124,0.00435532,-0.45004594,-1.00000000,-0.71672222,-0.20499897
125,0.02725735,-0.49461744,-1.00000000,-0.64653707,-0.37353061
126,-0.00483131,-0.23440949,1.00000000,-0.94378081,-0.35446873
127,0.05027473,-0.04657517,1.00000000,-0.64800477,0.00096943
128,0.01003267,-0.30975495,-1.00000000,-0.93763347,0.18507767
129,0.02889517,0.14220523,1.00000000,-0.35073898,0.30586772
130,-0.00052631,-0.18784586,1.00000000,-0.87045871,0.16911106
131,-0.00337187,-0.03314228,1.00000000,-0.62685247,0.17629473
132,0.01084494,-0.27444685,-1.00000000,-0.99323188,-0.01778651
133,0.01269948,-0.29778512,-1.00000000,-0.95648193,-0.00465997
134,-0.01722684,-0.18118392,1.00000000,-0.85996839,-0.23168169
135,0.03451387,-0.16597367,1.00000000,-0.83601735,-0.05920696
136,-0.00234062,-0.41141872,-1.00000000,-0.77754714,-0.05413097
137,0.02568409,0.01294031,1.00000000,-0.55428786,0.01891029
138,-0.01016273,-0.28932723,-1.00000000,-0.96980028,-0.09362200
139,0.00844316,-0.05947843,1.00000000,-0.66832307,0.03273082
140,-0.00603544,-0.35348134,-1.00000000,-0.86877907,-0.16686096
141,0.04151359,-0.20088249,1.00000000,-0.89098704,0.04899816
142,-0.04280978,-0.31963082,-1.00000000,-0.92208228,-0.28814231
143,-0.01985284,0.07034946,1.00000000,-0.46388771,-0.33583896
144,-0.00716888,-0.62124096,-1.00000000,-0.44714751,-0.41268452
145,0.02820406,-0.43295621,-1.00000000,-0.74363281,-0.24415089
146,0.01138165,-0.32892692,-1.00000000,-0.90744405,-0.39246624
147,-0.00019623,-0.03881053,1.00000000,-0.63577807,-0.18271384
148,-0.00021912,-0.17678197,1.00000000,-0.85303680,-0.08607277
149,-0.01997608,-0.27173964,-1.00000000,-0.99749482,-0.14911235
150,-0.01677219,-0.27192739,-1.00000000,-0.99719918,-0.37049437
151,-0.06628595,-0.43396703,-1.00000000,-0.74204112,-0.75278973
152,0.03041802,-0.40768980,-1.00000000,-0.78341894,-0.60210034
153,-0.04024090,-0.81378415,-1.00000000,-0.14395658,-0.79909550
154,0.00115983,-0.02065244,1.00000000,-0.60718518,-0.69506033
155,0.00583425,-0.60017187,-1.00000000,-0.48032425,-0.58378697
156,0.03315099,-0.26061774,1.00000000,-0.98505001,-0.09433860
157,0.01487517,-0.22227983,1.00000000,-0.92468066,-0.17084360
158,-0.03636811,0.00176243,1.00000000,-0.57188927,-0.15178098
159,0.03228082,-0.14812941,1.00000000,-0.80791862,0.00140272
160,-0.01917355,-0.56840865,-1.00000000,-0.53034066,-0.12169064
161,-0.01494191,-0.00537438,1.00000000,-0.58312736,-0.35841345
162,0.01381747,-0.42738495,-1.00000000,-0.75240568,-0.36361968
163,0.01929168,-0.39267853,-1.00000000,-0.80705666,-0.08965111
164,0.01049458,-0.15680431,1.00000000,-0.82157868,-0.19688731
165,0.00179140,-0.11190672,1.00000000,-0.75088004,-0.09369364
166,0.01686906,-0.18405741,1.00000000,-0.86449317,0.06288628
167,0.00276041,-0.25543783,1.00000000,-0.97689338,0.00846125
168,0.00473671,-0.13177619,1.00000000,-0.78216780,-0.06318123
169,0.00147627,-0.24749037,1.00000000,-0.96437881,-0.10757114
170,-0.00065594,-0.23128148,1.00000000,-0.93885524,-0.11961744
171,0.00013773,-0.25802238,1.00000000,-0.98096319,-0.20197238
172,-0.00385759,-0.27551005,-1.00000000,-0.99155769,-0.23454751
173,-0.01472874,-0.26900067,1.00000000,-0.99825030,-0.33036029
174,0.01034100,-0.30176889,-1.00000000,-0.95020883,-0.28672634
175,0.00862766,-0.39093017,-1.00000000,-0.80980974,-0.24103060
176,0.00062677,-0.18531701,1.00000000,-0.86647663,-0.23862344
177,0.00343214,-0.19936923,1.00000000,-0.88860416,-0.20274192
178,0.01256769,-0.26498972,1.00000000,-0.99193441,-0.06838350
179,-0.00328782,-0.24198106,1.00000000,-0.95570349,-0.13546727
180,-0.00570921,-0.16705456,1.00000000,-0.83771940,-0.20603620
181,-0.00596561,-0.29709580,-1.00000000,-0.95756739,-0.23848521
182,0.00230687,-0.31695517,-1.00000000,-0.92629553,-0.24402400
183,-0.00317901,-0.31905810,-1.00000000,-0.92298412,-0.32153236
184,0.00496695,-0.25121011,1.00000000,-0.97023614,-0.28090076
185,-0.01796461,-0.29620337,-1.00000000,-0.95897266,-0.34122427
186,-0.00087012,-0.22939312,1.00000000,-0.93588171,-0.31614326
187,0.00259893,-0.41746962,-1.00000000,-0.76801900,-0.31470572
188,-0.00506941,-0.27726671,-1.00000000,-0.98879155,-0.32401065
189,-0.00212825,-0.24881479,1.00000000,-0.96646432,-0.35893461
190,-0.00190694,-0.31170778,-1.00000000,-0.93455842,-0.27989557
191,0.01727024,-0.28758541,-1.00000000,-0.97254306,-0.19060511
192,0.00168668,-0.28577029,-1.00000000,-0.97540126,-0.19509534
193,-0.00532218,-0.12848588,1.00000000,-0.77698666,-0.19633953
194,-0.00369205,-0.25629668,1.00000000,-0.97824578,-0.20403690
195,0.00271669,-0.31378092,-1.00000000,-0.93129392,-0.18127848
196,0.00596053,-0.30041119,-1.00000000,-0.95234675,-0.23694710
197,-0.00054309,-0.24784892,1.00000000,-0.96494340,-0.24792247
198,0.01343623,-0.22124409,1.00000000,-0.92304972,-0.15558986
199,-0.00587728,-0.27458446,-1.00000000,-0.99301518,-0.16634598
200,-0.00786011,-0.15993110,1.00000000,-0.82650233,-0.21840710
201,-0.04470160,-0.31833365,-1.00000000,-0.92412490,-0.46777619
202,-0.00347609,-0.33459611,-1.00000000,-0.89851697,-0.48221301
203,0.00242516,-0.63675699,-1.00000000,-0.42271497,-0.53641169
204,-0.02454651,-0.29863991,-1.00000000,-0.95513593,-0.62830534
205,0.02109482,-0.25024000,1.00000000,-0.96870855,-0.48578343
206,-0.03462074,-0.47145206,-1.00000000,-0.68301477,-0.43616343
207,-0.00675435,-0.09711803,1.00000000,-0.72759282,-0.45229971
208,0.02138112,-0.55407734,-1.00000000,-0.55290767,-0.35899468
209,0.01455686,-0.32552709,-1.00000000,-0.91279764,-0.16652015
210,0.00168218,-0.09476989,1.00000000,-0.72389528,-0.26207301
211,-0.00516228,-0.15074009,1.00000000,-0.81202957,-0.11707259
212,-0.01749696,-0.25633362,1.00000000,-0.97830396,-0.16994982
213,-0.00931650,-0.31246942,-1.00000000,-0.93335909,-0.32104961
214,-0.00625921,-0.41363413,-1.00000000,-0.77405862,-0.42351045
215,0.01583436,-0.34654092,-1.00000000,-0.87970791,-0.35385059
216,-0.02765884,-0.32146613,-1.00000000,-0.91919230,-0.46458313
217,0.00212827,-0.14026242,1.00000000,-0.79553077,-0.36798388
218,0.02747277,-0.49697825,-1.00000000,-0.64281959,-0.18689978
219,-0.00338606,-0.25267499,1.00000000,-0.97254284,-0.17275753
220,0.00447633,-0.04480834,1.00000000,-0.64522260,-0.22866401
221,0.00346934,-0.29790151,-1.00000000,-0.95629866,-0.07544495
222,-0.00084921,-0.23341697,1.00000000,-0.94221792,-0.09010066
223,0.00198339,-0.24167597,1.00000000,-0.95522307,-0.21556445
224,0.01290911,-0.27709517,-1.00000000,-0.98906166,-0.13535639
225,0.00344409,-0.25386321,1.00000000,-0.97441389,-0.14043730
226,-0.01731631,-0.16425429,1.00000000,-0.83330991,-0.24274837
227,-0.00311975,-0.24188306,1.00000000,-0.95554918,-0.25392444
228,0.00293735,-0.41215247,-1.00000000,-0.77639173,-0.24922886
229,-0.01155793,-0.29571737,-1.00000000,-0.95973795,-0.36966052
230,-0.01664933,-0.24603917,1.00000000,-0.96209365,-0.46856432
231,0.01062852,-0.36492435,-1.00000000,-0.85076018,-0.33101435
232,-0.00113833,-0.40668218,-1.00000000,-0.78500560,-0.32126141
233,-0.01664839,-0.18295893,1.00000000,-0.86276344,-0.41766631
234,-0.00855196,-0.27946646,-1.00000000,-0.98532767,-0.40287030
235,0.01000326,-0.40667447,-1.00000000,-0.78501774,-0.27168097
236,0.00736004,-0.34027040,-1.00000000,-0.88958187,-0.28776907
237,-0.01396022,-0.18808709,1.00000000,-0.87083857,-0.35088097
238,0.00761194,-0.20976582,1.00000000,-0.90497530,-0.23146680
239,0.00626925,-0.38462709,-1.00000000,-0.81973497,-0.15851388
240,0.01483094,-0.20769983,1.00000000,-0.90172205,-0.13475105
241,0.00826175,-0.21871211,1.00000000,-0.91906269,-0.13031267
242,0.00928975,-0.14849212,1.00000000,-0.80848978,-0.01587169
243,-0.00371537,-0.20237034,1.00000000,-0.89332989,-0.07162695
244,0.00293207,-0.19393905,1.00000000,-0.88005344,-0.08805319
245,0.00692827,-0.30060240,-1.00000000,-0.95204567,-0.12695171
246,0.01770600,-0.24608244,1.00000000,-0.96216179,-0.08046523
247,-0.01707962,-0.21330703,1.00000000,-0.91055152,-0.21026050
248,-0.00356724,-0.12491194,1.00000000,-0.77135889,-0.20953137
249,0.00342489,-0.41021127,-1.00000000,-0.77944846,-0.20710561
250,0.01853204,-0.29938748,-1.00000000,-0.95395876,-0.14998955
251,-0.00003899,-0.24204050,1.00000000,-0.95579709,-0.23733389
252,0.00270702,-0.11813703,1.00000000,-0.76069070,-0.13994010
253,-0.00570074,-0.27045001,-1.00000000,-0.99952556,-0.15044164
254,-0.00458381,-0.24792822,1.00000000,-0.96506828,-0.18986208
255,-0.00731577,-0.31688574,-1.00000000,-0.92640487,-0.31709012
256,0.00138666,-0.30772508,-1.00000000,-0.94082983,-0.31007279
257,-0.00451011,-0.33013159,-1.00000000,-0.90554709,-0.34559694
258,0.00705141,-0.25875733,1.00000000,-0.98212049,-0.28282831
259,0.00055422,-0.30712057,-1.00000000,-0.94178174,-0.25753787
260,0.01341939,-0.21229711,1.00000000,-0.90896122,-0.15547531
261,0.00102959,-0.26558471,1.00000000,-0.99287132,-0.15723292
262,0.01680192,-0.16006918,1.00000000,-0.82671976,-0.05233087
263,-0.00695327,-0.26168595,1.00000000,-0.98673208,-0.12126468
264,0.00310270,-0.13232683,1.00000000,-0.78303487,-0.10872059
265,-0.00309811,-0.32715853,-1.00000000,-0.91022867,-0.19002302
266,-0.02242917,-0.24468304,1.00000000,-0.95995820,-0.30549169
267,0.00983546,-0.29553990,-1.00000000,-0.96001740,-0.33978200
268,-0.00148170,-0.45408638,-1.00000000,-0.71035989,-0.31284985
269,0.00139009,-0.18946330,1.00000000,-0.87300563,-0.32127966
270,-0.01323810,-0.28228264,-1.00000000,-0.98089313,-0.37119068
271,-0.00643138,-0.25872927,1.00000000,-0.98207631,-0.29244637
272,0.00195982,-0.37870446,-1.00000000,-0.82906112,-0.33121186
273,0.00378527,-0.32287815,-1.00000000,-0.91696883,-0.30528680
274,0.00938406,-0.25405655,1.00000000,-0.97471834,-0.26593890
275,0.00809943,-0.23908485,1.00000000,-0.95114293,-0.16091136
276,-0.01848948,-0.19316557,1.00000000,-0.87883547,-0.22026372
277,0.00598525,-0.20370163,1.00000000,-0.89542623,-0.20044972
278,-0.01349204,-0.42177441,-1.00000000,-0.76124040,-0.28549206
279,0.00061803,-0.22104134,1.00000000,-0.92273046,-0.32864018
280,0.00548987,-0.38078722,-1.00000000,-0.82578148,-0.34148496
281,0.00004293,-0.26506141,1.00000000,-0.99204730,-0.25026480
282,-0.00205612,-0.22510433,1.00000000,-0.92912830,-0.28984605
283,-0.00106309,-0.26977821,1.00000000,-0.99947467,-0.22866827
284,-0.00950890,-0.28699386,-1.00000000,-0.97347454,-0.27851502
285,0.01437715,-0.27884934,-1.00000000,-0.98629943,-0.23477006
286,0.00062968,-0.34811888,-1.00000000,-0.87722315,-0.23188193
287,0.00002332,-0.15221400,1.00000000,-0.81435049,-0.22164649
288,-0.02392721,-0.26496584,1.00000000,-0.99189681,-0.33418826
289,0.00680498,-0.26993899,1.00000000,-0.99972786,-0.25388813
290,0.00834353,-0.46637281,-1.00000000,-0.69101289,-0.28358677
291,0.00972274,-0.21431826,1.00000000,-0.91214386,-0.23882894
292,0.00738742,-0.20169956,1.00000000,-0.89227364,-0.20258138
293,0.05361968,-0.19038781,1.00000000,-0.87446142,0.17911984
294,-0.02372201,-0.20954127,1.00000000,-0.90462170,0.02885996
295,-0.03886302,0.16963939,1.00000000,-0.30753938,-0.20350008
296,0.02866874,-0.46468979,-1.00000000,-0.69366308,-0.11024410
297,-0.01128803,-0.58887102,-1.00000000,-0.49811930,-0.20216836
298,-0.00321502,-0.03499941,1.00000000,-0.62977684,-0.48192005
299,-0.03739302,-0.36271067,-1.00000000,-0.85424597,-0.54921149
300,0.00615264,-0.29649872,-1.00000000,-0.95850758,-0.32763544
301,0.02088015,-0.57681459,-1.00000000,-0.51710414,-0.36597244
302,-0.00033276,-0.21966846,1.00000000,-0.92056862,-0.31204846
303,0.00504486,-0.09887870,1.00000000,-0.73036528,-0.27139169
304,0.01784740,-0.27285948,-1.00000000,-0.99573145,0.00051265
305,0.00682616,-0.22875410,1.00000000,-0.93487547,0.00382784
306,-0.02610032,-0.12375218,1.00000000,-0.76953267,-0.22741937
307,-0.02836815,-0.21414450,1.00000000,-0.91187025,-0.36541512
308,0.00723199,-0.48419589,-1.00000000,-0.66294751,-0.35464966
309,-0.01384158,-0.50279583,-1.00000000,-0.63365885,-0.51062912
310,0.03171769,-0.21081608,1.00000000,-0.90662911,-0.38810807
311,-0.00872593,-0.38365398,-1.00000000,-0.82126728,-0.30258784
312,-0.07398756,-0.00999298,1.00000000,-0.59040010,-0.52713562
313,-0.08883573,-0.34169725,-1.00000000,-0.88733507,-1.00000000
314,-0.00098986,-0.87695005,-1.00000000,-0.04449148,-0.93674130
315,0.03343544,-0.99872949,-1.00000000,0.14727029,-0.92828620
316,0.02651921,-0.27824876,-1.00000000,-0.98724515,-0.75480263
317,0.01953322,0.00409539,1.00000000,-0.56821564,-0.29447478
318,-0.03077271,-0.05262909,1.00000000,-0.65753767,-0.00867706
319,-0.02054745,-0.10992572,1.00000000,-0.74776064,-0.10494342
320,0.00980845,-0.52251715,-1.00000000,-0.60260439,-0.22124014
321,-0.01440206,-0.43865322,-1.00000000,-0.73466194,-0.42266277
322,0.02256272,-0.18968479,1.00000000,-0.87335442,-0.40775094
323,-0.04117042,-0.38825088,-1.00000000,-0.81402871,-0.45893053
324,0.01415413,-0.08507879,1.00000000,-0.70863506,-0.28812245
325,0.00852833,-0.60779548,-1.00000000,-0.46831962,-0.29442350
326,0.01591246,-0.15404313,1.00000000,-0.81723075,-0.14520942
327,-0.00689863,-0.20018396,1.00000000,-0.88988708,-0.29022404
328,0.01708138,-0.13962193,1.00000000,-0.79452220,-0.00349712
329,-0.00280795,-0.32671037,-1.00000000,-0.91093438,-0.08698782
330,0.00898258,-0.13003486,1.00000000,-0.77942578,-0.08475190
331,0.02632300,-0.29316005,-1.00000000,-0.96376487,-0.03350914
332,-0.01022624,-0.19645834,1.00000000,-0.88402047,-0.04988833
333,0.02274131,-0.05423835,1.00000000,-0.66007171,-0.02202902
334,0.05293854,-0.35400230,-1.00000000,-0.86795874,0.25236624
335,0.01605981,-0.08361409,1.00000000,-0.70632865,0.28720176
336,-0.02636145,0.16405287,1.00000000,-0.31633627,0.02787843
337,0.01536115,-0.13841342,1.00000000,-0.79261920,0.15382466
338,-0.02001649,-0.48633758,-1.00000000,-0.65957507,-0.05663775
339,0.03030548,-0.14414355,1.00000000,-0.80164224,-0.16804213
340,-0.03199527,-0.43429847,-1.00000000,-0.74151921,-0.40457875
341,-0.03390740,-0.02157543,1.00000000,-0.60863856,-0.44172141
342,-0.01779013,-0.53254412,-1.00000000,-0.58681527,-0.60489858
343,0.10797449,-0.54822678,-1.00000000,-0.56212034,0.02509847
344,-0.03113349,-0.41603859,-1.00000000,-0.77027239,-0.27731637
345,0.01095199,0.61543828,1.00000000,0.39444431,-0.06592146
346,-0.00543219,-0.52547615,-1.00000000,-0.59794495,0.07423919
347,0.04444454,-0.18030596,1.00000000,-0.85858590,0.38057058
348,-0.00122618,-0.31468317,-1.00000000,-0.92987318,-0.15693680
349,0.02335837,0.09438811,1.00000000,-0.42603490,0.11128297
350,-0.00249845,-0.28018694,-1.00000000,-0.98419316,0.04507728
351,-0.01942611,-0.07855318,1.00000000,-0.69835942,-0.02380357
352,0.00551636,-0.29062164,-1.00000000,-0.96776201,-0.21541580
353,0.00680605,-0.42945633,-1.00000000,-0.74914395,-0.17587960
354,-0.01382099,-0.22488705,1.00000000,-0.92878615,-0.35888377
355,-0.01490469,-0.21430947,1.00000000,-0.91213002,-0.41994978
356,0.00781591,-0.38348510,-1.00000000,-0.82153321,-0.28585915
357,-0.00205408,-0.39237329,-1.00000000,-0.80753730,-0.32312237
358,-0.01866740,-0.20602693,1.00000000,-0.89908779,-0.44850774
359,0.00855774,-0.28697713,-1.00000000,-0.97350089,-0.33835522
360,-0.00687112,-0.42323367,-1.00000000,-0.75894256,-0.29881238
361,0.02825514,-0.19994275,1.00000000,-0.88950725,-0.19820644
362,-0.00527584,-0.32648476,-1.00000000,-0.91128963,-0.21406458
363,0.01364112,-0.03839163,1.00000000,-0.63511843,-0.05503561
364,-0.01704162,-0.31340086,-1.00000000,-0.93189239,-0.18104072
365,-0.02349875,-0.15825059,1.00000000,-0.82385610,-0.26288519
366,0.00791114,-0.40989959,-1.00000000,-0.77993927,-0.36302240
367,0.01472763,-0.46285866,-1.00000000,-0.69654650,-0.26456133
368,-0.00478185,-0.20524592,1.00000000,-0.89785797,-0.35524286
369,0.00087949,-0.14933944,1.00000000,-0.80982402,-0.26703162
370,0.00615877,-0.30934930,-1.00000000,-0.93827223,-0.12105144
371,0.02238122,-0.26291701,1.00000000,-0.98867059,-0.04982680
372,-0.01467312,-0.21961822,1.00000000,-0.92048952,-0.19454317
373,-0.00201176,-0.08656740,1.00000000,-0.71097911,-0.18090826
374,0.01676031,-0.39047404,-1.00000000,-0.81052799,-0.10273972
375,-0.00781891,-0.28663004,-1.00000000,-0.97404744,-0.17154062
376,0.00259537,-0.13266818,1.00000000,-0.78357237,-0.26893052
377,0.00712610,-0.33425816,-1.00000000,-0.89904913,-0.16163043
378,-0.01251887,-0.24884397,1.00000000,-0.96651027,-0.21334849
379,-0.00539048,-0.21168455,1.00000000,-0.90799664,-0.32237904
380,0.01089615,-0.37280561,-1.00000000,-0.83834983,-0.23025983
381,-0.00208360,-0.31434104,-1.00000000,-0.93041191,-0.25329065
382,0.00280001,-0.18076393,1.00000000,-0.85930705,-0.27458451
383,0.00793150,-0.28721923,-1.00000000,-0.97311967,-0.17392374
384,-0.00405236,-0.24716558,1.00000000,-0.96386737,-0.16733725
385,-0.01550556,-0.20507892,1.00000000,-0.89759500,-0.29729171
386,-0.00338120,-0.30336627,-1.00000000,-0.94769349,-0.30367873
387,0.00667333,-0.39730140,-1.00000000,-0.79977717,-0.28461347
388,-0.00135468,-0.29786164,-1.00000000,-0.95636144,-0.33032188
389,0.01702054,-0.21539797,1.00000000,-0.91384405,-0.22659691
390,-0.00298553,-0.28124087,-1.00000000,-0.98253358,-0.16497082
391,-0.00269852,-0.13053386,1.00000000,-0.78021154,-0.16161055
392,0.02280988,-0.29461651,-1.00000000,-0.96147143,-0.08218326
393,0.00309168,-0.29226257,-1.00000000,-0.96517810,-0.06029741
394,-0.00826211,-0.08305173,1.00000000,-0.70544312,-0.18474362
395,0.00074607,-0.24477342,1.00000000,-0.96010052,-0.16637595
396,-0.03285833,-0.33789318,-1.00000000,-0.89332519,-0.31482850
397,0.01526041,-0.26401125,1.00000000,-0.99039365,-0.35198846
398,-0.00271875,-0.53962262,-1.00000000,-0.57566901,-0.38058856
399,-0.02151726,-0.14496976,1.00000000,-0.80294324,-0.44583303
400,0.00508145,-0.29242853,-1.00000000,-0.96491677,-0.42449345
401,0.00334866,-0.44660721,-1.00000000,-0.72213706,-0.24627549
402,0.01902428,-0.22845402,1.00000000,-0.93440294,-0.22774901
403,0.00288531,-0.24266577,1.00000000,-0.95678167,-0.20016469
404,-0.01164827,-0.11409990,1.00000000,-0.75433356,-0.15158757
405,-0.01212372,-0.24646598,1.00000000,-0.96276573,-0.23627480
406,0.01378171,-0.36566525,-1.00000000,-0.84959350,-0.18492127
407,-0.00513777,-0.36956469,-1.00000000,-0.84345319,-0.30385165
408,-0.00212301,-0.15709760,1.00000000,-0.82204052,-0.32850360
409,-0.00027936,-0.31226843,-1.00000000,-0.93367558,-0.27254355
410,0.00062319,-0.28754245,-1.00000000,-0.97261070,-0.20980073
411,-0.04341957,-0.27242146,-1.00000000,-0.99642119,-0.49135677
412,-0.00743668,-0.26501905,1.00000000,-0.99198060,-0.50267247
413,-0.04712562,-0.62624221,-1.00000000,-0.43927221,-0.72418425
414,-0.00465502,-0.33112329,-1.00000000,-0.90398551,-0.74572212
415,0.01317972,-0.65663792,-1.00000000,-0.39140917,-0.68391639
416,-0.02951749,-0.30830907,-1.00000000,-0.93991024,-0.61548760
417,0.00404005,-0.16203485,1.00000000,-0.82981503,-0.55899687
418,0.04820464,-0.51222229,-1.00000000,-0.61881534,-0.08976241
419,-0.04848087,-0.23699523,1.00000000,-0.94785248,-0.30548195
420,-0.00457392,0.12522710,1.00000000,-0.37747383,-0.39286893
421,-0.00149072,-0.66775319,-1.00000000,-0.37390635,-0.25491557
422,-0.04782825,-0.30764398,-1.00000000,-0.94095754,-0.51022163
423,0.01714408,-0.28235659,-1.00000000,-0.98077670,-0.66310784
424,-0.01419586,-0.66240064,-1.00000000,-0.38233482,-0.49435023
425,-0.01677596,-0.12952057,1.00000000,-0.77861594,-0.55441108
426,0.01664372,-0.38655970,-1.00000000,-0.81669175,-0.46514980
427,0.00358144,-0.40772077,-1.00000000,-0.78337017,-0.21210110
428,-0.02098843,-0.13362439,1.00000000,-0.78507809,-0.39979688
429,0.00225662,-0.24075657,1.00000000,-0.95377533,-0.31881451
430,0.00044703,-0.44226991,-1.00000000,-0.72896687,-0.23403953
431,-0.00036571,-0.25162228,1.00000000,-0.97088518,-0.31776334
432,0.00031541,-0.26646391,1.00000000,-0.99425576,-0.33383937
433,0.00336238,-0.27312973,-1.00000000,-0.99530590,-0.21397989
434,0.00945757,-0.26754338,1.00000000,-0.99595556,-0.17853535
435,-0.06496934,-0.24255324,1.00000000,-0.95660448,-0.50052769
436,-0.02442570,-0.19256259,1.00000000,-0.87788598,-0.61895572
437,-0.03100756,-0.80298578,-1.00000000,-0.16096039,-0.77313362
438,0.00685970,-0.47046121,-1.00000000,-0.68457502,-0.75591909
439,0.00297529,-0.52444332,-1.00000000,-0.59957132,-0.78782619
440,-0.00072076,-0.21386943,1.00000000,-0.91143710,-0.47158191
441,-0.02752150,-0.24572801,1.00000000,-0.96160367,-0.48682006
442,0.00849636,-0.27604165,-1.00000000,-0.99072060,-0.29237392
443,-0.00590363,-0.49585188,-1.00000000,-0.64459324,-0.35519756
444,-0.00066336,-0.20044615,1.00000000,-0.89029995,-0.37310771
445,0.00722447,-0.31854973,-1.00000000,-0.92378464,-0.33399972
446,0.00819255,-0.27557091,-1.00000000,-0.99146186,-0.15820809
447,0.01526372,-0.21087770,1.00000000,-0.90672614,-0.12489778
448,-0.02033784,-0.20293791,1.00000000,-0.89422363,-0.19594582
449,0.02475647,-0.14494262,1.00000000,-0.80290051,-0.07082436
450,0.00219110,-0.43693400,-1.00000000,-0.73736914,-0.09559961
451,0.03298883,-0.06708645,1.00000000,-0.68030315,0.02645265
452,0.00014219,-0.25215964,1.00000000,-0.97173134,-0.04797852
453,0.02487843,0.00043247,1.00000000,-0.57398351,0.17458493
454,-0.02302581,-0.26896406,1.00000000,-0.99819265,-0.06060898
455,0.01994534,-0.06608617,1.00000000,-0.67872806,0.02678090
456,-0.00554713,-0.45897984,-1.00000000,-0.70265432,-0.16290077
457,-0.00635710,-0.10654567,1.00000000,-0.74243820,-0.19489159
458,0.01203994,-0.31562586,-1.00000000,-0.92838875,-0.25808521
459,0.00094675,-0.32226898,-1.00000000,-0.91792807,-0.14008751
460,-0.00177578,-0.17138296,1.00000000,-0.84453517,-0.24700315
461,0.00002323,-0.26236539,1.00000000,-0.98780197,-0.21958471
462,-0.00213603,-0.28469458,-1.00000000,-0.97709514,-0.19880776
463,0.00570226,-0.26993971,1.00000000,-0.99972898,-0.23000305
464,0.00997167,-0.28764923,-1.00000000,-0.97244255,-0.18558058
465,-0.00589528,-0.22336232,1.00000000,-0.92638522,-0.20585758
466,-0.00408942,-0.18834616,1.00000000,-0.87124651,-0.22610087
467,0.00831355,-0.31848127,-1.00000000,-0.92389244,-0.17466594
468,-0.00114270,-0.30367022,-1.00000000,-0.94721487,-0.20835820
469,-0.02841019,-0.20194544,1.00000000,-0.89266082,-0.39728133
470,0.00367236,-0.27950226,-1.00000000,-0.98527130,-0.35018752
471,-0.00293232,-0.50314058,-1.00000000,-0.63311597,-0.34449206
472,0.00366190,-0.24001089,1.00000000,-0.95260114,-0.36738841
473,0.00484977,-0.29418013,-1.00000000,-0.96215858,-0.33789231
474,0.02432608,-0.24009662,1.00000000,-0.95273613,-0.07831390
475,0.01336134,-0.23035419,1.00000000,-0.93739507,-0.03062281
476,-0.02287276,-0.07061636,1.00000000,-0.68586157,-0.12877361
477,-0.01286056,-0.16054529,1.00000000,-0.82746947,-0.21010047
478,-0.00569819,-0.45772456,-1.00000000,-0.70463098,-0.26201959
479,0.02329954,-0.37560804,-1.00000000,-0.83393694,-0.26707241
480,0.01845992,-0.31686477,-1.00000000,-0.92643789,-0.24197617
481,-0.01565615,-0.07903565,1.00000000,-0.69911914,-0.20645459
482,0.00053071,-0.11872852,1.00000000,-0.76162209,-0.14054011
483,-0.00505975,-0.39853648,-1.00000000,-0.79783234,-0.13739760
484,0.01997547,-0.26577761,1.00000000,-0.99317507,-0.15375934
485,-0.01033500,-0.31162853,-1.00000000,-0.93468320,-0.29549367
486,0.01604457,-0.10629851,1.00000000,-0.74204900,-0.13945644
487,0.01158695,-0.35489427,-1.00000000,-0.86655419,-0.08503540
488,0.00476350,-0.13853842,1.00000000,-0.79281604,-0.03668342
489,-0.01187305,-0.17509818,1.00000000,-0.85038540,-0.19344819
490,-0.00491565,-0.23106174,1.00000000,-0.93850922,-0.16677308
491,0.01075324,-0.36750885,-1.00000000,-0.84669045,-0.19281804
492,0.00130175,-0.31044668,-1.00000000,-0.93654423,-0.24344384
493,-0.01062820,-0.18193601,1.00000000,-0.86115268,-0.31920485
494,-0.00261210,-0.25945377,1.00000000,-0.98321715,-0.27362060
495,-0.00473861,-0.35729902,-1.00000000,-0.86276751,-0.27274918
496,-0.00385528,-0.29155379,-1.00000000,-0.96629419,-0.34465522
497,-0.00816777,-0.30899467,-1.00000000,-0.93883066,-0.39126606
498,0.00525231,-0.30174993,-1.00000000,-0.95023869,-0.31309904
499,-0.00735955,-0.33711939,-1.00000000,-0.89454366,-0.33646691
500,0.00076998,-0.22705270,1.00000000,-0.93219633,-0.30935252
501,0.02123372,-0.33049067,-1.00000000,-0.90498167,-0.18585948
502,0.02282909,-0.26381513,1.00000000,-0.99008482,-0.03328682
503,0.00374144,-0.09597884,1.00000000,-0.72579898,-0.04072362
504,-0.00432191,-0.08289418,1.00000000,-0.70519503,-0.02577178
505,-0.00754231,-0.23944431,1.00000000,-0.95170897,-0.06668655
506,0.00551124,-0.30557707,-1.00000000,-0.94421223,-0.14407570
507,0.00237154,-0.33198963,-1.00000000,-0.90262131,-0.24477181
508,-0.00000588,-0.22492904,1.00000000,-0.92885228,-0.26321684
509,-0.04876622,-0.25067974,1.00000000,-0.96940099,-0.48198056
510,-0.00010940,-0.27017846,-1.00000000,-0.99995316,-0.44539429
511,0.00764610,-0.67009356,-1.00000000,-0.37022105,-0.43488608
512,-0.00264813,-0.27102751,-1.00000000,-0.99861619,-0.45959388
513,-0.00988058,-0.20741967,1.00000000,-0.90128090,-0.50819914
514,0.02924937,-0.29184927,-1.00000000,-0.96582891,-0.12419089
515,0.01096367,-0.35116730,-1.00000000,-0.87242291,-0.06968707
516,0.00498197,-0.03023727,1.00000000,-0.62227806,-0.08280046
517,0.00331078,-0.18021017,1.00000000,-0.85843506,-0.05346952
518,-0.01464777,-0.22926994,1.00000000,-0.93568774,-0.07693456
519,0.02143857,-0.24297640,1.00000000,-0.95727082,-0.11538087
520,-0.02764637,-0.39026608,-1.00000000,-0.81085546,-0.30542711
521,-0.00466058,-0.09429869,1.00000000,-0.72315330,-0.35288966
522,0.00364904,-0.49687597,-1.00000000,-0.64298064,-0.35122471
523,0.00829317,-0.30835473,-1.00000000,-0.93983835,-0.23830484
524,0.01198969,-0.24020217,1.00000000,-0.95290234,-0.28481410
525,0.01286170,-0.20211259,1.00000000,-0.89292403,-0.08542533
526,0.01185909,-0.17179504,1.00000000,-0.84518406,-0.00411224
527,-0.00212083,-0.16464313,1.00000000,-0.83392219,-0.03251266
528,0.00216512,-0.17286625,1.00000000,-0.84687085,-0.06267617
529,-0.01144721,-0.28752456,-1.00000000,-0.97263888,-0.17803724
530,-0.01678537,-0.25237273,1.00000000,-0.97206689,-0.32396601
531,0.03397160,-0.36401619,-1.00000000,-0.85219021,-0.21512380
532,0.02439347,-0.40779791,-1.00000000,-0.78324871,-0.08461515
533,-0.02799630,0.00849280,1.00000000,-0.56129119,-0.23307562
534,0.00621323,-0.07006365,1.00000000,-0.68499125,-0.14614743
535,0.02107103,-0.49974597,-1.00000000,-0.63846135,0.04018928
536,-0.03676715,-0.21917152,1.00000000,-0.91978612,-0.30800092
537,-0.02355181,-0.09731314,1.00000000,-0.72790005,-0.54399712
538,-0.02321961,-0.57168143,-1.00000000,-0.52518714,-0.52048533
539,0.01114688,-0.46329387,-1.00000000,-0.69586118,-0.49620096
540,-0.01937114,-0.46056929,-1.00000000,-0.70015147,-0.69526534
541,-0.00680632,-0.17870754,1.00000000,-0.85606892,-0.54779219
542,0.00675740,-0.42900547,-1.00000000,-0.74985390,-0.39860424
543,0.10378479,-0.32595331,-1.00000000,-0.91212649,0.22653662
544,0.03531191,-0.21470847,1.00000000,-0.91275831,0.34548170
545,-0.02401582,0.58107580,1.00000000,0.34033494,0.32261964
546,0.03289735,0.01948549,1.00000000,-0.54398140,0.51804900
547,-0.02412455,-0.46709954,-1.00000000,-0.68986853,0.36604189
548,0.04100850,-0.00031784,1.00000000,-0.57516500,0.05704455
549,-0.01590368,-0.46799132,-1.00000000,-0.68846427,-0.19504871
550,0.04141524,0.06620695,1.00000000,-0.47041078,0.12701599
551,-0.02390268,-0.40056658,-1.00000000,-0.79463562,-0.15256504
552,0.00388153,0.06954290,1.00000000,-0.46515776,-0.01471354
553,-0.01951335,-0.46617159,-1.00000000,-0.69132973,-0.31261413
554,-0.02832057,-0.23829534,1.00000000,-0.94989972,-0.37373254
555,0.00115444,-0.43017189,-1.00000000,-0.74801719,-0.57190423
556,-0.01261384,-0.50240553,-1.00000000,-0.63427344,-0.51633831
557,0.02874970,-0.26066199,1.00000000,-0.98511969,-0.39393226
558,-0.01103839,-0.37358451,-1.00000000,-0.83712333,-0.35221680
559,-0.00554495,-0.03433545,1.00000000,-0.62873131,-0.24011067
560,0.00795056,-0.36066323,-1.00000000,-0.85747001,-0.20665878
561,-0.00563768,-0.31560796,-1.00000000,-0.92841694,-0.17232074
562,-0.00470399,-0.20492255,1.00000000,-0.89734877,-0.33698642
563,-0.01584892,-0.31636852,-1.00000000,-0.92721931,-0.36066481
564,0.00204050,-0.30871072,-1.00000000,-0.93927778,-0.32332772
565,0.00294211,-0.40011751,-1.00000000,-0.79534275,-0.34798033
566,-0.00452728,-0.25339478,1.00000000,-0.97367628,-0.34251474
567,0.00338368,-0.24600012,1.00000000,-0.96203216,-0.30270562
568,-0.01470266,-0.30726145,-1.00000000,-0.94155990,-0.29706350
569,0.00213312,-0.24237851,1.00000000,-0.95632933,-0.29660761
570,0.00421426,-0.39071630,-1.00000000,-0.81014651,-0.29034583
571,-0.00330942,-0.25263516,1.00000000,-0.97248012,-0.28435128
572,-0.00641520,-0.23556638,1.00000000,-0.94560253,-0.33258334
573,-0.01085246,-0.29727299,-1.00000000,-0.95728836,-0.31363186
574,-0.00846218,-0.32274549,-1.00000000,-0.91717772,-0.36578405
575,-0.00820652,-0.35913827,-1.00000000,-0.85987131,-0.42692162
576,-0.00006857,-0.33953409,-1.00000000,-0.89074131,-0.41096949
577,-0.00037057,-0.33743725,-1.00000000,-0.89404313,-0.38121662
578,0.00477637,-0.27069266,-1.00000000,-0.99914347,-0.30428843
579,0.00131861,-0.27316958,-1.00000000,-0.99524315,-0.25614543
580,-0.01190915,-0.23095616,1.00000000,-0.93834297,-0.27437051
581,0.00244021,-0.25931550,1.00000000,-0.98299941,-0.26202179
582,-0.00392104,-0.36780492,-1.00000000,-0.84622425,-0.27949787
583,0.00086995,-0.25011651,1.00000000,-0.96851410,-0.29872608
584,0.01381358,-0.30228922,-1.00000000,-0.94938948,-0.23722333
585,0.00747193,-0.26299528,1.00000000,-0.98879384,-0.14182580
586,-0.01331450,-0.15683614,1.00000000,-0.82162880,-0.21937363
587,0.00581287,-0.20884815,1.00000000,-0.90353028,-0.17146140
588,-0.00898285,-0.37933110,-1.00000000,-0.82807438,-0.21995880
589,0.00558864,-0.22245516,1.00000000,-0.92495674,-0.26044360
590,0.00044847,-0.34380439,-1.00000000,-0.88401703,-0.29501444
591,-0.02211900,-0.22429421,1.00000000,-0.92785263,-0.33835193
592,-0.00990974,-0.26645204,1.00000000,-0.99423708,-0.41574175
593,0.00471898,-0.45154247,-1.00000000,-0.71436569,-0.34829862
594,0.01057341,-0.35140647,-1.00000000,-0.87204630,-0.32376262
595,-0.00240333,-0.23142683,1.00000000,-0.93908411,-0.33779977
596,-0.02284739,-0.18341092,1.00000000,-0.86347517,-0.34138506
597,-0.01141490,-0.28984154,-1.00000000,-0.96899040,-0.34879375
598,0.00173248,-0.45751648,-1.00000000,-0.70495864,-0.36349391
599,0.00407694,-0.36375125,-1.00000000,-0.85260741,-0.39547082
600,0.00127601,-0.25592107,1.00000000,-0.97765433,-0.37736040
601,-0.00120068,-0.23669266,1.00000000,-0.94737604,-0.27081099
602,0.00453374,-0.25966493,1.00000000,-0.98354965,-0.19230862
603,0.00103545,-0.27997783,-1.00000000,-0.98452244,-0.19573955
604,0.00592248,-0.23294615,1.00000000,-0.94147654,-0.18665543
605,-0.01129452,-0.26163789,1.00000000,-0.98665640,-0.24853004
606,-0.02241695,-0.22155619,1.00000000,-0.92354117,-0.35296075
607,-0.00384809,-0.36276391,-1.00000000,-0.85416215,-0.39421777
608,-0.01563720,-0.45398619,-1.00000000,-0.71051766,-0.47628388
609,0.00381647,-0.30169094,-1.00000000,-0.95033159,-0.48665009
610,0.00188248,-0.39838108,-1.00000000,-0.79807704,-0.42179028
611,0.00064946,-0.23882896,1.00000000,-0.95073998,-0.30825279
612,0.00673570,-0.25469081,1.00000000,-0.97571709,-0.25615726
613,-0.00813120,-0.26480359,1.00000000,-0.99164132,-0.21921121
614,0.00107689,-0.21488642,1.00000000,-0.91303852,-0.23269597
615,0.00304423,-0.33681948,-1.00000000,-0.89501591,-0.22697761
616,0.02614888,-0.26129802,1.00000000,-0.98612123,-0.10146442
617,-0.01066648,-0.24516257,1.00000000,-0.96071330,-0.18712143
618,0.00890288,-0.05566640,1.00000000,-0.66232041,-0.10327630
619,-0.00122610,-0.35761298,-1.00000000,-0.86227313,-0.11461208
620,0.00569867,-0.19711199,1.00000000,-0.88504975,-0.10154642
621,-0.00763456,-0.28018634,-1.00000000,-0.98419410,-0.26783524
622,0.00138790,-0.22339182,1.00000000,-0.92643168,-0.20850115
623,-0.01332360,-0.33274624,-1.00000000,-0.90142990,-0.31790430
624,0.00574843,-0.25874717,1.00000000,-0.98210448,-0.28357426
625,0.00934371,-0.37940570,-1.00000000,-0.82795690,-0.26563264
626,-0.00670219,-0.22298368,1.00000000,-0.92578899,-0.26104334
627,0.00429862,-0.19349649,1.00000000,-0.87935655,-0.24671622
628,-0.02273320,-0.32509929,-1.00000000,-0.91347129,-0.29303213
629,-0.01492849,-0.23487450,1.00000000,-0.94451305,-0.39480804
630,-0.01284735,-0.45657989,-1.00000000,-0.70643345,-0.50403682
631,0.00483176,-0.39256847,-1.00000000,-0.80722996,-0.44726441
632,-0.00237175,-0.37549967,-1.00000000,-0.83410759,-0.48009729
633,-0.03027116,-0.23050189,1.00000000,-0.93762765,-0.51720066
634,0.00024087,-0.28958250,-1.00000000,-0.96939831,-0.44253405
635,0.02142267,-0.51840362,-1.00000000,-0.60908181,-0.27385021
636,-0.01831610,-0.26815474,1.00000000,-0.99691825,-0.38778859
637,0.00534654,-0.09442910,1.00000000,-0.72335866,-0.34979763
638,0.00019801,-0.42035247,-1.00000000,-0.76347948,-0.19982231
639,-0.00714804,-0.22627982,1.00000000,-0.93097931,-0.23619199
640,0.00526018,-0.26850624,1.00000000,-0.99747176,-0.31574700
641,-0.00462192,-0.32875596,-1.00000000,-0.90771325,-0.24834152
642,-0.00383330,-0.22698816,1.00000000,-0.93209471,-0.29352655
643,0.00851622,-0.30803765,-1.00000000,-0.94033764,-0.25258269
644,0.00015000,-0.30156967,-1.00000000,-0.95052254,-0.21666027
645,-0.01260634,-0.20028326,1.00000000,-0.89004345,-0.30460283
646,-0.00800557,-0.26890000,1.00000000,-0.99809179,-0.32125783
647,-0.01079774,-0.37352303,-1.00000000,-0.83722013,-0.35553817
648,0.00338598,-0.33578915,-1.00000000,-0.89663834,-0.38079024
649,0.00767698,-0.35868952,-1.00000000,-0.86057794,-0.34374094
650,0.02321881,-0.24235969,1.00000000,-0.95629970,-0.16740244
651,-0.00047407,-0.20716636,1.00000000,-0.90088202,-0.13033088
652,-0.00238577,-0.07969784,1.00000000,-0.70016186,-0.08892549
653,-0.01139554,-0.27401842,-1.00000000,-0.99390651,-0.16168305
654,-0.01327356,-0.28969751,-1.00000000,-0.96921720,-0.26480576
655,-0.00043102,-0.36359244,-1.00000000,-0.85285748,-0.38121489
656,-0.00073839,-0.37899527,-1.00000000,-0.82860319,-0.38251591
657,0.01729130,-0.27366533,-1.00000000,-0.99446252,-0.28566146
658,0.00197947,-0.27618625,-1.00000000,-0.99049291,-0.21982700
659,-0.03440217,-0.12831313,1.00000000,-0.77671464,-0.32382621
660,-0.00231169,-0.25389534,1.00000000,-0.97446449,-0.33308326
661,0.00863155,-0.55228465,-1.00000000,-0.55573056,-0.28696257
662,-0.00507829,-0.28908994,-1.00000000,-0.97017393,-0.39707016
663,0.00585198,-0.19933735,1.00000000,-0.88855395,-0.37800891
664,-0.06069158,-0.31178063,-1.00000000,-0.93444370,-0.50741061
665,-0.02624442,-0.22213442,1.00000000,-0.92445169,-0.62521225
666,0.00018755,-0.76790109,-1.00000000,-0.21620701,-0.66677528
667,0.00748788,-0.48537770,-1.00000000,-0.66108656,-0.60492206
668,0.02935128,-0.26859203,1.00000000,-0.99760683,-0.48925382
669,0.00571513,-0.20871729,1.00000000,-0.90332422,-0.16238681
670,-0.00511351,-0.02940144,1.00000000,-0.62096190,-0.05837630
671,0.05470493,-0.22325678,1.00000000,-0.92621902,0.20996904
672,-0.00763876,-0.31206950,-1.00000000,-0.93398883,0.13551267
673,-0.06342886,0.17854017,1.00000000,-0.29352363,-0.32116964
674,-0.00710410,-0.33278071,-1.00000000,-0.90137562,-0.38426842
675,0.02748391,-0.79035135,-1.00000000,-0.18085538,-0.22381745
676,0.00424887,-0.32839555,-1.00000000,-0.90828078,-0.47217217
677,0.00937997,-0.04471701,1.00000000,-0.64507879,-0.38840258
678,0.00439565,-0.23528253,1.00000000,-0.94515555,-0.05455687
679,0.00541718,-0.19319907,1.00000000,-0.87888822,0.00707533
680,0.00066393,-0.23407872,1.00000000,-0.94325996,-0.12493793
681,-0.02398577,-0.22570048,1.00000000,-0.93006704,-0.26391446
682,0.02378824,-0.26468498,1.00000000,-0.99145454,-0.19299408
683,0.00450752,-0.46685309,-1.00000000,-0.69025660,-0.19244343
684,0.00065802,-0.07502752,1.00000000,-0.69280768,-0.21586896
685,0.01228217,-0.23316120,1.00000000,-0.94181517,-0.15868166
686,-0.00717054,-0.26473342,1.00000000,-0.99153082,-0.07591374
687,0.01660480,-0.16939627,1.00000000,-0.84140679,-0.11127209
688,-0.00628240,-0.32894050,-1.00000000,-0.90742266,-0.16438222
689,0.00721114,-0.13394360,1.00000000,-0.78558073,-0.13212645
690,0.00409870,-0.32165631,-1.00000000,-0.91889282,-0.17240709
691,0.00167926,-0.21098703,1.00000000,-0.90689829,-0.12884662
692,0.01187187,-0.23651415,1.00000000,-0.94709495,-0.15214301
693,-0.00358265,-0.25635758,1.00000000,-0.97834168,-0.13885429
694,0.01207642,-0.17276136,1.00000000,-0.84670569,-0.11490643
695,-0.00792782,-0.29951388,-1.00000000,-0.95375971,-0.17410338
696,-0.00279396,-0.17108375,1.00000000,-0.84406402,-0.19612147
697,-0.01290774,-0.33515147,-1.00000000,-0.89764247,-0.31809166
698,-0.00763770,-0.29304537,-1.00000000,-0.96394546,-0.33805141
699,-0.00233106,-0.37599500,-1.00000000,-0.83332762,-0.40896786
700,-0.00440452,-0.33277195,-1.00000000,-0.90138942,-0.39162548
701,-0.01345428,-0.28924876,-1.00000000,-0.96992384,-0.44409765
702,-0.00115720,-0.30625461,-1.00000000,-0.94314532,-0.38625913
703,-0.01552082,-0.38047747,-1.00000000,-0.82626922,-0.42506145
704,-0.01476339,-0.27962118,-1.00000000,-0.98508405,-0.48625588
705,-0.00598993,-0.39742656,-1.00000000,-0.79958009,-0.49405958
706,0.00978130,-0.39121438,-1.00000000,-0.80936219,-0.37968944
707,-0.01902007,-0.31925758,-1.00000000,-0.92267001,-0.46761408
708,-0.01315671,-0.18990747,1.00000000,-0.87370506,-0.45597745
709,-0.00670618,-0.42612618,-1.00000000,-0.75438782,-0.41631827
710,-0.01179007,-0.37803696,-1.00000000,-0.83011221,-0.44486770
711,-0.01076875,-0.32513200,-1.00000000,-0.91341977,-0.54601914
712,-0.06033266,-0.36682827,-1.00000000,-0.84776214,-0.74936791
713,0.03498157,-0.35845173,-1.00000000,-0.86095238,-0.51242174
714,0.02315024,-0.76495742,-1.00000000,-0.22084230,-0.36546249
715,-0.02218358,0.01677616,1.00000000,-0.54824768,-0.41662139
716,0.00218170,-0.08026017,1.00000000,-0.70104734,-0.35287670
717,-0.01645018,-0.45207213,-1.00000000,-0.71353166,-0.13687841
718,-0.00224760,-0.25223672,1.00000000,-0.97185271,-0.32012778
719,-0.01284638,-0.40504884,-1.00000000,-0.78757757,-0.49731032
720,0.04782005,-0.28856430,-1.00000000,-0.97100163,-0.15273857
721,0.01173832,-0.37549175,-1.00000000,-0.83412006,-0.10569901
722,-0.00634106,0.12207283,1.00000000,-0.38244075,-0.05593989
723,-0.00702047,-0.17385674,1.00000000,-0.84843055,-0.07943290
724,-0.02265063,-0.32213737,-1.00000000,-0.91813530,-0.12769135
725,-0.03591182,-0.32770968,-1.00000000,-0.90936078,-0.53983625
726,-0.02840616,-0.45590272,-1.00000000,-0.70749976,-0.73743532
727,-0.00560080,-0.56466634,-1.00000000,-0.53623356,-0.73379165
728,0.00033727,-0.50310750,-1.00000000,-0.63316807,-0.69757540
729,0.00453032,-0.31606607,-1.00000000,-0.92769557,-0.56378539
730,0.00144679,-0.26736413,1.00000000,-0.99567331,-0.37989889
731,0.01249920,-0.23297422,1.00000000,-0.94152074,-0.17855461
732,-0.01185418,-0.25826424,1.00000000,-0.98134403,-0.20933498
733,-0.00146712,-0.16761627,1.00000000,-0.83860389,-0.21821654
734,0.00754173,-0.36735408,-1.00000000,-0.84693417,-0.20339378
735,0.00296455,-0.28216309,-1.00000000,-0.98108139,-0.19592305
736,-0.00681168,-0.20827569,1.00000000,-0.90262884,-0.29097504
737,0.00709501,-0.24581608,1.00000000,-0.96174236,-0.19770333
738,-0.03112549,-0.32599728,-1.00000000,-0.91205725,-0.34368769
739,0.00706882,-0.21193948,1.00000000,-0.90839809,-0.34601545
740,0.00447943,-0.52541049,-1.00000000,-0.59804834,-0.33855890
741,0.01726188,-0.21215432,1.00000000,-0.90873639,-0.22006403
742,-0.00497742,-0.23339155,1.00000000,-0.94217790,-0.27948693
743,0.00210056,-0.12855443,1.00000000,-0.77709460,-0.11594172
744,-0.00699445,-0.31095329,-1.00000000,-0.93574649,-0.18516393
745,0.01348849,-0.25290220,1.00000000,-0.97290062,-0.14081957
746,0.02257207,-0.32749628,-1.00000000,-0.90969682,-0.11468179
747,0.01949052,-0.15950248,1.00000000,-0.82582740,0.00575425
748,-0.00354000,-0.08500217,1.00000000,-0.70851440,-0.02200969
749,0.01221962,-0.11027594,1.00000000,-0.74831211,0.07256576
750,0.00193713,-0.29916405,-1.00000000,-0.95431057,0.01570769
751,-0.01448350,-0.16990930,1.00000000,-0.84221465,-0.16668717
752,0.00610440,-0.25424262,1.00000000,-0.97501133,-0.23257628
753,0.00536735,-0.38891881,-1.00000000,-0.81297695,-0.18873255
754,-0.00061868,-0.22006410,1.00000000,-0.92119163,-0.25192519
755,0.04694960,-0.22610915,1.00000000,-0.93071055,-0.03036489
756,-0.02840642,-0.27520447,-1.00000000,-0.99203888,-0.09889624
757,-0.03139432,0.11493371,1.00000000,-0.39368247,-0.28347243
758,-0.02923199,-0.50310964,-1.00000000,-0.63316471,-0.45377727
759,0.02470121,-0.52761539,-1.00000000,-0.59457636,-0.32914775
760,0.01526500,-0.50988072,-1.00000000,-0.62250252,-0.48510565
761,-0.01580809,-0.06753971,1.00000000,-0.68101689,-0.42309420
762,-0.02700781,-0.14493218,1.00000000,-0.80288406,-0.40150291
763,0.00740041,-0.39978265,-1.00000000,-0.79587005,-0.22119095
764,-0.00108942,-0.49163876,-1.00000000,-0.65122749,-0.34813752
765,-0.01047573,-0.20943472,1.00000000,-0.90445392,-0.47483847
766,-0.01121222,-0.27906528,-1.00000000,-0.98595940,-0.45221669
767,0.00430643,-0.35604847,-1.00000000,-0.86473671,-0.29808180
768,0.00076315,-0.36208896,-1.00000000,-0.85522496,-0.33075174
769,0.01135017,-0.23481048,1.00000000,-0.94441223,-0.26952162
770,0.00488512,-0.26387122,1.00000000,-0.99017315,-0.19391251
771,-0.00709336,-0.17704018,1.00000000,-0.85344340,-0.17363864
772,-0.01687413,-0.23006428,1.00000000,-0.93693856,-0.27789354
773,0.01808551,-0.32830750,-1.00000000,-0.90841943,-0.19262942
774,0.02125790,-0.40852590,-1.00000000,-0.78210237,-0.14386160
775,-0.00204591,-0.12179932,1.00000000,-0.76645757,-0.17797749
776,-0.01657306,-0.09578047,1.00000000,-0.72548662,-0.22463847
777,-0.01157749,-0.28691011,-1.00000000,-0.97360643,-0.19856738
778,-0.00007270,-0.40605667,-1.00000000,-0.78599056,-0.28794570
779,0.02609992,-0.36508476,-1.00000000,-0.85050758,-0.26411233
780,0.01947858,-0.27072655,-1.00000000,-0.99909011,-0.15816450
781,-0.00144579,-0.05606797,1.00000000,-0.66295274,-0.08370507
782,-0.01096723,-0.11037383,1.00000000,-0.74846626,-0.08070124
783,-0.01301258,-0.28198816,-1.00000000,-0.98135684,-0.14439389
784,0.01017829,-0.36007960,-1.00000000,-0.85838902,-0.22276333
785,-0.00217553,-0.37685485,-1.00000000,-0.83197364,-0.32934917
786,0.00729322,-0.18665156,1.00000000,-0.86857810,-0.28633400
787,-0.00731834,-0.28797320,-1.00000000,-0.97193242,-0.26837345
788,0.02255509,-0.21031385,1.00000000,-0.90583826,-0.09330234
789,0.04512882,-0.33015272,-1.00000000,-0.90551383,0.07873111
790,0.00186764,-0.08514145,1.00000000,-0.70873372,0.09863240
791,-0.00040725,0.10000032,1.00000000,-0.41719755,0.06072916
792,-0.01517320,-0.25481254,1.00000000,-0.97590877,0.02206599
793,-0.01926508,-0.27347038,-1.00000000,-0.99476950,-0.18378114
794,-0.02469742,-0.39457547,-1.00000000,-0.80406960,-0.52747974
795,-0.00681358,-0.42813559,-1.00000000,-0.75122367,-0.57021043
796,-0.00778404,-0.47268975,-1.00000000,-0.68106582,-0.60652049
797,-0.00561446,-0.32601285,-1.00000000,-0.91203273,-0.55947048
798,0.00313126,-0.33397225,-1.00000000,-0.89949935,-0.44923127
799,-0.01973726,-0.31617808,-1.00000000,-0.92751919,-0.42481639
800,-0.00218278,-0.24444878,1.00000000,-0.95958932,-0.40202268
801,-0.01806368,-0.43200830,-1.00000000,-0.74512546,-0.45262108
802,-0.00213707,-0.28803267,-1.00000000,-0.97183877,-0.43550470
803,-0.02383393,-0.41828217,-1.00000000,-0.76673950,-0.56823272
804,-0.00326878,-0.28765779,-1.00000000,-0.97242908,-0.48717158
805,0.00608140,-0.46560773,-1.00000000,-0.69221763,-0.44649365
806,-0.00820298,-0.29693965,-1.00000000,-0.95781327,-0.39795734
807,0.00706706,-0.22025280,1.00000000,-0.92148876,-0.35265279
808,-0.00181765,-0.33740823,-1.00000000,-0.89408883,-0.24428430
809,0.00355496,-0.21216878,1.00000000,-0.90875914,-0.21069651
810,0.00794098,-0.28503802,-1.00000000,-0.97655435,-0.20154329
811,-0.00149355,-0.24097377,1.00000000,-0.95411734,-0.16851812
812,0.00123560,-0.20500117,1.00000000,-0.89747257,-0.19722168
813,0.00121883,-0.28237982,-1.00000000,-0.98074011,-0.18227553
814,0.00220941,-0.25999629,1.00000000,-0.98407143,-0.18889857
815,-0.00933464,-0.26013389,1.00000000,-0.98428811,-0.27393259
816,-0.01974319,-0.25200946,1.00000000,-0.97149485,-0.36376093
817,0.02230973,-0.34668966,-1.00000000,-0.87947369,-0.26002987
818,-0.00699648,-0.43205689,-1.00000000,-0.74504895,-0.30046725
819,0.01917096,-0.08715372,1.00000000,-0.71190238,-0.21697915
820,0.01096926,-0.32751295,-1.00000000,-0.90967057,-0.11703935
821,0.00877486,-0.11289685,1.00000000,-0.75243916,0.02333216
822,-0.00594213,-0.18016431,1.00000000,-0.85836284,-0.11572914
823,-0.01071868,-0.19816194,1.00000000,-0.88670308,-0.13405054
824,-0.01791763,-0.31886554,-1.00000000,-0.92328734,-0.31660796
825,-0.01177447,-0.35804109,-1.00000000,-0.86159900,-0.42855712
826,0.00685077,-0.41708436,-1.00000000,-0.76862565,-0.43802787
827,-0.02282073,-0.36670033,-1.00000000,-0.84796360,-0.52110767
828,-0.00890172,-0.21394265,1.00000000,-0.91155239,-0.51216425
829,0.01677157,-0.45729781,-1.00000000,-0.70530296,-0.34141712
830,0.01018332,-0.34313905,-1.00000000,-0.88506470,-0.23333650
831,-0.00236451,-0.13257583,1.00000000,-0.78342696,-0.27869593
832,0.00780546,-0.18661028,1.00000000,-0.86851309,-0.12794773
833,-0.00755826,-0.28952310,-1.00000000,-0.96949184,-0.12133495
834,0.00411245,-0.20611262,1.00000000,-0.89922272,-0.18364565
835,0.00103573,-0.33212047,-1.00000000,-0.90241527,-0.22867192
836,-0.00721355,-0.23640145,1.00000000,-0.94691747,-0.25253989
837,-0.00152980,-0.26163560,1.00000000,-0.98665279,-0.29848990
838,0.00907925,-0.32929327,-1.00000000,-0.90686717,-0.21659673
839,-0.00219508,-0.28267712,-1.00000000,-0.98027197,-0.24764361
840,-0.00192548,-0.19566544,1.00000000,-0.88277192,-0.26221925
841,-0.01325185,-0.28813352,-1.00000000,-0.97167997,-0.29194096
842,0.04125425,-0.28592234,-1.00000000,-0.97516183,-0.08134937
843,-0.02554022,-0.37881728,-1.00000000,-0.82888347,-0.25175330
844,-0.00789400,0.06822252,1.00000000,-0.46723692,-0.27980454
845,-0.01445589,-0.47960211,-1.00000000,-0.67018117,-0.34148172
846,0.00840126,-0.33487409,-1.00000000,-0.89807925,-0.23490079
847,0.00336302,-0.38869235,-1.00000000,-0.81333354,-0.42140895
848,0.00012671,-0.20122609,1.00000000,-0.89152809,-0.29507124
849,0.03449807,-0.24254795,1.00000000,-0.95659615,-0.08640902
850,0.02153875,-0.26909105,1.00000000,-0.99839263,0.09076374
851,-0.00138645,0.01281070,1.00000000,-0.55449195,0.04258667
852,0.01698170,-0.09347706,1.00000000,-0.72185950,0.10962052
853,0.01321475,-0.28150146,-1.00000000,-0.98212323,0.17404247
854,-0.01414420,-0.13085235,1.00000000,-0.78071305,-0.06538447
855,-0.00678810,-0.16174756,1.00000000,-0.82936264,-0.20481484
856,-0.00136499,-0.38613602,-1.00000000,-0.81735891,-0.20470922
857,0.00317564,-0.32580383,-1.00000000,-0.91236186,-0.27266540
858,-0.00582642,-0.28132547,-1.00000000,-0.98240037,-0.36638984
859,0.01004101,-0.24408477,1.00000000,-0.95901613,-0.24734541
860,-0.02097351,-0.31791653,-1.00000000,-0.92478172,-0.31716885
861,0.01873933,-0.18777745,1.00000000,-0.87035099,-0.21821139
862,-0.03067717,-0.44214760,-1.00000000,-0.72915946,-0.38484164
863,-0.02692483,-0.11643695,1.00000000,-0.75801363,-0.48869221
864,-0.02520025,-0.52173353,-1.00000000,-0.60383832,-0.66215671
865,0.00582125,-0.49095822,-1.00000000,-0.65229910,-0.53026754
866,0.00820187,-0.47681382,-1.00000000,-0.67457180,-0.58213499
867,0.00378655,-0.22238641,1.00000000,-0.92484849,-0.41249770
868,-0.00624123,-0.20286142,1.00000000,-0.89410318,-0.31068890
869,0.00582643,-0.23907429,1.00000000,-0.95112630,-0.15796940
870,-0.01046190,-0.32131862,-1.00000000,-0.91942456,-0.23811831
871,-0.01127244,-0.22234396,1.00000000,-0.92478164,-0.33397475
872,-0.00830943,-0.35593506,-1.00000000,-0.86491529,-0.39351358
873,-0.01242737,-0.36258284,-1.00000000,-0.85444727,-0.42396298
874,-0.00485474,-0.33828126,-1.00000000,-0.89271409,-0.47653779
875,0.00037476,-0.37205513,-1.00000000,-0.83953158,-0.42319761
876,-0.00318331,-0.30994709,-1.00000000,-0.93733091,-0.38338131
877,-0.02156858,-0.26705663,1.00000000,-0.99518911,-0.44864549
878,0.01118343,-0.29623866,-1.00000000,-0.95891710,-0.33242844
879,0.01411813,-0.44702813,-1.00000000,-0.72147426,-0.23904023
880,-0.01931140,-0.17840772,1.00000000,-0.85559680,-0.33593940
881,0.00879861,-0.15433835,1.00000000,-0.81769563,-0.27696200
882,-0.01846467,-0.42851553,-1.00000000,-0.75062540,-0.26168394
883,0.00775320,-0.19796717,1.00000000,-0.88639638,-0.27856821
884,-0.00612375,-0.42157096,-1.00000000,-0.76156077,-0.37820275
885,-0.00556836,-0.20654125,1.00000000,-0.89989767,-0.31055678
886,0.00031294,-0.32035507,-1.00000000,-0.92094184,-0.35232493
887,0.00158888,-0.31579999,-1.00000000,-0.92811456,-0.25361736
888,0.00549036,-0.26756363,1.00000000,-0.99598745,-0.26475554
889,0.00881349,-0.25709881,1.00000000,-0.97950888,-0.19123149
890,-0.03306415,-0.22510032,1.00000000,-0.92912198,-0.32657125
891,0.00143407,-0.19784513,1.00000000,-0.88620421,-0.32105284
892,-0.01636144,-0.54131074,-1.00000000,-0.57301078,-0.40940788
893,-0.00944026,-0.25836855,1.00000000,-0.98150829,-0.48289935
894,0.02286140,-0.40432099,-1.00000000,-0.78872369,-0.41375275
895,-0.00031981,-0.34755595,-1.00000000,-0.87810957,-0.25257859
896,-0.00048833,-0.08262915,1.00000000,-0.70477770,-0.26204102
897,0.00523121,-0.27275324,-1.00000000,-0.99589875,-0.15575773
898,-0.00385226,-0.27413539,-1.00000000,-0.99372232,-0.12825246
899,0.01890108,-0.22722574,1.00000000,-0.93246881,-0.14774595
900,-0.01874680,-0.30172512,-1.00000000,-0.95027775,-0.23844723
901,0.01857589,-0.11511031,1.00000000,-0.75592462,-0.14460935
902,0.00520831,-0.42388485,-1.00000000,-0.75791717,-0.14472208
903,0.03557637,-0.11777740,1.00000000,-0.76012439,0.04935347
904,-0.00973388,-0.22741357,1.00000000,-0.93276459,-0.09159349
905,-0.00335701,0.02165453,1.00000000,-0.54056588,-0.01584188
906,0.05209140,-0.34996410,-1.00000000,-0.87431755,0.14912812
907,-0.02138789,-0.29766324,-1.00000000,-0.95667386,0.01821634
908,-0.00400727,0.15710497,1.00000000,-0.32727689,-0.17662221
909,-0.00721195,-0.44554621,-1.00000000,-0.72380780,-0.16420878
910,0.02016390,-0.30299648,-1.00000000,-0.94827579,-0.04843421
911,0.01545024,-0.32928014,-1.00000000,-0.90688785,-0.22878926
912,-0.00551592,-0.10475310,1.00000000,-0.73961549,-0.15066425
913,-0.01233855,-0.14341284,1.00000000,-0.80049161,-0.19167248
914,-0.00639523,-0.31536989,-1.00000000,-0.92879182,-0.18765243
915,-0.01084927,-0.37132670,-1.00000000,-0.84067862,-0.34030543
916,0.01278887,-0.32258170,-1.00000000,-0.91743563,-0.35340526
917,0.01256824,-0.35911217,-1.00000000,-0.85991241,-0.26439142
918,-0.00173953,-0.16524052,1.00000000,-0.83486289,-0.21222094
919,0.01659010,-0.16704999,1.00000000,-0.83771220,-0.09908256
920,-0.00591965,-0.28439730,-1.00000000,-0.97756326,-0.07481797
921,0.00508003,-0.13406413,1.00000000,-0.78577053,-0.11276238
922,0.01252413,-0.31868112,-1.00000000,-0.92357774,-0.11297950
923,-0.01106316,-0.22846565,1.00000000,-0.93442126,-0.15887226
924,-0.01576679,-0.16741178,1.00000000,-0.83828189,-0.31813933
925,-0.00908804,-0.36086641,-1.00000000,-0.85715007,-0.33373480
926,0.00121276,-0.39944393,-1.00000000,-0.79640342,-0.35277028
927,-0.00330253,-0.34466719,-1.00000000,-0.88265840,-0.43067227
928,0.00269258,-0.26018365,1.00000000,-0.98436646,-0.36296377
929,0.00857124,-0.29721648,-1.00000000,-0.95737736,-0.24316712
930,0.00560099,-0.24804668,1.00000000,-0.96525480,-0.17086479
931,-0.00019546,-0.19983197,1.00000000,-0.88933281,-0.17779633
932,0.01253945,-0.22419294,1.00000000,-0.92769317,-0.09981893
933,0.00288465,-0.27173339,-1.00000000,-0.99750467,-0.09887353
934,0.01186322,-0.16728610,1.00000000,-0.83808399,-0.08266977
935,0.00118737,-0.24647140,1.00000000,-0.96277427,-0.10439450
936,-0.00503310,-0.17283235,1.00000000,-0.84681748,-0.12820630
937,0.02833839,-0.26039190,1.00000000,-0.98469439,-0.05044080
938,-0.01190235,-0.31140996,-1.00000000,-0.93502739,-0.12322535
939,0.00688931,-0.03770882,1.00000000,-0.63404325,-0.14770793
940,0.00041545,-0.36774915,-1.00000000,-0.84631207,-0.15150748
941,-0.01991428,-0.21362662,1.00000000,-0.91105476,-0.22475560
942,0.00923949,-0.26672293,1.00000000,-0.99466363,-0.31876416
943,0.00270155,-0.43346012,-1.00000000,-0.74283933,-0.24688084
944,-0.00239211,-0.19435121,1.00000000,-0.88070246,-0.29256580
945,0.00346717,-0.24797308,1.00000000,-0.96513891,-0.27754460
946,0.00540788,-0.28974949,-1.00000000,-0.96913536,-0.15290389
947,-0.00039197,-0.24169376,1.00000000,-0.95525108,-0.20031187
948,0.00305359,-0.22577672,1.00000000,-0.93018709,-0.19857907
949,0.00064978,-0.27334507,-1.00000000,-0.99496681,-0.18360632
950,-0.00751353,-0.24508579,1.00000000,-0.96059239,-0.23765551
951,0.00301157,-0.26480104,1.00000000,-0.99163730,-0.24945066
952,0.03144907,-0.33175358,-1.00000000,-0.90299300,-0.09272271
953,-0.00441281,-0.24543046,1.00000000,-0.96113514,-0.12947385
954,-0.00082629,-0.01219610,1.00000000,-0.59386926,-0.13673931
955,0.00442035,-0.30632261,-1.00000000,-0.94303825,-0.07799840
956,-0.00187476,-0.27690717,-1.00000000,-0.98935771,-0.10204989
957,0.03172697,-0.23387615,1.00000000,-0.94294097,-0.10068201
958,-0.00952709,-0.28550641,-1.00000000,-0.97581678,-0.12585548
959,0.00583142,-0.00991687,1.00000000,-0.59028024,-0.09308493
960,0.00593908,-0.34826807,-1.00000000,-0.87698822,-0.08560943
961,-0.01775102,-0.22230302,1.00000000,-0.92471718,-0.16375553
962,0.00638084,-0.22142004,1.00000000,-0.92332678,-0.28851421
963,0.02014593,-0.41571787,-1.00000000,-0.77077741,-0.14245773
964,0.00185108,-0.21779684,1.00000000,-0.91762145,-0.16204974
965,-0.02242437,-0.10490049,1.00000000,-0.73984759,-0.30166026
966,0.00595464,-0.25494834,1.00000000,-0.97612260,-0.18497626
967,-0.01616991,-0.45404700,-1.00000000,-0.71042190,-0.29597557
968,-0.03119851,-0.22129239,1.00000000,-0.92312578,-0.54870309
969,0.00202492,-0.40275017,-1.00000000,-0.79119719,-0.54784744
970,0.02495429,-0.52600939,-1.00000000,-0.59710527,-0.31464029
971,0.01761274,-0.25352260,1.00000000,-0.97387755,-0.25725682
972,0.01914052,-0.06546404,1.00000000,-0.67774841,-0.08345186
973,0.00720173,-0.12567680,1.00000000,-0.77256330,0.10556175
974,0.00333366,-0.11314650,1.00000000,-0.75283229,0.11200362
975,0.00056902,-0.21106422,1.00000000,-0.90701984,-0.00802553
976,-0.00967370,-0.24278880,1.00000000,-0.95697541,-0.14233479
977,-0.01150964,-0.26546340,1.00000000,-0.99268030,-0.29320097
978,0.00816027,-0.34947050,-1.00000000,-0.87509480,-0.28848283
979,-0.04511369,-0.36452827,-1.00000000,-0.85138387,-0.52695027
980,-0.01390627,-0.20320258,1.00000000,-0.89464040,-0.59820051
981,0.01797419,-0.64013675,-1.00000000,-0.41739298,-0.46211213
982,0.03640576,-0.38418459,-1.00000000,-0.82043176,-0.22626302
983,-0.00723579,-0.12271235,1.00000000,-0.76789528,-0.30204550
984,0.00941182,0.02845688,1.00000000,-0.52985446,-0.03366015
985,0.02462152,-0.32947564,-1.00000000,-0.90657999,0.15598129
986,0.00363346,-0.19293788,1.00000000,-0.87847694,0.08539340
987,-0.02265788,-0.06819328,1.00000000,-0.68204605,-0.20532958
988,0.00208120,-0.24032989,1.00000000,-0.95310345,-0.15946951
989,-0.01563305,-0.45596221,-1.00000000,-0.70740609,-0.28274531
990,0.00640212,-0.25306100,1.00000000,-0.97315068,-0.37242483
991,-0.01390799,-0.39834700,-1.00000000,-0.79813071,-0.45876736
992,-0.01359348,-0.21762238,1.00000000,-0.91734674,-0.41415059
993,-0.00589287,-0.38419869,-1.00000000,-0.82040955,-0.45340055
994,-0.00056920,-0.38161922,-1.00000000,-0.82447136,-0.37925331
995,0.01516296,-0.31846151,-1.00000000,-0.92392356,-0.33613068
996,-0.01117296,-0.27479867,-1.00000000,-0.99267788,-0.32266830
997,0.03162809,-0.14576901,1.00000000,-0.80420179,-0.10007872
998,-0.00352217,-0.36176692,-1.00000000,-0.85573206,-0.08840964
999,-0.00521377,-0.01072784,1.00000000,-0.59155726,-0.11127111
1000,0.02311378,-0.29901783,-1.00000000,-0.95454083,-0.07213563
1001,-0.00844849,-0.31289175,-1.00000000,-0.93269406,-0.05872526
1002,0.00446365,-0.08055926,1.00000000,-0.70151831,-0.19243406
1003,-0.00616552,-0.33942181,-1.00000000,-0.89091812,-0.20544519
1004,-0.00088553,-0.23352101,1.00000000,-0.94238175,-0.18414076
1005,0.00484916,-0.32069771,-1.00000000,-0.92040230,-0.27404281
1006,0.00507414,-0.27739310,-1.00000000,-0.98859252,-0.20748172
1007,-0.01319819,-0.23035914,1.00000000,-0.93740287,-0.29441678
1008,0.00779154,-0.22851395,1.00000000,-0.93449731,-0.22571734
1009,0.00925062,-0.37837715,-1.00000000,-0.82957653,-0.17582519
1010,-0.00523751,-0.20622681,1.00000000,-0.89940254,-0.22547379
1011,-0.01927379,-0.19425996,1.00000000,-0.88055877,-0.34531917
1012,0.00681286,-0.31308645,-1.00000000,-0.93238747,-0.24682080
1013,0.00647236,-0.42820711,-1.00000000,-0.75111106,-0.25331409
1014,-0.00286537,-0.21425359,1.00000000,-0.91204202,-0.31295137
1015,-0.02324478,-0.21704630,1.00000000,-0.91643960,-0.40158674
1016,-0.00369511,-0.29363098,-1.00000000,-0.96302331,-0.32490535
1017,-0.02496310,-0.46077572,-1.00000000,-0.69982643,-0.48131293
1018,0.00609531,-0.30043624,-1.00000000,-0.95230731,-0.48316885
1019,-0.01987275,-0.47486876,-1.00000000,-0.67763461,-0.56688259
1020,0.00194871,-0.22013873,1.00000000,-0.92130915,-0.44287526
1021,0.00070604,-0.43311955,-1.00000000,-0.74337561,-0.42121194
1022,-0.01086270,-0.25414767,1.00000000,-0.97486182,-0.35180698
1023,-0.00887539,-0.26433960,1.00000000,-0.99091069,-0.42549570
1024,0.00195764,-0.35922228,-1.00000000,-0.85973901,-0.31804216
1025,0.00343238,-0.34292305,-1.00000000,-0.88540485,-0.31073924
1026,-0.01374966,-0.25407439,1.00000000,-0.97474642,-0.38189304
1027,0.00322768,-0.24197913,1.00000000,-0.95570045,-0.31253741
1028,-0.03046447,-0.38290009,-1.00000000,-0.82245442,-0.41880318
1029,-0.00013607,-0.24365801,1.00000000,-0.95834413,-0.42910886
1030,-0.00507344,-0.51998909,-1.00000000,-0.60658522,-0.47097620
1031,0.00245417,-0.27124629,-1.00000000,-0.99827169,-0.39121773
1032,-0.00796952,-0.31174085,-1.00000000,-0.93450634,-0.44633254
1033,-0.00031929,-0.25000202,1.00000000,-0.96833381,-0.29795196
1034,-0.00851564,-0.33549343,-1.00000000,-0.89710400,-0.33919784
1035,-0.01296127,-0.27274897,-1.00000000,-0.99590547,-0.37802330
1036,0.00936679,-0.33997250,-1.00000000,-0.89005097,-0.34399804
1037,-0.02435337,-0.37643404,-1.00000000,-0.83263626,-0.42464262
1038,0.01331897,-0.19330720,1.00000000,-0.87905848,-0.35751237
1039,-0.03088042,-0.46986799,-1.00000000,-0.68550914,-0.46759630
1040,0.02049674,-0.16089276,1.00000000,-0.82801662,-0.30290931
1041,-0.02298773,-0.52340057,-1.00000000,-0.60121329,-0.46216469
1042,-0.02936288,-0.10202325,1.00000000,-0.73531690,-0.48682249
1043,-0.01762357,-0.45866753,-1.00000000,-0.70314611,-0.63912783
1044,0.01447869,-0.51095421,-1.00000000,-0.62081213,-0.41586124
1045,0.00012987,-0.41467254,-1.00000000,-0.77242346,-0.51611101
1046,-0.00688916,-0.15138115,1.00000000,-0.81303903,-0.43687061
1047,0.00453495,-0.26906509,1.00000000,-0.99835175,-0.27001879
1048,0.01201611,-0.32663269,-1.00000000,-0.91105669,-0.12412642
1049,-0.01424993,-0.23293625,1.00000000,-0.94146095,-0.26553441
1050,0.00145273,-0.17157841,1.00000000,-0.84484293,-0.25902306
1051,0.02444845,-0.38700316,-1.00000000,-0.81599346,-0.10477315
1052,-0.00363441,-0.25821551,1.00000000,-0.98126731,-0.14498433
1053,-0.00405330,-0.06961275,1.00000000,-0.68428123,-0.22408116
1054,-0.00091377,-0.29993841,-1.00000000,-0.95309123,-0.15843794
1055,0.01844128,-0.30337403,-1.00000000,-0.94768128,-0.07481692
1056,-0.00973339,-0.27762470,-1.00000000,-0.98822784,-0.24306669
1057,-0.00217935,-0.11888144,1.00000000,-0.76186289,-0.23590461
1058,-0.02809077,-0.34996005,-1.00000000,-0.87432393,-0.35422178
1059,0.00372372,-0.28800454,-1.00000000,-0.97188307,-0.33139510
1060,-0.01605157,-0.50052080,-1.00000000,-0.63724126,-0.50117573
1061,-0.02234568,-0.23958960,1.00000000,-0.95193773,-0.56325597
1062,0.01280742,-0.40177954,-1.00000000,-0.79272562,-0.48948809
1063,-0.03116503,-0.45340166,-1.00000000,-0.71143809,-0.50462023
1064,0.00033561,-0.16508830,1.00000000,-0.83462320,-0.52129722
1065,0.00951798,-0.52573484,-1.00000000,-0.59753761,-0.39543884
1066,0.01194288,-0.26737773,1.00000000,-0.99569472,-0.22666373
1067,0.00132117,-0.19206719,1.00000000,-0.87710589,-0.28320134
1068,-0.01364693,-0.17217902,1.00000000,-0.84578869,-0.19697378
1069,0.01880655,-0.25929447,1.00000000,-0.98296629,-0.10605612
1070,0.01550602,-0.38205759,-1.00000000,-0.82378107,-0.07658177
1071,-0.00218304,-0.11588557,1.00000000,-0.75714540,-0.14611235
1072,-0.01429406,-0.14295537,1.00000000,-0.79977125,-0.22297363
1073,-0.00198956,-0.28803481,-1.00000000,-0.97183540,-0.16559372
1074,-0.01068455,-0.38736508,-1.00000000,-0.81542355,-0.31075481
1075,-0.00540744,-0.28644794,-1.00000000,-0.97433419,-0.41369504
1076,-0.00132505,-0.35776119,-1.00000000,-0.86203974,-0.40947180
1077,0.00509247,-0.31448020,-1.00000000,-0.93019278,-0.31404748
1078,0.00935865,-0.28099782,-1.00000000,-0.98291630,-0.25818932
1079,-0.00658312,-0.22836367,1.00000000,-0.93426067,-0.23800126
1080,0.01469712,-0.19337392,1.00000000,-0.87916355,-0.13904259
1081,-0.01762947,-0.32412270,-1.00000000,-0.91500909,-0.21929620
1082,-0.00147064,-0.14958966,1.00000000,-0.81021803,-0.25160110
1083,0.00905368,-0.41472094,-1.00000000,-0.77234724,-0.25310223
1084,-0.00283649,-0.28219191,-1.00000000,-0.98103600,-0.23466057
1085,0.00169300,-0.19587519,1.00000000,-0.88310221,-0.29866947
1086,0.00462424,-0.29339416,-1.00000000,-0.96339622,-0.18913227
1087,0.01189364,-0.25624491,1.00000000,-0.97816426,-0.12335063
1088,0.00780806,-0.23220386,1.00000000,-0.94030768,-0.12948179
1089,0.02221206,-0.17258282,1.00000000,-0.84642454,-0.00618786
1090,-0.00316558,-0.20609128,1.00000000,-0.89918913,-0.03010275
1091,0.00890814,-0.08795482,1.00000000,-0.71316384,-0.00901657
1092,0.00207833,-0.29609326,-1.00000000,-0.95914605,-0.05732948
1093,0.00915410,-0.19706887,1.00000000,-0.88498185,-0.05070401
1094,-0.01086252,-0.25308453,1.00000000,-0.97318773,-0.21350366
1095,0.00610587,-0.19505156,1.00000000,-0.88180527,-0.16786772
1096,-0.00095402,-0.35922082,-1.00000000,-0.85974133,-0.21641124
1097,0.00327176,-0.22005207,1.00000000,-0.92117268,-0.21053695
1098,-0.01092324,-0.27795483,-1.00000000,-0.98770799,-0.30936163
1099,0.00081702,-0.24329646,1.00000000,-0.95777480,-0.25187260
1100,0.03000583,-0.35971883,-1.00000000,-0.85895713,-0.13423226
1101,-0.01220677,-0.26342934,1.00000000,-0.98947734,-0.18962050
1102,0.01000609,-0.02403308,1.00000000,-0.61250854,-0.15647280
1103,-0.00234229,-0.37024584,-1.00000000,-0.84238061,-0.11423566
1104,-0.01443705,-0.18806388,1.00000000,-0.87080202,-0.18931921
1105,0.00749377,-0.28934091,-1.00000000,-0.96977873,-0.30012802
1106,0.01880961,-0.38853780,-1.00000000,-0.81357691,-0.14745927
1107,0.00972492,-0.20866900,1.00000000,-0.90324817,-0.14884324
1108,-0.01132313,-0.11586052,1.00000000,-0.75710596,-0.19304871
1109,-0.01685079,-0.19036994,1.00000000,-0.87443328,-0.20492963
1110,-0.00766733,-0.36299857,-1.00000000,-0.85379263,-0.27955559
1111,0.00492345,-0.40833446,-1.00000000,-0.78240382,-0.34790604
1112,0.01239090,-0.33301500,-1.00000000,-0.90100670,-0.33478352
1113,0.00076270,-0.22974991,1.00000000,-0.93644353,-0.27529469
1114,0.00559396,-0.16850446,1.00000000,-0.84000250,-0.16481718
1115,-0.00741346,-0.26387491,1.00000000,-0.99017896,-0.16356755
1116,-0.01515445,-0.22425057,1.00000000,-0.92778391,-0.26239495
1117,0.00455416,-0.33093280,-1.00000000,-0.90428545,-0.30096896
1118,0.01857147,-0.39442172,-1.00000000,-0.80431171,-0.21331062
1119,-0.00583575,-0.23277865,1.00000000,-0.94121278,-0.26956992
1120,-0.00294810,-0.11781363,1.00000000,-0.76018145,-0.24759054
1121,0.01429114,-0.31799299,-1.00000000,-0.92466132,-0.10265350
1122,0.00659959,-0.29430952,-1.00000000,-0.96195483,-0.09258552
1123,-0.00148448,-0.15291941,1.00000000,-0.81546127,-0.19130492
1124,0.00004543,-0.21600281,1.00000000,-0.91479645,-0.16235660
1125,-0.00398577,-0.28230549,-1.00000000,-0.98085716,-0.16746424
1126,-0.01588550,-0.26975766,1.00000000,-0.99944231,-0.31599963
1127,-0.01769891,-0.30282016,-1.00000000,-0.94855343,-0.43560167
1128,0.00499191,-0.40041750,-1.00000000,-0.79487037,-0.40372357
1129,-0.00863109,-0.41529049,-1.00000000,-0.77145039,-0.44643114
1130,0.00859049,-0.22918839,1.00000000,-0.93555932,-0.38452830
1131,-0.00571708,-0.34091943,-1.00000000,-0.88855987,-0.33447731
1132,-0.00712541,-0.19967414,1.00000000,-0.88908429,-0.28243244
1133,-0.01102154,-0.31701972,-1.00000000,-0.92619389,-0.36125385
1134,0.01136843,-0.32857038,-1.00000000,-0.90800548,-0.26281224
1135,-0.03530974,-0.36052508,-1.00000000,-0.85768755,-0.47889785
1136,-0.01423286,-0.17689045,1.00000000,-0.85320762,-0.52081424
1137,-0.02379023,-0.55972823,-1.00000000,-0.54400942,-0.60284180
1138,-0.01702695,-0.38686317,-1.00000000,-0.81621388,-0.63240160
1139,0.00819159,-0.46524934,-1.00000000,-0.69278197,-0.64803865
1140,0.00870539,-0.40977929,-1.00000000,-0.78012869,-0.43138744
1141,0.00510233,-0.20294579,1.00000000,-0.89423603,-0.33621577
1142,0.00138596,-0.19873171,1.00000000,-0.88760027,-0.21229353
1143,0.00817234,-0.22828276,1.00000000,-0.93413327,-0.08825764
1144,0.00330646,-0.25876309,1.00000000,-0.98212956,-0.11230321
1145,0.00812956,-0.20310367,1.00000000,-0.89448464,-0.11513756
1146,0.01453404,-0.24301187,1.00000000,-0.95732666,-0.06871282
1147,0.00300482,-0.20345446,1.00000000,-0.89503702,-0.06074447
1148,0.00371232,-0.15092723,1.00000000,-0.81232426,-0.08269754
1149,0.00090181,-0.24548579,1.00000000,-0.96122226,-0.09453370
1150,0.02076497,-0.23968312,1.00000000,-0.95208500,-0.03233972
1151,-0.02435301,-0.26273393,1.00000000,-0.98838230,-0.22374947
1152,0.00388752,-0.09982333,1.00000000,-0.73185275,-0.21940468
1153,-0.01554934,-0.46986501,-1.00000000,-0.68551385,-0.31421441
1154,0.01792783,-0.23824624,1.00000000,-0.94982240,-0.23040894
1155,-0.00180466,-0.39766046,-1.00000000,-0.79921179,-0.34150116
1156,-0.00654468,-0.12309252,1.00000000,-0.76849392,-0.25384504
1157,0.01029337,-0.28493148,-1.00000000,-0.97672211,-0.22231415
1158,0.00808418,-0.32380742,-1.00000000,-0.91550553,-0.10598528
1159,-0.00052624,-0.18570769,1.00000000,-0.86709181,-0.19681991
1160,0.00371723,-0.20382669,1.00000000,-0.89562316,-0.16964006
1161,-0.00815351,-0.27444634,-1.00000000,-0.99323269,-0.17755906
1162,0.00417811,-0.23964286,1.00000000,-0.95202162,-0.20765958
1163,-0.00812144,-0.33700250,-1.00000000,-0.89472771,-0.28742686
1164,-0.01724526,-0.23586288,1.00000000,-0.94606941,-0.36972119
1165,-0.00698772,-0.33673945,-1.00000000,-0.89514193,-0.42241307
1166,-0.01478715,-0.41156982,-1.00000000,-0.77730921,-0.45506513
1167,0.02380156,-0.32744105,-1.00000000,-0.90978379,-0.35847462
1168,0.02209738,-0.39140922,-1.00000000,-0.80905539,-0.20973159
1169,-0.02084173,-0.07491829,1.00000000,-0.69263568,-0.22743413
1170,-0.01122821,-0.08889541,1.00000000,-0.71464494,-0.24830667
1171,-0.00567677,-0.44106679,-1.00000000,-0.73086137,-0.20346360
1172,0.00287569,-0.36222005,-1.00000000,-0.85501854,-0.30646490
1173,-0.00974449,-0.31668916,-1.00000000,-0.92671441,-0.46319689
1174,0.00447297,-0.24654489,1.00000000,-0.96288999,-0.33859290
1175,-0.00670583,-0.35005113,-1.00000000,-0.87418051,-0.31633287
1176,-0.00632988,-0.23344457,1.00000000,-0.94226139,-0.31954756
1177,0.00129269,-0.32512912,-1.00000000,-0.91342431,-0.32733942
1178,0.00711594,-0.32204566,-1.00000000,-0.91827972,-0.24434903
1179,-0.00250298,-0.25952811,1.00000000,-0.98333421,-0.27868600
1180,0.00814293,-0.21176784,1.00000000,-0.90812780,-0.20559743
1181,-0.01670665,-0.29065879,-1.00000000,-0.96770351,-0.25667397
1182,-0.00259019,-0.20334480,1.00000000,-0.89486434,-0.27578628
1183,0.00247919,-0.40715228,-1.00000000,-0.78426534,-0.29860930
1184,-0.00347887,-0.29137413,-1.00000000,-0.96657709,-0.30341284
1185,-0.00080287,-0.24979684,1.00000000,-0.96801072,-0.34744586
1186,0.00261047,-0.29866273,-1.00000000,-0.95510000,-0.25236316
1187,0.02018322,-0.27671511,-1.00000000,-0.98966014,-0.14026787
1188,0.00844558,-0.24872011,1.00000000,-0.96631524,-0.11090011
1189,-0.00362650,-0.10459461,1.00000000,-0.73936593,-0.11162678
1190,-0.01196949,-0.20086261,1.00000000,-0.89095573,-0.16659110
1191,0.00680468,-0.29987355,-1.00000000,-0.95319336,-0.14594639
1192,-0.00771789,-0.36829977,-1.00000000,-0.84544502,-0.28328120
1193,-0.00990761,-0.21432072,1.00000000,-0.91214774,-0.37361926
1194,0.00274533,-0.33342966,-1.00000000,-0.90035374,-0.34225586
1195,-0.01245222,-0.35138900,-1.00000000,-0.87207381,-0.34463199
1196,-0.01171661,-0.24761408,1.00000000,-0.96457360,-0.43579744
1197,0.00572485,-0.37225900,-1.00000000,-0.83921055,-0.36962958
1198,-0.00335935,-0.36622575,-1.00000000,-0.84871090,-0.33739775
1199,0.01663932,-0.22317704,1.00000000,-0.92609346,-0.26900877
1200,-0.01231512,-0.29768249,-1.00000000,-0.95664354,-0.26833393
1201,-0.01291945,-0.13366049,1.00000000,-0.78513494,-0.27425455
1202,-0.03933413,-0.37113454,-1.00000000,-0.84098120,-0.49604382
1203,-0.03016675,-0.37609103,-1.00000000,-0.83317640,-0.62799517
1204,0.00844898,-0.59273487,-1.00000000,-0.49203503,-0.66830962
1205,-0.00708401,-0.51754731,-1.00000000,-0.61043022,-0.64256106
1206,-0.03527323,-0.20083471,1.00000000,-0.89091179,-0.75259078
1207,-0.01680381,-0.32823083,-1.00000000,-0.90854015,-0.64169207
1208,-0.01328969,-0.55942879,-1.00000000,-0.54448094,-0.55861982
1209,-0.00432426,-0.40794916,-1.00000000,-0.78301053,-0.62149226
1210,0.00292062,-0.37912761,-1.00000000,-0.82839480,-0.57224746
1211,-0.00691524,-0.30559632,-1.00000000,-0.94418191,-0.43266380
1212,0.00012952,-0.24617636,1.00000000,-0.96230968,-0.34931460
1213,-0.03323287,-0.32684659,-1.00000000,-0.91071986,-0.44747887
1214,-0.01263579,-0.26906801,1.00000000,-0.99835634,-0.48838987
1215,0.01422533,-0.54269447,-1.00000000,-0.57083187,-0.43274588
1216,0.01489166,-0.37376455,-1.00000000,-0.83683982,-0.32540799
1217,0.02029864,-0.15345919,1.00000000,-0.81631124,-0.22613156
1218,-0.00976353,-0.14799413,1.00000000,-0.80770560,-0.11061085
1219,-0.00048089,-0.10364800,1.00000000,-0.73787534,-0.05078201
1220,-0.00074934,-0.35020732,-1.00000000,-0.87393456,-0.12449030
1221,0.03098371,-0.27407435,-1.00000000,-0.99381844,-0.04528207
1222,0.00028097,-0.27627612,-1.00000000,-0.99035139,-0.14381301
1223,-0.00778674,-0.01601288,1.00000000,-0.59987942,-0.13408283
1224,0.00812178,-0.26782583,1.00000000,-0.99640033,-0.09173879
1225,-0.01520853,-0.33399434,-1.00000000,-0.89946456,-0.16290979
1226,-0.01194848,-0.20351832,1.00000000,-0.89513758,-0.37423053
1227,0.00259088,-0.39486527,-1.00000000,-0.80361327,-0.36286071
1228,-0.00740859,-0.36812747,-1.00000000,-0.84571633,-0.36099937
1229,-0.00238681,-0.24888078,1.00000000,-0.96656824,-0.41272471
1230,0.00409335,-0.33089288,-1.00000000,-0.90434832,-0.31771704
1231,-0.02049247,-0.28970601,-1.00000000,-0.96920382,-0.35977224
1232,-0.01168474,-0.23655810,1.00000000,-0.94716415,-0.43003967
1233,-0.00985613,-0.43820224,-1.00000000,-0.73537209,-0.44208694
1234,-0.00461898,-0.36596435,-1.00000000,-0.84912252,-0.45307414
1235,-0.00565756,-0.35096673,-1.00000000,-0.87273875,-0.50107003
1236,-0.01185003,-0.30801350,-1.00000000,-0.94037567,-0.45853026
1237,0.00911035,-0.31653158,-1.00000000,-0.92696255,-0.35617270
1238,0.01756524,-0.36732005,-1.00000000,-0.84698775,-0.22119927
1239,0.00748447,-0.19541039,1.00000000,-0.88237031,-0.16162371
1240,0.00377438,-0.12606637,1.00000000,-0.77317673,-0.11519781
1241,0.01790677,-0.20874533,1.00000000,-0.90336836,0.03127107
1242,0.01304682,-0.23917412,1.00000000,-0.95128349,0.05064716
1243,0.00005696,-0.12326530,1.00000000,-0.76876600,-0.03553209
1244,-0.02914041,-0.16312487,1.00000000,-0.83153144,-0.21580700
1245,-0.01626796,-0.26966311,1.00000000,-0.99929343,-0.31445939
1246,-0.00211937,-0.50912958,-1.00000000,-0.62368531,-0.41303204
1247,-0.00488935,-0.40355432,-1.00000000,-0.78993093,-0.50131743
1248,-0.00842814,-0.28751262,-1.00000000,-0.97265768,-0.54308279
1249,-0.00027226,-0.31023099,-1.00000000,-0.93688387,-0.40098804
1250,0.00111704,-0.33925492,-1.00000000,-0.89118091,-0.31541560
1251,-0.02314112,-0.27236326,-1.00000000,-0.99651284,-0.41888880
1252,-0.00250268,-0.26096867,1.00000000,-0.98560261,-0.40714111
1253,0.00054816,-0.45992552,-1.00000000,-0.70116520,-0.36295798
1254,0.00552393,-0.29065633,-1.00000000,-0.96770739,-0.33442799
1255,0.00317869,-0.26563449,1.00000000,-0.99294971,-0.32428018
1256,0.00653568,-0.22482498,1.00000000,-0.92868841,-0.17820511
1257,0.01425493,-0.24405981,1.00000000,-0.95897682,-0.09572086
1258,0.00172963,-0.21652697,1.00000000,-0.91562183,-0.08990541
1259,-0.00081625,-0.15321641,1.00000000,-0.81592895,-0.12111304
1260,-0.00238073,-0.25594446,1.00000000,-0.97769116,-0.14847760
1261,0.02299592,-0.27682489,-1.00000000,-0.98948726,-0.06745702
1262,-0.03572180,-0.28965618,-1.00000000,-0.96928229,-0.31345239
1263,-0.00529778,-0.08152590,1.00000000,-0.70304045,-0.34804268
1264,0.00122992,-0.56310782,-1.00000000,-0.53868769,-0.33797099
1265,-0.00035397,-0.31358075,-1.00000000,-0.93160912,-0.32799488
1266,-0.00437712,-0.26004288,1.00000000,-0.98414479,-0.46273039
1267,0.00099023,-0.27303341,-1.00000000,-0.99545757,-0.28202649
1268,0.01375991,-0.30602985,-1.00000000,-0.94349926,-0.18822079
1269,0.00833449,-0.26200875,1.00000000,-0.98724039,-0.15325068
1270,0.00613914,-0.15727637,1.00000000,-0.82232202,-0.12129029
1271,0.02347602,-0.20177371,1.00000000,-0.89239040,0.01580841
1272,-0.02058738,-0.21977920,1.00000000,-0.92074301,-0.09040085
1273,0.00032690,-0.07758824,1.00000000,-0.69683995,-0.15652081
1274,-0.00674439,-0.43898063,-1.00000000,-0.73414637,-0.23074207
1275,-0.00523742,-0.26744919,1.00000000,-0.99580724,-0.28673977
1276,-0.01084626,-0.32544538,-1.00000000,-0.91292630,-0.45568085
1277,0.01249953,-0.31308573,-1.00000000,-0.93238860,-0.29282054
1278,0.00896825,-0.35908743,-1.00000000,-0.85995136,-0.25028608
1279,-0.00375677,-0.16761356,1.00000000,-0.83859963,-0.23558043
1280,0.01501471,-0.19657585,1.00000000,-0.88420551,-0.13589542
1281,-0.00122589,-0.30094200,-1.00000000,-0.95151090,-0.08854208
1282,0.01425167,-0.14698493,1.00000000,-0.80611645,-0.07991768
1283,0.00362849,-0.28018462,-1.00000000,-0.98419682,-0.10620106
1284,-0.00210378,-0.15324310,1.00000000,-0.81597098,-0.09806472
1285,0.03383250,-0.24037071,1.00000000,-0.95316773,-0.00543984
1286,0.02825565,-0.28738476,-1.00000000,-0.97285901,0.13967417
1287,-0.00385855,0.00735190,1.00000000,-0.56308773,0.05053206
1288,-0.01531910,-0.03838744,1.00000000,-0.63511184,-0.04273174
1289,0.00341314,-0.30177674,-1.00000000,-0.95019648,-0.01557634
1290,0.01045555,-0.39577214,-1.00000000,-0.80218525,-0.13064232
1291,0.01199898,-0.24213689,1.00000000,-0.95594887,-0.21066087
1292,0.00610823,-0.18437756,1.00000000,-0.86499730,-0.16160238
1293,-0.00099085,-0.17171887,1.00000000,-0.84506412,-0.09107587
1294,0.00702431,-0.22003270,1.00000000,-0.92114218,-0.07330099
1295,-0.01345791,-0.27825689,-1.00000000,-0.98723235,-0.19100777
1296,-0.00522100,-0.21251938,1.00000000,-0.90931123,-0.27576795
1297,-0.03189086,-0.38050726,-1.00000000,-0.82622232,-0.46280704
1298,0.00194959,-0.31295108,-1.00000000,-0.93260064,-0.44833361
1299,-0.00033481,-0.53168783,-1.00000000,-0.58816364,-0.48455665
1300,-0.00602456,-0.25414043,1.00000000,-0.97485042,-0.44796824
1301,0.00938130,-0.27287627,-1.00000000,-0.99570501,-0.37609283
1302,-0.00812403,-0.31954157,-1.00000000,-0.92222282,-0.25910778
1303,0.00658716,-0.19318820,1.00000000,-0.87887110,-0.23628072
1304,0.00487121,-0.33676071,-1.00000000,-0.89510846,-0.21065567
1305,0.00329574,-0.21610471,1.00000000,-0.91495691,-0.16477933
1306,-0.00273397,-0.23017836,1.00000000,-0.93711820,-0.22441309
1307,0.01313331,-0.24309981,1.00000000,-0.95746514,-0.11978024
1308,0.00268417,-0.29255335,-1.00000000,-0.96472022,-0.13899155
1309,-0.00082799,-0.16241552,1.00000000,-0.83041446,-0.16704410
1310,0.00294140,-0.24811568,1.00000000,-0.96536345,-0.16878823
1311,0.01346922,-0.27692112,-1.00000000,-0.98933573,-0.08903287
1312,-0.01582393,-0.24600597,1.00000000,-0.96204138,-0.23156613
1313,0.00248946,-0.15966045,1.00000000,-0.82607615,-0.23252451
1314,0.00670987,-0.39991250,-1.00000000,-0.79566557,-0.19542167
1315,-0.00658544,-0.24971259,1.00000000,-0.96787805,-0.24231468
1316,0.00573923,-0.21509827,1.00000000,-0.91337212,-0.28036324
1317,-0.00064851,-0.32414175,-1.00000000,-0.91497909,-0.20566681
1318,-0.01255028,-0.22305912,1.00000000,-0.92590778,-0.27969538
1319,0.00228333,-0.27544908,-1.00000000,-0.99165370,-0.30148368
1320,0.00626815,-0.37306319,-1.00000000,-0.83794423,-0.23821576
1321,-0.00308159,-0.25140317,1.00000000,-0.97054015,-0.28163359
1322,-0.02389217,-0.21872116,1.00000000,-0.91907695,-0.39604353
1323,-0.01409570,-0.29540437,-1.00000000,-0.96023081,-0.40365040
1324,-0.00388856,-0.46608539,-1.00000000,-0.69146547,-0.43402968
1325,-0.00399579,-0.38573819,-1.00000000,-0.81798535,-0.48455080
1326,-0.00700533,-0.30202284,-1.00000000,-0.94980895,-0.50386421
1327,0.01319301,-0.30290231,-1.00000000,-0.94842407,-0.32132357
1328,-0.01041128,-0.32758547,-1.00000000,-0.90955638,-0.30318812
1329,0.00493856,-0.16192583,1.00000000,-0.82964336,-0.25973932
1330,-0.00292023,-0.35551989,-1.00000000,-0.86556904,-0.25444521
1331,0.01725318,-0.22962598,1.00000000,-0.93624839,-0.13504005
1332,0.02439713,-0.29408097,-1.00000000,-0.96231472,-0.07989118
1333,-0.00142228,-0.12862583,1.00000000,-0.77720704,-0.03564553
1334,-0.02609335,-0.07003366,1.00000000,-0.68494402,-0.18839075
1335,0.00086446,-0.28179528,-1.00000000,-0.98166056,-0.16976174
1336,-0.00518688,-0.48413871,-1.00000000,-0.66303755,-0.28021614
1337,-0.00389890,-0.26304026,1.00000000,-0.98886466,-0.41949478
1338,-0.00699424,-0.31267121,-1.00000000,-0.93304134,-0.44692108
1339,0.00166825,-0.30210762,-1.00000000,-0.94967544,-0.31027295
1340,-0.02369023,-0.32749453,-1.00000000,-0.90969957,-0.43113602
1341,0.00049663,-0.25644786,1.00000000,-0.97848384,-0.40316067
1342,-0.00051415,-0.46442916,-1.00000000,-0.69407348,-0.38650030
1343,-0.00494689,-0.26605709,1.00000000,-0.99361516,-0.37642286
1344,0.00206387,-0.27434718,-1.00000000,-0.99338883,-0.37447558
1345,-0.01172960,-0.31070294,-1.00000000,-0.93614070,-0.31560295
1346,0.00427094,-0.25320317,1.00000000,-0.97337456,-0.29702504
1347,0.03112339,-0.36633226,-1.00000000,-0.84854318,-0.14129879
1348,0.01115561,-0.23510152,1.00000000,-0.94487052,-0.06203905
1349,0.00230991,-0.01486728,1.00000000,-0.59807548,-0.06082798
1350,-0.00778556,-0.17863587,1.00000000,-0.85595607,-0.04141463
1351,-0.00115608,-0.25118522,1.00000000,-0.97019695,-0.06812750
1352,0.00578832,-0.33398465,-1.00000000,-0.89947982,-0.19283172
1353,0.00385544,-0.27961200,-1.00000000,-0.98509850,-0.22876464
1354,-0.01209197,-0.22265652,1.00000000,-0.92527382,-0.29965356
1355,-0.01492103,-0.23850933,1.00000000,-0.95023669,-0.33477575
1356,-0.00482273,-0.36930435,-1.00000000,-0.84386315,-0.35282377
1357,0.00347119,-0.39250724,-1.00000000,-0.80732638,-0.36422915
1358,-0.01776081,-0.30968463,-1.00000000,-0.93774419,-0.47062860
1359,0.00542333,-0.24166082,1.00000000,-0.95519921,-0.38441481
1360,0.01560803,-0.41579811,-1.00000000,-0.77065106,-0.23414472
1361,-0.00784700,-0.22565006,1.00000000,-0.92998764,-0.24903075
1362,-0.04643669,-0.14211870,1.00000000,-0.79845378,-0.49468726
1363,-0.01317641,-0.33448858,-1.00000000,-0.89868630,-0.47212194
1364,0.00423363,-0.65098759,-1.00000000,-0.40030654,-0.47797787
1365,0.01236051,-0.37819851,-1.00000000,-0.82985782,-0.49396281
1366,0.01770000,-0.23540753,1.00000000,-0.94535239,-0.36821541
1367,0.00180969,-0.16875372,1.00000000,-0.84039500,-0.13073715
1368,-0.02013169,-0.12496114,1.00000000,-0.77143637,-0.16497243
1369,0.00110289,-0.25528786,1.00000000,-0.97665724,-0.18038253
1370,-0.01730680,-0.43524328,-1.00000000,-0.74003145,-0.32641093
1371,-0.00593721,-0.26108472,1.00000000,-0.98578534,-0.44275797
1372,0.02007226,-0.41207450,-1.00000000,-0.77651451,-0.35286595
1373,-0.00155214,-0.31882517,-1.00000000,-0.92335091,-0.26141372
1374,-0.00137663,-0.10550469,1.00000000,-0.74079899,-0.27361845
1375,-0.00281518,-0.28286041,-1.00000000,-0.97998335,-0.20228782
1376,0.00326438,-0.28142092,-1.00000000,-0.98225006,-0.15699573
1377,0.01036598,-0.29321936,-1.00000000,-0.96367148,-0.20477198
1378,-0.01159569,-0.24335694,1.00000000,-0.95787004,-0.25420830
1379,0.00341301,-0.18511218,1.00000000,-0.86615408,-0.23063272
1380,-0.01670364,-0.36523400,-1.00000000,-0.85027257,-0.29899448
1381,0.00537456,-0.24213795,1.00000000,-0.95595054,-0.28860778
1382,0.01101192,-0.40712760,-1.00000000,-0.78430422,-0.28542834
1383,-0.02257532,-0.22605003,1.00000000,-0.93061746,-0.33947229
1384,-0.02692446,-0.17981441,1.00000000,-0.85781187,-0.48879934
1385,0.00212209,-0.45528509,-1.00000000,-0.70847232,-0.39613536
1386,0.00016759,-0.49095514,-1.00000000,-0.65230396,-0.42176508
1387,-0.01047988,-0.25272563,1.00000000,-0.97262258,-0.52755196
1388,0.00413440,-0.26875572,1.00000000,-0.99786459,-0.39608138
1389,-0.00807792,-0.35608250,-1.00000000,-0.86468312,-0.30331499
1390,0.00216662,-0.23622136,1.00000000,-0.94663390,-0.30309580
1391,0.01518700,-0.33638254,-1.00000000,-0.89570395,-0.22916731
1392,0.00621513,-0.25236039,1.00000000,-0.97204745,-0.14699119
1393,0.03692936,-0.14557189,1.00000000,-0.80389139,0.01443212
1394,-0.00655359,-0.21915600,1.00000000,-0.91976167,0.02193522
1395,-0.00799289,0.03275130,1.00000000,-0.52309219,-0.02807195
1396,-0.00544782,-0.32388045,-1.00000000,-0.91539054,-0.12964063
1397,0.00280617,-0.33568516,-1.00000000,-0.89680209,-0.14642017
1398,0.00276069,-0.31481138,-1.00000000,-0.92967129,-0.31460515
1399,0.03001780,-0.24711502,1.00000000,-0.96378776,-0.13459353
1400,-0.00267584,-0.24748803,1.00000000,-0.96437512,-0.10842192
1401,-0.01403592,-0.02393491,1.00000000,-0.61235395,-0.15069425
1402,-0.02134020,-0.29207654,-1.00000000,-0.96547103,-0.26954751
1403,0.00394225,-0.38524792,-1.00000000,-0.81875736,-0.26373164
1404,0.02402586,-0.44515506,-1.00000000,-0.72442372,-0.29322516
1405,-0.00616248,-0.23779729,1.00000000,-0.94911546,-0.31038711
1406,-0.01913435,-0.07307868,1.00000000,-0.68973890,-0.33548259
1407,-0.00381551,-0.32067275,-1.00000000,-0.92044160,-0.24922256
1408,-0.00950125,-0.42706343,-1.00000000,-0.75291197,-0.31539416
1409,0.01088957,-0.30142372,-1.00000000,-0.95075236,-0.38005361
1410,-0.03277485,-0.34805617,-1.00000000,-0.87732190,-0.51104500
1411,-0.00198389,-0.18081790,1.00000000,-0.85939204,-0.42662704
1412,-0.01803906,-0.53893802,-1.00000000,-0.57674703,-0.49663819
1413,-0.00652379,-0.28640145,-1.00000000,-0.97440740,-0.48198254
1414,0.00235167,-0.41808027,-1.00000000,-0.76705743,-0.52400777
1415,-0.00008835,-0.32363609,-1.00000000,-0.91577533,-0.36311832
1416,0.00570645,-0.25084272,1.00000000,-0.96965763,-0.32526494
1417,0.01150150,-0.27085490,-1.00000000,-0.99888799,-0.17986043
1418,-0.00954270,-0.22332800,1.00000000,-0.92633118,-0.19472008
1419,-0.02161869,-0.17579904,1.00000000,-0.85148902,-0.31270695
1420,-0.00758883,-0.34839608,-1.00000000,-0.87678665,-0.34962576
1421,-0.00746555,-0.44743913,-1.00000000,-0.72082708,-0.41446095
1422,0.01711545,-0.33237112,-1.00000000,-0.90202058,-0.38682797
1423,0.01602951,-0.33136006,-1.00000000,-0.90361267,-0.26095651
1424,-0.00312105,-0.12975541,1.00000000,-0.77898573,-0.16990744
1425,0.00412980,-0.13866193,1.00000000,-0.79301053,-0.11222601
1426,0.00813820,-0.29572800,-1.00000000,-0.95972121,-0.03542127
1427,0.00630030,-0.23625907,1.00000000,-0.94669328,-0.08865557
1428,0.01639806,-0.20338365,1.00000000,-0.89492552,-0.08684145
1429,0.01070016,-0.21845741,1.00000000,-0.91866163,-0.01881073
1430,-0.03317307,-0.13563915,1.00000000,-0.78825065,-0.20242287
1431,-0.00387120,-0.18237135,1.00000000,-0.86183820,-0.26153552
1432,0.01916602,-0.54220402,-1.00000000,-0.57160417,-0.19820792
1433,0.00448018,-0.30188049,-1.00000000,-0.95003311,-0.25687009
1434,-0.00462134,-0.11293738,1.00000000,-0.75250298,-0.33228557
1435,0.00334706,-0.23338538,1.00000000,-0.94216818,-0.15252623
1436,0.00346060,-0.30803289,-1.00000000,-0.94034513,-0.11643766
1437,-0.00375063,-0.24267884,1.00000000,-0.95680225,-0.22923795
1438,0.01681565,-0.24174767,1.00000000,-0.95533598,-0.16852036
1439,-0.00052989,-0.30089161,-1.00000000,-0.95159026,-0.14838142
1440,0.00322279,-0.13221430,1.00000000,-0.78285767,-0.14899311
1441,-0.01451868,-0.27447625,-1.00000000,-0.99318558,-0.23749069
1442,0.02600722,-0.24369806,1.00000000,-0.95840719,-0.09101665
1443,-0.00437787,-0.38920734,-1.00000000,-0.81252260,-0.19533536
1444,-0.00599402,-0.05682828,1.00000000,-0.66414997,-0.22223086
1445,-0.01335259,-0.30603602,-1.00000000,-0.94348953,-0.30381818
1446,0.00600401,-0.31929106,-1.00000000,-0.92261729,-0.20280143
1447,-0.00489549,-0.37964347,-1.00000000,-0.82758249,-0.35491071
1448,-0.02490630,-0.22088753,1.00000000,-0.92248826,-0.45595571
1449,-0.01810175,-0.31028137,-1.00000000,-0.93680454,-0.51555239
1450,-0.01851208,-0.47440291,-1.00000000,-0.67836816,-0.54094844
1451,0.02539957,-0.41859442,-1.00000000,-0.76624782,-0.44547963
1452,-0.00027686,-0.42195982,-1.00000000,-0.76094845,-0.42274581
1453,-0.00106664,-0.06181200,1.00000000,-0.67199766,-0.30540230
1454,-0.00440162,-0.27240099,-1.00000000,-0.99645342,-0.23796753
1455,0.00624015,-0.27887851,-1.00000000,-0.98625350,-0.11613214
1456,-0.00140071,-0.30623080,-1.00000000,-0.94318282,-0.24804842
1457,-0.01030278,-0.21895078,1.00000000,-0.91943852,-0.29739797
1458,-0.00342873,-0.28161837,-1.00000000,-0.98193914,-0.30902464
1459,0.02123802,-0.35463002,-1.00000000,-0.86697029,-0.18282122
1460,0.00568160,-0.29825152,-1.00000000,-0.95574751,-0.18557053
1461,-0.03513145,-0.09594352,1.00000000,-0.72574335,-0.35159994
1462,0.00201498,-0.22353182,1.00000000,-0.92665213,-0.29096949
1463,0.00411360,-0.55826598,-1.00000000,-0.54631196,-0.25384463
1464,-0.00905088,-0.25360412,1.00000000,-0.97400592,-0.40293262
1465,-0.01001436,-0.23639198,1.00000000,-0.94690256,-0.48019124
1466,-0.01484631,-0.34436238,-1.00000000,-0.88313838,-0.38034378
1467,-0.00305001,-0.35226450,-1.00000000,-0.87069518,-0.40527465
1468,0.00324394,-0.39189449,-1.00000000,-0.80829126,-0.40955531
1469,-0.00125065,-0.29514535,-1.00000000,-0.96063868,-0.37116104
1470,-0.00075741,-0.24352465,1.00000000,-0.95813413,-0.32559647
1471,0.01023021,-0.28038767,-1.00000000,-0.98387708,-0.20216482
1472,0.00231149,-0.27634224,-1.00000000,-0.99024728,-0.17577446
1473,0.00501546,-0.18622568,1.00000000,-0.86790747,-0.16705466
1474,0.00494351,-0.25117225,1.00000000,-0.97017653,-0.13656574
1475,0.01566130,-0.22899522,1.00000000,-0.93525515,-0.05574961
1476,0.01335336,-0.22958531,1.00000000,-0.93618435,-0.04037685
1477,0.00298613,-0.14168183,1.00000000,-0.79776586,-0.03705616
1478,-0.00979480,-0.16061072,1.00000000,-0.82757250,-0.10995519
1479,0.00186560,-0.24563911,1.00000000,-0.96146370,-0.12510531
1480,-0.00981583,-0.35046371,-1.00000000,-0.87353083,-0.25050883
1481,-0.00179401,-0.25482931,1.00000000,-0.97593518,-0.32506721
1482,-0.02599386,-0.35063627,-1.00000000,-0.87325911,-0.46771245
1483,-0.00709613,-0.28484411,-1.00000000,-0.97685968,-0.45442910
1484,-0.00061285,-0.48332269,-1.00000000,-0.66432251,-0.46662852
1485,-0.00120923,-0.32833025,-1.00000000,-0.90838361,-0.42426512
1486,0.00216311,-0.27515668,-1.00000000,-0.99211414,-0.40478740
1487,-0.02355841,-0.28004797,-1.00000000,-0.98441199,-0.39279963
1488,0.00254439,-0.25238923,1.00000000,-0.97209286,-0.34534708
1489,0.02565526,-0.46334800,-1.00000000,-0.69577594,-0.21605023
1490,0.01620727,-0.24926212,1.00000000,-0.96716871,-0.13032276
1491,0.00111088,-0.05971494,1.00000000,-0.66869550,-0.13550203
1492,0.01398965,-0.13720400,1.00000000,-0.79071478,0.04931697
1493,-0.00897470,-0.26101922,1.00000000,-0.98568220,-0.00738224
1494,0.01830689,-0.15539212,1.00000000,-0.81935496,-0.04355237
1495,0.02627590,-0.34373755,-1.00000000,-0.88412227,0.00600745
1496,-0.00264027,-0.11998367,1.00000000,-0.76359853,-0.01245647
1497,-0.01777077,-0.05462463,1.00000000,-0.66067997,-0.16878754
1498,-0.00325441,-0.29178484,-1.00000000,-0.96593036,-0.14063113
1499,0.00394245,-0.41587980,-1.00000000,-0.77052243,-0.21133574
1500,-0.01622252,-0.29682175,-1.00000000,-0.95799892,-0.42052141
1501,0.01532317,-0.23779570,1.00000000,-0.94911295,-0.33210180
1502,0.00961766,-0.40318163,-1.00000000,-0.79051780,-0.19729052
1503,-0.00973914,-0.14445508,1.00000000,-0.80213279,-0.22920967
1504,0.00643489,-0.19124962,1.00000000,-0.87581849,-0.21694139
1505,0.00025008,-0.35000724,-1.00000000,-0.87424961,-0.13585999
1506,0.01302215,-0.21735360,1.00000000,-0.91692350,-0.14718606
1507,0.02824140,-0.26807921,1.00000000,-0.99679931,-0.05551631
1508,-0.00085614,-0.16332722,1.00000000,-0.83185007,-0.01179240
1509,-0.00022422,-0.03850429,1.00000000,-0.63529584,-0.04456987
1510,-0.01679932,-0.27715199,-1.00000000,-0.98897219,-0.12849041
1511,0.01267191,-0.27196927,-1.00000000,-0.99713324,-0.13021438
1512,-0.00540995,-0.40791237,-1.00000000,-0.78306846,-0.29585299
1513,0.01150160,-0.16619978,1.00000000,-0.83637340,-0.23502576
1514,-0.00198734,-0.31450072,-1.00000000,-0.93016047,-0.24370419
1515,-0.02037313,-0.17579821,1.00000000,-0.85148771,-0.26129520
1516,-0.02242054,-0.28642976,-1.00000000,-0.97436282,-0.43402717
1517,0.01383352,-0.43722350,-1.00000000,-0.73691326,-0.33930701
1518,-0.02485394,-0.45401558,-1.00000000,-0.71047138,-0.51825620
1519,-0.00046447,-0.15667264,1.00000000,-0.82137135,-0.51076032
1520,0.01108780,-0.47397349,-1.00000000,-0.67904437,-0.35590336
1521,-0.00450351,-0.27393969,-1.00000000,-0.99403049,-0.26771217
1522,-0.02395800,-0.17919207,1.00000000,-0.85683190,-0.45372955
1523,-0.02515319,-0.30706643,-1.00000000,-0.94186699,-0.45520251
1524,-0.00634359,-0.46662532,-1.00000000,-0.69061526,-0.48414071
1525,0.00783661,-0.47642783,-1.00000000,-0.67517960,-0.50014371
1526,0.00162281,-0.32215815,-1.00000000,-0.91810259,-0.46998875
1527,0.02650901,-0.20585717,1.00000000,-0.89882049,-0.22158008
1528,0.00437242,-0.25682052,1.00000000,-0.97907066,-0.07624918
1529,-0.01631471,-0.05271273,1.00000000,-0.65766937,-0.12532899
1530,0.00657266,-0.23426925,1.00000000,-0.94355998,-0.13155040
1531,-0.00639419,-0.40393772,-1.00000000,-0.78932721,-0.17101169
1532,-0.00300524,-0.21622364,1.00000000,-0.91514420,-0.31628671
1533,0.00170229,-0.32257314,-1.00000000,-0.91744911,-0.32942959
1534,0.01133045,-0.29477820,-1.00000000,-0.96121682,-0.19335466
1535,-0.01729634,-0.25616867,1.00000000,-0.97804421,-0.31084264
1536,-0.00088755,-0.17720196,1.00000000,-0.85369815,-0.28373787
1537,0.00415118,-0.41198876,-1.00000000,-0.77664952,-0.24851253
1538,0.00077816,-0.27740964,-1.00000000,-0.98856648,-0.25306127
1539,0.01561647,-0.23608375,1.00000000,-0.94641720,-0.23196462
1540,-0.01297003,-0.26374804,1.00000000,-0.98997917,-0.21066963
1541,-0.00748789,-0.14204954,1.00000000,-0.79834487,-0.24315783
1542,-0.00844535,-0.37650584,-1.00000000,-0.83252321,-0.30516047
1543,-0.01931035,-0.33154331,-1.00000000,-0.90332411,-0.40404011
1544,0.01290125,-0.33939606,-1.00000000,-0.89095866,-0.41740493
1545,0.00157467,-0.42850689,-1.00000000,-0.75063901,-0.34581303
1546,0.00237045,-0.16431876,1.00000000,-0.83341142,-0.29728833
1547,0.01062164,-0.25721536,1.00000000,-0.97969239,-0.20343680
1548,0.00675987,-0.25068872,1.00000000,-0.96941513,-0.07511400
1549,0.00564833,-0.18301532,1.00000000,-0.86285224,-0.11081431
1550,-0.00891702,-0.21468818,1.00000000,-0.91272636,-0.16245652
1551,-0.00368597,-0.22380464,1.00000000,-0.92708173,-0.19226739
1552,0.01287627,-0.34326453,-1.00000000,-0.88486713,-0.18116967
1553,-0.00020532,-0.30036128,-1.00000000,-0.95242535,-0.21545371
1554,-0.00873356,-0.16452366,1.00000000,-0.83373407,-0.28624424
1555,0.00647122,-0.27181419,-1.00000000,-0.99737743,-0.21050027
1556,-0.01772388,-0.34175984,-1.00000000,-0.88723651,-0.27959763
1557,-0.00593658,-0.21705563,1.00000000,-0.91645429,-0.37219821
1558,-0.00662193,-0.41549522,-1.00000000,-0.77112803,-0.40378207
1559,-0.00664209,-0.31881999,-1.00000000,-0.92335907,-0.39348742
1560,0.00374259,-0.32444101,-1.00000000,-0.91450784,-0.40691828
1561,0.04280519,-0.32460630,-1.00000000,-0.91424757,-0.10898220
1562,-0.00884269,-0.23943488,1.00000000,-0.95169411,-0.12328663
1563,0.02108554,0.08094275,1.00000000,-0.44720683,0.01309505
1564,0.00601549,-0.34265484,-1.00000000,-0.88582717,0.07539814
1565,-0.01762992,-0.09719414,1.00000000,-0.72771266,-0.02980161
1566,0.00465210,-0.22079337,1.00000000,-0.92233998,-0.21759869
1567,-0.02149623,-0.41472466,-1.00000000,-0.77234139,-0.27988192
1568,-0.00826407,-0.23197537,1.00000000,-0.93994788,-0.42434651
1569,-0.00362960,-0.44643470,-1.00000000,-0.72240872,-0.47182156
1570,-0.01259557,-0.33790922,-1.00000000,-0.89329994,-0.44704146
1571,-0.00773174,-0.29989898,-1.00000000,-0.95315331,-0.50799718
1572,-0.03969167,-0.37343466,-1.00000000,-0.83735929,-0.59755880
1573,-0.01165634,-0.33354325,-1.00000000,-0.90017488,-0.61425623
1574,-0.03447324,-0.59566733,-1.00000000,-0.48741740,-0.76607474
1575,-0.00000952,-0.36573144,-1.00000000,-0.84948928,-0.70412373
1576,-0.01798525,-0.55286757,-1.00000000,-0.55481265,-0.75459357
1577,0.01870202,-0.27020837,-1.00000000,-0.99990606,-0.46716823
1578,-0.00944918,-0.41763896,-1.00000000,-0.76775235,-0.45630414
1579,-0.04123483,-0.11674296,1.00000000,-0.75849550,-0.48958605
1580,0.03409384,-0.34762907,-1.00000000,-0.87799443,-0.32172253
1581,0.01076490,-0.60832377,-1.00000000,-0.46748775,-0.18020854
1582,0.03370726,0.00949533,1.00000000,-0.55971255,-0.10634976
1583,-0.02984989,-0.18184033,1.00000000,-0.86100202,-0.20676613
1584,0.00014787,0.00632471,1.00000000,-0.56470520,-0.00307225
1585,-0.08899064,-0.51494851,-1.00000000,-0.61452246,-0.60891850
1586,0.03947479,-0.26891749,1.00000000,-0.99811933,-0.46760275
1587,0.02574029,-1.00000000,-1.00000000,0.14927091,-0.50681772
1588,0.03979760,0.05362798,1.00000000,-0.49021842,-0.16399896
1589,-0.00054584,-0.05901749,1.00000000,-0.66759726,-0.16741354
1590,0.00186008,0.05627552,1.00000000,-0.48604943,0.27977176
1591,0.02803102,-0.27460706,-1.00000000,-0.99297960,0.22344327
1592,-0.00619236,-0.25487453,1.00000000,-0.97600638,0.06626442
1593,0.02519331,-0.04022974,1.00000000,-0.63801284,-0.00562078
1594,-0.01050590,-0.32091779,-1.00000000,-0.92005573,-0.05464619
1595,-0.00389837,-0.06350367,1.00000000,-0.67466148,-0.08299043
1596,0.00774197,-0.35629598,-1.00000000,-0.86434697,-0.18285717
1597,-0.01801129,-0.30210331,-1.00000000,-0.94968223,-0.24103228
1598,0.00189066,-0.20663335,1.00000000,-0.90004271,-0.35573256
1599,0.03133302,-0.41785245,-1.00000000,-0.76741617,-0.14979306
1600,-0.01433985,-0.25462377,1.00000000,-0.97561152,-0.20118810
1601,0.01401301,-0.01314793,1.00000000,-0.59536808,-0.17032083
1602,0.00912362,-0.38774064,-1.00000000,-0.81483217,-0.03675746
1603,0.05194934,-0.15520056,1.00000000,-0.81905331,0.20964130
1604,-0.01109558,-0.19530160,1.00000000,-0.88219900,0.00079930
1605,-0.00255176,0.15593981,1.00000000,-0.32911162,0.05882261
1606,0.01821315,-0.36113231,-1.00000000,-0.85673136,0.07949657
1607,0.01135097,-0.29105891,-1.00000000,-0.96707346,0.09046004
1608,0.00013770,-0.12075243,1.00000000,-0.76480906,-0.16456713
1609,0.00716458,-0.17703364,1.00000000,-0.85343310,-0.07468700
1610,-0.00861287,-0.26900092,1.00000000,-0.99825070,-0.10452100
1611,-0.02292494,-0.21136894,1.00000000,-0.90749967,-0.30701088
1612,-0.00492622,-0.34077001,-1.00000000,-0.88879515,-0.38713045
1613,0.01783191,-0.45815253,-1.00000000,-0.70395707,-0.30003601
1614,-0.01328893,-0.31053342,-1.00000000,-0.93640764,-0.40071224
1615,-0.02321904,-0.12387922,1.00000000,-0.76973271,-0.47260668
1616,0.00520570,-0.37912138,-1.00000000,-0.82840461,-0.33414209
1617,0.00695253,-0.46056460,-1.00000000,-0.70015887,-0.27567248
1618,-0.00466468,-0.22743500,1.00000000,-0.93279832,-0.38640518
1619,0.00090975,-0.21310804,1.00000000,-0.91023818,-0.31651647
1620,0.00004442,-0.30838831,-1.00000000,-0.93978547,-0.20200913
1621,-0.00096168,-0.26266885,1.00000000,-0.98827982,-0.23236619
1622,0.01039586,-0.26976599,1.00000000,-0.99945543,-0.21541748
1623,0.00698362,-0.27801765,-1.00000000,-0.98760907,-0.15808226
1624,-0.00108001,-0.18486714,1.00000000,-0.86576823,-0.16787626
1625,0.00265383,-0.21285312,1.00000000,-0.90983676,-0.15503221
1626,-0.03004562,-0.27898815,-1.00000000,-0.98608085,-0.29818913
1627,0.02273946,-0.24836450,1.00000000,-0.96575527,-0.23743146
1628,-0.00848543,-0.51655381,-1.00000000,-0.61199464,-0.31357317
1629,-0.00138037,-0.08362928,1.00000000,-0.70635256,-0.31505161
1630,-0.02792866,-0.33972476,-1.00000000,-0.89044107,-0.46558471
1631,-0.00114801,-0.28145161,-1.00000000,-0.98220174,-0.32334495
1632,0.00784338,-0.49919128,-1.00000000,-0.63933480,-0.39666639
1633,0.00796812,-0.27954587,-1.00000000,-0.98520263,-0.31567875
1634,-0.01261635,-0.20580160,1.00000000,-0.89873299,-0.37098447
1635,0.00339419,-0.20477858,1.00000000,-0.89712206,-0.21680716
1636,0.01092059,-0.37360513,-1.00000000,-0.83709086,-0.15740308
1637,-0.00765829,-0.24229231,1.00000000,-0.95619361,-0.23370539
1638,-0.00789267,-0.18056343,1.00000000,-0.85899133,-0.31177537
1639,-0.02027564,-0.33294084,-1.00000000,-0.90112346,-0.34947591
1640,-0.01398539,-0.33486319,-1.00000000,-0.89809641,-0.43502167
1641,0.00367899,-0.43642391,-1.00000000,-0.73817235,-0.47066626
1642,-0.00432643,-0.38483349,-1.00000000,-0.81940996,-0.45426619
1643,-0.00621063,-0.23995647,1.00000000,-0.95251543,-0.44598681
1644,0.00501311,-0.30561412,-1.00000000,-0.94415389,-0.32151056
1645,0.01286799,-0.32106763,-1.00000000,-0.91981979,-0.18933289
1646,0.00418831,-0.22901453,1.00000000,-0.93528555,-0.18682591
1647,0.00438304,-0.16459157,1.00000000,-0.83384100,-0.14395615
1648,-0.02015185,-0.23577920,1.00000000,-0.94593764,-0.21257760
1649,-0.00779233,-0.23418210,1.00000000,-0.94342275,-0.27560853
1650,0.00495702,-0.43540857,-1.00000000,-0.73977117,-0.31454789
1651,0.01200146,-0.33404022,-1.00000000,-0.89939231,-0.27609004
1652,0.00657771,-0.22947455,1.00000000,-0.93600993,-0.26528747
1653,0.02540792,-0.17169854,1.00000000,-0.84503211,-0.04103324
1654,-0.01125209,-0.21618225,1.00000000,-0.91507901,-0.05806284
1655,0.01359390,-0.06174347,1.00000000,-0.67188976,-0.01555040
1656,-0.01318790,-0.36241592,-1.00000000,-0.85471011,-0.13953744
1657,-0.01687501,-0.15863791,1.00000000,-0.82446599,-0.25497636
1658,0.00968383,-0.37829276,-1.00000000,-0.82970940,-0.33237347
1659,-0.01256049,-0.40853312,-1.00000000,-0.78209099,-0.33881367
1660,-0.01944381,-0.19070692,1.00000000,-0.87496392,-0.50143186
1661,0.00798675,-0.37314694,-1.00000000,-0.83781235,-0.39720603
1662,0.00935065,-0.42960155,-1.00000000,-0.74891528,-0.26811814
1663,0.00177383,-0.20462579,1.00000000,-0.89688147,-0.30705275
1664,0.04351202,-0.19343956,1.00000000,-0.87926692,-0.03105272
1665,-0.01204807,-0.25558198,1.00000000,-0.97712037,0.00535062
1666,0.00841449,0.08673994,1.00000000,-0.43807819,0.00745607
1667,0.00826328,-0.36894424,-1.00000000,-0.84443019,0.00210382
1668,-0.01137997,-0.20111757,1.00000000,-0.89135721,-0.06264176
1669,0.00091932,-0.20235778,1.00000000,-0.89331011,-0.27229152
1670,-0.00045319,-0.36346472,-1.00000000,-0.85305860,-0.21521923
1671,-0.01299211,-0.26259036,1.00000000,-0.98815623,-0.32058678
1672,0.00954151,-0.27384717,-1.00000000,-0.99417618,-0.31429505
1673,0.00183081,-0.37668694,-1.00000000,-0.83223804,-0.24926897
1674,0.01216849,-0.19187415,1.00000000,-0.87680191,-0.19389830
1675,0.00612251,-0.25511458,1.00000000,-0.97638438,-0.16153138
1676,0.00961780,-0.17032862,1.00000000,-0.84287494,-0.05024092
1677,-0.02000325,-0.21991558,1.00000000,-0.92095776,-0.19566612
1678,-0.02345644,-0.19124847,1.00000000,-0.87581668,-0.32013498
1679,0.00017796,-0.43418985,-1.00000000,-0.74169025,-0.37915474
1680,-0.00861602,-0.46251165,-1.00000000,-0.69709292,-0.45170071
1681,0.00415515,-0.26867068,1.00000000,-0.99773068,-0.47858896
1682,0.01420076,-0.34079579,-1.00000000,-0.88875455,-0.31023001
1683,0.00718965,-0.23605119,1.00000000,-0.94636593,-0.15938388
1684,0.01232578,-0.15366064,1.00000000,-0.81662845,-0.09958990
1685,0.00352395,-0.21116329,1.00000000,-0.90717584,-0.03983456
1686,-0.01200282,-0.16903856,1.00000000,-0.84084352,-0.11936730
1687,0.00575414,-0.24122806,1.00000000,-0.95451776,-0.16094328
1688,0.00349404,-0.36857315,-1.00000000,-0.84501453,-0.17913381
1689,0.02204362,-0.22293688,1.00000000,-0.92571530,-0.13130071
1690,-0.00534033,-0.24147338,1.00000000,-0.95490407,-0.17493247
1691,0.00092026,-0.08933633,1.00000000,-0.71533924,-0.11132248
1692,0.00184882,-0.31392977,-1.00000000,-0.93105952,-0.13054520
1693,0.01943203,-0.26258258,1.00000000,-0.98814398,-0.05209527
1694,0.00786124,-0.25496687,1.00000000,-0.97615179,-0.12190375
1695,-0.00690529,-0.11075566,1.00000000,-0.74906751,-0.12960678
1696,-0.00016272,-0.20565517,1.00000000,-0.89850239,-0.13493746
1697,0.00737531,-0.32676500,-1.00000000,-0.91084834,-0.10773500
1698,-0.00625289,-0.27146486,-1.00000000,-0.99792751,-0.23416125
1699,0.01966282,-0.20964059,1.00000000,-0.90477810,-0.17607154
1700,-0.01161731,-0.32141424,-1.00000000,-0.91927399,-0.19926505
1701,-0.03212048,-0.10886279,1.00000000,-0.74608688,-0.35656746
1702,0.00326765,-0.36541134,-1.00000000,-0.84999332,-0.37678618
1703,0.03333214,-0.53357105,-1.00000000,-0.58519820,-0.18194082
1704,-0.00380505,-0.24333017,1.00000000,-0.95782788,-0.29745435
1705,0.00006666,0.00324813,1.00000000,-0.56954980,-0.23994350
1706,-0.02163395,-0.30133798,-1.00000000,-0.95088738,-0.18832674
1707,0.00566718,-0.26958351,1.00000000,-0.99916809,-0.17651577
1708,-0.00548778,-0.44756428,-1.00000000,-0.72063001,-0.36759509
1709,-0.01767882,-0.22365006,1.00000000,-0.92683831,-0.43588452
1710,-0.00557085,-0.31513906,-1.00000000,-0.92915530,-0.46363348
1711,-0.01630189,-0.41512569,-1.00000000,-0.77170990,-0.43738803
1712,0.01165077,-0.31582040,-1.00000000,-0.92808242,-0.40793562
1713,0.00092577,-0.40383263,-1.00000000,-0.78949268,-0.37636688
1714,-0.01655275,-0.17457478,1.00000000,-0.84956121,-0.37082415
1715,0.01817491,-0.26253744,1.00000000,-0.98807290,-0.25394282
1716,-0.00777759,-0.40589008,-1.00000000,-0.78625289,-0.21198452
1717,0.00603605,-0.12106611,1.00000000,-0.76530300,-0.23962130
1718,0.00891615,-0.33391933,-1.00000000,-0.89958267,-0.20029108
1719,-0.01640210,-0.22062475,1.00000000,-0.92207447,-0.19954952
1720,0.01489613,-0.19700320,1.00000000,-0.88487844,-0.21568833
1721,-0.00646514,-0.40465445,-1.00000000,-0.78819860,-0.20922819
1722,-0.00719071,-0.14795751,1.00000000,-0.80764794,-0.27433289
1723,0.01210880,-0.32315509,-1.00000000,-0.91653274,-0.25861803
1724,0.00684631,-0.32910589,-1.00000000,-0.90716223,-0.14418479
1725,-0.00230460,-0.17081820,1.00000000,-0.84364587,-0.22885018
1726,0.00572330,-0.21397929,1.00000000,-0.91161010,-0.16885625
1727,0.01097343,-0.28903179,-1.00000000,-0.97026550,-0.07944876
1728,0.00584973,-0.22318979,1.00000000,-0.92611355,-0.11025710
1729,-0.01563213,-0.18013007,1.00000000,-0.85830893,-0.22090042
1730,0.01429712,-0.22215281,1.00000000,-0.92448065,-0.13918346
1731,-0.00599636,-0.39833945,-1.00000000,-0.79814260,-0.19686996
1732,0.00694968,-0.15287036,1.00000000,-0.81538403,-0.21667566
1733,-0.01113305,-0.31931030,-1.00000000,-0.92258699,-0.30026831
1734,-0.00869095,-0.21313146,1.00000000,-0.91027504,-0.26610247
1735,-0.00459905,-0.36143962,-1.00000000,-0.85624746,-0.35911315
1736,-0.00523935,-0.34141040,-1.00000000,-0.88778676,-0.35538698
1737,-0.00947180,-0.30785003,-1.00000000,-0.94063308,-0.43621677
1738,-0.01487711,-0.31310154,-1.00000000,-0.93236371,-0.45464579
1739,-0.01229576,-0.34781464,-1.00000000,-0.87770223,-0.47238937
1740,0.00163334,-0.39214709,-1.00000000,-0.80789349,-0.44171233
1741,0.00024976,-0.37097576,-1.00000000,-0.84123124,-0.41469385
1742,-0.00484442,-0.25673420,1.00000000,-0.97893473,-0.39191695
1743,0.01118879,-0.26808182,1.00000000,-0.99680343,-0.26361539
1744,0.00569921,-0.30986248,-1.00000000,-0.93746414,-0.17504057
1745,0.00909266,-0.17836377,1.00000000,-0.85552760,-0.13832432
1746,0.00430724,-0.22338737,1.00000000,-0.92642467,-0.11835260
1747,-0.00048786,-0.19555550,1.00000000,-0.88259881,-0.09690876
1748,-0.00040068,-0.23480381,1.00000000,-0.94440173,-0.15395444
1749,-0.01547923,-0.27413154,-1.00000000,-0.99372838,-0.25819893
1750,0.00934072,-0.27341651,-1.00000000,-0.99485432,-0.25697792
1751,0.00314124,-0.39708545,-1.00000000,-0.80011723,-0.26271719
1752,-0.00040373,-0.19352097,1.00000000,-0.87939511,-0.26230307
1753,0.00865397,-0.24436692,1.00000000,-0.95946041,-0.21773426
1754,0.00747595,-0.27344150,-1.00000000,-0.99481496,-0.10474431
1755,-0.00660812,-0.19915344,1.00000000,-0.88826436,-0.18324767
1756,0.00205426,-0.20881520,1.00000000,-0.90347839,-0.18859802
1757,-0.00805101,-0.32432771,-1.00000000,-0.91468626,-0.22623944
1758,0.00736585,-0.25328197,1.00000000,-0.97349864,-0.23257982
1759,0.00330218,-0.33616176,-1.00000000,-0.89605160,-0.25312393
1760,-0.00110746,-0.20971814,1.00000000,-0.90490022,-0.22604861
1761,-0.00618471,-0.24304697,1.00000000,-0.95738194,-0.26660243
1762,0.01080689,-0.27921327,-1.00000000,-0.98572637,-0.17378014
1763,-0.00628159,-0.32085505,-1.00000000,-0.92015454,-0.24095557
1764,0.00317088,-0.18149601,1.00000000,-0.86045982,-0.24160185
1765,-0.01216819,-0.32164964,-1.00000000,-0.91890332,-0.29604493
1766,-0.00433729,-0.24412384,1.00000000,-0.95907766,-0.28695156
1767,-0.00939350,-0.36992942,-1.00000000,-0.84287886,-0.38638187
1768,0.00806165,-0.30570315,-1.00000000,-0.94401369,-0.31578159
1769,0.00335973,-0.34717242,-1.00000000,-0.87871350,-0.31485202
1770,0.00313720,-0.20401146,1.00000000,-0.89591411,-0.23951585
1771,0.01043397,-0.24257494,1.00000000,-0.95663864,-0.16680880
1772,-0.00141746,-0.24440003,1.00000000,-0.95951256,-0.12754916
1773,0.00089657,-0.18455455,1.00000000,-0.86527600,-0.16281711
1774,0.01114861,-0.28175579,-1.00000000,-0.98172275,-0.12447871
1775,0.01102746,-0.26277691,1.00000000,-0.98844997,-0.08564132
1776,-0.00110160,-0.17869333,1.00000000,-0.85604655,-0.14242168
1777,0.00232173,-0.17968696,1.00000000,-0.85761119,-0.12401663
1778,0.01298861,-0.27916520,-1.00000000,-0.98580205,-0.06449720
1779,0.01073787,-0.25108827,1.00000000,-0.97004428,-0.06651896
1780,0.02138572,-0.16360226,1.00000000,-0.83228318,-0.01553355
1781,0.05376933,-0.18206210,1.00000000,-0.86135123,0.25455205
1782,-0.03717063,-0.09473219,1.00000000,-0.72383591,0.06016281
1783,-0.03956929,0.17086672,1.00000000,-0.30560674,-0.19853764
1784,0.00633714,-0.57499062,-1.00000000,-0.51997627,-0.22019888
1785,-0.02945654,-0.59466360,-1.00000000,-0.48899793,-0.47045456
1786,0.05540240,-0.21815529,1.00000000,-0.91818589,-0.46241627
1787,-0.03926468,-0.51172237,-1.00000000,-0.61960254,-0.47272357
1788,0.01726857,0.18426059,1.00000000,-0.28451590,-0.19295630
1789,0.01699630,-0.59216523,-1.00000000,-0.49293202,-0.14048982
1790,-0.04838476,-0.12849954,1.00000000,-0.77700818,-0.23365827
1791,0.00361169,-0.13073267,1.00000000,-0.78052460,-0.48858239
1792,-0.00543163,-0.66696491,-1.00000000,-0.37514763,-0.32204942
1793,-0.00181664,-0.24050843,1.00000000,-0.95338459,-0.41599065
1794,-0.01079121,-0.31467856,-1.00000000,-0.92988043,-0.55276627
1795,0.00715008,-0.28502974,-1.00000000,-0.97656737,-0.27941279
1796,-0.00695131,-0.35863596,-1.00000000,-0.86066228,-0.33140601
1797,0.00591373,-0.21148786,1.00000000,-0.90768693,-0.27556189
1798,-0.00490977,-0.32714246,-1.00000000,-0.91025397,-0.29078686
1799,-0.01919118,-0.22162794,1.00000000,-0.92365415,-0.33213320
1800,0.01536330,-0.31039845,-1.00000000,-0.93662017,-0.29170607
1801,-0.00791802,-0.42752956,-1.00000000,-0.75217796,-0.29646441
1802,-0.00249836,-0.14412589,1.00000000,-0.80161442,-0.33787038
1803,0.02731572,-0.33507107,-1.00000000,-0.89776907,-0.17925011
1804,-0.02028093,-0.29062091,-1.00000000,-0.96776316,-0.18461406
1805,0.01411607,-0.04609638,1.00000000,-0.64725083,-0.19075318
1806,-0.01348562,-0.43646729,-1.00000000,-0.73810405,-0.21815802
1807,0.00582582,-0.15435523,1.00000000,-0.81772221,-0.17718477
1808,0.00595177,-0.38073458,-1.00000000,-0.82586437,-0.28234240
1809,-0.00316838,-0.22234895,1.00000000,-0.92478950,-0.19811103
1810,0.01114078,-0.22131598,1.00000000,-0.92316292,-0.21275604
1811,0.00978087,-0.29611621,-1.00000000,-0.95910991,-0.09823372
1812,0.00171612,-0.17875757,1.00000000,-0.85614771,-0.11846248
1813,-0.00446579,-0.18991100,1.00000000,-0.87371062,-0.16973977
1814,-0.02400600,-0.25605526,1.00000000,-0.97786563,-0.27230670
1815,0.00059959,-0.30675711,-1.00000000,-0.94235405,-0.32419251
1816,0.00441081,-0.46701902,-1.00000000,-0.68999532,-0.35062502
1817,0.01035619,-0.26521266,1.00000000,-0.99228546,-0.30809687
1818,0.00545508,-0.23395434,1.00000000,-0.94306409,-0.25926434
1819,0.02151428,-0.18519244,1.00000000,-0.86628047,-0.03520447
1820,-0.00938106,-0.22538959,1.00000000,-0.92957749,-0.08433121
1821,0.00276579,-0.09367778,1.00000000,-0.72217558,-0.09242833
1822,-0.00927085,-0.34707041,-1.00000000,-0.87887414,-0.18903653
1823,-0.00192207,-0.24744622,1.00000000,-0.96430928,-0.22534833
1824,0.02204673,-0.34616651,-1.00000000,-0.88029748,-0.22272751
1825,0.02634307,-0.28589436,-1.00000000,-0.97520588,-0.04688622
1826,-0.00408663,-0.08931082,1.00000000,-0.71529908,-0.08061519
1827,0.00134462,-0.05407370,1.00000000,-0.65981244,-0.02836372
1828,-0.00047901,-0.30364733,-1.00000000,-0.94725092,-0.02126073
1829,0.00360911,-0.25910217,1.00000000,-0.98266349,-0.11201434
1830,0.01860375,-0.27405896,-1.00000000,-0.99384268,-0.15010882
1831,-0.02956203,-0.24052962,1.00000000,-0.95341796,-0.27550383
1832,-0.00047014,-0.11754887,1.00000000,-0.75976453,-0.28443647
1833,-0.01582650,-0.51258760,-1.00000000,-0.61824009,-0.35997987
1834,0.01483809,-0.27398623,-1.00000000,-0.99395721,-0.30470861
1835,0.02186609,-0.39993365,-1.00000000,-0.79563228,-0.28865074
1836,0.02949245,-0.14843352,1.00000000,-0.80839750,0.00202717
1837,0.00744225,-0.09079234,1.00000000,-0.71763197,0.04097355
1838,0.00730503,-0.02824361,1.00000000,-0.61913872,0.15483156
1839,-0.00762778,-0.20909157,1.00000000,-0.90391358,0.04425010
1840,-0.01116748,-0.21021697,1.00000000,-0.90568571,-0.11834768
1841,0.00510564,-0.33269062,-1.00000000,-0.90151748,-0.23838443
1842,0.01126416,-0.36172196,-1.00000000,-0.85580286,-0.21957225
1843,-0.00289927,-0.22825563,1.00000000,-0.93409054,-0.26979985
1844,-0.00780600,-0.17774565,1.00000000,-0.85455428,-0.27067710
1845,-0.00549547,-0.29390905,-1.00000000,-0.96258544,-0.24275834
1846,0.00552875,-0.33415234,-1.00000000,-0.89921576,-0.24067570
1847,-0.00914320,-0.31520214,-1.00000000,-0.92905597,-0.34112477
1848,0.00299211,-0.22478542,1.00000000,-0.92862613,-0.31212621
1849,-0.01574537,-0.34511957,-1.00000000,-0.88194605,-0.35120536
1850,-0.00068971,-0.24559002,1.00000000,-0.96138639,-0.32755048
1851,-0.00300773,-0.39926824,-1.00000000,-0.79668007,-0.36956870
1852,0.01191357,-0.27578703,-1.00000000,-0.99112154,-0.26592310
1853,0.01278817,-0.29479857,-1.00000000,-0.96118475,-0.21770498
1854,0.00788882,-0.17241941,1.00000000,-0.84616723,-0.10137280
1855,-0.02136914,-0.16524624,1.00000000,-0.83487190,-0.20316107
1856,0.00926814,-0.20542899,1.00000000,-0.89814624,-0.14273683
1857,0.01064686,-0.44539241,-1.00000000,-0.72404998,-0.14897183
1858,-0.01022630,-0.19411627,1.00000000,-0.88033251,-0.26225361
1859,-0.02083668,-0.18280853,1.00000000,-0.86252660,-0.40364622
1860,0.00322300,-0.35400276,-1.00000000,-0.86795801,-0.28259879
1861,0.02727449,-0.44102535,-1.00000000,-0.73092663,-0.19396798
1862,-0.01228269,-0.24369633,1.00000000,-0.95840446,-0.30683175
1863,-0.00583100,-0.04643460,1.00000000,-0.64778341,-0.28519720
1864,0.01633017,-0.37086853,-1.00000000,-0.84140008,-0.10225459
1865,-0.00060317,-0.31795405,-1.00000000,-0.92472264,-0.12108780
1866,0.00260038,-0.13619601,1.00000000,-0.78912753,-0.24253863
1867,-0.00214183,-0.27507729,-1.00000000,-0.99223915,-0.19262332
1868,0.01589268,-0.24880284,1.00000000,-0.96644550,-0.08569508
1869,-0.00211547,-0.28769683,-1.00000000,-0.97236761,-0.17648818
1870,0.00423228,-0.13978416,1.00000000,-0.79477766,-0.15268709
1871,-0.00380220,-0.28748062,-1.00000000,-0.97270807,-0.18420188
1872,0.01990663,-0.23541857,1.00000000,-0.94536977,-0.07567498
1873,-0.00800444,-0.30131456,-1.00000000,-0.95092425,-0.19330135
1874,0.01724614,-0.10686317,1.00000000,-0.74293814,-0.09799968
1875,-0.00153713,-0.33577988,-1.00000000,-0.89665294,-0.12639789
1876,0.00063460,-0.12868357,1.00000000,-0.77729796,-0.10455906
1877,-0.00352151,-0.28273729,-1.00000000,-0.98017722,-0.21987702
1878,0.04667901,-0.26492546,1.00000000,-0.99183323,0.04928579
1879,-0.01593598,-0.29901247,-1.00000000,-0.95454926,-0.11404315
1880,0.00878232,0.11271444,1.00000000,-0.39717708,-0.06324877
1881,-0.01133198,-0.40083149,-1.00000000,-0.79421847,-0.12215067
1882,-0.03640546,-0.19810083,1.00000000,-0.88660684,-0.28401198
1883,0.01182856,-0.36307113,-1.00000000,-0.85367837,-0.45555280
1884,-0.05478095,-0.56871496,-1.00000000,-0.52985832,-0.64675550
1885,-0.04032139,-0.17311659,1.00000000,-0.84726505,-0.88845367
1886,0.02630796,-0.71942426,-1.00000000,-0.29254175,-0.70318241
1887,0.15486285,-0.60083200,-1.00000000,-0.47928477,0.23827820
1888,-0.00902624,-0.05436167,1.00000000,-0.66026589,0.13562674
1889,0.05982535,1.00000000,1.00000000,1.00000000,0.69974174
1890,-0.01763698,-0.34416026,-1.00000000,-0.88345665,0.81139890
1891,0.06462440,0.22053610,1.00000000,-0.22739414,1.00000000
1892,0.00310941,-0.41478252,-1.00000000,-0.77225028,0.25303944
1893,0.00701483,0.25989617,1.00000000,-0.16541523,0.33199676
1894,0.04485265,-0.24462798,1.00000000,-0.95987150,0.25829813
1895,-0.02347512,-0.21259710,1.00000000,-0.90943360,0.22956162
1896,-0.01555145,0.09773526,1.00000000,-0.42076425,-0.16507982
1897,-0.00182382,-0.46266493,-1.00000000,-0.69685156,-0.18936217
1898,0.01677522,-0.39767773,-1.00000000,-0.79918459,-0.14131962
1899,0.00569233,-0.28508862,-1.00000000,-0.97647466,-0.33407449
1900,0.02086360,-0.13254588,1.00000000,-0.78337980,-0.11583051
1901,-0.04163482,-0.22344381,1.00000000,-0.92651354,-0.24421804
1902,0.03691366,-0.09901445,1.00000000,-0.73057904,-0.05354448
1903,0.00568044,-0.61160429,-1.00000000,-0.46232202,-0.10815515
1904,0.02064851,0.03262246,1.00000000,-0.52329507,-0.03453784
1905,-0.00366628,-0.22354128,1.00000000,-0.92666702,-0.15527878
1906,0.01152086,-0.10077849,1.00000000,-0.73335681,0.10636403
1907,-0.02483775,-0.30019983,-1.00000000,-0.95267957,-0.19758864
1908,-0.02134677,-0.17564023,1.00000000,-0.85123894,-0.33062195
1909,-0.00381889,-0.47384068,-1.00000000,-0.67925349,-0.45105538
1910,-0.01926136,-0.44520891,-1.00000000,-0.72433892,-0.52781744
1911,0.00852428,-0.30145148,-1.00000000,-0.95070864,-0.54256719
1912,0.04023369,-0.42810512,-1.00000000,-0.75127165,-0.22227264
1913,0.02011389,-0.20021711,1.00000000,-0.88993928,-0.01819505
1914,-0.00706651,0.05985223,1.00000000,-0.48041732,-0.03418048
1915,0.01288508,-0.10516328,1.00000000,-0.74026138,0.12405069
1916,0.03660789,-0.32808730,-1.00000000,-0.90876616,0.26228377
1917,-0.01953580,-0.16445139,1.00000000,-0.83362028,-0.03191354
1918,0.01927781,0.03011467,1.00000000,-0.52724399,-0.03602889
1919,-0.00368977,-0.43035598,-1.00000000,-0.74772731,-0.01940791
1920,-0.01145247,-0.11202051,1.00000000,-0.75105922,-0.13920218
1921,0.01254753,-0.30039248,-1.00000000,-0.95237622,-0.25763202
1922,-0.00259265,-0.36405939,-1.00000000,-0.85212219,-0.17423449
1923,-0.01210627,-0.16721984,1.00000000,-0.83797964,-0.32871318
1924,0.00109242,-0.29139430,-1.00000000,-0.96654533,-0.30517428
1925,0.00390084,-0.36942165,-1.00000000,-0.84367844,-0.22960220
1926,-0.02154861,-0.26117062,1.00000000,-0.98592061,-0.39743018
1927,-0.01411108,-0.23813692,1.00000000,-0.94965026,-0.45412616
1928,0.00403076,-0.44686432,-1.00000000,-0.72173221,-0.37469647
1929,-0.00648644,-0.38586435,-1.00000000,-0.81778669,-0.41200114
1930,-0.02839852,-0.23707139,1.00000000,-0.94797241,-0.57098502
1931,-0.02346444,-0.32332978,-1.00000000,-0.91625766,-0.58041512
1932,0.00912938,-0.50304486,-1.00000000,-0.63326671,-0.46602095
1933,-0.00901147,-0.46257728,-1.00000000,-0.69698957,-0.53021740
1934,-0.00550761,-0.19525432,1.00000000,-0.88212455,-0.52539938
1935,0.00979733,-0.34403915,-1.00000000,-0.88364736,-0.33739184
1936,0.01289449,-0.31530172,-1.00000000,-0.92889917,-0.15842600
1937,-0.01096463,-0.18977605,1.00000000,-0.87349812,-0.25733269
1938,0.00360213,-0.16437426,1.00000000,-0.83349882,-0.19524606
1939,0.01979349,-0.36005825,-1.00000000,-0.85842265,-0.07070901
1940,-0.00371199,-0.24058688,1.00000000,-0.95350812,-0.13720456
1941,-0.00735294,-0.10779105,1.00000000,-0.74439925,-0.23686643
1942,-0.02404807,-0.30057469,-1.00000000,-0.95208929,-0.30126574
1943,-0.00323378,-0.33043652,-1.00000000,-0.90506694,-0.33491346
1944,0.01285138,-0.46736403,-1.00000000,-0.68945204,-0.36908392
1945,-0.01404487,-0.29665260,-1.00000000,-0.95826527,-0.41994439
1946,0.01716146,-0.16472781,1.00000000,-0.83405554,-0.29927964
1947,0.00163979,-0.38532129,-1.00000000,-0.81864184,-0.17283890
1948,0.00901210,-0.12937807,1.00000000,-0.77839156,-0.11256222
1949,-0.02600792,-0.25668133,1.00000000,-0.97885148,-0.30383541
1950,0.01987311,-0.19621617,1.00000000,-0.88363915,-0.13688438
1951,-0.00043998,-0.48343803,-1.00000000,-0.66414089,-0.22352216
1952,-0.00863411,-0.10713803,1.00000000,-0.74337096,-0.27409233
1953,0.02065071,-0.27373884,-1.00000000,-0.99434675,-0.21680481
1954,-0.01683232,-0.34094421,-1.00000000,-0.88852085,-0.17164069
1955,0.05701173,-0.10076046,1.00000000,-0.73332843,0.01116296
1956,-0.01505788,-0.40818302,-1.00000000,-0.78264228,-0.06078924
1957,-0.01172497,0.19745976,1.00000000,-0.26373163,-0.07600306
1958,0.02433980,-0.39362968,-1.00000000,-0.80555891,-0.05784465
1959,-0.04924439,-0.36629433,-1.00000000,-0.84860291,-0.21738330
1960,0.06376545,-0.07050388,1.00000000,-0.68568446,-0.18414016
1961,-0.01915305,-0.67401536,-1.00000000,-0.36404554,-0.20429739
1962,-0.01878680,0.25285136,1.00000000,-0.17650844,-0.23905712
1963,-0.02526094,-0.42721680,-1.00000000,-0.75267046,-0.48320180
1964,-0.05101997,-0.42421297,-1.00000000,-0.75740049,-0.49194154
1965,-0.03399312,-0.47731156,-1.00000000,-0.67378802,-0.97312863
1966,0.04673976,-0.68857801,-1.00000000,-0.34111424,-0.64879116
1967,0.03864465,-0.54892982,-1.00000000,-0.56101330,-0.36610216
1968,0.01530360,0.11321266,1.00000000,-0.39639254,-0.16643546
1969,-0.00267625,0.04681944,1.00000000,-0.50093960,0.07152194
1970,-0.01670295,-0.14461560,1.00000000,-0.80238555,0.15662760
1971,-0.01759019,-0.29207991,-1.00000000,-0.96546572,-0.16001716
1972,-0.00267145,-0.40712195,-1.00000000,-0.78431312,-0.36338319
1973,-0.01123964,-0.41439877,-1.00000000,-0.77285456,-0.49403427
1974,-0.00818074,-0.29204055,-1.00000000,-0.96552771,-0.52112845
1975,0.00292292,-0.36231383,-1.00000000,-0.85487086,-0.42452605
1976,-0.00017853,-0.33722577,-1.00000000,-0.89437614,-0.33882239
1977,-0.00707102,-0.24615755,1.00000000,-0.96228006,-0.36047794
1978,0.00024239,-0.27159448,-1.00000000,-0.99772340,-0.30396109
1979,-0.00427175,-0.32812425,-1.00000000,-0.90870798,-0.28472028
1980,-0.00936246,-0.26814226,1.00000000,-0.99689860,-0.34519134
1981,0.01173119,-0.30516564,-1.00000000,-0.94486010,-0.28656936
1982,-0.00219155,-0.34691785,-1.00000000,-0.87911437,-0.26255165
1983,-0.02423668,-0.17391522,1.00000000,-0.84852263,-0.38304252
1984,0.01541677,-0.28810460,-1.00000000,-0.97172551,-0.28613170
1985,0.01047432,-0.46891096,-1.00000000,-0.68701615,-0.18849115
1986,-0.01333188,-0.14368734,1.00000000,-0.80092386,-0.31185653
1987,0.00343259,-0.18422364,1.00000000,-0.86475493,-0.28417340
1988,0.01538756,-0.37947361,-1.00000000,-0.82784997,-0.08913502
1989,0.01837875,-0.24197739,1.00000000,-0.95569771,-0.07455561
1990,-0.02106475,-0.14392697,1.00000000,-0.80130120,-0.22979714
1991,0.00724485,-0.11939429,1.00000000,-0.76267046,-0.12851440
1992,0.00105594,-0.44289588,-1.00000000,-0.72798118,-0.14021274
1993,0.01447859,-0.21071057,1.00000000,-0.90646296,-0.14468687
1994,0.00210479,-0.26146982,1.00000000,-0.98639175,-0.22479050
1995,-0.00113158,-0.15138202,1.00000000,-0.81304040,-0.12667549
1996,0.00564439,-0.25286751,1.00000000,-0.97284599,-0.13455326
1997,-0.01178722,-0.27941108,-1.00000000,-0.98541488,-0.19776986
1998,0.02000435,-0.22383696,1.00000000,-0.92713262,-0.17057097
1999,-0.01262508,-0.36680490,-1.00000000,-0.84779894,-0.24307432
2000,0.00152795,-0.10606168,1.00000000,-0.74167607,-0.22998360
2001,-0.03572140,-0.37367670,-1.00000000,-0.83697815,-0.43359425
2002,0.01752207,-0.25759857,1.00000000,-0.98029583,-0.28932811
2003,-0.01136332,-0.56310457,-1.00000000,-0.53869281,-0.44372599
2004,0.00781920,-0.12642047,1.00000000,-0.77373434,-0.34309516
2005,-0.00392316,-0.36332817,-1.00000000,-0.85327362,-0.36992661
2006,0.00085091,-0.20599992,1.00000000,-0.89904527,-0.18991041
2007,0.02465532,-0.30230666,-1.00000000,-0.94936203,-0.15479913
2008,-0.00921961,-0.26315138,1.00000000,-0.98903964,-0.14424736
2009,-0.00319792,-0.06791607,1.00000000,-0.68160953,-0.19847581
2010,0.00176462,-0.34574622,-1.00000000,-0.88095930,-0.17047942
2011,-0.00383212,-0.29635844,-1.00000000,-0.95872848,-0.19353024
2012,0.01576546,-0.25565749,1.00000000,-0.97723927,-0.23728789
2013,-0.04209740,-0.30155996,-1.00000000,-0.95053783,-0.39911893
2014,0.01049842,-0.14082755,1.00000000,-0.79642064,-0.33170284
2015,0.00050314,-0.61539826,-1.00000000,-0.45634780,-0.33791209
2016,0.01215496,-0.18402593,1.00000000,-0.86444360,-0.25922052
2017,0.01489260,-0.26600369,1.00000000,-0.99353108,-0.26351691
2018,0.00890823,-0.17043961,1.00000000,-0.84304971,-0.01245703
2019,-0.00617018,-0.14798644,1.00000000,-0.80769350,-0.09450322
2020,0.02145267,-0.19706808,1.00000000,-0.88498061,0.00861452
2021,0.00704335,-0.32073593,-1.00000000,-0.92034211,-0.01654583
2022,0.00830892,-0.09418307,1.00000000,-0.72297124,-0.04895200
2023,0.00053017,-0.21236321,1.00000000,-0.90906532,-0.09019050
2024,0.03047792,-0.20198343,1.00000000,-0.89272063,0.09019872
2025,0.01863487,-0.26578202,1.00000000,-0.99318202,0.07632897
2026,-0.00616078,-0.02016118,1.00000000,-0.60641160,0.01133562
2027,0.00422427,-0.11729364,1.00000000,-0.75936263,-0.00876987
2028,0.00429846,-0.32065882,-1.00000000,-0.92046353,0.00977842
2029,-0.00888883,-0.23548433,1.00000000,-0.94547332,-0.18399254
2030,0.00349995,-0.23487581,1.00000000,-0.94451510,-0.25848963
2031,-0.02142795,-0.34303332,-1.00000000,-0.88523120,-0.33363765
2032,-0.00156950,-0.24142491,1.00000000,-0.95482774,-0.36215572
2033,-0.00007044,-0.44587471,-1.00000000,-0.72329051,-0.38366031
2034,0.02247173,-0.28300274,-1.00000000,-0.97975922,-0.22929739
2035,0.00655587,-0.27070799,-1.00000000,-0.99911933,-0.21425554
2036,0.00051576,-0.08582507,1.00000000,-0.70981019,-0.10624427
2037,0.01144192,-0.21636134,1.00000000,-0.91536102,-0.04219950
2038,-0.01670957,-0.26590022,1.00000000,-0.99336814,-0.12410063
2039,0.01061313,-0.17628771,1.00000000,-0.85225851,-0.18247102
2040,-0.00734548,-0.40717628,-1.00000000,-0.78422755,-0.25089623
2041,0.01657016,-0.18308513,1.00000000,-0.86296216,-0.17187326
2042,-0.00115707,-0.33037529,-1.00000000,-0.90516335,-0.23388796
2043,-0.02875267,-0.13422767,1.00000000,-0.78602805,-0.29316647
2044,0.01483763,-0.27962012,-1.00000000,-0.98508572,-0.27237266
2045,0.01821339,-0.50594949,-1.00000000,-0.62869290,-0.14656682
2046,0.00288009,-0.14843732,1.00000000,-0.80840348,-0.21395209
2047,0.00413062,-0.12075048,1.00000000,-0.76480600,-0.18792506
2048,0.01064428,-0.24650881,1.00000000,-0.96283317,0.00599453
2049,0.00704614,-0.23625242,1.00000000,-0.94668280,-0.03235670
2050,-0.00106801,-0.18282969,1.00000000,-0.86255992,-0.12726357
2051,0.01857861,-0.21234031,1.00000000,-0.90902925,-0.04999233
2052,0.01373242,-0.27888968,-1.00000000,-0.98623592,-0.00273035
2053,-0.00349898,-0.11775510,1.00000000,-0.76008928,-0.07234628
2054,-0.00742138,-0.15750183,1.00000000,-0.82267705,-0.14355831
2055,-0.00323517,-0.29882769,-1.00000000,-0.95484023,-0.15422550
2056,0.01177763,-0.33099782,-1.00000000,-0.90418307,-0.18770127
2057,0.00141619,-0.29666395,-1.00000000,-0.95824740,-0.24832421
2058,0.00078456,-0.17353431,1.00000000,-0.84792283,-0.22723977
2059,0.00681945,-0.25851521,1.00000000,-0.98173923,-0.15714357
2060,-0.02186930,-0.26369560,1.00000000,-0.98989661,-0.24886447
2061,-0.00145628,-0.21419956,1.00000000,-0.91195694,-0.31400442
2062,-0.00297107,-0.44949451,-1.00000000,-0.71759054,-0.33559935
2063,-0.00224665,-0.28207419,-1.00000000,-0.98122138,-0.35051956
2064,-0.00600485,-0.29449792,-1.00000000,-0.96165817,-0.41364332
2065,-0.01053786,-0.28855649,-1.00000000,-0.97101393,-0.35786772
2066,-0.00669501,-0.31937995,-1.00000000,-0.92247732,-0.38365378
2067,0.00294491,-0.35655804,-1.00000000,-0.86393431,-0.35453414
2068,0.00752488,-0.32504039,-1.00000000,-0.91356402,-0.30643675
2069,0.00816767,-0.24597712,1.00000000,-0.96199594,-0.23667676
2070,0.00717550,-0.20841390,1.00000000,-0.90284647,-0.14948810
2071,-0.00536244,-0.20314190,1.00000000,-0.89454484,-0.14292891
2072,0.00496517,-0.21127936,1.00000000,-0.90735861,-0.13298482
2073,0.00420435,-0.31411110,-1.00000000,-0.93077400,-0.14932910
2074,-0.02186667,-0.22940772,1.00000000,-0.93590469,-0.29716409
2075,0.00424448,-0.23564766,1.00000000,-0.94573051,-0.31159118
2076,0.00582020,-0.44947294,-1.00000000,-0.71762451,-0.25654800
2077,0.00157730,-0.23531858,1.00000000,-0.94521233,-0.27322374
2078,0.00262769,-0.22239503,1.00000000,-0.92486206,-0.28098438
2079,-0.00322645,-0.25719378,1.00000000,-0.97965842,-0.18923354
2080,0.02792598,-0.24857888,1.00000000,-0.96609285,-0.07266846
2081,-0.02214212,-0.29659250,-1.00000000,-0.95835991,-0.21030458
2082,-0.00792747,-0.04109125,1.00000000,-0.63936943,-0.25708895
2083,0.00618822,-0.45173212,-1.00000000,-0.71406705,-0.23956330
2084,-0.00048502,-0.33514854,-1.00000000,-0.89764708,-0.22606941
2085,-0.04757337,-0.21937664,1.00000000,-0.92010912,-0.59769223
2086,-0.01996069,-0.27410823,-1.00000000,-0.99376510,-0.58695478
2087,-0.01072624,-0.66031024,-1.00000000,-0.38562650,-0.60073091
2088,-0.00443378,-0.43384076,-1.00000000,-0.74223995,-0.65301454
2089,-0.00023811,-0.35810312,-1.00000000,-0.86150132,-0.65179923
2090,-0.00442125,-0.30649460,-1.00000000,-0.94276743,-0.43939593
2091,0.02352712,-0.27208320,-1.00000000,-0.99695384,-0.22534029
2092,-0.02316419,-0.30639183,-1.00000000,-0.94292925,-0.28656235
2093,0.03488224,-0.07716913,1.00000000,-0.69617999,-0.09304106
2094,-0.00106536,-0.46011478,-1.00000000,-0.70086718,-0.09711291
2095,-0.02172917,0.01596152,1.00000000,-0.54953046,-0.18230589
2096,-0.00678809,-0.27886795,-1.00000000,-0.98627014,-0.33152340
2097,-0.00245845,-0.44834519,-1.00000000,-0.71940033,-0.22960562
2098,0.00521871,-0.32580380,-1.00000000,-0.91236191,-0.37561540
2099,0.00321923,-0.29029360,-1.00000000,-0.96827857,-0.35452582
2100,0.01990828,-0.22732824,1.00000000,-0.93263022,-0.14957802
2101,-0.00335477,-0.24372729,1.00000000,-0.95845322,-0.13267852
2102,0.01246415,-0.10684957,1.00000000,-0.74291674,-0.05922653
2103,0.00762204,-0.29764489,-1.00000000,-0.95670275,-0.04739687
2104,-0.01750990,-0.16790372,1.00000000,-0.83905654,-0.14942975
2105,0.00999351,-0.20761699,1.00000000,-0.90159161,-0.19823224
2106,-0.01375168,-0.41374026,-1.00000000,-0.77389150,-0.24940790
2107,0.01741897,-0.18816705,1.00000000,-0.87096447,-0.22501928
2108,-0.00029620,-0.38291667,-1.00000000,-0.82242830,-0.26399444
2109,-0.00262094,-0.12726603,1.00000000,-0.77506581,-0.19070802
2110,0.02489193,-0.27255960,-1.00000000,-0.99620367,-0.11737505
2111,-0.00126802,-0.29162628,-1.00000000,-0.96618005,-0.05592802
2112,-0.00847117,-0.06597550,1.00000000,-0.67855378,-0.18336442
2113,-0.00511376,-0.28053015,-1.00000000,-0.98365272,-0.20707742
2114,0.00096924,-0.33960778,-1.00000000,-0.89062527,-0.18940584
2115,0.00177326,-0.31207153,-1.00000000,-0.93398563,-0.30320051
2116,0.00655226,-0.26218089,1.00000000,-0.98751145,-0.26470753
2117,-0.01385772,-0.25558663,1.00000000,-0.97712770,-0.29122123
2118,-0.00836926,-0.21639097,1.00000000,-0.91540769,-0.30724542
2119,-0.01397478,-0.38378640,-1.00000000,-0.82105877,-0.38080284
2120,-0.01429449,-0.33877195,-1.00000000,-0.89194143,-0.45989150
2121,0.01810183,-0.38474643,-1.00000000,-0.81954704,-0.40304223
2122,0.02833858,-0.38736862,-1.00000000,-0.81541797,-0.19534367
2123,0.13915047,-0.12166551,1.00000000,-0.76624686,0.53077773
2124,-0.03066005,-0.03770730,1.00000000,-0.63404085,0.44864948
2125,0.03111393,0.87113263,1.00000000,0.79707713,0.67215874
2126,-0.00512456,-0.52159317,-1.00000000,-0.60405934,0.55783385
2127,-0.03066102,-0.01494484,1.00000000,-0.59819761,0.26742614
2128,-0.00494564,-0.31216011,-1.00000000,-0.93384616,-0.44184356
2129,0.04275698,-0.52160108,-1.00000000,-0.60404689,-0.08047034
2130,-0.04659204,-0.31069269,-1.00000000,-0.93615684,-0.46295457
2131,-0.03969840,0.08054735,1.00000000,-0.44782945,-0.63313384
2132,0.02627784,-0.65226172,-1.00000000,-0.39830022,-0.35286947
2133,0.02027508,-0.59572245,-1.00000000,-0.48733060,-0.22872808
2134,-0.02040537,-0.05460872,1.00000000,-0.66065491,-0.53962573
2135,-0.01331745,-0.10384128,1.00000000,-0.73817968,-0.37584158
2136,-0.01145620,-0.43748791,-1.00000000,-0.73649691,-0.23682790
2137,0.05392501,-0.37935530,-1.00000000,-0.82803627,-0.10074304
2138,-0.01404526,-0.36408998,-1.00000000,-0.85207402,-0.26967455
2139,0.02505857,0.17214358,1.00000000,-0.30359612,-0.04589198
2140,0.00573284,-0.38532451,-1.00000000,-0.81863676,0.04787733
2141,-0.02909824,-0.06460872,1.00000000,-0.67640157,-0.03896030
2142,-0.04208599,-0.22311157,1.00000000,-0.92599037,-0.51154551
2143,0.03203002,-0.50878377,-1.00000000,-0.62422985,-0.28475383
2144,0.01144286,-0.61530466,-1.00000000,-0.45649519,-0.35177309
2145,-0.02829391,-0.00743138,1.00000000,-0.58636643,-0.51925952
2146,-0.01249985,-0.17628000,1.00000000,-0.85224636,-0.43755891
2147,0.00831652,-0.50218694,-1.00000000,-0.63461764,-0.18946777
2148,-0.01684857,-0.37264958,-1.00000000,-0.83859552,-0.43005790
2149,0.03663112,-0.20192116,1.00000000,-0.89262258,-0.30607626
2150,0.00939092,-0.40831629,-1.00000000,-0.78243243,-0.12058402
2151,0.01249586,0.03030524,1.00000000,-0.52694392,0.00244981
2152,0.01312772,-0.19310927,1.00000000,-0.87874682,0.02613152
2153,0.01054978,-0.16764365,1.00000000,-0.83864702,0.16099166
2154,-0.01204591,-0.16246134,1.00000000,-0.83048661,-0.07860638
2155,0.01858956,-0.18360469,1.00000000,-0.86378030,-0.03332885
2156,-0.00313433,-0.36892657,-1.00000000,-0.84445802,-0.11026373
2157,-0.00552971,-0.11766530,1.00000000,-0.75994787,-0.20209933
2158,0.04428166,-0.29583690,-1.00000000,-0.95954972,-0.03606433
2159,0.03645823,-0.31548302,-1.00000000,-0.92861369,0.20268267
2160,-0.01619298,0.09305223,1.00000000,-0.42813847,0.03147610
2161,-0.00287573,0.02888720,1.00000000,-0.52917685,0.03274897
2162,0.02033338,-0.40293938,-1.00000000,-0.79089926,0.16005225
2163,0.03013066,-0.29371597,-1.00000000,-0.96288948,0.09039820
2164,-0.04030848,-0.10336308,1.00000000,-0.73742668,-0.28746276
2165,-0.00985598,-0.02300930,1.00000000,-0.61089643,-0.25627080
2166,0.00878650,-0.60072613,-1.00000000,-0.47945148,-0.19886702
2167,-0.00520944,-0.35096556,-1.00000000,-0.87274058,-0.32459384
2168,0.01247964,-0.19806654,1.00000000,-0.88655286,-0.41147564
2169,-0.00560897,-0.31285624,-1.00000000,-0.93274998,-0.24067778
2170,0.00758800,-0.16777666,1.00000000,-0.83885645,-0.15481501
2171,0.02121514,-0.31613307,-1.00000000,-0.92759006,-0.09363874
2172,-0.00520682,-0.20789615,1.00000000,-0.90203119,-0.09362583
2173,0.00108048,-0.09613118,1.00000000,-0.72603886,-0.14973475
2174,0.00072612,-0.31283472,-1.00000000,-0.93278386,-0.11855216
2175,0.00216065,-0.26126852,1.00000000,-0.98607477,-0.14526666
2176,-0.00653158,-0.26417488,1.00000000,-0.99065130,-0.28184153
2177,0.00228682,-0.25240936,1.00000000,-0.97212456,-0.24495636
2178,-0.03381300,-0.32369997,-1.00000000,-0.91567474,-0.41670900
2179,-0.00313564,-0.25137456,1.00000000,-0.97049510,-0.43571734
2180,-0.01349196,-0.54745250,-1.00000000,-0.56333958,-0.51276259
2181,0.00559213,-0.29584766,-1.00000000,-0.95953279,-0.45308730
2182,-0.00079803,-0.38078652,-1.00000000,-0.82578258,-0.46827154
2183,0.00927276,-0.22426561,1.00000000,-0.92780759,-0.25619489
2184,0.00841493,-0.27667541,-1.00000000,-0.98972265,-0.19934072
2185,-0.02454404,-0.19407838,1.00000000,-0.88027284,-0.25374127
2186,0.02466454,-0.20111401,1.00000000,-0.89135160,-0.15986308
2187,-0.00585062,-0.47143181,-1.00000000,-0.68304666,-0.18473295
2188,0.01193091,-0.06784044,1.00000000,-0.68149044,-0.17164898
2189,-0.00024025,-0.31811499,-1.00000000,-0.92446920,-0.21425149
2190,0.00105883,-0.17227713,1.00000000,-0.84594318,-0.08822906
2191,-0.00669267,-0.27210073,-1.00000000,-0.99692623,-0.24257545
2192,0.01313661,-0.26144609,1.00000000,-0.98635438,-0.14911654
2193,-0.00247523,-0.32502115,-1.00000000,-0.91359433,-0.22002644
2194,0.01197493,-0.16238847,1.00000000,-0.83037186,-0.15990087
2195,0.00001142,-0.29043121,-1.00000000,-0.96806188,-0.16505643
2196,-0.00197327,-0.17191611,1.00000000,-0.84537469,-0.14182665
2197,-0.00226052,-0.27003657,1.00000000,-0.99988150,-0.21761436
2198,-0.01077162,-0.28631437,-1.00000000,-0.97454452,-0.25845084
2199,-0.01253549,-0.28867026,-1.00000000,-0.97083478,-0.37909601
2200,0.01037152,-0.35847525,-1.00000000,-0.86091534,-0.32810156
2201,0.00159245,-0.37294192,-1.00000000,-0.83813520,-0.31055037
2202,-0.02297695,-0.18506673,1.00000000,-0.86608251,-0.41252073
2203,-0.00742877,-0.25706959,1.00000000,-0.97946287,-0.39606660
2204,0.01298207,-0.45857904,-1.00000000,-0.70328545,-0.27046409
2205,0.00032464,-0.33105844,-1.00000000,-0.90408761,-0.31991684
2206,-0.00533114,-0.16365591,1.00000000,-0.83236766,-0.35399608
2207,-0.02434666,-0.26746769,1.00000000,-0.99583638,-0.36073807
2208,-0.00578259,-0.31385436,-1.00000000,-0.93117827,-0.35263522
2209,0.02996346,-0.46981292,-1.00000000,-0.68559586,-0.26904943
2210,0.01468406,-0.31755702,-1.00000000,-0.92534783,-0.19836951
2211,-0.02011497,-0.02438054,1.00000000,-0.61305568,-0.27113847
2212,0.00513891,-0.14969680,1.00000000,-0.81038674,-0.12600468
2213,0.00146242,-0.43510612,-1.00000000,-0.74024743,-0.09034330
2214,-0.00736212,-0.22798279,1.00000000,-0.93366091,-0.27406724
2215,-0.00246813,-0.25813600,1.00000000,-0.98114211,-0.35849375
2216,-0.02956120,-0.33051177,-1.00000000,-0.90494843,-0.40498998
2217,0.00131533,-0.29037303,-1.00000000,-0.96815349,-0.42381038
2218,0.00664503,-0.51258077,-1.00000000,-0.61825086,-0.39830054
2219,0.01282622,-0.25934242,1.00000000,-0.98304180,-0.29892953
2220,0.00955016,-0.21563005,1.00000000,-0.91420949,-0.23977310
2221,-0.00341205,-0.16493417,1.00000000,-0.83438049,-0.11106181
2222,-0.00709004,-0.19180325,1.00000000,-0.87669027,-0.15243469
2223,-0.00219245,-0.29811471,-1.00000000,-0.95596294,-0.19593454
2224,0.00218346,-0.32828026,-1.00000000,-0.90846233,-0.24832029
2225,0.01854013,-0.28811197,-1.00000000,-0.97171390,-0.20406984
2226,0.02601987,-0.25222228,1.00000000,-0.97182997,-0.05920009
2227,0.04293404,-0.11807065,1.00000000,-0.76058616,0.18702835
2228,0.00514394,-0.05672453,1.00000000,-0.66398661,0.22313954
2229,0.03132793,0.08199952,1.00000000,-0.44554276,0.36659440
2230,-0.03195874,-0.22794146,1.00000000,-0.93359583,0.11802892
2231,-0.01601399,-0.01318967,1.00000000,-0.59543381,-0.08887007
2232,-0.02579275,-0.53224453,-1.00000000,-0.58728703,-0.42715698
2233,-0.00489479,-0.40147134,-1.00000000,-0.79321092,-0.47656961
2234,0.02030997,-0.48167327,-1.00000000,-0.66691979,-0.53080222
2235,0.00109283,-0.31027558,-1.00000000,-0.93681365,-0.36811584
2236,-0.01831216,-0.10355512,1.00000000,-0.73772908,-0.37942786
2237,-0.00952187,-0.26116727,1.00000000,-0.98591533,-0.29933937
2238,-0.02662731,-0.42032008,-1.00000000,-0.76353048,-0.40631119
2239,-0.02872170,-0.34822529,-1.00000000,-0.87705558,-0.64765480
2240,-0.00625774,-0.48851807,-1.00000000,-0.65614152,-0.68383574
2241,0.02001580,-0.50569551,-1.00000000,-0.62909282,-0.49517792
2242,0.00143838,-0.32145400,-1.00000000,-0.91921139,-0.44122939
2243,-0.00707337,-0.10596774,1.00000000,-0.74152814,-0.34498100
2244,0.01452378,-0.25833321,1.00000000,-0.98145263,-0.13211814
2245,-0.00314320,-0.32814356,-1.00000000,-0.90867758,-0.11678780
2246,0.02196574,-0.15101136,1.00000000,-0.81245673,-0.10718982
2247,-0.01044161,-0.29590972,-1.00000000,-0.95943506,-0.16566550
2248,-0.00800024,-0.08997504,1.00000000,-0.71634500,-0.17022771
2249,0.00118037,-0.35576869,-1.00000000,-0.86517726,-0.23590664
2250,0.02943425,-0.33574538,-1.00000000,-0.89670726,-0.07555395
2251,0.00649221,-0.26044931,1.00000000,-0.98478479,-0.15171774
2252,0.01152999,-0.02872097,1.00000000,-0.61989040,-0.04356915
2253,0.00401380,-0.21688346,1.00000000,-0.91618319,0.01556632
2254,-0.01148171,-0.17556539,1.00000000,-0.85112109,-0.04675893
2255,0.01862808,-0.23721051,1.00000000,-0.94819148,-0.09994902
2256,-0.00733016,-0.36429917,-1.00000000,-0.85174463,-0.16798549
2257,0.01719179,-0.11734932,1.00000000,-0.75945030,-0.14011699
2258,-0.02860167,-0.33024968,-1.00000000,-0.90536114,-0.30065680
2259,0.00239458,-0.12912932,1.00000000,-0.77799986,-0.23235498
2260,0.00046722,-0.50471102,-1.00000000,-0.63064306,-0.32174635
2261,0.00862418,-0.25049081,1.00000000,-0.96910349,-0.24321588
2262,0.00294022,-0.26629827,1.00000000,-0.99399494,-0.31336492
2263,-0.00124623,-0.19939778,1.00000000,-0.88864911,-0.17871605
2264,-0.00131111,-0.24601562,1.00000000,-0.96205657,-0.19695614
2265,0.00951046,-0.28035144,-1.00000000,-0.98393413,-0.15244355
2266,-0.01442751,-0.28088349,-1.00000000,-0.98309633,-0.26590854
2267,0.00259294,-0.19212886,1.00000000,-0.87720301,-0.26761794
2268,-0.00052640,-0.38845959,-1.00000000,-0.81370007,-0.26407477
2269,0.02255421,-0.24886392,1.00000000,-0.96654168,-0.14660496
2270,0.01310180,-0.27444761,-1.00000000,-0.99323069,-0.12892767
2271,0.00446641,-0.08514865,1.00000000,-0.70874506,-0.03592804
2272,0.00944331,-0.16267396,1.00000000,-0.83082141,-0.00220915
2273,0.01249024,-0.23349834,1.00000000,-0.94234605,0.06186135
2274,-0.00123315,-0.19267959,1.00000000,-0.87807021,-0.05522477
2275,-0.00708673,-0.16768971,1.00000000,-0.83871954,-0.15459669
2276,0.00362434,-0.28024416,-1.00000000,-0.98410305,-0.15874153
2277,-0.00050519,-0.32825309,-1.00000000,-0.90850510,-0.20771001
2278,-0.01095463,-0.24040470,1.00000000,-0.95322125,-0.32311032
2279,0.00018620,-0.27427364,-1.00000000,-0.99350463,-0.31612398
2280,-0.00484600,-0.35997624,-1.00000000,-0.85855178,-0.30509467
2281,-0.00938484,-0.26860313,1.00000000,-0.99762432,-0.36912846
2282,0.00740488,-0.30987544,-1.00000000,-0.93744374,-0.33019354
2283,-0.00685952,-0.34710142,-1.00000000,-0.87882530,-0.31003661
2284,-0.00273629,-0.20939807,1.00000000,-0.90439621,-0.32442166
2285,0.00821440,-0.32638962,-1.00000000,-0.91143945,-0.26013578
2286,0.00415250,-0.29257232,-1.00000000,-0.96469035,-0.19350229
2287,0.01331423,-0.20275866,1.00000000,-0.89394137,-0.16441529
2288,0.00241874,-0.23607293,1.00000000,-0.94640017,-0.11874583
2289,-0.00082430,-0.16093166,1.00000000,-0.82807788,-0.10933466
2290,0.00323062,-0.25029258,1.00000000,-0.96879134,-0.13386584
2291,0.00595116,-0.27689090,-1.00000000,-0.98938332,-0.12501250
2292,0.01777876,-0.24363390,1.00000000,-0.95830616,-0.10303721
2293,-0.00424837,-0.22132099,1.00000000,-0.92317080,-0.13585408
2294,0.01221963,-0.12431520,1.00000000,-0.77041924,-0.07164925
2295,0.00629954,-0.30497390,-1.00000000,-0.94516202,-0.05654337
2296,0.00406903,-0.16990917,1.00000000,-0.84221445,-0.06580758
2297,0.00169647,-0.21846364,1.00000000,-0.91867145,-0.14496781
2298,0.00985575,-0.23675753,1.00000000,-0.94747818,-0.07554452
2299,-0.00799889,-0.25621645,1.00000000,-0.97811946,-0.17506409
2300,-0.01249940,-0.18929689,1.00000000,-0.87274360,-0.26759623
2301,-0.00625728,-0.33573431,-1.00000000,-0.89672470,-0.31842439
2302,0.00649148,-0.37264593,-1.00000000,-0.83860128,-0.29482236
2303,0.00526157,-0.32145029,-1.00000000,-0.91921723,-0.31743582
2304,-0.00548967,-0.21688943,1.00000000,-0.91619259,-0.30508495
2305,-0.00669059,-0.22697671,1.00000000,-0.93207667,-0.27649282
2306,-0.01035403,-0.31515460,-1.00000000,-0.92913083,-0.29665783
2307,-0.01742140,-0.32500410,-1.00000000,-0.91362117,-0.41436179
2308,-0.00410157,-0.35505036,-1.00000000,-0.86630839,-0.46044904
2309,0.00695833,-0.41301444,-1.00000000,-0.77503442,-0.39917751
2310,-0.00253589,-0.30376990,-1.00000000,-0.94705792,-0.37872727
2311,-0.01070103,-0.21306050,1.00000000,-0.91016331,-0.38043528
2312,0.01058340,-0.29092876,-1.00000000,-0.96727840,-0.24259010
2313,-0.01491212,-0.35789634,-1.00000000,-0.86182693,-0.29580178
2314,0.00782377,-0.18332900,1.00000000,-0.86334617,-0.29154193
2315,0.02171102,-0.39243422,-1.00000000,-0.80744136,-0.17219380
2316,-0.00972030,-0.20596249,1.00000000,-0.89898632,-0.16736643
2317,-0.01124020,-0.09206415,1.00000000,-0.71963466,-0.27478649
2318,0.00374242,-0.34985269,-1.00000000,-0.87449297,-0.18296511
2319,-0.01288176,-0.36231838,-1.00000000,-0.85486370,-0.28488182
2320,-0.00110961,-0.23943624,1.00000000,-0.95169625,-0.39720952
2321,0.02393692,-0.37578189,-1.00000000,-0.83366319,-0.23154200
2322,-0.01252431,-0.27923092,-1.00000000,-0.98569858,-0.23786267
2323,0.01612043,-0.07380810,1.00000000,-0.69088750,-0.17693565
2324,0.00640165,-0.37285025,-1.00000000,-0.83827955,-0.08201887
2325,-0.00599062,-0.13791618,1.00000000,-0.79183621,-0.10604415
2326,0.00460656,-0.21762617,1.00000000,-0.91735271,-0.20119205
2327,-0.01426078,-0.31926321,-1.00000000,-0.92266115,-0.20973928
2328,-0.00374903,-0.23234891,1.00000000,-0.94053609,-0.30754073
2329,-0.00584019,-0.38709212,-1.00000000,-0.81585336,-0.36779752
2330,-0.00335707,-0.30087848,-1.00000000,-0.95161092,-0.35483466
2331,-0.01389544,-0.31802945,-1.00000000,-0.92460391,-0.44590518
2332,0.02097272,-0.29766376,-1.00000000,-0.95667304,-0.27247890
2333,0.02918038,-0.38409578,-1.00000000,-0.82057161,-0.11039381
2334,0.00740710,-0.09811944,1.00000000,-0.72916970,-0.04518800
2335,-0.00324863,-0.03080314,1.00000000,-0.62316911,-0.04465423
2336,0.00085488,-0.20937983,1.00000000,-0.90436749,0.02794978
2337,-0.00700876,-0.29677436,-1.00000000,-0.95807354,-0.10978063
2338,-0.00464656,-0.26311886,1.00000000,-0.98898843,-0.27628355
2339,-0.00917829,-0.32761365,-1.00000000,-0.90951201,-0.35792014
2340,0.01820547,-0.30823972,-1.00000000,-0.94001944,-0.25231880
2341,-0.00576557,-0.34540734,-1.00000000,-0.88149291,-0.28490596
2342,-0.00279439,-0.12081542,1.00000000,-0.76490826,-0.26416199
2343,-0.04427359,-0.31741743,-1.00000000,-0.92556763,-0.45921407
2344,0.00888963,-0.29304886,-1.00000000,-0.96393995,-0.37028017
2345,0.01198482,-0.63324655,-1.00000000,-0.42824272,-0.40089946
2346,0.01645911,-0.19722065,1.00000000,-0.88522086,-0.29150517
2347,-0.00305503,-0.17183501,1.00000000,-0.84524699,-0.29278810
2348,0.01134561,-0.13513847,1.00000000,-0.78746226,-0.01901936
2349,-0.00975467,-0.29518656,-1.00000000,-0.96057379,-0.11079031
2350,0.00935518,-0.17707758,1.00000000,-0.85350228,-0.12373392
2351,0.01606688,-0.35013459,-1.00000000,-0.87404908,-0.12566458
2352,-0.00379389,-0.19340240,1.00000000,-0.87920839,-0.12930138
2353,0.01755748,-0.13835544,1.00000000,-0.79252790,-0.09872535
2354,0.00067910,-0.30124642,-1.00000000,-0.95103156,-0.04736826
2355,0.00203688,-0.12613006,1.00000000,-0.77327703,-0.08339036
2356,0.00961780,-0.26456050,1.00000000,-0.99125853,-0.11513401
2357,-0.00367849,-0.25342447,1.00000000,-0.97372301,-0.11456598
2358,0.00103120,-0.19124850,1.00000000,-0.87581673,-0.19591158
2359,0.01182705,-0.30029992,-1.00000000,-0.95252196,-0.14103918
2360,0.01158028,-0.26167270,1.00000000,-0.98671122,-0.09406468
2361,-0.00294491,-0.17312900,1.00000000,-0.84728460,-0.15590082
2362,-0.03439610,-0.17515290,1.00000000,-0.85047156,-0.30709900
2363,-0.00128319,-0.29428338,-1.00000000,-0.96199599,-0.31849092
2364,-0.00407226,-0.55223488,-1.00000000,-0.55580893,-0.39675047
2365,0.00814902,-0.28065456,-1.00000000,-0.98345681,-0.41363984
2366,-0.00180588,-0.30352950,-1.00000000,-0.94743646,-0.40803328
2367,-0.00768964,-0.20329492,1.00000000,-0.89478580,-0.27657878
2368,0.00013993,-0.28494142,-1.00000000,-0.97670645,-0.26957388
2369,-0.00836859,-0.33319794,-1.00000000,-0.90071863,-0.29072127
2370,0.03107630,-0.26898261,1.00000000,-0.99822187,-0.17786861
2371,0.04116356,-0.33876648,-1.00000000,-0.89195004,0.03363547
2372,-0.00755735,-0.01525343,1.00000000,-0.59868354,0.03428658
2373,-0.01272422,0.06747865,1.00000000,-0.46840827,-0.02903332
2374,-0.01279589,-0.33211302,-1.00000000,-0.90242702,-0.05082536
2375,0.00336001,-0.37448981,-1.00000000,-0.83569778,-0.18725046
2376,0.00264363,-0.37507761,-1.00000000,-0.83477220,-0.37685316
2377,0.00743906,-0.24257266,1.00000000,-0.95663506,-0.30303785
2378,0.01772402,-0.24844811,1.00000000,-0.96588693,-0.15316558
2379,0.01507534,-0.20911776,1.00000000,-0.90395482,-0.01597786
2380,-0.02081204,-0.12476415,1.00000000,-0.77112619,-0.13495750
2381,-0.00718961,-0.14648765,1.00000000,-0.80533341,-0.18335867
2382,-0.00473313,-0.44082328,-1.00000000,-0.73124483,-0.24327260
2383,-0.00099550,-0.32909689,-1.00000000,-0.90717641,-0.33541377
2384,0.01072129,-0.30894974,-1.00000000,-0.93890140,-0.35684527
2385,-0.04305115,-0.27829498,-1.00000000,-0.98717237,-0.46631056
2386,-0.02806331,-0.18219805,1.00000000,-0.86156530,-0.56905508
2387,0.03064257,-0.62322053,-1.00000000,-0.44403034,-0.39492886
2388,-0.00083464,-0.50029562,-1.00000000,-0.63759584,-0.39413707
2389,0.02373866,-0.01881077,1.00000000,-0.60428516,-0.33006300
2390,-0.02343657,-0.27697566,-1.00000000,-0.98924986,-0.23351618
2391,0.01368920,-0.07543421,1.00000000,-0.69344808,-0.02800204
2392,0.00283627,-0.46234875,-1.00000000,-0.69734943,-0.16487017
2393,-0.00681029,-0.15785632,1.00000000,-0.82323524,-0.19428355
2394,-0.01428850,-0.24686820,1.00000000,-0.96339910,-0.38146079
2395,-0.00621334,-0.32598589,-1.00000000,-0.91207518,-0.29668459
2396,0.00917885,-0.38731953,-1.00000000,-0.81549528,-0.31888542
2397,0.00390713,-0.32108985,-1.00000000,-0.91978480,-0.31361443
2398,-0.00285671,-0.19484860,1.00000000,-0.88148567,-0.29415410
2399,-0.00383477,-0.23808538,1.00000000,-0.94956911,-0.24269875
2400,-0.00297233,-0.29355998,-1.00000000,-0.96313511,-0.22674587
2401,-0.01528187,-0.30158171,-1.00000000,-0.95050358,-0.34714637
2402,-0.00661074,-0.29450827,-1.00000000,-0.96164187,-0.39891743
2403,-0.01854665,-0.39546672,-1.00000000,-0.80266619,-0.47614646
2404,-0.01200970,-0.32434925,-1.00000000,-0.91465234,-0.51638509
2405,-0.01315181,-0.42224336,-1.00000000,-0.76050196,-0.56649048
2406,0.01206780,-0.36862960,-1.00000000,-0.84492565,-0.43187002
2407,-0.00178834,-0.37799672,-1.00000000,-0.83017557,-0.40813319
2408,-0.02680750,-0.17115448,1.00000000,-0.84417540,-0.44879473
2409,0.00754822,-0.28479759,-1.00000000,-0.97693293,-0.35252676
2410,-0.00508809,-0.48999593,-1.00000000,-0.65381439,-0.31283557
2411,0.02345291,-0.20822246,1.00000000,-0.90254501,-0.25679578
2412,-0.01261449,-0.31186101,-1.00000000,-0.93431714,-0.31008423
2413,0.00265289,-0.07777782,1.00000000,-0.69713848,-0.16507430
2414,-0.01738512,-0.37358982,-1.00000000,-0.83711497,-0.28780115
2415,-0.00584239,-0.24837218,1.00000000,-0.96576736,-0.29151395
2416,-0.01081333,-0.41271687,-1.00000000,-0.77550299,-0.46017919
2417,-0.00215903,-0.31804749,-1.00000000,-0.92457549,-0.40871534
2418,0.00259006,-0.35881739,-1.00000000,-0.86037658,-0.40902461
2419,0.00595179,-0.28783784,-1.00000000,-0.97214557,-0.29415569
2420,-0.00154730,-0.24888751,1.00000000,-0.96657883,-0.27301440
2421,0.00363411,-0.22131577,1.00000000,-0.92316259,-0.20190120
2422,-0.00948109,-0.28282067,-1.00000000,-0.98004593,-0.23794186
2423,-0.01922975,-0.24032456,1.00000000,-0.95309506,-0.34534329
2424,0.01197394,-0.34789082,-1.00000000,-0.87758227,-0.31570111
2425,0.00891151,-0.42784585,-1.00000000,-0.75167991,-0.26422078
2426,-0.00016919,-0.17192429,1.00000000,-0.84538758,-0.28294137
2427,-0.00016274,-0.19704123,1.00000000,-0.88493833,-0.23707459
2428,0.00851421,-0.27151788,-1.00000000,-0.99784403,-0.10051330
2429,-0.01328240,-0.27146499,-1.00000000,-0.99792730,-0.22482999
2430,0.01114625,-0.20029970,1.00000000,-0.89006933,-0.21383015
2431,0.03080173,-0.37906780,-1.00000000,-0.82848899,-0.06138517
2432,0.00182148,-0.17871267,1.00000000,-0.85607701,-0.05161846
2433,-0.01651449,-0.01750542,1.00000000,-0.60222966,-0.17481471
2434,-0.00381773,-0.25519115,1.00000000,-0.97650494,-0.12822775
2435,-0.01400752,-0.40557627,-1.00000000,-0.78674704,-0.25203959
2436,-0.00530225,-0.30144196,-1.00000000,-0.95072364,-0.42975051
2437,-0.00822886,-0.38501497,-1.00000000,-0.81912418,-0.47922025
2438,-0.00109632,-0.31361742,-1.00000000,-0.93155137,-0.40332898
2439,-0.01124101,-0.33762043,-1.00000000,-0.89375469,-0.43986783
2440,0.01150720,-0.27912194,-1.00000000,-0.98587019,-0.31427931
2441,0.01223234,-0.36232506,-1.00000000,-0.85485318,-0.22797057
2442,-0.00168895,-0.17575227,1.00000000,-0.85141537,-0.19577986
2443,0.00004457,-0.16980491,1.00000000,-0.84205027,-0.19016413
2444,-0.00223189,-0.28398244,-1.00000000,-0.97821652,-0.14581945
2445,-0.02176422,-0.26976469,1.00000000,-0.99945338,-0.30958799
2446,0.01125578,-0.28843544,-1.00000000,-0.97120455,-0.31439484
2447,0.00882528,-0.44863268,-1.00000000,-0.71894763,-0.26264170
2448,-0.00307345,-0.17781437,1.00000000,-0.85466248,-0.27798921
2449,-0.00779455,-0.19774842,1.00000000,-0.88605193,-0.30536974
2450,-0.01584789,-0.29533758,-1.00000000,-0.96033600,-0.27624839
2451,-0.11716603,-0.33405843,-1.00000000,-0.89936364,-0.90836602
2452,-0.00065888,-0.40010904,-1.00000000,-0.79535609,-0.95504896
2453,-0.02569162,-1.23108455,-1.00000000,0.51315155,-1.06638010
2454,0.00090091,-0.27553419,-1.00000000,-0.99151969,-1.02357932
2455,0.03040895,-0.48084382,-1.00000000,-0.66822589,-0.79589400
2456,-0.01026166,-0.26274135,1.00000000,-0.98839399,-0.26968948
2457,-0.01281296,-0.02072686,1.00000000,-0.60730236,-0.32951426
2458,0.00334800,-0.35429278,-1.00000000,-0.86750133,-0.18657549
2459,-0.01294255,-0.37521763,-1.00000000,-0.83455172,-0.25471572
2460,0.11014399,-0.24267115,1.00000000,-0.95679015,0.13775597
2461,-0.02509038,-0.37628047,-1.00000000,-0.83287809,0.06476608
2462,-0.00794755,0.63323170,1.00000000,0.42246298,0.08871461
2463,-0.07509636,-0.47591268,-1.00000000,-0.67599079,-0.29740411
2464,0.00716764,-0.33531322,-1.00000000,-0.89738776,-0.19841776
2465,-0.02326129,-0.88604403,-1.00000000,-0.03017152,-0.85506500
2466,-0.02736648,-0.21134380,1.00000000,-0.90746009,-0.86626840
2467,0.03445555,-0.46091112,-1.00000000,-0.69961321,-0.65755194
2468,-0.01142779,-0.49458041,-1.00000000,-0.64659537,-0.34416260
2469,-0.01964154,0.01246196,1.00000000,-0.55504110,-0.47612271
2470,0.00266621,-0.36385696,-1.00000000,-0.85244095,-0.34850240
2471,-0.03359500,-0.43122321,-1.00000000,-0.74636171,-0.37916042
2472,-0.00973630,-0.24826294,1.00000000,-0.96559534,-0.59668149
2473,-0.02034273,-0.54566453,-1.00000000,-0.56615503,-0.64056259
2474,0.01990959,-0.34998397,-1.00000000,-0.87428626,-0.44588408
2475,-0.04883274,-0.43697414,-1.00000000,-0.73730592,-0.69937216
2476,0.00798036,-0.10683884,1.00000000,-0.74289983,-0.49473001
2477,0.02636015,-0.67063914,-1.00000000,-0.36936195,-0.31705612
2478,-0.00656267,-0.20467819,1.00000000,-0.89696398,-0.24922794
2479,-0.01255754,-0.05393368,1.00000000,-0.65959196,-0.40903761
2480,0.02408786,-0.32395498,-1.00000000,-0.91527318,-0.05010791
2481,0.01327971,-0.37312276,-1.00000000,-0.83785043,-0.02402343
2482,-0.03220969,-0.07257015,1.00000000,-0.68893815,-0.31231579
2483,-0.00331111,-0.16121475,1.00000000,-0.82852365,-0.29631095
2484,-0.03679167,-0.53430274,-1.00000000,-0.58404604,-0.41559618
2485,0.00909376,-0.29728682,-1.00000000,-0.95726659,-0.48940010
2486,0.00629604,-0.57188256,-1.00000000,-0.52487043,-0.52377512
2487,0.00469908,-0.19554643,1.00000000,-0.88258453,-0.34210282
2488,0.00312843,-0.21849235,1.00000000,-0.91871664,-0.31040614
2489,0.00485255,-0.23159006,1.00000000,-0.93934115,-0.10542497
2490,0.01464943,-0.24447202,1.00000000,-0.95962591,-0.07807886
2491,-0.00059527,-0.23033133,1.00000000,-0.93735908,-0.11199929
2492,-0.00238568,-0.14998079,1.00000000,-0.81083393,-0.14687190
2493,-0.00726591,-0.27501249,-1.00000000,-0.99234118,-0.19803490
2494,-0.00072473,-0.28969678,-1.00000000,-0.96921836,-0.22548741
2495,-0.00242949,-0.32972270,-1.00000000,-0.90619097,-0.30955325
2496,-0.00710790,-0.27607426,-1.00000000,-0.99066926,-0.34160969
2497,0.00757871,-0.29005607,-1.00000000,-0.96865260,-0.29256298
2498,-0.00964163,-0.32842675,-1.00000000,-0.90823165,-0.30425674
2499,-0.00314518,-0.20797236,1.00000000,-0.90215120,-0.31617068
2500,-0.00866397,-0.34920750,-1.00000000,-0.87550893,-0.34685805
2501,-0.00770026,-0.29592594,-1.00000000,-0.95940952,-0.34977375
2502,-0.00268454,-0.34118911,-1.00000000,-0.88813522,-0.40029149
2503,0.01454449,-0.33328504,-1.00000000,-0.90058146,-0.28124262
2504,0.00107860,-0.29214787,-1.00000000,-0.96535870,-0.26045233
2505,-0.01405568,-0.15084154,1.00000000,-0.81218932,-0.28699136
2506,-0.01008688,-0.26128398,1.00000000,-0.98609911,-0.29873880
2507,0.01487180,-0.38540995,-1.00000000,-0.81850223,-0.21232302
2508,0.00107918,-0.35285929,-1.00000000,-0.86975860,-0.27860192
2509,-0.00007140,-0.14815701,1.00000000,-0.80796208,-0.28426245
2510,0.01401672,-0.26127921,1.00000000,-0.98609161,-0.14608455
2511,0.02086074,-0.27071586,-1.00000000,-0.99910694,0.00624577
2512,0.02250550,-0.15517011,1.00000000,-0.81900537,0.04382032
2513,0.01469843,-0.09903788,1.00000000,-0.73061593,0.11085696
2514,0.00045805,-0.08554816,1.00000000,-0.70937416,0.11346300
2515,-0.00695641,-0.14957898,1.00000000,-0.81020121,0.01022910
2516,0.00603314,-0.26637354,1.00000000,-0.99411345,-0.06275529
2517,0.00558258,-0.32718427,-1.00000000,-0.91018813,-0.14605323
2518,0.04905415,-0.22064860,1.00000000,-0.92211202,0.02305246
2519,-0.01180805,-0.22434390,1.00000000,-0.92793089,-0.03732369
2520,-0.00276498,0.13219450,1.00000000,-0.36650251,-0.01669263
2521,-0.02361276,-0.36697570,-1.00000000,-0.84752998,-0.16261561
2522,-0.01963535,-0.29280763,-1.00000000,-0.96431980,-0.28674328
2523,-0.00943042,-0.46379373,-1.00000000,-0.69507407,-0.57461595
2524,0.01711698,-0.43117246,-1.00000000,-0.74644162,-0.43224121
2525,-0.00842920,-0.34747523,-1.00000000,-0.87823669,-0.46012163
2526,-0.00498700,-0.12974286,1.00000000,-0.77896597,-0.36844196
2527,0.01280056,-0.33926357,-1.00000000,-0.89116730,-0.20878596
2528,0.00052507,-0.31103187,-1.00000000,-0.93562274,-0.15978307
2529,-0.02365302,-0.16514460,1.00000000,-0.83471184,-0.36046112
2530,-0.01556668,-0.26582384,1.00000000,-0.99324787,-0.39559324
2531,-0.00752858,-0.46412399,-1.00000000,-0.69455402,-0.40810339
2532,0.02855648,-0.39780269,-1.00000000,-0.79898781,-0.33054963
2533,0.01255893,-0.33187699,-1.00000000,-0.90279867,-0.27131655
2534,-0.00576890,-0.03592012,1.00000000,-0.63122664,-0.18328733
2535,-0.00936122,-0.16712634,1.00000000,-0.83783241,-0.15274279
2536,0.01351314,-0.31744471,-1.00000000,-0.92552467,-0.04917126
2537,-0.02744106,-0.34690765,-1.00000000,-0.87913042,-0.32480228
2538,-0.00482474,-0.15930024,1.00000000,-0.82550894,-0.41036816
2539,-0.00841212,-0.49519213,-1.00000000,-0.64563212,-0.42337862
2540,0.00415173,-0.30970106,-1.00000000,-0.93771833,-0.35686522
2541,0.01933607,-0.33912348,-1.00000000,-0.89138789,-0.32820363
2542,-0.00909039,-0.23607925,1.00000000,-0.94641013,-0.23787800
2543,-0.02395555,-0.11154269,1.00000000,-0.75030682,-0.33204364
2544,-0.01480252,-0.34468645,-1.00000000,-0.88262808,-0.36349848
2545,-0.00713830,-0.46660518,-1.00000000,-0.69064698,-0.41907023
2546,-0.00633842,-0.39153530,-1.00000000,-0.80885685,-0.54544517
2547,0.01000656,-0.32867606,-1.00000000,-0.90783907,-0.45144620
2548,0.00862352,-0.32211577,-1.00000000,-0.91816932,-0.29108555
2549,-0.01440135,-0.18806004,1.00000000,-0.87079598,-0.28911092
2550,-0.00344112,-0.19940318,1.00000000,-0.88865761,-0.27091268
2551,0.01941158,-0.38824507,-1.00000000,-0.81403786,-0.14416605
2552,-0.00995557,-0.29835311,-1.00000000,-0.95558754,-0.24242362
2553,0.00328265,-0.11092336,1.00000000,-0.74933159,-0.26871247
2554,-0.04877628,-0.35178236,-1.00000000,-0.87145439,-0.43791269
2555,-0.01224701,-0.24320716,1.00000000,-0.95763418,-0.48125703
2556,-0.00244976,-0.67017606,-1.00000000,-0.37009115,-0.58886288
2557,0.02398344,-0.37057589,-1.00000000,-0.84186088,-0.42180830
2558,-0.00345634,-0.29022232,-1.00000000,-0.96839080,-0.45497893
2559,-0.00120319,-0.07342657,1.00000000,-0.69028672,-0.22081471
2560,0.00929780,-0.29847795,-1.00000000,-0.95539096,-0.11476690
2561,0.00293092,-0.27999837,-1.00000000,-0.98449009,-0.08828216
2562,0.00446470,-0.19387303,1.00000000,-0.87994948,-0.18435729
2563,-0.00088776,-0.24609193,1.00000000,-0.96217674,-0.17171424
2564,0.00212812,-0.23351239,1.00000000,-0.94236818,-0.15531686
2565,0.00650851,-0.27741139,-1.00000000,-0.98856373,-0.16904628
2566,-0.00322009,-0.25267614,1.00000000,-0.97254466,-0.19932273
2567,0.00427652,-0.21674975,1.00000000,-0.91597264,-0.20024899
2568,0.00911034,-0.29654028,-1.00000000,-0.95844214,-0.15103632
2569,0.00467148,-0.23505578,1.00000000,-0.94479849,-0.13851743
2570,-0.00876122,-0.19541045,1.00000000,-0.88237040,-0.21367807
2571,0.00865174,-0.23181645,1.00000000,-0.93969764,-0.15524257
2572,-0.01741621,-0.34198668,-1.00000000,-0.88687931,-0.26201850
2573,0.00458360,-0.19917174,1.00000000,-0.88829317,-0.28430002
2574,-0.00535202,-0.41297187,-1.00000000,-0.77510144,-0.33363768
2575,0.00936090,-0.23253718,1.00000000,-0.94083254,-0.24443704
2576,0.00482314,-0.31402565,-1.00000000,-0.93090854,-0.26328216
2577,0.00211346,-0.19335552,1.00000000,-0.87913458,-0.16715323
2578,0.00256067,-0.23057254,1.00000000,-0.93773890,-0.17711049
2579,0.01647925,-0.25279642,1.00000000,-0.97273405,-0.06965263
2580,-0.01331130,-0.24912852,1.00000000,-0.96695835,-0.18124968
2581,-0.00491469,-0.13497328,1.00000000,-0.78720213,-0.22918121
2582,-0.02637313,-0.37930485,-1.00000000,-0.82811571,-0.36939787
2583,-0.05219616,-0.31043878,-1.00000000,-0.93655667,-0.63892187
2584,0.01611077,-0.48643335,-1.00000000,-0.65942427,-0.64073563
2585,0.00316194,-0.69822467,-1.00000000,-0.32592399,-0.55965105
2586,0.00241335,-0.13799547,1.00000000,-0.79196106,-0.52358102
2587,0.01577242,-0.24419715,1.00000000,-0.95919308,-0.31613227
2588,-0.00996978,-0.25033684,1.00000000,-0.96886104,-0.10828565
2589,0.00609585,-0.14077050,1.00000000,-0.79633081,-0.15758104
2590,-0.01244871,-0.35189886,-1.00000000,-0.87127095,-0.23441979
2591,0.01790759,-0.22013424,1.00000000,-0.92130208,-0.15815404
2592,0.00151443,-0.37223021,-1.00000000,-0.83925589,-0.22833468
2593,-0.00051520,-0.12325853,1.00000000,-0.76875534,-0.18179737
2594,0.04100555,-0.25770945,1.00000000,-0.98047043,-0.00996492
2595,0.03179686,-0.27435576,-1.00000000,-0.99337532,0.20782058
2596,-0.00083263,0.06618272,1.00000000,-0.47044893,0.11557748
2597,0.00863176,-0.00934369,1.00000000,-0.58937768,0.15061040
2598,0.05047053,-0.27695921,-1.00000000,-0.98927575,0.40157228
2599,-0.03252455,-0.19933562,1.00000000,-0.88855122,0.03964254
2600,-0.01099005,0.14381114,1.00000000,-0.34821021,-0.17096311
2601,0.02548334,-0.53688511,-1.00000000,-0.57997967,-0.04143069
2602,0.02627554,-0.36026674,-1.00000000,-0.85809434,0.04541550
2603,0.01009195,-0.06112497,1.00000000,-0.67091582,-0.15333588
2604,-0.01571352,-0.05462758,1.00000000,-0.66068461,-0.07058867
2605,-0.01249205,-0.18735965,1.00000000,-0.86969310,-0.07798185
2606,-0.00667751,-0.39900703,-1.00000000,-0.79709138,-0.23628394
2607,-0.01714260,-0.37258568,-1.00000000,-0.83869615,-0.44999665
2608,0.01768890,-0.32489687,-1.00000000,-0.91379002,-0.41260295
2609,0.04013482,-0.41072780,-1.00000000,-0.77863511,-0.13770630
2610,0.01836318,-0.12505214,1.00000000,-0.77157968,0.01416929
2611,-0.01556801,0.05904132,1.00000000,-0.48169423,-0.02959152
2612,-0.01344387,-0.11952197,1.00000000,-0.76287150,-0.01138563
2613,-0.01400268,-0.39781361,-1.00000000,-0.79897063,-0.16737791
2614,0.02013857,-0.38039211,-1.00000000,-0.82640363,-0.26580345
2615,0.00565132,-0.38497532,-1.00000000,-0.81918661,-0.32837373
2616,-0.00187186,-0.10496088,1.00000000,-0.73994267,-0.26095856
2617,0.00521279,-0.22378011,1.00000000,-0.92704310,-0.16912678
2618,-0.00318565,-0.28548263,-1.00000000,-0.97585422,-0.11588317
2619,0.00676873,-0.22737680,1.00000000,-0.93270668,-0.18169218
2620,-0.02168874,-0.29625780,-1.00000000,-0.95888694,-0.31626541
2621,-0.00483460,-0.21461558,1.00000000,-0.91261204,-0.33084856
2622,0.00493358,-0.44801365,-1.00000000,-0.71992241,-0.33222287
2623,-0.00060423,-0.30978191,-1.00000000,-0.93759101,-0.31951664
2624,-0.00624117,-0.22966675,1.00000000,-0.93631259,-0.38355393
2625,-0.00386521,-0.27508596,-1.00000000,-0.99222549,-0.29582297
2626,-0.01762771,-0.32131813,-1.00000000,-0.91942533,-0.35879320
2627,-0.00135363,-0.30183134,-1.00000000,-0.95011049,-0.38974012
2628,-0.01582582,-0.41470648,-1.00000000,-0.77237002,-0.46466380
2629,-0.00235394,-0.28123226,-1.00000000,-0.98254714,-0.44553010
2630,-0.00972368,-0.39992805,-1.00000000,-0.79564109,-0.47436665
2631,0.00409142,-0.28943648,-1.00000000,-0.96962825,-0.36746078
2632,-0.00431441,-0.34988043,-1.00000000,-0.87444930,-0.38203432
2633,0.00289495,-0.23657388,1.00000000,-0.94718899,-0.28988696
2634,0.00046728,-0.30551551,-1.00000000,-0.94430917,-0.27600033
2635,0.00675802,-0.24638690,1.00000000,-0.96264121,-0.19487413
2636,-0.00542214,-0.26629779,1.00000000,-0.99399418,-0.24170179
2637,-0.00614656,-0.21470337,1.00000000,-0.91275027,-0.25072002
2638,-0.00122171,-0.31460077,-1.00000000,-0.93000292,-0.27098306
2639,-0.01076455,-0.32054219,-1.00000000,-0.92064719,-0.32626837
2640,-0.00829410,-0.28015033,-1.00000000,-0.98425081,-0.40035789
2641,-0.01544745,-0.35841729,-1.00000000,-0.86100660,-0.44970444
2642,0.01401136,-0.33815553,-1.00000000,-0.89291209,-0.35048313
2643,0.01078529,-0.39682478,-1.00000000,-0.80052770,-0.29138227
2644,0.00098205,-0.15521404,1.00000000,-0.81907454,-0.23356315
2645,0.00253727,-0.18167312,1.00000000,-0.86073872,-0.18024900
2646,-0.00352714,-0.26207581,1.00000000,-0.98734598,-0.12157487
2647,0.00384929,-0.24932047,1.00000000,-0.96726060,-0.17159461
2648,-0.00862135,-0.29905862,-1.00000000,-0.95447659,-0.26711797
2649,0.00174382,-0.23855975,1.00000000,-0.95031608,-0.26336842
2650,-0.00744913,-0.34083955,-1.00000000,-0.88868565,-0.31252349
2651,-0.00686727,-0.25582810,1.00000000,-0.97750793,-0.32896428
2652,0.01359519,-0.33122543,-1.00000000,-0.90382467,-0.28099303
2653,0.00765099,-0.32645320,-1.00000000,-0.91133933,-0.20089732
2654,0.00530151,-0.15862735,1.00000000,-0.82444936,-0.18338562
2655,-0.00043521,-0.20737954,1.00000000,-0.90121770,-0.14886170
2656,0.00169208,-0.22664913,1.00000000,-0.93156084,-0.10673085
2657,-0.00263910,-0.27369971,-1.00000000,-0.99440837,-0.18663922
2658,0.00208286,-0.25625240,1.00000000,-0.97817605,-0.21404670
2659,0.01164850,-0.29177520,-1.00000000,-0.96594554,-0.18280556
2660,-0.00241475,-0.25304743,1.00000000,-0.97312930,-0.19254925
2661,0.00410698,-0.17459337,1.00000000,-0.84959049,-0.18066265
2662,-0.00133954,-0.28993520,-1.00000000,-0.96884292,-0.17426597
2663,-0.00730060,-0.23644626,1.00000000,-0.94698804,-0.22045320
2664,0.00465439,-0.28111669,-1.00000000,-0.98272911,-0.25487961
2665,-0.00363559,-0.33000720,-1.00000000,-0.90574297,-0.26088881
2666,-0.00819754,-0.23195661,1.00000000,-0.93991834,-0.32145409
2667,-0.00558261,-0.29994809,-1.00000000,-0.95307599,-0.34233933
2668,-0.00462608,-0.33736355,-1.00000000,-0.89415919,-0.32917484
2669,-0.01088818,-0.31591687,-1.00000000,-0.92793051,-0.40567845
2670,0.00718162,-0.30807177,-1.00000000,-0.94028390,-0.35243402
2671,-0.01185193,-0.35943126,-1.00000000,-0.85940995,-0.37042169
2672,-0.00994635,-0.21122920,1.00000000,-0.90727963,-0.39190090
2673,0.01596090,-0.36733562,-1.00000000,-0.84696322,-0.29056769
2674,0.00451182,-0.35170674,-1.00000000,-0.87157348,-0.21476584
2675,-0.01557263,-0.13922465,1.00000000,-0.79389662,-0.32676677
2676,0.00640118,-0.23312592,1.00000000,-0.94175962,-0.23692132
2677,-0.00633660,-0.39785149,-1.00000000,-0.79891098,-0.21915338
2678,0.01611932,-0.21763005,1.00000000,-0.91735883,-0.21837357
2679,0.01332534,-0.32210078,-1.00000000,-0.91819292,-0.17499168
2680,0.01201619,-0.13792529,1.00000000,-0.79185057,-0.03919404
2681,-0.01715636,-0.16084055,1.00000000,-0.82793441,-0.15514895
2682,0.02195816,-0.17157777,1.00000000,-0.84484192,-0.01587656
2683,-0.01930071,-0.41084070,-1.00000000,-0.77845733,-0.19022101
2684,-0.00339413,-0.09003724,1.00000000,-0.71644295,-0.27251755
2685,-0.03069781,-0.42842789,-1.00000000,-0.75076340,-0.48276431
2686,0.01462636,-0.29796770,-1.00000000,-0.95619442,-0.32632344
2687,-0.01308503,-0.52190284,-1.00000000,-0.60357172,-0.49881296
2688,-0.00665807,-0.15017005,1.00000000,-0.81113194,-0.43658335
2689,-0.00923406,-0.37744905,-1.00000000,-0.83103797,-0.46532865
2690,-0.01098577,-0.32473739,-1.00000000,-0.91404115,-0.36830207
2691,0.00107938,-0.34586475,-1.00000000,-0.88077264,-0.43498301
2692,0.02449485,-0.36023165,-1.00000000,-0.85814960,-0.25000738
2693,0.00021500,-0.26127761,1.00000000,-0.98608909,-0.21617675
2694,-0.00079850,-0.06923218,1.00000000,-0.68368197,-0.17465525
2695,-0.00232378,-0.26836688,1.00000000,-0.99725230,-0.13201924
2696,0.01583294,-0.27667928,-1.00000000,-0.98971655,-0.05939929
2697,-0.00568775,-0.28918911,-1.00000000,-0.97001776,-0.20796404
2698,-0.01152186,-0.14027413,1.00000000,-0.79554920,-0.26573520
2699,-0.00663049,-0.31677918,-1.00000000,-0.92657266,-0.29444144
2700,0.01033558,-0.36462847,-1.00000000,-0.85122609,-0.23212955
2701,-0.00361019,-0.32451123,-1.00000000,-0.91439728,-0.32783248
2702,0.00780692,-0.18536153,1.00000000,-0.86654672,-0.26140903
2703,0.01116727,-0.29973977,-1.00000000,-0.95340401,-0.14972863
2704,0.00996988,-0.20610067,1.00000000,-0.89920391,-0.06801830
2705,0.00788030,-0.17854026,1.00000000,-0.85580551,-0.08010367
2706,-0.00139157,-0.18836085,1.00000000,-0.87126965,-0.06918317
2707,0.00340787,-0.20549886,1.00000000,-0.89825626,-0.09083615
2708,0.01230065,-0.28154342,-1.00000000,-0.98205717,-0.08525745
2709,0.00046200,-0.24218009,1.00000000,-0.95601689,-0.13205712
2710,0.01182617,-0.16924472,1.00000000,-0.84116815,-0.11263476
2711,-0.00770527,-0.26634110,1.00000000,-0.99406238,-0.14371205
2712,0.00690220,-0.17313622,1.00000000,-0.84729597,-0.12651227
2713,0.01023402,-0.33332616,-1.00000000,-0.90051672,-0.13668460
2714,0.00893076,-0.21352084,1.00000000,-0.91088820,-0.09499970
2715,0.00572449,-0.18619443,1.00000000,-0.86785826,-0.12503335
2716,0.01259275,-0.19688335,1.00000000,-0.88468973,-0.02512245
2717,0.01333119,-0.22317999,1.00000000,-0.92609812,0.00652231
2718,0.00596280,-0.16684897,1.00000000,-0.83739565,-0.01450150
2719,0.00959725,-0.16079254,1.00000000,-0.82785881,-0.01122091
2720,0.00492184,-0.22122550,1.00000000,-0.92302044,-0.01517171
2721,-0.01511106,-0.19141704,1.00000000,-0.87608213,-0.15153539
2722,0.00877871,-0.22976304,1.00000000,-0.93646421,-0.17394361
2723,0.00014105,-0.39406585,-1.00000000,-0.80487208,-0.20259940
2724,-0.00482202,-0.19813039,1.00000000,-0.88665339,-0.27357389
2725,0.00417482,-0.26897341,1.00000000,-0.99820738,-0.27725089
2726,0.03422211,-0.30967875,-1.00000000,-0.93775345,-0.03442323
2727,-0.00290908,-0.23588986,1.00000000,-0.94611190,-0.09195287
2728,0.01404632,0.01054735,1.00000000,-0.55805597,-0.02350840
2729,-0.00168809,-0.29398953,-1.00000000,-0.96245871,-0.00808259
2730,-0.02012767,-0.15492736,1.00000000,-0.81862312,-0.12770427
2731,0.00471733,-0.28397539,-1.00000000,-0.97822762,-0.27293266
2732,-0.00221928,-0.43521029,-1.00000000,-0.74008340,-0.26953732
2733,0.01364495,-0.23144041,1.00000000,-0.93910550,-0.27151293
2734,0.00330202,-0.28833203,-1.00000000,-0.97136738,-0.24695063
2735,-0.01269854,-0.15821922,1.00000000,-0.82380670,-0.21038296
2736,-0.01717613,-0.24304830,1.00000000,-0.95738403,-0.31814690
2737,-0.01605076,-0.37427916,-1.00000000,-0.83602948,-0.38622816
2738,-0.00568728,-0.41100279,-1.00000000,-0.77820209,-0.48138523
2739,-0.02352609,-0.40177289,-1.00000000,-0.79273609,-0.61343849
2740,0.00637404,-0.31677531,-1.00000000,-0.92657875,-0.51955948
2741,-0.00010710,-0.46308293,-1.00000000,-0.69619334,-0.43554234
2742,-0.00395078,-0.21785264,1.00000000,-0.91770932,-0.37598385
2743,-0.00188115,-0.27100868,-1.00000000,-0.99864585,-0.35724932
2744,0.00739929,-0.30253314,-1.00000000,-0.94900539,-0.20502847
2745,0.00135220,-0.28555879,-1.00000000,-0.97573430,-0.22974694
2746,0.01492854,-0.20944392,1.00000000,-0.90446841,-0.15573851
2747,0.01308052,-0.25903996,1.00000000,-0.98256554,-0.07190710
2748,0.00685948,-0.14769164,1.00000000,-0.80722929,-0.02888397
2749,-0.00290079,-0.16284849,1.00000000,-0.83109625,-0.07958300
2750,0.01809247,-0.21387122,1.00000000,-0.91143992,0.00281593
2751,-0.00259631,-0.29392152,-1.00000000,-0.96256581,-0.08344487
2752,-0.01287389,-0.12174220,1.00000000,-0.76636762,-0.21119763
2753,-0.00172542,-0.29142428,-1.00000000,-0.96649812,-0.25345423
2754,0.01397785,-0.37571737,-1.00000000,-0.83376478,-0.17037421
2755,-0.01880899,-0.28428156,-1.00000000,-0.97774551,-0.35201053
2756,0.00053683,-0.15548888,1.00000000,-0.81950732,-0.33658860
2757,-0.01043065,-0.42439491,-1.00000000,-0.75711399,-0.32456248
2758,-0.02596807,-0.26572739,1.00000000,-0.99309600,-0.44388962
2759,-0.02293035,-0.35567877,-1.00000000,-0.86531886,-0.62555914
2760,0.05040161,-0.48311120,-1.00000000,-0.66465554,-0.28489085
2761,-0.02948263,-0.45819692,-1.00000000,-0.70388717,-0.43265258
2762,0.01936509,0.14324589,1.00000000,-0.34910028,-0.28599201
2763,0.03800838,-0.51193636,-1.00000000,-0.61926558,0.02891278
2764,-0.01613751,-0.11130463,1.00000000,-0.74993195,0.06234850
2765,-0.00289962,0.04160098,1.00000000,-0.50915692,-0.20001072
2766,0.00929645,-0.40248443,-1.00000000,-0.79161565,-0.00913239
2767,0.00533139,-0.29391189,-1.00000000,-0.96258098,-0.07820908
2768,-0.00067828,-0.19388407,1.00000000,-0.87996687,-0.26863250
2769,0.04744369,-0.22640412,1.00000000,-0.93117504,0.04432679
2770,-0.00992513,-0.27569331,-1.00000000,-0.99126912,0.00974579
2771,-0.01033595,0.11898607,1.00000000,-0.38730137,-0.08688878
2772,-0.00591624,-0.35153270,-1.00000000,-0.87184752,-0.14225185
2773,0.00092394,-0.35490207,-1.00000000,-0.86654190,-0.13436541
2774,0.02142891,-0.31865319,-1.00000000,-0.92362172,-0.26241530
2775,-0.01347880,-0.26255248,1.00000000,-0.98809657,-0.27990716
2776,-0.01911043,-0.09437792,1.00000000,-0.72327807,-0.32309689
2777,0.00177235,-0.38067862,-1.00000000,-0.82595248,-0.28525211
2778,0.01912251,-0.42686725,-1.00000000,-0.75322089,-0.19567509
2779,0.00255272,-0.25559408,1.00000000,-0.97713943,-0.28858744
2780,-0.00776059,-0.11329418,1.00000000,-0.75306482,-0.26044128
2781,-0.01734569,-0.24919374,1.00000000,-0.96706105,-0.25175487
2782,-0.00466133,-0.33377990,-1.00000000,-0.89980224,-0.28342271
2783,-0.00645573,-0.41239345,-1.00000000,-0.77601226,-0.40932390
2784,0.01806213,-0.30836083,-1.00000000,-0.93982874,-0.33298351
2785,-0.01461715,-0.32307787,-1.00000000,-0.91665435,-0.36673286
2786,-0.01638081,-0.12199106,1.00000000,-0.76675949,-0.36198355
2787,-0.00434313,-0.39001498,-1.00000000,-0.81125085,-0.36041731
2788,0.00619067,-0.40447988,-1.00000000,-0.78847348,-0.29816922
2789,-0.00123688,-0.30575108,-1.00000000,-0.94393821,-0.39316279
2790,-0.00468841,-0.21935656,1.00000000,-0.92007750,-0.34429153
2791,0.00058362,-0.28027472,-1.00000000,-0.98405494,-0.26078923
2792,-0.00137462,-0.30858293,-1.00000000,-0.93947901,-0.24617764
2793,0.00762182,-0.26534362,1.00000000,-0.99249168,-0.23913324
2794,0.00218438,-0.28140442,-1.00000000,-0.98227605,-0.22229310
2795,0.01426674,-0.20761879,1.00000000,-0.90159444,-0.12899212
2796,0.00416338,-0.25221472,1.00000000,-0.97181807,-0.11137183
2797,-0.00318415,-0.15311955,1.00000000,-0.81577643,-0.12027868
2798,-0.00317500,-0.23598370,1.00000000,-0.94625966,-0.17342275
2799,0.00653434,-0.29624551,-1.00000000,-0.95890631,-0.15201140
2800,-0.00226159,-0.29617046,-1.00000000,-0.95902448,-0.23336710
2801,-0.02161995,-0.21653791,1.00000000,-0.91563907,-0.36027775
2802,0.01650169,-0.28867903,-1.00000000,-0.97082097,-0.26338017
2803,-0.00206979,-0.44744942,-1.00000000,-0.72081088,-0.25794013
2804,-0.01021123,-0.13478927,1.00000000,-0.78691238,-0.34036517
2805,0.01263036,-0.28710595,-1.00000000,-0.97329804,-0.26706402
2806,0.01713293,-0.35387918,-1.00000000,-0.86815260,-0.07631469
2807,0.01613852,-0.16654050,1.00000000,-0.83690992,-0.07810229
2808,0.02431289,-0.12961208,1.00000000,-0.77876004,0.05175851
2809,0.01012657,-0.13776787,1.00000000,-0.79160268,0.15186523
2810,-0.00768601,-0.07072454,1.00000000,-0.68603192,0.05186400
2811,0.00837506,-0.18707571,1.00000000,-0.86924598,0.00875605
2812,-0.00194007,-0.33316820,-1.00000000,-0.90076546,-0.08023033
2813,0.00595954,-0.20144100,1.00000000,-0.89186649,-0.17056919
2814,0.00545296,-0.28604202,-1.00000000,-0.97497338,-0.19357366
2815,-0.02842323,-0.22125225,1.00000000,-0.92306257,-0.29564639
2816,-0.01839588,-0.22540706,1.00000000,-0.92960500,-0.42741824
2817,-0.00111725,-0.50324756,-1.00000000,-0.63294753,-0.42336818
2818,-0.00001712,-0.42100673,-1.00000000,-0.76244925,-0.45278649
2819,0.01248431,-0.27929356,-1.00000000,-0.98559993,-0.41817676
2820,0.01663884,-0.27027071,-1.00000000,-0.99980789,-0.19637229
2821,0.01735244,-0.16773837,1.00000000,-0.83879616,-0.02041200
2822,-0.00576915,-0.13366439,1.00000000,-0.78514107,-0.04330956
2823,0.00510912,-0.12781172,1.00000000,-0.77592508,-0.01807718
2824,-0.00002336,-0.31744678,-1.00000000,-0.92552142,-0.07964242
2825,-0.00430213,-0.22822709,1.00000000,-0.93404561,-0.18271801
2826,-0.01566467,-0.27032186,-1.00000000,-0.99972735,-0.34523475
2827,0.00328122,-0.30541478,-1.00000000,-0.94446778,-0.30068703
2828,0.00460215,-0.39860631,-1.00000000,-0.79772238,-0.30318240
2829,-0.00303611,-0.24321884,1.00000000,-0.95765258,-0.31801176
2830,0.03071482,-0.23238503,1.00000000,-0.94059295,-0.14565142
2831,-0.01305808,-0.29503138,-1.00000000,-0.96081816,-0.13282130
2832,0.00426988,-0.01821822,1.00000000,-0.60335208,-0.12795493
2833,0.01054820,-0.37722805,-1.00000000,-0.83138598,-0.09868732
2834,-0.00333788,-0.23511021,1.00000000,-0.94488421,-0.10017267
2835,-0.00252408,-0.18361768,1.00000000,-0.86380075,-0.26378114
2836,0.02479063,-0.29750634,-1.00000000,-0.95692092,-0.07748223
2837,0.00380553,-0.29083191,-1.00000000,-0.96743091,-0.07976788
2838,0.01999237,-0.06680627,1.00000000,-0.67986196,-0.03328180
2839,0.02645508,-0.23891869,1.00000000,-0.95088128,0.11336505
2840,-0.01873189,-0.10615994,1.00000000,-0.74183080,0.03358700
2841,0.00930162,-0.05315505,1.00000000,-0.65836588,-0.04265301
2842,-0.00108771,-0.42376262,-1.00000000,-0.75810963,-0.06673849
2843,0.00214248,-0.19384169,1.00000000,-0.87990013,-0.15459918
2844,0.01749697,-0.27905127,-1.00000000,-0.98598146,-0.19869279
2845,-0.00978868,-0.25255840,1.00000000,-0.97235925,-0.15467252
2846,-0.01975651,-0.12662633,1.00000000,-0.77405849,-0.29770237
2847,-0.01660138,-0.35041355,-1.00000000,-0.87360981,-0.37406374
2848,-0.01687567,-0.43216613,-1.00000000,-0.74487693,-0.46767483
2849,0.01238565,-0.40628890,-1.00000000,-0.78562488,-0.49283376
2850,-0.02808470,-0.40853850,-1.00000000,-0.78208252,-0.58289038
2851,0.01545986,-0.16854756,1.00000000,-0.84007036,-0.40954842
2852,-0.00438238,-0.50047100,-1.00000000,-0.63731968,-0.34940407
2853,-0.01176148,-0.14333394,1.00000000,-0.80036737,-0.32423105
2854,-0.01013640,-0.30607298,-1.00000000,-0.94343133,-0.43508906
2855,-0.00781175,-0.36659378,-1.00000000,-0.84813137,-0.33530160
2856,-0.00020420,-0.35326544,-1.00000000,-0.86911904,-0.41240325
2857,-0.00756524,-0.33419948,-1.00000000,-0.89914153,-0.42806993
2858,0.03942693,-0.27180508,-1.00000000,-0.99739179,-0.17611042
2859,-0.00277417,-0.33217770,-1.00000000,-0.90232515,-0.13987204
2860,-0.02317890,0.05323543,1.00000000,-0.49083657,-0.21551219
2861,-0.00771583,-0.29288301,-1.00000000,-0.96420112,-0.25248592
2862,0.01932902,-0.46023538,-1.00000000,-0.70067728,-0.12010702
2863,-0.00284785,-0.33341281,-1.00000000,-0.90038027,-0.32819187
2864,-0.00851205,-0.11160047,1.00000000,-0.75039780,-0.35643485
2865,-0.01320916,-0.29348734,-1.00000000,-0.96324950,-0.30736184
2866,0.01271237,-0.33994305,-1.00000000,-0.89009733,-0.20681015
2867,-0.00199157,-0.37846716,-1.00000000,-0.82943480,-0.31175433
2868,-0.03409304,-0.16586790,1.00000000,-0.83585080,-0.46554933
2869,0.02275067,-0.28646440,-1.00000000,-0.97430827,-0.31166803
2870,-0.03664892,-0.54974928,-1.00000000,-0.55972292,-0.42704314
2871,0.02595826,-0.08353732,1.00000000,-0.70620775,-0.36184424
2872,0.00660180,-0.57071169,-1.00000000,-0.52671415,-0.31954600
2873,0.00804474,-0.05722980,1.00000000,-0.66478224,-0.11213552
2874,-0.01455684,-0.21598467,1.00000000,-0.91476790,-0.29577052
2875,0.01252074,-0.20415019,1.00000000,-0.89613257,-0.05374771
2876,0.01037967,-0.38952036,-1.00000000,-0.81202971,-0.13042863
2877,-0.00550730,-0.16743959,1.00000000,-0.83832568,-0.19003198
2878,-0.02871236,-0.18499988,1.00000000,-0.86597725,-0.37095768
2879,0.01773826,-0.31529915,-1.00000000,-0.92890321,-0.21199477
2880,0.01365967,-0.50561884,-1.00000000,-0.62921355,-0.20638875
2881,-0.03803663,-0.12464736,1.00000000,-0.77094227,-0.44470341
2882,0.03797330,-0.15809853,1.00000000,-0.82361665,-0.23068330
2883,-0.04821046,-0.58209326,-1.00000000,-0.50879200,-0.32665685
2884,0.01711279,0.04131328,1.00000000,-0.50960995,-0.32973551
2885,-0.02159875,-0.66553541,-1.00000000,-0.37739861,-0.50328441
2886,-0.08765369,-0.12977719,1.00000000,-0.77902004,-0.74750944
2887,-0.00902174,-0.44727554,-1.00000000,-0.72108468,-0.97882835
2888,0.01043378,-0.98903483,-1.00000000,0.13200445,-0.69016974
2889,0.03609422,-0.34412339,-1.00000000,-0.88351470,-0.59673938
2890,-0.00682527,-0.18455609,1.00000000,-0.86527842,-0.52402140
2891,0.01340636,0.02590178,1.00000000,-0.53387790,-0.02658375
2892,-0.04141656,-0.32610872,-1.00000000,-0.91188176,-0.18603746
2893,0.00132437,-0.16017606,1.00000000,-0.82688806,-0.23087579
2894,-0.01148141,-0.60981419,-1.00000000,-0.46514083,-0.46505250
2895,-0.04232661,-0.25926825,1.00000000,-0.98292501,-0.63979713
2896,0.03692564,-0.36429671,-1.00000000,-0.85174849,-0.52403056
2897,-0.03552179,-0.61727812,-1.00000000,-0.45338765,-0.49501535
2898,-0.07521993,0.03272076,1.00000000,-0.52314029,-0.87178158
2899,0.00016167,-0.56146741,-1.00000000,-0.54127079,-0.81447204
2900,-0.02882406,-0.88705747,-1.00000000,-0.02857569,-0.74800982
2901,0.00426018,-0.26880431,1.00000000,-0.99794112,-0.90879570
2902,-0.01986928,-0.50653500,-1.00000000,-0.62777090,-0.83175096
2903,0.01445031,-0.23518979,1.00000000,-0.94500952,-0.39037627
2904,-0.02396984,-0.43309109,-1.00000000,-0.74342042,-0.50915635
2905,-0.00657159,-0.15161397,1.00000000,-0.81340564,-0.39962526
2906,-0.00471142,-0.46672241,-1.00000000,-0.69046237,-0.44378526
2907,-0.01481419,-0.32402810,-1.00000000,-0.91515804,-0.41890309
2908,0.00188532,-0.30877168,-1.00000000,-0.93918179,-0.48075047
2909,0.03012083,-0.39163101,-1.00000000,-0.80870614,-0.21450547
2910,-0.01147881,-0.25466757,1.00000000,-0.97568049,-0.23865979
2911,0.00044719,-0.02308992,1.00000000,-0.61102339,-0.21326807
2912,0.01501355,-0.36427540,-1.00000000,-0.85178205,-0.06644999
2913,-0.01512252,-0.26646256,1.00000000,-0.99425363,-0.15016595
2914,-0.00727559,-0.14699442,1.00000000,-0.80613140,-0.33423853
2915,-0.02041724,-0.39415984,-1.00000000,-0.80472408,-0.37823525
2916,-0.00213539,-0.32980207,-1.00000000,-0.90606598,-0.39094725
2917,0.00780004,-0.43758522,-1.00000000,-0.73634367,-0.42645360
2918,-0.00633404,-0.28764402,-1.00000000,-0.97245077,-0.38319492
2919,0.00696622,-0.20615711,1.00000000,-0.89929278,-0.31309391
2920,-0.00964873,-0.32207979,-1.00000000,-0.91822598,-0.26008916
2921,0.00750198,-0.21299579,1.00000000,-0.91006141,-0.21265207
2922,0.01606087,-0.34926571,-1.00000000,-0.87541728,-0.17199061
2923,0.01563958,-0.20860166,1.00000000,-0.90314213,-0.06383212
2924,-0.02814778,-0.13840467,1.00000000,-0.79260543,-0.23667021
2925,-0.00942850,-0.14185999,1.00000000,-0.79804640,-0.23558621
2926,-0.00844294,-0.50098839,-1.00000000,-0.63650495,-0.31407029
2927,-0.01062436,-0.34745949,-1.00000000,-0.87826146,-0.44542033
2928,0.02761470,-0.33937628,-1.00000000,-0.89098981,-0.38647639
2929,-0.01018001,-0.35726754,-1.00000000,-0.86281707,-0.29803545
2930,-0.03494363,-0.04364427,1.00000000,-0.64338958,-0.42362597
2931,0.03749446,-0.35362309,-1.00000000,-0.86855587,-0.19751298
2932,-0.02705234,-0.55672553,-1.00000000,-0.54873767,-0.27837476
2933,-0.00834674,0.03738598,1.00000000,-0.51579413,-0.45538414
2934,0.01056869,-0.49200402,-1.00000000,-0.65065233,-0.35325494
2935,-0.01197409,-0.33858731,-1.00000000,-0.89223217,-0.24019434
2936,-0.02055801,-0.18344964,1.00000000,-0.86353614,-0.52594008
2937,0.00672317,-0.36833755,-1.00000000,-0.84538553,-0.35969029
2938,-0.00345483,-0.43873976,-1.00000000,-0.73452566,-0.33561130
2939,-0.02589622,-0.21498920,1.00000000,-0.91320037,-0.51509881
2940,-0.03817145,-0.29846554,-1.00000000,-0.95541050,-0.64404742
2941,-0.01585916,-0.48252188,-1.00000000,-0.66558352,-0.62091874
2942,-0.00046280,-0.58319902,-1.00000000,-0.50705080,-0.65628953
2943,0.00201501,-0.40020145,-1.00000000,-0.79521058,-0.62936589
2944,0.01431937,-0.27392602,-1.00000000,-0.99405201,-0.43141681
2945,-0.00592697,-0.25360384,1.00000000,-0.97400547,-0.27270306
2946,-0.02213487,-0.15268791,1.00000000,-0.81509673,-0.30359335
2947,-0.02324185,-0.31874119,-1.00000000,-0.92348315,-0.41571636
2948,0.01047787,-0.45167260,-1.00000000,-0.71416078,-0.37406048
2949,0.00108938,-0.46075172,-1.00000000,-0.69986421,-0.43918111
2950,-0.00380281,-0.18419447,1.00000000,-0.86470899,-0.42872556
2951,0.00581530,-0.26119559,1.00000000,-0.98595993,-0.29114931
2952,0.02677220,-0.30131955,-1.00000000,-0.95091639,-0.04497020
2953,-0.01141330,-0.22243527,1.00000000,-0.92492543,-0.15272289
2954,0.00893296,-0.05055415,1.00000000,-0.65427032,-0.11411521
2955,0.01125781,-0.36373810,-1.00000000,-0.85262812,-0.03998384
2956,-0.00168468,-0.19686530,1.00000000,-0.88466130,-0.07690022
2957,0.02699248,-0.17779766,1.00000000,-0.85463617,-0.07581595
2958,0.01872644,-0.28394743,-1.00000000,-0.97827166,0.07253782
2959,-0.02753356,-0.04874748,1.00000000,-0.65142543,-0.10695765
2960,0.03180146,-0.11654264,1.00000000,-0.75818006,-0.00583774
2961,0.01184494,-0.49595082,-1.00000000,-0.64443745,0.06075773
2962,0.01703912,-0.00930594,1.00000000,-0.58931824,0.01176530
2963,-0.02038112,-0.17298228,1.00000000,-0.84705356,-0.18072990
2964,-0.00827763,-0.13038145,1.00000000,-0.77997154,-0.08594834
2965,0.04918823,-0.43728903,-1.00000000,-0.73681008,-0.00036724
2966,-0.02062049,-0.33802042,-1.00000000,-0.89312484,-0.16016851
2967,-0.00972163,0.13329414,1.00000000,-0.36477096,-0.29189024
2968,0.02078310,-0.43925222,-1.00000000,-0.73371871,-0.08927173
2969,0.01061502,-0.34986364,-1.00000000,-0.87447574,0.00372164
2970,0.06308709,-0.09967460,1.00000000,-0.73161856,0.07213462
2971,0.00412148,-0.18306960,1.00000000,-0.86293771,0.19391953
2972,-0.00066986,0.24728772,1.00000000,-0.18526931,0.23847415
2973,-0.00624158,-0.23632731,1.00000000,-0.94680074,0.10545328
2974,-0.02415769,-0.27562420,-1.00000000,-0.99137794,-0.06570492
2975,0.00778337,-0.32132151,-1.00000000,-0.91942002,-0.33792083
2976,-0.03361394,-0.46826308,-1.00000000,-0.68803634,-0.52366208
2977,0.01226088,-0.20629384,1.00000000,-0.89950809,-0.46001443
2978,0.00408808,-0.54581991,-1.00000000,-0.56591035,-0.40916978
2979,-0.02489701,-0.16957087,1.00000000,-0.84168174,-0.41280888
2980,-0.00908781,-0.23660129,1.00000000,-0.94723215,-0.49585218
2981,0.00930989,-0.47432676,-1.00000000,-0.67848809,-0.28457256
2982,-0.00722890,-0.34466529,-1.00000000,-0.88266140,-0.38050514
2983,-0.02279045,-0.19377384,1.00000000,-0.87979329,-0.51280661
2984,0.01030084,-0.32941917,-1.00000000,-0.90666892,-0.33955579
2985,0.03717742,-0.45704949,-1.00000000,-0.70569399,-0.11182914
2986,-0.06597700,-0.18564643,1.00000000,-0.86699535,-0.48240616
2987,-0.02717230,0.03478575,1.00000000,-0.51988862,-0.58057155
2988,-0.00622865,-0.81125025,-1.00000000,-0.14794661,-0.49905107
2989,-0.00491797,-0.49298789,-1.00000000,-0.64910306,-0.57396108
2990,-0.04025893,-0.32121544,-1.00000000,-0.91958704,-0.95511818
2991,-0.04764892,-0.31046575,-1.00000000,-0.93651420,-0.86490376
2992,-0.02795516,-0.60031979,-1.00000000,-0.48009134,-0.86875715
2993,-0.00153150,-0.66092988,-1.00000000,-0.38465078,-0.84563682
2994,-0.00008166,-0.49940863,-1.00000000,-0.63899255,-0.82183151
2995,-0.06861609,-0.28269105,-1.00000000,-0.98025003,-0.96141109
2996,0.00918588,-0.27079999,-1.00000000,-0.99897446,-0.68165889
2997,-0.01878833,-0.83289517,-1.00000000,-0.11386313,-0.63653791
2998,-0.01944656,-0.19479093,1.00000000,-0.88139486,-0.72471942
2999,-0.01388468,-0.42422550,-1.00000000,-0.75738076,-0.79266064
3000,-0.00377566,-0.42962407,-1.00000000,-0.74887983,-0.47350316
3001,0.00200411,-0.38400751,-1.00000000,-0.82071060,-0.50885324
3002,-0.00355101,-0.30109691,-1.00000000,-0.95126698,-0.43385215
3003,-0.01141314,-0.25369324,1.00000000,-0.97414624,-0.39431006
3004,-0.03117558,-0.29925443,-1.00000000,-0.95416827,-0.47941930
3005,-0.03021468,-0.36373681,-1.00000000,-0.85263016,-0.60955739
3006,0.02478438,-0.52582134,-1.00000000,-0.59740140,-0.49742837
3007,-0.03270994,-0.51794036,-1.00000000,-0.60981130,-0.64095439
3008,-0.01503059,-0.06685752,1.00000000,-0.67994267,-0.65876018
3009,0.03838293,-0.53840560,-1.00000000,-0.57758540,-0.31637940
3010,-0.02049554,-0.39340583,-1.00000000,-0.80591140,-0.26853985
3011,-0.02074034,0.04467292,1.00000000,-0.50431965,-0.49262158
3012,-0.01498465,-0.43822739,-1.00000000,-0.73533248,-0.40537420
3013,-0.01407942,-0.44023520,-1.00000000,-0.73217084,-0.40069236
3014,-0.00679980,-0.39302908,-1.00000000,-0.80650466,-0.62309071
3015,-0.00607940,-0.38560468,-1.00000000,-0.81819559,-0.55213162
3016,-0.00772169,-0.32589980,-1.00000000,-0.91221075,-0.48805124
3017,0.00699606,-0.31999135,-1.00000000,-0.92151457,-0.37985780
3018,-0.00378466,-0.33346084,-1.00000000,-0.90030465,-0.32918496
3019,-0.05551164,-0.21275104,1.00000000,-0.90967602,-0.56895431
3020,0.03361126,-0.30117072,-1.00000000,-0.95115075,-0.37358900
3021,0.01610870,-0.72541706,-1.00000000,-0.28310510,-0.25629110
3022,0.00268641,0.00553739,1.00000000,-0.56594498,-0.27750406
3023,-0.01313609,-0.13801243,1.00000000,-0.79198777,-0.32353364
3024,0.00335672,-0.24809728,1.00000000,-0.96533448,-0.03377191
3025,0.00434171,-0.37786783,-1.00000000,-0.83037853,-0.17784243
3026,0.01025456,-0.24259965,1.00000000,-0.95667756,-0.20665764
3027,0.00589987,-0.23452108,1.00000000,-0.94395652,-0.19084035
3028,0.07256633,-0.18602596,1.00000000,-0.86759298,0.23100399
3029,-0.01931657,-0.22174161,1.00000000,-0.92383314,0.11940154
3030,-0.02819139,0.32503308,1.00000000,-0.06284645,-0.04073288
3031,0.04953484,-0.42855797,-1.00000000,-0.75055858,0.15261245
3032,-0.01062728,-0.50134611,-1.00000000,-0.63594167,0.07126253
3033,-0.04491333,0.13613696,1.00000000,-0.36029446,-0.50699570
3034,0.07025179,-0.35729145,-1.00000000,-0.86277944,-0.06612245
3035,0.01502066,-0.63849353,-1.00000000,-0.41998050,0.14657585
3036,0.08256247,0.30605001,1.00000000,-0.09273842,0.30914442
3037,-0.00561200,-0.14693615,1.00000000,-0.80603964,0.33383063
3038,-0.02888105,0.40701792,1.00000000,0.06625216,0.41274469
3039,0.03547207,-0.31615789,-1.00000000,-0.92755098,0.24155204
3040,-0.02227652,-0.50700244,-1.00000000,-0.62703485,0.05796792
3041,-0.05022957,0.02079911,1.00000000,-0.54191289,-0.59566088
3042,-0.01750089,-0.45283439,-1.00000000,-0.71233135,-0.65418035
3043,-0.03003961,-0.68209539,-1.00000000,-0.35132219,-0.65988299
3044,0.02459464,-0.41366635,-1.00000000,-0.77400787,-0.71342388
3045,-0.05741789,-0.51650450,-1.00000000,-0.61207229,-0.88639667
3046,0.03106809,-0.06841375,1.00000000,-0.68239320,-0.48623345
3047,-0.02111372,-0.74105145,-1.00000000,-0.25848618,-0.50401655
3048,0.01328642,-0.01532078,1.00000000,-0.59878959,-0.29075725
3049,0.02076785,-0.44329756,-1.00000000,-0.72734865,-0.30959348
3050,-0.00820324,-0.16115978,1.00000000,-0.82843709,-0.06734924
3051,0.03143901,-0.09979975,1.00000000,-0.73181563,-0.06552352
3052,0.00170876,-0.33741037,-1.00000000,-0.89408545,0.04681330
3053,0.04052279,-0.01227867,1.00000000,-0.59399929,0.18087614
3054,-0.03350336,-0.25611559,1.00000000,-0.97796063,-0.08625748
3055,-0.02199316,0.06222332,1.00000000,-0.47668365,-0.15413420
3056,-0.01601502,-0.54491292,-1.00000000,-0.56733856,-0.38771233
3057,-0.00881699,-0.45051040,-1.00000000,-0.71599086,-0.43952217
3058,-0.00079538,-0.40147978,-1.00000000,-0.79319764,-0.64289842
3059,0.01393563,-0.34244407,-1.00000000,-0.88615907,-0.40939432
3060,0.01028693,-0.27665370,-1.00000000,-0.98975682,-0.25050528
3061,-0.00053137,-0.15583518,1.00000000,-0.82005263,-0.17429172
3062,-0.02129309,-0.18576049,1.00000000,-0.86717495,-0.23570157
3063,0.02121322,-0.27448841,-1.00000000,-0.99316643,-0.12737085
3064,-0.04281117,-0.44476865,-1.00000000,-0.72503219,-0.40668984
3065,0.03450248,-0.09614693,1.00000000,-0.72606367,-0.28749611
3066,-0.00602322,-0.62125230,-1.00000000,-0.44712965,-0.31452806
3067,0.01863510,0.01284687,1.00000000,-0.55443499,-0.11799356
3068,0.03268042,-0.31953059,-1.00000000,-0.92224011,-0.06154973
