seq_idx,target_return,feat_logret,feat_sign,feat_absret,feat_rollmean
0,0.00072489,-0.04239389,-1.00000000,-0.83250059,-0.38348079
1,0.00881813,-0.03868583,-1.00000000,-0.83959642,-0.29486058
2,-0.01843393,0.05234026,1.00000000,-0.98685133,-0.32883453
3,0.02695535,0.13091420,1.00000000,-0.83649014,-0.15118358
4,-0.00332674,-0.13366485,-1.00000000,-0.65784205,-0.12490141
5,-0.00240614,0.30700093,1.00000000,-0.49952587,-0.14035735
6,-0.00995563,0.01300459,-1.00000000,-0.93851259,-0.23303150
7,-0.01694488,0.02194230,-1.00000000,-0.95561604,-0.22568103
8,0.00862315,-0.05135258,-1.00000000,-0.81535699,-0.31617541
9,-0.00368261,-0.11920831,-1.00000000,-0.68550646,-0.31793212
10,0.00301771,0.12902121,1.00000000,-0.84011261,-0.29115803
11,0.03707450,0.00954957,-1.00000000,-0.93190098,-0.05900017
12,0.00912268,0.07460023,1.00000000,-0.94425405,0.06967878
13,-0.02788367,0.40524361,1.00000000,-0.31152606,-0.11053219
14,-0.04680004,0.13387088,1.00000000,-0.83083216,-0.32337551
15,-0.00168285,-0.22540853,-1.00000000,-0.48227890,-0.34657918
16,-0.02153498,-0.40905978,-1.00000000,-0.13083896,-0.63589693
17,0.02006787,0.02896445,-1.00000000,-0.96905380,-0.58186745
18,0.00330910,-0.16377174,-1.00000000,-0.60022869,-0.42788858
19,0.00398100,0.24013329,1.00000000,-0.62748557,-0.17721485
20,0.00790586,0.07742923,1.00000000,-0.93884040,-0.12988147
21,-0.00785468,0.08395250,1.00000000,-0.92635730,-0.06235050
22,0.00369363,0.12205731,1.00000000,-0.85343892,-0.14317973
23,0.01708810,-0.03095526,-1.00000000,-0.85438984,-0.07516156
24,0.01807617,0.08116250,1.00000000,-0.93169633,-0.00558267
25,0.01289323,0.21120388,1.00000000,-0.68284566,0.01903680
26,-0.07544894,0.22079670,1.00000000,-0.66448858,-0.31463312
27,0.00294721,0.17047763,1.00000000,-0.76078051,-0.31831771
28,0.00471270,-0.68720020,-1.00000000,0.40141796,-0.37940718
29,0.02676534,0.07391582,1.00000000,-0.94556376,-0.33651427
30,0.01397742,0.09105625,1.00000000,-0.91276338,-0.33116231
31,-0.01853947,0.30515628,1.00000000,-0.50305584,-0.05023643
32,0.01846691,0.18100358,1.00000000,-0.74063777,0.02637445
33,0.00254964,-0.13468952,-1.00000000,-0.65588120,0.01569680
34,-0.05298773,0.22459018,1.00000000,-0.65722929,-0.37799341
35,0.00585710,0.07005599,1.00000000,-0.95295004,-0.41807829
36,0.00209520,-0.46913350,-1.00000000,-0.01588029,-0.31621807
37,-0.01302411,0.10216670,1.00000000,-0.89150213,-0.47166921
38,0.00695209,0.06564395,1.00000000,-0.96139303,-0.44993710
39,0.01808991,-0.08114318,-1.00000000,-0.75834890,-0.09907197
40,0.00512648,0.11279758,1.00000000,-0.87115858,-0.10267856
41,-0.01210377,0.22093010,1.00000000,-0.66423331,-0.17276983
42,0.00701856,0.09507345,1.00000000,-0.90507596,-0.07383189
43,0.00543830,-0.07220797,-1.00000000,-0.77544756,-0.08130451
44,-0.01542236,0.11344290,1.00000000,-0.86992369,-0.24673329
45,0.02316028,0.09810081,1.00000000,-0.89928272,-0.15771188
46,0.06782026,-0.10442676,-1.00000000,-0.71379283,0.23682224
47,0.00040426,0.27015620,1.00000000,-0.57003293,0.20417161
48,-0.03246377,0.70374156,1.00000000,0.25968758,0.01707317
49,-0.02633620,0.04922731,1.00000000,-0.99280834,-0.03680152
50,0.02211828,-0.26987484,-1.00000000,-0.39718698,-0.04194520
51,0.06128011,-0.21038475,-1.00000000,-0.51102879,-0.07422974
52,-0.00052811,0.26003988,1.00000000,-0.58939179,-0.07883223
53,-0.00595140,0.64024597,1.00000000,0.13818071,0.05204250
54,0.01889897,0.04017538,-1.00000000,-0.99050735,0.27533978
55,-0.02668298,-0.01247712,-1.00000000,-0.88975011,0.03443896
56,0.00886450,0.22878492,1.00000000,-0.64920211,-0.22430360
57,0.01175793,-0.21375153,-1.00000000,-0.50458604,-0.16365526
58,-0.00904000,0.13136433,1.00000000,-0.83562876,-0.17890173
59,-0.00070119,0.15945544,1.00000000,-0.78187287,-0.27565525
60,0.01811129,-0.04246310,-1.00000000,-0.83236815,-0.05453444
61,0.03899716,0.03849503,-1.00000000,-0.98729178,0.09421137
62,-0.00851387,0.22113759,1.00000000,-0.66383625,-0.00585762
63,-0.02566793,0.42390998,1.00000000,-0.27580560,-0.08793911
64,0.00247650,-0.03735514,-1.00000000,-0.84214288,-0.07225291
65,-0.01374806,-0.20389678,-1.00000000,-0.52344435,-0.22952225
66,0.04254453,0.06934585,1.00000000,-0.95430898,-0.21201117
67,0.00393053,-0.08817170,-1.00000000,-0.74489894,-0.15058109
68,-0.00012114,0.45834988,1.00000000,-0.20990049,-0.02447285
69,0.00484572,0.08346241,1.00000000,-0.92729514,-0.01277750
70,-0.00612852,0.04412645,-1.00000000,-0.99806821,0.02483533
71,0.02410742,0.09234767,1.00000000,-0.91029208,-0.06617694
72,0.00670909,-0.01419672,-1.00000000,-0.88645944,-0.05246096
73,-0.04238379,0.27935160,1.00000000,-0.55243637,-0.26108476
74,0.01854646,0.11043831,1.00000000,-0.87567335,-0.19345292
75,-0.01422037,-0.36618417,-1.00000000,-0.21288687,-0.23339724
76,-0.00083406,0.22536251,1.00000000,-0.65575134,-0.35651749
77,0.00719339,-0.09275716,-1.00000000,-0.73612408,-0.35412681
78,-0.01850866,0.03720498,-1.00000000,-0.98482311,-0.23627049
79,-0.00241936,0.11514019,1.00000000,-0.86667571,-0.33976542
80,0.03497107,-0.13439039,-1.00000000,-0.65645362,-0.09693854
81,-0.01597943,0.02181397,-1.00000000,-0.95537046,-0.17170161
82,-0.03342799,0.38482231,1.00000000,-0.35060480,-0.37222353
83,-0.03159330,-0.10983519,-1.00000000,-0.70344311,-0.43681410
84,0.02284054,-0.27923606,-1.00000000,-0.37927308,-0.31212201
85,-0.00117135,-0.26142383,-1.00000000,-0.41335905,-0.49053418
86,-0.00488251,0.26705200,1.00000000,-0.57597322,-0.43575574
87,0.00707833,0.03393037,-1.00000000,-0.97855673,-0.23580180
88,-0.04665971,-0.00209975,-1.00000000,-0.90960852,-0.31017506
89,0.03887567,0.11402312,1.00000000,-0.86881336,-0.23101986
90,0.01036320,-0.40769735,-1.00000000,-0.13344614,-0.17408109
91,0.00253993,0.42273040,1.00000000,-0.27806287,-0.13744120
92,-0.01739960,0.14591463,1.00000000,-0.80778491,-0.25827315
93,0.02814546,0.06996170,1.00000000,-0.95313047,0.11099238
94,0.00566510,-0.12362298,-1.00000000,-0.67705843,-0.05294709
95,-0.00065613,0.31855522,1.00000000,-0.47741528,-0.10734252
96,0.02743514,0.10030264,1.00000000,-0.89506923,0.01554929
97,-0.01023016,0.03893247,-1.00000000,-0.98812888,0.05094025
98,0.01724873,0.31165904,1.00000000,-0.49061199,-0.00284994
99,-0.01679682,-0.05401785,-1.00000000,-0.81025667,-0.11373015
100,0.01366135,0.21276342,1.00000000,-0.67986128,-0.04305387
101,0.03740907,-0.11777090,-1.00000000,-0.68825714,0.00618111
102,0.00341322,0.17793498,1.00000000,-0.74650993,0.07352979
103,-0.00119174,0.40849188,1.00000000,-0.30531009,-0.01749913
104,0.01791975,0.07844009,1.00000000,-0.93690600,0.15387450
105,0.01184259,0.03373240,-1.00000000,-0.97817789,0.14489644
106,-0.01169298,0.21927799,1.00000000,-0.66739483,-0.09748919
107,-0.01766250,0.16027738,1.00000000,-0.78029997,-0.20152661
108,-0.02755246,-0.06821978,-1.00000000,-0.78307948,-0.33165271
109,-0.00812872,-0.12617540,-1.00000000,-0.67217404,-0.46023742
110,-0.00035612,-0.22219294,-1.00000000,-0.48843233,-0.52045468
111,0.00422091,-0.03361584,-1.00000000,-0.84929850,-0.44189793
112,-0.00034737,0.04184514,-1.00000000,-0.99370265,-0.35642414
113,0.00586563,0.08628162,1.00000000,-0.92190023,-0.19146026
114,-0.00788517,0.04193008,-1.00000000,-0.99386517,-0.19025800
115,0.00165457,0.10224959,1.00000000,-0.89134350,-0.18033253
116,0.00182431,-0.03125130,-1.00000000,-0.85382334,-0.19216300
117,0.01453191,0.06136606,1.00000000,-0.96957932,-0.11871346
118,-0.00233218,0.06301406,1.00000000,-0.96642566,-0.15918087
119,0.00108858,0.18638687,1.00000000,-0.73033616,-0.11488319
120,-0.00507583,0.02266035,-1.00000000,-0.95699012,-0.14810688
121,-0.00009293,0.05587111,1.00000000,-0.98009460,-0.15757108
122,-0.02574707,-0.00397658,-1.00000000,-0.90601696,-0.35640276
123,-0.00593587,0.04440035,-1.00000000,-0.99859236,-0.37419187
124,0.01426986,-0.20466511,-1.00000000,-0.52197405,-0.30912427
125,-0.00306719,-0.01232636,-1.00000000,-0.89003862,-0.29920890
126,0.00430555,0.18384273,1.00000000,-0.73520470,-0.27749640
127,0.00139432,0.01552447,-1.00000000,-0.94333470,-0.14351665
128,-0.00068808,0.08710337,1.00000000,-0.92032770,-0.11761166
129,0.00583755,0.05883941,1.00000000,-0.97441437,-0.15923658
130,-0.01533922,0.03862225,-1.00000000,-0.98753524,-0.21981580
131,0.00226196,0.10197696,1.00000000,-0.89186522,-0.22990370
132,-0.00435353,-0.10361964,-1.00000000,-0.71533736,-0.25827714
133,-0.01794809,0.06726301,1.00000000,-0.95829475,-0.34347882
134,-0.03064135,0.00303597,-1.00000000,-0.91943638,-0.52355198
135,0.03192587,-0.12894804,-1.00000000,-0.66686825,-0.29023429
136,0.00490814,-0.25218173,-1.00000000,-0.43104499,-0.27717181
137,0.00852414,0.35525766,1.00000000,-0.40718051,-0.21360296
138,-0.00256568,0.09295363,1.00000000,-0.90913250,-0.13766978
139,0.00454236,0.12805993,1.00000000,-0.84195215,0.03600983
140,-0.00796468,0.02039346,-1.00000000,-0.95265214,-0.16090445
141,-0.02041498,0.08940244,1.00000000,-0.91592815,-0.28590856
142,-0.01002364,-0.03202326,-1.00000000,-0.85234610,-0.37746716
143,-0.00711164,-0.15289807,-1.00000000,-0.62103684,-0.39990769
144,-0.00568994,-0.05201286,-1.00000000,-0.81409348,-0.45041805
145,-0.00849596,-0.02374141,-1.00000000,-0.86819447,-0.45304061
146,0.00184202,-0.00993876,-1.00000000,-0.89460758,-0.34317196
147,0.00761537,-0.03718117,-1.00000000,-0.84247578,-0.25609935
148,0.00860131,0.06318597,1.00000000,-0.96609668,-0.17853453
149,0.00033598,0.11923710,1.00000000,-0.85883575,-0.14878838
150,-0.00293807,0.12880912,1.00000000,-0.84051848,-0.12135263
151,0.01164444,0.04856445,1.00000000,-0.99407682,-0.07296431
152,0.03629429,0.01677804,-1.00000000,-0.94573357,0.06860526
153,0.02704675,0.15835366,1.00000000,-0.78398125,0.15965867
154,0.00399932,0.39766889,1.00000000,-0.32602126,0.17774223
155,-0.00854953,0.30788830,1.00000000,-0.49782778,0.15004202
156,0.01343570,0.08413028,1.00000000,-0.92601710,0.15888430
157,0.01028871,-0.03770132,-1.00000000,-0.84148041,0.03051128
158,0.00439704,0.17574420,1.00000000,-0.75070225,-0.08129591
159,0.00828790,0.14519140,1.00000000,-0.80916890,-0.06012591
160,0.00730982,0.08799163,1.00000000,-0.91862791,0.01816162
161,0.00253515,0.12576636,1.00000000,-0.84634118,-0.03564746
162,-0.00485408,0.11627059,1.00000000,-0.86451254,-0.11039779
163,-0.00722062,0.06991525,1.00000000,-0.95321936,-0.16774682
164,0.00970234,-0.00182372,-1.00000000,-0.91013675,-0.16076463
165,-0.00610090,-0.02479951,-1.00000000,-0.86616965,-0.22696482
166,0.00193140,0.13949859,1.00000000,-0.82006283,-0.22994514
167,0.00851132,-0.01392857,-1.00000000,-0.88697258,-0.16396864
168,0.00141384,0.06405371,1.00000000,-0.96443616,-0.12134576
169,-0.00596466,0.12793550,1.00000000,-0.84219026,-0.19868376
170,0.00275095,0.05902898,1.00000000,-0.97405161,-0.15498778
171,0.00233842,-0.01260584,-1.00000000,-0.88950380,-0.15297856
172,-0.01164277,0.07201044,1.00000000,-0.94920994,-0.25246652
173,0.00486802,0.06800534,1.00000000,-0.95687421,-0.23541546
174,-0.00083870,-0.06773234,-1.00000000,-0.78401224,-0.21011187
175,0.00537804,0.09256414,1.00000000,-0.90987784,-0.19714360
176,0.00523905,0.03715998,-1.00000000,-0.98473699,-0.18282506
177,-0.00540657,0.09751577,1.00000000,-0.90040227,-0.15204088
178,0.01440265,0.09616633,1.00000000,-0.90298460,-0.10497446
179,0.00414027,-0.00718761,-1.00000000,-0.89987227,-0.08039646
180,0.00050985,0.18513197,1.00000000,-0.73273756,-0.10442765
181,-0.00811123,0.08549873,1.00000000,-0.92339839,-0.17032948
182,-0.00379167,0.05025245,1.00000000,-0.99084661,-0.16235777
183,-0.01374391,-0.03344603,-1.00000000,-0.84962344,-0.30129944
184,-0.00393889,0.00849075,-1.00000000,-0.92987480,-0.34118111
185,0.00362215,-0.08813140,-1.00000000,-0.74497607,-0.32581765
186,0.00561269,0.00706150,-1.00000000,-0.92713973,-0.25807139
187,-0.01411024,0.08046853,1.00000000,-0.93302432,-0.30900757
188,0.00419990,0.09979384,1.00000000,-0.89604289,-0.22043042
189,-0.01033141,-0.09168793,-1.00000000,-0.73817020,-0.25198624
190,-0.01349653,0.08607762,1.00000000,-0.92229062,-0.33649030
191,-0.00321460,-0.05500088,-1.00000000,-0.80837552,-0.38006502
192,-0.00684874,-0.08572974,-1.00000000,-0.74957195,-0.34421961
193,-0.00029061,0.01409331,-1.00000000,-0.94059600,-0.36638637
194,-0.01621383,-0.02118901,-1.00000000,-0.87307880,-0.39542413
195,0.01973271,0.04248117,-1.00000000,-0.99491975,-0.23139250
196,0.00736668,-0.11211086,-1.00000000,-0.69908833,-0.17915942
197,0.00253916,0.23687929,1.00000000,-0.63371252,-0.13281736
198,0.00275551,0.11682267,1.00000000,-0.86345606,-0.11778063
199,0.03415721,0.06995418,1.00000000,-0.95314486,0.13086919
200,-0.00591503,0.07205464,1.00000000,-0.94912537,0.00426263
201,-0.00345119,0.37692088,1.00000000,-0.36572519,-0.04913834
202,-0.02017890,-0.01212401,-1.00000000,-0.89042584,-0.16128294
203,-0.00362238,0.01179638,-1.00000000,-0.93620052,-0.19276652
204,0.01472992,-0.15060610,-1.00000000,-0.62542281,-0.28866671
205,0.00683421,0.01013435,-1.00000000,-0.93302002,-0.22573182
206,-0.02287679,0.18830930,1.00000000,-0.72665735,-0.32162366
207,-0.00028880,0.11165310,1.00000000,-0.87334868,-0.22343887
208,-0.01568718,-0.17679879,-1.00000000,-0.57529979,-0.28299510
209,-0.00125258,0.04249873,-1.00000000,-0.99495336,-0.36189056
210,-0.02973159,-0.10699780,-1.00000000,-0.70887282,-0.54239267
211,-0.00628504,0.03314173,-1.00000000,-0.97704756,-0.46048973
212,0.00511123,-0.24334921,-1.00000000,-0.44794713,-0.43383320
213,0.00235768,-0.01571627,-1.00000000,-0.88355159,-0.34475723
214,0.00451763,0.09492543,1.00000000,-0.90535921,-0.31627337
215,-0.00127780,0.06819226,1.00000000,-0.95651651,-0.17581509
216,-0.00084060,0.08916233,1.00000000,-0.91638762,-0.14893939
217,0.01036513,0.03289695,-1.00000000,-0.97657915,-0.12300425
218,-0.00827314,0.03714149,-1.00000000,-0.98470161,-0.17548183
219,0.01476489,0.14593332,1.00000000,-0.80774914,-0.12489759
220,-0.01681054,-0.03501795,-1.00000000,-0.84661538,-0.20157286
221,-0.00986578,0.18864883,1.00000000,-0.72600760,-0.24612440
222,0.00227733,-0.11790406,-1.00000000,-0.68800232,-0.28604873
223,0.00461645,-0.05048019,-1.00000000,-0.81702642,-0.22242103
224,-0.00002831,0.06741218,1.00000000,-0.95800929,-0.29544565
225,0.02692432,0.09012177,1.00000000,-0.91455162,-0.07955444
226,-0.01257076,0.04502774,-1.00000000,-0.99979294,-0.09290721
227,-0.01857531,0.30669975,1.00000000,-0.50010223,-0.19584342
228,-0.00547493,-0.07674175,-1.00000000,-0.76677161,-0.24565812
229,-0.00694659,-0.13503749,-1.00000000,-0.65521532,-0.27980929
230,0.00924703,-0.00785125,-1.00000000,-0.89860231,-0.36707086
231,-0.00039723,-0.02213904,-1.00000000,-0.87126081,-0.30697792
232,0.00786487,0.13507815,1.00000000,-0.82852188,-0.17645955
233,-0.00166247,0.04144598,-1.00000000,-0.99293880,-0.15763989
234,0.03111222,0.12165937,1.00000000,-0.85420043,0.03023228
235,-0.00260861,0.02916230,-1.00000000,-0.96943242,-0.02829148
236,0.00209285,0.34735833,1.00000000,-0.42229687,-0.01599954
237,0.01475875,0.01997661,-1.00000000,-0.95185444,0.01803117
238,0.00408825,0.06562116,1.00000000,-0.96143665,0.04641882
239,-0.00140242,0.18858921,1.00000000,-0.72612169,-0.11408530
240,0.01540371,0.08499368,1.00000000,-0.92436487,-0.02516993
241,0.01254338,0.03168705,-1.00000000,-0.97426384,0.02641770
242,-0.00828606,0.19485081,1.00000000,-0.71413935,-0.08733988
243,-0.02154202,0.16708107,1.00000000,-0.76728025,-0.21386022
244,-0.00365287,-0.03514338,-1.00000000,-0.84637535,-0.22496928
245,0.02802140,-0.16384005,-1.00000000,-0.60009798,-0.16268374
246,0.00103226,0.00983831,-1.00000000,-0.93245352,-0.21950680
247,-0.00743656,0.31735081,1.00000000,-0.47972006,-0.21531335
248,0.01357936,0.05532438,1.00000000,-0.98114083,-0.04194141
249,-0.02113260,-0.02689591,-1.00000000,-0.86215793,-0.12822770
250,-0.02587020,0.17713901,1.00000000,-0.74803310,-0.39425625
251,-0.00194313,-0.15986515,-1.00000000,-0.60770444,-0.40894389
252,0.01386941,-0.20586052,-1.00000000,-0.51968648,-0.30376987
253,0.01349397,0.02643747,-1.00000000,-0.96421811,-0.30419142
254,0.00406211,0.17995499,1.00000000,-0.74264438,-0.17982114
255,-0.01926670,0.17630993,1.00000000,-0.74961967,-0.14722388
256,-0.06966126,0.08473994,1.00000000,-0.92485042,-0.48150523
257,-0.00827171,-0.14174989,-1.00000000,-0.64237029,-0.59080189
258,-0.00782422,-0.63101000,-1.00000000,0.29389090,-0.69603624
259,-0.00945824,-0.03500410,-1.00000000,-0.84664189,-0.76277761
260,-0.01009428,-0.03065961,-1.00000000,-0.85495562,-0.71749920
261,-0.00550857,-0.04652357,-1.00000000,-0.82459791,-0.40081814
262,-0.00101710,-0.05269863,-1.00000000,-0.81278116,-0.36500675
263,0.02179481,-0.00817788,-1.00000000,-0.89797726,-0.21879642
264,0.01531796,0.03542792,-1.00000000,-0.98142248,-0.09649209
265,0.00551936,0.25689938,1.00000000,-0.59540153,-0.01941750
266,0.02775172,0.19401834,1.00000000,-0.71573238,0.14476740
267,-0.00364567,0.09888773,1.00000000,-0.89777684,0.13179182
268,-0.01073299,0.31473259,1.00000000,-0.48473037,-0.02877724
269,-0.01325035,0.00990820,-1.00000000,-0.93258727,-0.16980081
270,0.00226076,-0.05889962,-1.00000000,-0.80091479,-0.18588643
271,0.03100931,-0.08333962,-1.00000000,-0.75414574,-0.16980578
272,0.01332304,0.06725135,1.00000000,-0.95831706,-0.08604204
273,0.00188354,0.34635918,1.00000000,-0.42420887,-0.02376226
274,-0.00513899,0.17465046,1.00000000,-0.75279526,0.01627836
275,0.02838509,0.06358906,1.00000000,-0.96532532,0.14523759
276,-0.00140358,-0.00458977,-1.00000000,-0.90484355,-0.01476423
277,0.00101154,0.32088177,1.00000000,-0.47296314,-0.07553825
278,0.00717097,0.03167579,-1.00000000,-0.97424230,-0.04943756
279,0.06181546,0.05512323,1.00000000,-0.98152577,0.28107399
280,-0.02402590,0.11492257,1.00000000,-0.86709215,0.02235423
281,0.00280064,0.64544345,1.00000000,0.14812676,0.04310777
282,0.01295721,-0.18795504,-1.00000000,-0.55395088,0.10207593
283,-0.02146665,0.07249278,1.00000000,-0.94828692,-0.03928977
284,0.02039428,0.17109880,1.00000000,-0.75959181,-0.24375982
285,0.02995382,-0.16310827,-1.00000000,-0.60149834,0.02270376
286,0.07037259,0.24330221,1.00000000,-0.62142144,0.35626354
287,0.00031051,0.33611191,1.00000000,-0.44381834,0.29383481
288,-0.00244848,0.72852110,1.00000000,0.30710636,0.38771542
289,-0.01668480,0.04831717,1.00000000,-0.99455001,0.20467960
290,-0.00519602,0.02153130,-1.00000000,-0.95482954,0.03116718
291,-0.00980351,-0.11668328,-1.00000000,-0.69033842,-0.36461127
292,0.00536348,-0.00514344,-1.00000000,-0.90378405,-0.33966798
293,0.03305305,-0.04987572,-1.00000000,-0.81818316,-0.16441950
294,-0.02531373,0.09737435,1.00000000,-0.90067288,-0.20701503
295,0.03075913,0.36620106,1.00000000,-0.38623893,-0.02952734
296,0.00697424,-0.20045799,-1.00000000,-0.53002490,0.05329374
297,-0.01184756,0.34393027,1.00000000,-0.42885691,-0.03166620
298,0.01079002,0.11301254,1.00000000,-0.87074722,-0.14156464
299,0.00328877,-0.06972051,-1.00000000,-0.78020764,-0.00037228
300,0.01698345,0.15005842,1.00000000,-0.79985524,-0.06837406
301,0.00437066,0.07723192,1.00000000,-0.93921797,-0.08122627
302,-0.00359105,0.21018785,1.00000000,-0.68478997,-0.04046913
303,-0.02359132,0.08773548,1.00000000,-0.91911809,-0.21018792
304,0.00808299,0.01043855,-1.00000000,-0.93360215,-0.18652194
305,0.01978871,-0.18373583,-1.00000000,-0.56202488,-0.17267416
306,-0.00585725,0.12377698,1.00000000,-0.85014812,-0.22316282
307,0.00023343,0.23742296,1.00000000,-0.63267214,-0.20428380
308,-0.02213477,-0.01156305,-1.00000000,-0.89149931,-0.19709376
309,0.02046550,0.04756884,1.00000000,-0.99598204,-0.13596920
310,0.00261094,-0.16959482,-1.00000000,-0.58908549,-0.22076491
311,0.00054803,0.24399364,1.00000000,-0.62009831,-0.18914613
312,0.01570977,0.07065109,1.00000000,-0.95181123,-0.11274926
313,-0.02285607,0.05062315,1.00000000,-0.99013723,-0.11630983
314,-0.00063854,0.19782230,1.00000000,-0.70845301,-0.22048705
315,-0.01226016,-0.17659758,-1.00000000,-0.57568483,-0.29389619
316,0.00501932,0.03910321,-1.00000000,-0.98845562,-0.27182428
317,-0.00255974,-0.07372625,-1.00000000,-0.77254214,-0.36200926
318,-0.00182352,0.09403306,1.00000000,-0.90706687,-0.25818494
319,-0.00326811,0.02045108,-1.00000000,-0.95276240,-0.27116543
320,-0.01346582,0.02759880,-1.00000000,-0.96644046,-0.27711704
321,0.00537554,0.01357385,-1.00000000,-0.93960194,-0.27535862
322,0.04805429,-0.08543157,-1.00000000,-0.75014253,-0.02550934
323,-0.00206030,0.09749143,1.00000000,-0.90044885,-0.02667822
324,0.00453187,0.51184186,1.00000000,-0.10753680,0.01182531
325,0.01597854,0.02529991,-1.00000000,-0.96204124,0.15717341
326,0.00867449,0.08930063,1.00000000,-0.91612297,0.17345822
327,-0.01569766,0.20043163,1.00000000,-0.70345973,-0.14124458
328,-0.01152028,0.12951957,1.00000000,-0.83915894,-0.18794245
329,0.01055654,-0.10709952,-1.00000000,-0.70867817,-0.15820248
330,-0.01070757,-0.06654308,-1.00000000,-0.78628805,-0.28993485
331,0.01102690,0.14779169,1.00000000,-0.80419292,-0.27832248
332,-0.00933371,-0.05865287,-1.00000000,-0.80138697,-0.24690773
333,-0.00557872,0.15235819,1.00000000,-0.79545435,-0.21757803
334,-0.00919411,-0.04531460,-1.00000000,-0.82691144,-0.31507444
335,-0.00756667,-0.00885893,-1.00000000,-0.89667397,-0.29956978
336,0.02167129,-0.04395926,-1.00000000,-0.82950506,-0.24702519
337,0.02578627,-0.02815908,-1.00000000,-0.85974069,-0.07366017
338,0.01003084,0.25570020,1.00000000,-0.59769632,0.00339430
339,-0.01668228,0.29565085,1.00000000,-0.52124570,-0.03357004
340,-0.01876341,0.14268787,1.00000000,-0.81395974,-0.08884123
341,-0.01199956,-0.11665883,-1.00000000,-0.69038522,-0.25505281
342,0.01472951,-0.13686364,-1.00000000,-0.65172076,-0.30963298
343,0.00417687,-0.07119624,-1.00000000,-0.77738365,-0.33853032
344,-0.00586898,0.18830536,1.00000000,-0.72666489,-0.28515196
345,-0.00012741,0.08585406,1.00000000,-0.92271843,-0.19315789
346,-0.00346397,-0.01167700,-1.00000000,-0.89128125,-0.15102311
347,-0.00598589,0.04406559,-1.00000000,-0.99795176,-0.25328190
348,-0.00163496,0.01167230,-1.00000000,-0.93596310,-0.28197119
349,-0.01318459,-0.01281200,-1.00000000,-0.88910927,-0.31808370
350,0.01658837,0.02942942,-1.00000000,-0.96994359,-0.23556855
351,-0.01844852,-0.08270124,-1.00000000,-0.75536736,-0.30953773
352,-0.00419108,0.20635218,1.00000000,-0.69213000,-0.30067790
353,0.02615421,-0.13380651,-1.00000000,-0.65757097,-0.16350044
354,-0.00094994,0.00461306,-1.00000000,-0.92245434,-0.10310573
355,0.00866142,0.29922304,1.00000000,-0.51440986,-0.14223604
356,0.00737665,0.03607999,-1.00000000,-0.98267029,-0.01475361
357,0.02280993,0.12939268,1.00000000,-0.83940176,0.11853320
358,0.02060038,0.11691943,1.00000000,-0.86327091,0.09111746
359,-0.02121072,0.26675475,1.00000000,-0.57654205,-0.00889713
360,0.00985367,0.24530317,1.00000000,-0.61759236,-0.00301172
361,-0.02088312,-0.16062361,-1.00000000,-0.60625305,-0.14251222
362,0.00943676,0.14096781,1.00000000,-0.81725128,-0.20852704
363,0.01348133,-0.15744304,-1.00000000,-0.61233947,-0.24366927
364,-0.02806197,0.13692018,1.00000000,-0.82499694,-0.27748952
365,0.01875747,0.17618724,1.00000000,-0.74985445,-0.23353715
366,0.00576331,-0.22713955,-1.00000000,-0.47896636,-0.10200069
367,-0.01371418,0.22741110,1.00000000,-0.65183111,-0.21628217
368,-0.01944457,0.10125613,1.00000000,-0.89324461,-0.37881641
369,0.00232518,-0.08784278,-1.00000000,-0.74552838,-0.22881437
370,0.00620431,-0.14347680,-1.00000000,-0.63906563,-0.29078132
371,-0.00403531,0.06787679,1.00000000,-0.95712021,-0.33915084
372,-0.00402097,0.10553767,1.00000000,-0.88505135,-0.29130161
373,0.00038434,0.00612542,-1.00000000,-0.92534844,-0.19341887
374,0.00278713,0.00626465,-1.00000000,-0.92561485,-0.19113851
375,-0.01057669,0.04903398,1.00000000,-0.99317832,-0.27397567
376,-0.00749999,0.07236167,1.00000000,-0.94853781,-0.29107860
377,-0.01081722,-0.05738222,-1.00000000,-0.80381853,-0.32462738
378,0.00244793,-0.02751176,-1.00000000,-0.86097943,-0.31444075
379,-0.01048419,-0.05971736,-1.00000000,-0.79934992,-0.37995284
380,0.00339510,0.06906852,1.00000000,-0.95483969,-0.31098296
381,-0.01565835,-0.05648416,-1.00000000,-0.80553707,-0.35125560
382,0.01741240,0.07826421,1.00000000,-0.93724255,-0.21190394
383,0.02324796,-0.10671793,-1.00000000,-0.70940839,-0.10922740
384,0.01246595,0.21435236,1.00000000,-0.67682065,0.00406288
385,0.02155490,0.27100748,1.00000000,-0.56840390,0.09370625
386,0.01575922,0.16632938,1.00000000,-0.76871871,0.24879481
387,-0.00695915,0.25457021,1.00000000,-0.59985871,0.12848797
388,0.00956487,0.19830233,1.00000000,-0.70753441,0.06094323
389,0.00362958,-0.02226099,-1.00000000,-0.87102744,0.01732367
390,0.02815663,0.13816394,1.00000000,-0.82261685,0.04991223
391,-0.00169174,0.08054067,1.00000000,-0.93288626,-0.03623203
392,-0.00470989,0.31866371,1.00000000,-0.47720767,-0.02512885
393,0.00370292,0.02887820,-1.00000000,-0.96888875,-0.05406557
394,0.00055180,-0.00042381,-1.00000000,-0.91281565,-0.06925863
395,-0.00088197,0.08125266,1.00000000,-0.93152378,-0.21260374
396,0.00574539,0.05065975,1.00000000,-0.99006720,-0.17589138
397,0.01441587,0.03673987,-1.00000000,-0.98393305,-0.08147969
398,-0.01135210,0.10108220,1.00000000,-0.89357745,-0.15579675
399,-0.00688944,0.18526027,1.00000000,-0.73249204,-0.19252941
400,-0.01760060,-0.06491034,-1.00000000,-0.78941251,-0.27505864
401,-0.00491218,-0.02158417,-1.00000000,-0.87232262,-0.32766828
402,-0.00246919,-0.12557439,-1.00000000,-0.67332416,-0.41101905
403,-0.00510246,-0.00238775,-1.00000000,-0.90905740,-0.38016856
404,-0.00132321,0.02133022,-1.00000000,-0.95444475,-0.35269163
405,-0.00234008,-0.00423516,-1.00000000,-0.90552215,-0.27736017
406,-0.01106906,0.03245606,-1.00000000,-0.97573544,-0.30775277
407,-0.01354549,0.02258367,-1.00000000,-0.95684337,-0.36242944
408,0.00830630,-0.06216237,-1.00000000,-0.79467110,-0.29623892
409,0.00105239,-0.08620505,-1.00000000,-0.74866238,-0.28451211
410,-0.00240285,0.12594497,1.00000000,-0.84599938,-0.28482197
411,-0.00411032,0.05551974,1.00000000,-0.98076699,-0.25047113
412,-0.00562885,0.02197425,-1.00000000,-0.95567718,-0.21139171
413,-0.02211391,0.00539711,-1.00000000,-0.92395471,-0.36155693
414,0.00898480,-0.00934564,-1.00000000,-0.89574260,-0.32239965
415,0.00525756,-0.16939231,-1.00000000,-0.58947302,-0.28458504
416,-0.00454895,0.13253228,1.00000000,-0.83339373,-0.28675027
417,-0.00125521,0.09634609,1.00000000,-0.90264060,-0.26516037
418,-0.00476956,0.00113864,-1.00000000,-0.91580559,-0.17954233
419,-0.01052111,0.03311629,-1.00000000,-0.97699888,-0.27583062
420,-0.00145727,-0.00100314,-1.00000000,-0.91170702,-0.30897749
421,-0.00561091,-0.05684259,-1.00000000,-0.80485116,-0.31421967
422,0.00529788,0.03115452,-1.00000000,-0.97324477,-0.28187124
423,0.03433716,-0.00917141,-1.00000000,-0.89607601,-0.08882623
424,-0.03041456,0.09673753,1.00000000,-0.90189153,-0.18702751
425,-0.01129823,0.37866791,1.00000000,-0.36238203,-0.23560606
426,-0.00372778,-0.24997985,-1.00000000,-0.43525856,-0.22631029
427,-0.01557061,-0.06438731,-1.00000000,-0.79041340,-0.32932478
428,0.02823610,0.00911105,-1.00000000,-0.93106182,-0.35944183
429,0.02321908,-0.10586612,-1.00000000,-0.71103844,-0.09468670
430,-0.04583728,0.31943523,1.00000000,-0.47573126,-0.26518403
431,-0.00036282,0.27072701,1.00000000,-0.56894062,-0.24857337
432,0.01659318,-0.39971274,-1.00000000,-0.14872571,-0.08980119
433,-0.00502571,0.04178005,-1.00000000,-0.99357807,-0.25399360
434,0.02282489,0.20639890,1.00000000,-0.69204060,-0.25593943
435,-0.01414635,-0.00349000,-1.00000000,-0.90694810,-0.09950146
436,0.08178631,0.26690005,1.00000000,-0.57626400,0.30601658
437,-0.03742220,-0.09203853,-1.00000000,-0.73749928,0.03937702
438,-0.01822658,0.83933219,1.00000000,0.51915742,-0.02578729
439,-0.03146248,-0.31801415,-1.00000000,-0.30506631,-0.29376951
440,-0.01128569,-0.13165185,-1.00000000,-0.66169417,-0.27964826
441,-0.01686397,-0.26015368,-1.00000000,-0.41578965,-0.76662194
442,-0.03630448,-0.06426558,-1.00000000,-0.79064633,-0.76110447
443,0.04410248,-0.11842274,-1.00000000,-0.68700975,-0.45342552
444,0.04827335,-0.30716268,-1.00000000,-0.32583196,-0.05982046
445,0.02775008,0.47347539,1.00000000,-0.18095591,0.13287432
446,0.01931777,0.51396864,1.00000000,-0.10346695,0.31148052
447,-0.00007195,0.31471664,1.00000000,-0.48476088,0.49033749
448,0.00582514,0.23285081,1.00000000,-0.64142153,0.30138660
449,0.01436913,0.04460407,-1.00000000,-0.99898220,0.13402303
450,-0.03895625,0.10185643,1.00000000,-0.89209586,-0.19526369
451,-0.01456143,0.18480653,1.00000000,-0.73336034,-0.36250373
452,-0.01555192,-0.33290765,-1.00000000,-0.27656571,-0.43891851
453,0.02288316,-0.09606834,-1.00000000,-0.72978772,-0.35471390
454,-0.01565945,-0.10568462,-1.00000000,-0.71138576,-0.50294591
455,0.01110067,0.26746576,1.00000000,-0.57518142,-0.25584675
456,-0.00112214,-0.10672862,-1.00000000,-0.70938793,-0.18950552
457,0.00177461,0.15307436,1.00000000,-0.79408387,-0.10397547
458,0.01495239,0.03440820,-1.00000000,-0.97947110,-0.14312466
459,0.01505153,0.06253151,1.00000000,-0.96734907,0.00847594
460,-0.01519482,0.19046913,1.00000000,-0.72252424,-0.12132814
461,0.01420882,0.19143170,1.00000000,-0.72068224,-0.04564894
462,-0.01937362,-0.10221766,-1.00000000,-0.71802021,-0.15004432
463,0.02291799,0.18325017,1.00000000,-0.73633863,-0.11072319
464,0.00145393,-0.14278799,-1.00000000,-0.64038375,-0.17784591
465,-0.01100560,0.26780391,1.00000000,-0.57453433,-0.15716642
466,0.00849782,0.05941817,1.00000000,-0.97330685,-0.18535799
467,0.00271679,-0.06154631,-1.00000000,-0.79585001,-0.07631165
468,-0.02288470,0.12780443,1.00000000,-0.84244107,-0.30241043
469,-0.00199398,0.07167878,1.00000000,-0.94984461,-0.31943056
470,-0.00716092,-0.17687561,-1.00000000,-0.57515278,-0.30045180
471,0.00720721,0.02594384,-1.00000000,-0.96327350,-0.30682272
472,0.02116761,-0.02421984,-1.00000000,-0.86727893,-0.21574277
473,0.04830779,0.11527443,1.00000000,-0.86641882,0.13568931
474,0.00590717,0.25081016,1.00000000,-0.60705404,0.17469228
475,0.01892265,0.51430304,1.00000000,-0.10282703,0.30345026
476,-0.04837565,0.10265289,1.00000000,-0.89057174,0.02907301
477,-0.02248566,0.22901477,1.00000000,-0.64876227,-0.18641544
478,0.00101333,-0.42435672,-1.00000000,-0.10156634,-0.41987815
479,0.02187698,-0.17300151,-1.00000000,-0.58256637,-0.34104537
480,-0.00560765,0.05514052,1.00000000,-0.98149267,-0.46213584
481,-0.01694593,0.25769718,1.00000000,-0.59387485,-0.30698733
482,0.00129426,-0.00913978,-1.00000000,-0.89613653,-0.18960096
483,-0.04780520,-0.11921855,-1.00000000,-0.68548688,-0.43058696
484,-0.00451080,0.05786800,1.00000000,-0.97627329,-0.56084665
485,0.01851398,-0.41881843,-1.00000000,-0.11216454,-0.44177351
486,-0.01500328,0.00150908,-1.00000000,-0.91651447,-0.43218386
487,0.00019309,0.22504719,1.00000000,-0.65635474,-0.43761965
488,0.00524360,-0.10035811,-1.00000000,-0.72157871,-0.17575145
489,0.00489097,0.04717717,1.00000000,-0.99673155,-0.12934088
490,-0.02923729,0.09621054,1.00000000,-0.90289999,-0.36505853
491,0.00099044,0.09278702,1.00000000,-0.90945132,-0.28610772
492,-0.00362313,-0.23855023,-1.00000000,-0.45713058,-0.30494595
493,-0.01315273,0.05491831,1.00000000,-0.98191791,-0.39575697
494,-0.02252593,0.01012710,-1.00000000,-0.93300614,-0.53109680
495,0.00580538,-0.08239193,-1.00000000,-0.75595927,-0.35811344
496,0.01930342,-0.17339243,-1.00000000,-0.58181828,-0.26771389
497,-0.00857323,0.10166460,1.00000000,-0.89246295,-0.29214937
498,-0.01752640,0.23271152,1.00000000,-0.64168808,-0.31373938
499,-0.00364532,-0.03793136,-1.00000000,-0.84104021,-0.22053781
500,-0.01446671,-0.12485405,-1.00000000,-0.67470262,-0.32060824
501,0.01296115,0.00991163,-1.00000000,-0.93259383,-0.35191598
502,-0.00222622,-0.09514880,-1.00000000,-0.73154739,-0.32058487
503,0.01480963,0.17113705,1.00000000,-0.75951863,-0.16096245
504,0.00586687,0.02368907,-1.00000000,-0.95895870,-0.11400682
505,-0.00811358,0.18908317,1.00000000,-0.72517644,-0.08264543
506,0.01504372,0.10226157,1.00000000,-0.89132058,-0.07236510
507,0.00504925,-0.03346882,-1.00000000,-0.84957983,-0.03645071
508,-0.00117349,0.19135588,1.00000000,-0.72082733,-0.11534920
509,0.00576732,0.09432365,1.00000000,-0.90651079,-0.11584062
510,0.00167433,0.03390967,-1.00000000,-0.97851711,-0.06752393
511,-0.01363732,0.10129506,1.00000000,-0.89317011,-0.20910400
512,0.01422170,0.06155797,1.00000000,-0.96921207,-0.16382546
513,0.01341814,-0.08709657,-1.00000000,-0.74695635,-0.09179589
514,0.00487702,0.18337516,1.00000000,-0.73609945,-0.09619072
515,0.00295689,0.17557375,1.00000000,-0.75102843,-0.08985957
516,-0.00425089,0.09265154,1.00000000,-0.90971058,-0.04352471
517,0.00187368,0.07400975,1.00000000,-0.94538401,-0.10447900
518,-0.01146696,0.00403246,-1.00000000,-0.92134329,-0.22732091
519,0.04363890,0.06349337,1.00000000,-0.96550843,-0.03597814
520,0.00921557,-0.06602543,-1.00000000,-0.78727863,-0.00508301
521,0.01537129,0.46897472,1.00000000,-0.18956851,0.09177920
522,0.03006719,0.13477272,1.00000000,-0.82910638,0.23095265
523,0.01337805,0.19453611,1.00000000,-0.71474156,0.35359665
524,-0.00575819,0.33721258,1.00000000,-0.44171206,0.10975459
525,0.02050972,0.17518453,1.00000000,-0.75177326,0.16550664
526,0.01124267,-0.01060138,-1.00000000,-0.89333958,0.14512627
527,0.01724398,0.24442300,1.00000000,-0.61927667,0.08182620
528,-0.00085479,0.15445304,1.00000000,-0.79144559,0.01156771
529,-0.03645532,0.21271724,1.00000000,-0.67994966,-0.13996447
530,-0.01049388,0.03700371,-1.00000000,-0.98443796,-0.29300956
531,-0.00079329,-0.30862712,-1.00000000,-0.32302957,-0.35242342
532,-0.00603592,-0.05657824,-1.00000000,-0.80535703,-0.46734149
533,0.00282292,0.03760088,-1.00000000,-0.98558071,-0.44918696
534,-0.01531005,-0.01329773,-1.00000000,-0.88817976,-0.34480619
535,-0.00063043,0.07270912,1.00000000,-0.94787294,-0.29611658
536,0.00600239,-0.10333637,-1.00000000,-0.71587943,-0.26257064
537,-0.00478996,0.03918199,-1.00000000,-0.98860636,-0.25642012
538,0.00953980,0.10357732,1.00000000,-0.88880272,-0.22326314
539,-0.00071452,-0.00120120,-1.00000000,-0.91132801,-0.15121433
540,0.01545135,0.13792057,1.00000000,-0.82308256,-0.07182883
541,0.01080970,0.03836556,-1.00000000,-0.98704401,-0.04809821
542,0.00817694,0.19531333,1.00000000,-0.71325426,0.01591114
543,-0.00513472,0.15024948,1.00000000,-0.79948963,-0.05652766
544,0.01597793,0.12468912,1.00000000,-0.84840261,0.02587238
545,-0.00211094,-0.00454837,-1.00000000,-0.90492279,-0.06082147
546,-0.00755437,0.20042574,1.00000000,-0.70347100,-0.15147318
547,0.00759496,0.02480830,-1.00000000,-0.96110050,-0.15434606
548,0.00402398,-0.02803967,-1.00000000,-0.85996920,-0.10913539
549,0.00976934,0.11903888,1.00000000,-0.85921506,-0.13978326
550,0.00314595,0.08436968,1.00000000,-0.92555897,-0.11383334
551,-0.00557530,0.14014907,1.00000000,-0.81881804,-0.10406394
552,-0.00343369,0.07584529,1.00000000,-0.94187148,-0.15850538
553,0.00353661,-0.00882573,-1.00000000,-0.89673752,-0.16091119
554,-0.00205616,0.01196626,-1.00000000,-0.93652561,-0.21928616
555,-0.01830706,0.07963805,1.00000000,-0.93461355,-0.32518601
556,-0.00058077,0.02534016,-1.00000000,-0.96211827,-0.30053117
557,0.00969121,-0.13243312,-1.00000000,-0.66019910,-0.23574189
558,0.02355048,0.03966415,-1.00000000,-0.98952904,-0.13694615
559,0.01250690,0.13939051,1.00000000,-0.82026965,-0.06505759
560,0.00559578,0.27394446,1.00000000,-0.56278361,0.05293553
561,-0.00350427,0.16672689,1.00000000,-0.76795802,0.03850405
562,0.00476424,0.09962973,1.00000000,-0.89635694,0.01418273
563,-0.00538831,0.01128104,-1.00000000,-0.93521436,-0.12866964
564,0.02035074,0.09155660,1.00000000,-0.91180590,-0.08994958
565,-0.00892266,-0.00701029,-1.00000000,-0.90021159,-0.16161792
566,-0.00788622,0.24287953,1.00000000,-0.62223029,-0.18324884
567,0.02116085,-0.04132391,-1.00000000,-0.83454812,-0.10230921
568,-0.01398365,-0.03126155,-1.00000000,-0.85380374,-0.14473896
569,-0.00763797,0.25074452,1.00000000,-0.60717964,-0.28290141
570,0.00554683,-0.09045895,-1.00000000,-0.74052201,-0.21147471
571,0.00788499,-0.02885131,-1.00000000,-0.85841603,-0.13362225
572,0.02015995,0.09915446,1.00000000,-0.89726642,-0.13856304
573,0.00734559,0.12185470,1.00000000,-0.85382664,-0.03327415
574,-0.00807709,0.24102722,1.00000000,-0.62577492,-0.03544185
575,-0.00366340,0.11661787,1.00000000,-0.86384798,-0.08090692
576,-0.00215528,-0.03311462,-1.00000000,-0.85025764,-0.13046937
577,0.00051406,0.00973607,-1.00000000,-0.93225788,-0.22744862
578,0.01249059,0.02437781,-1.00000000,-0.96027669,-0.20205101
579,0.01975927,0.05029339,1.00000000,-0.99076828,-0.06464060
580,-0.00766771,0.16656859,1.00000000,-0.76826095,-0.08440732
581,-0.03293188,0.23713715,1.00000000,-0.63321906,-0.23633182
582,-0.00641624,-0.02914011,-1.00000000,-0.85786338,-0.27054233
583,-0.00202977,-0.27441953,-1.00000000,-0.38849014,-0.34222014
584,0.00173059,-0.01699010,-1.00000000,-0.88111396,-0.43121627
585,0.01260724,0.02559635,-1.00000000,-0.96260852,-0.33113169
586,0.00001716,0.06210411,1.00000000,-0.96816695,-0.16848322
587,-0.00433085,0.16770111,1.00000000,-0.76609372,-0.15818895
588,-0.01306880,0.04546918,1.00000000,-1.00000000,-0.21268161
589,-0.00646093,0.00325614,-1.00000000,-0.91985769,-0.25311793
590,0.00925746,-0.08157703,-1.00000000,-0.75751869,-0.26965369
591,0.00278606,-0.01742398,-1.00000000,-0.88028367,-0.25598542
592,-0.00468555,0.13517942,1.00000000,-0.82832809,-0.25773637
593,-0.02033014,0.07235124,1.00000000,-0.94855777,-0.29358097
594,0.00244775,-0.00018753,-1.00000000,-0.91326780,-0.24960445
595,-0.03670734,-0.15207436,-1.00000000,-0.62261311,-0.47650341
596,0.01239186,0.06906679,1.00000000,-0.95484299,-0.42908565
597,-0.00364098,-0.31107386,-1.00000000,-0.31834744,-0.42392928
598,-0.01896699,0.16561008,1.00000000,-0.77009518,-0.41720028
599,0.00982476,0.00995376,-1.00000000,-0.93267444,-0.38078471
600,-0.02277335,-0.13884012,-1.00000000,-0.64793851,-0.31200148
601,0.00394448,0.14068707,1.00000000,-0.81778852,-0.35370084
602,0.00529916,-0.17579450,-1.00000000,-0.57722162,-0.30956904
603,-0.00317055,0.08359790,1.00000000,-0.92703587,-0.23159205
604,-0.00148039,0.09674993,1.00000000,-0.90186780,-0.28739838
605,-0.01897999,0.01452103,-1.00000000,-0.94141449,-0.26867299
606,0.01699680,0.03093004,-1.00000000,-0.97281521,-0.20424199
607,0.00264642,-0.13896636,-1.00000000,-0.64769692,-0.21733686
608,0.01255174,0.21031751,1.00000000,-0.68454185,-0.13972590
609,0.01065601,0.07099561,1.00000000,-0.95115196,-0.07981621
610,-0.00284190,0.16716229,1.00000000,-0.76712484,-0.00015272
611,0.01444361,0.14875737,1.00000000,-0.80234498,-0.01275621
612,-0.00487321,0.01771170,-1.00000000,-0.94752025,-0.04987588
613,0.02612321,0.18552963,1.00000000,-0.73197660,0.01711784
614,0.00894872,-0.00200947,-1.00000000,-0.90978130,0.00869005
615,-0.01242962,0.29892210,1.00000000,-0.51498574,-0.03863840
616,0.00249069,0.13218203,1.00000000,-0.83406399,-0.09764235
617,0.00407474,-0.07537147,-1.00000000,-0.76939380,-0.05347198
618,0.00828821,0.06948367,1.00000000,-0.95404524,-0.14151207
619,-0.01140528,0.08486255,1.00000000,-0.92461580,-0.24198682
620,-0.01339082,0.12576936,1.00000000,-0.84633543,-0.24673165
621,-0.01339171,-0.06542659,-1.00000000,-0.78842460,-0.32513295
622,0.01017426,-0.08470336,-1.00000000,-0.75153606,-0.29502349
623,0.01889427,-0.08471201,-1.00000000,-0.75151951,-0.24266810
624,-0.02088775,0.14408030,1.00000000,-0.81129514,-0.28947704
625,-0.00505446,0.22873928,1.00000000,-0.64928945,-0.24832575
626,-0.00654974,-0.15748802,-1.00000000,-0.61225339,-0.21455130
627,-0.04009137,-0.00376912,-1.00000000,-0.90641398,-0.46268078
628,0.00449040,-0.01828614,-1.00000000,-0.87863382,-0.53378353
629,0.00450549,-0.34392808,-1.00000000,-0.25547673,-0.40843324
630,-0.02212734,0.08889804,1.00000000,-0.91689339,-0.49271119
631,-0.01268727,0.08904453,1.00000000,-0.91661306,-0.52300830
632,0.00927548,-0.16952270,-1.00000000,-0.58922351,-0.27931556
633,-0.01124516,-0.07787294,-1.00000000,-0.76460692,-0.35699205
634,0.00542079,0.13535435,1.00000000,-0.82799334,-0.35247379
635,-0.01318827,-0.06387211,-1.00000000,-0.79139929,-0.30834726
636,-0.00306453,0.09793081,1.00000000,-0.89960803,-0.26084592
637,-0.00558379,-0.08273690,-1.00000000,-0.75529913,-0.33419668
638,0.02660920,0.01555026,-1.00000000,-0.94338405,-0.14733376
639,0.00154966,-0.00890817,-1.00000000,-0.89657975,-0.16644306
640,-0.00261228,0.30364033,1.00000000,-0.50595681,-0.11423614
641,0.00765141,0.06034762,1.00000000,-0.97152823,-0.06133834
642,0.05595573,0.01994100,-1.00000000,-0.95178629,0.24244316
643,-0.02332003,0.11958694,1.00000000,-0.85816629,-0.00402570
644,-0.01446294,0.58855377,1.00000000,0.03926114,-0.08306974
645,-0.02474913,-0.18110204,-1.00000000,-0.56706497,-0.19234527
646,-0.00623267,-0.09511215,-1.00000000,-0.73161752,-0.26088211
647,-0.01649297,-0.19497653,-1.00000000,-0.54051439,-0.61851529
648,0.02609908,-0.01520782,-1.00000000,-0.88452457,-0.37456455
649,-0.01333946,-0.11482089,-1.00000000,-0.69390235,-0.36901864
650,0.01400793,0.29868781,1.00000000,-0.51543408,-0.17769967
651,-0.01795693,-0.08420473,-1.00000000,-0.75249025,-0.23557490
652,-0.00113449,0.18129983,1.00000000,-0.74007085,-0.15975984
653,-0.00396874,-0.12903386,-1.00000000,-0.66670403,-0.30818555
654,-0.00030836,0.03428830,-1.00000000,-0.97924167,-0.24385931
655,0.00728286,0.00677171,-1.00000000,-0.92658518,-0.27705674
656,-0.00106441,0.04230884,-1.00000000,-0.99458999,-0.19366910
657,-0.00016083,0.11600883,1.00000000,-0.86501346,-0.18886279
658,0.01201943,0.03496868,-1.00000000,-0.98054365,-0.10993939
659,0.01293240,0.04374110,-1.00000000,-0.99733080,-0.04457821
660,-0.00051303,0.16199422,1.00000000,-0.77701459,-0.08306157
661,0.00475999,0.17085788,1.00000000,-0.76005285,-0.05431024
662,0.02147832,0.04032172,-1.00000000,-0.99078738,0.05250849
663,-0.02140974,0.09151532,1.00000000,-0.91188489,-0.11251002
664,0.00290544,0.25382672,1.00000000,-0.60128146,-0.16200671
665,0.00626725,-0.16255576,-1.00000000,-0.60255563,-0.12853676
666,-0.01228773,0.07351032,1.00000000,-0.94633973,-0.21269050
667,-0.00094567,0.10614870,1.00000000,-0.88388206,-0.32338349
668,0.00087647,-0.07399394,-1.00000000,-0.77202988,-0.21337068
669,-0.00054584,0.03612140,-1.00000000,-0.98274954,-0.23040747
670,0.01488746,0.05381182,1.00000000,-0.98403531,-0.18785499
671,-0.00205902,0.04000323,-1.00000000,-0.99017790,-0.13736236
672,0.01242215,0.18983875,1.00000000,-0.72373055,-0.07137390
673,-0.01704358,0.02531238,-1.00000000,-0.96206510,-0.15983378
674,0.00752267,0.16590412,1.00000000,-0.76953249,-0.12000467
675,-0.00815353,-0.12016654,-1.00000000,-0.68367277,-0.23374339
676,0.01313513,0.11833708,1.00000000,-0.86055804,-0.15873954
677,0.01456303,-0.03385675,-1.00000000,-0.84883748,-0.14817138
678,-0.00202578,0.17282611,1.00000000,-0.75628639,-0.07403808
679,-0.00111879,0.18668903,1.00000000,-0.72975793,-0.11669548
680,-0.01054891,0.02563506,-1.00000000,-0.96268259,-0.12851991
681,-0.00822422,0.03444068,-1.00000000,-0.97953327,-0.23395741
682,-0.00589578,-0.05711244,-1.00000000,-0.80433478,-0.33494953
683,-0.00766061,-0.03454297,-1.00000000,-0.84752431,-0.36276510
684,-0.01965373,-0.01193709,-1.00000000,-0.89078352,-0.45426029
685,0.01212827,-0.02907118,-1.00000000,-0.85799527,-0.34231748
686,0.00959607,-0.14550739,-1.00000000,-0.63517984,-0.25435006
687,0.01166785,0.16305095,1.00000000,-0.77499239,-0.16764959
688,0.00161954,0.13846687,1.00000000,-0.82203715,-0.12183934
689,0.00988178,0.15858096,1.00000000,-0.78354629,0.02395869
690,-0.01285537,0.06102605,1.00000000,-0.97022996,-0.09936966
691,0.02409140,0.14124074,1.00000000,-0.81672900,-0.02781541
692,-0.00049211,-0.07950494,-1.00000000,-0.76148389,-0.08784142
693,-0.00427487,0.27919610,1.00000000,-0.55273394,-0.11693839
694,-0.00996328,0.04052487,-1.00000000,-0.99117613,-0.21490087
695,-0.01045887,0.00379963,-1.00000000,-0.92089773,-0.20307089
696,0.02946638,-0.05142685,-1.00000000,-0.81521487,-0.17653804
697,0.01607321,-0.05623834,-1.00000000,-0.80600748,-0.09476556
698,0.00495812,0.33137955,1.00000000,-0.45287429,-0.04918818
699,-0.00512225,0.20135079,1.00000000,-0.70170081,-0.02529110
700,0.00059276,0.09343889,1.00000000,-0.90820389,0.02926378
701,0.00026546,-0.00442730,-1.00000000,-0.90515446,-0.11488262
702,-0.00454066,0.05105741,1.00000000,-0.98930622,-0.21664023
703,0.00034044,0.04787978,1.00000000,-0.99538702,-0.23943475
704,-0.00905194,0.00121913,-1.00000000,-0.91595963,-0.25883312
705,0.00279706,0.04860779,1.00000000,-0.99399388,-0.24795187
706,0.00893586,-0.04257903,-1.00000000,-0.83214630,-0.20515162
707,-0.01084372,0.07245811,1.00000000,-0.94835328,-0.23626580
708,-0.00185769,0.13205713,1.00000000,-0.83430300,-0.24711661
709,0.00343859,-0.05997465,-1.00000000,-0.79885756,-0.18545879
710,-0.00617987,0.02726697,-1.00000000,-0.96580546,-0.22977220
711,-0.02131212,0.07868643,1.00000000,-0.93643459,-0.37908724
712,-0.00562654,-0.01469524,-1.00000000,-0.88550545,-0.35333336
713,0.01001299,-0.16160807,-1.00000000,-0.60436915,-0.29473533
714,-0.00577418,-0.00932324,-1.00000000,-0.89578546,-0.34021292
715,-0.00975035,0.14251458,1.00000000,-0.81429135,-0.35783813
716,0.03786838,-0.01075656,-1.00000000,-0.89304263,-0.06570163
717,-0.01413506,-0.04935961,-1.00000000,-0.81917080,-0.10770279
718,-0.01112498,0.41295106,1.00000000,-0.29677689,-0.21204750
719,-0.00382334,-0.09192897,-1.00000000,-0.73770894,-0.20241746
720,0.01777789,-0.06270527,-1.00000000,-0.79363219,-0.06652801
721,0.00177740,0.00818331,-1.00000000,-0.92928647,-0.24468621
722,-0.00834068,0.21790082,1.00000000,-0.67003023,-0.21608302
723,-0.00161170,0.06255862,1.00000000,-0.96729719,-0.16912204
724,-0.00299181,-0.03567367,-1.00000000,-0.84536057,-0.16501731
725,-0.00783473,0.02965519,-1.00000000,-0.97037562,-0.29145056
726,0.00444859,0.01625628,-1.00000000,-0.94473512,-0.27826463
727,0.01908415,-0.03076164,-1.00000000,-0.85476037,-0.14288568
728,0.02447295,0.08849204,1.00000000,-0.91767031,-0.01412233
729,0.00251044,0.23058272,1.00000000,-0.64576180,0.01303880
730,0.01809388,0.28290035,1.00000000,-0.54564539,0.14103189
731,-0.01683315,0.06967542,1.00000000,-0.95367831,0.03597750
732,0.00479767,0.22096862,1.00000000,-0.66415960,-0.03454576
733,0.01754766,-0.11812355,-1.00000000,-0.68758228,-0.06873152
734,0.00014245,0.09188117,1.00000000,-0.91118478,-0.08042078
735,0.01666695,0.21566553,1.00000000,-0.67430774,-0.08746467
736,-0.00700107,0.04668558,1.00000000,-0.99767228,-0.03892995
737,-0.01230285,0.20711508,1.00000000,-0.69067011,-0.12334437
738,0.00801359,-0.02266796,-1.00000000,-0.87024866,-0.17040797
739,-0.01164583,-0.07414079,-1.00000000,-0.77174887,-0.22859922
740,-0.00595073,0.12310325,1.00000000,-0.85143737,-0.34024830
741,-0.00207936,-0.06776201,-1.00000000,-0.78395547,-0.31595294
742,0.00617000,-0.01247061,-1.00000000,-0.88976257,-0.22476419
743,-0.01027597,0.02511490,-1.00000000,-0.96168721,-0.31504813
744,-0.02171534,0.10520459,1.00000000,-0.88568873,-0.36475488
745,0.00331599,-0.05446258,-1.00000000,-0.80940561,-0.31901098
746,0.01562850,-0.16552271,-1.00000000,-0.59687799,-0.23159853
747,0.00199215,0.07749616,1.00000000,-0.93871232,-0.25222196
748,0.01580890,0.19703323,1.00000000,-0.70996300,-0.12345757
749,-0.01414296,0.06464349,1.00000000,-0.96330754,-0.08607755
750,-0.03557565,0.19878463,1.00000000,-0.70661147,-0.27806083
751,-0.01485156,-0.09200559,-1.00000000,-0.73756231,-0.42852149
752,-0.01571508,-0.30008675,-1.00000000,-0.33937266,-0.51593082
753,-0.03768116,-0.09888510,-1.00000000,-0.72439750,-0.77997723
754,0.02646688,-0.10726871,-1.00000000,-0.70835440,-0.57951228
755,0.00008096,-0.32052836,-1.00000000,-0.30025505,-0.40349827
756,-0.00144090,0.30225864,1.00000000,-0.50860086,-0.33729839
757,0.00102306,0.04608860,1.00000000,-0.99881466,-0.25467284
758,0.00344845,0.03131344,-1.00000000,-0.97354890,-0.05164209
759,0.02167279,0.05523499,1.00000000,-0.98131190,-0.07530749
760,0.01316373,0.07878215,1.00000000,-0.93625142,-0.01072617
761,-0.00948687,0.25571474,1.00000000,-0.59766849,-0.05044401
762,-0.00029230,0.17310383,1.00000000,-0.75575494,-0.05693707
763,-0.01608663,-0.04680156,-1.00000000,-0.82406596,-0.15336932
764,-0.00978259,0.04246475,-1.00000000,-0.99488834,-0.30864451
765,0.00459713,-0.11087587,-1.00000000,-0.70145164,-0.35093237
766,-0.01721659,-0.04967255,-1.00000000,-0.81857195,-0.38908907
767,0.00937291,0.08993422,1.00000000,-0.91491052,-0.34137806
768,-0.01445119,-0.12184621,-1.00000000,-0.68045851,-0.33330494
769,0.01273770,0.13630033,1.00000000,-0.82618309,-0.22213663
770,-0.03768520,-0.09499807,-1.00000000,-0.73183582,-0.43085760
771,0.00410964,0.16896760,1.00000000,-0.76367013,-0.32558356
772,0.01639577,-0.32056752,-1.00000000,-0.30018010,-0.29091619
773,-0.00805756,0.08520139,1.00000000,-0.92396739,-0.25935491
774,-0.01047252,0.20448236,1.00000000,-0.69570815,-0.37392900
775,0.01027605,-0.03292496,-1.00000000,-0.85062059,-0.13717483
776,-0.00906504,-0.05637086,-1.00000000,-0.80575388,-0.20220984
777,0.01677232,0.14506847,1.00000000,-0.80940415,-0.20035105
778,-0.02097598,-0.04270614,-1.00000000,-0.83190306,-0.26412109
779,-0.00464892,0.20813812,1.00000000,-0.68871239,-0.23537368
780,0.02979131,-0.15834460,-1.00000000,-0.61061422,-0.13903922
781,0.00382855,0.00016806,-1.00000000,-0.91394827,-0.07539179
782,0.00095740,0.33453416,1.00000000,-0.44683756,-0.15345997
783,0.00586655,0.08247238,1.00000000,-0.92918969,-0.02095548
784,-0.00759848,0.05459761,1.00000000,-0.98253161,-0.03551554
785,0.00930526,0.10225846,1.00000000,-0.89132653,-0.13664216
786,0.01039206,-0.02846791,-1.00000000,-0.85914971,-0.10424231
787,-0.00419904,0.13564348,1.00000000,-0.82744007,-0.12969639
788,-0.00691025,0.14619476,1.00000000,-0.80724885,-0.19276732
789,0.00011724,0.00453581,-1.00000000,-0.92230652,-0.15467972
790,-0.02061519,-0.02178622,-1.00000000,-0.87193598,-0.30237793
791,0.01655014,0.04644083,1.00000000,-0.99814064,-0.27197937
792,0.00498086,-0.15484181,-1.00000000,-0.61731725,-0.22666403
793,-0.00716061,0.20598110,1.00000000,-0.69284011,-0.22789988
794,-0.02948456,0.09365971,1.00000000,-0.90778132,-0.37402516
795,0.00710992,-0.02421682,-1.00000000,-0.86728470,-0.23716394
796,-0.00838419,-0.24095090,-1.00000000,-0.45253660,-0.36024888
797,0.02226075,0.11432983,1.00000000,-0.86822642,-0.27494905
798,-0.03644055,-0.03609606,-1.00000000,-0.84455229,-0.41948552
799,0.02357273,0.26142306,1.00000000,-0.58674491,-0.15757540
800,0.02841528,-0.30848377,-1.00000000,-0.32330390,-0.05240436
801,-0.01014931,0.27416052,1.00000000,-0.56237015,-0.06111764
802,-0.00607591,0.32117487,1.00000000,-0.47240224,-0.20099775
803,-0.00724237,-0.05323290,-1.00000000,-0.81175877,-0.05686490
804,-0.00276448,-0.01368599,-1.00000000,-0.88743678,-0.18687497
805,0.04456160,-0.02501064,-1.00000000,-0.86576564,-0.10717089
806,0.02366853,0.01846337,-1.00000000,-0.94895865,0.05976628
807,0.01011671,0.47793278,1.00000000,-0.17242613,0.13969895
808,0.00005573,0.27509057,1.00000000,-0.56059038,0.17572502
809,-0.02819350,0.14352150,1.00000000,-0.81236448,0.05019809
810,-0.00490304,0.04584360,1.00000000,-0.99928350,-0.19397736
811,-0.01847137,-0.22841658,-1.00000000,-0.47652261,-0.40199526
812,0.00603770,-0.00229901,-1.00000000,-0.90922722,-0.42213070
813,-0.01529323,-0.13402839,-1.00000000,-0.65714636,-0.49789875
814,0.00919304,0.10392013,1.00000000,-0.88814671,-0.31334516
815,0.00139071,-0.10317313,-1.00000000,-0.71619181,-0.28227692
816,0.00139062,0.13455400,1.00000000,-0.82952492,-0.18423091
817,-0.00244402,0.05880442,1.00000000,-0.97448134,-0.22609977
818,-0.00682835,0.05880348,1.00000000,-0.97448314,-0.18431405
819,-0.00198297,0.02157459,-1.00000000,-0.95491238,-0.23948290
820,0.02300467,-0.02099110,-1.00000000,-0.87345753,-0.13278855
821,0.00804312,0.02605072,-1.00000000,-0.96347801,-0.09994939
822,-0.00118406,0.26864542,1.00000000,-0.57292400,-0.09372978
823,0.00900907,0.12338987,1.00000000,-0.85088890,-0.01555049
824,0.00337225,0.03380699,-1.00000000,-0.97832061,0.01088482
825,0.02444717,0.13276793,1.00000000,-0.83294279,0.01800556
826,0.00743557,0.07804234,1.00000000,-0.93766714,0.01500646
827,-0.00216539,0.28265012,1.00000000,-0.54612423,0.01016226
828,-0.01969898,0.11749141,1.00000000,-0.86217635,-0.13155114
829,-0.01250590,0.02427966,-1.00000000,-0.96008887,-0.20993148
830,-0.02880225,-0.14594674,-1.00000000,-0.63433908,-0.47279005
831,-0.00073288,-0.07611211,-1.00000000,-0.76797650,-0.51311246
832,-0.00075001,-0.23432666,-1.00000000,-0.46521291,-0.50612560
833,0.00016755,0.03818735,-1.00000000,-0.98670299,-0.40805717
834,-0.01284449,0.03802106,-1.00000000,-0.98638477,-0.40972854
835,0.00420134,0.04692922,1.00000000,-0.99720603,-0.24681081
836,-0.00112783,-0.07939927,-1.00000000,-0.76168610,-0.24876044
837,0.00891827,0.08609159,1.00000000,-0.92226387,-0.20103429
838,-0.00844967,0.03435292,-1.00000000,-0.97936532,-0.24357202
839,-0.00426177,0.13188641,1.00000000,-0.83462970,-0.20120459
840,-0.00274815,-0.03673181,-1.00000000,-0.84333569,-0.23550976
841,-0.01123387,0.00392682,-1.00000000,-0.92114114,-0.28539687
842,0.00254747,0.01862194,-1.00000000,-0.94926210,-0.31684548
843,0.02049620,-0.06376250,-1.00000000,-0.79160905,-0.17395812
844,-0.01365637,0.07003489,1.00000000,-0.95299040,-0.22033328
845,-0.01201405,0.24429174,1.00000000,-0.61952786,-0.26607317
846,-0.01411859,-0.08728147,-1.00000000,-0.74660251,-0.28031319
847,-0.01091922,-0.07133694,-1.00000000,-0.77711440,-0.34678967
848,0.00247432,-0.09176904,-1.00000000,-0.73801499,-0.43575225
849,0.00939676,-0.06070764,-1.00000000,-0.79745490,-0.32195362
850,-0.01443899,0.06932469,1.00000000,-0.95434947,-0.33392398
851,-0.01898518,0.13653184,1.00000000,-0.82574006,-0.35794723
852,-0.00473444,-0.09487962,-1.00000000,-0.73206249,-0.32741693
853,-0.02084688,-0.13901674,-1.00000000,-0.64760053,-0.44253886
854,0.01071924,-0.00066221,-1.00000000,-0.91235943,-0.43601063
855,-0.01047840,-0.15709124,-1.00000000,-0.61301269,-0.41645974
856,0.00028604,0.14937122,1.00000000,-0.80117029,-0.32132997
857,0.00095272,-0.05642792,-1.00000000,-0.80564470,-0.29325605
858,-0.00072467,0.04807963,1.00000000,-0.99500458,-0.19392548
859,0.04448369,0.05455214,1.00000000,-0.98261862,-0.02725183
860,-0.03200447,0.03826705,-1.00000000,-0.98685551,-0.13351234
861,-0.02901939,0.47717643,1.00000000,-0.17387350,-0.27817461
862,-0.03375139,-0.26541565,-1.00000000,-0.40572019,-0.44948676
863,0.01230893,-0.23643474,-1.00000000,-0.46117885,-0.38514817
864,-0.00766911,-0.28237583,-1.00000000,-0.37326475,-0.64259337
865,0.01425337,0.16480489,1.00000000,-0.77163601,-0.41424786
866,-0.00502205,-0.02915363,-1.00000000,-0.85783751,-0.29578823
867,0.01034852,0.18368263,1.00000000,-0.73551106,-0.07809502
868,0.00031370,-0.00345441,-1.00000000,-0.90701622,-0.13730785
869,0.00141290,0.14577205,1.00000000,-0.80805776,-0.09247578
870,0.01891831,0.04834813,1.00000000,-0.99449078,-0.06944791
871,0.00862484,0.05901981,1.00000000,-0.97406917,-0.00208191
872,-0.00413660,0.22897268,1.00000000,-0.64884282,-0.07358573
873,0.02491728,0.12903760,1.00000000,-0.84008126,0.04786650
874,-0.02314072,0.00514197,-1.00000000,-0.92346648,-0.07333908
875,0.01077216,0.28721417,1.00000000,-0.53739035,-0.11355146
876,0.00703354,-0.17936113,-1.00000000,-0.57039643,-0.12140669
877,-0.02148827,0.14988502,1.00000000,-0.80018707,-0.20706084
878,0.01182670,0.11358832,1.00000000,-0.86964540,-0.27168073
879,-0.02596433,-0.16331823,-1.00000000,-0.60109654,-0.28561910
880,-0.01097395,0.16012309,1.00000000,-0.78059523,-0.39296582
881,-0.02002586,-0.20677440,-1.00000000,-0.51793766,-0.52654089
882,0.01951082,-0.06123903,-1.00000000,-0.79643802,-0.32415446
883,-0.01217519,-0.14912028,-1.00000000,-0.62826612,-0.44263652
884,-0.01705466,0.23472504,1.00000000,-0.63783494,-0.39865517
885,-0.00460024,-0.07290137,-1.00000000,-0.77412065,-0.36719219
886,-0.00798491,-0.12027412,-1.00000000,-0.68346690,-0.30775369
887,0.01175555,0.00064074,-1.00000000,-0.91485279,-0.34603651
888,0.01191421,-0.03221967,-1.00000000,-0.85197025,-0.22712247
889,-0.00159351,0.15943234,1.00000000,-0.78191707,-0.15080060
890,0.01427694,0.16097269,1.00000000,-0.77896941,-0.05761596
891,0.00786730,0.02983183,-1.00000000,-0.97071365,0.02063635
892,0.01336619,0.18391152,1.00000000,-0.73507306,0.02858704
893,-0.01821501,0.12168297,1.00000000,-0.85415526,-0.12014172
894,0.01304008,0.17506935,1.00000000,-0.75199366,-0.04790500
895,-0.00268643,-0.13153943,-1.00000000,-0.66190929,-0.13164239
896,0.00688521,0.17190334,1.00000000,-0.75805223,-0.13649035
897,0.02561851,0.01922109,-1.00000000,-0.95040865,-0.07600843
898,0.00567819,0.11214825,1.00000000,-0.87240117,0.04193707
899,0.00187379,0.29402212,1.00000000,-0.52436248,-0.01318380
900,0.00927641,0.10042975,1.00000000,-0.89482600,0.04586914
901,0.00574778,0.06349442,1.00000000,-0.96550643,0.04025437
902,0.00372765,0.13536338,1.00000000,-0.82797606,-0.06780686
903,0.01609204,0.10110540,1.00000000,-0.89353305,-0.01640028
904,-0.00186056,0.08149282,1.00000000,-0.93106421,-0.03483439
905,0.02416337,0.20153359,1.00000000,-0.70135099,0.03865306
906,0.00985834,0.02723914,-1.00000000,-0.96575220,0.05894429
907,-0.01608067,0.27989474,1.00000000,-0.55139700,-0.03883681
908,-0.00912535,0.14101317,1.00000000,-0.81716448,-0.16331906
909,-0.01370714,-0.11081805,-1.00000000,-0.70156230,-0.22179807
910,-0.02088895,-0.04329173,-1.00000000,-0.83078245,-0.44419271
911,0.01256518,-0.08777439,-1.00000000,-0.74565924,-0.43083077
912,-0.00534384,-0.15749967,-1.00000000,-0.61223109,-0.37782984
913,0.00012203,0.16729275,1.00000000,-0.76687517,-0.33218140
914,-0.01383901,-0.00657854,-1.00000000,-0.90103780,-0.33283239
915,-0.02660625,0.04648729,1.00000000,-0.99805172,-0.36105507
916,-0.00188130,-0.08905472,-1.00000000,-0.74320917,-0.43236816
917,0.01515675,-0.21300660,-1.00000000,-0.50601155,-0.33116978
918,-0.00655426,0.02703781,-1.00000000,-0.96536694,-0.36412638
919,0.00389317,0.19245326,1.00000000,-0.71872735,-0.27659385
920,-0.01981456,-0.01833006,-1.00000000,-0.87854977,-0.24306757
921,0.01037323,0.08309979,1.00000000,-0.92798907,-0.18257476
922,0.01622652,-0.14706883,-1.00000000,-0.63219183,-0.17729403
923,-0.00532979,0.14601197,1.00000000,-0.80759863,-0.17124962
924,-0.05043186,0.20283913,1.00000000,-0.69885267,-0.43941777
925,0.00669832,-0.00644222,-1.00000000,-0.90129866,-0.30854055
926,-0.01144487,-0.44431962,-1.00000000,-0.06336479,-0.41624264
927,0.02716111,0.11033379,1.00000000,-0.87587335,-0.36226549
928,0.01241889,-0.06581100,-1.00000000,-0.78768899,-0.27465150
929,-0.02347614,0.30899864,1.00000000,-0.49570301,-0.14158824
930,0.01053887,0.16587249,1.00000000,-0.76959302,-0.12262990
931,-0.04305828,-0.18261760,-1.00000000,-0.56416475,-0.27868517
932,-0.01846748,0.14762008,1.00000000,-0.80452132,-0.50392451
933,0.00775095,-0.37273252,-1.00000000,-0.20035577,-0.52696719
934,0.01641083,-0.13399057,-1.00000000,-0.65721874,-0.33007059
935,0.00210188,0.12055333,1.00000000,-0.85631697,-0.37171865
936,-0.00591611,0.20462855,1.00000000,-0.69542839,-0.18837138
937,-0.00424066,0.06570882,1.00000000,-0.96126890,-0.11814266
938,-0.02628982,-0.01213449,-1.00000000,-0.89040578,-0.28618027
939,0.01774539,0.00413169,-1.00000000,-0.92153318,-0.27959240
940,-0.00282233,-0.20993446,-1.00000000,-0.51189048,-0.30390008
941,-0.01209444,0.21758524,1.00000000,-0.67063413,-0.33439860
942,0.00984796,0.01790172,-1.00000000,-0.94788387,-0.26485202
943,-0.00423511,-0.07211742,-1.00000000,-0.77562084,-0.15598196
944,0.01037129,0.14091236,1.00000000,-0.81735740,-0.19238322
945,0.01241461,0.00418560,-1.00000000,-0.92163634,-0.11716815
946,0.00602968,0.14599310,1.00000000,-0.80763475,-0.02770089
947,0.00864071,0.16583087,1.00000000,-0.76967266,-0.03366034
948,-0.00517623,0.10384221,1.00000000,-0.88829582,-0.03830605
949,0.00754096,0.12919162,1.00000000,-0.83978651,-0.05227755
950,-0.04912894,-0.00495136,-1.00000000,-0.90415161,-0.35607893
951,0.00045181,0.11851468,1.00000000,-0.86021818,-0.38361329
952,0.02502961,-0.43167015,-1.00000000,-0.08757116,-0.30271168
953,-0.02682287,0.04968904,1.00000000,-0.99192478,-0.40956737
954,0.03502764,0.28830477,1.00000000,-0.53530334,-0.27388311
955,0.02243331,-0.21510967,-1.00000000,-0.50198707,0.07937423
956,0.03121966,0.38537154,1.00000000,-0.34955379,0.23125550
957,0.01894874,0.26309834,1.00000000,-0.58353904,0.20123810
958,-0.02128139,0.34840136,1.00000000,-0.42030092,0.22859287
959,0.02106267,0.22926807,1.00000000,-0.64827755,0.15965668
960,-0.02832274,-0.16130969,-1.00000000,-0.60494014,-0.09089365
961,0.01545801,0.24979135,1.00000000,-0.60900365,-0.16869889
962,0.03926395,-0.22967123,-1.00000000,-0.47412167,-0.06841559
963,0.01880800,0.19537799,1.00000000,-0.71313051,0.12948024
964,-0.00638683,0.42650013,1.00000000,-0.27084901,-0.00602047
965,-0.00180374,0.22790171,1.00000000,-0.65089225,0.12488694
966,0.00964265,-0.01670452,-1.00000000,-0.88166045,0.09618020
967,-0.00963476,0.02779076,-1.00000000,-0.96680781,-0.14520164
968,0.00332660,0.13891905,1.00000000,-0.82117184,-0.22162346
969,0.00644768,-0.04823733,-1.00000000,-0.82131842,-0.15826763
970,-0.03100969,0.07759919,1.00000000,-0.93851516,-0.30243882
971,0.01652028,0.10790047,1.00000000,-0.88052982,-0.26848833
972,-0.01195269,-0.25575776,-1.00000000,-0.42420180,-0.27993048
973,-0.00204922,0.20569115,1.00000000,-0.69339498,-0.30646751
974,0.02774605,-0.07074118,-1.00000000,-0.77825446,-0.20133104
975,0.02889407,0.02540752,-1.00000000,-0.96224716,0.09437575
976,-0.00355089,0.31467751,1.00000000,-0.48483577,-0.00470287
977,-0.00315333,0.32582324,1.00000000,-0.46350701,0.03873397
978,-0.00915581,0.01082839,-1.00000000,-0.93434816,0.00365327
979,-0.00781255,0.01468817,-1.00000000,-0.94173434,-0.17187689
980,-0.00109537,-0.04358740,-1.00000000,-0.83021665,-0.31991570
981,0.00852145,-0.03054623,-1.00000000,-0.85517258,-0.26032222
982,0.01141923,0.03466806,-1.00000000,-0.97996839,-0.18838674
983,0.02577419,0.12803381,1.00000000,-0.84200213,-0.01595956
984,-0.02100949,0.15616720,1.00000000,-0.78816533,-0.08110450
985,-0.00215638,0.29553356,1.00000000,-0.52147013,-0.08634204
986,-0.01282272,-0.15866997,-1.00000000,-0.60999157,-0.19170461
987,-0.01339970,0.02436713,-1.00000000,-0.96025626,-0.31421988
988,-0.02453589,-0.07918791,-1.00000000,-0.76209057,-0.56256877
989,0.02590447,-0.08478957,-1.00000000,-0.75137108,-0.33098438
990,0.00443371,-0.19290633,-1.00000000,-0.54447596,-0.29845329
991,0.01787282,0.29679836,1.00000000,-0.51904978,-0.14692895
992,-0.00225462,0.08834762,1.00000000,-0.91794668,-0.09191278
993,-0.00140620,0.21882242,1.00000000,-0.66826663,0.02226380
994,-0.01482051,0.02341341,-1.00000000,-0.95843119,-0.17876952
995,0.00331015,0.03165034,-1.00000000,-0.97419359,-0.18431583
996,-0.01970233,-0.09858369,-1.00000000,-0.72497428,-0.36980045
997,0.00136249,0.07743941,1.00000000,-0.93882092,-0.35194511
998,0.05098613,-0.14597924,-1.00000000,-0.63427689,-0.09331747
999,0.03281869,0.05853038,1.00000000,-0.97500575,0.14184695
1000,0.00932942,0.54030595,1.00000000,-0.05306717,0.17156028
1001,-0.01010804,0.36392567,1.00000000,-0.39059317,0.21892119
1002,0.01216961,0.13587806,1.00000000,-0.82699116,0.27226911
1003,0.01968760,-0.05283222,-1.00000000,-0.81252551,0.11776818
1004,-0.00816340,0.16345235,1.00000000,-0.77422428,-0.08453431
1005,-0.00980109,0.23644142,1.00000000,-0.63455044,-0.17896946
1006,0.02158834,-0.03395252,-1.00000000,-0.84865422,-0.02250458
1007,-0.00974278,-0.04985216,-1.00000000,-0.81822824,-0.13067215
1008,-0.00334070,0.25489489,1.00000000,-0.59923739,-0.24434824
1009,0.00274625,-0.04928610,-1.00000000,-0.81931148,-0.19049426
1010,-0.03229642,0.01286910,-1.00000000,-0.93825332,-0.30153939
1011,0.00857700,0.07196473,1.00000000,-0.94929743,-0.36576814
1012,-0.01963759,-0.26825005,-1.00000000,-0.40029622,-0.41461252
1013,0.02491802,0.12857308,1.00000000,-0.84097017,-0.27511720
1014,-0.00097267,-0.14535073,-1.00000000,-0.63547964,-0.29347512
1015,-0.00877965,0.28722136,1.00000000,-0.53737659,-0.17738781
1016,-0.00842712,0.03585931,-1.00000000,-0.98224799,-0.26132631
1017,0.00448382,-0.03993546,-1.00000000,-0.83720511,-0.14225424
1018,0.00473034,-0.03651286,-1.00000000,-0.84375467,-0.24190800
1019,-0.01622603,0.08883412,1.00000000,-0.91701570,-0.31720415
1020,0.01190660,0.09122744,1.00000000,-0.91243578,-0.21508928
1021,0.00613415,-0.11222930,-1.00000000,-0.69886169,-0.14320959
1022,-0.00791006,0.16089883,1.00000000,-0.77911075,-0.20439029
1023,-0.00888536,0.10485645,1.00000000,-0.88635494,-0.27160231
1024,-0.00307706,-0.03149295,-1.00000000,-0.85336091,-0.20669421
1025,0.01879596,-0.04096173,-1.00000000,-0.83524120,-0.17268583
1026,-0.01462871,0.01542863,-1.00000000,-0.94315130,-0.27517885
1027,0.00338865,0.22778479,1.00000000,-0.65111600,-0.21940430
1028,-0.01254158,-0.09672159,-1.00000000,-0.72853764,-0.23745274
1029,0.01441472,0.07820159,1.00000000,-0.93736239,-0.15110692
1030,-0.00676660,-0.07645849,-1.00000000,-0.76731366,-0.27729304
1031,-0.00235904,0.18524917,1.00000000,-0.73251329,-0.21672546
1032,-0.00271303,-0.02039161,-1.00000000,-0.87460473,-0.24684558
1033,-0.00033269,0.02239963,-1.00000000,-0.95649118,-0.18657806
1034,0.00532869,0.01896289,-1.00000000,-0.94991455,-0.23143001
1035,-0.00449807,0.04207259,-1.00000000,-0.99413789,-0.22023170
1036,-0.00451969,0.09703663,1.00000000,-0.90131916,-0.23089746
1037,-0.00337887,0.00163267,-1.00000000,-0.91675097,-0.23418428
1038,-0.00985499,0.00142276,-1.00000000,-0.91634929,-0.28118981
1039,-0.00016675,0.01249853,-1.00000000,-0.93754419,-0.30831729
1040,-0.00003805,-0.05037549,-1.00000000,-0.81722678,-0.28630103
1041,-0.01428634,0.04368369,-1.00000000,-0.99722093,-0.33451279
1042,0.00043999,0.04493313,-1.00000000,-0.99961191,-0.31566155
1043,-0.00859757,-0.09339768,-1.00000000,-0.73489836,-0.30945444
1044,-0.01820761,0.04957421,1.00000000,-0.99214452,-0.39851069
1045,0.00889014,-0.03816768,-1.00000000,-0.84058798,-0.35443787
1046,-0.01087609,-0.13146758,-1.00000000,-0.66204679,-0.33760363
1047,-0.00454294,0.13161329,1.00000000,-0.83515235,-0.36220118
1048,0.00164844,-0.06028894,-1.00000000,-0.79825613,-0.31162314
1049,-0.00226251,0.00119700,-1.00000000,-0.91591727,-0.23291236
1050,0.00061708,0.06130661,1.00000000,-0.96969308,-0.27375119
1051,-0.00408527,0.02333676,-1.00000000,-0.95828451,-0.24022920
1052,0.00242345,0.05129357,1.00000000,-0.98885431,-0.20584055
1053,-0.01662247,0.00564040,-1.00000000,-0.92442028,-0.29603243
1054,0.00560002,0.06883084,1.00000000,-0.95529451,-0.25722012
1055,-0.01504604,-0.11607818,-1.00000000,-0.69149637,-0.33453899
1056,0.02272896,0.09967082,1.00000000,-0.89627830,-0.20217421
1057,0.00740767,-0.10077323,-1.00000000,-0.72078433,-0.17757028
1058,0.02226719,0.26596868,1.00000000,-0.57804628,0.01440324
1059,0.02751313,0.11722060,1.00000000,-0.86269458,0.12257432
1060,0.01573007,0.26148552,1.00000000,-0.58662538,0.27449640
1061,0.03507124,0.31241618,1.00000000,-0.48916311,0.33542237
1062,0.03480542,0.19801934,1.00000000,-0.70807595,0.47066764
1063,0.01099298,0.38579477,1.00000000,-0.34874388,0.41501403
1064,0.03045477,0.38321408,1.00000000,-0.35368236,0.42953507
1065,-0.00420267,0.15202885,1.00000000,-0.79608459,0.33113979
1066,-0.00153085,0.34097542,1.00000000,-0.43451139,0.15045858
1067,-0.01892047,0.00450053,-1.00000000,-0.92223899,-0.11475197
1068,-0.00515998,0.03044022,-1.00000000,-0.97187787,-0.19448882
1069,0.00476968,-0.13838848,-1.00000000,-0.64880278,-0.32127977
1070,0.02803943,-0.00479352,-1.00000000,-0.90445366,-0.16212100
1071,0.01428947,0.09160946,1.00000000,-0.91170474,-0.08402618
1072,-0.00559564,0.31752587,1.00000000,-0.47938506,-0.01824996
1073,0.02997457,0.18403311,1.00000000,-0.73484037,0.15518695
1074,0.02623908,-0.00902319,-1.00000000,-0.89635965,0.26116769
1075,0.01502656,0.33631333,1.00000000,-0.44343288,0.19693140
1076,-0.02436011,0.30004697,1.00000000,-0.51283316,0.00614303
1077,-0.04917446,0.19118922,1.00000000,-0.72114625,-0.20897793
1078,0.01487444,-0.19119971,-1.00000000,-0.54774181,-0.28351765
1079,0.00899693,-0.43211209,-1.00000000,-0.08672545,-0.36863120
1080,0.01732203,0.18971242,1.00000000,-0.72397230,-0.35729993
1081,0.00079136,0.13265001,1.00000000,-0.83316845,-0.23314314
1082,-0.01047290,0.21347498,1.00000000,-0.67849963,-0.04209810
1083,0.00096630,0.05298552,1.00000000,-0.98561653,-0.11075376
1084,-0.01217904,-0.05637449,-1.00000000,-0.80574694,-0.21528604
1085,-0.00531917,0.05468398,1.00000000,-0.98236631,-0.32705124
1086,-0.00886813,-0.07293874,-1.00000000,-0.77404915,-0.37473400
1087,0.01468760,-0.00633912,-1.00000000,-0.90149596,-0.25053263
1088,0.02382851,-0.04079448,-1.00000000,-0.83556127,-0.13767645
1089,0.01907556,0.18789840,1.00000000,-0.72744365,0.01660765
1090,0.03734924,0.27664377,1.00000000,-0.55761816,0.22723449
1091,-0.01132496,0.23049934,1.00000000,-0.64592136,0.21510666
1092,0.03580180,0.40791098,1.00000000,-0.30642172,0.31933405
1093,0.03762592,-0.06464686,-1.00000000,-0.78991670,0.38744310
1094,-0.00543990,0.39288750,1.00000000,-0.33517104,0.26642584
1095,0.03344489,0.41059717,1.00000000,-0.30128136,0.24715255
1096,0.02800289,-0.00751123,-1.00000000,-0.89925298,0.44128917
1097,0.01762396,0.37000526,1.00000000,-0.37895910,0.35155674
1098,-0.01490420,0.31717110,1.00000000,-0.48006397,0.09224894
1099,0.00398104,0.21640637,1.00000000,-0.67289005,0.13875415
1100,-0.02408474,-0.09939616,-1.00000000,-0.72341952,-0.14523304
1101,-0.00995128,0.08395284,1.00000000,-0.92635664,-0.33258865
1102,-0.00116819,-0.18852623,-1.00000000,-0.55285785,-0.42535354
1103,-0.00253922,-0.05131034,-1.00000000,-0.81543783,-0.36431552
1104,0.01710544,0.03396111,-1.00000000,-0.97861556,-0.29952869
1105,-0.00984848,0.02065030,-1.00000000,-0.95314363,-0.22925334
1106,0.01142044,0.21137228,1.00000000,-0.68252341,-0.12375473
1107,0.00674472,-0.05031226,-1.00000000,-0.81734778,-0.08469373
1108,0.01972922,0.15617893,1.00000000,-0.78814288,0.02523143
1109,-0.01650156,0.11078429,1.00000000,-0.87501128,-0.14066497
1110,-0.01605420,0.23684548,1.00000000,-0.63377721,-0.17129870
1111,0.00575422,-0.11490427,-1.00000000,-0.69374278,-0.19926923
1112,-0.04795942,-0.11056111,-1.00000000,-0.70205398,-0.46930877
1113,0.00798150,0.10116792,1.00000000,-0.89341342,-0.52729982
1114,0.03530755,-0.42031567,-1.00000000,-0.10929939,-0.27155119
1115,0.01367568,0.12279164,1.00000000,-0.85203368,-0.12479363
1116,0.02171963,0.38808905,1.00000000,-0.34435349,-0.04598255
1117,0.01176435,0.17807416,1.00000000,-0.74624358,0.24883572
1118,-0.03402720,0.25616951,1.00000000,-0.59679823,0.04146547
1119,-0.00843337,0.15951784,1.00000000,-0.78175346,-0.17445564
1120,0.01290709,-0.28505357,-1.00000000,-0.36814056,-0.17824971
1121,-0.00106338,-0.03657354,-1.00000000,-0.84363856,-0.29071497
1122,0.00283950,0.17061217,1.00000000,-0.76052305,-0.33477130
1123,0.03352130,0.03497859,-1.00000000,-0.98056263,-0.00132727
1124,-0.00625209,0.07287010,1.00000000,-0.94756487,0.00944029
1125,0.02584158,0.37074711,1.00000000,-0.37753949,0.07328964
1126,0.00406361,-0.01539646,-1.00000000,-0.88416359,0.09859838
1127,0.00404122,0.29618781,1.00000000,-0.52021814,0.10453053
1128,0.01096756,0.08475452,1.00000000,-0.92482253,-0.00680295
1129,-0.01270677,0.08453714,1.00000000,-0.92523851,-0.03866555
1130,-0.01371598,0.15178212,1.00000000,-0.79655673,-0.23393609
1131,0.09129728,-0.07806219,-1.00000000,-0.76424477,0.19668104
1132,-0.01540257,-0.08786029,-1.00000000,-0.74549487,0.10069939
1133,0.03073586,0.93167027,1.00000000,0.69585803,0.19828289
1134,-0.01421198,-0.10423466,-1.00000000,-0.71416044,0.19085262
1135,0.00402112,0.34370436,1.00000000,-0.42928922,0.27840941
1136,0.06746887,-0.09267567,-1.00000000,-0.73628004,0.16078371
1137,0.00194644,0.08434192,1.00000000,-0.92561209,0.24642476
1138,0.00493451,0.70033007,1.00000000,0.25315925,0.11905992
1139,0.09833535,0.06419979,1.00000000,-0.96415662,0.67463449
1140,0.01936701,0.09320969,1.00000000,-0.90864249,0.75038742
1141,-0.05383556,1.00000000,1.00000000,0.82661562,0.15158458
1142,-0.02443146,0.23332890,1.00000000,-0.64050665,0.02137366
1143,-0.00423173,-0.47736474,-1.00000000,-0.00012876,-0.02387426
1144,-0.00697673,-0.19189239,-1.00000000,-0.54641628,-0.54373301
1145,0.00323109,0.00421839,-1.00000000,-0.92169909,-0.62338579
1146,-0.01345457,-0.02243161,-1.00000000,-0.87070093,-0.42405050
1147,0.00634664,0.07667188,1.00000000,-0.94028968,-0.27211861
1148,0.02972691,-0.08532229,-1.00000000,-0.75035166,-0.10448638
1149,-0.00605018,0.10691949,1.00000000,-0.88240706,-0.09991258
1150,0.00387194,0.33390890,1.00000000,-0.44803406,-0.09674911
1151,-0.04213369,-0.01343611,-1.00000000,-0.88791497,-0.23831970
1152,-0.02874040,0.08289364,1.00000000,-0.92838357,-0.41152210
1153,-0.02105571,-0.36375607,-1.00000000,-0.21753334,-0.66220359
1154,0.02026165,-0.23372615,-1.00000000,-0.46636207,-0.53231884
1155,-0.01000277,-0.15911863,-1.00000000,-0.60913301,-0.60080948
1156,0.01270457,0.24201458,1.00000000,-0.62388549,-0.33010787
1157,-0.03186202,-0.05181026,-1.00000000,-0.81448117,-0.34551732
1158,0.01402440,0.16864602,1.00000000,-0.76428552,-0.17234913
1159,0.00050597,-0.26403268,-1.00000000,-0.40836669,-0.26987034
1160,-0.01092791,0.18145971,1.00000000,-0.73976490,-0.27443716
1161,0.00102391,0.05021486,1.00000000,-0.99091854,-0.33209713
1162,-0.00911510,-0.06079204,-1.00000000,-0.79729339,-0.21981004
1163,0.00095691,0.05524333,1.00000000,-0.98129593,-0.28431592
1164,0.01000724,-0.04319218,-1.00000000,-0.83097296,-0.23741421
1165,0.03466656,0.05459285,1.00000000,-0.98254071,-0.01234331
1166,0.02969383,0.14245874,1.00000000,-0.81439819,0.12918182
1167,-0.00629529,0.38186591,1.00000000,-0.35626225,0.14310143
1168,0.06637797,0.33358771,1.00000000,-0.44864870,0.46604357
1169,-0.06072420,-0.01581580,-1.00000000,-0.88336113,0.11688744
1170,0.00838926,0.68973894,1.00000000,0.23289179,-0.01282689
1171,0.03462597,-0.54424369,-1.00000000,0.12785257,0.01151997
1172,0.01203676,0.12675040,1.00000000,-0.84445810,0.10201365
1173,-0.02324730,0.38147188,1.00000000,-0.35701627,-0.34040929
1174,0.07289502,0.16216253,1.00000000,-0.77669251,0.31918384
1175,0.00156028,-0.18039587,-1.00000000,-0.56841631,0.28547355
1176,0.00213229,0.75301036,1.00000000,0.35396967,0.12507292
1177,-0.03583747,0.06045072,1.00000000,-0.97133094,-0.11125172
1178,0.01172613,0.06600414,1.00000000,-0.96070377,0.06138983
1179,0.06558407,-0.30262869,-1.00000000,-0.33450833,0.02530030
1180,-0.01090145,0.15914669,1.00000000,-0.78246369,-0.03621537
1181,-0.09243386,0.68203131,1.00000000,0.21814227,-0.50302835
1182,-0.00403108,-0.06053516,-1.00000000,-0.79778497,-0.34602045
1183,-0.04480587,-0.85209977,-1.00000000,0.71697417,-0.62508297
1184,0.01273661,0.00616642,-1.00000000,-0.92542689,-0.88595728
1185,-0.03400403,-0.38969920,-1.00000000,-0.16788788,-1.00000000
1186,-0.02356482,0.16895707,1.00000000,-0.76369029,-0.66003733
1187,-0.00129899,-0.28482856,-1.00000000,-0.36857114,-0.64655070
1188,0.01234768,-0.18347856,-1.00000000,-0.56251719,-0.36441997
1189,-0.03595377,0.03269122,-1.00000000,-0.97618545,-0.60477343
1190,-0.03516899,0.16518110,1.00000000,-0.77091609,-0.61052412
1191,0.01001500,-0.30375782,-1.00000000,-0.33234759,-0.44476190
1192,0.00436404,-0.29613873,-1.00000000,-0.34692770,-0.41680714
1193,0.01550105,0.14253411,1.00000000,-0.81425396,-0.40124094
1194,-0.00943019,0.08767120,1.00000000,-0.91924110,-0.27031087
1195,0.04457447,0.19579591,1.00000000,-0.71233077,0.12333191
1196,-0.02932626,-0.04625126,-1.00000000,-0.82511902,-0.07087091
1197,0.01103358,0.47805777,1.00000000,-0.17218695,-0.03794764
1198,0.02217661,-0.23941407,-1.00000000,-0.45547752,-0.00499465
1199,-0.02568523,0.15242301,1.00000000,-0.79533031,-0.08523543
1200,-0.00952030,0.26060617,1.00000000,-0.58830813,-0.35226693
1201,0.07231795,-0.20406472,-1.00000000,-0.52312297,0.14948591
1202,-0.00493132,-0.04712614,-1.00000000,-0.82344482,0.07067740
1203,0.01076721,0.74740777,1.00000000,0.34324840,0.01435644
1204,0.00512307,-0.00257355,-1.00000000,-0.90870185,0.16643739
1205,-0.01579193,0.14983699,1.00000000,-0.80027899,0.13547837
1206,0.01489085,0.09504032,1.00000000,-0.90513935,-0.14800272
1207,0.02946115,-0.10801476,-1.00000000,-0.70692674,0.02177104
1208,0.00442297,0.18987166,1.00000000,-0.72366756,-0.00954647
1209,-0.01777445,0.33132879,1.00000000,-0.45297143,-0.12257697
1210,-0.02775745,0.08824332,1.00000000,-0.91814627,-0.18164317
1211,-0.02552812,-0.12726230,-1.00000000,-0.67009413,-0.38116589
1212,-0.00289503,-0.22418314,-1.00000000,-0.48462383,-0.54088781
1213,-0.01583564,-0.20253942,-1.00000000,-0.52604182,-0.64089167
1214,-0.00706264,0.01719589,-1.00000000,-0.94653318,-0.58801425
1215,-0.00024289,-0.10843916,-1.00000000,-0.70611459,-0.45219236
1216,-0.00531463,-0.02326568,-1.00000000,-0.86910483,-0.35241123
1217,-0.02907181,0.04294441,-1.00000000,-0.99580623,-0.48162933
1218,-0.00254780,-0.00629501,-1.00000000,-0.90158036,-0.41603572
1219,0.00286599,-0.23694366,-1.00000000,-0.46020496,-0.36702439
1220,0.00818969,0.02056699,-1.00000000,-0.95298421,-0.32539809
1221,0.00565639,0.07312731,1.00000000,-0.94707267,-0.27124115
1222,0.00054148,0.12481288,1.00000000,-0.84816579,-0.12505919
1223,-0.00218606,0.10021809,1.00000000,-0.89523104,-0.12327348
1224,0.00605951,0.05055955,1.00000000,-0.99025894,-0.10750912
1225,-0.00129250,0.02407903,-1.00000000,-0.95970493,-0.15431666
1226,-0.01059812,0.10413186,1.00000000,-0.88774153,-0.23455484
1227,-0.02780724,0.03275418,-1.00000000,-0.97630594,-0.37449442
1228,-0.00499695,-0.05759025,-1.00000000,-0.80342042,-0.38837000
1229,0.01430375,-0.22466646,-1.00000000,-0.48369893,-0.34767343
1230,-0.02062974,-0.00321076,-1.00000000,-0.90748247,-0.44312909
1231,0.00080140,0.18417180,1.00000000,-0.73457497,-0.38685692
1232,-0.01516636,-0.15498313,-1.00000000,-0.61704681,-0.32445695
1233,0.01488619,0.05308298,1.00000000,-0.98543004,-0.22630653
1234,-0.00455391,-0.10194139,-1.00000000,-0.71854889,-0.31939480
1235,0.01482407,0.18982648,1.00000000,-0.72375403,-0.14438186
1236,-0.00418654,0.00109054,-1.00000000,-0.91571355,-0.16900412
1237,0.00844694,0.18922338,1.00000000,-0.72490815,-0.05244026
1238,0.00068048,0.00465717,-1.00000000,-0.92253875,-0.12256485
1239,-0.00042826,0.12731044,1.00000000,-0.84338639,-0.10219914
1240,-0.02188640,0.05190903,1.00000000,-0.98767653,-0.28341540
1241,0.02011344,0.04114477,-1.00000000,-0.99236240,-0.16346188
1242,0.00441476,-0.16718350,-1.00000000,-0.59369985,-0.18336619
1243,0.00869978,0.24057563,1.00000000,-0.62663910,-0.14378000
1244,0.00264122,0.08816366,1.00000000,-0.91829871,-0.12862794
1245,0.01849336,0.12976512,1.00000000,-0.83868904,0.07070129
1246,-0.01137120,0.07094508,1.00000000,-0.95124864,-0.08471833
1247,0.02851601,0.22484702,1.00000000,-0.65673779,0.03425421
1248,-0.02887038,-0.06509572,-1.00000000,-0.78905775,-0.15120578
1249,-0.00862755,0.32215278,1.00000000,-0.47053090,-0.20683256
1250,0.00784115,-0.23498812,-1.00000000,-0.46394714,-0.25941574
1251,0.00183370,-0.03845882,-1.00000000,-0.84003084,-0.19423154
1252,-0.00908422,0.12142910,1.00000000,-0.85464108,-0.37983995
1253,0.01260550,0.06310523,1.00000000,-0.96625119,-0.17509988
1254,0.00829101,-0.04289236,-1.00000000,-0.83154671,-0.09158367
1255,0.00229474,0.16768418,1.00000000,-0.76612612,-0.11896279
1256,-0.00720906,0.12579661,1.00000000,-0.84628329,-0.16360114
1257,-0.00564230,0.06758124,1.00000000,-0.95768578,-0.14661058
1258,0.00576403,-0.02468720,-1.00000000,-0.86638458,-0.18038256
1259,-0.00259899,-0.00947619,-1.00000000,-0.89549277,-0.23413959
1260,-0.02411046,0.10126319,1.00000000,-0.89323110,-0.36448528
1261,0.01261765,0.02007002,-1.00000000,-0.95203319,-0.26661344
1262,0.00115823,-0.18877599,-1.00000000,-0.55237990,-0.23304357
1263,0.00009008,0.16780213,1.00000000,-0.76590041,-0.26105227
1264,-0.00534176,0.05654731,1.00000000,-0.97880060,-0.27459157
1265,-0.01418740,0.04617710,1.00000000,-0.99864532,-0.22560773
1266,0.00057488,-0.00655838,-1.00000000,-0.90107637,-0.28505525
1267,-0.00559615,-0.09243707,-1.00000000,-0.73673662,-0.31839733
1268,0.01986651,0.05088379,1.00000000,-0.98963846,-0.22077364
1269,-0.01428734,-0.00902820,-1.00000000,-0.89635006,-0.26493227
1270,-0.00602087,0.23817838,1.00000000,-0.63122655,-0.22461931
1271,0.00095956,-0.09340731,-1.00000000,-0.73487994,-0.22272037
1272,-0.00040126,-0.01315161,-1.00000000,-0.88845940,-0.19707648
1273,-0.00228296,0.05461855,1.00000000,-0.98249154,-0.30641436
1274,0.02639064,0.04140689,-1.00000000,-0.99286399,-0.10561307
1275,0.01115376,0.02313822,-1.00000000,-0.95790458,-0.02083285
1276,0.00470228,0.30151839,1.00000000,-0.51001741,-0.00235741
1277,-0.02116626,0.15358980,1.00000000,-0.79309750,-0.10486101
1278,-0.01632617,0.09095509,1.00000000,-0.91295696,-0.17418341
1279,0.01244782,-0.16019195,-1.00000000,-0.60707908,-0.24301021
1280,-0.00264980,-0.11320152,-1.00000000,-0.69700122,-0.31114957
1281,-0.01516628,0.16615336,1.00000000,-0.76905554,-0.40922803
1282,-0.00993794,0.01957679,-1.00000000,-0.95108933,-0.35380097
1283,0.00480206,-0.10194061,-1.00000000,-0.71855040,-0.24950431
1284,-0.00670246,-0.05118085,-1.00000000,-0.81568562,-0.34403710
1285,-0.00654473,0.09192382,1.00000000,-0.91110317,-0.36326392
1286,-0.00734766,-0.01976890,-1.00000000,-0.87579637,-0.32466838
1287,-0.00657313,-0.01823753,-1.00000000,-0.87872684,-0.30805845
1288,0.00737649,-0.02603288,-1.00000000,-0.86380945,-0.29535015
1289,-0.00040303,-0.01851328,-1.00000000,-0.87819916,-0.26425388
1290,0.00279033,0.11691784,1.00000000,-0.86327395,-0.21817264
1291,0.00099958,0.04138966,-1.00000000,-0.99283102,-0.17696760
1292,-0.00309449,0.07239270,1.00000000,-0.94847844,-0.15979576
1293,-0.01095247,0.05500708,1.00000000,-0.98174802,-0.25027415
1294,0.00324766,0.01525942,-1.00000000,-0.94282749,-0.23225297
1295,-0.00690088,-0.06103043,-1.00000000,-0.79683720,-0.28009228
1296,-0.01806572,0.07683280,1.00000000,-0.93998175,-0.37420555
1297,0.00398871,-0.02169521,-1.00000000,-0.87211013,-0.33924029
1298,-0.01640938,-0.13009008,-1.00000000,-0.66468281,-0.36617758
1299,-0.00339193,0.08402732,1.00000000,-0.92621412,-0.39895302
1300,0.02744180,-0.11400933,-1.00000000,-0.69545537,-0.22942508
1301,-0.00177301,0.01237174,-1.00000000,-0.93730156,-0.14899831
1302,-0.00608618,0.31172368,1.00000000,-0.49048829,-0.19873163
1303,0.00175197,0.02808918,-1.00000000,-0.96737886,-0.10908059
1304,0.00403597,-0.01378565,-1.00000000,-0.88724608,-0.07241378
1305,0.02065648,0.06231175,1.00000000,-0.96776962,-0.10590856
1306,0.00825134,0.08448616,1.00000000,-0.92533608,-0.05642473
1307,-0.00501775,0.24584786,1.00000000,-0.61655003,-0.05115058
1308,0.00142739,0.12541145,1.00000000,-0.84702035,-0.05275287
1309,-0.02589290,-0.00341273,-1.00000000,-0.90709597,-0.20049268
1310,0.00054696,0.05916046,1.00000000,-0.97380001,-0.29976061
1311,0.01409871,-0.20608095,-1.00000000,-0.51926465,-0.27089588
1312,-0.02986416,0.05061277,1.00000000,-0.99015710,-0.39354679
1313,0.00463753,0.18218113,1.00000000,-0.73838437,-0.37770033
1314,0.01199645,-0.24463627,-1.00000000,-0.44548417,-0.19066468
1315,-0.00951739,0.09032647,1.00000000,-0.91415990,-0.24034596
1316,0.00203826,0.16177119,1.00000000,-0.77744139,-0.29988076
1317,-0.01074969,-0.04709784,-1.00000000,-0.82349899,-0.20552476
1318,0.02915071,0.06509115,1.00000000,-0.96245088,-0.08451879
1319,-0.00121597,-0.05906173,-1.00000000,-0.80060455,-0.14974013
1320,0.03266050,0.32831483,1.00000000,-0.45873904,0.05846530
1321,0.01365859,0.03349720,-1.00000000,-0.97772781,0.11582750
1322,0.00040275,0.36238994,1.00000000,-0.39353198,0.17087998
1323,-0.01646611,0.17790820,1.00000000,-0.74656117,-0.05430126
1324,0.00238467,0.04921267,1.00000000,-0.99283636,-0.03652720
1325,-0.02501477,-0.11456013,-1.00000000,-0.69440134,-0.32123333
1326,0.00585852,0.06845432,1.00000000,-0.95601502,-0.35973732
1327,-0.02315689,-0.19755551,-1.00000000,-0.53557917,-0.47603629
1328,0.00991738,0.10218052,1.00000000,-0.89147567,-0.34579778
1329,-0.00923741,-0.17951820,-1.00000000,-0.57009586,-0.40316860
1330,-0.00637400,0.14158631,1.00000000,-0.81606770,-0.31115097
1331,-0.00702306,-0.04437967,-1.00000000,-0.82870054,-0.37473916
1332,-0.01076512,-0.01657995,-1.00000000,-0.88189882,-0.31356885
1333,-0.00517261,-0.02288147,-1.00000000,-0.86984006,-0.38805854
1334,-0.01728133,-0.05921157,-1.00000000,-0.80031783,-0.42776623
1335,-0.00124208,-0.00491618,-1.00000000,-0.90421893,-0.40243324
1336,0.01615580,-0.12247474,-1.00000000,-0.67925574,-0.28801392
1337,0.01864819,0.03324368,-1.00000000,-0.97724265,-0.14281908
1338,-0.00625181,0.20215260,1.00000000,-0.70016645,-0.14814641
1339,-0.00129132,0.22635021,1.00000000,-0.65386124,-0.06921391
1340,-0.01288602,-0.01539369,-1.00000000,-0.88416888,-0.12669261
1341,-0.00082020,0.03276566,-1.00000000,-0.97632790,-0.21049234
1342,0.00742352,-0.07980249,-1.00000000,-0.76091448,-0.26590140
1343,0.00589316,0.03733958,-1.00000000,-0.98508068,-0.20594942
1344,-0.01335869,0.11737451,1.00000000,-0.86240005,-0.26551837
1345,-0.00465098,0.10251680,1.00000000,-0.89083216,-0.22486722
1346,0.01185507,-0.08439151,-1.00000000,-0.75213282,-0.16229749
1347,-0.00811593,0.00014811,-1.00000000,-0.91391010,-0.23900590
1348,0.01452282,0.16039852,1.00000000,-0.78006816,-0.19640675
1349,-0.00252218,-0.03349166,-1.00000000,-0.84953613,-0.14291378
1350,-0.00377122,0.18629862,1.00000000,-0.73050503,-0.13857097
1351,0.00263228,0.02081573,-1.00000000,-0.95346020,-0.18409802
1352,-0.01765630,0.00868932,-1.00000000,-0.93025478,-0.23119277
1353,-0.00219923,0.07085826,1.00000000,-0.95141480,-0.31373889
1354,-0.01484256,-0.12611520,-1.00000000,-0.67228925,-0.37455676
1355,0.01476729,0.02395112,-1.00000000,-0.95946016,-0.28304390
1356,-0.00802424,-0.09879774,-1.00000000,-0.72456466,-0.33564835
1357,0.00250933,0.18867214,1.00000000,-0.72596300,-0.23610347
1358,-0.01258103,-0.03260150,-1.00000000,-0.85123956,-0.28735179
1359,-0.03296436,0.06966459,1.00000000,-0.95369903,-0.37680759
1360,0.00461503,-0.07684146,-1.00000000,-0.76658080,-0.42692286
1361,-0.01062810,-0.27473485,-1.00000000,-0.38788674,-0.43977643
1362,-0.02497096,0.09010801,1.00000000,-0.91457796,-0.57542912
1363,-0.01724084,-0.05788124,-1.00000000,-0.80286357,-0.59843167
1364,0.00307470,-0.19713019,-1.00000000,-0.53639307,-0.42052975
1365,-0.00616829,-0.12208170,-1.00000000,-0.68000788,-0.47376014
1366,0.00793841,0.07515355,1.00000000,-0.94319520,-0.38210910
1367,0.02994890,-0.01458280,-1.00000000,-0.88572064,-0.11100468
1368,-0.00339724,0.12237333,1.00000000,-0.85283417,-0.04266762
1369,0.01800257,0.33606412,1.00000000,-0.44390977,0.03102178
1370,0.02518029,0.01232012,-1.00000000,-0.93720278,0.18576974
1371,-0.00653191,0.22008210,1.00000000,-0.66585607,0.11433897
1372,-0.01153388,0.28976759,1.00000000,-0.53250405,-0.09043514
1373,-0.00315270,-0.01811305,-1.00000000,-0.87896504,-0.08922799
1374,0.00999463,-0.06667514,-1.00000000,-0.78603534,-0.12875811
1375,-0.00787032,0.01469428,-1.00000000,-0.94174603,-0.29190792
1376,0.00691248,0.14233628,1.00000000,-0.81463254,-0.22554155
1377,-0.00225200,-0.03110711,-1.00000000,-0.85409926,-0.17972282
1378,0.00150721,0.11241295,1.00000000,-0.87189463,-0.15671980
1379,0.00957719,0.02343878,-1.00000000,-0.95847974,-0.15878043
1380,-0.10766782,0.05993545,1.00000000,-0.97231697,-0.65141724
1381,-0.01232057,0.13828355,1.00000000,-0.82238796,-0.74635858
1382,0.00137458,-1.00000000,-1.00000000,1.00000000,-0.72845643
1383,-0.00151122,-0.07431283,-1.00000000,-0.77141965,-0.74335650
1384,0.01196531,0.05864781,1.00000000,-0.97478103,-0.73156785
1385,0.00638146,0.03063074,-1.00000000,-0.97224247,-0.16857907
1386,-0.01804315,0.16146886,1.00000000,-0.77801992,-0.19682779
1387,-0.04853851,0.10725756,1.00000000,-0.88176012,-0.44321698
1388,0.00920265,-0.12987097,-1.00000000,-0.66510212,-0.39032940
1389,0.07124640,-0.42593786,-1.00000000,-0.09854062,-0.09769635
1390,-0.06101792,0.13464733,1.00000000,-0.82934632,-0.43040425
1391,-0.03013537,0.73700459,1.00000000,0.32334060,-0.49009585
1392,0.02590963,-0.54709533,-1.00000000,0.13330955,-0.12259272
1393,-0.02758354,-0.24726936,-1.00000000,-0.44044543,-0.30418277
1394,-0.04248107,0.29684850,1.00000000,-0.51895384,-0.86558300
1395,-0.01068856,-0.22249468,-1.00000000,-0.48785491,-0.61713895
1396,0.00746425,-0.36712869,-1.00000000,-0.21107941,-0.43153351
1397,0.01989987,-0.05846827,-1.00000000,-0.80174022,-0.46119988
1398,0.01288269,0.11776994,1.00000000,-0.86164335,-0.26144385
1399,0.02032591,0.23850221,1.00000000,-0.63060685,0.04859429
1400,0.00532435,0.17037525,1.00000000,-0.76097641,0.12763986
1401,-0.00677081,0.24263848,1.00000000,-0.62269158,0.05737041
1402,-0.01085434,0.09699451,1.00000000,-0.90139976,-0.09444357
1403,0.00904943,-0.02043243,-1.00000000,-0.87452662,-0.11336593
1404,0.01839355,-0.06007776,-1.00000000,-0.79866025,-0.12290476
1405,0.02288853,0.13315974,1.00000000,-0.83219302,-0.03620160
1406,0.03598369,0.22387800,1.00000000,-0.65859214,0.17485019
1407,0.00276597,0.26751785,1.00000000,-0.57508175,0.24208502
1408,-0.00962147,0.39465342,1.00000000,-0.33179173,0.14991867
1409,-0.00016300,0.07215627,1.00000000,-0.94893088,0.05831679
1410,-0.02388059,-0.04810833,-1.00000000,-0.82156529,-0.17255258
1411,0.00716022,0.04372011,-1.00000000,-0.99729063,-0.31483571
1412,0.00204910,-0.18654422,-1.00000000,-0.55665067,-0.31837446
1413,-0.01260376,0.11481824,1.00000000,-0.86729180,-0.33309614
1414,0.00575388,0.06519643,1.00000000,-0.96224942,-0.30388831
1415,-0.00303021,-0.07706216,-1.00000000,-0.76615845,-0.20096324
1416,-0.00340150,0.10116458,1.00000000,-0.89341981,-0.25309975
1417,-0.01229543,0.01588353,-1.00000000,-0.94402181,-0.32390957
1418,0.00642194,0.01227882,-1.00000000,-0.93712375,-0.22999179
1419,0.01109452,-0.07406872,-1.00000000,-0.77188678,-0.20362844
1420,-0.01477237,0.10765053,1.00000000,-0.88100812,-0.26159203
1421,-0.01425428,0.15301466,1.00000000,-0.79419811,-0.31516533
1422,-0.00513213,-0.09811628,-1.00000000,-0.72586873,-0.27980469
1423,0.00355081,-0.09308641,-1.00000000,-0.73549402,-0.29397761
1424,-0.00219872,-0.00452322,-1.00000000,-0.90497091,-0.35959787
1425,-0.01314373,0.07977595,1.00000000,-0.93434966,-0.35155831
1426,0.00452797,0.02395609,-1.00000000,-0.95946968,-0.25884225
1427,-0.00638218,-0.08230449,-1.00000000,-0.75612660,-0.26501294
1428,0.01973734,0.08926280,1.00000000,-0.91619537,-0.18511035
1429,0.00500750,-0.01665942,-1.00000000,-0.88174675,-0.14953783
1430,-0.00234479,0.23692429,1.00000000,-0.63362640,-0.09623032
1431,-0.00063187,0.09391830,1.00000000,-0.90728648,-0.12170118
1432,0.01332354,0.02253800,-1.00000000,-0.95675598,-0.02442656
1433,-0.02369250,0.03916801,-1.00000000,-0.98857960,-0.23881206
1434,-0.00288419,0.17465533,1.00000000,-0.75278594,-0.27776832
1435,-0.01249831,-0.18471816,-1.00000000,-0.56014507,-0.32788984
1436,-0.01642833,0.01730112,-1.00000000,-0.94673455,-0.40586693
1437,0.00927957,-0.07603843,-1.00000000,-0.76811749,-0.42582945
1438,-0.03504758,-0.11419335,-1.00000000,-0.69510323,-0.48188227
1439,-0.01251818,0.13539407,1.00000000,-0.82791734,-0.52943915
1440,0.00414681,-0.29495998,-1.00000000,-0.34918338,-0.44727276
1441,-0.01311618,-0.07623132,-1.00000000,-0.76774837,-0.43092276
1442,0.00776967,0.08556221,1.00000000,-0.92327691,-0.43837617
1443,-0.00634397,-0.08203699,-1.00000000,-0.75663850,-0.29668467
1444,0.00772824,0.12073508,1.00000000,-0.85596917,-0.19674095
1445,0.00510680,-0.01628839,-1.00000000,-0.88245677,-0.19200207
1446,0.00894010,0.12033287,1.00000000,-0.85673885,-0.08312424
1447,-0.00098404,0.09488241,1.00000000,-0.90544153,-0.12633575
1448,-0.00183373,0.13209836,1.00000000,-0.83422410,-0.10407161
1449,0.01111400,0.03574889,-1.00000000,-0.98203669,-0.08735827
1450,0.01213159,0.02749959,-1.00000000,-0.96625061,-0.05268135
1451,0.00540928,0.15320382,1.00000000,-0.79383613,-0.07011079
1452,0.01244212,0.16308320,1.00000000,-0.77493069,-0.00383434
1453,0.01643737,0.09781903,1.00000000,-0.89982194,0.08635850
1454,-0.00744560,0.16609803,1.00000000,-0.76916143,-0.00525844
1455,-0.00402859,0.20488626,1.00000000,-0.69493524,-0.08503098
1456,-0.01943120,-0.02698370,-1.00000000,-0.86198994,-0.20765264
1457,0.00318583,0.00619065,-1.00000000,-0.92547325,-0.25334505
1458,-0.01570235,-0.14334699,-1.00000000,-0.63931404,-0.41199845
1459,-0.00802243,0.07623252,1.00000000,-0.94113046,-0.41484588
1460,-0.00657343,-0.10714513,-1.00000000,-0.70859088,-0.42740815
1461,0.00979952,-0.03258387,-1.00000000,-0.85127329,-0.28311464
1462,-0.01668666,-0.01851618,-1.00000000,-0.87819361,-0.38121251
1463,-0.00351333,0.14044210,1.00000000,-0.81825729,-0.32104307
1464,0.00114026,-0.11670137,-1.00000000,-0.69030382,-0.27581271
1465,-0.00376392,0.01119305,-1.00000000,-0.93504599,-0.26194394
1466,0.00891832,0.05637288,1.00000000,-0.97913440,-0.26629387
1467,-0.00954644,0.00876022,-1.00000000,-0.93039045,-0.23104715
1468,-0.00555260,0.13188688,1.00000000,-0.83462879,-0.24111372
1469,-0.02136235,-0.04737991,-1.00000000,-0.82295921,-0.35219478
1470,-0.00717854,-0.00860537,-1.00000000,-0.89715921,-0.36905057
1471,-0.01077199,-0.16209568,-1.00000000,-0.60343605,-0.46624912
1472,0.00863141,-0.02439089,-1.00000000,-0.86695161,-0.37651661
1473,-0.00094246,-0.05927825,-1.00000000,-0.80019022,-0.35375927
1474,0.00956530,0.12910141,1.00000000,-0.83995915,-0.20108915
1475,0.00928222,0.03615261,-1.00000000,-0.98280926,-0.11983288
1476,-0.03358944,0.13816811,1.00000000,-0.82260886,-0.23246814
1477,-0.01151860,0.13541978,1.00000000,-0.82786815,-0.33193594
1478,-0.00956712,-0.28080352,-1.00000000,-0.37627356,-0.37451041
1479,-0.01321702,-0.06652677,-1.00000000,-0.78631926,-0.48697221
1480,0.01644151,-0.04758068,-1.00000000,-0.82257501,-0.45163131
1481,0.02415197,-0.08301602,-1.00000000,-0.75476499,-0.16659867
1482,-0.00114941,0.20492646,1.00000000,-0.69485831,-0.11541257
1483,-0.00857834,0.27978411,1.00000000,-0.55160871,-0.11053157
1484,0.01426504,0.03414343,-1.00000000,-0.97896443,0.02512988
1485,-0.02398907,-0.03798097,-1.00000000,-0.84094527,-0.17445021
1486,-0.00607392,0.18379598,1.00000000,-0.73529416,-0.32365623
1487,-0.00122282,-0.18759748,-1.00000000,-0.55463513,-0.32401860
1488,-0.02037350,-0.01366666,-1.00000000,-0.88747377,-0.38224384
1489,0.00775328,0.03343074,-1.00000000,-0.97760061,-0.41438824
1490,-0.01986049,-0.15249538,-1.00000000,-0.62180744,-0.39400803
1491,-0.00675383,0.12057601,1.00000000,-0.85627357,-0.39736428
1492,-0.00477644,-0.14751472,-1.00000000,-0.63133856,-0.41490626
1493,0.00418057,-0.02026756,-1.00000000,-0.87484212,-0.29369844
1494,0.00601480,-0.00106994,-1.00000000,-0.91157920,-0.30228022
1495,0.00492265,0.08588996,1.00000000,-0.92264972,-0.17994162
1496,-0.00066691,0.10369781,1.00000000,-0.88857215,-0.14989437
1497,-0.00482678,0.09309459,1.00000000,-0.90886276,-0.15014285
1498,0.00526358,0.03882783,-1.00000000,-0.98792863,-0.14479672
1499,0.01110035,-0.00155862,-1.00000000,-0.91064404,-0.11969260
1500,-0.00276128,0.09640446,1.00000000,-0.90252890,-0.15762332
1501,0.01202168,0.15307130,1.00000000,-0.79408971,-0.09498785
1502,-0.01213258,0.01849440,-1.00000000,-0.94901803,-0.13105196
1503,-0.00573812,0.16201607,1.00000000,-0.77697277,-0.18536036
1504,-0.00049118,-0.07248768,-1.00000000,-0.77491231,-0.24258036
1505,-0.00826017,-0.01040652,-1.00000000,-0.89371247,-0.26972486
1506,-0.00194332,0.04053393,-1.00000000,-0.99119348,-0.33866117
1507,-0.01941550,-0.03489203,-1.00000000,-0.84685634,-0.37461230
1508,-0.00940233,0.02643567,-1.00000000,-0.96421466,-0.39270017
1509,0.01579202,-0.14319454,-1.00000000,-0.63960578,-0.31232039
1510,-0.00631126,-0.04598081,-1.00000000,-0.82563656,-0.30269988
1511,-0.00924497,0.19862076,1.00000000,-0.70692505,-0.33874346
1512,-0.00618423,-0.01597090,-1.00000000,-0.88306432,-0.27342908
1513,-0.00209938,-0.04445300,-1.00000000,-0.82856021,-0.23737905
1514,-0.01014721,-0.01473754,-1.00000000,-0.88542452,-0.36542451
1515,0.01460617,0.02492054,-1.00000000,-0.96131527,-0.26216846
1516,0.06334132,-0.05321250,-1.00000000,-0.81179781,0.09614388
1517,-0.00736332,0.18710782,1.00000000,-0.72895653,0.09032343
1518,-0.00908015,0.66025739,1.00000000,0.17647510,0.05586383
1519,0.00140489,-0.02618490,-1.00000000,-0.86351854,0.11288919
1520,-0.00400904,-0.04285284,-1.00000000,-0.83162233,0.02099774
1521,0.00830758,0.05894205,1.00000000,-0.97421796,-0.25066887
1522,-0.00805703,0.00638041,-1.00000000,-0.92583638,-0.25409326
1523,0.01787543,0.12595741,1.00000000,-0.84597559,-0.12103071
1524,0.01660555,-0.03291983,-1.00000000,-0.85063039,-0.04599469
1525,0.00319052,0.21884779,1.00000000,-0.66821808,-0.01045505
1526,0.01604261,0.20651906,1.00000000,-0.69181066,0.02772789
1527,-0.03484546,0.07627796,1.00000000,-0.94104350,-0.10450957
1528,-0.01663306,0.20105367,1.00000000,-0.70226939,-0.27485605
1529,-0.00463283,-0.29299772,-1.00000000,-0.35293842,-0.37969644
1530,-0.00051994,-0.11618095,-1.00000000,-0.69129969,-0.39801262
1531,-0.00134851,0.00032434,-1.00000000,-0.91424732,-0.48386150
1532,-0.02057505,0.04025463,-1.00000000,-0.99065900,-0.41341753
1533,-0.00980695,0.03221048,-1.00000000,-0.97526549,-0.37972137
1534,0.00117268,-0.15445212,-1.00000000,-0.61806296,-0.35106325
1535,-0.00925830,-0.04990907,-1.00000000,-0.81811934,-0.39419896
1536,0.00194891,0.05668767,1.00000000,-0.97853200,-0.37792172
1537,-0.00399829,-0.04458248,-1.00000000,-0.82831244,-0.29609280
1538,-0.01909531,0.06422373,1.00000000,-0.96411081,-0.34194352
1539,-0.00785560,0.00648481,-1.00000000,-0.92603617,-0.38651043
1540,-0.00746542,-0.14008592,-1.00000000,-0.64555451,-0.37766012
1541,0.00681124,-0.03096425,-1.00000000,-0.85437264,-0.35365791
1542,0.00201011,-0.02717615,-1.00000000,-0.86162166,-0.32399825
1543,-0.00772341,0.11143004,1.00000000,-0.87377554,-0.26786243
1544,-0.00199508,0.06481791,1.00000000,-0.96297376,-0.23893275
1545,0.00296775,-0.02968084,-1.00000000,-0.85682861,-0.18743080
1546,-0.00668020,0.02593316,-1.00000000,-0.96325305,-0.25402945
1547,0.01975501,0.07411525,1.00000000,-0.94518213,-0.16643417
1548,-0.00713313,-0.01955276,-1.00000000,-0.87620998,-0.16352032
1549,-0.00386116,0.23709583,1.00000000,-0.63329815,-0.17273199
1550,0.00184000,-0.02395005,-1.00000000,-0.86779522,-0.17829897
1551,-0.00012979,0.00781613,-1.00000000,-0.92858383,-0.14596376
1552,-0.00366342,0.06316638,1.00000000,-0.96613417,-0.26156568
1553,0.00537033,0.04404247,-1.00000000,-0.99790751,-0.19984406
1554,-0.01801173,0.00973588,-1.00000000,-0.93225751,-0.26969642
1555,0.01603830,0.09744088,1.00000000,-0.90054557,-0.19960845
1556,-0.00118880,-0.12956591,-1.00000000,-0.66568588,-0.20483610
1557,0.01132138,0.20101181,1.00000000,-0.70234948,-0.13086565
1558,0.00381138,0.03376100,-1.00000000,-0.97823262,-0.13856121
1559,0.01736177,0.15521718,1.00000000,-0.78998330,0.03605527
1560,0.01325537,0.08230565,1.00000000,-0.92950876,0.02231773
1561,0.00553349,0.21386085,1.00000000,-0.67776121,0.05550142
1562,-0.03529403,0.17399352,1.00000000,-0.75405241,-0.17460921
1563,0.00082678,0.09902499,1.00000000,-0.89751419,-0.18934225
1564,-0.02145098,-0.29735263,-1.00000000,-0.34460474,-0.38093613
1565,-0.00167454,0.05332946,1.00000000,-0.98495837,-0.45463559
1566,0.00234962,-0.16295620,-1.00000000,-0.60178933,-0.47035236
1567,0.01172923,0.02904519,-1.00000000,-0.96920831,-0.23822842
1568,0.01355527,0.06811404,1.00000000,-0.95666619,-0.17539596
1569,0.00272168,0.15917687,1.00000000,-0.78240595,-0.05607091
1570,-0.01342743,0.17690513,1.00000000,-0.74848067,-0.11408747
1571,-0.00738167,0.07172621,1.00000000,-0.94975385,-0.16212467
1572,-0.03679614,-0.08505882,-1.00000000,-0.75085583,-0.40166356
1573,-0.02169095,-0.02636305,-1.00000000,-0.86317763,-0.57565174
1574,0.01392281,-0.31193599,-1.00000000,-0.31669764,-0.52035888
1575,-0.00669269,-0.16528592,-1.00000000,-0.59733112,-0.48711375
1576,-0.03129331,0.18047339,1.00000000,-0.74165236,-0.60515032
1577,0.00872700,-0.01967400,-1.00000000,-0.87597796,-0.38043156
1578,-0.01357421,-0.25851135,-1.00000000,-0.41893244,-0.34036438
1579,0.01736800,0.13002939,1.00000000,-0.83818334,-0.32335765
1580,-0.01943815,-0.08648384,-1.00000000,-0.74812888,-0.38627388
1581,0.00856792,0.21392137,1.00000000,-0.67764541,-0.18950431
1582,-0.00469703,-0.14341444,-1.00000000,-0.63918496,-0.25577021
1583,-0.01156678,0.12848499,1.00000000,-0.84113875,-0.24586080
1584,-0.09774990,-0.00029900,-1.00000000,-0.91305448,-0.81412467
1585,-0.00053297,-0.06699452,-1.00000000,-0.78542416,-0.72080181
1586,-0.00844440,-0.90371096,-1.00000000,0.81573872,-0.80478084
1587,-0.01267120,0.04012820,-1.00000000,-0.99041705,-0.84414425
1588,0.03447215,-0.03668069,-1.00000000,-0.84343352,-0.61687936
1589,-0.00603130,-0.07771694,-1.00000000,-0.76490546,-0.16412299
1590,-0.03478644,0.37997844,1.00000000,-0.35987416,-0.33321059
1591,0.00119340,-0.01325288,-1.00000000,-0.88826560,-0.28563489
1592,-0.00081151,-0.29242465,-1.00000000,-0.35403506,-0.22709111
1593,-0.00982780,0.05688876,1.00000000,-0.97814719,-0.44577179
1594,-0.01200109,0.03742398,-1.00000000,-0.98524219,-0.47524082
1595,0.02886570,-0.05011155,-1.00000000,-0.81773186,-0.16103070
1596,0.00145095,-0.07121106,-1.00000000,-0.77735529,-0.15975933
1597,-0.01859888,0.32554777,1.00000000,-0.46403416,-0.24756426
1598,-0.00984956,0.05938922,1.00000000,-0.97336224,-0.24767167
1599,0.00720982,-0.13526628,-1.00000000,-0.65477751,-0.15283964
1600,-0.03467574,-0.05032279,-1.00000000,-0.81732762,-0.46650334
1601,0.00344503,0.11529973,1.00000000,-0.86637040,-0.45665981
1602,-0.02604515,-0.29134996,-1.00000000,-0.35609161,-0.49341734
1603,-0.03738490,0.07874896,1.00000000,-0.93631493,-0.62934182
1604,-0.00551703,-0.20755911,-1.00000000,-0.51643602,-0.69216616
1605,0.03499049,-0.31765210,-1.00000000,-0.30575914,-0.34826829
1606,-0.01884275,-0.00825997,-1.00000000,-0.89782016,-0.45828890
1607,0.02410931,0.38501079,1.00000000,-0.35024413,-0.21070820
1608,0.03057790,-0.13763394,-1.00000000,-0.65024668,0.12478093
1609,-0.03658641,0.27936994,1.00000000,-0.55240127,-0.02858888
1610,-0.03650278,0.34217077,1.00000000,-0.43222393,-0.38150567
1611,-0.01269304,-0.30989988,-1.00000000,-0.32059400,-0.35114847
1612,-0.00100631,-0.30908792,-1.00000000,-0.32214779,-0.47512834
1613,0.05293038,-0.07792894,-1.00000000,-0.76449976,-0.36478835
1614,0.02803561,0.03553268,-1.00000000,-0.98162294,-0.04579049
1615,0.02541304,0.55918181,1.00000000,-0.01694582,0.25984852
1616,0.04665557,0.31748881,1.00000000,-0.47945599,0.55281490
1617,0.08958366,0.29202727,1.00000000,-0.52817987,1.00000000
1618,-0.05788167,0.49826234,1.00000000,-0.13352293,0.45299141
1619,-0.00713319,0.91503347,1.00000000,0.66402141,0.27938537
1620,0.03625815,-0.51664672,-1.00000000,0.07504228,0.33292082
1621,0.04271493,-0.02395066,-1.00000000,-0.86779403,0.31346838
1622,0.00263392,0.39731807,1.00000000,-0.32669260,-0.11574721
1623,-0.01040520,0.46000428,1.00000000,-0.20673459,0.11861389
1624,-0.00262122,0.07087418,1.00000000,-0.95138432,0.14088664
1625,-0.02854827,-0.05571729,-1.00000000,-0.80700458,-0.17902146
1626,0.00956904,0.01985424,-1.00000000,-0.95162026,-0.34264165
1627,-0.01117956,-0.23186083,-1.00000000,-0.46993159,-0.41082999
1628,-0.02347152,0.13820447,1.00000000,-0.82253928,-0.47533009
1629,-0.02704915,-0.06323517,-1.00000000,-0.79261815,-0.59591524
1630,-0.04736408,-0.18257278,-1.00000000,-0.56425052,-0.68879695
1631,0.00354736,-0.21730646,-1.00000000,-0.49778322,-0.71852217
1632,-0.03490135,-0.41453583,-1.00000000,-0.12035984,-0.83562156
1633,0.00776292,0.07974242,1.00000000,-0.93441383,-0.68143700
1634,0.02520674,-0.29354025,-1.00000000,-0.35190021,-0.42348293
1635,-0.01094560,0.12066952,1.00000000,-0.85609464,-0.24370802
1636,0.01311561,0.29002441,1.00000000,-0.53201259,-0.19647566
1637,-0.01298065,-0.06096373,-1.00000000,-0.79696483,-0.08826712
1638,-0.03455513,0.17263661,1.00000000,-0.75664902,-0.29716440
1639,-0.00552909,-0.08072122,-1.00000000,-0.75915638,-0.44888765
1640,-0.02784903,-0.29017897,-1.00000000,-0.35833244,-0.53232912
1641,0.00374327,-0.00837711,-1.00000000,-0.89759600,-0.57859438
1642,-0.01014137,-0.22507217,-1.00000000,-0.48292257,-0.56457866
1643,-0.00842352,0.08164447,1.00000000,-0.93077400,-0.43558354
1644,0.00842408,-0.05315582,-1.00000000,-0.81190626,-0.36670561
1645,0.00320748,-0.03647796,-1.00000000,-0.84382146,-0.21339940
1646,-0.00694047,0.12708847,1.00000000,-0.84381116,-0.26613827
1647,-0.00451951,0.07644265,1.00000000,-0.94072834,-0.23838670
1648,-0.00828088,-0.02207964,-1.00000000,-0.87137448,-0.23768254
1649,0.00564907,0.00142453,-1.00000000,-0.91635269,-0.25138101
1650,0.00164972,-0.03509306,-1.00000000,-0.84647165,-0.25907069
1651,-0.00642649,0.10014702,1.00000000,-0.89536704,-0.25653348
1652,-0.00003913,0.06131899,1.00000000,-0.96966938,-0.23441672
1653,-0.01168510,-0.01708958,-1.00000000,-0.88092359,-0.25122121
1654,-0.00208905,0.04492265,-1.00000000,-0.99959183,-0.28941938
1655,0.01432088,-0.06814326,-1.00000000,-0.78322589,-0.22686992
1656,0.01387096,0.02502080,-1.00000000,-0.96150713,-0.12667433
1657,0.00017745,0.18433809,1.00000000,-0.73425677,-0.12560521
1658,0.00132108,0.17996997,1.00000000,-0.74261571,-0.06140195
1659,-0.02327141,0.04702534,1.00000000,-0.99702209,-0.16596576
1660,-0.00237527,0.05812843,1.00000000,-0.97577493,-0.24838405
1661,0.01159504,-0.18062996,-1.00000000,-0.56796836,-0.25961881
1662,-0.01135350,0.02224200,-1.00000000,-0.95618954,-0.31653975
1663,-0.00377341,0.15787403,1.00000000,-0.78489909,-0.34168801
1664,-0.00270541,-0.06492386,-1.00000000,-0.78938663,-0.24016677
1665,0.00584661,0.00866811,-1.00000000,-0.93021419,-0.19958056
1666,-0.00606958,0.01903683,-1.00000000,-0.95005605,-0.28677954
1667,0.00078921,0.10206487,1.00000000,-0.89169698,-0.22683874
1668,-0.01629479,-0.01362446,-1.00000000,-0.88755453,-0.28864888
1669,0.00037534,0.05296464,1.00000000,-0.98565650,-0.27344118
1670,-0.01779774,-0.11289690,-1.00000000,-0.69758415,-0.39015831
1671,0.01056447,0.04894655,1.00000000,-0.99334562,-0.30804662
1672,-0.00579329,-0.12748840,-1.00000000,-0.66966146,-0.34054021
1673,-0.00458932,0.14786861,1.00000000,-0.80404573,-0.28275774
1674,0.02557219,-0.01094210,-1.00000000,-0.89268756,-0.15837689
1675,0.00626422,0.00074672,-1.00000000,-0.91505561,-0.03959827
1676,0.01302067,0.29357244,1.00000000,-0.52522299,-0.02747354
1677,0.01346305,0.10611931,1.00000000,-0.88393830,0.06758275
1678,-0.00005444,0.17171492,1.00000000,-0.75841279,0.08996859
1679,-0.01488565,0.17600973,1.00000000,-0.75019412,-0.10974606
1680,0.01820602,0.04477406,-1.00000000,-0.99930749,-0.05079698
1681,-0.02046919,-0.09921613,-1.00000000,-0.72376403,-0.21611513
1682,-0.00574697,0.22205734,1.00000000,-0.66207619,-0.31094276
1683,0.00568105,-0.15342435,-1.00000000,-0.62002973,-0.28263029
1684,-0.02185819,-0.01049240,-1.00000000,-0.89354813,-0.31704929
1685,0.00451540,0.10045756,1.00000000,-0.89477277,-0.38463120
1686,0.00990878,-0.16690966,-1.00000000,-0.59422389,-0.23467448
1687,-0.01315618,0.08914069,1.00000000,-0.91642904,-0.27124907
1688,0.00415157,0.14150286,1.00000000,-0.81622740,-0.27879914
1689,-0.00609733,-0.08242541,-1.00000000,-0.75589519,-0.20099775
1690,-0.01184436,0.08560847,1.00000000,-0.92318840,-0.28175546
1691,0.00160896,-0.01389387,-1.00000000,-0.88703898,-0.32272643
1692,-0.00040168,-0.06968943,-1.00000000,-0.78026710,-0.25976555
1693,-0.00078377,0.06092325,1.00000000,-0.97042669,-0.28412818
1694,-0.01249681,0.04140283,-1.00000000,-0.99285622,-0.31571836
1695,0.01409422,0.03769329,-1.00000000,-0.98575755,-0.18767609
1696,0.00104554,-0.07602382,-1.00000000,-0.76814546,-0.19045729
1697,0.02093868,0.18213755,1.00000000,-0.73846776,-0.08511353
1698,0.00194340,0.05545331,1.00000000,-0.98089410,-0.07165123
1699,-0.00064754,0.24858757,1.00000000,-0.61130725,-0.01315891
1700,-0.00803379,0.06417025,1.00000000,-0.96421314,-0.12239084
1701,-0.00833633,0.03901588,-1.00000000,-0.98828848,-0.16870320
1702,0.00806608,-0.03269421,-1.00000000,-0.85106215,-0.23224702
1703,-0.01236296,-0.03563146,-1.00000000,-0.84544134,-0.30286844
1704,-0.01389718,0.12361282,1.00000000,-0.85046225,-0.36827347
1705,0.01836902,-0.07472434,-1.00000000,-0.77063218,-0.23793959
1706,-0.00059403,-0.08961940,-1.00000000,-0.74212859,-0.19972077
1707,-0.01269224,0.22363979,1.00000000,-0.65904798,-0.30219139
1708,-0.00520595,0.03953536,-1.00000000,-0.98928258,-0.26686177
1709,-0.00053973,-0.07792115,-1.00000000,-0.76451467,-0.20092457
1710,0.01885992,-0.00523984,-1.00000000,-0.90359957,-0.19850128
1711,0.00311715,0.04006251,-1.00000000,-0.99029135,-0.18018153
1712,0.00438982,0.22840578,1.00000000,-0.64992764,-0.09585828
1713,-0.00619132,0.07556570,1.00000000,-0.94240650,-0.10072242
1714,0.00061075,0.08792151,1.00000000,-0.91876209,-0.09504320
1715,0.00095056,-0.01480638,-1.00000000,-0.88529279,-0.18345031
1716,0.00684315,0.05123210,1.00000000,-0.98897193,-0.16505745
1717,0.00091530,0.05453120,1.00000000,-0.98265869,-0.18220894
1718,0.01511768,0.11173985,1.00000000,-0.87318268,-0.07701999
1719,-0.00465952,0.05418884,1.00000000,-0.98331384,-0.10303594
1720,0.01211038,0.19207388,1.00000000,-0.71945334,-0.04794702
1721,0.00121079,0.00006525,-1.00000000,-0.91375152,-0.07575038
1722,0.01123091,0.16287727,1.00000000,-0.77532475,-0.02482875
1723,-0.01401461,0.05705762,1.00000000,-0.97782406,-0.16863632
1724,0.00335903,0.15433889,1.00000000,-0.79166403,-0.12905388
1725,0.01001914,-0.09075949,-1.00000000,-0.73994689,-0.13937703
1726,-0.02216328,0.07791396,1.00000000,-0.93791281,-0.25475996
1727,-0.00970485,0.14257424,1.00000000,-0.81417717,-0.35810651
1728,0.00390144,-0.16987162,-1.00000000,-0.58855580,-0.26966639
1729,0.00938875,-0.04891783,-1.00000000,-0.82001619,-0.23990149
1730,0.00580478,0.08318003,1.00000000,-0.92783551,-0.26070510
1731,-0.00208595,0.13645404,1.00000000,-0.82588895,-0.16159609
1732,-0.00133657,0.10165876,1.00000000,-0.89247413,-0.12028721
1733,-0.00468818,0.02505090,-1.00000000,-0.96156474,-0.16268868
1734,-0.00273463,0.03232637,-1.00000000,-0.97548726,-0.22253409
1735,-0.00028170,-0.00021301,-1.00000000,-0.91321904,-0.25257915
1736,-0.01841448,0.01875316,-1.00000000,-0.94951320,-0.33318271
1737,0.01280241,0.04256767,-1.00000000,-0.99508530,-0.26338754
1738,-0.00033683,-0.13347606,-1.00000000,-0.65820331,-0.24190771
1739,0.02501133,0.16959593,1.00000000,-0.76246775,-0.10494353
1740,0.01771882,0.04203243,-1.00000000,-0.99406105,-0.01608640
1741,-0.01024410,0.28812729,1.00000000,-0.53564298,0.02424557
1742,0.01603374,0.21732734,1.00000000,-0.67112765,0.04019657
1743,-0.00069891,-0.05415321,-1.00000000,-0.80999764,0.03840918
1744,0.00984740,0.20096755,1.00000000,-0.70243419,-0.03644551
1745,0.00436286,0.03851709,-1.00000000,-0.98733400,-0.10237540
1746,0.00252304,0.14090691,1.00000000,-0.81736783,-0.03935216
1747,-0.00938240,0.08765980,1.00000000,-0.91926291,-0.16481547
1748,0.01068375,0.06979769,1.00000000,-0.95344433,-0.10862647
1749,0.01932269,-0.04578728,-1.00000000,-0.82600691,-0.06185297
1750,-0.00392929,0.14902673,1.00000000,-0.80182952,-0.10278608
1751,0.04555239,0.23289864,1.00000000,-0.64133000,0.10962247
1752,0.00163844,0.00715466,-1.00000000,-0.92731801,0.16402532
1753,0.00487167,0.48755194,1.00000000,-0.15401864,0.13533474
1754,-0.02330766,0.06120947,1.00000000,-0.96987896,-0.07510418
1755,-0.02173566,0.09259958,1.00000000,-0.90981002,-0.16300288
1756,-0.01150105,-0.18098189,-1.00000000,-0.56729490,-0.44463944
1757,-0.00039514,-0.16572000,-1.00000000,-0.59650045,-0.45467792
1758,0.01185156,-0.06635643,-1.00000000,-0.78664522,-0.42022263
1759,0.00586176,0.04146630,-1.00000000,-0.99297768,-0.27623175
1760,0.02356296,0.16036447,1.00000000,-0.78013332,-0.05262128
1761,-0.00497253,0.10221201,1.00000000,-0.89141541,-0.02039409
1762,-0.02077265,0.27406564,1.00000000,-0.56255173,-0.12098491
1763,-0.01588580,-0.00297365,-1.00000000,-0.90793622,-0.25790662
1764,0.01194806,-0.15637057,-1.00000000,-0.61439177,-0.22786246
1765,0.01185201,-0.10892615,-1.00000000,-0.70518267,-0.28567199
1766,0.02145390,0.16130133,1.00000000,-0.77834051,-0.15522153
1767,0.00288659,0.16036882,1.00000000,-0.78012499,-0.03843089
1768,0.00012021,0.25358965,1.00000000,-0.60173513,0.04058059
1769,0.00064080,0.07332728,1.00000000,-0.94669001,-0.01523613
1770,0.00306953,0.04646959,1.00000000,-0.99808559,-0.05858964
1771,-0.02461487,0.05152385,1.00000000,-0.98841362,-0.28600187
1772,0.00819569,0.07510336,1.00000000,-0.94329125,-0.25979424
1773,0.00980190,-0.19367311,-1.00000000,-0.54300864,-0.21200186
1774,0.00313321,0.12487110,1.00000000,-0.84805437,-0.19969844
1775,-0.00627957,0.14046520,1.00000000,-0.81821309,-0.24584900
1776,0.01884724,0.07572160,1.00000000,-0.94210817,-0.03130421
1777,-0.00612128,-0.01566320,-1.00000000,-0.88365314,-0.10197797
1778,0.00064003,0.22828262,1.00000000,-0.65016334,-0.14720430
1779,-0.00359378,-0.01412643,-1.00000000,-0.88659395,-0.18041119
1780,-0.02007366,0.05151635,1.00000000,-0.98842797,-0.24850385
1781,-0.00309943,0.01041200,-1.00000000,-0.93355135,-0.35684059
1782,-0.01815115,-0.14958437,-1.00000000,-0.62737802,-0.41622440
1783,-0.00116684,0.01521145,-1.00000000,-0.94273571,-0.42514376
1784,-0.01814151,-0.13091947,-1.00000000,-0.66309567,-0.49695664
1785,0.02828795,0.03397422,-1.00000000,-0.97864064,-0.25822612
1786,0.00268353,-0.13082591,-1.00000000,-0.66327471,-0.22967933
1787,0.01162418,0.31993862,1.00000000,-0.47476798,-0.08269746
1788,0.01155877,0.07135583,1.00000000,-0.95046262,-0.01987924
1789,0.00007510,0.15815694,1.00000000,-0.78435770,0.07004460
1790,0.00295759,0.15752188,1.00000000,-0.78557297,-0.05499526
1791,0.02213527,0.04603171,1.00000000,-0.99892353,0.04102562
1792,0.00647019,0.07401660,1.00000000,-0.94537090,0.01558363
1793,-0.02161186,0.26020478,1.00000000,-0.58907624,-0.14815866
1794,-0.00640140,0.10811894,1.00000000,-0.88011175,-0.18012905
1795,-0.01939207,-0.16451808,-1.00000000,-0.59880048,-0.29045513
1796,0.00010676,-0.01684600,-1.00000000,-0.88138971,-0.39919587
1797,-0.01078847,-0.14296710,-1.00000000,-0.64004101,-0.48439088
1798,0.00511495,0.04633904,1.00000000,-0.99833541,-0.35245764
1799,-0.01411117,-0.05943824,-1.00000000,-0.79988407,-0.39051588
1800,-0.03048624,0.09496146,1.00000000,-0.90529025,-0.44528072
1801,-0.00910145,-0.09169700,-1.00000000,-0.73815284,-0.49073578
1802,-0.00020712,-0.25067579,-1.00000000,-0.43392679,-0.43850242
1803,-0.00324753,-0.04305965,-1.00000000,-0.83122656,-0.47978264
1804,-0.02227099,0.04329168,-1.00000000,-0.99647078,-0.52006245
1805,-0.00877847,0.01377363,-1.00000000,-0.93998426,-0.41290497
1806,-0.00641721,-0.17091727,-1.00000000,-0.58655482,-0.39965462
1807,0.00459646,-0.03992395,-1.00000000,-0.83722713,-0.37594239
1808,-0.01513662,-0.01699954,-1.00000000,-0.88109590,-0.43463126
1809,0.02301357,0.08992769,1.00000000,-0.91492302,-0.21109022
1810,-0.02438268,-0.10165264,-1.00000000,-0.71910146,-0.28811829
1811,-0.00108981,0.26873181,1.00000000,-0.57275868,-0.26182027
1812,0.00632702,-0.19141881,-1.00000000,-0.54732252,-0.25327760
1813,0.00547666,0.03472206,-1.00000000,-0.98007173,-0.15152295
1814,0.00874184,0.10672899,1.00000000,-0.88277161,-0.22197339
1815,0.00866049,0.09847320,1.00000000,-0.89857010,-0.05886030
1816,-0.01208403,0.13017348,1.00000000,-0.83790759,-0.11313178
1817,0.01434058,0.12938367,1.00000000,-0.83941900,-0.07357394
1818,-0.00636284,-0.07201631,-1.00000000,-0.77581433,-0.13201804
1819,0.00082641,0.18452933,1.00000000,-0.73389079,-0.17109147
1820,-0.00206860,-0.01647167,-1.00000000,-0.88210604,-0.22405417
1821,-0.01471896,0.05332586,1.00000000,-0.98496525,-0.23706112
1822,-0.00990208,0.02521934,-1.00000000,-0.96188707,-0.35673168
1823,-0.00051777,-0.09759773,-1.00000000,-0.72686105,-0.32787827
1824,-0.00659018,-0.05083261,-1.00000000,-0.81635202,-0.36448926
1825,-0.00050640,0.04027574,-1.00000000,-0.99069940,-0.35677765
1826,-0.00305277,-0.01867875,-1.00000000,-0.87788250,-0.29918909
1827,0.00168164,0.04038614,-1.00000000,-0.99091066,-0.24200765
1828,0.00142592,0.01566450,-1.00000000,-0.94360268,-0.23241289
1829,0.00534675,0.06162894,1.00000000,-0.96907627,-0.17348786
1830,0.00153959,0.05914621,1.00000000,-0.97382727,-0.16338809
1831,0.01246495,0.09721199,1.00000000,-0.90098358,-0.08678700
1832,0.00341644,0.06024986,1.00000000,-0.97171531,-0.07822341
1833,-0.02168114,0.16631961,1.00000000,-0.76873740,-0.19228825
1834,-0.00621384,0.07847137,1.00000000,-0.93684614,-0.24935557
1835,0.00302680,-0.16519070,-1.00000000,-0.59751334,-0.24201416
1836,0.00951370,-0.01502508,-1.00000000,-0.88487427,-0.25658257
1837,-0.00375461,0.07468856,1.00000000,-0.94408502,-0.29198147
1838,0.02569260,0.13766720,1.00000000,-0.82356743,-0.05812742
1839,0.00327769,0.00885064,-1.00000000,-0.93056348,-0.01127375
1840,-0.01191997,0.29474149,1.00000000,-0.52298587,-0.08505645
1841,-0.00987473,0.07712431,1.00000000,-0.93942390,-0.18076483
1842,-0.01782182,-0.07042348,-1.00000000,-0.77886242,-0.25020570
1843,-0.00739354,-0.05056715,-1.00000000,-0.81686002,-0.41353098
1844,0.02399626,-0.12772212,-1.00000000,-0.66921421,-0.31125659
1845,0.01644096,-0.02647832,-1.00000000,-0.86295705,-0.17125673
1846,0.01062432,0.27827234,1.00000000,-0.55450168,-0.07006595
1847,0.01343254,0.20492111,1.00000000,-0.69486855,0.08421693
1848,-0.00576501,0.14844971,1.00000000,-0.80293372,0.09225598
1849,-0.00252940,0.17571356,1.00000000,-0.75076088,-0.03868434
1850,-0.00935496,-0.01066754,-1.00000000,-0.89321298,-0.16602243
1851,-0.01384433,0.02074561,-1.00000000,-0.95332602,-0.28680860
1852,0.01500284,-0.04552094,-1.00000000,-0.82651658,-0.27905702
1853,-0.00177594,-0.08910636,-1.00000000,-0.74311036,-0.25936552
1854,0.01329556,0.19095899,1.00000000,-0.72158683,-0.18124774
1855,0.00105024,0.02806068,-1.00000000,-0.96732433,-0.12988385
1856,0.00257483,0.17438367,1.00000000,-0.75330581,-0.04883288
1857,0.00542294,0.05549895,1.00000000,-0.98080678,-0.09612278
1858,-0.00768729,0.07030054,1.00000000,-0.95248205,-0.12530337
1859,0.00785589,0.09795164,1.00000000,-0.89956817,-0.15215554
1860,0.00658742,-0.02933021,-1.00000000,-0.85749959,-0.12482201
1861,-0.00268257,0.12157219,1.00000000,-0.85436727,-0.15077445
1862,-0.01536458,0.10925713,1.00000000,-0.87793369,-0.25338922
1863,0.02443746,0.01925862,-1.00000000,-0.95048047,-0.09480972
1864,0.01027903,-0.10386584,-1.00000000,-0.71486622,-0.08284824
1865,-0.00451432,0.28255583,1.00000000,-0.54630468,-0.13765046
1866,-0.01597407,0.14509742,1.00000000,-0.80934875,-0.20326217
1867,-0.00369876,0.00147492,-1.00000000,-0.91644911,-0.14567541
1868,-0.01019240,-0.10978313,-1.00000000,-0.70354274,-0.31662100
1869,0.00403130,0.00939285,-1.00000000,-0.93160107,-0.34746206
1870,-0.00424134,-0.05365123,-1.00000000,-0.81095824,-0.34611454
1871,-0.00844480,0.08444081,1.00000000,-0.92542286,-0.30894731
1872,-0.02362639,0.00412516,-1.00000000,-0.92152068,-0.40731738
1873,0.00139697,-0.03668452,-1.00000000,-0.84342618,-0.35010807
1874,0.00122108,-0.18407639,-1.00000000,-0.56137318,-0.36398035
1875,-0.00095356,0.05886513,1.00000000,-0.97436517,-0.34775067
1876,-0.00301007,0.05715751,1.00000000,-0.97763290,-0.32092284
1877,0.00574518,0.03604487,-1.00000000,-0.98260309,-0.17593405
1878,0.00145539,0.01607907,-1.00000000,-0.94439601,-0.17564567
1879,-0.00796791,0.10108015,1.00000000,-0.89358137,-0.22100585
1880,-0.01122491,0.05943231,1.00000000,-0.97327978,-0.27170898
1881,0.00322172,-0.03205457,-1.00000000,-0.85228618,-0.24094662
1882,0.02272091,-0.06367545,-1.00000000,-0.79177562,-0.15714823
1883,0.00045095,0.07658090,1.00000000,-0.94046379,-0.16210652
1884,0.00075778,0.26589053,1.00000000,-0.57819583,-0.11903337
1885,0.00948254,0.04968060,1.00000000,-0.99194092,-0.01681387
1886,-0.01014340,0.05265951,1.00000000,-0.98624041,-0.08278894
1887,-0.00024878,0.13736464,1.00000000,-0.82414640,-0.19617570
1888,0.01888102,-0.05317550,-1.00000000,-0.81186861,-0.10519816
1889,0.00713226,0.04288725,-1.00000000,-0.99569684,-0.07373141
1890,-0.05170238,0.22861058,1.00000000,-0.64953574,-0.37576244
1891,0.01886726,0.11454671,1.00000000,-0.86781141,-0.23255526
1892,0.01970082,-0.45665456,-1.00000000,-0.03976032,-0.13407676
1893,0.02990610,0.22847707,1.00000000,-0.64979123,-0.07965294
1894,-0.00490667,0.23656972,1.00000000,-0.63430492,-0.13908148
1895,0.01738852,0.33564858,1.00000000,-0.44470497,0.20197637
1896,0.00834540,-0.00233431,-1.00000000,-0.90915966,0.15003664
1897,0.02090160,0.21412057,1.00000000,-0.67726420,0.15596410
1898,-0.05008260,0.12632466,1.00000000,-0.84527280,-0.23888925
1899,0.00967801,0.24822755,1.00000000,-0.61199618,-0.16689396
1900,-0.00173085,-0.44092880,-1.00000000,-0.06985355,-0.26127415
1901,-0.04257473,0.13926234,1.00000000,-0.82051492,-0.51263446
1902,0.00347984,0.02849845,-1.00000000,-0.96816207,-0.59863456
1903,0.04097626,-0.36803795,-1.00000000,-0.20933943,-0.14913485
1904,0.02537971,0.07908694,1.00000000,-0.93566816,-0.07162552
1905,-0.02676616,0.44312425,1.00000000,-0.23903666,-0.19520893
1906,0.02524090,0.29170372,1.00000000,-0.52879902,0.13955369
1907,-0.00025221,-0.21455907,-1.00000000,-0.50304071,0.12113090
1908,0.03140573,0.29035604,1.00000000,-0.53137798,0.07388726
1909,-0.00075122,0.04285395,-1.00000000,-0.99563312,-0.05510455
1910,0.01657808,0.35020787,1.00000000,-0.41684392,0.15885839
1911,0.00936873,0.03800923,-1.00000000,-0.98636214,0.08050759
1912,0.00615482,0.20625231,1.00000000,-0.69232112,0.11213501
1913,-0.01938027,0.13625969,1.00000000,-0.82626087,-0.13856318
1914,0.00430851,0.10505715,1.00000000,-0.88597087,-0.11358651
1915,0.01182756,-0.14285252,-1.00000000,-0.64026027,-0.13703682
1916,-0.00419174,0.08713208,1.00000000,-0.92027278,-0.20397624
1917,-0.00577381,0.16013144,1.00000000,-0.78057925,-0.26286028
1918,0.01632949,0.00460665,-1.00000000,-0.92244207,-0.08658388
1919,0.00236946,-0.01075298,-1.00000000,-0.89304948,-0.09615573
1920,0.00051505,0.20383889,1.00000000,-0.69693950,-0.15199840
1921,0.01043958,0.06830665,1.00000000,-0.95629762,-0.07977287
1922,0.00012422,0.05030294,1.00000000,-0.99074999,-0.05065806
1923,0.00533549,0.14665612,1.00000000,-0.80636599,-0.10492848
1924,-0.00305597,0.04650855,1.00000000,-0.99801105,-0.13171036
1925,0.00238551,0.09710261,1.00000000,-0.90119290,-0.12247706
1926,0.00745318,0.01563341,-1.00000000,-0.94354318,-0.13721901
1927,0.00822212,0.06846253,1.00000000,-0.95599931,-0.09724482
1928,-0.00707693,0.11766241,1.00000000,-0.86184912,-0.15851701
1929,0.00698228,0.12512774,1.00000000,-0.84756326,-0.10896458
1930,-0.00500576,-0.02340440,-1.00000000,-0.86883937,-0.14545058
1931,0.00244014,0.11309060,1.00000000,-0.87059785,-0.17019677
1932,0.01174321,-0.00329627,-1.00000000,-0.90731884,-0.15281540
1933,0.00065538,0.06899285,1.00000000,-0.95498449,-0.11464591
1934,-0.00577534,0.15931253,1.00000000,-0.78214633,-0.17762217
1935,0.01870444,0.05166540,1.00000000,-0.98814275,-0.06058000
1936,-0.00618895,-0.01076788,-1.00000000,-0.89302097,-0.10317633
1937,-0.00513844,0.22689628,1.00000000,-0.65281627,-0.18651028
1938,0.01363028,-0.01478343,-1.00000000,-0.88533670,-0.12246148
1939,0.00216347,-0.00458442,-1.00000000,-0.90485379,-0.08327262
1940,-0.00523743,0.17763330,1.00000000,-0.74708722,-0.20145840
1941,-0.01232938,0.06630678,1.00000000,-0.96012463,-0.23176978
1942,0.01025689,-0.00554546,-1.00000000,-0.90301472,-0.15577283
1943,0.00214711,-0.07439830,-1.00000000,-0.77125609,-0.21245790
1944,0.00549098,0.14488249,1.00000000,-0.80976005,-0.19603207
1945,-0.00659040,0.06614801,1.00000000,-0.96042845,-0.20271085
1946,-0.00776398,0.09861226,1.00000000,-0.89830400,-0.18017437
1947,0.00015779,-0.01868094,-1.00000000,-0.87787831,-0.23002722
1948,-0.00787395,-0.03007471,-1.00000000,-0.85607490,-0.27949486
1949,-0.01352104,0.04683444,1.00000000,-0.99738740,-0.37334514
1950,0.01055169,-0.03114241,-1.00000000,-0.85403172,-0.28872553
1951,0.00324682,-0.08596769,-1.00000000,-0.74911661,-0.23437224
1952,-0.00162545,0.14774458,1.00000000,-0.80428307,-0.24317495
1953,0.02666908,0.07682458,1.00000000,-0.93999748,-0.07265799
1954,0.00524461,0.02952171,-1.00000000,-0.97012019,0.01997612
1955,0.01518259,0.30422165,1.00000000,-0.50484439,0.04283591
1956,0.00155572,0.09622035,1.00000000,-0.90288122,0.03448802
1957,0.00478615,0.19270404,1.00000000,-0.71824746,0.06613800
1958,-0.00298227,0.06040638,1.00000000,-0.97141578,-0.08023185
1959,-0.01547438,0.09176927,1.00000000,-0.91139891,-0.18250835
1960,-0.00547756,0.01634890,-1.00000000,-0.94491235,-0.28449437
1961,-0.01302520,-0.10493185,-1.00000000,-0.71282628,-0.35647107
1962,-0.00556681,-0.00787685,-1.00000000,-0.89855331,-0.40757704
1963,-0.00616341,-0.08115371,-1.00000000,-0.75832877,-0.42328030
1964,-0.00442660,-0.00874335,-1.00000000,-0.89689516,-0.36874441
1965,-0.00449051,-0.01453547,-1.00000000,-0.88581121,-0.36387196
1966,-0.00441282,0.00232656,-1.00000000,-0.91807883,-0.32135814
1967,-0.01059323,0.00170603,-1.00000000,-0.91689138,-0.34617033
1968,0.00648407,0.00246031,-1.00000000,-0.91833477,-0.28373774
1969,0.01405120,-0.05754270,-1.00000000,-0.80351141,-0.19252463
1970,-0.01196100,0.10825376,1.00000000,-0.87985377,-0.22940167
1971,-0.02906359,0.18171985,1.00000000,-0.73926709,-0.35108683
1972,-0.00942344,-0.07082185,-1.00000000,-0.77810008,-0.34531234
1973,-0.00735018,-0.23686384,-1.00000000,-0.46035770,-0.41360326
1974,0.03820463,-0.04618574,-1.00000000,-0.82524441,-0.29437310
1975,0.00229749,-0.02605732,-1.00000000,-0.86376267,-0.22398801
1976,0.02464097,0.41621563,1.00000000,-0.29052972,0.04111725
1977,-0.01461349,0.06760795,1.00000000,-0.95763467,0.01549726
1978,-0.00458347,0.28453162,1.00000000,-0.54252375,0.02915477
1979,-0.01027836,-0.09657383,-1.00000000,-0.72882041,-0.21017496
1980,0.00301311,0.00080358,-1.00000000,-0.91516442,-0.20664242
1981,0.01612828,-0.05448585,-1.00000000,-0.80936109,-0.24866416
1982,0.01884249,0.07455556,1.00000000,-0.94433953,-0.08351324
1983,-0.02287900,0.20188542,1.00000000,-0.70067771,-0.17382664
1984,0.01496987,0.22823656,1.00000000,-0.65025148,-0.04919219
1985,0.00441144,-0.17682021,-1.00000000,-0.57525879,-0.04228952
1986,-0.00355035,0.19063882,1.00000000,-0.72219951,-0.13943040
1987,0.00482072,0.08813138,1.00000000,-0.91836048,-0.20864696
1988,0.01281798,0.01083371,-1.00000000,-0.93435834,-0.03243367
1989,0.01817513,0.09210497,1.00000000,-0.91075652,-0.01661133
1990,-0.03521754,0.16974706,1.00000000,-0.76217854,-0.21223439
1991,0.03496168,0.22175739,1.00000000,-0.66265019,-0.02212501
1992,0.01989090,-0.29661004,-1.00000000,-0.34602579,0.05226688
1993,-0.00707222,0.38473111,1.00000000,-0.35077933,-0.04591839
1994,-0.01274501,0.23841514,1.00000000,-0.63077348,-0.19855145
1995,-0.00390859,-0.02335870,-1.00000000,-0.86892683,-0.04399909
1996,0.02374399,-0.07843352,-1.00000000,-0.76353419,-0.09937370
1997,-0.00302177,0.00735565,-1.00000000,-0.92770263,-0.21247898
1998,0.01246817,0.27582316,1.00000000,-0.55918848,-0.11602051
1999,0.01489311,0.01596546,-1.00000000,-0.94417859,0.02041131
2000,0.01206952,0.16635087,1.00000000,-0.76867757,0.09928510
2001,-0.01042443,0.18989362,1.00000000,-0.72362555,-0.06938267
2002,0.01193301,0.16248057,1.00000000,-0.77608388,0.00443956
2003,-0.00558906,-0.05590397,-1.00000000,-0.80664734,-0.08469750
2004,-0.00837353,0.16115523,1.00000000,-0.77862009,-0.19955010
2005,-0.00568477,-0.00895933,-1.00000000,-0.89648185,-0.28719174
2006,0.00667917,-0.03599260,-1.00000000,-0.84475026,-0.20276215
2007,-0.00821841,-0.00988853,-1.00000000,-0.89470372,-0.30223686
2008,-0.00344447,0.11014783,1.00000000,-0.87622921,-0.29165040
2009,-0.00254105,-0.03448655,-1.00000000,-0.84763228,-0.26285916
2010,-0.02294114,0.01186160,-1.00000000,-0.93632533,-0.34804290
2011,0.01045736,0.02063254,-1.00000000,-0.95310963,-0.32939237
2012,0.00180004,-0.17742356,-1.00000000,-0.57410420,-0.27993766
2013,-0.00679377,0.14682874,1.00000000,-0.80603566,-0.29647101
2014,0.01794305,0.06277845,1.00000000,-0.96687652,-0.19535401
2015,0.02825670,-0.02065535,-1.00000000,-0.87410003,0.05737721
2016,0.00068133,0.21950429,1.00000000,-0.66696178,0.00911919
2017,-0.01490058,0.31963527,1.00000000,-0.47534847,-0.07332116
2018,0.00536903,0.05191734,1.00000000,-0.98766063,-0.01328117
2019,0.00904768,-0.09936103,-1.00000000,-0.72348675,-0.05719197
2020,-0.01770089,0.09742824,1.00000000,-0.90056976,-0.28405539
2021,0.00454688,0.13314276,1.00000000,-0.83222550,-0.26497363
2022,0.00323594,-0.12654810,-1.00000000,-0.67146084,-0.17544517
2023,-0.01035921,0.08944636,1.00000000,-0.91584410,-0.25308549
2024,0.01443551,0.07671897,1.00000000,-0.94019957,-0.22648920
2025,0.00259999,-0.05527075,-1.00000000,-0.80785908,-0.12627667
2026,-0.00893383,0.18545097,1.00000000,-0.73212712,-0.19282239
2027,-0.00347869,0.07054478,1.00000000,-0.95201466,-0.22596825
2028,0.01340286,-0.04143235,-1.00000000,-0.83434061,-0.10867001
2029,-0.01823149,0.01152939,-1.00000000,-0.93568962,-0.26992623
2030,-0.00647285,0.17542543,1.00000000,-0.75131227,-0.31471305
2031,-0.00008915,-0.13169952,-1.00000000,-0.66160296,-0.27105245
2032,-0.00012935,-0.01753964,-1.00000000,-0.88006234,-0.25451889
2033,0.00100661,0.04443707,-1.00000000,-0.99866263,-0.31571131
2034,-0.01617274,0.04404676,-1.00000000,-0.99791572,-0.30554857
2035,-0.01707819,0.05507530,1.00000000,-0.98161748,-0.35790039
2036,-0.01039101,-0.11171196,-1.00000000,-0.69985168,-0.40875413
2037,-0.00454077,-0.12050252,-1.00000000,-0.68302983,-0.43053054
2038,0.00833164,-0.05557947,-1.00000000,-0.80726830,-0.39437150
2039,0.00855586,0.00121805,-1.00000000,-0.91595755,-0.27230212
2040,0.00362881,0.12619104,1.00000000,-0.84552851,-0.17008483
2041,0.00209612,0.12836785,1.00000000,-0.84136290,-0.10844382
2042,-0.00648208,0.08053323,1.00000000,-0.93290050,-0.11802683
2043,-0.00505124,0.06565290,1.00000000,-0.96137589,-0.18408962
2044,0.00162894,-0.01762932,-1.00000000,-0.87989073,-0.21828338
2045,0.00600717,-0.00373788,-1.00000000,-0.90647376,-0.20654296
2046,-0.00020298,0.06111731,1.00000000,-0.97005533,-0.21789212
2047,0.00988993,0.10362369,1.00000000,-0.88871399,-0.13707389
2048,0.00085552,0.04333196,-1.00000000,-0.99654785,-0.10791595
2049,-0.02276608,0.14131983,1.00000000,-0.81657764,-0.22833868
2050,-0.04084098,0.05360847,1.00000000,-0.98442444,-0.45959821
2051,-0.01853086,-0.17572396,-1.00000000,-0.57735661,-0.55007132
2052,0.03356065,-0.35120572,-1.00000000,-0.24155003,-0.43322404
2053,0.00546622,-0.13460593,-1.00000000,-0.65604117,-0.41046396
2054,-0.02194386,0.37112908,1.00000000,-0.37680854,-0.40640516
2055,-0.00041192,0.09837184,1.00000000,-0.89876406,-0.20683260
2056,0.00463438,-0.16774133,-1.00000000,-0.59263239,-0.09248053
2057,-0.00076915,0.04130338,-1.00000000,-0.99266592,-0.26194491
2058,0.00394085,0.09029589,1.00000000,-0.91421843,-0.26947469
2059,-0.00964301,0.03783520,-1.00000000,-0.98602911,-0.20875323
2060,0.00177472,0.08356265,1.00000000,-0.92710332,-0.19795918
2061,-0.02275850,-0.04831747,-1.00000000,-0.82116506,-0.33318042
2062,-0.03271329,0.06253258,1.00000000,-0.96734702,-0.49086832
2063,0.01951904,-0.17565034,-1.00000000,-0.57749750,-0.41396872
2064,-0.00525364,-0.27229730,-1.00000000,-0.39255128,-0.39230117
2065,0.00720154,0.23480485,1.00000000,-0.63768221,-0.36551240
2066,-0.01015769,-0.00570285,-1.00000000,-0.90271354,-0.30331024
2067,-0.01627924,0.11521937,1.00000000,-0.86652418,-0.22218578
2068,-0.00508083,-0.05331431,-1.00000000,-0.81160297,-0.34361966
2069,0.01801315,-0.11274585,-1.00000000,-0.69787319,-0.22876634
2070,-0.00386790,-0.00402510,-1.00000000,-0.90592413,-0.28340914
2071,0.00394312,0.22018479,1.00000000,-0.66565956,-0.21380239
2072,-0.01599737,0.00775071,-1.00000000,-0.92845862,-0.21241100
2073,0.01093003,0.08358469,1.00000000,-0.92706116,-0.13337560
2074,-0.00322834,-0.11000934,-1.00000000,-0.70310987,-0.23823133
2075,-0.00728794,0.15141769,1.00000000,-0.79725412,-0.25511389
2076,0.01133355,0.01395989,-1.00000000,-0.94034069,-0.21863203
2077,0.02831771,-0.02545305,-1.00000000,-0.86491903,0.00012337
2078,-0.01675891,0.15533534,1.00000000,-0.78975720,-0.13655929
2079,0.00322454,0.32022760,1.00000000,-0.47421496,-0.10470548
2080,-0.00341192,-0.11740277,-1.00000000,-0.68896159,-0.08557202
2081,-0.00736396,0.07660834,1.00000000,-0.94041128,-0.17786976
2082,0.00044586,0.01217765,-1.00000000,-0.93693013,-0.31545537
2083,-0.03248437,-0.02619114,-1.00000000,-0.86350661,-0.39308200
2084,0.00376461,0.04963126,1.00000000,-0.99203533,-0.39041605
2085,-0.00797771,-0.27007485,-1.00000000,-0.39680423,-0.41295443
2086,-0.02831152,0.08185159,1.00000000,-0.93037765,-0.51635922
2087,-0.00512079,-0.03214970,-1.00000000,-0.85210415,-0.54383823
2088,-0.01389238,-0.22956237,-1.00000000,-0.47432999,-0.45206136
2089,-0.00085293,-0.00441305,-1.00000000,-0.90518173,-0.47485519
2090,0.01030386,-0.08957280,-1.00000000,-0.74221776,-0.38461072
2091,0.00647320,0.03702186,-1.00000000,-0.98447268,-0.21290065
2092,-0.01721177,0.14533851,1.00000000,-0.80888739,-0.27258617
2093,0.02946336,0.10814820,1.00000000,-0.88005577,-0.05856648
2094,0.00192345,-0.12179947,-1.00000000,-0.68054795,-0.04486126
2095,0.01155209,0.33135017,1.00000000,-0.45293051,-0.03869957
2096,-0.00997638,0.06397659,1.00000000,-0.96458373,-0.11990067
2097,0.00772869,0.15745700,1.00000000,-0.78569712,0.00321452
2098,0.00631575,-0.05155397,-1.00000000,-0.81497162,-0.11105051
2099,-0.00747277,0.12033719,1.00000000,-0.85673058,-0.15743371
2100,-0.00560581,0.10661955,1.00000000,-0.88298103,-0.24213134
2101,-0.02250741,-0.02724751,-1.00000000,-0.86148510,-0.30398907
2102,0.01105536,-0.00912197,-1.00000000,-0.89617062,-0.28756741
2103,-0.03029463,-0.17321259,-1.00000000,-0.58216243,-0.46828955
2104,0.01775542,0.15263448,1.00000000,-0.79492564,-0.34375402
2105,-0.03655462,-0.24881552,-1.00000000,-0.43748665,-0.49652859
2106,0.00620784,0.21768260,1.00000000,-0.67044782,-0.35477966
2107,-0.01978980,-0.30959117,-1.00000000,-0.32118475,-0.50704260
2108,0.00399124,0.10557196,1.00000000,-0.88498573,-0.33779510
2109,-0.00701543,-0.14682850,-1.00000000,-0.63265173,-0.46007300
2110,-0.00367482,0.08405183,1.00000000,-0.92616723,-0.29776633
2111,-0.03091527,-0.02280732,-1.00000000,-0.86998196,-0.48101953
2112,-0.00763015,0.00962529,-1.00000000,-0.93204587,-0.42099503
2113,0.03429163,-0.25484108,-1.00000000,-0.42595598,-0.27142124
2114,-0.00365425,-0.02877538,-1.00000000,-0.85856133,-0.25482926
2115,0.01281540,0.37822591,1.00000000,-0.36322786,-0.17342755
2116,-0.02187686,0.00982495,-1.00000000,-0.93242794,-0.12881067
2117,-0.04060352,0.16972199,1.00000000,-0.76222651,-0.29157923
2118,-0.02108301,-0.16709086,-1.00000000,-0.59387714,-0.56492865
2119,0.00894481,-0.34890028,-1.00000000,-0.24596179,-0.50273511
2120,0.01404524,-0.15938374,-1.00000000,-0.60862569,-0.49666419
2121,-0.01230743,0.13214401,1.00000000,-0.83413675,-0.44942600
2122,-0.04808793,0.18166197,1.00000000,-0.73937785,-0.48637180
2123,-0.02761506,-0.07418520,-1.00000000,-0.77166389,-0.51861636
2124,-0.03937547,-0.42156339,-1.00000000,-0.10691172,-0.75714285
2125,0.04108349,-0.22280070,-1.00000000,-0.48726930,-0.62367220
2126,0.00858672,-0.33697769,-1.00000000,-0.26877718,-0.52053108
2127,-0.01925203,0.44416523,1.00000000,-0.23704462,-0.37818657
2128,-0.00285900,0.12866748,1.00000000,-0.84078952,-0.25598162
2129,-0.06916970,-0.14160750,-1.00000000,-0.64264278,-0.40305681
2130,0.00576257,0.01754575,-1.00000000,-0.94720268,-0.57741370
2131,-0.01357104,-0.62623764,-1.00000000,0.28475839,-0.68679247
2132,0.02394435,0.10124901,1.00000000,-0.89325824,-0.47355939
2133,0.01783632,-0.08645310,-1.00000000,-0.74818771,-0.37139976
2134,-0.01070707,0.27776842,1.00000000,-0.55546599,-0.08280693
2135,0.00353413,0.21846809,1.00000000,-0.66894468,-0.09380734
2136,-0.01260972,-0.05864801,-1.00000000,-0.80139626,-0.08906192
2137,0.01400972,0.07961396,1.00000000,-0.93465965,-0.13810289
2138,0.01661713,-0.07712005,-1.00000000,-0.76604767,-0.14412129
2139,-0.01367128,0.18131715,1.00000000,-0.74003770,-0.15875370
2140,0.04201078,0.20663140,1.00000000,-0.69159569,0.03118106
2141,-0.00207621,-0.08742628,-1.00000000,-0.74632541,0.08317832
2142,-0.00033110,0.45316793,1.00000000,-0.21981680,0.01238680
2143,0.01288625,0.02514550,-1.00000000,-0.96174577,-0.00603018
2144,0.01703048,0.04208800,-1.00000000,-0.99416739,0.14552489
2145,0.00001371,0.17040983,1.00000000,-0.76091025,-0.06178793
2146,0.03378402,0.21064448,1.00000000,-0.68391615,0.11523122
2147,0.02857069,0.04543568,1.00000000,-1.00006410,0.25790101
2148,0.00861490,0.37329772,1.00000000,-0.37265858,0.23681609
2149,-0.01392930,0.32268365,1.00000000,-0.46951501,0.08398733
2150,0.01742983,0.12894109,1.00000000,-0.84026594,0.16995963
2151,-0.01519119,-0.08993132,-1.00000000,-0.74153170,-0.07179984
2152,0.00664735,0.21452162,1.00000000,-0.67649675,-0.18002143
2153,-0.01316800,-0.10218245,-1.00000000,-0.71808761,-0.28754979
2154,0.00454640,0.10983894,1.00000000,-0.87682032,-0.19634696
2155,-0.01861166,-0.08254018,-1.00000000,-0.75567558,-0.37426089
2156,-0.00222727,0.08944173,1.00000000,-0.91585296,-0.31026626
2157,0.01536358,-0.13539040,-1.00000000,-0.65453999,-0.26723978
2158,0.02917701,0.02367892,-1.00000000,-0.95893927,-0.05820937
2159,-0.00716440,0.19446123,1.00000000,-0.71488485,-0.11601817
2160,-0.02446485,0.32857015,1.00000000,-0.45825044,-0.14491163
2161,0.01007424,-0.02425366,-1.00000000,-0.86721421,-0.08418690
2162,-0.00232696,-0.19221658,-1.00000000,-0.54579590,-0.17151386
2163,0.00599940,0.14310920,1.00000000,-0.81315345,-0.28592700
2164,-0.00577834,0.02271104,-1.00000000,-0.95708711,-0.27908492
2165,-0.01693951,0.10354822,1.00000000,-0.88885840,-0.24193711
2166,-0.00511278,-0.01079701,-1.00000000,-0.89296523,-0.31690578
2167,0.00362500,-0.11915615,-1.00000000,-0.68560627,-0.28752473
2168,0.02455249,-0.00433536,-1.00000000,-0.90533041,-0.19593991
2169,-0.00830145,0.08049620,1.00000000,-0.93297137,-0.20839486
2170,0.00942211,0.28367255,1.00000000,-0.54416768,-0.07826430
2171,-0.01032416,-0.03529276,-1.00000000,-0.84608950,-0.10398954
2172,-0.00336295,0.13677798,1.00000000,-0.82526905,-0.13848462
2173,-0.00314033,-0.05493045,-1.00000000,-0.80851028,-0.27518646
2174,0.00676443,0.01265305,-1.00000000,-0.93783988,-0.20081580
2175,0.00160385,0.01481435,-1.00000000,-0.94197579,-0.23940961
2176,0.02374918,0.11097567,1.00000000,-0.87464505,-0.07121120
2177,0.00731927,0.06087364,1.00000000,-0.97052162,-0.01847987
2178,0.00048494,0.27587358,1.00000000,-0.55909200,-0.00058421
2179,0.02581870,0.11636234,1.00000000,-0.86433697,0.09347459
2180,0.00252895,0.05001063,1.00000000,-0.99130938,0.09804124
2181,-0.00821718,0.29596570,1.00000000,-0.52064319,-0.05975634
2182,-0.04341247,0.06985508,1.00000000,-0.95333449,-0.31018669
2183,0.02338233,-0.03447462,-1.00000000,-0.84765511,-0.19715684
2184,-0.00768641,-0.37617128,-1.00000000,-0.19377528,-0.36255026
2185,-0.00821980,0.27231195,1.00000000,-0.56590763,-0.41561001
2186,-0.01883038,-0.02932162,-1.00000000,-0.85751604,-0.46800065
2187,0.00660741,-0.03450012,-1.00000000,-0.84760631,-0.22108428
2188,-0.00823559,-0.13751385,-1.00000000,-0.65047650,-0.37716183
2189,0.01158864,0.10945121,1.00000000,-0.87756230,-0.28201317
2190,-0.01571557,-0.03465339,-1.00000000,-0.84731301,-0.31901500
2191,0.01484614,0.15781191,1.00000000,-0.78501797,-0.15277545
2192,-0.04604441,-0.10727343,-1.00000000,-0.70834536,-0.41268400
2193,-0.02061799,0.18943760,1.00000000,-0.72449819,-0.47380802
2194,-0.01438206,-0.40172364,-1.00000000,-0.14487760,-0.60200888
2195,-0.00175387,-0.15486900,-1.00000000,-0.61726522,-0.53308884
2196,0.01140585,-0.09432698,-1.00000000,-0.73312004,-0.55007136
2197,-0.00770212,0.02827497,-1.00000000,-0.96773440,-0.36079987
2198,-0.00472966,0.15603725,1.00000000,-0.78841399,-0.28236929
2199,0.02437551,-0.02947414,-1.00000000,-0.85722416,-0.09104780
2200,0.02422552,-0.00061574,-1.00000000,-0.91244837,0.03719594
2201,0.01059170,0.28195434,1.00000000,-0.54745569,0.03317701
2202,0.00760699,0.28049819,1.00000000,-0.55024223,0.10874835
2203,0.00788643,0.14813303,1.00000000,-0.80353972,0.17102596
2204,0.01852440,0.11915572,1.00000000,-0.85899149,0.14214276
2205,0.01418311,0.12186867,1.00000000,-0.85379991,0.09256977
2206,0.01917402,0.22514834,1.00000000,-0.65616118,0.13493524
2207,0.01938646,0.18300058,1.00000000,-0.73681626,0.19308299
2208,0.02440014,0.23145528,1.00000000,-0.64409205,0.27460067
2209,-0.00496621,0.23351772,1.00000000,-0.64014530,0.15864248
2210,-0.00907044,0.28219348,1.00000000,-0.54699808,0.04385446
2211,0.00918078,-0.00291229,-1.00000000,-0.90805363,-0.00547584
2212,-0.01371144,-0.04275864,-1.00000000,-0.83180258,-0.16885911
2213,0.00706273,0.13443497,1.00000000,-0.82975269,-0.25444290
2214,-0.01688696,-0.08781615,-1.00000000,-0.74557934,-0.31328807
2215,-0.00951237,0.11387166,1.00000000,-0.86910320,-0.31546960
2216,0.00331338,-0.11864596,-1.00000000,-0.68658258,-0.34443324
2217,-0.00165669,-0.04704916,-1.00000000,-0.82359214,-0.28492661
2218,0.00663629,0.07747077,1.00000000,-0.93876092,-0.28703166
2219,-0.01651055,0.02921845,-1.00000000,-0.96953987,-0.28517356
2220,0.00815039,0.10973156,1.00000000,-0.87702581,-0.19798371
2221,-0.00754997,-0.11499156,-1.00000000,-0.69357574,-0.25160912
2222,0.00079465,0.12443139,1.00000000,-0.84889582,-0.23950840
2223,0.02825650,-0.02799695,-1.00000000,-0.86005096,-0.13278319
2224,-0.01789015,0.05301752,1.00000000,-0.98555530,-0.13959341
2225,0.01901368,0.31963325,1.00000000,-0.47535233,-0.08596830
2226,-0.00054145,-0.12838556,-1.00000000,-0.66794464,-0.05137174
2227,-0.00664883,0.22989852,1.00000000,-0.64707111,-0.08811548
2228,0.00176561,0.04004580,-1.00000000,-0.99025937,-0.21888416
2229,0.00739444,-0.01924820,-1.00000000,-0.87679279,-0.09407021
2230,-0.00005870,0.06244410,1.00000000,-0.96751634,-0.18821839
2231,-0.00010458,0.11709214,1.00000000,-0.86294040,-0.18606180
2232,-0.00164592,0.04473269,-1.00000000,-0.99922833,-0.16136559
2233,-0.01877562,0.04428726,-1.00000000,-0.99837594,-0.26276456
2234,-0.00101778,0.02932304,-1.00000000,-0.96974002,-0.30429035
2235,-0.03023426,-0.13698220,-1.00000000,-0.65149387,-0.45324791
2236,-0.00719693,0.03542134,-1.00000000,-0.98140988,-0.48825835
2237,-0.01024155,-0.24822941,-1.00000000,-0.43860825,-0.53068956
2238,0.00549742,-0.02456950,-1.00000000,-0.86660981,-0.41086898
2239,-0.00984603,-0.05412848,-1.00000000,-0.81004496,-0.45444844
2240,-0.01098643,0.09867479,1.00000000,-0.89818434,-0.35943416
2241,0.00189879,-0.05028853,-1.00000000,-0.81739320,-0.31453437
2242,-0.00358908,-0.06136017,-1.00000000,-0.79620621,-0.28169531
2243,0.00160930,0.06373710,1.00000000,-0.96504203,-0.30088852
2244,0.00570005,0.01045771,-1.00000000,-0.93363881,-0.22414740
2245,-0.00887700,0.06092656,1.00000000,-0.97042035,-0.21373447
2246,-0.00003899,0.10064198,1.00000000,-0.89441987,-0.22330003
2247,0.00613841,-0.04088054,-1.00000000,-0.83539657,-0.17528165
2248,0.00394258,0.04492404,-1.00000000,-0.99959451,-0.16376374
2249,-0.00521132,0.10489781,1.00000000,-0.88627579,-0.21762620
2250,0.00334270,0.08357940,1.00000000,-0.92707127,-0.15730534
2251,-0.00226106,-0.00529197,-1.00000000,-0.90349982,-0.16827430
2252,0.00608011,0.07775544,1.00000000,-0.93821615,-0.16856209
2253,-0.00946509,0.02335085,-1.00000000,-0.95831147,-0.23474721
2254,-0.00444913,0.10433180,1.00000000,-0.88735892,-0.23098479
2255,-0.01071615,-0.04659011,-1.00000000,-0.82447058,-0.30038440
2256,-0.00779520,0.00210778,-1.00000000,-0.91766016,-0.32770291
2257,0.04654525,-0.05873615,-1.00000000,-0.80122760,-0.12795220
2258,-0.01683541,-0.03037780,-1.00000000,-0.85549490,-0.16433477
2259,0.00624530,0.49719127,1.00000000,-0.13557256,-0.11154317
2260,0.00360474,-0.11814548,-1.00000000,-0.68754031,-0.04085002
2261,-0.02257964,0.10593560,1.00000000,-0.88428985,-0.11383140
2262,0.02515173,0.08029952,1.00000000,-0.93334775,-0.21943761
2263,-0.01460798,-0.17391385,-1.00000000,-0.58082049,-0.20844222
2264,0.00212542,0.28949039,1.00000000,-0.53303452,-0.22877944
2265,-0.00056325,-0.09652031,-1.00000000,-0.72892282,-0.24935419
2266,0.03202919,0.06593739,1.00000000,-0.96083149,0.02021488
2267,-0.00531747,0.03983416,-1.00000000,-0.98985437,-0.13019222
2268,-0.01129663,0.35626080,1.00000000,-0.40526087,-0.11384617
2269,0.00876390,-0.00632261,-1.00000000,-0.90152754,-0.08107622
2270,-0.01729916,-0.06437173,-1.00000000,-0.79044320,-0.16369074
2271,-0.00875548,0.13038766,1.00000000,-0.83749774,-0.36501873
2272,-0.00640799,-0.12264785,-1.00000000,-0.67892447,-0.37040190
2273,0.00647573,-0.03970080,-1.00000000,-0.83765416,-0.28267105
2274,0.01190824,-0.01690995,-1.00000000,-0.88126733,-0.26714945
2275,-0.00754242,0.10817280,1.00000000,-0.88000868,-0.21898665
2276,-0.03016360,0.16091476,1.00000000,-0.77908027,-0.32466493
2277,-0.01308796,-0.02792373,-1.00000000,-0.86019107,-0.35763969
2278,0.01480317,-0.24754344,-1.00000000,-0.43992094,-0.31653245
2279,-0.06916367,-0.08176302,-1.00000000,-0.75716278,-0.71673290
2280,-0.01123137,0.18902043,1.00000000,-0.72529651,-0.73494291
2281,0.03090684,-0.62617903,-1.00000000,0.28464623,-0.43347695
2282,-0.00582875,-0.06373824,-1.00000000,-0.79165547,-0.39764286
2283,0.00279501,0.34536440,1.00000000,-0.42611252,-0.45691951
2284,0.02636394,-0.01128637,-1.00000000,-0.89202877,0.01463953
2285,0.00323675,0.07243815,1.00000000,-0.94839147,0.08605946
2286,0.00199043,0.30125918,1.00000000,-0.51051344,-0.05668248
2287,-0.00652128,0.07672681,1.00000000,-0.94018457,-0.06010106
2288,-0.01008950,0.06462685,1.00000000,-0.96333937,-0.12370367
2289,0.02895988,-0.01800985,-1.00000000,-0.87916253,-0.11088913
2290,-0.01921558,-0.05265220,-1.00000000,-0.81287000,-0.22172198
2291,0.01362672,0.32646215,1.00000000,-0.46228436,-0.16428105
2292,0.02287870,-0.14125358,-1.00000000,-0.64332005,-0.01915207
2293,-0.00632372,0.17759875,1.00000000,-0.74715334,-0.00056285
2294,-0.00838254,0.26742240,1.00000000,-0.57526441,-0.18489865
2295,0.01396847,-0.01609188,-1.00000000,-0.88283281,-0.02109012
2296,0.01390107,-0.03608007,-1.00000000,-0.84458288,-0.01973581
2297,-0.00216269,0.18091666,1.00000000,-0.74080409,-0.14334918
2298,-0.01516169,0.18026235,1.00000000,-0.74205620,-0.18697661
2299,-0.00531650,0.02430593,-1.00000000,-0.96013913,-0.17184153
2300,-0.01161050,-0.10189606,-1.00000000,-0.71863564,-0.29810861
2301,-0.00285006,-0.00631317,-1.00000000,-0.90154562,-0.38079828
2302,0.01336087,-0.06741898,-1.00000000,-0.78461190,-0.30416835
2303,0.03040261,0.01763254,-1.00000000,-0.94736875,-0.07924634
2304,0.02738403,0.17501776,1.00000000,-0.75209240,0.08217540
2305,0.01332170,0.34046904,1.00000000,-0.43548041,0.20524981
2306,-0.04515207,0.31116287,1.00000000,-0.49156148,-0.00356835
2307,0.00691587,0.17463747,1.00000000,-0.75282011,-0.03538322
2308,0.00315437,-0.39306034,-1.00000000,-0.16145591,-0.16989048
2309,0.03035008,0.11244588,1.00000000,-0.87183161,-0.15524901
2310,-0.02421602,0.07592706,1.00000000,-0.94171500,-0.34054889
2311,-0.00025884,0.33995896,1.00000000,-0.43645652,-0.11893955
2312,0.01741510,-0.18980085,-1.00000000,-0.55041869,-0.06711150
2313,0.02240233,0.04278957,-1.00000000,-0.99550992,0.02790342
2314,-0.01900054,0.21437864,1.00000000,-0.67677035,-0.21570916
2315,-0.01660068,0.26279754,1.00000000,-0.58411465,-0.17811705
2316,-0.00013850,-0.13916582,-1.00000000,-0.64731524,-0.17752301
2317,-0.01336752,-0.11586662,-1.00000000,-0.69190121,-0.32947727
2318,0.00999036,0.04395790,-1.00000000,-0.99774568,-0.39074725
2319,0.00311845,-0.08447722,-1.00000000,-0.75196880,-0.28155990
2320,-0.00706202,0.14229488,1.00000000,-0.81471176,-0.23447358
2321,0.02612018,0.07557828,1.00000000,-0.94238244,-0.10485117
2322,-0.00081321,-0.02325966,-1.00000000,-0.86911637,-0.04287849
2323,0.01429039,0.29889263,1.00000000,-0.51504213,-0.02165200
2324,-0.00316413,0.03740748,-1.00000000,-0.98521061,-0.05266508
2325,-0.00502622,0.18404206,1.00000000,-0.73482325,-0.04261563
2326,0.01613750,0.01458334,-1.00000000,-0.94153373,-0.09189375
2327,-0.00394675,-0.00349492,-1.00000000,-0.90693870,-0.10736207
2328,0.01615106,0.20197494,1.00000000,-0.70050641,-0.09817709
2329,-0.04122845,0.00698519,-1.00000000,-0.92699370,-0.28607646
2330,-0.00092057,0.20210660,1.00000000,-0.70025446,-0.26580948
2331,0.01103117,-0.35496754,-1.00000000,-0.23435132,-0.29101622
2332,-0.00385965,0.03636514,-1.00000000,-0.98321596,-0.29058626
2333,-0.00063605,0.15239963,1.00000000,-0.79537505,-0.37345358
2334,0.01026601,0.00783081,-1.00000000,-0.92861192,-0.11925814
2335,0.00846071,0.03912739,-1.00000000,-0.98850187,-0.07294875
2336,0.00697651,0.14497106,1.00000000,-0.80959056,-0.09296402
2337,0.04616586,0.12744409,1.00000000,-0.84313063,0.15398012
2338,0.02061017,0.11303461,1.00000000,-0.87070500,0.25885918
2339,-0.03028981,0.49350792,1.00000000,-0.14262113,0.05866087
2340,-0.01158116,0.24539818,1.00000000,-0.61741055,-0.04027307
2341,-0.00587317,-0.24876876,-1.00000000,-0.43757613,-0.10370374
2342,-0.00275051,-0.06713412,-1.00000000,-0.78515703,-0.34517277
2343,0.00537774,-0.01171760,-1.00000000,-0.89120356,-0.42036557
2344,0.01482252,0.01859898,-1.00000000,-0.94921817,-0.19767468
2345,0.00484405,0.09751281,1.00000000,-0.90040792,-0.11659389
2346,-0.00159660,0.18920830,1.00000000,-0.72493698,-0.09548321
2347,0.01400143,0.09233143,1.00000000,-0.91032315,-0.01278954
2348,0.03258038,0.02980182,-1.00000000,-0.97065622,0.12149262
2349,-0.00962844,0.18123666,1.00000000,-0.74019174,0.00079378
2350,0.01015972,0.36161209,1.00000000,-0.39502050,0.02703388
2351,0.02190833,-0.04817600,-1.00000000,-0.82143579,0.14306276
2352,-0.00994682,0.14393912,1.00000000,-0.81156530,0.02484550
2353,-0.00448510,0.25800148,1.00000000,-0.59329253,-0.15812319
2354,0.00285283,-0.05126699,-1.00000000,-0.81552078,-0.09651110
2355,0.00660505,0.00175861,-1.00000000,-0.91699199,-0.11405827
2356,0.01212005,0.07299952,1.00000000,-0.94731722,-0.16237677
2357,-0.00179868,0.10942825,1.00000000,-0.87760622,-0.12215462
2358,-0.01765926,0.16297112,1.00000000,-0.77514517,-0.18718710
2359,-0.01377213,0.02783989,-1.00000000,-0.96690181,-0.26925396
2360,-0.02143868,-0.12614394,-1.00000000,-0.67223425,-0.40768799
2361,0.02497078,-0.08840539,-1.00000000,-0.74445175,-0.34425208
2362,-0.00875640,-0.16283673,-1.00000000,-0.60201796,-0.37859791
2363,-0.00089229,0.28773362,1.00000000,-0.53639632,-0.29583005
2364,0.00043134,-0.03970973,-1.00000000,-0.83763707,-0.22571654
2365,-0.00411077,0.03663966,-1.00000000,-0.98374129,-0.14017966
2366,0.00650060,0.04949027,1.00000000,-0.99230513,-0.23135520
2367,0.00581372,0.00539283,-1.00000000,-0.92394652,-0.15943179
2368,0.01048828,0.10841423,1.00000000,-0.87954668,-0.10325313
2369,-0.00449936,0.10174555,1.00000000,-0.89230805,-0.12759287
2370,-0.00838247,0.14712898,1.00000000,-0.80546110,-0.14867955
2371,-0.00462960,0.00162013,-1.00000000,-0.91672698,-0.20362229
2372,0.00260091,-0.03607939,-1.00000000,-0.84458418,-0.21948186
2373,0.00123346,0.00035567,-1.00000000,-0.91430728,-0.26516703
2374,-0.01187971,0.07055376,1.00000000,-0.95199749,-0.30159913
2375,-0.00521642,0.05727771,1.00000000,-0.97740289,-0.28597037
2376,0.00221769,-0.07003265,-1.00000000,-0.77961032,-0.25216965
2377,-0.01600304,-0.00534155,-1.00000000,-0.90340493,-0.34400557
2378,-0.00114558,0.06683319,1.00000000,-0.95911727,-0.35574938
2379,-0.00385931,-0.11006442,-1.00000000,-0.70300446,-0.31615780
2380,0.00465755,0.03418057,-1.00000000,-0.97903551,-0.26741629
2381,-0.00160745,0.00783406,-1.00000000,-0.92861813,-0.28629857
2382,-0.00660884,0.09052076,1.00000000,-0.91378810,-0.23992533
2383,-0.00115295,0.02969648,-1.00000000,-0.97045464,-0.23996168
2384,0.00299275,-0.01885990,-1.00000000,-0.87753586,-0.20613741
2385,-0.00652909,0.03410907,-1.00000000,-0.97889870,-0.26135872
2386,-0.01341700,0.07435790,1.00000000,-0.94471778,-0.31965494
2387,-0.00082186,-0.01808569,-1.00000000,-0.87901740,-0.29108831
2388,0.01155846,-0.08495754,-1.00000000,-0.75104965,-0.22834020
2389,-0.00644278,0.03732348,-1.00000000,-0.98504986,-0.27491741
2390,-0.01282691,0.15751886,1.00000000,-0.78557875,-0.30600573
2391,-0.00651833,-0.01724777,-1.00000000,-0.88062086,-0.27195139
2392,0.02061573,-0.07922861,-1.00000000,-0.76201268,-0.16612767
2393,0.00982334,-0.01798121,-1.00000000,-0.87921734,-0.17469285
2394,0.00515852,0.24545216,1.00000000,-0.61730725,-0.11742461
2395,-0.00155174,0.14067330,1.00000000,-0.81781486,-0.06176630
2396,-0.00304620,0.09538448,1.00000000,-0.90448076,-0.04462662
2397,-0.00718506,0.03023732,-1.00000000,-0.97148960,-0.18186141
2398,-0.01056050,0.01572824,-1.00000000,-0.94372464,-0.28248346
2399,0.00393230,-0.02445422,-1.00000000,-0.86683042,-0.28853650
2400,0.01870163,-0.05722500,-1.00000000,-0.80411938,-0.18855846
2401,-0.02350775,0.08347965,1.00000000,-0.92726215,-0.28956409
2402,-0.00672215,0.22686903,1.00000000,-0.65286842,-0.28727900
2403,-0.00864007,-0.18292447,-1.00000000,-0.56357752,-0.27779907
2404,-0.02138120,-0.01996002,-1.00000000,-0.87543063,-0.40275575
2405,0.03365257,-0.03858037,-1.00000000,-0.83979824,-0.32895248
2406,-0.02378692,-0.16227876,-1.00000000,-0.60308570,-0.33033060
2407,-0.00071291,0.37202154,1.00000000,-0.37510071,-0.30066680
2408,0.00248264,-0.18563488,-1.00000000,-0.55839081,-0.24576103
2409,-0.01711703,0.03838121,-1.00000000,-0.98707397,-0.22471151
2410,0.01589284,0.06940550,1.00000000,-0.95419483,-0.31238003
2411,0.00320338,-0.12087965,-1.00000000,-0.68230814,-0.17914609
2412,0.01900800,0.19959958,1.00000000,-0.70505196,-0.08179652
2413,0.03188044,0.07640282,1.00000000,-0.94080457,0.06332170
2414,-0.00061606,0.22984338,1.00000000,-0.64717663,0.14477652
2415,-0.00837500,0.35481660,1.00000000,-0.40802453,0.02498165
2416,0.00724023,0.03932153,-1.00000000,-0.98887339,0.04490902
2417,0.02004139,-0.03600686,-1.00000000,-0.84472298,0.05001021
2418,-0.01361981,0.11559495,1.00000000,-0.86580546,-0.17459558
2419,-0.00312221,0.23987614,1.00000000,-0.62797767,-0.18696685
2420,0.00650349,-0.08692658,-1.00000000,-0.74728165,-0.11352120
2421,-0.00066839,0.01499035,-1.00000000,-0.94231259,-0.15256103
2422,-0.02327616,0.10844228,1.00000000,-0.87949300,-0.36639219
2423,0.00042388,0.03881341,-1.00000000,-0.98790104,-0.29706740
2424,-0.01138579,-0.18067606,-1.00000000,-0.56788015,-0.33785946
2425,-0.01223188,0.04941788,1.00000000,-0.99244366,-0.43034408
2426,-0.01213089,-0.06523740,-1.00000000,-0.78878663,-0.48692712
2427,-0.00104417,-0.07345174,-1.00000000,-0.77306745,-0.37718194
2428,0.00129128,-0.07247122,-1.00000000,-0.77494381,-0.37290019
2429,0.00418384,0.03516515,-1.00000000,-0.98091963,-0.29604283
2430,0.01160883,0.05783903,1.00000000,-0.97632874,-0.17835640
2431,-0.00510869,0.08592172,1.00000000,-0.92258894,-0.14369228
2432,-0.00513584,0.15800791,1.00000000,-0.78464290,-0.16389024
2433,-0.00545082,-0.00429560,-1.00000000,-0.90540649,-0.19717169
2434,-0.00561513,-0.00455917,-1.00000000,-0.90490211,-0.24554296
2435,-0.01151393,-0.00761722,-1.00000000,-0.89905016,-0.35968531
2436,0.00340323,-0.00921242,-1.00000000,-0.89599753,-0.31766737
2437,0.01782985,-0.06648144,-1.00000000,-0.78640601,-0.20430040
2438,0.00902273,0.07834314,1.00000000,-0.93709153,-0.13285370
2439,0.01241629,0.21840520,1.00000000,-0.66906504,-0.04384404
2440,0.02119138,0.13290049,1.00000000,-0.83268912,0.11760126
2441,-0.03011851,0.16584725,1.00000000,-0.76964133,-0.04787425
2442,0.00470112,0.25104092,1.00000000,-0.60661245,-0.11268240
2443,0.00232484,-0.24710564,-1.00000000,-0.44075872,-0.14574560
2444,0.02215263,0.09094385,1.00000000,-0.91297847,-0.09768348
2445,0.00982258,0.06787348,1.00000000,-0.95712655,-0.15380400
2446,0.01575244,0.26037336,1.00000000,-0.58875363,0.07263168
2447,0.00936594,0.14066595,1.00000000,-0.81782893,0.09565891
2448,-0.00212147,0.19823648,1.00000000,-0.70766044,0.07371031
2449,0.03226292,0.13623263,1.00000000,-0.82631265,0.12361835
2450,-0.01032081,0.02470610,-1.00000000,-0.96090491,0.02418326
2451,-0.02355139,0.35852994,1.00000000,-0.40091860,-0.16983475
2452,0.02268990,-0.05489790,-1.00000000,-0.80857258,-0.10406284
2453,0.02094603,-0.18334823,-1.00000000,-0.56276660,0.00980674
2454,-0.01113056,0.26558947,1.00000000,-0.57877196,-0.20439926
2455,-0.00725962,0.24865896,1.00000000,-0.61117063,-0.18928811
2456,0.00580392,-0.06275946,-1.00000000,-0.79352848,-0.04437958
2457,-0.01140680,-0.02517807,-1.00000000,-0.86544523,-0.21269329
2458,-0.03180187,0.10165046,1.00000000,-0.89249001,-0.47307615
2459,-0.00681201,-0.06544133,-1.00000000,-0.78839638,-0.45175820
2460,0.00186193,-0.26344874,-1.00000000,-0.40948414,-0.40673092
2461,0.01923764,-0.02083242,-1.00000000,-0.87376119,-0.34041719
2462,-0.01401543,0.06337929,1.00000000,-0.96572674,-0.35329437
2463,0.03307835,0.23207292,1.00000000,-0.64291012,-0.03302197
2464,-0.01215722,-0.09076752,-1.00000000,-0.73993152,-0.05940789
2465,0.01447639,0.36644664,1.00000000,-0.38576899,0.00286168
2466,0.00623343,-0.07272688,-1.00000000,-0.77445457,-0.06133186
2467,0.02394594,0.18584788,1.00000000,-0.73136758,0.12605931
2468,-0.01124554,0.10582034,1.00000000,-0.88451042,-0.09273953
2469,-0.01140924,0.27778387,1.00000000,-0.55543642,-0.08904722
2470,0.01734453,-0.06387574,-1.00000000,-0.79139235,-0.07488906
2471,0.02120483,-0.06546504,-1.00000000,-0.78835102,-0.00098476
2472,-0.00004952,0.21369343,1.00000000,-0.67808160,-0.11943510
2473,0.01949648,0.25117154,1.00000000,-0.60636249,0.03231868
2474,-0.03083063,0.04482180,-1.00000000,-0.99939886,-0.06355240
2475,0.01714808,0.23458582,1.00000000,-0.63810135,-0.06452213
2476,-0.02005376,-0.25401937,-1.00000000,-0.42752842,-0.26818958
2477,-0.00169615,0.21178621,1.00000000,-0.68173130,-0.27631793
2478,-0.00708365,-0.14939118,-1.00000000,-0.62774771,-0.40752713
2479,0.01547735,0.02883538,-1.00000000,-0.96880681,-0.17893405
2480,-0.00218330,-0.02346973,-1.00000000,-0.86871436,-0.27436080
2481,0.01696917,0.19556582,1.00000000,-0.71277107,-0.09160214
2482,-0.00525274,0.02410576,-1.00000000,-0.95975609,-0.10915877
2483,0.03197086,0.21004921,1.00000000,-0.68505528,0.08362852
2484,0.00891282,-0.00569410,-1.00000000,-0.90273029,0.05122358
2485,-0.01346033,0.35569445,1.00000000,-0.40634467,-0.00444391
2486,0.02801512,0.13183344,1.00000000,-0.83473105,0.05008293
2487,0.00164775,-0.08537821,-1.00000000,-0.75024465,0.08414626
2488,0.00406843,0.31728981,1.00000000,-0.47983681,-0.05359025
2489,-0.00497728,0.06129992,1.00000000,-0.96970589,-0.12215685
2490,-0.04465135,0.08480132,1.00000000,-0.92473297,-0.27612712
2491,-0.02122579,-0.00301984,-1.00000000,-0.90784782,-0.51919816
2492,0.00167572,-0.38819907,-1.00000000,-0.17075856,-0.51906010
2493,0.00319549,-0.16076988,-1.00000000,-0.60597313,-0.52336929
2494,-0.01750798,0.06157145,1.00000000,-0.96918628,-0.58522535
2495,0.00192318,0.07632622,1.00000000,-0.94095114,-0.35531646
2496,-0.00875147,-0.12467517,-1.00000000,-0.67504494,-0.29373868
2497,-0.00054050,0.06397396,1.00000000,-0.96458877,-0.30467875
2498,-0.00609471,-0.03966184,-1.00000000,-0.83772870,-0.35053853
2499,0.01519516,0.04005508,-1.00000000,-0.99027713,-0.18910393
2500,-0.00417617,-0.01386845,-1.00000000,-0.88708763,-0.21921256
2501,-0.01218360,0.19282615,1.00000000,-0.71801378,-0.23615481
2502,-0.00466308,0.00475784,-1.00000000,-0.92273139,-0.25650536
2503,-0.00989297,-0.07298299,-1.00000000,-0.77396446,-0.27525496
2504,-0.00345239,0.00003066,-1.00000000,-0.91368534,-0.36730609
2505,0.00314345,-0.05074420,-1.00000000,-0.81652122,-0.33117378
2506,0.00285339,0.01178468,-1.00000000,-0.93617814,-0.25694571
2507,-0.00232362,0.07582102,1.00000000,-0.94191791,-0.24539730
2508,0.01096023,0.07300498,1.00000000,-0.94730677,-0.14245834
2509,0.00925113,0.02274349,-1.00000000,-0.95714921,-0.07974913
2510,0.05127039,0.15171089,1.00000000,-0.79669305,0.15782297
2511,0.01358329,0.13511794,1.00000000,-0.82844574,0.21078967
2512,-0.00732882,0.54306570,1.00000000,-0.04778604,0.18608218
2513,-0.02699409,0.17717717,1.00000000,-0.74796008,-0.00127416
2514,0.01192729,-0.02584994,-1.00000000,-0.86415953,0.01193634
2515,-0.02371390,-0.21677199,-1.00000000,-0.49880599,-0.35821344
2516,-0.00415366,0.16109967,1.00000000,-0.77872641,-0.44576952
2517,0.01290898,-0.18492595,-1.00000000,-0.55974744,-0.34586835
2518,0.01800097,0.00497634,-1.00000000,-0.92314953,-0.12375632
2519,-0.02788655,0.17063058,1.00000000,-0.76048782,-0.32029190
2520,-0.00980718,0.22006659,1.00000000,-0.66588576,-0.25164325
2521,-0.00796730,-0.22543644,-1.00000000,-0.48222547,-0.27046874
2522,-0.01911860,-0.04991130,-1.00000000,-0.81811506,-0.42856854
2523,0.00925862,-0.03204867,-1.00000000,-0.85229748,-0.47172395
2524,-0.00825831,-0.14031203,-1.00000000,-0.64512181,-0.37483182
2525,-0.02498282,0.13519074,1.00000000,-0.82830644,-0.44974433
2526,0.00510526,-0.03487396,-1.00000000,-0.84689092,-0.38521340
2527,-0.00742092,-0.19724539,-1.00000000,-0.53617263,-0.32746939
2528,-0.01117645,0.09486745,1.00000000,-0.90547015,-0.42834437
2529,-0.01356454,-0.02674407,-1.00000000,-0.86244850,-0.45453788
2530,-0.00060514,-0.06320501,-1.00000000,-0.79267587,-0.33420079
2531,0.00715243,-0.08639002,-1.00000000,-0.74830841,-0.32409523
2532,0.00167806,0.03942747,-1.00000000,-0.98907612,-0.27917939
2533,0.00730156,0.11474254,1.00000000,-0.86743666,-0.18796518
2534,0.00245251,0.06159411,1.00000000,-0.96914291,-0.10889917
2535,-0.00205233,0.11619043,1.00000000,-0.86466593,-0.11604301
2536,-0.00308364,0.06911298,1.00000000,-0.95475460,-0.16657195
2537,-0.01075395,0.02537732,-1.00000000,-0.96218937,-0.22794087
2538,-0.01932996,0.01536479,-1.00000000,-0.94302914,-0.35940375
2539,-0.01031259,-0.05910313,-1.00000000,-0.80052534,-0.42241695
2540,-0.00496953,-0.14236405,-1.00000000,-0.64119502,-0.43681728
2541,0.01114690,-0.05481815,-1.00000000,-0.80872519,-0.36657014
2542,-0.00751285,-0.00294451,-1.00000000,-0.90799196,-0.35057088
2543,0.01001006,0.15352326,1.00000000,-0.79322484,-0.20573785
2544,-0.02539292,-0.02763659,-1.00000000,-0.86074054,-0.28017983
2545,0.03532360,0.14248615,1.00000000,-0.81434574,-0.08127831
2546,0.01341402,-0.20122684,-1.00000000,-0.52855362,-0.07008700
2547,0.01005617,0.38824482,1.00000000,-0.34405539,0.01664009
2548,-0.01175781,0.17553377,1.00000000,-0.75110494,-0.09081408
2549,-0.02219687,0.14293380,1.00000000,-0.81348911,-0.07503722
2550,-0.04893806,-0.06884921,-1.00000000,-0.78187497,-0.49098346
2551,0.01229199,-0.17019770,-1.00000000,-0.58793180,-0.49652219
2552,0.00181942,-0.42981697,-1.00000000,-0.09111744,-0.53718182
2553,-0.00289090,0.16464048,1.00000000,-0.77195063,-0.49341149
2554,0.00283587,0.06296651,1.00000000,-0.96651664,-0.36984075
2555,0.00338865,0.01723604,-1.00000000,-0.94661000,-0.11153701
2556,-0.01063632,0.07283490,1.00000000,-0.94763223,-0.22471954
2557,0.01453460,0.07820162,1.00000000,-0.93736234,-0.16195273
2558,-0.00123317,-0.05796113,-1.00000000,-0.80271070,-0.15376957
2559,0.01801380,0.18641306,1.00000000,-0.73028604,-0.07884579
2560,-0.00541244,0.03333025,-1.00000000,-0.97740831,-0.12229122
2561,-0.00561650,0.22019118,1.00000000,-0.66564733,-0.09751155
2562,0.02492510,-0.00724463,-1.00000000,-0.89976315,-0.04622028
2563,0.02616289,-0.00922574,-1.00000000,-0.89597204,0.08901664
2564,0.00174063,0.28729011,1.00000000,-0.53724503,0.00868632
2565,-0.00223138,0.29930731,1.00000000,-0.51424860,0.02438919
2566,0.02708515,0.06220160,1.00000000,-0.96798039,0.18581645
2567,-0.00759044,0.02363897,-1.00000000,-0.95886283,0.02530790
2568,0.01852278,0.30826114,1.00000000,-0.49711431,-0.01240648
2569,-0.00326025,-0.02838990,-1.00000000,-0.85929899,-0.03709265
2570,0.00656850,0.22513260,1.00000000,-0.65619130,0.00634678
2571,0.00115463,0.01365011,-1.00000000,-0.93974788,-0.12165572
2572,0.00145955,0.10907342,1.00000000,-0.87828524,-0.07698170
2573,-0.00792003,0.05651236,1.00000000,-0.97886748,-0.20751303
2574,0.01496838,0.05947269,1.00000000,-0.97320252,-0.11752985
2575,0.00177056,-0.03158976,-1.00000000,-0.85317566,-0.14121421
2576,-0.03100757,0.19062443,1.00000000,-0.72222704,-0.29997854
2577,-0.00625937,0.06249222,1.00000000,-0.96742426,-0.33808190
2578,-0.01188001,-0.25573720,-1.00000000,-0.42424115,-0.35762979
2579,0.00422187,-0.01546707,-1.00000000,-0.88402847,-0.41067850
2580,-0.01960528,-0.07003554,-1.00000000,-0.77960478,-0.51619742
2581,0.00256753,0.08629094,1.00000000,-0.92188241,-0.35045848
2582,-0.00989377,-0.14503699,-1.00000000,-0.63608001,-0.36839922
2583,-0.02215725,0.07022969,1.00000000,-0.95261763,-0.41913141
2584,-0.03099554,-0.05075200,-1.00000000,-0.81650628,-0.59297734
2585,0.01028797,-0.16981303,-1.00000000,-0.58866792,-0.44541338
2586,-0.00869267,-0.25562034,-1.00000000,-0.42446477,-0.50099784
2587,-0.00893460,0.14518425,1.00000000,-0.80918260,-0.49626303
2588,0.00468859,-0.03909099,-1.00000000,-0.83882111,-0.36374223
2589,-0.00768236,-0.04143981,-1.00000000,-0.83432634,-0.24865992
2590,-0.01631691,0.09082211,1.00000000,-0.91321144,-0.37999132
2591,-0.00105763,-0.02928235,-1.00000000,-0.85759119,-0.34230198
2592,0.00265762,-0.11311163,-1.00000000,-0.69717323,-0.28507854
2593,-0.00968953,0.03503447,-1.00000000,-0.98066956,-0.35605416
2594,0.02183903,0.07110435,1.00000000,-0.95094387,-0.21032579
2595,0.01388825,-0.04876912,-1.00000000,-0.82030077,-0.06122213
2596,0.01178892,0.25732875,1.00000000,-0.59457988,0.00219309
2597,0.02698791,0.18013783,1.00000000,-0.74229448,0.12229626
2598,0.00825989,0.15975629,1.00000000,-0.78129714,0.21090116
2599,-0.00823532,0.30731711,1.00000000,-0.49892083,0.06244322
2600,-0.00333853,0.12549447,1.00000000,-0.84686148,-0.02259445
2601,-0.00221826,-0.03465074,-1.00000000,-0.84731809,-0.09173895
2602,0.00858184,0.01289010,-1.00000000,-0.93829350,-0.18259805
2603,0.01744284,0.02376642,-1.00000000,-0.95910673,-0.13726768
2604,0.01349345,0.12862007,1.00000000,-0.84088024,-0.03000658
2605,0.02074413,0.21464793,1.00000000,-0.67625504,0.08887425
2606,-0.01265568,0.17630491,1.00000000,-0.74962927,0.03735134
2607,-0.02078721,0.24669883,1.00000000,-0.61492158,-0.10762494
2608,-0.01018477,-0.07756621,-1.00000000,-0.76519390,-0.24400488
2609,-0.01998821,-0.15651186,-1.00000000,-0.61412139,-0.40928255
2610,0.01584324,-0.05357715,-1.00000000,-0.81110000,-0.43347515
2611,-0.01304427,-0.14875477,-1.00000000,-0.62896557,-0.43539336
2612,0.00098137,0.19911807,1.00000000,-0.70597340,-0.32793576
2613,-0.00896035,-0.08133885,-1.00000000,-0.75797447,-0.32189160
2614,0.00039477,0.05483025,1.00000000,-0.98208642,-0.22127378
2615,-0.00542477,-0.04168980,-1.00000000,-0.83384795,-0.32626041
2616,0.00137811,0.04913522,1.00000000,-0.99298457,-0.25506632
2617,-0.02045500,-0.00736427,-1.00000000,-0.89953420,-0.36088406
2618,-0.00028471,0.05868203,1.00000000,-0.97471554,-0.31805793
2619,0.01243066,-0.15328667,-1.00000000,-0.62029321,-0.25864438
2620,-0.00789096,0.04253845,-1.00000000,-0.99502937,-0.27081842
2621,-0.01522663,0.16598674,1.00000000,-0.76937439,-0.35278545
2622,-0.00000198,-0.03130754,-1.00000000,-0.85371571,-0.25182186
2623,0.01126354,-0.10252652,-1.00000000,-0.71742918,-0.19481551
2624,0.00731839,0.04528335,-1.00000000,-1.00028208,-0.22005157
2625,-0.01636447,0.15465563,1.00000000,-0.79105791,-0.26187988
2626,0.01509018,0.11635376,1.00000000,-0.86435338,-0.11222506
2627,-0.00461845,-0.11357333,-1.00000000,-0.69628972,-0.13501364
2628,-0.01940345,0.19180692,1.00000000,-0.71996421,-0.28639704
2629,-0.00374557,0.00046394,-1.00000000,-0.91451448,-0.34101275
2630,0.00079265,-0.14307752,-1.00000000,-0.63982970,-0.25631894
2631,-0.01998707,0.00893839,-1.00000000,-0.93073141,-0.42947303
2632,0.01423931,0.05299812,1.00000000,-0.98559243,-0.33638427
2633,0.00720414,-0.14874369,-1.00000000,-0.62898678,-0.20503951
2634,0.00257253,0.18354614,1.00000000,-0.73577225,-0.17385107
2635,-0.00316884,0.11524464,1.00000000,-0.86647583,-0.19340647
2636,0.00569575,0.07027822,1.00000000,-0.95252476,-0.06662670
2637,0.01046000,0.01453757,-1.00000000,-0.94144614,-0.08528272
2638,-0.00666104,0.10060028,1.00000000,-0.89449965,-0.15372633
2639,-0.00155014,0.14685443,1.00000000,-0.80598649,-0.17407735
2640,0.00867192,-0.01936675,-1.00000000,-0.87656593,-0.11562704
2641,0.00282043,0.03025287,-1.00000000,-0.97151936,-0.12982069
2642,0.00129506,0.12949465,1.00000000,-0.83920663,-0.17506219
2643,-0.01214745,0.07268495,1.00000000,-0.94791918,-0.20214511
2644,0.01668557,0.05787576,1.00000000,-0.97625845,-0.11212699
2645,0.00088369,-0.07263206,-1.00000000,-0.77463602,-0.15057252
2646,0.00027901,0.20729591,1.00000000,-0.69032406,-0.16311789
2647,-0.00374138,0.05388193,1.00000000,-0.98390114,-0.18797960
2648,0.00640572,0.04801137,1.00000000,-0.99513520,-0.09639437
2649,-0.01886868,0.00897902,-1.00000000,-0.93080916,-0.27190310
2650,0.01705322,0.10749309,1.00000000,-0.88130939,-0.19208439
2651,0.01150819,-0.13788569,-1.00000000,-0.64976492,-0.13665310
2652,0.01531501,0.21086529,1.00000000,-0.68349361,-0.04258380
2653,-0.00357502,0.15703080,1.00000000,-0.78651271,-0.09185237
2654,-0.00086246,0.19398972,1.00000000,-0.71578714,-0.00296711
2655,-0.00718391,0.01059417,-1.00000000,-0.93389995,-0.12261042
2656,-0.01920017,0.03692931,-1.00000000,-0.98429557,-0.27419806
2657,0.00297745,-0.02444307,-1.00000000,-0.86685175,-0.33510074
2658,0.00699246,-0.14110403,-1.00000000,-0.64360624,-0.28293582
2659,0.01778888,0.07420945,1.00000000,-0.94500187,-0.19086604
2660,-0.00817221,0.11318947,1.00000000,-0.87040864,-0.19574463
2661,0.01222721,0.21800744,1.00000000,-0.66982620,-0.04060761
2662,-0.00014814,-0.03403802,-1.00000000,-0.84849059,-0.05603669
2663,0.00706208,0.16401153,1.00000000,-0.77315421,-0.05569300
2664,0.00676603,0.04386432,-1.00000000,-0.99756659,-0.11010579
2665,0.00206939,0.11386543,1.00000000,-0.86911511,-0.05954953
2666,-0.02435303,0.11099115,1.00000000,-0.87461542,-0.24012292
2667,0.01270298,0.06539345,1.00000000,-0.96187239,-0.17668513
2668,-0.00642894,-0.19113099,-1.00000000,-0.54787331,-0.24328175
2669,0.00029433,0.16863052,1.00000000,-0.76431518,-0.27522841
2670,0.00354126,-0.01711339,-1.00000000,-0.88087802,-0.26796272
2671,-0.01202894,0.04816008,1.00000000,-0.99485063,-0.20712651
2672,-0.00709996,0.07968324,1.00000000,-0.93452706,-0.30488100
2673,-0.01475785,-0.07148145,-1.00000000,-0.77683785,-0.34599550
2674,0.00448233,-0.02362800,-1.00000000,-0.86841150,-0.32532201
2675,0.00755703,-0.09797530,-1.00000000,-0.72613852,-0.30549874
2676,0.00829918,0.08881965,1.00000000,-0.91704339,-0.20515176
2677,-0.01115981,0.11867062,1.00000000,-0.85991977,-0.22519268
2678,-0.00631335,0.12587586,1.00000000,-0.84613163,-0.18350758
2679,-0.01358252,-0.06304345,-1.00000000,-0.79298504,-0.27268228
2680,0.00419102,-0.01599119,-1.00000000,-0.88302550,-0.28929809
2681,-0.00955819,-0.08656458,-1.00000000,-0.74797438,-0.37744855
2682,-0.00839307,0.08599149,1.00000000,-0.92245544,-0.36379093
2683,0.00577859,-0.04749395,-1.00000000,-0.82274097,-0.30410068
2684,0.01684112,-0.03618234,-1.00000000,-0.84438718,-0.15391850
2685,-0.00307884,0.10140455,1.00000000,-0.89296060,-0.18980520
2686,0.01605650,0.20880607,1.00000000,-0.68743418,-0.06336176
2687,-0.00556014,0.01541135,-1.00000000,-0.94311823,-0.04937738
2688,-0.00724065,0.20118854,1.00000000,-0.70201129,-0.11364511
2689,-0.00778904,-0.00867856,-1.00000000,-0.89701913,-0.23522857
2690,-0.03023936,-0.02499395,-1.00000000,-0.86579757,-0.36930278
2691,0.00207919,-0.03031806,-1.00000000,-0.85560921,-0.43829990
2692,-0.00899941,-0.24827895,-1.00000000,-0.43851344,-0.45527738
2693,0.01081197,0.06548853,1.00000000,-0.96169045,-0.36616305
2694,0.00896960,-0.04206899,-1.00000000,-0.83312232,-0.28343629
2695,-0.01667984,0.15027155,1.00000000,-0.79944740,-0.21650158
2696,0.00096736,0.13238470,1.00000000,-0.83367615,-0.22198994
2697,0.00572469,-0.11663518,-1.00000000,-0.69043047,-0.14930644
2698,0.00016783,0.05469429,1.00000000,-0.98234659,-0.20184982
2699,-0.00717890,0.10088121,1.00000000,-0.89396208,-0.28156469
2700,-0.00510304,0.04693193,1.00000000,-0.99720086,-0.22441737
2701,0.00185699,-0.02439444,-1.00000000,-0.86694482,-0.22002585
2702,0.00863747,-0.00424076,-1.00000000,-0.90551144,-0.20564733
2703,-0.00963793,0.06333130,1.00000000,-0.96581858,-0.25405210
2704,0.01443522,0.12916016,1.00000000,-0.83984672,-0.14735693
2705,0.01074790,-0.04826811,-1.00000000,-0.82125952,-0.06911094
2706,0.00478261,0.18544816,1.00000000,-0.73213249,-0.05466902
2707,0.00460119,0.14964946,1.00000000,-0.80063784,-0.07459355
2708,0.00572996,0.09173492,1.00000000,-0.91146465,0.00126794
2709,-0.00757741,0.08997361,1.00000000,-0.91483514,-0.10739444
2710,0.00592779,0.10093240,1.00000000,-0.89386411,-0.13118822
2711,-0.00194560,-0.02826344,-1.00000000,-0.85954099,-0.16440111
2712,-0.01416791,0.10285305,1.00000000,-0.89018869,-0.25705220
2713,-0.00061183,0.02641353,-1.00000000,-0.96417229,-0.28835761
2714,-0.00212062,-0.09224782,-1.00000000,-0.73709877,-0.26142087
2715,0.01186154,0.03936252,-1.00000000,-0.98895183,-0.23212972
2716,0.02386803,0.02471437,-1.00000000,-0.96092074,-0.10470426
2717,0.00221880,0.16046138,1.00000000,-0.77994787,-0.02381350
2718,-0.00958058,0.27702740,1.00000000,-0.55688402,-0.06808651
2719,-0.01783759,0.06684399,1.00000000,-0.95909660,-0.14567123
2720,-0.01686300,-0.04771137,-1.00000000,-0.82232492,-0.28746601
2721,-0.01068548,-0.12787530,-1.00000000,-0.66892108,-0.45803470
2722,0.01708245,-0.11841335,-1.00000000,-0.68702773,-0.38466230
2723,0.00709721,-0.05843838,-1.00000000,-0.80179743,-0.30233463
2724,0.00804183,0.21114908,1.00000000,-0.68295053,-0.17458437
2725,0.02715292,0.11420648,1.00000000,-0.86846247,0.04269425
2726,-0.01413256,0.12337739,1.00000000,-0.85091278,0.02567819
2727,0.01015871,0.30891912,1.00000000,-0.49585518,-0.00849996
2728,-0.02256969,-0.09190469,-1.00000000,-0.73775539,-0.15494660
2729,0.00416136,0.14392926,1.00000000,-0.81158418,-0.17410204
2730,0.00500670,-0.17381728,-1.00000000,-0.58100528,-0.28342383
2731,0.03801170,0.08570345,1.00000000,-0.92300663,-0.02602074
2732,-0.01751396,0.09391060,1.00000000,-0.90730121,-0.16262311
2733,0.01051041,0.41434255,1.00000000,-0.29411409,0.00067230
2734,-0.00401710,-0.12473331,-1.00000000,-0.67493368,-0.03969952
2735,-0.00090982,0.14734380,1.00000000,-0.80505002,-0.06890561
2736,0.02647102,0.00630222,-1.00000000,-0.92568676,-0.12587462
2737,-0.06641377,0.03646954,-1.00000000,-0.98341575,-0.36726188
2738,-0.03190887,0.30229881,1.00000000,-0.50852397,-0.57665888
2739,-0.00699714,-0.59948142,-1.00000000,0.23355697,-0.59136948
2740,0.03130192,-0.26448752,-1.00000000,-0.40749630,-0.43236060
2741,-0.00915992,-0.02262983,-1.00000000,-0.87032163,-0.60824790
2742,-0.05264564,0.34920007,1.00000000,-0.41877248,-0.54028341
2743,0.01981214,-0.04362734,-1.00000000,-0.83014022,-0.28496968
2744,-0.00726353,-0.46581234,-1.00000000,-0.02223575,-0.28628465
2745,-0.01127592,0.23765049,1.00000000,-0.63223673,-0.49646441
2746,0.02725559,-0.02521605,-1.00000000,-0.86537256,-0.31670418
2747,-0.05105782,-0.06417074,-1.00000000,-0.79082783,-0.30886612
2748,0.02024293,0.30991590,1.00000000,-0.49394772,-0.30673957
2749,0.02481389,-0.45039685,-1.00000000,-0.05173524,-0.14839373
2750,-0.01033394,0.24183288,1.00000000,-0.62423319,-0.14374374
2751,0.03781632,0.28621045,1.00000000,-0.53931110,-0.09161212
2752,-0.01704635,-0.05502538,-1.00000000,-0.80832864,0.07628088
2753,0.01396098,0.41244570,1.00000000,-0.29774395,0.04527089
2754,0.01022091,-0.12019349,-1.00000000,-0.68362120,-0.02676541
2755,-0.00238204,0.18084402,1.00000000,-0.74094311,0.01248804
2756,0.03583702,0.14453314,1.00000000,-0.81042857,0.00271748
2757,0.01534203,0.02217630,-1.00000000,-0.95606381,0.16259834
2758,0.02375190,0.39322947,1.00000000,-0.33451665,0.21092988
2759,0.03626291,0.19425201,1.00000000,-0.71528521,0.33948268
2760,0.01638766,0.27590002,1.00000000,-0.55904141,0.43213675
2761,-0.02613119,0.39736422,1.00000000,-0.32660427,0.12623907
2762,-0.02942282,0.20440358,1.00000000,-0.69585890,-0.09473655
2763,-0.01008600,-0.20839445,-1.00000000,-0.51483749,-0.26177277
2764,0.00995266,-0.24035152,-1.00000000,-0.45368358,-0.39164976
2765,0.01842302,-0.05261830,-1.00000000,-0.81293489,-0.38160246
2766,0.00173573,0.14192880,1.00000000,-0.81541230,-0.24404118
2767,0.00913133,0.22416409,1.00000000,-0.65804465,-0.05372383
2768,-0.01153092,0.06215405,1.00000000,-0.96807140,-0.06085647
2769,0.00912689,0.13395490,1.00000000,-0.83067137,-0.06493276
2770,0.00330997,-0.06664640,-1.00000000,-0.78609033,-0.13953626
2771,-0.00573665,0.13391177,1.00000000,-0.83075392,-0.17642264
2772,0.01036755,0.07743774,1.00000000,-0.93882413,-0.17032020
2773,-0.02025540,-0.01039218,-1.00000000,-0.89373990,-0.21338739
2774,0.00752065,0.14595686,1.00000000,-0.80770411,-0.22131636
2775,0.00577321,-0.15134875,-1.00000000,-0.62400166,-0.20915692
2776,-0.00939343,0.11831747,1.00000000,-0.86059557,-0.22720814
2777,-0.02334061,0.10135230,1.00000000,-0.89306058,-0.39360391
2778,-0.00569215,-0.04589439,-1.00000000,-0.82580193,-0.32171444
2779,-0.00383833,-0.18130184,-1.00000000,-0.56668263,-0.37778653
2780,-0.01494443,-0.00996021,-1.00000000,-0.89456654,-0.48005633
2781,-0.00590768,0.00803775,-1.00000000,-0.92900792,-0.46284937
2782,-0.00730319,-0.09978672,-1.00000000,-0.72267214,-0.38368281
2783,-0.00793076,-0.01205263,-1.00000000,-0.89056242,-0.39473341
2784,-0.00729607,-0.02560109,-1.00000000,-0.86463573,-0.41180204
2785,0.00363101,-0.03169396,-1.00000000,-0.85297625,-0.32010692
2786,0.00220874,-0.02553196,-1.00000000,-0.86476803,-0.28004134
2787,0.00415765,0.08055455,1.00000000,-0.93285970,-0.22346645
2788,0.00885434,0.06674631,1.00000000,-0.95928353,-0.14060908
2789,-0.02949077,0.08566750,1.00000000,-0.92307542,-0.25017021
2790,0.01179860,0.13126569,1.00000000,-0.83581752,-0.20985201
2791,0.00285975,-0.24101118,-1.00000000,-0.45242124,-0.20663841
2792,-0.01860091,0.15985032,1.00000000,-0.78111721,-0.31898297
2793,0.01748739,0.07306666,1.00000000,-0.94718874,-0.27636707
2794,0.00685187,-0.13528605,-1.00000000,-0.65473968,-0.09696656
2795,0.01934529,0.21508047,1.00000000,-0.67542732,-0.05971337
2796,0.01035625,0.11182457,1.00000000,-0.87302056,-0.02270789
2797,0.00058071,0.23311798,1.00000000,-0.64091027,0.07197957
2798,-0.00012415,0.14584715,1.00000000,-0.80791405,-0.01495744
2799,0.01957904,0.05094040,1.00000000,-0.98953013,0.04786850
2800,0.02578949,0.04409721,-1.00000000,-0.99801227,0.07967944
2801,-0.00243219,0.23538742,1.00000000,-0.63656740,0.01655102
2802,-0.00267376,0.29568211,1.00000000,-0.52118586,0.00048580
2803,-0.00626596,0.02168938,-1.00000000,-0.95513204,-0.02983240
2804,-0.01181355,0.01934415,-1.00000000,-0.95064414,-0.18479765
2805,-0.00205640,-0.01553106,-1.00000000,-0.88390600,-0.32225512
2806,-0.00773589,-0.06939031,-1.00000000,-0.78083952,-0.34843609
2807,-0.02000278,0.02533779,-1.00000000,-0.96211374,-0.43397848
2808,0.02608314,-0.02980202,-1.00000000,-0.85659672,-0.27429154
2809,-0.01243861,-0.14889625,-1.00000000,-0.62869484,-0.27737710
2810,0.00867213,0.29853303,1.00000000,-0.51573027,-0.22441717
2811,-0.00634253,-0.07545882,-1.00000000,-0.76922665,-0.21753903
2812,-0.01209637,0.12949667,1.00000000,-0.83920277,-0.17851011
2813,0.01342061,-0.01627444,-1.00000000,-0.88248347,-0.24101694
2814,0.02632270,-0.07213615,-1.00000000,-0.77558499,-0.04967700
2815,0.01720630,0.17559779,1.00000000,-0.75098243,-0.00754920
2816,-0.00572939,0.30085878,1.00000000,-0.51127965,-0.00452250
2817,-0.01091829,0.21235147,1.00000000,-0.68064960,0.00129296
2818,0.00016999,-0.01032169,-1.00000000,-0.89387481,-0.06411694
2819,-0.00984519,-0.06069859,-1.00000000,-0.79747222,-0.24265477
2820,-0.01074406,0.04695295,1.00000000,-0.99716063,-0.38062794
2821,0.00413846,-0.05028030,-1.00000000,-0.81740894,-0.33191668
2822,0.01653987,-0.05900710,-1.00000000,-0.80070910,-0.19637323
2823,-0.02088450,0.08548113,1.00000000,-0.92343207,-0.30030587
2824,0.01489576,0.20588133,1.00000000,-0.69303104,-0.17817553
2825,-0.01212864,-0.15745646,-1.00000000,-0.61231379,-0.18501031
2826,-0.00083100,0.18991941,1.00000000,-0.72357620,-0.20954134
2827,0.01982293,-0.07244940,-1.00000000,-0.77498556,-0.19333497
2828,0.00195288,0.03723476,-1.00000000,-0.98488008,-0.08060134
2829,-0.00765542,0.23775520,1.00000000,-0.63203635,-0.19192219
2830,0.02134229,0.06426228,1.00000000,-0.96403703,-0.02669749
2831,0.01428092,-0.02902076,-1.00000000,-0.85809176,0.04790046
2832,-0.04572697,0.25250611,1.00000000,-0.60380862,-0.27567770
2833,-0.00550700,0.18395018,1.00000000,-0.73499907,-0.31250237
2834,0.00648369,-0.39864177,-1.00000000,-0.15077514,-0.24270656
2835,-0.02352120,-0.00816261,-1.00000000,-0.89800648,-0.46416912
2836,-0.02190512,0.10825008,1.00000000,-0.87986080,-0.64279663
2837,0.00668407,-0.18305514,-1.00000000,-0.56332747,-0.38407664
2838,0.00751912,-0.16736527,-1.00000000,-0.59335202,-0.31977497
2839,0.00933822,0.11019547,1.00000000,-0.87613805,-0.30568398
2840,-0.00097765,0.11830264,1.00000000,-0.86062395,-0.19440077
2841,-0.00511707,0.13596351,1.00000000,-0.82682765,-0.11152881
2842,-0.00555728,0.03581100,-1.00000000,-0.98215554,-0.17195657
2843,-0.00720561,-0.00437694,-1.00000000,-0.90525084,-0.24464321
2844,0.02249372,-0.00865077,-1.00000000,-0.89707233,-0.17970290
2845,0.01747375,-0.02465371,-1.00000000,-0.86644866,-0.08862007
2846,-0.01350712,0.26368479,1.00000000,-0.58241680,-0.13003641
2847,0.02257021,0.21494804,1.00000000,-0.67568075,0.00881113
2848,0.02056752,-0.08583247,-1.00000000,-0.74937535,0.14590941
2849,-0.00570661,0.26442747,1.00000000,-0.58099558,0.00670235
2850,-0.00810921,0.24498418,1.00000000,-0.61820279,-0.11958445
2851,-0.01833853,-0.01010054,-1.00000000,-0.89429800,-0.14343405
2852,-0.00548804,-0.03342639,-1.00000000,-0.84966104,-0.28193980
2853,-0.00749175,-0.13273864,-1.00000000,-0.65961446,-0.42045058
2854,-0.00288239,-0.00797856,-1.00000000,-0.89835868,-0.40650920
2855,0.03050396,-0.02743174,-1.00000000,-0.86113256,-0.21590054
2856,0.00965830,0.01731865,-1.00000000,-0.94676809,-0.07769799
2857,0.00823908,0.34145299,1.00000000,-0.43359750,-0.00993594
2858,0.00429182,0.13907106,1.00000000,-0.82088096,0.04823203
2859,0.01085125,0.12529239,1.00000000,-0.84724818,0.11602629
2860,0.01705924,0.08697005,1.00000000,-0.92058284,0.04965824
2861,-0.01866035,0.15065293,1.00000000,-0.79871758,-0.09013295
2862,0.00964658,0.21092371,1.00000000,-0.68338182,-0.08318502
2863,-0.00303710,-0.13586312,-1.00000000,-0.65363537,-0.11936321
2864,-0.00601416,0.13895724,1.00000000,-0.82109876,-0.20261703
2865,-0.01565329,0.01581663,-1.00000000,-0.94389379,-0.36409801
2866,0.01010193,-0.01308644,-1.00000000,-0.88858410,-0.22211692
2867,0.01618240,-0.10666882,-1.00000000,-0.70950236,-0.18985375
2868,0.00430408,0.14337802,1.00000000,-0.81263905,-0.15361501
2869,0.03784988,0.20241081,1.00000000,-0.69967233,0.06291387
2870,-0.00762348,0.08708914,1.00000000,-0.92035495,0.10255193
2871,0.01895345,0.41277149,1.00000000,-0.29712051,0.14624628
2872,0.00223639,-0.02871071,-1.00000000,-0.85868508,0.07740372
2873,-0.01287378,0.22931382,1.00000000,-0.64818999,-0.00739248
2874,0.01362136,0.06701477,1.00000000,-0.95876978,-0.12699330
2875,-0.00518874,-0.07968369,-1.00000000,-0.76114184,-0.11497450
2876,-0.00339468,0.17754671,1.00000000,-0.74725292,-0.22529304
2877,0.00417694,-0.00507275,-1.00000000,-0.90391931,-0.21571379
2878,-0.00748550,0.01234497,-1.00000000,-0.93725032,-0.18911530
2879,0.00810053,0.08585474,1.00000000,-0.92271712,-0.21636809
2880,0.00269634,-0.02737112,-1.00000000,-0.86124855,-0.17744447
2881,-0.01334778,0.12394731,1.00000000,-0.84982216,-0.22657659
2882,-0.00057652,0.07148024,1.00000000,-0.95022455,-0.25004138
2883,-0.00226328,-0.08428558,-1.00000000,-0.75233553,-0.22426256
2884,-0.00277881,0.03970538,-1.00000000,-0.98960794,-0.27796698
2885,-0.02542785,0.02332934,-1.00000000,-0.95827031,-0.41679825
2886,0.04191400,0.01832422,-1.00000000,-0.94869238,-0.14400594
2887,-0.00439024,-0.20156601,-1.00000000,-0.52790456,-0.16283185
2888,0.01084691,0.45222839,1.00000000,-0.22161474,-0.09811520
2889,0.00117114,0.00267956,-1.00000000,-0.91875434,-0.07861679
2890,-0.00593527,0.15061074,1.00000000,-0.79879832,0.01760569
2891,-0.01568981,0.05667269,1.00000000,-0.97856067,-0.26674770
2892,-0.00365406,-0.01232057,-1.00000000,-0.89004968,-0.26311366
2893,-0.01478293,-0.10702331,-1.00000000,-0.70882400,-0.38963188
2894,0.00849593,0.00982680,-1.00000000,-0.93243150,-0.35347405
2895,0.00372339,-0.09821884,-1.00000000,-0.72567247,-0.30579538
2896,-0.00594959,0.12778608,1.00000000,-0.84247620,-0.25771410
2897,0.00502078,0.08145139,1.00000000,-0.93114349,-0.21489194
2898,-0.02147457,-0.01245952,-1.00000000,-0.88978380,-0.24792433
2899,0.00187862,0.09404724,1.00000000,-0.90703974,-0.28058980
2900,0.00332327,-0.16318525,-1.00000000,-0.60135102,-0.28256494
2901,-0.00102547,0.06354131,1.00000000,-0.96541670,-0.25825770
2902,-0.01137014,0.07756679,1.00000000,-0.93857717,-0.33916924
2903,0.00940457,0.03534672,-1.00000000,-0.98126708,-0.18673855
2904,-0.01036666,-0.06508544,-1.00000000,-0.78907742,-0.24718573
2905,-0.00374668,0.13660763,1.00000000,-0.82559504,-0.28208556
2906,0.00573106,-0.05534310,-1.00000000,-0.80772063,-0.24873286
2907,-0.00045787,0.00892759,-1.00000000,-0.93071073,-0.19486594
2908,-0.01087881,0.10094310,1.00000000,-0.89384364,-0.29499206
2909,-0.00044639,0.04085726,-1.00000000,-0.99181220,-0.24602196
2910,0.02361595,-0.06031530,-1.00000000,-0.79820569,-0.11095006
2911,-0.00770626,0.04096878,-1.00000000,-0.99202562,-0.17728157
2912,0.03161605,0.27458010,1.00000000,-0.56156724,-0.01895303
2913,0.01410939,-0.02951432,-1.00000000,-0.85714727,0.10439783
2914,0.00876759,0.35224974,1.00000000,-0.41293656,0.14988136
2915,-0.00884960,0.18228486,1.00000000,-0.73818587,-0.01038043
2916,-0.00371309,0.13042345,1.00000000,-0.83742925,0.00933130
2917,0.00133917,-0.04061458,-1.00000000,-0.83590551,-0.14012639
2918,-0.01425721,0.00925370,-1.00000000,-0.93133479,-0.28015429
2919,-0.00490510,0.05830398,1.00000000,-0.97543898,-0.34764767
2920,-0.01683639,-0.09311485,-1.00000000,-0.73543961,-0.38707339
2921,0.01270145,-0.00231908,-1.00000000,-0.90918880,-0.30604525
2922,-0.00819659,-0.11815506,-1.00000000,-0.68752198,-0.35311719
2923,-0.00238439,0.16861571,1.00000000,-0.76434353,-0.29450862
2924,-0.00903070,-0.03427472,-1.00000000,-0.84803765,-0.31487406
2925,-0.01852754,0.02215351,-1.00000000,-0.95602020,-0.32322217
2926,-0.00974825,-0.04237279,-1.00000000,-0.83254096,-0.43404204
2927,-0.01444889,-0.13457371,-1.00000000,-0.65610282,-0.46490567
2928,0.00525970,-0.04933914,-1.00000000,-0.81920996,-0.42717165
2929,0.00410648,-0.09497572,-1.00000000,-0.73187859,-0.36232174
2930,0.00071591,0.09636685,1.00000000,-0.90260087,-0.26732903
2931,-0.01574780,0.08517070,1.00000000,-0.92402612,-0.29694502
2932,-0.00114273,0.05225308,1.00000000,-0.98701815,-0.23126101
2933,-0.01625843,-0.10758635,-1.00000000,-0.70774655,-0.33748232
2934,-0.01895878,0.03420824,-1.00000000,-0.97908846,-0.45134087
2935,-0.00110405,-0.11254381,-1.00000000,-0.69825983,-0.46032485
2936,-0.00268640,-0.13876046,-1.00000000,-0.64809095,-0.39584905
2937,-0.00446102,0.03458383,-1.00000000,-0.97980720,-0.41222933
2938,-0.00647296,0.01922136,-1.00000000,-0.95040918,-0.36392469
2939,-0.00085092,0.00199233,-1.00000000,-0.91743925,-0.27453769
2940,-0.00875130,-0.01754071,-1.00000000,-0.88006029,-0.31228730
2941,0.01150665,0.03704132,-1.00000000,-0.98450991,-0.24222520
2942,0.00638003,-0.03966017,-1.00000000,-0.83773191,-0.18870982
2943,-0.00148318,0.15701593,1.00000000,-0.78654117,-0.16407845
2944,-0.00241118,0.10724364,1.00000000,-0.88178675,-0.17178044
2945,0.04311949,0.03090301,-1.00000000,-0.97276349,0.08427264
2946,0.01317253,0.02189343,-1.00000000,-0.95552251,0.09249602
2947,0.00165147,0.46393194,1.00000000,-0.19921850,0.06915413
2948,0.01587359,0.17318926,1.00000000,-0.75559145,0.15483345
2949,-0.01198633,0.06133601,1.00000000,-0.96963682,0.10756703
2950,0.01845139,0.19941272,1.00000000,-0.70540954,-0.01420369
2951,-0.00938895,-0.07106777,-1.00000000,-0.77762948,-0.12557539
2952,0.00512930,0.22443954,1.00000000,-0.65751756,-0.10840758
2953,0.00368234,-0.04585092,-1.00000000,-0.82588512,-0.16858802
2954,0.00782157,0.09510078,1.00000000,-0.90502366,-0.07080902
2955,-0.01213959,0.08105291,1.00000000,-0.93190604,-0.22181724
2956,0.00641652,0.12123898,1.00000000,-0.85500489,-0.14379566
2957,0.00417969,-0.07255573,-1.00000000,-0.77478209,-0.14848325
2958,-0.00846519,0.10759794,1.00000000,-0.88110875,-0.20844791
2959,0.00716094,0.08588146,1.00000000,-0.92266599,-0.21170902
2960,-0.01639556,-0.03688252,-1.00000000,-0.84304729,-0.23271805
2961,-0.00446102,0.11482521,1.00000000,-0.86727846,-0.28641358
2962,-0.01072418,-0.11387523,-1.00000000,-0.69571200,-0.35998451
2963,0.00272821,0.00199234,-1.00000000,-0.91743925,-0.30472978
2964,0.02231873,-0.05881410,-1.00000000,-0.80107844,-0.22990541
2965,0.01605377,0.07178966,1.00000000,-0.94963244,-0.06972370
2966,0.00804542,0.26198595,1.00000000,-0.58566774,-0.00798736
2967,0.00610790,0.20116198,1.00000000,-0.70206211,0.07510193
2968,-0.00384780,0.12341221,1.00000000,-0.85084614,0.04264035
2969,0.01587187,0.10460166,1.00000000,-0.88684251,0.01081629
2970,0.00119910,0.00794588,-1.00000000,-0.92883211,-0.06251177
2971,-0.01136926,0.19939604,1.00000000,-0.70544147,-0.15834967
2972,0.00718195,0.05694410,1.00000000,-0.97804130,-0.15304776
2973,0.00108607,-0.06507687,-1.00000000,-0.78909384,-0.12869238
2974,0.01265633,0.11502917,1.00000000,-0.86688815,-0.14456547
2975,0.00428305,0.05584680,1.00000000,-0.98014113,-0.12934198
2976,0.00418708,0.16817766,1.00000000,-0.76518179,-0.05255026
2977,0.00566048,0.08688489,1.00000000,-0.92074581,-0.06006077
2978,0.00265643,0.08595317,1.00000000,-0.92252877,-0.05230891
2979,0.00173390,0.10025787,1.00000000,-0.89515490,-0.10622600
2980,0.00167218,0.07109275,1.00000000,-0.95096605,-0.11911417
2981,0.00640706,0.06213629,1.00000000,-0.96810538,-0.10815551
2982,0.00519766,0.06153709,1.00000000,-0.96925202,-0.11044016
2983,-0.00194892,0.10750610,1.00000000,-0.88128449,-0.13317385
2984,-0.01961334,0.09576453,1.00000000,-0.90375348,-0.23855159
2985,-0.01321615,0.02638131,-1.00000000,-0.96411064,-0.31204583
2986,0.00452625,-0.14511528,-1.00000000,-0.63593020,-0.32133022
2987,0.00784786,-0.08300761,-1.00000000,-0.75478109,-0.30824788
2988,0.00223256,0.08924603,1.00000000,-0.91622747,-0.28760658
2989,-0.01087562,0.12149421,1.00000000,-0.85451648,-0.24447404
2990,0.00779285,0.06697758,1.00000000,-0.95884096,-0.14076596
2991,-0.00336947,-0.06028440,-1.00000000,-0.79826482,-0.17974211
2992,0.00690435,0.12096014,1.00000000,-0.85553849,-0.18439960
2993,0.00401030,0.01258972,-1.00000000,-0.93771869,-0.17562405
2994,0.01316022,0.11233409,1.00000000,-0.87204553,-0.05697435
2995,-0.00351089,0.08423688,1.00000000,-0.92581310,-0.11277372
2996,-0.00035062,0.17306976,1.00000000,-0.75582014,-0.09787156
2997,0.01882865,0.01121680,-1.00000000,-0.93509143,-0.03900890
2998,-0.00502464,0.04189853,-1.00000000,-0.99380481,-0.08360866
2999,0.00496914,0.22810216,1.00000000,-0.65050868,-0.12404282
3000,-0.00227777,-0.00347965,-1.00000000,-0.90696792,-0.11795572
3001,-0.00980316,0.09354591,1.00000000,-0.90799909,-0.16461692
3002,0.01129405,0.02318859,-1.00000000,-0.95800097,-0.20181046
3003,-0.01160901,-0.04987232,-1.00000000,-0.81818966,-0.23431328
3004,-0.03028656,0.15495181,1.00000000,-0.79049113,-0.40834824
3005,0.00667108,-0.06740453,-1.00000000,-0.78463955,-0.36417344
3006,0.00504211,-0.24873714,-1.00000000,-0.43763664,-0.29089179
3007,0.01593022,0.11006932,1.00000000,-0.87637946,-0.26800596
3008,-0.01174384,0.09425430,1.00000000,-0.90664351,-0.26867155
3009,-0.01738783,0.19996249,1.00000000,-0.70435749,-0.20499874
3010,0.02474389,-0.06871360,-1.00000000,-0.78213449,-0.11578477
3011,0.00303155,-0.12350871,-1.00000000,-0.67727709,-0.12570961
3012,0.00849527,0.28553080,1.00000000,-0.54061168,-0.16241121
3013,0.00161270,0.07473461,1.00000000,-0.94399689,-0.09647846
3014,0.00109586,0.12777967,1.00000000,-0.84248846,-0.00523626
3015,-0.00907601,0.06095956,1.00000000,-0.97035720,-0.17218359
3016,-0.00251438,0.05594177,1.00000000,-0.97995938,-0.19956033
3017,0.00156329,-0.04281265,-1.00000000,-0.83169923,-0.23377914
3018,0.00403439,0.02089144,-1.00000000,-0.95360507,-0.22182479
3019,0.00874074,0.06047987,1.00000000,-0.97127516,-0.18408687
3020,0.00639860,0.08447076,1.00000000,-0.92536554,-0.10769856
3021,-0.00004009,0.13016279,1.00000000,-0.83792805,-0.09548453
3022,0.01895164,0.10742396,1.00000000,-0.88144168,-0.00964930
3023,0.01420309,0.04491337,-1.00000000,-0.99957409,0.04054712
3024,0.00724354,0.22929619,1.00000000,-0.64822373,0.03315638
3025,-0.00583482,0.18319452,1.00000000,-0.73644512,-0.02723224
3026,-0.00377723,0.11562707,1.00000000,-0.86574400,-0.04568015
3027,0.01524961,-0.01134528,-1.00000000,-0.89191603,-0.06395468
3028,0.03959599,0.00863096,-1.00000000,-0.93014310,0.06139394
3029,0.00084008,0.19335478,1.00000000,-0.71700219,0.02978414
3030,0.00295350,0.42972378,1.00000000,-0.26468016,0.07316649
3031,0.01787326,0.05345852,1.00000000,-0.98471139,0.18004118
3032,-0.01604687,0.07397691,1.00000000,-0.94544686,0.02555035
3033,0.01858486,0.21882665,1.00000000,-0.66825853,-0.07816826
3034,0.00040233,-0.11048990,-1.00000000,-0.70219024,-0.08032913
3035,0.00112560,0.22573533,1.00000000,-0.65503790,-0.08935234
3036,-0.00862375,0.04920863,1.00000000,-0.99284410,-0.22015119
3037,0.01755071,0.05623052,1.00000000,-0.97940682,-0.05430130
3038,-0.02547444,-0.03842184,-1.00000000,-0.84010160,-0.27179406
3039,-0.02385136,0.21569518,1.00000000,-0.67425100,-0.39151913
3040,-0.00061779,-0.20201830,-1.00000000,-0.52703905,-0.40012513
3041,0.00432900,-0.18626052,-1.00000000,-0.55719357,-0.33618564
3042,-0.01912618,0.03930468,-1.00000000,-0.98884114,-0.51723612
3043,0.00211551,0.08733107,1.00000000,-0.91989199,-0.38104207
3044,0.00648981,-0.14038565,-1.00000000,-0.64498095,-0.23126700
3045,0.01739367,0.06584120,1.00000000,-0.96101557,-0.14235587
3046,-0.00663315,0.10830943,1.00000000,-0.87974723,-0.19646907
3047,0.00109830,0.21417054,1.00000000,-0.67716858,-0.09663365
3048,-0.00505574,-0.01909600,-1.00000000,-0.87708405,-0.13203358
3049,0.00259200,0.05596555,1.00000000,-0.97991387,-0.15127460
3050,-0.00438896,-0.00378159,-1.00000000,-0.90639012,-0.25880158
3051,0.01152917,0.07046718,1.00000000,-0.95216317,-0.16914576
3052,0.01142680,0.00269197,-1.00000000,-0.91877809,-0.11816054
3053,0.01044465,0.15723449,1.00000000,-0.78612294,-0.04164495
3054,-0.00419454,0.15624067,1.00000000,-0.78802473,-0.07514575
3055,-0.01399903,0.14670537,1.00000000,-0.80627173,-0.12258457
3056,-0.00314417,0.00457951,-1.00000000,-0.92239014,-0.19501751
3057,0.00920333,-0.09060828,-1.00000000,-0.74023624,-0.20599338
3058,-0.00570026,0.01477709,-1.00000000,-0.94190451,-0.28569053
3059,0.01400184,0.13465388,1.00000000,-0.82933378,-0.19586659
3060,0.00502175,-0.01003890,-1.00000000,-0.89441595,-0.10197308
3061,-0.00203277,0.18124065,1.00000000,-0.74018410,-0.09648681
3062,-0.01036665,0.09405668,1.00000000,-0.90702168,-0.19309133
3063,-0.00357999,0.02556720,-1.00000000,-0.96255273,-0.18262491
3064,0.02111519,-0.05534294,-1.00000000,-0.80772093,-0.14751080
3065,-0.00088237,0.01054593,-1.00000000,-0.93380763,-0.17665570
3066,0.01560221,0.25030128,1.00000000,-0.60802785,-0.08960298
3067,0.00159560,0.03673599,-1.00000000,-0.98392563,-0.03055298
3068,0.01376311,0.19677802,1.00000000,-0.71045137,0.05505888
