seq_idx,target_return,feat_logret,feat_sign,feat_absret,feat_rollmean
0,0.01012154,0.05368910,-1.00000000,-0.91083470,0.24303991
1,-0.00008752,0.24946627,1.00000000,-0.73451299,0.26602458
2,0.00007844,0.23040799,1.00000000,-0.76907463,0.22813487
3,-0.00267222,0.10186120,-1.00000000,-0.99819341,0.23728610
4,0.00454926,0.10395094,1.00000000,-0.99840082,0.18503802
5,0.00045757,0.06931619,-1.00000000,-0.93917397,0.11378016
6,0.00235628,0.16024496,1.00000000,-0.89631326,0.13179971
7,0.00010719,0.10872469,1.00000000,-0.98974376,0.13201170
8,-0.00111761,0.13263224,1.00000000,-0.94638813,0.14347468
9,-0.00182138,0.10431295,1.00000000,-0.99774434,0.09650042
10,0.00477984,0.08889091,-1.00000000,-0.97467216,0.12837096
11,-0.00231865,0.08002950,-1.00000000,-0.95860225,0.09390010
12,0.00533721,0.16314833,1.00000000,-0.89104808,0.13246391
13,-0.00217887,0.07376817,-1.00000000,-0.94724751,0.12463864
14,-0.00347133,0.17016634,1.00000000,-0.87832112,0.11247264
15,0.00720822,0.07552810,-1.00000000,-0.95043910,0.13037846
16,0.00844670,0.05925427,-1.00000000,-0.92092697,0.20975736
17,0.00789668,0.19372515,1.00000000,-0.83559789,0.22862979
18,0.00346284,0.20931934,1.00000000,-0.80731828,0.27022928
19,-0.00106295,0.20239379,1.00000000,-0.81987757,0.28798759
20,-0.00451271,0.14656537,1.00000000,-0.92112080,0.20156259
21,-0.00058553,0.08957920,-1.00000000,-0.97592036,0.13496294
22,-0.00241654,0.04614172,-1.00000000,-0.89714775,0.05891781
23,-0.00450399,0.09559063,-1.00000000,-0.98682190,0.00017394
24,0.00441638,0.07253551,-1.00000000,-0.94501211,0.04057605
25,0.00006082,0.04625154,-1.00000000,-0.89734690,0.07429930
26,-0.00232730,0.15857178,1.00000000,-0.89934751,0.06145624
27,-0.00942240,0.10372913,1.00000000,-0.99880307,0.00979812
28,-0.00902605,0.07365921,-1.00000000,-0.94704991,-0.02354557
29,-0.00105225,-0.01567834,-1.00000000,-0.78503885,-0.06386881
30,0.00574988,-0.01068773,-1.00000000,-0.79408918,-0.02192023
31,-0.00010287,0.08971389,-1.00000000,-0.97616462,-0.00551827
32,0.00143503,0.17536253,1.00000000,-0.86889798,0.07453965
33,0.00363341,0.10166797,-1.00000000,-0.99784299,0.16788492
34,0.00382084,0.12103236,1.00000000,-0.96742417,0.20381692
35,-0.00127252,0.14871308,1.00000000,-0.91722598,0.15203686
36,-0.00634464,0.15107308,1.00000000,-0.91294619,0.10601282
37,-0.00130081,0.08694045,-1.00000000,-0.97113506,0.08583995
38,-0.01756972,0.02307514,-1.00000000,-0.85531716,-0.07050255
39,0.00460665,0.08658420,-1.00000000,-0.97048901,-0.06470831
40,-0.00309221,-0.11826478,-1.00000000,-0.59900131,-0.07812595
41,-0.00001621,0.16096759,1.00000000,-0.89500278,-0.03146294
42,-0.00481800,0.06402785,-1.00000000,-0.92958372,-0.05739717
43,-0.00594645,0.10275911,-1.00000000,-0.99982173,0.02830770
44,0.00251907,0.04229768,-1.00000000,-0.89017669,0.01291483
45,0.00515379,0.02808892,-1.00000000,-0.86440951,0.07371722
46,-0.00084448,0.13468199,1.00000000,-0.94267096,0.06760992
47,0.01001230,0.16785690,1.00000000,-0.88250921,0.17696203
48,0.00169295,0.09233000,-1.00000000,-0.98090885,0.23329155
49,0.01384042,0.22903252,1.00000000,-0.77156900,0.31677016
50,0.00834014,0.12427989,1.00000000,-0.96153487,0.34026488
51,0.00409045,0.27723403,1.00000000,-0.68415696,0.37665286
52,-0.00767381,0.20797761,1.00000000,-0.80975148,0.24624327
53,0.00118402,0.15446784,1.00000000,-0.90678989,0.24249070
54,-0.00081172,0.00633892,-1.00000000,-0.82496652,0.13445231
55,0.00245866,0.11787181,1.00000000,-0.97315573,0.09108487
56,-0.00294053,0.09274254,-1.00000000,-0.98165698,0.03924160
57,0.01005683,0.13392131,1.00000000,-0.94405044,0.16997950
58,-0.00062132,0.06593782,-1.00000000,-0.93304740,0.15666770
59,-0.00166175,0.22959316,1.00000000,-0.77055230,0.15039999
60,-0.01189294,0.09513996,-1.00000000,-0.98600463,0.04457768
61,0.00765627,0.08203950,-1.00000000,-0.96224732,0.12271378
62,0.00372695,-0.04678589,-1.00000000,-0.72862621,0.07604004
63,-0.00405832,0.19936673,1.00000000,-0.82536705,0.05069714
64,0.00390308,0.14989087,1.00000000,-0.91509010,0.09172971
65,-0.00007506,0.05186322,-1.00000000,-0.90752351,0.17886947
66,0.00455853,0.15210866,1.00000000,-0.91106819,0.15602812
67,-0.00685157,0.10201809,-1.00000000,-0.99847792,0.07802683
68,-0.00065727,0.16036176,1.00000000,-0.89610144,0.10310468
69,0.00103397,0.01669217,-1.00000000,-0.84374183,0.08194911
70,-0.00467890,0.09468734,-1.00000000,-0.98518382,0.04800249
71,0.00059892,0.11598241,1.00000000,-0.97658211,0.01880605
72,0.00280690,0.04404923,-1.00000000,-0.89335308,0.09002333
73,-0.00484893,0.11050454,1.00000000,-0.98651607,0.05911582
74,0.00346720,0.13830617,1.00000000,-0.93609861,0.07705741
75,0.00073131,0.04190822,-1.00000000,-0.88947040,0.11694988
76,0.00446632,0.14662032,1.00000000,-0.92102114,0.14546637
77,0.00252030,0.11217151,1.00000000,-0.98349307,0.14335309
78,0.00967564,0.15920064,1.00000000,-0.89820710,0.25045089
79,0.00481845,0.13469743,1.00000000,-0.94264296,0.26041436
80,-0.00620722,0.22479350,1.00000000,-0.77925634,0.20925273
81,-0.00258819,0.16363442,1.00000000,-0.89016657,0.15723590
82,-0.00066675,0.02480549,-1.00000000,-0.85845510,0.13373599
83,-0.00101335,0.07037423,-1.00000000,-0.94109270,0.05492010
84,0.00040958,0.09456786,-1.00000000,-0.98496714,0.02241110
85,0.00292437,0.09020376,-1.00000000,-0.97705297,0.08974336
86,-0.00304330,0.10812051,1.00000000,-0.99083943,0.08638759
87,0.00854707,0.13978525,1.00000000,-0.93341635,0.15432623
88,0.00058016,0.06464376,-1.00000000,-0.93070065,0.16607608
89,-0.00725307,0.21058309,1.00000000,-0.80502650,0.10957508
90,-0.00622804,0.11026837,1.00000000,-0.98694436,0.04208925
91,0.00101279,0.01163672,-1.00000000,-0.83457392,0.07199705
92,-0.00054659,0.02454325,-1.00000000,-0.85797955,0.00494444
93,0.00364120,0.11571573,1.00000000,-0.97706573,0.02751517
94,0.00096456,0.09608087,-1.00000000,-0.98771095,0.08810832
95,0.01274029,0.14881121,1.00000000,-0.91704802,0.22797241
96,-0.00230691,0.11510846,1.00000000,-0.97816698,0.20349444
97,0.00013698,0.26338182,1.00000000,-0.70927755,0.20853481
98,-0.00076555,0.07391598,-1.00000000,-0.94751555,0.17604139
99,0.00375115,0.10468804,1.00000000,-0.99706412,0.19658847
100,0.00297923,0.09332392,-1.00000000,-0.98271130,0.12461477
101,-0.00173475,0.15019562,1.00000000,-0.91453744,0.12883363
102,-0.00466067,0.14047611,1.00000000,-0.93216350,0.09345790
103,-0.00639403,0.08112031,-1.00000000,-0.96058040,0.05195598
104,0.00547505,0.04427876,-1.00000000,-0.89376932,0.06466727
105,-0.01096380,0.02245328,-1.00000000,-0.85418944,-0.03814253
106,-0.00199146,0.17190203,1.00000000,-0.87517349,-0.04003541
107,-0.00198858,-0.03508679,-1.00000000,-0.74984218,-0.02033263
108,0.00832904,0.07788793,-1.00000000,-0.95471858,0.08822873
109,0.00119368,0.07792416,-1.00000000,-0.95478428,0.05665976
110,0.00336564,0.20783781,1.00000000,-0.81000499,0.16231875
111,-0.00489973,0.11799335,1.00000000,-0.97293532,0.14087446
112,-0.00322180,0.14534152,1.00000000,-0.92334022,0.13178123
113,-0.00844748,0.04126865,-1.00000000,-0.88831057,0.00807860
114,0.01055596,0.06239612,-1.00000000,-0.92662463,0.07711194
115,-0.00422991,-0.00340267,-1.00000000,-0.80730043,0.02110570
116,0.00260026,0.23587796,1.00000000,-0.75915500,0.07640729
117,0.00402013,0.04970260,-1.00000000,-0.90360530,0.12980612
118,-0.00172715,0.13570427,1.00000000,-0.94081708,0.17935887
119,0.01007756,0.15358250,1.00000000,-0.90839543,0.17583133
120,0.00168660,0.08121596,-1.00000000,-0.96075387,0.21945709
121,0.01016383,0.22985416,1.00000000,-0.77007898,0.27522748
122,-0.01724034,0.12420002,1.00000000,-0.96167970,0.11846218
123,-0.01920077,0.23094044,1.00000000,-0.76810905,-0.01038054
124,-0.00390942,-0.11411737,-1.00000000,-0.60652251,-0.11351432
125,-0.00900940,-0.13880198,-1.00000000,-0.56175770,-0.19238195
126,-0.02764788,0.05373803,-1.00000000,-0.91092342,-0.47118876
127,-0.00031802,-0.01047808,-1.00000000,-0.79446938,-0.34641109
128,0.01423437,-0.24516331,-1.00000000,-0.36887450,-0.09987517
129,-0.01871942,0.09895891,-1.00000000,-0.99293018,-0.20907754
130,0.00552419,0.28219445,1.00000000,-0.67516138,-0.10191324
131,0.00601619,-0.13274112,-1.00000000,-0.57274889,0.14631073
132,-0.00358215,0.17252075,1.00000000,-0.87405145,0.12224249
133,0.00836717,0.17871573,1.00000000,-0.86281704,0.07898035
134,-0.06262777,0.05785884,-1.00000000,-0.91839640,-0.24478039
135,-0.04839066,0.20831797,1.00000000,-0.80913424,-0.64232465
136,-0.01694852,-0.68561032,-1.00000000,0.42986342,-0.81165626
137,0.00753269,-0.50634470,-1.00000000,0.10477040,-0.72970032
138,-0.02584258,-0.11044296,-1.00000000,-0.61318595,-0.98194787
139,-0.00172020,0.19781070,1.00000000,-0.82818887,-0.53284244
140,0.00312978,-0.22243191,-1.00000000,-0.41009723,-0.15295347
141,0.00473963,0.08130341,-1.00000000,-0.96091245,0.00696537
142,0.01648200,0.14237175,1.00000000,-0.92872581,0.07295356
143,0.01081371,0.16264203,1.00000000,-0.89196623,0.34324081
144,0.00630439,0.31049526,1.00000000,-0.62383868,0.40241059
145,0.01476079,0.23912343,1.00000000,-0.75326943,0.48817251
146,-0.08759630,0.18234453,1.00000000,-0.85623632,-0.19267179
147,0.03137043,0.28882287,1.00000000,-0.66314093,-0.08289108
148,0.03933386,-1.00000000,-1.00000000,1.00000000,0.12740385
149,0.02707354,0.49796202,1.00000000,-0.28387313,0.28054639
150,0.04391690,0.59823303,1.00000000,-0.10203456,0.49553057
151,-0.02234076,0.44385799,1.00000000,-0.38198924,0.97669605
152,0.02349772,0.65594006,1.00000000,0.00261547,0.91864615
153,-0.01951893,-0.17833898,-1.00000000,-0.49005848,0.48469172
154,-0.02230854,0.39883325,1.00000000,-0.46364029,0.12057017
155,0.03018556,-0.14280814,-1.00000000,-0.55449263,0.01932135
156,0.00386232,-0.17793325,-1.00000000,-0.49079426,0.21253127
157,0.06945671,0.48304276,1.00000000,-0.31092878,0.55141255
158,-0.02788545,0.15159545,1.00000000,-0.91199890,0.48972157
159,0.00455047,0.97752301,1.00000000,0.58579684,0.68776795
160,0.00175799,-0.24815460,-1.00000000,-0.36344989,0.47815567
161,-0.01023264,0.16026015,1.00000000,-0.89628570,0.37422563
162,-0.00124099,0.12509889,1.00000000,-0.96004963,-0.14706793
163,-0.00988153,-0.02588042,-1.00000000,-0.76653768,-0.01431502
164,-0.00504923,0.08733738,-1.00000000,-0.97185488,-0.08509896
165,0.00381940,-0.02145943,-1.00000000,-0.77455501,-0.06989900
166,0.00551563,0.03938615,-1.00000000,-0.88489671,0.04622180
167,0.00214747,0.15105505,1.00000000,-0.91297889,0.07120680
168,0.00735837,0.17241298,1.00000000,-0.87424691,0.19832618
169,-0.00151156,0.13000295,1.00000000,-0.95115627,0.22441145
170,0.02423894,0.19561566,1.00000000,-0.83216951,0.37497607
171,-0.05150491,0.08393060,-1.00000000,-0.96567677,-0.04546813
172,0.01349878,0.40816633,1.00000000,-0.44671502,0.03823139
173,0.00242392,-0.54555749,-1.00000000,0.17588166,0.00184698
174,0.07124181,0.27293223,1.00000000,-0.69195815,0.53829811
175,0.00198655,0.13348390,1.00000000,-0.94484365,0.37421886
176,0.01055754,1.00000000,1.00000000,0.62655821,0.83183986
177,-0.01119002,0.12797683,1.00000000,-0.95483057,0.64979560
178,-0.00246057,0.23589784,1.00000000,-0.75911895,0.61377956
179,-0.00542204,-0.03793519,-1.00000000,-0.74467670,0.04849424
180,0.01395244,0.07198120,-1.00000000,-0.94400690,0.13672539
181,-0.00083032,0.03469196,-1.00000000,-0.87638394,0.05275637
182,-0.01016176,0.27864454,1.00000000,-0.68159904,0.06033835
183,0.00311334,0.09250835,-1.00000000,-0.98123228,0.10143786
184,-0.00530955,-0.02498784,-1.00000000,-0.76815634,0.10226729
185,-0.00967747,0.14216468,1.00000000,-0.92910133,-0.07196922
186,0.00019831,0.03610834,-1.00000000,-0.87895250,-0.06438454
187,0.00112780,-0.01889000,-1.00000000,-0.77921460,0.01885968
188,0.00302040,0.10546030,1.00000000,-0.99566364,0.01817436
189,0.04499374,0.11716394,1.00000000,-0.97443943,0.38908857
190,0.00899098,0.14099439,1.00000000,-0.93122361,0.52674147
191,-0.01673473,0.66949905,1.00000000,0.02720431,0.40188471
192,0.00075801,0.21617263,1.00000000,-0.79489004,0.39915798
193,0.03035885,-0.10775102,-1.00000000,-0.61806771,0.60073966
194,-0.01958313,0.11250764,1.00000000,-0.98288350,0.12457841
195,0.00195201,0.48522483,1.00000000,-0.30697167,0.07267614
196,-0.00241014,-0.14361649,-1.00000000,-0.55302672,0.17829931
197,-0.00811513,0.12754186,1.00000000,-0.95561938,0.11287271
198,0.01015529,0.07261611,-1.00000000,-0.94515828,-0.03609939
199,0.02965410,0.00078208,-1.00000000,-0.81488935,0.32695414
200,-0.00474166,0.23083299,1.00000000,-0.76830390,0.27759799
201,0.00509661,0.47635095,1.00000000,-0.32306419,0.33294942
202,0.01884396,0.04325895,-1.00000000,-0.89191993,0.53173386
203,-0.01171828,0.16713684,1.00000000,-0.88381502,0.37044778
204,-0.01745240,0.34023582,1.00000000,-0.56990504,0.02310532
205,-0.00120680,-0.04458677,-1.00000000,-0.73261425,0.04916983
206,0.02078966,-0.11678752,-1.00000000,-0.60168028,0.16488349
207,0.00642517,0.08776795,-1.00000000,-0.97263570,0.07331282
208,-0.00705205,0.36473498,1.00000000,-0.52547652,0.10771957
209,-0.02389336,0.18386539,1.00000000,-0.85347829,0.06022679
210,0.01516007,0.01416784,-1.00000000,-0.83916403,0.18090879
211,-0.00812842,-0.19788844,-1.00000000,-0.45460611,-0.03232036
212,0.00132095,0.29385026,1.00000000,-0.65402392,-0.06995662
213,-0.00024309,0.00061475,-1.00000000,-0.81458591,-0.01975039
214,0.00475403,0.11959593,1.00000000,-0.97002909,0.19148278
215,0.01449399,0.09990237,-1.00000000,-0.99464113,0.18657141
216,-0.01711825,0.16282334,1.00000000,-0.89163743,0.12028443
217,-0.00829161,0.28546338,1.00000000,-0.66923328,0.04940568
218,-0.00067542,-0.11258004,-1.00000000,-0.60931042,0.04621787
219,-0.00595705,-0.00144000,-1.00000000,-0.81085968,-0.03276088
220,-0.01258020,0.09445872,-1.00000000,-0.98476923,-0.23239392
221,-0.01497893,0.02795548,-1.00000000,-0.86416751,-0.21661957
222,-0.00732735,-0.05543947,-1.00000000,-0.71293319,-0.20950954
223,0.00404387,-0.08564301,-1.00000000,-0.65815995,-0.17471160
224,0.00435207,0.01070143,-1.00000000,-0.83287781,-0.09869673
225,-0.00433299,0.15388133,1.00000000,-0.90785351,-0.03788549
226,0.00119494,0.15776208,1.00000000,-0.90081588,0.08137349
227,-0.00483814,0.04840468,-1.00000000,-0.90125156,0.09972782
228,-0.00665214,0.11800928,1.00000000,-0.97290643,0.02086024
229,0.00489991,0.04204415,-1.00000000,-0.88971691,0.02489974
230,-0.00413432,0.01920331,-1.00000000,-0.84829571,0.02636465
231,0.00661024,0.16466014,1.00000000,-0.88830646,0.06629469
232,0.00553317,0.05090622,-1.00000000,-0.90578803,0.14276813
233,0.01210547,0.18619572,1.00000000,-0.84925229,0.28107838
234,0.00056410,0.17263383,1.00000000,-0.87384640,0.24910808
235,0.00684740,0.25538846,1.00000000,-0.72377327,0.33008242
236,-0.00212642,0.11006612,1.00000000,-0.98731113,0.26566211
237,0.00007758,0.18918185,1.00000000,-0.84383704,0.22543499
238,-0.00822635,0.07618855,-1.00000000,-0.95163679,0.07551716
239,-0.00360129,0.10394010,1.00000000,-0.99842049,0.04480340
240,-0.00024663,-0.00061835,-1.00000000,-0.81234971,-0.00750485
241,0.00194039,0.05761784,-1.00000000,-0.91795936,0.02248204
242,0.00008033,0.09985780,-1.00000000,-0.99456030,0.02250229
243,-0.00202436,0.12739560,1.00000000,-0.95588462,0.06823306
244,0.00604297,0.10397467,1.00000000,-0.99835780,0.13934555
245,0.00070119,0.07747369,-1.00000000,-0.95396735,0.14633438
246,0.00680883,0.17905290,1.00000000,-0.86220559,0.18223207
247,-0.00578391,0.11179226,1.00000000,-0.98418083,0.13899182
248,-0.00245236,0.18869619,1.00000000,-0.84471777,0.13583592
249,0.00446038,0.03013557,-1.00000000,-0.86812106,0.12416661
250,0.00339925,0.07208452,-1.00000000,-0.94419427,0.14406094
251,-0.00075925,0.15912583,1.00000000,-0.89834277,0.08825728
252,-0.00626022,0.14576476,1.00000000,-0.92257268,0.08474513
253,-0.00236476,0.09340322,-1.00000000,-0.98285510,0.08539105
254,0.00200743,0.02413806,-1.00000000,-0.85724475,0.06730409
255,0.00320020,0.07318752,-1.00000000,-0.94619452,0.06583631
256,-0.00185623,0.12823968,1.00000000,-0.95435391,0.05774763
257,0.00383458,0.14325832,1.00000000,-0.92711804,0.13218224
258,-0.00181122,0.07959060,-1.00000000,-0.95780632,0.13626380
259,0.00567262,0.15124613,1.00000000,-0.91263236,0.16328926
260,0.00092439,0.08015739,-1.00000000,-0.95883417,0.14650851
261,-0.00498709,0.17438963,1.00000000,-0.87066230,0.12342295
262,0.00166264,0.11460271,1.00000000,-0.97908416,0.10740804
263,0.01028834,0.04016860,-1.00000000,-0.88631567,0.19662488
264,0.00761045,0.12389832,1.00000000,-0.96222684,0.21091364
265,-0.00929352,0.23250829,1.00000000,-0.76526579,0.13557125
266,0.00223673,0.19878980,1.00000000,-0.82641330,0.18883648
267,-0.00372609,-0.01405554,-1.00000000,-0.78798175,0.14910233
268,-0.00716680,0.13112685,1.00000000,-0.94911811,0.02039581
269,-0.00287659,0.05604640,-1.00000000,-0.91510958,-0.05693100
270,-0.00879110,0.01272292,-1.00000000,-0.83654372,-0.05322634
271,-0.00657679,0.06674288,-1.00000000,-0.93450734,-0.11821333
272,0.01725959,-0.00772928,-1.00000000,-0.79945425,0.03652579
273,0.00020727,0.02015198,-1.00000000,-0.85001609,0.09089897
274,0.01309438,0.32028625,1.00000000,-0.60608300,0.20866181
275,-0.02231845,0.10557314,1.00000000,-0.99545902,0.10891706
276,-0.00584055,0.26784030,1.00000000,-0.70119221,0.11434576
277,0.00712069,-0.17805815,-1.00000000,-0.49056777,0.03958600
278,0.00638544,0.02942229,-1.00000000,-0.86682753,0.08514102
279,-0.01009471,0.19262293,1.00000000,-0.83759674,-0.08584504
280,0.01988256,0.18336506,1.00000000,-0.85438562,0.22532654
281,0.00027743,-0.02414361,-1.00000000,-0.76968733,0.27043784
282,0.00839469,0.35331320,1.00000000,-0.54618958,0.27983182
283,0.01207124,0.10645649,1.00000000,-0.99385708,0.32175642
284,0.00294383,0.20866452,1.00000000,-0.80850578,0.41789682
285,-0.00659147,0.25495750,1.00000000,-0.72455481,0.22268909
286,-0.00911175,0.14003031,1.00000000,-0.93297194,0.15345745
287,0.00920039,0.01996722,-1.00000000,-0.84968104,0.15939833
288,-0.01362032,-0.01176674,-1.00000000,-0.79213243,-0.03003986
289,0.00448656,0.21880944,1.00000000,-0.79010826,-0.01866447
290,-0.00574842,-0.06853613,-1.00000000,-0.68918277,-0.01244825
291,-0.00541028,0.15945545,1.00000000,-0.89774500,0.01484472
292,-0.00127137,0.03058234,-1.00000000,-0.86893125,-0.06236944
293,-0.01455147,0.03484003,-1.00000000,-0.87665244,-0.06923535
294,0.00114755,0.08695488,-1.00000000,-0.97116122,-0.09385570
295,0.00427935,-0.08026068,-1.00000000,-0.66792065,-0.01991530
296,-0.00336477,0.11741258,1.00000000,-0.97398854,-0.00483262
297,0.00405572,0.15684647,1.00000000,-0.90247632,0.03444702
298,0.00643569,0.06059592,-1.00000000,-0.92336001,0.18919703
299,-0.00483049,0.15403066,1.00000000,-0.90758271,0.14511761
300,-0.00859894,0.18399778,1.00000000,-0.85323820,0.05015880
301,-0.00803399,0.04214047,-1.00000000,-0.88989160,0.01573005
302,0.00049129,-0.00530970,-1.00000000,-0.80384208,-0.01055254
303,0.00572972,0.00180375,-1.00000000,-0.81674212,-0.01575800
304,0.01897854,0.10914925,1.00000000,-0.98897384,0.15979926
305,0.00207235,0.17510870,1.00000000,-0.86935830,0.23848460
306,-0.00074879,0.34193038,1.00000000,-0.56683200,0.29220243
307,-0.00661284,0.12905713,1.00000000,-0.95287149,0.23981977
308,0.00014131,0.09353486,-1.00000000,-0.98309383,0.19861328
309,-0.00109760,0.01969813,-1.00000000,-0.84919306,0.05058066
310,0.00452583,0.10474255,1.00000000,-0.99696527,0.06867152
311,0.00546275,0.08914285,-1.00000000,-0.97512904,0.11447268
312,-0.00001349,0.15994993,1.00000000,-0.89684827,0.16313339
313,-0.00017293,0.17174711,1.00000000,-0.87545444,0.16081630
314,-0.00623219,0.10279346,-1.00000000,-0.99988403,0.12295617
315,-0.00351405,0.10078578,-1.00000000,-0.99624317,0.06367364
316,0.00017920,0.02449109,-1.00000000,-0.85788495,0.02471513
317,0.00078855,0.05871627,-1.00000000,-0.91995133,0.03062899
318,-0.00683563,0.10521971,1.00000000,-0.99609996,-0.01849881
319,0.00474097,0.11289224,1.00000000,-0.98218605,0.06241236
320,-0.00192622,0.01689283,-1.00000000,-0.84410573,0.07412034
321,-0.00972033,0.16265884,1.00000000,-0.89193576,0.00112556
322,-0.00330888,0.07870938,-1.00000000,-0.95620826,-0.02908709
323,0.00012866,-0.01942965,-1.00000000,-0.77823596,0.02226449
324,-0.00178927,0.06129968,-1.00000000,-0.92463626,-0.02588654
325,0.01067996,0.10458324,1.00000000,-0.99725417,0.06706582
326,-0.01125399,0.08043384,-1.00000000,-0.95933551,0.05575730
327,-0.00779242,0.23743925,1.00000000,-0.75632364,0.02269768
328,-0.00025776,-0.03874062,-1.00000000,-0.74321607,0.01984839
329,0.00518172,0.00484551,-1.00000000,-0.82225826,0.07124932
330,0.00307622,0.09971765,-1.00000000,-0.99430615,0.01518271
331,0.00428008,0.16820851,1.00000000,-0.88187158,0.12972403
332,0.00203289,0.14169725,1.00000000,-0.92994899,0.20217155
333,0.00162584,0.15685557,1.00000000,-0.90245982,0.21606040
334,-0.00011833,0.12856033,1.00000000,-0.95377242,0.17698022
335,-0.00068083,0.12343491,1.00000000,-0.96306721,0.14927744
336,0.01257000,0.10147335,-1.00000000,-0.99749006,0.21040366
337,-0.00087338,0.09439067,-1.00000000,-0.98464581,0.18897407
338,0.00149946,0.26123759,1.00000000,-0.71316604,0.18804222
339,-0.00335296,0.09196614,-1.00000000,-0.98024900,0.16419150
340,-0.00032243,0.12184365,1.00000000,-0.96595291,0.16683413
341,-0.00308901,0.06074472,-1.00000000,-0.92362986,0.05137151
342,0.00385059,0.09890336,-1.00000000,-0.99282944,0.08620396
343,0.00673313,0.06406813,-1.00000000,-0.92965677,0.12479473
344,0.00295557,0.15144769,1.00000000,-0.91226684,0.17131098
345,-0.00512356,0.18774307,1.00000000,-0.84644622,0.13590960
346,-0.01011163,0.14017809,1.00000000,-0.93270394,0.08412795
347,-0.01547763,0.03845028,-1.00000000,-0.88319955,-0.05838978
348,0.00083724,-0.02435668,-1.00000000,-0.76930094,-0.10186349
349,0.00141732,-0.09192235,-1.00000000,-0.64677255,-0.11320583
350,0.00610327,0.11350530,1.00000000,-0.98107427,-0.03042418
351,0.00980572,0.12080937,1.00000000,-0.96782856,0.11643755
352,-0.00147117,0.17981217,1.00000000,-0.86082869,0.21971497
353,-0.00816126,0.22643137,1.00000000,-0.77628611,0.15336401
354,-0.00423230,0.08443908,-1.00000000,-0.96659889,0.11170623
355,-0.00834669,0.00020126,-1.00000000,-0.81383604,0.00515864
356,0.00294842,0.04967256,-1.00000000,-0.90355081,-0.04540408
357,0.00699947,-0.00213354,-1.00000000,-0.80960195,0.01705468
358,0.01174939,0.14008806,1.00000000,-0.93286720,0.16386698
359,0.00450260,0.19109663,1.00000000,-0.84036464,0.22827427
360,0.00592776,0.25090490,1.00000000,-0.73190407,0.33352772
361,-0.00161708,0.15965750,1.00000000,-0.89737860,0.29986375
362,-0.00309293,0.17760226,1.00000000,-0.86483630,0.22544686
363,-0.00275760,0.08260186,-1.00000000,-0.96326716,0.11847878
364,-0.00718759,0.06401882,-1.00000000,-0.92956734,0.03228045
365,0.02072924,0.06824113,-1.00000000,-0.93722438,0.14142004
366,0.01453438,0.01246114,-1.00000000,-0.83606898,0.26051376
367,-0.00219459,0.36397421,1.00000000,-0.52685616,0.26713774
368,0.01075059,0.28597196,1.00000000,-0.66831098,0.36674115
369,0.00195599,0.07533023,-1.00000000,-0.95008027,0.43416189
370,-0.03035773,0.23832864,1.00000000,-0.75471076,0.05746918
371,0.00186748,0.12759199,1.00000000,-0.95552847,-0.03593092
372,-0.00254692,-0.27928415,-1.00000000,-0.30699735,-0.03852883
373,-0.00132934,0.12647752,1.00000000,-0.95754954,-0.12760087
374,-0.00348949,0.07089393,-1.00000000,-0.94203515,-0.16775347
375,0.01340632,0.08622499,-1.00000000,-0.96983759,0.15494322
376,0.00228085,0.05902551,-1.00000000,-0.92051213,0.15799122
377,0.00224871,0.27176803,1.00000000,-0.69406939,0.19335207
378,-0.00103481,0.13168243,1.00000000,-0.94811058,0.19552379
379,-0.00049997,0.13127780,1.00000000,-0.94884435,0.21756720
380,-0.01163723,0.08993352,-1.00000000,-0.97656290,0.03290718
381,-0.00505176,0.09666787,-1.00000000,-0.98877546,-0.02116026
382,-0.01548191,-0.04356618,-1.00000000,-0.73446507,-0.15189805
383,-0.02376897,0.03935429,-1.00000000,-0.88483894,-0.31952970
384,-0.00444088,-0.09197625,-1.00000000,-0.64667480,-0.34858820
385,-0.00290464,-0.19632224,-1.00000000,-0.45744636,-0.28419799
386,-0.01950305,0.04704620,-1.00000000,-0.89878799,-0.39075541
387,0.00737765,0.06638961,-1.00000000,-0.93386670,-0.22219914
388,0.01672883,-0.14260821,-1.00000000,-0.55485520,0.07641369
389,0.00392990,0.19585843,1.00000000,-0.83172926,0.13813611
390,0.00149779,0.31360321,1.00000000,-0.61820251,0.17059770
391,-0.02383832,0.15244633,1.00000000,-0.91045585,0.13863140
392,0.00517489,0.12182256,1.00000000,-0.96599116,0.12238922
393,-0.00417325,-0.19719537,-1.00000000,-0.45586296,-0.03173340
394,-0.00370563,0.16812250,1.00000000,-0.88202757,-0.08803442
395,-0.01177381,0.05041611,-1.00000000,-0.90489922,-0.18589330
396,0.00609542,0.05630403,-1.00000000,-0.91557680,0.03482479
397,-0.00481538,-0.04528590,-1.00000000,-0.73134640,-0.03883899
398,-0.00052946,0.17971331,1.00000000,-0.86100796,-0.01197135
399,-0.00625353,0.04233072,-1.00000000,-0.89023660,-0.03075845
400,0.00338408,0.09629656,-1.00000000,-0.98810210,0.08100910
401,0.01283737,0.02422230,-1.00000000,-0.85739751,0.13072129
402,-0.00091365,0.14557367,1.00000000,-0.92291921,0.15949095
403,0.01735594,0.26460421,1.00000000,-0.70706078,0.29136998
404,0.00711192,0.09145915,-1.00000000,-0.97932958,0.38992094
405,-0.00777721,0.32149946,1.00000000,-0.60388289,0.30762251
406,-0.00055953,0.19251260,1.00000000,-0.83779683,0.20883972
407,-0.01936537,0.00503697,-1.00000000,-0.82260546,0.07278487
408,-0.01438037,0.09591804,-1.00000000,-0.98741565,-0.16122465
409,-0.00356744,-0.14087457,-1.00000000,-0.55799911,-0.23996954
410,-0.01477644,-0.07810630,-1.00000000,-0.67182754,-0.29157873
411,0.01300578,0.05804408,-1.00000000,-0.91873233,-0.19155419
412,-0.00760711,-0.08309333,-1.00000000,-0.66278371,-0.10485395
413,0.00336270,0.26672468,1.00000000,-0.70321536,0.02597564
414,0.00222370,0.00717887,-1.00000000,-0.82648974,0.06867691
415,-0.00414833,0.14530452,1.00000000,-0.92340731,0.14704388
416,-0.02656450,0.13096279,1.00000000,-0.94941561,-0.14472981
417,0.01041751,0.05072983,-1.00000000,-0.90546814,-0.01182431
418,0.01235458,-0.23152192,-1.00000000,-0.39361276,0.05447779
419,-0.01003688,0.23413461,1.00000000,-0.76231651,-0.03592626
420,0.01620798,0.25852513,1.00000000,-0.71808500,0.11417216
421,-0.05011656,-0.02341545,-1.00000000,-0.77100783,-0.05949032
422,-0.01129304,0.30704501,1.00000000,-0.63009561,-0.21957430
423,-0.00427711,-0.52807622,-1.00000000,0.14417989,-0.34220897
424,-0.00200352,-0.03923238,-1.00000000,-0.74232428,-0.28297458
425,-0.00502949,0.04910835,-1.00000000,-0.90252764,-0.43957027
426,0.01737442,0.07773601,-1.00000000,-0.95444307,0.05807831
427,-0.02667770,0.03963476,-1.00000000,-0.88534756,-0.05536133
428,-0.01122354,0.32173211,1.00000000,-0.60346098,-0.10658128
429,0.00463431,-0.23294728,-1.00000000,-0.39102791,-0.05763680
430,-0.00995365,-0.03835726,-1.00000000,-0.74391128,-0.09394535
431,0.00685030,0.16131592,1.00000000,-0.89437109,-0.17154551
432,0.03663304,-0.02236744,-1.00000000,-0.77290837,0.29527982
433,-0.00838172,0.18921839,1.00000000,-0.84377078,0.31623419
434,0.00384725,0.56422581,1.00000000,-0.16370568,0.31043073
435,0.00834081,-0.00257459,-1.00000000,-0.80880213,0.44532594
436,0.01201657,0.15140566,1.00000000,-0.91234307,0.48341969
437,0.01213515,0.20798603,1.00000000,-0.80973621,0.30278312
438,0.00856976,0.25426909,1.00000000,-0.72580322,0.42777579
439,-0.00295966,0.25576221,1.00000000,-0.72309548,0.37758462
440,-0.00709198,0.21086884,1.00000000,-0.80450831,0.26379003
441,0.03270090,0.06569683,-1.00000000,-0.93261036,0.41630714
442,-0.01030328,0.01366498,-1.00000000,-0.83825211,0.25085608
443,0.00480587,0.51471455,1.00000000,-0.25349291,0.22310283
444,0.00615724,-0.02676988,-1.00000000,-0.76492467,0.29032682
445,0.00308136,0.16347608,1.00000000,-0.89045372,0.36534057
446,0.01441364,0.18049171,1.00000000,-0.85959636,0.23049844
447,-0.01479980,0.14176202,1.00000000,-0.92983154,0.19734313
448,0.01779314,0.28445174,1.00000000,-0.67106784,0.29310549
449,-0.00538594,-0.08338747,-1.00000000,-0.66225031,0.20799121
450,0.00895582,0.32700443,1.00000000,-0.59389978,0.25130690
451,-0.00511295,0.03514652,-1.00000000,-0.87720827,0.10732646
452,0.01490662,0.21572993,1.00000000,-0.79569286,0.32636842
453,0.01328137,0.03858393,-1.00000000,-0.88344190,0.29310066
454,-0.02404405,0.29065898,1.00000000,-0.65981120,0.15552402
455,0.00098974,0.27019482,1.00000000,-0.69692236,0.09678562
456,-0.00636869,-0.19978588,-1.00000000,-0.45116516,0.08752631
457,0.00382219,0.11542546,1.00000000,-0.97759212,0.00579468
458,0.00097038,0.02277228,-1.00000000,-0.85476794,-0.08498111
459,0.01075483,0.15109018,1.00000000,-0.91291518,0.17161047
460,-0.01282149,0.11518176,1.00000000,-0.97803407,0.06977257
461,-0.02617647,0.23838208,1.00000000,-0.75461384,-0.07628118
462,-0.00888840,-0.05847776,-1.00000000,-0.70742333,-0.17000352
463,-0.00848358,-0.22663604,-1.00000000,-0.40247316,-0.23971285
464,-0.00678681,-0.00895452,-1.00000000,-0.79723230,-0.36905719
465,-0.00492107,-0.00385720,-1.00000000,-0.80647614,-0.31080299
466,-0.00775464,0.01750755,-1.00000000,-0.84522050,-0.17496862
467,-0.01059987,0.04099987,-1.00000000,-0.88782314,-0.18758819
468,-0.00111119,0.00532117,-1.00000000,-0.82312086,-0.13322741
469,-0.00865940,-0.03050430,-1.00000000,-0.75815241,-0.14703504
470,-0.00630919,0.08897184,-1.00000000,-0.97481893,-0.15727036
471,0.00059890,-0.00607101,-1.00000000,-0.80246146,-0.09567502
472,0.00650234,0.02352154,-1.00000000,-0.85612671,0.03042910
473,-0.00797171,0.11050429,1.00000000,-0.98651652,-0.02015739
474,0.01631133,0.18483710,1.00000000,-0.85171613,0.16396569
475,0.00652312,0.00258795,-1.00000000,-0.81816425,0.25858541
476,0.00178183,0.30834629,1.00000000,-0.62773578,0.26730783
477,0.01275974,0.18509868,1.00000000,-0.85124175,0.31344710
478,-0.00172093,0.12539909,1.00000000,-0.95950522,0.35953763
479,-0.01330887,0.26362672,1.00000000,-0.70883342,0.14113142
480,-0.00760539,0.08129432,-1.00000000,-0.96089596,0.03695408
481,0.00274730,-0.06461452,-1.00000000,-0.69629451,0.04407302
482,-0.00936301,0.00720051,-1.00000000,-0.82652899,-0.11905034
483,0.00878294,0.13755573,1.00000000,-0.93745951,-0.04159948
484,0.01361699,-0.01493048,-1.00000000,-0.78639508,0.15693989
485,0.00010633,0.21355309,1.00000000,-0.79964050,0.21380269
486,0.00224278,0.27442073,1.00000000,-0.68925880,0.21008258
487,-0.01479083,0.10430213,1.00000000,-0.99776395,0.17006027
488,-0.00969092,0.13120310,1.00000000,-0.94897983,0.03384222
489,-0.00883097,-0.08327449,-1.00000000,-0.66245519,-0.13167913
490,0.00341614,-0.01905931,-1.00000000,-0.77890756,-0.10727405
491,0.00743291,-0.00823138,-1.00000000,-0.79854370,-0.06900430
492,0.00170311,0.14597741,1.00000000,-0.92218704,0.05261471
493,-0.00138750,0.19655432,1.00000000,-0.83046727,0.11384045
494,-0.00234026,0.12440791,1.00000000,-0.96130271,0.16170008
495,0.00512766,0.08549268,-1.00000000,-0.96850957,0.17432006
496,-0.00992062,0.07349598,-1.00000000,-0.94675390,0.04636277
497,-0.00435875,0.16752789,1.00000000,-0.88310586,0.00166529
498,-0.00046459,-0.02195161,-1.00000000,-0.77366245,0.00847040
499,-0.00372967,0.04808038,-1.00000000,-0.90066344,-0.00177447
500,-0.00567109,0.09711341,-1.00000000,-0.98958342,-0.08139971
501,0.00003741,0.05600134,-1.00000000,-0.91502788,-0.00797356
502,-0.00408479,0.03155605,-1.00000000,-0.87069706,-0.00595353
503,0.00386124,0.10343436,1.00000000,-0.99933763,0.02594325
504,-0.00860503,0.05152989,-1.00000000,-0.90691903,-0.01000548
505,-0.00232135,0.15158187,1.00000000,-0.91202352,0.01469407
506,-0.00158315,-0.00538642,-1.00000000,-0.80370295,0.00274475
507,0.00492504,0.07373418,-1.00000000,-0.94718586,0.06917923
508,-0.00029827,0.08302914,-1.00000000,-0.96404202,0.03850880
509,-0.00453741,0.16497656,1.00000000,-0.88773264,0.06850161
510,-0.00088429,0.09920757,-1.00000000,-0.99338112,0.07909780
511,-0.00321527,0.04583074,-1.00000000,-0.89658379,0.06706325
512,-0.01919235,0.09182873,-1.00000000,-0.97999981,-0.11076768
513,-0.00429598,0.06247838,-1.00000000,-0.92677379,-0.14024499
514,-0.00096492,-0.13869598,-1.00000000,-0.56194992,-0.11390300
515,0.00380406,0.04887071,-1.00000000,-0.90209669,-0.07933312
516,-0.00354222,0.09081358,-1.00000000,-0.97815886,-0.08174388
517,0.00809639,0.15086190,1.00000000,-0.91332917,0.11947119
518,-0.00515487,0.05836165,-1.00000000,-0.91930822,0.11313812
519,0.00873751,0.20490842,1.00000000,-0.81531737,0.18467952
520,-0.01100605,0.03805607,-1.00000000,-0.88248465,0.07547632
521,0.00720777,0.21298106,1.00000000,-0.80067786,0.15474201
522,-0.00147648,-0.03561866,-1.00000000,-0.74887766,0.08415592
523,0.00759567,0.19371949,1.00000000,-0.83560817,0.17817271
524,0.00961867,0.08437226,-1.00000000,-0.96647772,0.18466996
525,0.00642255,0.19860361,1.00000000,-0.82675095,0.31318072
526,0.00198445,0.22407607,1.00000000,-0.78055738,0.27466621
527,0.00104244,0.18383241,1.00000000,-0.85353809,0.29323958
528,-0.00887214,0.12795028,1.00000000,-0.95487872,0.17181325
529,-0.00153493,0.11608903,1.00000000,-0.97638875,0.08957158
530,0.00246034,-0.00874975,-1.00000000,-0.79760365,0.06035598
531,0.00790012,0.08363629,-1.00000000,-0.96514306,0.10397557
532,-0.00323103,0.13394247,1.00000000,-0.94401205,0.07246495
533,0.00194091,0.20243715,1.00000000,-0.81979893,0.15219563
534,0.00308329,0.06228000,-1.00000000,-0.92641405,0.18624836
535,0.01081079,0.12740214,1.00000000,-0.95587275,0.24782085
536,0.00098547,0.14178636,1.00000000,-0.92978740,0.19683527
537,0.01358984,0.23908658,1.00000000,-0.75333626,0.32086488
538,0.00102931,0.11537174,1.00000000,-0.97768953,0.31414316
539,-0.00131712,0.27407886,1.00000000,-0.68987878,0.28169647
540,-0.00635987,0.11592381,1.00000000,-0.97668837,0.15508768
541,-0.00192765,0.08637886,-1.00000000,-0.97011663,0.13360765
542,-0.00127962,0.02288340,-1.00000000,-0.85496944,0.02396686
543,-0.00662703,0.07869142,-1.00000000,-0.95617568,-0.03248762
544,-0.00203907,0.08685105,-1.00000000,-0.97097293,-0.03781097
545,-0.00264224,0.01951946,-1.00000000,-0.84886904,-0.01039882
546,0.01221234,0.07728845,-1.00000000,-0.95363143,0.09386319
547,-0.00725825,0.06969370,-1.00000000,-0.93985857,0.04977939
548,0.00061194,0.25673417,1.00000000,-0.72133286,0.10315633
549,0.00417753,0.01157146,-1.00000000,-0.83445557,0.14899480
550,-0.00290287,0.11066846,1.00000000,-0.98621881,0.14707302
551,-0.00483167,0.15556439,1.00000000,-0.90480133,0.02139802
552,0.00831114,0.06641197,-1.00000000,-0.93390726,0.13619980
553,-0.00237418,0.04212558,-1.00000000,-0.88986459,0.11418145
554,0.00345898,0.20761242,1.00000000,-0.81041374,0.10888316
555,0.01129086,0.07306887,-1.00000000,-0.94597935,0.21354141
556,-0.00338530,0.14651679,1.00000000,-0.92120889,0.22420631
557,-0.01454132,0.24513136,1.00000000,-0.74237422,0.05570239
558,-0.00542502,0.06033748,-1.00000000,-0.92289134,0.03320684
559,0.00220300,-0.08013288,-1.00000000,-0.66815241,0.02394583
560,-0.01430923,0.03465441,-1.00000000,-0.87631584,-0.16481787
561,0.00967732,0.13070224,1.00000000,-0.94988812,-0.06849990
562,0.00755955,-0.07721049,-1.00000000,-0.67345208,0.09446213
563,-0.00908561,0.22481462,1.00000000,-0.77921804,0.06747057
564,-0.01455218,0.19814882,1.00000000,-0.82757571,-0.05607472
565,-0.00286804,-0.01143766,-1.00000000,-0.79272921,0.02828756
566,0.00809331,-0.08026956,-1.00000000,-0.66790454,0.01660779
567,-0.00149523,0.06685054,-1.00000000,-0.93470258,-0.05015810
568,-0.01722522,0.20486969,1.00000000,-0.81538760,-0.11017598
569,0.00266723,0.08413621,-1.00000000,-0.96604965,0.01679233
570,-0.00883551,-0.11392703,-1.00000000,-0.60686770,-0.02720919
571,0.00460565,0.13654756,1.00000000,-0.93928781,-0.05292566
572,-0.00656515,-0.00828855,-1.00000000,-0.79844002,-0.09030906
573,0.00616437,0.16095503,1.00000000,-0.89502556,0.08215541
574,-0.00965143,0.02029853,-1.00000000,-0.85028187,-0.00867699
575,0.01290355,0.18058149,1.00000000,-0.85943354,0.15161721
576,-0.00162762,-0.01856217,-1.00000000,-0.77980911,0.10565582
577,-0.01285784,0.26543744,1.00000000,-0.70554973,0.05925636
578,0.00178008,0.08246917,-1.00000000,-0.96302652,0.02692859
579,-0.01511701,-0.05893538,-1.00000000,-0.70659346,-0.01337217
580,-0.00876264,0.12537705,1.00000000,-0.95954520,-0.17312901
581,-0.00722527,-0.08738165,-1.00000000,-0.65500697,-0.21440361
582,-0.00399088,-0.00737093,-1.00000000,-0.80010410,-0.14902262
583,0.00025731,0.01198670,-1.00000000,-0.83520861,-0.16025086
584,-0.00604124,0.05271231,-1.00000000,-0.90906331,-0.09333014
585,-0.00546342,0.10620318,1.00000000,-0.99431646,-0.06900318
586,0.00792551,0.02689534,-1.00000000,-0.86224499,0.04271195
587,-0.00572317,0.03417094,-1.00000000,-0.87543908,0.02993880
588,0.00830500,0.20275676,1.00000000,-0.81921934,0.08927890
589,-0.01387967,0.03090027,-1.00000000,-0.86950782,0.03148180
590,-0.00852393,0.20753515,1.00000000,-0.81055386,0.00891493
591,0.00543557,-0.07180173,-1.00000000,-0.68326071,-0.00944474
592,0.00488037,-0.00436530,-1.00000000,-0.80555472,0.06874112
593,-0.00221848,0.17140491,1.00000000,-0.87607501,-0.00885436
594,-0.00638972,0.16441416,1.00000000,-0.88875252,0.04637325
595,-0.00201555,0.07502943,-1.00000000,-0.94953476,0.09436317
596,-0.01108788,0.02250755,-1.00000000,-0.85428786,-0.02747346
597,-0.01887443,0.07758456,-1.00000000,-0.95416843,-0.20263085
598,0.00860215,-0.03664912,-1.00000000,-0.74700896,-0.12284434
599,-0.00268732,-0.13469291,-1.00000000,-0.56920938,-0.09554449
600,0.00556983,0.21127667,1.00000000,-0.80376873,-0.03961327
601,0.00035862,0.06912607,-1.00000000,-0.93882919,0.04478820
602,-0.00620617,0.17309537,1.00000000,-0.87300941,0.13819836
603,-0.01186959,0.10747885,1.00000000,-0.99200307,-0.01275116
604,0.00738513,0.02481871,-1.00000000,-0.85847908,0.06151864
605,-0.01163993,-0.04649191,-1.00000000,-0.72915934,-0.06537847
606,0.01351013,0.19595271,1.00000000,-0.83155828,0.03159492
607,-0.00018601,-0.04360017,-1.00000000,-0.73440343,0.07598488
608,-0.00723734,0.27307521,1.00000000,-0.69169885,0.11014104
609,-0.01366889,0.10062111,-1.00000000,-0.99594454,-0.04510205
610,-0.00472212,0.01183478,-1.00000000,-0.83493310,0.00590681
611,-0.01077148,-0.06914775,-1.00000000,-0.68807362,-0.17313505
612,0.00521108,0.04350498,-1.00000000,-0.89236609,-0.13333930
613,-0.00685818,-0.03266517,-1.00000000,-0.75423373,-0.13054357
614,-0.00618622,0.16857822,1.00000000,-0.88120112,-0.07536961
615,0.00967040,0.01660891,-1.00000000,-0.84359084,0.03075447
616,-0.00724162,0.02506992,-1.00000000,-0.85893464,0.05678208
617,-0.00208379,0.22472749,1.00000000,-0.77937605,0.00299297
618,0.00624225,0.01178080,-1.00000000,-0.83483521,0.09958971
619,0.00410907,0.07672539,-1.00000000,-0.95261034,0.17550263
620,-0.01105005,0.18156210,1.00000000,-0.85765523,0.02271922
621,-0.00232515,0.15470241,1.00000000,-0.90636451,0.05897115
622,-0.01187661,-0.03617270,-1.00000000,-0.74787293,-0.01323682
623,-0.01407476,0.07368632,-1.00000000,-0.94709907,-0.16304545
624,0.01397141,-0.04658037,-1.00000000,-0.72899891,-0.09032494
625,-0.00352901,-0.07425823,-1.00000000,-0.67880591,-0.03486816
626,0.00332647,0.27888342,1.00000000,-0.68116584,0.00680435
627,0.00302367,0.05852793,-1.00000000,-0.91960977,0.11667247
628,-0.00498276,0.14484828,1.00000000,-0.92423469,0.18371286
629,0.00098784,0.14103564,1.00000000,-0.93114880,0.08797774
630,0.00120054,0.04022312,-1.00000000,-0.88641454,0.12285140
631,0.01243277,0.11540158,1.00000000,-0.97763542,0.18999720
632,0.00527706,0.11807983,1.00000000,-0.97277849,0.20661270
633,0.01356170,0.25950964,1.00000000,-0.71629963,0.34335136
634,0.01205870,0.16940906,1.00000000,-0.87969443,0.42498298
635,-0.01022303,0.27372454,1.00000000,-0.69052131,0.34075063
636,0.00305078,0.25479962,1.00000000,-0.72484111,0.27157199
637,0.00303413,-0.02575933,-1.00000000,-0.76675727,0.25503363
638,-0.01106123,0.14137691,1.00000000,-0.93052992,0.07347508
639,0.01092941,0.14116737,1.00000000,-0.93090991,0.06514819
640,0.00289084,-0.03631346,-1.00000000,-0.74761766,0.16184405
641,-0.00462749,0.24058023,1.00000000,-0.75062757,0.10522793
642,0.00150538,0.13936311,1.00000000,-0.93418188,0.09395557
643,0.00567679,0.04469653,-1.00000000,-0.89452693,0.21737426
644,-0.00438519,0.12191816,1.00000000,-0.96581780,0.10445117
645,0.00399369,0.17444215,1.00000000,-0.87056706,0.11258312
646,-0.01465020,0.04774741,-1.00000000,-0.90005961,0.03868007
647,-0.00788720,0.15324961,1.00000000,-0.90899911,-0.03057665
648,-0.01024893,-0.08150382,-1.00000000,-0.66566625,-0.14800585
649,0.00623843,0.00365209,-1.00000000,-0.82009403,-0.06967195
650,-0.00634715,-0.02608552,-1.00000000,-0.76616573,-0.14592080
651,0.00620630,0.18151408,1.00000000,-0.85774231,0.00786578
652,-0.00325179,0.02304346,-1.00000000,-0.85525972,0.04204526
653,0.00952593,0.18110945,1.00000000,-0.85847610,0.18785632
654,0.00149980,0.06201858,-1.00000000,-0.92593997,0.15291577
655,0.00314218,0.22290837,1.00000000,-0.78267497,0.22288593
656,-0.00076384,0.12184794,1.00000000,-0.96594514,0.17149126
657,0.00076093,0.14252782,1.00000000,-0.92844278,0.20107927
658,-0.00481329,0.09334548,-1.00000000,-0.98275039,0.09534822
659,0.00850160,0.11254449,1.00000000,-0.98281668,0.14697634
660,-0.00230426,0.04235701,-1.00000000,-0.89028428,0.10681674
661,0.01836826,0.21001057,1.00000000,-0.80606476,0.24788832
662,0.00402942,0.07394938,-1.00000000,-0.94757612,0.27198870
663,0.00089987,0.33424600,1.00000000,-0.58076740,0.31411500
664,0.01043666,0.15369943,1.00000000,-0.90818338,0.32838330
665,0.00311043,0.11429388,1.00000000,-0.97964421,0.36830877
666,-0.00412900,0.23437580,1.00000000,-0.76187912,0.20242399
667,-0.00385014,0.14212801,1.00000000,-0.92916782,0.14432363
668,-0.00776089,0.05097327,-1.00000000,-0.90590962,0.08046305
669,-0.00653935,0.05448450,-1.00000000,-0.91227713,-0.04471050
670,0.00181512,0.00524253,-1.00000000,-0.82297825,-0.05426150
671,-0.00483987,0.02062350,-1.00000000,-0.85087119,-0.05950315
672,-0.00655310,0.12581826,1.00000000,-0.95874508,-0.07943362
673,0.01235110,0.04202238,-1.00000000,-0.88967744,0.06886328
674,0.00252793,0.02045029,-1.00000000,-0.85055708,0.13572134
675,-0.00348097,0.25848134,1.00000000,-0.71816441,0.09667029
676,-0.00459664,0.13479350,1.00000000,-0.94246873,0.09846374
677,-0.00146431,0.05913283,-1.00000000,-0.92070674,0.13598623
678,-0.00169885,0.04508497,-1.00000000,-0.89523135,0.03238813
679,0.00203707,0.08452548,-1.00000000,-0.96675558,0.02876880
680,-0.00167049,0.08157231,-1.00000000,-0.96140010,0.04211853
681,0.00338824,0.12861296,1.00000000,-0.95367697,0.10099549
682,-0.00775787,0.08192945,-1.00000000,-0.96204775,0.05458958
683,-0.00679756,0.14562607,1.00000000,-0.92282419,0.01699392
684,0.00263389,0.00528055,-1.00000000,-0.82304719,0.02139458
685,0.03073249,0.01737219,-1.00000000,-0.84497502,0.26031975
686,-0.00348204,0.13612774,1.00000000,-0.94004913,0.20966131
687,0.00399070,0.48992940,1.00000000,-0.29844006,0.29629003
688,0.00351457,0.05911932,-1.00000000,-0.92068224,0.37232709
689,-0.00225883,0.15321185,1.00000000,-0.90906760,0.33625032
690,-0.00609337,0.14721668,1.00000000,-0.91993965,0.06471278
691,-0.00406023,0.07452133,-1.00000000,-0.94861335,0.06044952
692,0.00610714,0.02623901,-1.00000000,-0.86105475,0.07605524
693,-0.00903369,0.05183918,-1.00000000,-0.90747992,-0.01647005
694,-0.00551414,0.17986091,1.00000000,-0.86074029,-0.04047325
695,-0.00536571,-0.01078390,-1.00000000,-0.79391478,-0.03510782
696,0.00112124,0.03353233,-1.00000000,-0.87428098,0.00309801
697,0.01157894,0.03540127,-1.00000000,-0.87767025,0.04344466
698,0.00623776,0.11708128,1.00000000,-0.97458934,0.15604958
699,-0.00185859,0.24875876,1.00000000,-0.73579603,0.18300400
700,0.02644532,0.18150560,1.00000000,-0.85775769,0.41756442
701,-0.00727799,0.07956098,-1.00000000,-0.95775261,0.35563226
702,0.00129374,0.43594778,1.00000000,-0.39633416,0.27979375
703,0.00407430,0.01132297,-1.00000000,-0.83400495,0.26384138
704,-0.00249692,0.11925332,1.00000000,-0.97065041,0.25913462
705,0.00873824,0.15426459,1.00000000,-0.90715848,0.12857049
706,-0.00625537,0.07152349,-1.00000000,-0.94317685,0.13611082
707,-0.00188480,0.21299028,1.00000000,-0.80066113,0.11267369
708,-0.00108648,0.02419919,-1.00000000,-0.85735559,0.07462032
709,0.01033376,0.07923097,-1.00000000,-0.95715413,0.16922806
710,0.00108205,0.08928286,-1.00000000,-0.97538295,0.11277468
711,0.00041188,0.23308016,1.00000000,-0.76422873,0.16193599
712,-0.00265692,0.11658781,1.00000000,-0.97548423,0.15624273
713,0.01115702,0.10814938,1.00000000,-0.99078709,0.24652089
714,0.00600939,0.06950888,-1.00000000,-0.93952341,0.21463485
715,-0.00782990,0.24344612,1.00000000,-0.74543035,0.14892210
716,0.00012190,0.17863005,1.00000000,-0.86297242,0.14678394
717,0.00292066,0.00437360,-1.00000000,-0.82140246,0.18791048
718,-0.00628660,0.10449814,1.00000000,-0.99740849,0.05928899
719,0.00086402,0.13973851,1.00000000,-0.93350111,0.02134938
720,0.00790300,0.02380597,-1.00000000,-0.85664251,0.13735677
721,-0.00238370,0.11384257,1.00000000,-0.98046265,0.11888156
722,-0.00309998,0.20247333,1.00000000,-0.81973333,0.07448802
723,-0.00699322,0.07294900,-1.00000000,-0.94576196,0.06927769
724,-0.00291157,0.06393000,-1.00000000,-0.92940627,0.04143813
725,-0.00285253,0.01490856,-1.00000000,-0.84050731,-0.03786835
726,-0.00006142,0.06630241,-1.00000000,-0.93370858,-0.02074489
727,-0.00606621,0.06704581,-1.00000000,-0.93505671,-0.04261653
728,0.00294511,0.10218983,-1.00000000,-0.99878938,0.03066435
729,-0.00586299,0.02658095,-1.00000000,-0.86167485,0.00890189
730,-0.00246163,0.14004647,1.00000000,-0.93294263,0.01178420
731,0.00698255,0.02913981,-1.00000000,-0.86631526,0.06372332
732,-0.00525931,0.07196778,-1.00000000,-0.94398255,0.06967307
733,0.00627034,0.19088354,1.00000000,-0.84075107,0.09419185
734,0.00357553,0.03674101,-1.00000000,-0.88009983,0.16378729
735,-0.00100151,0.18191590,1.00000000,-0.85701363,0.17455355
736,0.00431027,0.14798429,1.00000000,-0.91854762,0.15484936
737,-0.00182179,0.09035276,-1.00000000,-0.97732318,0.18019611
738,0.00349031,0.15723573,1.00000000,-0.90177041,0.15969736
739,-0.00397267,0.08002433,-1.00000000,-0.95859288,0.10404030
740,-0.00165258,0.14691126,1.00000000,-0.92049353,0.09923962
741,0.00268949,0.05294165,-1.00000000,-0.90947921,0.08728872
742,-0.01177151,0.08215490,-1.00000000,-0.96245661,0.01392388
743,0.00471375,0.13682780,1.00000000,-0.93877960,0.02294499
744,0.00376850,-0.04525694,-1.00000000,-0.73139891,0.08002492
745,0.00543272,0.16231613,1.00000000,-0.89255724,0.13226875
746,-0.00103886,0.15041405,1.00000000,-0.91414133,0.10477754
747,-0.00654416,0.17136895,1.00000000,-0.87614021,0.14332173
748,0.00200401,0.08988249,-1.00000000,-0.97647036,0.12334128
749,-0.00040111,0.02056294,-1.00000000,-0.85076136,0.09259646
750,0.00044310,0.12819659,1.00000000,-0.95443205,0.05580524
751,0.00232511,0.09791273,-1.00000000,-0.99103298,0.08060967
752,0.00992393,0.10854251,1.00000000,-0.99007416,0.20203801
753,0.00262570,0.13223971,1.00000000,-0.94709996,0.20662210
754,-0.00369066,0.22791974,1.00000000,-0.77358700,0.18236643
755,-0.00586006,0.13602460,1.00000000,-0.94023618,0.13588976
756,0.00266087,0.05649260,-1.00000000,-0.91591876,0.13836554
757,-0.00317863,0.02917674,-1.00000000,-0.86638224,0.04175313
758,0.00305745,0.13646747,1.00000000,-0.93943305,0.04493663
759,-0.00067412,0.06293980,-1.00000000,-0.92761058,0.06717926
760,-0.00455810,0.14146089,1.00000000,-0.93037762,0.07677929
761,0.00654714,0.09447518,-1.00000000,-0.98479907,0.10543493
762,-0.00069244,0.04557021,-1.00000000,-0.89611132,0.12376693
763,0.00417301,0.18540119,1.00000000,-0.85069315,0.13199261
764,0.00356244,0.09424440,-1.00000000,-0.98438055,0.16323109
765,-0.00112247,0.15550746,1.00000000,-0.90490457,0.18856393
766,0.00173524,0.14781949,1.00000000,-0.91884648,0.15308310
767,0.00140444,0.08882976,-1.00000000,-0.97456127,0.16854463
768,-0.02331934,0.12481244,1.00000000,-0.96056910,-0.03417179
769,0.01357847,0.12064723,1.00000000,-0.96812259,0.03968200
770,0.00323713,-0.19066072,-1.00000000,-0.46771337,0.07182773
771,-0.00377533,0.27393573,1.00000000,-0.69013834,0.03119522
772,-0.00220205,0.14372334,1.00000000,-0.92627474,0.00460250
773,-0.00914406,0.05542644,-1.00000000,-0.91398531,0.10912473
774,-0.00716319,0.07523624,-1.00000000,-0.94990981,-0.04381513
775,0.00280850,-0.01217360,-1.00000000,-0.79139460,-0.04697566
776,-0.00284364,0.01276837,-1.00000000,-0.83662614,-0.04010576
777,0.00141477,0.13832626,1.00000000,-0.93606219,-0.01343689
778,0.00001155,0.06715781,-1.00000000,-0.93525980,0.05407251
779,0.00441782,0.12077728,1.00000000,-0.96788675,0.13946577
780,-0.00418833,0.10310866,1.00000000,-0.99992828,0.08787427
781,0.01853038,0.15858995,1.00000000,-0.89931457,0.24547683
782,0.00474217,0.05022617,-1.00000000,-0.90455477,0.27001157
783,0.01045139,0.33628741,1.00000000,-0.57706536,0.34699037
784,0.02099424,0.16267397,1.00000000,-0.89190832,0.46921758
785,0.00333966,0.23456131,1.00000000,-0.76154271,0.52472565
786,0.00172520,0.36731094,1.00000000,-0.52080509,0.40081165
787,0.00403093,0.14501437,1.00000000,-0.92393348,0.39556728
788,0.00738597,0.12468600,1.00000000,-0.96079840,0.37296420
789,-0.00097157,0.15371842,1.00000000,-0.90814894,0.21099803
790,0.01556522,0.19596321,1.00000000,-0.83153924,0.30114390
791,-0.01546935,0.09072982,-1.00000000,-0.97800697,0.17435893
792,0.03797130,0.29895175,1.00000000,-0.64477250,0.42462023
793,0.00046826,-0.09181803,-1.00000000,-0.64696173,0.37361212
794,-0.00101864,0.58107648,1.00000000,-0.13314747,0.37326500
795,0.00631417,0.10885935,1.00000000,-0.98949958,0.30505181
796,-0.00420454,0.09013707,-1.00000000,-0.97693203,0.38811353
797,0.00432613,0.18246767,1.00000000,-0.85601301,0.14002896
798,0.00789772,0.05002209,-1.00000000,-0.90418469,0.19481052
799,-0.00377642,0.15743550,1.00000000,-0.90140814,0.17447588
800,-0.00669398,0.20240695,1.00000000,-0.81985371,0.07855954
801,0.00929826,0.05541267,-1.00000000,-0.91396034,0.17812319
802,0.00104268,0.01867637,-1.00000000,-0.84734013,0.15391242
803,0.02106890,0.22004170,1.00000000,-0.78787359,0.25103081
804,0.00673522,0.11609204,1.00000000,-0.97638330,0.32853902
805,-0.00693881,0.36825092,1.00000000,-0.51910046,0.32673378
806,0.00130900,0.18776937,1.00000000,-0.84639854,0.26782450
807,-0.00911179,0.01559366,-1.00000000,-0.84174973,0.19294995
808,0.00050108,0.11944542,1.00000000,-0.97030203,0.04129195
809,-0.00894628,-0.01176730,-1.00000000,-0.79213140,-0.07433650
810,-0.00135646,0.10927253,1.00000000,-0.98875029,-0.03317469
811,-0.00117024,-0.00968327,-1.00000000,-0.79591074,-0.05145552
812,-0.00051425,0.08588354,-1.00000000,-0.96921837,0.01193892
813,0.00241683,0.08822820,-1.00000000,-0.97347035,0.02606488
814,0.00083299,0.09648806,-1.00000000,-0.98844938,0.09817286
815,0.00396697,0.13339468,1.00000000,-0.94500546,0.13742544
816,0.01057643,0.11345174,1.00000000,-0.98117140,0.22404024
817,0.01329632,0.15291310,1.00000000,-0.90960936,0.32587329
818,-0.01673007,0.23613575,1.00000000,-0.75868750,0.18469248
819,0.01081338,0.27038300,1.00000000,-0.69658111,0.25828350
820,-0.00446304,-0.10769237,-1.00000000,-0.61817407,0.19612436
821,0.00112688,0.23911926,1.00000000,-0.75327699,0.12644754
822,0.00233589,0.04676720,-1.00000000,-0.89828203,0.04563020
823,0.00367508,0.11715232,1.00000000,-0.97446052,0.19608875
824,-0.00475837,0.13237546,1.00000000,-0.94685378,0.08126957
825,0.00024254,0.14923779,1.00000000,-0.91627443,0.11596644
826,-0.00330261,0.04304859,-1.00000000,-0.89153843,0.08330536
827,-0.00346069,0.10601722,1.00000000,-0.99465369,0.04056396
828,0.00120574,0.06137871,-1.00000000,-0.92477958,0.02235613
829,0.00501480,0.05938821,-1.00000000,-0.92116986,0.09441915
830,0.00101859,0.11814524,1.00000000,-0.97265987,0.10014137
831,-0.01414419,0.16610683,1.00000000,-0.88568293,0.02020032
832,-0.01450431,0.11578875,1.00000000,-0.97693331,-0.06123041
833,-0.00739460,-0.07513242,-1.00000000,-0.67722060,-0.12464552
834,0.00466392,-0.07966678,-1.00000000,-0.66899767,-0.12723276
835,0.00062008,0.00985460,-1.00000000,-0.83134209,-0.13017117
836,0.00018333,0.16168873,1.00000000,-0.89369503,-0.02452637
837,-0.00500721,0.11077099,1.00000000,-0.98603287,0.04550103
838,-0.00079436,0.10527165,1.00000000,-0.99600575,0.09416827
839,-0.00169746,0.03991534,-1.00000000,-0.88585638,0.04726223
840,0.01005650,0.09296108,-1.00000000,-0.98205329,0.11684221
841,-0.00008626,0.08158976,-1.00000000,-0.96143173,0.11485435
842,-0.00551455,0.22958906,1.00000000,-0.77055973,0.11111346
843,-0.00524132,0.10187709,-1.00000000,-0.99822222,0.07832357
844,0.00472538,0.03352721,-1.00000000,-0.87427169,0.12568277
845,0.00409597,0.03696751,-1.00000000,-0.88051058,0.08173248
846,-0.00329893,0.16246257,1.00000000,-0.89229169,0.05804371
847,0.00028427,0.15453746,1.00000000,-0.90666364,0.10080159
848,0.00355040,0.06142502,-1.00000000,-0.92486356,0.16562783
849,0.00383040,0.10654259,1.00000000,-0.99370094,0.15902862
850,0.00555880,0.14766789,1.00000000,-0.91912141,0.16981485
851,-0.00251174,0.15119345,1.00000000,-0.91272791,0.17561921
852,0.00780015,0.17295654,1.00000000,-0.87326117,0.23103802
853,0.01132702,0.07133681,-1.00000000,-0.94283832,0.28837941
854,-0.00152457,0.20117838,1.00000000,-0.82208168,0.24889425
855,0.01345645,0.24558676,1.00000000,-0.74154837,0.30712800
856,-0.00901117,0.08376671,-1.00000000,-0.96537958,0.25920411
857,-0.00299767,0.27239925,1.00000000,-0.69292469,0.17958576
858,0.00094695,-0.01050028,-1.00000000,-0.79442910,0.10304766
859,-0.00007998,0.06521830,-1.00000000,-0.93174257,0.11369941
860,-0.00725223,0.11488667,1.00000000,-0.97856920,-0.03899723
861,0.00397615,0.10195615,-1.00000000,-0.99836560,0.05676550
862,-0.00903295,0.01164722,-1.00000000,-0.83459296,0.01226398
863,-0.00680625,0.15302871,1.00000000,-0.90939971,-0.04490466
864,0.00474224,-0.01077461,-1.00000000,-0.79393162,-0.00934770
865,-0.00352982,0.01726278,-1.00000000,-0.84477663,0.01809976
866,-0.00137089,0.16267491,1.00000000,-0.89190660,-0.02132695
867,0.00256729,0.05851780,-1.00000000,-0.91959141,0.06420811
868,-0.00516169,0.08570178,-1.00000000,-0.96888877,0.07633441
869,0.01372495,0.13528912,1.00000000,-0.94156994,0.14256889
870,-0.01008708,0.03797022,-1.00000000,-0.88232896,0.09421855
871,-0.00444780,0.27578006,1.00000000,-0.68679369,0.07153078
872,-0.00069162,-0.02404753,-1.00000000,-0.76986156,0.04750103
873,0.00543979,0.04695907,-1.00000000,-0.89862998,0.12567160
874,-0.00664297,0.09425477,-1.00000000,-0.98439937,-0.02451243
875,-0.00007314,0.17145801,1.00000000,-0.87597872,0.04932588
876,-0.00209248,0.01931867,-1.00000000,-0.84850492,0.06669295
877,-0.00239357,0.10204227,-1.00000000,-0.99852178,0.05414349
878,-0.00656020,0.07661590,-1.00000000,-0.95241178,-0.03433913
879,-0.00452166,0.07282472,-1.00000000,-0.94553659,-0.01869748
880,-0.01192883,0.02036089,-1.00000000,-0.85039495,-0.10611603
881,0.00513334,0.04602910,-1.00000000,-0.89694351,-0.05283601
882,-0.00185080,-0.04723780,-1.00000000,-0.72780669,-0.04883386
883,-0.00012175,0.16759940,1.00000000,-0.88297620,-0.00135958
884,0.00731464,0.07965898,-1.00000000,-0.95793032,0.08591605
885,0.00314562,0.10143022,-1.00000000,-0.99741184,0.19706835
886,-0.00865175,0.19506510,1.00000000,-0.83316794,0.09542317
887,0.00171571,0.14257114,1.00000000,-0.92836421,0.12172107
888,-0.00338919,-0.00597474,-1.00000000,-0.80263605,0.09762843
889,-0.00778799,0.12456653,1.00000000,-0.96101506,-0.01373168
890,0.00395288,0.06028850,-1.00000000,-0.92280251,-0.00777931
891,0.01971337,0.00490129,-1.00000000,-0.82235941,0.20137258
892,-0.01808278,0.15273569,1.00000000,-0.90993109,0.05538730
893,-0.00544223,0.35118295,1.00000000,-0.55005274,0.04024906
894,-0.02295830,-0.12472485,-1.00000000,-0.58728615,-0.07161009
895,-0.01785147,0.03443771,-1.00000000,-0.87592286,-0.23238572
896,0.00266199,-0.18611471,-1.00000000,-0.47595743,-0.35811505
897,0.00772880,-0.12181240,-1.00000000,-0.59256780,-0.16779189
898,-0.00054508,0.13648158,1.00000000,-0.93940745,-0.13168247
899,0.00186529,0.20028001,1.00000000,-0.82371085,0.05135567
900,-0.00168279,0.09609987,-1.00000000,-0.98774540,0.17057636
901,-0.00181967,0.12644991,1.00000000,-0.95759959,0.13753056
902,-0.00492510,0.08177450,-1.00000000,-0.96176675,0.04422624
903,0.00863419,0.08005100,-1.00000000,-0.95864124,0.11191013
904,0.01481132,0.04094912,-1.00000000,-0.88773111,0.20736843
905,0.00532761,0.21168009,1.00000000,-0.80303713,0.25906005
906,-0.00492753,0.28945905,1.00000000,-0.66198724,0.23614407
907,-0.00800507,0.17004555,1.00000000,-0.87854018,0.21343376
908,-0.00204841,0.04091860,-1.00000000,-0.88767577,0.13466501
909,0.00298122,0.00216791,-1.00000000,-0.81740250,0.04743506
910,0.01192554,0.07717083,-1.00000000,-0.95341814,0.09608525
911,-0.00361712,0.14050106,1.00000000,-0.93211825,0.10574761
912,0.00161573,0.25312292,1.00000000,-0.72788176,0.17668712
913,-0.00100566,0.05741850,-1.00000000,-0.91759785,0.18437592
914,-0.01441693,0.12330759,1.00000000,-0.96329811,0.05608972
915,-0.00424875,0.09030059,-1.00000000,-0.97722857,-0.06317235
916,0.00070860,-0.07856654,-1.00000000,-0.67099292,-0.03127637
917,-0.00840957,0.04946535,-1.00000000,-0.90317506,-0.10519850
918,0.00574718,0.11188558,1.00000000,-0.98401158,-0.05540606
919,-0.00907000,-0.00292535,-1.00000000,-0.80816603,-0.01598023
920,-0.01213766,0.17532852,1.00000000,-0.86895966,-0.07414951
921,0.00602510,-0.01124112,-1.00000000,-0.79308561,-0.03494799
922,-0.00182378,-0.04986727,-1.00000000,-0.72303822,0.01361275
923,0.00690122,0.17882797,1.00000000,-0.86261351,0.02212212
924,-0.01277481,0.07999927,-1.00000000,-0.95854743,-0.00519545
925,0.00570684,0.18985951,1.00000000,-0.84260813,0.12638197
926,0.00382641,-0.05788990,-1.00000000,-0.70848941,0.11016975
927,-0.01897837,0.17482059,1.00000000,-0.86988077,-0.01632064
928,-0.00217324,0.15114322,1.00000000,-0.91281900,-0.08323170
929,0.01683352,-0.13600173,-1.00000000,-0.56683586,0.13508703
930,-0.01064820,0.07559901,-1.00000000,-0.95056769,0.01449218
931,0.01019569,0.31492151,1.00000000,-0.61581180,0.06145642
932,-0.01235865,-0.03111290,-1.00000000,-0.75704872,0.11026733
933,0.00107256,0.23134159,1.00000000,-0.76738157,0.13420046
934,-0.00570929,-0.05264991,-1.00000000,-0.71799198,-0.03202030
935,0.00497962,0.11646837,1.00000000,-0.97570083,0.08321238
936,-0.00173962,0.03107506,-1.00000000,-0.86982478,-0.00479325
937,-0.00039333,0.16566389,1.00000000,-0.88648618,0.08343374
938,-0.00207087,0.08105899,-1.00000000,-0.96046920,0.06025544
939,0.00686760,0.09801070,-1.00000000,-0.99121063,0.15299189
940,-0.00262015,0.07688800,-1.00000000,-0.95290523,0.09695451
941,0.00608723,0.18943621,1.00000000,-0.84337576,0.15466623
942,0.00107338,0.06997181,-1.00000000,-0.94036291,0.16548110
943,0.00125434,0.17961026,1.00000000,-0.86119484,0.18999975
944,-0.00383138,0.11647867,1.00000000,-0.97568215,0.11111024
945,0.00291419,0.11875722,1.00000000,-0.97155006,0.15191805
946,-0.00481218,0.05472074,-1.00000000,-0.91270555,0.07155062
947,0.00343537,0.13965716,1.00000000,-0.93364863,0.08896691
948,0.02234753,0.04237102,-1.00000000,-0.89030969,0.24449877
949,-0.02419093,0.14621956,1.00000000,-0.92174791,0.09437642
950,-0.02697326,0.38435081,1.00000000,-0.48990378,-0.12600047
951,-0.01450451,-0.20163531,-1.00000000,-0.44781127,-0.19746747
952,-0.00183816,-0.23666889,-1.00000000,-0.38427888,-0.23635216
953,-0.00958783,-0.07966941,-1.00000000,-0.66899289,-0.47182937
954,0.01052916,0.07981823,-1.00000000,-0.95821911,-0.21581875
955,0.00225170,-0.01776126,-1.00000000,-0.78126154,-0.00032677
956,0.00492945,0.23554057,1.00000000,-0.75976684,0.14297070
957,-0.01203560,0.13131545,1.00000000,-0.94877607,0.06777924
958,-0.00771063,0.16503214,1.00000000,-0.88763184,0.08162090
959,-0.00780028,-0.04858228,-1.00000000,-0.72536851,-0.05353233
960,-0.00376258,0.00587541,-1.00000000,-0.82412596,-0.09787902
961,-0.00851807,0.00474651,-1.00000000,-0.82207872,-0.19703508
962,0.00599326,0.05558695,-1.00000000,-0.91427639,-0.06409820
963,0.00263561,-0.00429147,-1.00000000,-0.80568862,0.01219032
964,0.02906850,0.17842705,1.00000000,-0.86334056,0.28404443
965,0.00767564,0.13614932,1.00000000,-0.94001000,0.36838483
966,-0.00258913,0.46897748,1.00000000,-0.33643576,0.41210219
967,0.00196439,0.19961061,1.00000000,-0.82492478,0.38239510
968,0.00738404,0.07036239,-1.00000000,-0.94107122,0.41740792
969,0.00312875,0.12769780,1.00000000,-0.95533659,0.22613964
970,0.00296396,0.19593887,1.00000000,-0.83158338,0.19139776
971,-0.01242986,0.14235870,1.00000000,-0.92874947,0.11883655
972,0.02007005,0.14028372,1.00000000,-0.93251238,0.25233965
973,-0.00168574,-0.05354658,-1.00000000,-0.71636590,0.18546312
974,0.00029674,0.35567403,1.00000000,-0.54190828,0.16458113
975,-0.00399389,0.08173733,-1.00000000,-0.96169935,0.11327708
976,0.00081180,0.10669962,1.00000000,-0.99341618,0.21091526
977,0.00690849,0.05267450,-1.00000000,-0.90899474,0.11386771
978,-0.00424909,0.11318501,1.00000000,-0.98165511,0.09496673
979,0.00626170,0.18995103,1.00000000,-0.84244216,0.13894970
980,0.00511820,0.04946112,-1.00000000,-0.90316738,0.20613820
981,0.00798684,0.18180703,1.00000000,-0.85721107,0.25904379
982,0.00844074,0.16740878,1.00000000,-0.88332188,0.27034197
983,0.00200436,0.20352910,1.00000000,-0.81781871,0.31645216
984,0.00457827,0.20924432,1.00000000,-0.80745433,0.30403934
985,-0.00708658,0.12820107,1.00000000,-0.95442391,0.21404666
986,0.00811461,0.16061031,1.00000000,-0.89565070,0.21498873
987,0.00149524,0.01373300,-1.00000000,-0.83837547,0.16377566
988,-0.00733545,0.20513783,1.00000000,-0.81490133,0.09490801
989,0.00486403,0.12179046,1.00000000,-0.96604938,0.09701501
990,-0.00048457,0.01059940,-1.00000000,-0.83269277,0.14569535
991,0.00561864,0.16420833,1.00000000,-0.88912580,0.12729118
992,-0.00010268,0.09686187,-1.00000000,-0.98912726,0.11550881
993,0.00081467,0.17370999,1.00000000,-0.87189482,0.17560416
994,-0.00142086,0.10167033,-1.00000000,-0.99784726,0.12926218
995,0.00303120,0.11322108,1.00000000,-0.98158970,0.15518592
996,-0.00418058,0.08507256,-1.00000000,-0.96774769,0.08293079
997,-0.00000841,0.14113048,1.00000000,-0.93097681,0.08362594
998,0.00850038,0.05032369,-1.00000000,-0.90473163,0.14029699
999,-0.00827987,0.10285741,-1.00000000,-1.00000000,0.08972173
1000,-0.00165106,0.20999524,1.00000000,-0.80609256,0.05519680
1001,0.00086172,-0.00129215,-1.00000000,-0.81112780,0.09237649
1002,0.00399096,0.08217406,-1.00000000,-0.96249135,0.12186604
1003,0.00360725,0.11381350,1.00000000,-0.98051536,0.08578625
1004,-0.00112343,0.15321515,1.00000000,-0.90906161,0.13855462
1005,0.00516545,0.14838369,1.00000000,-0.91782333,0.18881653
1006,-0.00509573,0.08881763,-1.00000000,-0.97453926,0.14488898
1007,-0.00266019,0.16800368,1.00000000,-0.88224304,0.09584635
1008,-0.00737963,0.03880073,-1.00000000,-0.88383507,0.01483398
1009,-0.00113500,0.06946764,-1.00000000,-0.93944861,0.01474870
1010,-0.00044524,0.01004312,-1.00000000,-0.83168398,-0.02662201
1011,0.00252250,0.08867200,-1.00000000,-0.97427516,0.02955140
1012,-0.00112480,0.09735708,-1.00000000,-0.99002532,0.04087269
1013,-0.00437660,0.13472512,1.00000000,-0.94259274,0.06301571
1014,-0.00300459,0.08880039,-1.00000000,-0.97450801,0.04923019
1015,0.00490654,0.04785560,-1.00000000,-0.90025582,0.08869182
1016,0.00155268,0.06513120,-1.00000000,-0.93158461,0.08154081
1017,0.00693413,0.16474362,1.00000000,-0.88815506,0.14096377
1018,-0.00409070,0.12251373,1.00000000,-0.96473775,0.14307184
1019,-0.00227559,0.19027386,1.00000000,-0.84185671,0.14844715
1020,0.00048394,0.05145544,-1.00000000,-0.90678402,0.11583684
1021,0.00150783,0.07431033,-1.00000000,-0.94823070,0.11550614
1022,0.00547623,0.10905671,1.00000000,-0.98914166,0.10475626
1023,-0.00341634,0.12194901,1.00000000,-0.96576185,0.10972873
1024,-0.00268676,0.17191684,1.00000000,-0.87514663,0.10669690
1025,0.00135369,0.05994667,-1.00000000,-0.92218262,0.11311011
1026,0.00044510,0.06913303,-1.00000000,-0.93884182,0.10527397
1027,-0.00444222,0.12000821,1.00000000,-0.96928143,0.03213973
1028,-0.00030612,0.10856765,1.00000000,-0.99002856,0.05507308
1029,0.00009614,0.04702934,-1.00000000,-0.89875741,0.07559298
1030,0.00055722,0.09910875,-1.00000000,-0.99320193,0.06972009
1031,-0.00029527,0.10417378,1.00000000,-0.99799672,0.06426098
1032,-0.00566403,0.10997940,1.00000000,-0.98746839,0.05525185
1033,0.00297294,0.09924540,-1.00000000,-0.99344974,0.07943020
1034,0.00490804,0.03164492,-1.00000000,-0.87085822,0.11491104
1035,-0.00647741,0.14039685,1.00000000,-0.93230722,0.06304082
1036,-0.00656449,0.16476255,1.00000000,-0.88812073,0.01681435
1037,0.00195884,0.02140335,-1.00000000,-0.85228541,0.07302205
1038,-0.00066894,0.02030689,-1.00000000,-0.85029702,0.04616840
1039,0.02012655,0.12762786,1.00000000,-0.95546343,0.15838296
1040,-0.00210528,0.09454029,-1.00000000,-0.98491715,0.19062113
1041,0.00947993,0.35638546,1.00000000,-0.54061813,0.30892560
1042,0.00613124,0.07645478,-1.00000000,-0.95211959,0.33969101
1043,-0.00663377,0.22232920,1.00000000,-0.78372528,0.29570906
1044,-0.00238289,0.18016434,1.00000000,-0.86019003,0.12973438
1045,0.01305065,0.01943462,-1.00000000,-0.84871518,0.24148751
1046,0.00416860,0.07295923,-1.00000000,-0.94578051,0.20232411
1047,-0.00613195,0.26728973,1.00000000,-0.70219067,0.11190078
1048,0.00609107,0.15545192,1.00000000,-0.90500530,0.20572811
1049,-0.00840672,0.02575317,-1.00000000,-0.86017370,0.16131107
1050,0.00128322,0.17965862,1.00000000,-0.86110714,0.07454320
1051,0.00798453,-0.00288941,-1.00000000,-0.80823120,0.10268019
1052,0.01461932,0.11912078,1.00000000,-0.97089076,0.25569086
1053,0.00010673,0.20349999,1.00000000,-0.81787151,0.21156498
1054,0.00658755,0.28704144,1.00000000,-0.66637151,0.32212606
1055,-0.00562497,0.10430719,1.00000000,-0.99775478,0.27118819
1056,-0.00026630,0.18590994,1.00000000,-0.84977056,0.21035017
1057,0.00422096,0.03213685,-1.00000000,-0.87175031,0.13367731
1058,0.00995304,0.09961010,-1.00000000,-0.99411110,0.20627965
1059,-0.00189496,0.15611123,1.00000000,-0.90380965,0.14373336
1060,0.00358586,0.22828638,1.00000000,-0.77292210,0.21164993
1061,0.00792790,0.07910293,-1.00000000,-0.95692194,0.27207039
1062,0.00887687,0.14811440,1.00000000,-0.91831167,0.30640103
1063,0.01181341,0.20278694,1.00000000,-0.81916461,0.32011854
1064,-0.00314119,0.21473586,1.00000000,-0.79749558,0.31092940
1065,0.00293662,0.25171105,1.00000000,-0.73044214,0.30614217
1066,-0.00105064,0.06341113,-1.00000000,-0.92846531,0.23993837
1067,-0.00042986,0.13993950,1.00000000,-0.93313661,0.17131460
1068,0.00295940,0.08973418,-1.00000000,-0.97620140,0.10602902
1069,-0.00879962,0.09755067,-1.00000000,-0.99037638,0.06430630
1070,-0.00279435,0.14022630,1.00000000,-0.93261652,0.02204866
1071,-0.00660403,-0.00783657,-1.00000000,-0.79925967,-0.01889955
1072,0.00340697,0.06777834,-1.00000000,-0.93638513,0.00939156
1073,-0.00260152,0.01980908,-1.00000000,-0.84939426,-0.03161219
1074,-0.01638709,0.14586192,1.00000000,-0.92239649,-0.08755887
1075,-0.01245891,0.07020634,-1.00000000,-0.94078823,-0.15882100
1076,0.00383261,-0.10337377,-1.00000000,-0.62600573,-0.08186586
1077,-0.01278291,-0.05391226,-1.00000000,-0.71570274,-0.20124285
1078,-0.00161851,0.15122133,1.00000000,-0.91267734,-0.19399451
1079,-0.00008136,-0.05799191,-1.00000000,-0.70830442,-0.07376326
1080,0.01135193,0.08258395,-1.00000000,-0.96323466,0.10180732
1081,0.00290088,0.10193882,-1.00000000,-0.99833417,0.09493711
1082,-0.00025649,0.24590040,1.00000000,-0.74097960,0.18730140
1083,-0.01384437,0.13948945,1.00000000,-0.93395278,0.09715331
1084,-0.00303085,0.09973373,-1.00000000,-0.99433529,0.07540505
1085,-0.00506547,-0.07135720,-1.00000000,-0.68406685,-0.04564961
1086,0.00366184,0.06480046,-1.00000000,-0.93098483,-0.04003860
1087,0.01721863,0.03918171,-1.00000000,-0.88452596,0.08881515
1088,-0.01419171,0.14907106,1.00000000,-0.91657680,0.08625396
1089,-0.01979418,0.31977051,1.00000000,-0.60701828,-0.03735136
1090,-0.00482628,-0.07573081,-1.00000000,-0.67613543,-0.03558770
1091,0.00334854,-0.14627384,-1.00000000,-0.54820768,-0.03789779
1092,-0.00992205,0.04219341,-1.00000000,-0.88998759,-0.23802116
1093,0.01283364,0.14512624,1.00000000,-0.92373061,-0.03874815
1094,0.02355685,-0.02196965,-1.00000000,-0.77362974,0.28090310
1095,-0.00191509,0.26455724,1.00000000,-0.70714595,0.30236896
1096,0.00392929,0.39957780,1.00000000,-0.46229008,0.30665113
1097,-0.00757021,0.07884953,-1.00000000,-0.95646241,0.32399255
1098,0.00273899,0.15243868,1.00000000,-0.91046972,0.24955904
1099,0.01053178,0.00764338,-1.00000000,-0.82733212,0.15351798
1100,0.00113772,0.13745106,1.00000000,-0.93764933,0.17602804
1101,0.00221355,0.23557352,1.00000000,-0.75970708,0.16337695
1102,0.00314953,0.11728877,1.00000000,-0.97421306,0.24241962
1103,-0.00345749,0.13083508,1.00000000,-0.94964722,0.19672954
1104,0.00066613,0.14262039,1.00000000,-0.92827490,0.12398457
1105,0.00890576,0.05942852,-1.00000000,-0.92124298,0.18126267
1106,-0.00646309,0.11135076,1.00000000,-0.98498148,0.11728494
1107,0.00077253,0.21509957,1.00000000,-0.79683601,0.09975794
1108,-0.00324355,0.02158367,-1.00000000,-0.85261243,0.10133541
1109,0.00214493,0.11269047,1.00000000,-0.98255195,0.11223947
1110,-0.00092365,0.06212227,-1.00000000,-0.92612801,0.03976176
1111,-0.00575534,0.12997105,1.00000000,-0.95121411,0.04498039
1112,0.02307114,0.09133320,-1.00000000,-0.97910117,0.20940048
1113,-0.00255167,0.03049525,-1.00000000,-0.86877331,0.21450214
1114,0.00471465,0.39346201,1.00000000,-0.47338088,0.23345013
1115,0.00089832,0.07083411,-1.00000000,-0.94192667,0.24688450
1116,0.01474081,0.16232754,1.00000000,-0.89253656,0.39801408
1117,0.01604976,0.11427438,1.00000000,-0.97967958,0.34624158
1118,-0.00504581,0.28857128,1.00000000,-0.66359719,0.32785089
1119,0.03425208,0.30505284,1.00000000,-0.63370836,0.54564678
1120,0.00574313,0.03942930,-1.00000000,-0.88497496,0.58137029
1121,0.01305780,0.53424613,1.00000000,-0.21807294,0.56896051
1122,-0.01063155,0.17527753,1.00000000,-0.86905213,0.37222434
1123,-0.00160377,0.26737975,1.00000000,-0.70202742,0.39760442
1124,0.00725778,-0.03090317,-1.00000000,-0.75742906,0.19856038
1125,-0.00619461,0.08276953,-1.00000000,-0.96357121,0.11053678
1126,0.00437896,0.19434908,1.00000000,-0.83446641,0.04654286
1127,-0.00609803,0.02496424,-1.00000000,-0.85874299,0.07997099
1128,0.00608044,0.15810070,1.00000000,-0.90020181,0.13663095
1129,0.00705033,0.02618029,-1.00000000,-0.86094826,0.13510136
1130,0.00883861,0.17952476,1.00000000,-0.86134989,0.24594963
1131,-0.00192907,0.19173709,1.00000000,-0.83920319,0.19943696
1132,-0.01004407,0.21425400,1.00000000,-0.79836942,0.17034062
1133,-0.01011224,0.07867347,-1.00000000,-0.95614312,0.05094295
1134,0.00860808,-0.02350601,-1.00000000,-0.77084360,0.06242906
1135,-0.00957849,-0.02436436,-1.00000000,-0.76928701,-0.07337044
1136,-0.00014852,0.21135131,1.00000000,-0.80363336,-0.06024144
1137,0.01146218,-0.01764368,-1.00000000,-0.78147477,0.09833612
1138,0.01716236,0.10109317,-1.00000000,-0.99680060,0.29944694
1139,0.00709920,0.24728856,1.00000000,-0.73846221,0.28832117
1140,-0.00931232,0.31906203,1.00000000,-0.60830310,0.29028376
1141,-0.00093173,0.19235243,1.00000000,-0.83808728,0.28450870
1142,-0.02217427,-0.01429228,-1.00000000,-0.78755243,0.03648839
1143,0.00779379,0.09123141,-1.00000000,-0.97891658,-0.03259127
1144,0.00387463,-0.17624269,-1.00000000,-0.49386004,-0.05636789
1145,0.00442355,0.20109831,1.00000000,-0.82222688,0.04491437
1146,0.00559563,0.15175036,1.00000000,-0.91171797,0.09304426
1147,0.00583133,0.15866211,1.00000000,-0.89918370,0.29954518
1148,0.01051010,0.17342029,1.00000000,-0.87242018,0.31957402
1149,0.01118636,0.17638808,1.00000000,-0.86703816,0.37348752
1150,0.01420093,0.23530051,1.00000000,-0.76020219,0.44558163
1151,0.01224481,0.24381562,1.00000000,-0.74476029,0.49460975
1152,0.00750113,0.28177342,1.00000000,-0.67592490,0.50692211
1153,0.00936529,0.25714303,1.00000000,-0.72059141,0.49848079
1154,0.00382322,0.19741326,1.00000000,-0.82890962,0.44418825
1155,0.01323432,0.22088571,1.00000000,-0.78634302,0.43706084
1156,0.00015795,0.15110310,1.00000000,-0.91289176,0.34793767
1157,-0.00666581,0.26960232,1.00000000,-0.69799684,0.24347690
1158,-0.00936852,0.10495208,1.00000000,-0.99658529,0.10534206
1159,-0.00887864,0.01903109,-1.00000000,-0.84798340,0.01168415
1160,0.00604809,-0.01499991,-1.00000000,-0.78626917,-0.04130389
1161,0.00791310,-0.00883159,-1.00000000,-0.79745524,0.01587917
1162,0.00976509,0.17911741,1.00000000,-0.86208860,0.13703335
1163,-0.00070191,0.20260058,1.00000000,-0.81950255,0.20093710
1164,0.00123021,0.22591972,1.00000000,-0.77721397,0.27547530
1165,-0.00880195,0.09412517,-1.00000000,-0.98416435,0.16597765
1166,0.00300866,0.11845337,1.00000000,-0.97210109,0.12981443
1167,-0.00179250,-0.00786596,-1.00000000,-0.79920637,0.04459387
1168,-0.00197348,0.14084656,1.00000000,-0.93149169,0.03521786
1169,0.02558674,0.08039305,-1.00000000,-0.95926153,0.21481211
1170,0.01024146,0.07811426,-1.00000000,-0.95512901,0.35522983
1171,0.00243389,0.42513703,1.00000000,-0.41593914,0.35099177
1172,0.00233574,0.23191800,1.00000000,-0.76633626,0.38143163
1173,0.02064331,0.13360945,1.00000000,-0.94461598,0.54819789
1174,0.01940480,0.13237358,1.00000000,-0.94685719,0.50261500
1175,0.00078801,0.36289224,1.00000000,-0.52881827,0.43290939
1176,-0.00411377,0.34729753,1.00000000,-0.55709883,0.38462981
1177,0.02384994,0.11288539,1.00000000,-0.98219847,0.54326598
1178,-0.01447735,0.05116496,-1.00000000,-0.90625723,0.28430175
1179,-0.00740886,0.40326823,1.00000000,-0.45559758,0.08658972
1180,0.01403553,-0.07932735,-1.00000000,-0.66961320,0.18427110
1181,-0.00443037,0.00967508,-1.00000000,-0.83101654,0.18193666
1182,-0.00679673,0.27969074,1.00000000,-0.67970178,-0.04403830
1183,0.00595446,0.04717857,-1.00000000,-0.89902803,0.10661683
1184,0.00919410,0.01738266,-1.00000000,-0.84499403,0.22903967
1185,-0.00744086,0.17793848,1.00000000,-0.86422656,0.07068228
1186,-0.00181240,0.21873013,1.00000000,-0.79025209,0.08998600
1187,-0.00331038,0.00927216,-1.00000000,-0.83028586,0.11569284
1188,-0.00062832,0.08014252,-1.00000000,-0.95880720,0.06715435
1189,-0.00208688,0.06128088,-1.00000000,-0.92460217,-0.01602656
1190,-0.00867442,0.09505185,-1.00000000,-0.98584485,-0.02512229
1191,0.00183327,0.07668645,-1.00000000,-0.95253973,0.00175926
1192,0.00412080,-0.00626012,-1.00000000,-0.80211851,0.05655345
1193,-0.01143128,0.12604671,1.00000000,-0.95833079,-0.02310279
1194,-0.01145317,0.15485005,1.00000000,-0.90609676,-0.09216564
1195,0.01183221,-0.04097294,-1.00000000,-0.73916783,0.05904117
1196,0.00429546,-0.04124855,-1.00000000,-0.73866802,0.07719633
1197,0.00244567,0.25194782,1.00000000,-0.73001278,0.06484470
1198,0.00300845,0.15704932,1.00000000,-0.90210846,0.17131688
1199,0.02031647,0.13375782,1.00000000,-0.94434692,0.40557213
1200,0.01357950,0.14084402,1.00000000,-0.93149629,0.41845583
1201,-0.00309248,0.35877683,1.00000000,-0.53628144,0.36398038
1202,-0.00231220,0.27394863,1.00000000,-0.69011494,0.32889791
1203,-0.00984485,0.06402445,-1.00000000,-0.92957755,0.23412332
1204,-0.00198632,0.07384932,-1.00000000,-0.94739468,0.06967237
1205,-0.00858121,-0.02099756,-1.00000000,-0.77539259,-0.09373090
1206,0.00397092,0.07795260,-1.00000000,-0.95483584,-0.04164846
1207,0.00776283,-0.00508655,-1.00000000,-0.80424675,0.03264038
1208,0.00040719,0.15296289,1.00000000,-0.90951907,0.10823442
1209,0.00114146,0.20070847,1.00000000,-0.82293386,0.13129730
1210,-0.00111744,0.10809041,1.00000000,-0.99089402,0.18633184
1211,-0.00310372,0.11733587,1.00000000,-0.97412765,0.13416658
1212,-0.01097526,0.08889305,-1.00000000,-0.97467604,-0.00399981
1213,0.00529881,0.06388301,-1.00000000,-0.92932105,0.03206883
1214,-0.00117850,-0.03523101,-1.00000000,-0.74958066,0.01496249
1215,-0.00166530,0.16968293,1.00000000,-0.87919778,0.01092284
1216,-0.00674539,0.08812426,-1.00000000,-0.97328186,-0.01592928
1217,0.00225709,0.08199476,-1.00000000,-0.96216620,0.08164018
1218,-0.00500419,0.01802905,-1.00000000,-0.84616623,0.00567037
1219,0.01291733,0.13138323,1.00000000,-0.94865316,0.10960676
1220,0.00425202,0.03995326,-1.00000000,-0.88592516,0.15323845
1221,0.02132914,0.26561099,1.00000000,-0.70523501,0.36024766
1222,-0.00102388,0.15650229,1.00000000,-0.90310047,0.33605529
1223,-0.01845841,0.37152781,1.00000000,-0.51315791,0.23684988
1224,0.00612457,0.09007119,-1.00000000,-0.97681256,0.18676307
1225,-0.01341503,-0.12945460,-1.00000000,-0.57870890,0.05649406
1226,0.02487921,0.18008037,1.00000000,-0.86034232,0.08267070
1227,-0.00257344,-0.06595126,-1.00000000,-0.69387037,0.07124489
1228,0.00179594,0.41622829,1.00000000,-0.43209489,0.22059145
1229,-0.00884434,0.07055993,-1.00000000,-0.94142946,0.11021735
1230,-0.00619157,0.12557668,1.00000000,-0.95918318,0.16347997
1231,-0.00971056,-0.00839969,-1.00000000,-0.79823847,-0.09156971
1232,-0.00875408,0.02500252,-1.00000000,-0.85881241,-0.13714301
1233,0.01124733,-0.01930664,-1.00000000,-0.77845903,-0.06745265
1234,-0.00983990,-0.00726320,-1.00000000,-0.80029946,-0.07479344
1235,-0.02363141,0.24458324,1.00000000,-0.74336821,-0.20338711
1236,0.01301044,-0.02093517,-1.00000000,-0.77550573,-0.03585248
1237,-0.01391326,-0.19459013,-1.00000000,-0.46058750,-0.07389399
1238,0.00202730,0.26678344,1.00000000,-0.70310881,-0.14187840
1239,0.00062782,-0.07222469,-1.00000000,-0.68249368,-0.06469406
1240,-0.00523676,0.12848985,1.00000000,-0.95390022,0.07093996
1241,0.00084108,0.11086846,1.00000000,-0.98585610,-0.01879158
1242,-0.01473428,0.03702495,-1.00000000,-0.88061475,-0.02484539
1243,0.00396862,0.11355361,1.00000000,-0.98098666,-0.01053091
1244,0.00842734,-0.08256247,-1.00000000,-0.66374642,0.04697927
1245,0.00696001,0.15293394,1.00000000,-0.90957157,0.13691286
1246,0.01768292,0.20907557,1.00000000,-0.80776036,0.26109719
1247,-0.00414531,0.19059983,1.00000000,-0.84126558,0.33917556
1248,-0.00046322,0.32561666,1.00000000,-0.59641646,0.30649713
1249,-0.00014782,0.05076787,-1.00000000,-0.90553712,0.24326771
1250,-0.01728297,0.09713071,-1.00000000,-0.98961479,0.06451066
1251,0.02120597,0.10110201,-1.00000000,-0.99681663,0.09048804
1252,-0.01199624,-0.11465420,-1.00000000,-0.60554899,0.03259874
1253,-0.00136599,0.36997688,1.00000000,-0.51597048,0.02594208
1254,0.00831224,-0.04808666,-1.00000000,-0.72626731,0.08832277
1255,-0.00319687,0.08576348,-1.00000000,-0.96900065,0.19218746
1256,-0.00365519,0.20762624,1.00000000,-0.81038867,0.00887230
1257,-0.00010074,0.06271007,-1.00000000,-0.92719397,0.09658443
1258,-0.00937302,0.05693920,-1.00000000,-0.91672866,0.03754412
1259,-0.00847854,0.10169475,-1.00000000,-0.99789156,-0.08626360
1260,0.00259456,-0.01505656,-1.00000000,-0.78616642,-0.04356017
1261,0.00916688,-0.00379370,-1.00000000,-0.80659130,0.05098408
1262,-0.00590750,0.13563248,1.00000000,-0.94094727,0.00816763
1263,0.00161872,0.21838744,1.00000000,-0.79087355,0.08921586
1264,0.00492095,0.02857935,-1.00000000,-0.86529890,0.18801776
1265,-0.00390621,0.12334524,1.00000000,-0.96322982,0.14008397
1266,-0.00466041,0.16492512,1.00000000,-0.88782592,0.03812763
1267,-0.00023551,0.05377846,-1.00000000,-0.91099675,0.07995040
1268,0.01497829,0.04428196,-1.00000000,-0.89377512,0.17845798
1269,0.00105390,0.09999790,-1.00000000,-0.99481436,0.14994407
1270,-0.00683219,0.29156147,1.00000000,-0.65817457,0.12836919
1271,0.00531150,0.11623342,1.00000000,-0.97612691,0.20189767
1272,0.00232333,0.01693617,-1.00000000,-0.84418431,0.22076543
1273,-0.00616304,0.16984268,1.00000000,-0.87890806,0.06487862
1274,0.00794622,0.13221738,1.00000000,-0.94714045,0.11569948
1275,-0.00289121,0.02536174,-1.00000000,-0.85946385,0.14475855
1276,0.00766653,0.20301754,1.00000000,-0.81874642,0.16212350
1277,0.00164543,0.06655880,-1.00000000,-0.93417353,0.15712489
1278,0.00315047,0.19949590,1.00000000,-0.82513281,0.22579860
1279,-0.00154998,0.12368153,1.00000000,-0.96261998,0.15577783
1280,0.00341863,0.14263223,1.00000000,-0.92825344,0.20230376
1281,0.00166751,0.08344674,-1.00000000,-0.96479932,0.15806965
1282,0.00371008,0.14600869,1.00000000,-0.92213032,0.17329350
1283,0.00376090,0.12395964,1.00000000,-0.96211563,0.17779454
1284,-0.00309247,0.14967849,1.00000000,-0.91547525,0.16642089
1285,0.00298994,0.15031842,1.00000000,-0.91431475,0.16325995
1286,-0.00389665,0.06402457,-1.00000000,-0.92957777,0.12223227
1287,-0.00553217,0.14061091,1.00000000,-0.93191904,0.05408400
1288,-0.00293126,0.05389883,-1.00000000,-0.91121503,0.00473899
1289,0.00229118,0.03330526,-1.00000000,-0.87386920,0.04443569
1290,-0.02075458,0.06605454,-1.00000000,-0.93325906,-0.13064587
1291,-0.00944887,0.13181253,1.00000000,-0.94787464,-0.17158550
1292,0.00342215,-0.15836668,-1.00000000,-0.52627768,-0.10556027
1293,0.00589453,-0.01601163,-1.00000000,-0.78443445,-0.04048281
1294,0.00672905,0.14605308,1.00000000,-0.92204982,-0.00775996
1295,0.00199169,0.17718391,1.00000000,-0.86559496,0.15996091
1296,-0.00275313,0.18769162,1.00000000,-0.84653953,0.20933235
1297,-0.00009650,0.12804144,1.00000000,-0.95471341,0.18338736
1298,0.01076292,0.06829739,-1.00000000,-0.93732641,0.21928468
1299,0.00230029,0.10174818,-1.00000000,-0.99798845,0.18662898
1300,0.00243854,0.23848387,1.00000000,-0.75442926,0.18992386
1301,-0.00274041,0.13192720,1.00000000,-0.94766668,0.19001764
1302,0.01172002,0.13366792,1.00000000,-0.94450994,0.27714743
1303,-0.00143008,0.06845754,-1.00000000,-0.93761683,0.18724165
1304,0.00022488,0.25053515,1.00000000,-0.73257461,0.17193848
1305,0.00608351,0.08495649,-1.00000000,-0.96753720,0.19881489
1306,-0.00536863,0.10579479,1.00000000,-0.99505706,0.17943555
1307,0.00069012,0.17956335,1.00000000,-0.86127991,0.09810597
1308,-0.00270590,0.03536446,-1.00000000,-0.87760349,0.08869867
1309,0.00068461,0.11165290,1.00000000,-0.98443354,0.09208853
1310,-0.00639557,0.06889213,-1.00000000,-0.93840495,0.00007333
1311,-0.00148942,0.11158348,1.00000000,-0.98455943,0.02867696
1312,0.00960516,0.02243382,-1.00000000,-0.85415415,0.09441252
1313,0.00311271,0.08420938,-1.00000000,-0.96618234,0.13731633
1314,-0.00109820,0.22390607,1.00000000,-0.78086567,0.12417071
1315,-0.01018733,0.14215671,1.00000000,-0.92911578,0.09621200
1316,-0.01033214,0.08913540,-1.00000000,-0.97511554,0.03100968
1317,0.00099225,-0.02530980,-1.00000000,-0.76757247,-0.03249813
1318,0.00049410,-0.02713320,-1.00000000,-0.76426579,-0.05180661
1319,0.00260479,0.11545713,1.00000000,-0.97753469,-0.02450240
1320,0.00893176,0.10918463,1.00000000,-0.98890969,0.11647328
1321,0.01498626,0.13576137,1.00000000,-0.94071354,0.30315997
1322,0.00100750,0.21542696,1.00000000,-0.79624230,0.30327243
1323,-0.01446197,0.29166185,1.00000000,-0.65799253,0.19299304
1324,0.00208200,0.11564917,1.00000000,-0.97718643,0.18913820
1325,0.00550135,-0.07913368,-1.00000000,-0.66996442,0.16384389
1326,0.00061052,0.12917865,1.00000000,-0.95265111,0.05784352
1327,0.00179094,0.17223319,1.00000000,-0.87457294,0.06362024
1328,-0.00121132,0.11065059,1.00000000,-0.98625121,0.16132467
1329,0.00337785,0.12551377,1.00000000,-0.95929726,0.17087966
1330,-0.00774805,0.08771104,-1.00000000,-0.97253250,0.07318441
1331,-0.00067881,0.14549520,1.00000000,-0.92306152,0.06367746
1332,0.00125400,0.00540416,-1.00000000,-0.82327135,0.05971834
1333,-0.00296255,0.09441608,-1.00000000,-0.98469189,0.04680555
1334,-0.00209197,0.11875298,1.00000000,-0.97155776,0.00647355
1335,-0.00379017,0.06566055,-1.00000000,-0.93254457,0.03565722
1336,0.00701852,0.07662237,-1.00000000,-0.95242352,0.09241392
1337,0.00518113,0.05523958,-1.00000000,-0.91364644,0.12137082
1338,-0.00210601,0.19133650,1.00000000,-0.83992964,0.12768654
1339,-0.00824829,0.16820115,1.00000000,-0.88188493,0.08229257
1340,0.00134320,0.07644558,-1.00000000,-0.95210291,0.12014377
1341,-0.00191968,-0.00089453,-1.00000000,-0.81184886,0.05423746
1342,-0.00399439,0.11987608,1.00000000,-0.96952105,-0.01341878
1343,0.00032821,0.07879176,-1.00000000,-0.95635764,0.00453006
1344,-0.01307214,0.05266814,-1.00000000,-0.90898322,-0.03103891
1345,-0.00252464,0.10709587,1.00000000,-0.99269759,-0.05955862
1346,0.01188051,-0.06163378,-1.00000000,-0.70169999,0.04219788
1347,-0.00651578,0.07117446,-1.00000000,-0.94254390,0.02360624
1348,-0.00367500,0.25255598,1.00000000,-0.72890989,-0.00591165
1349,0.00186894,0.02092017,-1.00000000,-0.85140920,0.10425727
1350,0.00590317,0.05668973,-1.00000000,-0.91627625,0.16640016
1351,0.00651567,0.12649590,1.00000000,-0.95751620,0.12684221
1352,-0.00324795,0.17729261,1.00000000,-0.86539784,0.15093780
1353,-0.03713665,0.18500494,1.00000000,-0.85141174,-0.09579362
1354,0.00002371,0.06206696,-1.00000000,-0.92602770,-0.10939956
1355,-0.01916526,-0.36464055,-1.00000000,-0.15220597,-0.29424308
1356,0.00585080,0.10326175,1.00000000,-0.99965066,-0.29914555
1357,-0.00403126,-0.13835495,-1.00000000,-0.56256836,-0.30492138
1358,0.04097648,0.17663324,1.00000000,-0.86659358,0.27105032
1359,-0.00407716,0.05220388,-1.00000000,-0.90814130,0.24081236
1360,0.01237990,0.61891605,1.00000000,-0.06452650,0.47341246
1361,0.00443823,0.05162598,-1.00000000,-0.90709328,0.46299680
1362,-0.00366740,0.25884401,1.00000000,-0.71750673,0.46567978
1363,0.00166498,0.15884697,1.00000000,-0.89884848,0.17581418
1364,-0.00700135,0.05678547,-1.00000000,-0.91644988,0.15425252
1365,-0.02706813,0.12392779,1.00000000,-0.96217338,-0.13661982
1366,0.02061163,0.01480626,-1.00000000,-0.84032179,-0.01736437
1367,0.02506255,-0.23786340,-1.00000000,-0.38211267,0.19447756
1368,0.01520815,0.36249324,1.00000000,-0.52954185,0.29433885
1369,0.01042730,0.41853680,1.00000000,-0.42790847,0.42285001
1370,0.00096993,0.29445568,1.00000000,-0.65292600,0.62959026
1371,0.01126919,0.23425800,1.00000000,-0.76209274,0.56070325
1372,-0.01144902,0.11517607,1.00000000,-0.97804438,0.29148310
1373,-0.01224123,0.24485851,1.00000000,-0.74286903,0.08908351
1374,-0.02789268,-0.04119631,-1.00000000,-0.73876275,-0.19347110
1375,-0.00365663,-0.05117146,-1.00000000,-0.72067311,-0.22758528
1376,0.01499932,-0.24824566,-1.00000000,-0.36328475,-0.20008091
1377,-0.01242380,0.05692107,-1.00000000,-0.91669579,-0.20726850
1378,-0.00192237,0.29182628,1.00000000,-0.65769434,-0.13118173
1379,0.02532645,-0.05347018,-1.00000000,-0.71650445,0.26123260
1380,-0.02213011,0.07875791,-1.00000000,-0.95629626,0.12501734
1381,0.00915471,0.42185967,1.00000000,-0.42188254,0.08192174
1382,-0.01600112,-0.17568656,-1.00000000,-0.49486858,0.05554415
1383,-0.02374232,0.21823418,1.00000000,-0.79115148,-0.10534656
1384,0.01966197,-0.09851380,-1.00000000,-0.63481914,-0.14711395
1385,0.00234298,-0.19598670,-1.00000000,-0.45805486,0.03333971
1386,0.01052090,0.35053569,1.00000000,-0.55122652,0.04341339
1387,-0.01069272,0.13246469,1.00000000,-0.94669198,0.08255517
1388,-0.00384786,0.23543648,1.00000000,-0.75995561,0.22924815
1389,-0.00711427,-0.03167344,-1.00000000,-0.75603220,0.03181199
1390,0.00329356,0.05451319,-1.00000000,-0.91232916,0.03882117
1391,0.00698063,0.01338432,-1.00000000,-0.83774315,0.01271678
1392,0.00918891,0.14443390,1.00000000,-0.92498616,0.15931510
1393,0.00603179,0.19085938,1.00000000,-0.84079488,0.23216327
1394,0.00964055,0.21866482,1.00000000,-0.79037053,0.35570595
1395,-0.00454833,0.17891218,1.00000000,-0.86246079,0.29788334
1396,-0.01480094,0.22435166,1.00000000,-0.78005760,0.13727573
1397,-0.01416465,0.04569327,-1.00000000,-0.89633448,-0.03492307
1398,0.01450310,-0.08340179,-1.00000000,-0.66222432,0.02754063
1399,-0.01378735,-0.07539002,-1.00000000,-0.67675344,-0.14520633
1400,0.00673817,0.28557816,1.00000000,-0.66902512,-0.06198469
1401,0.01472372,-0.07063925,-1.00000000,-0.68536883,0.15571705
1402,-0.01461412,0.18780650,1.00000000,-0.84633120,0.15240282
1403,-0.00930460,0.28835602,1.00000000,-0.66398755,-0.02314465
1404,0.00110132,-0.08104956,-1.00000000,-0.66649003,0.08663782
1405,-0.00496391,-0.01419503,-1.00000000,-0.78772879,0.00035190
1406,0.00898961,0.11683050,1.00000000,-0.97504412,-0.04192888
1407,-0.00358552,0.04046056,-1.00000000,-0.88684513,0.03939115
1408,-0.00258237,0.21615537,1.00000000,-0.79492134,0.08895793
1409,-0.00094739,0.05781637,-1.00000000,-0.91831938,0.07385161
1410,0.00772701,0.07044756,-1.00000000,-0.94122568,0.16742878
1411,0.01142239,0.09103423,-1.00000000,-0.97855901,0.18536701
1412,-0.00287861,0.20025739,1.00000000,-0.82375187,0.19057949
1413,0.00104369,0.24678753,1.00000000,-0.73937081,0.21731640
1414,0.01224803,0.06671745,-1.00000000,-0.93446123,0.31461364
1415,0.00608132,0.11610478,1.00000000,-0.97636018,0.30247907
1416,0.00365461,0.25718361,1.00000000,-0.72051782,0.24520294
1417,-0.00802770,0.17953582,1.00000000,-0.86132983,0.20723583
1418,0.00671866,0.14898009,1.00000000,-0.91674178,0.24908059
1419,-0.00456692,0.00188302,-1.00000000,-0.81688586,0.12509452
1420,0.00887579,0.18756088,1.00000000,-0.84677662,0.14569971
1421,0.00433784,0.04545912,-1.00000000,-0.89590986,0.15073756
1422,0.01106103,0.21472223,1.00000000,-0.79752031,0.29148941
1423,0.00091867,0.15758296,1.00000000,-0.90114072,0.24872283
1424,-0.03393678,0.24223756,1.00000000,-0.74762205,0.03216252
1425,0.00614725,0.11453064,1.00000000,-0.97921486,0.01204349
1426,-0.00343846,-0.32434955,-1.00000000,-0.22527254,-0.04529555
1427,0.00081852,0.18036603,1.00000000,-0.85982428,-0.12081931
1428,0.01025663,0.05966808,-1.00000000,-0.92167741,-0.05196529
1429,-0.00344016,0.11326960,1.00000000,-0.98150170,0.17290330
1430,-0.00550268,0.23210903,1.00000000,-0.76598985,0.08700184
1431,-0.01667599,0.05964673,-1.00000000,-0.92163869,-0.01060581
1432,-0.00461167,0.03367662,-1.00000000,-0.87454264,-0.05064562
1433,-0.00018371,-0.10701137,-1.00000000,-0.61940904,-0.12762811
1434,0.00388653,0.04489572,-1.00000000,-0.89488816,-0.07360439
1435,0.00677718,0.10065006,-1.00000000,-0.99599704,0.01694188
1436,0.00854904,0.15190021,1.00000000,-0.91144622,0.20294005
1437,-0.02102540,0.18829771,1.00000000,-0.84544040,0.08191244
1438,-0.01387496,0.21060793,1.00000000,-0.80498146,-0.01904080
1439,0.02647030,-0.16177677,-1.00000000,-0.52009358,0.14748195
1440,0.00174960,-0.07174247,-1.00000000,-0.68336817,0.11041081
1441,0.01298329,0.43626235,1.00000000,-0.39576371,0.14310700
1442,0.00624560,0.12499329,1.00000000,-0.96024114,0.34419128
1443,-0.01247477,0.26644148,1.00000000,-0.70372893,0.35451570
1444,-0.00694343,0.18160429,1.00000000,-0.85757872,0.10813766
1445,0.01283710,-0.05411199,-1.00000000,-0.71534053,0.18989195
1446,-0.00587307,0.01553551,-1.00000000,-0.84164427,0.05085350
1447,0.00142394,0.26460080,1.00000000,-0.70706696,0.01530077
1448,0.01485721,0.02901282,-1.00000000,-0.86608497,0.21683465
1449,-0.00968413,0.12089276,1.00000000,-0.96767732,0.19662597
1450,0.01300407,0.29003684,1.00000000,-0.66093944,0.19785712
1451,-0.00817688,-0.01897380,-1.00000000,-0.77906263,0.18086987
1452,0.00455598,0.26670318,1.00000000,-0.70325435,0.20396408
1453,-0.01528109,0.00000457,-1.00000000,-0.81347935,-0.01826240
1454,-0.02162172,0.16032954,1.00000000,-0.89615986,-0.10628493
1455,-0.00023560,-0.08944764,-1.00000000,-0.65126036,-0.20390843
1456,0.00487345,-0.16928526,-1.00000000,-0.50647714,-0.10768108
1457,0.00126034,0.09999666,-1.00000000,-0.99481211,-0.13198160
1458,-0.01080875,0.16432697,1.00000000,-0.88891065,-0.09900455
1459,-0.00727504,0.11883281,1.00000000,-0.97141299,0.00678151
1460,-0.00946478,-0.03313446,-1.00000000,-0.75338269,-0.06127035
1461,-0.00394880,0.01136003,-1.00000000,-0.83407215,-0.12632168
1462,-0.00191079,-0.01621193,-1.00000000,-0.78407120,-0.14970424
1463,-0.00615709,0.05324223,-1.00000000,-0.91002432,-0.11540495
1464,-0.00229272,0.07890365,-1.00000000,-0.95656055,-0.07866752
1465,-0.02217048,0.02543663,-1.00000000,-0.85959965,-0.17235374
1466,0.02674936,0.07409461,-1.00000000,-0.94783950,0.05400086
1467,0.01594412,-0.17619496,-1.00000000,-0.49394661,0.18565506
1468,0.01513760,0.43977608,1.00000000,-0.38939165,0.34267273
1469,0.01251427,0.30372261,1.00000000,-0.63612068,0.45185292
1470,0.00520720,0.29356744,1.00000000,-0.65453680,0.65372386
1471,-0.01375083,0.26053589,1.00000000,-0.71443855,0.35509340
1472,-0.02943235,0.16852944,1.00000000,-0.88128959,0.02050737
1473,0.00296215,-0.07017945,-1.00000000,-0.68620267,-0.06926900
1474,0.02130694,-0.26763237,-1.00000000,-0.32812751,-0.00443573
1475,0.00968787,0.14026105,1.00000000,-0.93255350,0.02860273
1476,0.01488908,0.37124825,1.00000000,-0.51366489,0.23978077
1477,0.00311632,0.22494749,1.00000000,-0.77897709,0.47978031
1478,0.00315731,0.29043818,1.00000000,-0.66021162,0.48121929
1479,-0.00368058,0.14220224,1.00000000,-0.92903320,0.29697233
1480,-0.00226094,0.14271831,1.00000000,-0.92809733,0.20886710
1481,-0.00355982,0.05661942,-1.00000000,-0.91614874,0.07283308
1482,0.00738075,0.07449480,-1.00000000,-0.94856523,0.10427710
1483,0.00097603,0.05814004,-1.00000000,-0.91890635,0.08819334
1484,0.00562807,0.19589753,1.00000000,-0.83165834,0.15683126
1485,-0.00916871,0.11525293,1.00000000,-0.97790500,0.10589645
1486,-0.00325321,0.17382878,1.00000000,-0.87167939,0.10815720
1487,-0.00394852,-0.01248391,-1.00000000,-0.79083186,0.02462020
1488,0.00323220,0.06200061,-1.00000000,-0.92590739,0.04125620
1489,-0.00664849,0.05324578,-1.00000000,-0.91003075,-0.04926574
1490,-0.02036922,0.14366136,1.00000000,-0.92638713,-0.13185341
1491,0.00100082,0.01924922,-1.00000000,-0.84837897,-0.10048605
1492,0.00850940,-0.15351453,-1.00000000,-0.53507691,-0.00862686
1493,0.00386510,0.11556500,1.00000000,-0.97733906,-0.00396017
1494,0.00548763,0.21010889,1.00000000,-0.80588646,0.08552621
1495,-0.00208206,0.15163042,1.00000000,-0.91193546,0.22036763
1496,-0.00344001,0.17206040,1.00000000,-0.87488629,0.18762293
1497,0.00699341,0.07674709,-1.00000000,-0.95264969,0.17644463
1498,-0.01128568,0.05964859,-1.00000000,-0.92164206,0.06472947
1499,0.00131739,0.19102029,1.00000000,-0.84050308,0.03397999
1500,0.00352490,-0.03913968,-1.00000000,-0.74249238,0.07532325
1501,-0.00363297,0.11955114,1.00000000,-0.97011031,0.07390042
1502,-0.01015675,0.14734679,1.00000000,-0.91970371,-0.05255727
1503,-0.00603986,0.05721890,-1.00000000,-0.91723589,-0.01387689
1504,0.00654697,-0.02492486,-1.00000000,-0.76827055,0.02468371
1505,0.00127296,0.02691276,-1.00000000,-0.86227658,0.00807892
1506,0.00175210,0.18539906,1.00000000,-0.85069702,0.04778607
1507,0.00141689,0.11899167,1.00000000,-0.97112489,0.13312498
1508,0.00260471,0.12502472,1.00000000,-0.96018414,0.19686618
1509,-0.00305250,0.12080390,1.00000000,-0.96783847,0.12608392
1510,0.00857537,0.13576025,1.00000000,-0.94071557,0.17992868
1511,-0.00147521,0.06452792,-1.00000000,-0.93049058,0.15613191
1512,-0.00855062,0.21093954,1.00000000,-0.80438009,0.08263595
1513,-0.00323437,0.08438822,-1.00000000,-0.96650666,0.03958122
1514,-0.01052718,-0.00470128,-1.00000000,-0.80494543,-0.01553381
1515,-0.01422169,0.06223796,-1.00000000,-0.92633780,-0.18362927
1516,0.00313565,-0.02958912,-1.00000000,-0.75981205,-0.14963080
1517,0.00403027,-0.07610825,-1.00000000,-0.67545095,-0.05686493
1518,-0.00827294,0.14244563,1.00000000,-0.92859182,-0.09401715
1519,-0.00549440,0.15371012,1.00000000,-0.90816400,-0.05690762
1520,-0.02538420,-0.00120494,-1.00000000,-0.81128594,-0.13921500
1521,0.01096801,0.03378088,-1.00000000,-0.87473171,-0.08146266
1522,0.00861832,-0.21666024,-1.00000000,-0.42056399,-0.04763242
1523,-0.00762722,0.24106626,1.00000000,-0.74974617,-0.04287118
1524,0.00274019,0.21148024,1.00000000,-0.80339955,0.01784706
1525,0.00386300,0.00692558,-1.00000000,-0.82603041,0.23350296
1526,-0.00010634,0.13746622,1.00000000,-0.93762183,0.15184558
1527,0.00103432,0.15160401,1.00000000,-0.91198336,0.09592458
1528,-0.00831572,0.10162425,-1.00000000,-0.99776369,0.09084792
1529,-0.00948303,0.11598689,1.00000000,-0.97657398,0.00071926
1530,-0.00176283,-0.00174356,-1.00000000,-0.81030917,-0.04076314
1531,-0.00087400,-0.01644176,-1.00000000,-0.78365442,-0.04642348
1532,-0.00575420,0.08076669,-1.00000000,-0.95993911,-0.09647909
1533,-0.00178314,0.09195839,-1.00000000,-0.98023494,-0.04831073
1534,0.00622325,0.03050956,-1.00000000,-0.86879928,0.06750042
1535,-0.00004743,0.08051102,-1.00000000,-0.95947547,0.08014902
1536,-0.00887541,0.18132286,1.00000000,-0.85808909,0.02115017
1537,0.00361128,0.10236602,-1.00000000,-0.99910889,0.09020713
1538,-0.00107743,-0.00879084,-1.00000000,-0.79752912,0.09541070
1539,-0.00130715,0.14843451,1.00000000,-0.91773117,0.03988489
1540,-0.00015981,0.08939688,-1.00000000,-0.97558972,0.03905628
1541,0.01509325,0.08650434,-1.00000000,-0.97034419,0.21579057
1542,-0.00072098,0.10095106,-1.00000000,-0.99654290,0.18384637
1543,0.00615718,0.29300901,1.00000000,-0.65554950,0.23719119
1544,0.00195004,0.09388508,-1.00000000,-0.98372894,0.26120828
1545,-0.00673627,0.18049102,1.00000000,-0.85959761,0.21271633
1546,-0.00079822,0.12751707,1.00000000,-0.95566434,0.09553963
1547,-0.00167401,0.01814392,-1.00000000,-0.84637454,0.08851241
1548,0.01324837,0.09291251,-1.00000000,-0.98196521,0.14079969
1549,0.00165132,0.08188506,-1.00000000,-0.96196726,0.13859708
1550,0.01161213,0.26977925,1.00000000,-0.69767598,0.27389005
1551,-0.01386714,0.12375579,1.00000000,-0.96248531,0.17752565
1552,0.00415591,0.24917661,1.00000000,-0.73503828,0.22051288
1553,0.00497776,-0.07164390,-1.00000000,-0.68354692,0.15952904
1554,-0.00247423,0.15529209,1.00000000,-0.90529513,0.12910902
1555,0.00224517,0.16564035,1.00000000,-0.88652887,0.06004123
1556,0.00073809,0.07180912,-1.00000000,-0.94369482,0.16773367
1557,0.00230514,0.13123318,1.00000000,-0.94892528,0.15408692
1558,-0.00896157,0.11225682,1.00000000,-0.98333835,0.05130451
1559,0.00398096,0.13198825,1.00000000,-0.94755598,0.09890224
1560,-0.00106993,-0.00987577,-1.00000000,-0.79556164,0.07445819
1561,0.01611364,0.15308926,1.00000000,-0.90928991,0.18783075
1562,0.00432742,0.08949136,-1.00000000,-0.97576106,0.20274219
1563,-0.00151378,0.30585718,1.00000000,-0.63224970,0.25765889
1564,-0.01422179,0.15745174,1.00000000,-0.90137869,0.12343986
1565,0.00073176,0.08390260,-1.00000000,-0.96562601,0.13672472
1566,0.00383135,-0.07610954,-1.00000000,-0.67544862,0.04616049
1567,-0.00056811,0.11217723,1.00000000,-0.98348269,0.01006296
1568,-0.00132341,0.15120540,1.00000000,-0.91270624,0.01146669
1569,0.00483996,0.09580988,-1.00000000,-0.98721952,0.15201964
1570,0.00747117,0.08629966,-1.00000000,-0.96997301,0.20171300
1571,-0.00216296,0.16390535,1.00000000,-0.88967525,0.15751367
1572,0.00032183,0.19703597,1.00000000,-0.82959382,0.16407571
1573,0.01880564,0.07572853,-1.00000000,-0.95080256,0.31249838
1574,0.00848891,0.10701554,1.00000000,-0.99284326,0.33940411
1575,0.00403257,0.33975326,1.00000000,-0.57078015,0.31404944
1576,0.00050121,0.20985085,1.00000000,-0.80635440,0.33369387
1577,0.00027697,0.15373913,1.00000000,-0.90811138,0.33336313
1578,0.01506873,0.10927428,1.00000000,-0.98874711,0.30580881
1579,0.00571979,0.10645077,1.00000000,-0.99386747,0.28539053
1580,-0.00253346,0.29270020,1.00000000,-0.65610951,0.23697548
1581,-0.00608271,0.17498362,1.00000000,-0.86958512,0.18842851
1582,0.00845362,0.07106331,-1.00000000,-0.94234231,0.24871946
1583,0.00843276,0.02637316,-1.00000000,-0.86129804,0.19978877
1584,-0.00195695,0.20940645,1.00000000,-0.80716031,0.14318389
1585,0.00035260,0.20914383,1.00000000,-0.80763657,0.16446448
1586,0.00228007,0.07832243,-1.00000000,-0.95550653,0.22612791
1587,-0.00431785,0.10740306,1.00000000,-0.99214051,0.13195677
1588,-0.01526756,0.13167256,1.00000000,-0.94812848,-0.04279888
1589,0.00475885,0.04859535,-1.00000000,-0.90159732,0.00672047
1590,0.00228049,-0.08927720,-1.00000000,-0.65156944,0.02093583
1591,0.00391301,0.16288402,1.00000000,-0.89152739,0.03297645
1592,0.00110568,0.13167787,1.00000000,-0.94811884,0.07296714
1593,-0.00069324,0.15223369,1.00000000,-0.91084145,0.18043171
1594,-0.00696065,0.11688535,1.00000000,-0.97494466,0.09401728
1595,-0.00125081,0.09423439,-1.00000000,-0.98436241,0.06797905
1596,0.00287109,0.01531866,-1.00000000,-0.84125101,0.06029642
1597,0.00242452,0.08721376,-1.00000000,-0.97163069,0.07002100
1598,-0.00593578,0.13911446,1.00000000,-0.93463280,0.03136481
1599,-0.00034314,0.13349151,1.00000000,-0.94482986,0.08015941
1600,-0.00543385,0.02822323,-1.00000000,-0.86465308,0.04931554
1601,-0.00308073,0.09864264,-1.00000000,-0.99235664,0.00542941
1602,0.00066697,0.03454330,-1.00000000,-0.87611435,-0.00753006
1603,0.00481340,0.06417242,-1.00000000,-0.92984589,0.07172968
1604,-0.00563998,0.11136131,1.00000000,-0.98496234,0.03267315
1605,-0.00937747,0.16357093,1.00000000,-0.89028171,0.00359461
1606,0.00282628,0.03194786,-1.00000000,-0.87140758,0.04715029
1607,-0.00007384,-0.01511260,-1.00000000,-0.78606481,0.04168794
1608,-0.00011215,0.13855016,1.00000000,-0.93565615,0.00536909
1609,-0.00202778,0.10203355,-1.00000000,-0.99850595,0.03200381
1610,-0.00100047,0.10155114,-1.00000000,-0.99763112,0.09377211
1611,-0.00288837,0.07743056,-1.00000000,-0.95388914,0.05163484
1612,-0.00433856,0.09036588,-1.00000000,-0.97734698,0.02018867
1613,-0.00184683,0.06659455,-1.00000000,-0.93423836,0.00739794
1614,-0.00557730,0.04833459,-1.00000000,-0.90112445,-0.01877460
1615,0.01072505,0.07970908,-1.00000000,-0.95802117,0.06768422
1616,0.00068659,0.03273709,-1.00000000,-0.87283882,0.09404435
1617,-0.00483496,0.23800707,1.00000000,-0.75529392,0.09038412
1618,0.00578043,0.11160836,1.00000000,-0.98451431,0.14662416
1619,-0.00221398,0.04208420,-1.00000000,-0.88978955,0.17142374
1620,-0.00131027,0.17574723,1.00000000,-0.86820033,0.08268064
1621,-0.00317191,0.07508603,-1.00000000,-0.94963742,0.05422982
1622,-0.00420182,0.08646514,-1.00000000,-0.97027309,0.05889827
1623,0.01137886,0.06302439,-1.00000000,-0.92776398,0.10017859
1624,0.01080098,0.05005628,-1.00000000,-0.90424667,0.19614514
1625,-0.00307983,0.24623947,1.00000000,-0.74036470,0.18309717
1626,0.00073113,0.23896307,1.00000000,-0.75356024,0.21187647
1627,-0.00198064,0.06418379,-1.00000000,-0.92986652,0.22825451
1628,0.00935772,0.11216929,1.00000000,-0.98349709,0.21335149
1629,0.00774925,0.07802419,-1.00000000,-0.95496569,0.19084943
1630,-0.01033087,0.22079037,1.00000000,-0.78651591,0.13738348
1631,-0.00808893,0.20053748,1.00000000,-0.82324393,0.07234826
1632,-0.00147577,-0.02711720,-1.00000000,-0.76429481,0.07607090
1633,0.00477872,0.00111206,-1.00000000,-0.81548775,0.04230739
1634,0.00048176,0.08438115,-1.00000000,-0.96649384,-0.01127985
1635,-0.01103853,0.16313420,1.00000000,-0.89107369,-0.01649782
1636,0.00405253,0.10902936,1.00000000,-0.98919126,0.07302786
1637,0.01803945,-0.03602766,-1.00000000,-0.74813595,0.21692452
1638,0.00255739,0.15399037,1.00000000,-0.90765576,0.20054546
1639,-0.00081756,0.33010591,1.00000000,-0.58827534,0.19096481
1640,-0.00129395,0.13516453,1.00000000,-0.94179588,0.26281701
1641,0.00470905,0.09266900,-1.00000000,-0.98152362,0.26765794
1642,0.00615011,0.08667057,-1.00000000,-0.97064564,0.17999121
1643,0.00305641,0.16225697,1.00000000,-0.89266453,0.18367072
1644,-0.00327655,0.18040203,1.00000000,-0.85975898,0.16553919
1645,-0.00353377,0.14144784,1.00000000,-0.93040129,0.14902372
1646,-0.00095413,0.06170675,-1.00000000,-0.92537446,0.10726592
1647,0.01513934,0.05846797,-1.00000000,-0.91950104,0.17354852
1648,0.00836524,0.09094937,-1.00000000,-0.97840512,0.21269350
1649,-0.01761394,0.29358934,1.00000000,-0.65449708,0.10697599
1650,0.00125613,0.20829368,1.00000000,-0.80917829,0.14229463
1651,-0.00156709,-0.11882150,-1.00000000,-0.59799171,0.13777495
1652,-0.00307457,0.11877977,1.00000000,-0.97150918,0.00347360
1653,-0.00632167,0.08323134,-1.00000000,-0.96440869,-0.10482118
1654,0.00406209,0.06424999,-1.00000000,-0.92998656,0.05500827
1655,0.00620469,0.02336438,-1.00000000,-0.85584169,0.09149674
1656,0.00555481,0.15411084,1.00000000,-0.90743729,0.14401046
1657,-0.00628146,0.18108920,1.00000000,-0.85851282,0.12036430
1658,-0.00520930,0.17290627,1.00000000,-0.87335234,0.12856641
1659,-0.00642070,0.02387069,-1.00000000,-0.85675986,0.05127091
1660,-0.00577581,0.03737068,-1.00000000,-0.88124171,-0.03706799
1661,-0.00890107,0.02211738,-1.00000000,-0.85358029,-0.14365921
1662,-0.00605575,0.03023751,-1.00000000,-0.86830591,-0.14199495
1663,0.00219675,-0.00911395,-1.00000000,-0.79694318,-0.08738603
1664,-0.00106184,0.02671265,-1.00000000,-0.86191369,-0.04787216
1665,-0.00239857,0.13062346,1.00000000,-0.95003098,-0.02296989
1666,-0.00748066,0.08959313,-1.00000000,-0.97594562,-0.01249640
1667,0.00120605,0.07276182,-1.00000000,-0.94542252,0.04104887
1668,0.00892344,0.00877106,-1.00000000,-0.82937714,0.09064854
1669,-0.00246546,0.11814911,1.00000000,-0.97265286,0.08029888
1670,-0.01018943,0.21532221,1.00000000,-0.79643226,0.02285255
1671,0.00648099,0.07191956,-1.00000000,-0.94389512,0.12579956
1672,-0.00250877,-0.02533626,-1.00000000,-0.76752449,0.09840814
1673,0.00109423,0.18456827,1.00000000,-0.85220363,0.04067901
1674,-0.00242468,0.07137421,-1.00000000,-0.94290613,0.04097969
1675,-0.00049689,0.11674121,1.00000000,-0.97520605,0.11244816
1676,0.00031379,0.07243301,-1.00000000,-0.94482624,0.06697394
1677,0.02472481,0.09670669,-1.00000000,-0.98884585,0.26778234
1678,0.01149688,0.10691434,1.00000000,-0.99302679,0.34448687
1679,-0.00333326,0.41428417,1.00000000,-0.43562050,0.33778743
1680,0.00284382,0.24772550,1.00000000,-0.73766983,0.36242036
1681,0.00849363,0.06099273,-1.00000000,-0.92407962,0.42273490
1682,0.00332565,0.13877106,1.00000000,-0.93525555,0.26494691
1683,0.00760872,0.20991030,1.00000000,-0.80624659,0.23627736
1684,-0.00331183,0.14483791,1.00000000,-0.92425348,0.23643535
1685,-0.00981831,0.19876800,1.00000000,-0.82645284,0.14307038
1686,0.01977673,0.06126252,-1.00000000,-0.92456888,0.22626697
1687,0.00160298,-0.02066338,-1.00000000,-0.77599862,0.21356479
1688,0.00454430,0.35198075,1.00000000,-0.54860595,0.19096907
1689,-0.01137980,0.12314707,1.00000000,-0.96358921,0.13147942
1690,0.00155640,0.16018247,1.00000000,-0.89642658,0.21535152
1691,-0.00892250,-0.04032482,-1.00000000,-0.74034317,0.00373608
1692,-0.00456264,0.12256059,1.00000000,-0.96465277,-0.04172649
1693,-0.00897541,-0.00938380,-1.00000000,-0.79645381,-0.14141479
1694,0.02241325,0.04551302,-1.00000000,-0.89600761,0.10776026
1695,0.00791299,-0.01005000,-1.00000000,-0.79524568,0.15463092
1696,0.00216731,0.38517831,1.00000000,-0.48840314,0.23640229
1697,0.00064100,0.20259916,1.00000000,-0.81950513,0.27477163
1698,0.00135634,0.13025286,1.00000000,-0.95070307,0.35095332
1699,-0.01874304,0.11103433,1.00000000,-0.98555531,0.04748503
1700,0.00289993,0.12004147,1.00000000,-0.96922111,0.01052096
1701,-0.00052274,-0.13303855,-1.00000000,-0.57220950,-0.00931429
1702,-0.00036889,0.13947756,1.00000000,-0.93397432,-0.01676074
1703,0.00161824,0.09638125,-1.00000000,-0.98825568,-0.01482956
1704,-0.00743398,0.09831841,-1.00000000,-0.99176867,0.06855844
1705,0.00317112,0.12333924,1.00000000,-0.96324071,0.07055803
1706,-0.00335529,0.00935875,-1.00000000,-0.83044289,0.04967203
1707,0.00630798,0.14289217,1.00000000,-0.92778204,0.09890433
1708,0.00236761,0.06071532,-1.00000000,-0.92357655,0.10442984
1709,-0.04001163,0.18238982,1.00000000,-0.85615418,-0.13578329
1710,0.00025743,0.13277486,1.00000000,-0.94612949,-0.15726755
1711,-0.00869813,-0.40084058,-1.00000000,-0.08655827,-0.19666332
1712,0.00125364,0.10620462,1.00000000,-0.99431384,-0.23393179
1713,-0.01383841,-0.00655875,-1.00000000,-0.80157696,-0.35342778
1714,0.00042424,0.11874842,1.00000000,-0.97156603,-0.05527157
1715,-0.00197542,-0.07128217,-1.00000000,-0.68420291,-0.07173561
1716,0.01852836,0.10830510,1.00000000,-0.99050468,0.12902048
1717,-0.00382465,0.07808985,-1.00000000,-0.95508474,0.09157538
1718,0.01559405,0.33626187,1.00000000,-0.57711168,0.30859730
1719,-0.00491061,0.05480540,-1.00000000,-0.91285907,0.26926046
1720,0.00581624,0.29931476,1.00000000,-0.64411420,0.32671274
1721,-0.02143250,0.04113166,-1.00000000,-0.88806214,0.03205907
1722,0.01360708,0.17619808,1.00000000,-0.86738273,0.16059296
1723,0.00037727,-0.16690272,-1.00000000,-0.51079781,0.04839119
1724,-0.00302690,0.27429598,1.00000000,-0.68948504,0.06228083
1725,-0.00376054,0.10771368,1.00000000,-0.99157721,-0.00833414
1726,-0.00235104,0.06485027,-1.00000000,-0.93107516,0.13236412
1727,0.01425415,0.05561261,-1.00000000,-0.91432292,0.13713534
1728,0.00769659,0.07336031,-1.00000000,-0.94650786,0.19110477
1729,0.00693969,0.28244354,1.00000000,-0.67470967,0.26459396
1730,0.01225150,0.19987443,1.00000000,-0.82444636,0.38265971
1731,0.00092728,0.19034391,1.00000000,-0.84172968,0.40683256
1732,0.00525148,0.25722727,1.00000000,-0.72043863,0.34045086
1733,-0.00084948,0.11463903,1.00000000,-0.97901829,0.27743589
1734,0.00500848,0.16908699,1.00000000,-0.88027849,0.26319599
1735,-0.00816923,0.09226707,-1.00000000,-0.98079473,0.11262255
1736,-0.00379691,0.16602718,1.00000000,-0.88582737,0.07778845
1737,0.00391911,0.00010092,-1.00000000,-0.81365408,0.06796414
1738,-0.00645807,0.05515467,-1.00000000,-0.91349247,0.02660892
1739,0.00739142,0.15231053,1.00000000,-0.91070211,0.04417969
1740,-0.01286326,0.02164693,-1.00000000,-0.85272716,0.00956801
1741,-0.00624168,0.19603185,1.00000000,-0.83141476,-0.00845865
1742,-0.00346113,-0.05900363,-1.00000000,-0.70646970,-0.06287731
1743,-0.00614810,0.02437150,-1.00000000,-0.85766808,-0.06059175
1744,0.00058696,0.05938265,-1.00000000,-0.92115979,-0.11076486
1745,0.01109471,0.02554986,-1.00000000,-0.85980501,0.06589063
1746,-0.00745463,0.11035387,1.00000000,-0.98678930,0.05694688
1747,0.00186861,0.24266166,1.00000000,-0.74685296,0.09624602
1748,0.00061877,0.00909873,-1.00000000,-0.82997135,0.14614189
1749,0.00011886,0.12649173,1.00000000,-0.95752376,0.14269038
1750,0.00849630,0.11075443,1.00000000,-0.98606290,0.12353085
1751,0.00311510,0.10445990,1.00000000,-0.99747784,0.20146741
1752,-0.00196133,0.20994394,1.00000000,-0.80618560,0.17322715
1753,0.00772391,0.14218690,1.00000000,-0.92906102,0.22561736
1754,0.00026738,0.07826732,-1.00000000,-0.95540659,0.22671250
1755,-0.00201040,0.20021842,1.00000000,-0.82382253,0.14924070
1756,-0.00004422,0.10633002,1.00000000,-0.99408645,0.12594527
1757,-0.00422237,0.07764943,-1.00000000,-0.95428605,0.10927338
1758,-0.00142075,0.10240652,-1.00000000,-0.99918232,0.04184470
1759,-0.00909229,0.04979762,-1.00000000,-0.90377761,-0.02716937
1760,-0.00255372,0.08507401,-1.00000000,-0.96775032,-0.03117560
1761,0.00375267,-0.01152169,-1.00000000,-0.79257682,-0.00317901
1762,0.00232684,0.07080820,-1.00000000,-0.94187969,0.04511192
1763,-0.00262155,0.15021481,1.00000000,-0.91450263,0.03625770
1764,0.00048943,0.13226150,1.00000000,-0.94706045,0.10690901
1765,0.00119903,0.06995412,-1.00000000,-0.94033084,0.13458017
1766,0.00013996,0.10912585,1.00000000,-0.98901628,0.10794164
1767,-0.00044832,0.11806079,1.00000000,-0.97281302,0.08747886
1768,0.01071490,0.10472558,1.00000000,-0.99699604,0.18581599
1769,-0.00602283,0.09731829,-1.00000000,-0.98995496,0.13779746
1770,-0.00482320,0.23787928,1.00000000,-0.75552567,0.09339217
1771,-0.00381396,0.02712712,-1.00000000,-0.86266532,0.06423767
1772,0.00093441,0.04223221,-1.00000000,-0.89005796,0.07443331
1773,0.00330702,0.05493997,-1.00000000,-0.91310312,0.01981083
1774,-0.00280938,0.11472885,1.00000000,-0.97885541,0.04350543
1775,0.00129468,0.14460335,1.00000000,-0.92467887,0.08861603
1776,0.01217902,0.06758915,-1.00000000,-0.93604203,0.20654118
1777,0.00760713,0.11926520,1.00000000,-0.97062886,0.25574282
1778,0.00108522,0.25631456,1.00000000,-0.72209382,0.23936025
1779,-0.00459092,0.19874791,1.00000000,-0.82648927,0.22622396
1780,-0.00464823,0.11662770,1.00000000,-0.97541189,0.18240352
1781,-0.00501493,0.04515698,-1.00000000,-0.89536195,0.05562295
1782,0.00232199,0.04443535,-1.00000000,-0.89405328,0.01665271
1783,0.00325316,0.03981803,-1.00000000,-0.88567992,0.03263815
1784,-0.00117096,0.13220048,1.00000000,-0.94717110,0.05785545
1785,-0.00510529,0.14392519,1.00000000,-0.92590869,0.05448531
1786,-0.00442074,0.08821925,-1.00000000,-0.97345412,0.05886667
1787,-0.01371175,0.03868033,-1.00000000,-0.88361672,-0.05935903
1788,-0.00645692,0.04729986,-1.00000000,-0.89924799,-0.13095688
1789,0.00039463,-0.06968732,-1.00000000,-0.68709512,-0.11941293
1790,0.00486519,0.02166130,-1.00000000,-0.85275321,-0.04589499
1791,0.00609039,0.10793224,1.00000000,-0.99118086,0.03160937
1792,0.00958199,0.16422305,1.00000000,-0.88909911,0.20336706
1793,0.00367618,0.17964999,1.00000000,-0.86112280,0.27808408
1794,-0.00477659,0.22361425,1.00000000,-0.78139488,0.23995380
1795,-0.00606482,0.14925163,1.00000000,-0.91624934,0.15936070
1796,-0.00144752,0.04281917,-1.00000000,-0.89112240,0.10377953
1797,-0.01090491,0.02659845,-1.00000000,-0.86170658,-0.04728175
1798,-0.01032298,0.08473694,-1.00000000,-0.96713906,-0.15050538
1799,-0.00272953,-0.03434517,-1.00000000,-0.75118709,-0.13541130
1800,-0.00141249,-0.02701794,-1.00000000,-0.76447482,-0.10110707
1801,-0.00386383,0.06859455,-1.00000000,-0.93786530,-0.11892389
1802,-0.00516613,0.08517798,-1.00000000,-0.96793886,-0.07660871
1803,0.00430496,0.05431209,-1.00000000,-0.91196447,0.03125126
1804,-0.00437010,0.03791423,-1.00000000,-0.88222742,0.01915445
1805,0.00435038,0.15716887,1.00000000,-0.90189164,0.06164729
1806,-0.00881287,0.04793746,-1.00000000,-0.90040426,0.02515527
1807,-0.01860358,0.15774077,1.00000000,-0.90085453,-0.07392656
1808,0.00576710,-0.00800342,-1.00000000,-0.79895709,-0.06314537
1809,0.00442503,-0.13128260,-1.00000000,-0.57539387,0.00170603
1810,0.00217184,0.17557935,1.00000000,-0.86850478,-0.01435755
1811,-0.00021495,0.15868078,1.00000000,-0.89914985,0.04903972
1812,-0.00203541,0.13030985,1.00000000,-0.95059971,0.17120614
1813,0.00126648,0.10025676,-1.00000000,-0.99528379,0.13802057
1814,0.01041049,0.07733458,-1.00000000,-0.95371510,0.18215469
1815,0.01328920,0.11891009,1.00000000,-0.97127285,0.26412918
1816,0.00953356,0.23404630,1.00000000,-0.76247665,0.33601035
1817,-0.00872087,0.27029338,1.00000000,-0.69674363,0.28671468
1818,0.00706989,0.22300444,1.00000000,-0.78250075,0.32950648
1819,-0.00265129,-0.00684504,-1.00000000,-0.80105779,0.23319466
1820,-0.02118732,0.19198339,1.00000000,-0.83875653,-0.02101994
1821,0.00102747,0.06957968,-1.00000000,-0.93965180,-0.08374005
1822,-0.00095218,-0.16381554,-1.00000000,-0.51639633,-0.02645717
1823,-0.00648101,0.11590061,1.00000000,-0.97673045,-0.12637556
1824,-0.01297071,0.09097392,-1.00000000,-0.97844963,-0.20246636
1825,-0.00670590,0.02135802,-1.00000000,-0.85220321,-0.09568679
1826,0.00080766,-0.06035660,-1.00000000,-0.70401612,-0.09730757
1827,-0.01776348,0.01852634,-1.00000000,-0.84706804,-0.22126663
1828,0.00936231,0.11313288,1.00000000,-0.98174965,-0.10444502
1829,-0.01113914,-0.12070445,-1.00000000,-0.59457704,-0.09093985
1830,-0.00150441,0.22084815,1.00000000,-0.78641113,-0.05258638
1831,-0.01093209,-0.03729453,-1.00000000,-0.74583852,-0.13915008
1832,0.00416346,0.08402054,-1.00000000,-0.96583988,0.02252946
1833,0.00129652,-0.03468741,-1.00000000,-0.75056645,-0.03694410
1834,-0.00817612,0.15538721,1.00000000,-0.90512265,-0.01509607
1835,0.00088000,0.11928829,1.00000000,-0.97058700,0.00248556
1836,0.01618718,0.00001420,-1.00000000,-0.81349683,0.20245105
1837,-0.00043777,0.11404377,1.00000000,-0.98009778,0.16852361
1838,0.01048227,0.30678314,1.00000000,-0.63057050,0.23625528
1839,0.00359200,0.09745110,-1.00000000,-0.99019582,0.32302818
1840,-0.01480849,0.23495009,1.00000000,-0.76083766,0.20734821
1841,0.01062490,0.14819174,1.00000000,-0.91817142,0.16633440
1842,0.00123568,-0.08349684,-1.00000000,-0.66205196,0.17867367
1843,0.04977274,0.23674601,1.00000000,-0.75758081,0.46838420
1844,0.00660843,0.11852223,1.00000000,-0.97197622,0.49062602
1845,0.00693393,0.72967353,1.00000000,0.13632899,0.65094498
1846,-0.00734740,0.18617292,1.00000000,-0.84929364,0.51842522
1847,0.06009165,0.19027143,1.00000000,-0.84186112,0.95240313
1848,-0.00216761,0.01044898,-1.00000000,-0.83241999,0.56941800
1849,0.02508482,0.85960350,1.00000000,0.37195322,0.70565470
1850,-0.01439414,0.07566995,-1.00000000,-0.95069633,0.54839091
1851,0.00961892,0.41881718,1.00000000,-0.42740001,0.67349301
1852,-0.04953095,-0.07827968,-1.00000000,-0.67151313,-0.13481558
1853,0.00182450,0.22407926,1.00000000,-0.78055159,-0.10537955
1854,0.00355726,-0.52070261,-1.00000000,0.13080805,-0.26411422
1855,-0.00905283,0.12593632,1.00000000,-0.95853099,-0.22472972
1856,-0.02350950,0.14775433,1.00000000,-0.91896465,-0.46900400
1857,-0.00138366,-0.01102484,-1.00000000,-0.79347783,-0.11398715
1858,-0.01587401,-0.19305510,-1.00000000,-0.46337123,-0.24448810
1859,0.00079839,0.08554102,-1.00000000,-0.96859722,-0.26483081
1860,0.01592985,-0.09691330,-1.00000000,-0.63772160,-0.08061958
1861,0.01712748,0.11301615,1.00000000,-0.98196133,0.21901951
1862,0.01170386,0.30354300,1.00000000,-0.63644641,0.31552110
1863,-0.01064371,0.31862282,1.00000000,-0.60909958,0.35408697
1864,0.00241400,0.25033172,1.00000000,-0.73294353,0.36599977
1865,0.01692050,-0.03105639,-1.00000000,-0.75715119,0.37330433
1866,0.00380931,0.13335902,1.00000000,-0.94507013,0.27510202
1867,-0.01510035,0.31601661,1.00000000,-0.61382588,0.07745963
1868,-0.00105126,0.15092790,1.00000000,-0.91320946,0.14819017
1869,0.00604671,-0.08717182,-1.00000000,-0.65538750,0.17497613
1870,-0.00171266,0.08972643,-1.00000000,-0.97618735,0.03758348
1871,0.00676783,0.17910000,1.00000000,-0.86212018,0.05939833
1872,-0.00015584,0.08139840,-1.00000000,-0.96108471,0.16959251
1873,0.00245147,0.18817997,1.00000000,-0.84565393,0.19542007
1874,-0.00656737,0.10100100,-1.00000000,-0.99663346,0.10240946
1875,0.00629502,0.13383080,1.00000000,-0.94421456,0.16145452
1876,-0.00944915,0.02027067,-1.00000000,-0.85023135,0.04187768
1877,-0.00318378,0.18222654,1.00000000,-0.85645029,0.01955103
1878,-0.00125895,-0.01601512,-1.00000000,-0.78442811,-0.00780798
1879,0.01228564,0.06287495,-1.00000000,-0.92749297,0.13120573
1880,-0.00792816,0.08711126,-1.00000000,-0.97144482,0.02633031
1881,-0.00443733,0.25765707,1.00000000,-0.71965920,0.06328525
1882,0.00768895,0.00313631,-1.00000000,-0.81915867,0.14345590
1883,0.01235762,0.04709088,-1.00000000,-0.89886901,0.24385847
1884,-0.00284559,0.19977817,1.00000000,-0.82462093,0.13228750
1885,0.00787047,0.25856346,1.00000000,-0.71801550,0.24877964
1886,-0.02363619,0.06713319,-1.00000000,-0.93521516,0.10721574
1887,-0.00777313,0.20206382,1.00000000,-0.82047597,-0.00679478
1888,-0.01327650,-0.19465037,-1.00000000,-0.46047826,-0.19580947
1889,-0.00267743,0.00508839,-1.00000000,-0.82269872,-0.19456955
1890,-0.00478807,-0.06420700,-1.00000000,-0.69703354,-0.28790807
1891,-0.00611783,0.06925053,-1.00000000,-0.93905490,-0.15873538
1892,0.01012389,0.04267454,-1.00000000,-0.89086011,-0.02677069
1893,0.01251559,0.02593104,-1.00000000,-0.86049626,0.16340877
1894,-0.02875244,0.23043757,1.00000000,-0.76902098,-0.02885682
1895,0.01172893,0.26055246,1.00000000,-0.71440850,0.09293224
1896,0.01139809,-0.25907130,-1.00000000,-0.34365276,0.22208687
1897,0.00882443,0.25064731,1.00000000,-0.73237121,0.21250522
1898,0.00299582,0.24648162,1.00000000,-0.73992557,0.14231068
1899,0.02578526,0.21407550,1.00000000,-0.79869313,0.54444756
1900,-0.00276431,0.14068494,1.00000000,-0.93178478,0.43758088
1901,-0.00507026,0.42763672,1.00000000,-0.41140604,0.31615052
1902,-0.00198180,0.06815668,-1.00000000,-0.93707124,0.23647015
1903,0.00113341,0.03912138,-1.00000000,-0.88441655,0.22273758
1904,0.01379949,0.07800951,-1.00000000,-0.95493906,0.13435984
1905,0.01709120,0.11723456,1.00000000,-0.97431137,0.28076552
1906,0.00644025,0.27671869,1.00000000,-0.68509151,0.36563893
1907,0.01056471,0.31816597,1.00000000,-0.60992807,0.45815140
1908,0.00891098,0.18405525,1.00000000,-0.85313399,0.51549971
1909,-0.01525253,0.23598819,1.00000000,-0.75895510,0.30128295
1910,0.00424168,0.21516525,1.00000000,-0.79671689,0.20653632
1911,0.01366091,-0.08908801,-1.00000000,-0.65191253,0.25977824
1912,-0.00939902,0.15637212,1.00000000,-0.90333653,0.11257448
1913,-0.00565671,0.27497368,1.00000000,-0.68825603,0.00515884
1914,0.01579297,-0.01538394,-1.00000000,-0.78557273,0.23407460
1915,0.02531682,0.03173721,-1.00000000,-0.87102558,0.38947334
1916,0.01178637,0.30181939,1.00000000,-0.63957211,0.37565137
1917,-0.00472556,0.42173839,1.00000000,-0.42210249,0.41011144
1918,-0.00378409,0.25137063,1.00000000,-0.73105948,0.42391927
1919,-0.03283112,0.04346171,-1.00000000,-0.89228762,0.06538680
1920,-0.00839968,0.05531611,-1.00000000,-0.91378524,-0.18322372
1921,-0.01187332,-0.31042767,-1.00000000,-0.25051947,-0.35767983
1922,-0.03292434,-0.00280072,-1.00000000,-0.80839204,-0.56560514
1923,-0.01471330,-0.04653890,-1.00000000,-0.72907412,-0.64619227
1924,0.00190639,-0.31160142,-1.00000000,-0.24839091,-0.39005327
1925,-0.00397862,-0.08229830,-1.00000000,-0.66422548,-0.35745435
1926,0.01064610,0.12696745,1.00000000,-0.95666105,-0.19140613
1927,0.00159274,0.05286674,-1.00000000,-0.90934336,0.06310752
1928,-0.01062004,0.23701292,1.00000000,-0.75709678,0.09328936
1929,0.01030289,0.12301817,1.00000000,-0.96382296,0.15520141
1930,-0.00143588,-0.03075836,-1.00000000,-0.75769167,0.17395040
1931,-0.00974460,0.23269140,1.00000000,-0.76493372,0.02359839
1932,0.01600516,0.08488341,-1.00000000,-0.96740467,0.12986919
1933,0.00587850,-0.01973530,-1.00000000,-0.77768166,0.25152215
1934,0.00306693,0.30449123,1.00000000,-0.63472682,0.19816744
1935,0.02278997,0.17698201,1.00000000,-0.86596110,0.37679813
1936,-0.00824745,0.14158036,1.00000000,-0.93016097,0.38783750
1937,-0.00573776,0.38992167,1.00000000,-0.47980119,0.22751485
1938,-0.00858318,-0.00088396,-1.00000000,-0.81186804,0.12088082
1939,-0.00842186,0.03071666,-1.00000000,-0.86917484,0.03616757
1940,0.00185515,-0.00511132,-1.00000000,-0.80420184,-0.11819651
1941,0.00917070,-0.00308001,-1.00000000,-0.80788556,0.01023719
1942,-0.01895583,0.12632223,1.00000000,-0.95783114,-0.08722705
1943,-0.00145726,0.21843554,1.00000000,-0.79078633,-0.03468366
1944,0.00515569,-0.13571791,-1.00000000,-0.56735056,0.06543119
1945,-0.00238706,0.08461428,-1.00000000,-0.96691661,0.03415100
1946,-0.01313966,0.16788086,1.00000000,-0.88246577,-0.13035568
1947,-0.00124635,0.07290669,-1.00000000,-0.94568524,0.00022622
1948,0.00694087,-0.06248387,-1.00000000,-0.70015837,0.06215029
1949,-0.01632648,0.08726994,-1.00000000,-0.97173258,-0.09624972
1950,0.00441131,0.19035876,1.00000000,-0.84170275,-0.04612154
1951,0.00437932,-0.10261053,-1.00000000,-0.62738985,0.08305566
1952,0.01501065,0.15850795,1.00000000,-0.89946326,0.20292754
1953,-0.00362686,0.15810524,1.00000000,-0.90019357,0.12500576
1954,-0.00965372,0.29196885,1.00000000,-0.65743580,0.17420770
1955,0.01163810,0.05729584,-1.00000000,-0.91737541,0.22749489
1956,-0.00500459,-0.01859096,-1.00000000,-0.77975690,0.15830204
1957,-0.00629328,0.24950368,1.00000000,-0.73444515,0.00121632
1958,0.00012719,0.03994825,-1.00000000,-0.88591606,0.02889703
1959,-0.00496971,0.02372182,-1.00000000,-0.85648991,0.06343486
1960,0.00166660,0.10456474,1.00000000,-0.99728772,-0.01009058
1961,-0.00646849,0.04038747,-1.00000000,-0.88671258,-0.02088470
1962,-0.00275285,0.12394815,1.00000000,-0.96213646,0.00522084
1963,-0.01169114,0.02151569,-1.00000000,-0.85248915,-0.08192232
1964,-0.00612704,0.06830088,-1.00000000,-0.93733273,-0.09045598
1965,0.00307203,-0.04424505,-1.00000000,-0.73323395,-0.08009299
1966,0.00476771,0.02581498,-1.00000000,-0.86028578,0.00275775
1967,-0.00040693,0.14164450,1.00000000,-0.93004465,0.02005553
1968,0.01254719,0.16299554,1.00000000,-0.89132515,0.19877830
1969,0.00884344,0.09783939,-1.00000000,-0.99089997,0.30916402
1970,0.00081498,0.26095043,1.00000000,-0.71368679,0.29252158
1971,0.00682533,0.21431487,1.00000000,-0.79825904,0.30769355
1972,-0.00948416,0.11322508,1.00000000,-0.98158245,0.24076211
1973,0.00517402,0.18890392,1.00000000,-0.84434106,0.18639560
1974,0.00469044,-0.01645591,-1.00000000,-0.78362875,0.15577319
1975,0.00594160,0.16811160,1.00000000,-0.88204732,0.19357457
1976,0.00355772,0.16202259,1.00000000,-0.89308958,0.16948069
1977,0.00452052,0.17777651,1.00000000,-0.86452030,0.27274497
1978,0.00032803,0.14776006,1.00000000,-0.91895425,0.23701280
1979,0.00815874,0.15988308,1.00000000,-0.89696951,0.26258656
1980,-0.00371227,0.10709365,1.00000000,-0.99270161,0.19140324
1981,-0.00330554,0.20569355,1.00000000,-0.81389355,0.14079659
1982,-0.02125501,0.05622049,-1.00000000,-0.91542529,-0.04926072
1983,0.00614678,0.06134175,-1.00000000,-0.92471255,-0.00635582
1984,0.00067486,-0.16466780,-1.00000000,-0.51485077,-0.06153864
1985,0.00305069,0.18036010,1.00000000,-0.85983503,-0.01167160
1986,0.00058336,0.11146075,1.00000000,-0.98478201,0.01700342
1987,0.00359255,0.14137582,1.00000000,-0.93053190,0.20021828
1988,-0.00288397,0.11030856,1.00000000,-0.98687146,0.13362950
1989,0.00899335,0.14819858,1.00000000,-0.91815901,0.19496637
1990,-0.00948568,0.06664995,-1.00000000,-0.93433882,0.10252871
1991,-0.00577376,0.21620250,1.00000000,-0.79483588,0.05565415
1992,0.00802864,-0.01647513,-1.00000000,-0.78359390,0.08836393
1993,0.01539081,0.03026335,-1.00000000,-0.86835278,0.22311405
1994,0.00085138,0.20405535,1.00000000,-0.81686437,0.16307874
1995,0.00521386,0.29675565,1.00000000,-0.64875506,0.27146664
1996,0.01106570,0.11368335,1.00000000,-0.98075138,0.39563334
1997,-0.02524635,0.16861319,1.00000000,-0.88113771,0.15027834
1998,0.00620453,0.24229630,1.00000000,-0.74751552,0.08254277
1999,-0.00995668,-0.21492449,-1.00000000,-0.42371172,0.00284893
2000,-0.00533485,0.18108718,1.00000000,-0.85851649,-0.07493254
2001,0.01045854,-0.02240563,-1.00000000,-0.77283910,-0.07940947
2002,0.00085515,0.03578987,-1.00000000,-0.87837495,0.11305142
2003,0.00187407,0.23465128,1.00000000,-0.76137955,0.08112055
2004,0.00610461,0.11373086,1.00000000,-0.98066523,0.19954936
2005,-0.01150780,0.12656050,1.00000000,-0.95739904,0.15403276
2006,0.00696736,0.17982903,1.00000000,-0.86079811,0.12829036
2007,0.04139960,-0.04193643,-1.00000000,-0.73742056,0.42724714
2008,0.01652546,0.19069233,1.00000000,-0.84109783,0.53528001
2009,0.01660013,0.62424364,1.00000000,-0.05486508,0.61266932
2010,0.00534884,0.31104256,1.00000000,-0.62284617,0.73696270
2011,-0.00906302,0.31198269,1.00000000,-0.62114127,0.61876174
2012,-0.00309975,0.17031285,1.00000000,-0.87805542,0.29064324
2013,-0.02026072,-0.01115324,-1.00000000,-0.79324498,0.01939826
2014,0.00725953,0.06393292,-1.00000000,-0.92941157,-0.04947512
2015,0.00645319,-0.15214825,-1.00000000,-0.53755462,-0.04133213
2016,-0.00857800,0.19437123,1.00000000,-0.83442625,-0.03775574
2017,-0.02673496,0.18421821,1.00000000,-0.85283845,-0.21203133
2018,0.00876761,-0.00504603,-1.00000000,-0.80432024,0.00201069
2019,0.02646825,-0.23366833,-1.00000000,-0.38972030,0.14364726
2020,0.03600802,0.21336005,1.00000000,-0.79999058,0.36157150
2021,-0.01340344,0.43623656,1.00000000,-0.39581046,0.32599079
2022,-0.01038894,0.55635599,1.00000000,-0.17797736,0.44651916
2023,0.03648690,-0.06580534,-1.00000000,-0.69413499,0.65090898
2024,-0.01678619,-0.02784837,-1.00000000,-0.76296884,0.33196985
2025,0.01457346,0.56238580,1.00000000,-0.16704248,0.17392087
2026,0.00258307,-0.10839902,-1.00000000,-0.61689258,0.29179835
2027,-0.00039289,0.28646405,1.00000000,-0.66741859,0.36550480
2028,-0.01019056,0.13548784,1.00000000,-0.94120957,0.02132584
2029,-0.00556331,0.09801625,-1.00000000,-0.99122071,0.10407839
2030,0.01322478,-0.02535051,-1.00000000,-0.76749864,0.09413384
2031,-0.00242390,0.03291316,-1.00000000,-0.87315812,0.05721462
2032,-0.01056011,0.26948225,1.00000000,-0.69821459,-0.01775395
2033,-0.02767398,0.07244284,-1.00000000,-0.94484407,-0.14666894
2034,0.00245428,-0.03000365,-1.00000000,-0.75906032,-0.08755079
2035,0.02473496,-0.24549187,-1.00000000,-0.36827867,-0.00267986
2036,-0.00463315,0.13386612,1.00000000,-0.94415052,-0.01896986
2037,0.00616904,0.41441188,1.00000000,-0.43538889,0.10438347
2038,-0.02413685,0.04462527,-1.00000000,-0.89439769,0.13046470
2039,0.01513460,0.18064035,1.00000000,-0.85932681,0.22396382
2040,0.01356096,-0.20095433,-1.00000000,-0.44904621,0.14157168
2041,-0.00519490,0.29352965,1.00000000,-0.65460532,0.13742954
2042,0.01453008,0.27371516,1.00000000,-0.69053832,0.19908014
2043,-0.04479450,0.03755195,-1.00000000,-0.88157045,0.04675975
2044,0.00990629,0.28591783,1.00000000,-0.66840913,0.00820848
2045,-0.00781758,-0.46106385,-1.00000000,0.02265488,-0.14942739
2046,-0.05565348,0.22769767,1.00000000,-0.77398971,-0.52148656
2047,-0.01126813,0.00452867,-1.00000000,-0.82168367,-0.71171112
2048,0.00541880,-0.59779394,-1.00000000,0.27061094,-0.34146046
2049,0.00568456,-0.03891865,-1.00000000,-0.74289322,-0.37258963
2050,0.00467328,0.17119375,1.00000000,-0.87645794,-0.28048755
2051,-0.00345833,0.17454001,1.00000000,-0.87038959,0.10437633
2052,0.05053008,0.16180655,1.00000000,-0.89348135,0.56004897
2053,0.01242515,0.05941788,-1.00000000,-0.92122368,0.61171073
2054,0.00333530,0.73920959,1.00000000,0.15362235,0.59438833
2055,0.01723138,0.25941381,1.00000000,-0.71647341,0.68698620
2056,0.03899252,0.14495947,1.00000000,-0.92403304,1.00000000
2057,-0.01120515,0.31993107,1.00000000,-0.60672711,0.54479175
2058,-0.03296657,0.59393510,1.00000000,-0.10982874,0.21009323
2059,-0.00921854,-0.03812561,-1.00000000,-0.74433137,0.11752675
2060,-0.02082952,-0.31213327,-1.00000000,-0.24742642,-0.16311746
2061,-0.07450528,-0.01311146,-1.00000000,-0.78969382,-1.00000000
2062,0.02001834,-0.15931030,-1.00000000,-0.52456644,-0.76977186
2063,-0.01426299,-0.83516524,-1.00000000,0.70107692,-0.63185994
2064,0.02049442,0.35502289,1.00000000,-0.54308912,-0.41276966
2065,-0.06044418,-0.07662832,-1.00000000,-0.67450782,-0.70487060
2066,0.00665523,0.36101750,1.00000000,-0.53221806,-0.10642896
2067,0.03985804,-0.65811573,-1.00000000,0.38000277,0.03986023
2068,-0.00217501,0.18676211,1.00000000,-0.84822517,0.12899170
2069,0.02439124,0.60483324,1.00000000,-0.09006527,0.15772507
2070,-0.00009020,0.07557682,-1.00000000,-0.95052744,0.60274858
2071,-0.00423187,0.41008396,1.00000000,-0.44323745,0.52247198
2072,-0.02491704,0.10182753,-1.00000000,-0.99813235,0.04484918
2073,0.01254405,0.04967798,-1.00000000,-0.90356064,0.15338094
2074,-0.00367672,-0.21077812,-1.00000000,-0.43123104,-0.05357975
2075,-0.01261384,0.26091081,1.00000000,-0.71375864,-0.14592355
2076,-0.03003739,0.05666806,-1.00000000,-0.91623695,-0.33620203
2077,0.02833262,-0.05586313,-1.00000000,-0.71216490,0.05643743
2078,0.00345657,-0.27525057,-1.00000000,-0.31431212,-0.01056960
2079,-0.04989481,0.45971164,1.00000000,-0.35323910,-0.35136133
2080,0.01551604,0.14648643,1.00000000,-0.92126395,-0.14394400
2081,0.02599953,-0.52528407,-1.00000000,0.13911639,0.26924742
2082,-0.01065439,0.29833255,1.00000000,-0.64589541,-0.01822553
2083,-0.01273539,0.43033471,1.00000000,-0.40651331,-0.13761789
2084,0.00673108,-0.03119081,-1.00000000,-0.75690743,0.27991638
2085,-0.00602239,-0.05739363,-1.00000000,-0.70938938,0.12110153
2086,-0.03066546,0.18771726,1.00000000,-0.84649304,-0.29672103
2087,0.00234884,0.02713277,-1.00000000,-0.86267557,-0.20084095
2088,-0.03291991,-0.28315893,-1.00000000,-0.29997055,-0.34967265
2089,0.00596264,0.13253858,1.00000000,-0.94655798,-0.35533884
2090,0.01018128,-0.31154571,-1.00000000,-0.24849193,-0.23586020
2091,0.01864331,0.17804140,1.00000000,-0.86403992,0.12772088
2092,0.02662863,0.23116018,1.00000000,-0.76771055,0.30674930
2093,-0.00983662,0.33770937,1.00000000,-0.57448667,0.47695525
2094,0.00359990,0.43825600,1.00000000,-0.39214828,0.45953347
2095,0.02253087,-0.02089395,-1.00000000,-0.77558048,0.55059392
2096,-0.01256631,0.14829115,1.00000000,-0.91799114,0.32046793
2097,0.00175956,0.38665932,1.00000000,-0.48571736,0.13709440
2098,-0.00801135,-0.05526469,-1.00000000,-0.71325015,0.15055318
2099,-0.03066490,0.12511866,1.00000000,-0.96001379,-0.10210030
2100,0.01492866,0.00208890,-1.00000000,-0.81725923,-0.15815564
2101,-0.00172914,-0.28315193,-1.00000000,-0.29998323,-0.07824715
2102,-0.00953735,0.29093657,1.00000000,-0.65930780,-0.16154559
2103,0.02987375,0.08119085,-1.00000000,-0.96070832,0.11780233
2104,-0.00146443,-0.01712572,-1.00000000,-0.78241408,0.33311372
2105,-0.00051978,0.47911666,1.00000000,-0.31804865,0.21920373
2106,-0.01192317,0.08452402,-1.00000000,-0.96675293,0.14403752
2107,-0.01086079,0.09641846,-1.00000000,-0.98832315,0.13427911
2108,-0.01412082,-0.04716654,-1.00000000,-0.72793591,-0.19011739
2109,-0.01399383,-0.03378964,-1.00000000,-0.75219452,-0.28250370
2110,0.00376943,-0.07483820,-1.00000000,-0.67775416,-0.25087694
2111,0.00211597,-0.07323921,-1.00000000,-0.68065387,-0.14735855
2112,0.00336706,0.15042581,1.00000000,-0.91412000,-0.04244867
2113,-0.01294420,0.12960638,1.00000000,-0.95187543,-0.03377278
2114,-0.01261456,0.14535944,1.00000000,-0.92330771,-0.02360265
2115,0.00484388,-0.06002283,-1.00000000,-0.70462140,-0.01568015
2116,0.00913107,-0.05587221,-1.00000000,-0.71214843,0.03604606
2117,-0.02018349,0.16395465,1.00000000,-0.88958584,-0.13760528
2118,-0.01100962,0.21793650,1.00000000,-0.79169132,-0.12334057
2119,-0.00520312,-0.15117583,-1.00000000,-0.53931808,-0.06869188
2120,0.01102637,-0.03566373,-1.00000000,-0.74879593,-0.02310495
2121,0.00486986,0.03744849,-1.00000000,-0.88138281,-0.05452518
2122,0.00102921,0.24180104,1.00000000,-0.74841366,0.10188783
2123,0.00112506,0.16428183,1.00000000,-0.88899251,0.19136360
2124,-0.00528510,0.11592245,1.00000000,-0.97669085,0.19075915
2125,0.00540458,0.11712935,1.00000000,-0.97450216,0.14930657
2126,0.00475565,0.03641629,-1.00000000,-0.87951095,0.14846440
2127,-0.00149108,0.17101465,1.00000000,-0.87678273,0.12988095
2128,-0.00533539,0.16284370,1.00000000,-0.89160051,0.08224447
2129,0.00261764,0.08418846,-1.00000000,-0.96614440,0.14051577
2130,-0.01965993,0.03578304,-1.00000000,-0.87836258,-0.04429878
2131,0.00952788,0.13592313,1.00000000,-0.94042019,-0.00911045
2132,-0.00282826,-0.14458345,-1.00000000,-0.55127317,-0.01897021
2133,0.00854240,0.22293297,1.00000000,-0.78263036,0.08335849
2134,0.01520904,0.06735146,-1.00000000,-0.93561099,0.17620187
2135,0.00234136,0.21052438,1.00000000,-0.80513297,0.33842960
2136,0.00048851,0.29446689,1.00000000,-0.65290567,0.27177730
2137,0.00758554,0.13244433,1.00000000,-0.94672889,0.34856401
2138,0.00024303,0.10911434,1.00000000,-0.98903716,0.28736813
2139,-0.00612250,0.19847609,1.00000000,-0.82698221,0.13007882
2140,0.00733496,0.10602340,1.00000000,-0.99464249,0.16689939
2141,-0.00395861,0.02587219,-1.00000000,-0.86038954,0.13410825
2142,-0.00389345,0.19532089,1.00000000,-0.83270407,0.04946725
2143,0.01239449,0.05311863,-1.00000000,-0.90980016,0.13906670
2144,-0.00097159,0.05393910,-1.00000000,-0.91128807,0.17704721
2145,0.01032661,0.25902767,1.00000000,-0.71717367,0.19910633
2146,0.00172990,0.09072951,-1.00000000,-0.97800641,0.24105090
2147,-0.00063120,0.23299009,1.00000000,-0.76439206,0.26510527
2148,0.01593519,0.12474517,1.00000000,-0.96069110,0.29121287
2149,-0.00044181,0.09501549,-1.00000000,-0.98577890,0.29511926
2150,-0.00319292,0.30361024,1.00000000,-0.63632446,0.19543224
2151,0.00899970,0.09740024,-1.00000000,-0.99010358,0.24903653
2152,0.00050138,0.06275981,-1.00000000,-0.92728416,0.25738769
2153,0.00314057,0.21628241,1.00000000,-0.79469096,0.16304580
2154,-0.00464163,0.10927632,1.00000000,-0.98874341,0.13207817
2155,0.00745197,0.14250755,1.00000000,-0.92847954,0.21056888
2156,0.00188483,0.04451845,-1.00000000,-0.89420398,0.15810695
2157,-0.00097177,0.19679427,1.00000000,-0.83003214,0.14724458
2158,-0.00712547,0.12669593,1.00000000,-0.95715344,0.07154737
2159,0.00581516,0.09072723,-1.00000000,-0.97800227,0.14865116
2160,0.00153453,0.01324339,-1.00000000,-0.83748758,0.10501855
2161,0.00041332,0.17618454,1.00000000,-0.86740729,0.09416831
2162,-0.00094521,0.12228515,1.00000000,-0.96515226,0.09436422
2163,-0.00337018,0.10816755,1.00000000,-0.99075414,0.12205406
2164,0.00132474,0.09106176,-1.00000000,-0.97860894,0.08894362
2165,-0.01447393,0.06052788,-1.00000000,-0.92323663,-0.02909567
2166,0.00004570,0.11964359,1.00000000,-0.96994267,-0.03180631
2167,-0.00101262,-0.07928434,-1.00000000,-0.66969121,-0.03230341
2168,0.00054577,0.10353873,1.00000000,-0.99914837,-0.00342891
2169,-0.00139473,0.09021289,-1.00000000,-0.97706954,-0.02348103
2170,-0.00168910,0.10983535,1.00000000,-0.98772962,0.07078870
2171,0.00480053,0.08540163,-1.00000000,-0.96834445,0.10584867
2172,-0.01173385,0.08169512,-1.00000000,-0.96162281,0.02679511
2173,-0.00192796,0.16340879,1.00000000,-0.89057573,0.00855489
2174,0.00694047,-0.04478271,-1.00000000,-0.73225891,0.07001498
2175,-0.00275216,0.07868749,-1.00000000,-0.95616855,0.06217638
2176,0.00558610,0.19035380,1.00000000,-0.84171175,0.06796885
2177,0.00432122,0.06830956,-1.00000000,-0.93734847,0.18635177
2178,-0.01651274,0.17330028,1.00000000,-0.87263781,0.07881004
2179,0.00355288,0.15737359,1.00000000,-0.90152040,0.05383143
2180,-0.00340346,-0.10495588,-1.00000000,-0.62313662,0.04902904
2181,0.00642562,0.14769914,1.00000000,-0.91906473,0.05521926
2182,-0.00383912,0.06010876,-1.00000000,-0.92247657,-0.00495142
2183,-0.00288673,0.18387099,1.00000000,-0.85346813,0.09552075
2184,0.00208827,0.05462328,-1.00000000,-0.91252880,0.08472136
2185,0.01388681,0.06661518,-1.00000000,-0.93427577,0.21221215
2186,-0.00407289,0.12925758,1.00000000,-0.95250798,0.13480084
2187,-0.01328679,0.27781810,1.00000000,-0.68309776,0.06513786
2188,-0.00259992,0.05167975,-1.00000000,-0.90719081,0.06725265
2189,-0.00051862,-0.06433652,-1.00000000,-0.69679865,0.04803059
2190,-0.00075940,0.07022649,-1.00000000,-0.94082478,-0.05996403
2191,-0.00186871,0.09643306,-1.00000000,-0.98834963,-0.04371139
2192,-0.00172915,0.09340136,-1.00000000,-0.98285173,0.04150956
2193,-0.00477823,0.07943355,-1.00000000,-0.95752151,0.02544770
2194,-0.00161596,0.08119081,-1.00000000,-0.96070825,0.01735640
2195,0.00638241,0.04279850,-1.00000000,-0.89108491,0.07001693
2196,-0.00340939,0.08261598,-1.00000000,-0.96329275,0.05865662
2197,-0.01046438,0.18332698,1.00000000,-0.85445468,-0.00575314
2198,0.00305990,0.06003414,-1.00000000,-0.92234124,0.05204174
2199,0.00339507,-0.02879834,-1.00000000,-0.76124611,0.08899088
2200,0.00640028,0.14149178,1.00000000,-0.93032161,0.08912266
2201,-0.00041209,0.14571209,1.00000000,-0.92266819,0.11122343
2202,-0.00412259,0.18355200,1.00000000,-0.85404661,0.15798496
2203,0.00157429,0.09777445,-1.00000000,-0.99078221,0.14703076
2204,-0.00216930,0.05105388,-1.00000000,-0.90605580,0.10600158
2205,-0.00127049,0.12278586,1.00000000,-0.96424425,0.04944071
2206,0.00047602,0.07564871,-1.00000000,-0.95065781,0.05598922
2207,-0.00140178,0.08696598,-1.00000000,-0.97118136,0.07605132
2208,0.01477374,0.10895700,1.00000000,-0.98932248,0.17337818
2209,0.01766438,0.08531288,-1.00000000,-0.96818350,0.31962291
2210,0.00818588,0.28898582,1.00000000,-0.66284543,0.38934998
2211,0.01765353,0.32538316,1.00000000,-0.59683991,0.51600939
2212,-0.00267525,0.20603523,1.00000000,-0.81327392,0.50661935
2213,-0.00125959,0.32524662,1.00000000,-0.59708751,0.38839667
2214,0.00819813,0.06927800,-1.00000000,-0.93910472,0.31859677
2215,0.00489555,0.08710315,-1.00000000,-0.97143011,0.29433531
2216,-0.00298111,0.20618955,1.00000000,-0.81299408,0.14218459
2217,0.00478657,0.16460521,1.00000000,-0.88840607,0.19720475
2218,0.00453310,0.06542683,-1.00000000,-0.93212074,0.23991752
2219,0.00044348,0.16323303,1.00000000,-0.89089447,0.18273814
2220,0.00963874,0.16004151,1.00000000,-0.89668221,0.21771233
2221,0.00200649,0.10854732,1.00000000,-0.99006542,0.25448868
2222,0.00130322,0.22432880,1.00000000,-0.78009907,0.22880404
2223,-0.01141869,0.12822787,1.00000000,-0.95437532,0.11118256
2224,0.00735368,0.11937271,1.00000000,-0.97043389,0.16213535
2225,-0.00289515,-0.04081450,-1.00000000,-0.73945515,0.06971604
2226,0.01518307,0.19555671,1.00000000,-0.83227641,0.16687429
2227,-0.01373255,0.06650920,-1.00000000,-0.93408358,0.05600712
2228,0.01039510,0.29413990,1.00000000,-0.65349865,0.21685239
2229,-0.00938115,-0.06994932,-1.00000000,-0.68662000,0.09345711
2230,-0.01358137,0.23385251,1.00000000,-0.76282810,0.01466160
2231,0.00760090,-0.01515892,-1.00000000,-0.78598080,-0.04124598
2232,0.01169985,-0.06804574,-1.00000000,-0.69007208,0.14628130
2233,0.00188438,0.19866948,1.00000000,-0.82663150,0.08352699
2234,-0.00224102,0.25028116,1.00000000,-0.73303520,0.13617515
2235,0.00725841,0.12669027,1.00000000,-0.95716371,0.28983852
2236,0.00148879,0.07474557,-1.00000000,-0.94902000,0.24477055
2237,0.01356633,0.19435711,1.00000000,-0.83445186,0.25853313
2238,0.01594461,0.12170927,1.00000000,-0.96619662,0.36220708
2239,-0.00612694,0.27378281,1.00000000,-0.69041565,0.33355406
2240,0.00053443,0.30372882,1.00000000,-0.63610943,0.28397436
2241,-0.00125704,0.02581632,-1.00000000,-0.86028822,0.26372783
2242,0.01125696,0.10969246,1.00000000,-0.98798875,0.24669958
2243,0.01628170,0.08713533,-1.00000000,-0.97148847,0.24918511
2244,0.00018964,0.24470456,1.00000000,-0.74314820,0.29576074
2245,0.00552223,0.30797322,1.00000000,-0.62841232,0.33253862
2246,-0.00121673,0.10535107,1.00000000,-0.99586173,0.33283581
2247,0.00068805,0.17249611,1.00000000,-0.87409614,0.25490535
2248,0.00300121,0.08764283,-1.00000000,-0.97240881,0.15698089
2249,-0.00210035,0.11162681,1.00000000,-0.98448087,0.14009555
2250,0.00010781,0.14075277,1.00000000,-0.93166177,0.10017199
2251,0.00358922,0.07651686,-1.00000000,-0.95223218,0.13560896
2252,0.00202429,0.10432075,1.00000000,-0.99773019,0.14546180
2253,-0.01138658,0.14815670,1.00000000,-0.91823497,0.03937263
2254,-0.00552007,0.12845197,1.00000000,-0.95396892,0.01415710
2255,0.00275235,-0.04041013,-1.00000000,-0.74018847,0.03365675
2256,-0.00113347,0.03345762,-1.00000000,-0.87414549,-0.00116631
2257,0.01484394,0.13761928,1.00000000,-0.93734427,0.09336012
2258,0.00633589,0.08869119,-1.00000000,-0.97430997,0.22403775
2259,0.05162782,0.28986980,1.00000000,-0.66124235,0.64542101
2260,-0.00332740,0.18274119,1.00000000,-0.85551700,0.60059163
2261,-0.01944542,0.75303168,1.00000000,0.17868831,0.46556748
2262,0.00737457,0.06106650,-1.00000000,-0.92421340,0.41049168
2263,0.00058635,-0.14188246,-1.00000000,-0.55617134,0.36809715
2264,0.01350865,0.19581975,1.00000000,-0.83179940,0.08702326
2265,-0.01392159,0.11034627,1.00000000,-0.98680308,0.00890639
2266,-0.00496480,0.27305656,1.00000000,-0.69173268,0.11568005
2267,0.00305544,-0.07232958,-1.00000000,-0.68230347,0.08383268
2268,-0.03424371,0.04044931,-1.00000000,-0.88682473,-0.17298881
2269,0.00157931,0.14143567,1.00000000,-0.93042335,-0.26095044
2270,0.01692288,-0.32821429,-1.00000000,-0.21826395,-0.03351698
2271,0.00134070,0.12284910,1.00000000,-0.96412956,0.01297701
2272,-0.00151756,0.31604661,1.00000000,-0.61377148,-0.02074228
2273,-0.00136696,0.11984465,1.00000000,-0.96957806,0.22167634
2274,-0.00784310,0.08385502,-1.00000000,-0.96553972,0.15219960
2275,-0.01949530,0.08575125,-1.00000000,-0.96897848,-0.11633195
2276,0.01155395,0.00420732,-1.00000000,-0.82110091,-0.04102402
2277,-0.00129952,-0.14251061,-1.00000000,-0.55503219,-0.03941627
2278,-0.02573013,0.24844404,1.00000000,-0.73636677,-0.21905951
2279,0.00013674,0.08660049,-1.00000000,-0.97051854,-0.16021970
2280,0.03366955,-0.22101607,-1.00000000,-0.41266483,0.23179441
2281,0.00430123,0.10468497,1.00000000,-0.99706968,0.17831611
2282,0.00692795,0.52691129,1.00000000,-0.23137448,0.23898183
2283,-0.00844341,0.15712196,1.00000000,-0.90197672,0.36644645
2284,0.00967991,0.19019614,1.00000000,-0.84199766,0.43681362
2285,0.09977326,-0.00335142,-1.00000000,-0.80739335,0.92423310
2286,-0.01272833,0.22484729,1.00000000,-0.77915880,0.79866463
2287,0.00268691,1.35925193,1.00000000,1.27805119,0.76739308
2288,-0.02045352,-0.05730472,-1.00000000,-0.70955061,0.67883589
2289,0.03922307,0.13679536,1.00000000,-0.93883842,0.89667403
2290,-0.00899271,-0.15457589,-1.00000000,-0.53315216,0.09468188
2291,0.02340620,0.59683803,1.00000000,-0.10456436,0.36112196
2292,-0.01256068,-0.01026791,-1.00000000,-0.79485050,0.24869292
2293,-0.02581368,0.39768099,1.00000000,-0.46572988,0.20916945
2294,-0.00004760,-0.05519380,-1.00000000,-0.71337872,-0.08039510
2295,0.02351889,-0.22206805,-1.00000000,-0.41075709,0.15933106
2296,0.01625995,0.10236385,-1.00000000,-0.99910495,0.10663778
2297,0.01123793,0.39909986,1.00000000,-0.46315681,0.28211823
2298,-0.00735256,0.30769945,1.00000000,-0.62890880,0.41824235
2299,0.00354215,0.24446495,1.00000000,-0.74358274,0.44471162
2300,0.00090387,0.01038396,-1.00000000,-0.83230209,0.27795851
2301,0.01038099,0.14756402,1.00000000,-0.91930977,0.23460961
2302,0.04424402,0.11434434,1.00000000,-0.97955270,0.47798188
2303,-0.02056103,0.23367481,1.00000000,-0.76315035,0.38058848
2304,0.01244242,0.66005899,1.00000000,0.01008503,0.44621509
2305,-0.01212600,-0.15592963,-1.00000000,-0.53069720,0.35013856
2306,0.00318058,0.25963114,1.00000000,-0.71607929,0.29704592
2307,0.00118463,-0.04972051,-1.00000000,-0.72330436,-0.02045493
2308,-0.00002793,0.14301129,1.00000000,-0.92756601,0.13094705
2309,0.00766157,0.11787947,1.00000000,-0.97314184,0.09569519
2310,-0.00526767,0.10261158,-1.00000000,-0.99955420,0.14626552
2311,-0.00889441,0.19943340,1.00000000,-0.82524614,0.05722988
2312,-0.00703892,0.03663578,-1.00000000,-0.87990899,-0.00340698
2313,-0.01312846,-0.00903019,-1.00000000,-0.79709508,-0.10000450
2314,0.01313283,0.01433308,-1.00000000,-0.83946370,-0.05966181
2315,-0.00777407,-0.06234292,-1.00000000,-0.70041399,-0.07814293
2316,0.00253462,0.26832449,1.00000000,-0.70031414,0.00612969
2317,-0.00102885,0.00507654,-1.00000000,-0.82267723,0.05044530
2318,0.00233858,0.13487773,1.00000000,-0.94231599,0.16449238
2319,0.00895239,0.09000852,-1.00000000,-0.97669891,0.13366763
2320,0.00351100,0.13240930,1.00000000,-0.94679242,0.21687874
2321,-0.00619267,0.21568669,1.00000000,-0.79577128,0.15252757
2322,-0.00131044,0.14717178,1.00000000,-0.92002110,0.15045124
2323,-0.01286713,0.02498861,-1.00000000,-0.85878719,0.03833110
2324,0.00175774,0.08646289,-1.00000000,-0.97026901,-0.01471905
2325,0.00811574,-0.05905236,-1.00000000,-0.70638132,0.01923431
2326,0.02462355,0.12509573,1.00000000,-0.96005536,0.24645949
2327,0.01049853,0.20515213,1.00000000,-0.81487540,0.33353363
2328,0.01005332,0.41300911,1.00000000,-0.43793278,0.50253884
2329,-0.00177992,0.23515482,1.00000000,-0.76046638,0.47645370
2330,0.00014494,0.22954896,1.00000000,-0.77063246,0.41768050
2331,0.00053511,0.08055151,-1.00000000,-0.95954890,0.24006304
2332,0.01314240,0.10478822,1.00000000,-0.99688244,0.25955779
2333,0.00624678,0.10970110,1.00000000,-0.98797309,0.23149011
2334,0.00472413,0.26844500,1.00000000,-0.70009561,0.27944813
2335,0.02664344,0.18161924,1.00000000,-0.85755161,0.47483633
2336,0.01027661,0.16244690,1.00000000,-0.89232009,0.54666582
2337,0.00092484,0.43844239,1.00000000,-0.39181027,0.45657888
2338,-0.00505149,0.23236055,1.00000000,-0.76553372,0.37327043
2339,0.01704656,0.11460827,1.00000000,-0.97907407,0.46413053
2340,-0.00542968,0.03935778,-1.00000000,-0.88484526,0.22763759
2341,-0.01045250,0.31760393,1.00000000,-0.61094731,0.07479029
2342,0.00192719,0.03459582,-1.00000000,-0.87620958,0.08218125
2343,0.01152381,-0.02864876,-1.00000000,-0.76151737,0.20440018
2344,-0.00986634,0.12722941,1.00000000,-0.95618600,0.00595635
2345,-0.00339055,0.24806463,1.00000000,-0.73705483,0.02099200
2346,-0.00655788,-0.02126816,-1.00000000,-0.77490187,0.04970919
2347,0.00323119,0.06027141,-1.00000000,-0.92277152,0.05932426
2348,-0.00672472,0.02039007,-1.00000000,-0.85044788,-0.07523238
2349,0.01094932,0.14364855,1.00000000,-0.92641036,0.07825313
2350,-0.00199324,0.01828932,-1.00000000,-0.84663822,0.08855623
2351,0.00084250,0.24083098,1.00000000,-0.75017283,0.14312338
2352,0.00634910,0.07786548,-1.00000000,-0.95467785,0.16611352
2353,-0.01107456,0.11357153,1.00000000,-0.98095417,0.13403977
2354,-0.00516923,0.18290760,1.00000000,-0.85521521,0.01518869
2355,-0.00679279,-0.03648133,-1.00000000,-0.74731324,-0.02020108
2356,-0.00793235,0.03787523,-1.00000000,-0.88215670,-0.08490294
2357,0.00419177,0.01743223,-1.00000000,-0.84508391,-0.10081019
2358,-0.00141963,0.00308356,-1.00000000,-0.81906302,-0.02961905
2359,0.00476910,0.15574363,1.00000000,-0.90447628,0.04366176
2360,-0.00129939,0.08508803,-1.00000000,-0.96777574,0.08416766
2361,0.00133821,0.16301303,1.00000000,-0.89129344,0.15252469
2362,0.01272117,0.08660202,-1.00000000,-0.97052133,0.21541672
2363,-0.00309884,0.11981327,1.00000000,-0.96963496,0.20303499
2364,0.00630764,0.26314105,1.00000000,-0.70971417,0.21437954
2365,-0.01468083,0.06394440,-1.00000000,-0.92943239,0.11571075
2366,0.00190263,0.18238552,1.00000000,-0.85616199,0.11987252
2367,0.00932628,-0.08188948,-1.00000000,-0.66496686,0.09484012
2368,0.01520629,0.12692009,1.00000000,-0.95674694,0.22981405
2369,0.01848216,0.22039454,1.00000000,-0.78723373,0.31958360
2370,0.00756837,0.29443228,1.00000000,-0.65296843,0.48363936
2371,-0.00905530,0.33568026,1.00000000,-0.57816640,0.40284042
2372,0.00508022,0.19825992,1.00000000,-0.82737423,0.37153182
2373,0.00581280,-0.01105600,-1.00000000,-0.79342134,0.30226837
2374,-0.00596443,0.16693048,1.00000000,-0.88418925,0.12200999
2375,0.00183067,0.17615473,1.00000000,-0.86746135,0.07970273
2376,0.00328021,0.02786251,-1.00000000,-0.86399892,0.17065934
2377,-0.00525097,0.12601402,1.00000000,-0.95839007,0.09448177
2378,0.01641810,0.14426583,1.00000000,-0.92529095,0.17268059
2379,0.00240954,0.03684605,-1.00000000,-0.88029032,0.23442651
2380,0.00567823,0.30969073,1.00000000,-0.62529767,0.26279671
2381,0.00393695,0.13330277,1.00000000,-0.94517213,0.26763920
2382,0.01839885,0.17446033,1.00000000,-0.87053408,0.44202248
2383,-0.01023766,0.15253509,1.00000000,-0.91029488,0.24547471
2384,-0.00480543,0.33463122,1.00000000,-0.58006882,0.19227472
2385,-0.02475867,-0.02594357,-1.00000000,-0.76642316,-0.03215352
2386,-0.00604576,0.04245595,-1.00000000,-0.89046370,-0.10576157
2387,-0.00218128,-0.20878398,-1.00000000,-0.43484736,-0.25751034
2388,-0.00422018,0.02683849,-1.00000000,-0.86214188,-0.21314011
2389,0.00746159,0.07549783,-1.00000000,-0.95038419,-0.12268850
2390,0.01464652,0.04982514,-1.00000000,-0.90382751,0.16786794
2391,0.00265881,0.19691541,1.00000000,-0.82981245,0.23205154
2392,0.00437815,0.28738398,1.00000000,-0.66575033,0.28041790
2393,-0.00111329,0.13644146,1.00000000,-0.93948022,0.30332672
2394,-0.00606219,0.15809052,1.00000000,-0.90022027,0.20360837
2395,-0.00400268,0.08894532,-1.00000000,-0.97477083,0.06609742
2396,-0.01580949,0.02663162,-1.00000000,-0.86176675,-0.07007963
2397,0.00807791,0.05256375,-1.00000000,-0.90879390,-0.04279931
2398,0.00306747,-0.09610094,-1.00000000,-0.63919480,-0.01197224
2399,0.00130479,0.20467570,1.00000000,-0.81573939,0.04234861
2400,0.00543796,0.14158708,1.00000000,-0.93014878,0.11195976
2401,0.00468719,0.11939250,1.00000000,-0.97039801,0.26309321
2402,-0.00426151,0.17143504,1.00000000,-0.87602037,0.17210785
2403,-0.00327897,0.16198172,1.00000000,-0.89316369,0.12531200
2404,-0.00516458,0.04930478,-1.00000000,-0.90288386,0.07760971
2405,0.00582538,0.06167627,-1.00000000,-0.92531919,0.08046637
2406,-0.01833005,0.03793380,-1.00000000,-0.88226291,-0.08925259
2407,-0.00411229,0.17631321,1.00000000,-0.86717394,-0.08815233
2408,-0.01232169,-0.12783844,-1.00000000,-0.58163976,-0.15482931
2409,0.00184848,0.05118363,-1.00000000,-0.90629111,-0.10311814
2410,-0.00285391,-0.05218451,-1.00000000,-0.71883597,-0.16711544
2411,0.00130489,0.12623825,1.00000000,-0.95798344,-0.02233609
2412,-0.01143554,0.06702839,-1.00000000,-0.93502511,-0.07633451
2413,0.00886858,0.11939365,1.00000000,-0.97039592,0.07991318
2414,0.00120944,-0.04102664,-1.00000000,-0.73907045,0.07520118
2415,-0.00905301,0.21463148,1.00000000,-0.79768488,0.02949176
2416,-0.01332055,0.11819181,1.00000000,-0.97257542,-0.07834976
2417,-0.00305518,-0.01102720,-1.00000000,-0.79347356,-0.01655667
2418,-0.00590274,-0.06476164,-1.00000000,-0.69602771,-0.12547388
2419,0.00700445,0.06449417,-1.00000000,-0.93042937,-0.08274400
2420,-0.00453831,0.02863929,-1.00000000,-0.86540759,-0.04945454
2421,-0.00277072,0.19115937,1.00000000,-0.84025086,0.02833525
2422,-0.00104063,0.04581947,-1.00000000,-0.89656334,0.04318964
2423,-0.00043074,0.06807590,-1.00000000,-0.93692475,0.08353778
2424,0.00994187,0.08986023,-1.00000000,-0.97642999,0.10519700
2425,-0.00381249,0.09753969,-1.00000000,-0.99035646,0.11054882
2426,0.00160698,0.22814569,1.00000000,-0.77317725,0.14282807
2427,0.00030314,0.05495849,-1.00000000,-0.91313670,0.15273645
2428,-0.00155815,0.12319747,1.00000000,-0.96349780,0.14442340
2429,-0.01116078,0.10678026,1.00000000,-0.99326993,-0.01117821
2430,0.00506077,0.08334392,-1.00000000,-0.96461285,0.05424928
2431,0.01066252,-0.03756701,-1.00000000,-0.74534438,0.12102079
2432,0.00090046,0.16668558,1.00000000,-0.88463337,0.12542514
2433,0.00093852,0.23721967,1.00000000,-0.75672184,0.14383450
2434,-0.00372318,0.11430133,1.00000000,-0.97963069,0.19867606
2435,0.00164990,0.11478062,1.00000000,-0.97876152,0.17352583
2436,-0.00448060,0.05608305,-1.00000000,-0.91517606,0.06186716
2437,0.00227453,0.12373784,1.00000000,-0.96251785,0.07199896
2438,-0.00376298,0.04654604,-1.00000000,-0.89788096,0.03733214
2439,-0.00268204,0.13160286,1.00000000,-0.94825487,0.04500903
2440,0.00973972,0.05558192,-1.00000000,-0.91426728,0.10465978
2441,0.00224179,0.06919247,-1.00000000,-0.93894961,0.15422771
2442,-0.00237516,0.22560029,1.00000000,-0.77779325,0.11994293
2443,-0.00311367,0.13119059,1.00000000,-0.94900251,0.12473067
2444,-0.00250589,0.07305654,-1.00000000,-0.94595699,0.12602952
2445,0.00110995,0.06375770,-1.00000000,-0.92909380,0.06239741
2446,0.00366553,0.07141045,-1.00000000,-0.94297185,0.07289545
2447,-0.00448083,0.11693908,1.00000000,-0.97484721,0.05736918
2448,-0.00788931,0.14911755,1.00000000,-0.91649249,0.02215572
2449,-0.00154316,0.04654315,-1.00000000,-0.89787571,0.02925448
2450,0.00375161,0.00362551,-1.00000000,-0.82004583,0.04873296
2451,-0.00104889,0.08353263,-1.00000000,-0.96495507,0.01397088
2452,0.00063764,0.15020146,1.00000000,-0.91452684,0.05171226
2453,-0.00250416,0.08975617,-1.00000000,-0.97624128,0.09142001
2454,-0.00024361,0.11099212,1.00000000,-0.98563185,0.10100233
2455,-0.01492419,0.07143235,-1.00000000,-0.94301156,-0.03670477
2456,-0.00094209,0.09989585,-1.00000000,-0.99462930,-0.03591727
2457,0.00003164,-0.08495371,-1.00000000,-0.65940998,-0.04038568
2458,-0.00928024,0.09110093,-1.00000000,-0.97867997,-0.09034950
2459,-0.00642057,0.10336166,1.00000000,-0.99946947,-0.13589567
2460,-0.00558307,-0.01388825,-1.00000000,-0.78828513,-0.06701839
2461,-0.01137205,0.02211905,-1.00000000,-0.85358333,-0.14392424
2462,-0.01044915,0.03266441,-1.00000000,-0.87270702,-0.22120497
2463,-0.00490356,-0.04022716,-1.00000000,-0.74052028,-0.18893330
2464,-0.00040823,-0.02860658,-1.00000000,-0.76159386,-0.14460096
2465,-0.01143141,0.04122040,-1.00000000,-0.88822306,-0.18772405
2466,0.01385141,0.09782306,-1.00000000,-0.99087036,-0.00173743
2467,0.00335187,-0.04097464,-1.00000000,-0.73916475,0.10002521
2468,0.00082683,0.27737242,1.00000000,-0.68390599,0.14227859
2469,0.01920708,0.14516813,1.00000000,-0.92365464,0.28691320
2470,-0.00355530,0.11337428,1.00000000,-0.98131187,0.34498814
2471,-0.01079937,0.34480798,1.00000000,-0.56161356,0.16322420
2472,0.00435753,0.05819688,-1.00000000,-0.91900943,0.17063945
2473,-0.00348529,-0.03301631,-1.00000000,-0.75359694,0.13884378
2474,-0.01043165,0.15783077,1.00000000,-0.90069132,-0.07969910
2475,0.00716931,0.05907849,-1.00000000,-0.92060820,-0.00062056
2476,0.00503128,-0.02838621,-1.00000000,-0.76199349,0.11610762
2477,0.00923102,0.19323514,1.00000000,-0.83648652,0.15204259
2478,0.00702265,0.16631428,1.00000000,-0.88530672,0.22952349
2479,-0.01750679,0.21919504,1.00000000,-0.78940899,0.17735457
2480,-0.00173738,0.19138855,1.00000000,-0.83983525,0.11168063
2481,0.01970853,-0.11747234,-1.00000000,-0.60043838,0.21990417
2482,-0.00062381,0.08108720,-1.00000000,-0.96052036,0.14723906
2483,0.01537514,0.35112193,1.00000000,-0.55016339,0.20882659
2484,0.01430752,0.09510864,-1.00000000,-0.98594783,0.44341124
2485,0.00968122,0.29655836,1.00000000,-0.64911285,0.52760688
2486,0.00090963,0.28311554,1.00000000,-0.67349102,0.38899210
2487,0.02959800,0.22486367,1.00000000,-0.77912909,0.61183431
2488,-0.00689640,0.11441675,1.00000000,-0.97942139,0.44761387
2489,-0.00297614,0.47564458,1.00000000,-0.32434517,0.32017179
2490,-0.00432953,0.01612774,-1.00000000,-0.84271826,0.21686279
2491,0.00703442,0.06548940,-1.00000000,-0.93223419,0.26202430
2492,0.01030700,0.04844832,-1.00000000,-0.90133069,0.11978099
2493,0.00533392,0.19153669,1.00000000,-0.83956661,0.20996194
2494,0.00379998,0.23274314,1.00000000,-0.76483990,0.25992607
2495,0.01585607,0.17012501,1.00000000,-0.87839606,0.40876573
2496,-0.02859577,0.15081052,1.00000000,-0.91342234,0.14604450
2497,0.00380234,0.30261399,1.00000000,-0.63813114,0.09808202
2498,-0.00479025,-0.25709855,-1.00000000,-0.34723028,0.02343087
2499,0.00777485,0.15084012,1.00000000,-0.91336865,0.05273977
2500,-0.00841853,0.04264717,-1.00000000,-0.89081048,-0.12625038
2501,-0.00997951,0.20085979,1.00000000,-0.82265944,0.01101768
2502,0.02344275,-0.00303809,-1.00000000,-0.80796157,0.15583739
2503,-0.00633089,-0.02269309,-1.00000000,-0.77231780,0.14447740
2504,0.01668809,0.39814113,1.00000000,-0.46489543,0.21019966
2505,-0.00367034,0.02324832,-1.00000000,-0.85563121,0.24521067
2506,-0.00088594,0.31309024,1.00000000,-0.61913276,0.31226260
2507,0.00591030,0.05674836,-1.00000000,-0.91638258,0.18298613
2508,-0.02146293,0.09180798,-1.00000000,-0.97996217,0.07140915
2509,0.00179871,0.17738248,1.00000000,-0.86523485,-0.03837852
2510,-0.02172917,-0.16728583,-1.00000000,-0.51010305,-0.17153635
2511,0.01281163,0.12561161,1.00000000,-0.95911983,-0.07053653
2512,0.00473561,-0.17063826,-1.00000000,-0.50402352,-0.07919822
2513,0.02020530,0.26428006,1.00000000,-0.70764862,0.22804481
2514,0.01335694,0.16259136,1.00000000,-0.89205812,0.31327011
2515,0.00095802,0.35737696,1.00000000,-0.53882008,0.48055545
2516,0.00501300,0.27114637,1.00000000,-0.69519675,0.42305186
2517,0.03044386,0.11502613,1.00000000,-0.97831629,0.61261313
2518,-0.00235808,0.16608419,1.00000000,-0.88572398,0.44624076
2519,-0.00057485,0.48629518,1.00000000,-0.30503061,0.34351389
2520,0.00731974,0.07327161,-1.00000000,-0.94634702,0.39042240
2521,0.00396578,0.09572509,-1.00000000,-0.98706575,0.38270064
2522,0.00397242,0.19512932,1.00000000,-0.83305148,0.18751195
2523,0.01006117,0.15289815,1.00000000,-0.90963647,0.27908604
2524,0.00753139,0.15298172,1.00000000,-0.90948493,0.33885789
2525,-0.00156027,0.22964787,1.00000000,-0.77045308,0.27338058
2526,-0.00598357,0.19779433,1.00000000,-0.82821856,0.20001846
2527,0.00077625,0.08331717,-1.00000000,-0.96456434,0.17645136
2528,0.01150506,0.02762152,-1.00000000,-0.86356189,0.18709795
2529,-0.00121406,0.11273742,1.00000000,-0.98246680,0.12261283
2530,0.00188546,0.24782849,1.00000000,-0.73748305,0.14802015
2531,0.00481728,0.08767648,-1.00000000,-0.97246982,0.22766086
2532,0.00025902,0.12670391,1.00000000,-0.95713898,0.22384698
2533,0.00637373,0.16361977,1.00000000,-0.89019314,0.18601082
2534,-0.01055123,0.10622466,1.00000000,-0.99427750,0.11716264
2535,-0.00726224,0.18321767,1.00000000,-0.85465292,0.04971156
2536,-0.01744783,-0.02989193,-1.00000000,-0.75926291,-0.11446153
2537,0.00011166,0.01152124,-1.00000000,-0.83436450,-0.11554806
2538,-0.00228981,-0.11672999,-1.00000000,-0.60178460,-0.17942916
2539,0.01472970,0.10436926,1.00000000,-0.99764222,0.00698124
2540,-0.00023259,0.07413127,-1.00000000,-0.94790598,0.05881476
2541,-0.00349729,0.28843131,1.00000000,-0.66385102,0.16167985
2542,0.01065128,0.10003461,-1.00000000,-0.99488094,0.23939431
2543,-0.00040477,0.05892731,-1.00000000,-0.92033405,0.25329379
2544,0.00442294,0.23707817,1.00000000,-0.75697845,0.17729631
2545,-0.00585445,0.09786668,-1.00000000,-0.99094947,0.13584320
2546,-0.00507825,0.15865439,1.00000000,-0.89919771,0.12418594
2547,-0.00637589,0.02924731,-1.00000000,-0.86651022,-0.00136488
2548,0.00074419,0.03902083,-1.00000000,-0.88423421,0.00710699
2549,-0.01156552,0.02268163,-1.00000000,-0.85460355,-0.11078480
2550,0.01014819,0.11233366,1.00000000,-0.98319900,0.00721163
2551,0.00550641,-0.04266323,-1.00000000,-0.73610254,0.08525819
2552,-0.00532399,0.23074360,1.00000000,-0.76846601,0.09301445
2553,-0.00042068,0.17229685,1.00000000,-0.87445750,0.08442526
2554,0.00132734,0.03592659,-1.00000000,-0.87862290,0.17949151
2555,0.00107454,0.09766635,-1.00000000,-0.99058617,0.11258643
2556,-0.01568622,0.11967642,1.00000000,-0.96988313,-0.04367866
2557,-0.00112556,0.11649330,1.00000000,-0.97565563,-0.01272128
2558,0.01319340,-0.09454882,-1.00000000,-0.64200951,0.08766286
2559,-0.00403169,0.08879088,-1.00000000,-0.97449076,0.04814772
2560,0.00029651,0.26908707,1.00000000,-0.69893124,0.04241087
2561,0.00018102,0.05219849,-1.00000000,-0.90813151,0.15940888
2562,-0.01079212,0.10669678,1.00000000,-0.99342133,0.08813188
2563,0.00537013,0.10524253,1.00000000,-0.99605857,0.03044660
2564,0.01432163,-0.03292510,-1.00000000,-0.75376236,0.16577584
2565,-0.00474411,0.17058094,1.00000000,-0.87756925,0.12860849
2566,0.00456228,0.28329311,1.00000000,-0.67316899,0.16091397
2567,0.00383124,0.04322806,-1.00000000,-0.89186391,0.26874017
2568,0.01037218,0.16040889,1.00000000,-0.89601596,0.30562305
2569,0.00015492,0.15120403,1.00000000,-0.91270871,0.20116403
2570,-0.00324166,0.23356389,1.00000000,-0.76335149,0.21224242
2571,-0.00336295,0.10491395,1.00000000,-0.99665444,0.15380527
2572,0.00074412,0.06214605,-1.00000000,-0.92617113,0.13104221
2573,0.00008533,0.06061884,-1.00000000,-0.92340158,0.05519155
2574,0.00485477,0.11233275,1.00000000,-0.98320065,0.08984616
2575,0.00972235,0.10403771,1.00000000,-0.99824347,0.18543703
2576,-0.00723697,0.16409179,1.00000000,-0.88933713,0.15687178
2577,0.00261123,0.22538156,1.00000000,-0.77818992,0.17063904
2578,-0.00109946,0.01183945,-1.00000000,-0.83494157,0.16190288
2579,-0.00165861,0.13584238,1.00000000,-0.94056662,0.11387613
2580,-0.00383340,0.08911944,-1.00000000,-0.97508659,0.01392209
2581,0.00311412,0.08207904,-1.00000000,-0.96231903,0.09024638
2582,-0.01912856,0.05469529,-1.00000000,-0.91265939,-0.07005323
2583,0.02417135,0.14217444,1.00000000,-0.92908361,0.11628256
2584,0.00425207,-0.13789285,-1.00000000,-0.56340638,0.15986524
2585,0.00398040,0.40731527,1.00000000,-0.44825839,0.21748075
2586,0.01587349,0.15650290,1.00000000,-0.90309937,0.31156271
2587,-0.00167230,0.15308226,1.00000000,-0.90930261,0.44027746
2588,0.00165230,0.30283327,1.00000000,-0.63773347,0.27423197
2589,0.00162564,0.08190656,-1.00000000,-0.96200625,0.25486582
2590,-0.00771644,0.12376811,1.00000000,-0.96246296,0.16861851
2591,0.00950024,0.12343235,1.00000000,-0.96307186,0.12162499
2592,0.00117528,0.00580225,-1.00000000,-0.82399329,0.14262178
2593,0.00272069,0.22258491,1.00000000,-0.78326156,0.15049964
2594,0.01131089,0.11776168,1.00000000,-0.97335544,0.22191438
2595,-0.01369580,0.13722071,1.00000000,-0.93806707,0.17782519
2596,0.00850859,0.24538355,1.00000000,-0.74191688,0.17051322
2597,-0.00648724,-0.06948654,-1.00000000,-0.68745923,0.11401322
2598,0.00369524,0.21009864,1.00000000,-0.80590504,0.12119907
2599,-0.01377210,0.02127960,-1.00000000,-0.85206101,-0.06375178
2600,0.00879268,0.14949160,1.00000000,-0.91581416,0.10206830
2601,-0.00262102,-0.07044730,-1.00000000,-0.68571693,0.02000345
2602,0.00261716,0.21367571,1.00000000,-0.79941813,0.08713526
2603,-0.01071722,0.06996080,-1.00000000,-0.94034296,-0.01913584
2604,-0.00910424,0.13591708,1.00000000,-0.94043117,0.01528293
2605,-0.00627583,-0.03198198,-1.00000000,-0.75547267,-0.09582562
2606,-0.00008067,-0.01167217,-1.00000000,-0.79230392,-0.07709416
2607,0.00015807,0.02394149,-1.00000000,-0.85688826,-0.09522639
2608,-0.00267779,0.10194752,-1.00000000,-0.99834994,-0.03594717
2609,-0.00514498,0.10495363,1.00000000,-0.99658248,-0.00675339
2610,0.01497881,0.06924602,-1.00000000,-0.93904672,0.14996894
2611,0.00082921,0.03818052,-1.00000000,-0.88271033,0.15667796
2612,-0.01695095,0.29156796,1.00000000,-0.65816279,0.03052357
2613,0.00502852,0.11340417,1.00000000,-0.98125768,0.08734650
2614,-0.00472154,-0.11047358,-1.00000000,-0.61313042,0.09046881
2615,-0.01029493,0.16627955,1.00000000,-0.88536971,-0.09588857
2616,0.00058025,0.04351232,-1.00000000,-0.89237940,-0.09772430
2617,-0.00323477,-0.02666474,-1.00000000,-0.76511532,0.00341276
2618,0.00523272,0.11026939,1.00000000,-0.98694250,0.00491842
2619,-0.01043131,0.06223286,-1.00000000,-0.92632857,-0.03718292
2620,0.00767886,0.16885068,1.00000000,-0.88070703,0.09534786
2621,-0.00902921,-0.02838194,-1.00000000,-0.76200125,0.02449201
2622,-0.00338715,0.19965111,1.00000000,-0.82485134,0.02336841
2623,0.01496005,-0.01072741,-1.00000000,-0.79401721,0.09509344
2624,0.00398329,0.06031414,-1.00000000,-0.92284902,0.20138030
2625,0.00103088,0.29133175,1.00000000,-0.65859116,0.15236107
2626,-0.00906085,0.15311855,1.00000000,-0.90923679,0.15212775
2627,0.00270798,0.11594356,1.00000000,-0.97665257,0.19707057
2628,0.00604942,-0.01112585,-1.00000000,-0.79329465,0.13136753
2629,0.00065006,0.13706064,1.00000000,-0.93835735,0.10678980
2630,-0.00071496,0.17913413,1.00000000,-0.86205829,0.09391672
2631,-0.00436823,0.11114844,1.00000000,-0.98534837,0.12851802
2632,-0.00381840,0.09396089,-1.00000000,-0.98386642,0.08039537
2633,0.01193910,0.04796096,-1.00000000,-0.90044688,0.12382327
2634,-0.00161512,0.05488411,-1.00000000,-0.91300181,0.10712081
2635,0.00875954,0.25329367,1.00000000,-0.72757211,0.17698155
2636,0.00146419,0.08262654,-1.00000000,-0.96331190,0.21998724
2637,-0.00252912,0.21325840,1.00000000,-0.80017492,0.22949386
2638,-0.00424176,0.12139952,1.00000000,-0.96675833,0.11018337
2639,0.00139731,0.07111806,-1.00000000,-0.94244161,0.13239574
2640,0.00186720,0.04955341,-1.00000000,-0.90333474,0.08157470
2641,0.00178663,0.12055745,1.00000000,-0.96828541,0.08395220
2642,0.00303505,0.12647398,1.00000000,-0.95755596,0.12497988
2643,-0.02261558,0.12545944,1.00000000,-0.95939578,-0.01050056
2644,-0.00185964,0.14117887,1.00000000,-0.93088905,-0.03451587
2645,0.00402482,-0.18179941,-1.00000000,-0.48378310,-0.01860656
2646,-0.00144100,0.07954776,-1.00000000,-0.95772862,-0.04240564
2647,-0.00866357,0.15364146,1.00000000,-0.90828850,-0.12866609
2648,0.00768606,0.08481902,-1.00000000,-0.96728790,0.09476482
2649,0.01581389,-0.00612356,-1.00000000,-0.80236616,0.22508155
2650,-0.00508970,0.19974182,1.00000000,-0.82468685,0.15787518
2651,-0.00508303,0.30208279,1.00000000,-0.63909445,0.13102042
2652,-0.00638974,0.03887667,-1.00000000,-0.88397278,0.14778663
2653,-0.00890893,0.03896055,-1.00000000,-0.88412490,0.02542247
2654,-0.01471030,0.02250721,-1.00000000,-0.85428724,-0.19964935
2655,0.00198408,-0.00921301,-1.00000000,-0.79676353,-0.14749046
2656,0.00037931,-0.08226054,-1.00000000,-0.66429396,-0.10721352
2657,0.00774260,0.12794566,1.00000000,-0.95488709,-0.00300791
2658,-0.00137223,0.10773936,1.00000000,-0.99153063,0.05256444
2659,-0.01330286,0.20045365,1.00000000,-0.82339595,0.06294226
2660,0.01467776,0.08568497,-1.00000000,-0.96885829,0.15653987
2661,-0.00275125,-0.06453887,-1.00000000,-0.69643168,0.13345651
2662,0.00555118,0.28777738,1.00000000,-0.66503689,0.11729802
2663,-0.00110025,0.06832112,-1.00000000,-0.93736945,0.11930343
2664,0.00634768,0.17286065,1.00000000,-0.87343507,0.26419783
2665,-0.00098881,0.08910950,-1.00000000,-0.97506857,0.14867946
2666,0.00082293,0.18288967,1.00000000,-0.85524773,0.17503382
2667,-0.00473683,0.09051273,-1.00000000,-0.97761329,0.09917456
2668,0.00591165,0.11332509,1.00000000,-0.98140108,0.15087719
2669,-0.02668595,0.04331977,-1.00000000,-0.89203022,-0.09269819
2670,-0.00437982,0.17739937,1.00000000,-0.86520422,-0.11770197
2671,0.00116744,-0.23305121,-1.00000000,-0.39083945,-0.11516168
2672,-0.00163077,0.04781509,-1.00000000,-0.90018235,-0.09225900
2673,-0.00383875,0.11766300,1.00000000,-0.97353440,-0.16415410
2674,-0.00099446,0.08242948,-1.00000000,-0.96295454,0.02528358
2675,0.00185767,0.05462788,-1.00000000,-0.91253715,0.07127604
2676,0.00050768,0.09044158,-1.00000000,-0.97748425,0.06641129
2677,0.02711001,0.12635400,1.00000000,-0.95777354,0.27833314
2678,0.00373132,0.10935572,1.00000000,-0.98859942,0.33415150
2679,-0.00216317,0.44431729,1.00000000,-0.38115631,0.32553395
2680,0.00636295,0.14994596,1.00000000,-0.91499018,0.35875387
2681,-0.00810285,0.07572583,-1.00000000,-0.95079767,0.29526364
2682,0.00533477,0.18308192,1.00000000,-0.85489909,0.13470265
2683,-0.00921819,0.00093679,-1.00000000,-0.81516991,0.03921871
2684,0.01070285,0.17013571,1.00000000,-0.87837666,0.13408702
2685,-0.00947800,-0.01310694,-1.00000000,-0.78970200,0.01728292
2686,-0.00741117,0.23772747,1.00000000,-0.75580097,0.02238304
2687,0.00066250,-0.01637831,-1.00000000,-0.78376947,-0.01206822
2688,-0.00659858,0.00964600,-1.00000000,-0.83096380,0.00724756
2689,-0.00464890,0.11130511,1.00000000,-0.98506425,-0.10594938
2690,0.00857244,0.01987760,-1.00000000,-0.84951852,0.02714654
2691,0.00228871,0.04442699,-1.00000000,-0.89403812,0.09866914
2692,-0.01334516,0.21090260,1.00000000,-0.80444709,-0.00461714
2693,0.00656447,0.13178138,1.00000000,-0.94793112,0.09244136
2694,0.00786069,-0.06507144,-1.00000000,-0.69546589,0.18468153
2695,-0.00209451,0.18561931,1.00000000,-0.85029761,0.10602816
2696,-0.01240985,0.20194067,1.00000000,-0.82069928,-0.00235250
2697,-0.01638688,0.07659037,-1.00000000,-0.95236549,-0.02478082
2698,0.00320327,-0.05329458,-1.00000000,-0.71682289,-0.04956476
2699,0.00478301,-0.10337110,-1.00000000,-0.62601056,-0.07225819
2700,-0.00662760,0.14329708,1.00000000,-0.92704774,-0.10568321
2701,0.00134488,0.16318828,1.00000000,-0.89097562,-0.00426190
2702,-0.00010134,0.01951223,-1.00000000,-0.84885594,0.11582044
2703,0.00017017,0.11989725,1.00000000,-0.96948265,0.09345568
2704,-0.00249528,0.10168720,-1.00000000,-0.99787786,0.03978879
2705,-0.00545602,0.10510596,1.00000000,-0.99630623,0.04842752
2706,0.00231072,0.07154416,-1.00000000,-0.94321432,0.05554919
2707,-0.00272792,0.03426415,-1.00000000,-0.87560810,0.03618201
2708,0.00735391,0.13205855,1.00000000,-0.94742849,0.08915168
2709,-0.00087072,0.06861489,-1.00000000,-0.93790218,0.10113041
2710,0.00479986,0.19555949,1.00000000,-0.83227137,0.17675268
2711,0.00046069,0.09199959,-1.00000000,-0.98030966,0.16311135
2712,0.01221717,0.16340034,1.00000000,-0.89059107,0.27330978
2713,0.00215022,0.10876397,1.00000000,-0.98967255,0.23494012
2714,0.00079475,0.25679495,1.00000000,-0.72122263,0.24722057
2715,-0.00352841,0.13003764,1.00000000,-0.95109335,0.18581159
2716,-0.00748914,0.11297026,1.00000000,-0.98204456,0.12719309
2717,0.00611285,0.05853545,-1.00000000,-0.91962342,0.08218254
2718,-0.01553325,0.00866423,-1.00000000,-0.82918340,-0.04820753
2719,-0.00578622,0.17993281,1.00000000,-0.86060991,-0.09673266
2720,0.00648246,-0.09262264,-1.00000000,-0.64550260,-0.02291693
2721,0.00431701,0.03010645,-1.00000000,-0.86806825,0.06413642
2722,0.00079638,0.18458670,1.00000000,-0.85217022,0.02493511
2723,0.00573742,0.15732066,1.00000000,-0.90161640,0.18177556
2724,0.00019572,0.11299079,1.00000000,-0.98200733,0.22588373
2725,-0.00855185,0.17520557,1.00000000,-0.86918263,0.11502743
2726,0.01294510,0.10542765,1.00000000,-0.99572285,0.17864714
2727,0.01369905,-0.00471678,-1.00000000,-0.80491732,0.27378575
2728,-0.00196293,0.26596069,1.00000000,-0.70460084,0.21700684
2729,-0.00001905,0.27545399,1.00000000,-0.68738501,0.21542320
2730,0.00519767,0.07824720,-1.00000000,-0.95537011,0.31680604
2731,-0.01460574,0.10272337,-1.00000000,-0.99975692,0.11365833
2732,0.00695022,0.16840936,1.00000000,-0.88150736,0.06389543
2733,-0.00203509,-0.08094397,-1.00000000,-0.66668152,0.06336334
2734,-0.00314589,0.19047649,1.00000000,-0.84148925,0.04030743
2735,0.00267525,0.07733858,-1.00000000,-0.95372235,0.02170820
2736,-0.00242373,0.06335200,-1.00000000,-0.92835808,0.11153293
2737,-0.00238387,0.13664844,1.00000000,-0.93910486,0.04270748
2738,0.00699354,0.07244500,-1.00000000,-0.94484798,0.10928055
2739,-0.00985783,0.07294688,-1.00000000,-0.94575813,0.05978969
2740,-0.01834846,0.19102191,1.00000000,-0.84050014,-0.09522982
2741,0.00615222,-0.02116094,-1.00000000,-0.77509631,-0.03199456
2742,0.00271332,-0.12807023,-1.00000000,-0.58121942,0.00558988
2743,0.00881480,0.18042853,1.00000000,-0.85971094,0.01901912
2744,0.00809610,0.13712785,1.00000000,-0.93823546,0.15140345
2745,-0.00148938,0.21395432,1.00000000,-0.79891289,0.27571482
2746,-0.00322724,0.20490484,1.00000000,-0.81532386,0.20655482
2747,-0.00362678,0.08420977,-1.00000000,-0.96618304,0.15980576
2748,0.00579923,0.06232763,-1.00000000,-0.92650042,0.13757028
2749,0.00614747,0.05729693,-1.00000000,-0.91737739,0.12320189
2750,0.00644737,0.17598395,1.00000000,-0.86777105,0.18172404
2751,-0.00456109,0.18036871,1.00000000,-0.85981942,0.17188883
2752,0.00066193,0.18414496,1.00000000,-0.85297129,0.20351186
2753,0.00030966,0.04553255,-1.00000000,-0.89604303,0.16303420
2754,0.00118257,0.11129792,1.00000000,-0.98507729,0.12642526
2755,-0.00619470,0.10686237,1.00000000,-0.99312103,0.03320824
2756,-0.00021092,0.11785356,1.00000000,-0.97318884,0.06528448
2757,-0.00021124,0.02496314,-1.00000000,-0.85874100,0.05884611
2758,-0.00198317,0.10030746,-1.00000000,-0.99537575,0.04193980
2759,-0.00101358,0.10030346,-1.00000000,-0.99536849,0.02574634
2760,-0.01696838,0.07799234,-1.00000000,-0.95490793,-0.05369408
2761,-0.00312240,0.09020084,-1.00000000,-0.97704768,-0.07516201
2762,0.00457131,-0.11069308,-1.00000000,-0.61273237,-0.03989759
2763,-0.00013301,0.06364781,-1.00000000,-0.92889452,-0.02625538
2764,0.00430773,0.16052265,1.00000000,-0.89580967,0.01298157
2765,-0.00065976,0.10128843,-1.00000000,-0.99715469,0.13323418
2766,0.01579967,0.15720372,1.00000000,-0.90182846,0.27275715
2767,-0.00122273,0.09465598,-1.00000000,-0.98512695,0.23003445
2768,0.00500433,0.30190385,1.00000000,-0.63941896,0.26791494
2769,0.00319722,0.08756735,-1.00000000,-0.97227192,0.25972658
2770,0.00256600,0.16597495,1.00000000,-0.88592208,0.28351185
2771,0.01148138,0.14322089,1.00000000,-0.92718591,0.25167063
2772,-0.02677835,0.13527284,1.00000000,-0.94159947,0.06323479
2773,-0.01126072,0.24753027,1.00000000,-0.73802388,-0.05669648
2774,-0.00165420,-0.23421463,-1.00000000,-0.38872960,-0.09246872
2775,-0.00171542,-0.03882537,-1.00000000,-0.74306238,-0.12403802
2776,-0.00414343,0.08213450,-1.00000000,-0.96241961,-0.23924844
2777,-0.00717273,0.08136361,-1.00000000,-0.96102162,-0.09468527
2778,0.01259372,0.05079148,-1.00000000,-0.90557994,0.08120683
2779,-0.00445682,0.01264829,-1.00000000,-0.83640838,0.06054158
2780,0.00412950,0.26153632,1.00000000,-0.71262429,0.10363945
2781,-0.00519103,0.04684554,-1.00000000,-0.89842410,0.09591495
2782,0.00294034,0.15495959,1.00000000,-0.90589812,0.17048425
2783,0.01366225,0.03760075,-1.00000000,-0.88165894,0.17836307
2784,0.00580075,0.13998638,1.00000000,-0.93305161,0.25399782
2785,-0.00483093,0.27499056,1.00000000,-0.68822543,0.18792759
2786,0.00687976,0.17600303,1.00000000,-0.86773644,0.27693224
2787,-0.01791504,0.04213493,-1.00000000,-0.88988155,0.12315386
2788,0.00044252,0.18958931,1.00000000,-0.84309812,0.02567742
2789,0.01892790,-0.12261288,-1.00000000,-0.59111616,0.12247123
2790,0.00749971,0.10853517,1.00000000,-0.99008747,0.21339189
2791,-0.00559679,0.34129273,1.00000000,-0.56798836,0.12139537
2792,-0.00329362,0.19739537,1.00000000,-0.82894206,0.22920724
2793,-0.00636795,0.03249169,-1.00000000,-0.87239381,0.17898990
2794,0.00385675,0.06149179,-1.00000000,-0.92498465,0.06786188
2795,0.01569840,0.02278165,-1.00000000,-0.85478493,0.12831538
2796,0.00900694,0.15152525,1.00000000,-0.91212620,0.23599677
2797,0.00307058,0.30062863,1.00000000,-0.64173153,0.28292362
2798,0.03144272,0.21637356,1.00000000,-0.79452566,0.56172276
2799,0.00002999,0.14162631,1.00000000,-0.93007764,0.53350594
2800,-0.00430121,0.49887229,1.00000000,-0.28222238,0.38603771
2801,-0.00255457,0.10334086,1.00000000,-0.99950718,0.30078826
2802,-0.01081520,0.04880487,-1.00000000,-0.90197729,0.19840064
2803,0.00827949,0.07079755,-1.00000000,-0.94186037,0.02760524
2804,0.00444435,-0.03321565,-1.00000000,-0.75323545,0.06015477
2805,-0.00819770,0.20721396,1.00000000,-0.81113633,0.03142373
2806,0.00065742,0.15892399,1.00000000,-0.89870880,0.05510750
2807,0.00038618,-0.00025761,-1.00000000,-0.81300389,0.13770151
2808,0.00630213,0.11124108,1.00000000,-0.98518037,0.12312131
2809,0.00548301,0.10782580,1.00000000,-0.99137388,0.13077993
2810,-0.01225151,0.18231612,1.00000000,-0.85628785,0.10088899
2811,-0.00341639,0.17200222,1.00000000,-0.87499181,0.07085053
2812,-0.01390561,-0.05130080,-1.00000000,-0.72043855,-0.03453081
2813,0.00269790,0.05994598,-1.00000000,-0.92218136,-0.06110683
2814,-0.00737985,-0.07212838,-1.00000000,-0.68266834,-0.15595187
2815,0.01174384,0.13693365,1.00000000,-0.93858763,0.02097922
2816,0.01212902,0.01004032,-1.00000000,-0.83167889,0.13560417
2817,0.01045252,0.25083512,1.00000000,-0.73203061,0.31521023
2818,0.00688058,0.25568499,1.00000000,-0.72323553,0.34605148
2819,-0.02321077,0.23457545,1.00000000,-0.76151706,0.22932129
2820,0.00145241,0.18959963,1.00000000,-0.84307941,0.15343684
2821,-0.00930147,-0.18929369,-1.00000000,-0.47019244,-0.00458208
2822,-0.00736781,0.12125124,1.00000000,-0.96702724,-0.13598126
2823,0.01030242,-0.01415563,-1.00000000,-0.78780024,-0.11075014
2824,0.00411718,0.01019198,-1.00000000,-0.83195392,0.09075407
2825,0.00603746,0.23268549,1.00000000,-0.76494446,0.12456218
2826,0.01151887,0.15480446,1.00000000,-0.90617944,0.27808214
2827,-0.01003648,0.17898358,1.00000000,-0.86233131,0.25840457
2828,0.00525700,0.24800234,1.00000000,-0.73716777,0.22120190
2829,0.00375794,-0.02341038,-1.00000000,-0.77101702,0.21855305
2830,-0.00143694,0.16915644,1.00000000,-0.88015255,0.16344012
2831,0.01182300,0.15028116,1.00000000,-0.91438231,0.16568269
2832,0.00797904,0.08487013,-1.00000000,-0.96738059,0.29852113
2833,0.00821128,0.25183186,1.00000000,-0.73022307,0.32030470
2834,-0.00681555,0.20343084,1.00000000,-0.81799691,0.24234045
2835,-0.00020068,0.20635510,1.00000000,-0.81269385,0.25145606
2836,-0.01764195,0.01714571,-1.00000000,-0.84456432,0.03419452
2837,0.00119475,0.10043637,-1.00000000,-0.99560952,-0.01582983
2838,-0.03630147,-0.11917426,-1.00000000,-0.59735200,-0.34404715
2839,-0.01360798,0.11800689,1.00000000,-0.97291076,-0.39413157
2840,-0.00890255,-0.35412437,-1.00000000,-0.17127676,-0.45829532
2841,-0.00419543,-0.06838082,-1.00000000,-0.68946443,-0.35914663
2842,-0.01123337,-0.00913270,-1.00000000,-0.79690919,-0.45078614
2843,-0.01053605,0.05013674,-1.00000000,-0.90439259,-0.26080336
2844,0.01123879,-0.03848106,-1.00000000,-0.74368677,-0.07759421
2845,-0.00749986,-0.02970077,-1.00000000,-0.75960958,-0.06725137
2846,-0.01146661,0.24447582,1.00000000,-0.74356302,-0.12086580
2847,0.03311197,0.00852922,-1.00000000,-0.82893856,0.20611715
2848,-0.00369504,-0.04141780,-1.00000000,-0.73836108,0.25655976
2849,-0.00129502,0.51989055,1.00000000,-0.24410639,0.16414094
2850,-0.02026280,0.05643741,-1.00000000,-0.91581868,0.07003269
2851,-0.00747044,0.08665706,-1.00000000,-0.97062113,0.09949863
2852,-0.00133684,-0.15217448,-1.00000000,-0.53750704,-0.15451169
2853,0.00768910,0.00889963,-1.00000000,-0.82961029,-0.07057012
2854,0.00561717,0.08613047,-1.00000000,-0.96966617,-0.01960266
2855,-0.00196257,0.19978003,1.00000000,-0.82461755,0.11533511
2856,0.00035476,0.17369152,1.00000000,-0.87192831,0.17303469
2857,-0.01297326,0.07825164,-1.00000000,-0.95537815,0.08723293
2858,0.01539753,0.10743018,1.00000000,-0.99209133,0.14407153
2859,-0.00156243,-0.06038869,-1.00000000,-0.70395792,0.09113235
2860,0.00803289,0.29684033,1.00000000,-0.64860150,0.16483445
2861,-0.01551818,0.08329005,-1.00000000,-0.96451516,0.04779445
2862,0.00035749,0.20410884,1.00000000,-0.81676737,0.14608945
2863,-0.01373918,-0.09243288,-1.00000000,-0.64584672,-0.06875177
2864,-0.00854965,0.10746451,1.00000000,-0.99202907,-0.12027247
2865,-0.00348191,-0.07003274,-1.00000000,-0.68646873,-0.20517745
2866,-0.01000169,-0.00468913,-1.00000000,-0.80496746,-0.16450132
2867,0.00043099,0.05912107,-1.00000000,-0.92068542,-0.16395933
2868,-0.00514469,-0.02297240,-1.00000000,-0.77181129,-0.10058736
2869,-0.01916124,0.10839003,1.00000000,-0.99035066,-0.17883248
2870,-0.00142857,0.03818426,-1.00000000,-0.88271713,-0.16369208
2871,0.00160119,-0.13830423,-1.00000000,-0.56266036,-0.07813756
2872,0.00334464,0.08497554,-1.00000000,-0.96757175,-0.05665356
2873,-0.00235908,0.12312457,1.00000000,-0.96363001,-0.03611371
2874,-0.00366580,0.14507713,1.00000000,-0.92381967,0.07814281
2875,0.01237953,0.07325908,-1.00000000,-0.94632429,0.17995763
2876,-0.00581140,0.05680563,-1.00000000,-0.91648643,0.12530043
2877,0.00215233,0.25883937,1.00000000,-0.71751515,0.11650885
2878,0.00551273,0.02978933,-1.00000000,-0.86749315,0.17455207
2879,-0.00332520,0.13006423,1.00000000,-0.95104514,0.17706346
2880,-0.00733788,0.17237643,1.00000000,-0.87431318,0.03167597
2881,-0.00171531,0.06109419,-1.00000000,-0.92426362,0.06187874
2882,-0.00310408,0.01056879,-1.00000000,-0.83263725,0.02312027
2883,-0.00241747,0.08136502,-1.00000000,-0.96102418,-0.03535347
2884,0.00478655,0.06387841,-1.00000000,-0.92931272,0.02445901
2885,-0.00015667,0.07252390,-1.00000000,-0.94499106,0.07741012
2886,-0.00577554,0.16323283,1.00000000,-0.89089483,0.04747180
2887,0.00641067,0.10099060,-1.00000000,-0.99661460,0.11762936
2888,0.00579858,0.03024094,-1.00000000,-0.86831214,0.17821084
2889,-0.00759737,0.18368278,1.00000000,-0.85380945,0.08689727
2890,-0.01975645,0.17597572,1.00000000,-0.86778597,-0.05762286
2891,0.01432983,0.00730143,-1.00000000,-0.82671200,0.09062523
2892,0.01799706,-0.14579883,-1.00000000,-0.54906911,0.17605817
2893,0.00106424,0.28339643,1.00000000,-0.67298163,0.14114922
2894,-0.00383113,0.32957212,1.00000000,-0.58924335,0.16891982
2895,-0.02632290,0.11636354,1.00000000,-0.97589093,0.12050174
2896,0.01404011,0.05472383,-1.00000000,-0.91271115,0.11836546
2897,0.01475575,-0.22847985,-1.00000000,-0.39912947,0.09446545
2898,-0.00938473,0.27974842,1.00000000,-0.67959719,0.01741936
2899,-0.01294828,0.28875932,1.00000000,-0.66325617,-0.04980648
2900,0.01674782,-0.01520401,-1.00000000,-0.78589903,0.26777791
2901,0.00669438,-0.06007421,-1.00000000,-0.70452822,0.21361374
2902,0.02650274,0.31384233,1.00000000,-0.61776887,0.30023089
2903,0.00209881,0.18725512,1.00000000,-0.84733111,0.38490544
2904,-0.00863252,0.43667088,1.00000000,-0.39502285,0.41672794
2905,-0.00141698,0.12939027,1.00000000,-0.95226735,0.28278874
2906,-0.00081770,-0.00573260,-1.00000000,-0.80307516,0.22739797
2907,0.02476192,0.08512140,-1.00000000,-0.96783626,0.21456189
2908,-0.01452981,0.09266721,-1.00000000,-0.98152038,0.09194981
2909,0.00579555,0.41475138,1.00000000,-0.43477322,0.19833602
2910,-0.00082860,-0.07998794,-1.00000000,-0.66841525,0.20267453
2911,-0.00821333,0.17593753,1.00000000,-0.86785523,0.14814245
2912,-0.02619775,0.09253004,-1.00000000,-0.98127162,-0.22761163
2913,-0.00223051,-0.00045436,-1.00000000,-0.81264709,-0.13692199
2914,-0.00285318,-0.22690410,-1.00000000,-0.40198704,-0.20069388
2915,-0.01608877,0.07487800,-1.00000000,-0.94926014,-0.31321566
2916,0.00534794,0.06703762,-1.00000000,-0.93504186,-0.21322082
2917,0.00105996,-0.09961750,-1.00000000,-0.63281762,-0.01223449
2918,0.02301137,0.17030157,1.00000000,-0.87807589,0.17388791
2919,0.00652661,0.11630970,1.00000000,-0.97598857,0.24305033
2920,-0.00131289,0.39270943,1.00000000,-0.47474566,0.35200116
2921,0.00374466,0.18514266,1.00000000,-0.85116199,0.34017921
2922,0.00471426,0.08643210,-1.00000000,-0.97021319,0.36712439
2923,0.01379232,0.15011385,1.00000000,-0.91468573,0.29914722
2924,0.00135754,0.16232257,1.00000000,-0.89254557,0.26103279
2925,-0.00185793,0.27662839,1.00000000,-0.68525528,0.25701389
2926,-0.00404489,0.12005666,1.00000000,-0.96919358,0.19957720
2927,-0.01187255,0.07956924,-1.00000000,-0.95776757,0.07727340
2928,0.01043326,0.05203224,-1.00000000,-0.90783003,0.05250514
2929,0.00358476,-0.04652922,-1.00000000,-0.72909168,0.06892768
2930,0.00947166,0.23433294,1.00000000,-0.76195685,0.15246706
2931,-0.00194760,0.14810057,1.00000000,-0.91833675,0.16793159
2932,0.00635396,0.22222504,1.00000000,-0.78391417,0.30232580
2933,0.00031997,0.07844021,-1.00000000,-0.95572011,0.22775488
2934,0.00150680,0.18296870,1.00000000,-0.85510440,0.21243288
2935,-0.00536956,0.10699211,1.00000000,-0.99288575,0.10300031
2936,-0.00013667,0.12193598,1.00000000,-0.96578547,0.11635328
2937,-0.00443213,0.03535279,-1.00000000,-0.87758233,0.03682148
2938,-0.00028983,0.10124238,-1.00000000,-0.99707118,0.03232512
2939,0.00116981,0.04715643,-1.00000000,-0.89898789,0.02984032
2940,-0.01043122,0.09931392,-1.00000000,-0.99357398,-0.00748214
2941,-0.00394656,0.11769281,1.00000000,-0.97348034,-0.03557459
2942,-0.00413057,-0.02838082,-1.00000000,-0.76200328,-0.03335107
2943,-0.00608271,0.05327039,-1.00000000,-0.91007537,-0.07606525
2944,-0.01701146,0.05095342,-1.00000000,-0.90587361,-0.21012589
2945,-0.00057755,0.02637314,-1.00000000,-0.86129800,-0.13746930
2946,0.00589503,-0.11123549,-1.00000000,-0.61174872,-0.06490178
2947,0.00365024,0.09569103,-1.00000000,-0.98700398,-0.00752953
2948,-0.00301177,0.17719012,1.00000000,-0.86558369,0.01511429
2949,-0.00075099,0.14892500,1.00000000,-0.91684167,0.13501180
2950,0.00729080,0.06504081,-1.00000000,-0.93142069,0.19302957
2951,0.00847279,0.09350718,-1.00000000,-0.98304363,0.21203684
2952,0.00014662,0.19476492,1.00000000,-0.83371230,0.18620268
2953,-0.00138406,0.20964783,1.00000000,-0.80672258,0.19820463
2954,-0.00302167,0.10480936,1.00000000,-0.99684410,0.18146166
2955,0.01111062,0.08553591,-1.00000000,-0.96858797,0.20962731
2956,0.03088528,0.06491610,-1.00000000,-0.93119454,0.37488709
2957,-0.00826548,0.24286191,1.00000000,-0.74648980,0.31286000
2958,-0.00481621,0.49185328,1.00000000,-0.29495116,0.28755287
2959,0.00469090,-0.00111103,-1.00000000,-0.81145624,0.34442196
2960,0.00061139,0.04232025,-1.00000000,-0.89021762,0.26700529
2961,0.00359461,0.16202845,1.00000000,-0.89307894,0.06577601
2962,-0.00561691,0.11066154,1.00000000,-0.98623135,0.08530538
2963,0.00389683,0.14822460,1.00000000,-0.91811182,0.14955147
2964,-0.01883154,0.03223825,-1.00000000,-0.87193421,-0.02389259
2965,-0.03014423,0.15202992,1.00000000,-0.91121099,-0.25067089
2966,0.00140958,-0.13415285,-1.00000000,-0.57018875,-0.26678233
2967,-0.00081913,-0.27659584,-1.00000000,-0.31187251,-0.23140558
2968,0.00729186,0.12071193,1.00000000,-0.96800526,-0.20637212
2969,-0.00298388,0.09264928,-1.00000000,-0.98148786,-0.08951854
2970,0.01244766,0.19477824,1.00000000,-0.83368815,0.22453518
2971,-0.01260163,0.06539187,-1.00000000,-0.93205733,0.12122268
2972,0.02262090,0.25969719,1.00000000,-0.71595951,0.29405904
2973,0.01505699,-0.05570941,-1.00000000,-0.71244367,0.35131571
2974,-0.01872593,0.38779286,1.00000000,-0.48366172,0.23524084
2975,0.00644231,0.29255244,1.00000000,-0.65637747,0.19096001
2976,-0.00284557,-0.13282307,-1.00000000,-0.57260027,0.26289691
2977,-0.03968941,0.18408115,1.00000000,-0.85308702,-0.19655171
2978,-0.01940584,0.06713345,-1.00000000,-0.93521564,-0.45066536
2979,-0.00702899,-0.39678341,-1.00000000,-0.09391583,-0.36441729
2980,-0.01603745,-0.14138409,-1.00000000,-0.55707512,-0.53017307
2981,0.00568277,0.01445822,-1.00000000,-0.83969063,-0.46728889
2982,0.00470482,-0.09897129,-1.00000000,-0.63398950,-0.13994552
2983,0.00126060,0.17451747,1.00000000,-0.87043048,0.01243966
2984,0.02149988,0.16220366,1.00000000,-0.89276120,0.22279888
2985,-0.02624961,0.11883608,1.00000000,-0.97140706,0.14749893
2986,0.00553766,0.37367761,1.00000000,-0.50925932,0.14642898
2987,-0.00860459,-0.22755705,-1.00000000,-0.40080293,0.04829134
2988,0.02406857,0.17269036,1.00000000,-0.87374387,0.21646720
2989,0.00995380,-0.00538083,-1.00000000,-0.80371309,0.13133157
2990,-0.02621157,0.40602116,1.00000000,-0.45060523,0.13161205
2991,0.01189153,0.22829596,1.00000000,-0.77290474,0.17846265
2992,0.00749217,-0.22707808,-1.00000000,-0.40167153,0.29715299
2993,-0.00606605,0.25269466,1.00000000,-0.72865839,0.07495359
2994,0.01744190,0.19730043,1.00000000,-0.82911423,0.13016748
2995,-0.00926082,0.02658292,-1.00000000,-0.86167842,0.25515479
2996,0.00568353,0.32258181,1.00000000,-0.60192006,0.20937981
2997,-0.01657117,-0.01364381,-1.00000000,-0.78872841,0.03194741
2998,-0.01095885,0.17452713,1.00000000,-0.87041295,-0.00412994
2999,-0.00521649,-0.10569156,-1.00000000,-0.62180248,-0.17120283
3000,0.00432452,-0.03502446,-1.00000000,-0.74995522,-0.07103053
3001,-0.00936339,0.03728022,-1.00000000,-0.88107766,-0.18197990
3002,-0.00444456,0.15741515,1.00000000,-0.90144503,-0.09256362
3003,-0.00699029,-0.01493527,-1.00000000,-0.78638639,-0.06330117
3004,-0.00614122,0.04699991,-1.00000000,-0.89870405,-0.07011974
3005,0.01147586,0.01494549,-1.00000000,-0.84057429,-0.01738892
3006,-0.00783123,0.02563649,-1.00000000,-0.85996210,-0.00609148
3007,0.00178606,0.24746081,1.00000000,-0.73814983,0.03985034
3008,-0.01516038,0.00435677,-1.00000000,-0.82137195,-0.02039229
3009,-0.00561376,0.12545235,1.00000000,-0.95940864,-0.01650302
3010,0.00251631,-0.08792768,-1.00000000,-0.65401676,-0.08256678
3011,0.00573815,0.03227799,-1.00000000,-0.87200626,0.01748782
3012,-0.00614305,0.13464720,1.00000000,-0.94273404,-0.04097795
3013,0.00191146,0.17521475,1.00000000,-0.86916597,0.08490221
3014,0.00819489,0.02561343,-1.00000000,-0.85992027,0.18672104
3015,0.00497085,0.12703125,1.00000000,-0.95654536,0.20481974
3016,-0.00122424,0.20614865,1.00000000,-0.81306823,0.15348222
3017,-0.00298891,0.16555341,1.00000000,-0.88668653,0.17673945
3018,0.00719929,0.08754837,-1.00000000,-0.97223750,0.21572958
3019,-0.00480020,0.06532858,-1.00000000,-0.93194255,0.11990956
3020,0.00941535,0.19361265,1.00000000,-0.83580192,0.15268135
3021,-0.00433557,0.04252183,-1.00000000,-0.89058318,0.12973973
3022,-0.01454553,0.22151607,1.00000000,-0.78519987,0.04452634
3023,0.00402084,0.04837218,-1.00000000,-0.90119262,0.02108984
3024,0.01140800,-0.08018585,-1.00000000,-0.66805634,0.14060196
3025,-0.00544563,0.15359137,1.00000000,-0.90837935,0.03102367
3026,0.00230781,0.24660639,1.00000000,-0.73969929,0.08000902
3027,0.00902794,0.03439498,-1.00000000,-0.87584536,0.25382932
3028,-0.01105120,0.13202189,1.00000000,-0.94749497,0.14269478
3029,0.00277611,0.21663795,1.00000000,-0.79404620,0.07904702
3030,-0.00412483,-0.03618724,-1.00000000,-0.74784655,0.08878602
3031,-0.00345741,0.13791846,1.00000000,-0.93680172,0.04627584
3032,-0.00342126,0.05102576,-1.00000000,-0.90600480,-0.04551904
3033,0.00049951,0.05942948,-1.00000000,-0.92124471,0.03965081
3034,0.03401093,0.05988465,-1.00000000,-0.92207015,0.26996258
3035,-0.00425093,0.10925283,1.00000000,-0.98878600,0.26903273
3036,-0.00034636,0.53120976,1.00000000,-0.22357932,0.29197225
3037,-0.00147555,0.04943791,-1.00000000,-0.90312529,0.30631905
3038,0.00575774,0.09860208,-1.00000000,-0.99228308,0.34509088
3039,0.00733442,0.08438394,-1.00000000,-0.96649889,0.14839009
3040,0.00055398,0.17546146,1.00000000,-0.86871857,0.18381936
3041,0.00664268,0.19531416,1.00000000,-0.83271628,0.23535345
3042,0.00638510,0.10993861,1.00000000,-0.98754237,0.29331443
3043,0.00874507,0.18660414,1.00000000,-0.84851164,0.31534170
3044,0.00897870,0.18336086,1.00000000,-0.85439323,0.32746587
3045,-0.01113910,0.21307626,1.00000000,-0.80050523,0.24124630
3046,-0.00273141,0.21601797,1.00000000,-0.79517051,0.17212594
3047,0.00212158,-0.03729402,-1.00000000,-0.74583944,0.14068865
3048,0.00374038,0.06857093,-1.00000000,-0.93782247,0.10378627
3049,-0.00316860,0.12967705,1.00000000,-0.95174727,0.01421750
3050,0.00032510,0.15006001,1.00000000,-0.91478336,0.09874942
3051,0.00701806,0.06306608,-1.00000000,-0.92783957,0.17063767
3052,0.02100985,0.10705670,1.00000000,-0.99276863,0.30991135
3053,0.00882138,0.19133072,1.00000000,-0.83994013,0.34737640
3054,0.01125044,0.36750741,1.00000000,-0.52044879,0.45369602
3055,0.00407790,0.21403709,1.00000000,-0.79876278,0.48136753
3056,-0.00331199,0.24462252,1.00000000,-0.74329699,0.40519828
3057,-0.00645539,0.15430988,1.00000000,-0.90707635,0.20268181
3058,-0.01050968,0.06126050,-1.00000000,-0.92456520,0.06014315
3059,0.00451692,0.02168067,-1.00000000,-0.85278834,0.01049313
3060,0.01480220,-0.02936869,-1.00000000,-0.76021181,0.08956934
3061,0.00964836,0.15983778,1.00000000,-0.89705166,0.18513322
3062,-0.00820491,0.28934418,1.00000000,-0.66219555,0.17223298
3063,0.00067440,0.22444991,1.00000000,-0.77987943,0.25469946
3064,0.00375034,-0.00034839,-1.00000000,-0.81283927,0.24904706
3065,-0.00052074,0.11145498,1.00000000,-0.98479247,0.13606249
3066,0.01309500,0.15018547,1.00000000,-0.91455584,0.16147655
3067,-0.00378098,0.09640637,-1.00000000,-0.98830123,0.19409669
3068,0.02355590,0.26784817,1.00000000,-0.70117795,0.36281471
