seq_idx,target_return,feat_logret,feat_sign,feat_absret,feat_rollmean
0,-0.00429699,-0.17258317,-1.00000000,-0.94091405,-0.03317923
1,0.00145345,-0.13919040,-1.00000000,-0.99955310,-0.01352561
2,0.00570640,-0.19256327,-1.00000000,-0.90582819,0.04005365
3,-0.00618343,-0.12078982,1.00000000,-0.96815223,0.00004827
4,0.00100578,-0.06770717,1.00000000,-0.87493695,0.01182498
5,-0.00288393,-0.21610867,-1.00000000,-0.86448151,0.02803546
6,-0.00116203,-0.12637745,1.00000000,-0.97796434,-0.00196924
7,0.00228107,-0.17492640,-1.00000000,-0.93679924,-0.04126450
8,0.00100993,-0.15343467,-1.00000000,-0.97453958,0.04125732
9,-0.00012178,-0.11046008,1.00000000,-0.95001279,0.02832203
10,0.00317885,-0.12632565,1.00000000,-0.97787337,0.09787399
11,-0.00466012,-0.14045093,-1.00000000,-0.99733955,0.05774409
12,0.00536286,-0.09925447,1.00000000,-0.93033528,0.09309820
13,0.00112858,-0.19709566,-1.00000000,-0.89786913,0.09445939
14,0.00281017,-0.07199511,1.00000000,-0.88246675,0.12809454
15,0.00509369,-0.12484469,1.00000000,-0.97527274,0.15006145
16,0.00935204,-0.10385619,1.00000000,-0.93841609,0.31080814
17,-0.00051518,-0.07535466,1.00000000,-0.88836626,0.24337563
18,0.00110910,-0.02220466,1.00000000,-0.79503271,0.24315212
19,-0.00102527,-0.14536109,-1.00000000,-0.98871712,0.19915222
20,-0.00697555,-0.12508786,1.00000000,-0.97569977,0.06069458
21,0.00234870,-0.15172769,-1.00000000,-0.97753711,-0.01964726
22,0.00189955,-0.22599537,-1.00000000,-0.84712006,0.00805435
23,-0.00092665,-0.10961588,1.00000000,-0.94853035,-0.01529961
24,0.00408761,-0.11522198,1.00000000,-0.95837488,0.04335503
25,0.00413665,-0.15049677,-1.00000000,-0.97969866,0.17083354
26,-0.00714840,-0.08791196,1.00000000,-0.91041738,0.06188328
27,0.00095821,-0.08729986,1.00000000,-0.90934251,0.05108430
28,0.00703730,-0.22815282,-1.00000000,-0.84333150,0.14244627
29,0.00006304,-0.12697118,1.00000000,-0.97900694,0.09627662
30,-0.00433822,-0.05109574,1.00000000,-0.84576661,-0.00094665
31,0.00153784,-0.13814413,1.00000000,-0.99862711,0.09870143
32,0.00054075,-0.19307793,-1.00000000,-0.90492441,0.09391240
33,-0.00392026,-0.11973657,1.00000000,-0.96630269,-0.03179210
34,0.00117194,-0.13218159,1.00000000,-0.98815665,-0.01907078
35,0.00711764,-0.18786114,-1.00000000,-0.91408531,0.11235027
36,-0.00321759,-0.12430344,1.00000000,-0.97432230,0.05779621
37,-0.00082226,-0.05009298,1.00000000,-0.84400573,0.04215976
38,0.00874495,-0.17909091,-1.00000000,-0.92948619,0.18745430
39,0.00462255,-0.14919392,-1.00000000,-0.98198652,0.22703951
40,0.00661472,-0.02978195,1.00000000,-0.80833872,0.22127001
41,0.00287353,-0.08123509,1.00000000,-0.89869252,0.29114704
42,-0.02393654,-0.05637015,1.00000000,-0.85502868,0.02598138
43,-0.00186941,-0.10306531,1.00000000,-0.93702728,-0.09578594
44,0.00137234,-0.43769185,-1.00000000,-0.47537249,-0.13307228
45,0.01848699,-0.16226372,-1.00000000,-0.95903541,0.00312576
46,-0.00849225,-0.12180229,1.00000000,-0.96993018,-0.12726182
47,-0.00048830,0.09181213,1.00000000,-0.59481462,0.14173503
48,0.00140292,-0.24492586,-1.00000000,-0.81387736,0.17927497
49,-0.00158180,-0.14502562,-1.00000000,-0.98930621,0.14538532
50,0.01417219,-0.12142059,1.00000000,-0.96925990,0.09588619
51,-0.00593668,-0.15867394,-1.00000000,-0.96533922,0.12520356
52,0.00057418,0.03795750,1.00000000,-0.68938552,0.13739232
53,0.00109560,-0.21302882,-1.00000000,-0.86988985,0.13386682
54,0.00289543,-0.13176435,1.00000000,-0.98742395,0.18522930
55,0.00036201,-0.12525631,1.00000000,-0.97599558,0.02679972
56,0.00025716,-0.10279200,1.00000000,-0.93654734,0.09785508
57,0.01051202,-0.13441249,1.00000000,-0.99207419,0.21186136
58,0.00291240,-0.13572121,1.00000000,-0.99437235,0.23270361
59,0.00548078,-0.00772652,1.00000000,-0.76960850,0.26236260
60,-0.00384120,-0.10258013,1.00000000,-0.93617528,0.21414355
61,0.00252847,-0.07052328,1.00000000,-0.87988215,0.24019994
62,-0.01068238,-0.18687439,-1.00000000,-0.91581808,-0.00294097
63,0.01069042,-0.10737209,1.00000000,-0.94459015,0.08628796
64,-0.01874011,-0.27226171,-1.00000000,-0.76587449,-0.19157277
65,0.00342375,-0.00549983,1.00000000,-0.76569836,-0.10822966
66,-0.00818685,-0.37283332,-1.00000000,-0.58926669,-0.23115524
67,-0.01461672,-0.09619782,1.00000000,-0.92496769,-0.27628975
68,-0.02401171,-0.24111404,-1.00000000,-0.82057107,-0.67439057
69,0.01101458,-0.32136767,-1.00000000,-0.67964245,-0.33304637
70,0.02157967,-0.43863005,-1.00000000,-0.47372497,-0.12476265
71,-0.02738386,-0.00145381,1.00000000,-0.75859337,-0.34498964
72,0.00184647,0.13041305,1.00000000,-0.52702984,-0.15612481
73,-0.01017817,-0.48071909,-1.00000000,-0.39981492,0.00257272
74,0.00430290,-0.11588438,1.00000000,-0.95953809,-0.07442336
75,0.00085397,-0.26596851,-1.00000000,-0.77692561,-0.31218749
76,0.00651281,-0.08522487,1.00000000,-0.90569874,0.07667319
77,-0.00322284,-0.12827226,1.00000000,-0.98129169,0.01851832
78,0.00274911,-0.05764206,1.00000000,-0.85726221,0.16681943
79,0.01497744,-0.17915638,-1.00000000,-0.92937123,0.28927725
80,-0.01023321,-0.10461820,1.00000000,-0.93975422,0.16208582
81,-0.01023202,0.04800817,1.00000000,-0.67173614,-0.03000994
82,0.01014609,-0.26665542,-1.00000000,-0.77571937,0.12335768
83,0.00549094,-0.26664057,-1.00000000,-0.77574545,0.15481176
84,-0.00130377,-0.01229375,1.00000000,-0.77762874,-0.03196539
85,0.00533149,-0.07039644,1.00000000,-0.87965942,0.14659191
86,0.01149961,-0.15520374,-1.00000000,-0.97143302,0.39589589
87,-0.00490561,-0.07238664,1.00000000,-0.88315429,0.22322362
88,-0.00667909,0.00459999,1.00000000,-0.74796266,0.08360973
89,-0.00194258,-0.20015967,-1.00000000,-0.89248859,0.07628128
90,0.00059321,-0.22229513,-1.00000000,-0.85361783,0.02192404
91,0.00759448,-0.16317703,-1.00000000,-0.95743160,-0.02287535
92,0.01724682,-0.13152683,1.00000000,-0.98700686,0.23125607
93,-0.01029999,-0.04414136,1.00000000,-0.83355443,0.18971735
94,0.01347121,0.07633309,1.00000000,-0.62199643,0.36654357
95,-0.00887051,-0.26748890,-1.00000000,-0.77425575,0.25797633
96,-0.01198052,0.02920836,1.00000000,-0.70474937,0.03341298
97,0.02260272,-0.24964704,-1.00000000,-0.80558677,0.09485553
98,-0.02019091,-0.28846433,-1.00000000,-0.73742205,-0.01861258
99,0.00866994,0.14318206,1.00000000,-0.50460694,-0.07369249
100,0.00193830,-0.39094121,-1.00000000,-0.55746849,0.05030549
101,0.04831013,-0.03071811,1.00000000,-0.80998267,0.74195646
102,0.00845068,-0.11473832,1.00000000,-0.95752556,0.57960511
103,-0.02681113,0.46404590,1.00000000,0.05884294,0.50365829
104,0.01289071,-0.03345479,1.00000000,-0.81478840,0.55207864
105,0.00860134,-0.47357070,-1.00000000,-0.41236778,0.62851671
106,-0.00122650,0.02196282,1.00000000,-0.71747283,0.06023525
107,0.00314294,-0.03157438,1.00000000,-0.81148631,-0.00065485
108,0.00481011,-0.15423937,-1.00000000,-0.97312651,0.36210227
109,-0.00254013,-0.09970269,1.00000000,-0.93112237,0.18508056
110,-0.01259588,-0.07889412,1.00000000,-0.89458170,-0.05809275
111,0.00498453,-0.17063526,-1.00000000,-0.94433465,0.01315989
112,-0.00405864,-0.29614482,-1.00000000,-0.72393480,-0.06945622
113,-0.00913461,-0.07671712,1.00000000,-0.89075878,-0.22942928
114,-0.01142362,-0.18958829,-1.00000000,-0.91105237,-0.33134010
115,-0.00902159,-0.25294342,-1.00000000,-0.79979820,-0.29033600
116,0.00052557,-0.28151335,-1.00000000,-0.74962825,-0.34148901
117,-0.01965926,-0.25153271,-1.00000000,-0.80227546,-0.52045847
118,-0.00372553,-0.13237114,1.00000000,-0.98848950,-0.45840576
119,-0.00460941,-0.38430550,-1.00000000,-0.56912107,-0.38023363
120,0.00240406,-0.18543061,-1.00000000,-0.91835343,-0.24915926
121,-0.00530562,-0.19646275,-1.00000000,-0.89898053,-0.31605435
122,0.01032122,-0.10892494,1.00000000,-0.94731702,0.02788007
123,-0.00345287,-0.20515242,-1.00000000,-0.88372113,0.03100801
124,0.01134302,-0.01010786,1.00000000,-0.77379023,0.21401338
125,0.02506880,-0.18202744,-1.00000000,-0.92432953,0.47402198
126,0.01724381,0.00264549,1.00000000,-0.75139483,0.73270778
127,0.01228630,0.17396215,1.00000000,-0.45055586,0.75525101
128,-0.00012394,0.07629548,1.00000000,-0.62206249,0.79344031
129,-0.00503526,0.01441899,1.00000000,-0.73072010,0.60554969
130,-0.02473020,-0.14047782,-1.00000000,-0.99729234,0.03425838
131,0.00964858,-0.20177786,-1.00000000,-0.88964700,-0.05287356
132,0.00928106,-0.44759781,-1.00000000,-0.45797721,-0.08734946
133,0.00564799,-0.01850332,1.00000000,-0.78853301,-0.02113427
134,-0.01005981,-0.02309049,1.00000000,-0.79658825,-0.07877571
135,0.01394236,-0.06843627,1.00000000,-0.87621729,0.36487368
136,0.00823980,-0.26449123,-1.00000000,-0.77951977,0.34871223
137,-0.00707486,0.03508885,1.00000000,-0.69442299,0.16107799
138,-0.00475270,-0.03608684,1.00000000,-0.81941037,0.04176189
139,-0.00522206,-0.22723491,-1.00000000,-0.84494339,0.09726038
140,-0.01737480,-0.19825115,-1.00000000,-0.89584003,-0.26200826
141,0.00798983,-0.20410936,-1.00000000,-0.88555279,-0.26487600
142,0.00257704,-0.35579229,-1.00000000,-0.61919142,-0.15415000
143,0.00243699,-0.03920692,1.00000000,-0.82488936,-0.07167030
144,-0.01963161,-0.10676599,1.00000000,-0.94352581,-0.23697596
145,-0.00055082,-0.10851396,1.00000000,-0.94659532,-0.04397224
146,0.00466257,-0.38396047,-1.00000000,-0.56972697,-0.08214232
147,-0.00933982,-0.14580593,-1.00000000,-0.98793597,-0.21885184
148,-0.00995105,-0.08073564,1.00000000,-0.89781547,-0.36096675
149,-0.00315865,-0.25550475,-1.00000000,-0.79530040,-0.17198977
150,0.00546291,-0.26313373,-1.00000000,-0.78190359,-0.10300055
151,-0.00730364,-0.17835517,-1.00000000,-0.93077818,-0.24027621
152,0.00167991,-0.07074626,1.00000000,-0.88027371,-0.11385846
153,-0.01811617,-0.23009036,-1.00000000,-0.83992910,-0.20752822
154,-0.00674191,-0.11796335,1.00000000,-0.96318883,-0.24863524
155,-0.00460377,-0.36504561,-1.00000000,-0.60294222,-0.36411961
156,0.00550888,-0.22307925,-1.00000000,-0.85224089,-0.21713508
157,-0.02541696,-0.19639224,-1.00000000,-0.89910435,-0.52798887
158,-0.00411878,-0.07017248,1.00000000,-0.87926614,-0.36741168
159,-0.01039097,-0.45616956,-1.00000000,-0.44292489,-0.40927348
160,-0.00006934,-0.19033902,-1.00000000,-0.90973406,-0.35725480
161,-0.00547542,-0.26862452,-1.00000000,-0.77226155,-0.48326609
162,0.00481739,-0.13979637,-1.00000000,-0.99848899,-0.13641931
163,-0.00529264,-0.20727167,-1.00000000,-0.87999963,-0.14988576
164,0.00013330,-0.07880329,1.00000000,-0.89442218,-0.02915193
165,0.00015370,-0.20499040,-1.00000000,-0.88400564,-0.02659323
166,-0.00580427,-0.13726717,1.00000000,-0.99708712,-0.03036582
167,-0.00319984,-0.13701253,1.00000000,-0.99663996,-0.12233897
168,-0.00512516,-0.21137621,-1.00000000,-0.87279189,-0.12041761
169,0.00602958,-0.17886928,-1.00000000,-0.92987539,-0.05277579
170,0.00268138,-0.20289997,-1.00000000,-0.88767652,-0.02377844
171,-0.00453868,-0.06367347,1.00000000,-0.86785361,-0.00925967
172,0.00975213,-0.10546366,1.00000000,-0.94123888,0.13932461
173,0.00600570,-0.19557991,-1.00000000,-0.90053084,0.26701724
174,-0.01215180,-0.01721088,1.00000000,-0.78626342,0.05844142
175,0.02033708,-0.06397150,1.00000000,-0.86837696,0.26098662
176,0.00439211,-0.29060214,-1.00000000,-0.73366797,0.36344019
177,-0.00697899,0.11490374,1.00000000,-0.55426481,0.17150167
178,-0.02225064,-0.08411131,1.00000000,-0.90374329,-0.15265354
179,0.01100317,-0.22603832,-1.00000000,-0.84704464,0.11297897
180,-0.01168892,-0.41664954,-1.00000000,-0.51232363,-0.25442147
181,0.03877520,-0.00159628,1.00000000,-0.75884356,0.14001934
182,-0.02252337,-0.28482472,-1.00000000,-0.74381334,-0.03830486
183,0.00413061,0.34503684,1.00000000,-0.15014179,0.26433944
184,0.00721681,-0.42005349,-1.00000000,-0.50634616,0.22090258
185,0.00094452,-0.08737518,1.00000000,-0.90947478,0.36583265
186,0.00056356,-0.04885521,1.00000000,-0.84183215,-0.07252915
187,-0.00216133,-0.12714207,1.00000000,-0.97930704,0.16106293
188,-0.00492197,-0.13189698,1.00000000,-0.98765685,0.05721219
189,-0.02152450,-0.16590734,-1.00000000,-0.95263707,-0.27250648
190,-0.00990795,-0.20036388,-1.00000000,-0.89212999,-0.39700531
191,-0.01777157,-0.40758624,-1.00000000,-0.52823915,-0.60734484
192,-0.00002553,-0.26259571,-1.00000000,-0.78284839,-0.58284302
193,-0.00551137,-0.36074456,-1.00000000,-0.61049505,-0.58960460
194,0.00038636,-0.13924958,-1.00000000,-0.99944918,-0.33824447
195,-0.00709616,-0.20772042,-1.00000000,-0.87921161,-0.30598780
196,-0.01720475,-0.13410862,1.00000000,-0.99154058,-0.29948522
197,0.00019648,-0.22750073,-1.00000000,-0.84447658,-0.29693839
198,-0.00299651,-0.35366980,-1.00000000,-0.62291860,-0.26808805
199,-0.00710749,-0.13647865,1.00000000,-0.99570244,-0.35405710
200,-0.00391660,-0.17633150,-1.00000000,-0.93433182,-0.31758135
201,0.00520044,-0.22764220,-1.00000000,-0.84422816,-0.06055028
202,-0.00453825,-0.18781543,-1.00000000,-0.91416558,-0.11486676
203,0.01092310,-0.07402224,1.00000000,-0.88602648,0.04481829
204,0.00815343,-0.19557450,-1.00000000,-0.90054034,0.21989067
205,-0.00030063,-0.00259556,1.00000000,-0.76059834,0.26137285
206,-0.00787824,-0.03716497,1.00000000,-0.82130362,0.11133498
207,0.00046018,-0.14268319,-1.00000000,-0.99341963,0.16867669
208,0.00994934,-0.23726214,-1.00000000,-0.82733516,0.15750568
209,-0.00281305,-0.13318722,1.00000000,-0.98992257,0.03169888
210,-0.01191902,-0.01474953,1.00000000,-0.78194119,-0.10158670
211,0.00805344,-0.17404167,-1.00000000,-0.93835287,0.08118062
212,-0.00447956,-0.28769674,-1.00000000,-0.73876996,0.02451217
213,-0.01137207,-0.03841288,1.00000000,-0.82349500,-0.22008582
214,-0.00894873,-0.19484200,-1.00000000,-0.90182663,-0.29047394
215,0.00023278,-0.28087000,-1.00000000,-0.75075799,-0.15106915
216,-0.01161313,-0.25062333,-1.00000000,-0.80387236,-0.37668300
217,-0.00274309,-0.13602554,1.00000000,-0.99490677,-0.35676226
218,0.00665595,-0.28387879,-1.00000000,-0.74547444,-0.14994581
219,-0.00750889,-0.17316840,-1.00000000,-0.93988635,-0.13342805
220,-0.01663196,-0.05585551,1.00000000,-0.85412496,-0.32689943
221,-0.00007824,-0.23265216,-1.00000000,-0.83543048,-0.19457177
222,0.00151007,-0.34652071,-1.00000000,-0.63547270,-0.14577976
223,-0.00909206,-0.13990745,-1.00000000,-0.99829393,-0.32644010
224,-0.00241423,-0.12008313,1.00000000,-0.96691125,-0.26799443
225,-0.00891429,-0.25241239,-1.00000000,-0.80073072,-0.17945775
226,0.00493293,-0.16906378,-1.00000000,-0.94709424,-0.12196985
227,-0.00307962,-0.25019357,-1.00000000,-0.80462704,-0.17462261
228,0.00720781,-0.07736112,1.00000000,-0.89188968,0.01236869
229,0.00245339,-0.17736886,-1.00000000,-0.93251017,0.06820971
230,-0.00049440,-0.04896749,1.00000000,-0.84202932,0.16480221
231,-0.00599477,-0.10830924,1.00000000,-0.94623583,0.03944024
232,-0.00040540,-0.14510177,-1.00000000,-0.98917250,0.07011883
233,0.00438050,-0.21375385,-1.00000000,-0.86861667,0.03768407
234,-0.01415070,-0.14399082,-1.00000000,-0.99112336,-0.15279716
235,0.01823668,-0.08425623,1.00000000,-0.90399777,0.06208480
236,0.01544458,-0.31555115,-1.00000000,-0.68985649,0.30803572
237,0.01198938,0.08868792,1.00000000,-0.60030085,0.45022792
238,-0.01527487,0.05383861,1.00000000,-0.66149764,0.22474257
239,0.00588570,0.01071305,1.00000000,-0.73722788,0.45459901
240,-0.01951828,-0.32958232,-1.00000000,-0.66521719,0.02147621
241,-0.00349816,-0.06546935,1.00000000,-0.87100725,-0.19583373
242,-0.00070189,-0.38254591,-1.00000000,-0.57221099,-0.34142730
243,-0.00011575,-0.18259271,-1.00000000,-0.92333689,-0.16752270
244,0.01625571,-0.14769148,-1.00000000,-0.98462486,-0.04855844
245,-0.01099716,-0.14037563,-1.00000000,-0.99747178,0.04919539
246,-0.00775850,0.06396272,1.00000000,-0.64371930,0.00032100
247,0.00615887,-0.27619059,-1.00000000,-0.75897522,0.07902720
248,-0.00452596,-0.23576762,-1.00000000,-0.82995959,0.02843347
249,-0.00678299,-0.06205982,1.00000000,-0.86501997,-0.23586518
250,0.02145422,-0.19542117,-1.00000000,-0.90080959,0.13641517
251,-0.02977708,-0.22359191,-1.00000000,-0.85134064,-0.11618079
252,0.00246372,0.12884719,1.00000000,-0.52977955,-0.15857131
253,0.00831047,-0.51058982,-1.00000000,-0.34736070,-0.01131252
254,-0.01628111,-0.10818034,1.00000000,-0.94600948,-0.12027450
255,-0.00837928,-0.03520489,1.00000000,-0.81786163,-0.46252266
256,0.00962140,-0.34214159,-1.00000000,-0.64316260,-0.01054553
257,-0.02991578,-0.24351583,-1.00000000,-0.81635343,-0.38200130
258,0.01467759,-0.01884264,1.00000000,-0.78912886,-0.30895806
259,0.02885561,-0.51232098,-1.00000000,-0.34432071,0.20884787
260,0.00533138,0.04426553,1.00000000,-0.67830837,0.36613580
261,0.00391184,0.22122673,1.00000000,-0.36755734,0.30063604
262,-0.02801150,-0.07238793,1.00000000,-0.88315655,0.32248181
263,-0.00185431,-0.09010581,1.00000000,-0.91426987,0.13282883
264,-0.00122957,-0.48855298,-1.00000000,-0.38605829,-0.21230668
265,-0.04353784,-0.16207526,-1.00000000,-0.95936636,-0.77293163
266,-0.00940100,-0.15427770,-1.00000000,-0.97305920,-0.92565575
267,0.04087445,-0.68234298,-1.00000000,-0.04575522,-0.13539999
268,0.01918565,-0.25626832,-1.00000000,-0.79395954,0.10596924
269,-0.01943452,0.37123840,1.00000000,-0.10413079,-0.10287693
270,0.00528173,0.10053235,1.00000000,-0.57950155,0.45717841
271,0.01414538,-0.38150050,-1.00000000,-0.57404677,0.72730110
272,0.01048455,-0.07300765,1.00000000,-0.88424482,0.37866992
273,0.00081993,0.03762280,1.00000000,-0.68997326,0.16797937
274,-0.00967390,-0.00806928,1.00000000,-0.77021041,0.27995268
275,-0.01416638,-0.12869713,1.00000000,-0.98203778,0.05684507
276,-0.00831333,-0.25967452,-1.00000000,-0.78797812,-0.20079990
277,0.00423968,-0.31574678,-1.00000000,-0.68951295,-0.27244073
278,-0.00479720,-0.24269268,-1.00000000,-0.81779892,-0.33688008
279,0.00748292,-0.08601388,1.00000000,-0.90708427,-0.14005796
280,0.02553883,-0.19880658,-1.00000000,-0.89486467,0.31543795
281,0.02105259,-0.04553376,1.00000000,-0.83599955,0.65232210
282,-0.02657589,0.17982879,1.00000000,-0.44025379,0.29880755
283,0.00482834,0.12383433,1.00000000,-0.53858233,0.40923122
284,0.02112168,-0.47063462,-1.00000000,-0.41752364,0.56569430
285,-0.01100412,-0.07866659,1.00000000,-0.89418214,0.14647558
286,0.01294443,0.12469670,1.00000000,-0.53706798,0.05345921
287,-0.00423131,-0.27627752,-1.00000000,-0.75882258,0.30979508
288,-0.00788944,0.02263334,1.00000000,-0.71629536,0.16389740
289,-0.00058540,-0.19174344,-1.00000000,-0.90726783,-0.08512507
290,-0.00079642,-0.23740199,-1.00000000,-0.82708958,0.03197714
291,-0.00611406,-0.14623758,-1.00000000,-0.98717797,-0.18666077
292,0.00295199,-0.14887134,-1.00000000,-0.98255298,-0.10425442
293,0.00757379,-0.21524279,-1.00000000,-0.86600202,0.07313890
294,0.00043576,-0.10208606,1.00000000,-0.93530767,0.08485368
295,-0.00790929,-0.04439960,1.00000000,-0.83400792,0.00325524
296,0.00276954,-0.13349199,1.00000000,-0.99045776,0.10516738
297,0.00036365,-0.23764973,-1.00000000,-0.82665454,0.07547409
298,0.00735688,-0.10436327,1.00000000,-0.93930655,0.07298568
299,-0.03479357,-0.13439210,1.00000000,-0.99203838,-0.33116328
300,0.00198776,-0.04710697,1.00000000,-0.83876217,-0.21762494
301,0.00708705,-0.57320254,-1.00000000,-0.23741023,-0.16809466
302,0.00502456,-0.11412100,1.00000000,-0.95644152,-0.11462497
303,-0.00578778,-0.05047476,1.00000000,-0.84467614,-0.26541972
304,0.02937604,-0.07621754,1.00000000,-0.88988151,0.47073050
305,-0.02881116,-0.21117035,-1.00000000,-0.87315340,0.11740704
306,0.00715894,0.22772248,1.00000000,-0.35615055,0.11823168
307,0.00109350,-0.49853384,-1.00000000,-0.36853149,0.07313485
308,-0.01300883,-0.04957756,1.00000000,-0.84310063,-0.00970461
309,-0.02039561,-0.12528249,1.00000000,-0.97604155,-0.58068227
310,0.09125044,-0.30129897,-1.00000000,-0.71488390,0.79665767
311,-0.02570408,-0.39349623,-1.00000000,-0.55298178,0.41965503
312,0.00038194,1.00000000,1.00000000,1.00000000,0.41149201
313,-0.01952666,-0.45975314,-1.00000000,-0.43663196,0.33671982
314,0.00386310,-0.13416379,1.00000000,-0.99163747,0.61501443
315,0.01682105,-0.38265046,-1.00000000,-0.57202740,-0.23883531
316,0.00323244,-0.09071412,1.00000000,-0.91533808,0.09312282
317,0.01961467,0.07101892,1.00000000,-0.63132832,0.31375960
318,0.01715852,-0.09858559,1.00000000,-0.92916071,0.73460986
319,-0.03641041,0.10588710,1.00000000,-0.57009840,0.27259437
320,-0.00750433,0.07523096,1.00000000,-0.62393182,-0.00646506
321,-0.01570804,-0.59338295,-1.00000000,-0.20197263,-0.22374925
322,-0.02210396,-0.23259529,-1.00000000,-0.83553033,-0.70234298
323,-0.00822691,-0.33498890,-1.00000000,-0.65572302,-0.99356314
324,0.01685105,-0.41481870,-1.00000000,-0.51553866,-0.38255057
325,0.00545395,-0.24161403,-1.00000000,-0.81969306,-0.23389394
326,0.01236637,0.07139340,1.00000000,-0.63067072,0.08817412
327,-0.00011605,-0.07085819,1.00000000,-0.88047026,0.34041817
328,-0.00408015,0.01541834,1.00000000,-0.72896519,0.38798950
329,0.01959225,-0.14037937,-1.00000000,-0.99746521,0.41943639
330,0.00156526,-0.18985684,-1.00000000,-0.91058077,0.37482558
331,0.00437256,0.10560734,1.00000000,-0.57058966,0.28312104
332,0.01740781,-0.11939435,1.00000000,-0.96570172,0.48415378
333,0.01300540,-0.08435540,1.00000000,-0.90417192,0.68015828
334,0.00181446,0.07834248,1.00000000,-0.61846785,0.47621237
335,-0.00836329,0.02339434,1.00000000,-0.71495902,0.36231264
336,0.00432328,-0.11628403,1.00000000,-0.96023988,0.36174728
337,0.00654710,-0.24331626,-1.00000000,-0.81670389,0.23715383
338,-0.01600540,-0.08497051,1.00000000,-0.90525207,-0.09565647
339,0.00770631,-0.05721411,1.00000000,-0.85651071,-0.02806545
340,-0.01365831,-0.33870036,-1.00000000,-0.64920555,-0.08880965
341,0.00647167,-0.04274558,1.00000000,-0.83110339,-0.06416343
342,-0.00044759,-0.30940542,-1.00000000,-0.70064864,-0.14440610
343,-0.00452817,-0.05815563,1.00000000,-0.85816406,-0.01273990
344,0.00166341,-0.14451744,-1.00000000,-0.99019861,-0.08206370
345,-0.01426083,-0.19544868,-1.00000000,-0.90076128,-0.08897575
346,0.00476915,-0.11816927,1.00000000,-0.96355044,-0.10850695
347,-0.00564147,-0.31692567,-1.00000000,-0.68744278,-0.16809090
348,-0.00202624,-0.07940540,1.00000000,-0.89547951,-0.13938894
349,0.00753978,-0.20934426,-1.00000000,-0.87636009,-0.07197554
350,0.00089322,-0.16422120,-1.00000000,-0.95559800,0.10187087
351,0.00656620,-0.04482409,1.00000000,-0.83475333,0.12248654
352,0.00621969,-0.12778229,1.00000000,-0.98043129,0.25855711
353,0.00605238,-0.05697574,1.00000000,-0.85609212,0.35123455
354,-0.00316793,-0.06130066,1.00000000,-0.86368687,0.22839625
355,0.00253159,-0.06338895,1.00000000,-0.86735397,0.24719146
356,0.00067464,-0.17847109,-1.00000000,-0.93057462,0.17960387
357,0.00992080,-0.10733326,1.00000000,-0.94452197,0.22206287
358,0.00287848,-0.13051045,1.00000000,-0.98522205,0.18565205
359,-0.00575110,-0.01510564,1.00000000,-0.78256654,0.15601814
360,-0.00415930,-0.10300360,1.00000000,-0.93691891,0.07926070
361,-0.00194590,-0.21071253,-1.00000000,-0.87395735,0.04919801
362,0.00081001,-0.19084468,-1.00000000,-0.90884609,-0.05532057
363,-0.00725108,-0.16321840,-1.00000000,-0.95735897,-0.17152629
364,0.00842871,-0.12882094,1.00000000,-0.98225520,-0.00885629
365,-0.02587666,-0.22943441,-1.00000000,-0.84108097,-0.25799667
366,0.00376892,-0.03372898,1.00000000,-0.81526988,-0.19243661
367,-0.00219914,-0.46190725,-1.00000000,-0.43284927,-0.22695740
368,-0.00108792,-0.09188962,1.00000000,-0.91740231,-0.15625399
369,-0.00341460,-0.16637926,-1.00000000,-0.95180836,-0.29211986
370,0.01084630,-0.15250972,-1.00000000,-0.97616384,0.12916395
371,0.00118613,-0.18154987,-1.00000000,-0.92516817,0.09953433
372,0.00408619,-0.00355413,1.00000000,-0.76228162,0.17163936
373,-0.00816328,-0.12412639,1.00000000,-0.97401138,0.09047124
374,0.01648194,-0.08792962,1.00000000,-0.91044839,0.31872322
375,-0.00557396,-0.24081992,-1.00000000,-0.82108755,0.13035092
376,0.00283764,0.06678630,1.00000000,-0.63876097,0.14929691
377,0.01023188,-0.20850156,-1.00000000,-0.87783990,0.21979990
378,0.00748274,-0.10351331,1.00000000,-0.93781399,0.39929015
379,0.00449508,-0.01122298,1.00000000,-0.77574844,0.26177762
380,-0.00016316,-0.04553609,1.00000000,-0.83600364,0.32384995
381,0.00428414,-0.08282614,1.00000000,-0.90148647,0.34044417
382,0.01576837,-0.14096741,-1.00000000,-0.99643260,0.40395844
383,0.01766527,-0.08545894,1.00000000,-0.90610977,0.52077186
384,0.00458984,0.05787999,1.00000000,-0.65440083,0.52185890
385,-0.00726320,0.08155588,1.00000000,-0.61282500,0.44040769
386,0.00277522,-0.08164344,1.00000000,-0.89940961,0.42309739
387,0.00078621,-0.22958562,-1.00000000,-0.84081544,0.25122294
388,0.00165141,-0.10429239,1.00000000,-0.93918208,0.06751291
389,0.00345532,-0.12911791,1.00000000,-0.98277670,0.05449785
390,-0.00343224,-0.11831903,1.00000000,-0.96381342,0.09844635
391,-0.00770888,-0.09580372,1.00000000,-0.92427563,-0.02182667
392,0.00027342,-0.18177003,-1.00000000,-0.92478155,-0.02770937
393,-0.00366140,-0.23514838,-1.00000000,-0.83104700,-0.08865769
394,-0.00355346,-0.13551824,1.00000000,-0.99401594,-0.16906212
395,-0.00383369,-0.18463026,-1.00000000,-0.91975886,-0.17366745
396,0.00567350,-0.18328304,-1.00000000,-0.92212465,-0.02014546
397,-0.00819617,-0.18678060,-1.00000000,-0.91598279,-0.11730817
398,-0.00596517,-0.06811779,1.00000000,-0.87565802,-0.14373687
399,-0.01884026,-0.24123043,-1.00000000,-0.82036669,-0.31910614
400,0.00898549,-0.21338446,-1.00000000,-0.86926533,-0.17204530
401,0.01686439,-0.37408327,-1.00000000,-0.58707172,-0.04366412
402,0.01446756,-0.02677968,1.00000000,-0.80306663,0.21633293
403,-0.00100259,0.07155982,1.00000000,-0.63037849,0.27326335
404,-0.00029251,0.04164409,1.00000000,-0.68291173,0.48604209
405,-0.00910469,-0.15144466,-1.00000000,-0.97803413,0.27851263
406,0.00224284,-0.14258186,-1.00000000,-0.99359755,0.11077511
407,-0.00256450,-0.25256992,-1.00000000,-0.80045407,-0.08461576
408,-0.00169461,-0.11093714,1.00000000,-0.95085053,-0.09255451
409,0.00161419,-0.17093947,-1.00000000,-0.94380045,-0.07068094
410,0.00547934,-0.16008195,-1.00000000,-0.96286669,0.09662620
411,0.00087056,-0.11878361,1.00000000,-0.96462924,0.08088341
412,-0.00020400,-0.07054121,1.00000000,-0.87991365,0.10796303
413,-0.00577695,-0.12806516,1.00000000,-0.98092802,0.06113064
414,-0.00144204,-0.14147708,-1.00000000,-0.99553759,0.02606970
415,0.00042204,-0.21103519,-1.00000000,-0.87339075,-0.03194736
416,-0.00016396,-0.15692960,-1.00000000,-0.96840235,-0.04381531
417,0.00215106,-0.13366327,1.00000000,-0.99075853,-0.01679822
418,0.00609756,-0.14097739,-1.00000000,-0.99641507,0.11942544
419,0.00486595,-0.11208273,1.00000000,-0.95286222,0.19179039
420,-0.00492013,-0.06282503,1.00000000,-0.86636372,0.13050526
421,-0.00357430,-0.07819716,1.00000000,-0.89335780,0.09138205
422,0.00129646,-0.20034096,-1.00000000,-0.89217025,0.08157813
423,0.00395543,-0.18354309,-1.00000000,-0.92166798,0.05700373
424,-0.00747423,-0.12274931,1.00000000,-0.97159317,-0.08456213
425,0.00218887,-0.08956177,1.00000000,-0.91331451,-0.00300809
426,-0.00529695,-0.23221957,-1.00000000,-0.83619011,-0.02277021
427,-0.00084223,-0.11161088,1.00000000,-0.95203364,-0.04730510
428,-0.00218392,-0.20504411,-1.00000000,-0.88391132,-0.11773531
429,0.00287084,-0.14944305,-1.00000000,-0.98154903,0.00094277
430,0.00183343,-0.16618922,-1.00000000,-0.95214208,-0.00313479
431,-0.00147171,-0.10309886,1.00000000,-0.93708620,0.04074817
432,-0.00194129,-0.11604723,1.00000000,-0.95982405,0.02813973
433,0.00295425,-0.15729983,-1.00000000,-0.96775221,0.08708453
434,-0.00721501,-0.16316092,-1.00000000,-0.95745989,-0.02861983
435,-0.00464715,-0.10205780,1.00000000,-0.93525805,-0.10296460
436,0.00307186,-0.22898419,-1.00000000,-0.84187158,-0.05084114
437,0.00465619,-0.19693370,-1.00000000,-0.89815353,0.02484480
438,-0.00490497,-0.10058995,1.00000000,-0.93268044,-0.06531579
439,0.00098749,-0.08081528,1.00000000,-0.89795533,0.02878290
440,0.00151259,-0.20015173,-1.00000000,-0.89250254,0.09944706
441,0.00516469,-0.12660564,1.00000000,-0.97836505,0.12345595
442,0.00189562,-0.12005171,1.00000000,-0.96685608,0.09178683
443,0.00545751,-0.07446848,1.00000000,-0.88681009,0.21066464
444,0.00818687,-0.11527102,1.00000000,-0.95846099,0.29325553
445,0.00251620,-0.07081371,1.00000000,-0.88039216,0.30476889
446,0.00675704,-0.03674748,1.00000000,-0.82057048,0.32303620
447,0.00567228,-0.10752527,1.00000000,-0.94485914,0.36636186
448,-0.00123396,-0.05459381,1.00000000,-0.85190936,0.28959775
449,-0.00604170,-0.06813308,1.00000000,-0.87568487,0.12636835
450,0.00221707,-0.15433239,-1.00000000,-0.97296316,0.12293674
451,0.01693543,-0.21433964,-1.00000000,-0.86758799,0.23970269
452,-0.00827056,-0.11125883,1.00000000,-0.95141543,0.07975128
453,-0.00147827,0.07244653,1.00000000,-0.62882138,0.07694857
454,-0.00219486,-0.24215883,-1.00000000,-0.81873638,0.12107930
455,-0.00556419,-0.15738171,-1.00000000,-0.96760842,0.03181310
456,-0.00204704,-0.16632579,-1.00000000,-0.95190226,-0.18595273
457,0.00082175,-0.20837968,-1.00000000,-0.87805393,-0.08164634
458,0.00059370,-0.16448079,-1.00000000,-0.95514216,-0.05787690
459,-0.00183390,-0.12867439,1.00000000,-0.98199785,-0.05373598
460,0.00045606,-0.13152076,1.00000000,-0.98699620,0.01532797
461,-0.00218301,-0.16182050,-1.00000000,-0.95981372,0.01376813
462,-0.00563385,-0.13323871,1.00000000,-0.99001299,-0.06029013
463,0.00719419,-0.16617787,-1.00000000,-0.95216201,0.01543039
464,-0.00689902,-0.20924914,-1.00000000,-0.87652712,-0.04267642
465,0.00563760,-0.04913750,1.00000000,-0.84232786,0.01676600
466,0.00302504,-0.22504020,-1.00000000,-0.84879737,0.07651241
467,-0.00079334,-0.06856587,1.00000000,-0.87644487,0.13204246
468,-0.00138992,-0.10117430,1.00000000,-0.93370659,0.03356600
469,-0.00109925,-0.14883292,-1.00000000,-0.98262044,0.10010066
470,-0.00088977,-0.15627903,-1.00000000,-0.96954477,0.02521903
471,0.00577757,-0.15265108,-1.00000000,-0.97591561,0.05679587
472,-0.00317283,-0.15003643,-1.00000000,-0.98050702,0.02949850
473,-0.00062237,-0.06681897,1.00000000,-0.87337723,0.03830376
474,0.00195110,-0.17853223,-1.00000000,-0.93046726,0.07329725
475,0.00250482,-0.14669898,-1.00000000,-0.98636773,0.11223970
476,-0.00140847,-0.11457847,1.00000000,-0.95724486,0.02980195
477,-0.01067851,-0.10766738,1.00000000,-0.94510870,-0.05630272
478,-0.01551471,-0.15651052,-1.00000000,-0.96913827,-0.22714681
479,0.00516478,-0.27221336,-1.00000000,-0.76595940,-0.19027975
480,0.00252515,-0.33257586,-1.00000000,-0.65996042,-0.19004650
481,-0.00539968,-0.07446743,1.00000000,-0.88680825,-0.23583353
482,0.00603982,-0.10741361,1.00000000,-0.94466306,-0.04404183
483,-0.00210691,-0.20632641,-1.00000000,-0.88165954,0.10977170
484,-0.00815971,-0.06354566,1.00000000,-0.86762918,-0.04308603
485,-0.00111375,-0.16522808,-1.00000000,-0.95382989,-0.08483129
486,0.00418845,-0.24077531,-1.00000000,-0.82116588,0.02516329
487,0.00435883,-0.15283209,-1.00000000,-0.97559775,0.00587906
488,0.00066785,-0.08665326,1.00000000,-0.90820706,0.03771091
489,0.00232565,-0.08452675,1.00000000,-0.90447281,0.15799839
490,-0.00265991,-0.13059530,1.00000000,-0.98537105,0.14026093
491,0.00007101,-0.10990358,1.00000000,-0.94903556,0.09302585
492,-0.00393452,-0.17213029,-1.00000000,-0.94170932,-0.00211493
493,0.00792210,-0.13804462,1.00000000,-0.99845235,0.08110542
494,-0.00303656,-0.18803909,-1.00000000,-0.91377283,0.01959039
495,0.00376111,-0.04005229,1.00000000,-0.82637386,0.09325202
496,0.00470730,-0.17683140,-1.00000000,-0.93345399,0.14643932
497,-0.00235315,-0.09198708,1.00000000,-0.91757345,0.16458068
498,0.00006140,-0.08017730,1.00000000,-0.89683500,0.07440326
499,-0.00066987,-0.16830144,-1.00000000,-0.94843293,0.10155387
500,-0.00647613,-0.13816453,1.00000000,-0.99866293,-0.01588720
501,-0.00055161,-0.14729177,-1.00000000,-0.98532676,-0.07621713
502,0.00316066,-0.21976193,-1.00000000,-0.85806623,-0.01296309
503,0.00298842,-0.14581573,-1.00000000,-0.98791874,0.02061550
504,-0.00276620,-0.09948160,1.00000000,-0.93073414,-0.00343352
505,0.00102365,-0.10163132,1.00000000,-0.93450912,0.08260356
506,0.00228806,-0.17345690,-1.00000000,-0.93937975,0.11518006
507,0.00437477,-0.12615435,1.00000000,-0.97757255,0.12910836
508,0.00009878,-0.11037278,1.00000000,-0.94985949,0.09595853
509,0.00024100,-0.08432774,1.00000000,-0.90412334,0.13045701
510,0.00752819,-0.13769804,1.00000000,-0.99784374,0.20507666
511,0.00330661,-0.13592285,1.00000000,-0.99472645,0.21676135
512,-0.00574252,-0.04496882,1.00000000,-0.83500749,0.10069629
513,-0.00807570,-0.09765994,1.00000000,-0.92753523,0.00691917
514,-0.00011442,-0.21060551,-1.00000000,-0.87414528,0.00284172
515,0.00672988,-0.23972673,-1.00000000,-0.82300724,-0.00631643
516,0.00453910,-0.14035908,-1.00000000,-0.99750085,0.00782273
517,0.00290948,-0.05493280,1.00000000,-0.85250465,0.10707800
518,0.00202429,-0.08227666,1.00000000,-0.90052157,0.22294443
519,0.00561717,-0.10261664,1.00000000,-0.93623940,0.28869695
520,-0.00120500,-0.11366506,1.00000000,-0.95564086,0.19766853
521,0.00436021,-0.06882092,1.00000000,-0.87689274,0.19561622
522,-0.00518534,-0.15397093,-1.00000000,-0.97359790,0.10275296
523,-0.01392954,-0.08450956,1.00000000,-0.90444263,-0.08026839
524,0.00688405,-0.20365106,-1.00000000,-0.88635757,-0.06573476
525,-0.00478431,-0.31279069,-1.00000000,-0.69470398,-0.10679645
526,-0.01045279,-0.05300846,1.00000000,-0.84912543,-0.27673035
527,0.00181001,-0.19864568,-1.00000000,-0.89514722,-0.19648014
528,-0.00483135,-0.26939616,-1.00000000,-0.77090651,-0.09210626
529,0.00070117,-0.11633953,1.00000000,-0.96033734,-0.16303596
530,-0.00221086,-0.19923281,-1.00000000,-0.89411620,-0.13351350
531,0.00584080,-0.13017936,1.00000000,-0.98464064,0.05340573
532,0.01006820,-0.16652551,-1.00000000,-0.95155154,0.14814321
533,-0.03586705,-0.06602967,1.00000000,-0.87199119,-0.20789657
534,-0.00575241,-0.01326598,1.00000000,-0.77933601,-0.28193168
535,-0.00419186,-0.58660099,-1.00000000,-0.21388202,-0.30465754
536,0.00117405,-0.21072891,-1.00000000,-0.87392859,-0.35819431
537,-0.01197775,-0.19125105,-1.00000000,-0.90813249,-0.61110421
538,-0.00330318,-0.12427722,1.00000000,-0.97427624,-0.23753335
539,0.01356175,-0.28842973,-1.00000000,-0.73748280,-0.01596242
540,-0.01562129,-0.18015915,-1.00000000,-0.92761031,-0.14708023
541,-0.00972778,0.03033833,1.00000000,-0.70276510,-0.27214537
542,-0.01572388,-0.33390608,-1.00000000,-0.65762450,-0.31512073
543,-0.00465373,-0.26034700,-1.00000000,-0.78679722,-0.33061412
544,0.00613303,-0.33518656,-1.00000000,-0.65537593,-0.41583594
545,-0.00844137,-0.19701583,-1.00000000,-0.89800931,-0.33346835
546,-0.00304953,-0.06238227,1.00000000,-0.86558621,-0.25685580
547,-0.00865691,-0.24429085,-1.00000000,-0.81499246,-0.17578388
548,-0.00827933,-0.17699322,-1.00000000,-0.93316983,-0.21737664
549,0.00120969,-0.24698101,-1.00000000,-0.81026844,-0.27385689
550,-0.00000923,-0.24226839,-1.00000000,-0.81854398,-0.17712388
551,0.00040481,-0.12383229,1.00000000,-0.97349494,-0.13749596
552,-0.00071044,-0.13904617,-1.00000000,-0.99980637,-0.04633451
553,-0.00616881,-0.13387839,1.00000000,-0.99113629,-0.02212269
554,-0.00460936,-0.14779814,-1.00000000,-0.98443755,-0.08887856
555,0.00015779,-0.21592614,-1.00000000,-0.86480204,-0.08696242
556,-0.00347379,-0.19646210,-1.00000000,-0.89898168,-0.13145744
557,-0.00217863,-0.13696143,1.00000000,-0.99655023,-0.14830050
558,0.00347958,-0.18228859,-1.00000000,-0.92387093,-0.03761469
559,0.00695726,-0.16612325,-1.00000000,-0.95225793,0.09507693
560,-0.01793384,-0.09550094,1.00000000,-0.92374394,-0.11246929
561,0.00365345,-0.05209478,1.00000000,-0.84752096,-0.03070600
562,0.00716251,-0.36276990,-1.00000000,-0.60693845,0.07645501
563,0.01008359,-0.09333084,1.00000000,-0.91993315,0.15221575
564,-0.00626203,-0.04953301,1.00000000,-0.84302239,0.00056478
565,-0.00936768,-0.01307391,1.00000000,-0.77899874,0.09883528
566,-0.01538300,-0.21708972,-1.00000000,-0.86275875,-0.11954986
567,0.00313177,-0.25585246,-1.00000000,-0.79468981,-0.16579023
568,0.00374322,-0.33093197,-1.00000000,-0.66284716,-0.23852658
569,0.00718363,-0.09984212,1.00000000,-0.93136722,-0.08427873
570,0.00255065,-0.09221043,1.00000000,-0.91796567,0.05244766
571,0.00645930,-0.04926940,1.00000000,-0.84255948,0.30302134
572,-0.00283781,-0.10709533,1.00000000,-0.94410416,0.23453859
573,-0.00426025,-0.05830998,1.00000000,-0.85843512,0.14272332
574,-0.00807771,-0.17435076,-1.00000000,-0.93781009,-0.03235389
575,0.00246189,-0.19210465,-1.00000000,-0.90663354,-0.03337209
576,-0.01157936,-0.23975187,-1.00000000,-0.82296309,-0.24031055
577,-0.04214274,-0.10820313,1.00000000,-0.94604950,-0.69121447
578,0.01454355,-0.28345723,-1.00000000,-0.74621472,-0.47549841
579,-0.02794818,-0.66493029,-1.00000000,-0.07633261,-0.70345135
580,-0.01059363,0.04259255,1.00000000,-0.68124618,-0.85322356
581,-0.00401230,-0.48776269,-1.00000000,-0.38744607,-0.76641475
582,0.02058409,-0.27115399,-1.00000000,-0.76781970,-0.04681603
583,-0.00612378,-0.18901000,-1.00000000,-0.91206786,-0.28391049
584,0.00866224,0.11798685,1.00000000,-0.54885075,0.13608224
585,0.01175873,-0.21536414,-1.00000000,-0.86578893,0.39250721
586,0.01666460,-0.03081427,1.00000000,-0.81015152,0.62971154
587,0.00016995,0.00783414,1.00000000,-0.74228336,0.39552168
588,0.00683073,0.06906624,1.00000000,-0.63475731,0.54413507
589,0.02174349,-0.13680968,1.00000000,-0.99628374,0.69420247
590,-0.00019893,-0.05367408,1.00000000,-0.85029427,0.55702489
591,-0.01471512,0.13245775,1.00000000,-0.52343926,0.19703851
592,-0.01022387,-0.14141387,-1.00000000,-0.99564860,0.07780110
593,-0.01137619,-0.32259580,-1.00000000,-0.67748581,-0.13106760
594,-0.00199591,-0.26653894,-1.00000000,-0.77592392,-0.40340468
595,-0.00579367,-0.28092141,-1.00000000,-0.75066772,-0.46758720
596,0.00771805,-0.16384261,-1.00000000,-0.95626283,-0.21023524
597,0.00383967,-0.21124389,-1.00000000,-0.87302426,-0.04889909
598,0.02287603,-0.04259911,1.00000000,-0.83084619,0.34404039
599,-0.00267493,-0.09100662,1.00000000,-0.91585172,0.33625065
600,-0.00483310,0.14659332,1.00000000,-0.49861662,0.34727029
601,-0.01441470,-0.17231778,-1.00000000,-0.94138008,0.09336464
602,0.00704240,-0.19925462,-1.00000000,-0.89407791,0.13010619
603,-0.01159285,-0.31884625,-1.00000000,-0.68407017,-0.26531878
604,0.00310499,-0.05103213,1.00000000,-0.84565491,-0.19901181
605,0.00055058,-0.28362559,-1.00000000,-0.74591906,-0.13725060
606,0.00789502,-0.10017638,1.00000000,-0.93195419,0.11868527
607,0.01500763,-0.13205896,1.00000000,-0.98794130,0.21006194
608,-0.00117250,-0.04039025,1.00000000,-0.82696733,0.32960359
609,-0.00444293,0.04838490,1.00000000,-0.67107459,0.24301422
610,-0.00431289,-0.15356533,-1.00000000,-0.97431014,0.18722085
611,-0.01896290,-0.19438485,-1.00000000,-0.90262942,-0.12089166
612,0.00268089,-0.19276167,-1.00000000,-0.90547979,-0.26230326
613,-0.00066380,-0.37561398,-1.00000000,-0.58438374,-0.25646754
614,0.00544276,-0.10546968,1.00000000,-0.94124945,-0.14305947
615,0.00434043,-0.14721612,-1.00000000,-0.98545961,-0.04378913
616,0.00285025,-0.07099786,1.00000000,-0.88071553,0.20645006
617,0.01168772,-0.08475640,1.00000000,-0.90487609,0.30977583
618,-0.01565629,-0.10335592,1.00000000,-0.93753761,0.13778290
619,-0.01149025,0.00694785,1.00000000,-0.74383972,-0.05647157
620,0.00294497,-0.33434293,-1.00000000,-0.65685737,-0.07248015
621,0.00971636,-0.28234502,-1.00000000,-0.74816780,0.00628753
622,-0.00955869,-0.10217360,1.00000000,-0.93546139,-0.23745007
623,-0.00551886,-0.01765738,1.00000000,-0.78704750,-0.12115405
624,0.00946404,-0.25823652,-1.00000000,-0.79050329,0.11923242
625,0.00139758,-0.20781387,-1.00000000,-0.87904751,0.10148083
626,-0.00318853,-0.02080665,1.00000000,-0.79257774,-0.04656337
627,-0.00102087,-0.12148716,1.00000000,-0.96937679,0.05138205
628,0.00547176,-0.17872818,-1.00000000,-0.93012315,0.17746587
629,0.00214544,-0.15167276,-1.00000000,-0.97763358,0.09350731
630,0.01026749,-0.07063578,1.00000000,-0.88007971,0.19526235
631,0.01335371,-0.11215283,1.00000000,-0.95298532,0.38503401
632,-0.00862248,-0.01077857,1.00000000,-0.77496803,0.29782873
633,-0.00052923,0.02774173,1.00000000,-0.70732483,0.22898565
634,0.00047957,-0.24655134,-1.00000000,-0.81102295,0.20987486
635,-0.00143798,-0.14553645,-1.00000000,-0.98840918,0.07559036
636,0.01318553,-0.13294520,1.00000000,-0.98949757,0.07366097
637,-0.00309469,-0.15687894,-1.00000000,-0.96849131,0.13707547
638,-0.00015929,0.02564257,1.00000000,-0.71101103,0.14131938
639,0.00354910,-0.17755692,-1.00000000,-0.93217995,0.17653282
640,-0.00198138,-0.14091911,-1.00000000,-0.99651741,0.17029901
641,-0.00133302,-0.09463328,1.00000000,-0.92222030,0.00374301
642,0.00038762,-0.16366127,-1.00000000,-0.95658127,0.04369185
643,0.00481136,-0.15556891,-1.00000000,-0.97079177,0.10071485
644,-0.00335447,-0.13409292,1.00000000,-0.99151302,0.02151747
645,0.00643345,-0.07887859,1.00000000,-0.89455441,0.11805189
646,0.00942501,-0.18079934,-1.00000000,-0.92648612,0.24146748
647,0.00487806,-0.05863266,1.00000000,-0.85900175,0.29298155
648,0.00232794,-0.02129382,1.00000000,-0.79343323,0.26449193
649,-0.00532098,-0.07804607,1.00000000,-0.89309248,0.24193229
650,-0.00162853,-0.10987504,1.00000000,-0.94898545,0.14944572
651,-0.00570915,-0.20534403,-1.00000000,-0.88338466,-0.02417252
652,-0.01182727,-0.15925724,-1.00000000,-0.96431491,-0.21581506
653,-0.00574058,-0.21018895,-1.00000000,-0.87487677,-0.30837664
654,0.00133971,-0.28655148,-1.00000000,-0.74078108,-0.23196565
655,-0.00216160,-0.21058124,-1.00000000,-0.87418790,-0.23808094
656,-0.00081295,-0.12220954,1.00000000,-0.97064531,-0.18191197
657,-0.00513704,-0.16591063,-1.00000000,-0.95263130,-0.10516206
658,-0.00862920,-0.14907760,-1.00000000,-0.98219078,-0.13830011
659,-0.00457530,-0.20304825,-1.00000000,-0.88741613,-0.20615674
660,-0.00025314,-0.24663515,-1.00000000,-0.81087577,-0.18426308
661,0.01513420,-0.19603696,-1.00000000,-0.89972825,-0.00131834
662,-0.00253959,-0.14209052,-1.00000000,-0.99446038,0.02847943
663,-0.00184168,0.04996469,1.00000000,-0.66830041,0.10634548
664,0.00033523,-0.17062854,-1.00000000,-0.94434646,0.16267885
665,-0.00023307,-0.16191757,-1.00000000,-0.95964327,0.16290913
666,0.00707962,-0.13474674,1.00000000,-0.99266115,0.07050740
667,-0.00178864,-0.14183997,-1.00000000,-0.99490034,0.07912228
668,0.00209512,-0.05056759,1.00000000,-0.84483916,0.12428503
669,0.00032952,-0.16125563,-1.00000000,-0.96080566,0.12421943
670,-0.02024100,-0.11278089,1.00000000,-0.95408822,-0.10531041
671,-0.01034748,-0.13481812,1.00000000,-0.99278649,-0.30523307
672,0.00400586,-0.39156644,-1.00000000,-0.55637058,-0.23875887
673,-0.00766868,-0.26808170,-1.00000000,-0.77321477,-0.35076868
674,-0.00312957,-0.08893228,1.00000000,-0.91220911,-0.39045117
675,0.00770762,-0.23464658,-1.00000000,-0.83192818,-0.06982622
676,0.00404851,-0.17799232,-1.00000000,-0.93141536,0.09532373
677,-0.01038046,-0.04272929,1.00000000,-0.83107478,-0.06971532
678,0.00257698,-0.08839998,1.00000000,-0.91127437,0.04782229
679,0.01465849,-0.26849333,-1.00000000,-0.77249192,0.25188595
680,-0.00680191,-0.10676669,1.00000000,-0.94352704,0.08543344
681,0.00299083,0.04402715,1.00000000,-0.67872696,0.07329986
682,0.00073210,-0.22382815,-1.00000000,-0.85092578,0.20078251
683,-0.00100997,-0.10160122,1.00000000,-0.93445627,0.15963326
684,-0.00983348,-0.12979332,1.00000000,-0.98396274,-0.12133724
685,0.00591391,-0.15153672,-1.00000000,-0.97787246,0.02453800
686,-0.00026428,-0.26166629,-1.00000000,-0.78448048,-0.01280452
687,0.02395387,-0.06511716,1.00000000,-0.87038879,0.25359438
688,-0.00000559,-0.14222956,-1.00000000,-0.99421622,0.26511660
689,0.02238290,0.16004636,1.00000000,-0.47499254,0.63470111
690,0.00924006,-0.13900065,-1.00000000,-0.99988630,0.67285843
691,-0.00801117,0.14043843,1.00000000,-0.50942486,0.58398655
692,0.00773430,-0.02360234,1.00000000,-0.79748708,0.39791652
693,-0.00894966,-0.23892138,-1.00000000,-0.82442147,0.29531060
694,-0.00801137,-0.04239622,1.00000000,-0.83048990,-0.05337080
695,0.00175131,-0.25063499,-1.00000000,-0.80385189,-0.13928126
696,0.00443405,-0.23892389,-1.00000000,-0.82441706,0.00348963
697,0.00928170,-0.11707216,1.00000000,-0.96162387,0.02124127
698,-0.00217026,-0.08358791,1.00000000,-0.90282417,0.09901411
699,0.00850771,-0.02308259,1.00000000,-0.79657438,0.28852017
700,-0.00331986,-0.16601881,-1.00000000,-0.95244132,0.23034399
701,0.00105455,-0.03274296,1.00000000,-0.81353838,0.19157463
702,0.00350451,-0.18036733,-1.00000000,-0.92724474,0.12529903
703,-0.00509693,-0.12576864,1.00000000,-0.97689523,0.09172453
704,0.00177585,-0.09518986,1.00000000,-0.92319766,0.01449692
705,-0.00232363,-0.20254758,-1.00000000,-0.88829533,0.02592565
706,-0.00063844,-0.11676593,1.00000000,-0.96108611,0.00650374
707,0.00491016,-0.16793297,-1.00000000,-0.94907999,0.02262925
708,0.00285871,-0.14689951,-1.00000000,-0.98601559,0.11389593
709,0.00056958,-0.07764543,1.00000000,-0.89238895,0.10005776
710,0.01502141,-0.10325023,1.00000000,-0.93735201,0.29903899
711,-0.00421637,-0.13182174,1.00000000,-0.98752472,0.25799310
712,-0.00181613,0.04855687,1.00000000,-0.67077259,0.18082956
713,-0.00918336,-0.19155708,-1.00000000,-0.90759510,0.04268357
714,-0.00473347,-0.16159869,-1.00000000,-0.96020324,-0.01815279
715,0.00325031,-0.25355187,-1.00000000,-0.79872973,-0.15319013
716,-0.00357048,-0.19801116,-1.00000000,-0.89626146,-0.14578043
717,0.00046862,-0.09836257,1.00000000,-0.92876908,-0.11956998
718,-0.00594575,-0.18349538,-1.00000000,-0.92175176,-0.08242831
719,0.00907505,-0.13308195,1.00000000,-0.98973771,0.07598233
720,0.00284901,-0.21314207,-1.00000000,-0.86969098,0.07137866
721,0.00166224,-0.02566177,1.00000000,-0.80110352,0.13140806
722,0.00697385,-0.10337133,1.00000000,-0.93756466,0.20603570
723,0.01650137,-0.11818392,1.00000000,-0.96357616,0.46354783
724,0.01071815,-0.05188772,1.00000000,-0.84715736,0.48239733
725,-0.01150120,0.06702888,1.00000000,-0.63833499,0.31777246
726,0.00058324,-0.00515368,1.00000000,-0.76509049,0.30539423
727,0.00976511,-0.28248175,-1.00000000,-0.74792770,0.33741540
728,0.00000941,-0.13165132,1.00000000,-0.98722547,0.14822058
729,0.00291461,-0.01704897,1.00000000,-0.78597911,0.05869883
730,-0.00096950,-0.13881343,1.00000000,-0.99980242,0.17951798
731,-0.00514878,-0.10255256,1.00000000,-0.93612686,0.11376056
732,-0.00881636,-0.15103156,-1.00000000,-0.97875954,-0.09940501
733,0.00133437,-0.20319483,-1.00000000,-0.88715874,-0.08420519
734,0.00003086,-0.24897126,-1.00000000,-0.80677347,-0.11728740
735,-0.02327778,-0.12227615,1.00000000,-0.97076229,-0.37320681
736,0.00463318,-0.13854572,1.00000000,-0.99933231,-0.26098865
737,0.00360002,-0.42946965,-1.00000000,-0.48981101,-0.11854855
738,0.01115934,-0.08110245,1.00000000,-0.89845961,-0.00583711
739,0.00120989,-0.09399767,1.00000000,-0.92110414,0.00768858
740,0.00422988,0.00035292,1.00000000,-0.75542069,0.32325496
741,0.00264384,-0.12382989,1.00000000,-0.97349072,0.30043339
742,-0.00069454,-0.08613618,1.00000000,-0.90729903,0.25116645
743,0.00512820,-0.10593211,1.00000000,-0.94206150,0.18197766
744,0.00655101,-0.14759968,-1.00000000,-0.98478606,0.24325071
745,-0.00258160,-0.07492388,1.00000000,-0.88760978,0.16510974
746,-0.00308793,-0.05716535,1.00000000,-0.85642508,0.09935514
747,0.00520707,-0.17115287,-1.00000000,-0.94342571,0.16705798
748,0.00109995,-0.17747254,-1.00000000,-0.93232811,0.12084602
749,-0.01023027,-0.07393958,1.00000000,-0.88588132,-0.07166782
750,0.00482623,-0.12520209,1.00000000,-0.97590036,0.01331440
751,-0.00324599,-0.26661873,-1.00000000,-0.77578381,0.01150113
752,0.00648698,-0.07869295,1.00000000,-0.89422843,0.02618424
753,0.00085979,-0.17944537,-1.00000000,-0.92886375,0.02342916
754,0.00146910,-0.05796448,1.00000000,-0.85782840,0.15764363
755,0.00448873,-0.12819959,1.00000000,-0.98116409,0.15377185
756,0.00013458,-0.12059455,1.00000000,-0.96780934,0.19255358
757,0.00747874,-0.08290542,1.00000000,-0.90162569,0.20393096
758,0.00051018,-0.13725119,1.00000000,-0.99705906,0.19992022
759,-0.00797569,-0.04558599,1.00000000,-0.83609127,0.09157009
760,0.00437736,-0.13256324,1.00000000,-0.98882683,0.09029242
761,-0.00620950,-0.23847855,-1.00000000,-0.82519909,0.01751356
762,-0.00385593,-0.08429551,1.00000000,-0.90406674,-0.11251713
763,-0.00697202,-0.21643397,-1.00000000,-0.86391028,-0.19835243
764,0.00193979,-0.18705825,-1.00000000,-0.91549522,-0.08460258
765,-0.00287303,-0.22595129,-1.00000000,-0.84719747,-0.16777865
766,0.00415657,-0.11471971,1.00000000,-0.95749288,-0.04885971
767,-0.01228872,-0.17479034,-1.00000000,-0.93703816,-0.14560014
768,-0.00075324,-0.08705120,1.00000000,-0.90890585,-0.07425864
769,0.00179471,-0.29231099,-1.00000000,-0.73066716,-0.07592295
770,0.00400933,-0.14833237,-1.00000000,-0.98349944,0.00303114
771,0.00169177,-0.11653047,1.00000000,-0.96067264,-0.02524488
772,-0.00138105,-0.08888897,1.00000000,-0.91213305,0.09988723
773,0.00563528,-0.11781526,1.00000000,-0.96292879,0.17317593
774,-0.00583947,-0.15616835,-1.00000000,-0.96973914,0.08559705
775,0.00174757,-0.06859489,1.00000000,-0.87649583,0.05965030
776,0.00489671,-0.21181553,-1.00000000,-0.87202043,0.09641710
777,-0.00088546,-0.11711880,1.00000000,-0.96170577,0.10210249
778,0.00543658,-0.07781331,1.00000000,-0.89268374,0.09982298
779,-0.00383797,-0.14998270,-1.00000000,-0.98060139,0.12278407
780,0.00724589,-0.07107498,1.00000000,-0.88085096,0.18586045
781,0.00213357,-0.18683407,-1.00000000,-0.91588888,0.15416195
782,-0.01165474,-0.04849224,1.00000000,-0.84119476,0.03061737
783,-0.00523928,-0.11230100,1.00000000,-0.95324552,-0.09185545
784,0.01336051,-0.28439812,-1.00000000,-0.74456247,0.10544453
785,0.00263332,-0.20432434,-1.00000000,-0.88517527,0.05252940
786,0.01352904,0.02782658,1.00000000,-0.70717582,0.18325754
787,-0.00264159,-0.10606344,1.00000000,-0.94229211,0.28665588
788,0.00605050,0.02993008,1.00000000,-0.70348200,0.41617162
789,-0.00303149,-0.17190163,-1.00000000,-0.94211086,0.22812354
790,0.01011358,-0.06341235,1.00000000,-0.86739507,0.31393664
791,-0.00071688,-0.17676809,-1.00000000,-0.93356515,0.15050827
792,0.00438621,-0.01269953,1.00000000,-0.77834132,0.23113083
793,-0.00045715,-0.14787856,-1.00000000,-0.98429633,0.15647542
794,0.00758840,-0.08418498,1.00000000,-0.90387266,0.27830626
795,0.00938573,-0.14463678,-1.00000000,-0.98998903,0.26995640
796,-0.00480722,-0.04421720,1.00000000,-0.83368762,0.22303229
797,-0.00678253,-0.02178410,1.00000000,-0.79429419,0.09490510
798,0.00467063,-0.19893159,-1.00000000,-0.89464516,0.15373074
799,-0.00250303,-0.22358625,-1.00000000,-0.85135057,0.03796233
800,-0.00424249,-0.08063499,1.00000000,-0.89763873,-0.11837985
801,-0.00075681,-0.17017223,-1.00000000,-0.94514776,-0.07191388
802,-0.02191105,-0.19188303,-1.00000000,-0.90702271,-0.24546733
803,0.00346822,-0.14837702,-1.00000000,-0.98342103,-0.25926141
804,-0.00135896,-0.41241089,-1.00000000,-0.51976687,-0.24613661
805,-0.00871253,-0.09564283,1.00000000,-0.92399310,-0.29741662
806,-0.00113701,-0.15589256,-1.00000000,-0.97022344,-0.30177816
807,-0.00535190,-0.24767523,-1.00000000,-0.80904935,-0.11181262
808,-0.00167755,-0.15312233,-1.00000000,-0.97508806,-0.17084451
809,0.01541293,-0.20573005,-1.00000000,-0.88270679,0.02156162
810,0.01981208,-0.15986901,-1.00000000,-0.96324062,0.34879435
811,0.00243333,0.05344363,1.00000000,-0.66219124,0.38975302
812,0.00372724,0.10835112,1.00000000,-0.56577148,0.49390843
813,-0.00682487,-0.10855966,1.00000000,-0.94667558,0.43485866
814,0.00541198,-0.09240987,1.00000000,-0.91831589,0.32012838
815,-0.00976909,-0.22411464,-1.00000000,-0.85042270,-0.01922515
816,0.00205308,-0.07138192,1.00000000,-0.88138996,-0.02358736
817,0.00591005,-0.26086255,-1.00000000,-0.78589188,0.00145372
818,0.00563476,-0.11330570,1.00000000,-0.95500982,0.14438987
819,-0.00234388,-0.06516540,1.00000000,-0.87047350,0.05541504
820,-0.00090514,-0.06860135,1.00000000,-0.87650717,0.15710171
821,-0.00041640,-0.16818576,-1.00000000,-0.94863607,0.12877205
822,0.00532783,-0.15022834,-1.00000000,-0.98017003,0.12209288
823,-0.00435204,-0.14412813,-1.00000000,-0.99088225,0.00752481
824,0.00520211,-0.07243228,1.00000000,-0.88323443,0.09409199
825,-0.00121417,-0.19325041,-1.00000000,-0.90462153,0.09054680
826,-0.00123738,-0.07400143,1.00000000,-0.88598993,0.08112853
827,0.00624467,-0.15408547,-1.00000000,-0.97339675,0.09164649
828,-0.00756279,-0.15437512,-1.00000000,-0.97288812,0.05481302
829,0.00735901,-0.06098884,1.00000000,-0.86313929,0.07955687
830,0.01017122,-0.23332490,-1.00000000,-0.83424912,0.21016944
831,-0.00840998,-0.04708035,1.00000000,-0.83871542,0.12788580
832,0.00207210,-0.01198012,1.00000000,-0.77707801,0.08001831
833,0.00565337,-0.24389901,-1.00000000,-0.81568055,0.23163330
834,-0.00662639,-0.11306825,1.00000000,-0.95459283,0.07119359
835,-0.00847155,-0.06836911,1.00000000,-0.87609934,-0.14267523
836,0.00003116,-0.22163735,-1.00000000,-0.85477291,-0.04583899
837,0.00373109,-0.24466754,-1.00000000,-0.81433098,-0.02680721
838,0.00555889,-0.13854203,1.00000000,-0.99932583,-0.02789108
839,-0.00901677,-0.09236183,1.00000000,-0.91823153,-0.05531338
840,0.00674460,-0.06954835,1.00000000,-0.87817015,0.11924546
841,-0.00580258,-0.25147258,-1.00000000,-0.80238106,0.05232118
842,-0.00475799,-0.05474904,1.00000000,-0.85218196,-0.04506500
843,0.00754346,-0.21135505,-1.00000000,-0.87282905,-0.02229809
844,0.00463681,-0.19831715,-1.00000000,-0.89572414,0.13433500
845,-0.00441722,-0.04477816,1.00000000,-0.83467268,0.00628718
846,0.00919994,-0.08105713,1.00000000,-0.89838003,0.17839524
847,0.00531417,-0.19406396,-1.00000000,-0.90319291,0.29394251
848,0.00455856,-0.02410298,1.00000000,-0.79836624,0.25969989
849,-0.00296968,-0.07260272,1.00000000,-0.88353374,0.17243867
850,-0.00305492,-0.08203383,1.00000000,-0.90009515,0.18806692
851,0.00251246,-0.17599658,-1.00000000,-0.93491996,0.11134849
852,0.00135365,-0.17706056,-1.00000000,-0.93305156,0.06591363
853,-0.00015864,-0.10757197,1.00000000,-0.94494115,0.01179816
854,0.00018012,-0.12203546,1.00000000,-0.97033962,0.04793245
855,0.00426023,-0.14091098,-1.00000000,-0.99653169,0.13185145
856,0.00172457,-0.13668279,1.00000000,-0.99606093,0.12281278
857,-0.00153978,-0.08575742,1.00000000,-0.90663393,0.08961942
858,-0.00160840,-0.11740596,1.00000000,-0.96221004,0.07298791
859,-0.00805167,-0.15814954,-1.00000000,-0.96626009,-0.02144671
860,-0.00421555,-0.15900592,-1.00000000,-0.96475624,-0.11868036
861,0.00583670,-0.23942683,-1.00000000,-0.82353387,-0.07150617
862,0.00256984,-0.19154678,-1.00000000,-0.90761317,-0.02436077
863,0.01067476,-0.06608086,1.00000000,-0.87208109,0.11655088
864,-0.00050620,-0.10685574,1.00000000,-0.94368343,0.20311205
865,0.00232433,-0.00569528,1.00000000,-0.76604157,0.27813715
866,-0.00895532,-0.14524903,-1.00000000,-0.98891389,0.10844387
867,-0.00539337,-0.10992013,1.00000000,-0.94906462,0.01709030
868,-0.01247708,-0.25070567,-1.00000000,-0.80372778,-0.24850623
869,-0.00502943,-0.20624763,-1.00000000,-0.88179788,-0.30039648
870,0.00069948,-0.29466199,-1.00000000,-0.72653871,-0.31903658
871,-0.00209284,-0.20170517,-1.00000000,-0.88977463,-0.24031051
872,-0.00469742,-0.13020040,1.00000000,-0.98467758,-0.23232663
873,0.00523381,-0.16505240,-1.00000000,-0.95413839,-0.02914838
874,-0.00084424,-0.19756124,-1.00000000,-0.89705154,0.01886390
875,-0.00489059,-0.07360582,1.00000000,-0.88529522,-0.04526515
876,0.00683026,-0.14946823,-1.00000000,-0.98150482,0.05710007
877,-0.00194949,-0.19997225,-1.00000000,-0.89281772,0.08862420
878,0.02615624,-0.05367993,1.00000000,-0.85030455,0.32864515
879,-0.01103806,-0.16326327,-1.00000000,-0.95728017,0.21170223
880,-0.00427337,0.18753488,1.00000000,-0.42672159,0.21878300
881,-0.01007351,-0.27670110,-1.00000000,-0.75807874,0.02486396
882,-0.00097245,-0.19226843,-1.00000000,-0.90634593,0.03607258
883,-0.00300566,-0.26466216,-1.00000000,-0.77921962,-0.29847109
884,-0.00720411,-0.15106839,-1.00000000,-0.97869487,-0.25448821
885,0.00000691,-0.17644571,-1.00000000,-0.93413126,-0.20538512
886,-0.00389554,-0.22884811,-1.00000000,-0.84211054,-0.13451182
887,0.00996122,-0.13884470,1.00000000,-0.99985733,-0.00908139
888,-0.00022804,-0.18755262,-1.00000000,-0.91462709,0.02278329
889,-0.00292946,-0.01460118,1.00000000,-0.78168068,0.07182185
890,-0.00436450,-0.14177722,-1.00000000,-0.99501054,0.02167330
891,0.01511406,-0.17549459,-1.00000000,-0.93580148,0.23975031
892,-0.00325384,-0.19340588,-1.00000000,-0.90434852,0.08814786
893,-0.00284020,0.04971326,1.00000000,-0.66874193,0.05818136
894,0.00766921,-0.17954331,-1.00000000,-0.92869175,0.17976870
895,-0.00768441,-0.17438051,-1.00000000,-0.93775785,0.14168291
896,0.00457531,-0.04320862,1.00000000,-0.83191651,0.02078298
897,0.00580553,-0.23484290,-1.00000000,-0.83158345,0.12471158
898,0.00130398,-0.08182480,1.00000000,-0.89972809,0.17225340
899,0.00300865,-0.06646991,1.00000000,-0.87276427,0.11878765
900,-0.00431767,-0.12265542,1.00000000,-0.97142830,0.15741065
901,-0.00084233,-0.10137889,1.00000000,-0.93406586,0.09525983
902,-0.02004813,-0.19282142,-1.00000000,-0.90537487,-0.20133194
903,-0.00608418,-0.14944435,-1.00000000,-0.98154675,-0.28608857
904,-0.00220320,-0.38915916,-1.00000000,-0.56059784,-0.34587853
905,-0.01655596,-0.21486989,-1.00000000,-0.86665686,-0.48627550
906,-0.00307940,-0.16642985,-1.00000000,-0.95171952,-0.51193910
907,0.00253117,-0.34557210,-1.00000000,-0.63713850,-0.25291067
908,0.01638989,-0.17736612,-1.00000000,-0.93251499,0.00491065
909,0.00101495,-0.10733849,1.00000000,-0.94453115,0.04182904
910,-0.00773627,0.06563745,1.00000000,-0.64077841,0.14300809
911,0.00978833,-0.12626295,1.00000000,-0.97776328,0.29062606
912,0.00276618,-0.23549018,-1.00000000,-0.83044679,0.29332218
913,0.00072636,-0.01675905,1.00000000,-0.78547000,0.11363103
914,-0.00281947,-0.10440514,1.00000000,-0.93938007,0.06964281
915,0.00847898,-0.12986495,1.00000000,-0.98408853,0.25566326
916,-0.00010476,-0.17412176,-1.00000000,-0.93821223,0.14217026
917,0.00329779,-0.03310156,1.00000000,-0.81416810,0.14826885
918,0.00398421,-0.14023844,-1.00000000,-0.99771270,0.18564270
919,0.01249039,-0.09776993,1.00000000,-0.92772838,0.36127651
920,-0.00474019,-0.08920253,1.00000000,-0.91268367,0.20962687
921,-0.00111736,0.01696630,1.00000000,-0.72624691,0.19801036
922,0.00914261,-0.19809505,-1.00000000,-0.89611415,0.26506171
923,-0.01235887,-0.15287710,-1.00000000,-0.97551870,0.07757480
924,0.00127483,-0.02481864,1.00000000,-0.79962296,-0.05108941
925,0.00960081,-0.29318665,-1.00000000,-0.72912946,0.11342976
926,0.00533965,-0.12301924,1.00000000,-0.97206718,0.18750423
927,-0.00138903,-0.01909963,1.00000000,-0.78958015,0.06668589
928,0.00531580,-0.07228472,1.00000000,-0.88297532,0.26944871
929,0.00933420,-0.15626795,-1.00000000,-0.96956423,0.36190525
930,-0.00166436,-0.07258247,1.00000000,-0.88349817,0.23267183
931,-0.00428041,-0.02242732,1.00000000,-0.79542371,0.12231107
932,0.00564841,-0.15970446,-1.00000000,-0.96352958,0.20304419
933,-0.00405939,-0.19235627,-1.00000000,-0.90619168,0.09549262
934,-0.00028753,-0.06843102,1.00000000,-0.87620806,-0.01488729
935,0.01363187,-0.18959763,-1.00000000,-0.91103596,0.16059026
936,-0.00217959,-0.14251971,-1.00000000,-0.99370670,0.18469073
937,-0.00758688,0.03121358,1.00000000,-0.70122812,0.03285620
938,0.00170984,-0.16613517,-1.00000000,-0.95223699,0.09904047
939,-0.00113200,-0.23362566,-1.00000000,-0.83372097,0.08935276
940,-0.00087001,-0.11758972,1.00000000,-0.96253273,-0.07701205
941,0.00755885,-0.15305985,-1.00000000,-0.97519778,0.03470673
942,0.00787029,-0.14978988,-1.00000000,-0.98093998,0.21203053
943,-0.00482859,-0.04458611,1.00000000,-0.83433544,0.13702195
944,0.00069792,-0.04069891,1.00000000,-0.82750936,0.15801465
945,-0.00045914,-0.19919840,-1.00000000,-0.89417662,0.16272810
946,-0.00242657,-0.13021998,1.00000000,-0.98471197,0.04817596
947,0.00790395,-0.14466168,-1.00000000,-0.98994531,0.04856215
948,0.00061181,-0.16921784,-1.00000000,-0.94682370,0.11097413
949,0.00446922,-0.04027874,1.00000000,-0.82677153,0.15423833
950,0.00059284,-0.13129472,1.00000000,-0.98659926,0.16630665
951,0.00346185,-0.08314890,1.00000000,-0.90205326,0.23385822
952,0.00189038,-0.13153146,1.00000000,-0.98701499,0.16487084
953,0.00613185,-0.09572232,1.00000000,-0.92413269,0.22819648
954,-0.00463263,-0.11533641,1.00000000,-0.95857582,0.12378058
955,-0.00432028,-0.06239698,1.00000000,-0.86561204,0.06741751
956,0.00131449,-0.19675249,-1.00000000,-0.89847175,0.04278310
957,0.00528654,-0.19285399,-1.00000000,-0.90531767,0.08174364
958,0.01254777,-0.12252434,1.00000000,-0.97119813,0.15534666
959,0.00384564,-0.07294768,1.00000000,-0.88413950,0.25260893
960,-0.00831962,0.01768246,1.00000000,-0.72498930,0.20672871
961,-0.00707838,-0.09093199,1.00000000,-0.91572068,0.11044624
962,-0.00435615,-0.24277127,-1.00000000,-0.81766091,-0.00017414
963,-0.00060821,-0.22727883,-1.00000000,-0.84486626,-0.15109883
964,-0.00265003,-0.19330168,-1.00000000,-0.90453150,-0.22561683
965,0.00150098,-0.14652229,-1.00000000,-0.98667801,-0.11295538
966,0.00434458,-0.17200693,-1.00000000,-0.94192594,0.01808820
967,0.00321601,-0.12019660,1.00000000,-0.96711050,0.10495566
968,0.01062707,-0.08470455,1.00000000,-0.90478505,0.23384625
969,-0.00347077,-0.09879064,1.00000000,-0.92952078,0.22443071
970,-0.00208748,-0.00629044,1.00000000,-0.76708670,0.18326412
971,-0.00092564,-0.18225096,-1.00000000,-0.92393702,0.12280443
972,-0.00284732,-0.16498548,-1.00000000,-0.95425589,0.05324616
973,-0.00130369,-0.15048417,-1.00000000,-0.97972078,-0.08362285
974,-0.00023048,-0.17446943,-1.00000000,-0.93760169,-0.04645043
975,-0.00211624,-0.15520273,-1.00000000,-0.97143480,-0.04678042
976,0.00426492,-0.14180769,-1.00000000,-0.99495703,0.01276544
977,-0.00096035,-0.16534451,-1.00000000,-0.95362543,0.03441263
978,0.00517370,-0.08569880,1.00000000,-0.90653099,0.10872081
979,0.00042987,-0.15091748,-1.00000000,-0.97895988,0.11629639
980,0.00267948,-0.07435608,1.00000000,-0.88661271,0.17131260
981,0.00799285,-0.13356552,1.00000000,-0.99058688,0.21407913
982,0.00147024,-0.10548735,1.00000000,-0.94128048,0.24196276
983,0.00108039,-0.03916919,1.00000000,-0.82482311,0.19500461
984,-0.00449110,-0.12058033,1.00000000,-0.96778435,0.13855146
985,0.00216304,-0.12544614,1.00000000,-0.97632891,0.13262692
986,0.00789262,-0.19498605,-1.00000000,-0.90157368,0.13147715
987,0.00321924,-0.11193321,1.00000000,-0.95259966,0.15154159
988,-0.00112120,-0.04042013,1.00000000,-0.82701981,0.12628499
989,0.00547878,-0.09875040,1.00000000,-0.92945011,0.24065889
990,0.00309331,-0.15292509,-1.00000000,-0.97543442,0.25133089
991,0.00470774,-0.07054825,1.00000000,-0.87992600,0.21479411
992,-0.00436399,-0.10032217,1.00000000,-0.93221021,0.12779968
993,-0.00075086,-0.08017183,1.00000000,-0.89682540,0.13204822
994,-0.00069404,-0.19339958,-1.00000000,-0.90435959,0.06123396
995,0.00395886,-0.14830271,-1.00000000,-0.98355151,0.07116353
996,-0.00478757,-0.14759355,-1.00000000,-0.98479683,-0.03776615
997,0.00603628,-0.08951888,1.00000000,-0.91323920,0.08154519
998,0.00674914,-0.19868637,-1.00000000,-0.89507577,0.16758480
999,0.00314889,-0.06358988,1.00000000,-0.86770682,0.21167076
1000,0.01148548,-0.05469237,1.00000000,-0.85208243,0.29801571
1001,0.00620621,-0.09962841,1.00000000,-0.93099194,0.42413569
1002,0.01056494,0.00442367,1.00000000,-0.74827228,0.47608827
1003,0.00420451,-0.06146894,1.00000000,-0.86398237,0.44689643
1004,0.00623899,-0.00706592,1.00000000,-0.76844847,0.48234585
1005,0.00269310,-0.08645283,1.00000000,-0.90785508,0.38148020
1006,0.00237412,-0.06105975,1.00000000,-0.86326381,0.33751873
1007,0.01106851,-0.10531728,1.00000000,-0.94098183,0.34329567
1008,0.00265123,-0.10929863,1.00000000,-0.94797323,0.32547655
1009,-0.00790356,-0.00078067,1.00000000,-0.75741131,0.16323401
1010,0.00152929,-0.10583987,1.00000000,-0.94189952,0.14988285
1011,0.00201405,-0.23757822,-1.00000000,-0.82678012,0.14575211
1012,-0.00226666,-0.11984323,1.00000000,-0.96648998,-0.00722820
1013,0.00180122,-0.11379284,1.00000000,-0.95586525,-0.01697950
1014,0.00369483,-0.16722192,-1.00000000,-0.95032863,0.11607661
1015,0.00586465,-0.11644920,1.00000000,-0.96052992,0.16581161
1016,-0.00539461,-0.09281433,1.00000000,-0.91902614,0.08081994
1017,0.00460511,-0.06573198,1.00000000,-0.87146844,0.15965249
1018,0.00283686,-0.20626304,-1.00000000,-0.88177083,0.17153332
1019,-0.01167520,-0.08145278,1.00000000,-0.89907481,-0.00479081
1020,0.00101859,-0.10352296,1.00000000,-0.93783093,-0.06038458
1021,-0.00278679,-0.28465344,-1.00000000,-0.74411412,-0.03046786
1022,-0.00713198,-0.12621752,1.00000000,-0.97768350,-0.16511512
1023,0.00013667,-0.17371391,-1.00000000,-0.93892842,-0.19609154
1024,-0.00641761,-0.22794783,-1.00000000,-0.84369147,-0.13577681
1025,-0.00343610,-0.13722503,1.00000000,-0.99701313,-0.18688079
1026,0.01170828,-0.21903154,-1.00000000,-0.85934883,-0.02059418
1027,-0.00132642,-0.18181821,-1.00000000,-0.92469694,0.04600681
1028,0.00553808,0.00720447,1.00000000,-0.74338908,0.10797137
1029,0.00370246,-0.15548652,-1.00000000,-0.97093645,0.22406828
1030,0.00344627,-0.06980813,1.00000000,-0.87862633,0.30302253
1031,0.00373447,-0.09271911,1.00000000,-0.91885893,0.21154745
1032,0.00222983,-0.09591668,1.00000000,-0.92447399,0.25234460
1033,0.00245285,-0.09231962,1.00000000,-0.91815741,0.21695112
1034,0.00560844,-0.11109959,1.00000000,-0.95113579,0.23881638
1035,0.00464250,-0.10831593,1.00000000,-0.94624758,0.25253942
1036,-0.00030753,-0.06892990,1.00000000,-0.87708412,0.20616981
1037,-0.00094741,-0.08098613,1.00000000,-0.89825534,0.16972069
1038,-0.00346926,-0.14276935,-1.00000000,-0.99326832,0.10178254
1039,-0.00478434,-0.15075590,-1.00000000,-0.97924361,-0.01744281
1040,-0.00260272,-0.18223205,-1.00000000,-0.92397022,-0.10055956
1041,-0.00525590,-0.19864604,-1.00000000,-0.89514658,-0.15732700
1042,0.00801415,-0.17141643,-1.00000000,-0.94296289,-0.05452053
1043,0.00910788,-0.20453183,-1.00000000,-0.88481091,0.08976368
1044,0.00483477,-0.03890336,1.00000000,-0.82435630,0.20011351
1045,-0.00566989,-0.02525209,1.00000000,-0.80038412,0.16492712
1046,0.00505309,-0.07858640,1.00000000,-0.89404131,0.28319135
1047,0.00485353,-0.20969891,-1.00000000,-0.87573730,0.24693288
1048,0.00091509,-0.07586137,1.00000000,-0.88925605,0.15294566
1049,0.00615833,-0.07835226,1.00000000,-0.89363016,0.16812946
1050,0.00635336,-0.12750937,1.00000000,-0.97995203,0.30605950
1051,-0.00818434,-0.06206656,1.00000000,-0.86503181,0.15420037
1052,-0.00409230,-0.05963224,1.00000000,-0.86075705,0.05157433
1053,0.00057563,-0.24108278,-1.00000000,-0.82062597,0.04768004
1054,-0.00034084,-0.19000849,-1.00000000,-0.91031447,-0.02687800
1055,-0.00248353,-0.13174632,1.00000000,-0.98739228,-0.12825437
1056,-0.00493896,-0.14318506,-1.00000000,-0.99253832,-0.09102357
1057,0.00477041,-0.16992884,-1.00000000,-0.94557515,0.01064895
1058,-0.00126902,-0.20057599,-1.00000000,-0.89175752,-0.01051273
1059,-0.00078708,-0.07938968,1.00000000,-0.89545191,-0.01563194
1060,-0.00051601,-0.15477004,-1.00000000,-0.97219463,0.00693940
1061,-0.00232721,-0.14875472,-1.00000000,-0.98275777,0.03690129
1062,0.00021253,-0.14537142,-1.00000000,-0.98869898,-0.01538640
1063,0.00757717,-0.16797771,-1.00000000,-0.94900141,0.08609655
1064,0.01251505,-0.13627822,1.00000000,-0.99535050,0.23869779
1065,0.02800631,-0.04435748,1.00000000,-0.83393394,0.56590426
1066,0.00104260,0.01727410,1.00000000,-0.72570641,0.60456255
1067,-0.00794908,0.21062637,1.00000000,-0.38617201,0.51093298
1068,-0.00112961,-0.12591784,1.00000000,-0.97715724,0.41104928
1069,0.00382436,-0.23814637,-1.00000000,-0.82578241,0.31135013
1070,0.00444851,-0.15303007,-1.00000000,-0.97525008,0.04109629
1071,-0.00031316,-0.09119772,1.00000000,-0.91618730,0.02554303
1072,0.01220233,-0.08340746,1.00000000,-0.90250729,0.25671889
1073,-0.01200661,-0.14283964,-1.00000000,-0.99314488,0.13193859
1074,0.01044343,0.01337095,1.00000000,-0.73256050,0.20787224
1075,0.00151452,-0.28878995,-1.00000000,-0.73685024,0.17421376
1076,0.00014792,-0.00858257,1.00000000,-0.77111176,0.17950325
1077,0.00138456,-0.12002759,1.00000000,-0.96681372,0.05540235
1078,-0.01496596,-0.13708472,1.00000000,-0.99676674,0.02145291
1079,-0.00379810,-0.12164975,1.00000000,-0.96966230,-0.14192514
1080,0.00439087,-0.32572664,-1.00000000,-0.67198791,-0.10892781
1081,-0.00220657,-0.18633646,-1.00000000,-0.91676271,-0.13593840
1082,-0.00207750,-0.08412678,1.00000000,-0.90377045,-0.17565495
1083,0.00647241,-0.16647201,-1.00000000,-0.95164550,0.07028477
1084,0.00077700,-0.16486101,-1.00000000,-0.95447447,0.12277010
1085,-0.00929410,-0.05814638,1.00000000,-0.85814782,-0.03422315
1086,0.00207560,-0.12923288,1.00000000,-0.98297859,0.01490167
1087,-0.00212406,-0.25493407,-1.00000000,-0.79630254,0.01436756
1088,0.00459730,-0.11302462,1.00000000,-0.95451624,-0.00714357
1089,0.01053339,-0.16544212,-1.00000000,-0.95345402,0.10478113
1090,0.00481533,-0.08155030,1.00000000,-0.89924605,0.26664370
1091,-0.00472343,-0.00745978,1.00000000,-0.76914010,0.18864560
1092,0.01329562,-0.07882901,1.00000000,-0.89446736,0.36553930
1093,0.00040796,-0.19788588,-1.00000000,-0.89648147,0.31747944
1094,-0.00047234,0.02701669,1.00000000,-0.70859802,0.19122234
1095,0.00014019,-0.13383901,1.00000000,-0.99106714,0.13758943
1096,-0.00578432,-0.14482640,-1.00000000,-0.98965606,0.12541903
1097,0.00579546,-0.13718115,1.00000000,-0.99693607,0.03937761
1098,0.00681374,-0.21112717,-1.00000000,-0.87322922,0.11286436
1099,-0.01334521,-0.06659562,1.00000000,-0.87298503,-0.03481246
1100,0.00400467,-0.05388607,1.00000000,-0.85066654,0.00952061
1101,-0.00143855,-0.30549749,-1.00000000,-0.70751113,0.05937498
1102,-0.00241746,-0.08894716,1.00000000,-0.91223523,-0.03484318
1103,-0.01604415,-0.15688605,-1.00000000,-0.96847882,-0.29706761
1104,-0.00979513,-0.16910416,-1.00000000,-0.94702333,-0.25634135
1105,0.00266215,-0.33918397,-1.00000000,-0.64835631,-0.27174261
1106,-0.01781492,-0.26118767,-1.00000000,-0.78532095,-0.45961138
1107,0.01651037,-0.10570359,1.00000000,-0.94166019,-0.24247233
1108,0.00314539,-0.36128563,-1.00000000,-0.60954489,-0.02233097
1109,-0.00736742,0.06714123,1.00000000,-0.63813771,0.00551966
1110,-0.00853648,-0.09967209,1.00000000,-0.93106865,-0.12295048
1111,0.02036994,-0.23088642,-1.00000000,-0.83853118,0.31510413
1112,0.00925630,-0.24547798,-1.00000000,-0.81290781,0.23188581
1113,0.00823051,0.11531396,1.00000000,-0.55354444,0.29022196
1114,-0.00855235,-0.02339958,1.00000000,-0.79713103,0.27662848
1115,-0.01546756,-0.03620287,1.00000000,-0.81961413,0.19711558
1116,-0.00068624,-0.24567601,-1.00000000,-0.81256006,-0.04443971
1117,0.00105001,-0.33198732,-1.00000000,-0.66099392,-0.13858184
1118,-0.00137968,-0.14749609,-1.00000000,-0.98496798,-0.24882936
1119,-0.00993826,-0.12582539,1.00000000,-0.97699490,-0.26472845
1120,0.00206479,-0.15615122,-1.00000000,-0.96976922,-0.06359832
1121,-0.00547243,-0.26297408,-1.00000000,-0.78218396,-0.11850530
1122,0.01145778,-0.11315949,1.00000000,-0.95475306,0.00089213
1123,0.00257681,-0.20723440,-1.00000000,-0.88006508,0.04628072
1124,0.01592889,0.00407797,1.00000000,-0.74887935,0.34302720
1125,0.00186117,-0.10676882,1.00000000,-0.94353080,0.34069132
1126,-0.00425306,0.05988351,1.00000000,-0.65088257,0.35467991
1127,0.00084583,-0.11570091,1.00000000,-0.95921590,0.23294015
1128,-0.00269289,-0.19201494,-1.00000000,-0.90679107,0.17248645
1129,0.00150997,-0.12837383,1.00000000,-0.98147006,0.00707344
1130,0.00187605,-0.17254192,-1.00000000,-0.94098649,0.00724408
1131,-0.00652042,-0.12008441,1.00000000,-0.96691350,-0.01876694
1132,-0.01341347,-0.11551526,1.00000000,-0.95888989,-0.18234882
1133,-0.01283491,-0.22031471,-1.00000000,-0.85709554,-0.29869753
1134,-0.00971551,-0.30634949,-1.00000000,-0.70601498,-0.42747562
1135,0.00597920,-0.29912830,-1.00000000,-0.71869569,-0.38040451
1136,-0.00235996,-0.26019385,-1.00000000,-0.78706616,-0.33267601
1137,-0.00194607,-0.06430230,1.00000000,-0.86895787,-0.20112261
1138,-0.00821859,-0.16838651,-1.00000000,-0.94828355,-0.14816443
1139,0.00274520,-0.16322054,-1.00000000,-0.95735521,-0.00521589
1140,0.00441825,-0.24151027,-1.00000000,-0.81987528,-0.02312304
1141,0.01394466,-0.10466708,1.00000000,-0.93984005,0.16392266
1142,-0.01784792,-0.08378513,1.00000000,-0.90317049,-0.01850250
1143,-0.01388165,0.03511758,1.00000000,-0.69437253,-0.08346873
1144,-0.00374750,-0.36169751,-1.00000000,-0.60882161,-0.15795258
1145,0.01299712,-0.31219297,-1.00000000,-0.69575360,-0.05953627
1146,-0.01075839,-0.18570486,-1.00000000,-0.91787183,-0.34292829
1147,0.00694295,0.02329097,1.00000000,-0.71514054,-0.05852887
1148,-0.00285253,-0.27321047,-1.00000000,-0.76420844,0.06799658
1149,-0.00119900,-0.05227343,1.00000000,-0.84783468,0.09723278
1150,-0.00082229,-0.17453437,-1.00000000,-0.93748765,-0.06130263
1151,-0.00939907,-0.15389613,-1.00000000,-0.97372924,-0.04570860
1152,0.00495389,-0.14919418,-1.00000000,-0.98198606,-0.06852693
1153,0.00314391,-0.25624430,-1.00000000,-0.79400173,0.00026387
1154,0.00843975,-0.07709958,1.00000000,-0.89143040,0.11083909
1155,-0.00026254,-0.09969058,1.00000000,-0.93110111,0.11726042
1156,-0.01228719,-0.03359126,1.00000000,-0.81502804,0.08412810
1157,-0.00304950,-0.14220782,-1.00000000,-0.99425438,-0.00768634
1158,0.00116993,-0.29229197,-1.00000000,-0.73070055,-0.03033175
1159,-0.00391150,-0.17699289,-1.00000000,-0.93317040,-0.17202462
1160,-0.00454228,-0.12432859,1.00000000,-0.97436645,-0.22112157
1161,0.00341331,-0.18775187,-1.00000000,-0.91427720,-0.04100625
1162,0.00297859,-0.19562487,-1.00000000,-0.90045188,0.02814770
1163,0.00467351,-0.09632808,1.00000000,-0.92519642,0.06834054
1164,0.00398249,-0.10175400,1.00000000,-0.93472456,0.15890003
1165,-0.00463795,-0.08059912,1.00000000,-0.89757574,0.15780257
1166,-0.00040836,-0.08922393,1.00000000,-0.91272126,0.11396053
1167,-0.00242608,-0.19681889,-1.00000000,-0.89835513,0.05195847
1168,0.00416864,-0.14402784,-1.00000000,-0.99105837,0.04616668
1169,0.00097064,-0.16921170,-1.00000000,-0.94683448,0.01161485
1170,-0.01075790,-0.08690054,1.00000000,-0.90864128,-0.05859289
1171,-0.00678845,-0.12681603,1.00000000,-0.97873449,-0.13178491
1172,0.00130058,-0.27320430,-1.00000000,-0.76421927,-0.08903292
1173,-0.00377148,-0.22366011,-1.00000000,-0.85122087,-0.18012154
1174,-0.00118967,-0.12269791,1.00000000,-0.97150292,-0.20490443
1175,0.00206316,-0.18600415,-1.00000000,-0.91734625,-0.05782189
1176,-0.00564662,-0.15377959,-1.00000000,-0.97393389,-0.04472294
1177,-0.00342759,-0.11317979,1.00000000,-0.95478871,-0.09896427
1178,0.00095861,-0.20940856,-1.00000000,-0.87624717,-0.04470096
1179,-0.00753702,-0.18171202,-1.00000000,-0.92488342,-0.11751743
1180,0.01106196,-0.12696614,1.00000000,-0.97899810,-0.01428378
1181,0.01428097,-0.23300328,-1.00000000,-0.83481389,0.21432444
1182,-0.01089779,-0.00086248,1.00000000,-0.75755497,0.12862683
1183,-0.01548139,0.03931519,1.00000000,-0.68700135,-0.05997199
1184,-0.00532838,-0.27495027,-1.00000000,-0.76115328,-0.03463456
1185,-0.00734467,-0.33216001,-1.00000000,-0.66069066,-0.24579442
1186,-0.00726109,-0.20543639,-1.00000000,-0.88322247,-0.49292374
1187,-0.00491916,-0.23060255,-1.00000000,-0.83902966,-0.42433725
1188,-0.00869496,-0.22955935,-1.00000000,-0.84086157,-0.34648368
1189,0.00957851,-0.20032877,-1.00000000,-0.89219164,-0.17547277
1190,0.00330373,-0.24745600,-1.00000000,-0.80943433,-0.05331491
1191,-0.00443194,-0.01937801,1.00000000,-0.79006900,-0.02085898
1192,-0.00416214,-0.09769587,1.00000000,-0.92759833,-0.01217448
1193,0.00306277,-0.19424758,-1.00000000,-0.90287047,0.12270957
1194,0.00071794,-0.19088012,-1.00000000,-0.90878387,0.02106161
1195,0.00467014,-0.10070333,1.00000000,-0.93287954,0.03673705
1196,-0.00080052,-0.12997010,1.00000000,-0.98427317,0.07839641
1197,0.00198099,-0.08064114,1.00000000,-0.89764952,0.14886996
1198,-0.00003079,-0.14892256,-1.00000000,-0.98246303,0.11338075
1199,-0.00120015,-0.11420550,1.00000000,-0.95658991,0.09137655
1200,-0.00030626,-0.13931527,-1.00000000,-0.99933381,0.03428757
1201,0.00514819,-0.15391048,-1.00000000,-0.97370404,0.10253085
1202,-0.00653868,-0.14275345,-1.00000000,-0.99329624,0.00479376
1203,-0.00226893,-0.07467446,1.00000000,-0.88717180,-0.02088198
1204,0.00165702,-0.22054261,-1.00000000,-0.85669534,0.01189529
1205,0.01672793,-0.16725025,-1.00000000,-0.95027886,0.20731054
1206,-0.00462542,-0.11824910,1.00000000,-0.96369062,0.09518822
1207,0.00161467,0.06985663,1.00000000,-0.63336936,0.18872296
1208,0.00964254,-0.19666257,-1.00000000,-0.89862964,0.32537060
1209,-0.00852845,-0.11877762,1.00000000,-0.96461872,0.20852352
1210,-0.00040218,-0.01857882,1.00000000,-0.78866558,0.01200788
1211,-0.01104713,-0.24537770,-1.00000000,-0.81308391,-0.06166158
1212,-0.00001389,-0.14395067,-1.00000000,-0.99119387,-0.08034436
1213,0.01595146,-0.27681430,-1.00000000,-0.75787997,-0.00796877
1214,-0.00851638,-0.13910432,-1.00000000,-0.99970425,-0.00783026
1215,-0.00365451,0.06016519,1.00000000,-0.65038791,-0.04514086
1216,-0.01102361,-0.24522700,-1.00000000,-0.81334854,-0.04487109
1217,0.00146259,-0.18454428,-1.00000000,-0.91990985,-0.02793295
1218,0.00241753,-0.27652079,-1.00000000,-0.75839539,-0.18319335
1219,0.01310819,-0.12067578,1.00000000,-0.96795198,0.06488244
1220,0.00080677,-0.10875677,1.00000000,-0.94702171,0.11606203
1221,-0.00568117,0.02467729,1.00000000,-0.71270610,0.17735024
1222,-0.00505505,-0.12886133,1.00000000,-0.98232613,0.10258025
1223,-0.00163131,-0.20983975,-1.00000000,-0.87548999,0.05613219
1224,0.00978395,-0.20202488,-1.00000000,-0.88921322,0.01799674
1225,-0.02550308,-0.15929186,-1.00000000,-0.96425413,-0.28382843
1226,-0.00555730,-0.01681375,1.00000000,-0.78556604,-0.28240744
1227,0.00157970,-0.45724448,-1.00000000,-0.44103727,-0.20629397
1228,0.00298701,-0.20829372,-1.00000000,-0.87820487,-0.15331297
1229,0.01738139,-0.11921409,1.00000000,-0.96538518,-0.06615556
1230,0.00033744,-0.10164898,1.00000000,-0.93454015,0.23028554
1231,0.00021804,0.07801275,1.00000000,-0.61904688,0.29653991
1232,-0.00166995,-0.13471915,1.00000000,-0.99261270,0.25926005
1233,-0.00938293,-0.13620955,1.00000000,-0.99522990,0.11735284
1234,0.00110353,-0.15977425,-1.00000000,-0.96340703,-0.06938583
1235,-0.01017433,-0.25604279,-1.00000000,-0.79435558,-0.18997628
1236,0.00876779,-0.12515729,1.00000000,-0.97582169,-0.09189403
1237,-0.00612861,-0.26592051,-1.00000000,-0.77700990,-0.14304347
1238,-0.00232951,-0.02949691,1.00000000,-0.80783819,-0.06212705
1239,-0.00387766,-0.21542439,-1.00000000,-0.86568314,-0.11927106
1240,-0.00839247,-0.16800644,-1.00000000,-0.94895098,-0.09882967
1241,-0.00225349,-0.18732948,-1.00000000,-0.91501893,-0.22526511
1242,-0.00414548,-0.24368046,-1.00000000,-0.81606433,-0.20251478
1243,0.00446041,-0.16705756,-1.00000000,-0.95061724,-0.12462118
1244,0.00273701,-0.19067222,-1.00000000,-0.90914894,-0.04873807
1245,0.00935637,-0.08325888,1.00000000,-0.90224639,0.15487563
1246,-0.00897136,-0.10476931,1.00000000,-0.94001957,0.07780856
1247,0.00338330,-0.02215053,1.00000000,-0.79493765,0.16417827
1248,-0.00280037,-0.25090587,-1.00000000,-0.80337622,0.08088305
1249,-0.00390111,-0.09670273,1.00000000,-0.92585432,0.00473096
1250,0.00508660,-0.17388336,-1.00000000,-0.93863087,-0.04425168
1251,-0.00260472,-0.18762212,-1.00000000,-0.91450504,0.02878609
1252,0.00383481,-0.07544321,1.00000000,-0.88852176,0.03396577
1253,-0.00153728,-0.17144142,-1.00000000,-0.94291901,0.04845588
1254,0.00225086,-0.09106728,1.00000000,-0.91595824,0.11903089
1255,-0.00454264,-0.15811824,-1.00000000,-0.96631505,0.00856488
1256,-0.00537709,-0.11083713,1.00000000,-0.95067490,-0.02323961
1257,0.00159276,-0.19562927,-1.00000000,-0.90044416,-0.04896029
1258,-0.00756411,-0.20604442,-1.00000000,-0.88215473,-0.11809980
1259,-0.00484463,-0.11905115,1.00000000,-0.96509906,-0.19949881
1260,0.00134653,-0.23334142,-1.00000000,-0.83422010,-0.13193864
1261,-0.00234914,-0.19939855,-1.00000000,-0.89382516,-0.09720212
1262,0.00038767,-0.12212439,1.00000000,-0.97049580,-0.11102680
1263,0.00380073,-0.16825139,-1.00000000,-0.94852083,0.01935000
1264,0.01311188,-0.13409229,1.00000000,-0.99151191,0.22534604
1265,-0.00439972,-0.09149260,1.00000000,-0.91670513,0.15942536
1266,-0.00134835,0.02472334,1.00000000,-0.71262523,0.17090639
1267,-0.01573503,-0.19384552,-1.00000000,-0.90357650,-0.01405233
1268,0.00302345,-0.15576013,-1.00000000,-0.97045599,-0.02296924
1269,-0.00791330,-0.33532575,-1.00000000,-0.65513149,-0.26416894
1270,0.00247146,-0.10119412,1.00000000,-0.93374139,-0.18534315
1271,-0.00757520,-0.23769983,-1.00000000,-0.82656656,-0.25677722
1272,-0.00176426,-0.10808374,1.00000000,-0.94583985,-0.09650532
1273,0.02066531,-0.23347978,-1.00000000,-0.83397714,0.10588114
1274,-0.00012029,-0.16095132,-1.00000000,-0.96134005,0.19528209
1275,0.00026703,0.11900057,1.00000000,-0.54707061,0.16999302
1276,-0.01227999,-0.14043237,-1.00000000,-0.99737215,0.11601987
1277,0.00188806,-0.13559803,1.00000000,-0.99415605,0.15791913
1278,-0.01193967,-0.29220210,-1.00000000,-0.73085837,-0.21612337
1279,-0.00063963,-0.11536528,1.00000000,-0.95862653,-0.22208110
1280,-0.00054167,-0.28795441,-1.00000000,-0.73831748,-0.23135850
1281,0.00533019,-0.14691433,-1.00000000,-0.98598957,-0.02933553
1282,-0.00471087,-0.14569176,-1.00000000,-0.98813646,-0.10503815
1283,0.00341378,-0.07240287,1.00000000,-0.88318280,0.07109571
1284,-0.00522867,-0.19772907,-1.00000000,-0.89675682,0.01845047
1285,-0.00232676,-0.09632230,1.00000000,-0.92518628,-0.00202794
1286,-0.00864826,-0.20419189,-1.00000000,-0.88540785,-0.16238787
1287,0.00100160,-0.16797208,-1.00000000,-0.94901130,-0.09685475
1288,0.00422640,-0.24687308,-1.00000000,-0.81045796,-0.08753238
1289,0.00279851,-0.12642960,1.00000000,-0.97805592,0.00455495
1290,-0.00253780,-0.08617965,1.00000000,-0.90737538,0.00213393
1291,0.00684549,-0.10400168,1.00000000,-0.93867158,0.17987736
1292,0.01475034,-0.17060613,-1.00000000,-0.94438581,0.33760219
1293,0.00407412,-0.05348979,1.00000000,-0.84997066,0.33585523
1294,0.00944864,0.04517364,1.00000000,-0.67671368,0.41214517
1295,-0.00412575,-0.08808033,1.00000000,-0.91071305,0.39392823
1296,0.00261066,-0.02099889,1.00000000,-0.79291532,0.34534654
1297,-0.01616535,-0.19042600,-1.00000000,-0.90958131,-0.00931660
1298,0.00120782,-0.10634625,1.00000000,-0.94278874,-0.04219861
1299,-0.00488925,-0.34069675,-1.00000000,-0.64569980,-0.20668205
1300,-0.01046235,-0.12385568,1.00000000,-0.97353601,-0.27937514
1301,-0.00247833,-0.19995543,-1.00000000,-0.89284725,-0.33775581
1302,0.00702900,-0.26951545,-1.00000000,-0.77069705,-0.07167151
1303,-0.00031533,-0.16986392,-1.00000000,-0.94568916,-0.08914496
1304,0.03449812,-0.05119935,1.00000000,-0.84594856,0.36270472
1305,-0.00040287,-0.14286664,-1.00000000,-0.99309747,0.47810647
1306,-0.00605263,0.29165308,1.00000000,-0.24388583,0.43710232
1307,-0.00435796,-0.14395935,-1.00000000,-0.99117864,0.30647175
1308,0.00756012,-0.21447607,-1.00000000,-0.86734842,0.39681840
1309,-0.00234123,-0.19332428,-1.00000000,-0.90449182,-0.02580062
1310,-0.00100390,-0.04457027,1.00000000,-0.83430762,-0.03269560
1311,-0.01112586,-0.16815273,-1.00000000,-0.94869407,-0.09089538
1312,-0.00974190,-0.15146102,-1.00000000,-0.97800539,-0.15265961
1313,-0.00107457,-0.27779692,-1.00000000,-0.75615445,-0.25171625
1314,0.00111858,-0.26052322,-1.00000000,-0.78648776,-0.21202545
1315,0.00319090,-0.15234303,-1.00000000,-0.97645655,-0.16390295
1316,0.02661609,-0.12496949,1.00000000,-0.97549191,0.26907060
1317,-0.01069030,-0.09910417,1.00000000,-0.93007135,0.25819060
1318,0.01596612,0.19327453,1.00000000,-0.41664254,0.45368046
1319,-0.00806832,-0.27236057,-1.00000000,-0.76570090,0.34828881
1320,-0.01524133,0.06034824,1.00000000,-0.65006648,0.13683536
1321,-0.01069493,-0.23963469,-1.00000000,-0.82316887,-0.29119458
1322,0.00610032,-0.32916367,-1.00000000,-0.66595235,-0.09857356
1323,0.01286183,-0.27241832,-1.00000000,-0.76559949,-0.13418583
1324,0.00124745,-0.06279057,1.00000000,-0.86630321,-0.02731578
1325,-0.01634072,0.02160239,1.00000000,-0.71810575,-0.03992792
1326,0.00113716,-0.12336100,1.00000000,-0.97266733,0.09580906
1327,-0.03251296,-0.34288557,-1.00000000,-0.64185614,-0.34716032
1328,-0.00232936,-0.12473767,1.00000000,-0.97508481,-0.52143275
1329,0.00807565,-0.54473740,-1.00000000,-0.28739617,-0.44310003
1330,-0.00430844,-0.16800449,-1.00000000,-0.94895439,-0.30506636
1331,0.02007698,-0.03813568,1.00000000,-0.82300823,-0.08778977
1332,-0.00763318,-0.19270615,-1.00000000,-0.90557728,0.19762967
1333,-0.02509921,0.11165738,1.00000000,-0.55996556,-0.06358483
1334,0.00981676,-0.23420355,-1.00000000,-0.83270618,-0.04361096
1335,-0.02205785,-0.45220359,-1.00000000,-0.44988928,-0.24723126
1336,0.01076349,-0.01640429,1.00000000,-0.78484702,-0.35407511
1337,-0.00659869,-0.41424326,-1.00000000,-0.51654916,-0.34220747
1338,0.01505244,-0.00458780,1.00000000,-0.76409678,0.11840999
1339,0.02189172,-0.22129165,-1.00000000,-0.85537998,0.25693325
1340,-0.01442132,0.04894419,1.00000000,-0.67009245,0.34453911
1341,0.01842553,0.13430781,1.00000000,-0.52019049,0.43243767
1342,-0.01403652,-0.31892885,-1.00000000,-0.68392512,0.34711132
1343,0.00656831,0.09104507,1.00000000,-0.59616161,0.24978187
1344,0.00027516,-0.31412598,-1.00000000,-0.69235916,0.00179793
1345,0.00502494,-0.05694940,1.00000000,-0.85604587,0.22488435
1346,-0.00478444,-0.13549655,1.00000000,-0.99397785,-0.04137921
1347,-0.00068579,-0.07621277,1.00000000,-0.88987313,0.11177962
1348,0.00746743,-0.19864737,-1.00000000,-0.89514426,0.12209434
1349,-0.00981938,-0.14749050,-1.00000000,-0.98497778,0.00629033
1350,-0.00540288,-0.04572707,1.00000000,-0.83633901,-0.11333707
1351,-0.01627481,-0.26149031,-1.00000000,-0.78478952,-0.24515392
1352,0.00891513,-0.20636634,-1.00000000,-0.88158943,-0.13501277
1353,-0.01102111,-0.34206295,-1.00000000,-0.64330069,-0.34711233
1354,0.01593273,-0.02765789,1.00000000,-0.80460879,-0.05168553
1355,-0.00943840,-0.27648954,-1.00000000,-0.75845025,-0.09798080
1356,0.02429941,0.05993147,1.00000000,-0.65079834,0.36748443
1357,-0.01754783,-0.25673519,-1.00000000,-0.79313970,0.06390287
1358,0.02318724,0.16435916,1.00000000,-0.46741910,0.45633912
1359,0.01233804,-0.35795198,-1.00000000,-0.61539893,0.41510097
1360,0.02494543,0.15047767,1.00000000,-0.49179556,0.80955032
1361,0.00363597,0.01506472,1.00000000,-0.72958617,0.57250045
1362,-0.00120833,0.17242227,1.00000000,-0.45325995,0.75994625
1363,0.00582340,-0.09354904,1.00000000,-0.92031631,0.56074935
1364,0.00862969,-0.15401258,-1.00000000,-0.97352476,0.51820736
1365,-0.01909729,-0.06624683,1.00000000,-0.87237253,0.01295184
1366,0.01405307,-0.03122059,1.00000000,-0.81086504,0.13245627
1367,-0.00346714,-0.37729133,-1.00000000,-0.58143824,0.10654332
1368,-0.00883008,0.03647075,1.00000000,-0.69199631,-0.06156062
1369,-0.02339067,-0.18220564,-1.00000000,-0.92401660,-0.42889638
1370,0.00065704,-0.24914245,-1.00000000,-0.80647285,-0.20227579
1371,0.00011322,-0.43087869,-1.00000000,-0.48733666,-0.36219304
1372,-0.00828781,-0.13073011,1.00000000,-0.98560777,-0.41749544
1373,0.01684430,-0.13751782,1.00000000,-0.99752727,-0.12296045
1374,-0.00599221,-0.24237417,-1.00000000,-0.81835822,0.07663374
1375,-0.00507714,0.07130905,1.00000000,-0.63081885,0.01085151
1376,-0.00106633,-0.21372196,-1.00000000,-0.86867266,-0.00268022
1377,0.01188164,-0.20230060,-1.00000000,-0.88872904,0.22870258
1378,0.00189775,-0.15224022,-1.00000000,-0.97663710,0.05723659
1379,0.00360356,0.00936829,1.00000000,-0.73958933,0.16731870
1380,-0.00046616,-0.11524446,1.00000000,-0.95841435,0.22021554
1381,0.00132965,-0.09395358,1.00000000,-0.92102671,0.24770211
1382,0.01990883,-0.14474930,-1.00000000,-0.98979145,0.33978963
1383,-0.00318619,-0.12233507,1.00000000,-0.97086575,0.28146695
1384,0.02501593,0.10955870,1.00000000,-0.56365091,0.52710847
1385,0.01193200,-0.17869902,-1.00000000,-0.93017437,0.66933955
1386,-0.00442605,0.17330225,1.00000000,-0.45171466,0.60331049
1387,0.00128920,0.00999688,1.00000000,-0.73848551,0.38970705
1388,-0.00463677,-0.19417411,-1.00000000,-0.90299948,0.37306611
1389,0.00708891,-0.12283998,1.00000000,-0.97175239,0.16740832
1390,-0.00294741,-0.19680421,-1.00000000,-0.89838092,-0.00328743
1391,0.00762935,-0.05045163,1.00000000,-0.84463552,0.13501148
1392,-0.01822356,-0.17571862,-1.00000000,-0.93540807,-0.08883772
1393,0.00107845,-0.04370610,1.00000000,-0.83279011,-0.02327303
1394,0.00363924,-0.36638596,-1.00000000,-0.60058852,-0.06284743
1395,-0.00506797,-0.12547040,1.00000000,-0.97637152,-0.08717444
1396,0.00248189,-0.09350823,1.00000000,-0.92024465,-0.14622582
1397,0.00018083,-0.20218619,-1.00000000,-0.88892994,0.06490825
1398,-0.00928240,-0.10795349,1.00000000,-0.94561112,-0.05395079
1399,-0.00792108,-0.13667393,1.00000000,-0.99604537,-0.18657006
1400,0.00260352,-0.25478799,-1.00000000,-0.79655905,-0.09856308
1401,-0.02255336,-0.23779684,-1.00000000,-0.82639620,-0.38576606
1402,-0.01779694,-0.10643536,1.00000000,-0.94294522,-0.59200601
1403,0.01041866,-0.42042783,-1.00000000,-0.50568881,-0.36599656
1404,-0.00238517,-0.36106120,-1.00000000,-0.60993900,-0.30248900
1405,-0.00683702,-0.00889168,1.00000000,-0.77165457,-0.41079041
1406,-0.00248001,-0.16870118,-1.00000000,-0.94773099,-0.18051007
1407,0.00884340,-0.22426635,-1.00000000,-0.85015629,0.12510642
1408,-0.00091759,-0.16988482,-1.00000000,-0.94565246,-0.00494246
1409,0.00707525,-0.02855313,1.00000000,-0.80618087,0.10358702
1410,-0.01185270,-0.15038373,-1.00000000,-0.97989717,0.04604741
1411,-0.00065336,-0.05062205,1.00000000,-0.84493479,0.06700264
1412,-0.00491846,-0.28686895,-1.00000000,-0.74022360,-0.09087264
1413,-0.01301100,-0.14708571,-1.00000000,-0.98568862,-0.22960759
1414,0.01620340,-0.20032005,-1.00000000,-0.89220696,-0.12488995
1415,-0.00901446,-0.30132615,-1.00000000,-0.71483618,-0.09232977
1416,-0.01590712,0.06330983,1.00000000,-0.64486580,-0.26732012
1417,0.00521777,-0.25144375,-1.00000000,-0.80243168,-0.15103792
1418,0.00100719,-0.33747368,-1.00000000,-0.65135964,0.00977803
1419,-0.00286439,-0.07380604,1.00000000,-0.88564682,-0.20896662
1420,0.00096689,-0.12635979,1.00000000,-0.97793333,-0.09446119
1421,-0.00771796,-0.17468244,-1.00000000,-0.93722765,-0.00051555
1422,-0.00206174,-0.12686284,1.00000000,-0.97881669,-0.08402564
1423,-0.01344950,-0.23526165,-1.00000000,-0.83084810,-0.24987196
1424,-0.00792299,-0.16466429,-1.00000000,-0.95481991,-0.30790397
1425,-0.01234790,-0.30679914,-1.00000000,-0.70522537,-0.46065052
1426,0.00359547,-0.23782075,-1.00000000,-0.82635421,-0.33086356
1427,-0.01619724,-0.29304975,-1.00000000,-0.72936987,-0.49302524
1428,-0.00383762,-0.09405458,1.00000000,-0.92120406,-0.38275833
1429,-0.03081917,-0.34109478,-1.00000000,-0.64500084,-0.64542197
1430,0.00084989,-0.18682972,-1.00000000,-0.91589653,-0.49401764
1431,0.00013151,-0.52359649,-1.00000000,-0.32452046,-0.53375591
1432,0.00003190,-0.12832316,1.00000000,-0.98138107,-0.34757608
1433,0.02503186,-0.13728947,1.00000000,-0.99712628,-0.01638704
1434,0.00797180,-0.13853276,1.00000000,-0.99930955,0.42862075
1435,0.01392034,0.17350107,1.00000000,-0.45136553,0.57856424
1436,0.00796233,-0.03943190,1.00000000,-0.82528443,0.66839898
1437,0.00788618,0.03481405,1.00000000,-0.69490555,0.75850284
1438,-0.01023208,-0.03955005,1.00000000,-0.82549191,0.35395696
1439,-0.01092344,-0.04050054,1.00000000,-0.82716102,0.13719185
1440,0.02007016,-0.26664132,-1.00000000,-0.77574413,0.20774227
1441,0.00813515,-0.27527045,-1.00000000,-0.76059103,0.20972480
1442,-0.01155892,0.11157229,1.00000000,-0.56011497,-0.01334835
1443,-0.01592561,-0.03739308,1.00000000,-0.82170418,-0.07866423
1444,0.01014856,-0.28320219,-1.00000000,-0.74666258,0.16307260
1445,0.00876568,-0.33770442,-1.00000000,-0.65095445,0.03338819
1446,-0.00908308,-0.01226289,1.00000000,-0.77757455,-0.16413839
1447,0.01372424,-0.02952322,1.00000000,-0.80788439,0.12590864
1448,-0.01088880,-0.25230027,-1.00000000,-0.80092760,0.18369065
1449,0.01165074,0.03236645,1.00000000,-0.69920363,0.20092353
1450,0.00902229,-0.27483810,-1.00000000,-0.76135026,0.20386735
1451,0.02475757,0.00648633,1.00000000,-0.74465016,0.59208539
1452,0.03277014,-0.02632037,1.00000000,-0.80226007,0.81057891
1453,-0.00667322,0.17007758,1.00000000,-0.45737732,0.85893975
1454,0.02249865,0.27008549,1.00000000,-0.28175938,0.98338632
1455,0.00229373,-0.22222193,-1.00000000,-0.85374637,0.90619674
1456,-0.00773850,0.14188312,1.00000000,-0.50688794,0.53340367
1457,-0.02176392,-0.11030196,1.00000000,-0.94973513,-0.09220796
1458,-0.00601418,-0.23551802,-1.00000000,-0.83039790,-0.08464742
1459,0.00095009,-0.41057451,-1.00000000,-0.52299163,-0.33185130
1460,0.00885187,-0.21399613,-1.00000000,-0.86819121,-0.25661672
1461,0.00009203,-0.12707254,1.00000000,-0.97918495,-0.16678531
1462,-0.00239958,-0.02844739,1.00000000,-0.80599520,0.05536130
1463,0.00640329,-0.13778224,1.00000000,-0.99799160,0.19781384
1464,-0.00749851,-0.16888093,-1.00000000,-0.94741532,0.10089205
1465,-0.00257701,-0.05900901,1.00000000,-0.85966262,-0.03021939
1466,-0.06047106,-0.23252260,-1.00000000,-0.83565797,-0.72499580
1467,0.02899500,-0.17109550,-1.00000000,-0.94352646,-0.36483905
1468,0.01700600,-0.89369292,-1.00000000,0.32538382,-0.24320545
1469,-0.02445574,0.22296647,1.00000000,-0.36450229,-0.43773791
1470,-0.00488287,0.07332729,1.00000000,-0.62727474,-0.46419061
1471,0.06716124,-0.44417222,-1.00000000,-0.46399270,1.00000000
1472,-0.04300956,-0.19987581,-1.00000000,-0.89298707,0.17396781
1473,0.01393515,0.69933369,1.00000000,0.47201781,0.13873923
1474,0.02112014,-0.67574934,-1.00000000,-0.05733390,0.66158314
1475,-0.00616745,0.03499890,1.00000000,-0.69458094,0.64684650
1476,-0.00053100,0.12467740,1.00000000,-0.53710188,-0.12971512
1477,-0.01368325,-0.21590915,-1.00000000,-0.86483188,0.20671463
1478,0.00438204,-0.14555857,-1.00000000,-0.98837033,0.09712184
1479,0.00616460,-0.30971671,-1.00000000,-0.70010200,-0.07444718
1480,0.04095126,-0.08423709,1.00000000,-0.90396416,0.46609594
1481,-0.01787914,-0.06198820,1.00000000,-0.86489421,0.26707911
1482,0.00327112,0.37219705,1.00000000,-0.10244736,0.46157873
1483,0.00713830,-0.36208715,-1.00000000,-0.60813739,0.49319841
1484,-0.00680164,-0.09810283,1.00000000,-0.92831296,0.34445044
1485,-0.02300794,-0.04983515,1.00000000,-0.84355296,-0.38928592
1486,-0.01616209,-0.22382470,-1.00000000,-0.85093185,-0.36958803
1487,-0.00342755,-0.42610170,-1.00000000,-0.49572525,-0.44643476
1488,0.01466787,-0.34065603,-1.00000000,-0.64577131,-0.36005594
1489,0.01316458,-0.18171140,-1.00000000,-0.92488450,-0.13100464
1490,-0.01405936,0.04414425,1.00000000,-0.67852133,-0.02834700
1491,-0.01729935,0.02538113,1.00000000,-0.71147014,-0.04139359
1492,0.00492294,-0.31441109,-1.00000000,-0.69185848,0.05440269
1493,0.00736043,-0.35485060,-1.00000000,-0.62084506,-0.02942787
1494,0.02533997,-0.07748588,1.00000000,-0.89210875,0.11024753
1495,-0.00529162,-0.04706267,1.00000000,-0.83868438,0.21083058
1496,-0.00135016,0.17734674,1.00000000,-0.44461237,0.39379877
1497,0.01208307,-0.20497760,-1.00000000,-0.88402811,0.47593935
1498,-0.00395403,-0.15578282,-1.00000000,-0.97041614,0.34614054
1499,0.00418585,0.01188236,1.00000000,-0.73517452,0.10346161
1500,-0.00465670,-0.18828264,-1.00000000,-0.91334514,0.11074537
1501,0.00086307,-0.08668582,1.00000000,-0.90826423,0.13613545
1502,-0.00819797,-0.19705293,-1.00000000,-0.89794415,-0.09652741
1503,-0.00175433,-0.12815863,1.00000000,-0.98109216,-0.07129260
1504,-0.01020346,-0.24125281,-1.00000000,-0.82032738,-0.23636595
1505,-0.00059173,-0.16082738,-1.00000000,-0.96155769,-0.18973280
1506,-0.00736302,-0.26628419,-1.00000000,-0.77637128,-0.28410206
1507,-0.00009934,-0.14631648,-1.00000000,-0.98703942,-0.19119507
1508,-0.00451423,-0.23083156,-1.00000000,-0.83862752,-0.22285652
1509,-0.00092410,-0.14017082,-1.00000000,-0.99783145,-0.11640424
1510,-0.00703032,-0.19527476,-1.00000000,-0.90106670,-0.19026739
1511,-0.00312807,-0.15046503,-1.00000000,-0.97975440,-0.14168431
1512,0.00330296,-0.22667895,-1.00000000,-0.84591967,-0.10265336
1513,0.00321811,-0.17797359,-1.00000000,-0.93144826,-0.01394836
1514,0.00173422,-0.09770549,1.00000000,-0.92761521,0.01654783
1515,-0.00012364,-0.09876449,1.00000000,-0.92947487,0.09578086
1516,-0.00173963,-0.11728544,1.00000000,-0.96199840,0.11170898
1517,0.00365218,-0.14047411,-1.00000000,-0.99729886,0.11571527
1518,-0.01031166,-0.16064393,-1.00000000,-0.96187983,-0.03949749
1519,0.00441334,-0.09334667,1.00000000,-0.91996095,-0.00876283
1520,-0.00581604,-0.26763462,-1.00000000,-0.77399985,-0.07406570
1521,0.01103423,-0.08384640,1.00000000,-0.90327809,0.07247537
1522,0.00454294,-0.21152306,-1.00000000,-0.87253403,0.08269414
1523,0.00029554,-0.00120853,1.00000000,-0.75816266,0.20437940
1524,-0.00901801,-0.08222873,1.00000000,-0.90043740,0.05029577
1525,-0.00205800,-0.13524212,1.00000000,-0.99353106,0.09340772
1526,-0.00227782,-0.25148805,-1.00000000,-0.80235389,-0.05930744
1527,0.00673413,-0.16461763,-1.00000000,-0.95490186,-0.03417030
1528,0.00007024,-0.16736130,-1.00000000,-0.95008385,-0.03675498
1529,-0.00619787,-0.05487973,1.00000000,-0.85241145,-0.00440249
1530,-0.00125085,-0.13805423,1.00000000,-0.99846924,0.00485717
1531,-0.00046577,-0.21628882,-1.00000000,-0.86416516,0.02564490
1532,-0.00409928,-0.15454320,-1.00000000,-0.97259297,-0.09863541
1533,0.00189504,-0.14474444,-1.00000000,-0.98979999,-0.07770143
1534,0.00829332,-0.19009563,-1.00000000,-0.91016145,0.08854064
1535,0.00498508,-0.11527824,1.00000000,-0.95847368,0.16007888
1536,0.01580269,-0.03541889,1.00000000,-0.81823743,0.34670977
1537,0.00414934,-0.07671022,1.00000000,-0.89074667,0.44133752
1538,0.00879965,0.05830835,1.00000000,-0.65364861,0.52054681
1539,0.00474402,-0.08714147,1.00000000,-0.90906436,0.47982941
1540,-0.00455510,-0.02909923,1.00000000,-0.80713985,0.37038494
1541,-0.00417662,-0.07971907,1.00000000,-0.89603033,0.14118349
1542,-0.00113295,-0.19578485,-1.00000000,-0.90017095,0.08058539
1543,-0.00148981,-0.19106083,-1.00000000,-0.90846653,-0.03745468
1544,0.00469022,-0.15307167,-1.00000000,-0.97517703,-0.03807188
1545,0.00063859,-0.15752579,-1.00000000,-0.96735542,0.02150982
1546,0.00508230,-0.08039058,1.00000000,-0.89720954,0.12772755
1547,0.00160558,-0.13096048,1.00000000,-0.98601232,0.15914379
1548,-0.00566737,-0.07549687,1.00000000,-0.88861597,0.11121898
1549,0.00294646,-0.11889108,1.00000000,-0.96481797,0.09121467
1550,-0.00569379,-0.20966756,-1.00000000,-0.87579237,0.01857000
1551,-0.00211102,-0.10215510,1.00000000,-0.93542892,-0.06395137
1552,-0.00415427,-0.20999725,-1.00000000,-0.87521342,-0.13002804
1553,-0.00475317,-0.16527939,-1.00000000,-0.95373978,-0.11954038
1554,-0.00227951,-0.19078192,-1.00000000,-0.90895630,-0.17949234
1555,0.00465778,-0.19825708,-1.00000000,-0.89582963,-0.06073970
1556,-0.00043939,-0.16738232,-1.00000000,-0.95004696,-0.04156288
1557,-0.00200529,-0.08079541,1.00000000,-0.89792043,-0.01690992
1558,0.00590199,-0.14441518,-1.00000000,-0.99037818,0.10532549
1559,-0.00089429,-0.16395971,-1.00000000,-0.95605719,0.12121668
1560,0.00143020,-0.06526602,1.00000000,-0.87065019,0.08419010
1561,0.00385386,-0.15009284,-1.00000000,-0.98040798,0.13344206
1562,-0.00013330,-0.12108001,1.00000000,-0.96866181,0.15491739
1563,0.00366588,-0.09082948,1.00000000,-0.91554066,0.12926485
1564,0.00643049,-0.14059474,-1.00000000,-0.99708702,0.21329427
1565,0.00175655,-0.09317576,1.00000000,-0.91966082,0.21703811
1566,0.00102541,-0.05866956,1.00000000,-0.85906655,0.18459035
1567,0.00390675,-0.11700674,1.00000000,-0.96150899,0.23093763
1568,-0.00278536,-0.12613236,1.00000000,-0.97753395,0.15692937
1569,0.00760950,-0.09016930,1.00000000,-0.91438136,0.17045493
1570,0.00039753,-0.17369610,-1.00000000,-0.93895969,0.15486435
1571,-0.00780748,-0.04395387,1.00000000,-0.83322519,0.05353390
1572,0.00113980,-0.13396915,1.00000000,-0.99129567,0.02179157
1573,0.00045901,-0.23637902,-1.00000000,-0.82888596,0.05901083
1574,0.00345591,-0.12470468,1.00000000,-0.97502688,0.01136105
1575,-0.00032826,-0.13320187,1.00000000,-0.98994830,0.00303480
1576,0.00025176,-0.09579641,1.00000000,-0.92426279,0.09548990
1577,0.00214638,-0.14302804,-1.00000000,-0.99281405,0.10703730
1578,0.00277543,-0.13578867,1.00000000,-0.99449083,0.13361117
1579,-0.00176878,-0.11214120,1.00000000,-0.95296490,0.07367385
1580,0.00465991,-0.10428974,1.00000000,-0.93917742,0.13089789
1581,-0.00144091,-0.16100769,-1.00000000,-0.96124105,0.11147968
1582,0.00380969,-0.08076879,1.00000000,-0.89787368,0.13056112
1583,0.00096312,-0.15691552,-1.00000000,-0.96842707,0.10977039
1584,0.00560169,-0.09138076,1.00000000,-0.91650874,0.19432398
1585,0.00248076,-0.12690986,1.00000000,-0.97889927,0.16932489
1586,0.00071443,-0.06901413,1.00000000,-0.87723203,0.19405091
1587,0.00242808,-0.10796757,1.00000000,-0.94563585,0.17820112
1588,-0.00369313,-0.13001382,1.00000000,-0.98434995,0.12478489
1589,0.00707184,-0.10862520,1.00000000,-0.94679067,0.14165036
1590,-0.00014694,-0.18502624,-1.00000000,-0.91906351,0.11150551
1591,0.00546961,-0.05066466,1.00000000,-0.84500961,0.16605668
1592,-0.02129430,-0.14076491,-1.00000000,-0.99678820,-0.10608508
1593,0.00461385,-0.07066262,1.00000000,-0.88012685,-0.01078792
1594,0.00798438,-0.40471306,-1.00000000,-0.53328457,-0.00031930
1595,0.00137060,-0.08134377,1.00000000,-0.89888337,0.01708978
1596,-0.01225865,-0.03927489,1.00000000,-0.82500872,-0.18628791
1597,0.00344252,-0.12182397,1.00000000,-0.96996824,0.09749153
1598,-0.00359812,-0.29193578,-1.00000000,-0.73132604,0.00328433
1599,-0.00276019,-0.09596351,1.00000000,-0.92455622,-0.11997678
1600,-0.00182913,-0.18384038,-1.00000000,-0.92114594,-0.15668391
1601,-0.00322001,-0.17338191,-1.00000000,-0.93951143,-0.05299304
1602,0.00362581,-0.16176100,-1.00000000,-0.95991821,-0.05089042
1603,0.00397935,-0.17912102,-1.00000000,-0.92943332,0.03603785
1604,0.00890420,-0.09367587,1.00000000,-0.92053904,0.16985104
1605,0.00803479,-0.08926318,1.00000000,-0.91279018,0.28300943
1606,0.00422217,-0.02779432,1.00000000,-0.80484838,0.36838560
1607,-0.00113011,-0.03864567,1.00000000,-0.82390378,0.31382600
1608,0.00010449,-0.08623249,1.00000000,-0.90746815,0.26937389
1609,-0.00756234,-0.15303624,-1.00000000,-0.97523924,0.08047072
1610,-0.00414923,-0.13762669,1.00000000,-0.99771845,-0.05930372
1611,-0.00091986,-0.23331933,-1.00000000,-0.83425889,-0.11829281
1612,-0.00015650,-0.19071903,-1.00000000,-0.90906674,-0.10712357
1613,0.00281365,-0.15041210,-1.00000000,-0.97984734,-0.07604425
1614,-0.00212853,-0.14088421,-1.00000000,-0.99657871,-0.01370787
1615,-0.00303768,-0.10381266,1.00000000,-0.93833966,-0.00095619
1616,-0.00147650,-0.16549789,-1.00000000,-0.95335608,-0.00734193
1617,-0.00311817,-0.17684531,-1.00000000,-0.93342956,-0.04131811
1618,0.00225997,-0.15735973,-1.00000000,-0.96764702,-0.04766999
1619,0.00143672,-0.17785000,-1.00000000,-0.93166529,-0.00676966
1620,-0.00289791,-0.11072345,1.00000000,-0.95047528,-0.00516625
1621,0.00689067,-0.12099870,1.00000000,-0.96851903,0.09082155
1622,-0.00089508,-0.17510081,-1.00000000,-0.93649297,0.11632471
1623,0.00277638,-0.05292584,1.00000000,-0.84898034,0.12224903
1624,-0.00815864,-0.15010279,-1.00000000,-0.98039051,0.01217161
1625,-0.00052237,-0.10427783,1.00000000,-0.93915652,0.03942369
1626,0.00325997,-0.24076197,-1.00000000,-0.82118931,-0.00222756
1627,0.00034830,-0.14545078,-1.00000000,-0.98855962,0.01203642
1628,-0.00705382,-0.09824205,1.00000000,-0.92855743,-0.10073509
1629,0.00271782,-0.13458370,1.00000000,-0.99237484,0.02403911
1630,-0.00143496,-0.22697224,-1.00000000,-0.84540463,0.01356992
1631,-0.01000936,-0.10500874,1.00000000,-0.94044002,-0.13865502
1632,-0.00538263,-0.15684116,-1.00000000,-0.96855765,-0.20439989
1633,0.00128494,-0.26386145,-1.00000000,-0.78062570,-0.10873817
1634,0.00060148,-0.20611355,-1.00000000,-0.88203335,-0.13301672
1635,-0.00129398,-0.12289313,1.00000000,-0.97184573,-0.13139943
1636,-0.00418995,-0.13142359,1.00000000,-0.98682556,-0.06463948
1637,-0.00581482,-0.15508157,-1.00000000,-0.97164757,-0.06959752
1638,0.00269521,-0.19122721,-1.00000000,-0.90817436,-0.05341897
1639,-0.00012983,-0.21150785,-1.00000000,-0.87256074,-0.06180858
1640,0.00234317,-0.10529101,1.00000000,-0.94093570,-0.02008340
1641,0.00133010,-0.14055141,-1.00000000,-0.99716311,0.04324221
1642,0.00051746,-0.10968493,1.00000000,-0.94865159,0.11588578
1643,-0.01440502,-0.12232950,1.00000000,-0.97085597,-0.08028704
1644,-0.00010806,-0.13247228,1.00000000,-0.98866710,-0.08003731
1645,0.00128827,-0.31872533,-1.00000000,-0.68428251,-0.09213911
1646,0.00509771,-0.14027970,-1.00000000,-0.99764024,-0.04891730
1647,0.00003915,-0.12285159,1.00000000,-0.97177278,-0.05440449
1648,-0.00213013,-0.07530455,1.00000000,-0.88827825,0.08641234
1649,-0.00098666,-0.13844229,1.00000000,-0.99915068,0.07633316
1650,0.01132711,-0.16551785,-1.00000000,-0.95332103,0.19149823
1651,-0.00092083,-0.15124577,-1.00000000,-0.97838339,0.12245396
1652,0.00843432,0.00244701,1.00000000,-0.75174338,0.21876284
1653,-0.00074944,-0.15042412,-1.00000000,-0.97982623,0.23460207
1654,0.00176319,-0.03365906,1.00000000,-0.81514709,0.26614821
1655,0.00093317,-0.14828491,-1.00000000,-0.98358277,0.14690953
1656,0.00253117,-0.11692383,1.00000000,-0.96136340,0.18651071
1657,0.00597852,-0.12728363,1.00000000,-0.97955563,0.15833791
1658,-0.00586694,-0.10733839,1.00000000,-0.94453097,0.09963016
1659,-0.01039614,-0.06431081,1.00000000,-0.86897281,-0.03986105
1660,0.00182735,-0.21215844,-1.00000000,-0.87141828,-0.02960314
1661,0.00183952,-0.26868906,-1.00000000,-0.77214822,-0.03753781
1662,-0.00751775,-0.11612311,1.00000000,-0.95995730,-0.19236618
1663,0.00755632,-0.11597124,1.00000000,-0.95969061,-0.03837532
1664,0.00329883,-0.23276273,-1.00000000,-0.83523630,0.11873261
1665,-0.01207686,-0.04461772,1.00000000,-0.83439095,-0.04077566
1666,0.01156609,-0.09775700,1.00000000,-0.92770566,0.07080707
1667,-0.00470219,-0.28966672,-1.00000000,-0.73531059,0.10310694
1668,-0.00407783,0.00542980,1.00000000,-0.74650548,-0.03035934
1669,0.00197755,-0.19762075,-1.00000000,-0.89694703,-0.04551697
1670,-0.00981392,-0.18982787,-1.00000000,-0.91063166,-0.01955667
1671,0.00632575,-0.11424836,1.00000000,-0.95666517,-0.07967358
1672,-0.00395966,-0.26142215,-1.00000000,-0.78490921,-0.07115523
1673,-0.00928272,-0.05997687,1.00000000,-0.86136223,-0.13086536
1674,-0.01961692,-0.18835287,-1.00000000,-0.91322182,-0.37859593
1675,0.00306825,-0.25479197,-1.00000000,-0.79655206,-0.23081242
1676,0.00551963,-0.38377706,-1.00000000,-0.57004904,-0.24006017
1677,0.00328769,-0.10063497,1.00000000,-0.93275951,-0.15691902
1678,-0.00455146,-0.07003835,1.00000000,-0.87903059,-0.10264236
1679,0.00429620,-0.09789602,1.00000000,-0.92794980,0.17168761
1680,-0.00521421,-0.19573945,-1.00000000,-0.90025069,0.07667177
1681,0.00739324,-0.08530844,1.00000000,-0.90584549,0.09816569
1682,0.00414999,-0.20401138,-1.00000000,-0.88572484,0.10805798
1683,-0.01591854,-0.04665315,1.00000000,-0.83796524,-0.02234449
1684,0.00264359,-0.08713329,1.00000000,-0.90905001,-0.04130317
1685,-0.01081741,-0.33761619,-1.00000000,-0.65110938,-0.10558280
1686,0.00229828,-0.10593532,1.00000000,-0.94206714,-0.16403186
1687,-0.00590428,-0.27394706,-1.00000000,-0.76291496,-0.27937390
1688,0.00366591,-0.11024521,1.00000000,-0.94963548,-0.05470217
1689,-0.00384552,-0.21262442,-1.00000000,-0.87059999,-0.12914486
1690,0.00383100,-0.09317531,1.00000000,-0.91966004,0.03890090
1691,-0.00597920,-0.18692832,-1.00000000,-0.91572338,-0.05605793
1692,0.00343456,-0.09111474,1.00000000,-0.91604159,0.05107663
1693,-0.00742827,-0.21355959,-1.00000000,-0.86895779,-0.07619521
1694,-0.00379210,-0.09606296,1.00000000,-0.92473086,-0.07558241
1695,0.00440672,-0.23164596,-1.00000000,-0.83719739,-0.06897788
1696,0.00156927,-0.18626160,-1.00000000,-0.91689416,0.01761782
1697,-0.00723637,-0.08392906,1.00000000,-0.90342325,-0.10479838
1698,-0.00218957,-0.11934422,1.00000000,-0.96561371,-0.04470033
1699,-0.00391542,-0.22925072,-1.00000000,-0.84140355,-0.04611501
1700,-0.00511688,-0.16625981,-1.00000000,-0.95201812,-0.15536919
1701,0.00758159,-0.18780077,-1.00000000,-0.91419133,-0.08639629
1702,-0.00157338,-0.20279666,-1.00000000,-0.88785794,-0.02143088
1703,0.00109910,-0.04430231,1.00000000,-0.83383708,0.01629655
1704,0.00262703,-0.15856892,-1.00000000,-0.96552364,0.09135122
1705,-0.00319444,-0.12521269,1.00000000,-0.97591897,0.11340533
1706,-0.00004073,-0.10614194,1.00000000,-0.94242996,0.02596251
1707,-0.00414999,-0.17880199,-1.00000000,-0.92999355,-0.00359615
1708,0.00189739,-0.13943933,-1.00000000,-0.99911597,0.00556186
1709,-0.00249975,-0.19072848,-1.00000000,-0.90905015,-0.05325229
1710,-0.00676861,-0.11524886,1.00000000,-0.95842208,-0.09425489
1711,0.00356040,-0.17013122,-1.00000000,-0.94521977,-0.05294290
1712,-0.00243100,-0.22341246,-1.00000000,-0.85165576,-0.03322281
1713,-0.00251247,-0.09449224,1.00000000,-0.92197262,-0.08381248
1714,0.00180058,-0.16927320,-1.00000000,-0.94672649,-0.03447936
1715,0.00381092,-0.17028998,-1.00000000,-0.94494098,0.08688834
1716,0.00514891,-0.11645722,1.00000000,-0.96054400,0.10511162
1717,-0.00063299,-0.09136546,1.00000000,-0.91648187,0.12573831
1718,0.01191247,-0.07466546,1.00000000,-0.88715599,0.29122039
1719,-0.00010414,-0.14683155,-1.00000000,-0.98613494,0.26936959
1720,-0.00164150,0.00975308,1.00000000,-0.73891362,0.20681976
1721,0.00099007,-0.14023070,-1.00000000,-0.99772630,0.15910985
1722,0.00652589,-0.15941913,-1.00000000,-0.96403064,0.24123619
1723,-0.00263622,-0.12657344,1.00000000,-0.97830850,0.07433440
1724,0.00344061,-0.05747880,1.00000000,-0.85697552,0.11499958
1725,-0.00637243,-0.17183461,-1.00000000,-0.94222855,0.06072664
1726,0.00151700,-0.09598734,1.00000000,-0.92459807,0.06677153
1727,0.00857643,-0.21846761,-1.00000000,-0.86033911,0.09029516
1728,-0.00399412,-0.11999665,1.00000000,-0.96675939,0.07471740
1729,-0.00279382,-0.03188530,1.00000000,-0.81203231,0.00319634
1730,0.00054982,-0.18878307,-1.00000000,-0.91246637,0.08260805
1731,-0.02630939,-0.17380163,-1.00000000,-0.93877439,-0.23661473
1732,-0.00373608,-0.13206837,1.00000000,-0.98795781,-0.37786315
1733,0.00052180,-0.46730824,-1.00000000,-0.42336490,-0.32605673
1734,0.00826584,-0.18556235,-1.00000000,-0.91812207,-0.19918093
1735,-0.01158375,-0.13241814,1.00000000,-0.98857203,-0.33837663
1736,-0.00125310,-0.03576187,1.00000000,-0.81883971,-0.05093234
1737,0.00306798,-0.28351207,-1.00000000,-0.74611842,0.02712350
1738,0.01147093,-0.15457136,-1.00000000,-0.97254351,0.15273124
1739,0.00044866,-0.10063828,1.00000000,-0.93276532,0.06305294
1740,0.00348146,0.00424199,1.00000000,-0.74859131,0.23588020
1741,-0.00569194,-0.13333108,1.00000000,-0.99017519,0.18495809
1742,0.01229420,-0.09547751,1.00000000,-0.92370280,0.29080077
1743,0.00638689,-0.20997418,-1.00000000,-0.87525392,0.23247703
1744,0.00110070,0.01451763,1.00000000,-0.73054687,0.23995729
1745,-0.00854787,-0.05921373,1.00000000,-0.86002212,0.10195745
1746,0.00374049,-0.12519263,1.00000000,-0.97588374,0.21016578
1747,-0.01190703,-0.24562013,-1.00000000,-0.81265819,-0.06746942
1748,0.01346687,-0.09224446,1.00000000,-0.91802542,0.01375168
1749,0.00365413,-0.28754704,-1.00000000,-0.73903284,0.04304442
1750,0.01253737,0.02915412,1.00000000,-0.70484462,0.28493317
1751,-0.00856172,-0.09332238,1.00000000,-0.91991829,0.14380294
1752,0.01134501,0.01755271,1.00000000,-0.72521715,0.41054899
1753,-0.00152303,-0.24579291,-1.00000000,-0.81235478,0.23858573
1754,-0.00583579,0.00267033,1.00000000,-0.75135121,0.12971787
1755,-0.00181822,-0.15794042,-1.00000000,-0.96662731,-0.03496865
1756,0.01575717,-0.21176965,-1.00000000,-0.87210099,0.24401626
1757,-0.00330611,-0.16162478,-1.00000000,-0.96015742,0.07593947
1758,0.00019862,0.05774023,1.00000000,-0.65464625,0.09569019
1759,-0.02005754,-0.18019574,-1.00000000,-0.92754607,-0.06746084
1760,0.00438602,-0.13645182,1.00000000,-0.99565533,0.00371387
1761,-0.01133401,-0.38927655,-1.00000000,-0.56039171,-0.30707469
1762,0.00826093,-0.08418732,1.00000000,-0.90387676,-0.17437823
1763,0.01885981,-0.28039501,-1.00000000,-0.75159210,0.03970182
1764,-0.01601496,-0.03582315,1.00000000,-0.81894732,0.08607801
1765,-0.00393399,0.09646541,1.00000000,-0.58664326,-0.00936875
1766,-0.00106472,-0.33881967,-1.00000000,-0.64899604,0.10844005
1767,0.00865420,-0.18803256,-1.00000000,-0.91378430,0.11295163
1768,-0.00180433,-0.15222006,-1.00000000,-0.97667249,-0.12410615
1769,-0.00312119,-0.03091459,1.00000000,-0.81032770,0.02381053
1770,0.00193457,-0.16145138,-1.00000000,-0.96046191,0.09113435
1771,0.01203105,-0.17788761,-1.00000000,-0.93159924,0.24136827
1772,-0.01393883,-0.11478483,1.00000000,-0.95760723,-0.01781770
1773,-0.00484105,0.01123313,1.00000000,-0.73631459,-0.05265482
1774,-0.00655811,-0.31290667,-1.00000000,-0.69450031,-0.09208299
1775,-0.00459015,-0.19935386,-1.00000000,-0.89390363,-0.16693420
1776,-0.00050842,-0.22078511,-1.00000000,-0.85626949,-0.31078630
1777,0.00973862,-0.19622230,-1.00000000,-0.89940278,-0.03915997
1778,0.00295506,-0.14527669,-1.00000000,-0.98886533,0.05027656
1779,-0.00079442,-0.01737959,1.00000000,-0.78655969,0.11639729
1780,-0.00922282,-0.10204770,1.00000000,-0.93524030,0.06325153
1781,-0.06898832,-0.14884634,-1.00000000,-0.98259688,-0.72234604
1782,0.05172490,-0.25404442,-1.00000000,-0.79786480,-0.24068176
1783,-0.01690256,-1.00000000,-1.00000000,0.51206336,-0.46848722
1784,-0.02960605,0.50666695,1.00000000,0.13368722,-0.79901261
1785,-0.02674273,-0.34989805,-1.00000000,-0.62954195,-1.00000000
1786,-0.02182473,-0.50845508,-1.00000000,-0.35110939,-0.45894196
1787,0.01297281,-0.47271694,-1.00000000,-0.41386701,-0.90350374
1788,0.01009037,-0.41133357,-1.00000000,-0.52165869,-0.59384239
1789,0.00482707,0.02298760,1.00000000,-0.71567326,-0.19882763
1790,0.02719250,-0.01298920,1.00000000,-0.77884998,0.41991426
1791,-0.01598221,-0.07868247,1.00000000,-0.89421003,0.48693931
1792,-0.00990218,0.20046884,1.00000000,-0.40400904,0.22451871
1793,-0.00385133,-0.33841090,-1.00000000,-0.64971384,0.06458022
1794,0.00356985,-0.26252372,-1.00000000,-0.78297480,0.05015752
1795,-0.00561986,-0.18700087,-1.00000000,-0.91559597,-0.32626406
1796,-0.01831659,-0.09437424,1.00000000,-0.92176541,-0.35304391
1797,-0.01065564,-0.20907455,-1.00000000,-0.87683370,-0.36168758
1798,-0.02190639,-0.36754715,-1.00000000,-0.59854942,-0.56881418
1799,0.01466383,-0.27192796,-1.00000000,-0.76646058,-0.44154473
1800,0.01359505,-0.41235281,-1.00000000,-0.51986886,-0.22111226
1801,-0.00733821,0.04409381,1.00000000,-0.67860991,-0.09516890
1802,-0.00344910,0.03075405,1.00000000,-0.70203508,-0.01249587
1803,-0.00794285,-0.23052186,-1.00000000,-0.83917136,0.14769308
1804,-0.00690123,-0.18198042,-1.00000000,-0.92441209,-0.09970007
1805,0.00139579,-0.23806864,-1.00000000,-0.82591892,-0.23964940
1806,-0.01110566,-0.22506778,-1.00000000,-0.84874895,-0.28286944
1807,-0.00392156,-0.12150961,1.00000000,-0.96941620,-0.28828947
1808,-0.00682012,-0.27754489,-1.00000000,-0.75659703,-0.27540956
1809,-0.00068856,-0.18787737,-1.00000000,-0.91405682,-0.20413812
1810,-0.00395311,-0.22405541,-1.00000000,-0.85052671,-0.26550034
1811,0.00169589,-0.14752507,-1.00000000,-0.98491709,-0.11864158
1812,-0.00097021,-0.18827116,-1.00000000,-0.91336529,-0.08478391
1813,-0.00275801,-0.11776385,1.00000000,-0.96283850,-0.03818360
1814,0.01041600,-0.15104052,-1.00000000,-0.97874381,0.08920723
1815,0.00054779,-0.17335468,-1.00000000,-0.93955925,0.14084127
1816,0.00060610,-0.00892495,1.00000000,-0.77171300,0.12833927
1817,0.00903077,-0.13209378,1.00000000,-0.98800245,0.24306999
1818,-0.00104250,-0.13136591,1.00000000,-0.98672427,0.26275022
1819,0.00888248,-0.02621450,1.00000000,-0.80207414,0.24515781
1820,0.00377373,-0.15194276,-1.00000000,-0.97715944,0.28216559
1821,0.00160737,-0.02806534,1.00000000,-0.80532429,0.29365202
1822,-0.00125329,-0.09182964,1.00000000,-0.91729699,0.17567391
1823,0.01885482,-0.11886877,1.00000000,-0.96477880,0.40393486
1824,0.00358915,-0.15457365,-1.00000000,-0.97253949,0.34321002
1825,0.00969616,0.09640316,1.00000000,-0.58675258,0.41115187
1826,-0.00650550,-0.09413344,1.00000000,-0.92134254,0.31808157
1827,0.00565093,-0.01790950,1.00000000,-0.78749022,0.39728632
1828,-0.00080755,-0.22012845,-1.00000000,-0.85742261,0.17172070
1829,0.00026495,-0.06839957,1.00000000,-0.87615283,0.13358572
1830,0.00315310,-0.14901027,-1.00000000,-0.98230901,0.05852408
1831,-0.01363646,-0.13562397,1.00000000,-0.99420159,-0.02328194
1832,0.00079233,-0.09957590,1.00000000,-0.93089973,-0.07901954
1833,0.00276639,-0.30913269,-1.00000000,-0.70112757,-0.03801947
1834,-0.00208704,-0.12904159,1.00000000,-0.98264267,-0.06500135
1835,0.00249882,-0.10440256,1.00000000,-0.93937554,-0.07250718
1836,-0.01440901,-0.16498002,-1.00000000,-0.95426549,-0.08136983
1837,0.00802717,-0.10774218,1.00000000,-0.94524005,0.00162789
1838,-0.00120253,-0.31877518,-1.00000000,-0.68419497,-0.04390340
1839,0.00258051,-0.03874079,1.00000000,-0.82407082,0.00964242
1840,0.00086598,-0.15394020,-1.00000000,-0.97365186,-0.00908947
1841,0.00272604,-0.10672264,1.00000000,-0.94344969,0.18748288
1842,0.00231459,-0.12812232,1.00000000,-0.98102839,0.12194851
1843,0.00173373,-0.10490617,1.00000000,-0.94025989,0.15563313
1844,0.00529960,-0.11004162,1.00000000,-0.94927795,0.18682637
1845,0.00050276,-0.11729163,1.00000000,-0.96200926,0.18265951
1846,-0.00927253,-0.07278466,1.00000000,-0.88385323,0.04501252
1847,0.00126101,-0.13265582,1.00000000,-0.98898941,0.03292593
1848,0.00023401,-0.25466489,-1.00000000,-0.79677523,0.01572128
1849,0.01886581,-0.12319173,1.00000000,-0.97237008,0.17135209
1850,0.01990863,-0.13601013,1.00000000,-0.99487972,0.39397518
1851,-0.00685813,0.09654030,1.00000000,-0.58651175,0.42167304
1852,-0.00141846,0.10955616,1.00000000,-0.56365538,0.39093426
1853,-0.00447593,-0.22452985,-1.00000000,-0.84969357,0.33690206
1854,-0.01224834,-0.15663526,-1.00000000,-0.96891923,-0.02003774
1855,0.01371458,-0.19479670,-1.00000000,-0.90190618,-0.09109550
1856,0.00482795,-0.29180709,-1.00000000,-0.73155203,0.04296653
1857,-0.00517268,0.03224594,1.00000000,-0.69941525,-0.00010171
1858,-0.00654865,-0.07867153,1.00000000,-0.89419081,-0.02387984
1859,0.01289930,-0.20349313,-1.00000000,-0.88663491,0.26461256
1860,0.00224113,-0.22066710,-1.00000000,-0.85647672,0.13298980
1861,0.00793941,0.02207013,1.00000000,-0.71728438,0.16868432
1862,-0.00334586,-0.11095848,1.00000000,-0.95088801,0.18964157
1863,-0.00525560,-0.03983620,1.00000000,-0.82599441,0.20447535
1864,0.00070774,-0.18069182,-1.00000000,-0.92667493,0.06461438
1865,-0.00384569,-0.20452808,-1.00000000,-0.88481750,-0.00521332
1866,-0.00167224,-0.13009739,1.00000000,-0.98449670,-0.11547758
1867,-0.00134951,-0.18693041,-1.00000000,-0.91571970,-0.09257561
1868,-0.00156655,-0.15980275,-1.00000000,-0.96335698,-0.05025502
1869,-0.00352144,-0.15577467,-1.00000000,-0.97043044,-0.09877187
1870,-0.00377422,-0.15848364,-1.00000000,-0.96567339,-0.09795192
1871,0.00050183,-0.18288330,-1.00000000,-0.92282660,-0.07301113
1872,-0.01044746,-0.18603832,-1.00000000,-0.91728625,-0.17738234
1873,0.00262608,-0.13266738,1.00000000,-0.98900972,-0.12928466
1874,-0.00289162,-0.26932964,-1.00000000,-0.77102333,-0.12205948
1875,-0.01832819,-0.10615378,1.00000000,-0.94245076,-0.28902186
1876,-0.00361088,-0.17502237,-1.00000000,-0.93663072,-0.33620270
1877,0.00064149,-0.36769193,-1.00000000,-0.59829517,-0.20899087
1878,0.00133486,-0.18399973,-1.00000000,-0.92086611,-0.22380368
1879,0.00311118,-0.13092429,1.00000000,-0.98594877,-0.15493984
1880,0.00662421,-0.12226998,1.00000000,-0.97075145,0.13131273
1881,0.00038243,-0.10009912,1.00000000,-0.93181852,0.17712380
1882,0.01883780,-0.05625163,1.00000000,-0.85482056,0.38587091
1883,-0.00274896,-0.13415769,1.00000000,-0.99162674,0.33902153
1884,-0.01043591,0.09619074,1.00000000,-0.58712560,0.18361006
1885,-0.00876901,-0.17324169,-1.00000000,-0.93975765,0.00701991
1886,0.00803319,-0.26918544,-1.00000000,-0.77127655,0.09478897
1887,-0.01016019,-0.24838017,-1.00000000,-0.80781145,-0.23787436
1888,-0.00307232,-0.03866571,1.00000000,-0.82393897,-0.24158400
1889,0.00127002,-0.26574407,-1.00000000,-0.77731975,-0.10729419
1890,0.00243175,-0.17727775,-1.00000000,-0.93267018,0.02120022
1891,-0.01624130,-0.12307930,1.00000000,-0.97217265,-0.25727529
1892,-0.00316426,-0.10857937,1.00000000,-0.94671019,-0.17701842
1893,-0.02464958,-0.34164464,-1.00000000,-0.64403528,-0.42455144
1894,-0.01027995,-0.17842530,-1.00000000,-0.93065504,-0.55705205
1895,0.00670431,-0.44659151,-1.00000000,-0.45974432,-0.50803749
1896,0.00355250,-0.26723880,-1.00000000,-0.77469493,-0.28096417
1897,-0.00241593,-0.05525195,1.00000000,-0.85306509,-0.27237933
1898,-0.01162196,-0.09459085,1.00000000,-0.92214578,-0.12292724
1899,-0.00943221,-0.16908506,-1.00000000,-0.94705687,-0.11320208
1900,-0.01073471,-0.28398895,-1.00000000,-0.74528099,-0.31326145
1901,-0.00558699,-0.25665791,-1.00000000,-0.79327540,-0.41810919
1902,-0.00600889,-0.27291481,-1.00000000,-0.76472764,-0.45932738
1903,-0.00342159,-0.20866428,-1.00000000,-0.87755417,-0.36525315
1904,0.00467910,-0.21393009,-1.00000000,-0.86830719,-0.20336896
1905,-0.01256700,-0.18163701,-1.00000000,-0.92501514,-0.22438891
1906,-0.00209638,-0.08052932,1.00000000,-0.89745316,-0.18434480
1907,0.00272017,-0.29578434,-1.00000000,-0.72456782,-0.08420552
1908,-0.00047146,-0.16509663,-1.00000000,-0.95406072,-0.05036183
1909,-0.01235086,-0.10497943,1.00000000,-0.94038854,-0.24572854
1910,0.00415208,-0.14481537,-1.00000000,-0.98967542,-0.05392819
1911,-0.01057381,-0.29308660,-1.00000000,-0.72930515,-0.15118077
1912,0.00629743,-0.08710722,1.00000000,-0.90900423,-0.11014271
1913,-0.00532959,-0.27090659,-1.00000000,-0.76825414,-0.16587492
1914,-0.00385891,-0.06033037,1.00000000,-0.86198300,-0.06845576
1915,0.00493441,-0.20545153,-1.00000000,-0.88319588,-0.05948098
1916,0.00255238,-0.18709541,-1.00000000,-0.91542996,0.09110189
1917,-0.00414827,-0.07734273,1.00000000,-0.89185738,-0.02873061
1918,0.00604308,-0.10707375,1.00000000,-0.94406626,0.10173598
1919,0.00727240,-0.19070708,-1.00000000,-0.90908772,0.22943378
1920,-0.01183581,-0.06350501,1.00000000,-0.86755780,0.03704674
1921,-0.00996966,-0.04816132,1.00000000,-0.84061366,-0.10660542
1922,-0.00471603,-0.28665814,-1.00000000,-0.74059378,-0.11311868
1923,-0.00443331,-0.26336605,-1.00000000,-0.78149564,-0.23330323
1924,-0.00251385,-0.19779346,-1.00000000,-0.89664376,-0.34557059
1925,-0.00240588,-0.19426475,-1.00000000,-0.90284032,-0.23739093
1926,-0.00295274,-0.17030723,-1.00000000,-0.94491069,-0.15689313
1927,0.00304600,-0.16895962,-1.00000000,-0.94727714,-0.06784756
1928,0.00259260,-0.17578514,-1.00000000,-0.93529126,0.01275325
1929,0.00185767,-0.10091266,1.00000000,-0.93324714,0.06290306
1930,0.00963015,-0.10657177,1.00000000,-0.94318476,0.20097969
1931,-0.01175695,-0.11574468,1.00000000,-0.95929277,0.09997822
1932,-0.00151559,-0.01873344,1.00000000,-0.78893711,0.04764791
1933,-0.00199133,-0.28567386,-1.00000000,-0.74232222,-0.00493859
1934,0.00116891,-0.15784758,-1.00000000,-0.96679033,-0.01284002
1935,0.00115027,-0.16378542,-1.00000000,-0.95636326,-0.11012068
1936,-0.00010486,-0.12434137,1.00000000,-0.97438890,0.02355144
1937,-0.00115877,-0.12457396,1.00000000,-0.97479733,0.02764492
1938,0.00471579,-0.14023975,-1.00000000,-0.99771039,0.10458864
1939,0.00051265,-0.15339391,-1.00000000,-0.97461115,0.09706017
1940,0.00467895,-0.08007132,1.00000000,-0.89664890,0.13754091
1941,-0.00221518,-0.13253229,1.00000000,-0.98877248,0.11333150
1942,0.00849768,-0.08053126,1.00000000,-0.89745657,0.22410971
1943,-0.00617452,-0.16657938,-1.00000000,-0.95145694,0.09917660
1944,0.00049069,-0.03286819,1.00000000,-0.81375829,0.09892463
1945,0.00599316,-0.21599746,-1.00000000,-0.86467679,0.11400123
1946,-0.00525377,-0.13280642,1.00000000,-0.98925387,0.07914269
1947,-0.00123634,-0.06412805,1.00000000,-0.86865188,-0.03252542
1948,-0.00151848,-0.20450517,-1.00000000,-0.88485773,0.02088846
1949,0.00029136,-0.15436212,-1.00000000,-0.97291095,0.01860177
1950,-0.00046030,-0.15788363,-1.00000000,-0.96672704,-0.05543200
1951,0.00042292,-0.13529432,1.00000000,-0.99362271,0.00969070
1952,0.00200459,-0.14467615,-1.00000000,-0.98991990,0.04687049
1953,-0.01085544,-0.13365224,1.00000000,-0.99073916,-0.06024262
1954,-0.00258669,-0.11391083,1.00000000,-0.95607245,-0.09325950
1955,0.00037751,-0.27442176,-1.00000000,-0.76208136,-0.08364818
1956,-0.00342191,-0.17121639,-1.00000000,-0.94331417,-0.12775594
1957,-0.00163524,-0.13421912,1.00000000,-0.99173462,-0.16951196
1958,-0.00377879,-0.18164110,-1.00000000,-0.92500795,-0.08832906
1959,-0.00004767,-0.15934101,-1.00000000,-0.96416781,-0.05920158
1960,0.00643644,-0.18609548,-1.00000000,-0.91718589,0.01030611
1961,-0.00193577,-0.13952594,-1.00000000,-0.99896388,0.02735511
1962,0.00225186,-0.05859536,1.00000000,-0.85893625,0.07194769
1963,-0.00219220,-0.16309194,-1.00000000,-0.95758104,0.09014904
1964,-0.00249077,-0.11082467,1.00000000,-0.95065303,0.06212192
1965,0.00532578,-0.16629257,-1.00000000,-0.95196059,0.04938058
1966,0.01248694,-0.17001920,-1.00000000,-0.94541649,0.21483699
1967,0.00816430,-0.07245783,1.00000000,-0.88327930,0.28266419
1968,0.00159944,0.01692319,1.00000000,-0.72632262,0.32616162
1969,-0.00316021,-0.03702927,1.00000000,-0.82106531,0.31848190
1970,-0.00332748,-0.11896775,1.00000000,-0.96495261,0.21921214
1971,0.00519598,-0.17837466,-1.00000000,-0.93074395,0.13557076
1972,-0.01055461,-0.18046247,-1.00000000,-0.92707768,-0.07917146
1973,-0.00002926,-0.07407790,1.00000000,-0.88612421,-0.09785582
1974,-0.00278876,-0.27066693,-1.00000000,-0.76867500,-0.09359460
1975,-0.00034302,-0.13929618,-1.00000000,-0.99936735,-0.05935704
1976,0.00008808,-0.17373849,-1.00000000,-0.93888526,-0.11795466
1977,0.00178761,-0.14321229,-1.00000000,-0.99249049,0.02363458
1978,-0.00986625,-0.13783161,1.00000000,-0.99807830,-0.08921475
1979,0.00681700,-0.11661907,1.00000000,-0.96082823,0.02098205
1980,0.00308270,-0.26207526,-1.00000000,-0.78376232,0.06028168
1981,-0.00431869,-0.05384533,1.00000000,-0.85059501,0.00972746
1982,-0.00099243,-0.10045463,1.00000000,-0.93244282,-0.02216499
1983,0.00574361,-0.19283417,-1.00000000,-0.90535248,0.15691044
1984,-0.01182869,-0.15131777,-1.00000000,-0.97825695,-0.05699190
1985,-0.00149897,-0.06724275,1.00000000,-0.87412142,-0.10955249
1986,0.00174378,-0.28656922,-1.00000000,-0.74074993,-0.04000416
1987,0.00465894,-0.15764009,-1.00000000,-0.96715470,0.02482804
1988,0.00474414,-0.11716619,1.00000000,-0.96178899,0.01336219
1989,-0.00474703,-0.08078091,1.00000000,-0.89789497,0.09460253
1990,0.00219943,-0.07971749,1.00000000,-0.89602756,0.13703028
1991,0.00184885,-0.19818044,-1.00000000,-0.89596420,0.13823567
1992,0.00534139,-0.11147906,1.00000000,-0.95180216,0.14606461
1993,0.00098819,-0.11585474,1.00000000,-0.95948602,0.10297650
1994,0.00406052,-0.07226310,1.00000000,-0.88293734,0.20401624
1995,0.00131320,-0.12659698,1.00000000,-0.97834984,0.19384948
1996,-0.00240285,-0.08825009,1.00000000,-0.91101115,0.14507421
1997,-0.00988248,-0.12254040,1.00000000,-0.97122632,-0.02957314
1998,0.00331001,-0.16892181,-1.00000000,-0.94734354,-0.00293736
1999,0.00123680,-0.26227788,-1.00000000,-0.78340650,-0.03533086
2000,-0.00358009,-0.09761748,1.00000000,-0.92746067,-0.09146642
2001,0.00442686,-0.12349394,1.00000000,-0.97290077,-0.01311636
2002,0.00711559,-0.18361540,-1.00000000,-0.92154100,0.18188457
2003,-0.00066588,-0.08367762,1.00000000,-0.90298171,0.13627342
2004,-0.01473436,-0.05011858,1.00000000,-0.84405068,-0.04694686
2005,0.00139777,-0.14724201,-1.00000000,-0.98541414,0.01015892
2006,0.01035233,-0.32283601,-1.00000000,-0.67706398,0.07813559
2007,0.00098543,-0.12148481,1.00000000,-0.96937266,0.00781077
2008,-0.00508853,-0.00971960,1.00000000,-0.77310844,-0.04292563
2009,0.00701410,-0.12663137,1.00000000,-0.97841022,0.20657144
2010,0.00201863,-0.20244277,-1.00000000,-0.88847939,0.21369394
2011,-0.00133962,-0.05138538,1.00000000,-0.84627522,0.07956458
2012,0.00768561,-0.11373560,1.00000000,-0.95576473,0.15642867
2013,0.00890903,-0.15565117,-1.00000000,-0.97064732,0.31700783
2014,0.00178784,-0.04300391,1.00000000,-0.83155703,0.25705255
2015,-0.00404500,-0.02773404,1.00000000,-0.80474252,0.18749084
2016,0.00056634,-0.11661620,1.00000000,-0.96082318,0.20935584
2017,-0.00402121,-0.18941814,-1.00000000,-0.91135116,0.07505579
2018,-0.00009250,-0.13186224,1.00000000,-0.98759585,-0.02820920
2019,0.00040275,-0.18912119,-1.00000000,-0.91187262,-0.04409895
2020,0.00269716,-0.14008545,-1.00000000,-0.99798135,0.03324679
2021,-0.00696137,-0.13390410,1.00000000,-0.99118144,-0.05311070
2022,-0.00002341,-0.10526666,1.00000000,-0.94089293,-0.00724811
2023,0.01418638,-0.22581843,-1.00000000,-0.84743078,0.15655839
2024,-0.00264298,-0.13922310,-1.00000000,-0.99949568,0.12161803
2025,0.00475156,0.03813460,1.00000000,-0.68907453,0.14518594
2026,0.00069233,-0.17191892,-1.00000000,-0.94208050,0.23298880
2027,-0.00064075,-0.07962497,1.00000000,-0.89586510,0.22590664
2028,0.00033092,-0.13028968,1.00000000,-0.98483437,0.06695760
2029,0.00750182,-0.14692842,-1.00000000,-0.98596482,0.18333817
2030,-0.00161894,-0.13480057,1.00000000,-0.99275567,0.11025624
2031,0.00003889,-0.04529787,1.00000000,-0.83558532,0.10275996
2032,0.00387510,-0.15913748,-1.00000000,-0.96452522,0.15456555
2033,-0.00747966,-0.13844556,1.00000000,-0.99915643,0.06496303
2034,-0.00263478,-0.09056439,1.00000000,-0.91507516,-0.05132352
2035,0.00001286,-0.23228733,-1.00000000,-0.83607113,-0.03260365
2036,0.00249770,-0.17181662,-1.00000000,-0.94226013,-0.00439625
2037,0.00754016,-0.13877042,1.00000000,-0.99972690,0.03764910
2038,-0.00159510,-0.10775616,1.00000000,-0.94526460,0.10515647
2039,-0.00773650,-0.04481942,1.00000000,-0.83474514,0.04662986
2040,0.00420603,-0.15883991,-1.00000000,-0.96504777,0.09473373
2041,0.00617339,-0.23549306,-1.00000000,-0.83044174,0.13690098
2042,0.00217031,-0.08643383,1.00000000,-0.90782173,0.07529845
2043,-0.00485492,-0.06187856,1.00000000,-0.86470168,0.03790191
2044,0.00190076,-0.11184243,1.00000000,-0.95244026,0.14846002
2045,-0.00133483,-0.19952702,-1.00000000,-0.89359956,0.08489551
2046,-0.00316206,-0.11520680,1.00000000,-0.95834822,-0.02220022
2047,0.00318730,-0.15559146,-1.00000000,-0.97075218,-0.01053335
2048,0.00419717,-0.17839779,-1.00000000,-0.93070334,0.09331173
2049,0.00346477,-0.09914899,1.00000000,-0.93015005,0.11125396
2050,-0.00100708,-0.08654447,1.00000000,-0.90801602,0.11501390
2051,0.00904602,-0.09568580,1.00000000,-0.92406856,0.25506426
2052,0.00303563,-0.15150068,-1.00000000,-0.97793574,0.25332423
2053,0.01445685,-0.02602421,1.00000000,-0.80173998,0.37102268
2054,0.00319944,-0.10104212,1.00000000,-0.93347448,0.36797885
2055,0.00940756,0.04151040,1.00000000,-0.68314648,0.48745497
2056,-0.00264952,-0.09899746,1.00000000,-0.92988396,0.35328447
2057,-0.00429389,-0.02151171,1.00000000,-0.79381585,0.26920062
2058,-0.00229719,-0.17200055,-1.00000000,-0.94193716,0.07699920
2059,-0.00043758,-0.19252461,-1.00000000,-0.90589606,0.03527543
2060,0.01912986,-0.16760307,-1.00000000,-0.94965931,0.14680921
2061,-0.00014263,-0.14439255,-1.00000000,-0.99041791,0.17556803
2062,-0.00489965,0.09983607,1.00000000,-0.58072426,0.16861877
2063,-0.00593862,-0.14071120,-1.00000000,-0.99688252,0.12684454
2064,-0.01244401,-0.20008535,-1.00000000,-0.89261910,-0.01089248
2065,0.00525770,-0.21305306,-1.00000000,-0.86984728,-0.17003319
2066,0.00539996,-0.29424923,-1.00000000,-0.72726353,-0.10644882
2067,0.00540250,-0.07330764,1.00000000,-0.88477160,0.01173687
2068,0.00373863,-0.07153196,1.00000000,-0.88165344,0.12275372
2069,0.00490933,-0.07150035,1.00000000,-0.88159793,0.32183021
2070,0.00179056,-0.09226770,1.00000000,-0.91806624,0.28205536
2071,-0.01539589,-0.07765574,1.00000000,-0.89240704,0.04348647
2072,0.02098224,-0.11658233,1.00000000,-0.96076371,0.22221640
2073,-0.01005848,-0.33109283,-1.00000000,-0.66256467,0.06393673
2074,0.00119757,0.12295626,1.00000000,-0.54012427,0.02135561
2075,0.01827496,-0.26447460,-1.00000000,-0.77954898,0.21046378
2076,-0.01814797,-0.12398362,1.00000000,-0.97376068,0.17889213
2077,-0.00744719,0.08916570,1.00000000,-0.59946185,-0.14724871
2078,0.00022242,-0.36544250,-1.00000000,-0.60224526,-0.02930675
2079,0.00097247,-0.23188213,-1.00000000,-0.83678267,-0.03188904
2080,0.01852686,-0.13615477,1.00000000,-0.99513371,-0.02899922
2081,0.00195703,-0.12679313,1.00000000,-0.97869429,0.20164419
2082,0.00616615,0.09230980,1.00000000,-0.59394068,0.35781565
2083,0.03427754,-0.11450448,1.00000000,-0.95711493,0.74849402
2084,0.01342116,-0.06196895,1.00000000,-0.86486041,0.89130462
2085,-0.03630614,0.28889989,1.00000000,-0.24872054,0.26226352
2086,-0.00628461,0.02858355,1.00000000,-0.70584656,0.16771585
2087,0.00047228,-0.59208143,-1.00000000,-0.20425814,0.10239620
2088,0.00178759,-0.21737152,-1.00000000,-0.86226390,-0.27032666
2089,0.00774290,-0.13303617,1.00000000,-0.98965731,-0.33546730
2090,-0.00067675,-0.11661934,1.00000000,-0.96082869,0.07327104
2091,0.00554273,-0.04228890,1.00000000,-0.83030145,0.20895362
2092,-0.01590732,-0.14737768,-1.00000000,-0.98517590,0.02104776
2093,0.00237845,-0.06975005,1.00000000,-0.87852433,0.02782603
2094,0.00455426,-0.33747610,-1.00000000,-0.65135539,-0.00875384
2095,-0.00128065,-0.10924463,1.00000000,-0.94787842,-0.01568174
2096,0.02195889,-0.08208748,1.00000000,-0.90018936,0.17264352
2097,0.02314341,-0.15491518,-1.00000000,-0.97193975,0.62063123
2098,0.00442030,0.13514618,1.00000000,-0.51871826,0.64405522
2099,-0.00397356,0.14993062,1.00000000,-0.49275619,0.54622455
2100,-0.01958628,-0.08375953,1.00000000,-0.90312555,0.33622337
2101,-0.01770710,-0.18852640,-1.00000000,-0.91291709,-0.11882263
2102,-0.01222719,-0.38339462,-1.00000000,-0.57072061,-0.52459212
2103,-0.00043882,-0.35993990,-1.00000000,-0.61190806,-0.58033569
2104,-0.00825770,-0.29154304,-1.00000000,-0.73201571,-0.62948315
2105,0.00436892,-0.14440805,-1.00000000,-0.99039070,-0.35467048
2106,0.01425348,-0.24199841,-1.00000000,-0.81901808,0.01197948
2107,-0.00326181,-0.08440084,1.00000000,-0.90425171,0.11482981
2108,-0.00369760,0.03897205,1.00000000,-0.68760392,0.07744526
2109,-0.02172705,-0.17964278,-1.00000000,-0.92851709,-0.07707432
2110,0.00431528,-0.18508211,-1.00000000,-0.91896540,-0.07768963
2111,0.01390201,-0.41011436,-1.00000000,-0.52379968,-0.08172161
2112,-0.00126056,-0.08507030,1.00000000,-0.90542730,-0.05876346
2113,0.00249221,0.03458529,1.00000000,-0.69530725,0.01224572
2114,0.01543348,-0.15466451,-1.00000000,-0.97237995,0.43854920
2115,-0.00397150,-0.10782474,1.00000000,-0.94538503,0.34348374
2116,0.00304851,0.05370011,1.00000000,-0.66174086,0.21897295
2117,0.00515295,-0.18850069,-1.00000000,-0.91296223,0.29254842
2118,-0.01489796,-0.10088136,1.00000000,-0.93319217,0.09304933
2119,0.00620860,-0.07461504,1.00000000,-0.88706745,-0.01277791
2120,-0.00440423,-0.32487800,-1.00000000,-0.67347816,-0.01774219
2121,-0.01040175,-0.06143901,1.00000000,-0.86392981,-0.17204282
2122,0.01050160,-0.19390178,-1.00000000,-0.90347770,-0.11068345
2123,-0.00854831,-0.26875911,-1.00000000,-0.77202521,-0.03784053
2124,0.00034246,-0.00785657,1.00000000,-0.76983688,-0.10513664
2125,0.01237977,-0.24562555,-1.00000000,-0.81264867,0.08740849
2126,0.01569776,-0.13465659,1.00000000,-0.99250284,0.38682066
2127,0.00098737,0.01558565,1.00000000,-0.72867140,0.27767394
2128,-0.01258192,0.05699872,1.00000000,-0.65594837,0.23140052
2129,0.00000040,-0.12660725,1.00000000,-0.97836787,0.22747645
2130,0.00028371,-0.29597063,-1.00000000,-0.72424068,0.08871115
2131,-0.00776211,-0.13892594,1.00000000,-1.00000000,-0.18041921
2132,-0.00820442,-0.13538979,1.00000000,-0.99379037,-0.28586688
2133,0.00871808,-0.23581276,-1.00000000,-0.82988033,-0.04151439
2134,0.00363258,-0.24133340,-1.00000000,-0.82018587,0.00015377
2135,0.01104091,-0.03011726,1.00000000,-0.80892754,0.12355969
2136,-0.00426252,-0.09359135,1.00000000,-0.92039062,0.16370687
2137,-0.00535012,-0.00112522,1.00000000,-0.75801636,0.19645131
2138,-0.00306305,-0.19213297,-1.00000000,-0.90658380,0.06129877
2139,-0.00671988,-0.20570774,-1.00000000,-0.88274596,-0.05746401
2140,-0.00075377,-0.17716204,-1.00000000,-0.93287336,-0.19277191
2141,0.00905843,-0.22280421,-1.00000000,-0.85272386,-0.03995483
2142,0.00637903,-0.14833904,-1.00000000,-0.98348772,0.09460128
2143,0.00275375,-0.02586932,1.00000000,-0.80146800,0.16133135
2144,0.00493003,-0.05931187,1.00000000,-0.86019446,0.29497836
2145,-0.00834771,-0.10456031,1.00000000,-0.93965255,0.20786112
2146,-0.00600635,-0.07739743,1.00000000,-0.89195344,0.03503882
2147,-0.00221384,-0.24312184,-1.00000000,-0.81704529,-0.06353803
2148,0.00908468,-0.21389847,-1.00000000,-0.86836270,0.00908999
2149,-0.00352528,-0.16656263,-1.00000000,-0.95148636,-0.08790885
2150,-0.01002733,-0.02554165,1.00000000,-0.80089259,-0.10717735
2151,-0.01091459,-0.18293132,-1.00000000,-0.92274227,-0.16348435
2152,-0.00513287,-0.26408580,-1.00000000,-0.78023173,-0.19697131
2153,0.00102475,-0.27516000,-1.00000000,-0.76078499,-0.28943437
2154,0.01521827,-0.20299616,-1.00000000,-0.88750761,-0.07440933
2155,-0.00221687,-0.12614064,1.00000000,-0.97754850,0.01519180
2156,0.00671341,0.05101405,1.00000000,-0.66645769,0.21741925
2157,0.01404632,-0.16660055,-1.00000000,-0.95141976,0.43744175
2158,-0.00137729,-0.05513829,1.00000000,-0.85286549,0.40988565
2159,-0.01457931,0.03638640,1.00000000,-0.69214444,0.06804944
2160,0.00122949,-0.15612143,-1.00000000,-0.96982152,0.10758594
2161,-0.00246440,-0.32090077,-1.00000000,-0.68046234,0.00229857
2162,-0.03463756,-0.12358518,1.00000000,-0.97306100,-0.55620007
2163,-0.00054089,-0.16969003,-1.00000000,-0.94599451,-0.54660495
2164,-0.00985682,-0.57125525,-1.00000000,-0.24082976,-0.49242878
2165,-0.00252142,-0.14568203,-1.00000000,-0.98815354,-0.53545903
2166,-0.00563614,-0.26195757,-1.00000000,-0.78396899,-0.57184503
2167,-0.00815994,-0.17040172,-1.00000000,-0.94474476,-0.26809525
2168,-0.00799743,-0.20927769,-1.00000000,-0.87647699,-0.35363626
2169,-0.00238201,-0.24077813,-1.00000000,-0.82116093,-0.26788573
2170,0.01195596,-0.23874990,-1.00000000,-0.82472259,-0.10180208
2171,0.00217010,-0.16866174,-1.00000000,-0.94780024,-0.01224932
2172,-0.00138588,0.01029584,1.00000000,-0.73796051,0.06546221
2173,-0.00944945,-0.11184507,1.00000000,-0.95244489,0.04880480
2174,0.01222093,-0.15622867,-1.00000000,-0.96963321,0.21632890
2175,-0.01373522,-0.25687301,-1.00000000,-0.79289767,-0.07839879
2176,0.01765115,0.01360302,1.00000000,-0.73215297,0.09919887
2177,-0.00026425,-0.31036532,-1.00000000,-0.69896302,0.11206618
2178,-0.00324432,0.08137964,1.00000000,-0.61313449,0.18325108
2179,-0.00756292,-0.14222915,-1.00000000,-0.99421694,-0.04370809
2180,-0.00067248,-0.17942447,-1.00000000,-0.92890045,0.10614689
2181,-0.01094912,-0.23332658,-1.00000000,-0.83424616,-0.22195376
2182,0.00667896,-0.14732440,-1.00000000,-0.98526947,-0.14230162
2183,-0.00521622,-0.27559101,-1.00000000,-0.76002812,-0.16492316
2184,0.00838015,-0.05556831,1.00000000,-0.85362063,0.01797480
2185,0.00918536,-0.20403651,-1.00000000,-0.88568071,0.13106335
2186,0.00151880,-0.03433519,1.00000000,-0.81633441,0.27409462
2187,-0.00053149,-0.02428505,1.00000000,-0.79868595,0.19137677
2188,0.00242874,-0.11997423,1.00000000,-0.96672002,0.27907931
2189,0.00017025,-0.14556461,-1.00000000,-0.98835972,0.18489587
2190,-0.00821008,-0.10861691,1.00000000,-0.94677612,-0.01466355
2191,-0.00208212,-0.13680595,1.00000000,-0.99627721,-0.05597311
2192,0.00306229,-0.24140395,-1.00000000,-0.82006197,-0.01474544
2193,-0.00533824,-0.16491867,-1.00000000,-0.95437322,-0.10384780
2194,-0.00538467,-0.10070927,1.00000000,-0.93288998,-0.16757351
2195,-0.00079160,-0.20555950,-1.00000000,-0.88300628,-0.08246921
2196,-0.00231463,-0.20613897,-1.00000000,-0.88198870,-0.08513650
2197,-0.00377718,-0.14881121,-1.00000000,-0.98265856,-0.16359852
2198,0.00888580,-0.16782066,-1.00000000,-0.94927721,-0.00042112
2199,-0.00970037,-0.18607527,-1.00000000,-0.91722138,-0.04993060
2200,-0.00165874,-0.02802391,1.00000000,-0.80525155,-0.05987832
2201,-0.00153732,-0.26000486,-1.00000000,-0.78739803,-0.05096106
2202,0.00268595,-0.15963425,-1.00000000,-0.96365288,0.02318359
2203,-0.00211961,-0.15811876,-1.00000000,-0.96631414,-0.10306992
2204,-0.00256507,-0.10540653,1.00000000,-0.94113856,-0.02121413
2205,0.00581154,-0.16538663,-1.00000000,-0.95355147,0.06448451
2206,-0.00027908,-0.17094647,-1.00000000,-0.94378815,0.07891890
2207,0.00140671,-0.06639487,1.00000000,-0.87263250,0.06424346
2208,-0.00296548,-0.14241426,-1.00000000,-0.99389186,0.05453971
2209,0.00083023,-0.12137329,1.00000000,-0.96917683,0.09349034
2210,-0.00285259,-0.17594422,-1.00000000,-0.93501191,-0.00590415
2211,0.00183036,-0.12856852,1.00000000,-0.98181195,0.01829524
2212,0.00614472,-0.17453521,-1.00000000,-0.93748618,0.07264943
2213,-0.00547799,-0.11608554,1.00000000,-0.95989133,0.04382607
2214,-0.00154424,-0.06223640,1.00000000,-0.86533006,0.01658625
2215,0.01072844,-0.20730379,-1.00000000,-0.87994324,0.17238707
2216,0.01168547,-0.15820521,-1.00000000,-0.96616233,0.28544441
2217,0.00586195,-0.00502528,1.00000000,-0.76486503,0.28220053
2218,-0.00240502,0.00691985,1.00000000,-0.74388888,0.31745349
2219,-0.00265097,-0.06576571,1.00000000,-0.87152767,0.30475724
2220,-0.00611206,-0.16894887,-1.00000000,-0.94729602,0.11156403
2221,0.00227160,-0.17201861,-1.00000000,-0.94190543,0.00356855
2222,0.00502421,-0.21521781,-1.00000000,-0.86604590,-0.00604202
2223,0.00307443,-0.11057829,1.00000000,-0.95022037,0.05681791
2224,-0.00130828,-0.07622193,1.00000000,-0.88988922,0.07222117
2225,0.00341904,-0.10055781,1.00000000,-0.93262401,0.18156136
2226,0.00265160,-0.15526001,-1.00000000,-0.97133422,0.18592077
2227,-0.00126547,-0.09625664,1.00000000,-0.92507097,0.11376592
2228,-0.00039663,-0.10583529,1.00000000,-0.94189147,0.07394609
2229,0.00323329,-0.15472578,-1.00000000,-0.97227235,0.12604672
2230,0.00315995,-0.14388143,-1.00000000,-0.99131545,0.12307447
2231,-0.00618738,-0.09857498,1.00000000,-0.92914207,0.02167420
2232,0.00186098,-0.09949042,1.00000000,-0.93074963,0.05754071
2233,0.00484875,-0.21615790,-1.00000000,-0.86439505,0.11771541
2234,0.00651758,-0.11570333,1.00000000,-0.95922014,0.15539252
2235,0.00197251,-0.07841188,1.00000000,-0.89373486,0.14177034
2236,0.00178875,-0.05758261,1.00000000,-0.85715781,0.23327207
2237,-0.00151024,-0.11431123,1.00000000,-0.95677557,0.19459765
2238,-0.00261036,-0.11660482,1.00000000,-0.96080320,0.10902721
2239,-0.00120558,-0.15778076,-1.00000000,-0.96690768,0.02042759
2240,-0.00320868,-0.17151177,-1.00000000,-0.94279546,-0.03901074
2241,-0.00287559,-0.15397823,-1.00000000,-0.97358507,-0.09251978
2242,0.00802712,-0.17897960,-1.00000000,-0.92968165,0.01689226
2243,0.01023938,-0.17482219,-1.00000000,-0.93698223,0.16430373
2244,-0.00382268,-0.03874142,1.00000000,-0.82407192,0.13428055
2245,-0.00460975,-0.01112937,1.00000000,-0.77558405,0.11820746
2246,0.00223858,-0.18664319,-1.00000000,-0.91622408,0.17687687
2247,0.00419968,-0.19646699,-1.00000000,-0.89897309,0.13296864
2248,-0.00131057,-0.11099038,1.00000000,-0.95094402,0.00046826
2249,0.00375634,-0.08651320,1.00000000,-0.90796109,0.08741429
2250,-0.01028215,-0.15528863,-1.00000000,-0.97128396,0.02234083
2251,-0.00498116,-0.09204667,1.00000000,-0.91767810,-0.06048366
2252,-0.00084648,-0.26726635,-1.00000000,-0.77464655,-0.11837290
2253,0.00349276,-0.20110270,-1.00000000,-0.89083260,-0.06326938
2254,0.00018325,-0.14949618,-1.00000000,-0.98145573,-0.10425968
2255,0.00908674,-0.09533648,1.00000000,-0.92345513,0.11793921
2256,-0.00056588,-0.13664376,1.00000000,-0.99599239,0.16859105
2257,-0.00418173,-0.02551590,1.00000000,-0.80084738,0.13032925
2258,0.00387625,-0.14599393,-1.00000000,-0.98760582,0.13472868
2259,-0.00149649,-0.19112468,-1.00000000,-0.90835440,0.11545879
2260,0.00217476,-0.09054994,1.00000000,-0.91504978,0.03616496
2261,0.00390647,-0.15760923,-1.00000000,-0.96720888,0.08747159
2262,-0.00433602,-0.11178690,1.00000000,-0.95234273,0.08570156
2263,-0.00626397,-0.09017277,1.00000000,-0.91438746,-0.03062650
2264,-0.01013557,-0.19305046,-1.00000000,-0.90497266,-0.12973344
2265,0.00337079,-0.21711386,-1.00000000,-0.86271636,-0.11601267
2266,0.00855151,-0.26543672,-1.00000000,-0.77785946,-0.06272502
2267,0.00605347,-0.09685882,1.00000000,-0.92612842,0.05646261
2268,-0.00212540,-0.03219628,1.00000000,-0.81257839,0.10394004
2269,-0.00191662,-0.06337535,1.00000000,-0.86733011,0.19822735
2270,-0.00439575,-0.16545882,-1.00000000,-0.95342469,0.10912997
2271,0.00077007,-0.16285295,-1.00000000,-0.95800071,0.01986174
2272,-0.00041863,-0.19379599,-1.00000000,-0.90366348,-0.05438579
2273,-0.00867568,-0.12931933,1.00000000,-0.98313040,-0.12953020
2274,-0.00369688,-0.14415602,-1.00000000,-0.99083326,-0.14995327
2275,-0.00001518,-0.24721528,-1.00000000,-0.80985704,-0.09969953
2276,0.00805089,-0.18507307,-1.00000000,-0.91898127,-0.01617447
2277,-0.00117050,-0.13912036,-1.00000000,-0.99967610,-0.02479985
2278,0.00603693,-0.03844480,1.00000000,-0.82355105,0.14398233
2279,-0.00181966,-0.15354036,-1.00000000,-0.97435399,0.16551771
2280,0.00008639,-0.06358174,1.00000000,-0.86769252,0.16668286
2281,-0.00336439,-0.16164277,-1.00000000,-0.96012583,0.03572744
2282,-0.00520203,-0.13785269,1.00000000,-0.99811532,-0.01052204
2283,0.00766150,-0.18092315,-1.00000000,-0.92626870,0.00811497
2284,0.00479677,-0.20385939,-1.00000000,-0.88599175,0.08401824
2285,-0.00062766,-0.04330484,1.00000000,-0.83208547,0.07582673
2286,-0.01294411,-0.07906067,1.00000000,-0.89487416,-0.03407125
2287,0.00634192,-0.14676497,-1.00000000,-0.98625184,0.09836023
2288,-0.00184330,-0.30049120,-1.00000000,-0.71630238,-0.01067831
2289,-0.00157560,-0.05977509,1.00000000,-0.86100791,-0.08378173
2290,0.00791450,-0.16193781,-1.00000000,-0.95960772,0.01421340
2291,0.00993142,-0.15859656,-1.00000000,-0.96547509,0.27664019
2292,0.00410195,-0.04014712,1.00000000,-0.82654039,0.25094347
2293,-0.00357496,-0.01497315,1.00000000,-0.78233388,0.23107793
2294,0.00208852,-0.08773290,1.00000000,-0.91010294,0.27311244
2295,0.00453752,-0.18355135,-1.00000000,-0.92165348,0.23437200
2296,0.00403156,-0.11286338,1.00000000,-0.95423309,0.16668917
2297,0.00258083,-0.08229638,1.00000000,-0.90055619,0.14923887
2298,-0.01052026,-0.08861148,1.00000000,-0.91164576,0.06956283
2299,-0.01479216,-0.10671867,1.00000000,-0.94344273,-0.12409136
2300,-0.01033713,-0.27023819,-1.00000000,-0.76942788,-0.29473255
2301,0.01400828,-0.32355745,-1.00000000,-0.67579711,-0.18028019
2302,-0.00638730,-0.26795251,-1.00000000,-0.77344163,-0.28316200
2303,-0.01007228,0.03591170,1.00000000,-0.69297804,-0.27802279
2304,-0.00104945,-0.21865318,-1.00000000,-0.86001324,-0.12036719
2305,0.01086703,-0.26464677,-1.00000000,-0.77924663,0.12288569
2306,-0.00813342,-0.15202953,-1.00000000,-0.97700707,-0.13112271
2307,-0.00226163,-0.00329549,1.00000000,-0.76182745,-0.08379330
2308,-0.00008604,-0.24044723,-1.00000000,-0.82174200,0.03076823
2309,-0.00009292,-0.16715919,-1.00000000,-0.95043877,0.04174148
2310,-0.00455811,-0.14000484,-1.00000000,-0.99812292,-0.13521482
2311,0.00367705,-0.14009073,-1.00000000,-0.99797208,0.00027422
2312,0.00652658,-0.19582240,-1.00000000,-0.90010501,0.10109212
2313,0.00054823,-0.09303634,1.00000000,-0.91941600,0.10836843
2314,-0.00231473,-0.05747019,1.00000000,-0.85696041,0.08287994
2315,-0.00496939,-0.13208827,1.00000000,-0.98799277,0.07816172
2316,-0.01133948,-0.16782199,-1.00000000,-0.94927487,-0.09410698
2317,0.00254799,-0.20095579,-1.00000000,-0.89109058,-0.13974921
2318,-0.00841240,-0.28046318,-1.00000000,-0.75147239,-0.24254501
2319,-0.00494263,-0.10712855,1.00000000,-0.94416249,-0.27269209
2320,-0.00243573,-0.24392919,-1.00000000,-0.81562754,-0.24362601
2321,0.01823348,-0.20062175,-1.00000000,-0.89167716,0.09563330
2322,-0.00571363,-0.16933215,-1.00000000,-0.94662297,0.00085654
2323,0.00571717,0.08864799,1.00000000,-0.60037097,0.16295018
2324,-0.00259120,-0.21024484,-1.00000000,-0.87477863,0.18992569
2325,0.00650126,-0.06757272,1.00000000,-0.87470086,0.29245029
2326,-0.00506054,-0.17127264,-1.00000000,-0.94321539,0.02522259
2327,0.00280235,-0.05778627,1.00000000,-0.85751545,0.12291738
2328,-0.00193950,-0.20209342,-1.00000000,-0.88909285,0.03508041
2329,-0.01143093,-0.10395376,1.00000000,-0.93858743,-0.06632854
2330,0.00536220,-0.16313858,-1.00000000,-0.95749913,-0.07939573
2331,0.00064497,-0.28160469,-1.00000000,-0.74946785,-0.01394240
2332,-0.01318936,-0.07200326,1.00000000,-0.88248105,-0.19739841
2333,0.00405308,-0.13088077,1.00000000,-0.98587235,-0.12865182
2334,0.00018511,-0.30355230,-1.00000000,-0.71092697,0.00460677
2335,-0.00349952,-0.08834289,1.00000000,-0.91117412,-0.09705444
2336,-0.00832901,-0.13662050,1.00000000,-0.99595155,-0.20000343
2337,-0.00769189,-0.18260976,-1.00000000,-0.92330695,-0.13693675
2338,-0.00129102,-0.24288838,-1.00000000,-0.81745526,-0.19824404
2339,-0.00350929,-0.23493630,-1.00000000,-0.83141943,-0.24062600
2340,-0.00868668,-0.15504469,-1.00000000,-0.97171233,-0.30013284
2341,-0.00304923,-0.18273171,-1.00000000,-0.92309279,-0.23956354
2342,-0.00332352,-0.24735267,-1.00000000,-0.80961577,-0.18944985
2343,-0.00082789,-0.17698951,-1.00000000,-0.93317633,-0.18413674
2344,-0.01080951,-0.18041304,-1.00000000,-0.92716447,-0.26788444
2345,0.00577063,-0.14926408,-1.00000000,-0.98186332,-0.10203100
2346,-0.00530138,-0.27384848,-1.00000000,-0.76308806,-0.12786757
2347,0.00393151,-0.06690558,1.00000000,-0.87352932,-0.04463829
2348,0.00220863,-0.20509947,-1.00000000,-0.88381411,-0.00980358
2349,-0.00041388,-0.08986032,1.00000000,-0.91383878,0.10945448
2350,0.00207255,-0.11136421,1.00000000,-0.95160047,0.06703032
2351,-0.00209200,-0.14409676,-1.00000000,-0.99093733,0.10384816
2352,0.00866665,-0.11306269,1.00000000,-0.95458308,0.15816950
2353,-0.00404368,-0.16504198,-1.00000000,-0.95415668,0.08644341
2354,-0.00230368,-0.03075918,1.00000000,-0.81005478,0.06476381
2355,0.00131563,-0.18940157,-1.00000000,-0.91138026,0.05608050
2356,0.00596219,-0.16768398,-1.00000000,-0.94951722,0.14847775
2357,0.00480820,-0.12251005,1.00000000,-0.97117303,0.10421380
2358,0.00375188,-0.06451458,1.00000000,-0.86933063,0.19364396
2359,0.00531980,-0.07891797,1.00000000,-0.89462357,0.28110001
2360,0.00271274,-0.09210233,1.00000000,-0.91777584,0.29712758
2361,-0.00040211,-0.07253256,1.00000000,-0.88341054,0.22411669
2362,-0.00291094,-0.10507219,1.00000000,-0.94055144,0.13556312
2363,0.00364463,-0.14394979,-1.00000000,-0.99119542,0.13433277
2364,-0.00211229,-0.17526348,-1.00000000,-0.93620731,0.04907227
2365,0.00187952,-0.09344094,1.00000000,-0.92012649,0.03951356
2366,-0.00163583,-0.16529524,-1.00000000,-0.95371194,0.02536042
2367,-0.00580857,-0.11547198,1.00000000,-0.95881389,-0.00788104
2368,-0.01461667,-0.15934829,-1.00000000,-0.96415503,-0.21737365
2369,0.00483669,-0.21142990,-1.00000000,-0.87269762,-0.13765529
2370,0.00257849,-0.32136708,-1.00000000,-0.67964349,-0.12963674
2371,0.00103746,-0.07856237,1.00000000,-0.89399911,-0.09896893
2372,0.00426873,-0.10674786,1.00000000,-0.94349399,0.01663737
2373,-0.00165769,-0.12598199,1.00000000,-0.97726988,0.16530210
2374,0.00864466,-0.08565125,1.00000000,-0.90644748,0.20898695
2375,0.00377989,-0.15962114,-1.00000000,-0.96367589,0.22276933
2376,0.00377402,-0.03103363,1.00000000,-0.81053673,0.25416297
2377,-0.00271385,-0.09175276,1.00000000,-0.91716198,0.17405911
2378,0.00244243,-0.09182597,1.00000000,-0.91729054,0.22109539
2379,-0.00330195,-0.17280355,-1.00000000,-0.94052705,0.08404450
2380,-0.00190688,-0.10844608,1.00000000,-0.94647612,0.01880625
2381,0.00787618,-0.18014380,-1.00000000,-0.92763727,0.06586599
2382,-0.00228341,-0.16273141,-1.00000000,-0.95821414,0.07080403
2383,-0.00384342,-0.04062539,1.00000000,-0.82738025,-0.00130688
2384,-0.00066751,-0.16743100,-1.00000000,-0.94996146,0.02891522
2385,0.00737961,-0.18690212,-1.00000000,-0.91576939,0.13544927
2386,0.00219096,-0.14726242,-1.00000000,-0.98537830,0.07022871
2387,-0.00083766,-0.04682329,1.00000000,-0.83826401,0.08681427
2388,0.00506399,-0.11158479,1.00000000,-0.95198782,0.18899955
2389,0.00607681,-0.14938606,-1.00000000,-0.98164911,0.26637009
2390,0.00573702,-0.07572543,1.00000000,-0.88901734,0.24752638
2391,0.00295723,-0.06308395,1.00000000,-0.86681839,0.25631705
2392,0.00734466,-0.06732508,1.00000000,-0.87426598,0.35018420
2393,-0.00197248,-0.10202061,1.00000000,-0.93519275,0.26946232
2394,0.00790827,-0.04725943,1.00000000,-0.83902989,0.29047268
2395,0.00220205,-0.16355013,-1.00000000,-0.95677643,0.24991976
2396,0.00113462,-0.04022485,1.00000000,-0.82667690,0.22901089
2397,0.00101059,-0.11144630,1.00000000,-0.95174463,0.15634679
2398,0.00700229,-0.12476928,1.00000000,-0.97514032,0.25930480
2399,-0.00257289,-0.12631734,1.00000000,-0.97785878,0.13906556
2400,0.00882758,-0.05153271,1.00000000,-0.84653394,0.21507327
2401,-0.00303858,-0.17104410,-1.00000000,-0.94361671,0.16719849
2402,0.00472200,-0.02875057,1.00000000,-0.80652759,0.20977556
2403,-0.00672516,-0.17685663,-1.00000000,-0.93340967,0.05229499
2404,0.00377105,-0.07999386,1.00000000,-0.89651287,0.12507233
2405,0.00297549,-0.22287019,-1.00000000,-0.85260800,0.05793741
2406,-0.00151567,-0.09186299,1.00000000,-0.91735555,0.07540817
2407,0.00158298,-0.10179278,1.00000000,-0.93479266,0.03939745
2408,0.00109443,-0.15784859,-1.00000000,-0.96678856,0.12910339
2409,0.00027045,-0.11917321,1.00000000,-0.96531339,0.08894468
2410,-0.00348120,-0.12527092,1.00000000,-0.97602122,0.01487399
2411,-0.00071071,-0.13555532,1.00000000,-0.99408104,0.02410846
2412,-0.00969257,-0.18238104,-1.00000000,-0.92370859,-0.10524398
2413,-0.00239438,-0.14780156,-1.00000000,-0.98443155,-0.14526739
2414,-0.00893247,-0.25990753,-1.00000000,-0.78756894,-0.25084277
2415,-0.00143542,-0.16881605,-1.00000000,-0.94752927,-0.22737375
2416,-0.00481884,-0.25042041,-1.00000000,-0.80422870,-0.27450196
2417,-0.01349141,-0.15684695,-1.00000000,-0.96854749,-0.31808204
2418,-0.00348765,-0.19907666,-1.00000000,-0.89439041,-0.33062402
2419,0.00129966,-0.30732227,-1.00000000,-0.70430674,-0.21324166
2420,-0.00326425,-0.18246161,-1.00000000,-0.92356710,-0.23422191
2421,0.01186707,-0.12270943,1.00000000,-0.97152314,-0.04280208
2422,-0.01475590,-0.17967328,-1.00000000,-0.92846353,-0.05730820
2423,-0.00091606,0.00918645,1.00000000,-0.73990865,-0.02780700
2424,0.00041480,-0.32310480,-1.00000000,-0.67659197,-0.03795801
2425,-0.00667331,-0.15036457,-1.00000000,-0.97993081,-0.07706652
2426,-0.00468704,-0.13375363,1.00000000,-0.99091721,-0.26697438
2427,-0.00455581,-0.22222299,-1.00000000,-0.85374451,-0.14995958
2428,-0.00148560,-0.19743165,-1.00000000,-0.89727911,-0.15649337
2429,-0.00402670,-0.19579372,-1.00000000,-0.90015539,-0.20744605
2430,0.00503142,-0.15747327,-1.00000000,-0.96744763,-0.07317001
2431,-0.00120038,-0.18918971,-1.00000000,-0.91175230,-0.03317127
2432,0.00427831,-0.07613184,1.00000000,-0.88973101,0.06817322
2433,0.00883205,-0.15391337,-1.00000000,-0.97369897,0.18653675
2434,0.00725633,-0.08553179,1.00000000,-0.90623771,0.31597509
2435,-0.00032456,-0.02869479,1.00000000,-0.80642963,0.25453150
2436,-0.01299764,-0.04836191,1.00000000,-0.84096590,0.11919406
2437,-0.00222654,-0.14298193,-1.00000000,-0.99289501,0.04457082
2438,0.00458484,-0.30115932,-1.00000000,-0.71512913,-0.00415292
2439,0.00505871,-0.16672123,-1.00000000,-0.95120785,-0.02936397
2440,0.00296812,-0.08170579,1.00000000,-0.89951909,0.00840953
2441,0.00231096,-0.07579132,1.00000000,-0.88913304,0.18402887
2442,0.00120878,-0.10188470,1.00000000,-0.93495408,0.22343873
2443,0.00697009,-0.11008701,1.00000000,-0.94935767,0.25080211
2444,-0.00209868,-0.12384364,1.00000000,-0.97351487,0.16869298
2445,-0.00059345,-0.05193467,1.00000000,-0.84723980,0.12783490
2446,0.00422162,-0.16512533,-1.00000000,-0.95401031,0.14975395
2447,0.00153157,-0.14633794,-1.00000000,-0.98700173,0.15345695
2448,0.01438830,-0.08623927,1.00000000,-0.90748007,0.23855824
2449,0.00019280,-0.11981482,1.00000000,-0.96644009,0.26484595
2450,-0.00175582,0.04065479,1.00000000,-0.68464896,0.25151126
2451,0.00249002,-0.13652453,1.00000000,-0.99578302,0.23164646
2452,0.00153808,-0.16084596,-1.00000000,-0.96152506,0.23172109
2453,0.00231724,-0.10785200,1.00000000,-0.94543290,0.09324260
2454,0.00216645,-0.11973362,1.00000000,-0.96629751,0.11588419
2455,-0.00030548,-0.11000859,1.00000000,-0.94921995,0.13252237
2456,-0.00562008,-0.11189068,1.00000000,-0.95252498,0.03948374
2457,0.00112508,-0.14274377,-1.00000000,-0.99331324,0.03474583
2458,-0.00077012,-0.20907722,-1.00000000,-0.87682902,-0.00067216
2459,0.00477052,-0.12488843,1.00000000,-0.97534956,0.02920158
2460,-0.00341146,-0.14854305,-1.00000000,-0.98312947,-0.00642997
2461,-0.00351045,-0.07938831,1.00000000,-0.89544951,0.01777157
2462,0.00064758,-0.18151059,-1.00000000,-0.92523714,0.01229373
2463,0.00409071,-0.18274616,-1.00000000,-0.92306742,0.06805687
2464,0.00120781,-0.13084827,1.00000000,-0.98581528,0.02718575
2465,-0.00514361,-0.08787324,1.00000000,-0.91034938,0.00731452
2466,-0.00288172,-0.12385574,1.00000000,-0.97353611,0.01452730
2467,0.00439390,-0.20313030,-1.00000000,-0.88727204,0.05750491
2468,-0.00542758,-0.17489872,-1.00000000,-0.93684785,-0.05168843
2469,-0.00290386,-0.08408901,1.00000000,-0.90370413,-0.09885729
2470,0.00021393,-0.20667464,-1.00000000,-0.88104805,-0.03739589
2471,0.01180164,-0.17517504,-1.00000000,-0.93636261,0.13105075
2472,-0.00546679,-0.13626084,1.00000000,-0.99531996,0.01792951
2473,0.00441129,0.00836975,1.00000000,-0.74134281,0.13080046
2474,-0.00744968,-0.20716393,-1.00000000,-0.88018883,0.07865107
2475,-0.00853505,-0.08387202,1.00000000,-0.90332309,-0.02171674
2476,0.00410236,-0.23191313,-1.00000000,-0.83672823,-0.11004241
2477,0.00174827,-0.24546013,-1.00000000,-0.81293915,-0.02727170
2478,-0.00442667,-0.08772781,1.00000000,-0.91009400,-0.12866025
2479,-0.00398147,-0.11711013,1.00000000,-0.96169054,-0.08887319
2480,0.00960135,-0.19418187,-1.00000000,-0.90298585,0.11918659
2481,-0.00828246,-0.18862516,-1.00000000,-0.91274366,-0.02289135
2482,-0.00061652,-0.01909291,1.00000000,-0.78956835,-0.05002009
2483,-0.00037217,-0.24230737,-1.00000000,-0.81847554,-0.00350703
2484,-0.00034147,-0.14662596,-1.00000000,-0.98649596,0.03825091
2485,0.00912731,-0.14357607,-1.00000000,-0.99185169,0.03281278
2486,-0.00018219,-0.14319289,-1.00000000,-0.99252457,0.12573863
2487,-0.00250855,-0.02500955,1.00000000,-0.79995821,0.10403338
2488,0.01074452,-0.14120485,-1.00000000,-0.99601565,0.23156334
2489,0.00164480,-0.17024108,-1.00000000,-0.94502684,0.25434969
2490,-0.01666583,-0.00482458,1.00000000,-0.76451258,-0.04154770
2491,-0.00210106,-0.11840153,1.00000000,-0.96395830,-0.06356098
2492,-0.00560315,-0.34694334,-1.00000000,-0.63473054,-0.09906200
2493,-0.00479393,-0.16515510,-1.00000000,-0.95395803,-0.27731815
2494,-0.00045012,-0.20886588,-1.00000000,-0.87720013,-0.30135102
2495,-0.00394281,-0.19876572,-1.00000000,-0.89493644,-0.15539325
2496,0.00676345,-0.14454909,-1.00000000,-0.99014303,-0.05370007
2497,0.00216957,-0.18814256,-1.00000000,-0.91359113,0.03546804
2498,-0.01011567,-0.05451382,1.00000000,-0.85176889,-0.02558265
2499,-0.00046759,-0.11185175,1.00000000,-0.95245662,-0.02578297
2500,0.00237868,-0.26518834,-1.00000000,-0.77829563,0.04673681
2501,-0.00056042,-0.14476703,-1.00000000,-0.98976031,-0.03728214
2502,0.00193296,-0.10924167,1.00000000,-0.94787322,-0.03999645
2503,0.00146447,-0.14592570,-1.00000000,-0.98772564,0.09285021
2504,0.01637363,-0.11480490,1.00000000,-0.95764247,0.28605165
2505,-0.00470920,-0.12065232,1.00000000,-0.96791078,0.20473989
2506,-0.00500590,0.06543445,1.00000000,-0.64113489,0.15374158
2507,0.00873040,-0.19770816,-1.00000000,-0.89679354,0.23172146
2508,-0.00995833,-0.20141141,-1.00000000,-0.89029050,0.10067971
2509,-0.01703308,-0.02996347,1.00000000,-0.80865749,-0.28256018
2510,0.00852335,-0.26322460,-1.00000000,-0.78174402,-0.13075719
2511,0.00370834,-0.35152721,-1.00000000,-0.62668108,-0.03078796
2512,0.00052476,-0.03254784,1.00000000,-0.81319575,-0.12492271
2513,-0.02062470,-0.09264576,1.00000000,-0.91873012,-0.24728668
2514,-0.00278429,-0.13238125,1.00000000,-0.98850725,-0.08382532
2515,0.01152923,-0.39635554,-1.00000000,-0.54796073,-0.04934201
2516,-0.00430654,-0.17368268,-1.00000000,-0.93898326,-0.14128830
2517,0.00668687,0.00496970,1.00000000,-0.74731343,-0.07059685
2518,0.00876368,-0.19268253,-1.00000000,-0.90561877,0.26654501
2519,-0.00319739,-0.05546957,1.00000000,-0.85344724,0.26180597
2520,0.00920761,-0.02954813,1.00000000,-0.80792813,0.23517245
2521,-0.00402596,-0.17883871,-1.00000000,-0.92992907,0.23839128
2522,0.02216932,-0.02400734,1.00000000,-0.79819828,0.41600507
2523,-0.00620812,-0.18918046,-1.00000000,-0.91176853,0.24424938
2524,-0.00772097,0.13777267,1.00000000,-0.51410605,0.19235513
2525,-0.00158695,-0.21641682,-1.00000000,-0.86394039,0.06852061
2526,-0.00028682,-0.23529920,-1.00000000,-0.83078217,0.11141585
2527,-0.00484453,-0.15873821,-1.00000000,-0.96522635,-0.19848555
2528,-0.00580612,-0.14251082,-1.00000000,-0.99372231,-0.19387384
2529,0.00499112,-0.19939735,-1.00000000,-0.89382726,-0.04804154
2530,0.00803123,-0.21139932,-1.00000000,-0.87275132,0.06229762
2531,0.00495354,-0.07663493,1.00000000,-0.89061446,0.12241471
2532,0.01432056,-0.03869016,1.00000000,-0.82398191,0.34227557
2533,-0.02137137,-0.07710395,1.00000000,-0.89143807,0.16371199
2534,0.00500531,0.03980935,1.00000000,-0.68613360,0.16387481
2535,0.00067521,-0.40567494,-1.00000000,-0.53159547,0.07948702
2536,0.01757814,-0.07645778,1.00000000,-0.89030338,0.22431577
2537,-0.00355548,-0.13050334,1.00000000,-0.98520957,0.01924283
2538,0.00179652,0.08046847,1.00000000,-0.61473454,0.28502355
2539,-0.00024234,-0.18330822,-1.00000000,-0.92208042,0.22482286
2540,-0.00146724,-0.11650784,1.00000000,-0.96063290,0.20024480
2541,0.01142248,-0.14195561,-1.00000000,-0.99469729,0.12962736
2542,-0.00323532,-0.15724405,-1.00000000,-0.96785016,0.13330028
2543,-0.00022021,0.00363731,1.00000000,-0.74965317,0.11016437
2544,0.00277348,-0.17931212,-1.00000000,-0.92909774,0.14476165
2545,-0.00289707,-0.14167951,-1.00000000,-0.99518212,0.12835865
2546,0.01128772,-0.10431406,1.00000000,-0.93922014,0.12681270
2547,-0.00425009,-0.17509037,-1.00000000,-0.93651131,0.11517124
2548,0.01017699,0.00195532,1.00000000,-0.75260680,0.23444735
2549,-0.00684656,-0.19197793,-1.00000000,-0.90685607,0.12408680
2550,0.00085129,-0.01190815,1.00000000,-0.77695161,0.16708785
2551,0.00431954,-0.22438538,-1.00000000,-0.84994728,0.08714932
2552,0.00079934,-0.12830559,1.00000000,-0.98135024,0.14507610
2553,0.00052600,-0.08501711,1.00000000,-0.90533390,0.03436050
2554,0.00224167,-0.12895410,1.00000000,-0.98248903,0.13862018
2555,0.00162876,-0.13236575,1.00000000,-0.98848003,0.14753916
2556,0.00060712,-0.11095176,1.00000000,-0.95087620,0.10495044
2557,-0.00426617,-0.11860182,1.00000000,-0.96431002,0.04683926
2558,0.00060405,-0.13135327,1.00000000,-0.98670207,0.04773463
2559,-0.00674570,-0.19217855,-1.00000000,-0.90650376,-0.05536804
2560,0.00379331,-0.13139159,1.00000000,-0.98676937,-0.03053633
2561,0.00178673,-0.22312655,-1.00000000,-0.85215782,-0.01700394
2562,0.00516447,-0.09158514,1.00000000,-0.91686764,0.09118383
2563,-0.01596701,-0.11663014,1.00000000,-0.96084766,-0.09891837
2564,0.00073621,-0.07447121,1.00000000,-0.88681488,-0.01308633
2565,0.00429115,-0.33822112,-1.00000000,-0.65004710,-0.00737522
2566,0.00197582,-0.12974205,1.00000000,-0.98387271,-0.00520598
2567,0.00628134,-0.08537150,1.00000000,-0.90595623,0.00760665
2568,0.01043108,-0.11427003,1.00000000,-0.95670322,0.31044408
2569,-0.00846472,-0.06053117,1.00000000,-0.86233561,0.20489153
2570,-0.00761542,-0.00873665,1.00000000,-0.77138234,0.06830000
2571,0.00882151,-0.24458230,-1.00000000,-0.81448067,0.14683338
2572,-0.06301736,-0.23398189,-1.00000000,-0.83309541,-0.64815745
2573,-0.02085304,-0.02882640,1.00000000,-0.80666074,-1.00704718
2574,-0.03738779,-0.92547426,-1.00000000,0.38119315,-1.33885096
2575,-0.00147816,-0.39920554,-1.00000000,-0.54295600,-1.26844462
2576,0.00094734,-0.60558192,-1.00000000,-0.18055073,-1.35877666
2577,0.01737976,-0.15738041,-1.00000000,-0.96761071,-0.43646541
2578,-0.01092290,-0.12710687,1.00000000,-0.97924522,-0.32254745
2579,0.00347901,0.07799232,1.00000000,-0.61908275,0.14627420
2580,-0.00761362,-0.27526379,-1.00000000,-0.76060272,0.07588860
2581,0.00032895,-0.09550805,1.00000000,-0.92375643,0.06879453
2582,0.01536910,-0.23395933,-1.00000000,-0.83313503,0.04572837
2583,0.03123290,-0.13482515,1.00000000,-0.99279884,0.52933741
2584,-0.00018308,0.05289655,1.00000000,-0.66315195,0.48732611
2585,0.01954632,0.25089862,1.00000000,-0.31545230,0.79890341
2586,-0.00006430,-0.14121599,-1.00000000,-0.99599609,0.79439201
2587,0.01342669,0.10503406,1.00000000,-0.57159637,0.77210878
2588,-0.01652067,-0.13973351,-1.00000000,-0.99859937,0.22428251
2589,0.00778614,0.02865259,1.00000000,-0.70572532,0.31570490
2590,0.01136418,-0.34513158,-1.00000000,-0.63791206,0.22183979
2591,0.01879200,-0.04174922,1.00000000,-0.82935375,0.43815826
2592,0.01697955,0.00290963,1.00000000,-0.75093099,0.47891654
2593,0.00097507,0.09561910,1.00000000,-0.58812942,0.67962668
2594,-0.02873088,0.07299724,1.00000000,-0.62785431,0.26070556
2595,0.01455364,-0.12676071,1.00000000,-0.97863735,0.29729488
2596,0.02839093,-0.49753175,-1.00000000,-0.37029121,0.40741321
2597,0.02450420,0.04271849,1.00000000,-0.68102503,0.49373558
2598,-0.00901867,0.21542689,1.00000000,-0.37774209,0.37908792
2599,-0.01304716,0.16691523,1.00000000,-0.46293053,0.55901058
2600,-0.04875970,-0.25149637,-1.00000000,-0.80233928,-0.16731653
2601,0.00457737,-0.30177746,-1.00000000,-0.71404365,-0.44050430
2602,-0.02076815,-0.74751907,-1.00000000,0.06869663,-0.95986614
2603,0.01133623,-0.08179902,1.00000000,-0.89968280,-0.72635580
2604,0.01375464,-0.39814593,-1.00000000,-0.54481672,-0.41888702
2605,0.02501146,0.00256085,1.00000000,-0.75154347,0.42741166
2606,0.01899395,0.03274590,1.00000000,-0.69853731,0.59279777
2607,0.02075162,0.17324651,1.00000000,-0.45181255,1.06911023
2608,-0.00407315,0.09813963,1.00000000,-0.58370327,0.89233471
2609,0.00006282,0.12007787,1.00000000,-0.54517884,0.73526289
2610,-0.00203994,-0.18976938,-1.00000000,-0.91073437,0.42493068
2611,-0.03177496,-0.13814687,1.00000000,-0.99863191,-0.15748741
2612,-0.01591490,-0.16439223,-1.00000000,-0.95529767,-0.57812374
2613,0.03526488,-0.53552616,-1.00000000,-0.30357148,-0.12684016
2614,-0.02805803,-0.33757079,-1.00000000,-0.65118911,-0.44944095
2615,0.01657443,0.30122322,1.00000000,-0.22708027,-0.23589792
2616,0.00483218,-0.48913371,-1.00000000,-0.38503849,0.18405719
2617,-0.00469472,0.06794072,1.00000000,-0.63673378,0.31277444
2618,-0.01431144,-0.07861867,1.00000000,-0.89409798,-0.25596231
2619,0.00334216,-0.19752755,-1.00000000,-0.89711071,0.10425887
2620,-0.00822889,-0.31755740,-1.00000000,-0.68633343,-0.18028342
2621,0.01271611,-0.09721621,1.00000000,-0.92675602,-0.08983941
2622,-0.00422788,-0.24163881,-1.00000000,-0.81964956,-0.08448379
2623,0.00033391,0.01978363,1.00000000,-0.72129958,0.08352681
2624,0.00030926,-0.19170068,-1.00000000,-0.90734292,0.04873360
2625,0.00599020,-0.13476333,1.00000000,-0.99269028,0.21185416
2626,0.01422706,-0.13507093,1.00000000,-0.99323043,0.22918771
2627,-0.04690229,-0.06416505,1.00000000,-0.86871685,-0.26037071
2628,-0.01422155,0.03864238,1.00000000,-0.68818285,-0.42735005
2629,-0.00408176,-0.72433597,-1.00000000,0.02798618,-0.47772356
2630,0.00430272,-0.31643540,-1.00000000,-0.68830372,-0.49708217
2631,0.01268295,-0.18987687,-1.00000000,-0.91054562,-0.51479612
2632,0.00441833,-0.08522705,1.00000000,-0.90570257,0.07395110
2633,-0.01696543,0.01936975,1.00000000,-0.72202636,0.04247346
2634,0.02455999,-0.08378413,1.00000000,-0.90316875,0.37105002
2635,-0.00355650,-0.35068279,-1.00000000,-0.62816391,0.28088943
2636,-0.00198786,0.16761156,1.00000000,-0.46170775,0.11258667
2637,0.00661807,-0.18332098,-1.00000000,-0.92205801,0.13782200
2638,0.00026463,-0.16374218,-1.00000000,-0.95643918,0.33548428
2639,-0.00616059,-0.05632832,1.00000000,-0.85495524,-0.01694059
2640,-0.00897678,-0.13562795,1.00000000,-0.99420859,-0.07912173
2641,-0.00528769,-0.21582362,-1.00000000,-0.86498207,-0.11697718
2642,-0.00198455,-0.25097353,-1.00000000,-0.80325740,-0.21566590
2643,-0.00366584,-0.20492857,-1.00000000,-0.88411421,-0.26075606
2644,0.00034726,-0.16370079,-1.00000000,-0.95651187,-0.18609827
2645,0.01015670,-0.18468566,-1.00000000,-0.91966158,0.03339997
2646,0.01963970,-0.13459659,1.00000000,-0.99239748,0.31936558
2647,0.02223066,-0.01216136,1.00000000,-0.77739627,0.59716100
2648,0.01033201,0.10619952,1.00000000,-0.56954978,0.75774353
2649,0.00398660,0.13853821,1.00000000,-0.51276173,0.79949378
2650,0.01055756,-0.00997327,1.00000000,-0.77355390,0.80409248
2651,-0.01695332,-0.08917269,1.00000000,-0.91263127,0.38429943
2652,-0.00705727,-0.00715801,1.00000000,-0.76861019,0.04830995
2653,-0.00788619,-0.35053166,-1.00000000,-0.62842931,-0.16068815
2654,-0.00618914,-0.22701542,-1.00000000,-0.84532882,-0.27742366
2655,-0.00398012,-0.23736138,-1.00000000,-0.82716088,-0.44419911
2656,0.00360272,-0.21617990,-1.00000000,-0.86435643,-0.20838140
2657,-0.02703056,-0.18860826,-1.00000000,-0.91277335,-0.43751381
2658,-0.01146210,-0.09396405,1.00000000,-0.92104509,-0.47853643
2659,-0.00810149,-0.47630947,-1.00000000,-0.40755838,-0.50047479
2660,0.02518884,-0.28199364,-1.00000000,-0.74878484,-0.16585018
2661,-0.00680772,-0.24004865,-1.00000000,-0.82244194,-0.28527809
2662,-0.00610693,0.17546041,1.00000000,-0.44792486,-0.04524336
2663,-0.00488231,-0.22390058,-1.00000000,-0.85079861,0.03023959
2664,-0.01451493,-0.21515378,-1.00000000,-0.86615833,-0.04333502
2665,0.00928347,-0.19986884,-1.00000000,-0.89299931,-0.22580051
2666,-0.00059367,-0.32009718,-1.00000000,-0.68187348,-0.15451337
2667,-0.00762365,-0.02306046,1.00000000,-0.79653552,-0.17191311
2668,0.00210602,-0.14634079,-1.00000000,-0.98699673,-0.09174346
2669,-0.01501176,-0.23408455,-1.00000000,-0.83291514,-0.09744314
2670,-0.00992659,-0.11264496,1.00000000,-0.95384952,-0.31781989
2671,0.03811437,-0.32629839,-1.00000000,-0.67098391,0.12623663
2672,0.00862429,-0.26282844,-1.00000000,-0.78243971,0.31263213
2673,-0.01342816,0.33678884,1.00000000,-0.16462561,0.13442497
2674,-0.00537620,-0.03128787,1.00000000,-0.81098319,0.24496365
2675,0.00372326,-0.30653280,-1.00000000,-0.70569309,0.40155404
2676,-0.00076798,-0.20603326,-1.00000000,-0.88217433,-0.04450207
2677,0.01104505,-0.09245946,1.00000000,-0.91840298,-0.01673131
2678,0.00275072,-0.14851632,-1.00000000,-0.98317641,0.16887191
2679,-0.01178010,-0.00107353,1.00000000,-0.75792559,0.09540667
2680,0.00567123,-0.10459811,1.00000000,-0.93971893,0.11775357
2681,-0.00032059,-0.28596280,-1.00000000,-0.74181483,0.12288590
2682,0.00200915,-0.06814624,1.00000000,-0.87570797,0.01922654
2683,0.00946149,-0.14293238,-1.00000000,-0.99298203,0.09621202
2684,-0.00310986,-0.11385401,1.00000000,-0.95597267,0.19567661
2685,0.00399395,-0.02083858,1.00000000,-0.79263381,0.17643506
2686,0.00554411,-0.17774619,-1.00000000,-0.93184757,0.24371461
2687,0.00508367,-0.08908088,1.00000000,-0.91247005,0.27898537
2688,0.00119388,-0.06973282,1.00000000,-0.87849407,0.18413987
2689,0.00683658,-0.07547973,1.00000000,-0.88858588,0.29824480
2690,-0.00218259,-0.12402966,1.00000000,-0.97384152,0.22738780
2691,-0.01941513,-0.05360103,1.00000000,-0.85016599,-0.05894316
2692,0.02758665,-0.16617267,-1.00000000,-0.95217114,0.19920973
2693,-0.01019243,-0.38125840,-1.00000000,-0.57447190,0.06858667
2694,0.00524901,0.20538836,1.00000000,-0.39537016,0.05037411
2695,-0.00373446,-0.26614642,-1.00000000,-0.77661320,0.03257114
2696,-0.00269670,-0.07341612,1.00000000,-0.88496211,0.22436399
2697,-0.00423878,-0.18554215,-1.00000000,-0.91815755,-0.14073550
2698,0.00371360,-0.17258945,-1.00000000,-0.94090301,0.01879368
2699,-0.00474681,-0.19183670,-1.00000000,-0.90710407,-0.09587779
2700,-0.00626352,-0.09258007,1.00000000,-0.91861476,-0.12489101
2701,0.00780538,-0.19817767,-1.00000000,-0.89596906,-0.00441178
2702,0.00459312,-0.21710829,-1.00000000,-0.86272614,0.09690723
2703,-0.00373778,-0.04150909,1.00000000,-0.82893207,0.01142534
2704,0.00350970,-0.08160251,1.00000000,-0.89933773,0.10614356
2705,-0.01347578,-0.18558362,-1.00000000,-0.91808473,0.02340493
2706,0.00628520,-0.09512507,1.00000000,-0.92308389,0.00596553
2707,-0.00191321,-0.30712719,-1.00000000,-0.70464930,-0.06867467
2708,-0.01871360,-0.06048301,1.00000000,-0.86225104,-0.24047635
2709,-0.00760305,-0.16281040,-1.00000000,-0.95807543,-0.36796111
2710,-0.00112128,-0.37250234,-1.00000000,-0.58984789,-0.22623096
2711,-0.01585018,-0.23382738,-1.00000000,-0.83336674,-0.48016683
2712,-0.01642298,-0.15292602,-1.00000000,-0.97543279,-0.64662215
2713,-0.00315492,-0.33676302,-1.00000000,-0.65260759,-0.46813385
2714,0.02118480,-0.34391234,-1.00000000,-0.64005309,-0.13788130
2715,0.00051556,-0.17830863,-1.00000000,-0.93085991,-0.11910358
2716,-0.00682434,0.12548452,1.00000000,-0.53568454,-0.01555955
2717,0.01088062,-0.13249603,1.00000000,-0.98870880,0.29766582
2718,-0.00343901,-0.22410802,-1.00000000,-0.85043433,0.29440677
2719,-0.00198325,-0.00312588,1.00000000,-0.76152960,0.02862415
2720,0.00517193,-0.18185444,-1.00000000,-0.92463332,0.08204177
2721,-0.02809006,-0.16368465,-1.00000000,-0.95654021,-0.16191746
2722,0.00873879,-0.07437812,1.00000000,-0.88665141,-0.18648837
2723,0.02645665,-0.48953354,-1.00000000,-0.38433638,0.15647294
2724,0.00405475,-0.02985882,1.00000000,-0.80847372,0.22574054
2725,0.02002380,0.19128447,1.00000000,-0.42013716,0.39612031
2726,-0.01484812,-0.08832210,1.00000000,-0.91113760,0.54803116
2727,-0.00556371,0.11099358,1.00000000,-0.56113120,0.38395365
2728,-0.00374888,-0.32425586,-1.00000000,-0.67457067,0.03743746
2729,0.00830144,-0.20837372,-1.00000000,-0.87806438,0.08615524
2730,0.01368968,-0.18572211,-1.00000000,-0.91784153,0.01349061
2731,0.00386853,-0.03531758,1.00000000,-0.81805953,0.22820697
2732,0.00132611,0.03193510,1.00000000,-0.69996110,0.30724666
2733,-0.00736061,-0.09064633,1.00000000,-0.91521904,0.26581309
2734,-0.00164243,-0.12237923,1.00000000,-0.97094330,0.15173764
2735,-0.00311898,-0.23080148,-1.00000000,-0.83868033,-0.04109039
2736,0.00662671,-0.15943068,-1.00000000,-0.96401035,-0.00944867
2737,0.00633814,-0.17786011,-1.00000000,-0.93164752,0.04804901
2738,0.00122995,-0.05622042,1.00000000,-0.85476575,0.14659945
2739,0.00333433,-0.05982226,1.00000000,-0.86109073,0.20369253
2740,-0.00032199,-0.12357946,1.00000000,-0.97305095,0.23577947
2741,-0.00515761,-0.09731391,1.00000000,-0.92692758,0.10059033
2742,0.00271233,-0.14294981,-1.00000000,-0.99295143,0.05899525
2743,-0.00655974,-0.20330501,-1.00000000,-0.88696525,-0.03036768
2744,-0.00528930,-0.10507735,1.00000000,-0.94056050,-0.12929751
2745,0.01016676,-0.22080555,-1.00000000,-0.85623360,-0.00897111
2746,-0.00028459,-0.20494869,-1.00000000,-0.88407888,0.04693189
2747,-0.00405871,-0.01203573,1.00000000,-0.77717566,-0.03074505
2748,0.00894853,-0.14248304,-1.00000000,-0.99377109,0.14716495
2749,-0.00538628,-0.18958918,-1.00000000,-0.91105081,0.14605246
2750,-0.00348828,-0.02724102,1.00000000,-0.80387676,-0.01059743
2751,-0.00281561,-0.20615907,-1.00000000,-0.88195341,-0.03963310
2752,-0.02051263,-0.18246945,-1.00000000,-0.92355334,-0.22839163
2753,-0.00066076,-0.17407360,-1.00000000,-0.93829679,-0.33862880
2754,-0.00960905,-0.39495681,-1.00000000,-0.55041695,-0.38707227
2755,0.01407826,-0.14717810,-1.00000000,-0.98552638,-0.18554987
2756,0.00926845,-0.25886514,-1.00000000,-0.78939942,-0.04692225
2757,0.00379443,0.03678516,1.00000000,-0.69144419,0.23192703
2758,-0.00319165,-0.02324796,1.00000000,-0.79686479,0.20289273
2759,0.00174723,-0.09157122,1.00000000,-0.91684319,0.33317143
2760,0.00350265,-0.17876716,-1.00000000,-0.93005470,0.21184858
2761,0.01669927,-0.11712305,1.00000000,-0.96171323,0.29709458
2762,0.00356757,-0.09521304,1.00000000,-0.92323838,0.29449203
2763,-0.00654209,0.06949894,1.00000000,-0.63399748,0.25605602
2764,0.00109608,-0.09440277,1.00000000,-0.92181550,0.24858604
2765,-0.01125922,-0.22058521,-1.00000000,-0.85662053,0.07923866
2766,-0.01675055,-0.12525033,1.00000000,-0.97598506,-0.30449580
2767,0.00113575,-0.27946152,-1.00000000,-0.75323135,-0.33239346
2768,0.00542565,-0.34800081,-1.00000000,-0.63287358,-0.19510017
2769,0.00769012,-0.12475517,1.00000000,-0.97511555,-0.11945368
2770,-0.00453879,-0.07121130,1.00000000,-0.88109035,-0.04235719
2771,-0.00361571,-0.04294761,1.00000000,-0.83145817,0.10832491
2772,-0.00698534,-0.19558120,-1.00000000,-0.90052857,0.01516023
2773,0.01087115,-0.18405999,-1.00000000,-0.92076028,0.07763061
2774,-0.00028207,-0.22611754,-1.00000000,-0.84690553,-0.01382596
2775,-0.01099935,-0.00324407,1.00000000,-0.76173715,-0.08794118
2776,-0.00582496,-0.14245156,-1.00000000,-0.99382637,-0.11328551
2777,-0.00878474,-0.27621792,-1.00000000,-0.75892724,-0.13392821
2778,0.00944907,-0.21163441,-1.00000000,-0.87233849,-0.15024222
2779,0.02254081,-0.24857661,-1.00000000,-0.80746648,0.11158058
2780,0.00907871,-0.02099357,1.00000000,-0.79290598,0.34191497
2781,0.00643795,0.14240936,1.00000000,-0.50596384,0.48259434
2782,-0.00587233,-0.02561611,1.00000000,-0.80102335,0.51600542
2783,0.00310078,-0.05857648,1.00000000,-0.85890309,0.44317817
2784,-0.00068990,-0.21222565,-1.00000000,-0.87130025,0.17667680
2785,-0.01212306,-0.10022899,1.00000000,-0.93204658,-0.06654878
2786,0.00098675,-0.14754180,-1.00000000,-0.98488770,-0.12908467
2787,0.00535934,-0.29024343,-1.00000000,-0.73429788,-0.00023562
2788,-0.00062557,-0.12661498,1.00000000,-0.97838145,-0.04298400
2789,-0.00408847,-0.07203900,1.00000000,-0.88254382,-0.08197221
2790,0.01162923,-0.14673886,-1.00000000,-0.98629770,0.19051273
2791,0.00333943,-0.18996064,-1.00000000,-0.91039851,0.21750255
2792,-0.00009453,0.00621782,1.00000000,-0.74512168,0.15493607
2793,0.00193227,-0.09725030,1.00000000,-0.92681588,0.18427945
2794,0.00095484,-0.14011078,-1.00000000,-0.99793687,0.24213601
2795,-0.00907346,-0.11481351,1.00000000,-0.95765759,0.00463594
2796,0.00189688,-0.12701321,1.00000000,-0.97908076,-0.01191284
2797,0.01534972,-0.25218018,-1.00000000,-0.80113848,0.16526277
2798,-0.01331481,-0.11525523,1.00000000,-0.95843328,-0.00965092
2799,0.00123419,0.05265474,1.00000000,-0.66357658,-0.00644617
2800,-0.00818535,-0.30511807,-1.00000000,-0.70817740,0.00374222
2801,0.00775528,-0.12352648,1.00000000,-0.97295792,0.07094944
2802,0.00380738,-0.24109530,-1.00000000,-0.82060398,-0.06146367
2803,0.00528852,-0.04213437,1.00000000,-0.83003007,0.15195266
2804,-0.00572542,-0.09140957,1.00000000,-0.91655933,0.07211232
2805,0.00226788,-0.07292296,1.00000000,-0.88409609,0.19203114
2806,0.00531696,-0.21039208,-1.00000000,-0.87452007,0.16405887
2807,0.00414342,-0.11062467,1.00000000,-0.95030181,0.16791387
2808,-0.00078408,-0.07256795,1.00000000,-0.88347268,0.09824933
2809,-0.00285167,-0.08721537,1.00000000,-0.90919414,0.13121692
2810,0.00877498,-0.14871737,-1.00000000,-0.98282336,0.20586596
2811,-0.01056559,-0.17452363,-1.00000000,-0.93750651,0.02366223
2812,0.01488207,-0.02940716,1.00000000,-0.80768058,0.14685545
2813,-0.01985017,-0.27080402,-1.00000000,-0.76843427,-0.07186958
2814,0.01369346,0.04681777,1.00000000,-0.67382652,0.11793517
2815,-0.00156211,-0.38668829,-1.00000000,-0.56493680,-0.00065132
2816,0.00324566,0.03198227,1.00000000,-0.69987826,0.15779057
2817,0.00492566,-0.15842822,-1.00000000,-0.96577070,0.04357122
2818,0.00554338,-0.09842062,1.00000000,-0.92887101,0.33488454
2819,-0.00135264,-0.07745188,1.00000000,-0.89204906,0.16227650
2820,0.00123393,-0.06974194,1.00000000,-0.87851010,0.19435253
2821,-0.00663936,-0.15581377,-1.00000000,-0.97036179,0.08095218
2822,-0.01055577,-0.12352978,1.00000000,-0.97296371,-0.09664994
2823,-0.00775356,-0.22179921,-1.00000000,-0.85448868,-0.24919171
2824,-0.00477719,-0.27068143,-1.00000000,-0.76864953,-0.28847797
2825,-0.00545734,-0.23570606,-1.00000000,-0.83006770,-0.36523990
2826,0.00162601,-0.19855688,-1.00000000,-0.89530316,-0.27042004
2827,-0.00146456,-0.20704609,-1.00000000,-0.88039577,-0.16612621
2828,0.00157121,-0.11863603,1.00000000,-0.96437009,-0.05915296
2829,-0.03554565,-0.15721066,-1.00000000,-0.96790880,-0.41212690
2830,0.01144587,-0.11932009,1.00000000,-0.96557133,-0.21821414
2831,-0.00605769,-0.58258945,-1.00000000,-0.22092644,-0.30636117
2832,0.00763305,0.00392930,1.00000000,-0.74914042,-0.20199393
2833,-0.00699502,-0.21453922,-1.00000000,-0.86723752,-0.30026519
2834,-0.00116203,-0.04366001,1.00000000,-0.83270918,0.09418177
2835,-0.00649162,-0.22623836,-1.00000000,-0.84669336,-0.11159616
2836,0.00646601,-0.15343460,-1.00000000,-0.97453971,0.03207505
2837,-0.00372147,-0.21995530,-1.00000000,-0.85772667,-0.09818327
2838,0.01149319,-0.05822619,1.00000000,-0.85828797,0.11391241
2839,-0.00454133,-0.18537994,-1.00000000,-0.91844240,0.07514518
2840,-0.00143921,0.00451989,1.00000000,-0.74810332,0.13310621
2841,0.00561594,-0.19561301,-1.00000000,-0.90047272,0.12335426
2842,-0.00203405,-0.15689421,-1.00000000,-0.96846450,0.14271217
2843,-0.00045435,-0.06883622,1.00000000,-0.87691961,0.00565067
2844,-0.00129124,-0.16431871,-1.00000000,-0.95542677,0.04293557
2845,0.00753085,-0.14460182,-1.00000000,-0.99005042,0.14583958
2846,0.00145399,-0.15504737,-1.00000000,-0.97170763,0.09809391
2847,-0.00278333,-0.04493554,1.00000000,-0.83494904,0.08949826
2848,0.00920767,-0.12078310,1.00000000,-0.96814043,0.20034044
2849,0.00578812,-0.17367070,-1.00000000,-0.93900429,0.28155446
2850,-0.00392250,-0.02400649,1.00000000,-0.79819679,0.15016227
2851,-0.00627132,-0.06668722,1.00000000,-0.87314588,0.06153787
2852,-0.00008907,-0.18788910,-1.00000000,-0.91403621,0.09244625
2853,-0.00663659,-0.21720567,-1.00000000,-0.86255514,-0.08931823
2854,0.00397341,-0.14004266,-1.00000000,-0.99805650,-0.11013655
2855,-0.00474714,-0.22176465,-1.00000000,-0.85454938,-0.11959682
2856,0.00274196,-0.08933737,1.00000000,-0.91292046,-0.01619691
2857,0.00468019,-0.19818179,-1.00000000,-0.89596183,0.03851583
2858,0.01875167,-0.10470748,1.00000000,-0.93991099,0.32976842
2859,0.00764474,-0.08051568,1.00000000,-0.89742921,0.37188580
2860,-0.01462625,0.09511564,1.00000000,-0.58901352,0.25855325
2861,0.00568711,-0.04351404,1.00000000,-0.83245283,0.29233987
2862,0.00703327,-0.32148661,-1.00000000,-0.67943358,0.31933418
2863,0.00804161,-0.06794793,1.00000000,-0.87535974,0.19646900
2864,0.00451905,-0.05114610,1.00000000,-0.84585504,0.16061123
2865,-0.00170835,-0.03856061,1.00000000,-0.82375442,0.30880459
2866,0.00365075,-0.08252697,1.00000000,-0.90096112,0.28544358
2867,-0.01451278,-0.16025353,-1.00000000,-0.96256539,0.03826856
2868,0.00013027,-0.09336451,1.00000000,-0.91999228,-0.05248987
2869,-0.01399468,-0.32007037,-1.00000000,-0.68192057,-0.26487837
2870,0.02199465,-0.13730499,1.00000000,-0.99715354,0.00704119
2871,0.01225647,-0.31360381,-1.00000000,-0.69327610,0.10576549
2872,0.00446768,0.13559259,1.00000000,-0.51793436,0.32350826
2873,-0.00702338,0.01404666,1.00000000,-0.73137391,0.24144199
2874,0.01790783,-0.08316813,1.00000000,-0.90208702,0.60742579
2875,-0.00100615,-0.22659239,-1.00000000,-0.84607168,0.34356187
2876,0.00057655,0.08458338,1.00000000,-0.60750859,0.20957044
2877,-0.01064802,-0.15148906,-1.00000000,-0.97795615,0.03616392
2878,0.01701278,-0.13173484,1.00000000,-0.98737213,0.31190543
2879,-0.00619374,-0.27183291,-1.00000000,-0.76662749,0.03541360
2880,0.01181761,0.07341197,1.00000000,-0.62712604,0.18252706
2881,0.00634740,-0.21623732,-1.00000000,-0.86425560,0.24873001
2882,-0.00091267,0.00856910,1.00000000,-0.74099274,0.36041342
2883,-0.01160221,-0.05970661,1.00000000,-0.86088765,0.03214390
2884,-0.00545163,-0.15032234,-1.00000000,-0.98000497,0.04065736
2885,0.00515183,-0.28374241,-1.00000000,-0.74571393,-0.03581208
2886,-0.00535193,-0.20697475,-1.00000000,-0.88052104,-0.17002621
2887,-0.01190317,-0.07462898,1.00000000,-0.88709193,-0.29610859
2888,-0.00430129,-0.20573041,-1.00000000,-0.88270615,-0.21235291
2889,-0.00347182,-0.28749887,-1.00000000,-0.73911743,-0.18964069
2890,-0.00780564,-0.19261696,-1.00000000,-0.90573390,-0.33828804
2891,0.00242613,-0.18226405,-1.00000000,-0.92391404,-0.24905852
2892,0.00600207,-0.23635600,-1.00000000,-0.82892637,-0.04365060
2893,0.00252433,-0.10864946,1.00000000,-0.94683328,0.03465255
2894,-0.00295059,-0.06401684,1.00000000,-0.86845659,0.04063213
2895,-0.00354630,-0.10742382,1.00000000,-0.94468099,0.08949503
2896,-0.00389796,-0.17575832,-1.00000000,-0.93533836,0.01694537
2897,-0.00016231,-0.18319359,-1.00000000,-0.92228173,-0.05377201
2898,-0.00705179,-0.18758287,-1.00000000,-0.91457397,-0.16362867
2899,0.00347460,-0.14095674,-1.00000000,-0.99645134,-0.08991926
2900,-0.00065106,-0.22694691,-1.00000000,-0.84544912,-0.05670526
2901,0.00389239,-0.09556312,1.00000000,-0.92385312,0.03266520
2902,0.00206556,-0.14705705,-1.00000000,-0.98573895,0.05822317
2903,-0.00007620,-0.09034859,1.00000000,-0.91469620,0.13824676
2904,-0.00302029,-0.11314989,1.00000000,-0.95473620,0.06373770
2905,-0.00180536,-0.13988195,-1.00000000,-0.99833872,0.05049560
2906,0.00058558,-0.17662832,-1.00000000,-0.93381060,0.01256005
2907,0.00564218,-0.16146434,-1.00000000,-0.96043916,0.05359079
2908,-0.00171676,-0.13162213,1.00000000,-0.98717421,0.03477029
2909,-0.00551979,-0.06850880,1.00000000,-0.87634464,0.00609624
2910,-0.00088402,-0.16035849,-1.00000000,-0.96238108,0.01666584
2911,-0.00054921,-0.20782543,-1.00000000,-0.87902721,0.00364769
2912,0.00604589,-0.14996471,-1.00000000,-0.98063298,0.00827900
2913,-0.00705724,-0.14578577,-1.00000000,-0.98797136,-0.05298665
2914,-0.00181218,-0.06346997,1.00000000,-0.86749625,-0.01045325
2915,0.01178360,-0.22701499,-1.00000000,-0.84532958,0.13486896
2916,-0.00156395,-0.16154947,-1.00000000,-0.96028967,0.12322787
2917,0.01043430,0.00814459,1.00000000,-0.74173820,0.17357157
2918,-0.00123766,-0.15845117,-1.00000000,-0.96573041,0.24033345
2919,0.01309441,-0.00869646,1.00000000,-0.77131177,0.41134104
2920,0.00311269,-0.15437864,-1.00000000,-0.97288194,0.31186882
2921,-0.00901092,0.02450529,1.00000000,-0.71300814,0.22643757
2922,-0.00174313,-0.10008031,1.00000000,-0.93178550,0.08673878
2923,0.00442676,-0.25139962,-1.00000000,-0.80250917,0.15172065
2924,0.00679183,-0.16068753,-1.00000000,-0.96180328,0.07941785
2925,0.00097403,-0.08367894,1.00000000,-0.90298402,0.05488331
2926,0.00201609,-0.05415952,1.00000000,-0.85114674,0.18138455
2927,-0.00319594,-0.12677367,1.00000000,-0.97866012,0.16471793
2928,-0.00223747,-0.11376738,1.00000000,-0.95582054,0.08826633
2929,0.01559351,-0.17882067,-1.00000000,-0.92996074,0.18923863
2930,0.00949933,-0.16685761,-1.00000000,-0.95096837,0.28704035
2931,-0.00237193,0.05569745,1.00000000,-0.65823344,0.23670124
2932,-0.00507129,-0.02036625,1.00000000,-0.79180438,0.21518736
2933,-0.00920748,-0.16853589,-1.00000000,-0.94802123,0.13522782
2934,0.00621828,-0.20222758,-1.00000000,-0.88885726,0.02767577
2935,-0.00394244,-0.25385289,-1.00000000,-0.79820113,-0.12652749
2936,0.00701547,-0.06131824,1.00000000,-0.86371772,-0.01883576
2937,0.00688933,-0.18813805,-1.00000000,-0.91359904,0.11837579
2938,-0.00447342,-0.05136823,1.00000000,-0.84624511,0.17268467
2939,0.00429626,-0.05294262,1.00000000,-0.84900981,0.15063531
2940,0.02366617,-0.19476530,-1.00000000,-0.90196133,0.46735974
2941,0.00910058,-0.08530775,1.00000000,-0.90584428,0.49127999
2942,-0.00087818,0.15645537,1.00000000,-0.48129847,0.40217154
2943,0.00045876,-0.02534321,1.00000000,-0.80054412,0.45875313
2944,-0.00507621,-0.14989183,-1.00000000,-0.98076095,0.35123269
2945,-0.00548819,-0.13320502,1.00000000,-0.98995383,0.01677552
2946,-0.00654236,-0.20228906,-1.00000000,-0.88874931,-0.16267939
2947,-0.00505639,-0.20743111,-1.00000000,-0.87971966,-0.21061156
2948,-0.01038771,-0.22058859,-1.00000000,-0.85661459,-0.33504158
2949,-0.00311883,-0.20204161,-1.00000000,-0.88918383,-0.31258653
2950,-0.01596815,-0.26858381,-1.00000000,-0.77233305,-0.43281199
2951,-0.01028468,-0.17785816,-1.00000000,-0.93165095,-0.47574368
2952,0.00523490,-0.33823535,-1.00000000,-0.65002212,-0.35768255
2953,0.01081110,-0.26729789,-1.00000000,-0.77459117,-0.11449104
2954,-0.00399097,-0.07359214,1.00000000,-0.88527120,-0.12449619
2955,0.00112755,-0.00399356,1.00000000,-0.76305328,0.07162472
2956,-0.01027782,-0.18874368,-1.00000000,-0.91253554,0.07170342
2957,-0.00696827,-0.12485751,1.00000000,-0.97529526,-0.06829067
2958,-0.00050167,-0.26721226,-1.00000000,-0.77474154,-0.19807014
2959,-0.00921398,-0.22590449,-1.00000000,-0.84727966,-0.25798821
2960,-0.00266271,-0.14519250,-1.00000000,-0.98901317,-0.30146995
2961,0.00237782,-0.25393401,-1.00000000,-0.79805868,-0.15628513
2962,-0.00005042,-0.17216527,-1.00000000,-0.94164790,-0.07692391
2963,0.00764208,-0.10925244,1.00000000,-0.94789213,0.01650079
2964,0.00925768,-0.13956017,-1.00000000,-0.99890376,0.22840664
2965,0.00901072,-0.04354724,1.00000000,-0.83251114,0.36232358
2966,-0.00471967,-0.02338229,1.00000000,-0.79710068,0.28090157
2967,0.00565676,-0.02646481,1.00000000,-0.80251369,0.34637392
2968,0.00261385,-0.19783888,-1.00000000,-0.89656399,0.28869034
2969,-0.02128654,-0.06832682,1.00000000,-0.87602509,-0.06171132
2970,0.00263550,-0.10630648,1.00000000,-0.94271890,-0.13484745
2971,-0.00053278,-0.40461624,-1.00000000,-0.53345460,-0.08681565
2972,0.00608495,-0.10603627,1.00000000,-0.94224440,-0.08190341
2973,0.00125256,-0.14558071,-1.00000000,-0.98833146,-0.09752001
2974,-0.01673102,-0.06298235,1.00000000,-0.86663998,-0.04525930
2975,0.00022223,-0.12329720,1.00000000,-0.97255529,-0.07294423
2976,-0.01453358,-0.34775704,-1.00000000,-0.63330164,-0.23356060
2977,0.00069231,-0.13615723,1.00000000,-0.99513803,-0.29542473
2978,-0.01903172,-0.32032992,-1.00000000,-0.68146477,-0.52812485
2979,-0.00416237,-0.13028998,1.00000000,-0.98483490,-0.38393798
2980,0.00933235,-0.37647290,-1.00000000,-0.58287545,-0.27942718
2981,0.00308587,-0.19088299,-1.00000000,-0.90877883,-0.07729795
2982,0.00215601,-0.02245040,1.00000000,-0.79546423,-0.06050641
2983,-0.00665922,-0.10041509,1.00000000,-0.93237338,0.08143011
2984,0.01837698,-0.11202093,1.00000000,-0.95275370,0.34000027
2985,-0.00503230,-0.22204721,-1.00000000,-0.85405320,0.17520983
2986,-0.00294499,0.09043910,1.00000000,-0.59722571,0.10602426
2987,0.00519927,-0.20174095,-1.00000000,-0.88971180,0.14093629
2988,-0.00756675,-0.17568839,-1.00000000,-0.93546115,0.13052517
2989,-0.00719441,-0.07403694,1.00000000,-0.88605228,-0.16282848
2990,-0.00104132,-0.23337442,-1.00000000,-0.83416216,-0.11704421
2991,0.00951256,-0.22872711,-1.00000000,-0.84232302,0.02586811
2992,-0.00040632,-0.15192807,-1.00000000,-0.97718524,-0.03843890
2993,0.00010158,-0.02020104,1.00000000,-0.79151427,0.04953184
2994,0.00512898,-0.14400240,-1.00000000,-0.99110304,0.19090508
2995,-0.00328349,-0.13766303,1.00000000,-0.99778226,0.16518308
2996,0.00476387,-0.07491425,1.00000000,-0.88759288,0.11070638
2997,-0.00189032,-0.17991338,-1.00000000,-0.92804191,0.09368208
2998,-0.00209324,-0.07947122,1.00000000,-0.89559510,0.06850318
2999,0.00716618,-0.16252468,-1.00000000,-0.95857716,0.09187385
3000,0.00517517,-0.16505745,-1.00000000,-0.95412951,0.18891109
3001,-0.01183939,-0.04948717,1.00000000,-0.84294189,-0.00156064
3002,0.00070756,-0.07433771,1.00000000,-0.88658045,0.02824203
3003,-0.00985214,-0.28670280,-1.00000000,-0.74051536,-0.06076757
3004,0.00133449,-0.13009964,1.00000000,-0.98450065,-0.12766839
3005,0.00963141,-0.26189912,-1.00000000,-0.78407163,-0.07654661
3006,-0.01471565,-0.12227467,1.00000000,-0.97075970,-0.10954285
3007,0.01801632,-0.01871766,1.00000000,-0.78890939,0.08902235
3008,-0.00305345,-0.32260242,-1.00000000,-0.67747418,0.16701645
3009,-0.00571542,0.08593756,1.00000000,-0.60513060,0.08614032
3010,-0.00770877,-0.17704221,-1.00000000,-0.93308378,-0.11278527
3011,-0.01586754,-0.21026720,-1.00000000,-0.87473936,-0.12599975
3012,-0.00447166,-0.23514696,-1.00000000,-0.83104950,-0.38398065
3013,0.00255180,-0.33697966,-1.00000000,-0.65222716,-0.31967750
3014,0.00656155,-0.19474341,-1.00000000,-0.90199977,-0.17883676
3015,-0.00403583,-0.10708096,1.00000000,-0.94407891,-0.13670107
3016,-0.00872072,-0.05703370,1.00000000,-0.85619391,-0.05471314
3017,0.00701810,-0.18930369,-1.00000000,-0.91155213,0.07709670
3018,-0.00826216,-0.24777752,-1.00000000,-0.80886974,-0.04696040
3019,0.00521657,-0.05133545,1.00000000,-0.84618755,-0.06238997
3020,0.00318194,-0.24205400,-1.00000000,-0.81892046,0.02041191
3021,0.00659589,-0.07382093,1.00000000,-0.88567297,0.19612320
3022,0.00350116,-0.09921598,1.00000000,-0.93026769,0.15577712
3023,0.00106125,-0.05660516,1.00000000,-0.85544138,0.26273466
3024,-0.00235262,-0.09523163,1.00000000,-0.92327101,0.17590129
3025,-0.00533493,-0.12568513,1.00000000,-0.97674859,0.07819626
3026,0.00417415,-0.16829489,-1.00000000,-0.94844444,0.05041418
3027,-0.01655588,-0.20551820,-1.00000000,-0.88307881,-0.17967911
3028,0.00493071,-0.08683182,1.00000000,-0.90852062,-0.13528878
3029,0.00122265,-0.34557111,-1.00000000,-0.63714023,-0.09427351
3030,-0.01718603,-0.07738884,1.00000000,-0.89193836,-0.23022860
3031,0.01180187,-0.12367063,1.00000000,-0.97321105,-0.14272381
3032,0.00623675,-0.35343614,-1.00000000,-0.62332891,0.11875197
3033,-0.00426410,0.00837262,1.00000000,-0.74133777,0.01326963
3034,-0.01548790,-0.06108774,1.00000000,-0.86331296,-0.17843283
3035,-0.00251146,-0.19215271,-1.00000000,-0.90654915,-0.01008704
3036,0.00517885,-0.33224125,-1.00000000,-0.66054801,-0.08606588
3037,0.01219062,-0.17027739,-1.00000000,-0.94496309,-0.01776345
3038,-0.00174744,-0.07429170,1.00000000,-0.88649965,0.01110752
3039,-0.00518541,0.01322471,1.00000000,-0.73281730,0.12929717
3040,0.00910029,-0.16074134,-1.00000000,-0.96170878,0.26250651
3041,-0.00430039,-0.20365194,-1.00000000,-0.88635603,0.15376112
3042,0.00939263,-0.02534679,1.00000000,-0.80055040,0.12166284
3043,0.00141077,-0.19260574,-1.00000000,-0.90575361,0.15789356
3044,-0.00268306,-0.02169793,1.00000000,-0.79414287,0.18660032
3045,0.00241126,-0.12132263,1.00000000,-0.96908787,0.10986412
3046,-0.00645471,-0.17241924,-1.00000000,-0.94120192,0.08514986
3047,-0.00424052,-0.10883511,1.00000000,-0.94715928,-0.07124891
3048,-0.00612251,-0.21949463,-1.00000000,-0.85853563,-0.15767022
3049,0.01150286,-0.19185844,-1.00000000,-0.90706590,0.00506990
3050,-0.00434533,-0.21534827,-1.00000000,-0.86581681,-0.07244125
3051,0.01792530,0.00464060,1.00000000,-0.74789135,0.20724486
3052,0.00872474,-0.19316656,-1.00000000,-0.90476877,0.35598164
3053,-0.01488569,0.08480143,1.00000000,-0.60712569,0.25545098
3054,0.00100962,-0.03003412,1.00000000,-0.80878156,0.13507310
3055,0.00465559,-0.32472475,-1.00000000,-0.67374728,0.23833110
3056,-0.00434201,-0.12632949,1.00000000,-0.97788011,-0.01711815
3057,-0.00640810,-0.08082276,1.00000000,-0.89796846,-0.19072133
3058,0.01167831,-0.19312513,-1.00000000,-0.90484153,0.11401933
3059,-0.00395864,-0.21891286,-1.00000000,-0.85955723,0.05702374
3060,-0.00376591,0.00683043,1.00000000,-0.74404592,-0.03958722
3061,0.00439396,-0.18834019,-1.00000000,-0.91324409,0.06063134
3062,-0.00433699,-0.18593465,-1.00000000,-0.91746832,0.08439101
3063,-0.00323218,-0.08408822,1.00000000,-0.90370273,-0.08666133
3064,-0.00111434,-0.19306254,-1.00000000,-0.90495145,-0.05403170
3065,-0.00418548,-0.17927303,-1.00000000,-0.92916638,-0.05884504
3066,0.00941046,-0.15283943,-1.00000000,-0.97558484,-0.00129611
3067,-0.00421254,-0.19117151,-1.00000000,-0.90827216,0.00013154
3068,-0.00565401,-0.02147549,1.00000000,-0.79375225,-0.02765152
