seq_idx,target_return,feat_logret,feat_sign,feat_absret,feat_rollmean
0,-0.00015973,0.10465103,1.00000000,-0.93894273,0.50216039
1,-0.00102697,0.20719199,1.00000000,-0.74759962,0.32660256
2,-0.00385454,0.06276726,-1.00000000,-0.98314107,0.03769007
3,-0.00679350,0.01336712,-1.00000000,-0.89095960,-0.23130644
4,0.00213980,-0.14769956,-1.00000000,-0.59040655,-0.23991709
5,0.00114519,-0.31511116,-1.00000000,-0.27801376,-0.19228269
6,-0.00319295,0.19375530,1.00000000,-0.77267271,-0.27134893
7,0.00176830,0.13709953,1.00000000,-0.87839330,-0.06609510
8,0.00111243,-0.11001374,-1.00000000,-0.66072891,0.22249972
9,-0.00102536,0.17259380,1.00000000,-0.81216040,0.10696021
10,-0.00247082,0.13523368,1.00000000,-0.88187500,-0.02503719
11,0.00095766,0.01345884,-1.00000000,-0.89113075,0.12647512
12,-0.00082155,-0.06887903,-1.00000000,-0.73748694,0.03193634
13,-0.00396254,0.12641735,1.00000000,-0.89832641,-0.15331827
14,0.00019067,0.02506845,-1.00000000,-0.91279448,-0.10892875
15,0.00014771,-0.15385141,-1.00000000,-0.57892709,-0.01334296
16,-0.00171393,0.08272755,1.00000000,-0.97985229,-0.11086571
17,-0.00281185,0.08028014,1.00000000,-0.98441921,-0.18351894
18,-0.00445656,-0.02576440,-1.00000000,-0.81793954,-0.20155253
19,0.00362868,-0.08830505,-1.00000000,-0.70123767,-0.07605318
20,-0.00133380,-0.18199237,-1.00000000,-0.52641560,-0.13013355
21,0.00176916,0.27856608,1.00000000,-0.61441441,-0.00298833
22,-0.00081112,-0.00411089,-1.00000000,-0.85834534,0.07004550
23,-0.00476919,0.17264246,1.00000000,-0.81206961,0.05863330
24,0.00077835,0.02566238,-1.00000000,-0.91390276,-0.04541387
25,-0.00249876,-0.19980082,-1.00000000,-0.49318475,-0.08793920
26,-0.00184830,0.11620313,1.00000000,-0.91738632,-0.21998912
27,-0.00504177,-0.07047058,-1.00000000,-0.73451708,-0.37442298
28,-0.00314376,-0.03341807,-1.00000000,-0.80365767,-0.31508874
29,-0.00048981,-0.21532772,-1.00000000,-0.46421130,-0.36138089
30,-0.00368217,-0.10721125,-1.00000000,-0.66595839,-0.40457955
31,-0.00901461,0.04396541,-1.00000000,-0.94805650,-0.66617558
32,-0.00248066,-0.13788098,-1.00000000,-0.60872817,-0.57268581
33,0.00404988,-0.44163199,-1.00000000,-0.04192383,-0.31009235
34,0.00044930,-0.06943931,-1.00000000,-0.73644144,-0.27581174
35,0.00042263,0.30255913,1.00000000,-0.56964298,-0.12597166
36,-0.00164432,0.09745942,1.00000000,-0.95236238,0.14307009
37,-0.00357256,0.09594064,1.00000000,-0.95519646,0.10321180
38,-0.00153480,-0.02179921,-1.00000000,-0.82533865,-0.10064916
39,-0.00094846,-0.13163715,-1.00000000,-0.62037925,-0.15167221
40,0.00022247,-0.01556069,-1.00000000,-0.83697982,-0.15897883
41,0.00207500,0.01783925,-1.00000000,-0.89930467,-0.02321038
42,-0.00193184,0.08453886,1.00000000,-0.97647237,0.03668161
43,0.00739911,0.19006398,1.00000000,-0.77956076,0.36280130
44,0.00174383,-0.03817724,-1.00000000,-0.79477699,0.46107961
45,-0.00419385,0.49334076,1.00000000,-0.21364135,0.29986802
46,-0.00364300,0.17120004,1.00000000,-0.81476118,0.09114076
47,0.00039862,-0.16702772,-1.00000000,-0.55433989,0.17621092
48,0.00005127,-0.13564958,-1.00000000,-0.61289201,-0.09201151
49,0.00111456,0.09457257,1.00000000,-0.95774930,-0.11498217
50,-0.00069618,0.07478651,1.00000000,-0.99467041,0.01269534
51,-0.00194437,0.13535491,1.00000000,-0.88164878,0.07470135
52,-0.00137802,0.03220979,-1.00000000,-0.92612033,0.00984769
53,0.00594458,-0.03889078,-1.00000000,-0.79344550,0.22497469
54,0.00340414,-0.00662991,-1.00000000,-0.85364481,0.30855240
55,0.00083406,0.41048670,1.00000000,-0.36824837,0.36441162
56,-0.00034093,0.26577579,1.00000000,-0.63828129,0.42294281
57,0.00073504,0.11937668,1.00000000,-0.91146443,0.50007710
58,0.00575255,0.05244564,-1.00000000,-0.96388076,0.49306741
59,0.00628637,0.11373617,1.00000000,-0.92198971,0.59827913
60,0.00408956,0.39954827,1.00000000,-0.38865967,0.71711646
61,-0.00092272,0.42995599,1.00000000,-0.33191836,0.69587917
62,0.00381401,0.30481931,1.00000000,-0.56542546,0.80827253
63,0.00290424,0.01930539,-1.00000000,-0.90204051,0.70429880
64,-0.00031196,0.28912313,1.00000000,-0.59471478,0.46343625
65,-0.00392163,0.23729993,1.00000000,-0.69141772,0.17099909
66,-0.00135008,0.05409613,-1.00000000,-0.96696059,0.15539898
67,-0.00180515,-0.15152142,-1.00000000,-0.58327490,-0.04972028
68,-0.00340255,-0.00503818,-1.00000000,-0.85661502,-0.27994044
69,-0.00026845,-0.03096024,-1.00000000,-0.80824402,-0.27835239
70,-0.00049809,-0.12195275,-1.00000000,-0.63845050,-0.15338090
71,0.00027510,0.05657424,-1.00000000,-0.97158480,-0.09405611
72,0.00006739,0.04349340,-1.00000000,-0.94717573,-0.02570185
73,-0.00207418,0.08753664,1.00000000,-0.97087846,0.02278834
74,0.00621022,0.07570484,1.00000000,-0.99295679,0.25928312
75,0.00323034,-0.04628505,-1.00000000,-0.77964768,0.39538410
76,-0.00292489,0.42561830,1.00000000,-0.34001256,0.27857300
77,0.00141580,0.25587551,1.00000000,-0.65675537,0.32779474
78,0.00180343,-0.09474411,-1.00000000,-0.68922228,0.46934116
79,0.00052576,0.15251412,1.00000000,-0.84962942,0.26183802
80,0.00335261,0.17459452,1.00000000,-0.80842702,0.26630130
81,-0.00088821,0.10181494,1.00000000,-0.94423491,0.34064756
82,-0.00128626,0.26284034,1.00000000,-0.64375889,0.24201296
83,-0.00439398,0.02127133,-1.00000000,-0.90570898,0.01578546
84,-0.00297834,-0.00140265,-1.00000000,-0.86339896,-0.11212685
85,0.00036299,-0.17842771,-1.00000000,-0.53306732,-0.22125858
86,-0.00336486,-0.09778895,-1.00000000,-0.68354056,-0.31166519
87,-0.00075988,0.09254307,1.00000000,-0.96153638,-0.29245045
88,0.00059485,-0.11980587,-1.00000000,-0.64245662,-0.11034041
89,-0.00416666,0.02858144,-1.00000000,-0.91934978,-0.15371833
90,0.00236042,0.10575036,1.00000000,-0.93689136,-0.08080480
91,0.00044032,-0.16547908,-1.00000000,-0.55722967,0.05809790
92,0.00237058,0.20632278,1.00000000,-0.74922159,0.17237076
93,0.00042504,0.09694824,1.00000000,-0.95331627,0.16617226
94,-0.00218219,0.20690133,1.00000000,-0.74814200,0.23861281
95,-0.00446622,0.09607775,1.00000000,-0.95494061,-0.01058419
96,-0.00057186,-0.05243745,-1.00000000,-0.76816720,-0.04753258
97,-0.00370918,-0.18254277,-1.00000000,-0.52538854,-0.26946570
98,-0.00174796,0.03929122,-1.00000000,-0.93933439,-0.34878795
99,-0.00822919,-0.13941964,-1.00000000,-0.60585700,-0.56952525
100,-0.00952871,-0.02770259,-1.00000000,-0.81432284,-0.75432430
101,-0.00156544,-0.39689236,-1.00000000,-0.12540871,-0.79059354
102,-0.00278883,-0.47091697,-1.00000000,0.01272243,-0.75699721
103,0.00103408,-0.01730601,-1.00000000,-0.83372304,-0.65544300
104,0.00589583,-0.08699342,-1.00000000,-0.70368519,-0.13982934
105,-0.00020918,0.13077015,1.00000000,-0.89020402,0.20036714
106,0.00098464,0.40770958,1.00000000,-0.37343052,0.29345434
107,0.00406575,0.05995095,-1.00000000,-0.97788578,0.54367070
108,-0.00102128,0.12795418,1.00000000,-0.89545866,0.46864282
109,0.00169909,0.30346282,1.00000000,-0.56795668,0.31544696
110,-0.00882644,0.01369106,-1.00000000,-0.89156407,0.00088607
111,-0.00609314,0.16865136,1.00000000,-0.81951707,-0.25747830
112,0.00182482,-0.43091328,-1.00000000,-0.06192511,-0.33928017
113,-0.00170496,-0.27521682,-1.00000000,-0.35245726,-0.36423694
114,-0.00763227,0.17581309,1.00000000,-0.80615316,-0.70486488
115,0.00196022,-0.02525334,-1.00000000,-0.81889318,-0.31111336
116,-0.00353933,-0.36288984,-1.00000000,-0.18885797,-0.21789024
117,0.00006072,0.18352591,1.00000000,-0.79176091,-0.28228624
118,0.00185158,-0.12974453,-1.00000000,-0.62391092,-0.15245968
119,-0.00223509,0.07532479,1.00000000,-0.99366597,0.04455654
120,0.00326194,0.17733768,1.00000000,-0.80330826,0.09207409
121,0.00006837,-0.05545106,-1.00000000,-0.76254375,0.22376826
122,-0.00251290,0.25767584,1.00000000,-0.65339593,0.12982212
123,-0.00094207,0.07576085,1.00000000,-0.99285228,0.02784375
124,-0.00028443,-0.07127576,-1.00000000,-0.73301460,0.09905003
125,-0.00090220,0.01820304,-1.00000000,-0.89998351,-0.05295600
126,0.00092568,0.05566450,-1.00000000,-0.96988721,-0.02166108
127,0.00276393,0.02047431,-1.00000000,-0.90422174,0.17096209
128,-0.00467624,0.12459578,1.00000000,-0.90172550,0.03465148
129,0.00050537,0.22930778,1.00000000,-0.70633119,0.06348182
130,0.00155821,-0.19450618,-1.00000000,-0.50306463,0.15329564
131,-0.00428954,0.10065350,1.00000000,-0.94640218,-0.03707864
132,-0.00069197,0.16062649,1.00000000,-0.83449161,-0.16323149
133,0.00075525,-0.17247841,-1.00000000,-0.54416881,0.03503748
134,0.00105991,0.03244948,-1.00000000,-0.92656759,0.05528033
135,0.00255348,0.11488749,1.00000000,-0.91984133,0.09161099
136,-0.00045931,0.13224195,1.00000000,-0.88745761,0.23142815
137,0.00030394,0.21731955,1.00000000,-0.72870143,0.26778261
138,-0.00302566,0.04570270,-1.00000000,-0.95129832,0.12976572
139,0.00508725,0.08917968,1.00000000,-0.96781253,0.27677787
140,-0.00143788,-0.10048435,-1.00000000,-0.67851090,0.13107929
141,0.00096160,0.36165066,1.00000000,-0.45937722,0.18294760
142,0.00113567,-0.01003936,-1.00000000,-0.84728273,0.21330849
143,-0.00025374,0.12664188,1.00000000,-0.89790744,0.31449367
144,-0.00175872,0.13655707,1.00000000,-0.87940554,0.06459144
145,-0.00058262,0.05741254,-1.00000000,-0.97314907,0.09581123
146,-0.00009189,-0.02831539,-1.00000000,-0.81317935,0.05735506
147,-0.00122724,0.03867832,-1.00000000,-0.93819072,-0.02889954
148,0.00186788,0.06663201,-1.00000000,-0.99035275,0.04854699
149,-0.00407255,0.00195897,-1.00000000,-0.86967181,-0.03591621
150,0.00078367,0.17826588,1.00000000,-0.80157621,0.01395846
151,-0.00134084,-0.16011807,-1.00000000,-0.56723340,-0.03163271
152,0.00148990,0.11650647,1.00000000,-0.91682028,0.06755269
153,0.00239584,-0.00451184,-1.00000000,-0.85759716,0.08682507
154,0.00413612,0.15673526,1.00000000,-0.84175271,0.38647087
155,0.00034269,0.20833993,1.00000000,-0.74545754,0.37037344
156,-0.00160554,0.30747155,1.00000000,-0.56047632,0.36071082
157,0.00129570,0.09138684,1.00000000,-0.96369392,0.35362186
158,-0.00252766,-0.01959011,-1.00000000,-0.82946087,0.17389653
159,0.00063513,0.14567312,1.00000000,-0.86239484,0.04609774
160,-0.00105249,-0.07211687,-1.00000000,-0.73144508,-0.00483131
161,-0.00312226,0.10804481,1.00000000,-0.93260988,-0.06019693
162,-0.00374385,0.01191336,-1.00000000,-0.88824686,-0.24415853
163,0.00743538,-0.10598674,-1.00000000,-0.66824335,0.11952827
164,0.00115329,-0.14139427,-1.00000000,-0.60217232,0.13844325
165,0.00323933,0.49540710,1.00000000,-0.20978552,0.29510994
166,-0.00394188,0.13756115,1.00000000,-0.87753191,0.26519104
167,0.00138994,0.25638774,1.00000000,-0.65579955,0.45259253
168,0.00299578,-0.15267443,-1.00000000,-0.58112335,0.29053128
169,-0.00392229,0.15104097,1.00000000,-0.85237834,0.10525424
170,-0.00301184,0.24251466,1.00000000,-0.68168695,-0.12293589
171,-0.00317967,-0.15155894,-1.00000000,-0.58320488,-0.09511269
172,0.00225483,-0.09969712,-1.00000000,-0.67997988,-0.06354105
173,0.00101001,-0.10925704,-1.00000000,-0.66214090,-0.13602892
174,0.00207188,0.20030771,1.00000000,-0.76044581,0.08277966
175,0.00107008,0.12939918,1.00000000,-0.89276227,0.23178451
176,0.00755366,0.18988627,1.00000000,-0.77989238,0.62358948
177,0.00082431,0.13282114,1.00000000,-0.88637684,0.57137048
178,0.00169616,0.50214460,1.00000000,-0.19721323,0.59641754
179,0.00433348,0.11882130,1.00000000,-0.91250077,0.67897421
180,-0.00102947,0.16848447,1.00000000,-0.81982849,0.60233313
181,0.00708528,0.31871384,1.00000000,-0.53949803,0.58523556
182,0.00065541,0.01322469,-1.00000000,-0.89069383,0.57906995
183,-0.00176426,0.47546428,1.00000000,-0.24699914,0.45275232
184,0.00044226,0.10920004,1.00000000,-0.93045421,0.31070894
185,-0.00164404,-0.02863098,-1.00000000,-0.81259047,0.28827496
186,-0.00056119,0.09705878,1.00000000,-0.95310999,0.00915145
187,-0.00316070,-0.02178296,-1.00000000,-0.82536898,-0.13015020
188,0.00229783,0.03989918,-1.00000000,-0.94046885,0.01813035
189,-0.00056885,-0.10817664,-1.00000000,-0.66415696,-0.01877875
190,-0.00288987,0.20275703,1.00000000,-0.75587533,-0.06425624
191,0.00385245,0.03946308,-1.00000000,-0.93965509,0.09685746
192,-0.00239481,-0.09274942,-1.00000000,-0.69294439,0.12481527
193,0.00052453,0.29131300,1.00000000,-0.59062844,0.06008350
194,0.00708087,-0.06454920,-1.00000000,-0.74556647,0.33932538
195,0.01018715,0.10174476,1.00000000,-0.94436587,0.81668345
196,0.00159234,0.47521290,1.00000000,-0.24746823,0.73418132
197,-0.00197741,0.65215565,1.00000000,0.08270984,0.74941795
198,-0.00208382,0.16257052,1.00000000,-0.83086401,0.65420413
199,0.00162789,-0.04077282,-1.00000000,-0.78993359,0.45515085
200,0.00177513,-0.04683397,-1.00000000,-0.77862338,0.14808205
201,0.00458716,0.16459534,1.00000000,-0.82708567,0.25740368
202,-0.00900563,0.17298263,1.00000000,-0.81143485,0.00084865
203,-0.00368038,0.33316414,1.00000000,-0.51253353,-0.05743169
204,-0.00210411,-0.44112040,-1.00000000,-0.04287847,-0.19366286
205,-0.00172570,-0.13777895,-1.00000000,-0.60891856,-0.32145574
206,0.00172176,-0.04798992,-1.00000000,-0.77646637,-0.42605296
207,0.00370882,-0.02643490,-1.00000000,-0.81668838,0.03806972
208,-0.00459463,0.16994286,1.00000000,-0.81710711,0.00469627
209,0.00270913,0.28313118,1.00000000,-0.60589586,0.18039650
210,-0.00147854,-0.18985736,-1.00000000,-0.51173940,0.18941896
211,0.00391397,0.22618580,1.00000000,-0.71215686,0.26944241
212,0.00161691,-0.01235559,-1.00000000,-0.84296061,0.19308047
213,-0.00261072,0.29481742,1.00000000,-0.58408913,0.26550022
214,-0.00008152,0.16397032,1.00000000,-0.82825197,0.16363167
215,-0.00116564,-0.07684819,-1.00000000,-0.72261636,0.17505357
216,0.00097248,0.06722252,-1.00000000,-0.99145466,0.06767844
217,0.00515692,0.00546800,-1.00000000,-0.87621972,0.19690124
218,-0.00681050,0.12726126,1.00000000,-0.89675166,0.04359431
219,-0.00473949,0.36561920,1.00000000,-0.45197185,-0.12643823
220,0.00047007,-0.31607974,-1.00000000,-0.27620638,-0.06672903
221,-0.00182172,-0.19810891,-1.00000000,-0.49634187,-0.16872719
222,0.00050230,0.09864268,1.00000000,-0.95015441,-0.33863759
223,0.00086638,-0.03190425,-1.00000000,-0.80648247,-0.05840382
224,-0.00026126,0.10047836,1.00000000,-0.94672899,0.10506757
225,-0.00105136,0.12121790,1.00000000,-0.90802867,0.04952989
226,-0.00064471,0.05698401,-1.00000000,-0.97234944,0.09249502
227,-0.00152892,0.01197755,-1.00000000,-0.88836665,0.01834853
228,-0.00406472,0.03514173,-1.00000000,-0.93159138,-0.16165446
229,-0.00029378,-0.01522535,-1.00000000,-0.83760559,-0.16284147
230,-0.01116423,-0.15967216,-1.00000000,-0.56806548,-0.53199719
231,0.00067363,0.05513171,-1.00000000,-0.96889301,-0.48387327
232,0.00968504,-0.56408052,-1.00000000,0.18656713,-0.07452374
233,-0.00229141,0.11023788,1.00000000,-0.92851758,-0.00979157
234,0.01199476,0.62355414,1.00000000,0.02933894,0.43878415
235,-0.00325130,-0.05865926,-1.00000000,-0.75655720,0.72763431
236,0.00081582,0.75512267,1.00000000,0.27484798,0.73282489
237,0.00550215,-0.11333722,-1.00000000,-0.65452723,0.58013440
238,0.00206345,0.11833764,1.00000000,-0.91340329,0.73910232
239,-0.01209933,0.38528453,1.00000000,-0.41527604,-0.14041835
240,0.01198566,0.18940612,1.00000000,-0.78078834,0.41578517
241,-0.00128681,-0.61734687,-1.00000000,0.28596300,0.33903162
242,-0.00350286,0.75460416,1.00000000,0.27388043,0.01031671
243,-0.00798691,-0.00143431,-1.00000000,-0.86333990,-0.35655724
244,-0.00522747,-0.12766671,-1.00000000,-0.62778817,-0.10570981
245,0.00082117,-0.38309130,-1.00000000,-0.15116172,-0.51325382
246,-0.00427301,-0.22590587,-1.00000000,-0.44447229,-0.62226075
247,0.00730225,0.11864215,1.00000000,-0.91283507,-0.22783582
248,0.00143564,-0.17153683,-1.00000000,-0.54592581,0.11612086
249,0.00025866,0.48782331,1.00000000,-0.22393700,0.31638440
250,-0.01097636,0.15364433,1.00000000,-0.84752043,-0.11426735
251,-0.00059275,0.08660026,1.00000000,-0.97262575,0.02007527
252,0.01186888,-0.55337891,-1.00000000,0.16659775,0.18677358
253,0.00745573,0.03810139,-1.00000000,-0.93711416,0.40652859
254,0.00252169,0.74795176,1.00000000,0.26146694,0.48913714
255,-0.00144622,0.49656641,1.00000000,-0.20762222,0.83702135
256,-0.00308174,0.21550879,1.00000000,-0.73208033,0.74616430
257,0.00956077,-0.01051448,-1.00000000,-0.84639614,0.66191029
258,0.00683875,-0.10367871,-1.00000000,-0.67255017,0.63938821
259,-0.00231989,0.61647553,1.00000000,0.01613016,0.46265337
260,0.00657888,0.46142128,1.00000000,-0.27320361,0.75559814
261,0.00025654,-0.06028142,-1.00000000,-0.75353023,0.87745726
262,0.00227655,0.44661836,1.00000000,-0.30082611,0.61155701
263,-0.00248059,0.08647933,1.00000000,-0.97285143,0.27136778
264,-0.00333497,0.20154500,1.00000000,-0.75813701,0.23431370
265,0.00057372,-0.06943533,-1.00000000,-0.73644888,0.01510381
266,-0.00203565,-0.11810336,-1.00000000,-0.64563354,-0.06856936
267,0.00051015,0.10454692,1.00000000,-0.93913700,-0.13304913
268,0.00432790,-0.04409052,-1.00000000,-0.78374271,0.11548518
269,0.00142193,0.10092597,1.00000000,-0.94589375,0.28912890
270,-0.00224116,0.31839611,1.00000000,-0.54009092,0.18637570
271,-0.00476171,0.15286324,1.00000000,-0.84897795,0.08686473
272,-0.00438790,-0.05579684,-1.00000000,-0.76189852,-0.09193172
273,0.00389239,-0.19937484,-1.00000000,-0.49397963,-0.10782970
274,0.00292224,-0.17808132,-1.00000000,-0.53371368,-0.05306276
275,-0.00010402,0.29358771,1.00000000,-0.58638379,0.02495040
276,0.00711127,0.23832565,1.00000000,-0.68950371,0.45835686
277,0.00042336,0.06594071,-1.00000000,-0.98906278,0.63398503
278,0.00021876,0.47694487,1.00000000,-0.24423633,0.49988460
279,0.00268887,0.09598195,1.00000000,-0.95511938,0.49136571
280,-0.00332820,0.08432741,1.00000000,-0.97686693,0.37367157
281,0.00208829,0.22503214,1.00000000,-0.71430960,0.19031470
282,0.00385763,-0.11771799,-1.00000000,-0.64635264,0.31567800
283,-0.00311136,0.19082116,1.00000000,-0.77814785,0.19411660
284,0.00286091,0.29160817,1.00000000,-0.59007765,0.20039646
285,-0.00009946,-0.10536604,-1.00000000,-0.66940158,0.31825706
286,-0.00551102,0.23483169,1.00000000,-0.69602348,0.04085511
287,0.00083673,0.06620047,-1.00000000,-0.98954750,-0.06941873
288,-0.00279661,-0.24205750,-1.00000000,-0.41433309,-0.05792909
289,0.00223661,0.11952867,1.00000000,-0.91118081,-0.08071819
290,0.00413250,-0.08743676,-1.00000000,-0.70285792,0.07376344
291,-0.00016369,0.19926988,1.00000000,-0.76238241,0.26895998
292,0.00127531,0.30726511,1.00000000,-0.56086155,0.28496960
293,-0.00263036,0.06254173,-1.00000000,-0.98272022,0.29103822
294,-0.00093226,0.14451127,1.00000000,-0.86456287,0.17536315
295,-0.00048091,-0.07796683,-1.00000000,-0.72052896,0.00695728
296,0.00024908,0.01876189,-1.00000000,-0.90102633,0.02202482
297,0.00303678,0.04447205,-1.00000000,-0.94900190,0.08632503
298,0.00033835,0.08605424,1.00000000,-0.97364464,0.19469371
299,-0.00214663,0.24485010,1.00000000,-0.67732897,0.15036480
300,0.00381794,0.09113972,1.00000000,-0.96415506,0.30728833
301,0.00122370,-0.05041224,-1.00000000,-0.77194628,0.34286550
302,0.00092806,0.28934722,1.00000000,-0.59429663,0.26588954
303,-0.00060489,0.14157151,1.00000000,-0.87004852,0.23145764
304,0.00098889,0.12473108,1.00000000,-0.90147303,0.34591542
305,-0.00096082,0.03740962,-1.00000000,-0.93582329,0.17147359
306,-0.00234521,0.12819620,1.00000000,-0.89500705,0.04119569
307,-0.00025495,0.01713520,-1.00000000,-0.89799090,-0.00198838
308,-0.00085788,-0.06172383,-1.00000000,-0.75083867,-0.01122326
309,-0.00146062,0.05734343,-1.00000000,-0.97302012,-0.10063901
310,-0.00729435,0.02299883,-1.00000000,-0.90893253,-0.33183543
311,0.00567844,-0.01133480,-1.00000000,-0.84486542,-0.03894366
312,-0.00535694,-0.34364091,-1.00000000,-0.22477678,-0.22518438
313,0.00134604,0.39532630,1.00000000,-0.39653793,-0.14473328
314,0.00524693,-0.23328044,-1.00000000,-0.43071122,0.10011628
315,-0.00154781,0.14854071,1.00000000,-0.85704387,0.30988528
316,-0.00291241,0.37074669,1.00000000,-0.44240387,-0.00371133
317,-0.00467416,-0.01630174,-1.00000000,-0.83559702,0.02121236
318,0.00146779,-0.09403320,-1.00000000,-0.69054884,0.02565640
319,-0.00040616,-0.19438766,-1.00000000,-0.50328578,-0.18070180
320,-0.00095286,0.15547552,1.00000000,-0.84410340,-0.15898391
321,0.00197003,0.04872999,-1.00000000,-0.95694730,0.01924271
322,0.00019348,0.01758846,-1.00000000,-0.89883669,0.19692915
323,-0.00089826,0.18408490,1.00000000,-0.79071783,0.11055987
324,0.00030440,0.08288748,1.00000000,-0.97955386,0.13649806
325,-0.00278835,0.02069847,-1.00000000,-0.90464001,0.06949622
326,0.00144182,0.08920588,1.00000000,-0.96776363,0.05021458
327,-0.00992478,-0.08696620,-1.00000000,-0.70373599,-0.31913814
328,-0.00414951,0.15399639,1.00000000,-0.84686347,-0.43782018
329,-0.00161937,-0.49347800,-1.00000000,0.05482168,-0.50804469
330,-0.00148161,-0.16450183,-1.00000000,-0.55905323,-0.46034419
331,0.00150721,-0.02037767,-1.00000000,-0.82799127,-0.45795705
332,-0.00363530,-0.01253079,-1.00000000,-0.84263367,-0.22836872
333,-0.00214198,0.15772146,1.00000000,-0.83991243,-0.15508661
334,-0.00174488,-0.13521127,-1.00000000,-0.61370989,-0.15966820
335,0.00356867,-0.05014698,-1.00000000,-0.77244126,0.02468502
336,0.00129294,-0.02752712,-1.00000000,-0.81465028,0.01686319
337,0.00046169,0.27514770,1.00000000,-0.62079316,0.16641828
338,-0.00070433,0.14551570,1.00000000,-0.86268859,0.21889734
339,0.00052372,0.09816562,1.00000000,-0.95104461,0.30170941
340,0.00382878,0.03174526,-1.00000000,-0.92525352,0.31120452
341,-0.00354068,0.10169900,1.00000000,-0.94445126,0.13476002
342,-0.00418569,0.28996456,1.00000000,-0.59314465,-0.03488628
343,0.00138584,-0.12982144,-1.00000000,-0.62376742,0.04141251
344,0.00335461,-0.16656309,-1.00000000,-0.55520689,0.14474988
345,-0.00087109,0.15080757,1.00000000,-0.85281388,-0.02681227
346,0.00004409,0.26295433,1.00000000,-0.64354618,0.10404462
347,-0.00480300,0.02224621,-1.00000000,-0.90752812,0.08151060
348,0.00147288,0.07437740,1.00000000,-0.99543382,0.08468803
349,0.00071050,-0.20172685,-1.00000000,-0.48959074,-0.01183140
350,-0.00110840,0.15576585,1.00000000,-0.84356163,-0.02049383
351,-0.00046294,0.11233824,1.00000000,-0.92459827,-0.03900190
352,0.00053856,0.00872871,-1.00000000,-0.88230425,0.15598425
353,0.00186009,0.04549603,-1.00000000,-0.95091266,0.17011865
354,0.00197557,0.10254407,1.00000000,-0.94287436,0.21629815
355,0.00058911,0.17782222,1.00000000,-0.80240409,0.27826337
356,-0.00178858,0.18440017,1.00000000,-0.79012953,0.22987270
357,0.00024908,0.10542384,1.00000000,-0.93750064,0.21930573
358,-0.00051809,-0.03001638,-1.00000000,-0.81000528,0.13249376
359,-0.00022320,0.08605459,1.00000000,-0.97364400,0.05223091
360,0.00355682,0.04235436,-1.00000000,-0.94505026,0.16056286
361,0.00147733,0.05915203,-1.00000000,-0.97639499,0.27978032
362,0.00246252,0.27447309,1.00000000,-0.62205199,0.36057864
363,0.00523445,0.15601942,1.00000000,-0.84308847,0.57056670
364,0.00009547,0.21213830,1.00000000,-0.73836973,0.58219930
365,0.00007215,0.37003537,1.00000000,-0.44373122,0.45499624
366,0.00030504,0.07730441,1.00000000,-0.98997198,0.41220319
367,-0.00248035,0.07597596,1.00000000,-0.99245087,0.23177072
368,-0.00065060,0.08924196,1.00000000,-0.96769630,0.01694541
369,-0.00073324,-0.06942196,-1.00000000,-0.73647382,-0.01330550
370,0.00182245,0.03480595,-1.00000000,-0.93096481,0.05058680
371,-0.00354329,0.03009864,-1.00000000,-0.92218089,-0.08989104
372,0.00139730,0.17567826,1.00000000,-0.80640475,0.05165735
373,-0.00231872,-0.12997011,-1.00000000,-0.62348998,-0.00923504
374,-0.00274829,0.15146068,1.00000000,-0.85159516,-0.08279136
375,-0.00274055,-0.06021507,-1.00000000,-0.75365404,-0.24935713
376,-0.00035152,-0.08468411,-1.00000000,-0.70799440,-0.13284606
377,-0.00001029,-0.08424337,-1.00000000,-0.70881684,-0.18422837
378,-0.00152614,0.05184243,-1.00000000,-0.96275516,-0.15529609
379,-0.00216106,0.07127989,-1.00000000,-0.99902577,-0.13386030
380,-0.00034817,-0.01506698,-1.00000000,-0.83790111,-0.04652994
381,0.00069868,-0.05123412,-1.00000000,-0.77041263,-0.00819387
382,-0.00231962,0.05203344,-1.00000000,-0.96311158,-0.09249275
383,0.00097043,0.11166489,1.00000000,-0.92585474,-0.00135924
384,-0.00134722,-0.06026637,-1.00000000,-0.75355831,0.02834882
385,0.00053546,0.12714454,1.00000000,-0.89696947,0.06060462
386,0.00047861,-0.00487545,-1.00000000,-0.85691866,0.05257143
387,0.00066535,0.10236779,1.00000000,-0.94320329,0.16153374
388,-0.00192783,0.09912931,1.00000000,-0.94924634,0.05573710
389,-0.00070307,0.10976652,1.00000000,-0.92939713,0.07925074
390,0.00159704,-0.03794841,-1.00000000,-0.79520398,0.11800209
391,-0.00093560,0.03181699,-1.00000000,-0.92538736,0.06637833
392,0.00124115,0.16283827,1.00000000,-0.83036438,0.08739687
393,-0.00258986,0.01857176,-1.00000000,-0.90067155,0.06323017
394,0.00253041,0.14256541,1.00000000,-0.86819387,0.18126402
395,0.00606108,-0.07565993,-1.00000000,-0.72483367,0.34421751
396,-0.00072834,0.21600580,1.00000000,-0.73115291,0.35178323
397,0.00327988,0.41712303,1.00000000,-0.35586486,0.42620441
398,0.01047083,0.03037788,-1.00000000,-0.92270195,0.90296628
399,-0.01126478,0.25869776,1.00000000,-0.65148901,0.39939249
400,0.00335954,0.66831478,1.00000000,0.11286304,0.30077643
401,0.00102711,-0.56980823,-1.00000000,0.19725513,0.36485652
402,-0.00179086,0.26323519,1.00000000,-0.64302209,0.17975619
403,0.00072461,0.13037322,1.00000000,-0.89094470,-0.17601549
404,-0.00387927,-0.03014657,-1.00000000,-0.80976234,0.09358209
405,-0.00322500,0.11314216,1.00000000,-0.92309814,-0.14677707
406,0.00462414,-0.14910809,-1.00000000,-0.58777820,-0.01547241
407,-0.00248804,-0.11183915,-1.00000000,-0.65732266,-0.04092197
408,-0.00618551,0.33527079,1.00000000,-0.50860249,-0.29316625
409,-0.00177644,-0.06985995,-1.00000000,-0.73565652,-0.21640543
410,0.00084753,-0.28047859,-1.00000000,-0.34263870,-0.06774366
411,-0.00259945,-0.02932480,-1.00000000,-0.81129579,-0.33143053
412,-0.00121883,0.12014374,1.00000000,-0.91003307,-0.28509980
413,0.00247440,-0.07620583,-1.00000000,-0.72381500,0.03101806
414,-0.00125733,0.00243798,-1.00000000,-0.87056564,0.04996728
415,0.00035122,0.21281524,1.00000000,-0.73710654,0.03185021
416,0.00089948,0.00024499,-1.00000000,-0.86647349,0.15957357
417,0.00065818,0.09187252,1.00000000,-0.96278763,0.22809104
418,0.00031769,0.12310320,1.00000000,-0.90451068,0.14936340
419,0.00376103,0.10935774,1.00000000,-0.93015994,0.33255144
420,0.00389966,0.08996277,1.00000000,-0.96635126,0.46208235
421,0.00021373,0.28610524,1.00000000,-0.60034620,0.43705000
422,0.00067788,0.29400220,1.00000000,-0.58561034,0.43776928
423,0.00064712,0.08404085,1.00000000,-0.97740166,0.44979458
424,-0.00362226,0.11048016,1.00000000,-0.92806547,0.18027807
425,-0.00110250,0.10872794,1.00000000,-0.93133514,-0.00231884
426,-0.00127010,-0.13446839,-1.00000000,-0.61509612,-0.05648383
427,-0.00121096,0.00906439,-1.00000000,-0.88293063,-0.12543337
428,-0.00008219,-0.00048222,-1.00000000,-0.86511650,-0.15205573
429,0.00136295,0.00288617,-1.00000000,-0.87140197,0.02992232
430,-0.00150385,0.06718442,-1.00000000,-0.99138355,0.01527161
431,-0.00059383,0.14950372,1.00000000,-0.85524688,0.03995759
432,-0.00107678,-0.01379768,-1.00000000,-0.84026963,0.04485567
433,0.00370343,0.03803963,-1.00000000,-0.93699890,0.18304424
434,-0.00174706,0.01052949,-1.00000000,-0.88566454,0.06951774
435,-0.00092409,0.28282416,1.00000000,-0.60646875,0.09068125
436,-0.00133630,-0.02765150,-1.00000000,-0.81441819,0.06357856
437,-0.00103239,0.01922744,-1.00000000,-0.90189505,0.06519900
438,-0.00183436,-0.00425343,-1.00000000,-0.85807937,-0.13695013
439,0.00598129,0.01305814,-1.00000000,-0.89038303,0.14516247
440,-0.00147800,-0.03262438,-1.00000000,-0.80513871,0.12494278
441,0.00247845,0.41257800,1.00000000,-0.36434597,0.26419471
442,0.00119924,-0.01232488,-1.00000000,-0.84301791,0.34565739
443,-0.00084591,0.21304566,1.00000000,-0.73667658,0.38173951
444,0.00243206,0.14017856,1.00000000,-0.87264777,0.25217975
445,-0.00051814,0.02368085,-1.00000000,-0.91020518,0.28721814
446,0.00089834,0.21040331,1.00000000,-0.74160724,0.22953852
447,-0.00042774,0.04235164,-1.00000000,-0.94504518,0.17014765
448,0.00019482,0.12303808,1.00000000,-0.90463219,0.20813798
449,0.00068613,0.04750064,-1.00000000,-0.95465330,0.14440549
450,-0.00037444,0.08296378,1.00000000,-0.97941149,0.14965081
451,-0.00134404,0.11095039,1.00000000,-0.92718802,0.06779594
452,0.00108746,0.05053682,-1.00000000,-0.96031886,0.12310619
453,0.00111481,-0.00469435,-1.00000000,-0.85725661,0.15668902
454,-0.00260701,0.13381087,1.00000000,-0.88453000,0.03647753
455,0.00161588,0.13536893,1.00000000,-0.88162262,0.10913135
456,-0.00138506,-0.07663657,-1.00000000,-0.72301125,0.10763400
457,-0.00060966,0.16391125,1.00000000,-0.82836219,0.04568300
458,0.00190344,-0.00703093,-1.00000000,-0.85289650,0.07447100
459,0.00002408,0.03713792,-1.00000000,-0.93531630,0.17051523
460,0.00100675,0.18029186,1.00000000,-0.79779570,0.14827988
461,-0.00093823,0.07323800,1.00000000,-0.99755995,0.16459101
462,-0.00145850,0.12921356,1.00000000,-0.89310865,0.13360557
463,-0.00260268,0.01842217,-1.00000000,-0.90039240,-0.03088392
464,0.00110150,-0.01121407,-1.00000000,-0.84509070,0.00844561
465,0.00278596,-0.07638979,-1.00000000,-0.72347174,0.07339313
466,0.00061785,0.13461073,1.00000000,-0.88303743,0.13019551
467,0.00322809,0.23056250,1.00000000,-0.70398986,0.30127288
468,0.00296409,0.10706083,1.00000000,-0.93444600,0.50447978
469,-0.00269077,0.25574781,1.00000000,-0.65699367,0.36604855
470,-0.00045374,0.24070939,1.00000000,-0.68505561,0.24778809
471,0.00390257,-0.08140768,-1.00000000,-0.71410828,0.36769190
472,-0.00173646,0.04602007,-1.00000000,-0.95189054,0.18646795
473,0.00396084,0.29416767,1.00000000,-0.58530159,0.22285298
474,-0.00137109,-0.02704753,-1.00000000,-0.81554519,0.27102602
475,-0.00555038,0.29748730,1.00000000,-0.57910710,0.08498033
476,-0.00073214,-0.00623487,-1.00000000,-0.85438197,-0.08420290
477,-0.00168240,-0.24429948,-1.00000000,-0.41014952,-0.08222968
478,0.00093158,0.03016155,-1.00000000,-0.92229828,-0.19280856
479,-0.00009296,-0.02396837,-1.00000000,-0.82129097,-0.14615226
480,-0.00186428,0.12493178,1.00000000,-0.90109852,-0.01159634
481,-0.00262562,0.06657109,-1.00000000,-0.99023908,-0.08071523
482,-0.00278323,-0.03432841,-1.00000000,-0.80195896,-0.12089940
483,0.00292912,-0.07769671,-1.00000000,-0.72103301,-0.04798222
484,-0.00089903,-0.08667473,-1.00000000,-0.70427987,-0.07740664
485,-0.00172219,0.23871718,1.00000000,-0.68877311,-0.07221987
486,0.00300986,0.02065503,-1.00000000,-0.90455895,0.13349522
487,-0.00097894,-0.02623458,-1.00000000,-0.81706218,0.19935829
488,0.00231023,0.24331644,1.00000000,-0.68019081,0.17676670
489,-0.00308497,0.01610290,-1.00000000,-0.89606460,0.09697192
490,-0.00063145,0.20346359,1.00000000,-0.75455688,0.13678756
491,-0.00135989,-0.10386270,-1.00000000,-0.67220685,-0.02272379
492,0.00089468,0.03589671,-1.00000000,-0.93300018,0.04567011
493,-0.00012455,-0.00559694,-1.00000000,-0.85557235,-0.04320799
494,0.00054330,0.12282983,1.00000000,-0.90502078,0.08923685
495,0.00091924,0.06477158,-1.00000000,-0.98688116,0.14584288
496,-0.00063907,0.10281409,1.00000000,-0.94237048,0.17215530
497,0.00449142,0.12422897,1.00000000,-0.90240998,0.30344906
498,-0.00024581,0.03546291,-1.00000000,-0.93219071,0.29902260
499,0.00464521,0.32771040,1.00000000,-0.52271030,0.44875709
500,-0.00156949,0.05786420,-1.00000000,-0.97399187,0.35790945
501,0.00133985,0.33647095,1.00000000,-0.50636297,0.43014725
502,-0.00260228,-0.01753646,-1.00000000,-0.83329302,0.17120197
503,-0.00364320,0.14818815,1.00000000,-0.85770175,0.04718502
504,0.00153421,-0.07636709,-1.00000000,-0.72351410,-0.06637769
505,0.00409431,-0.13566109,-1.00000000,-0.61287053,0.14037132
506,-0.00330076,0.15925924,1.00000000,-0.83704292,-0.02902772
507,-0.00452545,0.30509009,1.00000000,-0.56492017,-0.09923024
508,-0.00215545,-0.11615472,-1.00000000,-0.64926972,-0.04492184
509,0.00098105,-0.18591633,-1.00000000,-0.51909343,-0.06511402
510,0.00705811,-0.05091421,-1.00000000,-0.77100959,0.04307534
511,0.00295722,0.12774985,1.00000000,-0.89583995,0.27151413
512,-0.00178580,0.47391682,1.00000000,-0.24988673,0.37152110
513,-0.00151857,0.24031817,1.00000000,-0.68578563,0.39476946
514,-0.00117603,-0.02985799,-1.00000000,-0.81030083,0.31602829
515,0.00475550,-0.01463575,-1.00000000,-0.83870579,0.23197464
516,0.00161503,0.00487628,-1.00000000,-0.87511555,0.18297963
517,-0.00161497,0.34275324,1.00000000,-0.49464012,0.18921536
518,0.00138423,0.16386271,1.00000000,-0.82845276,0.29517794
519,-0.00040110,-0.02012730,-1.00000000,-0.82845847,0.32346548
520,-0.00210100,0.15071616,1.00000000,-0.85298444,0.07317881
521,0.00281110,0.04901826,-1.00000000,-0.95748520,0.11683968
522,0.00136187,-0.04781272,-1.00000000,-0.77679703,0.22550487
523,-0.00130070,0.23199438,1.00000000,-0.70131796,0.12749535
524,0.01465220,0.14944195,1.00000000,-0.85536214,0.67699451
525,-0.00052553,-0.00222518,-1.00000000,-0.86186410,0.73450475
526,-0.00077405,0.90649766,1.00000000,0.55731618,0.60363402
527,-0.00285042,0.04193054,-1.00000000,-0.94425940,0.44987071
528,-0.00787630,0.02777396,-1.00000000,-0.91784300,0.20983763
529,-0.00381435,-0.09050177,-1.00000000,-0.69713855,-0.46425724
530,-0.00294181,-0.37679068,-1.00000000,-0.16291878,-0.55246008
531,0.00404964,-0.14541017,-1.00000000,-0.59467858,-0.37637822
532,-0.00375053,-0.09570773,-1.00000000,-0.68742414,-0.40923564
533,0.00478959,0.30254519,1.00000000,-0.56966898,0.05311463
534,-0.00542863,-0.14177493,-1.00000000,-0.60146200,-0.00581245
535,0.00017612,0.34469511,1.00000000,-0.49101656,0.10800293
536,0.00218973,-0.23736437,-1.00000000,-0.42309054,0.04010960
537,-0.00313548,0.08189826,1.00000000,-0.98139977,0.06256114
538,0.00271776,0.19659939,1.00000000,-0.76736558,-0.01306804
539,0.00029413,-0.10673987,-1.00000000,-0.66683799,0.19583338
540,-0.00841484,0.22667770,1.00000000,-0.71123896,-0.11776709
541,-0.00101826,0.08862096,1.00000000,-0.96885511,-0.23487006
542,0.00040446,-0.40746727,-1.00000000,-0.10567575,-0.10564970
543,-0.00171457,0.01386321,-1.00000000,-0.89188531,-0.26744548
544,-0.00357839,0.09490519,1.00000000,-0.95712862,-0.40880631
545,0.00276758,-0.02580047,-1.00000000,-0.81787223,-0.00060817
546,-0.01208325,-0.13196901,-1.00000000,-0.61976000,-0.40451994
547,-0.00627230,0.22951551,1.00000000,-0.70594357,-0.64824525
548,-0.00037308,-0.61643079,-1.00000000,0.28425360,-0.59927612
549,0.00048404,-0.28542192,-1.00000000,-0.33341436,-0.45098315
550,0.00401481,0.05061460,-1.00000000,-0.96046400,-0.40545468
551,0.00675333,0.09943838,1.00000000,-0.94866961,0.28214773
552,0.00674797,0.30056151,1.00000000,-0.57337057,0.75743397
553,-0.00424501,0.45655521,1.00000000,-0.28228379,0.61609456
554,-0.00061512,0.45625011,1.00000000,-0.28285311,0.57597139
555,-0.00606273,-0.16994194,-1.00000000,-0.54890190,0.20810525
556,-0.00349249,0.03682720,-1.00000000,-0.93473650,-0.16590352
557,0.00661094,-0.27348420,-1.00000000,-0.35569035,-0.17090555
558,0.00112167,-0.12707593,-1.00000000,-0.62889057,0.02499746
559,-0.00957945,0.44844457,1.00000000,-0.29741836,-0.30223279
560,0.00155967,0.13575970,1.00000000,-0.88089344,-0.02398803
561,0.00244600,-0.47380724,-1.00000000,0.01811571,0.19278788
562,-0.00012981,0.16070964,1.00000000,-0.83433644,-0.05327348
563,-0.00200815,0.21119733,1.00000000,-0.74012558,-0.16752313
564,0.00194306,0.06447210,-1.00000000,-0.98632233,0.25308968
565,0.00035743,-0.04252396,-1.00000000,-0.78666594,0.20920357
566,-0.00091462,0.18254830,1.00000000,-0.79358515,0.08652891
567,0.00350777,0.09222649,1.00000000,-0.96212712,0.21931356
568,-0.00150953,0.01976666,-1.00000000,-0.90290125,0.23751519
569,-0.00096192,0.27167916,1.00000000,-0.62726551,0.13147327
570,-0.00092120,-0.01412077,-1.00000000,-0.83966675,0.08479862
571,-0.00470845,0.01707259,-1.00000000,-0.89787407,-0.05368972
572,-0.00109867,0.01939189,-1.00000000,-0.90220192,-0.22184148
573,0.00239100,-0.19634086,-1.00000000,-0.49964109,-0.07945831
574,0.00065990,0.00928263,-1.00000000,-0.88333788,-0.02025613
575,-0.00284719,0.20806453,1.00000000,-0.74597144,-0.09056170
576,-0.00647242,0.10945607,1.00000000,-0.92997644,-0.15495269
577,0.00073747,-0.09031815,-1.00000000,-0.69748119,-0.08792676
578,0.00146677,-0.29682135,-1.00000000,-0.31214285,-0.12166456
579,0.00130325,0.11387488,1.00000000,-0.92173088,-0.09817995
580,0.00119624,0.15541756,1.00000000,-0.84421155,0.04941986
581,-0.00290239,0.14610321,1.00000000,-0.86159228,0.17973863
582,-0.00009129,0.14000757,1.00000000,-0.87296684,0.14948568
583,0.00034871,-0.09346224,-1.00000000,-0.69161427,0.10867271
584,0.00622752,0.06666593,-1.00000000,-0.99041604,0.28842605
585,0.00023604,0.09172996,1.00000000,-0.96305365,0.25337538
586,-0.00053244,0.42660370,1.00000000,-0.33817378,0.33988695
587,-0.00680495,0.08531191,1.00000000,-0.97502985,0.09481436
588,0.00475569,0.04153686,-1.00000000,-0.94352479,0.25568457
589,-0.00239177,-0.31576359,-1.00000000,-0.27679632,-0.05895042
590,0.00214294,0.34276382,1.00000000,-0.49462038,0.01065804
591,-0.00021788,-0.06437617,-1.00000000,-0.74588935,0.02214078
592,-0.00237576,0.19393413,1.00000000,-0.77233901,0.18382196
593,0.00645297,0.05945538,-1.00000000,-0.97696104,0.24577897
594,-0.00346949,-0.06346424,-1.00000000,-0.74759103,0.20643831
595,0.00147464,0.43944615,1.00000000,-0.31420956,0.18204301
596,-0.00627699,-0.12576627,-1.00000000,-0.63133442,-0.03913649
597,-0.00060154,0.15586589,1.00000000,-0.84337496,0.02562898
598,0.00019972,-0.28568958,-1.00000000,-0.33291490,-0.20263706
599,-0.00087902,0.03760063,-1.00000000,-0.93617973,-0.10807553
600,-0.00260423,0.08324283,1.00000000,-0.97889079,-0.25696895
601,0.00728631,0.02179458,-1.00000000,-0.90668537,0.23814013
602,0.00130430,-0.07647848,-1.00000000,-0.72330624,0.30770998
603,-0.00043173,0.48691549,1.00000000,-0.22563100,0.28465966
604,-0.00103364,0.14616260,1.00000000,-0.86148146,0.27901552
605,0.00226479,0.04727338,-1.00000000,-0.95422923,0.45675241
606,0.00065589,0.01298705,-1.00000000,-0.89025038,0.21471831
607,0.00273974,0.20087539,1.00000000,-0.75938650,0.26711720
608,-0.00124202,0.10922747,1.00000000,-0.93040302,0.23753896
609,-0.00291638,0.22792974,1.00000000,-0.70890265,0.16881234
610,0.00184357,0.00111729,-1.00000000,-0.86810122,0.15343635
611,0.00645985,-0.09425909,-1.00000000,-0.69012734,0.36530181
612,-0.00397329,0.17688154,1.00000000,-0.80415942,0.12025211
613,0.00386237,0.43983810,1.00000000,-0.31347817,0.30658047
614,-0.00392161,-0.15446405,-1.00000000,-0.57778389,0.26988585
615,0.00348253,0.29187793,1.00000000,-0.58957427,0.32971372
616,-0.00059969,-0.15152010,-1.00000000,-0.58327735,0.07201514
617,0.00005365,0.27024139,1.00000000,-0.62994840,0.21901279
618,-0.00035495,0.03770606,-1.00000000,-0.93637646,0.06506572
619,0.00150486,0.07492201,1.00000000,-0.99441756,0.26315133
620,0.00068015,0.05164748,-1.00000000,-0.96239137,0.16085425
621,0.00024826,0.15758743,1.00000000,-0.84016254,0.19180756
622,-0.00050136,0.11060941,1.00000000,-0.92782429,0.17154768
623,-0.00091925,0.08600792,1.00000000,-0.97373108,0.15094859
624,0.00003959,0.04330698,-1.00000000,-0.94682786,0.09746101
625,-0.00118149,0.01950314,-1.00000000,-0.90240950,0.02950459
626,-0.00542359,0.07412142,1.00000000,-0.99591149,-0.17753820
627,-0.00005535,0.00456515,-1.00000000,-0.87453499,-0.16125693
628,-0.00014757,-0.23707707,-1.00000000,-0.42362666,-0.13308802
629,-0.00292330,0.06871348,-1.00000000,-0.99423682,-0.24124410
630,-0.00331031,0.06346000,-1.00000000,-0.98443373,-0.31895365
631,0.00429088,-0.09465337,-1.00000000,-0.68939159,0.03565919
632,-0.00026278,-0.11669862,-1.00000000,-0.64825480,0.02808723
633,-0.00307314,0.31628722,1.00000000,-0.54402614,-0.07870647
634,0.00179396,0.05689762,-1.00000000,-0.97218822,0.09349044
635,-0.00420396,-0.10318883,-1.00000000,-0.67346429,0.06086896
636,0.00038182,0.17405551,1.00000000,-0.80943284,-0.08182576
637,-0.00119255,-0.16760362,-1.00000000,-0.55326524,-0.11576595
638,0.00141533,0.09361577,1.00000000,-0.95953471,0.04807923
639,0.00211207,0.00393481,-1.00000000,-0.87335875,0.05969123
640,-0.00214076,0.15248740,1.00000000,-0.84967929,0.13500542
641,0.00189560,0.19217574,1.00000000,-0.77562019,0.19026390
642,-0.00287366,-0.05007776,-1.00000000,-0.77257042,0.12889753
643,0.00460327,0.17984521,1.00000000,-0.79862915,0.24526882
644,-0.00343258,-0.09182584,-1.00000000,-0.69466782,0.04286933
645,0.00142816,0.33408183,1.00000000,-0.51082111,0.17314767
646,0.00119599,-0.12366351,-1.00000000,-0.63525821,0.14760941
647,-0.00162744,0.15321827,1.00000000,-0.84831546,0.19310080
648,-0.00225673,0.13999342,1.00000000,-0.87299326,-0.05731393
649,0.00018070,-0.02083769,-1.00000000,-0.82713286,0.07458366
650,0.00320071,-0.05668397,-1.00000000,-0.76024312,0.13928813
651,-0.00033483,0.08215933,1.00000000,-0.98091261,0.08340755
652,-0.00206252,0.25418794,1.00000000,-0.65990441,0.06752586
653,0.00388054,0.05279320,-1.00000000,-0.96452931,0.29155844
654,-0.00047547,-0.04562067,-1.00000000,-0.78088741,0.26760579
655,-0.00066333,0.29291315,1.00000000,-0.58764253,0.12655453
656,0.00077841,0.04478183,-1.00000000,-0.94957997,0.16719166
657,0.00065551,0.03408105,-1.00000000,-0.92961213,0.26640913
658,-0.00181279,0.11620640,1.00000000,-0.91738023,0.05858229
659,-0.00104434,0.10920565,1.00000000,-0.93044372,0.03781681
660,0.00068552,-0.03139531,-1.00000000,-0.80743217,0.08705462
661,0.00212398,0.01237782,-1.00000000,-0.88911355,0.13617274
662,-0.00122509,0.11091540,1.00000000,-0.92725330,0.06752424
663,0.00189033,0.19285396,1.00000000,-0.77435461,0.20270134
664,0.00097599,0.00208143,-1.00000000,-0.86990032,0.27645041
665,0.00032972,0.17954509,1.00000000,-0.79918919,0.26346249
666,0.00074206,0.12746136,1.00000000,-0.89637827,0.21301764
667,0.00114035,0.09064809,1.00000000,-0.96507244,0.29936455
668,-0.00191092,0.11413606,1.00000000,-0.92124350,0.16060533
669,0.00286378,0.13682357,1.00000000,-0.87890824,0.22951658
670,-0.00344778,-0.03698512,-1.00000000,-0.79700150,0.09162412
671,-0.00115083,0.23499560,1.00000000,-0.69571762,0.02252686
672,0.00530381,-0.12452957,-1.00000000,-0.63364212,0.17450810
673,-0.00294445,0.00631155,-1.00000000,-0.87779379,0.13678034
674,0.00354456,0.37398641,1.00000000,-0.43635850,0.16163123
675,0.00021413,-0.09585833,-1.00000000,-0.68714312,0.29530435
676,0.00275888,0.27377479,1.00000000,-0.62335503,0.43802261
677,0.00086841,0.08406391,1.00000000,-0.97735862,0.27611476
678,-0.00222408,0.22901975,1.00000000,-0.70686867,0.30241089
679,-0.00481820,0.12133335,1.00000000,-0.90781325,-0.00285986
680,-0.00159542,-0.05482388,-1.00000000,-0.76371408,-0.06891524
681,0.00061233,-0.20259242,-1.00000000,-0.48797558,-0.14727194
682,-0.00259579,-0.01901383,-1.00000000,-0.83053622,-0.27372747
683,0.00146659,0.10674612,1.00000000,-0.93503326,-0.13900470
684,0.00380746,-0.07599727,-1.00000000,-0.72420418,0.17586283
685,0.00024772,0.15540756,1.00000000,-0.84423021,0.24314417
686,-0.00183564,0.28875032,1.00000000,-0.59541045,0.15378466
687,0.00134348,0.08597699,1.00000000,-0.97378878,0.29758197
688,0.00012548,-0.03269712,-1.00000000,-0.80500297,0.24862643
689,-0.00056147,0.14839476,1.00000000,-0.85731622,0.08914468
690,0.00169203,0.07901369,1.00000000,-0.98678242,0.14186726
691,-0.00363806,0.03988313,-1.00000000,-0.94043890,0.07607236
692,-0.00185787,0.16824923,1.00000000,-0.82026744,-0.04078847
693,0.00055428,-0.13536839,-1.00000000,-0.61341670,-0.02513559
694,0.00540882,-0.03396358,-1.00000000,-0.80263974,0.19280144
695,-0.00014159,0.10343961,1.00000000,-0.94120327,0.12586762
696,0.00134959,0.37996831,1.00000000,-0.42519619,0.30793475
697,0.00191444,0.06380070,-1.00000000,-0.98506949,0.44563771
698,-0.00003866,0.14874272,1.00000000,-0.85666692,0.42399325
699,0.00051027,0.18091838,1.00000000,-0.79662661,0.24517875
700,0.00143984,0.06966397,-1.00000000,-0.99601044,0.30290679
701,0.00132866,0.10093285,1.00000000,-0.94588090,0.30214286
702,-0.00110396,0.15388383,1.00000000,-0.84707351,0.19196048
703,0.00008759,0.14755062,1.00000000,-0.85889139,0.19656894
704,-0.00196988,0.00898159,-1.00000000,-0.88277614,0.10603445
705,-0.00026152,0.07685535,1.00000000,-0.99080992,0.04392874
706,0.00006964,-0.04034390,-1.00000000,-0.79073396,-0.00203000
707,-0.00144039,0.05696945,-1.00000000,-0.97232227,-0.01431084
708,0.00558614,0.07583318,1.00000000,-0.99271730,0.18640604
709,0.00014848,-0.01018234,-1.00000000,-0.84701593,0.26373360
710,-0.00117072,0.39006891,1.00000000,-0.40634830,0.23054426
711,-0.00124321,0.08032377,1.00000000,-0.98433779,0.18262057
712,-0.00046457,0.00517834,-1.00000000,-0.87567920,0.21824130
713,-0.00263935,0.00104949,-1.00000000,-0.86797470,-0.08201863
714,0.00124746,0.04540290,-1.00000000,-0.95073889,-0.04190172
715,0.00004972,-0.07847903,-1.00000000,-0.71957319,0.00264869
716,0.00091226,0.14292517,1.00000000,-0.86752255,0.08133082
717,-0.00012671,0.07469812,1.00000000,-0.99483535,0.09366382
718,0.00078543,0.12383095,1.00000000,-0.90315269,0.21868061
719,0.00024237,0.06464823,-1.00000000,-0.98665098,0.18199135
720,0.00031062,0.11660648,1.00000000,-0.91663366,0.19151520
721,0.00071058,0.08567252,1.00000000,-0.97435693,0.18415329
722,0.00151548,0.08955985,1.00000000,-0.96710312,0.24409914
723,-0.00074202,0.11234287,1.00000000,-0.92458963,0.18834197
724,-0.00139205,0.15819220,1.00000000,-0.83903403,0.12867953
725,-0.00211610,0.02959883,-1.00000000,-0.92124824,0.04009562
726,-0.00060827,-0.00742919,-1.00000000,-0.85215334,-0.00804722
727,0.00475830,-0.04867308,-1.00000000,-0.77519158,0.11032739
728,-0.00079022,0.03721721,-1.00000000,-0.93546426,0.10856765
729,-0.00006268,0.34291275,1.00000000,-0.49434246,0.15709434
730,-0.00194133,0.02685280,-1.00000000,-0.91612411,0.16347399
731,-0.00074078,0.06829547,-1.00000000,-0.99345680,0.15863686
732,0.00193963,-0.03871780,-1.00000000,-0.79376828,0.05574516
733,-0.00544009,0.02966899,-1.00000000,-0.92137916,-0.11399160
734,0.00099430,0.18235288,1.00000000,-0.79394981,-0.07540799
735,-0.00040616,-0.23801708,-1.00000000,-0.42187258,-0.01936882
736,0.00022448,0.12850422,1.00000000,-0.89443229,0.01586681
737,-0.00316149,0.04872990,-1.00000000,-0.95694712,-0.17034208
738,0.00067156,0.08465328,1.00000000,-0.97625885,0.05275483
739,-0.00111811,-0.10822134,-1.00000000,-0.66407355,-0.02435564
740,-0.00188181,0.11011995,1.00000000,-0.92873763,-0.07822188
741,-0.00067811,0.00817529,-1.00000000,-0.88127157,-0.11116974
742,-0.00284543,-0.03532698,-1.00000000,-0.80009561,-0.09963266
743,-0.00507550,0.03323898,-1.00000000,-0.92804081,-0.30942089
744,0.00187560,-0.09021801,-1.00000000,-0.69766805,-0.20013988
745,-0.00123026,-0.21724923,-1.00000000,-0.46062573,-0.17635617
746,0.00172725,0.17870552,1.00000000,-0.80075585,-0.08855191
747,-0.00136417,0.00178689,-1.00000000,-0.86935069,-0.03448046
748,0.00190382,0.17025530,1.00000000,-0.81652409,0.22028984
749,0.00129058,-0.00584090,-1.00000000,-0.85511712,0.19893461
750,-0.00446950,0.18031332,1.00000000,-0.79775566,0.08069085
751,-0.00077069,0.14538123,1.00000000,-0.86293951,-0.01049300
752,-0.00456078,-0.18272948,-1.00000000,-0.52504014,-0.12718074
753,0.00006120,0.02796522,-1.00000000,-0.91819990,-0.19444285
754,-0.00109058,-0.18792915,-1.00000000,-0.51533748,-0.28136359
755,0.00081279,0.07535252,1.00000000,-0.99361422,-0.08854125
756,-0.00208975,0.00974363,-1.00000000,-0.88419811,-0.13669160
757,-0.00045417,0.11816485,1.00000000,-0.91372571,0.01321448
758,-0.00307604,-0.04717217,-1.00000000,-0.77799230,-0.10130617
759,0.00351508,0.04599546,-1.00000000,-0.95184462,0.06681696
760,-0.00346580,-0.10335402,-1.00000000,-0.67315604,-0.08936675
761,-0.00166517,0.27209547,1.00000000,-0.62648866,-0.07386797
762,0.00124683,-0.12555583,-1.00000000,-0.63172711,-0.01177566
763,-0.00145241,-0.02298673,-1.00000000,-0.82312272,0.04749279
764,0.00170610,0.14288894,1.00000000,-0.86759016,-0.01854160
765,-0.00028510,-0.01086712,-1.00000000,-0.84573811,0.09756550
766,0.00090096,0.16905050,1.00000000,-0.81877227,0.19123835
767,-0.00500992,0.05562633,-1.00000000,-0.96981598,-0.03715535
768,0.00044067,0.12318736,1.00000000,-0.90435364,0.03194872
769,0.00240238,-0.21351360,-1.00000000,-0.46759648,0.05736559
770,-0.00005211,0.09696802,1.00000000,-0.95327935,0.06587053
771,-0.00015962,0.20871287,1.00000000,-0.74476163,0.02715557
772,-0.00129621,0.06889807,-1.00000000,-0.99458126,0.16271958
773,0.00054558,0.06277365,-1.00000000,-0.98315299,0.16654924
774,0.00257636,-0.00196942,-1.00000000,-0.86234137,0.17289985
775,-0.00045805,0.10294410,1.00000000,-0.94212789,0.15808131
776,0.00273054,0.21862285,1.00000000,-0.72626946,0.26358242
777,-0.00255311,0.04577412,-1.00000000,-0.95143159,0.21770073
778,-0.00020110,0.22740542,1.00000000,-0.70988102,0.19044426
779,0.00100995,-0.07356662,-1.00000000,-0.72873982,0.13326499
780,-0.00176271,0.06041108,-1.00000000,-0.97874439,0.08564018
781,0.00193280,0.12939605,1.00000000,-0.89276811,0.05652009
782,0.00242133,-0.02854317,-1.00000000,-0.81275432,0.23810505
783,-0.00025298,0.18196425,1.00000000,-0.79467499,0.23621126
784,-0.00102165,0.20979208,1.00000000,-0.74274782,0.16205043
785,0.00166917,0.05745588,-1.00000000,-0.97322994,0.28732655
786,0.00350687,0.01366997,-1.00000000,-0.89152472,0.34478549
787,0.00305476,0.16694701,1.00000000,-0.82269741,0.36790807
788,-0.00303004,0.27162746,1.00000000,-0.62736198,0.26653548
789,0.00287368,0.24587426,1.00000000,-0.67541787,0.40872902
790,-0.00203869,-0.10073345,-1.00000000,-0.67804607,0.27337891
791,0.00532909,0.23555935,1.00000000,-0.69466566,0.33989652
792,-0.00271921,-0.04426337,-1.00000000,-0.78342016,0.12912586
793,-0.00177425,0.37542649,1.00000000,-0.43367129,0.17496643
794,-0.00457831,-0.08302797,-1.00000000,-0.71108479,-0.09705798
795,0.00090239,-0.02920043,-1.00000000,-0.81152786,0.01030193
796,0.00263303,-0.18892778,-1.00000000,-0.51347401,-0.08811383
797,-0.00091585,0.12326903,1.00000000,-0.90420124,-0.02228484
798,-0.00396917,0.22185122,1.00000000,-0.72024526,-0.10240701
799,0.00013273,0.01969648,-1.00000000,-0.90277029,0.06956288
800,0.00088712,-0.15422902,-1.00000000,-0.57822246,0.06900544
801,0.00429616,0.07942684,1.00000000,-0.98601148,0.12971553
802,0.00024633,0.12239916,1.00000000,-0.90582443,0.17213953
803,0.00244038,0.31658777,1.00000000,-0.54346531,0.40611103
804,-0.00052901,0.08589804,1.00000000,-0.97393612,0.38195515
805,-0.00225970,0.21087753,1.00000000,-0.74072235,0.26708486
806,0.00139095,0.04173220,-1.00000000,-0.94388931,0.16103439
807,0.00207802,-0.05685299,-1.00000000,-0.75992772,0.22789760
808,0.00187334,0.15109872,1.00000000,-0.85227058,0.20719845
809,0.00092048,0.19023637,1.00000000,-0.77923909,0.26011008
810,0.00341602,0.17857703,1.00000000,-0.80099560,0.46729431
811,0.00125013,0.12429945,1.00000000,-0.90227845,0.46215385
812,0.00214624,0.26645271,1.00000000,-0.63701814,0.46464399
813,-0.00041016,0.14307716,1.00000000,-0.86723894,0.38128793
814,-0.00285050,0.19412216,1.00000000,-0.77198813,0.24363363
815,-0.00281095,0.04850202,-1.00000000,-0.95652190,0.01632690
816,-0.00237986,-0.09050656,-1.00000000,-0.69712962,-0.11618076
817,-0.00026781,-0.08825363,-1.00000000,-0.70133361,-0.20430212
818,0.00040876,-0.06369766,-1.00000000,-0.74715546,-0.17440854
819,-0.00375257,0.05661104,-1.00000000,-0.97165346,-0.20733723
820,-0.00207156,0.09515018,1.00000000,-0.95667146,-0.18034679
821,-0.00241086,-0.14189093,-1.00000000,-0.60124554,-0.18147819
822,0.00055322,-0.04613574,-1.00000000,-0.77992628,-0.15150786
823,0.00012265,-0.06546318,-1.00000000,-0.74386098,-0.16195170
824,-0.00086044,0.10337897,1.00000000,-0.94131641,-0.05637874
825,0.00095818,0.07885284,1.00000000,-0.98708257,0.05421744
826,-0.00197416,0.02285297,-1.00000000,-0.90866035,0.07015851
827,-0.00080812,0.12644677,1.00000000,-0.89827151,0.02046489
828,-0.00052279,-0.04058754,-1.00000000,-0.79027931,-0.00309616
829,-0.00294715,0.02583334,-1.00000000,-0.91422177,-0.07926854
830,0.00179451,0.04208643,-1.00000000,-0.94455029,-0.04873959
831,0.00903884,-0.09601208,-1.00000000,-0.68685622,0.35327403
832,-0.00063074,0.17408642,1.00000000,-0.80937516,0.35974896
833,0.00031435,0.58674443,1.00000000,-0.03934856,0.39030751
834,0.00058880,0.03593731,-1.00000000,-0.93307594,0.51938232
835,-0.00363700,0.08977227,1.00000000,-0.96670674,0.32111295
836,0.00278579,0.10540585,1.00000000,-0.93753421,0.09285442
837,-0.00152322,-0.13530787,-1.00000000,-0.61352965,0.06027570
838,-0.00088049,0.23055283,1.00000000,-0.70400790,0.01665991
839,0.00141056,-0.01490096,-1.00000000,-0.83821091,0.04665723
840,-0.00331364,0.02171094,-1.00000000,-0.90652930,0.05846097
841,0.00112962,0.15221590,1.00000000,-0.85018589,-0.00199504
842,0.00054290,-0.11688842,-1.00000000,-0.64790063,0.07342583
843,-0.00783814,0.13621277,1.00000000,-0.88004800,-0.18055338
844,-0.00249000,0.10279139,1.00000000,-0.94241284,-0.32293785
845,-0.00067692,-0.37461714,-1.00000000,-0.16697464,-0.22668796
846,-0.00076594,-0.06997143,-1.00000000,-0.73544851,-0.29588266
847,0.00035150,0.03330707,-1.00000000,-0.92816787,-0.30286941
848,-0.00084470,0.02823622,-1.00000000,-0.91870558,-0.04758383
849,-0.00144425,0.09188874,1.00000000,-0.96275737,-0.00941026
850,-0.00389694,0.02374949,-1.00000000,-0.91033328,-0.12695249
851,0.00162716,-0.01040255,-1.00000000,-0.84660502,-0.03959586
852,0.00213779,-0.15011457,-1.00000000,-0.58590009,0.02561011
853,-0.00084787,0.16455400,1.00000000,-0.82716280,0.02549431
854,0.00194005,0.19364099,1.00000000,-0.77288601,0.14903324
855,-0.00057144,0.02356880,-1.00000000,-0.90999611,0.27042570
856,-0.00403255,0.18237680,1.00000000,-0.79390518,0.06382594
857,0.00095253,0.03931526,-1.00000000,-0.93937925,0.02055949
858,0.00261995,-0.15783966,-1.00000000,-0.57148496,0.14714741
859,-0.00549405,0.12612479,1.00000000,-0.89887233,-0.12422368
860,-0.00343532,0.22110603,1.00000000,-0.72163580,-0.22876553
861,-0.00091750,-0.24109086,-1.00000000,-0.41613685,-0.11505510
862,-0.00219869,-0.12381963,-1.00000000,-0.63496689,-0.23008566
863,-0.00793106,0.01960257,-1.00000000,-0.90259504,-0.61523531
864,0.00137210,-0.05337746,-1.00000000,-0.76641313,-0.36459638
865,-0.00026445,-0.37991017,-1.00000000,-0.15709776,-0.24884812
866,-0.00073427,0.15002479,1.00000000,-0.85427455,-0.24215963
867,0.00083802,0.05680258,-1.00000000,-0.97201088,-0.13130903
868,-0.00094256,0.03003979,-1.00000000,-0.92207107,0.12379646
869,-0.00012681,0.11960207,1.00000000,-0.91104384,0.06908104
870,0.00088656,0.01817543,-1.00000000,-0.89993198,0.11109674
871,-0.00181362,0.06464278,-1.00000000,-0.98664081,0.07169660
872,-0.00192079,0.12236700,1.00000000,-0.90588443,-0.02900979
873,0.00238519,-0.03144313,-1.00000000,-0.80734294,0.09246476
874,-0.00051444,-0.03754766,-1.00000000,-0.79595178,0.07831488
875,-0.00208128,0.20773336,1.00000000,-0.74658941,-0.03002179
876,0.00043420,0.04256224,-1.00000000,-0.94543817,0.05203185
877,-0.00296411,-0.04668960,-1.00000000,-0.77889277,0.01394710
878,-0.00246409,0.09659949,1.00000000,-0.95396703,-0.16306888
879,-0.00547043,-0.09697795,-1.00000000,-0.68505390,-0.34398034
880,0.00087580,-0.06849555,-1.00000000,-0.73820251,-0.23603629
881,-0.00174672,-0.23974547,-1.00000000,-0.41864736,-0.31564770
882,-0.00001202,0.12175432,1.00000000,-0.90702770,-0.20788606
883,-0.00061740,-0.02763208,-1.00000000,-0.81445442,-0.14047525
884,0.00083648,0.07118135,-1.00000000,-0.99884190,0.08974955
885,0.00048454,0.03669729,-1.00000000,-0.93449408,0.07546703
886,-0.00358574,0.11951444,1.00000000,-0.91120735,0.00833612
887,-0.00139333,0.09946682,1.00000000,-0.94861656,-0.04208647
888,0.00217938,-0.13238815,-1.00000000,-0.61897788,0.06000607
889,0.00533029,-0.00750182,-1.00000000,-0.85201782,0.22404633
890,-0.00068604,0.19601009,1.00000000,-0.76846523,0.18131622
891,0.01285069,0.37549509,1.00000000,-0.43354329,0.78130470
892,-0.00263466,0.03278758,-1.00000000,-0.92719849,0.73599153
893,-0.00039223,0.80387855,1.00000000,0.36582724,0.64211864
894,-0.00497887,-0.07821188,-1.00000000,-0.72007170,0.26579725
895,-0.00024951,0.04952385,-1.00000000,-0.95842866,0.28173184
896,0.00788274,-0.21174483,-1.00000000,-0.47089701,0.10038410
897,-0.00020954,0.05765310,-1.00000000,-0.97359796,0.18890965
898,0.00076334,0.52089003,1.00000000,-0.16223396,0.23109180
899,0.00078436,0.05992998,-1.00000000,-0.97784665,0.44147054
900,0.00059968,0.11534803,1.00000000,-0.91898195,0.47246927
901,-0.00022446,0.11654581,1.00000000,-0.91674687,0.17652745
902,-0.00420452,0.10602583,1.00000000,-0.93637733,0.03069656
903,-0.00431443,0.05908037,-1.00000000,-0.97626127,-0.15465994
904,0.00106829,-0.16763540,-1.00000000,-0.55320594,-0.14429560
905,-0.00115432,-0.17389605,-1.00000000,-0.54152346,-0.20832300
906,0.00222067,0.13271911,1.00000000,-0.88656723,-0.11906701
907,-0.00516602,0.00611270,-1.00000000,-0.87742273,-0.15416521
908,-0.00136252,0.19836206,1.00000000,-0.76407642,-0.04640998
909,0.00211937,-0.22240523,-1.00000000,-0.45100454,-0.00804174
910,0.00067004,-0.00574678,-1.00000000,-0.85529274,0.05855401
911,0.00116185,0.19259177,1.00000000,-0.77484386,0.01990314
912,0.00033058,0.11003366,1.00000000,-0.92889865,0.22054875
913,0.00058847,0.13804838,1.00000000,-0.87662273,0.29176671
914,0.01629366,0.09069711,1.00000000,-0.96498098,0.80917872
915,0.00059356,0.10538703,1.00000000,-0.93756933,0.80638694
916,-0.00272845,1.00000000,1.00000000,0.73179308,0.66437717
917,-0.00421422,0.10567715,1.00000000,-0.93702798,0.49847562
918,0.00089457,-0.08355424,-1.00000000,-0.71010275,0.50964961
919,-0.00080904,-0.16818801,-1.00000000,-0.55217476,-0.11466005
920,0.00312517,0.12282375,1.00000000,-0.90503214,-0.02224724
921,0.00332042,0.02578073,-1.00000000,-0.91412359,0.19855807
922,0.00151309,0.24988497,1.00000000,-0.66793382,0.40762522
923,-0.00101690,0.26100680,1.00000000,-0.64718030,0.33784967
924,0.00494226,0.15805594,1.00000000,-0.83928830,0.54779295
925,0.00145902,0.01394079,-1.00000000,-0.89203007,0.48697238
926,0.00720246,0.35339184,1.00000000,-0.47478831,0.62868075
927,0.00549768,0.15497603,1.00000000,-0.84503545,0.77413255
928,0.00050019,0.48213909,1.00000000,-0.23454384,0.82951149
929,0.00387840,0.38502977,1.00000000,-0.41575142,0.79067656
930,0.00122951,0.10035820,1.00000000,-0.94695321,0.78229856
931,0.00548342,0.29279093,1.00000000,-0.58787060,0.71954766
932,0.00406287,0.14190237,1.00000000,-0.86943112,0.66717212
933,-0.00613174,0.38421791,1.00000000,-0.41726636,0.42508305
934,0.00014658,0.30329909,1.00000000,-0.56826221,0.28885844
935,-0.00274156,-0.27741561,-1.00000000,-0.34835428,0.14390046
936,0.00083461,0.08021590,1.00000000,-0.98453908,-0.02579785
937,-0.00399779,-0.08430085,-1.00000000,-0.70870958,-0.32004079
938,-0.00022019,0.11940803,1.00000000,-0.91140593,-0.10424789
939,-0.00166847,-0.15585951,-1.00000000,-0.57517995,-0.17050394
940,0.00178964,0.05932370,-1.00000000,-0.97671533,-0.00509888
941,-0.00119236,-0.02317498,-1.00000000,-0.82277145,-0.07909070
942,0.00050545,0.17380952,1.00000000,-0.80989185,0.08529361
943,0.00388357,0.00394569,-1.00000000,-0.87337906,0.23509539
944,-0.00023743,0.10065801,1.00000000,-0.94639377,0.28733357
945,-0.00012226,0.29308555,1.00000000,-0.58732084,0.21754207
946,0.00055980,0.05834136,-1.00000000,-0.97488227,0.28150225
947,-0.00364567,0.06490167,-1.00000000,-0.98712392,0.12997170
948,-0.00486534,0.10375392,1.00000000,-0.94061674,-0.18939482
949,0.00090409,-0.13580154,-1.00000000,-0.61260844,-0.14772532
950,-0.00202642,-0.20527775,-1.00000000,-0.48296470,-0.21723374
951,0.00150990,0.12336555,1.00000000,-0.90402112,-0.18255161
952,0.00434672,-0.04356445,-1.00000000,-0.78472437,0.10919916
953,-0.00068738,0.15787451,1.00000000,-0.83962685,0.26170953
954,-0.00708340,0.31946808,1.00000000,-0.53809059,-0.02986221
955,-0.00228746,0.03271078,-1.00000000,-0.92705519,-0.03939112
956,0.00072981,-0.33162470,-1.00000000,-0.24719923,-0.06786718
957,-0.00173294,-0.05843406,-1.00000000,-0.75697742,-0.28979654
958,-0.00395757,0.11343834,1.00000000,-0.92254547,-0.40917001
959,-0.00076078,-0.02684701,-1.00000000,-0.81591937,-0.17837196
960,-0.00184608,-0.15356846,-1.00000000,-0.57945508,-0.16226002
961,-0.00376012,0.02852976,-1.00000000,-0.91925333,-0.32615859
962,-0.00077334,-0.03329179,-1.00000000,-0.80389332,-0.29112966
963,0.00214461,-0.14232121,-1.00000000,-0.60044263,-0.06837844
964,0.00289921,0.02781474,-1.00000000,-0.91791910,0.06522440
965,0.00307979,0.19402913,1.00000000,-0.77216173,0.24503618
966,0.00222348,0.23701358,1.00000000,-0.69195204,0.46345903
967,0.00091296,0.24729989,1.00000000,-0.67275762,0.52501467
968,0.00038918,0.19852207,1.00000000,-0.76377782,0.46093550
969,-0.00376578,0.12387075,1.00000000,-0.90307841,0.21763954
970,0.00151358,0.09403522,1.00000000,-0.95875200,0.16046745
971,0.00149059,-0.14264354,-1.00000000,-0.59984116,0.13371421
972,-0.00558601,0.15808430,1.00000000,-0.83923538,-0.10352127
973,-0.00667140,0.15677434,1.00000000,-0.84167979,-0.36125771
974,-0.00075075,-0.24632917,-1.00000000,-0.40636209,-0.25119837
975,-0.00164743,-0.30815591,-1.00000000,-0.29099237,-0.36658684
976,0.00115779,0.02910126,-1.00000000,-0.92031976,-0.37873506
977,0.00954636,-0.02197647,-1.00000000,-0.82500789,0.17365044
978,-0.00064789,0.13781735,1.00000000,-0.87705383,0.39353010
979,0.00273426,0.61565430,1.00000000,0.01459772,0.52074546
980,0.00234475,0.03496067,-1.00000000,-0.93125352,0.66647449
981,-0.00028604,0.22761758,1.00000000,-0.70948513,0.61376956
982,-0.00029377,0.20542997,1.00000000,-0.75088758,0.25456981
983,-0.00069794,0.05557265,-1.00000000,-0.96971582,0.25274282
984,-0.00219605,0.05513225,-1.00000000,-0.96889402,0.07276869
985,-0.00167509,0.03210971,-1.00000000,-0.92593358,-0.07397004
986,-0.00107291,-0.05322746,-1.00000000,-0.76669302,-0.10269361
987,0.00238004,-0.02355206,-1.00000000,-0.82206781,-0.00508994
988,-0.00165202,0.01075025,-1.00000000,-0.88607647,-0.03991729
989,0.00126436,0.20744030,1.00000000,-0.74713628,0.08640039
990,0.00155467,-0.02223748,-1.00000000,-0.82452084,0.20429834
991,-0.00229849,0.14388805,1.00000000,-0.86572581,0.15956019
992,0.00017638,0.16042467,1.00000000,-0.83486820,0.07911850
993,-0.00209535,-0.05906249,-1.00000000,-0.75580476,0.06293528
994,0.00202793,0.08191309,1.00000000,-0.98137210,0.09080808
995,0.00030673,-0.04749098,-1.00000000,-0.77739740,0.04525390
996,0.00256904,0.18738284,1.00000000,-0.78456381,0.22293616
997,-0.00330816,0.08933854,1.00000000,-0.96751609,0.09573831
998,-0.00345324,0.21820614,1.00000000,-0.72704703,0.04617042
999,0.00116775,-0.11657591,-1.00000000,-0.64848379,0.01477084
1000,-0.00289067,-0.12484041,-1.00000000,-0.63306208,-0.10194578
1001,-0.00027379,0.13838461,1.00000000,-0.87599532,-0.20571924
1002,-0.00002896,-0.09279476,-1.00000000,-0.69285980,-0.08601683
1003,-0.00032884,0.05627030,-1.00000000,-0.97101764,0.02803501
1004,0.00014136,0.07021665,-1.00000000,-0.99704175,-0.00943173
1005,0.00125350,0.05313457,-1.00000000,-0.96516631,0.14184529
1006,0.00459795,0.07991872,1.00000000,-0.98509362,0.31968124
1007,0.00085645,0.14326915,1.00000000,-0.86688068,0.35200182
1008,-0.00182383,0.33377876,1.00000000,-0.51138664,0.29742913
1009,0.00141702,0.12065208,1.00000000,-0.90908450,0.34399496
1010,-0.00656646,-0.03202472,-1.00000000,-0.80625769,0.05853839
1011,0.00034673,0.15258351,1.00000000,-0.84949994,-0.09664631
1012,-0.00059627,-0.30217853,-1.00000000,-0.30214626,-0.14967594
1013,-0.00048298,0.09161701,1.00000000,-0.96326443,-0.10072980
1014,-0.00354674,0.03790070,-1.00000000,-0.93673966,-0.28192469
1015,0.00345283,0.04435448,-1.00000000,-0.94878252,0.08381538
1016,0.00328882,-0.13016648,-1.00000000,-0.62312356,0.19121216
1017,0.00126704,0.26854950,1.00000000,-0.63310550,0.25922970
1018,0.00181101,0.25920693,1.00000000,-0.65053889,0.34296853
1019,0.00147816,0.14404033,1.00000000,-0.86544165,0.52639540
1020,-0.00107739,0.17502679,1.00000000,-0.80762040,0.36102623
1021,0.00130658,0.15606647,1.00000000,-0.84300068,0.28866736
1022,0.00222474,0.01049513,-1.00000000,-0.88560042,0.32362695
1023,0.00003794,0.14629276,1.00000000,-0.86123857,0.25890323
1024,0.00074772,0.19859388,1.00000000,-0.76364384,0.23223937
1025,-0.00021593,0.07402707,1.00000000,-0.99608753,0.26368570
1026,0.00169375,0.11445820,1.00000000,-0.92064238,0.27781866
1027,-0.00369875,0.05956633,-1.00000000,-0.97716808,0.06158997
1028,0.00088197,0.16834688,1.00000000,-0.82008523,0.09240032
1029,0.00104573,-0.13882546,-1.00000000,-0.60696576,0.10327901
1030,-0.00069498,0.12210583,1.00000000,-0.90637179,0.08579196
1031,-0.00166129,0.13143413,1.00000000,-0.88896503,-0.03667893
1032,0.00250055,0.03227823,-1.00000000,-0.92624804,0.18961770
1033,0.00091229,-0.02276582,-1.00000000,-0.82353495,0.19072448
1034,-0.00061867,0.21430465,1.00000000,-0.73432728,0.12996780
1035,0.00236817,0.12383294,1.00000000,-0.90314898,0.24178372
1036,0.00074046,0.03662488,-1.00000000,-0.93435895,0.32945617
1037,-0.00050879,0.20676411,1.00000000,-0.74839806,0.21960451
1038,-0.00275883,0.11404482,1.00000000,-0.92141377,0.08559538
1039,-0.00024042,0.04288394,-1.00000000,-0.94603847,0.09940303
1040,-0.00014649,-0.08528489,-1.00000000,-0.70687334,0.00760889
1041,-0.00151089,0.05817137,-1.00000000,-0.97456506,-0.07457351
1042,0.00043457,0.06352169,-1.00000000,-0.98454884,-0.04013733
1043,-0.00300820,-0.01419871,-1.00000000,-0.83952131,-0.04924023
1044,-0.00251553,0.09662072,1.00000000,-0.95392742,-0.13229004
1045,0.00172936,-0.09948973,-1.00000000,-0.68036687,-0.06381491
1046,-0.00170080,-0.07142575,-1.00000000,-0.73273473,-0.07074700
1047,0.00106361,0.17037538,1.00000000,-0.81630001,-0.04778475
1048,-0.00020114,-0.02501606,-1.00000000,-0.81933596,0.05468295
1049,-0.00068142,0.13245272,1.00000000,-0.88706432,0.12163454
1050,0.00203985,0.06040850,-1.00000000,-0.97873959,0.13296846
1051,-0.00204304,0.03305050,-1.00000000,-0.92768911,0.12047520
1052,-0.00125848,0.18806167,1.00000000,-0.78329711,0.03571059
1053,0.00041106,-0.04451148,-1.00000000,-0.78295719,0.05805825
1054,0.00150198,0.00017972,-1.00000000,-0.86635169,0.13776031
1055,0.00125629,0.09528144,1.00000000,-0.95642653,0.10915764
1056,0.00041911,0.15742354,1.00000000,-0.84046836,0.19903496
1057,0.00056876,0.14342794,1.00000000,-0.86658438,0.26573551
1058,0.00018512,0.09573977,1.00000000,-0.95557128,0.25748789
1059,-0.00388344,0.10426422,1.00000000,-0.93966451,0.06090081
1060,-0.00588447,0.08241124,1.00000000,-0.98044253,-0.19976224
1061,0.00145634,-0.14934557,-1.00000000,-0.58733505,-0.16189971
1062,0.00183266,-0.26333009,-1.00000000,-0.37463808,-0.11576268
1063,0.00216511,0.15482328,1.00000000,-0.84532050,-0.04348587
1064,-0.00062291,0.17625989,1.00000000,-0.80531943,0.07553490
1065,-0.00028454,0.19519736,1.00000000,-0.76998179,0.27995239
1066,0.00161739,0.03638330,-1.00000000,-0.93390816,0.28583139
1067,0.00172522,0.05565817,-1.00000000,-0.96987539,0.28190925
1068,-0.00138986,0.16399731,1.00000000,-0.82820161,0.15213991
1069,-0.00198445,0.17013950,1.00000000,-0.81674017,0.10243887
1070,0.00222772,-0.00730439,-1.00000000,-0.85238622,0.19414529
1071,-0.00023968,-0.04117390,-1.00000000,-0.78918517,0.12635580
1072,0.00246216,0.19876370,1.00000000,-0.76332694,0.15325702
1073,-0.00384710,0.05821353,-1.00000000,-0.97464373,0.06355889
1074,0.00083890,0.21211818,1.00000000,-0.73840727,0.16662142
1075,0.00549984,-0.14727605,-1.00000000,-0.59119683,0.28606542
1076,-0.00338211,0.11965255,1.00000000,-0.91094964,0.17135546
1077,0.00087122,0.38515301,1.00000000,-0.41552145,0.11328045
1078,0.00988138,-0.12078843,-1.00000000,-0.64062316,0.61441907
1079,-0.00360018,0.12149360,1.00000000,-0.90751422,0.45237664
1080,-0.00119226,0.63473797,1.00000000,0.05020817,0.20809090
1081,-0.00050200,-0.13321051,-1.00000000,-0.61744334,0.31322510
1082,-0.00165101,0.00395135,-1.00000000,-0.87338962,0.22115445
1083,-0.00096418,0.04327080,-1.00000000,-0.94676035,-0.17474702
1084,-0.00286923,-0.02218029,-1.00000000,-0.82462754,-0.14806487
1085,0.00014310,0.01694385,-1.00000000,-0.89763384,-0.09931948
1086,0.00674056,-0.09157371,-1.00000000,-0.69513830,0.16505996
1087,0.00212581,0.08001729,1.00000000,-0.98490968,0.30292766
1088,0.00427448,0.45582816,1.00000000,-0.28364047,0.49415753
1089,-0.00314719,0.19295872,1.00000000,-0.77415913,0.48401110
1090,-0.00396805,0.31535318,1.00000000,-0.54576908,0.33393954
1091,0.00324163,-0.10740695,-1.00000000,-0.66559322,0.20621590
1092,-0.00292186,-0.15416554,-1.00000000,-0.57834092,0.02195791
1093,0.00356270,0.25651867,1.00000000,-0.65555522,-0.00402460
1094,-0.00347897,-0.09457116,-1.00000000,-0.68954500,-0.01613574
1095,-0.00141058,0.27480813,1.00000000,-0.62142680,0.07722107
1096,-0.00212204,-0.12630607,-1.00000000,-0.63032715,-0.11857197
1097,-0.00003377,-0.00848462,-1.00000000,-0.85018389,-0.01314639
1098,0.00024142,-0.04901136,-1.00000000,-0.77456034,-0.13438509
1099,0.00050802,0.06994276,-1.00000000,-0.99653068,0.01115415
1100,-0.00415266,0.08561823,1.00000000,-0.97445823,-0.08894148
1101,0.00038172,0.10080420,1.00000000,-0.94612097,0.00245467
1102,-0.00163467,-0.16468130,-1.00000000,-0.55871833,-0.05598390
1103,-0.00118810,0.09361000,1.00000000,-0.95954547,-0.10816663
1104,-0.00149046,-0.02124913,-1.00000000,-0.82636511,-0.18111812
1105,0.00272859,0.00418843,-1.00000000,-0.87383201,0.07007220
1106,-0.00233817,-0.01303475,-1.00000000,-0.84169328,-0.02921354
1107,-0.00167396,0.22729479,1.00000000,-0.71008747,-0.03064801
1108,-0.00293245,-0.06132287,-1.00000000,-0.75158686,-0.09432298
1109,0.00077978,-0.02348759,-1.00000000,-0.82218811,-0.01145099
1110,-0.00045030,-0.09517474,-1.00000000,-0.68841872,-0.12749196
1111,-0.00022297,0.11628488,1.00000000,-0.91723377,-0.05027936
1112,-0.00128574,0.04621581,-1.00000000,-0.95225580,-0.03610773
1113,-0.00156276,0.05916543,-1.00000000,-0.97641998,0.01389101
1114,-0.00263814,-0.00137312,-1.00000000,-0.86345406,-0.11087522
1115,0.00078972,-0.01715298,-1.00000000,-0.83400859,-0.06561023
1116,-0.00157027,-0.07840963,-1.00000000,-0.71970268,-0.11479167
1117,-0.00111232,0.11685067,1.00000000,-0.91617800,-0.10846145
1118,0.00057824,-0.01758096,-1.00000000,-0.83320998,-0.03030749
1119,0.00093855,0.00850502,-1.00000000,-0.88188684,0.10025435
1120,0.00312787,0.10480428,1.00000000,-0.93865675,0.18560538
1121,0.00055696,0.12532878,1.00000000,-0.90035772,0.26325695
1122,-0.00108626,0.25003878,1.00000000,-0.66764682,0.26420820
1123,0.00184628,0.10359233,1.00000000,-0.94091828,0.31049626
1124,0.00036298,0.00998942,-1.00000000,-0.88465676,0.28948591
1125,0.00165774,0.17703563,1.00000000,-0.80387188,0.23582070
1126,-0.00074016,0.09254265,1.00000000,-0.96153716,0.18847101
1127,0.00024567,0.16629560,1.00000000,-0.82391296,0.23709146
1128,0.00183726,0.02970434,-1.00000000,-0.92144512,0.23676216
1129,0.00025533,0.08586040,1.00000000,-0.97400635,0.23283253
1130,0.00135244,0.17652176,1.00000000,-0.80483077,0.22168828
1131,0.00663477,0.08641057,1.00000000,-0.97297972,0.49089956
1132,-0.00049513,0.14890528,1.00000000,-0.85636357,0.46385760
1133,-0.00464847,0.44980167,1.00000000,-0.29488599,0.22710517
1134,-0.00120332,0.04366210,-1.00000000,-0.94749054,0.17385919
1135,-0.00344874,-0.19292436,-1.00000000,-0.50601634,-0.00140133
1136,0.00038988,0.00332157,-1.00000000,-0.87221444,-0.22936217
1137,0.00212739,-0.12458428,-1.00000000,-0.63354004,-0.13363083
1138,-0.00112046,0.09407460,1.00000000,-0.95867851,-0.00484558
1139,-0.00008157,0.19304841,1.00000000,-0.77399177,0.03610230
1140,-0.00124513,0.00804174,-1.00000000,-0.88102235,0.11654194
1141,0.00325613,0.06721969,-1.00000000,-0.99144938,0.22117053
1142,-0.00209440,0.00093972,-1.00000000,-0.86776987,0.06706021
1143,0.00281198,0.25734485,1.00000000,-0.65401357,0.21060812
1144,-0.00166000,-0.04743681,-1.00000000,-0.77749847,0.15298968
1145,-0.00246367,0.23204459,1.00000000,-0.70122426,0.10850874
1146,0.00082209,-0.02269241,-1.00000000,-0.82367193,0.01965740
1147,0.00066105,-0.06847164,-1.00000000,-0.73824713,0.12024104
1148,0.00010650,0.11869460,1.00000000,-0.91273720,0.02148146
1149,-0.00177251,0.10952139,1.00000000,-0.92985455,0.01737444
1150,0.00030693,0.07793279,1.00000000,-0.98879940,0.11851127
1151,0.00290669,-0.02910132,-1.00000000,-0.81171280,0.19460687
1152,0.00141627,0.08934980,1.00000000,-0.96749508,0.22217500
1153,0.00264287,0.23743983,1.00000000,-0.69115665,0.31476152
1154,-0.00146471,0.15254075,1.00000000,-0.84957972,0.32599728
1155,-0.00313520,0.22241169,1.00000000,-0.71919942,0.20034709
1156,0.00268271,-0.01156820,-1.00000000,-0.84442988,0.19217094
1157,0.00023092,-0.10672411,-1.00000000,-0.66686741,0.14890142
1158,0.00062974,0.22468116,1.00000000,-0.71496454,0.07541486
1159,0.00645360,0.08501977,1.00000000,-0.97557498,0.36446154
1160,-0.00244658,0.10773778,1.00000000,-0.93318280,0.38959888
1161,-0.00296458,0.43948177,1.00000000,-0.31414311,0.18345273
1162,0.00057354,-0.06749794,-1.00000000,-0.74006408,0.19595958
1163,0.00500640,-0.09700463,-1.00000000,-0.68500411,0.35572338
1164,-0.00238264,0.10453640,1.00000000,-0.93915663,0.03316917
1165,0.00039878,0.35704511,1.00000000,-0.46797126,0.13703486
1166,0.00108470,-0.06385585,-1.00000000,-0.74686027,0.28484773
1167,-0.00164413,0.09458182,1.00000000,-0.95773203,0.20389489
1168,0.00155037,0.13365358,1.00000000,-0.88482350,0.07773747
1169,0.00087159,-0.02178844,-1.00000000,-0.82535876,0.19652862
1170,-0.00018936,0.16017967,1.00000000,-0.83532539,0.17505958
1171,0.00015718,0.12151472,1.00000000,-0.90747481,0.14120202
1172,0.00240288,0.06107993,-1.00000000,-0.97999249,0.28893253
1173,-0.00187605,0.08081972,1.00000000,-0.98341234,0.16385594
1174,-0.00310513,0.20874124,1.00000000,-0.74470869,0.01869135
1175,-0.00350490,-0.03499915,-1.00000000,-0.80070734,-0.10233782
1176,0.00057352,-0.10501092,-1.00000000,-0.67006425,-0.08714006
1177,0.00249183,-0.12778300,-1.00000000,-0.62757118,-0.08389301
1178,0.01001679,0.10453544,1.00000000,-0.93915842,0.35023834
1179,0.00436824,0.21380817,1.00000000,-0.73525372,0.62304285
1180,0.00030948,0.64245174,1.00000000,0.06460217,0.76228127
1181,0.00272822,0.32069356,1.00000000,-0.53580384,0.84093566
1182,0.00146276,0.08949500,1.00000000,-0.96722413,0.80337088
1183,-0.00063549,0.22727361,1.00000000,-0.71012699,0.41452455
1184,0.00155267,0.15518928,1.00000000,-0.84463752,0.31174626
1185,-0.00984360,0.03566697,-1.00000000,-0.93257148,-0.05887737
1186,0.00367868,0.16031067,1.00000000,-0.83508093,-0.02418234
1187,0.00044723,-0.48885372,-1.00000000,0.04619269,-0.06125290
1188,0.00089936,0.28141433,1.00000000,-0.60909953,-0.00522544
1189,0.00017908,0.09734162,1.00000000,-0.95258220,-0.05536632
1190,-0.00094596,0.12309638,1.00000000,-0.90452341,0.26942928
1191,0.00037466,0.08206711,1.00000000,-0.98108470,0.14882083
1192,0.00202332,0.01798152,-1.00000000,-0.89957015,0.20635393
1193,0.00029248,0.09320792,1.00000000,-0.96029576,0.18420069
1194,0.00324431,0.18712056,1.00000000,-0.78505324,0.29609239
1195,0.00053753,0.08852681,1.00000000,-0.96903079,0.35024506
1196,-0.00764751,0.25667125,1.00000000,-0.65527051,0.05740719
1197,-0.00245493,0.10248537,1.00000000,-0.94298388,-0.10606503
1198,0.00023876,-0.36375810,-1.00000000,-0.18723779,-0.10802596
1199,-0.00356702,-0.06797366,-1.00000000,-0.73917637,-0.35666375
1200,-0.00183678,0.08546683,1.00000000,-0.97474076,-0.44333467
1201,-0.00127001,-0.13132166,-1.00000000,-0.62096798,-0.21053317
1202,0.00012892,-0.03276239,-1.00000000,-0.80488118,-0.11621341
1203,-0.00424445,-0.00047731,-1.00000000,-0.86512567,-0.27986658
1204,-0.00073803,0.07920992,1.00000000,-0.98641625,-0.17659826
1205,0.00226644,-0.16990976,-1.00000000,-0.54896195,-0.02681585
1206,-0.00061644,0.02982592,-1.00000000,-0.92167198,-0.00295831
1207,-0.00627763,0.20096923,1.00000000,-0.75921139,-0.23682031
1208,-0.00217677,0.03675177,-1.00000000,-0.93459573,-0.16134282
1209,0.00009406,-0.28572576,-1.00000000,-0.33284741,-0.13096861
1210,-0.00624246,-0.05212906,-1.00000000,-0.76874266,-0.44157395
1211,-0.00220188,0.07722409,1.00000000,-0.99012185,-0.49944808
1212,0.00074424,-0.28372246,-1.00000000,-0.33658559,-0.24312465
1213,0.00456295,-0.05355933,-1.00000000,-0.76607375,0.00289938
1214,0.00067041,0.11426041,1.00000000,-0.92101146,0.02393818
1215,-0.01137438,0.33178515,1.00000000,-0.51510674,-0.16339530
1216,0.00064027,0.11005458,1.00000000,-0.92885961,-0.05964648
1217,-0.01304803,-0.57605157,-1.00000000,0.20890530,-0.56311379
1218,-0.00740536,0.10833806,1.00000000,-0.93206267,-1.00000000
1219,0.00236320,-0.67138747,-1.00000000,0.38680366,-0.93820695
1220,0.00046700,-0.34996461,-1.00000000,-0.21297666,-0.50595415
1221,-0.00185364,0.20648105,1.00000000,-0.74892624,-0.59699077
1222,0.00134490,0.09846789,1.00000000,-0.95048056,-0.07159731
1223,-0.00080362,-0.03372226,-1.00000000,-0.80309004,0.16938965
1224,0.00056589,0.14847561,1.00000000,-0.85716535,0.10378135
1225,-0.00232303,0.02608937,-1.00000000,-0.91469953,0.00193524
1226,-0.00299011,0.10410098,1.00000000,-0.93996913,-0.03955003
1227,0.00305747,-0.06046036,-1.00000000,-0.75319632,0.02296477
1228,0.01383376,-0.09845897,-1.00000000,-0.68229029,0.55728177
1229,0.00189454,0.24602837,1.00000000,-0.67513031,0.60578206
1230,-0.00257545,0.85987740,1.00000000,0.47032201,0.59656785
1231,-0.00274724,0.17978444,1.00000000,-0.79874257,0.60543346
1232,-0.00198793,-0.07483889,-1.00000000,-0.72636574,0.42125829
1233,0.00328051,-0.08462441,-1.00000000,-0.70810580,0.03602694
1234,0.00228749,-0.04137229,-1.00000000,-0.78881497,0.05037133
1235,-0.00402055,0.25873372,1.00000000,-0.65142190,-0.00237996
1236,-0.00109795,0.20216848,1.00000000,-0.75697357,0.05782504
1237,-0.00062535,-0.15715592,-1.00000000,-0.57276082,0.10756413
1238,0.00022100,0.00932395,-1.00000000,-0.88341498,-0.00411916
1239,-0.00614578,0.03624428,-1.00000000,-0.93364876,-0.31196387
1240,0.00489260,0.08445480,1.00000000,-0.97662922,0.01339787
1241,0.00472370,-0.27821532,-1.00000000,-0.34686201,0.22590890
1242,0.00033431,0.35056276,1.00000000,-0.48006742,0.26094005
1243,0.00074464,0.34094199,1.00000000,-0.49801994,0.28005496
1244,0.00447664,0.09090951,1.00000000,-0.96458463,0.66781125
1245,-0.00220081,0.11428312,1.00000000,-0.92096909,0.40887633
1246,-0.00146100,0.32686847,1.00000000,-0.52428136,0.18311263
1247,0.00049932,-0.05349857,-1.00000000,-0.76618713,0.18913599
1248,0.00283302,-0.01135649,-1.00000000,-0.84482494,0.26536943
1249,-0.00032003,0.10030880,1.00000000,-0.94704539,0.09027379
1250,0.00205456,0.23324345,1.00000000,-0.69898718,0.24561026
1251,0.00304780,0.05363620,-1.00000000,-0.96610235,0.41019747
1252,-0.00113901,0.18890003,1.00000000,-0.78173272,0.35039272
1253,-0.00874323,0.24547764,1.00000000,-0.67615797,-0.07218204
1254,-0.00077706,0.00698502,-1.00000000,-0.87905050,-0.08886534
1255,0.00268530,-0.42617366,-1.00000000,-0.07076932,-0.06584102
1256,0.00359597,0.02760233,-1.00000000,-0.91752274,-0.04583073
1257,0.00047138,0.22482888,1.00000000,-0.71468889,0.01295424
1258,0.00204975,0.27670319,1.00000000,-0.61789059,0.40693662
1259,0.00425745,0.09871747,1.00000000,-0.95001485,0.59071456
1260,0.00227769,0.18862578,1.00000000,-0.78224448,0.57583531
1261,-0.00617654,0.31438310,1.00000000,-0.54757925,0.21910352
1262,0.00203793,0.20161020,1.00000000,-0.75801534,0.27628828
1263,-0.00393609,-0.27996766,-1.00000000,-0.34359211,0.05778392
1264,0.00058066,0.18795283,1.00000000,-0.78350020,-0.07643230
1265,0.00320694,-0.15234470,-1.00000000,-0.58173863,-0.04251147
1266,-0.00058938,0.10494212,1.00000000,-0.93839955,0.16144006
1267,-0.00074080,0.25454279,1.00000000,-0.65924226,0.06000625
1268,-0.00317007,0.03829350,-1.00000000,-0.93747264,0.08796843
1269,-0.00366488,0.02966796,-1.00000000,-0.92137723,-0.06700904
1270,-0.00205990,-0.10871044,-1.00000000,-0.66316087,-0.25926741
1271,0.00356735,-0.13689626,-1.00000000,-0.61056567,-0.10753215
1272,0.00343344,-0.04547148,-1.00000000,-0.78116581,0.04484259
1273,0.00031300,0.27507250,1.00000000,-0.62093348,0.17198729
1274,0.00173879,0.26744484,1.00000000,-0.63516682,0.36924075
1275,0.00241669,0.08969562,1.00000000,-0.96684977,0.53265212
1276,-0.00109978,0.17091272,1.00000000,-0.81529734,0.36228541
1277,0.00233603,0.20952780,1.00000000,-0.74324097,0.32222586
1278,-0.00133419,0.00921959,-1.00000000,-0.88322025,0.26209756
1279,-0.00325071,0.20493295,1.00000000,-0.75181503,0.07996313
1280,0.00303699,-0.00413306,-1.00000000,-0.85830398,0.10260624
1281,-0.00026317,-0.11330341,-1.00000000,-0.65459031,0.13314535
1282,0.00051060,0.24486180,1.00000000,-0.67730715,0.06651091
1283,0.00009166,0.05687509,-1.00000000,-0.97214618,0.11855955
1284,0.00200419,0.10095162,1.00000000,-0.94584589,0.31038195
1285,0.00021504,0.07708750,1.00000000,-0.99037672,0.20737077
1286,-0.00027187,0.18603055,1.00000000,-0.78708722,0.20705328
1287,-0.00230744,0.08411548,1.00000000,-0.97726240,0.10418448
1288,0.00035541,0.05637964,-1.00000000,-0.97122167,0.11381241
1289,-0.00175758,-0.05957251,-1.00000000,-0.75485306,-0.02350552
1290,0.00144436,0.09211164,1.00000000,-0.96234143,0.02136918
1291,0.00185140,-0.02825057,-1.00000000,-0.81330030,0.09887632
1292,0.00258026,0.15414130,1.00000000,-0.84659308,0.27729515
1293,-0.00022683,0.17732756,1.00000000,-0.80332714,0.25604107
1294,-0.00021571,0.21884552,1.00000000,-0.72585394,0.31232484
1295,0.00174748,0.05894520,-1.00000000,-0.97600903,0.32338966
1296,0.00485068,0.05957881,-1.00000000,-0.97719137,0.43287387
1297,-0.00239038,0.17140766,1.00000000,-0.81437376,0.25142746
1298,-0.00011384,0.34817486,1.00000000,-0.48452328,0.25555210
1299,0.00283758,-0.06429697,-1.00000000,-0.74603714,0.36700800
1300,-0.00035001,0.06538160,-1.00000000,-0.98801946,0.29044216
1301,-0.00144665,0.23350290,1.00000000,-0.69850304,0.06056728
1302,-0.00040458,0.05192863,-1.00000000,-0.96291600,0.13305630
1303,0.00166664,-0.01053901,-1.00000000,-0.84635037,0.19805011
1304,0.00357523,0.04882029,-1.00000000,-0.95711579,0.22497705
1305,-0.00126092,0.16680279,1.00000000,-0.82296653,0.19172542
1306,-0.00081596,0.27552170,1.00000000,-0.62009528,0.21474785
1307,-0.00395058,0.00004031,-1.00000000,-0.86609156,0.08530615
1308,0.00046088,0.02538689,-1.00000000,-0.91338869,0.04129154
1309,0.00179635,-0.15317017,-1.00000000,-0.58019830,-0.02364405
1310,-0.00179259,0.09811911,1.00000000,-0.95113139,-0.04305173
1311,0.00280893,0.17419136,1.00000000,-0.80917933,0.08926958
1312,-0.00017417,-0.03024488,-1.00000000,-0.80957889,0.22712184
1313,0.00279436,0.23187092,1.00000000,-0.70154833,0.31230233
1314,-0.00185710,0.06194476,-1.00000000,-0.98160626,0.17893849
1315,-0.00255842,0.23104109,1.00000000,-0.70309681,0.15098287
1316,0.00039167,-0.03391950,-1.00000000,-0.80272200,0.06274444
1317,0.00108518,-0.07386891,-1.00000000,-0.72817575,0.10871522
1318,-0.00344222,0.09417710,1.00000000,-0.95848726,-0.11894234
1319,-0.00323387,0.13368099,1.00000000,-0.88477235,-0.16919932
1320,-0.00154626,-0.12421272,-1.00000000,-0.63423336,-0.13225175
1321,-0.00052882,-0.11234423,-1.00000000,-0.65638016,-0.16585297
1322,-0.00035521,-0.01621316,-1.00000000,-0.83576231,-0.21843218
1323,0.00018288,0.04174325,-1.00000000,-0.94390992,-0.08610306
1324,-0.00405033,0.05163248,-1.00000000,-0.96236339,-0.11590705
1325,-0.00070795,0.08228349,1.00000000,-0.98068092,-0.08530572
1326,-0.00025570,-0.15885261,-1.00000000,-0.56959477,-0.07533605
1327,0.00054020,0.03153944,-1.00000000,-0.92486945,-0.04265039
1328,-0.00244632,0.05730066,-1.00000000,-0.97294031,-0.13862546
1329,-0.00123234,0.10263761,1.00000000,-0.94269980,-0.03575860
1330,-0.00141491,-0.06748315,-1.00000000,-0.74009168,-0.06156539
1331,0.00301996,0.00166850,-1.00000000,-0.86912978,0.05800794
1332,0.00021720,-0.00873140,-1.00000000,-0.84972340,0.04621729
1333,-0.00023854,0.24389179,1.00000000,-0.67911719,0.12680912
1334,0.00063505,0.08423861,1.00000000,-0.97703264,0.19497566
1335,-0.00234316,0.05827833,-1.00000000,-0.97476466,0.16109132
1336,-0.00204322,0.10804065,1.00000000,-0.93261763,-0.02373291
1337,-0.00308169,-0.06160705,-1.00000000,-0.75105658,-0.14415417
1338,-0.00340868,-0.04452170,-1.00000000,-0.78293812,-0.25987566
1339,0.00413188,-0.10367569,-1.00000000,-0.67255580,-0.13222886
1340,-0.00205677,-0.12230210,-1.00000000,-0.63779862,-0.12177465
1341,0.00208616,0.30723022,1.00000000,-0.56092664,0.02896265
1342,-0.00114304,-0.04529351,-1.00000000,-0.78149790,0.09973011
1343,-0.00010085,0.19070001,1.00000000,-0.77837393,0.22047764
1344,0.00615962,0.00675513,-1.00000000,-0.87862151,0.29449745
1345,-0.00080424,0.06612133,-1.00000000,-0.98939982,0.34021933
1346,0.00012084,0.42273624,1.00000000,-0.34539052,0.26847792
1347,0.00089791,0.02605431,-1.00000000,-0.91463410,0.34298018
1348,0.00082025,0.07874938,1.00000000,-0.98727563,0.37660356
1349,0.00189515,0.12301399,1.00000000,-0.90467715,0.22093495
1350,0.00107053,0.11858977,1.00000000,-0.91293281,0.28937060
1351,0.00127390,0.17981935,1.00000000,-0.79867742,0.33146167
1352,0.00148902,0.13284639,1.00000000,-0.88632972,0.35303924
1353,0.00030789,0.14443142,1.00000000,-0.86471188,0.33433648
1354,-0.00133399,0.15668524,1.00000000,-0.84184605,0.21646145
1355,-0.00374931,0.08940459,1.00000000,-0.96739283,0.04052039
1356,0.00110931,-0.00412162,-1.00000000,-0.85832532,0.03451209
1357,0.00157724,-0.14170514,-1.00000000,-0.60159222,0.03773224
1358,-0.00063149,0.13505562,1.00000000,-0.88220727,0.00344157
1359,-0.00147902,0.16171020,1.00000000,-0.83246939,-0.00185274
1360,0.00041575,0.03589488,-1.00000000,-0.93299677,0.15018661
1361,-0.00046578,-0.01238327,-1.00000000,-0.84290895,0.09269008
1362,-0.00115518,0.09554839,1.00000000,-0.95592841,-0.00705290
1363,0.00857259,0.04533375,-1.00000000,-0.95060985,0.32892864
1364,0.00163221,0.00606383,-1.00000000,-0.87733155,0.44249971
1365,0.00195159,0.56018549,1.00000000,-0.08890799,0.49856360
1366,0.00084816,0.16484149,1.00000000,-0.82662634,0.54652741
1367,0.00091355,0.18303465,1.00000000,-0.79267761,0.62204343
1368,-0.00358990,0.12018004,1.00000000,-0.90996534,0.17806930
1369,0.00034207,0.12390466,1.00000000,-0.90301514,0.13097476
1370,0.00461548,-0.13262481,-1.00000000,-0.61853628,0.22821627
1371,-0.00273026,0.09135167,1.00000000,-0.96375955,0.09759120
1372,-0.00032088,0.33477754,1.00000000,-0.50952289,0.05253003
1373,-0.00307631,-0.08365705,-1.00000000,-0.70991091,0.07127789
1374,-0.00584515,0.05358786,-1.00000000,-0.96601216,-0.15457782
1375,-0.00290570,-0.10336925,-1.00000000,-0.67312763,-0.42912791
1376,0.00066063,-0.26109040,-1.00000000,-0.37881738,-0.30534849
1377,0.00109597,-0.09365085,-1.00000000,-0.69126232,-0.25362823
1378,-0.00552914,0.10949757,1.00000000,-0.92989901,-0.34316522
1379,-0.00234074,0.13429601,1.00000000,-0.88362470,-0.21524191
1380,-0.00162168,-0.24308945,-1.00000000,-0.41240745,-0.16837059
1381,0.00259840,-0.06146934,-1.00000000,-0.75131354,-0.09763492
1382,-0.00271886,-0.02050934,-1.00000000,-0.82774557,-0.23688989
1383,-0.00277127,0.21987877,1.00000000,-0.72392588,-0.13621774
1384,0.00134904,-0.08300782,-1.00000000,-0.71112239,-0.00152744
1385,-0.00030975,-0.08599313,-1.00000000,-0.70555175,0.04636267
1386,0.00052319,0.14871143,1.00000000,-0.85672529,-0.02939001
1387,0.00010555,0.05422196,-1.00000000,-0.96719540,0.07371096
1388,0.00049058,0.10166864,1.00000000,-0.94450792,0.19278016
1389,-0.00294297,0.07787862,1.00000000,-0.98890049,0.03610632
1390,0.00186338,0.09981131,1.00000000,-0.94797373,0.11543329
1391,0.00266707,-0.09577408,-1.00000000,-0.68730033,0.19369255
1392,-0.00278382,0.17800966,1.00000000,-0.80205432,0.08822023
1393,-0.00204516,0.22379022,1.00000000,-0.71662706,-0.00434341
1394,0.00137668,-0.08670825,-1.00000000,-0.70421733,0.15333933
1395,0.00031245,-0.04463188,-1.00000000,-0.78273252,0.09672480
1396,-0.00201376,0.15028580,1.00000000,-0.85378750,-0.07414237
1397,-0.00094992,0.08966414,1.00000000,-0.96690851,-0.00719856
1398,-0.00075305,-0.04284365,-1.00000000,-0.78606938,0.03996792
1399,0.00197272,0.01775586,-1.00000000,-0.89914906,0.06172542
1400,-0.00055394,0.02897021,-1.00000000,-0.92007523,0.03009914
1401,0.00118704,0.18423782,1.00000000,-0.79043248,0.14693981
1402,0.00023307,0.04031214,-1.00000000,-0.94123944,0.19012336
1403,-0.00000376,0.13948323,1.00000000,-0.87394527,0.21747525
1404,-0.00008679,0.08514268,1.00000000,-0.97534563,0.14229584
1405,0.00061246,0.07165215,-1.00000000,-0.99972042,0.18487375
1406,0.00221331,0.06692226,-1.00000000,-0.99089437,0.22233629
1407,0.00015554,0.10675388,1.00000000,-0.93501878,0.21950605
1408,-0.00188965,0.19794257,1.00000000,-0.76485919,0.15066408
1409,-0.00256111,0.08072616,1.00000000,-0.98358693,0.06034260
1410,-0.00005342,-0.03577397,-1.00000000,-0.79926152,0.03603555
1411,-0.00114415,-0.07402210,-1.00000000,-0.72788988,-0.08652353
1412,0.00259354,0.06882335,-1.00000000,-0.99444183,0.00247235
1413,0.00068134,0.00669225,-1.00000000,-0.87850419,0.09632283
1414,0.00276627,0.21960195,1.00000000,-0.72444243,0.29079144
1415,-0.00195046,0.11067730,1.00000000,-0.92769761,0.22154262
1416,-0.00001837,0.22944120,1.00000000,-0.70608224,0.26263741
1417,-0.00120439,-0.03923766,-1.00000000,-0.79279823,0.12399934
1418,-0.00918741,0.07081962,-1.00000000,-0.99816690,-0.23624542
1419,0.00168893,0.00326079,-1.00000000,-0.87210103,-0.27557234
1420,0.00330276,-0.45147546,-1.00000000,-0.02355576,-0.08381106
1421,-0.00108950,0.16807255,1.00000000,-0.82059714,-0.12291086
1422,-0.00583834,0.26000092,1.00000000,-0.64905729,-0.29206684
1423,-0.00152542,0.00980538,-1.00000000,-0.88431333,-0.01237665
1424,-0.00021207,-0.26070279,-1.00000000,-0.37954067,-0.08176987
1425,0.00178325,-0.01502606,-1.00000000,-0.83797746,-0.13723751
1426,-0.00131372,0.05978620,-1.00000000,-0.97757836,-0.14542266
1427,-0.00038762,0.17344509,1.00000000,-0.81057189,0.05354823
1428,0.00432672,-0.00296734,-1.00000000,-0.86047924,0.26717201
1429,-0.00131230,0.04978620,-1.00000000,-0.95891820,0.22700970
1430,0.00406946,0.31832839,1.00000000,-0.54021728,0.31046465
1431,0.00082067,-0.00288606,-1.00000000,-0.86063090,0.38837765
1432,0.00195610,0.30367440,1.00000000,-0.56756187,0.47393165
1433,-0.00396640,0.11861392,1.00000000,-0.91288774,0.17120334
1434,-0.00100434,0.18329102,1.00000000,-0.79219921,0.18244484
1435,-0.00503239,-0.15407140,-1.00000000,-0.57851658,-0.14980514
1436,0.00097495,0.01465601,-1.00000000,-0.89336470,-0.14417347
1437,-0.00427484,-0.21479321,-1.00000000,-0.46520870,-0.37162483
1438,-0.00160030,0.12740200,1.00000000,-0.89648905,-0.28525357
1439,-0.00065185,-0.17164101,-1.00000000,-0.54573141,-0.27238656
1440,-0.01881692,-0.01929126,-1.00000000,-0.83001852,-0.77557121
1441,0.00154606,0.03473466,-1.00000000,-0.93083177,-0.75472343
1442,0.00363115,-1.00000000,-1.00000000,1.00000000,-0.46612670
1443,-0.00454360,0.15993442,1.00000000,-0.83578301,-0.57356780
1444,-0.00068861,0.27870683,1.00000000,-0.61415176,-0.57490955
1445,-0.00686318,-0.18695036,-1.00000000,-0.51716391,-0.13855524
1446,0.00136088,0.03264089,-1.00000000,-0.92692476,-0.14531518
1447,0.00122135,-0.31908025,-1.00000000,-0.27060738,-0.23328130
1448,-0.00242321,0.14938571,1.00000000,-0.85546709,-0.15587936
1449,-0.01589453,0.14143794,1.00000000,-0.87029775,-0.71094983
1450,-0.00019790,-0.06616660,-1.00000000,-0.74254838,-0.46764331
1451,0.00317849,-0.83353241,-1.00000000,0.68936876,-0.40129406
1452,0.00552471,0.06059337,-1.00000000,-0.97908455,-0.24420630
1453,0.00626204,0.25292202,1.00000000,-0.66226665,0.07283612
1454,0.00950473,0.38656938,1.00000000,-0.41287848,1.00000000
1455,-0.00514315,0.42856999,1.00000000,-0.33450465,0.81948060
1456,-0.00231254,0.61328314,1.00000000,0.01017311,0.61903836
1457,-0.01236848,-0.22110254,-1.00000000,-0.45343538,-0.03412696
1458,0.00954282,-0.05986298,-1.00000000,-0.75431103,0.08563330
1459,0.00395983,-0.63267841,-1.00000000,0.31457192,-0.11677533
1460,0.00494325,0.61545281,1.00000000,0.01422174,0.25141420
1461,-0.00501980,0.29742965,1.00000000,-0.57921467,0.15258961
1462,-0.00105380,0.35344781,1.00000000,-0.47468387,0.56561611
1463,0.00467321,-0.21407622,-1.00000000,-0.46654661,0.38785803
1464,0.00522817,0.01183889,-1.00000000,-0.88810789,0.43415693
1465,-0.00102335,0.33806587,1.00000000,-0.50338683,0.21635485
1466,-0.00385929,0.36967790,1.00000000,-0.44439825,0.25871763
1467,-0.00128061,0.01357322,-1.00000000,-0.89134418,0.25043823
1468,0.00037115,-0.14797017,-1.00000000,-0.58990157,0.09339776
1469,-0.00776021,-0.00108091,-1.00000000,-0.86399935,-0.38072440
1470,0.00055057,0.09300822,1.00000000,-0.96066841,-0.32327064
1471,-0.00416883,-0.37017761,-1.00000000,-0.17525887,-0.33456993
1472,0.00175522,0.10322835,1.00000000,-0.94159747,-0.22375141
1473,-0.00165167,-0.16560243,-1.00000000,-0.55699950,-0.29759159
1474,0.00019576,0.17184856,1.00000000,-0.81355104,-0.00717047
1475,-0.00388489,-0.02221749,-1.00000000,-0.82455813,-0.16908050
1476,0.00398226,0.08301712,1.00000000,-0.97931195,0.12846324
1477,0.00530411,-0.14942812,-1.00000000,-0.58718102,0.25801049
1478,-0.00246375,0.29870698,1.00000000,-0.57683116,0.22836664
1479,-0.00025513,0.37400375,1.00000000,-0.43632616,0.21190747
1480,0.00438479,-0.06847598,-1.00000000,-0.73823905,0.51378008
1481,-0.00223666,0.05733301,-1.00000000,-0.97300067,0.28676731
1482,-0.00230611,0.32163638,1.00000000,-0.53404451,0.00896700
1483,-0.01019555,-0.05554065,-1.00000000,-0.76237657,-0.27327135
1484,-0.00232780,-0.05949655,-1.00000000,-0.75499480,-0.34893092
1485,-0.00185565,-0.50890171,-1.00000000,0.08360257,-0.57672904
1486,-0.00504211,-0.06073181,-1.00000000,-0.75268978,-0.67913799
1487,0.00061383,-0.03383676,-1.00000000,-0.80287639,-0.57254986
1488,0.00100100,-0.21534721,-1.00000000,-0.46417492,-0.16383590
1489,-0.00367092,0.10683151,1.00000000,-0.93487393,-0.21286459
1490,-0.00053176,0.12888599,1.00000000,-0.89371990,-0.16453804
1491,0.00223766,-0.13723983,-1.00000000,-0.60992457,0.10119954
1492,0.00212416,0.04157559,-1.00000000,-0.94359707,0.15633210
1493,-0.00205842,0.19932949,1.00000000,-0.76227117,0.04465247
1494,-0.00296916,0.19286446,1.00000000,-0.77433503,0.07026918
1495,0.00151474,-0.04538723,-1.00000000,-0.78132303,0.14497388
1496,0.00210071,-0.09726561,-1.00000000,-0.68451712,0.13997474
1497,-0.00406281,0.15815038,1.00000000,-0.83911207,-0.08587179
1498,0.00073766,0.19152845,1.00000000,-0.77682804,0.01619515
1499,0.00317511,-0.15956328,-1.00000000,-0.56826865,0.24048281
1500,-0.00614754,0.11388563,1.00000000,-0.92171081,-0.03921782
1501,0.00570801,0.25272955,1.00000000,-0.66262579,0.09246167
1502,-0.00226714,-0.27831532,-1.00000000,-0.34667539,0.15801023
1503,0.00050427,0.39701094,1.00000000,-0.39339437,0.14949067
1504,0.00232765,-0.05727642,-1.00000000,-0.75913760,0.11855529
1505,0.00109432,0.10059108,1.00000000,-0.94651866,0.38290882
1506,-0.00160946,0.20445568,1.00000000,-0.75270562,0.11579494
1507,0.00780969,0.13420160,1.00000000,-0.88380088,0.48363515
1508,-0.00048555,-0.01981345,-1.00000000,-0.82904411,0.44750296
1509,-0.00416781,0.51672884,1.00000000,-0.16999881,0.21039557
1510,0.00039011,0.04420772,-1.00000000,-0.94850866,0.18468938
1511,0.00372678,-0.16554435,-1.00000000,-0.55710788,0.37948125
1512,-0.00336609,0.09408776,1.00000000,-0.95865397,-0.02847481
1513,-0.00044894,0.28415428,1.00000000,-0.60398674,-0.02713839
1514,-0.00449638,-0.11987617,-1.00000000,-0.64232545,-0.03913220
1515,0.00239430,0.04629317,-1.00000000,-0.95240014,0.03402805
1516,0.00990785,-0.18426039,-1.00000000,-0.52218344,0.25965916
1517,-0.00151626,0.20825246,1.00000000,-0.74562076,0.32718480
1518,-0.00222189,0.63624586,1.00000000,0.05302190,0.26246597
1519,0.00167478,-0.01450413,-1.00000000,-0.83895139,0.48773505
1520,0.00411557,-0.05469892,-1.00000000,-0.76394726,0.55056740
1521,-0.00701965,0.16726627,1.00000000,-0.82210167,-0.06734690
1522,0.00490890,0.30630074,1.00000000,-0.56266107,0.16719428
1523,0.00096736,-0.32799362,-1.00000000,-0.25397488,0.28361306
1524,0.00127171,0.35149138,1.00000000,-0.47833459,0.26889954
1525,0.00180401,0.12696961,1.00000000,-0.89729590,0.18451960
1526,0.00205488,0.14430620,1.00000000,-0.86494553,0.51577246
1527,-0.00413605,0.17462800,1.00000000,-0.80836456,0.18559939
1528,-0.00605032,0.18891800,1.00000000,-0.78169918,-0.07057093
1529,-0.00236426,-0.16373526,-1.00000000,-0.56048366,-0.20329662
1530,-0.00156229,-0.27277762,-1.00000000,-0.35700884,-0.32617875
1531,0.00277260,-0.06280885,-1.00000000,-0.74881399,-0.29997925
1532,-0.00216279,-0.01712643,-1.00000000,-0.83405813,-0.22794812
1533,0.00307314,0.22980167,1.00000000,-0.70540959,0.10509064
1534,0.00271584,-0.05133253,-1.00000000,-0.77022900,0.29053245
1535,-0.00082052,0.24692085,1.00000000,-0.67346492,0.31760963
1536,0.00376340,0.22656835,1.00000000,-0.71144301,0.35377715
1537,-0.00236058,0.02512683,-1.00000000,-0.91290340,0.34655715
1538,0.00267132,0.28624015,1.00000000,-0.60009446,0.33188959
1539,-0.00331727,-0.06259916,-1.00000000,-0.74920529,0.11165950
1540,0.00012193,0.22403249,1.00000000,-0.71617496,0.14606253
1541,0.00018272,-0.11709507,-1.00000000,-0.64751503,0.01535508
1542,-0.00153411,0.07881187,1.00000000,-0.98715903,0.04552414
1543,-0.00580057,0.08227452,1.00000000,-0.98069767,-0.26373030
1544,-0.00092122,-0.01552111,-1.00000000,-0.83705368,-0.17626591
1545,0.00365596,-0.25855116,-1.00000000,-0.38355565,-0.04726132
1546,0.00468838,0.01939089,-1.00000000,-0.90220005,0.11721148
1547,0.00317253,0.28012023,1.00000000,-0.61151434,0.28902074
1548,0.00033655,0.33893012,1.00000000,-0.50177411,0.51304765
1549,0.00402754,0.25258284,1.00000000,-0.66289955,0.69369494
1550,-0.00108435,0.09103712,1.00000000,-0.96434651,0.52065677
1551,0.01146891,0.30128638,1.00000000,-0.57201796,0.76817031
1552,-0.00196426,0.01009858,-1.00000000,-0.88486045,0.58065902
1553,-0.00093122,0.72516868,1.00000000,0.21895333,0.53438067
1554,0.00203427,-0.04002374,-1.00000000,-0.79133138,0.46161927
1555,0.00683516,0.01882095,-1.00000000,-0.90113653,0.75070955
1556,0.00038289,0.18774406,1.00000000,-0.78388978,0.34603019
1557,0.00345388,0.46121658,1.00000000,-0.27358558,0.54381183
1558,-0.00107241,0.09367687,1.00000000,-0.95942069,0.53865804
1559,0.00442797,0.26860946,1.00000000,-0.63299362,0.62603680
1560,-0.00160883,0.01077859,-1.00000000,-0.88612936,0.31780098
1561,0.00040944,0.32409637,1.00000000,-0.52945413,0.31876989
1562,-0.00035575,-0.01977753,-1.00000000,-0.82911114,0.17970456
1563,0.00297051,0.09518883,1.00000000,-0.95659935,0.32728553
1564,0.00439085,0.05160157,-1.00000000,-0.96230571,0.32593040
1565,0.00175699,0.24107492,1.00000000,-0.68437352,0.44879488
1566,0.00036563,0.32198173,1.00000000,-0.53340010,0.44719595
1567,-0.00453245,0.17194935,1.00000000,-0.81336297,0.29473149
1568,-0.00482142,0.09269373,1.00000000,-0.96125524,0.01029845
1569,-0.00278473,-0.18631532,-1.00000000,-0.51834891,-0.25163599
1570,-0.00216782,-0.20277558,-1.00000000,-0.48763380,-0.39490540
1571,-0.00084184,-0.08676027,-1.00000000,-0.70412025,-0.43898245
1572,-0.00077703,-0.05161891,-1.00000000,-0.76969461,-0.30189614
1573,-0.00094462,0.02391261,-1.00000000,-0.91063766,-0.16037920
1574,-0.00052938,0.02760437,-1.00000000,-0.91752653,-0.07805063
1575,-0.00005148,0.01805800,-1.00000000,-0.89971286,-0.00079668
1576,-0.00023127,0.04171136,-1.00000000,-0.94385042,0.02149122
1577,-0.00058843,0.06893390,-1.00000000,-0.99464812,0.02837591
1578,-0.00467776,0.05869232,-1.00000000,-0.97553716,-0.10789728
1579,0.00291702,0.03834774,-1.00000000,-0.93757385,0.01790862
1580,-0.00102037,-0.19459282,-1.00000000,-0.50290295,-0.01745955
1581,-0.00110583,0.23802826,1.00000000,-0.69005864,-0.04938398
1582,-0.00518644,0.01374277,-1.00000000,-0.89166056,-0.21722793
1583,0.00004537,0.00887506,-1.00000000,-0.88257734,-0.04481654
1584,0.00119783,-0.22356845,-1.00000000,-0.44883395,-0.10757313
1585,0.00009902,0.07445075,1.00000000,-0.99529695,-0.06671142
1586,0.00123654,0.14009821,1.00000000,-0.87279770,0.01879333
1587,0.00184555,0.07750641,1.00000000,-0.98959503,0.27548603
1588,0.00216241,0.14230304,1.00000000,-0.86868346,0.35276554
1589,-0.00000517,0.17699396,1.00000000,-0.80394964,0.30885150
1590,0.00178933,0.19504344,1.00000000,-0.77026901,0.37055415
1591,0.00190185,0.07157147,-1.00000000,-0.99956986,0.39484048
1592,0.00093420,0.17379182,1.00000000,-0.80992489,0.36157290
1593,-0.00098629,0.18020124,1.00000000,-0.79796480,0.24663400
1594,0.00095639,0.12508075,1.00000000,-0.90082053,0.28173466
1595,-0.00312852,0.01568422,-1.00000000,-0.89528334,0.10221548
1596,0.00058805,0.12634515,1.00000000,-0.89846114,0.05425697
1597,-0.00104075,-0.10634327,-1.00000000,-0.66757805,-0.01783568
1598,-0.00245167,0.10536322,1.00000000,-0.93761377,-0.07132711
1599,0.00584994,0.01258201,-1.00000000,-0.88949457,0.10730497
1600,0.00169436,-0.06778780,-1.00000000,-0.73952320,0.28335719
1601,0.00443763,0.40509595,1.00000000,-0.37830759,0.42388062
1602,0.00474278,0.16838171,1.00000000,-0.82002023,0.63500004
1603,0.00120617,0.32464644,1.00000000,-0.52842770,0.76852413
1604,-0.00380998,0.34202847,1.00000000,-0.49599254,0.41590252
1605,-0.00152682,0.14057314,1.00000000,-0.87191148,0.29831792
1606,0.00281108,-0.14516107,-1.00000000,-0.59514341,0.23894311
1607,0.00058515,-0.01510605,-1.00000000,-0.83782819,0.08717499
1608,0.00443713,0.23199357,1.00000000,-0.70131947,0.20511640
1609,0.00083845,0.10519820,1.00000000,-0.93792170,0.37480065
1610,0.00028871,0.32461769,1.00000000,-0.52848134,0.44107400
1611,-0.00037304,0.11962688,1.00000000,-0.91099755,0.32484206
1612,-0.00136721,0.08831182,1.00000000,-0.96943196,0.25357386
1613,0.00140846,0.05061659,-1.00000000,-0.96046772,0.14301685
1614,-0.00435256,-0.00601400,-1.00000000,-0.85479410,-0.04647355
1615,-0.00066585,0.15209631,1.00000000,-0.85040907,-0.08131843
1616,-0.00259535,-0.17606805,-1.00000000,-0.53747048,-0.16244071
1617,-0.00108652,0.03393727,-1.00000000,-0.92934384,-0.15219448
1618,0.00400904,-0.07597266,-1.00000000,-0.72425011,-0.05726419
1619,0.00241764,0.00997498,-1.00000000,-0.88462980,0.18987224
1620,-0.00068841,0.30023259,1.00000000,-0.57398434,0.18904877
1621,-0.00085066,0.20958204,1.00000000,-0.74313975,0.25273642
1622,-0.00069055,0.03265228,-1.00000000,-0.92694603,0.26719083
1623,0.00230238,0.02341027,-1.00000000,-0.90970029,0.20489170
1624,0.00074159,0.03253072,-1.00000000,-0.92671919,0.14370979
1625,-0.00263058,0.20301638,1.00000000,-0.75539137,0.07281352
1626,-0.00074422,0.11410924,1.00000000,-0.92129355,0.07669875
1627,0.00200924,-0.07797955,-1.00000000,-0.72050523,0.17525066
1628,-0.00038697,0.02947308,-1.00000000,-0.92101359,0.07707964
1629,-0.00081011,0.18631846,1.00000000,-0.78654997,0.02043704
1630,0.00094916,0.04982302,-1.00000000,-0.95898690,0.15111040
1631,-0.00216812,0.02571992,-1.00000000,-0.91401012,0.09913296
1632,0.00174345,0.12593288,1.00000000,-0.89923044,0.08943058
1633,-0.00066344,-0.05163638,-1.00000000,-0.76966200,0.07933868
1634,0.00086084,0.17117815,1.00000000,-0.81480203,0.14033448
1635,-0.00126541,0.03407486,-1.00000000,-0.92960058,0.05949486
1636,0.00078880,0.12090231,1.00000000,-0.90861757,0.16743315
1637,0.00296152,-0.00021528,-1.00000000,-0.86561462,0.21189696
1638,-0.00059223,0.11679856,1.00000000,-0.91627524,0.21449631
1639,0.00088811,0.24056280,1.00000000,-0.68532915,0.21549176
1640,-0.00229791,0.03813108,-1.00000000,-0.93716955,0.17780199
1641,0.00210244,0.12245568,1.00000000,-0.90571897,0.22575457
1642,0.00080029,-0.05902920,-1.00000000,-0.75586688,0.14686208
1643,0.00092470,0.19162734,1.00000000,-0.77664351,0.20223545
1644,0.00035772,0.11745308,1.00000000,-0.91505389,0.18287406
1645,0.00000113,0.12453980,1.00000000,-0.90182995,0.26679698
1646,-0.00094911,0.09224272,1.00000000,-0.96209683,0.15540455
1647,0.00077806,0.07193038,1.00000000,-1.00000000,0.15459298
1648,-0.00132539,0.01780229,-1.00000000,-0.89923570,0.07245671
1649,-0.00074729,0.11618665,1.00000000,-0.91741708,0.03211988
1650,0.00212072,-0.00363174,-1.00000000,-0.85923945,0.10949268
1651,0.00053068,0.02929813,-1.00000000,-0.92068712,0.16351027
1652,-0.00481912,0.19266865,1.00000000,-0.77470042,-0.04080670
1653,-0.00137938,0.10209537,1.00000000,-0.94371163,-0.04277759
1654,0.00075979,-0.20264476,-1.00000000,-0.48787790,0.01223647
1655,0.00099108,-0.00670726,-1.00000000,-0.85350047,-0.02899950
1656,-0.00164952,0.11514616,1.00000000,-0.91935865,-0.10858468
1657,0.00164672,0.12832096,1.00000000,-0.89477424,0.12744146
1658,0.00483948,-0.02209528,-1.00000000,-0.82478618,0.35445188
1659,0.00192511,0.16566802,1.00000000,-0.82508404,0.39699010
1660,0.00203513,0.34753669,1.00000000,-0.48571411,0.43510150
1661,-0.00162385,0.18152596,1.00000000,-0.79549285,0.43603854
1662,0.00154255,0.18779283,1.00000000,-0.78379878,0.43223607
1663,-0.00047228,-0.02063305,-1.00000000,-0.82751472,0.23833802
1664,0.00038834,0.15973437,1.00000000,-0.83615632,0.18224061
1665,-0.00101629,0.04496373,-1.00000000,-0.94991940,0.07085302
1666,-0.00023338,0.09398738,1.00000000,-0.95884127,0.12161013
1667,-0.00118158,0.01397535,-1.00000000,-0.89209456,0.02216964
1668,0.00130413,0.05857211,-1.00000000,-0.97531285,0.08701502
1669,-0.00104302,0.00456002,-1.00000000,-0.87452541,0.03476506
1670,0.00013096,0.14615329,1.00000000,-0.86149883,0.07664363
1671,0.00004974,0.01245266,-1.00000000,-0.88925321,0.08697847
1672,0.00013761,0.07932579,1.00000000,-0.98620004,0.13513358
1673,-0.00149103,0.07469936,1.00000000,-0.99483303,0.03310014
1674,-0.00305716,0.07970485,1.00000000,-0.98549272,-0.04042322
1675,-0.00085464,-0.01306729,-1.00000000,-0.84163256,-0.07640090
1676,-0.00168028,-0.10227867,-1.00000000,-0.67516267,-0.13955272
1677,0.00060260,0.02318355,-1.00000000,-0.90927722,-0.12257899
1678,-0.00204234,-0.02384744,-1.00000000,-0.82151662,-0.14270383
1679,-0.00067437,0.10619191,1.00000000,-0.93606743,-0.05572352
1680,-0.00033421,-0.04447159,-1.00000000,-0.78303163,-0.03672610
1681,-0.00002224,0.03345188,-1.00000000,-0.92843809,0.02379844
1682,-0.00041918,0.05282855,-1.00000000,-0.96459527,-0.01350001
1683,0.00317794,0.07059955,-1.00000000,-0.99775625,0.17705885
1684,-0.00006859,0.04798863,-1.00000000,-0.95556391,0.19917219
1685,0.00027953,0.25289065,1.00000000,-0.66232518,0.22157608
1686,-0.00081462,0.06795918,-1.00000000,-0.99282927,0.19265106
1687,0.00229472,0.08778924,1.00000000,-0.97040710,0.29171800
1688,-0.00249091,0.02546280,-1.00000000,-0.91353034,0.08478483
1689,0.00318684,0.20258007,1.00000000,-0.75620555,0.20361944
1690,0.00214592,-0.07002329,-1.00000000,-0.73535174,0.27174924
1691,-0.00035001,0.25339755,1.00000000,-0.66137929,0.28870936
1692,0.00183653,0.19410406,1.00000000,-0.77202191,0.27198391
1693,-0.00252513,0.05192863,-1.00000000,-0.96291601,0.27073484
1694,-0.00255232,0.17648044,1.00000000,-0.80490788,0.06123534
1695,0.00039734,-0.07197243,-1.00000000,-0.73171461,-0.00259414
1696,-0.00284813,-0.07352107,-1.00000000,-0.72882481,-0.09378438
1697,-0.00078066,0.09449979,1.00000000,-0.95788511,-0.18932139
1698,0.00197681,-0.09037140,-1.00000000,-0.69738182,-0.02498446
1699,-0.00023429,0.02739737,-1.00000000,-0.91714027,0.05963186
1700,0.00292403,0.18447116,1.00000000,-0.78999706,0.15186505
1701,0.00383906,0.05852053,-1.00000000,-0.97521661,0.39597112
1702,-0.00143062,0.23842732,1.00000000,-0.68931398,0.37224538
1703,0.00554269,0.29054987,1.00000000,-0.59205245,0.50241249
1704,-0.00744114,-0.00962604,-1.00000000,-0.84805399,0.23933648
1705,0.00015523,0.38759360,1.00000000,-0.41096727,0.13826539
1706,0.00124906,-0.35200285,-1.00000000,-0.20917326,0.04372113
1707,0.00448432,0.08070847,1.00000000,-0.98361993,0.25963755
1708,-0.00370910,0.14301597,1.00000000,-0.86735311,-0.07808582
1709,-0.00015762,0.32730601,1.00000000,-0.52346490,0.18778876
1710,-0.00230764,-0.13941508,-1.00000000,-0.60586552,0.09788506
1711,-0.00276410,0.06288764,-1.00000000,-0.98336569,-0.04860956
1712,-0.00038230,-0.05958395,-1.00000000,-0.75483170,-0.22625867
1713,0.00157003,-0.08558514,-1.00000000,-0.70631306,-0.03355142
1714,-0.00231712,0.05008911,-1.00000000,-0.95948343,-0.11238103
1715,0.00297399,0.16129966,1.00000000,-0.83323545,0.08041758
1716,0.00324594,-0.06012396,-1.00000000,-0.75382405,0.29980578
1717,-0.00054741,0.24127335,1.00000000,-0.68400324,0.29377886
1718,0.00230135,0.25676454,1.00000000,-0.65509644,0.32047460
1719,0.00001553,0.04068426,-1.00000000,-0.94193383,0.40562497
1720,-0.00344469,0.20295769,1.00000000,-0.75550089,0.17132022
1721,0.00087075,0.07275101,1.00000000,-0.99846869,0.08461702
1722,-0.00661799,-0.12435321,-1.00000000,-0.63397121,-0.13698099
1723,0.00233568,0.12146639,1.00000000,-0.90756499,-0.13572776
1724,0.00197329,-0.30511376,-1.00000000,-0.29666907,-0.06426272
1725,0.00001346,0.20491332,1.00000000,-0.75185166,0.06197213
1726,0.00201918,0.18427037,1.00000000,-0.79037173,0.10389409
1727,0.00215309,0.07263304,1.00000000,-0.99868881,0.42406999
1728,0.00040089,0.18688454,1.00000000,-0.78549365,0.35344305
1729,-0.00150447,0.19451255,1.00000000,-0.77125966,0.22649250
1730,0.00557119,0.09470178,1.00000000,-0.95750818,0.42936930
1731,0.00021127,-0.01383272,-1.00000000,-0.84020425,0.36337416
1732,0.00043224,0.38921712,1.00000000,-0.40793776,0.30055705
1733,-0.00352094,0.08390081,1.00000000,-0.97766297,0.15739640
1734,0.00103394,0.09648805,1.00000000,-0.95417498,0.25005734
1735,-0.00226714,-0.12869676,-1.00000000,-0.62586608,-0.03606966
1736,-0.00197894,0.13076231,1.00000000,-0.89021865,-0.11602023
1737,-0.00065066,-0.05727675,-1.00000000,-0.75913699,-0.15554992
1738,-0.00165149,-0.04086001,-1.00000000,-0.78977088,-0.08730823
1739,0.00116885,0.03480298,-1.00000000,-0.93095926,-0.08238355
1740,-0.00144796,-0.02220734,-1.00000000,-0.82457708,-0.05248065
1741,0.00051525,0.13844715,1.00000000,-0.87587862,0.03856608
1742,-0.00079364,-0.01061404,-1.00000000,-0.84621036,0.03334666
1743,0.00004385,0.10121608,1.00000000,-0.94535241,0.09523246
1744,-0.00071516,0.02665822,-1.00000000,-0.91576100,0.02645959
1745,-0.00280108,0.07436386,1.00000000,-0.99545907,-0.02293415
1746,0.00011718,0.03112884,-1.00000000,-0.92410325,-0.03746506
1747,-0.00011383,-0.08769170,-1.00000000,-0.70238219,-0.01264945
1748,0.00213666,0.07854096,1.00000000,-0.98766454,0.06374582
1749,-0.00188065,0.06538234,-1.00000000,-0.98802085,0.02120119
1750,0.00013989,0.19357673,1.00000000,-0.77300592,0.12855729
1751,0.00035617,-0.03526097,-1.00000000,-0.80021879,0.13728143
1752,0.00273528,0.07983475,1.00000000,-0.98525031,0.24128379
1753,0.00153171,0.09215476,1.00000000,-0.96226097,0.21920090
1754,-0.00172706,0.22767536,1.00000000,-0.70937731,0.22480757
1755,-0.00029570,0.15911694,1.00000000,-0.83730844,0.20890683
1756,-0.00293797,-0.02651190,-1.00000000,-0.81654469,0.08865877
1757,0.00024373,0.05502206,-1.00000000,-0.96868840,-0.00229156
1758,-0.00312530,-0.09548927,-1.00000000,-0.68783180,-0.17228909
1759,-0.00012198,0.08574969,1.00000000,-0.97421295,-0.11369806
1760,0.00183656,-0.10615986,-1.00000000,-0.66792030,-0.03586272
1761,-0.00060616,0.06491791,-1.00000000,-0.98715422,0.04925692
1762,-0.00013689,0.17648212,1.00000000,-0.80490475,0.03536281
1763,0.00167723,0.03733775,-1.00000000,-0.93568919,0.21067238
1764,-0.00078559,0.06406828,-1.00000000,-0.98556880,0.18644825
1765,-0.00054351,0.16740624,1.00000000,-0.82184047,0.09956698
1766,-0.00057162,0.02711678,-1.00000000,-0.91661668,0.10082769
1767,0.00253571,0.04090612,-1.00000000,-0.94234782,0.19838737
1768,-0.00169153,0.03930506,-1.00000000,-0.93936022,0.07541549
1769,-0.00085046,0.21630768,1.00000000,-0.73058960,0.07304749
1770,0.00181411,-0.02448824,-1.00000000,-0.82032087,0.15910922
1771,0.00245317,0.02342158,-1.00000000,-0.90972139,0.26952473
1772,-0.00099763,0.17520324,1.00000000,-0.80729115,0.14054513
1773,-0.00075033,0.21160564,1.00000000,-0.73936368,0.17490233
1774,-0.00770749,0.01503832,-1.00000000,-0.89407808,-0.07540376
1775,0.00081641,0.02912528,-1.00000000,-0.92036459,-0.11182338
1776,0.00092123,-0.36717467,-1.00000000,-0.18086240,-0.16774464
1777,0.00007970,0.11837135,1.00000000,-0.91334039,-0.12841817
1778,-0.00158775,0.12434194,1.00000000,-0.90219917,-0.15898686
1779,0.00127521,0.07640628,1.00000000,-0.99164789,0.16891381
1780,0.00409511,-0.01857638,-1.00000000,-0.83135251,0.28859808
1781,-0.00227318,0.14450595,1.00000000,-0.86457280,0.17199075
1782,0.00253969,0.30513559,1.00000000,-0.56483527,0.26178926
1783,-0.00093903,-0.05762082,-1.00000000,-0.75849495,0.28546951
1784,0.00009415,0.21653455,1.00000000,-0.73016624,0.24235635
1785,0.00226922,0.01837606,-1.00000000,-0.90030636,0.17570467
1786,0.00302112,0.07722896,1.00000000,-0.99011276,0.36896557
1787,0.00078355,0.20112734,1.00000000,-0.75891635,0.30486001
1788,-0.00669859,0.24395788,1.00000000,-0.67899387,0.09461572
1789,-0.00782212,0.11649946,1.00000000,-0.91683335,-0.19435637
1790,-0.00302592,-0.30970479,-1.00000000,-0.28810215,-0.38764790
1791,0.00430004,-0.37370460,-1.00000000,-0.16867744,-0.34096268
1792,-0.00131615,-0.10049916,-1.00000000,-0.67848326,-0.41760925
1793,-0.00014560,0.31680898,1.00000000,-0.54305253,-0.17840188
1794,-0.00000494,-0.00310554,-1.00000000,-0.86022134,0.10695341
1795,0.00036265,0.06357220,-1.00000000,-0.98464309,0.23064827
1796,-0.00142370,0.07158504,-1.00000000,-0.99959519,0.02171109
1797,0.00245714,0.09252350,1.00000000,-0.96157289,0.15944958
1798,-0.00472948,-0.00923214,-1.00000000,-0.84878901,-0.00787824
1799,-0.00527612,0.21183185,1.00000000,-0.73894157,-0.20029516
1800,-0.00061573,-0.19753859,-1.00000000,-0.49740609,-0.23600946
1801,0.00290926,-0.22867665,-1.00000000,-0.43930197,-0.07784087
1802,0.00050055,0.03679225,-1.00000000,-0.93467127,-0.14926324
1803,-0.00333670,0.23758590,1.00000000,-0.69088408,-0.09842169
1804,-0.00435344,0.10037906,1.00000000,-0.94691429,-0.06474076
1805,0.00217700,-0.11820165,-1.00000000,-0.64545012,0.03720408
1806,-0.00191842,-0.17611842,-1.00000000,-0.53737649,-0.13902349
1807,0.00236510,0.19587456,1.00000000,-0.76871812,-0.07096068
1808,-0.00360061,-0.03741271,-1.00000000,-0.79620360,-0.08059444
1809,-0.00096323,0.20658934,1.00000000,-0.74872417,0.04316047
1810,0.00351437,-0.13323489,-1.00000000,-0.61739786,0.09197922
1811,0.00009753,0.01699795,-1.00000000,-0.89773478,0.16556873
1812,-0.00333594,0.27205498,1.00000000,-0.62656423,-0.04253965
1813,-0.00221388,0.07742183,1.00000000,-0.98975285,0.00808077
1814,0.00109305,-0.11815846,-1.00000000,-0.64553071,0.08314240
1815,0.00187291,-0.05424301,-1.00000000,-0.76479799,0.02322299
1816,0.00113523,0.13412970,1.00000000,-0.88393505,0.06110275
1817,-0.00150642,0.17855227,1.00000000,-0.80104180,0.12788685
1818,0.00052191,0.13653224,1.00000000,-0.87945187,0.22775319
1819,-0.00191925,-0.01394359,-1.00000000,-0.83999737,0.11779331
1820,0.00264558,0.10159586,1.00000000,-0.94464372,0.14599885
1821,0.00506267,-0.03745989,-1.00000000,-0.79611557,0.28936455
1822,0.00252295,0.22256630,1.00000000,-0.71891091,0.43645073
1823,-0.00043591,0.36025076,1.00000000,-0.46198946,0.40148687
1824,0.00265937,0.21558063,1.00000000,-0.73194627,0.56862281
1825,-0.00455318,0.04703566,-1.00000000,-0.95378564,0.30584203
1826,-0.00210899,0.22335147,1.00000000,-0.71744577,0.04405068
1827,-0.00047825,-0.18749640,-1.00000000,-0.51614499,-0.06550396
1828,0.00114942,-0.04826795,-1.00000000,-0.77594755,-0.00763401
1829,-0.00309848,0.04462341,-1.00000000,-0.94928434,-0.21781593
1830,-0.00012757,0.13734025,1.00000000,-0.87794411,-0.05626526
1831,-0.00090331,-0.10463206,-1.00000000,-0.67077120,-0.01225367
1832,0.00288490,0.06459931,-1.00000000,-0.98655969,0.11051336
1833,0.00179782,0.02041101,-1.00000000,-0.90410361,0.13418242
1834,-0.00143292,0.23619822,1.00000000,-0.69347351,0.19498109
1835,-0.00151017,0.17427521,1.00000000,-0.80902287,0.14451124
1836,0.00206221,-0.00975729,-1.00000000,-0.84780906,0.25276341
1837,0.00252803,-0.01415761,-1.00000000,-0.83959801,0.23973664
1838,-0.00061186,0.18933575,1.00000000,-0.78091965,0.15177456
1839,0.00075331,0.21587030,1.00000000,-0.73140576,0.23158003
1840,-0.00168867,0.03701262,-1.00000000,-0.93508250,0.22506437
1841,0.00043040,0.11477710,1.00000000,-0.92004731,0.16549745
1842,0.00381253,-0.02432514,-1.00000000,-0.82062523,0.21238622
1843,-0.00089687,0.09638311,1.00000000,-0.95437081,0.20198263
1844,-0.00127246,0.28903901,1.00000000,-0.59487174,0.12803450
1845,0.00096890,0.02077809,-1.00000000,-0.90478860,0.22504522
1846,0.00134915,-0.00061707,-1.00000000,-0.86486487,0.25858280
1847,-0.00190533,0.12705762,1.00000000,-0.89713166,0.04986042
1848,0.00119233,0.14871763,1.00000000,-0.85671372,0.12612357
1849,0.00365013,-0.03666692,-1.00000000,-0.79759526,0.30581584
1850,0.00287305,0.13978479,1.00000000,-0.87338255,0.37532411
1851,-0.00195216,0.27978812,1.00000000,-0.61213406,0.25481446
1852,-0.00759642,0.23552350,1.00000000,-0.69473256,0.04706941
1853,0.00033498,-0.03933459,-1.00000000,-0.79261734,0.01577303
1854,0.00012191,-0.36084776,-1.00000000,-0.19266853,-0.11301970
1855,-0.00078521,0.09094759,1.00000000,-0.96451356,-0.24655937
1856,0.00076407,0.07881034,1.00000000,-0.98716187,-0.14740716
1857,0.00016453,0.02713825,-1.00000000,-0.91665676,0.13589506
1858,-0.00123720,0.11538991,1.00000000,-0.91890381,0.07850482
1859,0.00289168,0.08123812,1.00000000,-0.98263160,0.17961140
1860,0.00165241,0.00139159,-1.00000000,-0.86861307,0.26859326
1861,0.00053440,0.23658458,1.00000000,-0.69275256,0.26020954
1862,-0.00010147,0.16599217,1.00000000,-0.82447915,0.25049957
1863,-0.00319767,0.10230732,1.00000000,-0.94331613,0.17893544
1864,0.00017745,0.06608597,-1.00000000,-0.98933383,0.07985645
1865,-0.00222338,-0.11028241,-1.00000000,-0.66022756,-0.06162358
1866,-0.00024216,0.08197435,1.00000000,-0.98125778,-0.08997102
1867,-0.00095376,-0.05478381,-1.00000000,-0.76378885,-0.12108266
1868,0.00129128,0.05807186,-1.00000000,-0.97437938,0.04278010
1869,0.00080472,0.01753705,-1.00000000,-0.89874076,0.06567769
1870,0.00155624,0.14542125,1.00000000,-0.86286484,0.20364723
1871,0.00085536,0.11770545,1.00000000,-0.91458297,0.24371084
1872,0.00413086,0.16051414,1.00000000,-0.83470125,0.42931790
1873,0.00102519,0.12059010,1.00000000,-0.90920015,0.41960472
1874,0.00016014,0.30717212,1.00000000,-0.56103506,0.39607533
1875,-0.00212336,0.13026408,1.00000000,-0.89114835,0.26175691
1876,-0.00029152,0.08098842,1.00000000,-0.98309754,0.21989162
1877,-0.00216945,-0.04908631,-1.00000000,-0.77442048,-0.01009252
1878,0.00167257,0.05526038,-1.00000000,-0.96913311,0.01353899
1879,0.00185612,-0.05171225,-1.00000000,-0.76952044,0.07544835
1880,0.00131904,0.16714044,1.00000000,-0.82233646,0.20110811
1881,0.00253504,0.17759641,1.00000000,-0.80282546,0.30428750
1882,-0.00129113,0.14700253,1.00000000,-0.85991413,0.33634946
1883,0.00027888,0.21626917,1.00000000,-0.73066145,0.28547487
1884,0.00179458,-0.00168036,-1.00000000,-0.86288075,0.28322838
1885,-0.00170643,0.08775194,1.00000000,-0.97047670,0.17278807
1886,-0.00120106,0.17409081,1.00000000,-0.80936697,0.03640728
1887,-0.00011288,-0.02533675,-1.00000000,-0.81873755,0.07941750
1888,0.00156638,0.00345044,-1.00000000,-0.87245491,0.12641594
1889,0.00110587,0.06543599,-1.00000000,-0.98812096,0.10127557
1890,-0.00048164,0.16109180,1.00000000,-0.83362333,0.14598458
1891,0.00245321,0.13485990,1.00000000,-0.88257249,0.27937844
1892,-0.00494786,0.04443053,-1.00000000,-0.94892443,0.10288439
1893,0.00256896,0.21160814,1.00000000,-0.73935901,0.13948211
1894,-0.00360737,-0.20997846,-1.00000000,-0.47419310,-0.03256802
1895,0.00210670,0.21820160,1.00000000,-0.72705551,0.06191576
1896,-0.00278848,-0.13361993,-1.00000000,-0.61667936,-0.12942471
1897,0.00115213,0.19187005,1.00000000,-0.77619060,0.09324676
1898,0.00030019,-0.08697377,-1.00000000,-0.70372186,0.01042852
1899,-0.00184789,0.13749468,1.00000000,-0.87765594,0.07465557
1900,0.00031710,0.08896585,1.00000000,-0.96821154,0.00932880
1901,0.00156825,-0.03339525,-1.00000000,-0.80370024,0.16836491
1902,-0.00025338,0.08992929,1.00000000,-0.96641373,0.11705871
1903,-0.00568642,0.16119802,1.00000000,-0.83342511,-0.10147379
1904,-0.00487855,0.05743267,-1.00000000,-0.97318663,-0.21210364
1905,-0.00211505,-0.25204854,-1.00000000,-0.39568965,-0.30088589
1906,-0.00005222,-0.20603031,-1.00000000,-0.48156041,-0.36003865
1907,-0.00242863,-0.04861314,-1.00000000,-0.77530342,-0.43944288
1908,0.00105858,0.06889165,-1.00000000,-0.99456928,-0.19322640
1909,-0.00205863,-0.06647561,-1.00000000,-0.74197177,-0.09028921
1910,0.00074745,0.13216599,1.00000000,-0.88759937,0.01420241
1911,-0.00139021,-0.04539945,-1.00000000,-0.78130022,-0.03463915
1912,-0.00028241,0.11444337,1.00000000,-0.92067007,0.04370554
1913,0.00104476,-0.00732436,-1.00000000,-0.85234897,0.04320112
1914,-0.00120202,0.05577927,-1.00000000,-0.97010137,0.07447050
1915,-0.00014451,0.13137886,1.00000000,-0.88906816,0.04191054
1916,-0.00006581,0.00339562,-1.00000000,-0.87235262,0.09025602
1917,0.00042837,0.06363437,-1.00000000,-0.98475911,0.11620198
1918,-0.00092581,0.06811753,-1.00000000,-0.99312475,0.04426900
1919,-0.00091663,0.09626729,1.00000000,-0.95458692,0.05468677
1920,-0.00144155,0.01912929,-1.00000000,-0.90171190,0.00734033
1921,-0.00027731,0.01965227,-1.00000000,-0.90268780,-0.00038040
1922,0.00104849,-0.01024853,-1.00000000,-0.84689241,0.02225616
1923,0.00048730,0.05606952,-1.00000000,-0.97064298,0.07383982
1924,0.00055786,0.13159107,1.00000000,-0.88867217,0.12766390
1925,-0.00023420,0.09962426,1.00000000,-0.94832276,0.17173645
1926,-0.00028437,0.10364338,1.00000000,-0.94082301,0.17147893
1927,0.00080091,0.05852555,-1.00000000,-0.97522596,0.16244146
1928,0.00238999,0.05566768,-1.00000000,-0.96989313,0.23189652
1929,-0.00205398,0.11748832,1.00000000,-0.91498813,0.13655517
1930,0.00234454,0.20800712,1.00000000,-0.74607857,0.23068822
1931,0.00111501,-0.04513436,-1.00000000,-0.78179488,0.28177055
1932,-0.00301583,0.20541777,1.00000000,-0.75091035,0.14244589
1933,0.00060512,0.13538035,1.00000000,-0.88160132,0.07729176
1934,0.00069235,-0.09992426,-1.00000000,-0.67955604,0.17754257
1935,0.00026089,0.10633577,1.00000000,-0.93579897,0.10148186
1936,-0.00513814,0.11130447,1.00000000,-0.92652731,-0.12678029
1937,0.00434495,0.08672697,1.00000000,-0.97238932,0.14191461
1938,0.00095123,-0.22081690,-1.00000000,-0.45396839,0.15454884
1939,0.00035971,0.31936727,1.00000000,-0.53827872,0.14240626
1940,0.00133319,0.12605117,1.00000000,-0.89900972,0.18154930
1941,0.00157060,0.09235628,1.00000000,-0.96188493,0.42644207
1942,0.00019815,0.14780867,1.00000000,-0.85840986,0.27506894
1943,-0.00111986,0.16133201,1.00000000,-0.83317510,0.19946664
1944,0.00058155,0.08315338,1.00000000,-0.97905769,0.20756463
1945,0.00190496,0.00807571,-1.00000000,-0.88108574,0.22843610
1946,0.00137960,0.10499298,1.00000000,-0.93830464,0.22146389
1947,0.00003770,0.18037807,1.00000000,-0.79763483,0.21560688
1948,0.00179105,0.15045205,1.00000000,-0.85347727,0.32186542
1949,0.00164325,0.07401366,1.00000000,-0.99611255,0.36062124
1950,-0.00033402,0.17388944,1.00000000,-0.80974272,0.27889062
1951,0.00176422,0.16547044,1.00000000,-0.82545272,0.29293077
1952,-0.00032534,0.05283954,-1.00000000,-0.96461577,0.27967866
1953,-0.00086664,0.17236134,1.00000000,-0.81259418,0.18266341
1954,-0.00228245,0.05333409,-1.00000000,-0.96553863,0.03936130
1955,0.00137602,0.02249962,-1.00000000,-0.90800100,0.10178368
1956,-0.00396754,-0.05814885,-1.00000000,-0.75750963,-0.10744610
1957,0.00502651,0.15024807,1.00000000,-0.85385790,0.08791523
1958,-0.00072097,-0.15413638,-1.00000000,-0.57839532,0.09323293
1959,-0.00045182,0.35819045,1.00000000,-0.46583403,0.16005751
1960,0.00149748,0.03079776,-1.00000000,-0.92348546,0.16449150
1961,0.00045751,0.04612920,-1.00000000,-0.95209418,0.32602152
1962,0.00028028,0.15716719,1.00000000,-0.84094671,0.15276738
1963,-0.00177733,0.09792708,1.00000000,-0.95148972,0.11420630
1964,0.00013752,0.08783180,1.00000000,-0.97032769,0.13571918
1965,0.00044007,-0.02937581,-1.00000000,-0.81120059,0.09711997
1966,-0.00147065,0.07969950,1.00000000,-0.98550270,0.02673531
1967,-0.00125243,0.09693412,1.00000000,-0.95334261,-0.02921409
1968,-0.00200007,-0.01190639,-1.00000000,-0.84379881,-0.03734480
1969,0.00054367,0.00052419,-1.00000000,-0.86699448,-0.02251873
1970,0.00378313,-0.04206357,-1.00000000,-0.78752502,0.09951482
1971,0.00010539,0.10283520,1.00000000,-0.94233110,0.15704603
1972,0.00047336,0.28736437,1.00000000,-0.59799665,0.22004365
1973,-0.00535152,0.07786958,1.00000000,-0.98891735,0.09770355
1974,-0.00284944,0.09883036,1.00000000,-0.94980418,-0.02615718
1975,-0.00156428,-0.23297216,-1.00000000,-0.43128647,-0.22135694
1976,0.00070066,-0.09044631,-1.00000000,-0.69724204,-0.19962769
1977,-0.00272475,-0.01723987,-1.00000000,-0.83384646,-0.31637011
1978,0.00127070,0.11177752,1.00000000,-0.92564459,-0.07463518
1979,-0.00416258,-0.08334321,-1.00000000,-0.71049655,-0.12256944
1980,-0.00184187,0.14424903,1.00000000,-0.86505222,-0.13270227
1981,-0.00165088,-0.16524651,-1.00000000,-0.55766365,-0.21854157
1982,0.00402828,-0.03305188,-1.00000000,-0.80434099,0.02796801
1983,0.00166338,-0.02217252,-1.00000000,-0.82464205,0.04230230
1984,-0.00040017,0.30132870,1.00000000,-0.57193899,0.17964372
1985,0.00260625,0.16661731,1.00000000,-0.82331263,0.34201603
1986,0.00093852,0.04907127,-1.00000000,-0.95758412,0.43653820
1987,0.00034474,0.22032597,1.00000000,-0.72309140,0.30207580
1988,-0.00270064,0.12532690,1.00000000,-0.90036121,0.14277331
1989,0.00689304,0.09150357,1.00000000,-0.96347611,0.40900168
1990,0.00251477,-0.08197016,-1.00000000,-0.71305868,0.40566207
1991,-0.00059303,0.46451384,1.00000000,-0.26743285,0.34975526
1992,0.00007666,0.21511459,1.00000000,-0.73281592,0.33996948
1993,-0.00108146,0.03808576,-1.00000000,-0.93708498,0.39907533
1994,-0.00178363,0.07623311,1.00000000,-0.99197103,0.08234591
1995,-0.00295388,0.01026301,-1.00000000,-0.88516727,-0.11727915
1996,-0.00293008,-0.02973433,-1.00000000,-0.81053159,-0.20258999
1997,0.00125787,-0.09639521,-1.00000000,-0.68614130,-0.15947185
1998,0.00092577,-0.09503963,-1.00000000,-0.68867083,-0.08620075
1999,0.00046293,0.14351786,1.00000000,-0.86641658,-0.00419360
2000,-0.00297431,0.12460068,1.00000000,-0.90171636,-0.00493942
2001,0.00466252,0.09823575,1.00000000,-0.95091375,0.27221755
2002,-0.00328281,-0.09755906,-1.00000000,-0.68396954,0.10646680
2003,-0.00321635,0.33745675,1.00000000,-0.50452345,-0.04473524
2004,0.00126850,-0.11513195,-1.00000000,-0.65117823,-0.01532897
2005,-0.00075381,-0.11134624,-1.00000000,-0.65824243,0.06572709
2006,0.00013384,0.14412349,1.00000000,-0.86528648,-0.09958588
2007,0.00013904,0.02892686,-1.00000000,-0.91999432,0.02532391
2008,0.00212513,0.07949008,1.00000000,-0.98589346,0.22030700
2009,-0.00049147,0.07978657,1.00000000,-0.98534021,0.15606203
2010,0.00069644,0.19291990,1.00000000,-0.77423158,0.20900136
2011,0.00846942,0.04387085,-1.00000000,-0.94788007,0.51327968
2012,-0.00079471,0.11153732,1.00000000,-0.92609280,0.47919424
2013,-0.00205671,0.55430862,1.00000000,-0.09987431,0.32654199
2014,0.00437263,0.02659712,-1.00000000,-0.91564700,0.50409905
2015,0.00066110,-0.04529004,-1.00000000,-0.78150438,0.50280891
2016,0.00380909,0.32094411,1.00000000,-0.53533631,0.33269036
2017,0.00399683,0.10952410,1.00000000,-0.92984950,0.50759858
2018,0.00053088,0.28884297,1.00000000,-0.59523756,0.60205486
2019,0.00041745,0.29953692,1.00000000,-0.57528246,0.45767634
2020,0.00249082,0.10210656,1.00000000,-0.94369074,0.52446772
2021,-0.00286158,0.09564512,1.00000000,-0.95574790,0.28096439
2022,-0.00160014,0.21375034,1.00000000,-0.73536162,0.07665503
2023,-0.00288906,-0.09113776,-1.00000000,-0.69595179,-0.04818502
2024,0.00015318,-0.01928261,-1.00000000,-0.83003467,-0.05783152
2025,0.00254268,-0.09270315,-1.00000000,-0.69303075,-0.05593841
2026,-0.00003018,0.08059201,1.00000000,-0.98383725,0.04741784
2027,0.00095272,0.21670449,1.00000000,-0.72984914,0.14060648
2028,0.00195252,0.07014703,-1.00000000,-0.99691184,0.31734142
2029,-0.00192825,0.12613588,1.00000000,-0.89885165,0.24136146
2030,-0.00063976,0.18308721,1.00000000,-0.79257954,0.12519108
2031,0.00217092,-0.03797277,-1.00000000,-0.79515852,0.20553927
2032,-0.00012328,0.03542358,-1.00000000,-0.93211731,0.16626140
2033,0.00192535,0.19552833,1.00000000,-0.76936420,0.16526978
2034,-0.00337350,0.06484377,-1.00000000,-0.98701586,0.11251320
2035,-0.00008539,0.18153982,1.00000000,-0.79546699,0.13274965
2036,0.00209160,-0.12029807,-1.00000000,-0.64153817,0.12985412
2037,-0.00189199,0.06700204,-1.00000000,-0.99104325,0.06528991
2038,-0.00103566,0.19100993,1.00000000,-0.77779561,-0.04279746
2039,0.00188156,-0.03590704,-1.00000000,-0.79901321,0.14903081
2040,0.00093558,0.01287224,-1.00000000,-0.89003615,0.18630007
2041,0.00065571,0.17904505,1.00000000,-0.80012227,0.13388494
2042,0.00066744,0.12515976,1.00000000,-0.90067309,0.22731311
2043,-0.00123488,0.10921746,1.00000000,-0.93042169,0.22004059
2044,0.00188157,0.10988523,1.00000000,-0.92917562,0.22004117
2045,0.00206512,0.00152366,-1.00000000,-0.86885950,0.26127314
2046,-0.00661876,0.17904596,1.00000000,-0.80012057,-0.00427111
2047,-0.00098065,0.18950119,1.00000000,-0.78061095,-0.06443229
2048,-0.00173394,-0.30515755,-1.00000000,-0.29658737,-0.08264977
2049,0.00777797,0.01600524,-1.00000000,-0.89588238,0.13258978
2050,0.00155241,-0.02690425,-1.00000000,-0.81581257,0.11387429
2051,0.00182927,0.51492177,1.00000000,-0.17337082,0.42225761
2052,-0.00146676,0.16029615,1.00000000,-0.83510803,0.40451310
2053,0.00446491,0.17606675,1.00000000,-0.80567982,0.63079324
2054,0.00343451,-0.01168462,-1.00000000,-0.84421264,0.47224152
2055,-0.00039803,0.32620014,1.00000000,-0.52552847,0.40104331
2056,0.00310584,0.26750586,1.00000000,-0.63505295,0.44764261
2057,0.00381873,0.04919315,-1.00000000,-0.95781156,0.64058184
2058,-0.00163168,0.24878377,1.00000000,-0.66998868,0.41803463
2059,-0.00151171,0.28939212,1.00000000,-0.59421284,0.23747996
2060,0.00166752,-0.02107908,-1.00000000,-0.82668242,0.31288003
2061,0.00329304,-0.01424510,-1.00000000,-0.83943474,0.31971369
2062,0.00086866,0.16685304,1.00000000,-0.82287276,0.21202575
2063,-0.00688542,0.25944751,1.00000000,-0.65008996,0.02024546
2064,-0.00492177,0.12134784,1.00000000,-0.90778621,-0.10423410
2065,-0.00024826,-0.32034732,-1.00000000,-0.26824300,-0.17416691
2066,0.00025816,-0.20849228,-1.00000000,-0.47696633,-0.28495110
2067,0.00403977,0.05772468,-1.00000000,-0.97373153,-0.16919458
2068,-0.00012931,0.08657162,1.00000000,-0.97267921,0.07742764
2069,0.00280081,0.30198294,1.00000000,-0.57071816,0.35932970
2070,-0.00176949,0.06450035,-1.00000000,-0.98637504,0.30379918
2071,0.00459382,0.23140868,1.00000000,-0.70241089,0.46206628
2072,-0.00157562,-0.02892928,-1.00000000,-0.81203382,0.25708465
2073,-0.00457212,0.33354339,1.00000000,-0.51182585,0.09490604
2074,0.00166291,-0.01788566,-1.00000000,-0.83264141,0.05336851
2075,-0.00107863,-0.18857523,-1.00000000,-0.51413187,0.07858755
2076,-0.00220511,0.16659043,1.00000000,-0.82336280,-0.16959771
2077,0.00038752,0.01042439,-1.00000000,-0.88546841,-0.09793598
2078,-0.00136042,-0.05374338,-1.00000000,-0.76573032,0.01930275
2079,0.00152599,0.09394064,1.00000000,-0.95892848,0.01430480
2080,-0.00213140,-0.00562720,-1.00000000,-0.85551590,-0.02412502
2081,-0.00223673,0.15879127,1.00000000,-0.83791616,-0.02527913
2082,0.00235364,-0.04954437,-1.00000000,-0.77356573,0.04649109
2083,-0.00171077,-0.05554433,-1.00000000,-0.76236972,0.03370196
2084,-0.00006425,0.20593624,1.00000000,-0.74994287,-0.02434778
2085,0.00000833,-0.02558431,-1.00000000,-0.81827559,0.05375988
2086,0.00051798,0.06820613,-1.00000000,-0.99329008,0.15431655
2087,-0.00019100,0.07234063,1.00000000,-0.99923445,0.06142828
2088,-0.00021937,0.10137179,1.00000000,-0.94506183,0.11586967
2089,0.00193178,0.06098647,-1.00000000,-0.97981809,0.18873192
2090,0.00147987,0.05937008,-1.00000000,-0.97680187,0.24244830
2091,-0.00007679,0.18190581,1.00000000,-0.79478404,0.22073722
2092,-0.00101128,0.15616367,1.00000000,-0.84281930,0.19079410
2093,-0.00183854,0.06749220,-1.00000000,-0.99195788,0.13168887
2094,-0.00126243,0.01426100,-1.00000000,-0.89262760,0.01508885
2095,0.00253069,-0.03286213,-1.00000000,-0.80469507,0.05344779
2096,0.00267278,-0.00004553,-1.00000000,-0.86593138,0.15381690
2097,0.00285032,0.21602182,1.00000000,-0.73112302,0.29477876
2098,0.00195862,0.22411562,1.00000000,-0.71601984,0.43338853
2099,-0.00000678,0.23422839,1.00000000,-0.69714926,0.47922413
2100,-0.00320646,0.18343489,1.00000000,-0.79193077,0.26979737
2101,0.00266833,0.07147975,-1.00000000,-0.99939872,0.26963468
2102,-0.00341436,-0.11078330,-1.00000000,-0.65929288,0.04095160
2103,0.00098032,0.22386175,1.00000000,-0.71649357,0.00524016
2104,0.00096380,-0.12262571,-1.00000000,-0.63719475,0.04067002
2105,-0.00093819,0.12770809,1.00000000,-0.89591788,0.12347012
2106,-0.00099559,0.12676715,1.00000000,-0.89767369,-0.01027573
2107,0.00045997,0.01842415,-1.00000000,-0.90039609,0.13115118
2108,0.00374453,0.01515477,-1.00000000,-0.89429538,0.23205473
2109,-0.00410789,0.09806737,1.00000000,-0.95122795,0.04691981
2110,0.00186474,0.28516550,1.00000000,-0.60209978,0.14923692
2111,0.00215525,-0.16213116,-1.00000000,-0.56347693,0.26425374
2112,0.00083226,0.17808738,1.00000000,-0.80190931,0.27784369
2113,-0.00101635,0.19463559,1.00000000,-0.77103007,0.10405451
2114,0.00112778,0.11927413,1.00000000,-0.91165579,0.29517512
2115,-0.00362041,0.01397192,-1.00000000,-0.89208816,0.09494758
2116,0.00158098,0.13610767,1.00000000,-0.88024413,0.07398473
2117,0.00437376,-0.13436258,-1.00000000,-0.61529356,0.20326225
2118,-0.00348381,0.16192360,1.00000000,-0.83207118,0.11319123
2119,0.00217179,0.32100839,1.00000000,-0.53521636,0.15130155
2120,0.00006400,-0.12658160,-1.00000000,-0.62981300,0.28579559
2121,0.00171385,0.19557785,1.00000000,-0.76927180,0.29064585
2122,-0.00797390,0.07551192,1.00000000,-0.99331678,-0.16008785
2123,-0.00311053,0.16949231,1.00000000,-0.81794783,-0.14646195
2124,0.00065151,-0.38235004,-1.00000000,-0.15254491,-0.20195786
2125,-0.00032938,-0.10531874,-1.00000000,-0.66948985,-0.21631781
2126,-0.00284642,0.10897791,1.00000000,-0.93086870,-0.38278414
2127,0.00150241,0.05310358,-1.00000000,-0.96510848,-0.03686492
2128,-0.00281579,-0.09027414,-1.00000000,-0.69756332,-0.02610571
2129,0.00091895,0.15744807,1.00000000,-0.84042259,-0.01634321
2130,0.00107411,-0.08852926,-1.00000000,-0.70081928,0.03488935
2131,0.00160824,0.12421204,1.00000000,-0.90244157,0.19750033
2132,-0.00062656,0.13305068,1.00000000,-0.88594852,0.11978506
2133,-0.00234540,0.16347615,1.00000000,-0.82917410,0.13695573
2134,-0.00192940,0.03617538,-1.00000000,-0.93352019,0.03298093
2135,-0.00043023,-0.06173487,-1.00000000,-0.75081805,-0.02193285
2136,-0.00287246,-0.03803798,-1.00000000,-0.79503684,-0.18549433
2137,0.00011952,0.04735912,-1.00000000,-0.95438922,-0.15825976
2138,0.00030896,-0.09175736,-1.00000000,-0.69479561,-0.06136591
2139,-0.00159852,0.07867422,1.00000000,-0.98741587,-0.04928762
2140,-0.00110383,0.08946552,1.00000000,-0.96727914,-0.07387654
2141,0.00080010,-0.01919013,-1.00000000,-0.83020724,0.06018511
2142,-0.00052180,0.00898874,-1.00000000,-0.88278948,0.03677459
2143,-0.00657372,0.11744242,1.00000000,-0.91507379,-0.21446781
2144,-0.00104911,0.04214271,-1.00000000,-0.94465531,-0.19441237
2145,0.00234316,-0.30259182,-1.00000000,-0.30137505,-0.06858491
2146,0.00097689,0.01210587,-1.00000000,-0.88860609,-0.06213152
2147,0.00270800,0.20533928,1.00000000,-0.75105682,0.05576777
2148,-0.00011495,0.12751277,1.00000000,-0.89628236,0.29153598
2149,-0.00422907,0.22612154,1.00000000,-0.71227678,0.17545594
2150,-0.00188842,0.06531845,-1.00000000,-0.98790163,0.02098838
2151,-0.00136806,-0.16903406,-1.00000000,-0.55059601,-0.06461079
2152,-0.00049893,-0.03570341,-1.00000000,-0.79939319,-0.18167495
2153,0.00241813,-0.00606255,-1.00000000,-0.85470351,-0.08920853
2154,0.00207805,0.04344590,-1.00000000,-0.94708709,0.14102410
2155,-0.00008662,0.20960995,1.00000000,-0.74308767,0.20679592
2156,0.00144420,0.19023807,1.00000000,-0.77923592,0.30945367
2157,0.00317630,0.06693183,-1.00000000,-0.99091223,0.44361244
2158,-0.00507590,0.15413226,1.00000000,-0.84660995,0.17005350
2159,-0.00077657,0.25279723,1.00000000,-0.66249950,0.06584974
2160,-0.00186465,-0.21727180,-1.00000000,-0.46058361,0.00094537
2161,0.00088530,0.02763076,-1.00000000,-0.91757578,-0.01945673
2162,-0.00092629,-0.03434977,-1.00000000,-0.80191911,-0.16921580
2163,0.00226198,0.12229530,1.00000000,-0.90601823,0.09864319
2164,-0.00053156,0.01910202,-1.00000000,-0.90166101,0.10758692
2165,0.00029831,0.20071531,1.00000000,-0.75968521,0.18654256
2166,-0.00101313,0.04158722,-1.00000000,-0.94361877,0.11724331
2167,0.00153414,0.08885850,1.00000000,-0.96841185,0.20705776
2168,0.00133939,0.01415559,-1.00000000,-0.89243090,0.17337982
2169,-0.00058437,0.15925518,1.00000000,-0.83705050,0.17145209
2170,-0.00345620,0.14816173,1.00000000,-0.85775104,0.03439926
2171,0.00042107,0.03857905,-1.00000000,-0.93800548,0.08675239
2172,-0.00019001,-0.12500895,-1.00000000,-0.63274759,0.02381462
2173,-0.00165488,0.09585131,1.00000000,-0.95536314,-0.08548697
2174,0.00127655,0.06104240,-1.00000000,-0.97992245,-0.01755696
2175,-0.00389784,-0.02240060,-1.00000000,-0.82421645,-0.03367839
2176,-0.00128771,0.14458209,1.00000000,-0.86443071,-0.09605474
2177,0.00381559,-0.15016603,-1.00000000,-0.58580408,0.05016406
2178,-0.00296260,-0.00148538,-1.00000000,-0.86324459,0.00242751
2179,0.00209893,0.28921311,1.00000000,-0.59454687,0.03244740
2180,-0.00046038,-0.09689228,-1.00000000,-0.68521376,0.15792699
2181,-0.00164547,0.19142736,1.00000000,-0.77701668,0.14486741
2182,0.00276350,0.04564168,-1.00000000,-0.95118445,0.10646258
2183,0.00277698,-0.02186452,-1.00000000,-0.82521678,0.31597805
2184,0.00166596,0.22928335,1.00000000,-0.70637679,0.30017291
2185,-0.00006768,0.23005125,1.00000000,-0.70494386,0.31450782
2186,0.00244085,0.16676385,1.00000000,-0.82303920,0.46367312
2187,-0.00200498,0.06801094,-1.00000000,-0.99292587,0.28960652
2188,0.00092651,0.21090412,1.00000000,-0.74067273,0.22205771
2189,-0.00412964,-0.04234313,-1.00000000,-0.78700335,0.01049771
2190,0.00004963,0.12464306,1.00000000,-0.90163727,0.01477985
2191,0.00462056,-0.16337013,-1.00000000,-0.56116500,0.09434709
2192,0.00076823,0.07469311,1.00000000,-0.99484469,0.19557918
2193,0.00189379,0.33506676,1.00000000,-0.50898320,0.23088828
2194,0.00062489,0.11562696,1.00000000,-0.91846147,0.40444582
2195,-0.00115302,0.17974200,1.00000000,-0.79882175,0.36054483
2196,-0.00004270,0.10746197,1.00000000,-0.93369746,0.19031919
2197,-0.00115849,0.00618675,-1.00000000,-0.87756092,0.11998686
2198,-0.00152294,0.06943400,-1.00000000,-0.99558131,-0.00473588
2199,-0.00271734,0.00587516,-1.00000000,-0.87697947,-0.12673942
2200,-0.00160022,-0.01488466,-1.00000000,-0.83824132,-0.14306385
2201,-0.00125525,-0.08292143,-1.00000000,-0.71128360,-0.18732650
2202,-0.00102634,-0.01928711,-1.00000000,-0.83002627,-0.18250242
2203,-0.00206998,0.00036327,-1.00000000,-0.86669420,-0.20247157
2204,0.00049925,0.01340302,-1.00000000,-0.89102658,-0.08505442
2205,-0.00216505,-0.04604601,-1.00000000,-0.78009373,-0.10567275
2206,0.00171868,0.10030504,1.00000000,-0.94705242,0.00288663
2207,0.00426225,-0.05146149,-1.00000000,-0.76998834,0.19593885
2208,-0.00029751,0.16976741,1.00000000,-0.81743450,0.26064054
2209,-0.00071179,0.31465608,1.00000000,-0.54706988,0.21643334
2210,0.00041488,0.05491933,-1.00000000,-0.96849670,0.31061002
2211,-0.00052125,0.03132083,-1.00000000,-0.92446151,0.22884435
2212,0.00181178,0.09549880,1.00000000,-0.95602094,0.13939358
2213,-0.00053939,0.04217417,-1.00000000,-0.94471402,0.13056383
2214,-0.00019562,0.17507045,1.00000000,-0.80753895,0.14940562
2215,0.00095360,0.04114072,-1.00000000,-0.94278559,0.16907096
2216,-0.00052212,0.06072296,-1.00000000,-0.97932638,0.16903913
2217,0.00106424,0.12618606,1.00000000,-0.89875800,0.14175116
2218,-0.00015126,0.04212449,-1.00000000,-0.94462132,0.15591941
2219,0.00134604,0.13248827,1.00000000,-0.88699799,0.21219549
2220,-0.00204210,0.06324993,-1.00000000,-0.98404173,0.10284183
2221,0.00233761,0.14854035,1.00000000,-0.85704454,0.20723215
2222,-0.00064781,-0.04445754,-1.00000000,-0.78305784,0.14473625
2223,-0.00033415,0.20502293,1.00000000,-0.75164713,0.13806004
2224,0.00225026,0.03496501,-1.00000000,-0.93126162,0.17106754
2225,-0.00109544,0.05283187,-1.00000000,-0.96460147,0.20562384
2226,0.00280688,0.20004770,1.00000000,-0.76093099,0.22275411
2227,-0.00061897,0.00946669,-1.00000000,-0.88368133,0.22380690
2228,-0.00158676,0.23175427,1.00000000,-0.70176601,0.17808229
2229,-0.00140702,0.03660786,-1.00000000,-0.93432721,0.04457851
2230,-0.00121749,-0.01852021,-1.00000000,-0.83145732,0.04012314
2231,-0.00128635,-0.00828154,-1.00000000,-0.85056284,-0.10929427
2232,0.00176855,0.00251420,-1.00000000,-0.87070787,-0.02214132
2233,-0.00218381,-0.00140778,-1.00000000,-0.86338940,-0.04393590
2234,-0.00125026,0.17260782,1.00000000,-0.81213425,-0.03821379
2235,-0.00192839,-0.05253011,-1.00000000,-0.76799430,-0.06416417
2236,-0.00196201,0.00064767,-1.00000000,-0.86722489,-0.08882829
2237,-0.00345436,-0.03798070,-1.00000000,-0.79514373,-0.27948313
2238,0.00028249,-0.03989551,-1.00000000,-0.79157066,-0.18945415
2239,0.00229264,-0.12490418,-1.00000000,-0.63294310,-0.06012572
2240,-0.00033943,0.08795782,1.00000000,-0.97009254,-0.00212302
2241,-0.00009607,0.20246138,1.00000000,-0.75642702,0.06599045
2242,-0.00086478,0.05253103,-1.00000000,-0.96404009,0.16051934
2243,-0.00222937,0.06639382,-1.00000000,-0.98990828,0.06882745
2244,-0.00344100,0.02260575,-1.00000000,-0.90819902,-0.14047072
2245,-0.00152542,-0.05512504,-1.00000000,-0.76315211,-0.18376346
2246,-0.00284924,-0.12414308,-1.00000000,-0.63436333,-0.28426403
2247,0.00095001,-0.01502618,-1.00000000,-0.83797725,-0.21801782
2248,0.00031274,-0.09043476,-1.00000000,-0.69726360,-0.12522195
2249,0.00033076,0.12598127,1.00000000,-0.89914016,0.01246071
2250,-0.00311823,0.08968053,1.00000000,-0.96687792,-0.04568238
2251,0.00316599,0.09070720,1.00000000,-0.96496214,0.17389516
2252,-0.00484134,-0.10575697,-1.00000000,-0.66867209,-0.03750963
2253,0.00029617,0.25221038,1.00000000,-0.66359457,-0.03811449
2254,0.00033159,-0.20391051,-1.00000000,-0.48551599,-0.03808427
2255,0.00178458,0.08873667,1.00000000,-0.96863919,0.14088554
2256,-0.00023883,0.09075435,1.00000000,-0.96487416,0.01659711
2257,-0.00324268,0.17352085,1.00000000,-0.81043052,0.07495399
2258,0.00048032,0.05826146,-1.00000000,-0.97473318,0.08167617
2259,-0.00109219,-0.11284609,-1.00000000,-0.65544368,0.02970312
2260,-0.00091938,0.09922646,1.00000000,-0.94906507,-0.06900099
2261,-0.00120107,0.00965173,-1.00000000,-0.88402663,-0.10412603
2262,0.00072313,0.01949561,-1.00000000,-0.90239546,0.04064008
2263,0.00164145,0.00344972,-1.00000000,-0.87245358,0.08302571
2264,-0.00227115,0.11305772,1.00000000,-0.92325570,0.03998946
2265,-0.00325946,0.16536816,1.00000000,-0.82564357,-0.04543174
2266,0.00134027,-0.05750524,-1.00000000,-0.75871062,0.04733623
2267,-0.00383576,-0.11380200,-1.00000000,-0.65365995,-0.11907963
2268,0.00048817,0.14821177,1.00000000,-0.85765767,-0.16117848
2269,0.00069223,-0.14662997,-1.00000000,-0.59240242,-0.05300452
2270,-0.00049769,0.09967399,1.00000000,-0.94822997,0.04780979
2271,0.00130488,0.11129746,1.00000000,-0.92654038,0.04651793
2272,-0.00054289,0.04351615,-1.00000000,-0.94721818,0.16671941
2273,-0.00115024,0.14619585,1.00000000,-0.86141941,0.10691152
2274,-0.00049841,0.04094137,-1.00000000,-0.94241360,0.06344902
2275,-0.00219080,0.00634531,-1.00000000,-0.87785679,0.00164464
2276,-0.00022613,0.04347533,-1.00000000,-0.94714201,-0.05424283
2277,0.00053519,-0.05292800,-1.00000000,-0.76725182,-0.01488887
2278,-0.00160033,0.05898489,-1.00000000,-0.97608310,-0.03131879
2279,0.00001209,0.10235222,1.00000000,-0.94323234,-0.01268383
2280,0.00026115,-0.01929317,-1.00000000,-0.83001496,0.07682105
2281,-0.00148779,0.07255472,1.00000000,-0.99883497,0.03076597
2282,0.00048515,0.08674207,1.00000000,-0.97236114,0.02893919
2283,-0.00187618,-0.01288289,-1.00000000,-0.84197666,0.01886954
2284,-0.00088452,0.09950158,1.00000000,-0.94855169,-0.01385995
2285,0.00266017,-0.03500661,-1.00000000,-0.80069343,0.07371265
2286,0.00112788,0.02148118,-1.00000000,-0.90610058,0.16919425
2287,0.00095560,0.22339688,1.00000000,-0.71736102,0.18636732
2288,-0.00351358,0.13611371,1.00000000,-0.88023285,0.12659648
2289,-0.00075116,0.12629972,1.00000000,-0.89854592,0.13146489
2290,-0.00042817,-0.12827748,-1.00000000,-0.62664847,0.01872964
2291,0.00030026,0.02907822,-1.00000000,-0.92027676,-0.01148165
2292,-0.00178601,0.04747640,-1.00000000,-0.95460807,-0.11156001
2293,-0.00085169,0.08896977,1.00000000,-0.96820421,-0.01439155
2294,0.00026038,-0.02987001,-1.00000000,-0.81027840,0.02253292
2295,0.00029005,0.02335143,-1.00000000,-0.90959048,0.04875056
2296,0.00031477,0.08669791,1.00000000,-0.97244354,0.04928032
2297,-0.00076774,0.08838835,1.00000000,-0.96928914,0.08645075
2298,0.00135358,0.08979645,1.00000000,-0.96666162,0.16695093
2299,-0.00166273,0.02813349,-1.00000000,-0.91851388,0.09675056
2300,0.00008024,0.14896991,1.00000000,-0.85624298,0.08909177
2301,-0.00139655,-0.02284798,-1.00000000,-0.82338164,0.02662253
2302,-0.00019717,0.07643702,1.00000000,-0.99159053,0.04745030
2303,0.00025433,-0.00768521,-1.00000000,-0.85167561,0.00732367
2304,-0.00060392,0.06063469,-1.00000000,-0.97916166,0.04597415
2305,0.00219773,0.08635332,1.00000000,-0.97308655,0.12327002
2306,-0.00093275,0.03746511,-1.00000000,-0.93592684,0.14020036
2307,0.00042154,0.19705524,1.00000000,-0.76651496,0.16278574
2308,-0.00194369,0.01873417,-1.00000000,-0.90097460,0.08255031
2309,0.00152463,0.09587859,1.00000000,-0.95531224,0.16024988
2310,-0.00025148,-0.03885202,-1.00000000,-0.79351783,0.07084501
2311,0.00179850,0.15871330,1.00000000,-0.83806164,0.17054524
2312,0.00007427,0.05754123,-1.00000000,-0.97338920,0.15786831
2313,-0.00028695,0.17431383,1.00000000,-0.80895080,0.21834515
2314,-0.00060761,0.07609657,1.00000000,-0.99222582,0.14051089
2315,-0.00050245,0.05552055,-1.00000000,-0.96961859,0.13134939
2316,0.00323299,0.03725493,-1.00000000,-0.93553463,0.18371364
2317,-0.00190359,0.04324495,-1.00000000,-0.94671211,0.11151478
2318,-0.00152816,0.25602690,1.00000000,-0.65647288,0.06620635
2319,0.00022289,-0.03656791,-1.00000000,-0.79778001,0.09652265
2320,0.00130708,-0.01518210,-1.00000000,-0.83768630,0.16257702
2321,0.00177050,0.08456273,1.00000000,-0.97642782,0.10919065
2322,0.00200681,0.14632110,1.00000000,-0.86118569,0.25193419
2323,0.00499637,0.17271884,1.00000000,-0.81192708,0.49010269
2324,0.00072775,0.18617974,1.00000000,-0.78680882,0.50853183
2325,-0.00321988,0.35647376,1.00000000,-0.46903740,0.34328160
2326,0.00033605,0.11332094,1.00000000,-0.92276453,0.29091909
2327,-0.00175423,-0.11154767,-1.00000000,-0.65786656,0.15362778
2328,0.00021629,0.09100848,1.00000000,-0.96439994,-0.02086205
2329,0.00024764,-0.02805984,-1.00000000,-0.81365622,-0.03838772
2330,-0.00048899,0.08418684,1.00000000,-0.97712923,0.06129976
2331,0.00009618,0.08597257,1.00000000,-0.97379705,0.05254366
2332,0.00251134,0.04401210,-1.00000000,-0.94814363,0.20825232
2333,0.00119313,0.07734482,1.00000000,-0.98989656,0.24391029
2334,0.00060410,0.21491955,1.00000000,-0.73317987,0.25692242
2335,0.00303436,0.13983019,1.00000000,-0.87329783,0.38553726
2336,0.00226397,0.10627765,1.00000000,-0.93590742,0.46466940
2337,-0.00080158,0.24471227,1.00000000,-0.67758616,0.34373579
2338,0.00127981,0.20082851,1.00000000,-0.75947398,0.34690007
2339,0.00105896,0.02620574,-1.00000000,-0.91491667,0.36350385
2340,-0.00208336,0.14476797,1.00000000,-0.86408386,0.17668860
2341,-0.00301100,0.13218743,1.00000000,-0.88755936,-0.01586656
2342,0.00062905,-0.04680815,-1.00000000,-0.77867157,0.03635651
2343,-0.00093961,-0.09964891,-1.00000000,-0.68006984,-0.04466019
2344,-0.00140117,0.10769851,1.00000000,-0.93325609,-0.13446348
2345,0.00035583,0.01834349,-1.00000000,-0.90024558,-0.04542430
2346,0.00242604,-0.00794831,-1.00000000,-0.85118465,0.15304706
2347,-0.00182919,0.09213522,1.00000000,-0.96229744,0.06331260
2348,-0.00060215,0.21006058,1.00000000,-0.74224679,0.07563090
2349,-0.00115477,-0.03232983,-1.00000000,-0.80568834,0.08462508
2350,-0.00056552,0.03756588,-1.00000000,-0.93611488,0.05099252
2351,0.00087486,0.00608687,-1.00000000,-0.87737454,-0.00563133
2352,0.00008706,0.03965247,-1.00000000,-0.94000850,0.06431875
2353,-0.00024805,0.12170051,1.00000000,-0.90712812,0.07724471
2354,-0.00631698,0.07682548,1.00000000,-0.99086567,-0.11119412
2355,0.00128992,0.05773651,-1.00000000,-0.97375360,-0.04346381
2356,0.00099386,-0.28796710,-1.00000000,-0.32866502,-0.03911960
2357,0.00446378,0.14534389,1.00000000,-0.86300918,0.12064615
2358,-0.00224934,0.12847953,1.00000000,-0.89447835,0.04759198
2359,0.00034997,0.32613585,1.00000000,-0.52564843,0.29095924
2360,0.00213648,-0.05626266,-1.00000000,-0.76102929,0.32186162
2361,0.00023947,0.09180129,1.00000000,-0.96292056,0.29432339
2362,0.00281734,0.19356628,1.00000000,-0.77302542,0.23422253
2363,0.00136446,0.08550683,1.00000000,-0.97466612,0.36613893
2364,0.00809077,0.23234998,1.00000000,-0.70065439,0.64870597
2365,-0.00328086,0.14958952,1.00000000,-0.85508677,0.45095368
2366,0.00385544,0.53273994,1.00000000,-0.14012183,0.58294957
2367,-0.00279675,-0.11502112,-1.00000000,-0.65138504,0.37801512
2368,0.00138221,0.29148304,1.00000000,-0.59031115,0.37866319
2369,-0.00288372,-0.08744498,-1.00000000,-0.70284257,-0.02194489
2370,-0.00090021,0.15060081,1.00000000,-0.85319968,0.06495735
2371,-0.00083786,-0.09239874,-1.00000000,-0.69359878,-0.10636462
2372,0.00010349,0.02058759,-1.00000000,-0.90443312,-0.00049555
2373,-0.00051615,0.02413948,-1.00000000,-0.91106100,-0.06979258
2374,-0.00061296,0.07776101,1.00000000,-0.98911994,0.01309810
2375,-0.00628155,0.04246456,-1.00000000,-0.94525589,-0.18334013
2376,-0.00207117,0.03695006,-1.00000000,-0.93496575,-0.22836038
2377,0.00431611,-0.28594925,-1.00000000,-0.33243036,-0.07458446
2378,0.00594522,-0.04611347,-1.00000000,-0.77996784,0.16127892
2379,0.00034797,0.31772441,1.00000000,-0.54134433,0.19635624
2380,0.00193199,0.41052334,1.00000000,-0.36818001,0.49617988
2381,0.00079202,0.09168733,1.00000000,-0.96313321,0.60069651
2382,-0.00427263,0.18191787,1.00000000,-0.79476154,0.28717666
2383,0.00054526,0.11698207,1.00000000,-0.91593280,0.09005881
2384,0.00672081,-0.17151532,-1.00000000,-0.54596595,0.32269039
2385,-0.00246659,0.10292596,1.00000000,-0.94216173,0.16212665
2386,0.00012229,0.45470298,1.00000000,-0.28574007,0.13767886
2387,-0.00092323,-0.06863774,-1.00000000,-0.73793718,0.25994402
2388,0.00404395,0.07883192,1.00000000,-0.98712161,0.38765840
2389,0.00386972,0.01927633,-1.00000000,-0.90198628,0.28358327
2390,-0.00097110,0.30222099,1.00000000,-0.57027396,0.33817389
2391,0.00358396,0.29229640,1.00000000,-0.58879341,0.46453747
2392,0.00328575,0.01654952,-1.00000000,-0.89689801,0.61818018
2393,-0.00420390,0.27601906,1.00000000,-0.61916718,0.31710424
2394,0.00208018,0.25903186,1.00000000,-0.65086558,0.25177966
2395,0.00103867,-0.16760032,-1.00000000,-0.55327139,0.32514348
2396,0.00102286,0.19035906,1.00000000,-0.77901014,0.23165416
2397,0.00236582,0.13103189,1.00000000,-0.88971561,0.19807348
2398,0.00123572,0.13013137,1.00000000,-0.89139600,0.39663903
2399,0.00155276,0.20663006,1.00000000,-0.74864819,0.37738629
2400,0.00128763,0.14225615,1.00000000,-0.86877096,0.38647434
2401,-0.00207268,0.16031565,1.00000000,-0.83507164,0.27347597
2402,-0.00073404,0.14521357,1.00000000,-0.86325237,0.16031996
2403,0.00031534,-0.04619971,-1.00000000,-0.77980691,0.12672288
2404,-0.00422244,0.03005301,-1.00000000,-0.92209574,-0.08409226
2405,0.00003971,0.08982876,1.00000000,-0.96660133,-0.12964613
2406,0.00206452,-0.16865599,-1.00000000,-0.55130150,0.02137657
2407,0.00187437,0.07412791,1.00000000,-0.99589937,0.11659309
2408,0.00281531,0.18946736,1.00000000,-0.78067407,0.20785109
2409,-0.00223674,0.17863594,1.00000000,-0.80088567,0.28033605
2410,-0.00244451,0.23223454,1.00000000,-0.70086982,0.18965318
2411,-0.00303942,-0.05554506,-1.00000000,-0.76236835,0.00334107
2412,0.00032217,-0.06738039,-1.00000000,-0.74028342,-0.05331976
2413,-0.00401975,-0.10126793,-1.00000000,-0.67704873,-0.30282381
2414,0.00115469,0.09021816,1.00000000,-0.96587470,-0.17902430
2415,0.00230075,-0.15711015,-1.00000000,-0.57284622,-0.00580539
2416,0.00139620,0.13764092,1.00000000,-0.87738306,0.15611069
2417,-0.00259919,0.20292329,1.00000000,-0.75556509,0.04947037
2418,0.00036283,0.15139798,1.00000000,-0.85171215,0.20944997
2419,0.00746082,-0.07619134,-1.00000000,-0.72384206,0.43964597
2420,0.00018960,0.09253393,1.00000000,-0.96155344,0.36258178
2421,0.00364147,0.49685589,1.00000000,-0.20708206,0.44454211
2422,0.00691066,0.08266659,1.00000000,-0.97996605,0.79168584
2423,0.00283037,0.27929499,1.00000000,-0.61305425,0.88175991
2424,0.00069119,0.46551758,1.00000000,-0.26555986,0.63464429
2425,0.00035110,0.23309222,1.00000000,-0.69926937,0.64053941
2426,0.00381933,0.11123828,1.00000000,-0.92665081,0.64703202
2427,-0.00003527,0.09186577,1.00000000,-0.96280023,0.39348050
2428,0.00180147,0.28942654,1.00000000,-0.59414861,0.35592188
2429,0.00103470,0.06985692,-1.00000000,-0.99637048,0.36846119
2430,-0.00183429,0.17448295,1.00000000,-0.80863523,0.28868687
2431,-0.00175057,0.13080555,1.00000000,-0.89013797,0.08536550
2432,-0.01091444,-0.03262002,-1.00000000,-0.80514685,-0.31176280
2433,-0.00553621,-0.02785126,-1.00000000,-0.81404543,-0.57961415
2434,0.00154633,-0.54985166,-1.00000000,0.16001585,-0.56093767
2435,0.00049310,-0.24349223,-1.00000000,-0.41165585,-0.47597996
2436,-0.00166314,0.15994972,1.00000000,-0.83575446,-0.47278860
2437,-0.00075787,0.09995430,1.00000000,-0.94770689,-0.10203763
2438,-0.01159038,-0.02287122,-1.00000000,-0.82333827,-0.32303655
2439,-0.00823801,0.02869575,-1.00000000,-0.91956308,-0.68020007
2440,-0.00179566,-0.58835540,-1.00000000,0.23186445,-0.76374790
2441,-0.00459225,-0.39739482,-1.00000000,-0.12447111,-0.87067073
2442,0.00135620,-0.03041995,-1.00000000,-0.80925220,-0.79349950
2443,0.00110666,-0.18972157,-1.00000000,-0.51199279,-0.33001231
2444,0.00001263,0.14911949,1.00000000,-0.85596386,-0.02883453
2445,-0.00067186,0.13490452,1.00000000,-0.88248922,0.01218824
2446,-0.00027737,0.07258542,1.00000000,-0.99877767,0.16969659
2447,0.00236940,0.03359502,-1.00000000,-0.92870519,0.20668197
2448,0.00202604,0.05606620,-1.00000000,-0.97063677,0.24024264
2449,-0.00305584,0.20683423,1.00000000,-0.74826721,0.12823251
2450,-0.00264727,0.18727509,1.00000000,-0.78476488,0.05612315
2451,-0.00090805,-0.10220352,-1.00000000,-0.67530289,0.03310125
2452,0.01299755,-0.07892981,-1.00000000,-0.71873203,0.42106644
2453,0.00016186,0.02014112,-1.00000000,-0.90359999,0.35301746
2454,-0.00138779,0.81224400,1.00000000,0.38143731,0.41390739
2455,-0.00352160,0.08108640,1.00000000,-0.98291472,0.38199107
2456,0.00239568,-0.00718635,-1.00000000,-0.85260649,0.50258883
2457,0.00115969,-0.12873442,-1.00000000,-0.62579581,0.07046484
2458,-0.00116731,0.20833085,1.00000000,-0.74547449,0.02194525
2459,0.01572831,0.13792555,1.00000000,-0.87685194,0.64674392
2460,0.00248516,0.00537282,-1.00000000,-0.87604210,0.86601225
2461,-0.00093498,0.96779602,1.00000000,0.67169993,0.74443139
2462,0.00590524,0.21342821,1.00000000,-0.73596273,0.91766086
2463,-0.00176029,0.01860701,-1.00000000,-0.90073732,0.89601514
2464,-0.00140307,0.40824572,1.00000000,-0.37243009,0.27065855
2465,-0.00389030,-0.02840478,-1.00000000,-0.81301256,0.03793128
2466,-0.00256863,-0.00805696,-1.00000000,-0.85098191,-0.02170288
2467,-0.00208944,-0.14973674,-1.00000000,-0.58660513,-0.31353740
2468,-0.00493100,-0.07445059,-1.00000000,-0.72709032,-0.42927963
2469,-0.00183614,-0.04715459,-1.00000000,-0.77802510,-0.44508798
2470,-0.00494074,-0.20901758,-1.00000000,-0.47598612,-0.48343262
2471,0.00037734,-0.03272548,-1.00000000,-0.80495005,-0.37589426
2472,-0.00195576,-0.20957257,-1.00000000,-0.47495050,-0.37101449
2473,0.00001494,0.09336027,1.00000000,-0.96001146,-0.19047002
2474,-0.00059172,-0.03953984,-1.00000000,-0.79223436,-0.14504445
2475,0.00258941,0.07271746,1.00000000,-0.99853129,0.12983305
2476,-0.00920964,0.03815996,-1.00000000,-0.93722345,-0.22012569
2477,0.00009953,0.21936675,1.00000000,-0.72488132,-0.14510002
2478,0.00520284,-0.45274140,-1.00000000,-0.02119348,0.04427671
2479,-0.00911274,0.07753580,1.00000000,-0.98954018,-0.26677092
2480,0.00171782,0.36823502,1.00000000,-0.44709070,-0.29858707
2481,-0.00398028,-0.44722192,-1.00000000,-0.03149293,-0.10769690
2482,-0.00945536,0.16971845,1.00000000,-0.81752586,-0.45648443
2483,0.00144934,-0.15486216,-1.00000000,-0.57704102,-0.59350045
2484,-0.00239854,-0.46673824,-1.00000000,0.00492484,-0.34840796
2485,-0.00311055,0.15442502,1.00000000,-0.84606364,-0.52466102
2486,0.00101210,-0.06476134,-1.00000000,-0.74517061,-0.34242124
2487,0.00269039,-0.10531996,-1.00000000,-0.66948758,0.10094180
2488,-0.00653513,0.12951836,1.00000000,-0.89253988,-0.19052008
2489,-0.00334321,0.22511847,1.00000000,-0.71414852,-0.22500394
2490,0.00143316,-0.30039379,-1.00000000,-0.30547661,-0.05914201
2491,0.00570213,-0.11857252,-1.00000000,-0.64475807,0.11206065
2492,-0.00010308,0.15350334,1.00000000,-0.84778351,0.01008918
2493,-0.00487916,0.39667574,1.00000000,-0.39401985,0.07053806
2494,0.00235321,0.06599458,-1.00000000,-0.98916330,0.27847759
2495,-0.00132387,-0.20606485,-1.00000000,-0.48149596,0.17783610
2496,-0.00094482,0.20591180,1.00000000,-0.74998847,-0.06480127
2497,-0.00258523,-0.00354514,-1.00000000,-0.85940105,-0.15540886
2498,-0.00136629,0.01804633,-1.00000000,-0.89969107,-0.02717670
2499,0.00127342,-0.07539626,-1.00000000,-0.72532569,-0.06659287
2500,-0.00004063,-0.00596183,-1.00000000,-0.85489147,-0.01975015
2501,0.00265239,0.14440387,1.00000000,-0.86476328,0.11156089
2502,0.00126496,0.06955173,-1.00000000,-0.99580100,0.25210685
2503,0.00214686,0.22295384,1.00000000,-0.71818775,0.38034932
2504,0.00190846,0.14392213,1.00000000,-0.86566221,0.40353072
2505,0.00602469,0.19415726,1.00000000,-0.77192264,0.62493659
2506,-0.01156545,0.18057786,1.00000000,-0.79726202,0.10593453
2507,-0.00036883,0.41504993,1.00000000,-0.35973331,0.04629513
2508,-0.00269626,-0.58693561,-1.00000000,0.22921510,-0.13049595
2509,0.00231997,0.05085638,-1.00000000,-0.96091517,-0.11547464
2510,0.00221877,-0.08172071,-1.00000000,-0.71352416,-0.25440423
2511,-0.00301828,0.20401823,1.00000000,-0.75352192,0.05759808
2512,-0.00565625,0.19825385,1.00000000,-0.76427834,-0.13541165
2513,-0.00124768,-0.10006396,-1.00000000,-0.67929534,-0.08253310
2514,0.00094795,-0.25033038,-1.00000000,-0.39889577,-0.13261650
2515,-0.00012570,0.00079492,-1.00000000,-0.86749967,-0.21819817
2516,0.00110136,0.12586436,1.00000000,-0.89935831,-0.06781658
2517,0.00156483,0.06470583,-1.00000000,-0.98675847,0.19577860
2518,-0.00251357,0.13460267,1.00000000,-0.88305248,0.14956893
2519,0.00195974,0.16100318,1.00000000,-0.83378870,0.18650278
2520,-0.00161362,-0.07131409,-1.00000000,-0.73294308,0.13218855
2521,-0.00101504,0.18349869,1.00000000,-0.79181171,0.05493266
2522,-0.00113536,-0.02005015,-1.00000000,-0.82860243,-0.04363373
2523,0.00458385,0.01404682,-1.00000000,-0.89222794,0.21544756
2524,0.00236485,0.00719285,-1.00000000,-0.87943831,0.23023558
2525,-0.00064514,0.33297565,1.00000000,-0.51288526,0.26558862
2526,-0.00028730,0.20657502,1.00000000,-0.74875089,0.29215348
2527,-0.00666655,0.03511736,-1.00000000,-0.93154590,0.09024537
2528,0.00226676,0.05550061,-1.00000000,-0.96958137,0.00566324
2529,-0.00318976,-0.30787959,-1.00000000,-0.29150799,-0.19710015
2530,0.00403623,0.20098738,1.00000000,-0.75917752,-0.02621356
2531,-0.00388073,-0.10983206,-1.00000000,-0.66106792,-0.15738665
2532,-0.00006990,0.30178152,1.00000000,-0.57109401,0.08341468
2533,-0.00000886,-0.14919165,-1.00000000,-0.58762228,0.00034660
2534,-0.00110993,0.06788473,-1.00000000,-0.99269035,0.07626789
2535,0.00377246,0.07136175,-1.00000000,-0.99917853,0.06663936
2536,-0.00000140,0.00864118,-1.00000000,-0.88214092,0.20824907
2537,0.00434333,0.28675644,1.00000000,-0.59913105,0.36934770
2538,0.00629919,0.07178670,-1.00000000,-0.99997148,0.59961408
2539,-0.00565038,0.31927503,1.00000000,-0.53845084,0.43387170
2540,-0.00051502,0.43068655,1.00000000,-0.33055512,0.27736347
2541,-0.00125825,-0.24999556,-1.00000000,-0.39952053,0.23148395
2542,-0.00040175,0.04252934,-1.00000000,-0.94537678,0.05827148
2543,-0.01737451,0.00019288,-1.00000000,-0.86637625,-0.80590350
2544,0.00117488,0.04898140,-1.00000000,-0.95741643,-0.55675740
2545,-0.00169855,-0.91783643,-1.00000000,0.84668144,-0.59996056
2546,-0.00161628,0.13879057,1.00000000,-0.87523780,-0.61303025
2547,-0.00082530,-0.02488810,-1.00000000,-0.81957474,-0.62849143
2548,0.00168012,-0.02020204,-1.00000000,-0.82831900,0.06707075
2549,-0.00228604,0.02485463,-1.00000000,-0.91239548,-0.05926495
2550,0.00537827,0.16757058,1.00000000,-0.82153381,0.19906432
2551,-0.00014163,-0.05835307,-1.00000000,-0.75712855,0.25289460
2552,-0.00190719,0.37822813,1.00000000,-0.42844339,0.21340176
2553,-0.00010628,0.06379874,-1.00000000,-0.98506582,0.14819191
2554,0.00093140,-0.03677294,-1.00000000,-0.79739743,0.26563997
2555,-0.00371675,0.06581228,-1.00000000,-0.98882313,-0.06636072
2556,-0.00232178,0.12492162,1.00000000,-0.90111747,-0.14594397
2557,0.00551837,-0.13985046,-1.00000000,-0.60505308,0.12511572
2558,0.00438931,-0.06038889,-1.00000000,-0.75332968,0.28922072
2559,-0.00209153,0.38620878,1.00000000,-0.41355136,0.17887284
2560,0.00005071,0.32189394,1.00000000,-0.53356391,0.31639832
2561,0.00014939,-0.04727342,-1.00000000,-0.77780336,0.40660487
2562,0.00501296,0.07475453,1.00000000,-0.99473008,0.38815526
2563,0.00840052,0.08037614,1.00000000,-0.98424008,0.53457866
2564,-0.00119625,0.35741863,1.00000000,-0.46727426,0.56725971
2565,0.00246050,0.55038391,1.00000000,-0.10719789,0.65522581
2566,0.00353244,0.00372452,-1.00000000,-0.87296636,0.77871891
2567,-0.00326235,0.21202338,1.00000000,-0.73858416,0.47664078
2568,0.00059506,0.27308396,1.00000000,-0.62464412,0.19171360
2569,-0.00016075,-0.11396658,-1.00000000,-0.65335284,0.22951303
2570,-0.00186517,0.10576232,1.00000000,-0.93686904,0.07161055
2571,0.00089497,0.06270957,-1.00000000,-0.98303342,-0.02466628
2572,-0.00085393,-0.03437940,-1.00000000,-0.80186381,0.06324955
2573,-0.00227445,0.12284643,1.00000000,-0.90498981,-0.04149785
2574,-0.00119643,0.02322383,-1.00000000,-0.90935238,-0.07930408
2575,-0.00186883,-0.05769332,-1.00000000,-0.75835965,-0.07943761
2576,-0.00013504,0.00371391,-1.00000000,-0.87294655,-0.11703661
2577,-0.00078024,-0.03458776,-1.00000000,-0.80147501,-0.11434673
2578,-0.00042752,0.06417415,-1.00000000,-0.98576635,-0.04692703
2579,0.00347937,0.02742132,-1.00000000,-0.91718497,0.12375631
2580,-0.00135923,0.04751340,-1.00000000,-0.95467711,0.14235838
2581,0.00017414,0.27006089,1.00000000,-0.63028523,0.15364423
2582,-0.00021410,-0.00555970,-1.00000000,-0.85564184,0.17431047
2583,0.00327492,0.08178544,1.00000000,-0.98161030,0.30946293
2584,0.00118166,0.05967046,-1.00000000,-0.97736238,0.22558843
2585,-0.00411848,0.25841536,1.00000000,-0.65201597,0.12486617
2586,-0.00319883,0.13917687,1.00000000,-0.87451694,0.00174094
2587,-0.00329048,-0.16273421,-1.00000000,-0.56235165,-0.11055800
2588,-0.00505777,-0.11034834,-1.00000000,-0.66010453,-0.41473124
2589,0.00074317,-0.11556917,-1.00000000,-0.65036237,-0.43073783
2590,-0.00771103,-0.21623922,-1.00000000,-0.46251042,-0.56187879
2591,-0.00203408,0.11419901,1.00000000,-0.92112604,-0.51936131
2592,-0.00750087,-0.36737633,-1.00000000,-0.18048610,-0.67305539
2593,0.00277597,-0.04400091,-1.00000000,-0.78390992,-0.38709561
2594,-0.00254174,-0.35540484,-1.00000000,-0.20282509,-0.50700634
2595,-0.00426754,0.22999370,1.00000000,-0.70505126,-0.38130663
2596,-0.01373874,-0.07291862,-1.00000000,-0.72994900,-0.80856843
2597,0.00391543,-0.17122513,-1.00000000,-0.54650745,-0.39183290
2598,0.00295065,-0.71073203,-1.00000000,0.46022125,-0.38545660
2599,0.00173210,0.29490030,1.00000000,-0.58393448,-0.22944622
2600,-0.00176217,0.23994375,1.00000000,-0.68648430,-0.13799121
2601,0.00360625,0.17053158,1.00000000,-0.81600854,0.49516280
2602,0.00072684,-0.02851191,-1.00000000,-0.81281265,0.37876806
2603,-0.01521906,0.27728862,1.00000000,-0.61679817,-0.28449133
2604,0.00191384,0.11326929,1.00000000,-0.92286092,-0.27785720
2605,0.00129548,-0.79505558,-1.00000000,0.61757036,-0.16624224
2606,0.00162502,0.18088396,1.00000000,-0.79669083,-0.23856412
2607,0.00148375,0.14566039,1.00000000,-0.86241860,-0.21093451
2608,-0.00274660,0.16443217,1.00000000,-0.82739014,0.24435487
2609,0.00346748,0.15638460,1.00000000,-0.84240705,0.30106830
2610,0.00231704,-0.08458814,-1.00000000,-0.70817349,0.33835894
2611,0.00135973,0.26938381,1.00000000,-0.63154866,0.32867471
2612,0.00142996,0.20385149,1.00000000,-0.75383306,0.32671152
2613,0.00537855,0.14932017,1.00000000,-0.85558938,0.62330874
2614,0.00561651,0.15332110,1.00000000,-0.84812358,0.70175604
2615,-0.00120289,0.37824423,1.00000000,-0.42841334,0.57326608
2616,0.00080944,0.39179882,1.00000000,-0.40312025,0.55317868
2617,0.00160269,0.00334619,-1.00000000,-0.87226037,0.55948384
2618,-0.00298090,0.11797429,1.00000000,-0.91408130,0.25433384
2619,0.00107167,0.16316014,1.00000000,-0.82976377,0.08843093
2620,-0.00253676,-0.09793453,-1.00000000,-0.68326889,0.03973974
2621,0.00018356,0.13291156,1.00000000,-0.88620811,0.01689292
2622,0.00170732,-0.07263516,-1.00000000,-0.73047793,0.02071221
2623,0.00255695,0.08232241,1.00000000,-0.98060829,0.22286354
2624,0.00075923,0.16912005,1.00000000,-0.81864249,0.21145830
2625,-0.00147489,0.21751745,1.00000000,-0.72833215,0.25022027
2626,0.00230280,0.11511398,1.00000000,-0.91941870,0.32757993
2627,0.00065567,-0.01214810,-1.00000000,-0.84334778,0.28919090
2628,-0.00026558,0.20304019,1.00000000,-0.75534694,0.18615854
2629,-0.00029082,0.10921494,1.00000000,-0.93042640,0.14782794
2630,0.00121364,0.05673808,-1.00000000,-0.97189051,0.24596894
2631,-0.00103640,0.05530006,-1.00000000,-0.96920714,0.12407626
2632,-0.00102799,0.14099843,1.00000000,-0.87111788,0.06261687
2633,0.00517096,0.01282977,-1.00000000,-0.88995690,0.26106980
2634,-0.00039175,0.01330914,-1.00000000,-0.89085141,0.25738550
2635,0.00071014,0.36641881,1.00000000,-0.45047978,0.23900625
2636,0.00209033,0.04955080,-1.00000000,-0.95847894,0.35314315
2637,0.00269645,0.11231808,1.00000000,-0.92463588,0.48909833
2638,-0.00027469,0.19093748,1.00000000,-0.77793079,0.29031273
2639,0.00280585,0.22546372,1.00000000,-0.71350428,0.40703684
2640,0.00153410,0.05621895,-1.00000000,-0.97092182,0.43711430
2641,-0.00128057,0.23169579,1.00000000,-0.70187513,0.31406455
2642,-0.00029905,0.15925320,1.00000000,-0.83705418,0.20471829
2643,0.00274483,-0.00107851,-1.00000000,-0.86400382,0.31494162
2644,0.00267712,0.05483167,-1.00000000,-0.96833313,0.31024251
2645,0.00019784,0.22821964,1.00000000,-0.70836168,0.26146413
2646,0.00140753,0.22436296,1.00000000,-0.71555831,0.35958931
2647,-0.00129813,0.08313578,1.00000000,-0.97909054,0.32311931
2648,0.00122890,0.15204333,1.00000000,-0.85050792,0.26778261
2649,0.00194653,-0.00207884,-1.00000000,-0.86213719,0.24111332
2650,-0.00064977,0.14186814,1.00000000,-0.86949499,0.21017258
2651,0.00430412,0.18274621,1.00000000,-0.79321584,0.31590827
2652,-0.00326303,0.03485354,-1.00000000,-0.93105361,0.24418236
2653,0.00212165,0.31704117,1.00000000,-0.54261925,0.27677091
2654,-0.00063091,-0.11400529,-1.00000000,-0.65328061,0.18268497
2655,0.00051276,0.19272175,1.00000000,-0.77460133,0.22512126
2656,0.00191672,0.03592750,-1.00000000,-0.93305764,0.13797269
2657,0.00021651,0.10107428,1.00000000,-0.94561700,0.26498804
2658,0.00732291,0.18104805,1.00000000,-0.79638463,0.45485234
2659,0.00642838,0.08419893,1.00000000,-0.97710668,0.71254194
2660,0.00023416,0.48900014,1.00000000,-0.22174101,0.70237199
2661,0.00113143,0.43804553,1.00000000,-0.31682314,0.67370616
2662,-0.00043097,0.08520433,1.00000000,-0.97523059,0.65007095
2663,-0.00395890,0.13631577,1.00000000,-0.87985581,0.23824470
2664,0.00279424,0.04731678,-1.00000000,-0.95431023,0.10558562
2665,0.00152448,-0.15364421,-1.00000000,-0.57931373,0.15268692
2666,0.00154438,0.23103443,1.00000000,-0.70310923,0.16776121
2667,-0.00448240,0.15870471,1.00000000,-0.83807768,0.01986964
2668,0.00179823,0.15983881,1.00000000,-0.83596143,0.23002547
2669,-0.00016873,-0.18346423,-1.00000000,-0.52366908,0.12186620
2670,-0.00010701,0.17429859,1.00000000,-0.80897923,0.06231115
2671,0.00681519,0.06225466,-1.00000000,-0.98218454,0.25471455
2672,0.00121512,0.06577057,-1.00000000,-0.98874530,0.46269423
2673,0.00141981,0.46007940,1.00000000,-0.27570759,0.44888042
2674,0.00167599,0.14108275,1.00000000,-0.87096054,0.51621933
2675,0.00066172,0.15274250,1.00000000,-0.84920326,0.54428054
2676,-0.00137399,0.16733530,1.00000000,-0.82197286,0.24534588
2677,-0.00011336,0.10955938,1.00000000,-0.92978366,0.19685158
2678,-0.00607098,-0.00640051,-1.00000000,-0.85407287,-0.07658885
2679,-0.00097220,0.06540865,-1.00000000,-0.98806994,-0.17325707
2680,0.00349218,-0.27395430,-1.00000000,-0.35481313,-0.06993491
2681,0.00395296,0.01648700,-1.00000000,-0.89678134,0.12451791
2682,0.00120839,0.27079097,1.00000000,-0.62892289,0.17276672
2683,0.00264046,0.29703816,1.00000000,-0.57994521,0.49076523
2684,0.00301833,0.14069968,1.00000000,-0.87167535,0.63643392
2685,-0.00131941,0.22227425,1.00000000,-0.71945588,0.46079355
2686,0.00367888,0.24379926,1.00000000,-0.67928985,0.45078865
2687,-0.00089909,-0.00329134,-1.00000000,-0.85987464,0.37385793
2688,-0.00298757,0.28142577,1.00000000,-0.60907818,0.16841492
2689,0.00240625,0.02065126,-1.00000000,-0.90455193,0.14607148
2690,-0.00253644,-0.09831433,-1.00000000,-0.68256019,0.10164543
2691,-0.00053581,0.20893289,1.00000000,-0.74435107,-0.05220592
2692,0.00070118,-0.07261705,-1.00000000,-0.73051173,0.00620967
2693,0.00119388,0.04134466,-1.00000000,-0.94316615,0.15884740
2694,0.00217937,0.11180731,1.00000000,-0.92558899,0.15056569
2695,-0.00104884,0.13987294,1.00000000,-0.87321806,0.20486873
2696,0.00144067,0.19600949,1.00000000,-0.76846635,0.27701741
2697,0.00320988,0.01212147,-1.00000000,-0.88863519,0.36859397
2698,0.00189821,0.15393084,1.00000000,-0.84698580,0.39430474
2699,-0.00200396,0.25471019,1.00000000,-0.65892988,0.24159808
2700,-0.00033867,0.17999394,1.00000000,-0.79835163,0.26752175
2701,-0.00511390,-0.04228536,-1.00000000,-0.78711117,0.02825668
2702,0.00039690,0.05257469,-1.00000000,-0.96412156,-0.07442703
2703,-0.00170416,-0.21943618,-1.00000000,-0.45654483,-0.20592641
2704,-0.00129387,0.09447488,1.00000000,-0.95793160,-0.18000549
2705,0.00151848,-0.02520748,-1.00000000,-0.81897877,-0.11221301
2706,-0.00128703,-0.00183642,-1.00000000,-0.86258955,0.02748141
2707,0.00020114,0.15836312,1.00000000,-0.83871509,0.02033555
2708,-0.00091947,-0.00144661,-1.00000000,-0.86331694,0.04897951
2709,-0.00171279,0.08332394,1.00000000,-0.97873942,0.03368729
2710,-0.00021430,0.01949069,-1.00000000,-0.90238628,-0.02956551
2711,0.00073482,-0.02569955,-1.00000000,-0.81806056,0.04423898
2712,-0.00000364,0.05965875,-1.00000000,-0.97734053,0.03676354
2713,-0.00096993,0.11372340,1.00000000,-0.92201354,0.03492140
2714,0.00223273,0.07165872,-1.00000000,-0.99973267,0.17894726
2715,0.00226184,0.01661608,-1.00000000,-0.89702221,0.26933541
2716,0.00007871,0.19904912,1.00000000,-0.76279434,0.24538514
2717,0.00127526,0.20070715,1.00000000,-0.75970043,0.29206970
2718,-0.00152595,0.07634962,1.00000000,-0.99175363,0.27177287
2719,0.00177285,0.14450878,1.00000000,-0.86456751,0.25498538
2720,-0.00196985,-0.01505661,-1.00000000,-0.83792046,0.10051352
2721,0.00380591,0.17285267,1.00000000,-0.81167736,0.23656971
2722,0.00064197,-0.04034223,-1.00000000,-0.79073707,0.21345230
2723,-0.00297302,0.28866183,1.00000000,-0.59557558,0.16062926
2724,-0.00026081,0.10843466,1.00000000,-0.93188242,0.08639346
2725,-0.00367811,-0.09748561,-1.00000000,-0.68410659,0.02403574
2726,0.00255809,0.05700960,-1.00000000,-0.97239717,-0.02151414
2727,0.00190280,-0.13764986,-1.00000000,-0.60915945,0.02451076
2728,-0.00460531,0.21758240,1.00000000,-0.72821094,-0.03507362
2729,-0.00369941,0.18025534,1.00000000,-0.79786385,-0.16059491
2730,-0.00075978,-0.19046552,-1.00000000,-0.51060456,-0.05406511
2731,-0.00309619,-0.13886317,-1.00000000,-0.60689539,-0.26046665
2732,0.02046628,0.02858717,-1.00000000,-0.91936047,0.41716665
2733,-0.01036639,-0.10450193,-1.00000000,-0.67101404,0.20686642
2734,0.00491270,1.23768479,1.00000000,1.17531677,0.52123934
2735,-0.00284069,-0.51863366,-1.00000000,0.10176254,0.44527836
2736,-0.00284859,0.35170774,1.00000000,-0.47793086,0.45431677
2737,-0.00276410,-0.08994799,-1.00000000,-0.69817191,-0.39367532
2738,0.00693496,-0.09039772,-1.00000000,-0.69733272,0.23788577
2739,-0.00826271,-0.08558521,-1.00000000,-0.70631293,-0.24306381
2740,0.00302998,0.46690130,1.00000000,-0.26297781,-0.02876337
2741,-0.00035213,-0.39880179,-1.00000000,-0.12184568,0.06236623
2742,-0.00746169,0.24446237,1.00000000,-0.67805248,-0.10911256
2743,0.00062714,0.05180768,-1.00000000,-0.96269032,-0.33937025
2744,0.00163027,-0.35317348,-1.00000000,-0.20698886,0.02175912
2745,0.00782913,0.10759006,1.00000000,-0.93345845,0.19694549
2746,-0.00302813,0.16473135,1.00000000,-0.82683186,0.09926205
2747,0.00404739,0.51783624,1.00000000,-0.16793238,0.51938480
2748,-0.00300008,-0.10062483,-1.00000000,-0.67824875,0.38697805
2749,-0.00543787,0.30241734,1.00000000,-0.56990757,0.12896552
2750,-0.00189319,-0.09902728,-1.00000000,-0.68122981,-0.22593406
2751,-0.00186684,-0.23789061,-1.00000000,-0.42210857,-0.18354268
2752,-0.00149175,-0.03597549,-1.00000000,-0.79888548,-0.38574114
2753,-0.00690120,-0.03447417,-1.00000000,-0.80168697,-0.52814567
2754,-0.00064241,-0.01310819,-1.00000000,-0.84155623,-0.35309422
2755,0.00783552,-0.32124592,-1.00000000,-0.26656621,0.00203869
2756,0.00899526,0.03527271,-1.00000000,-0.93183579,0.39854393
2757,0.00178609,0.51820033,1.00000000,-0.16725298,0.51819686
2758,-0.00147484,0.58426213,1.00000000,-0.04398058,0.71627827
2759,-0.00857251,0.17360716,1.00000000,-0.81026947,0.42680111
2760,0.01027842,-0.01214494,-1.00000000,-0.84335368,0.51597538
2761,-0.00163088,-0.41644900,-1.00000000,-0.08891570,0.12808337
2762,0.00337943,0.65735450,1.00000000,0.09241097,0.18624602
2763,0.00428997,-0.02103344,-1.00000000,-0.82676760,0.39668199
2764,0.00755817,0.26436848,1.00000000,-0.64090736,0.98550971
2765,0.00233065,0.31623502,1.00000000,-0.54412355,0.69538769
2766,0.00669962,0.50240163,1.00000000,-0.19673362,0.99948065
2767,-0.00043579,0.20462648,1.00000000,-0.75238690,0.86021142
2768,0.01046176,0.45349586,1.00000000,-0.28799258,1.08550383
2769,-0.00175781,0.04704240,-1.00000000,-0.95379823,0.74543715
2770,0.00723056,0.66779807,1.00000000,0.11189884,0.92430169
2771,-0.00038387,-0.02826373,-1.00000000,-0.81327575,0.66572888
2772,0.00234826,0.48374002,1.00000000,-0.23155647,0.76735666
2773,0.01355395,0.04999961,-1.00000000,-0.95931641,0.88023285
2774,-0.00108810,0.20562994,1.00000000,-0.75051443,0.90467973
2775,-0.00064146,0.84393848,1.00000000,0.44057973,0.61732288
2776,0.00444774,0.00988501,-1.00000000,-0.88446193,0.79369413
2777,-0.00316085,0.03532700,-1.00000000,-0.93193709,0.59259179
2778,0.00395294,0.32522242,1.00000000,-0.52735291,0.24212047
2779,0.00199741,-0.10818512,-1.00000000,-0.66414113,0.35475267
2780,0.00003158,0.29703694,1.00000000,-0.57994748,0.37932078
2781,-0.00214920,0.18564468,1.00000000,-0.78780725,0.13850877
2782,0.00089143,0.07366491,1.00000000,-0.99676333,0.28643156
2783,-0.00033344,-0.05055857,-1.00000000,-0.77167321,0.12996359
2784,0.00165081,0.12264461,1.00000000,-0.90536641,0.11731130
2785,0.00060996,0.05287268,-1.00000000,-0.96467762,0.13842416
2786,0.00351615,0.16590110,1.00000000,-0.82464910,0.34522974
2787,-0.00161358,0.10661100,1.00000000,-0.93528539,0.25378808
2788,-0.00121266,0.27215625,1.00000000,-0.62637526,0.22169332
2789,-0.00368948,-0.02004777,-1.00000000,-0.82860687,0.02675353
2790,-0.00366268,0.00278964,-1.00000000,-0.87122184,-0.12921285
2791,0.00194496,-0.13829747,-1.00000000,-0.60795100,-0.18656699
2792,-0.00319128,-0.13677055,-1.00000000,-0.61080025,-0.24415874
2793,-0.00143443,0.18265658,1.00000000,-0.79338310,-0.25225434
2794,0.00021684,-0.10991823,-1.00000000,-0.66090712,-0.10965959
2795,0.00295788,-0.00984333,-1.00000000,-0.84764851,0.13201430
2796,0.00043990,0.08421799,1.00000000,-0.97707111,0.07707442
2797,0.00135402,0.24035539,1.00000000,-0.68571617,0.24299389
2798,-0.00623122,0.09692430,1.00000000,-0.95336094,0.06789402
2799,-0.01846238,0.14899486,1.00000000,-0.85619641,-0.61396443
2800,-0.00503760,-0.28308222,-1.00000000,-0.33778030,-0.90582797
2801,0.00215272,-0.97980469,-1.00000000,0.96231523,-0.84330415
2802,-0.00617705,-0.21509020,-1.00000000,-0.46465450,-1.11821512
2803,0.00261811,0.19449111,1.00000000,-0.77129967,-0.79518300
2804,0.00225371,-0.27999668,-1.00000000,-0.34353796,-0.03897153
2805,0.00159193,0.22100115,1.00000000,-0.72183150,0.20302991
2806,0.00284088,0.20024399,1.00000000,-0.76056471,0.22815042
2807,-0.00138826,0.16254687,1.00000000,-0.83090814,0.40295843
2808,0.00465753,0.23369101,1.00000000,-0.69815201,0.47740457
2809,0.00507536,-0.00721323,-1.00000000,-0.85255632,0.58040504
2810,-0.00385287,0.33717245,1.00000000,-0.50505396,0.38165069
2811,0.00388717,0.36097358,1.00000000,-0.46064066,0.41984399
2812,-0.00208815,-0.14760421,-1.00000000,-0.59058447,0.39429552
2813,-0.00225196,0.29329068,1.00000000,-0.58693807,0.14207460
2814,-0.00811008,-0.04708096,-1.00000000,-0.77816250,-0.33924126
2815,-0.00924454,-0.05641185,-1.00000000,-0.76075090,-0.53605651
2816,0.00800344,-0.39010752,-1.00000000,-0.13806932,-0.38579807
2817,-0.00289189,-0.45472939,-1.00000000,-0.01748387,-0.41513734
2818,0.00065936,0.52776513,1.00000000,-0.14940491,-0.30886372
2819,0.00588392,-0.09286413,-1.00000000,-0.69273034,0.20196737
2820,0.00202399,0.10942543,1.00000000,-0.93003363,0.61330868
2821,-0.00733010,0.40703134,1.00000000,-0.37469614,0.05357989
2822,-0.00208979,0.18715822,1.00000000,-0.78498296,0.08285920
2823,-0.00256704,-0.34567735,-1.00000000,-0.22097675,-0.03491617
2824,-0.00490250,-0.04717452,-1.00000000,-0.77798792,-0.42865891
2825,-0.00270417,-0.07436003,-1.00000000,-0.72725930,-0.60125336
2826,-0.00169389,-0.20739415,-1.00000000,-0.47901546,-0.39551151
2827,0.00265846,-0.08217101,-1.00000000,-0.71268389,-0.22218319
2828,-0.00404446,-0.02462245,-1.00000000,-0.82007043,-0.27611418
2829,0.00619634,0.22329990,1.00000000,-0.71754200,0.12903296
2830,-0.00558465,-0.15851796,-1.00000000,-0.57021923,0.02388503
2831,0.00526201,0.42482761,1.00000000,-0.34148801,0.27780016
2832,0.00048080,-0.24625167,-1.00000000,-0.40650670,0.19830763
2833,0.00346567,0.37160563,1.00000000,-0.44080109,0.47245430
2834,0.00068083,0.09925384,1.00000000,-0.94901397,0.27111832
2835,-0.00061584,0.26928091,1.00000000,-0.63174069,0.45249768
2836,0.00660617,0.11064795,1.00000000,-0.92775237,0.50156420
2837,-0.00289372,0.03678619,-1.00000000,-0.93465996,0.37838224
2838,0.00105049,0.44817268,1.00000000,-0.29792571,0.29021940
2839,0.00535513,-0.09296847,-1.00000000,-0.69253566,0.46084821
2840,0.00141048,0.13170504,1.00000000,-0.88845950,0.53481626
2841,-0.00128875,0.37690986,1.00000000,-0.43090329,0.24662334
2842,-0.00108000,0.15221144,1.00000000,-0.85019423,0.31283042
2843,0.00039579,-0.00154501,-1.00000000,-0.86313332,0.28893169
2844,0.00343613,0.01034600,-1.00000000,-0.88532214,0.21888123
2845,0.00445570,0.09441168,1.00000000,-0.95804952,0.33004232
2846,0.00009936,0.26759791,1.00000000,-0.63488118,0.38071357
2847,-0.00133569,0.32567548,1.00000000,-0.52650749,0.37138010
2848,-0.00025714,0.07752617,1.00000000,-0.98955815,0.34754567
2849,-0.00124630,-0.00421865,-1.00000000,-0.85814427,0.17662048
2850,0.00131394,0.05721866,-1.00000000,-0.97278728,0.06193523
2851,-0.00082736,0.00087353,-1.00000000,-0.86764635,0.02810657
2852,-0.00048843,0.14671209,1.00000000,-0.86045611,0.05903480
2853,-0.00458867,0.02473741,-1.00000000,-0.91217674,-0.09908146
2854,0.00025635,0.04404407,-1.00000000,-0.94820328,-0.04422940
2855,0.00187958,-0.18951772,-1.00000000,-0.51237317,-0.02358175
2856,-0.00237842,0.08646875,1.00000000,-0.97287116,-0.08020086
2857,0.00139277,0.17893222,1.00000000,-0.80033280,-0.01153053
2858,0.00328982,-0.06361527,-1.00000000,-0.74730920,0.27606265
2859,0.00033720,0.15120236,1.00000000,-0.85207718,0.27901374
2860,0.00297981,0.25926410,1.00000000,-0.65043222,0.31917606
2861,-0.00244093,0.09107385,1.00000000,-0.96427797,0.31689423
2862,0.00024552,0.24160450,1.00000000,-0.68338531,0.27501539
2863,-0.00045771,-0.06717601,-1.00000000,-0.74066480,0.13821685
2864,-0.00016323,0.08585150,1.00000000,-0.97402295,0.11994946
2865,-0.00259258,0.04579347,-1.00000000,-0.95146769,-0.08346250
2866,0.00153220,0.06256805,-1.00000000,-0.98276934,0.06157089
2867,-0.00553244,-0.07581466,-1.00000000,-0.72454494,-0.14934512
2868,-0.00100632,0.15914489,1.00000000,-0.83725630,-0.16937116
2869,-0.00039374,-0.24327754,-1.00000000,-0.41205647,-0.17778542
2870,0.00029719,0.01454334,-1.00000000,-0.89315445,-0.07229855
2871,0.00058707,0.04943781,-1.00000000,-0.95826810,-0.10679945
2872,-0.00060923,0.08879491,1.00000000,-0.96853051,0.07291516
2873,-0.00037064,0.10530711,1.00000000,-0.93771848,0.09611969
2874,-0.00219863,0.03716252,-1.00000000,-0.93536221,0.03023465
2875,0.00263346,0.05075342,-1.00000000,-0.96072304,0.11551706
2876,0.00147986,-0.05337411,-1.00000000,-0.76641937,0.14810710
2877,0.00279375,0.22187593,1.00000000,-0.72019915,0.27232824
2878,0.00548206,0.15616304,1.00000000,-0.84282048,0.48597264
2879,-0.00168383,0.23100643,1.00000000,-0.70316148,0.50476455
2880,-0.00330980,0.38414004,1.00000000,-0.41741166,0.28781427
2881,0.00304444,-0.02404981,-1.00000000,-0.82113899,0.34492710
2882,-0.00237891,-0.11666944,-1.00000000,-0.64830925,0.15610644
2883,-0.00012020,0.24528615,1.00000000,-0.67651530,-0.04839607
2884,-0.00072504,-0.06364338,-1.00000000,-0.74725674,-0.01339674
2885,0.00139030,0.06501911,-1.00000000,-0.98734305,0.15817370
2886,0.00008561,0.03056574,-1.00000000,-0.92305251,0.05016580
2887,0.00108699,0.15106185,1.00000000,-0.85233939,0.17668354
2888,0.00232636,0.07674259,1.00000000,-0.99102033,0.26599167
2889,0.00914059,0.13378431,1.00000000,-0.88457956,0.62612229
2890,0.00097646,0.20438216,1.00000000,-0.75284281,0.61101573
2891,-0.00101278,0.59254039,1.00000000,-0.02853322,0.57092059
2892,-0.00237026,0.12748844,1.00000000,-0.89632774,0.44471876
2893,-0.00379132,0.01417515,-1.00000000,-0.89246740,0.22140170
2894,-0.00201489,-0.06315043,-1.00000000,-0.74817660,-0.18581309
2895,0.00080931,-0.14409841,-1.00000000,-0.59712635,-0.19191493
2896,0.00093298,-0.04290789,-1.00000000,-0.78594951,-0.12088749
2897,0.00064262,0.11796668,1.00000000,-0.91409551,-0.01090686
2898,-0.00274677,0.12501166,1.00000000,-0.90094946,0.02722279
2899,0.00189231,0.10847153,1.00000000,-0.93181360,0.16984958
2900,0.00152856,-0.08459806,-1.00000000,-0.70815497,0.19610478
2901,0.00604449,0.17965757,1.00000000,-0.79897929,0.38269293
2902,0.00338598,0.15893725,1.00000000,-0.83764376,0.48283557
2903,0.00206077,0.41617769,1.00000000,-0.35762889,0.65832805
2904,-0.00061767,0.26474157,1.00000000,-0.64021116,0.56670502
2905,0.00343539,0.18925346,1.00000000,-0.78107321,0.63631118
2906,0.00310111,0.03668218,-1.00000000,-0.93446589,0.52886724
2907,-0.00232768,0.26755588,1.00000000,-0.63495962,0.32029827
2908,0.00495240,0.24851416,1.00000000,-0.67049177,0.42585323
2909,0.00178123,-0.06072498,-1.00000000,-0.75270254,0.51342154
2910,0.00331039,0.35396928,1.00000000,-0.47371080,0.50885874
2911,0.00061893,0.17333030,1.00000000,-0.81078608,0.41825055
2912,-0.00192559,0.26043573,1.00000000,-0.64824592,0.43292817
2913,-0.00208066,0.10712241,1.00000000,-0.93433109,0.17619633
2914,0.00142667,-0.03782094,-1.00000000,-0.79544185,0.16325351
2915,0.00279983,-0.04665419,-1.00000000,-0.77895886,0.14461619
2916,-0.00191240,0.15313336,1.00000000,-0.84847392,0.05221351
2917,-0.00056198,0.23135268,1.00000000,-0.70251538,0.10198999
2918,-0.00176920,-0.03706961,-1.00000000,-0.79684383,0.11335941
2919,0.00099093,0.03985399,-1.00000000,-0.94038452,0.09745346
2920,-0.00029818,-0.02891249,-1.00000000,-0.81206515,-0.01563519
2921,-0.00129532,0.12831253,1.00000000,-0.89478999,0.00689031
2922,0.00192481,0.05488073,-1.00000000,-0.96842468,0.09766699
2923,-0.00123396,-0.00191916,-1.00000000,-0.86243516,0.11720519
2924,0.00166218,0.18150868,1.00000000,-0.79552511,0.14170811
2925,0.00470578,0.00157637,-1.00000000,-0.86895787,0.32437056
2926,-0.00384395,0.16654870,1.00000000,-0.82344066,0.23133651
2927,-0.00200725,0.33992083,1.00000000,-0.49992544,0.08780232
2928,0.00047865,-0.14709642,-1.00000000,-0.59153202,0.15031872
2929,-0.00233155,-0.04247276,-1.00000000,-0.78676146,0.00453339
2930,0.00208540,0.09913162,1.00000000,-0.94924204,-0.09111988
2931,0.00451135,-0.06094557,-1.00000000,-0.75229090,0.21387832
2932,-0.00124971,0.19065634,1.00000000,-0.77845541,0.24153132
2933,0.00052112,0.32884548,1.00000000,-0.52059223,0.24308135
2934,0.00139273,0.00067904,-1.00000000,-0.86728343,0.37903096
2935,0.00039117,0.10155040,1.00000000,-0.94472856,0.31718580
2936,-0.00124638,0.15120032,1.00000000,-0.85208099,0.10700827
2937,-0.00023147,0.09414856,1.00000000,-0.95854051,0.14417768
2938,-0.00020106,0.00086881,-1.00000000,-0.86763755,0.11781566
2939,0.00087498,0.05868094,-1.00000000,-0.97551593,0.09891597
2940,-0.00124878,0.06041315,-1.00000000,-0.97874826,0.03905174
2941,-0.00827133,0.12170783,1.00000000,-0.90711446,-0.21738409
2942,0.00278224,0.00073196,-1.00000000,-0.86738219,-0.10737278
2943,0.00002709,-0.39929276,-1.00000000,-0.12092952,-0.09904436
2944,0.00585367,0.23035078,1.00000000,-0.70438494,0.08269561
2945,0.00617350,0.07340944,1.00000000,-0.99724004,0.35363528
2946,0.00032323,0.40530840,1.00000000,-0.37791117,0.66736761
2947,-0.00122717,0.42352641,1.00000000,-0.34391606,0.52100989
2948,-0.00301224,0.09027851,1.00000000,-0.96576208,0.41006352
2949,0.00004493,0.00196330,-1.00000000,-0.86967988,0.19802345
2950,0.00026675,-0.09971952,-1.00000000,-0.67993808,-0.01759390
2951,-0.00256254,0.07442528,1.00000000,-0.99534447,-0.12293509
2952,0.00051260,0.08706104,1.00000000,-0.97176593,-0.05942745
2953,0.00075188,-0.07410372,-1.00000000,-0.72773759,0.07797610
2954,0.00178539,0.10106534,1.00000000,-0.94563368,0.14150913
2955,0.00176785,0.11469520,1.00000000,-0.92020013,0.19630461
2956,-0.00102110,0.17356696,1.00000000,-0.81034448,0.25257272
2957,-0.00088750,0.17256799,1.00000000,-0.81220857,0.20146421
2958,0.00304008,0.01370123,-1.00000000,-0.89158305,0.28499185
2959,0.00211516,0.02131181,-1.00000000,-0.90578453,0.29702983
2960,-0.00052815,0.24503796,1.00000000,-0.67697843,0.21321758
2961,-0.00225162,0.19235193,1.00000000,-0.77529142,0.16829945
2962,-0.00005798,0.04178110,-1.00000000,-0.94398055,0.19857982
2963,-0.00299623,-0.05639237,-1.00000000,-0.76078726,-0.02176719
2964,-0.00117208,0.06856356,-1.00000000,-0.99395706,-0.14176311
2965,-0.00204376,-0.09880791,-1.00000000,-0.68163915,-0.19708825
2966,-0.00040355,0.00510135,-1.00000000,-0.87553554,-0.12962709
2967,-0.00403991,-0.04455237,-1.00000000,-0.78288089,-0.27498167
2968,-0.00312772,0.04887905,-1.00000000,-0.95722544,-0.27978144
2969,0.00190054,-0.15825854,-1.00000000,-0.57070332,-0.16761982
2970,-0.00597223,-0.10629784,-1.00000000,-0.66766283,-0.31102283
2971,0.00066407,0.18012670,1.00000000,-0.79810390,-0.27205109
2972,-0.00041889,-0.26832910,-1.00000000,-0.36530985,-0.13987110
2973,0.00324084,0.10969345,1.00000000,-0.92953349,0.09260412
2974,0.00163377,0.04800496,-1.00000000,-0.95559438,0.08286578
2975,0.00089430,0.25647380,1.00000000,-0.65563895,0.33351866
2976,-0.00016156,0.16493027,1.00000000,-0.82646069,0.30338041
2977,0.00276359,0.12280832,1.00000000,-0.90506093,0.41955239
2978,0.00207737,0.06266347,-1.00000000,-0.98294740,0.37708156
2979,0.00164633,0.22928837,1.00000000,-0.70636741,0.37754014
2980,-0.00007042,0.19019916,1.00000000,-0.77930853,0.34232411
2981,-0.00105261,0.16564587,1.00000000,-0.82512536,0.30979748
2982,-0.00219379,0.06785461,-1.00000000,-0.99263415,0.12883537
2983,-0.00142915,0.01190649,-1.00000000,-0.88823403,0.00083505
2984,0.00602114,-0.05309837,-1.00000000,-0.76693390,0.16053140
2985,0.00016213,-0.00954208,-1.00000000,-0.84821066,0.16902059
2986,0.00682394,0.41484794,1.00000000,-0.36011023,0.45654282
2987,-0.00162320,0.08110179,1.00000000,-0.98288600,0.47737127
2988,0.00032612,0.46057758,1.00000000,-0.27477798,0.54144459
2989,0.00076024,-0.02059611,-1.00000000,-0.82758366,0.34940270
2990,0.00058613,0.09044270,1.00000000,-0.96545570,0.36487992
2991,0.00023630,0.11517147,1.00000000,-0.91931142,0.12440763
2992,0.00039377,0.10525361,1.00000000,-0.93781831,0.19803425
2993,-0.00047521,0.08532671,1.00000000,-0.97500223,0.16878299
2994,-0.00152469,0.09429635,1.00000000,-0.95826472,0.08537497
2995,0.00574254,0.04479686,-1.00000000,-0.94960801,0.27360244
2996,-0.00124501,-0.01498462,-1.00000000,-0.83805478,0.21952914
2997,0.00108318,0.39897777,1.00000000,-0.38972423,0.24469501
2998,-0.00151888,0.00094671,-1.00000000,-0.86778291,0.20659748
2999,-0.00025846,0.13356704,1.00000000,-0.88498498,0.25281936
3000,0.00367680,-0.01465335,-1.00000000,-0.83867295,0.17741252
3001,0.00306757,0.05714343,-1.00000000,-0.97264691,0.33483715
3002,0.00075656,0.28130732,1.00000000,-0.60929920,0.32291434
3003,0.01173873,0.24660381,1.00000000,-0.67405652,0.80686420
3004,0.00017547,0.11496181,1.00000000,-0.91970264,0.82270426
3005,0.00012994,0.74053805,1.00000000,0.24763283,0.69323120
3006,-0.00018478,0.08186143,1.00000000,-0.98146849,0.57450874
3007,-0.00050602,0.07926793,1.00000000,-0.98630801,0.52842030
3008,-0.00125933,0.06134043,-1.00000000,-0.98047859,0.05394469
3009,0.00972911,0.04304199,-1.00000000,-0.94633339,0.40268672
3010,-0.00213128,0.00013098,-1.00000000,-0.86626074,0.32014406
3011,-0.00210620,0.62606446,1.00000000,0.03402325,0.25000544
3012,-0.00190793,-0.04953779,-1.00000000,-0.77357801,0.19883074
3013,-0.00031162,-0.04810908,-1.00000000,-0.77624400,0.23342547
3014,-0.00212966,-0.03681483,-1.00000000,-0.79731926,-0.19946199
3015,-0.00207808,0.05411517,-1.00000000,-0.96699612,-0.19751980
3016,-0.00655464,-0.04944536,-1.00000000,-0.77375048,-0.35990360
3017,0.00041569,-0.04650704,-1.00000000,-0.77923344,-0.27508318
3018,0.00013531,-0.30150486,-1.00000000,-0.30340333,-0.25876843
3019,0.00508314,0.09554528,1.00000000,-0.95593421,0.00452437
3020,-0.00046886,0.07957391,1.00000000,-0.98573704,0.06326645
3021,0.00275510,0.36141633,1.00000000,-0.45981449,0.40310513
3022,0.00007378,0.04515848,-1.00000000,-0.95028280,0.39062418
3023,-0.00469429,0.22880471,1.00000000,-0.70726993,0.21432664
3024,0.00248954,0.07606906,1.00000000,-0.99227714,0.11965123
3025,-0.00032236,-0.19553390,-1.00000000,-0.50114689,0.12499900
3026,0.00428954,0.21367778,1.00000000,-0.73549703,0.18101136
3027,-0.00064086,0.05350354,-1.00000000,-0.96585482,0.15492422
3028,-0.00494815,0.31621057,1.00000000,-0.54416917,0.14565724
3029,-0.00613080,0.03536075,-1.00000000,-0.93200007,-0.16901594
3030,0.00242382,-0.20999479,-1.00000000,-0.47416262,-0.06877048
3031,-0.00125772,-0.27736168,-1.00000000,-0.34845491,-0.27126508
3032,0.00120421,0.20993402,1.00000000,-0.74248294,-0.20391326
3033,-0.00552610,0.00022291,-1.00000000,-0.86643230,-0.22501063
3034,-0.00035443,0.14046154,1.00000000,-0.87211973,-0.01415273
3035,-0.00196994,-0.24291669,-1.00000000,-0.41272982,-0.17454059
3036,0.00319516,0.05167668,-1.00000000,-0.96244587,-0.01199458
3037,-0.00523104,-0.04034714,-1.00000000,-0.79072791,-0.24690422
3038,0.00242174,0.25387181,1.00000000,-0.66049431,0.04322052
3039,-0.00687318,-0.22610896,-1.00000000,-0.44409333,-0.19473722
3040,-0.00119270,0.20981556,1.00000000,-0.74270400,-0.16636529
3041,0.00285544,-0.31965029,-1.00000000,-0.26954368,-0.17876649
3042,-0.00173506,0.00392654,-1.00000000,-0.87334332,-0.05115088
3043,-0.00169768,0.23452006,1.00000000,-0.69660500,-0.20152448
3044,0.00322939,-0.02696806,-1.00000000,-0.81569349,0.16725570
3045,0.00260526,-0.02483861,-1.00000000,-0.81966709,0.30589475
3046,-0.00081145,0.25582176,1.00000000,-0.65685567,0.17204021
3047,-0.01012448,0.22026924,1.00000000,-0.72319725,-0.13420342
3048,-0.00248750,0.02564347,-1.00000000,-0.91386746,-0.16303481
3049,-0.00145053,-0.50485343,-1.00000000,0.07604840,-0.33386885
3050,-0.00087038,-0.06982926,-1.00000000,-0.73571380,-0.46074212
3051,-0.00364400,-0.01076039,-1.00000000,-0.84593728,-0.56414014
3052,0.00205222,0.02228675,-1.00000000,-0.90760377,-0.11964703
3053,-0.00931277,-0.13570651,-1.00000000,-0.61278577,-0.36879361
3054,0.00294708,0.18876672,1.00000000,-0.78198147,-0.20826506
3055,0.00863085,-0.45861613,-1.00000000,-0.01023115,0.13856371
3056,0.00101462,0.23974030,1.00000000,-0.68686394,0.30861997
3057,0.00002408,0.56350419,1.00000000,-0.08271523,0.23458548
3058,-0.00096255,0.12966194,1.00000000,-0.89227196,0.53939837
3059,0.00092386,0.07323779,1.00000000,-0.99756035,0.46554349
3060,0.00289830,0.01703659,-1.00000000,-0.89780689,0.25628491
3061,0.00135350,0.12449166,1.00000000,-0.90191979,0.26865537
3062,-0.01351618,0.23696152,1.00000000,-0.69204919,-0.22561235
3063,0.00096553,0.14896573,1.00000000,-0.85625077,-0.15523057
3064,-0.00479261,-0.69805436,-1.00000000,0.43656450,-0.36390181
3065,-0.00316538,0.12686557,1.00000000,-0.89749004,-0.58524757
3066,-0.00372869,-0.20113449,-1.00000000,-0.49069610,-0.77076567
3067,0.00036429,-0.10844288,-1.00000000,-0.66366015,-0.26407891
3068,0.00335002,-0.14053054,-1.00000000,-0.60378406,-0.17703655
