seq_idx,target_return,feat_logret,feat_sign,feat_absret,feat_rollmean
0,-0.00165290,-0.09827623,-1.00000000,-0.92272834,-0.01924230
1,0.00055799,-0.05773352,-1.00000000,-0.99941125,0.00517796
2,0.00220214,-0.12325774,-1.00000000,-0.87547806,0.07267310
3,-0.00236535,-0.03519035,1.00000000,-0.95796968,0.02274617
4,0.00038093,0.03030164,1.00000000,-0.83409746,0.03723955
5,-0.00109950,-0.15163700,-1.00000000,-0.82180123,0.05786496
6,-0.00044419,-0.04224332,1.00000000,-0.97130974,0.02051348
7,0.00087666,-0.10121377,-1.00000000,-0.91717225,-0.02888736
8,0.00038927,-0.07511076,-1.00000000,-0.96654375,0.07377731
9,-0.00004715,-0.02249686,1.00000000,-0.93396108,0.05782265
10,0.00123616,-0.04191133,1.00000000,-0.97068181,0.14487276
11,-0.00180961,-0.05929530,-1.00000000,-0.99645728,0.09398345
12,0.00206760,-0.00817660,1.00000000,-0.90687559,0.13836998
13,0.00043096,-0.12950010,-1.00000000,-0.86367120,0.13992376
14,0.00107806,0.02494246,1.00000000,-0.84423387,0.18186038
15,0.00195543,-0.04025068,1.00000000,-0.96754084,0.20866737
16,0.00356050,-0.01447439,1.00000000,-0.91878731,0.40881160
17,-0.00018995,0.02047411,1.00000000,-0.85268534,0.32467242
18,0.00041225,0.08440951,1.00000000,-0.73175727,0.32397536
19,-0.00038374,-0.06498360,-1.00000000,-0.98569837,0.26949396
20,-0.00262741,-0.04099568,1.00000000,-0.96894995,0.09869155
21,0.00087116,-0.07270288,-1.00000000,-0.97109805,-0.00154017
22,0.00070813,-0.16207563,-1.00000000,-0.80205751,0.03193149
23,-0.00034731,-0.02271587,1.00000000,-0.93437532,0.00362266
24,0.00154140,-0.02920985,1.00000000,-0.94665811,0.07537263
25,0.00155649,-0.07125152,-1.00000000,-0.97384316,0.23130657
26,-0.00268382,0.00398186,1.00000000,-0.88387896,0.09881217
27,0.00035381,0.00458303,1.00000000,-0.88274190,0.08560639
28,0.00261732,-0.16432287,-1.00000000,-0.79780705,0.19609819
29,0.00002311,-0.04332389,1.00000000,-0.97335355,0.13951156
30,-0.00160348,0.04683961,1.00000000,-0.80281737,0.02173945
31,0.00056789,-0.05649664,1.00000000,-0.99826863,0.14293107
32,0.00020099,-0.12128913,-1.00000000,-0.87920151,0.13723551
33,-0.00146704,-0.03479601,1.00000000,-0.95722383,-0.01498881
34,0.00043808,-0.04941119,1.00000000,-0.98486712,0.00047707
35,0.00267569,-0.11585429,-1.00000000,-0.88948103,0.15996171
36,-0.00118843,-0.03996706,1.00000000,-0.96700441,0.09450330
37,-0.00030450,0.04916444,1.00000000,-0.79842017,0.07566398
38,0.00326046,-0.10475648,-1.00000000,-0.91047154,0.25185804
39,0.00167880,-0.06954622,-1.00000000,-0.97706858,0.29809965
40,0.00240182,0.07245793,1.00000000,-0.75436262,0.28789247
41,0.00103413,0.00945492,1.00000000,-0.87352716,0.37072734
42,-0.00866690,0.03825523,1.00000000,-0.81905396,0.05906022
43,-0.00060447,-0.01622445,1.00000000,-0.92209738,-0.08498584
44,0.00045030,-0.40264896,-1.00000000,-0.34703462,-0.13077170
45,0.00615493,-0.08149522,-1.00000000,-0.95446811,0.00910691
46,-0.00269713,-0.03947998,1.00000000,-0.96608313,-0.12995708
47,-0.00015559,0.18775431,1.00000000,-0.53628985,0.18725964
48,0.00045414,-0.16485288,-1.00000000,-0.79680459,0.22671415
49,-0.00051979,-0.06361494,-1.00000000,-0.98828707,0.19055862
50,0.00472468,-0.03932714,1.00000000,-0.96579405,0.13725308
51,-0.00193019,-0.07812219,-1.00000000,-0.96084791,0.16583679
52,0.00018823,0.13078256,1.00000000,-0.64404681,0.17865123
53,0.00036459,-0.13430325,-1.00000000,-0.85458647,0.17531356
54,0.00097737,-0.04991916,1.00000000,-0.98582790,0.23111286
55,0.00012367,-0.04289437,1.00000000,-0.97254115,0.05963331
56,0.00008904,-0.01848516,1.00000000,-0.92637331,0.13489040
57,0.00368721,-0.05249089,1.00000000,-0.99069211,0.26529718
58,0.00100457,-0.05387018,1.00000000,-0.99330090,0.28914941
59,0.00191101,0.08945665,1.00000000,-0.72221107,0.32394620
60,-0.00134495,-0.01740165,1.00000000,-0.92432395,0.26921049
61,0.00089250,0.01870486,1.00000000,-0.85603173,0.29915539
62,-0.00380854,-0.11099117,-1.00000000,-0.89867917,0.01978891
63,0.00373301,-0.02186575,1.00000000,-0.93276740,0.12147790
64,-0.00643410,-0.20912391,-1.00000000,-0.71306991,-0.18954447
65,0.00111275,0.09128124,1.00000000,-0.71876002,-0.09794578
66,-0.00269574,-0.31370878,-1.00000000,-0.51525699,-0.23167958
67,-0.00482053,-0.01309257,1.00000000,-0.91617372,-0.26939658
68,-0.00773525,-0.16479740,-1.00000000,-0.79690951,-0.69681906
69,0.00334259,-0.24943498,-1.00000000,-0.63682513,-0.33244163
70,0.00655978,-0.36553821,-1.00000000,-0.41722628,-0.12943056
71,-0.00805290,0.07572954,1.00000000,-0.74817466,-0.32909220
72,0.00051886,0.20388105,1.00000000,-0.50578757,-0.13009321
73,-0.00291004,-0.37819124,-1.00000000,-0.39329422,0.04974258
74,0.00124018,-0.03674937,1.00000000,-0.96091842,-0.02861429
75,0.00025000,-0.17333380,-1.00000000,-0.78076368,-0.26378003
76,0.00193971,-0.00801651,1.00000000,-0.90657280,0.10864479
77,-0.00097162,-0.04745875,1.00000000,-0.98117426,0.05309472
78,0.00084184,0.01984796,1.00000000,-0.85386966,0.19292748
79,0.00465877,-0.09612003,-1.00000000,-0.92680661,0.32033836
80,-0.00314275,-0.02388371,1.00000000,-0.93658419,0.19389026
81,-0.00315178,0.12815734,1.00000000,-0.64901218,0.00413051
82,0.00313381,-0.18260361,-1.00000000,-0.76323068,0.15714005
83,0.00170055,-0.18296295,-1.00000000,-0.76255100,0.18914398
84,-0.00040873,0.06741310,1.00000000,-0.76390447,0.00027806
85,0.00169835,0.01032137,1.00000000,-0.87188836,0.18070622
86,0.00370464,-0.07369828,-1.00000000,-0.96921534,0.43624500
87,-0.00157131,0.01023392,1.00000000,-0.87205375,0.26088510
88,-0.00216455,0.09015109,1.00000000,-0.72089760,0.11683280
89,-0.00063435,-0.12000759,-1.00000000,-0.88162543,0.10842408
90,0.00019655,-0.14363846,-1.00000000,-0.83692975,0.05245202
91,0.00255380,-0.08268532,-1.00000000,-0.95221715,0.00956037
92,0.00581275,-0.04958774,1.00000000,-0.98520106,0.28476425
93,-0.00334179,0.04430947,1.00000000,-0.80760291,0.24088864
94,0.00436003,0.17412408,1.00000000,-0.56207022,0.42702906
95,-0.00283301,-0.19053172,-1.00000000,-0.74823537,0.31411700
96,-0.00383891,0.11625733,1.00000000,-0.67151998,0.07586023
97,0.00719516,-0.17026560,-1.00000000,-0.78656691,0.12738267
98,-0.00613159,-0.21033396,-1.00000000,-0.71078120,0.02340657
99,0.00256520,0.22919009,1.00000000,-0.45791779,-0.04348663
100,0.00057873,-0.30165901,-1.00000000,-0.53804805,0.08366916
101,0.01466552,0.04476340,1.00000000,-0.80674434,0.77332980
102,0.00227897,-0.03436437,1.00000000,-0.95640742,0.59010323
103,-0.00732953,0.52675967,1.00000000,0.10490837,0.54545620
104,0.00345576,0.03336170,1.00000000,-0.82830964,0.57864741
105,0.00232624,-0.34937675,-1.00000000,-0.44779424,0.64377707
106,-0.00033617,0.08023742,1.00000000,-0.73964841,0.08466375
107,0.00087660,0.03524473,1.00000000,-0.82474805,0.03239744
108,0.00136428,-0.07080796,-1.00000000,-0.97468211,0.35641581
109,-0.00073180,-0.02249934,1.00000000,-0.93396578,0.20034535
110,-0.00369001,-0.00307327,1.00000000,-0.89722311,-0.02388043
111,0.00146555,-0.08656714,-1.00000000,-0.94487503,0.04326987
112,-0.00121114,-0.20440269,-1.00000000,-0.72199967,-0.03454012
113,-0.00276791,0.00096075,1.00000000,-0.88959313,-0.18854705
114,-0.00348944,-0.10566090,-1.00000000,-0.90876091,-0.29132446
115,-0.00276313,-0.16767238,-1.00000000,-0.79147176,-0.25677955
116,0.00016219,-0.19641331,-1.00000000,-0.73711086,-0.30535584
117,-0.00616778,-0.16748188,-1.00000000,-0.79183207,-0.49008983
118,-0.00113886,-0.05095649,1.00000000,-0.98778992,-0.42937517
119,-0.00143046,-0.30310039,-1.00000000,-0.53532182,-0.35263676
120,0.00075644,-0.10278193,-1.00000000,-0.91420622,-0.22146229
121,-0.00169538,-0.11439704,-1.00000000,-0.89223728,-0.29069407
122,0.00333751,-0.02728558,1.00000000,-0.94301852,0.06356820
123,-0.00111672,-0.12494985,-1.00000000,-0.87227758,0.06439347
124,0.00371955,0.07552709,1.00000000,-0.74855757,0.25633453
125,0.00818338,-0.10189990,-1.00000000,-0.91587449,0.53313668
126,0.00531471,0.09074522,1.00000000,-0.71977386,0.79440293
127,0.00373297,0.26855427,1.00000000,-0.38346398,0.80914172
128,-0.00003770,0.15428559,1.00000000,-0.59959295,0.84935694
129,-0.00155743,0.09127959,1.00000000,-0.71876315,0.65268355
130,-0.00775263,-0.05891880,-1.00000000,-0.99716940,0.05874814
131,0.00289385,-0.11945484,-1.00000000,-0.88267091,-0.03147752
132,0.00280516,-0.36623041,-1.00000000,-0.41591704,-0.06605715
133,0.00172063,0.05785444,1.00000000,-0.78198380,-0.00052415
134,-0.00310532,0.05432167,1.00000000,-0.78866573,-0.05821399
135,0.00432500,0.01112138,1.00000000,-0.87037519,0.39191956
136,0.00254201,-0.18111242,-1.00000000,-0.76605111,0.37880648
137,-0.00220143,0.11486211,1.00000000,-0.67415892,0.19221097
138,-0.00149402,0.04383948,1.00000000,-0.80849184,0.07240067
139,-0.00166342,-0.14510738,-1.00000000,-0.83415142,0.12614015
140,-0.00560195,-0.11692915,-1.00000000,-0.88744802,-0.24383762
141,0.00251667,-0.12367689,-1.00000000,-0.87468527,-0.24478183
142,0.00081808,-0.28056173,-1.00000000,-0.57795167,-0.13224484
143,0.00078539,0.04283033,1.00000000,-0.81040057,-0.04729110
144,-0.00642128,-0.02483039,1.00000000,-0.93837476,-0.22461642
145,-0.00017388,-0.02613253,1.00000000,-0.94083762,-0.02231198
146,0.00149574,-0.31319816,-1.00000000,-0.51622279,-0.06036211
147,-0.00303424,-0.06434333,-1.00000000,-0.98690937,-0.20393795
148,-0.00324037,0.00216321,1.00000000,-0.88731877,-0.35397791
149,-0.00102894,-0.17828099,-1.00000000,-0.77140651,-0.15300533
150,0.00180440,-0.18649183,-1.00000000,-0.75587644,-0.07927496
151,-0.00243660,-0.09840323,-1.00000000,-0.92248814,-0.22583323
152,0.00056343,0.01445801,1.00000000,-0.86406427,-0.09174803
153,-0.00616263,-0.15447494,-1.00000000,-0.81643352,-0.20066093
154,-0.00220597,-0.03497377,1.00000000,-0.95756004,-0.24452880
155,-0.00151844,-0.30289547,-1.00000000,-0.53570941,-0.36837092
156,0.00183800,-0.14528821,-1.00000000,-0.83380939,-0.20905655
157,-0.00855960,-0.11790164,-1.00000000,-0.88560863,-0.54907204
158,-0.00129452,0.01579664,1.00000000,-0.86153237,-0.36763724
159,-0.00331197,-0.39837460,-1.00000000,-0.35511919,-0.40885785
160,-0.00002214,-0.10898208,-1.00000000,-0.90247919,-0.35309063
161,-0.00177612,-0.18934386,-1.00000000,-0.75048209,-0.48778887
162,0.00157999,-0.05829891,-1.00000000,-0.99834186,-0.10988622
163,-0.00175606,-0.12816578,-1.00000000,-0.86619494,-0.12708796
164,0.00004468,0.00551917,1.00000000,-0.88097127,-0.00198561
165,0.00005229,-0.12736690,-1.00000000,-0.86770595,0.00078812
166,-0.00200291,-0.05563731,1.00000000,-0.99664328,-0.00766467
167,-0.00111162,-0.05533441,1.00000000,-0.99607037,-0.10798093
168,-0.00180062,-0.13719993,-1.00000000,-0.84910765,-0.10964152
169,0.00213312,-0.10169656,-1.00000000,-0.91625909,-0.03180527
170,0.00095243,-0.12914170,-1.00000000,-0.86434907,0.00174310
171,-0.00162955,0.02755230,1.00000000,-0.83929759,0.01565848
172,0.00352444,-0.01947867,1.00000000,-0.92825245,0.18844432
173,0.00214352,-0.12232749,-1.00000000,-0.87723755,0.33544233
174,-0.00435025,0.08297302,1.00000000,-0.73447427,0.09380694
175,0.00711913,0.02796643,1.00000000,-0.83851429,0.32363999
176,0.00145040,-0.23070212,-1.00000000,-0.67225665,0.43842990
177,-0.00233200,0.22616168,1.00000000,-0.46364576,0.22016041
178,-0.00747975,0.00035736,1.00000000,-0.89073438,-0.13849922
179,0.00350286,-0.15030845,-1.00000000,-0.82431406,0.15418640
180,-0.00372058,-0.35536084,-1.00000000,-0.43647586,-0.24980977
181,0.01231582,0.08211363,1.00000000,-0.73609973,0.15514459
182,-0.00648081,-0.20562026,-1.00000000,-0.71969675,0.00051834
183,0.00116975,0.43316339,1.00000000,-0.07212061,0.32288566
184,0.00207695,-0.31556949,-1.00000000,-0.51173764,0.26974176
185,0.00027546,-0.01082197,1.00000000,-0.91187907,0.41867439
186,0.00016718,0.02531464,1.00000000,-0.84352993,-0.03410569
187,-0.00065212,-0.04644444,1.00000000,-0.97925579,0.18312950
188,-0.00150952,-0.05075768,1.00000000,-0.98741390,0.08327297
189,-0.00669446,-0.08339345,-1.00000000,-0.95087780,-0.24363746
190,-0.00299675,-0.11754636,-1.00000000,-0.88628062,-0.36559283
191,-0.00541443,-0.32407981,-1.00000000,-0.49564113,-0.57361955
192,-0.00000768,-0.17678758,-1.00000000,-0.77423118,-0.54960114
193,-0.00168635,-0.27309192,-1.00000000,-0.59208014,-0.55619167
194,0.00011981,-0.05772311,-1.00000000,-0.99943094,-0.30222378
195,-0.00223696,-0.12459017,-1.00000000,-0.87295788,-0.27390657
196,-0.00547778,-0.05264469,1.00000000,-0.99098299,-0.27626794
197,0.00006143,-0.14652279,-1.00000000,-0.83147431,-0.27369232
198,-0.00095223,-0.27561571,-1.00000000,-0.58730663,-0.24633171
199,-0.00229241,-0.05497034,1.00000000,-0.99538177,-0.33623526
200,-0.00127422,-0.09534778,-1.00000000,-0.92826725,-0.30035392
201,0.00171449,-0.14873156,-1.00000000,-0.82729662,-0.03229768
202,-0.00151260,-0.10817362,-1.00000000,-0.90400832,-0.09096184
203,0.00368263,0.01087672,1.00000000,-0.87083795,0.08177966
204,0.00273363,-0.11766927,-1.00000000,-0.88604814,0.26910040
205,-0.00010113,0.08927442,1.00000000,-0.72255573,0.31282138
206,-0.00268949,0.05147260,1.00000000,-0.79405449,0.14868514
207,0.00015749,-0.06144563,-1.00000000,-0.99239011,0.21092946
208,0.00345327,-0.16454836,-1.00000000,-0.79738055,0.20238100
209,-0.00097029,-0.05114396,1.00000000,-0.98814450,0.06433563
210,-0.00416156,0.08013802,1.00000000,-0.73983642,-0.08699641
211,0.00276960,-0.09606716,-1.00000000,-0.92690661,0.11646390
212,-0.00154200,-0.22318588,-1.00000000,-0.68647294,0.05312399
213,-0.00395269,0.05290539,1.00000000,-0.79134449,-0.22289618
214,-0.00307173,-0.11884022,-1.00000000,-0.88383341,-0.30121684
215,0.00007975,-0.21486607,-1.00000000,-0.70220912,-0.14314328
216,-0.00403480,-0.17977450,-1.00000000,-0.76858168,-0.39674338
217,-0.00094002,-0.05424045,1.00000000,-0.99400124,-0.37430758
218,0.00230939,-0.21813664,-1.00000000,-0.69602314,-0.14091962
219,-0.00261540,-0.09486134,-1.00000000,-0.92918730,-0.12391207
220,-0.00579823,0.03457369,1.00000000,-0.82601727,-0.34298454
221,-0.00002626,-0.16159722,-1.00000000,-0.80296238,-0.19358612
222,0.00051425,-0.28838015,-1.00000000,-0.56316384,-0.13938548
223,-0.00313905,-0.05846299,-1.00000000,-0.99803152,-0.34244906
224,-0.00083064,-0.03693293,1.00000000,-0.96126561,-0.27593109
225,-0.00310577,-0.18245607,-1.00000000,-0.76350973,-0.17558312
226,0.00171169,-0.09050431,-1.00000000,-0.93742823,-0.11080983
227,-0.00107715,-0.18113052,-1.00000000,-0.76601689,-0.17012114
228,0.00254859,0.01076524,1.00000000,-0.87104881,0.04185740
229,0.00086748,-0.10032351,-1.00000000,-0.91885610,0.10514645
230,-0.00017676,0.04410178,1.00000000,-0.80799573,0.21431070
231,-0.00216925,-0.02286241,1.00000000,-0.93465249,0.06966793
232,-0.00014690,-0.06445824,-1.00000000,-0.98669204,0.10433837
233,0.00160534,-0.14382567,-1.00000000,-0.83657566,0.06918333
234,-0.00521066,-0.06326853,-1.00000000,-0.98894226,-0.15734914
235,0.00644555,0.00652887,1.00000000,-0.87906152,0.08946483
236,0.00518275,-0.26497517,-1.00000000,-0.60743226,0.36347415
237,0.00392387,0.19933092,1.00000000,-0.51439373,0.51519181
238,-0.00496244,0.14902927,1.00000000,-0.60953480,0.27041066
239,0.00187745,0.09888386,1.00000000,-0.70438034,0.53458476
240,-0.00629327,-0.25508766,-1.00000000,-0.62613358,0.05980854
241,-0.00109059,0.01736812,1.00000000,-0.85856005,-0.17399908
242,-0.00022207,-0.30809913,-1.00000000,-0.52586716,-0.32851833
243,-0.00003721,-0.10085902,-1.00000000,-0.91784323,-0.14495508
244,0.00530906,-0.06626280,-1.00000000,-0.98327887,-0.01705913
245,-0.00350994,-0.05889943,-1.00000000,-0.99720603,0.08667539
246,-0.00247315,0.15406040,1.00000000,-0.60001886,0.03514726
247,0.00197725,-0.19723002,-1.00000000,-0.73556612,0.11711588
248,-0.00146751,-0.15593111,-1.00000000,-0.81367932,0.06380847
249,-0.00222630,0.02134340,1.00000000,-0.85104117,-0.21703433
250,0.00709341,-0.11587319,-1.00000000,-0.88944528,0.17815302
251,-0.00938111,-0.14609800,-1.00000000,-0.83227775,-0.07930660
252,0.00072580,0.22513724,1.00000000,-0.46558340,-0.12594828
253,0.00248897,-0.43109810,-1.00000000,-0.29322564,0.02151011
254,-0.00492482,-0.02850618,1.00000000,-0.94532717,-0.07906405
255,-0.00251120,0.04172700,1.00000000,-0.81248742,-0.43702797
256,0.00291167,-0.25358938,-1.00000000,-0.62896745,0.02112426
257,-0.00911619,-0.15744647,-1.00000000,-0.81081314,-0.34568683
258,0.00422800,0.05856461,1.00000000,-0.78064060,-0.28087320
259,0.00831620,-0.42054554,-1.00000000,-0.31318484,0.21262024
260,0.00148012,0.11099834,1.00000000,-0.68146690,0.36137670
261,0.00110306,0.27384520,1.00000000,-0.37345666,0.29396952
262,-0.00802830,0.00154106,1.00000000,-0.88849552,0.33451528
263,-0.00051390,-0.01347866,1.00000000,-0.91690397,0.15778462
264,-0.00034670,-0.37721115,-1.00000000,-0.39514796,-0.16508197
265,-0.01249047,-0.07788739,-1.00000000,-0.96129200,-0.68576614
266,-0.00249348,-0.07122727,-1.00000000,-0.97388902,-0.81980904
267,0.01098524,-0.55495437,-1.00000000,-0.05896261,-0.11117388
268,0.00490787,-0.15674066,-1.00000000,-0.81214811,0.09089559
269,-0.00498782,0.38016202,1.00000000,-0.17236794,-0.08207915
270,0.00135902,0.13807988,1.00000000,-0.63024460,0.43409154
271,0.00370006,-0.25609875,-1.00000000,-0.62422121,0.66492469
272,0.00276574,-0.00328285,1.00000000,-0.89761951,0.35858341
273,0.00021895,0.08996856,1.00000000,-0.72124283,0.18382717
274,-0.00262908,0.05275142,1.00000000,-0.79163572,0.27173759
275,-0.00389691,-0.04869563,1.00000000,-0.98351371,0.07584906
276,-0.00229909,-0.16214209,-1.00000000,-0.80193180,-0.14773948
277,0.00118787,-0.21264406,-1.00000000,-0.70641184,-0.20654660
278,-0.00136598,-0.14899780,-1.00000000,-0.82679305,-0.26561699
279,0.00216416,-0.01010030,1.00000000,-0.91051410,-0.08697300
280,0.00747971,-0.11182872,-1.00000000,-0.89709502,0.33703381
281,0.00597983,0.02878855,1.00000000,-0.83695933,0.64558955
282,-0.00745420,0.24052480,1.00000000,-0.43647921,0.32349949
283,0.00132101,0.18077957,1.00000000,-0.54948196,0.42364361
284,0.00587254,-0.35434283,-1.00000000,-0.43840134,0.56185503
285,-0.00302915,-0.00479696,1.00000000,-0.90048331,0.17018970
286,0.00359836,0.17650578,1.00000000,-0.55756545,0.08143230
287,-0.00118370,-0.17807822,-1.00000000,-0.77179004,0.31513376
288,-0.00224307,0.08591767,1.00000000,-0.72890473,0.18230044
289,-0.00016854,-0.10456801,-1.00000000,-0.91082800,-0.04285063
290,-0.00023328,-0.14676619,-1.00000000,-0.83101393,0.06135131
291,-0.00182176,-0.06413057,-1.00000000,-0.98731179,-0.14065675
292,0.00089128,-0.06670955,-1.00000000,-0.98243388,-0.06332216
293,0.00232329,-0.12998397,-1.00000000,-0.86275600,0.10686621
294,0.00013501,-0.02191455,1.00000000,-0.93285971,0.11817933
295,-0.00249103,0.03512727,1.00000000,-0.82497021,0.03403292
296,0.00087914,-0.05203937,1.00000000,-0.98983809,0.13469565
297,0.00011717,-0.15664332,-1.00000000,-0.81233223,0.10584466
298,0.00240797,-0.02239793,1.00000000,-0.93377397,0.10900075
299,-0.01146282,-0.05274983,1.00000000,-0.99118187,-0.32325069
300,0.00059307,0.03850043,1.00000000,-0.81859018,-0.20830626
301,0.00214975,-0.51401990,-1.00000000,-0.13638649,-0.16095052
302,0.00154208,-0.03379333,1.00000000,-0.95532734,-0.10784406
303,-0.00180112,0.02821481,1.00000000,-0.83804451,-0.26471706
304,0.00925680,0.00400915,1.00000000,-0.88382735,0.50750375
305,-0.00855616,-0.12916187,-1.00000000,-0.86431092,0.16651177
306,0.00204231,0.31131218,1.00000000,-0.30259123,0.16250746
307,0.00031624,-0.39823782,-1.00000000,-0.35537790,0.11682024
308,-0.00382688,0.02393509,1.00000000,-0.84613921,0.04132017
309,-0.00602056,-0.04482031,1.00000000,-0.97618389,-0.52806726
310,0.02654602,-0.20985463,-1.00000000,-0.71168781,0.78019201
311,-0.00633643,-0.29723619,-1.00000000,-0.54641343,0.46791603
312,0.00009457,1.00000000,1.00000000,1.00000000,0.45965438
313,-0.00491848,-0.30981839,-1.00000000,-0.52261533,0.41897039
314,0.00098142,-0.05365018,1.00000000,-0.99288479,0.67993416
315,0.00434580,-0.25333676,-1.00000000,-0.62944526,-0.14746871
316,0.00084321,-0.01832403,1.00000000,-0.92606855,0.12011672
317,0.00520371,0.11569058,1.00000000,-0.67259193,0.31053445
318,0.00457643,-0.02382915,1.00000000,-0.93648099,0.66440998
319,-0.00978570,0.14986397,1.00000000,-0.60795604,0.26311916
320,-0.00197237,0.12487738,1.00000000,-0.65521594,0.02764102
321,-0.00419273,-0.44721455,-1.00000000,-0.26274281,-0.16004851
322,-0.00595262,-0.13598310,-1.00000000,-0.85140918,-0.57584503
323,-0.00221640,-0.22442746,-1.00000000,-0.68412461,-0.82901406
324,0.00460696,-0.29452992,-1.00000000,-0.55153210,-0.29259922
325,0.00150019,-0.14570393,-1.00000000,-0.83302310,-0.16317680
326,0.00345603,0.12609346,1.00000000,-0.65291583,0.12189251
327,-0.00003276,0.00234064,1.00000000,-0.88698318,0.34252566
328,-0.00117175,0.08024815,1.00000000,-0.73962812,0.38145980
329,0.00571781,-0.05872221,-1.00000000,-0.99754122,0.42286141
330,0.00045488,-0.10409201,-1.00000000,-0.91172831,0.38390251
331,0.00129223,0.17034255,1.00000000,-0.56922263,0.30325777
332,0.00522544,-0.03929774,1.00000000,-0.96573844,0.49923125
333,0.00389141,-0.00594313,1.00000000,-0.90265118,0.68793548
334,0.00054580,0.15072980,1.00000000,-0.60631840,0.49517430
335,-0.00255751,0.09759078,1.00000000,-0.70682609,0.38290248
336,0.00133674,-0.03567622,1.00000000,-0.95888867,0.38456127
337,0.00205464,-0.15929130,-1.00000000,-0.80732381,0.26638535
338,-0.00508517,-0.00417025,1.00000000,-0.89929795,-0.06817194
339,0.00243060,0.02442606,1.00000000,-0.84521059,0.00207482
340,-0.00435351,-0.25997647,-1.00000000,-0.61688685,-0.06486235
341,0.00205875,0.03940192,1.00000000,-0.81688510,-0.03795309
342,-0.00014408,-0.23083222,-1.00000000,-0.67201057,-0.11989936
343,-0.00148098,0.02458975,1.00000000,-0.84490098,0.01442877
344,0.00055125,-0.06315625,-1.00000000,-0.98915464,-0.05561462
345,-0.00479764,-0.11640961,-1.00000000,-0.88843068,-0.07216722
346,0.00158699,-0.03545887,1.00000000,-0.95847756,-0.08974965
347,-0.00190040,-0.24852327,-1.00000000,-0.63854955,-0.15520769
348,-0.00068974,0.00579806,1.00000000,-0.88044379,-0.12571822
349,0.00260310,-0.13311632,-1.00000000,-0.85683144,-0.04924577
350,0.00030999,-0.08489193,-1.00000000,-0.94804354,0.14111558
351,0.00231104,0.04627315,1.00000000,-0.80388878,0.16810092
352,0.00220203,-0.04506938,1.00000000,-0.97665497,0.32099860
353,0.00215610,0.03463938,1.00000000,-0.82589302,0.42706341
354,-0.00113539,0.03029725,1.00000000,-0.83410576,0.28772962
355,0.00091730,0.02846772,1.00000000,-0.83756615,0.31036408
356,0.00024719,-0.10264363,-1.00000000,-0.91446779,0.23344422
357,0.00367865,-0.02087818,1.00000000,-0.93089951,0.28847786
358,0.00105507,-0.04757082,1.00000000,-0.98138623,0.24744215
359,-0.00212903,0.08911595,1.00000000,-0.72285547,0.21040940
360,-0.00154451,-0.01539032,1.00000000,-0.92051970,0.11865770
361,-0.00072743,-0.14222339,-1.00000000,-0.83960623,0.08233382
362,0.00030577,-0.11894032,-1.00000000,-0.88364407,-0.04337358
363,-0.00276476,-0.08639296,-1.00000000,-0.94520449,-0.18573853
364,0.00319452,-0.04523727,1.00000000,-0.97697254,0.01267025
365,-0.00970595,-0.16754675,-1.00000000,-0.79170937,-0.29150661
366,0.00128015,0.06983141,1.00000000,-0.75933044,-0.21668426
367,-0.00075632,-0.44403764,-1.00000000,-0.26875165,-0.25626828
368,-0.00037925,-0.00642453,1.00000000,-0.90356171,-0.16736044
369,-0.00120680,-0.08754377,-1.00000000,-0.94302782,-0.33139778
370,0.00387626,-0.07252406,-1.00000000,-0.97143625,0.17481155
371,0.00041970,-0.10548797,-1.00000000,-0.90908799,0.14274266
372,0.00146492,0.09698740,1.00000000,-0.70796732,0.22552818
373,-0.00295363,-0.04069904,1.00000000,-0.96838888,0.12958095
374,0.00594998,0.00093552,1.00000000,-0.88964085,0.39631416
375,-0.00193716,-0.17507028,-1.00000000,-0.77747928,0.17964790
376,0.00099421,0.17959043,1.00000000,-0.55173111,0.20106001
377,0.00362834,-0.13458058,-1.00000000,-0.85406193,0.28169081
378,0.00263360,-0.01781426,1.00000000,-0.92510437,0.48992732
379,0.00158565,0.08711188,1.00000000,-0.72664598,0.32726857
380,-0.00005808,0.04748817,1.00000000,-0.80159068,0.39730172
381,0.00154497,0.00574444,1.00000000,-0.88054520,0.41782847
382,0.00573239,-0.05973074,-1.00000000,-0.99563369,0.49624636
383,0.00618147,0.00412427,1.00000000,-0.88360962,0.62847547
384,0.00154645,0.17092315,1.00000000,-0.56812449,0.62701467
385,-0.00247485,0.18881165,1.00000000,-0.53429000,0.53694168
386,0.00095058,0.00418317,1.00000000,-0.88349821,0.51478866
387,0.00027278,-0.15599870,-1.00000000,-0.81355147,0.31130893
388,0.00058089,-0.01955238,1.00000000,-0.92839187,0.10257524
389,0.00123105,-0.04655137,1.00000000,-0.97945803,0.09082020
390,-0.00123521,-0.03427819,1.00000000,-0.95624441,0.13702144
391,-0.00280079,-0.00838035,1.00000000,-0.90726098,-0.00279224
392,0.00009907,-0.10661987,-1.00000000,-0.90694711,-0.00926631
393,-0.00134268,-0.16898206,-1.00000000,-0.78899460,-0.08095788
394,-0.00131316,-0.05347070,1.00000000,-0.99254533,-0.17578062
395,-0.00142707,-0.11090051,-1.00000000,-0.89885065,-0.18293118
396,0.00212474,-0.10972475,-1.00000000,-0.90107449,0.00064346
397,-0.00307019,-0.11426222,-1.00000000,-0.89249228,-0.11747517
398,-0.00221263,0.02721834,1.00000000,-0.83992925,-0.14989813
399,-0.00698813,-0.17971321,-1.00000000,-0.76869761,-0.36140433
400,0.00312176,-0.14555344,-1.00000000,-0.83330774,-0.19186937
401,0.00584354,-0.33577777,-1.00000000,-0.47351548,-0.05326959
402,0.00483991,0.06693290,1.00000000,-0.76481272,0.24154006
403,-0.00032957,0.17535064,1.00000000,-0.55975028,0.31172172
404,-0.00009762,0.13537265,1.00000000,-0.63536506,0.56853116
405,-0.00308414,-0.07054488,-1.00000000,-0.97517970,0.33723725
406,0.00075941,-0.06130567,-1.00000000,-0.99265484,0.14775171
407,-0.00088014,-0.18026878,-1.00000000,-0.76764678,-0.06543481
408,-0.00058902,-0.02716720,1.00000000,-0.94279462,-0.07510465
409,0.00056838,-0.09247625,-1.00000000,-0.93369848,-0.05028289
410,0.00195350,-0.08087979,-1.00000000,-0.95563215,0.13747001
411,0.00031196,-0.03477673,1.00000000,-0.95718736,0.12079359
412,-0.00007399,0.02039725,1.00000000,-0.85283072,0.15083909
413,-0.00211971,-0.04499058,1.00000000,-0.97650595,0.09379031
414,-0.00052986,-0.06036430,-1.00000000,-0.99443535,0.05285880
415,0.00015667,-0.14185223,-1.00000000,-0.84030825,-0.01410915
416,-0.00006148,-0.07852341,-1.00000000,-0.96008904,-0.02802757
417,0.00081432,-0.05117657,1.00000000,-0.98820619,0.00507965
418,0.00232483,-0.05986627,-1.00000000,-0.99537734,0.17072766
419,0.00184593,-0.02498006,1.00000000,-0.93865784,0.25927370
420,-0.00186644,0.03518860,1.00000000,-0.82485421,0.18387234
421,-0.00135538,0.01611259,1.00000000,-0.86093478,0.13564865
422,0.00049338,-0.13176383,-1.00000000,-0.85938954,0.12368715
423,0.00151628,-0.11140665,-1.00000000,-0.89789333,0.09355251
424,-0.00286824,-0.03776424,1.00000000,-0.96283797,-0.08214475
425,0.00082830,0.00298138,1.00000000,-0.88577128,0.01828833
426,-0.00201699,-0.17166865,-1.00000000,-0.78391316,-0.00636985
427,-0.00031963,-0.02442324,1.00000000,-0.93760466,-0.03667063
428,-0.00083497,-0.13776075,-1.00000000,-0.84804692,-0.12430194
429,0.00110310,-0.07014903,-1.00000000,-0.97592842,0.02371006
430,0.00070653,-0.09067697,-1.00000000,-0.93710166,0.01917183
431,-0.00056974,-0.01347679,1.00000000,-0.91690044,0.07311100
432,-0.00075494,-0.02927359,1.00000000,-0.94677865,0.05688710
433,0.00115248,-0.08011179,-1.00000000,-0.95708475,0.13095961
434,-0.00281533,-0.08748877,-1.00000000,-0.94313185,-0.01508039
435,-0.00177892,-0.01150996,1.00000000,-0.91318034,-0.10771339
436,0.00117176,-0.16956103,-1.00000000,-0.78789954,-0.04280761
437,0.00177967,-0.12827763,-1.00000000,-0.86598338,0.05165739
438,-0.00186775,-0.01074197,1.00000000,-0.91172777,-0.06090653
439,0.00037436,0.01347328,1.00000000,-0.86592679,0.05797307
440,0.00057692,-0.13181572,-1.00000000,-0.85929140,0.14577546
441,0.00197934,-0.04250520,1.00000000,-0.97180507,0.17587411
442,0.00072135,-0.03443643,1.00000000,-0.95654372,0.13643048
443,0.00208550,0.02142679,1.00000000,-0.85088345,0.28376801
444,0.00310223,-0.02868318,1.00000000,-0.94566195,0.38543602
445,0.00093262,0.02565528,1.00000000,-0.84288563,0.39869297
446,0.00251786,0.06615525,1.00000000,-0.76628357,0.41876360
447,0.00209016,-0.02026770,1.00000000,-0.92974484,0.46977899
448,-0.00045267,0.04287782,1.00000000,-0.81031074,0.37518136
449,-0.00223445,0.02584091,1.00000000,-0.84253453,0.17628311
450,0.00081441,-0.07544852,-1.00000000,-0.96590491,0.17187738
451,0.00626180,-0.14642269,-1.00000000,-0.83166364,0.31141411
452,-0.00283908,-0.02497644,1.00000000,-0.93865099,0.12770131
453,-0.00050486,0.19201151,1.00000000,-0.52823775,0.12575610
454,-0.00075920,-0.17050716,-1.00000000,-0.78611001,0.18073874
455,-0.00194653,-0.07752751,-1.00000000,-0.96197268,0.07783852
456,-0.00071811,-0.08765849,-1.00000000,-0.94281085,-0.18230306
457,0.00029136,-0.13495386,-1.00000000,-0.85335589,-0.06563137
458,0.00021287,-0.08602190,-1.00000000,-0.94590631,-0.03888151
459,-0.00066453,-0.04581111,1.00000000,-0.97805791,-0.03535324
460,0.00016671,-0.04893787,1.00000000,-0.98397188,0.04340702
461,-0.00080540,-0.08388755,-1.00000000,-0.94994324,0.04015365
462,-0.00209250,-0.05077669,1.00000000,-0.98744984,-0.04869296
463,0.00265934,-0.08949903,-1.00000000,-0.93932963,0.04248724
464,-0.00252108,-0.14076835,-1.00000000,-0.84235831,-0.02670629
465,0.00204306,0.04851347,1.00000000,-0.79965143,0.04322565
466,0.00109433,-0.15784003,-1.00000000,-0.81006876,0.11402873
467,-0.00028887,0.02396499,1.00000000,-0.84608267,0.18125004
468,-0.00051078,-0.01382631,1.00000000,-0.91756152,0.06309961
469,-0.00040718,-0.06892374,-1.00000000,-0.97824595,0.14188444
470,-0.00033209,-0.07776303,-1.00000000,-0.96152722,0.05336245
471,0.00217161,-0.07363659,-1.00000000,-0.96933201,0.09351283
472,-0.00118321,-0.07064531,-1.00000000,-0.97498976,0.06018080
473,-0.00023277,0.02908550,1.00000000,-0.83639768,0.07054210
474,0.00073476,-0.10454825,-1.00000000,-0.91086538,0.11310231
475,0.00094760,-0.06668911,-1.00000000,-0.98247254,0.16079630
476,-0.00053435,-0.02814920,1.00000000,-0.94465199,0.05994515
477,-0.00406958,-0.01967105,1.00000000,-0.92861633,-0.04763012
478,-0.00566856,-0.07870192,-1.00000000,-0.95975140,-0.25022204
479,0.00177311,-0.21952226,-1.00000000,-0.69340236,-0.21152269
480,0.00087148,-0.28321477,-1.00000000,-0.57293369,-0.21435956
481,-0.00188374,0.01321178,1.00000000,-0.86642139,-0.26465171
482,0.00211364,-0.02270303,1.00000000,-0.93435103,-0.03420291
483,-0.00073777,-0.13245302,-1.00000000,-0.85808600,0.14956758
484,-0.00288742,0.02677619,1.00000000,-0.84076554,-0.02413044
485,-0.00039034,-0.08680504,-1.00000000,-0.94442507,-0.07115861
486,0.00148491,-0.17243271,-1.00000000,-0.78246801,0.05439115
487,0.00155350,-0.07296567,-1.00000000,-0.97060100,0.03351459
488,0.00023905,0.00173171,1.00000000,-0.88813493,0.06992067
489,0.00084119,0.00446380,1.00000000,-0.88296741,0.20888590
490,-0.00096966,-0.04789506,1.00000000,-0.98199950,0.18729452
491,0.00002606,-0.02390983,1.00000000,-0.93663359,0.13292310
492,-0.00145647,-0.09604204,-1.00000000,-0.92695411,0.02074156
493,0.00293717,-0.05637923,1.00000000,-0.99804655,0.12130049
494,-0.00110714,-0.11543328,-1.00000000,-0.89027732,0.04868636
495,0.00137893,0.05958004,1.00000000,-0.77872000,0.13621829
496,0.00173103,-0.10151816,-1.00000000,-0.91659652,0.19976276
497,-0.00086486,-0.00248990,1.00000000,-0.89611972,0.22181222
498,0.00002271,0.01153566,1.00000000,-0.86959164,0.11319029
499,-0.00024971,-0.09186731,-1.00000000,-0.93485023,0.14514662
500,-0.00243126,-0.05651262,1.00000000,-0.99829884,0.00314108
501,-0.00020465,-0.06736396,-1.00000000,-0.98119613,-0.06900178
502,0.00118139,-0.15426220,-1.00000000,-0.81683590,0.00726209
503,0.00111957,-0.06556900,-1.00000000,-0.98459113,0.04814235
504,-0.00103885,-0.01035822,1.00000000,-0.91100194,0.01873106
505,0.00038547,-0.01282072,1.00000000,-0.91565954,0.12371038
506,0.00086635,-0.09879807,-1.00000000,-0.92174132,0.16362655
507,0.00166105,-0.04206269,1.00000000,-0.97096810,0.18150346
508,0.00003734,-0.02290750,1.00000000,-0.93473778,0.14116841
509,0.00009159,0.00874821,1.00000000,-0.87486384,0.18330001
510,0.00287464,-0.05592991,1.00000000,-0.99719670,0.27607164
511,0.00123378,-0.05376878,1.00000000,-0.99310911,0.28976575
512,-0.00214541,0.05708953,1.00000000,-0.78343057,0.14789891
513,-0.00299019,-0.00827156,1.00000000,-0.90705520,0.03506300
514,-0.00004151,-0.14287585,-1.00000000,-0.83837217,0.03010225
515,0.00246342,-0.17652637,-1.00000000,-0.77472523,0.01477588
516,0.00164384,-0.05907072,-1.00000000,-0.99688206,0.03005875
517,0.00105419,0.04070906,1.00000000,-0.81441276,0.14930790
518,0.00073744,0.00806242,1.00000000,-0.87616095,0.28823654
519,0.00206019,-0.01542506,1.00000000,-0.92058541,0.36656687
520,-0.00043947,-0.02804259,1.00000000,-0.94445034,0.25837611
521,0.00160266,0.02464696,1.00000000,-0.84479277,0.25684138
522,-0.00190458,-0.07492277,-1.00000000,-0.96689932,0.14656775
523,-0.00509590,0.00642214,1.00000000,-0.87926339,-0.07084070
524,0.00238042,-0.13328301,-1.00000000,-0.85651616,-0.05890570
525,-0.00164994,-0.26040382,-1.00000000,-0.61607856,-0.10402000
526,-0.00362321,0.03740283,1.00000000,-0.82066620,-0.29878841
527,0.00061503,-0.12313991,-1.00000000,-0.87570091,-0.20488232
528,-0.00166189,-0.20174192,-1.00000000,-0.72703228,-0.07689689
529,0.00024248,-0.03291831,1.00000000,-0.95367233,-0.15657788
530,-0.00077393,-0.12361589,-1.00000000,-0.87480066,-0.12392891
531,0.00206511,-0.04775841,1.00000000,-0.98174104,0.08807490
532,0.00355689,-0.08824544,-1.00000000,-0.94170069,0.19771802
533,-0.01240898,0.02484295,1.00000000,-0.84442209,-0.20282620
534,-0.00172558,0.08426577,1.00000000,-0.73202916,-0.27617581
535,-0.00127415,-0.55170846,-1.00000000,-0.06510196,-0.29481906
536,0.00036212,-0.12615281,-1.00000000,-0.87000229,-0.35828953
537,-0.00375527,-0.10817092,-1.00000000,-0.90401342,-0.63081402
538,-0.00103257,-0.04299284,1.00000000,-0.97272740,-0.20681505
539,0.00430241,-0.20700223,-1.00000000,-0.71708287,0.01784838
540,-0.00490902,-0.09854799,-1.00000000,-0.92221434,-0.11762332
541,-0.00301087,0.11396237,1.00000000,-0.67586070,-0.24333450
542,-0.00488733,-0.25296000,-1.00000000,-0.63015787,-0.28552646
543,-0.00142654,-0.17735009,-1.00000000,-0.77316722,-0.30020976
544,0.00190624,-0.25209604,-1.00000000,-0.63179197,-0.38951518
545,-0.00265342,-0.11424117,-1.00000000,-0.89253210,-0.30544882
546,-0.00096440,0.01851476,1.00000000,-0.85639128,-0.22917710
547,-0.00277816,-0.16311178,-1.00000000,-0.80009771,-0.15056812
548,-0.00266752,-0.09583261,-1.00000000,-0.92735023,-0.19681927
549,0.00039154,-0.16808055,-1.00000000,-0.79069974,-0.25327200
550,-0.00000303,-0.16367335,-1.00000000,-0.79903556,-0.15449205
551,0.00013508,-0.04182063,1.00000000,-0.97051026,-0.11351439
552,-0.00024056,-0.05753802,-1.00000000,-0.99978102,-0.01893806
553,-0.00211850,-0.05203662,1.00000000,-0.98983288,0.00152391
554,-0.00159097,-0.06699951,-1.00000000,-0.98188545,-0.07236432
555,0.00005493,-0.14180406,-1.00000000,-0.84039936,-0.07020411
556,-0.00122514,-0.12079070,-1.00000000,-0.88014425,-0.12089954
557,-0.00077554,-0.05522924,1.00000000,-0.99587144,-0.14083812
558,0.00125198,-0.10621873,-1.00000000,-0.90770581,-0.01522038
559,0.00252305,-0.08830941,-1.00000000,-0.94157968,0.13810901
560,-0.00648187,-0.00754667,1.00000000,-0.90568415,-0.10551768
561,0.00124376,0.04308428,1.00000000,-0.80992024,-0.01350167
562,0.00246551,-0.31561192,-1.00000000,-0.51165739,0.10729245
563,0.00347797,-0.00787411,1.00000000,-0.90630346,0.19025529
564,-0.00214108,0.04079260,1.00000000,-0.81425475,0.01642314
565,-0.00321937,0.08112213,1.00000000,-0.73797507,0.13801673
566,-0.00525724,-0.14270358,-1.00000000,-0.83869800,-0.10427548
567,0.00103766,-0.18565545,-1.00000000,-0.75745838,-0.15749152
568,0.00125648,-0.26683052,-1.00000000,-0.60392302,-0.24028663
569,0.00243941,-0.01608350,1.00000000,-0.92183078,-0.06957162
570,0.00086882,-0.00736741,1.00000000,-0.90534508,0.08279518
571,0.00222789,0.03975275,1.00000000,-0.81622152,0.36176614
572,-0.00098248,-0.02280928,1.00000000,-0.93455200,0.28647528
573,-0.00149177,0.03132731,1.00000000,-0.83215750,0.18404810
574,-0.00285159,-0.09655265,-1.00000000,-0.92598834,-0.01314777
575,0.00086536,-0.11683926,-1.00000000,-0.88761804,-0.01327641
576,-0.00411518,-0.17100572,-1.00000000,-0.78516704,-0.24968301
577,-0.01466394,-0.02294676,1.00000000,-0.93481203,-0.75959131
578,0.00436798,-0.22133870,-1.00000000,-0.68996672,-0.54119826
579,-0.00839290,-0.64153107,-1.00000000,0.10478945,-0.74772279
580,-0.00306807,0.11657427,1.00000000,-0.67092051,-0.89432191
581,-0.00117295,-0.39173445,-1.00000000,-0.36767845,-0.78466498
582,0.00611349,-0.17962858,-1.00000000,-0.76885768,-0.01028966
583,-0.00179423,-0.10413986,-1.00000000,-0.91163782,-0.23995558
584,0.00257419,0.18610369,1.00000000,-0.53941185,0.16878813
585,0.00353236,-0.12888745,-1.00000000,-0.86482998,0.41478625
586,0.00503184,0.04512155,1.00000000,-0.80606693,0.64603919
587,0.00005099,0.08328863,1.00000000,-0.73387732,0.42008981
588,0.00208429,0.14301804,1.00000000,-0.62090450,0.56464242
589,0.00671584,-0.05538588,1.00000000,-0.99616771,0.71900167
590,-0.00005994,0.02560711,1.00000000,-0.84297674,0.58511656
591,-0.00450877,0.21009721,1.00000000,-0.49403027,0.22953755
592,-0.00312172,-0.05980473,-1.00000000,-0.99549373,0.11129036
593,-0.00349668,-0.23701674,-1.00000000,-0.66031311,-0.09671234
594,-0.00061582,-0.18176579,-1.00000000,-0.76481533,-0.36996331
595,-0.00181656,-0.19670145,-1.00000000,-0.73656587,-0.43543267
596,0.00245022,-0.08194724,-1.00000000,-0.95361317,-0.17607095
597,0.00122982,-0.12977689,-1.00000000,-0.86314767,-0.01388878
598,0.00743039,0.04018317,1.00000000,-0.81540743,0.39336308
599,-0.00083364,-0.00842916,1.00000000,-0.90735329,0.38524477
600,-0.00152986,0.23856009,1.00000000,-0.44019528,0.39593023
601,-0.00462383,-0.09062391,-1.00000000,-0.93720202,0.13228019
602,0.00223911,-0.11835651,-1.00000000,-0.88474829,0.16989622
603,-0.00372260,-0.24160001,-1.00000000,-0.65164428,-0.24577595
604,0.00099609,0.03177400,1.00000000,-0.83131262,-0.17758162
605,0.00017922,-0.20570089,-1.00000000,-0.71954424,-0.11388407
606,0.00261027,-0.01773935,1.00000000,-0.92496269,0.15573120
607,0.00499049,-0.05027802,1.00000000,-0.98650666,0.25827545
608,-0.00038332,0.04655867,1.00000000,-0.80334874,0.38273069
609,-0.00147487,0.14137097,1.00000000,-0.62401979,0.29063787
610,-0.00144890,-0.07268594,-1.00000000,-0.97113007,0.22995773
611,-0.00644487,-0.11616608,-1.00000000,-0.88889131,-0.10752746
612,0.00087706,-0.11513157,-1.00000000,-0.89084797,-0.26083523
613,-0.00022031,-0.31413784,-1.00000000,-0.51444547,-0.25476001
614,0.00183381,-0.02248090,1.00000000,-0.93393089,-0.13144546
615,0.00147646,-0.06619289,-1.00000000,-0.98341110,-0.02241716
616,0.00098023,0.01562972,1.00000000,-0.86184809,0.25431645
617,0.00406997,0.00139540,1.00000000,-0.88877101,0.37331636
618,-0.00538466,-0.01837124,1.00000000,-0.92615784,0.18084081
619,-0.00384643,0.10470351,1.00000000,-0.69337300,-0.03086198
620,0.00097968,-0.27190639,-1.00000000,-0.59432248,-0.04937698
621,0.00327641,-0.21063343,-1.00000000,-0.71021479,0.03620177
622,-0.00321834,-0.01839301,1.00000000,-0.92619902,-0.23543370
623,-0.00185637,0.07309339,1.00000000,-0.75316070,-0.10393396
624,0.00321300,-0.18561432,-1.00000000,-0.75753619,0.15917141
625,0.00047367,-0.13136245,-1.00000000,-0.86014872,0.14031210
626,-0.00109599,0.07056763,1.00000000,-0.75793795,-0.02264734
627,-0.00035511,-0.03854941,1.00000000,-0.96432305,0.08406536
628,0.00192889,-0.10107396,-1.00000000,-0.91743668,0.22514189
629,0.00076095,-0.07156220,-1.00000000,-0.97325553,0.13375371
630,0.00368424,0.01941694,1.00000000,-0.85468489,0.25341190
631,0.00473149,-0.02710599,1.00000000,-0.94267884,0.47060203
632,-0.00298076,0.08933854,1.00000000,-0.72243445,0.37274375
633,-0.00018267,0.13105392,1.00000000,-0.64353356,0.29404576
634,0.00016782,-0.17615091,-1.00000000,-0.77543537,0.27193983
635,-0.00050988,-0.06469368,-1.00000000,-0.98624672,0.11562480
636,0.00473247,-0.05073231,1.00000000,-0.98736590,0.11566145
637,-0.00108098,-0.07772742,-1.00000000,-0.96159458,0.18646644
638,-0.00005626,0.13109309,1.00000000,-0.64345947,0.19117794
639,0.00126963,-0.10047614,-1.00000000,-0.91856741,0.23224255
640,-0.00071513,-0.05965814,-1.00000000,-0.99577100,0.22459276
641,-0.00048627,-0.00684338,1.00000000,-0.90435394,0.03009001
642,0.00014291,-0.08590334,-1.00000000,-0.94613056,0.07570430
643,0.00179250,-0.07678703,-1.00000000,-0.96337324,0.14460758
644,-0.00125259,-0.05172463,1.00000000,-0.98924279,0.05060408
645,0.00241630,0.01398413,1.00000000,-0.86496057,0.16731286
646,0.00352329,-0.10731219,-1.00000000,-0.90563764,0.31674922
647,0.00179074,0.03883235,1.00000000,-0.81796238,0.37816409
648,0.00085722,0.08292716,1.00000000,-0.73456100,0.34330631
649,-0.00197608,0.01391418,1.00000000,-0.86509286,0.31634189
650,-0.00060496,-0.02327108,1.00000000,-0.93542545,0.20373927
651,-0.00213931,-0.13613114,-1.00000000,-0.85112917,-0.00730588
652,-0.00442105,-0.08151477,-1.00000000,-0.95443114,-0.23881951
653,-0.00207588,-0.14263311,-1.00000000,-0.83883129,-0.34813619
654,0.00048511,-0.23352233,-1.00000000,-0.66692249,-0.25640735
655,-0.00079099,-0.14010627,-1.00000000,-0.84361058,-0.26334056
656,-0.00030013,-0.03809344,1.00000000,-0.96346063,-0.19479413
657,-0.00191476,-0.08892482,-1.00000000,-0.94041569,-0.10138488
658,-0.00321562,-0.06937224,-1.00000000,-0.97739766,-0.14386306
659,-0.00167835,-0.13368864,-1.00000000,-0.85574895,-0.22449545
660,-0.00009315,-0.18550598,-1.00000000,-0.75774109,-0.19848686
661,0.00562365,-0.12427152,-1.00000000,-0.87356058,0.02229260
662,-0.00089418,-0.06112743,-1.00000000,-0.99299198,0.06032995
663,-0.00065539,0.16659183,1.00000000,-0.57631678,0.15574967
664,0.00012061,-0.09303517,-1.00000000,-0.93264133,0.22279688
665,-0.00008480,-0.08352355,-1.00000000,-0.95063171,0.22310790
666,0.00260324,-0.05261299,1.00000000,-0.99092304,0.11053717
667,-0.00065342,-0.06079501,-1.00000000,-0.99362071,0.11951007
668,0.00077245,0.04627879,1.00000000,-0.80387811,0.17272585
669,0.00012247,-0.08344514,-1.00000000,-0.95078002,0.17279546
670,-0.00759109,-0.02664774,1.00000000,-0.94181210,-0.10696403
671,-0.00355154,-0.05253859,1.00000000,-0.99078232,-0.33635290
672,0.00136236,-0.35979561,-1.00000000,-0.42808789,-0.26122447
673,-0.00263552,-0.19888682,-1.00000000,-0.73243243,-0.38823983
674,-0.00107597,-0.00314958,1.00000000,-0.89736744,-0.43290569
675,0.00268001,-0.16239887,-1.00000000,-0.80144613,-0.05010153
676,0.00140620,-0.10027645,-1.00000000,-0.91894510,0.13467336
677,-0.00363844,0.04933679,1.00000000,-0.79809419,-0.05170677
678,0.00089168,-0.00140361,1.00000000,-0.89406510,0.07975211
679,0.00513164,-0.20234843,-1.00000000,-0.72588512,0.31110955
680,-0.00230284,-0.02189861,1.00000000,-0.93282954,0.12539853
681,0.00101691,0.14699313,1.00000000,-0.61338597,0.11088987
682,0.00025192,-0.14914693,-1.00000000,-0.82651098,0.25588383
683,-0.00035224,-0.01691014,1.00000000,-0.92339431,0.20952306
684,-0.00347342,-0.04738217,1.00000000,-0.98102942,-0.11118756
685,0.00206436,-0.07144795,-1.00000000,-0.97347164,0.05157808
686,-0.00009263,-0.19577510,-1.00000000,-0.73831797,0.01022549
687,0.00850294,0.02481328,1.00000000,-0.84447819,0.31774115
688,-0.00000182,-0.06110685,-1.00000000,-0.99303088,0.33080127
689,0.00740146,0.28128359,1.00000000,-0.35938761,0.73610823
690,0.00289947,-0.05748959,-1.00000000,-0.99987261,0.76723289
691,-0.00252646,0.23740778,1.00000000,-0.44237477,0.67652384
692,0.00245717,0.05807862,1.00000000,-0.78155980,0.45119772
693,-0.00286459,-0.15805463,-1.00000000,-0.80966287,0.34450217
694,-0.00257478,0.04046015,1.00000000,-0.81488354,-0.02731254
695,0.00056626,-0.17152337,-1.00000000,-0.78418794,-0.11427157
696,0.00145552,-0.15997935,-1.00000000,-0.80602242,0.03413714
697,0.00308305,-0.03486122,1.00000000,-0.95734716,0.05746362
698,-0.00072068,0.00056124,1.00000000,-0.89034876,0.13736738
699,0.00286509,0.06539097,1.00000000,-0.76772915,0.34011139
700,-0.00111872,-0.08612406,-1.00000000,-0.94571309,0.27731226
701,0.00035974,0.05670885,1.00000000,-0.78415059,0.23647229
702,0.00121211,-0.10197950,-1.00000000,-0.91572393,0.16674227
703,-0.00178182,-0.04308759,1.00000000,-0.97290661,0.12719351
704,0.00062505,-0.00913490,1.00000000,-0.90868815,0.04370737
705,-0.00082770,-0.12839287,-1.00000000,-0.86576541,0.05455376
706,-0.00022987,-0.03251924,1.00000000,-0.95291751,0.03257908
707,0.00178838,-0.09038713,-1.00000000,-0.93764987,0.05405694
708,0.00104510,-0.06657363,-1.00000000,-0.98269097,0.15941616
709,0.00020994,0.01382015,1.00000000,-0.86527072,0.14394477
710,0.00559261,-0.01578733,1.00000000,-0.92127061,0.38322972
711,-0.00149289,-0.04905471,1.00000000,-0.98419288,0.33615690
712,-0.00064802,0.16535520,1.00000000,-0.57865577,0.24535198
713,-0.00331339,-0.11688399,-1.00000000,-0.88753343,0.08291109
714,-0.00168847,-0.08323009,-1.00000000,-0.95118677,0.01215749
715,0.00116617,-0.18940047,-1.00000000,-0.75037502,-0.15281591
716,-0.00129214,-0.12467456,-1.00000000,-0.87279827,-0.14533391
717,0.00017084,-0.01096462,1.00000000,-0.91214889,-0.11481493
718,-0.00219082,-0.10888741,-1.00000000,-0.90265825,-0.07297688
719,0.00333914,-0.05061209,1.00000000,-0.98713852,0.11440241
720,0.00103265,-0.14468491,-1.00000000,-0.83495049,0.10942611
721,0.00060759,0.07559217,1.00000000,-0.74843448,0.18022916
722,0.00257352,-0.01628317,1.00000000,-0.92220845,0.26977729
723,0.00605215,-0.03321472,1.00000000,-0.95423296,0.57699291
724,0.00371256,0.04509492,1.00000000,-0.80611729,0.59091001
725,-0.00393419,0.18366017,1.00000000,-0.54403356,0.40579586
726,0.00019675,0.09046645,1.00000000,-0.72030111,0.39048362
727,0.00334126,-0.21412897,-1.00000000,-0.70360328,0.41909732
728,0.00000320,-0.04958010,1.00000000,-0.98518660,0.19365289
729,0.00100438,0.07567659,1.00000000,-0.74827481,0.09271896
730,-0.00033792,-0.05728972,1.00000000,-0.99976866,0.22675194
731,-0.00181762,-0.01740944,1.00000000,-0.92433869,0.15167666
732,-0.00312855,-0.07087756,-1.00000000,-0.97455047,-0.08945345
733,0.00046956,-0.12981886,-1.00000000,-0.86306830,-0.07207201
734,0.00001099,-0.18203780,-1.00000000,-0.76430084,-0.10909549
735,-0.00838960,-0.03871282,1.00000000,-0.96463212,-0.40918191
736,0.00152790,-0.05697930,1.00000000,-0.99918152,-0.28449446
737,0.00120059,-0.39160312,-1.00000000,-0.36792685,-0.12314720
738,0.00376757,0.00344427,1.00000000,-0.88489577,-0.00023050
739,0.00040480,-0.00959351,1.00000000,-0.90955556,0.01444673
740,0.00143572,0.09265775,1.00000000,-0.71615647,0.38063688
741,0.00090678,-0.04129260,1.00000000,-0.96951154,0.35748788
742,-0.00024115,-0.00022740,1.00000000,-0.89184041,0.30375423
743,0.00180424,-0.02129686,1.00000000,-0.93169140,0.23058080
744,0.00231898,-0.06702281,-1.00000000,-0.98184138,0.30192228
745,-0.00091519,0.01445165,1.00000000,-0.86407629,0.21430371
746,-0.00110632,0.03495555,1.00000000,-0.82529500,0.13927527
747,0.00188263,-0.09387214,-1.00000000,-0.93105829,0.21842849
748,0.00039904,-0.10148556,-1.00000000,-0.91665818,0.16605666
749,-0.00375133,0.01757436,1.00000000,-0.85816997,-0.06018389
750,0.00173533,-0.04152218,1.00000000,-0.96994577,0.03860106
751,-0.00117273,-0.20684521,-1.00000000,-0.71737986,0.03612604
752,0.00236260,0.01170697,1.00000000,-0.86926760,0.05401468
753,0.00031250,-0.10413081,-1.00000000,-0.91165492,0.05078932
754,0.00053965,0.03669333,1.00000000,-0.82200815,0.21071425
755,0.00166449,-0.04496937,1.00000000,-0.97646582,0.20807405
756,0.00005003,-0.03592107,1.00000000,-0.95935177,0.25364624
757,0.00280608,0.00888519,1.00000000,-0.87460476,0.27017451
758,0.00018930,-0.05542430,1.00000000,-0.99624038,0.26558284
759,-0.00298667,0.05435838,1.00000000,-0.78859629,0.13415677
760,0.00161691,-0.04987685,1.00000000,-0.98574788,0.13238346
761,-0.00229997,-0.17638627,-1.00000000,-0.77499021,0.04479880
762,-0.00142220,0.00698991,1.00000000,-0.87818950,-0.11278933
763,-0.00258235,-0.14903279,-1.00000000,-0.82672686,-0.21608873
764,0.00071290,-0.11406824,-1.00000000,-0.89285918,-0.07820577
765,-0.00106470,-0.16028090,-1.00000000,-0.80545207,-0.17814939
766,0.00154954,-0.02902010,1.00000000,-0.94629920,-0.03467776
767,-0.00459001,-0.09982756,-1.00000000,-0.91979415,-0.15274218
768,-0.00027031,0.00430643,1.00000000,-0.88326506,-0.06657229
769,0.00065114,-0.24025280,-1.00000000,-0.65419239,-0.06887382
770,0.00146827,-0.06818448,-1.00000000,-0.97964419,0.02552979
771,0.00062208,-0.03147992,1.00000000,-0.95095173,-0.00903672
772,-0.00051212,0.00106888,1.00000000,-0.88938860,0.14294650
773,0.00210664,-0.03263747,1.00000000,-0.95314114,0.23153546
774,-0.00217391,-0.07781659,-1.00000000,-0.96142593,0.12624547
775,0.00064761,0.02649738,1.00000000,-0.84129287,0.09565941
776,0.00182829,-0.14401147,-1.00000000,-0.83622425,0.14061489
777,-0.00033013,-0.03162081,1.00000000,-0.95121821,0.14739769
778,0.00204286,0.01540992,1.00000000,-0.86226381,0.14502078
779,-0.00143542,-0.07056728,-1.00000000,-0.97513735,0.17254439
780,0.00271451,0.02395699,1.00000000,-0.84609779,0.24957799
781,0.00078885,-0.11459485,-1.00000000,-0.89186313,0.21083777
782,-0.00433831,0.05071095,1.00000000,-0.79549507,0.06145261
783,-0.00187678,-0.02599474,1.00000000,-0.94057702,-0.08463262
784,0.00479363,-0.23022675,-1.00000000,-0.67315578,0.14752427
785,0.00090843,-0.13217558,-1.00000000,-0.85861076,0.08021150
786,0.00471868,0.13352915,1.00000000,-0.63885188,0.22667636
787,-0.00089163,-0.02123140,1.00000000,-0.93156759,0.35513442
788,0.00206727,0.13054357,1.00000000,-0.64449883,0.50212927
789,-0.00103983,-0.09293369,-1.00000000,-0.93283328,0.28471627
790,0.00350652,0.02492917,1.00000000,-0.84425900,0.38154740
791,-0.00024515,-0.09883692,-1.00000000,-0.92166785,0.19654532
792,0.00151999,0.08225950,1.00000000,-0.73582382,0.28642638
793,-0.00015959,-0.06718245,-1.00000000,-0.98153943,0.20343137
794,0.00268197,0.00312915,1.00000000,-0.88549179,0.34214281
795,0.00329954,-0.06377401,-1.00000000,-0.98798620,0.33442833
796,-0.00166878,0.04941472,1.00000000,-0.79794679,0.28136983
797,-0.00236892,0.07401444,1.00000000,-0.75141861,0.13642996
798,0.00163007,-0.12389017,-1.00000000,-0.87428188,0.20313065
799,-0.00087885,-0.15177930,-1.00000000,-0.82153209,0.07041896
800,-0.00150481,0.00751418,1.00000000,-0.87719790,-0.10863924
801,-0.00027000,-0.09242453,-1.00000000,-0.93379631,-0.05650679
802,-0.00790334,-0.11735889,-1.00000000,-0.88663520,-0.26277475
803,0.00114360,-0.06817219,-1.00000000,-0.97966743,-0.28090573
804,-0.00045372,-0.37223380,-1.00000000,-0.40456217,-0.26506130
805,-0.00295029,-0.01186381,1.00000000,-0.91384962,-0.31893411
806,-0.00038396,-0.07549036,-1.00000000,-0.96582577,-0.32318151
807,-0.00183249,-0.17493693,-1.00000000,-0.77773150,-0.09692052
808,-0.00057819,-0.07271171,-1.00000000,-0.97108134,-0.16109171
809,0.00537954,-0.13041120,-1.00000000,-0.86194793,0.05631425
810,0.00664974,-0.08044851,-1.00000000,-0.95644788,0.41410754
811,0.00077645,0.15686819,1.00000000,-0.59470818,0.45735632
812,0.00120714,0.20746441,1.00000000,-0.49900997,0.57064318
813,-0.00223925,-0.02648840,1.00000000,-0.94151073,0.50873554
814,0.00178702,-0.00933277,1.00000000,-0.90906239,0.37484222
815,-0.00325546,-0.14661400,-1.00000000,-0.83130179,0.00567523
816,0.00068143,0.01376606,1.00000000,-0.86537302,0.00213364
817,0.00198906,-0.18709289,-1.00000000,-0.75473960,0.03127595
818,0.00190930,-0.03027358,1.00000000,-0.94867005,0.18589246
819,-0.00079974,0.02181388,1.00000000,-0.85015130,0.08948350
820,-0.00031272,0.01863661,1.00000000,-0.85616081,0.19915924
821,-0.00014576,-0.08927365,-1.00000000,-0.93975592,0.16833000
822,0.00188875,-0.06987395,-1.00000000,-0.97644872,0.16459120
823,-0.00154911,-0.06322318,-1.00000000,-0.98902805,0.03569608
824,0.00186343,0.01781793,1.00000000,-0.85770927,0.13495270
825,-0.00043640,-0.11912356,-1.00000000,-0.88329748,0.13034315
826,-0.00044958,0.01680958,1.00000000,-0.85961649,0.11901984
827,0.00229191,-0.07480053,-1.00000000,-0.96713053,0.13404562
828,-0.00276713,-0.07532528,-1.00000000,-0.96613801,0.08865018
829,0.00267011,0.03387715,1.00000000,-0.82733471,0.11871530
830,0.00366697,-0.16764118,-1.00000000,-0.79153076,0.27164825
831,-0.00297540,0.04894250,1.00000000,-0.79883994,0.17751065
832,0.00072763,0.08865074,1.00000000,-0.72373537,0.11921007
833,0.00200747,-0.17593741,-1.00000000,-0.77583919,0.29715949
834,-0.00235859,-0.02843319,1.00000000,-0.94518911,0.10973961
835,-0.00301148,0.02254711,1.00000000,-0.84876445,-0.13916669
836,0.00001098,-0.15136761,-1.00000000,-0.82231076,-0.02786412
837,0.00133094,-0.17737466,-1.00000000,-0.77312076,-0.00537859
838,0.00199720,-0.05697975,1.00000000,-0.99918239,-0.00576121
839,-0.00324376,-0.00440116,1.00000000,-0.89973469,-0.03875158
840,0.00239414,0.02213818,1.00000000,-0.84953792,0.16271618
841,-0.00205626,-0.18662696,-1.00000000,-0.75562086,0.08567006
842,-0.00168909,0.03794950,1.00000000,-0.81963221,-0.02688671
843,0.00269077,-0.13932490,-1.00000000,-0.84508847,-0.00103732
844,0.00164464,-0.12469929,-1.00000000,-0.87275150,0.18115359
845,-0.00157482,0.04976542,1.00000000,-0.79728347,0.03323025
846,0.00329725,0.00809455,1.00000000,-0.87610017,0.23275579
847,0.00187785,-0.12014761,-1.00000000,-0.88136060,0.36569570
848,0.00161635,0.07392347,1.00000000,-0.75159068,0.32565188
849,-0.00105854,0.01738387,1.00000000,-0.85853026,0.22490399
850,-0.00109826,0.00696749,1.00000000,-0.87823191,0.24266532
851,0.00091024,-0.09958250,-1.00000000,-0.92025765,0.15370141
852,0.00049442,-0.10116470,-1.00000000,-0.91726506,0.10214100
853,-0.00005847,-0.02115913,1.00000000,-0.93143090,0.03972031
854,0.00006700,-0.03772273,1.00000000,-0.96275946,0.08166923
855,0.00159792,-0.05974632,-1.00000000,-0.99560421,0.18215623
856,0.00064694,-0.05474844,1.00000000,-0.99496207,0.17234292
857,-0.00058127,0.00623352,1.00000000,-0.87962014,0.13225194
858,-0.00061077,-0.03164737,1.00000000,-0.95126846,0.11166784
859,-0.00307335,-0.08057106,-1.00000000,-0.95621608,-0.00537304
860,-0.00157465,-0.08174615,-1.00000000,-0.95399351,-0.12361479
861,0.00218064,-0.17983908,-1.00000000,-0.76845953,-0.06645387
862,0.00095397,-0.12014058,-1.00000000,-0.88137389,-0.00923551
863,0.00398369,0.02944492,1.00000000,-0.83571787,0.16200008
864,-0.00018263,-0.01941737,1.00000000,-0.92813651,0.26973750
865,0.00084708,0.10126656,1.00000000,-0.69987368,0.35999543
866,-0.00328790,-0.06469177,-1.00000000,-0.98625034,0.15618310
867,-0.00194132,-0.02367495,1.00000000,-0.93618935,0.04827564
868,-0.00449119,-0.18838507,-1.00000000,-0.75229556,-0.26758329
869,-0.00174590,-0.13474641,-1.00000000,-0.85374827,-0.32584638
870,0.00024403,-0.23631630,-1.00000000,-0.66163793,-0.34832224
871,-0.00073901,-0.12696204,-1.00000000,-0.86847171,-0.25332522
872,-0.00167561,-0.04769664,1.00000000,-0.98162421,-0.24342204
873,0.00187342,-0.08685442,-1.00000000,-0.94433168,-0.00621288
874,-0.00030260,-0.12416212,-1.00000000,-0.87376751,0.04757895
875,-0.00177120,0.01720747,1.00000000,-0.85886390,-0.02752854
876,0.00247663,-0.06947055,-1.00000000,-0.97721170,0.09231830
877,-0.00070210,-0.12796982,-1.00000000,-0.86656559,0.12860081
878,0.00950409,0.04123516,1.00000000,-0.81341768,0.41299601
879,-0.00356780,-0.08538419,-1.00000000,-0.94711248,0.29130192
880,-0.00137482,0.32116260,1.00000000,-0.28396004,0.30607481
881,-0.00328153,-0.19953443,-1.00000000,-0.73120753,0.09146819
882,-0.00031602,-0.11218089,-1.00000000,-0.89642893,0.10585734
883,-0.00099176,-0.18813152,-1.00000000,-0.75277513,-0.28532321
884,-0.00240860,-0.07000539,-1.00000000,-0.97620009,-0.24211995
885,0.00000232,-0.09692229,-1.00000000,-0.92528920,-0.19079390
886,-0.00132646,-0.15335977,-1.00000000,-0.81854277,-0.11792824
887,0.00342717,-0.05732478,1.00000000,-0.99983497,0.02158065
888,-0.00007776,-0.11025435,-1.00000000,-0.90007280,0.05564566
889,-0.00101275,0.07909854,1.00000000,-0.74180250,0.10766907
890,-0.00152568,-0.06051438,-1.00000000,-0.99415149,0.05072034
891,0.00532424,-0.09775833,-1.00000000,-0.92370791,0.29859198
892,-0.00110275,-0.11819029,-1.00000000,-0.88506269,0.12976180
893,-0.00097386,0.15466523,1.00000000,-0.59887488,0.09636412
894,0.00266051,-0.10134333,-1.00000000,-0.91692721,0.23326646
895,-0.00266247,-0.09620906,-1.00000000,-0.92663821,0.19089848
896,0.00158333,0.04855978,1.00000000,-0.79956382,0.05147456
897,0.00202507,-0.16347222,-1.00000000,-0.79941598,0.16804834
898,0.00045673,0.00565211,1.00000000,-0.88071984,0.22136621
899,0.00106672,0.02324809,1.00000000,-0.84743862,0.16196576
900,-0.00154533,-0.03922413,1.00000000,-0.96559922,0.20360162
901,-0.00030326,-0.01492607,1.00000000,-0.91964162,0.13328828
902,-0.00729741,-0.11897276,-1.00000000,-0.88358272,-0.21416081
903,-0.00205152,-0.06949719,-1.00000000,-0.97716132,-0.30764311
904,-0.00074777,-0.34809762,-1.00000000,-0.45021360,-0.37526932
905,-0.00569273,-0.13913590,-1.00000000,-0.84544595,-0.52984309
906,-0.00101900,-0.08720343,-1.00000000,-0.94367155,-0.55651872
907,0.00084863,-0.28417769,-1.00000000,-0.57111240,-0.25291532
908,0.00556813,-0.09800750,-1.00000000,-0.92323662,0.03106899
909,0.00033319,-0.02361319,1.00000000,-0.93607252,0.07135632
910,-0.00257800,0.16438009,1.00000000,-0.58050010,0.18744230
911,0.00327239,-0.04414524,1.00000000,-0.97490706,0.34738283
912,0.00092146,-0.16010764,-1.00000000,-0.80577978,0.35009700
913,0.00024518,0.07293331,1.00000000,-0.75346349,0.15171055
914,-0.00096530,-0.02071234,1.00000000,-0.93058583,0.10331582
915,0.00293788,-0.04765084,1.00000000,-0.98153759,0.30889282
916,-0.00003618,-0.09586843,-1.00000000,-0.92728247,0.18558227
917,0.00115429,0.05960840,1.00000000,-0.77866636,0.19425985
918,0.00140861,-0.05885821,-1.00000000,-0.99728399,0.23762110
919,0.00445171,-0.01143794,1.00000000,-0.91304413,0.43951341
920,-0.00164595,-0.00130733,1.00000000,-0.89388298,0.26867390
921,-0.00039095,0.11990948,1.00000000,-0.66461226,0.25545137
922,0.00323920,-0.12298100,-1.00000000,-0.87600149,0.33315602
923,-0.00433847,-0.07299015,-1.00000000,-0.97055470,0.11896201
924,0.00043752,0.07161102,1.00000000,-0.75596447,-0.03064718
925,0.00333891,-0.23023302,-1.00000000,-0.67314391,0.15513865
926,0.00184115,-0.03998942,1.00000000,-0.96704670,0.23832921
927,-0.00048211,0.07558268,1.00000000,-0.74845243,0.09963592
928,0.00186854,0.01592204,1.00000000,-0.86129519,0.33097152
929,0.00329774,-0.07662122,-1.00000000,-0.96368684,0.43757200
930,-0.00058217,0.01701322,1.00000000,-0.85923131,0.29143359
931,-0.00151535,0.07394275,1.00000000,-0.75155422,0.16633685
932,0.00201381,-0.08060674,-1.00000000,-0.95614860,0.25935995
933,-0.00145116,-0.11777851,-1.00000000,-0.88584153,0.13563457
934,-0.00010348,0.02279975,1.00000000,-0.84828661,0.00887101
935,0.00496161,-0.11522165,-1.00000000,-0.89067760,0.21548753
936,-0.00076313,-0.06153927,-1.00000000,-0.99221301,0.24352276
937,-0.00268685,0.14022030,1.00000000,-0.62619617,0.06832904
938,0.00060344,-0.08781509,-1.00000000,-0.94251465,0.14490390
939,-0.00040411,-0.16444333,-1.00000000,-0.79757922,0.13369953
940,-0.00031411,-0.03338017,1.00000000,-0.95454590,-0.06292671
941,0.00275870,-0.07351425,-1.00000000,-0.96956341,0.06833192
942,0.00285047,-0.06992936,-1.00000000,-0.97634391,0.27470799
943,-0.00173483,0.05247116,1.00000000,-0.79216581,0.18756073
944,0.00025176,0.05612673,1.00000000,-0.78525162,0.21200524
945,-0.00016743,-0.12652118,-1.00000000,-0.86930555,0.21747202
946,-0.00089398,-0.04738851,1.00000000,-0.98104141,0.08133664
947,0.00293371,-0.06408659,-1.00000000,-0.98739498,0.08443898
948,0.00022424,-0.09302725,-1.00000000,-0.93265632,0.15745358
949,0.00165408,0.05944244,1.00000000,-0.77898026,0.20971790
950,0.00021981,-0.04848483,1.00000000,-0.98311499,0.22415049
951,0.00129495,0.00847040,1.00000000,-0.87538928,0.30573174
952,0.00070960,-0.04866136,1.00000000,-0.98344890,0.22283903
953,0.00231660,-0.00583507,1.00000000,-0.90244680,0.30082116
954,-0.00173654,-0.02915140,1.00000000,-0.94654756,0.17445276
955,-0.00161823,0.03486070,1.00000000,-0.82547440,0.10594880
956,0.00049251,-0.12658928,-1.00000000,-0.86917675,0.07604202
957,0.00199479,-0.12187684,-1.00000000,-0.87808991,0.12394114
958,0.00471312,-0.03779875,1.00000000,-0.96290323,0.21325954
959,0.00137996,0.02204208,1.00000000,-0.84971967,0.32941157
960,-0.00300303,0.13032219,1.00000000,-0.64491757,0.27780025
961,-0.00252501,-0.00244863,1.00000000,-0.89604166,0.16533714
962,-0.00154693,-0.17703784,-1.00000000,-0.77375782,0.03333709
963,-0.00021715,-0.15799677,-1.00000000,-0.80977230,-0.15041410
964,-0.00095660,-0.11903658,-1.00000000,-0.88346201,-0.23749779
965,0.00054614,-0.06606691,-1.00000000,-0.98364938,-0.10522013
966,0.00159516,-0.09552170,-1.00000000,-0.92793830,0.04833877
967,0.00118323,-0.03566248,1.00000000,-0.95886268,0.15009188
968,0.00392946,0.00612350,1.00000000,-0.87982825,0.30463623
969,-0.00124538,-0.01028516,1.00000000,-0.91086375,0.29387335
970,-0.00075397,0.09910657,1.00000000,-0.70395910,0.24541822
971,-0.00033726,-0.10702482,-1.00000000,-0.90618117,0.17339691
972,-0.00104718,-0.08745022,-1.00000000,-0.94320476,0.09026941
973,-0.00048225,-0.07085125,-1.00000000,-0.97460023,-0.07415522
974,-0.00008593,-0.09912994,-1.00000000,-0.92111363,-0.03094235
975,-0.00079514,-0.07662674,-1.00000000,-0.96367641,-0.03247670
976,0.00161069,-0.06083988,-1.00000000,-0.99353583,0.04012319
977,-0.00036212,-0.08909010,-1.00000000,-0.94010308,0.06565532
978,0.00196305,0.00674186,1.00000000,-0.87865866,0.15679150
979,0.00016210,-0.07184178,-1.00000000,-0.97272674,0.16603539
980,0.00101689,0.02077754,1.00000000,-0.85211144,0.23356955
981,0.00304055,-0.05096022,1.00000000,-0.98779698,0.28686062
982,0.00054685,-0.01691113,1.00000000,-0.92339617,0.32073814
983,0.00040450,0.06369815,1.00000000,-0.77093096,0.26265116
984,-0.00169223,-0.03563426,1.00000000,-0.95880929,0.19354012
985,0.00081253,-0.04130450,1.00000000,-0.96953405,0.18592388
986,0.00297753,-0.12482454,-1.00000000,-0.87251460,0.18357510
987,0.00118917,-0.02505119,1.00000000,-0.93879237,0.20751455
988,-0.00041557,0.06118782,1.00000000,-0.77567902,0.17695051
989,0.00204498,-0.01004831,1.00000000,-0.91041577,0.31623646
990,0.00114719,-0.07397065,-1.00000000,-0.96870016,0.32870895
991,0.00175140,0.02404113,1.00000000,-0.84593866,0.28301124
992,-0.00161897,-0.01172087,1.00000000,-0.91357927,0.17835146
993,-0.00027823,0.01234715,1.00000000,-0.86805676,0.18347003
994,-0.00025902,-0.12190632,-1.00000000,-0.87803415,0.09759987
995,0.00148713,-0.06850004,-1.00000000,-0.97904734,0.11026946
996,-0.00179576,-0.06773495,-1.00000000,-0.98049443,-0.02193337
997,0.00225348,0.00182010,1.00000000,-0.88796774,0.12239323
998,0.00249453,-0.12894823,-1.00000000,-0.86471500,0.22573396
999,0.00114983,0.03234668,1.00000000,-0.83022945,0.27824198
1000,0.00421142,0.04194819,1.00000000,-0.81206906,0.37977667
1001,0.00218723,-0.01161557,1.00000000,-0.91338010,0.52822289
1002,0.00371487,0.11033807,1.00000000,-0.68271573,0.58268870
1003,0.00144403,0.02970771,1.00000000,-0.83522082,0.54353684
1004,0.00215806,0.09055851,1.00000000,-0.72012700,0.58111372
1005,0.00093155,0.00010356,1.00000000,-0.89121443,0.45887274
1006,0.00082941,0.02854576,1.00000000,-0.83741855,0.40826658
1007,0.00390496,-0.02031032,1.00000000,-0.92982544,0.41535134
1008,0.00091093,-0.02437900,1.00000000,-0.93752099,0.39548240
1009,-0.00274426,0.09813054,1.00000000,-0.70580518,0.21277261
1010,0.00052731,-0.02113191,1.00000000,-0.93137941,0.19770643
1011,0.00070270,-0.16673032,-1.00000000,-0.79325357,0.19298414
1012,-0.00079923,-0.03641271,1.00000000,-0.96028167,0.01765896
1013,0.00064116,-0.02942608,1.00000000,-0.94706708,0.00760492
1014,0.00132776,-0.08925303,-1.00000000,-0.93979491,0.15936924
1015,0.00211773,-0.03187744,1.00000000,-0.95170361,0.21864425
1016,-0.00194158,-0.00452806,1.00000000,-0.89997472,0.12009154
1017,0.00165577,0.02693907,1.00000000,-0.84045746,0.21158935
1018,0.00102199,-0.13475697,-1.00000000,-0.85372830,0.22578283
1019,-0.00423431,0.00853774,1.00000000,-0.87526192,0.01848432
1020,0.00035637,-0.01670777,1.00000000,-0.92301154,-0.04716143
1021,-0.00098624,-0.22608401,-1.00000000,-0.68099140,-0.01155563
1022,-0.00254518,-0.04322162,1.00000000,-0.97316011,-0.16812498
1023,0.00004843,-0.09670229,-1.00000000,-0.92570531,-0.20440957
1024,-0.00229939,-0.15880003,-1.00000000,-0.80825300,-0.13229479
1025,-0.00122572,-0.05548791,1.00000000,-0.99636069,-0.19125926
1026,0.00420287,-0.14900937,-1.00000000,-0.82677117,0.00213883
1027,-0.00046065,-0.10624151,-1.00000000,-0.90766273,0.07982933
1028,0.00194593,0.10999720,1.00000000,-0.68336046,0.15054904
1029,0.00130296,-0.07576619,-1.00000000,-0.96530406,0.28480851
1030,0.00122119,0.02009571,1.00000000,-0.85340106,0.37600459
1031,0.00133253,-0.00551589,1.00000000,-0.90184311,0.26902703
1032,0.00080013,-0.00877321,1.00000000,-0.90800404,0.31601635
1033,0.00088760,-0.00433798,1.00000000,-0.89961520,0.27657236
1034,0.00204442,-0.02554507,1.00000000,-0.93972651,0.30420664
1035,0.00168705,-0.02206113,1.00000000,-0.93313695,0.32156960
1036,-0.00011186,0.02401900,1.00000000,-0.84598050,0.26773719
1037,-0.00034779,0.00978392,1.00000000,-0.87290489,0.22495389
1038,-0.00128398,-0.06187283,-1.00000000,-0.99158211,0.14401914
1039,-0.00177529,-0.07127090,-1.00000000,-0.97380650,0.00165829
1040,-0.00096351,-0.10856236,-1.00000000,-0.90327305,-0.09712819
1041,-0.00195492,-0.12813304,-1.00000000,-0.86625687,-0.16581927
1042,0.00296655,-0.09579683,-1.00000000,-0.92741790,-0.04229361
1043,0.00331041,-0.13528830,-1.00000000,-0.85272333,0.12893950
1044,0.00172077,0.06075053,1.00000000,-0.77650612,0.25923796
1045,-0.00202248,0.07444770,1.00000000,-0.75059914,0.21977001
1046,0.00180053,0.01112700,1.00000000,-0.87036457,0.35973604
1047,0.00173174,-0.13797928,-1.00000000,-0.84763358,0.31371451
1048,0.00032712,0.01430421,1.00000000,-0.86435516,0.20252708
1049,0.00222366,0.01156376,1.00000000,-0.86953847,0.22126990
1050,0.00228341,-0.04438690,1.00000000,-0.97536413,0.38175035
1051,-0.00292709,0.03115890,1.00000000,-0.83247604,0.20555180
1052,-0.00144480,0.03353858,1.00000000,-0.82797507,0.08716231
1053,0.00020431,-0.17401280,-1.00000000,-0.77947942,0.08258507
1054,-0.00012228,-0.11496824,-1.00000000,-0.89115690,-0.00484827
1055,-0.00090002,-0.04927895,1.00000000,-0.98461700,-0.12349452
1056,-0.00180226,-0.06228788,-1.00000000,-0.99079709,-0.08157224
1057,0.00173898,-0.09326784,-1.00000000,-0.93220127,0.03708720
1058,-0.00046246,-0.12920722,-1.00000000,-0.86422515,0.01223664
1059,-0.00028921,0.01185228,1.00000000,-0.86899277,0.00601513
1060,-0.00019113,-0.07583866,-1.00000000,-0.96516699,0.03243555
1061,-0.00086841,-0.06893729,-1.00000000,-0.97822032,0.06724027
1062,0.00007965,-0.06503029,-1.00000000,-0.98561006,0.00539698
1063,0.00285782,-0.09200872,-1.00000000,-0.93458278,0.12914424
1064,0.00462636,-0.05424443,1.00000000,-0.99400876,0.31234766
1065,0.00986952,0.05641960,1.00000000,-0.78469768,0.68730831
1066,0.00032605,0.12686638,1.00000000,-0.65145393,0.73182576
1067,-0.00252627,0.33571915,1.00000000,-0.25642764,0.63470307
1068,-0.00036091,-0.04442948,1.00000000,-0.97544467,0.51474085
1069,0.00124104,-0.15804695,-1.00000000,-0.80967739,0.38856985
1070,0.00146184,-0.07179330,-1.00000000,-0.97281843,0.07521528
1071,-0.00010405,-0.00798234,1.00000000,-0.90650817,0.05918561
1072,0.00411393,0.00081290,1.00000000,-0.88987277,0.30666593
1073,-0.00398123,-0.06156163,-1.00000000,-0.99217072,0.17173629
1074,0.00341819,0.10645440,1.00000000,-0.69006135,0.25287861
1075,0.00049317,-0.21600304,-1.00000000,-0.70005864,0.21677609
1076,0.00004889,0.07874074,1.00000000,-0.74247925,0.22247585
1077,0.00046443,-0.03777266,1.00000000,-0.96285389,0.08645911
1078,-0.00509047,-0.05546985,1.00000000,-0.99632654,0.04511793
1079,-0.00125230,-0.03891721,1.00000000,-0.96501870,-0.12895108
1080,0.00146518,-0.26018755,-1.00000000,-0.61648760,-0.09272421
1081,-0.00074397,-0.10730027,-1.00000000,-0.90566017,-0.12227397
1082,-0.00070965,0.00094579,1.00000000,-0.88962141,-0.16603220
1083,0.00223896,-0.08705196,-1.00000000,-0.94395804,0.10713560
1084,0.00026946,-0.08568502,-1.00000000,-0.94654350,0.16385137
1085,-0.00326482,0.03176800,1.00000000,-0.83132397,-0.01243582
1086,0.00072177,-0.04668375,1.00000000,-0.97970842,0.04219237
1087,-0.00074732,-0.18746596,-1.00000000,-0.75403398,0.04078838
1088,0.00163541,-0.02866659,1.00000000,-0.94563058,0.01829420
1089,0.00376735,-0.08718557,-1.00000000,-0.94370533,0.14866086
1090,0.00168934,0.00772674,1.00000000,-0.87679586,0.33330243
1091,-0.00166696,0.09264918,1.00000000,-0.71617268,0.24427448
1092,0.00471884,0.00987476,1.00000000,-0.87273307,0.44799859
1093,0.00014016,-0.12381765,-1.00000000,-0.87441904,0.39227058
1094,-0.00016446,0.13055014,1.00000000,-0.64448642,0.24573174
1095,0.00004944,-0.05183409,1.00000000,-0.98944982,0.18461274
1096,-0.00206482,-0.06396821,-1.00000000,-0.98761888,0.16978452
1097,0.00207176,-0.05544784,1.00000000,-0.99628490,0.07112758
1098,0.00243867,-0.13966571,-1.00000000,-0.84444385,0.15679313
1099,-0.00476341,0.02510784,1.00000000,-0.84392106,-0.01460972
1100,0.00138105,0.03972331,1.00000000,-0.81627722,0.03501947
1101,-0.00050060,-0.24715969,-1.00000000,-0.64112863,0.09331779
1102,-0.00085160,-0.00240529,1.00000000,-0.89595968,-0.01563593
1103,-0.00571147,-0.07735779,-1.00000000,-0.96229369,-0.31939187
1104,-0.00332089,-0.09133942,-1.00000000,-0.93584869,-0.26562911
1105,0.00089621,-0.28492415,-1.00000000,-0.56970055,-0.28369908
1106,-0.00607343,-0.18969927,-1.00000000,-0.74980986,-0.49139872
1107,0.00537773,-0.02171806,1.00000000,-0.93248806,-0.25923130
1108,0.00099636,-0.29934245,-1.00000000,-0.54242963,-0.00923014
1109,-0.00236761,0.15679584,1.00000000,-0.59484502,0.02629843
1110,-0.00276089,-0.01772858,1.00000000,-0.92494231,-0.11000167
1111,0.00660657,-0.15172714,-1.00000000,-0.82163074,0.36258263
1112,0.00287417,-0.16739251,-1.00000000,-0.79200109,0.26927491
1113,0.00256710,0.20574492,1.00000000,-0.50226223,0.32781640
1114,-0.00268507,0.05707067,1.00000000,-0.78346625,0.31598489
1115,-0.00488213,0.04483924,1.00000000,-0.80660089,0.23692611
1116,-0.00021294,-0.16437239,-1.00000000,-0.79771338,-0.01723736
1117,0.00033120,-0.25188875,-1.00000000,-0.63218404,-0.11201402
1118,-0.00044218,-0.06589922,-1.00000000,-0.98396655,-0.22416999
1119,-0.00323468,-0.04422447,1.00000000,-0.97505691,-0.24465396
1120,0.00067084,-0.07503052,-1.00000000,-0.96669551,-0.03769449
1121,-0.00180418,-0.18626519,-1.00000000,-0.75630511,-0.09699991
1122,0.00381224,-0.03069516,1.00000000,-0.94946743,0.03273884
1123,0.00084884,-0.12928352,-1.00000000,-0.86408084,0.08085489
1124,0.00531963,0.09443736,1.00000000,-0.71279049,0.39967399
1125,0.00060333,-0.02360518,1.00000000,-0.93605738,0.39715759
1126,-0.00139932,0.15448143,1.00000000,-0.59922253,0.41224667
1127,0.00028153,-0.03338462,1.00000000,-0.95455432,0.28065676
1128,-0.00090946,-0.11315665,-1.00000000,-0.89458336,0.21512503
1129,0.00051643,-0.04620295,1.00000000,-0.97879903,0.03610966
1130,0.00065016,-0.09364400,-1.00000000,-0.93148979,0.03785509
1131,-0.00228768,-0.03684614,1.00000000,-0.96110145,0.00474586
1132,-0.00471347,-0.03151916,1.00000000,-0.95102595,-0.18141793
1133,-0.00438255,-0.14854304,-1.00000000,-0.82765318,-0.31085996
1134,-0.00325175,-0.24517059,-1.00000000,-0.64489085,-0.45130012
1135,0.00199283,-0.23198870,-1.00000000,-0.66982320,-0.40125863
1136,-0.00079237,-0.18694540,-1.00000000,-0.75501857,-0.34552847
1137,-0.00066209,0.02196406,1.00000000,-0.84986725,-0.19453325
1138,-0.00283286,-0.08897992,-1.00000000,-0.94031149,-0.13677647
1139,0.00094397,-0.08379032,-1.00000000,-0.95012714,0.01959842
1140,0.00153709,-0.17025956,-1.00000000,-0.78657833,0.00261281
1141,0.00489011,-0.01981547,1.00000000,-0.92888948,0.21439901
1142,-0.00606666,0.00381023,1.00000000,-0.88420359,0.01297035
1143,-0.00451939,0.13737236,1.00000000,-0.63158280,-0.04988655
1144,-0.00120106,-0.29907269,-1.00000000,-0.54293985,-0.12983196
1145,0.00422173,-0.23743959,-1.00000000,-0.65951333,-0.02977515
1146,-0.00345311,-0.10525931,-1.00000000,-0.90952047,-0.34072708
1147,0.00222261,0.11074868,1.00000000,-0.68193910,-0.03178580
1148,-0.00092040,-0.19496600,-1.00000000,-0.73984831,0.10234872
1149,-0.00039239,0.03111673,1.00000000,-0.83255579,0.13248764
1150,-0.00027316,-0.09407965,-1.00000000,-0.93066579,-0.03503724
1151,-0.00316844,-0.07304752,-1.00000000,-0.97044619,-0.02442779
1152,0.00166369,-0.06829811,-1.00000000,-0.97942926,-0.04525868
1153,0.00106561,-0.18362687,-1.00000000,-0.76129526,0.02875983
1154,0.00289476,0.00885315,1.00000000,-0.87466535,0.15127208
1155,-0.00008983,-0.01497035,1.00000000,-0.91972536,0.15810495
1156,-0.00426210,0.05789079,1.00000000,-0.78191506,0.11734446
1157,-0.00103650,-0.06099529,-1.00000000,-0.99324189,0.01670838
1158,0.00040239,-0.22719076,-1.00000000,-0.67889808,-0.00800982
1159,-0.00136319,-0.09870441,-1.00000000,-0.92191849,-0.16670375
1160,-0.00159731,-0.04138860,1.00000000,-0.96969311,-0.22288769
1161,0.00120868,-0.11171768,-1.00000000,-0.89730504,-0.01899179
1162,0.00106414,-0.12104341,-1.00000000,-0.87966627,0.05929905
1163,0.00168485,-0.00927145,1.00000000,-0.90894641,0.10709639
1164,0.00144215,-0.01502893,1.00000000,-0.91983617,0.21165143
1165,-0.00168934,0.00969611,1.00000000,-0.87307097,0.20822156
1166,-0.00014926,0.00002838,1.00000000,-0.89135662,0.15761112
1167,-0.00089585,-0.12470918,-1.00000000,-0.87273278,0.08456238
1168,0.00155077,-0.06336274,-1.00000000,-0.98876409,0.07956507
1169,0.00036201,-0.09310177,-1.00000000,-0.93251538,0.03930840
1170,-0.00404595,0.00435510,1.00000000,-0.88317301,-0.04852251
1171,-0.00247474,-0.04299705,1.00000000,-0.97273535,-0.13519296
1172,0.00047187,-0.21858087,-1.00000000,-0.69518291,-0.08421824
1173,-0.00138203,-0.15599415,-1.00000000,-0.81356008,-0.19352346
1174,-0.00043806,-0.03862114,1.00000000,-0.96445871,-0.22334202
1175,0.00076654,-0.11246784,-1.00000000,-0.89588619,-0.04398057
1176,-0.00211297,-0.07486645,-1.00000000,-0.96700585,-0.03049773
1177,-0.00127740,-0.02688342,1.00000000,-0.94225787,-0.09569306
1178,0.00035863,-0.14158399,-1.00000000,-0.84081560,-0.03081875
1179,-0.00284156,-0.10830043,-1.00000000,-0.90376847,-0.12039740
1180,0.00410958,-0.04313165,1.00000000,-0.97298994,0.00419804
1181,0.00513671,-0.17060607,-1.00000000,-0.78592293,0.27439382
1182,-0.00375309,0.10628135,1.00000000,-0.69038865,0.18212502
1183,-0.00525025,0.14719513,1.00000000,-0.61300390,-0.02691809
1184,-0.00174559,-0.20691522,-1.00000000,-0.71724743,0.01392880
1185,-0.00242859,-0.26655219,-1.00000000,-0.60444947,-0.22974921
1186,-0.00240942,-0.12694984,-1.00000000,-0.86849478,-0.51099354
1187,-0.00163795,-0.15415617,-1.00000000,-0.81703645,-0.43216247
1188,-0.00292191,-0.15339243,-1.00000000,-0.81848100,-0.34538533
1189,0.00321075,-0.12266237,-1.00000000,-0.87660415,-0.16066247
1190,0.00110137,-0.17380674,-1.00000000,-0.77986915,-0.02910061
1191,-0.00149539,0.07047776,1.00000000,-0.75810794,0.00496531
1192,-0.00141762,-0.01354584,1.00000000,-0.91703104,0.01317715
1193,0.00105300,-0.11698354,-1.00000000,-0.88734514,0.16132234
1194,0.00024952,-0.11388574,-1.00000000,-0.89320436,0.05095719
1195,0.00164378,-0.01547253,1.00000000,-0.92067520,0.07117270
1196,-0.00028340,-0.04747801,1.00000000,-0.98121068,0.11634342
1197,0.00070954,0.00806003,1.00000000,-0.87616546,0.19562271
1198,-0.00001114,-0.06870610,-1.00000000,-0.97865759,0.15596214
1199,-0.00043875,-0.02915384,1.00000000,-0.94655216,0.13031022
1200,-0.00011301,-0.05786085,-1.00000000,-0.99917040,0.06483464
1201,0.00191715,-0.07489420,-1.00000000,-0.96695336,0.14684931
1202,-0.00243063,-0.06191878,-1.00000000,-0.99149520,0.02981508
1203,-0.00083712,0.01894932,1.00000000,-0.85556935,-0.00096921
1204,0.00061568,-0.15423737,-1.00000000,-0.81688287,0.03832962
1205,0.00626133,-0.09076240,-1.00000000,-0.93694007,0.27590170
1206,-0.00161208,-0.03289250,1.00000000,-0.95362350,0.14436729
1207,0.00056656,0.19199287,1.00000000,-0.52827301,0.25607273
1208,0.00342278,-0.12163166,-1.00000000,-0.87855364,0.41483946
1209,-0.00298457,-0.03484913,1.00000000,-0.95732430,0.28065801
1210,-0.00013976,0.07892387,1.00000000,-0.74213288,0.04208913
1211,-0.00388816,-0.17630258,-1.00000000,-0.77514849,-0.04274038
1212,-0.00000479,-0.06298414,-1.00000000,-0.98948017,-0.06403478
1213,0.00557750,-0.21229552,-1.00000000,-0.70707109,0.01627149
1214,-0.00284900,-0.05760811,-1.00000000,-0.99964845,0.02132423
1215,-0.00122119,0.16475339,1.00000000,-0.57979403,-0.01898096
1216,-0.00372611,-0.17090234,-1.00000000,-0.78536257,-0.01294143
1217,0.00048842,-0.10606141,-1.00000000,-0.90800338,0.00544066
1218,0.00081870,-0.20584060,-1.00000000,-0.71927999,-0.17192000
1219,0.00449519,-0.03796175,1.00000000,-0.96321153,0.10179797
1220,0.00027006,-0.02480566,1.00000000,-0.93832797,0.15737716
1221,-0.00192906,0.12164121,1.00000000,-0.66133685,0.22435310
1222,-0.00172717,-0.04665963,1.00000000,-0.97966280,0.14177805
1223,-0.00056147,-0.13425823,-1.00000000,-0.85467162,0.09033916
1224,0.00341024,-0.12621608,-1.00000000,-0.86988262,0.04990311
1225,-0.00878838,-0.07978238,-1.00000000,-0.95770780,-0.28770532
1226,-0.00175387,0.07842409,1.00000000,-0.74307816,-0.28117587
1227,0.00050428,-0.40748787,-1.00000000,-0.33788227,-0.19800972
1228,0.00096838,-0.12727970,-1.00000000,-0.86787089,-0.14099203
1229,0.00571403,-0.03732999,1.00000000,-0.96201662,-0.05512957
1230,0.00010748,-0.01884317,1.00000000,-0.92705046,0.27641940
1231,0.00007056,0.17019194,1.00000000,-0.56950751,0.34441598
1232,-0.00054889,-0.05313585,1.00000000,-0.99191199,0.30516425
1233,-0.00312944,-0.05460649,1.00000000,-0.99469358,0.15243821
1234,0.00036731,-0.07928134,-1.00000000,-0.95865547,-0.04683442
1235,-0.00343599,-0.18207331,-1.00000000,-0.76423369,-0.17889962
1236,0.00294212,-0.04278612,1.00000000,-0.97233640,-0.07187646
1237,-0.00205495,-0.19428415,-1.00000000,-0.74113798,-0.12800741
1238,-0.00078645,0.05977743,1.00000000,-0.77834664,-0.04068400
1239,-0.00132637,-0.13927282,-1.00000000,-0.84518696,-0.10380728
1240,-0.00290047,-0.08874403,-1.00000000,-0.94075764,-0.08384836
1241,-0.00077657,-0.11025085,-1.00000000,-0.90007942,-0.22244390
1242,-0.00144617,-0.17295250,-1.00000000,-0.78148488,-0.19975470
1243,0.00156942,-0.08835034,-1.00000000,-0.94150228,-0.11195124
1244,0.00097004,-0.11502312,-1.00000000,-0.89105311,-0.02636402
1245,0.00334967,0.00509831,1.00000000,-0.88176730,0.20657872
1246,-0.00317346,-0.01877717,1.00000000,-0.92692563,0.11724655
1247,0.00118655,0.07601141,1.00000000,-0.74764154,0.21536811
1248,-0.00099157,-0.18382653,-1.00000000,-0.76091762,0.11991988
1249,-0.00139515,-0.01015302,1.00000000,-0.91061382,0.03176917
1250,0.00183215,-0.09691459,-1.00000000,-0.92530377,-0.02478867
1251,-0.00094137,-0.11299065,-1.00000000,-0.89489734,0.05840132
1252,0.00139826,0.01556367,1.00000000,-0.86197301,0.06629184
1253,-0.00056367,-0.09491496,-1.00000000,-0.92908588,0.08223947
1254,0.00083298,-0.00171981,1.00000000,-0.89466316,0.16528207
1255,-0.00169387,-0.07987012,-1.00000000,-0.95754185,0.03386727
1256,-0.00200737,-0.02423660,1.00000000,-0.93725166,-0.00586259
1257,0.00059339,-0.12488949,-1.00000000,-0.87239175,-0.03585993
1258,-0.00284007,-0.13737733,-1.00000000,-0.84877212,-0.12070117
1259,-0.00179553,-0.03378029,1.00000000,-0.95530268,-0.21866610
1260,0.00049925,-0.17054651,-1.00000000,-0.78603559,-0.13692870
1261,-0.00087820,-0.12893930,-1.00000000,-0.86473190,-0.09484464
1262,0.00014581,-0.03753042,1.00000000,-0.96239571,-0.11152614
1263,0.00144052,-0.09239884,-1.00000000,-0.93384489,0.04801132
1264,0.00497382,-0.05160910,1.00000000,-0.98902427,0.30030521
1265,-0.00158621,-0.00003650,1.00000000,-0.89147932,0.22257996
1266,-0.00048822,0.14070669,1.00000000,-0.62527622,0.23711447
1267,-0.00575376,-0.12060139,-1.00000000,-0.88050230,0.01723724
1268,0.00104500,-0.07686469,-1.00000000,-0.96322634,0.00249617
1269,-0.00276433,-0.28660888,-1.00000000,-0.56651403,-0.28590486
1270,0.00085981,-0.01579142,1.00000000,-0.92127834,-0.19474129
1271,-0.00266474,-0.16752979,-1.00000000,-0.79174144,-0.27586028
1272,-0.00061832,-0.02316784,1.00000000,-0.93523019,-0.08446226
1273,0.00732637,-0.16356283,-1.00000000,-0.79924461,0.14964471
1274,-0.00003961,-0.08204702,-1.00000000,-0.95342444,0.25119531
1275,0.00008925,0.23441679,1.00000000,-0.44803196,0.22247633
1276,-0.00416440,-0.05899482,-1.00000000,-0.99702562,0.16658424
1277,0.00062959,-0.05386203,1.00000000,-0.99328550,0.21309386
1278,-0.00403690,-0.22329902,-1.00000000,-0.68625895,-0.21041553
1279,-0.00021308,-0.03233859,1.00000000,-0.95257584,-0.21688077
1280,-0.00018309,-0.21822043,-1.00000000,-0.69586465,-0.22703102
1281,0.00182723,-0.06590472,-1.00000000,-0.98395615,-0.00372283
1282,-0.00162591,-0.06471039,-1.00000000,-0.98621511,-0.08778534
1283,0.00118741,0.01536771,1.00000000,-0.86234365,0.10692493
1284,-0.00183678,-0.12218270,-1.00000000,-0.87751141,0.04640965
1285,-0.00082151,-0.01011852,1.00000000,-0.91054857,0.02261604
1286,-0.00308621,-0.13058207,-1.00000000,-0.86162474,-0.16050830
1287,0.00035415,-0.09014046,-1.00000000,-0.93811642,-0.08671128
1288,0.00151220,-0.18035143,-1.00000000,-0.76749046,-0.07460655
1289,0.00100738,-0.04331011,1.00000000,-0.97332749,0.03139533
1290,-0.00092145,0.00281874,1.00000000,-0.88607890,0.02767028
1291,0.00250659,-0.01728967,1.00000000,-0.92411215,0.23611413
1292,0.00537165,-0.09412170,-1.00000000,-0.93058626,0.42311658
1293,0.00141554,0.04242862,1.00000000,-0.81116037,0.41951403
1294,0.00331117,0.15655386,1.00000000,-0.59530271,0.50537612
1295,-0.00143110,-0.00103159,1.00000000,-0.89336145,0.48638158
1296,0.00091333,0.07447779,1.00000000,-0.75054223,0.42700105
1297,-0.00571641,-0.11442265,-1.00000000,-0.89218884,0.01374863
1298,0.00040764,-0.02103595,1.00000000,-0.93119790,-0.02381563
1299,-0.00167314,-0.28512094,-1.00000000,-0.56932833,-0.20958093
1300,-0.00360866,-0.04117942,1.00000000,-0.96929747,-0.29073873
1301,-0.00084469,-0.12406395,-1.00000000,-0.87395319,-0.35626025
1302,0.00242540,-0.20116226,-1.00000000,-0.72812865,-0.05281493
1303,-0.00010893,-0.09106385,-1.00000000,-0.93636990,-0.07206767
1304,0.01207627,0.03919453,1.00000000,-0.81727736,0.44037316
1305,-0.00012404,-0.06175631,-1.00000000,-0.99180250,0.57024524
1306,-0.00189454,0.42362118,1.00000000,-0.09016883,0.53111732
1307,-0.00138028,-0.06235793,-1.00000000,-0.99066458,0.38927965
1308,0.00242725,-0.13288288,-1.00000000,-0.85727296,0.48380319
1309,-0.00075764,-0.11239835,-1.00000000,-0.89601762,0.00548327
1310,-0.00032973,0.03926830,1.00000000,-0.81713782,-0.00218290
1311,-0.00371011,-0.08759629,-1.00000000,-0.94292849,-0.06984928
1312,-0.00323211,-0.07055136,-1.00000000,-0.97516744,-0.13886705
1313,-0.00035642,-0.20520317,-1.00000000,-0.72048562,-0.24261432
1314,0.00037657,-0.18616298,-1.00000000,-0.75649845,-0.20034232
1315,0.00108983,-0.07161443,-1.00000000,-0.97315674,-0.14743549
1316,0.00920169,-0.04241693,1.00000000,-0.97163812,0.33378750
1317,-0.00341006,-0.01400574,1.00000000,-0.91790090,0.32715548
1318,0.00510128,0.30911704,1.00000000,-0.30674315,0.53056391
1319,-0.00254132,-0.19325113,-1.00000000,-0.74309185,0.42181384
1320,-0.00484049,0.14578387,1.00000000,-0.61567317,0.20079094
1321,-0.00335870,-0.15864653,-1.00000000,-0.80854333,-0.26733492
1322,0.00192101,-0.25023001,-1.00000000,-0.63532141,-0.06864581
1323,0.00409728,-0.19120526,-1.00000000,-0.74696142,-0.10606477
1324,0.00039557,0.01910329,1.00000000,-0.85527813,0.00339323
1325,-0.00526456,0.10579133,1.00000000,-0.69131548,-0.01241180
1326,0.00035994,-0.04166030,1.00000000,-0.97020702,0.12618175
1327,-0.01045649,-0.26712207,-1.00000000,-0.60337158,-0.33512800
1328,-0.00069252,-0.04307961,1.00000000,-0.97289151,-0.51364392
1329,0.00244070,-0.47393410,-1.00000000,-0.21220517,-0.43742168
1330,-0.00131592,-0.08500243,-1.00000000,-0.94783454,-0.29025577
1331,0.00622301,0.03980430,1.00000000,-0.81612403,-0.07173897
1332,-0.00231448,-0.10983448,-1.00000000,-0.90086694,0.23171366
1333,-0.00769455,0.19046618,1.00000000,-0.53116060,-0.02925224
1334,0.00290168,-0.14961081,-1.00000000,-0.82563359,-0.01207149
1335,-0.00657759,-0.36391687,-1.00000000,-0.42029291,-0.20817433
1336,0.00314233,0.05816669,1.00000000,-0.78139322,-0.32299113
1337,-0.00194163,-0.31942474,-1.00000000,-0.50444577,-0.30909502
1338,0.00448847,0.06775258,1.00000000,-0.76326237,0.14496639
1339,0.00651080,-0.13475895,-1.00000000,-0.85372454,0.27947837
1340,-0.00420086,0.12137366,1.00000000,-0.66184290,0.36805918
1341,0.00537225,0.20193003,1.00000000,-0.50947775,0.45116813
1342,-0.00405784,-0.22475157,-1.00000000,-0.68351158,0.37229692
1343,0.00190304,0.15657754,1.00000000,-0.59525793,0.27593803
1344,0.00008082,-0.21905472,-1.00000000,-0.69428666,0.03629240
1345,0.00150135,0.01838747,1.00000000,-0.85663204,0.24881407
1346,-0.00145034,-0.05419778,1.00000000,-0.99392052,-0.00546388
1347,-0.00021089,0.00238676,1.00000000,-0.88689595,0.13791211
1348,0.00233461,-0.11518896,-1.00000000,-0.89073942,0.15399653
1349,-0.00309939,-0.06581772,-1.00000000,-0.98412071,0.03547007
1350,-0.00171236,0.03557814,1.00000000,-0.82411744,-0.08430510
1351,-0.00522139,-0.18087617,-1.00000000,-0.76649797,-0.22485227
1352,0.00281136,-0.12562622,-1.00000000,-0.87099830,-0.11221289
1353,-0.00349673,-0.26540260,-1.00000000,-0.60662381,-0.32954701
1354,0.00505749,0.05456870,1.00000000,-0.78819848,-0.02554006
1355,-0.00295259,-0.19670365,-1.00000000,-0.73656172,-0.07176329
1356,0.00764265,0.14403956,1.00000000,-0.61897238,0.40767971
1357,-0.00528609,-0.17502855,-1.00000000,-0.77755821,0.10588771
1358,0.00690467,0.24701519,1.00000000,-0.42420322,0.49354824
1359,0.00357750,-0.26797973,-1.00000000,-0.60174939,0.43838918
1360,0.00726834,0.21761913,1.00000000,-0.47980322,0.81932340
1361,0.00103048,0.08508681,1.00000000,-0.73047622,0.57288757
1362,-0.00034811,0.23210529,1.00000000,-0.45240395,0.75692613
1363,0.00170668,-0.01636983,1.00000000,-0.92237236,0.56319670
1364,0.00256496,-0.07128350,-1.00000000,-0.97378267,0.52545917
1365,-0.00573250,0.01056552,1.00000000,-0.87142656,0.04091744
1366,0.00415137,0.04475380,1.00000000,-0.80676250,0.15723343
1367,-0.00102368,-0.28576191,-1.00000000,-0.56811600,0.13205503
1368,-0.00264891,0.10794606,1.00000000,-0.68724001,-0.03027764
1369,-0.00708030,-0.09819360,-1.00000000,-0.92288463,-0.38975667
1370,0.00019269,-0.16293195,-1.00000000,-0.80043785,-0.16892464
1371,0.00003378,-0.33944923,-1.00000000,-0.46657126,-0.32238768
1372,-0.00251471,-0.04974166,1.00000000,-0.98549218,-0.37795846
1373,0.00515890,-0.05607176,1.00000000,-0.99746499,-0.08696145
1374,-0.00181209,-0.15758638,-1.00000000,-0.81054851,0.10938476
1375,-0.00155532,0.14807905,1.00000000,-0.61133206,0.04423644
1376,-0.00033114,-0.12959885,-1.00000000,-0.86348442,0.03063610
1377,0.00375028,-0.11937071,-1.00000000,-0.88283003,0.26413218
1378,0.00059783,-0.07060748,-1.00000000,-0.97506129,0.09414095
1379,0.00115313,0.09196893,1.00000000,-0.71745932,0.20465501
1380,-0.00015127,-0.03360373,1.00000000,-0.95496873,0.25698404
1381,0.00043822,-0.01148393,1.00000000,-0.91313111,0.28565797
1382,0.00665978,-0.06344263,-1.00000000,-0.98861297,0.39409527
1383,-0.00102139,-0.03996144,1.00000000,-0.96699376,0.33374689
1384,0.00813510,0.20786425,1.00000000,-0.49825370,0.59396497
1385,0.00366846,-0.09810271,-1.00000000,-0.92305654,0.73632644
1386,-0.00136207,0.26663125,1.00000000,-0.38710120,0.66922966
1387,0.00040244,0.08871007,1.00000000,-0.72362315,0.43601830
1388,-0.00147095,-0.11167295,-1.00000000,-0.89738965,0.41926341
1389,0.00227851,-0.04138676,1.00000000,-0.96968963,0.20098818
1390,-0.00095546,-0.11600996,-1.00000000,-0.88918659,0.02865449
1391,0.00250872,0.03334364,1.00000000,-0.82834379,0.17291878
1392,-0.00602733,-0.09547626,-1.00000000,-0.92802423,-0.06671895
1393,0.00034552,0.04251345,1.00000000,-0.81099992,0.00098104
1394,0.00118441,-0.29750612,-1.00000000,-0.54590287,-0.03979609
1395,-0.00167168,-0.04365375,1.00000000,-0.97397745,-0.06648957
1396,0.00082758,-0.01023803,1.00000000,-0.91077461,-0.12914543
1397,0.00006113,-0.12400564,-1.00000000,-0.87406346,0.09777193
1398,-0.00318386,-0.02445171,1.00000000,-0.93765851,-0.03376831
1399,-0.00270881,-0.05498199,1.00000000,-0.99540380,-0.17886898
1400,0.00089177,-0.18424099,-1.00000000,-0.76013372,-0.08332921
1401,-0.00782293,-0.16531833,-1.00000000,-0.79592423,-0.40573424
1402,-0.00578482,-0.02189491,1.00000000,-0.93282255,-0.62361315
1403,0.00330058,-0.36903089,-1.00000000,-0.41062019,-0.38193797
1404,-0.00075719,-0.28784602,-1.00000000,-0.56417409,-0.30920069
1405,-0.00220382,0.07405596,1.00000000,-0.75134009,-0.42457336
1406,-0.00080654,-0.08757838,-1.00000000,-0.94296237,-0.16307211
1407,0.00291824,-0.14520260,-1.00000000,-0.83397133,0.16129106
1408,-0.00030356,-0.08954429,-1.00000000,-0.93924402,0.02696489
1409,0.00237593,0.05882598,1.00000000,-0.78014623,0.14373601
1410,-0.00400267,-0.06950881,-1.00000000,-0.97713935,0.07669263
1411,-0.00021843,0.03722395,1.00000000,-0.82100452,0.09861148
1412,-0.00166874,-0.21685705,-1.00000000,-0.69844336,-0.07234518
1413,-0.00445699,-0.06611792,-1.00000000,-0.98355290,-0.22714373
1414,0.00545608,-0.12388863,-1.00000000,-0.87428479,-0.11234640
1415,-0.00295280,-0.23495398,-1.00000000,-0.66421465,-0.07321745
1416,-0.00522322,0.15991673,1.00000000,-0.58894214,-0.25974606
1417,0.00167694,-0.17503692,-1.00000000,-0.77754239,-0.13505261
1418,0.00032751,-0.26547546,-1.00000000,-0.60648600,0.04326576
1419,-0.00094583,0.00938091,1.00000000,-0.87366715,-0.19533337
1420,0.00032367,-0.04437135,1.00000000,-0.97533472,-0.07321935
1421,-0.00262155,-0.09509261,-1.00000000,-0.92874988,0.02374481
1422,-0.00070219,-0.04452422,1.00000000,-0.97562386,-0.06492526
1423,-0.00464200,-0.16184236,-1.00000000,-0.80249870,-0.25013904
1424,-0.00267778,-0.08538765,-1.00000000,-0.94710594,-0.31468898
1425,-0.00418346,-0.24232363,-1.00000000,-0.65027560,-0.48266981
1426,0.00120205,-0.16408212,-1.00000000,-0.79826240,-0.34016413
1427,-0.00548218,-0.22405832,-1.00000000,-0.68482280,-0.51831446
1428,-0.00126097,-0.00953553,1.00000000,-0.90944589,-0.39230348
1429,-0.01025599,-0.27579068,-1.00000000,-0.58697569,-0.67474356
1430,0.00025889,-0.10764596,-1.00000000,-0.90500634,-0.50917714
1431,0.00004073,-0.46594766,-1.00000000,-0.22731081,-0.55245941
1432,0.00001004,-0.04710469,1.00000000,-0.98050459,-0.34776416
1433,0.00801020,-0.05579465,1.00000000,-0.99694086,-0.00222708
1434,0.00242860,-0.05701704,1.00000000,-0.99925291,0.47052779
1435,0.00428372,0.26165623,1.00000000,-0.39651102,0.62053328
1436,0.00244146,0.03932202,1.00000000,-0.81703623,0.71000840
1437,0.00244173,0.11321778,1.00000000,-0.67726903,0.80063727
1438,-0.00319780,0.03983433,1.00000000,-0.81606723,0.38291452
1439,-0.00342742,0.03984505,1.00000000,-0.81604696,0.16466064
1440,0.00630954,-0.18479637,-1.00000000,-0.75908326,0.24016318
1441,0.00248986,-0.19394278,-1.00000000,-0.74178364,0.24196703
1442,-0.00357122,0.19391318,1.00000000,-0.52464091,0.01786423
1443,-0.00492842,0.04176225,1.00000000,-0.81242075,-0.04663583
1444,0.00310751,-0.19967095,-1.00000000,-0.73094933,0.19692126
1445,0.00269869,-0.25373257,-1.00000000,-0.62869662,0.06234469
1446,-0.00281840,0.06636551,1.00000000,-0.76588589,-0.13549431
1447,0.00428710,0.05008080,1.00000000,-0.79668694,0.15738560
1448,-0.00338236,-0.16968359,-1.00000000,-0.78766773,0.21500706
1449,0.00362802,0.11335245,1.00000000,-0.67701431,0.23440633
1450,0.00281035,-0.19214806,-1.00000000,-0.74517819,0.23856784
1451,0.00776137,0.08709901,1.00000000,-0.72667033,0.63287632
1452,0.00982324,0.05452854,1.00000000,-0.78827445,0.83920852
1453,-0.00188456,0.25174436,1.00000000,-0.41525841,0.89503176
1454,0.00644444,0.33387562,1.00000000,-0.25991451,1.00000000
1455,0.00064588,-0.13248546,-1.00000000,-0.85802466,0.91933020
1456,-0.00221645,0.19928668,1.00000000,-0.51447741,0.54745657
1457,-0.00631283,-0.03168951,1.00000000,-0.95134816,-0.05393543
1458,-0.00171425,-0.14570573,-1.00000000,-0.83301970,-0.04758812
1459,0.00027478,-0.30887851,-1.00000000,-0.52439303,-0.27753175
1460,0.00260437,-0.12570159,-1.00000000,-0.87085574,-0.20453898
1461,0.00002735,-0.04647185,1.00000000,-0.97930763,-0.12091253
1462,-0.00072533,0.04632350,1.00000000,-0.80379355,0.08733373
1463,0.00196713,-0.05632767,1.00000000,-0.99794903,0.22453909
1464,-0.00233111,-0.08630963,-1.00000000,-0.94536209,0.12741751
1465,-0.00080884,0.02094038,1.00000000,-0.85180344,0.00020711
1466,-0.01927412,-0.15027319,-1.00000000,-0.82438075,-0.71915940
1467,0.00793219,-0.08963609,-1.00000000,-0.93907039,-0.39649320
1468,0.00458477,-0.82517026,-1.00000000,0.45212651,-0.29893385
1469,-0.00663318,0.25854867,1.00000000,-0.40238867,-0.45927192
1470,-0.00131683,0.12520961,1.00000000,-0.65458756,-0.47820465
1471,0.01840950,-0.32163888,-1.00000000,-0.50025792,0.92626522
1472,-0.01071595,-0.10987097,-1.00000000,-0.90079793,0.23124867
1473,0.00339843,0.67589527,1.00000000,0.38698497,0.18703361
1474,0.00521817,-0.48426924,-1.00000000,-0.19265719,0.62873349
1475,-0.00153443,0.07795355,1.00000000,-0.74396814,0.62062355
1476,-0.00013429,0.15043993,1.00000000,-0.60686666,-0.07050405
1477,-0.00352075,-0.11853870,-1.00000000,-0.88440370,0.19766108
1478,0.00114071,-0.06276623,-1.00000000,-0.98989233,0.11351582
1479,0.00163168,-0.19766044,-1.00000000,-0.73475204,-0.02015241
1480,0.01101284,-0.01197899,1.00000000,-0.91406748,0.44748492
1481,-0.00463893,0.00757836,1.00000000,-0.87707651,0.27959685
1482,0.00085480,0.38126147,1.00000000,-0.17028842,0.44267354
1483,0.00189722,-0.24220119,-1.00000000,-0.65050719,0.47086871
1484,-0.00183569,-0.02336777,1.00000000,-0.93560834,0.34163938
1485,-0.00630557,0.01815537,1.00000000,-0.85707104,-0.30381827
1486,-0.00440740,-0.13053901,-1.00000000,-0.86170619,-0.29518941
1487,-0.00094027,-0.30858902,-1.00000000,-0.52494057,-0.36209171
1488,0.00409155,-0.23297886,-1.00000000,-0.66795039,-0.28030873
1489,0.00369613,-0.09487143,-1.00000000,-0.92916821,-0.07413753
1490,-0.00397948,0.10556316,1.00000000,-0.69174704,0.01255559
1491,-0.00492768,0.08981209,1.00000000,-0.72153877,-0.00683511
1492,0.00140295,-0.21593339,-1.00000000,-0.70019038,0.08049685
1493,0.00213072,-0.25370320,-1.00000000,-0.62875216,0.00741642
1494,0.00743530,-0.00153301,1.00000000,-0.89430985,0.14677554
1495,-0.00151934,0.02745646,1.00000000,-0.83947887,0.23846506
1496,-0.00039365,0.23875596,1.00000000,-0.43982481,0.40744860
1497,0.00358284,-0.11793771,-1.00000000,-0.88554041,0.48869332
1498,-0.00117971,-0.07309742,-1.00000000,-0.97035180,0.36531372
1499,0.00126850,0.08529949,1.00000000,-0.73007395,0.13547674
1500,-0.00143277,-0.10440886,-1.00000000,-0.91112902,0.13870351
1501,0.00026942,-0.00688858,1.00000000,-0.90443943,0.16341618
1502,-0.00260114,-0.11448902,-1.00000000,-0.89206331,-0.06706094
1503,-0.00056154,-0.04668509,1.00000000,-0.97971094,-0.04402194
1504,-0.00331742,-0.16102922,-1.00000000,-0.80403670,-0.21493936
1505,-0.00019295,-0.07978530,-1.00000000,-0.95770227,-0.16873156
1506,-0.00243873,-0.18956124,-1.00000000,-0.75007093,-0.26966444
1507,-0.00003316,-0.06510316,-1.00000000,-0.98547222,-0.17395577
1508,-0.00152979,-0.15455986,-1.00000000,-0.81627290,-0.21004231
1509,-0.00031677,-0.05873796,-1.00000000,-0.99751144,-0.09820792
1510,-0.00244456,-0.11835378,-1.00000000,-0.88475346,-0.18212522
1511,-0.00109311,-0.07003519,-1.00000000,-0.97614373,-0.13197395
1512,0.00116804,-0.15479206,-1.00000000,-0.81583372,-0.08720520
1513,0.00115074,-0.10095933,-1.00000000,-0.91765350,0.01269838
1514,0.00062676,-0.01089012,1.00000000,-0.91200799,0.04786377
1515,-0.00004521,-0.01157910,1.00000000,-0.91331113,0.13728746
1516,-0.00064374,-0.03245123,1.00000000,-0.95278887,0.15403545
1517,0.00136565,-0.05921806,-1.00000000,-0.99660338,0.16140030
1518,-0.00388235,-0.08305946,-1.00000000,-0.95150950,-0.02618336
1519,0.00163182,-0.00301874,1.00000000,-0.89711996,0.01127524
1520,-0.00216308,-0.21206426,-1.00000000,-0.70750849,-0.06765777
1521,0.00410949,0.00758368,1.00000000,-0.87706645,0.10949509
1522,0.00165754,-0.14357986,-1.00000000,-0.83704058,0.12037400
1523,0.00010851,0.10627750,1.00000000,-0.69039594,0.26911369
1524,-0.00334874,0.00860839,1.00000000,-0.87512829,0.08348808
1525,-0.00075566,-0.05309466,1.00000000,-0.99183408,0.13594251
1526,-0.00084482,-0.19080875,-1.00000000,-0.74771138,-0.04870465
1527,0.00252043,-0.08751776,-1.00000000,-0.94307702,-0.01654490
1528,0.00002620,-0.09106919,-1.00000000,-0.93635981,-0.01961284
1529,-0.00233530,0.04298000,1.00000000,-0.81011748,0.01815831
1530,-0.00047005,-0.05637360,1.00000000,-0.99803590,0.02880308
1531,-0.00017663,-0.15043980,-1.00000000,-0.82406563,0.05370670
1532,-0.00156828,-0.07614088,-1.00000000,-0.96459537,-0.09867955
1533,0.00072653,-0.06445277,-1.00000000,-0.98670238,-0.07257801
1534,0.00320051,-0.11988696,-1.00000000,-0.88185359,0.13374176
1535,0.00189119,-0.02847687,1.00000000,-0.94527175,0.22174523
1536,0.00599334,0.07007009,1.00000000,-0.75887901,0.45169998
1537,0.00148435,0.01791523,1.00000000,-0.85752525,0.56547141
1538,0.00317170,0.18131765,1.00000000,-0.54846423,0.65660293
1539,0.00169554,0.00170937,1.00000000,-0.88817718,0.60051252
1540,-0.00163799,0.06892242,1.00000000,-0.76104971,0.46897981
1541,-0.00151098,0.01012193,1.00000000,-0.87226556,0.18929351
1542,-0.00041251,-0.12266394,-1.00000000,-0.87660117,0.11859775
1543,-0.00054826,-0.11760473,-1.00000000,-0.88617023,-0.02004518
1544,0.00174280,-0.07384866,-1.00000000,-0.96893090,-0.01828375
1545,0.00023787,-0.07925599,-1.00000000,-0.95870342,0.05162962
1546,0.00191093,0.01200451,1.00000000,-0.86870485,0.17916442
1547,0.00060348,-0.04794211,1.00000000,-0.98208850,0.21703038
1548,-0.00214686,0.01870156,1.00000000,-0.85603796,0.15745023
1549,0.00111195,-0.03337838,1.00000000,-0.95454251,0.13393827
1550,-0.00215952,-0.14293390,-1.00000000,-0.83826237,0.04458744
1551,-0.00079712,-0.01312455,1.00000000,-0.91623419,-0.05634173
1552,-0.00157865,-0.14343825,-1.00000000,-0.83730843,-0.13767007
1553,-0.00180739,-0.08916924,-1.00000000,-0.93995339,-0.12501800
1554,-0.00086534,-0.12030026,-1.00000000,-0.88107186,-0.19871143
1555,0.00177750,-0.12941166,-1.00000000,-0.86383848,-0.05197829
1556,-0.00016733,-0.09188641,-1.00000000,-0.93481411,-0.02850571
1557,-0.00076890,0.01338681,1.00000000,-0.86609035,0.00167381
1558,0.00227314,-0.06408229,-1.00000000,-0.98740312,0.15375555
1559,-0.00034121,-0.08804508,-1.00000000,-0.94207965,0.17328991
1560,0.00054903,0.03312986,1.00000000,-0.82874814,0.12750470
1561,0.00148664,-0.07100853,-1.00000000,-0.97430275,0.18914802
1562,-0.00005133,-0.03554739,1.00000000,-0.95864499,0.21589180
1563,0.00141912,0.00180070,1.00000000,-0.88800443,0.18406237
1564,0.00248453,-0.05946193,-1.00000000,-0.99614211,0.28937758
1565,0.00066896,-0.00088872,1.00000000,-0.89309122,0.29384716
1566,0.00039228,0.04154998,1.00000000,-0.81282224,0.25306046
1567,0.00150195,-0.03077041,1.00000000,-0.94960976,0.31095155
1568,-0.00106804,-0.04179120,1.00000000,-0.97045460,0.21825506
1569,0.00292117,0.00241076,1.00000000,-0.88685056,0.23452854
1570,0.00014936,-0.09996063,-1.00000000,-0.91954245,0.21516306
1571,-0.00295305,0.05894271,1.00000000,-0.77992544,0.09048260
1572,0.00042254,-0.05146780,1.00000000,-0.98875701,0.05025289
1573,0.00017141,-0.17504685,-1.00000000,-0.77752361,0.09644696
1574,0.00129971,-0.04058585,1.00000000,-0.96817479,0.03601533
1575,-0.00012357,-0.05058946,1.00000000,-0.98709571,0.02584343
1576,0.00009537,-0.00564524,1.00000000,-0.90208775,0.13945785
1577,0.00081766,-0.06233929,-1.00000000,-0.99069984,0.15418389
1578,0.00106012,-0.05361833,1.00000000,-0.99282455,0.18730612
1579,-0.00067605,-0.02484700,1.00000000,-0.93840616,0.11366931
1580,0.00178610,-0.01518917,1.00000000,-0.92013925,0.18484282
1581,-0.00054834,-0.08434659,-1.00000000,-0.94907501,0.16085183
1582,0.00145505,0.01372935,1.00000000,-0.86544247,0.18460726
1583,0.00036661,-0.07925936,-1.00000000,-0.95869705,0.15876015
1584,0.00214082,0.00054227,1.00000000,-0.89038465,0.26374506
1585,0.00093662,-0.04281398,1.00000000,-0.97238909,0.23208478
1586,0.00027028,0.02785890,1.00000000,-0.83871768,0.26259476
1587,0.00092286,-0.02010844,1.00000000,-0.92944360,0.24276013
1588,-0.00140531,-0.04665099,1.00000000,-0.97964645,0.17672072
1589,0.00268239,-0.02065654,1.00000000,-0.93048029,0.19690511
1590,-0.00005462,-0.11339540,-1.00000000,-0.89413179,0.15996171
1591,0.00204623,0.04943152,1.00000000,-0.79791500,0.22615153
1592,-0.00789670,-0.05959271,-1.00000000,-0.99589475,-0.10255382
1593,0.00153304,0.02409119,1.00000000,-0.84584397,0.00695853
1594,0.00267734,-0.37196935,-1.00000000,-0.40506236,0.00677031
1595,0.00045882,0.00364891,1.00000000,-0.88450870,0.02590626
1596,-0.00416005,0.04923036,1.00000000,-0.79829548,-0.20540223
1597,0.00114263,-0.03914065,1.00000000,-0.96544132,0.13149411
1598,-0.00120818,-0.22312607,-1.00000000,-0.68658607,0.02932866
1599,-0.00093678,-0.01190219,1.00000000,-0.91392222,-0.10536981
1600,-0.00062797,-0.10554320,-1.00000000,-0.90898352,-0.14587461
1601,-0.00111892,-0.09473231,-1.00000000,-0.92943135,-0.03253146
1602,0.00127171,-0.08243125,-1.00000000,-0.95269769,-0.02772087
1603,0.00140663,-0.10198748,-1.00000000,-0.91570884,0.06973319
1604,0.00316742,-0.00676075,1.00000000,-0.90419764,0.22269698
1605,0.00281980,-0.00138651,1.00000000,-0.89403275,0.35119546
1606,0.00147096,0.06875192,1.00000000,-0.76137220,0.44772033
1607,-0.00039644,0.05490500,1.00000000,-0.78756241,0.38554854
1608,0.00003708,0.00117611,1.00000000,-0.88918579,0.33450559
1609,-0.00271406,-0.07320855,-1.00000000,-0.97014162,0.11530253
1610,-0.00147659,-0.05594005,1.00000000,-0.99721588,-0.04482423
1611,-0.00032908,-0.16552734,-1.00000000,-0.79552890,-0.11191188
1612,-0.00005658,-0.11623485,-1.00000000,-0.88876123,-0.09924524
1613,0.00102746,-0.07052565,-1.00000000,-0.97521608,-0.06233383
1614,-0.00078215,-0.05967073,-1.00000000,-0.99574718,0.00966871
1615,-0.00112407,-0.01648997,1.00000000,-0.92259958,0.02280733
1616,-0.00054878,-0.08857267,-1.00000000,-0.94108176,0.01461910
1617,-0.00116699,-0.10219258,-1.00000000,-0.91532091,-0.02676619
1618,0.00084827,-0.07927705,-1.00000000,-0.95866360,-0.03344478
1619,0.00054173,-0.10390239,-1.00000000,-0.91208698,0.01589632
1620,-0.00109866,-0.02362789,1.00000000,-0.93610033,0.01684324
1621,0.00261709,-0.03583803,1.00000000,-0.95919471,0.13483532
1622,-0.00033459,-0.10118053,-1.00000000,-0.91723512,0.16585892
1623,0.00104476,0.04683021,1.00000000,-0.80283516,0.17318224
1624,-0.00307839,-0.07074506,-1.00000000,-0.97480108,0.03825999
1625,-0.00019268,-0.01580090,1.00000000,-0.92129627,0.07202597
1626,0.00121204,-0.18003986,-1.00000000,-0.76807976,0.01965971
1627,0.00012982,-0.06509222,-1.00000000,-0.98549292,0.03696854
1628,-0.00264774,-0.00913766,1.00000000,-0.90869335,-0.10065084
1629,0.00100443,-0.05224578,1.00000000,-0.99022850,0.05151597
1630,-0.00053268,-0.16288537,-1.00000000,-0.80052596,0.03884415
1631,-0.00373939,-0.01740743,1.00000000,-0.92433489,-0.14569549
1632,-0.00194505,-0.07863557,-1.00000000,-0.95987689,-0.22302614
1633,0.00046352,-0.20636944,-1.00000000,-0.71827974,-0.10706946
1634,0.00021893,-0.13489503,-1.00000000,-0.85346717,-0.13634481
1635,-0.00047516,-0.03895349,1.00000000,-0.96508733,-0.13420121
1636,-0.00155019,-0.04869626,1.00000000,-0.98351490,-0.05260993
1637,-0.00215093,-0.07634454,-1.00000000,-0.96421017,-0.06028321
1638,0.00099000,-0.11916653,-1.00000000,-0.88321622,-0.04066133
1639,-0.00004793,-0.14309606,-1.00000000,-0.83795565,-0.05060723
1640,0.00087164,-0.01798208,1.00000000,-0.92542178,-0.00041187
1641,0.00049697,-0.05932620,-1.00000000,-0.99639882,0.07588581
1642,0.00019444,-0.02269688,1.00000000,-0.93433941,0.16329800
1643,-0.00544433,-0.03762131,1.00000000,-0.96256762,-0.07650978
1644,-0.00003813,-0.04967189,1.00000000,-0.98536022,-0.07614455
1645,0.00045966,-0.27428319,-1.00000000,-0.58982696,-0.09149899
1646,0.00183697,-0.05893585,-1.00000000,-0.99713714,-0.04155716
1647,0.00001411,-0.03910736,1.00000000,-0.96537836,-0.04827822
1648,-0.00077514,0.01575539,1.00000000,-0.86161038,0.12574278
1649,-0.00036164,-0.05685521,1.00000000,-0.99894683,0.11368548
1650,0.00418544,-0.08829350,-1.00000000,-0.94160978,0.25254534
1651,-0.00032735,-0.07182242,-1.00000000,-0.97276336,0.17188105
1652,0.00302999,0.10930291,1.00000000,-0.68467365,0.28428310
1653,-0.00026530,-0.07045676,-1.00000000,-0.97534637,0.30328466
1654,0.00063100,0.06327754,1.00000000,-0.77172650,0.34028037
1655,0.00033704,-0.06798506,-1.00000000,-0.98002138,0.19685052
1656,0.00092281,-0.03228225,1.00000000,-0.95246927,0.24344420
1657,0.00219357,-0.04399166,1.00000000,-0.97461657,0.21227069
1658,-0.00213984,-0.02065849,1.00000000,-0.93048397,0.14240663
1659,-0.00377410,0.02996000,1.00000000,-0.83474364,-0.02177160
1660,0.00064494,-0.14265419,-1.00000000,-0.83879142,-0.01029630
1661,0.00065580,-0.20775221,-1.00000000,-0.71566435,-0.02024762
1662,-0.00270534,-0.03172712,1.00000000,-0.95141929,-0.20283010
1663,0.00269144,-0.03129424,1.00000000,-0.95060054,-0.02276817
1664,0.00116463,-0.16518001,-1.00000000,-0.79618584,0.16129857
1665,-0.00429547,0.04979192,1.00000000,-0.79723335,-0.02283070
1666,0.00397924,-0.01102586,1.00000000,-0.91226471,0.10103386
1667,-0.00158144,-0.22852030,-1.00000000,-0.67638337,0.14292157
1668,-0.00138236,0.10108939,1.00000000,-0.70020878,-0.00890886
1669,0.00067634,-0.12041138,-1.00000000,-0.88086170,-0.02710775
1670,-0.00339675,-0.11248100,-1.00000000,-0.89586129,0.00638780
1671,0.00215801,-0.03047641,1.00000000,-0.94905369,-0.06148953
1672,-0.00135364,-0.19272102,-1.00000000,-0.74409449,-0.05299932
1673,-0.00320082,0.02854364,1.00000000,-0.83742256,-0.12077355
1674,-0.00668935,-0.11133723,-1.00000000,-0.89802463,-0.39529290
1675,0.00098206,-0.18491656,-1.00000000,-0.75885593,-0.23209457
1676,0.00179124,-0.32387647,-1.00000000,-0.49602573,-0.24576404
1677,0.00107646,-0.01829835,1.00000000,-0.92601998,-0.15519395
1678,-0.00150915,0.01393402,1.00000000,-0.86505534,-0.09214520
1679,0.00143843,-0.01453797,1.00000000,-0.91890757,0.21077729
1680,-0.00176276,-0.11753149,-1.00000000,-0.88630875,0.10847761
1681,0.00251672,-0.00011978,1.00000000,-0.89163685,0.13551640
1682,0.00141207,-0.12763393,-1.00000000,-0.86720090,0.14802451
1683,-0.00546529,0.04283247,1.00000000,-0.81039651,0.00057881
1684,0.00087009,-0.00116959,1.00000000,-0.89362247,-0.02060301
1685,-0.00360808,-0.27511811,-1.00000000,-0.58824779,-0.08937805
1686,0.00075838,-0.02275843,1.00000000,-0.93445581,-0.15491148
1687,-0.00197496,-0.20113913,-1.00000000,-0.72817239,-0.28114632
1688,0.00123380,-0.02720817,1.00000000,-0.94287211,-0.03147085
1689,-0.00130826,-0.13608653,-1.00000000,-0.85121356,-0.11265819
1690,0.00131617,-0.00827063,1.00000000,-0.90705345,0.07086875
1691,-0.00207323,-0.10952961,-1.00000000,-0.90144358,-0.03466554
1692,0.00119431,-0.00498970,1.00000000,-0.90084786,0.08345337
1693,-0.00260698,-0.14000082,-1.00000000,-0.84381002,-0.05969271
1694,-0.00132595,-0.00984372,1.00000000,-0.91002882,-0.06035186
1695,0.00155335,-0.16126191,-1.00000000,-0.80359658,-0.05151229
1696,0.00055646,-0.11023410,-1.00000000,-0.90011111,0.04649638
1697,-0.00259380,0.00445783,1.00000000,-0.88297870,-0.09468651
1698,-0.00078031,-0.03525138,1.00000000,-0.95808512,-0.02660642
1699,-0.00140892,-0.16073679,-1.00000000,-0.80458979,-0.02969864
1700,-0.00185121,-0.08849945,-1.00000000,-0.94122024,-0.15658662
1701,0.00274618,-0.11353899,-1.00000000,-0.89386021,-0.07497572
1702,-0.00056475,-0.13115716,-1.00000000,-0.86053701,0.00064678
1703,0.00039844,0.05197250,1.00000000,-0.79310898,0.04457866
1704,0.00096158,-0.07991318,-1.00000000,-0.95746040,0.13292705
1705,-0.00117722,-0.04154606,1.00000000,-0.96999093,0.15804695
1706,-0.00001508,-0.01911424,1.00000000,-0.92756316,0.05513451
1707,-0.00154986,-0.10430958,-1.00000000,-0.91131681,0.01841948
1708,0.00070898,-0.05801798,-1.00000000,-0.99887320,0.02999352
1709,-0.00093975,-0.11915337,-1.00000000,-0.88324110,-0.04086921
1710,-0.00255548,-0.02917599,1.00000000,-0.94659406,-0.09223717
1711,0.00132704,-0.09485071,-1.00000000,-0.92920740,-0.04221623
1712,-0.00090813,-0.15921048,-1.00000000,-0.80747667,-0.01829867
1713,-0.00094310,-0.00455674,1.00000000,-0.90002895,-0.07987178
1714,0.00067865,-0.09359084,-1.00000000,-0.93159034,-0.01955377
1715,0.00144356,-0.09498393,-1.00000000,-0.92895544,0.12949050
1716,0.00194870,-0.03038420,1.00000000,-0.94887928,0.15265978
1717,-0.00023807,0.00008465,1.00000000,-0.89125018,0.17763265
1718,0.00450869,0.02020607,1.00000000,-0.85319233,0.38082091
1719,-0.00003756,-0.06690040,-1.00000000,-0.98207292,0.35412773
1720,-0.00059798,0.12217907,1.00000000,-0.66031955,0.27803949
1721,0.00036363,-0.05891326,-1.00000000,-0.99717987,0.21896380
1722,0.00241646,-0.08123674,-1.00000000,-0.95495701,0.31789841
1723,-0.00096693,-0.04293268,1.00000000,-0.97261361,0.11382191
1724,0.00126924,0.03883867,1.00000000,-0.81795043,0.16252637
1725,-0.00235810,-0.09593327,-1.00000000,-0.92715983,0.09692680
1726,0.00055639,-0.00685903,1.00000000,-0.90438353,0.10411107
1727,0.00316952,-0.15134807,-1.00000000,-0.82234772,0.13217762
1728,-0.00144568,-0.03525431,1.00000000,-0.95809065,0.11433449
1729,-0.00101459,0.06883557,1.00000000,-0.76121400,0.02921602
1730,0.00020090,-0.11500361,-1.00000000,-0.89109001,0.12459007
1731,-0.00969726,-0.09783172,-1.00000000,-0.92356909,-0.25756374
1732,-0.00121339,-0.04941445,1.00000000,-0.98487330,-0.42091501
1733,0.00017165,-0.44369162,-1.00000000,-0.26940612,-0.36063691
1734,0.00276015,-0.10575057,-1.00000000,-0.90859130,-0.21995213
1735,-0.00387016,-0.05057974,1.00000000,-0.98707734,-0.37168073
1736,-0.00041381,0.05252897,1.00000000,-0.79205645,-0.02568633
1737,0.00102804,-0.21157853,-1.00000000,-0.70842721,0.05785170
1738,0.00389159,-0.07390066,-1.00000000,-0.96883255,0.19649379
1739,0.00015016,-0.01646702,1.00000000,-0.92255619,0.09921920
1740,0.00118212,0.09759778,1.00000000,-0.70681284,0.28751783
1741,-0.00195430,-0.05143590,1.00000000,-0.98869668,0.23010389
1742,0.00424505,-0.01032923,1.00000000,-0.91094711,0.35000217
1743,0.00216072,-0.13526337,-1.00000000,-0.85277049,0.28549267
1744,0.00037422,0.11167754,1.00000000,-0.68018224,0.29384348
1745,-0.00294596,0.02865148,1.00000000,-0.83721858,0.13998981
1746,0.00128393,-0.04251073,1.00000000,-0.97181553,0.26067853
1747,-0.00412836,-0.17476455,-1.00000000,-0.77805755,-0.05139858
1748,0.00457906,-0.00627400,1.00000000,-0.90327700,0.03873325
1749,0.00121415,-0.22186340,-1.00000000,-0.68897430,0.07003748
1750,0.00421568,0.12498234,1.00000000,-0.65501741,0.33695176
1751,-0.00283108,-0.00905348,1.00000000,-0.90853414,0.18358525
1752,0.00375349,0.11050737,1.00000000,-0.68239551,0.47734182
1753,-0.00049922,-0.17018864,-1.00000000,-0.78671247,0.28807411
1754,-0.00194115,0.09209696,1.00000000,-0.71721716,0.17047619
1755,-0.00060941,-0.07730269,-1.00000000,-0.96239791,-0.00935477
1756,0.00535411,-0.13473947,-1.00000000,-0.85376139,0.29570747
1757,-0.00108607,-0.08169187,-1.00000000,-0.95409618,0.11533687
1758,0.00006610,0.15585496,1.00000000,-0.59662462,0.13640625
1759,-0.00677343,-0.10067904,-1.00000000,-0.91818364,-0.04369299
1760,0.00140496,-0.05478422,1.00000000,-0.99502973,0.03138242
1761,-0.00367642,-0.32722546,-1.00000000,-0.48969142,-0.30518570
1762,0.00266400,-0.00145297,1.00000000,-0.89415846,-0.16542052
1763,0.00610714,-0.20386141,-1.00000000,-0.72302344,0.05972932
1764,-0.00500543,0.04869881,1.00000000,-0.79930086,0.12562274
1765,-0.00120914,0.18585082,1.00000000,-0.53989014,0.02819531
1766,-0.00033203,-0.25680007,-1.00000000,-0.62289472,0.15284084
1767,0.00274284,-0.10558120,-1.00000000,-0.90891166,0.15577947
1768,-0.00057451,-0.07064310,-1.00000000,-0.97499394,-0.09324575
1769,-0.00100922,0.05183955,1.00000000,-0.79336044,0.05569307
1770,0.00063425,-0.08030169,-1.00000000,-0.95672558,0.12439630
1771,0.00400193,-0.09761763,-1.00000000,-0.92397402,0.28592318
1772,-0.00458262,-0.03215274,1.00000000,-0.95222432,0.01290285
1773,-0.00156405,0.10199317,1.00000000,-0.69849936,-0.02397762
1774,-0.00214334,-0.23995839,-1.00000000,-0.65474924,-0.06624635
1775,-0.00151142,-0.11971870,-1.00000000,-0.88217184,-0.14621577
1776,-0.00016927,-0.14279349,-1.00000000,-0.83852795,-0.30167635
1777,0.00329017,-0.11762224,-1.00000000,-0.88613710,-0.00825716
1778,0.00099321,-0.06415957,-1.00000000,-0.98725695,0.08705207
1779,-0.00027037,0.07364137,1.00000000,-0.75212424,0.15685751
1780,-0.00318258,-0.01785436,1.00000000,-0.92518021,0.09457354
1781,-0.02366315,-0.06818701,-1.00000000,-0.97963941,-0.78104426
1782,0.01466910,-0.18418994,-1.00000000,-0.76023027,-0.35695105
1783,-0.00452827,-1.00000000,-1.00000000,0.78280128,-0.56273671
1784,-0.00800459,0.52690257,1.00000000,0.10517864,-0.85099101
1785,-0.00718067,-0.23779340,-1.00000000,-0.65884414,-1.00000000
1786,-0.00584607,-0.37626666,-1.00000000,-0.39693439,-0.33595666
1787,0.00348799,-0.34344737,-1.00000000,-0.45900913,-0.75267708
1788,0.00274579,-0.29028555,-1.00000000,-0.55955994,-0.48157244
1789,0.00133170,0.08152124,1.00000000,-0.73722018,-0.13360885
1790,0.00762426,0.05195708,1.00000000,-0.79313813,0.41817118
1791,-0.00444060,-0.00437107,1.00000000,-0.89967779,0.47055306
1792,-0.00277247,0.24628261,1.00000000,-0.42558882,0.23722552
1793,-0.00109257,-0.23430099,-1.00000000,-0.66544971,0.09416971
1794,0.00102936,-0.16785393,-1.00000000,-0.79112836,0.08290169
1795,-0.00164708,-0.10093772,-1.00000000,-0.91769438,-0.26264145
1796,-0.00545032,-0.01641408,1.00000000,-0.92245606,-0.30027397
1797,-0.00316713,-0.12302605,-1.00000000,-0.87591628,-0.31498298
1798,-0.00657896,-0.27452178,-1.00000000,-0.58937570,-0.51946103
1799,0.00436133,-0.18357458,-1.00000000,-0.76139416,-0.39527863
1800,0.00406236,-0.31947922,-1.00000000,-0.50434273,-0.18248742
1801,-0.00220573,0.11630925,1.00000000,-0.67142179,-0.06156132
1802,-0.00105061,0.10440036,1.00000000,-0.69394637,0.01732149
1803,-0.00245787,-0.14527871,-1.00000000,-0.83382736,0.17091480
1804,-0.00216082,-0.09926642,-1.00000000,-0.92085549,-0.07216572
1805,0.00044254,-0.15532218,-1.00000000,-0.81483105,-0.20707673
1806,-0.00357792,-0.14348970,-1.00000000,-0.83721113,-0.25821839
1807,-0.00126937,-0.03978945,1.00000000,-0.96666848,-0.26637164
1808,-0.00223962,-0.19993777,-1.00000000,-0.73044467,-0.25823776
1809,-0.00022856,-0.10798042,-1.00000000,-0.90437373,-0.18622261
1810,-0.00133264,-0.14662887,-1.00000000,-0.83127366,-0.25238355
1811,0.00057934,-0.06652154,-1.00000000,-0.98278950,-0.09744233
1812,-0.00033629,-0.11050077,-1.00000000,-0.89960672,-0.06266635
1813,-0.00096985,-0.03434011,1.00000000,-0.95636152,-0.01534202
1814,0.00371056,-0.07081264,-1.00000000,-0.97467326,0.13146918
1815,0.00019443,-0.09604970,-1.00000000,-0.92693962,0.18838332
1816,0.00021812,0.09038694,1.00000000,-0.72045151,0.17492073
1817,0.00329353,-0.04967222,1.00000000,-0.98536085,0.31020412
1818,-0.00037927,-0.04872861,1.00000000,-0.98357610,0.33221514
1819,0.00327290,0.07377518,1.00000000,-0.75187117,0.31590370
1820,0.00138561,-0.07252483,-1.00000000,-0.97143480,0.36029902
1821,0.00059581,0.07295364,1.00000000,-0.75342502,0.37437530
1822,-0.00046992,-0.00222351,1.00000000,-0.89561586,0.23411155
1823,0.00714854,-0.03368421,1.00000000,-0.95512095,0.51467336
1824,0.00128641,-0.07613553,-1.00000000,-0.96460548,0.44063671
1825,0.00351332,0.22733326,1.00000000,-0.46142983,0.51993630
1826,-0.00234546,-0.00617505,1.00000000,-0.90308984,0.41031512
1827,0.00204714,0.08253010,1.00000000,-0.73531202,0.50412578
1828,-0.00029441,-0.15084484,-1.00000000,-0.82329953,0.22672690
1829,0.00009780,0.02412717,1.00000000,-0.84577591,0.18242735
1830,0.00117793,-0.06914437,-1.00000000,-0.97782864,0.09538739
1831,-0.00513989,-0.05352140,1.00000000,-0.99264122,-0.00876095
1832,0.00028973,-0.01049624,1.00000000,-0.91126298,-0.07425949
1833,0.00102396,-0.26215622,-1.00000000,-0.61276404,-0.02512390
1834,-0.00078014,-0.04587618,1.00000000,-0.97818098,-0.05784474
1835,0.00094350,-0.01662936,1.00000000,-0.92286324,-0.06658212
1836,-0.00548893,-0.08849270,-1.00000000,-0.94123302,-0.07959072
1837,0.00294144,-0.01983455,1.00000000,-0.92892556,0.01923850
1838,-0.00043948,-0.27605952,-1.00000000,-0.58646720,-0.03530389
1839,0.00095422,0.05975024,1.00000000,-0.77839807,0.02933585
1840,0.00032338,-0.07492303,-1.00000000,-0.96689883,0.00622397
1841,0.00102897,-0.01940721,1.00000000,-0.92811729,0.24914607
1842,0.00088081,-0.04453600,1.00000000,-0.97564615,0.17234639
1843,0.00066513,-0.01642989,1.00000000,-0.92248596,0.21351525
1844,0.00204984,-0.02233151,1.00000000,-0.93364834,0.25434879
1845,0.00019432,-0.03092269,1.00000000,-0.94989778,0.24953873
1846,-0.00361385,0.02423475,1.00000000,-0.84557243,0.07650072
1847,0.00048171,-0.04967689,1.00000000,-0.98536967,0.06162631
1848,0.00009016,-0.20136899,-1.00000000,-0.72773764,0.04019696
1849,0.00732913,-0.03822894,1.00000000,-0.96371691,0.23695652
1850,0.00715549,-0.05382589,1.00000000,-0.99321714,0.49639967
1851,-0.00233027,0.23452691,1.00000000,-0.44782369,0.54423880
1852,-0.00048512,0.22761006,1.00000000,-0.46090628,0.50820498
1853,-0.00155237,-0.15023960,-1.00000000,-0.82444429,0.44698811
1854,-0.00429071,-0.07674108,-1.00000000,-0.96346015,0.01391637
1855,0.00473566,-0.11925309,-1.00000000,-0.88305249,-0.07627069
1856,0.00163721,-0.22833034,-1.00000000,-0.67674266,0.07159750
1857,-0.00177256,0.13122018,1.00000000,-0.64321909,0.02361470
1858,-0.00226493,0.00779856,1.00000000,-0.87666002,-0.00294272
1859,0.00448650,-0.12802400,-1.00000000,-0.86646310,0.32418393
1860,0.00076665,-0.14763706,-1.00000000,-0.82936675,0.17625878
1861,0.00275233,0.12129520,1.00000000,-0.66199131,0.21781904
1862,-0.00116160,-0.02687885,1.00000000,-0.94224924,0.24058944
1863,-0.00184560,0.05221722,1.00000000,-0.79264611,0.25621806
1864,0.00025036,-0.10368752,-1.00000000,-0.91249338,0.09833698
1865,-0.00137805,-0.13093355,-1.00000000,-0.86095995,0.01840408
1866,-0.00060452,-0.04744452,1.00000000,-0.98114734,-0.10670550
1867,-0.00049338,-0.11230933,-1.00000000,-0.89618600,-0.08180091
1868,-0.00057900,-0.08149707,-1.00000000,-0.95446463,-0.03459481
1869,-0.00131467,-0.07707005,-1.00000000,-0.96283793,-0.09292354
1870,-0.00141792,-0.08048074,-1.00000000,-0.95638692,-0.09440969
1871,0.00018949,-0.10978495,-1.00000000,-0.90096064,-0.06481697
1872,-0.00398137,-0.11389768,-1.00000000,-0.89318177,-0.19481440
1873,0.00097588,-0.04986904,1.00000000,-0.98573311,-0.13686376
1874,-0.00108319,-0.21600836,-1.00000000,-0.70004859,-0.12823630
1875,-0.00691280,-0.01854440,1.00000000,-0.92648536,-0.33303053
1876,-0.00126987,-0.10056412,-1.00000000,-0.91840100,-0.38742110
1877,0.00022787,-0.33277711,-1.00000000,-0.47919097,-0.23054271
1878,0.00048015,-0.10800045,-1.00000000,-0.90433586,-0.24901860
1879,0.00113210,-0.04834029,1.00000000,-0.98284162,-0.16645464
1880,0.00243145,-0.03829101,1.00000000,-0.96383431,0.18180562
1881,0.00014015,-0.01232163,1.00000000,-0.91471556,0.23435706
1882,0.00697905,0.03943556,1.00000000,-0.81682148,0.48597368
1883,-0.00095243,-0.05183467,1.00000000,-0.98945092,0.43258137
1884,-0.00365940,0.22058184,1.00000000,-0.47419954,0.25400174
1885,-0.00304438,-0.09535550,-1.00000000,-0.92825265,0.04991762
1886,0.00278178,-0.20318349,-1.00000000,-0.72430567,0.14837143
1887,-0.00351856,-0.17868492,-1.00000000,-0.77064252,-0.24287477
1888,-0.00105602,0.05339053,1.00000000,-0.79042689,-0.24673580
1889,0.00044174,-0.19757323,-1.00000000,-0.73491698,-0.09388596
1890,0.00085694,-0.09948207,-1.00000000,-0.92044760,0.05151623
1891,-0.00578919,-0.03982105,1.00000000,-0.96672823,-0.26792397
1892,-0.00108184,-0.02328236,1.00000000,-0.93544679,-0.17710727
1893,-0.00852907,-0.28801990,-1.00000000,-0.56384521,-0.45562780
1894,-0.00330266,-0.10051041,-1.00000000,-0.91850260,-0.59518162
1895,0.00215680,-0.39715849,-1.00000000,-0.35741935,-0.54673583
1896,0.00115358,-0.18897299,-1.00000000,-0.75118355,-0.28797865
1897,-0.00079529,0.02849539,1.00000000,-0.83751382,-0.27729890
1898,-0.00388084,-0.01146609,1.00000000,-0.91309738,-0.10405951
1899,-0.00312692,-0.08909614,-1.00000000,-0.94009167,-0.09750997
1900,-0.00356049,-0.21200416,-1.00000000,-0.70762216,-0.31059362
1901,-0.00184640,-0.18197299,-1.00000000,-0.76442343,-0.42240321
1902,-0.00200552,-0.19924359,-1.00000000,-0.73175765,-0.46750840
1903,-0.00115168,-0.13096564,-1.00000000,-0.86089925,-0.36579234
1904,0.00159460,-0.13730355,-1.00000000,-0.84891168,-0.18982114
1905,-0.00432501,-0.10329234,-1.00000000,-0.91324081,-0.21831476
1906,-0.00071001,0.00610103,1.00000000,-0.87987074,-0.17596139
1907,0.00093384,-0.22969691,-1.00000000,-0.67415791,-0.06641169
1908,-0.00016387,-0.08569933,-1.00000000,-0.94651643,-0.02959593
1909,-0.00435088,-0.02021931,1.00000000,-0.92965330,-0.25118397
1910,0.00143433,-0.06394450,-1.00000000,-0.98766374,-0.03653329
1911,-0.00368907,-0.23072724,-1.00000000,-0.67220915,-0.14756276
1912,0.00217422,-0.00028314,1.00000000,-0.89194582,-0.10133380
1913,-0.00184949,-0.20436511,-1.00000000,-0.72207074,-0.16415712
1914,-0.00134866,0.02918916,1.00000000,-0.83620162,-0.05226439
1915,0.00174127,-0.13108864,-1.00000000,-0.86066662,-0.04082442
1916,0.00090678,-0.11113882,-1.00000000,-0.89839990,0.13046298
1917,-0.00148965,0.01194364,1.00000000,-0.86881996,-0.00608945
1918,0.00218571,-0.02129703,1.00000000,-0.93169171,0.14430266
1919,0.00263376,-0.11675498,-1.00000000,-0.88777744,0.29272756
1920,-0.00427239,0.02964704,1.00000000,-0.83533557,0.06859815
1921,-0.00351512,0.04749434,1.00000000,-0.80157901,-0.09620610
1922,-0.00164507,-0.22760078,-1.00000000,-0.67812256,-0.10199839
1923,-0.00155848,-0.19743607,-1.00000000,-0.73517640,-0.24154460
1924,-0.00089065,-0.12294565,-1.00000000,-0.87606835,-0.37289938
1925,-0.00086158,-0.11949678,-1.00000000,-0.88259158,-0.24577854
1926,-0.00106829,-0.09289467,-1.00000000,-0.93290708,-0.15458518
1927,0.00111165,-0.09173691,-1.00000000,-0.93509688,-0.05184215
1928,0.00095365,-0.09997068,-1.00000000,-0.91952345,0.04178527
1929,0.00068884,-0.01313623,1.00000000,-0.91625629,0.10065291
1930,0.00360145,-0.01942993,1.00000000,-0.92816025,0.26699021
1931,-0.00430713,-0.02997827,1.00000000,-0.94811150,0.14627843
1932,-0.00053982,0.08604062,1.00000000,-0.72867218,0.08472777
1933,-0.00071735,-0.22898469,-1.00000000,-0.67550502,0.02244940
1934,0.00042538,-0.07892017,-1.00000000,-0.95933859,0.01263027
1935,0.00042294,-0.08599164,-1.00000000,-0.94596355,-0.10583279
1936,-0.00003893,-0.04047273,1.00000000,-0.96796083,0.05324324
1937,-0.00043425,-0.04057001,1.00000000,-0.96814483,0.05717814
1938,0.00178173,-0.05896783,-1.00000000,-0.99707665,0.15031894
1939,0.00019358,-0.07471464,-1.00000000,-0.96729298,0.14167978
1940,0.00178072,0.01355513,1.00000000,-0.86577198,0.19228436
1941,-0.00084168,-0.04970607,1.00000000,-0.98542486,0.16236568
1942,0.00324570,0.01351502,1.00000000,-0.86584784,0.29951752
1943,-0.00230920,-0.09094425,-1.00000000,-0.93659613,0.14704853
1944,0.00018245,0.07187014,1.00000000,-0.75547437,0.14663348
1945,0.00224780,-0.14940027,-1.00000000,-0.82603181,0.16404146
1946,-0.00195920,-0.05014966,1.00000000,-0.98626389,0.12239148
1947,-0.00046008,0.03212028,1.00000000,-0.83065767,-0.01572320
1948,-0.00056958,-0.13545881,-1.00000000,-0.85240083,0.04911241
1949,0.00011005,-0.07574369,-1.00000000,-0.96534663,0.04641412
1950,-0.00017511,-0.08010545,-1.00000000,-0.95709675,-0.04388789
1951,0.00016193,-0.05303354,1.00000000,-0.99171847,0.03516680
1952,0.00077194,-0.06439246,-1.00000000,-0.98681646,0.08108418
1953,-0.00419372,-0.05096696,1.00000000,-0.98780972,-0.05398767
1954,-0.00095773,-0.02666822,1.00000000,-0.94185085,-0.09378364
1955,0.00014060,-0.22446718,-1.00000000,-0.68404948,-0.08201717
1956,-0.00128467,-0.09556656,-1.00000000,-0.92785344,-0.13593182
1957,-0.00061532,-0.05181672,1.00000000,-0.98941698,-0.18763499
1958,-0.00143030,-0.10858971,-1.00000000,-0.90322132,-0.08464201
1959,-0.00001804,-0.08192740,-1.00000000,-0.95365069,-0.04962008
1960,0.00245192,-0.11439062,-1.00000000,-0.89224943,0.03652288
1961,-0.00072801,-0.05813592,-1.00000000,-0.99865014,0.05726936
1962,0.00085123,0.04025092,1.00000000,-0.81527929,0.11192779
1963,-0.00083192,-0.08641635,-1.00000000,-0.94516025,0.13422917
1964,-0.00094856,-0.02350972,1.00000000,-0.93587681,0.09954879
1965,0.00203298,-0.09055541,-1.00000000,-0.93733159,0.08393519
1966,0.00472611,-0.09520152,-1.00000000,-0.92854388,0.28721042
1967,0.00293286,0.02356346,1.00000000,-0.84684213,0.36479291
1968,0.00056745,0.13083961,1.00000000,-0.64393892,0.41694751
1969,-0.00113266,0.05940869,1.00000000,-0.77904409,0.41008605
1970,-0.00120072,-0.03481375,1.00000000,-0.95725738,0.28956585
1971,0.00188582,-0.10253490,-1.00000000,-0.91467345,0.18370822
1972,-0.00382791,-0.10524579,-1.00000000,-0.90954605,-0.06826592
1973,-0.00001032,0.01770137,1.00000000,-0.85792974,-0.08979948
1974,-0.00099506,-0.20989555,-1.00000000,-0.71161041,-0.08467113
1975,-0.00012337,-0.05782833,-1.00000000,-0.99923192,-0.04451828
1976,0.00003200,-0.09705384,-1.00000000,-0.92504039,-0.11361014
1977,0.00065567,-0.06233133,-1.00000000,-0.99071490,0.05349282
1978,-0.00364571,-0.05614245,1.00000000,-0.99759870,-0.08199834
1979,0.00244995,-0.03129970,1.00000000,-0.95061086,0.04639753
1980,0.00110108,-0.20263820,-1.00000000,-0.72533703,0.09203265
1981,-0.00155369,0.04017275,1.00000000,-0.81542714,0.03293403
1982,-0.00035819,-0.01355755,1.00000000,-0.91705318,-0.00485264
1983,0.00209289,-0.11930571,-1.00000000,-0.88295296,0.20902533
1984,-0.00429519,-0.07168523,-1.00000000,-0.97302283,-0.04236633
1985,-0.00052504,0.02594972,1.00000000,-0.84232872,-0.10297170
1986,0.00061762,-0.22850896,-1.00000000,-0.67640482,-0.02204720
1987,0.00166694,-0.07833119,-1.00000000,-0.96045260,0.05342962
1988,0.00170220,-0.03281545,1.00000000,-0.95347777,0.03886868
1989,-0.00170703,0.00898268,1.00000000,-0.87442036,0.13532934
1990,0.00079246,0.01038732,1.00000000,-0.87176361,0.18443269
1991,0.00067165,-0.12541398,-1.00000000,-0.87139972,0.18644650
1992,0.00195621,-0.02585065,1.00000000,-0.94030448,0.19722749
1993,0.00036102,-0.03066313,1.00000000,-0.94940685,0.14724145
1994,0.00149625,0.02050516,1.00000000,-0.85262663,0.26662783
1995,0.00048458,-0.04303663,1.00000000,-0.97281021,0.25515291
1996,-0.00089326,0.00218347,1.00000000,-0.88728046,0.19682890
1997,-0.00369188,-0.03811479,1.00000000,-0.96350100,-0.01367547
1998,0.00119864,-0.09299850,-1.00000000,-0.93271069,0.01754277
1999,0.00045025,-0.20447714,-1.00000000,-0.72185886,-0.02144159
2000,-0.00131450,-0.00967128,1.00000000,-0.90970265,-0.08849339
2001,0.00163050,-0.03948213,1.00000000,-0.96608720,0.00556695
2002,0.00262070,-0.10977823,-1.00000000,-0.90097333,0.24083681
2003,-0.00024230,0.00753106,1.00000000,-0.87716598,0.18713307
2004,-0.00540965,0.04697395,1.00000000,-0.80256327,-0.03126558
2005,0.00048373,-0.06706862,-1.00000000,-0.98175474,0.03575452
2006,0.00362553,-0.27290165,-1.00000000,-0.59244002,0.11010955
2007,0.00033855,-0.03814867,1.00000000,-0.96356509,0.02505383
2008,-0.00177037,0.08700002,1.00000000,-0.72685756,-0.03189769
2009,0.00245071,-0.04393167,1.00000000,-0.97450310,0.26105827
2010,0.00070317,-0.12793711,-1.00000000,-0.86662746,0.26923705
2011,-0.00047176,0.04020302,1.00000000,-0.81536989,0.11653088
2012,0.00273646,-0.02940738,1.00000000,-0.94703171,0.20590123
2013,0.00314527,-0.07620886,-1.00000000,-0.96446680,0.38910734
2014,0.00062302,0.05158533,1.00000000,-0.79384128,0.32098925
2015,-0.00142543,0.06786943,1.00000000,-0.76304136,0.24165606
2016,0.00020080,-0.03260005,1.00000000,-0.95307036,0.26672251
2017,-0.00144168,-0.11419689,-1.00000000,-0.89261585,0.11100301
2018,-0.00003332,-0.04941841,1.00000000,-0.98488078,-0.00746297
2019,0.00014655,-0.11484414,-1.00000000,-0.89139162,-0.02522110
2020,0.00099068,-0.05874432,-1.00000000,-0.99749941,0.06482751
2021,-0.00257161,-0.05157953,1.00000000,-0.98896835,-0.03850060
2022,-0.00000855,-0.01795498,1.00000000,-0.92537053,0.01491211
2023,0.00523088,-0.15985314,-1.00000000,-0.80626114,0.21110900
2024,-0.00092233,-0.05775785,-1.00000000,-0.99936522,0.17127180
2025,0.00167478,0.15094646,1.00000000,-0.60590860,0.19676823
2026,0.00024507,-0.09415663,-1.00000000,-0.93052020,0.30174628
2027,-0.00022937,0.00929503,1.00000000,-0.87382959,0.29351637
2028,0.00011971,-0.04765498,1.00000000,-0.98154542,0.10302297
2029,0.00274086,-0.06655379,-1.00000000,-0.98272849,0.23955029
2030,-0.00058482,-0.05264856,1.00000000,-0.99099033,0.15533504
2031,0.00001417,0.05176067,1.00000000,-0.79350964,0.14672939
2032,0.00142582,-0.08071232,-1.00000000,-0.95594891,0.20841839
2033,-0.00275910,-0.05685251,1.00000000,-0.99894171,0.10112508
2034,-0.00095922,-0.00062199,1.00000000,-0.89258674,-0.03677728
2035,0.00000471,-0.16732121,-1.00000000,-0.79213595,-0.01480552
2036,0.00092355,-0.09562624,-1.00000000,-0.92774056,0.01908681
2037,0.00280334,-0.05722941,1.00000000,-0.99965458,0.07042726
2038,-0.00058408,-0.02062915,1.00000000,-0.93042848,0.15149036
2039,-0.00285507,0.05424951,1.00000000,-0.78880221,0.08083197
2040,0.00152890,-0.08068281,-1.00000000,-0.95600471,0.13763846
2041,0.00224956,-0.17114432,-1.00000000,-0.78490488,0.18705912
2042,0.00078656,0.00348408,1.00000000,-0.88482048,0.11189365
2043,-0.00177312,0.03219053,1.00000000,-0.83052479,0.06757789
2044,0.00069391,-0.02608563,1.00000000,-0.94074892,0.19984867
2045,-0.00049097,-0.12804649,-1.00000000,-0.86642057,0.12456797
2046,-0.00117194,-0.02977632,1.00000000,-0.94772953,-0.00295143
2047,0.00118521,-0.07697422,-1.00000000,-0.96301918,0.01190612
2048,0.00156515,-0.10409932,-1.00000000,-0.91171450,0.13632362
2049,0.00129095,-0.01020622,1.00000000,-0.91071443,0.15857534
2050,-0.00037585,0.00492811,1.00000000,-0.88208921,0.16286589
2051,0.00339787,-0.00599419,1.00000000,-0.90274776,0.33318286
2052,0.00110882,-0.07238857,-1.00000000,-0.97169252,0.33033580
2053,0.00530632,0.07793159,1.00000000,-0.74400968,0.46976917
2054,0.00110817,-0.01324908,1.00000000,-0.91646975,0.46295706
2055,0.00328846,0.15395133,1.00000000,-0.60022517,0.59952599
2056,-0.00091282,-0.01327482,1.00000000,-0.91651842,0.43886638
2057,-0.00149502,0.07357320,1.00000000,-0.75225319,0.34182102
2058,-0.00080486,-0.09377775,-1.00000000,-0.93123681,0.11405729
2059,-0.00015486,-0.11696897,-1.00000000,-0.88737271,0.06698393
2060,0.00684592,-0.08947737,-1.00000000,-0.93937060,0.19957069
2061,-0.00004727,-0.06358576,-1.00000000,-0.98834225,0.23182961
2062,-0.00164772,0.21527892,1.00000000,-0.48422953,0.22613880
2063,-0.00201322,-0.05930016,-1.00000000,-0.99644809,0.18110301
2064,-0.00423829,-0.12305118,-1.00000000,-0.87586876,0.02891346
2065,0.00175094,-0.13761060,-1.00000000,-0.84833092,-0.16097676
2066,0.00181261,-0.22624250,-1.00000000,-0.68069162,-0.09165903
2067,0.00182621,0.01232856,1.00000000,-0.86809193,0.03781431
2068,0.00127199,0.01478506,1.00000000,-0.86344568,0.16025440
2069,0.00168688,0.01532700,1.00000000,-0.86242066,0.38108580
2070,0.00061928,-0.00674940,1.00000000,-0.90417619,0.33890882
2071,-0.00538851,0.00977709,1.00000000,-0.87291781,0.07052300
2072,0.00702743,-0.03274924,1.00000000,-0.95335254,0.26437250
2073,-0.00317165,-0.27205961,-1.00000000,-0.59403266,0.09875779
2074,0.00037756,0.22250894,1.00000000,-0.47055460,0.04995935
2075,0.00585373,-0.18375464,-1.00000000,-0.76105359,0.24504767
2076,-0.00561938,-0.04237757,1.00000000,-0.97156367,0.23644322
2077,-0.00224747,0.17575672,1.00000000,-0.55898222,-0.10923267
2078,0.00006778,-0.28125585,-1.00000000,-0.57663880,0.01150096
2079,0.00030135,-0.14694161,-1.00000000,-0.83068215,0.00866051
2080,0.00583559,-0.05471728,1.00000000,-0.99490312,0.00798427
2081,0.00059799,-0.04541339,1.00000000,-0.97730564,0.23970590
2082,0.00191487,0.17503398,1.00000000,-0.56034922,0.39483668
2083,0.01075956,-0.03359703,1.00000000,-0.95495607,0.79331962
2084,0.00384415,0.01885865,1.00000000,-0.85574085,0.92536001
2085,-0.01042036,0.37117225,1.00000000,-0.18937128,0.31950039
2086,-0.00169145,0.09570839,1.00000000,-0.71038647,0.23417274
2087,0.00012907,-0.47249504,-1.00000000,-0.21492703,0.16761571
2088,0.00049722,-0.12479329,-1.00000000,-0.87257371,-0.21486208
2089,0.00219136,-0.05227599,1.00000000,-0.99028565,-0.27646161
2090,-0.00019396,-0.03761134,1.00000000,-0.96254876,0.10467651
2091,0.00161639,0.02987221,1.00000000,-0.83490969,0.22795986
2092,-0.00470570,-0.06514326,-1.00000000,-0.98539638,0.04776815
2093,0.00069873,0.00696916,1.00000000,-0.87822876,0.05527875
2094,0.00136033,-0.24486080,-1.00000000,-0.64547678,0.02430630
2095,-0.00038819,-0.02958418,1.00000000,-0.94736611,0.01706738
2096,0.00676761,-0.00323045,1.00000000,-0.89752039,0.20905341
2097,0.00689600,-0.07288006,-1.00000000,-0.97076292,0.64144897
2098,0.00127793,0.21215947,1.00000000,-0.49012970,0.66303553
2099,-0.00116674,0.21727377,1.00000000,-0.48045645,0.56885126
2100,-0.00584145,-0.00651295,1.00000000,-0.90372896,0.36560821
2101,-0.00518257,-0.10389246,-1.00000000,-0.91210575,-0.07977532
2102,-0.00354182,-0.29010162,-1.00000000,-0.55990783,-0.46879311
2103,-0.00012762,-0.26385634,-1.00000000,-0.60954842,-0.52117809
2104,-0.00244340,-0.19849962,-1.00000000,-0.73316480,-0.56875904
2105,0.00130586,-0.06250084,-1.00000000,-0.99039429,-0.30237851
2106,0.00432418,-0.15474590,-1.00000000,-0.81592103,0.05193834
2107,-0.00098413,-0.00540015,1.00000000,-0.90162419,0.14726340
2108,-0.00113318,0.11482946,1.00000000,-0.67422066,0.10978640
2109,-0.00675854,-0.09661835,-1.00000000,-0.92586408,-0.05103912
2110,0.00129599,-0.10255541,-1.00000000,-0.91463466,-0.05140718
2111,0.00423746,-0.32663257,-1.00000000,-0.49081281,-0.05463921
2112,-0.00038232,-0.00579351,1.00000000,-0.90236820,-0.03220990
2113,0.00076853,0.11137513,1.00000000,-0.68075422,0.03866676
2114,0.00483472,-0.07264641,-1.00000000,-0.97120486,0.47074782
2115,-0.00122738,-0.02680405,1.00000000,-0.94210774,0.37670180
2116,0.00095582,0.13516587,1.00000000,-0.63575618,0.25439512
2117,0.00163995,-0.10630777,-1.00000000,-0.90753741,0.32976524
2118,-0.00479815,-0.01934348,1.00000000,-0.92799674,0.12229478
2119,0.00196750,0.00790747,1.00000000,-0.87645402,0.01543367
2120,-0.00141019,-0.24854376,-1.00000000,-0.63851079,0.00862021
2121,-0.00337329,0.02095514,1.00000000,-0.85177553,-0.15272599
2122,0.00339982,-0.11358984,-1.00000000,-0.89376402,-0.08713546
2123,-0.00276224,-0.19178663,-1.00000000,-0.74586181,-0.01125698
2124,0.00011109,0.07800914,1.00000000,-0.74386300,-0.08044573
2125,0.00407843,-0.16744656,-1.00000000,-0.79189886,0.12411522
2126,0.00511702,-0.05299223,1.00000000,-0.99164034,0.44054950
2127,0.00031492,0.10504025,1.00000000,-0.69273608,0.32557517
2128,-0.00407671,0.14641115,1.00000000,-0.61448673,0.27658491
2129,0.00000013,-0.04487281,1.00000000,-0.97628320,0.27244952
2130,0.00009255,-0.21980625,-1.00000000,-0.69286522,0.12389595
2131,-0.00257133,-0.05741203,1.00000000,-1.00000000,-0.16264930
2132,-0.00272830,-0.05373044,1.00000000,-0.99303660,-0.27607026
2133,0.00290556,-0.15984191,-1.00000000,-0.80628239,-0.01584079
2134,0.00121118,-0.16609456,-1.00000000,-0.79445605,0.02929528
2135,0.00372614,0.05832111,1.00000000,-0.78110114,0.16471908
2136,-0.00142528,-0.00917163,1.00000000,-0.90875761,0.20743261
2137,-0.00180868,0.09100744,1.00000000,-0.71927788,0.24170683
2138,-0.00104405,-0.11419065,-1.00000000,-0.89262764,0.09450460
2139,-0.00231784,-0.12946305,-1.00000000,-0.86374127,-0.03702216
2140,-0.00026080,-0.09900529,-1.00000000,-0.92134939,-0.18561536
2141,0.00317590,-0.14974445,-1.00000000,-0.82538083,-0.01412941
2142,0.00222082,-0.06780560,-1.00000000,-0.98036080,0.13605020
2143,0.00096172,0.06908965,1.00000000,-0.76073342,0.21080555
2144,0.00174080,0.03104551,1.00000000,-0.83269050,0.36207109
2145,-0.00296508,-0.01910848,1.00000000,-0.92755226,0.26128259
2146,-0.00212020,0.01192473,1.00000000,-0.86885573,0.06389691
2147,-0.00078366,-0.17552606,-1.00000000,-0.77661721,-0.04808014
2148,0.00325102,-0.14187169,-1.00000000,-0.84027145,0.03724191
2149,-0.00124811,-0.08863302,-1.00000000,-0.94096762,-0.07415467
2150,-0.00358126,0.07208179,1.00000000,-0.75507406,-0.09711991
2151,-0.00384037,-0.10713340,-1.00000000,-0.90597581,-0.16123087
2152,-0.00177628,-0.20007080,-1.00000000,-0.73019305,-0.19822578
2153,0.00035701,-0.21039203,-1.00000000,-0.71067137,-0.30608563
2154,0.00536940,-0.12817233,-1.00000000,-0.86618254,-0.05945099
2155,-0.00075203,-0.04319637,1.00000000,-0.97311236,0.04599443
2156,0.00230706,0.15646412,1.00000000,-0.59547245,0.27510922
2157,0.00484139,-0.08737313,-1.00000000,-0.94335058,0.52175007
2158,-0.00046180,0.03448066,1.00000000,-0.82619322,0.49123303
2159,-0.00495765,0.13543181,1.00000000,-0.63525318,0.10634361
2160,0.00040690,-0.07581230,-1.00000000,-0.96521686,0.14953689
2161,-0.00082758,-0.25489696,-1.00000000,-0.62649429,0.03270907
2162,-0.01178532,-0.04120913,1.00000000,-0.96935367,-0.58696912
2163,-0.00016374,-0.09038226,-1.00000000,-0.93765908,-0.57586046
2164,-0.00303431,-0.52686618,-1.00000000,-0.11208891,-0.50417753
2165,-0.00078068,-0.06393962,-1.00000000,-0.98767297,-0.54843858
2166,-0.00177269,-0.17828387,-1.00000000,-0.77140107,-0.58366287
2167,-0.00259781,-0.08851434,-1.00000000,-0.94119207,-0.24124389
2168,-0.00256407,-0.12802918,-1.00000000,-0.86645331,-0.33070406
2169,-0.00076899,-0.16089655,-1.00000000,-0.80428763,-0.24627557
2170,0.00391753,-0.15955261,-1.00000000,-0.80682956,-0.07117299
2171,0.00070683,-0.08804861,-1.00000000,-0.94207297,0.02123847
2172,-0.00045811,0.09863132,1.00000000,-0.70485800,0.10098509
2173,-0.00317016,-0.02926191,1.00000000,-0.94675657,0.07839597
2174,0.00409651,-0.07566516,-1.00000000,-0.96549515,0.25973312
2175,-0.00455720,-0.18369536,-1.00000000,-0.76116573,-0.05612037
2176,0.00577260,0.10576042,1.00000000,-0.69137394,0.13268136
2177,-0.00008411,-0.23894572,-1.00000000,-0.65666463,0.14662050
2178,-0.00104923,0.17252509,1.00000000,-0.56509456,0.22566782
2179,-0.00248044,-0.06076733,-1.00000000,-0.99367306,-0.01945502
2180,-0.00022190,-0.09921138,-1.00000000,-0.92095960,0.14212159
2181,-0.00366789,-0.15622131,-1.00000000,-0.81313042,-0.20972599
2182,0.00222425,-0.06625630,-1.00000000,-0.98329118,-0.12369356
2183,-0.00174933,-0.20352162,-1.00000000,-0.72366612,-0.14978628
2184,0.00283757,0.03118218,1.00000000,-0.83243199,0.04841587
2185,0.00311352,-0.12709869,-1.00000000,-0.86821325,0.17272719
2186,0.00051398,0.05561265,1.00000000,-0.78622395,0.32858564
2187,-0.00018238,0.06660483,1.00000000,-0.76543324,0.23889033
2188,0.00084508,-0.03694365,1.00000000,-0.96128590,0.33558376
2189,0.00005995,-0.06468213,-1.00000000,-0.98626857,0.23206212
2190,-0.00292868,-0.02375494,1.00000000,-0.93634064,0.00686927
2191,-0.00073941,-0.05502893,1.00000000,-0.99549258,-0.03984452
2192,0.00109989,-0.17407617,-1.00000000,-0.77935955,0.00794572
2193,-0.00193527,-0.08687030,-1.00000000,-0.94430164,-0.09567767
2194,-0.00195852,-0.01360500,1.00000000,-0.91714293,-0.17090626
2195,-0.00028872,-0.13450528,-1.00000000,-0.85420435,-0.07251481
2196,-0.00085335,-0.13543153,-1.00000000,-0.85245242,-0.07676144
2197,-0.00140455,-0.06891763,-1.00000000,-0.97825750,-0.17010167
2198,0.00332050,-0.09140900,-1.00000000,-0.93571709,0.02578074
2199,-0.00356843,-0.11336491,-1.00000000,-0.89418946,-0.03422072
2200,-0.00059979,0.07484939,1.00000000,-0.74983938,-0.04581446
2201,-0.00056172,-0.19955974,-1.00000000,-0.73115967,-0.03494545
2202,0.00099118,-0.08130875,-1.00000000,-0.95482080,0.05434339
2203,-0.00078813,-0.07979245,-1.00000000,-0.95768876,-0.09878532
2204,-0.00096129,-0.01793503,1.00000000,-0.92533279,-0.00161720
2205,0.00219197,-0.08881110,-1.00000000,-0.94063079,0.10243187
2206,-0.00010483,-0.09570866,-1.00000000,-0.92758467,0.11946019
2207,0.00053291,0.02989653,1.00000000,-0.83486368,0.10238052
2208,-0.00113134,-0.06159296,-1.00000000,-0.99211145,0.08958921
2209,0.00031785,-0.03618939,1.00000000,-0.95985928,0.13726277
2210,-0.00109915,-0.10248216,-1.00000000,-0.91477321,0.01460244
2211,0.00070700,-0.04475624,1.00000000,-0.97606270,0.04485944
2212,0.00238339,-0.10120005,-1.00000000,-0.91719819,0.11382687
2213,-0.00210050,-0.02925497,1.00000000,-0.94674344,0.07770629
2214,-0.00058813,0.03752144,1.00000000,-0.82044186,0.04394061
2215,0.00410880,-0.14108701,-1.00000000,-0.84175560,0.23804101
2216,0.00431120,-0.08084424,-1.00000000,-0.95569939,0.37236955
2217,0.00209040,0.10625005,1.00000000,-0.69044785,0.36144966
2218,-0.00085826,0.11431233,1.00000000,-0.67519878,0.40774777
2219,-0.00095502,0.02585051,1.00000000,-0.84251638,0.39407377
2220,-0.00222037,-0.09160464,-1.00000000,-0.93534706,0.15818548
2221,0.00082317,-0.09545870,-1.00000000,-0.92805744,0.02818646
2222,0.00183619,-0.14586200,-1.00000000,-0.83272414,0.01871222
2223,0.00112440,-0.02462767,1.00000000,-0.93799133,0.09260606
2224,-0.00048143,0.01572465,1.00000000,-0.86166853,0.11025679
2225,0.00126892,-0.01262858,1.00000000,-0.91529613,0.24030284
2226,0.00098789,-0.07659400,-1.00000000,-0.96373834,0.24644225
2227,-0.00047396,-0.00687173,1.00000000,-0.90440755,0.16034286
2228,-0.00014959,-0.01806601,1.00000000,-0.92558054,0.11286128
2229,0.00122793,-0.07629642,-1.00000000,-0.96430117,0.17656895
2230,0.00120192,-0.06337582,-1.00000000,-0.98873934,0.17407189
2231,-0.00235684,-0.00850468,1.00000000,-0.90749614,0.04941359
2232,0.00070097,-0.00954053,1.00000000,-0.90945535,0.09320309
2233,0.00183592,-0.15129797,-1.00000000,-0.82244248,0.16720299
2234,0.00245701,-0.02949521,1.00000000,-0.94719784,0.21301082
2235,0.00073492,0.01571360,1.00000000,-0.86168942,0.19560572
2236,0.00067036,0.04045368,1.00000000,-0.81489579,0.30842959
2237,-0.00056913,-0.02814270,1.00000000,-0.94463969,0.26109313
2238,-0.00098898,-0.03071438,1.00000000,-0.94950378,0.15580899
2239,-0.00045793,-0.08008734,-1.00000000,-0.95713099,0.04716926
2240,-0.00122464,-0.09681170,-1.00000000,-0.92549837,-0.02586379
2241,-0.00109725,-0.07565800,-1.00000000,-0.96550871,-0.09174284
2242,0.00306496,-0.10619877,-1.00000000,-0.90774356,0.04369983
2243,0.00381375,-0.10112441,-1.00000000,-0.91734126,0.22269782
2244,-0.00137675,0.06467071,1.00000000,-0.76909146,0.18845328
2245,-0.00166720,0.09449730,1.00000000,-0.71267713,0.17195899
2246,0.00081063,-0.11225779,-1.00000000,-0.89628348,0.24306568
2247,0.00153208,-0.12382749,-1.00000000,-0.87440043,0.18593519
2248,-0.00047889,-0.02512720,1.00000000,-0.93893614,0.02594854
2249,0.00138358,0.00361094,1.00000000,-0.88458052,0.12882630
2250,-0.00379458,-0.07649281,-1.00000000,-0.96392973,0.04953889
2251,-0.00178067,-0.00230437,1.00000000,-0.89576881,-0.04703867
2252,-0.00030296,-0.20856807,-1.00000000,-0.71412121,-0.11543072
2253,0.00126261,-0.12834710,-1.00000000,-0.86585198,-0.05052508
2254,0.00006655,-0.06948492,-1.00000000,-0.97718452,-0.09961076
2255,0.00333070,-0.00712314,1.00000000,-0.90488307,0.16594862
2256,-0.00020276,-0.05476604,1.00000000,-0.99499535,0.22475728
2257,-0.00151349,0.07525577,1.00000000,-0.74907076,0.17964058
2258,0.00140649,-0.06549374,-1.00000000,-0.98473348,0.18500309
2259,-0.00054474,-0.11770463,-1.00000000,-0.88598126,0.16221998
2260,0.00079805,-0.00139180,1.00000000,-0.89404276,0.06782816
2261,0.00144257,-0.07911612,-1.00000000,-0.95896798,0.12914961
2262,-0.00160294,-0.02562806,1.00000000,-0.93988348,0.12581594
2263,-0.00231426,0.00004523,1.00000000,-0.89132474,-0.01285664
2264,-0.00371124,-0.12126758,-1.00000000,-0.87924227,-0.13087221
2265,0.00119840,-0.14960191,-1.00000000,-0.82565042,-0.11595139
2266,0.00305988,-0.20524848,-1.00000000,-0.72039993,-0.05567424
2267,0.00213319,-0.00968103,1.00000000,-0.90972109,0.08357129
2268,-0.00074799,0.06446808,1.00000000,-0.76947471,0.14194619
2269,-0.00068110,0.02755488,1.00000000,-0.83929271,0.25487964
2270,-0.00157677,-0.08721213,-1.00000000,-0.94365509,0.15144910
2271,0.00027698,-0.08454777,-1.00000000,-0.94869449,0.04773055
2272,-0.00015203,-0.12022524,-1.00000000,-0.88121375,-0.03743973
2273,-0.00317952,-0.04638396,1.00000000,-0.97914138,-0.12806294
2274,-0.00132750,-0.06347318,-1.00000000,-0.98855518,-0.15215405
2275,-0.00000548,-0.18406816,-1.00000000,-0.76046061,-0.09359181
2276,0.00293284,-0.11029581,-1.00000000,-0.89999439,0.00539222
2277,-0.00041976,-0.05763525,-1.00000000,-0.99959711,-0.00458600
2278,0.00218574,0.05940793,1.00000000,-0.77904553,0.19537739
2279,-0.00065574,-0.07413767,-1.00000000,-0.96838426,0.22041363
2280,0.00003139,0.02964816,1.00000000,-0.83533345,0.22178777
2281,-0.00123383,-0.08353764,-1.00000000,-0.95060507,0.06649566
2282,-0.00191447,-0.05616660,1.00000000,-0.99764437,0.01078802
2283,0.00280992,-0.10656477,-1.00000000,-0.90705132,0.03405138
2284,0.00173305,-0.13367673,-1.00000000,-0.85577148,0.12308193
2285,-0.00022687,0.05451152,1.00000000,-0.78830664,0.11345659
2286,-0.00472228,0.01161619,1.00000000,-0.86943931,-0.01655813
2287,0.00220811,-0.06645394,-1.00000000,-0.98291736,0.13709051
2288,-0.00064129,-0.24552155,-1.00000000,-0.64422702,0.00846377
2289,-0.00055419,0.03053945,1.00000000,-0.83364767,-0.07678176
2290,0.00281337,-0.08296182,-1.00000000,-0.95169418,0.03652777
2291,0.00349389,-0.07949230,-1.00000000,-0.95825646,0.34274485
2292,0.00141607,0.05464871,1.00000000,-0.78804715,0.31322546
2293,-0.00124317,0.08175632,1.00000000,-0.73677555,0.29079332
2294,0.00073211,-0.00101021,1.00000000,-0.89332101,0.33873350
2295,0.00160691,-0.10693678,-1.00000000,-0.90634769,0.29376873
2296,0.00143330,-0.02825492,1.00000000,-0.94485194,0.21697059
2297,0.00092216,0.00659139,1.00000000,-0.87894327,0.19856231
2298,-0.00378929,-0.00032380,1.00000000,-0.89202272,0.10366822
2299,-0.00518761,-0.02068455,1.00000000,-0.93053327,-0.11695963
2300,-0.00346435,-0.20835744,-1.00000000,-0.71451961,-0.30596547
2301,0.00464110,-0.26405695,-1.00000000,-0.60916898,-0.18641075
2302,-0.00206087,-0.19541376,-1.00000000,-0.73900142,-0.29758832
2303,-0.00327223,0.12745357,1.00000000,-0.65034330,-0.27831735
2304,-0.00033903,-0.13950861,-1.00000000,-0.84474099,-0.09761080
2305,0.00356425,-0.18776107,-1.00000000,-0.75347579,0.16434522
2306,-0.00264136,-0.07092189,-1.00000000,-0.97446663,-0.10707251
2307,-0.00073551,0.08455889,1.00000000,-0.73147474,-0.05767609
2308,-0.00002838,-0.16263153,-1.00000000,-0.80100606,0.06322240
2309,-0.00003110,-0.08671484,-1.00000000,-0.94459567,0.07469894
2310,-0.00154740,-0.05854751,-1.00000000,-0.99787165,-0.11581238
2311,0.00125837,-0.05865603,-1.00000000,-0.99766640,0.02953066
2312,0.00225474,-0.11905528,-1.00000000,-0.88342663,0.14097723
2313,0.00018954,-0.00729219,1.00000000,-0.90520282,0.14909887
2314,-0.00081045,0.03239672,1.00000000,-0.83013480,0.12005253
2315,-0.00175811,-0.04986729,1.00000000,-0.98572979,0.11219940
2316,-0.00402594,-0.08970010,-1.00000000,-0.93894933,-0.08474666
2317,0.00088162,-0.12744853,-1.00000000,-0.86755155,-0.13592305
2318,-0.00294234,-0.21778367,-1.00000000,-0.69669074,-0.25264833
2319,-0.00171462,-0.02229944,1.00000000,-0.93358769,-0.28634661
2320,-0.00084957,-0.17462062,-1.00000000,-0.77832979,-0.25248545
2321,0.00642684,-0.12571605,-1.00000000,-0.87082838,0.13708987
2322,-0.00189038,-0.09125849,-1.00000000,-0.93600177,0.03377735
2323,0.00190576,0.19858559,1.00000000,-0.51580347,0.21446633
2324,-0.00086977,-0.13271752,-1.00000000,-0.85758573,0.24595384
2325,0.00220980,0.01849567,1.00000000,-0.85642740,0.35997671
2326,-0.00172552,-0.09206291,-1.00000000,-0.93448028,0.05613789
2327,0.00096220,0.03060656,1.00000000,-0.83352074,0.16245398
2328,-0.00067338,-0.12615044,-1.00000000,-0.87000677,0.06632925
2329,-0.00401523,-0.01908930,1.00000000,-0.92751599,-0.05090218
2330,0.00184203,-0.08424026,-1.00000000,-0.94927612,-0.06460900
2331,0.00022281,-0.21735720,-1.00000000,-0.69749736,0.00800529
2332,-0.00461528,0.01595702,1.00000000,-0.86122903,-0.19986784
2333,0.00137546,-0.04854194,1.00000000,-0.98322301,-0.12350726
2334,0.00006343,-0.24125938,-1.00000000,-0.65228855,0.02850443
2335,-0.00121526,-0.00262780,1.00000000,-0.89638055,-0.08544080
2336,-0.00291940,-0.05489056,1.00000000,-0.99523087,-0.20255088
2337,-0.00267755,-0.10582507,-1.00000000,-0.90845040,-0.13033165
2338,-0.00044787,-0.17370653,-1.00000000,-0.78005870,-0.19828739
2339,-0.00123251,-0.16407310,-1.00000000,-0.79827946,-0.24658696
2340,-0.00307688,-0.07525736,-1.00000000,-0.96626647,-0.31596964
2341,-0.00106921,-0.10651205,-1.00000000,-0.90715103,-0.24701317
2342,-0.00117648,-0.17997969,-1.00000000,-0.76819357,-0.19106810
2343,-0.00029550,-0.10000742,-1.00000000,-0.91945396,-0.18538908
2344,-0.00390100,-0.10428028,-1.00000000,-0.91137222,-0.28484402
2345,0.00203230,-0.06918776,-1.00000000,-0.97774658,-0.09442454
2346,-0.00187099,-0.21280723,-1.00000000,-0.70610323,-0.12430670
2347,0.00139222,0.02353633,1.00000000,-0.84689344,-0.02857131
2348,0.00078749,-0.13194480,-1.00000000,-0.85904727,0.01179157
2349,-0.00014901,-0.00196046,1.00000000,-0.89511833,0.15162864
2350,0.00075413,-0.02604882,1.00000000,-0.94067931,0.10399101
2351,-0.00076763,-0.06335255,-1.00000000,-0.98878336,0.14511301
2352,0.00320467,-0.02737769,1.00000000,-0.94319274,0.21266334
2353,-0.00146862,-0.08799454,-1.00000000,-0.94217525,0.12857794
2354,-0.00084016,0.07023579,1.00000000,-0.75856560,0.10281860
2355,0.00048354,-0.11591739,-1.00000000,-0.88936168,0.09273383
2356,0.00220993,-0.09088355,-1.00000000,-0.93671094,0.20370776
2357,0.00177277,-0.03815606,1.00000000,-0.96357905,0.15034070
2358,0.00138312,0.03061188,1.00000000,-0.83351066,0.25662536
2359,0.00196749,0.01319828,1.00000000,-0.86644693,0.36126651
2360,0.00100065,-0.00232275,1.00000000,-0.89580357,0.38053932
2361,-0.00014917,0.02095453,1.00000000,-0.85177668,0.29261539
2362,-0.00108869,-0.01755771,1.00000000,-0.92461913,0.18596858
2363,0.00136825,-0.06335921,-1.00000000,-0.98877075,0.18541431
2364,-0.00079395,-0.10078341,-1.00000000,-0.91798624,0.08249545
2365,0.00070991,-0.00291514,1.00000000,-0.89692402,0.07165931
2366,-0.00062080,-0.08904282,-1.00000000,-0.94019251,0.05408193
2367,-0.00221445,-0.02913913,1.00000000,-0.94652434,0.01212503
2368,-0.00551464,-0.08214551,-1.00000000,-0.95323815,-0.24440030
2369,0.00170926,-0.14562600,-1.00000000,-0.83317051,-0.15110579
2370,0.00091472,-0.27708359,-1.00000000,-0.58453025,-0.14347235
2371,0.00037136,0.01066824,1.00000000,-0.87123227,-0.10649459
2372,0.00154383,-0.02098068,1.00000000,-0.93109338,0.03357646
2373,-0.00060149,-0.04262452,1.00000000,-0.97203075,0.21668957
2374,0.00316408,0.00407876,1.00000000,-0.88369568,0.27091086
2375,0.00135924,-0.08137646,-1.00000000,-0.95469274,0.28747809
2376,0.00136416,0.06861873,1.00000000,-0.76162413,0.32447964
2377,-0.00098555,-0.00327401,1.00000000,-0.89760279,0.23020956
2378,0.00089303,-0.00307809,1.00000000,-0.89723223,0.28591028
2379,-0.00121545,-0.09667496,-1.00000000,-0.92575700,0.12268516
2380,-0.00070480,-0.02184479,1.00000000,-0.93272776,0.04575825
2381,0.00293057,-0.10583258,-1.00000000,-0.90843619,0.10413852
2382,-0.00083521,-0.08549175,-1.00000000,-0.94690905,0.10974179
2383,-0.00141550,0.05931741,1.00000000,-0.77921673,0.02370298
2384,-0.00024640,-0.09068631,-1.00000000,-0.93708399,0.05981935
2385,0.00274599,-0.11380112,-1.00000000,-0.89336440,0.18843032
2386,0.00080333,-0.06723223,-1.00000000,-0.98144529,0.10914794
2387,-0.00030919,0.05196474,1.00000000,-0.79312365,0.12875255
2388,0.00188387,-0.02541779,1.00000000,-0.93948577,0.25172002
2389,0.00225236,-0.06973335,-1.00000000,-0.97671464,0.34484888
2390,0.00210993,0.01762372,1.00000000,-0.85807661,0.32114285
2391,0.00108200,0.03230178,1.00000000,-0.83031437,0.33152903
2392,0.00270092,0.02662828,1.00000000,-0.84104530,0.44371587
2393,-0.00071589,-0.01431728,1.00000000,-0.91849014,0.34682272
2394,0.00289247,0.05016939,1.00000000,-0.79651939,0.37067984
2395,0.00079318,-0.08593347,-1.00000000,-0.94607356,0.32160484
2396,0.00041195,0.05779973,1.00000000,-0.78208729,0.29663201
2397,0.00037014,-0.02582198,1.00000000,-0.94025025,0.20976387
2398,0.00258558,-0.04100767,1.00000000,-0.96897262,0.33280965
2399,-0.00093847,-0.04267330,1.00000000,-0.97212302,0.19003024
2400,0.00323956,0.04557506,1.00000000,-0.80520915,0.28120675
2401,-0.00109144,-0.09479966,-1.00000000,-0.92930397,0.22517536
2402,0.00170704,0.07162540,1.00000000,-0.75593728,0.27500173
2403,-0.00243316,-0.10089274,-1.00000000,-0.91777944,0.08795322
2404,0.00135393,0.01057999,1.00000000,-0.87139919,0.17339101
2405,0.00107316,-0.15433814,-1.00000000,-0.81669227,0.09264936
2406,-0.00055004,-0.00348569,1.00000000,-0.89800316,0.11282718
2407,0.00057924,-0.01466944,1.00000000,-0.91915623,0.07079400
2408,0.00040348,-0.07932714,-1.00000000,-0.95856884,0.17651571
2409,0.00010045,-0.03434412,1.00000000,-0.95636911,0.12979845
2410,-0.00130229,-0.04134517,1.00000000,-0.96961097,0.04126535
2411,-0.00026609,-0.05341604,1.00000000,-0.99244194,0.05184819
2412,-0.00365141,-0.10929161,-1.00000000,-0.90189374,-0.10582817
2413,-0.00087207,-0.06801645,-1.00000000,-0.97996200,-0.15336791
2414,-0.00327420,-0.20286503,-1.00000000,-0.72490801,-0.27914120
2415,-0.00051446,-0.09215457,-1.00000000,-0.93430692,-0.24977879
2416,-0.00174310,-0.18783968,-1.00000000,-0.75332712,-0.30482686
2417,-0.00488076,-0.07790974,-1.00000000,-0.96124974,-0.35064484
2418,-0.00120241,-0.12685058,-1.00000000,-0.86868253,-0.36295683
2419,0.00045200,-0.25183425,-1.00000000,-0.63228712,-0.22408126
2420,-0.00114841,-0.10531334,-1.00000000,-0.90941829,-0.24770858
2421,0.00420736,-0.03941262,1.00000000,-0.96595573,-0.02593479
2422,-0.00506912,-0.10316209,-1.00000000,-0.91348719,-0.03295496
2423,-0.00030232,0.11017622,1.00000000,-0.68302185,0.00059159
2424,0.00013888,-0.25933725,-1.00000000,-0.61809588,-0.01107819
2425,-0.00226586,-0.06945955,-1.00000000,-0.97723252,-0.05272554
2426,-0.00159364,-0.05188502,1.00000000,-0.98954616,-0.26892913
2427,-0.00156031,-0.14767382,-1.00000000,-0.82929723,-0.13815575
2428,-0.00051241,-0.12089727,-1.00000000,-0.87994268,-0.14598568
2429,-0.00140570,-0.11956963,-1.00000000,-0.88245379,-0.20355228
2430,0.00176866,-0.07782799,-1.00000000,-0.96140435,-0.05318558
2431,-0.00042344,-0.11341091,-1.00000000,-0.89410246,-0.00957196
2432,0.00152587,0.01303470,1.00000000,-0.86675633,0.10545013
2433,0.00316385,-0.07428401,-1.00000000,-0.96810747,0.24246441
2434,0.00256029,0.00336336,1.00000000,-0.88504879,0.39027680
2435,-0.00011391,0.06860977,1.00000000,-0.76164107,0.32011304
2436,-0.00461581,0.04456762,1.00000000,-0.80711464,0.16386311
2437,-0.00076220,-0.06195474,-1.00000000,-0.99142718,0.07858679
2438,0.00158800,-0.24128039,-1.00000000,-0.65224880,0.01985464
2439,0.00176317,-0.08777803,-1.00000000,-0.94258475,-0.00985393
2440,0.00103908,0.00583817,1.00000000,-0.88036791,0.03311812
2441,0.00081649,0.01281578,1.00000000,-0.86717040,0.23558001
2442,0.00043124,-0.01602719,1.00000000,-0.92172429,0.28005928
2443,0.00251251,-0.02489371,1.00000000,-0.93849452,0.31451602
2444,-0.00075148,-0.04023959,1.00000000,-0.96751987,0.22079490
2445,-0.00021443,0.04266475,1.00000000,-0.81071375,0.17407665
2446,0.00154056,-0.08735122,-1.00000000,-0.94339202,0.20106302
2447,0.00056025,-0.06595860,-1.00000000,-0.98385424,0.20587152
2448,0.00530638,0.00394871,1.00000000,-0.88394167,0.30999896
2449,0.00006726,-0.03510038,1.00000000,-0.95779951,0.34051356
2450,-0.00062010,0.15395379,1.00000000,-0.60022051,0.32539439
2451,0.00088873,-0.05473792,1.00000000,-0.99494215,0.30110061
2452,0.00055382,-0.08211762,-1.00000000,-0.95329091,0.30086073
2453,0.00084235,-0.02201593,1.00000000,-0.93305146,0.13448608
2454,0.00079359,-0.03535676,1.00000000,-0.95828443,0.16155650
2455,-0.00011272,-0.02386366,1.00000000,-0.93654626,0.18046646
2456,-0.00209144,-0.02580567,1.00000000,-0.94021940,0.06939537
2457,0.00041653,-0.06190708,-1.00000000,-0.99151732,0.06427879
2458,-0.00028731,-0.14072619,-1.00000000,-0.84243806,0.02217646
2459,0.00179272,-0.04082525,1.00000000,-0.96862760,0.05941382
2460,-0.00127785,-0.06886167,-1.00000000,-0.97836335,0.01598915
2461,-0.00131736,0.01399278,1.00000000,-0.86494421,0.04483894
2462,0.00024332,-0.10831838,-1.00000000,-0.90373451,0.03838322
2463,0.00154698,-0.10989219,-1.00000000,-0.90075779,0.10674731
2464,0.00045589,-0.04772498,1.00000000,-0.98167781,0.05692373
2465,-0.00195193,0.00420432,1.00000000,-0.88345819,0.03180091
2466,-0.00108584,-0.03925753,1.00000000,-0.96566240,0.04042980
2467,0.00165914,-0.13516908,-1.00000000,-0.85294883,0.09319736
2468,-0.00204251,-0.10066983,-1.00000000,-0.91820106,-0.04058291
2469,-0.00108452,0.00867180,1.00000000,-0.87500837,-0.09799403
2470,0.00008012,-0.13877699,-1.00000000,-0.84612478,-0.02225948
2471,0.00444842,-0.10061724,-1.00000000,-0.91830054,0.18400254
2472,-0.00196324,-0.05422571,1.00000000,-0.99397336,0.04899656
2473,0.00158225,0.11977833,1.00000000,-0.66486034,0.18409141
2474,-0.00267928,-0.13561952,-1.00000000,-0.85209685,0.12465451
2475,-0.00303818,0.00560931,1.00000000,-0.88080079,0.00843556
2476,0.00143985,-0.16414205,-1.00000000,-0.79814906,-0.10369372
2477,0.00061714,-0.17843789,-1.00000000,-0.77110975,-0.00752286
2478,-0.00157844,-0.00006290,1.00000000,-0.89152927,-0.12532215
2479,-0.00142441,-0.03283429,1.00000000,-0.95351341,-0.07855305
2480,0.00344992,-0.12029189,-1.00000000,-0.88108769,0.16325862
2481,-0.00291260,-0.11415629,-1.00000000,-0.89269263,0.00104255
2482,-0.00021452,0.08000493,1.00000000,-0.74008814,-0.02995357
2483,-0.00013105,-0.17343576,-1.00000000,-0.78057083,0.02399077
2484,-0.00012161,-0.06596224,-1.00000000,-0.98384735,0.07254622
2485,0.00328535,-0.06263740,-1.00000000,-0.99013600,0.06641269
2486,-0.00006435,-0.06226134,-1.00000000,-0.99084728,0.17256700
2487,-0.00089604,0.07344957,1.00000000,-0.75248703,0.14716685
2488,0.00386924,-0.05998045,-1.00000000,-0.99516138,0.29625774
2489,0.00057584,-0.09310935,-1.00000000,-0.93250104,0.32225184
2490,-0.00589842,0.09670756,1.00000000,-0.70849662,-0.02002760
2491,-0.00070074,-0.03447944,1.00000000,-0.95662505,-0.04374599
2492,-0.00189346,-0.29237093,-1.00000000,-0.55561562,-0.08091986
2493,-0.00162882,-0.08533012,-1.00000000,-0.94721474,-0.28583266
2494,-0.00015404,-0.13283994,-1.00000000,-0.85735419,-0.31303551
2495,-0.00136713,-0.12229858,-1.00000000,-0.87729222,-0.14415426
2496,0.00236354,-0.06355323,-1.00000000,-0.98840378,-0.02994821
2497,0.00075686,-0.11187449,-1.00000000,-0.89700846,0.06882912
2498,-0.00356687,0.03673071,1.00000000,-0.82193745,-0.00340215
2499,-0.00016186,-0.02726896,1.00000000,-0.94298708,-0.00369354
2500,0.00083383,-0.19949773,-1.00000000,-0.73127696,0.07833610
2501,-0.00019845,-0.06386466,-1.00000000,-0.98781474,-0.01714945
2502,0.00069224,-0.02420308,1.00000000,-0.93718824,-0.01955773
2503,0.00052938,-0.06532208,-1.00000000,-0.98505817,0.13310984
2504,0.00597371,-0.02984287,1.00000000,-0.94785540,0.36178287
2505,-0.00161123,-0.03633010,1.00000000,-0.96012542,0.27065553
2506,-0.00172534,0.18053588,1.00000000,-0.54994286,0.21374815
2507,0.00302713,-0.12159790,-1.00000000,-0.87861749,0.30076943
2508,-0.00342557,-0.12614339,-1.00000000,-0.87002010,0.15336816
2509,-0.00578821,0.06316350,1.00000000,-0.77194220,-0.28499901
2510,0.00276831,-0.19386923,-1.00000000,-0.74192275,-0.12177325
2511,0.00120572,-0.28798100,-1.00000000,-0.56391879,-0.01253258
2512,0.00017275,0.05285409,1.00000000,-0.79144153,-0.11891525
2513,-0.00689108,-0.00938945,1.00000000,-0.90916959,-0.24807488
2514,-0.00087827,-0.05053588,1.00000000,-0.98699437,-0.06508131
2515,0.00369087,-0.33191212,-1.00000000,-0.48082703,-0.03069749
2516,-0.00136954,-0.09240163,-1.00000000,-0.93383963,-0.12667736
2517,0.00215355,0.08960273,1.00000000,-0.72193477,-0.05285285
2518,0.00284322,-0.11197055,-1.00000000,-0.89682676,0.30994503
2519,-0.00103846,0.02836609,1.00000000,-0.83775839,0.30397487
2520,0.00303063,0.05583803,1.00000000,-0.78579767,0.27936743
2521,-0.00132270,-0.09878240,-1.00000000,-0.92177097,0.28111328
2522,0.00736886,0.06330285,1.00000000,-0.77167863,0.47548783
2523,-0.00194095,-0.11010463,-1.00000000,-0.90035599,0.29718152
2524,-0.00243917,0.23610920,1.00000000,-0.44483093,0.24497698
2525,-0.00050466,-0.13473171,-1.00000000,-0.85377607,0.11321682
2526,-0.00009263,-0.15457743,-1.00000000,-0.81623967,0.15906129
2527,-0.00158914,-0.07751942,-1.00000000,-0.96198799,-0.17480364
2528,-0.00192469,-0.06110709,-1.00000000,-0.99303044,-0.17419750
2529,0.00166760,-0.12071806,-1.00000000,-0.88028163,-0.02113819
2530,0.00270806,-0.13408389,-1.00000000,-0.85500137,0.09860009
2531,0.00167061,0.00900889,1.00000000,-0.87437078,0.16431636
2532,0.00487168,0.05045414,1.00000000,-0.79598082,0.40511137
2533,-0.00707425,0.00912897,1.00000000,-0.87414367,0.21318702
2534,0.00156975,0.13663818,1.00000000,-0.63297144,0.20954034
2535,0.00021441,-0.33920828,-1.00000000,-0.46702698,0.11660176
2536,0.00567128,0.00511141,1.00000000,-0.88174252,0.26570676
2537,-0.00111390,-0.04887651,1.00000000,-0.98385582,0.04262422
2538,0.00057097,0.16848900,1.00000000,-0.57272846,0.32756176
2539,-0.00007822,-0.10178738,-1.00000000,-0.91608732,0.26614188
2540,-0.00048101,-0.03467350,1.00000000,-0.95699212,0.24022371
2541,0.00380037,-0.06053277,-1.00000000,-0.99411672,0.17049480
2542,-0.00106618,-0.07657725,-1.00000000,-0.96377002,0.17227319
2543,-0.00007352,0.09396432,1.00000000,-0.71368522,0.14825309
2544,0.00093956,-0.09988667,-1.00000000,-0.91968233,0.18618575
2545,-0.00099367,-0.06034564,-1.00000000,-0.99447065,0.16707889
2546,0.00391689,-0.01999120,1.00000000,-0.92922186,0.17142176
2547,-0.00145184,-0.09699823,-1.00000000,-0.92514557,0.15704803
2548,0.00350997,0.09860588,1.00000000,-0.70490612,0.29060493
2549,-0.00233790,-0.11524899,-1.00000000,-0.89062589,0.16845386
2550,0.00029161,0.08239694,1.00000000,-0.73556386,0.21635604
2551,0.00149975,-0.15054349,-1.00000000,-0.82386950,0.12626910
2552,0.00027986,-0.04580146,1.00000000,-0.97803965,0.19080984
2553,0.00018649,0.00232299,1.00000000,-0.88701656,0.06694336
2554,0.00080438,-0.04626931,1.00000000,-0.97892455,0.18405602
2555,0.00059027,-0.04998873,1.00000000,-0.98595950,0.19518706
2556,0.00022223,-0.02537614,1.00000000,-0.93940698,0.14757392
2557,-0.00157745,-0.03390486,1.00000000,-0.95553830,0.07835194
2558,0.00022404,-0.04856486,1.00000000,-0.98326636,0.07975167
2559,-0.00252490,-0.12025219,-1.00000000,-0.88116279,-0.04433067
2560,0.00140856,-0.04849273,1.00000000,-0.98312994,-0.01383265
2561,0.00066595,-0.15799254,-1.00000000,-0.80978030,0.00270477
2562,0.00193940,-0.00130926,1.00000000,-0.89388665,0.13377780
2563,-0.00598277,-0.03089004,1.00000000,-0.94983603,-0.09755027
2564,0.00025882,0.01983570,1.00000000,-0.85389285,0.00619916
2565,0.00152720,-0.29573093,-1.00000000,-0.54926050,0.01062057
2566,0.00070763,-0.04710750,1.00000000,-0.98050991,0.01217408
2567,0.00227269,0.00341624,1.00000000,-0.88494877,0.02459584
2568,0.00376805,-0.02922968,1.00000000,-0.94669561,0.38800923
2569,-0.00299587,0.03311179,1.00000000,-0.82878231,0.26670700
2570,-0.00267467,0.09267705,1.00000000,-0.71611996,0.11010341
2571,0.00308816,-0.17675258,-1.00000000,-0.77429737,0.19882556
2572,-0.02188997,-0.16395812,-1.00000000,-0.79849695,-0.70171747
2573,-0.00599949,0.06559454,1.00000000,-0.76734411,-1.06575410
2574,-0.01073660,-0.92936816,-1.00000000,0.64920749,-1.35425126
2575,-0.00040996,-0.29639703,-1.00000000,-0.54800062,-1.26984554
2576,0.00026723,-0.48509179,-1.00000000,-0.19110140,-1.37498165
2577,0.00498631,-0.07374720,-1.00000000,-0.96912280,-0.37330202
2578,-0.00314445,-0.04677255,1.00000000,-0.97987638,-0.26689447
2579,0.00101283,0.14120430,1.00000000,-0.62433503,0.17100689
2580,-0.00225279,-0.18267106,-1.00000000,-0.76310310,0.10232462
2581,0.00009866,-0.01707276,1.00000000,-0.92370188,0.09604190
2582,0.00468687,-0.14715326,-1.00000000,-0.83028183,0.08488169
2583,0.00953753,-0.05348737,1.00000000,-0.99257686,0.55753949
2584,-0.00005388,0.12927652,1.00000000,-0.64689536,0.51778313
2585,0.00585031,0.32249486,1.00000000,-0.28144019,0.81978581
2586,-0.00001914,-0.05956344,-1.00000000,-0.99595010,0.81539540
2587,0.00406506,0.17562035,1.00000000,-0.55924016,0.79222055
2588,-0.00502634,-0.05817974,-1.00000000,-0.99856726,0.24942447
2589,0.00236574,0.10450777,1.00000000,-0.69374323,0.33960372
2590,0.00349589,-0.25763327,-1.00000000,-0.62131880,0.25185436
2591,0.00582149,0.03681809,1.00000000,-0.82177217,0.46953499
2592,0.00521316,0.08183582,1.00000000,-0.73662518,0.51232463
2593,0.00029821,0.17447237,1.00000000,-0.56141145,0.71077099
2594,-0.00893307,0.15024037,1.00000000,-0.60724411,0.28966424
2595,0.00435779,-0.04553831,1.00000000,-0.97754193,0.32178720
2596,0.00852699,-0.41325124,-1.00000000,-0.32698137,0.42262133
2597,0.00714677,0.11616811,1.00000000,-0.67168874,0.49468707
2598,-0.00259211,0.28224161,1.00000000,-0.35757561,0.38696460
2599,-0.00379719,0.22726260,1.00000000,-0.46156347,0.57837896
2600,-0.01429112,-0.16066964,-1.00000000,-0.80471680,-0.11666615
2601,0.00124220,-0.20867192,-1.00000000,-0.71392479,-0.38817056
2602,-0.00572894,-0.62668032,-1.00000000,0.07670060,-0.86804857
2603,0.00312583,-0.00793615,1.00000000,-0.90642081,-0.65494065
2604,0.00383694,-0.28562013,-1.00000000,-0.56838417,-0.37041645
2605,0.00703638,0.06709527,1.00000000,-0.76450562,0.42445997
2606,0.00528648,0.09542108,1.00000000,-0.71092987,0.57519028
2607,0.00578162,0.22286556,1.00000000,-0.46988008,1.00418935
2608,-0.00113241,0.15316099,1.00000000,-0.60172003,0.84548455
2609,0.00001775,0.17288434,1.00000000,-0.56441507,0.70314332
2610,-0.00058645,-0.10252483,-1.00000000,-0.91469250,0.41904035
2611,-0.00928933,-0.05670999,1.00000000,-0.99867214,-0.12420027
2612,-0.00449383,-0.08077725,-1.00000000,-0.95582610,-0.50716679
2613,0.00999982,-0.42744227,-1.00000000,-0.30014031,-0.09226840
2614,-0.00766850,-0.23642158,-1.00000000,-0.66143881,-0.37873536
2615,0.00446688,0.34090915,1.00000000,-0.24661121,-0.19039764
2616,0.00131030,-0.36287936,-1.00000000,-0.42225525,0.20465070
2617,-0.00129388,0.12051383,1.00000000,-0.66346919,0.32391311
2618,-0.00400856,-0.00522357,1.00000000,-0.90129021,-0.19817930
2619,0.00094240,-0.10895662,-1.00000000,-0.90252734,0.12274939
2620,-0.00235903,-0.21709136,-1.00000000,-0.69800018,-0.13165254
2621,0.00369307,-0.01987807,1.00000000,-0.92900788,-0.04284640
2622,-0.00123618,-0.15138518,-1.00000000,-0.82227753,-0.04069603
2623,0.00009918,0.08969043,1.00000000,-0.72176890,0.11239933
2624,0.00009342,-0.10665836,-1.00000000,-0.90687430,0.08075771
2625,0.00183996,-0.05346652,1.00000000,-0.99253741,0.23725421
2626,0.00442857,-0.05369592,1.00000000,-0.99297131,0.26466599
2627,-0.01456950,0.01587473,1.00000000,-0.86138466,-0.23226718
2628,-0.00400056,0.11898751,1.00000000,-0.66635608,-0.38506463
2629,-0.00115634,-0.63776925,-1.00000000,0.09767430,-0.43164318
2630,0.00123884,-0.21677296,-1.00000000,-0.69860240,-0.45404690
2631,0.00371031,-0.10347803,-1.00000000,-0.91288961,-0.48081648
2632,0.00130143,-0.00806985,1.00000000,-0.90667370,0.11069347
2633,-0.00507560,0.09037680,1.00000000,-0.72047069,0.07062670
2634,0.00732562,-0.00557683,1.00000000,-0.90195837,0.38674975
2635,-0.00103868,-0.25959542,-1.00000000,-0.61760756,0.30186659
2636,-0.00058999,0.23438711,1.00000000,-0.44808809,0.14159449
2637,0.00199702,-0.09879105,-1.00000000,-0.92175460,0.16751902
2638,0.00008092,-0.08091838,-1.00000000,-0.95555916,0.35970268
2639,-0.00191526,0.02213072,1.00000000,-0.84955203,0.01529468
2640,-0.00282687,-0.05419389,1.00000000,-0.99391317,-0.05135141
2641,-0.00167896,-0.13370834,-1.00000000,-0.85571168,-0.09193735
2642,-0.00063848,-0.17002088,-1.00000000,-0.78702978,-0.19016230
2643,-0.00119777,-0.12429571,-1.00000000,-0.87351483,-0.23781907
2644,0.00011506,-0.08284989,-1.00000000,-0.95190589,-0.16214903
2645,0.00341729,-0.10512836,-1.00000000,-0.90976816,0.07057083
2646,0.00661171,-0.05283393,1.00000000,-0.99134093,0.37956438
2647,0.00724867,0.07870483,1.00000000,-0.74254717,0.67351879
2648,0.00325489,0.20594959,1.00000000,-0.50187512,0.83946946
2649,0.00126272,0.23132191,1.00000000,-0.45388566,0.88224268
2650,0.00339257,0.07223596,1.00000000,-0.75478246,0.88132136
2651,-0.00546599,-0.00711889,1.00000000,-0.90487503,0.43118500
2652,-0.00224189,0.07772015,1.00000000,-0.74440961,0.07747128
2653,-0.00253185,-0.27514594,-1.00000000,-0.58819516,-0.13820056
2654,-0.00200427,-0.14671930,-1.00000000,-0.83110263,-0.25996130
2655,-0.00130317,-0.15826921,-1.00000000,-0.80925701,-0.43497145
2656,0.00119556,-0.13725400,-1.00000000,-0.84900538,-0.18669537
2657,-0.00909101,-0.10932673,-1.00000000,-0.90182731,-0.44196193
2658,-0.00361832,-0.00979409,1.00000000,-0.90993494,-0.48245467
2659,-0.00256423,-0.41954240,-1.00000000,-0.31508219,-0.50332450
2660,0.00804512,-0.20154692,-1.00000000,-0.72740109,-0.15491352
2661,-0.00208641,-0.15955920,-1.00000000,-0.80681709,-0.27723252
2662,-0.00189480,0.26304702,1.00000000,-0.39388046,-0.00902980
2663,-0.00153425,-0.14052587,-1.00000000,-0.84281694,0.06864367
2664,-0.00462420,-0.13289343,-1.00000000,-0.85725302,-0.00813132
2665,0.00293889,-0.11853128,-1.00000000,-0.88441774,-0.19844080
2666,-0.00018921,-0.24161457,-1.00000000,-0.65161673,-0.12773196
2667,-0.00246888,0.05964857,1.00000000,-0.77859037,-0.14912781
2668,0.00068781,-0.06495387,-1.00000000,-0.98575459,-0.06631157
2669,-0.00497683,-0.15576083,-1.00000000,-0.81400138,-0.07945392
2670,-0.00324499,-0.03001916,1.00000000,-0.94818884,-0.30992722
2671,0.01249286,-0.25566081,-1.00000000,-0.62504952,0.16273358
2672,0.00256653,-0.18667606,-1.00000000,-0.75552799,0.35040341
2673,-0.00404150,0.44021527,1.00000000,-0.05878261,0.17414186
2674,-0.00162271,0.04481642,1.00000000,-0.80664405,0.29914968
2675,0.00114003,-0.21840350,-1.00000000,-0.69551838,0.46257948
2676,-0.00023878,-0.12205529,-1.00000000,-0.87775239,-0.01192890
2677,0.00349072,-0.01200600,1.00000000,-0.91411857,0.02251556
2678,0.00087254,-0.06692852,-1.00000000,-0.98201972,0.20566195
2679,-0.00379428,0.08162988,1.00000000,-0.73701469,0.12472768
2680,0.00182700,-0.02266081,1.00000000,-0.93427118,0.15033104
2681,-0.00010453,-0.20855599,-1.00000000,-0.71414407,0.15533457
2682,0.00066540,0.01535829,1.00000000,-0.86236147,0.05003495
2683,0.00318011,-0.06158087,-1.00000000,-0.99213433,0.13603785
2684,-0.00104726,-0.03091195,1.00000000,-0.94987748,0.23841923
2685,0.00136316,0.06925713,1.00000000,-0.76041664,0.22113210
2686,0.00191490,-0.09913309,-1.00000000,-0.92110767,0.29639619
2687,0.00177135,-0.00311780,1.00000000,-0.89730734,0.33761489
2688,0.00041980,0.01885968,1.00000000,-0.85573890,0.23473812
2689,0.00243612,0.01314166,1.00000000,-0.86655403,0.36456399
2690,-0.00078037,-0.04069522,1.00000000,-0.96838166,0.28467450
2691,-0.00702469,0.03962185,1.00000000,-0.81646912,-0.04850404
2692,0.00946522,-0.08850188,-1.00000000,-0.94121565,0.23824677
2693,-0.00325101,-0.33723398,-1.00000000,-0.47076119,0.10143583
2694,0.00168189,0.31961442,1.00000000,-0.28688829,0.07332549
2695,-0.00121191,-0.18691565,-1.00000000,-0.75507484,0.05724213
2696,-0.00088743,0.00957816,1.00000000,-0.87329407,0.28597776
2697,-0.00141521,-0.10569142,-1.00000000,-0.90870319,-0.11953606
2698,0.00125542,-0.09276653,-1.00000000,-0.93314945,0.04841839
2699,-0.00162508,-0.11378955,-1.00000000,-0.89338629,-0.07483239
2700,-0.00216725,-0.00740974,1.00000000,-0.90542514,-0.11043814
2701,0.00272009,-0.12214949,-1.00000000,-0.87757422,0.02401437
2702,0.00160503,-0.14374603,-1.00000000,-0.83672630,0.13657866
2703,-0.00131889,0.05093325,1.00000000,-0.79507461,0.04063406
2704,0.00125157,0.00651661,1.00000000,-0.87908471,0.14784666
2705,-0.00485535,-0.10995315,-1.00000000,-0.90064250,0.04766121
2706,0.00221163,-0.00756309,1.00000000,-0.90571521,0.02871069
2707,-0.00067693,-0.25082196,-1.00000000,-0.63420178,-0.05633812
2708,-0.00670428,0.03067937,1.00000000,-0.83338301,-0.25705167
2709,-0.00259574,-0.08438163,-1.00000000,-0.94900874,-0.40044099
2710,-0.00038456,-0.32447124,-1.00000000,-0.49490078,-0.23381453
2711,-0.00551313,-0.16081435,-1.00000000,-0.80444310,-0.52171633
2712,-0.00555658,-0.07273538,-1.00000000,-0.97103657,-0.70358108
2713,-0.00104165,-0.27702354,-1.00000000,-0.58464385,-0.49253461
2714,0.00709172,-0.27875454,-1.00000000,-0.58136981,-0.13148254
2715,0.00016552,-0.09890956,-1.00000000,-0.92153045,-0.11098099
2716,-0.00222600,0.22506991,1.00000000,-0.46571076,0.01153046
2717,0.00358155,-0.05082379,1.00000000,-0.98753893,0.35210890
2718,-0.00113062,-0.14608607,-1.00000000,-0.83230031,0.34879303
2719,-0.00066097,0.08524796,1.00000000,-0.73017142,0.05985010
2720,0.00174873,-0.10245348,-1.00000000,-0.91482745,0.11885639
2721,-0.00959406,-0.08374574,-1.00000000,-0.95021146,-0.15575164
2722,0.00276238,0.01224080,1.00000000,-0.86825793,-0.18628190
2723,0.00842642,-0.43958091,-1.00000000,-0.27718116,0.16990916
2724,0.00123144,0.05261792,1.00000000,-0.79188822,0.24043913
2725,0.00617412,0.27823544,1.00000000,-0.36515291,0.40537349
2726,-0.00449384,-0.00836491,1.00000000,-0.90723178,0.59545881
2727,-0.00168019,0.18851889,1.00000000,-0.53484372,0.42988392
2728,-0.00114800,-0.23642204,-1.00000000,-0.66143795,0.07304509
2729,0.00258104,-0.12434476,-1.00000000,-0.87342206,0.12334483
2730,0.00429537,-0.10314580,-1.00000000,-0.91351799,0.05332362
2731,0.00120959,0.04539431,1.00000000,-0.80555103,0.26589064
2732,0.00042075,0.11368181,1.00000000,-0.67639135,0.34419290
2733,-0.00237278,-0.00923523,1.00000000,-0.90887791,0.29854512
2734,-0.00053412,-0.04065708,1.00000000,-0.96830951,0.18244305
2735,-0.00102989,-0.15193311,-1.00000000,-0.82124117,-0.01602957
2736,0.00221861,-0.07869295,-1.00000000,-0.95976836,0.02157675
2737,0.00213888,-0.09844122,-1.00000000,-0.92241628,0.08561137
2738,0.00041839,0.03095754,1.00000000,-0.83285688,0.18963862
2739,0.00115050,0.02778168,1.00000000,-0.83886374,0.25242445
2740,-0.00011243,-0.04075115,1.00000000,-0.96848743,0.28661824
2741,-0.00182561,-0.01158889,1.00000000,-0.91332963,0.13588989
2742,0.00096707,-0.06189568,-1.00000000,-0.99153889,0.09221657
2743,-0.00236490,-0.13013749,-1.00000000,-0.86246563,-0.01151695
2744,-0.00191065,-0.01889538,1.00000000,-0.92714920,-0.12560623
2745,0.00369181,-0.15161917,-1.00000000,-0.82183495,0.01617805
2746,-0.00010205,-0.13352492,-1.00000000,-0.85605860,0.08041545
2747,-0.00147351,0.08964014,1.00000000,-0.72186401,-0.01054520
2748,0.00327323,-0.06148201,-1.00000000,-0.99232131,0.19958822
2749,-0.00195245,-0.11611205,-1.00000000,-0.88899348,0.19803069
2750,-0.00126985,0.07296666,1.00000000,-0.75340041,0.01310926
2751,-0.00103347,-0.13518958,-1.00000000,-0.85291005,-0.02160494
2752,-0.00759585,-0.10799969,-1.00000000,-0.90433730,-0.24978471
2753,-0.00022733,-0.09858376,-1.00000000,-0.92214668,-0.38025067
2754,-0.00335240,-0.35998541,-1.00000000,-0.42772890,-0.43242691
2755,0.00488723,-0.06647240,-1.00000000,-0.98288243,-0.20295235
2756,0.00314660,-0.19095436,-1.00000000,-0.74743598,-0.04716099
2757,0.00128705,0.13725751,1.00000000,-0.63180002,0.28390510
2758,-0.00109539,0.06792251,1.00000000,-0.76294095,0.25155242
2759,0.00060691,-0.00614950,1.00000000,-0.90304151,0.39911604
2760,0.00123257,-0.10105021,-1.00000000,-0.91748160,0.26290707
2761,0.00593735,-0.03324170,1.00000000,-0.95428400,0.36691849
2762,0.00121756,-0.00831955,1.00000000,-0.90714597,0.36432851
2763,-0.00225912,0.17908755,1.00000000,-0.55268225,0.32095628
2764,0.00038044,-0.00891760,1.00000000,-0.90827714,0.31251563
2765,-0.00396066,-0.14740547,-1.00000000,-0.82980479,0.11896379
2766,-0.00581401,-0.04226287,1.00000000,-0.97134673,-0.31900988
2767,0.00038039,-0.21518336,-1.00000000,-0.70160900,-0.35021139
2768,0.00184382,-0.28900877,-1.00000000,-0.56197485,-0.19729456
2769,0.00263618,-0.04226506,1.00000000,-0.97135087,-0.11322296
2770,-0.00155966,0.01602857,1.00000000,-0.86109370,-0.02373787
2771,-0.00125459,0.04759094,1.00000000,-0.80139629,0.14619200
2772,-0.00244995,-0.11954373,-1.00000000,-0.88250278,0.04070512
2773,0.00382122,-0.10739159,-1.00000000,-0.90548746,0.11440275
2774,-0.00009794,-0.15500704,-1.00000000,-0.81542711,0.01250198
2775,-0.00387104,0.09479492,1.00000000,-0.71211420,-0.07364320
2776,-0.00202303,-0.06131830,-1.00000000,-0.99263096,-0.10228305
2777,-0.00306934,-0.21161373,-1.00000000,-0.70836062,-0.12536764
2778,0.00328921,-0.13800121,-1.00000000,-0.84759212,-0.14519569
2779,0.00780110,-0.17967933,-1.00000000,-0.76876168,0.14920173
2780,0.00294441,0.07360316,1.00000000,-0.75219652,0.40321367
2781,0.00209490,0.25332698,1.00000000,-0.41226503,0.55668910
2782,-0.00192824,0.05986847,1.00000000,-0.77817446,0.59921813
2783,0.00102802,0.02602985,1.00000000,-0.84217717,0.51494353
2784,-0.00023180,-0.13422527,-1.00000000,-0.85473396,0.21555701
2785,-0.00413305,-0.01646762,1.00000000,-0.92255732,-0.04821992
2786,0.00033216,-0.06665054,-1.00000000,-0.98254551,-0.11391752
2787,0.00183023,-0.22205033,-1.00000000,-0.68862074,0.02616047
2788,-0.00021541,-0.04418626,1.00000000,-0.97498464,-0.02018213
2789,-0.00142730,0.01548691,1.00000000,-0.86211820,-0.06473849
2790,0.00409826,-0.06599754,-1.00000000,-0.98378058,0.24204273
2791,0.00115753,-0.11427135,-1.00000000,-0.89247500,0.27280450
2792,-0.00003313,0.10583047,1.00000000,-0.69124145,0.20335719
2793,0.00068613,-0.01130878,1.00000000,-0.91279983,0.23695746
2794,0.00034299,-0.05873680,-1.00000000,-0.99751363,0.30293624
2795,-0.00329759,-0.03008634,1.00000000,-0.94831591,0.02729239
2796,0.00068201,-0.04375473,1.00000000,-0.97416844,0.00956973
2797,0.00557898,-0.18877141,-1.00000000,-0.75156482,0.21873329
2798,-0.00463447,-0.03025035,1.00000000,-0.94862612,0.02043432
2799,0.00041999,0.16481246,1.00000000,-0.57968231,0.02330397
2800,-0.00282424,-0.24202378,-1.00000000,-0.65084275,0.04094581
2801,0.00267397,-0.04068771,1.00000000,-0.96836745,0.11518600
2802,0.00131367,-0.16991623,-1.00000000,-0.78722772,-0.04378247
2803,0.00184370,0.04909589,1.00000000,-0.79854983,0.19765908
2804,-0.00200924,-0.00508944,1.00000000,-0.90103651,0.10712166
2805,0.00079981,0.01602348,1.00000000,-0.86110332,0.24219006
2806,0.00189654,-0.13745206,-1.00000000,-0.84863077,0.21321544
2807,0.00148472,-0.02555818,1.00000000,-0.93975130,0.21959071
2808,-0.00028297,0.01812847,1.00000000,-0.85712192,0.14032994
2809,-0.00104083,0.00172430,1.00000000,-0.88814893,0.17642262
2810,0.00322947,-0.06868863,-1.00000000,-0.97869063,0.26697641
2811,-0.00383951,-0.09887702,-1.00000000,-0.92159200,0.05319357
2812,0.00530422,0.07122365,1.00000000,-0.75669715,0.19554656
2813,-0.00681175,-0.21035778,-1.00000000,-0.71073615,-0.04778121
2814,0.00445660,0.15386796,1.00000000,-0.60038285,0.15710814
2815,-0.00050171,-0.32875183,-1.00000000,-0.48680441,0.01804677
2816,0.00105857,0.12010407,1.00000000,-0.66424423,0.20059827
2817,0.00162842,-0.07740199,-1.00000000,-0.96221010,0.06360102
2818,0.00185206,-0.01525087,1.00000000,-0.92025595,0.38650117
2819,-0.00045589,0.00744840,1.00000000,-0.87732232,0.20341269
2820,0.00042176,0.01635652,1.00000000,-0.86047339,0.23783054
2821,-0.00230041,-0.07557675,-1.00000000,-0.96566238,0.11264146
2822,-0.00366922,-0.04061698,1.00000000,-0.96823366,-0.08480165
2823,-0.00266473,-0.14905012,-1.00000000,-0.82669408,-0.25314259
2824,-0.00164260,-0.20357431,-1.00000000,-0.72356647,-0.29737125
2825,-0.00189238,-0.16356246,-1.00000000,-0.79924530,-0.38361949
2826,0.00056737,-0.12284733,-1.00000000,-0.87625431,-0.27673739
2827,-0.00051740,-0.13279713,-1.00000000,-0.85743515,-0.15926919
2828,0.00056173,-0.03481697,1.00000000,-0.95726346,-0.03901893
2829,-0.01285079,-0.07802697,-1.00000000,-0.96102801,-0.45674852
2830,0.00360296,-0.03504170,1.00000000,-0.95768853,-0.25193688
2831,-0.00191098,-0.56930724,-1.00000000,-0.03181544,-0.34430485
2832,0.00243704,0.08610089,1.00000000,-0.72855818,-0.23419272
2833,-0.00225347,-0.13353775,-1.00000000,-0.85603435,-0.33911530
2834,-0.00037796,0.03965837,1.00000000,-0.81640004,0.12574724
2835,-0.00214439,-0.14718057,-1.00000000,-0.83023017,-0.08845650
2836,0.00215555,-0.07247271,-1.00000000,-0.97153339,0.06310296
2837,-0.00125138,-0.14283520,-1.00000000,-0.83844905,-0.07436475
2838,0.00391365,0.02844556,1.00000000,-0.83760807,0.15548421
2839,-0.00153563,-0.10726400,-1.00000000,-0.90572879,0.11233782
2840,-0.00049213,0.09847678,1.00000000,-0.70515029,0.17391733
2841,0.00194740,-0.11858659,-1.00000000,-0.88431311,0.16615965
2842,-0.00071085,-0.07702041,-1.00000000,-0.96293182,0.18630539
2843,-0.00016082,0.02015433,1.00000000,-0.85329019,0.03444957
2844,-0.00046307,-0.08573268,-1.00000000,-0.94645334,0.07442395
2845,0.00273384,-0.06382327,-1.00000000,-0.98789302,0.19465590
2846,0.00052689,-0.07586289,-1.00000000,-0.96512117,0.14171356
2847,-0.00102027,0.05148077,1.00000000,-0.79403904,0.13018136
2848,0.00340685,-0.03642924,1.00000000,-0.96031294,0.26314882
2849,0.00211732,-0.09805803,-1.00000000,-0.92314104,0.35932004
2850,-0.00143852,0.07828933,1.00000000,-0.74333306,0.20381615
2851,-0.00231611,0.02692273,1.00000000,-0.84048836,0.09785733
2852,-0.00003289,-0.11471826,-1.00000000,-0.89162972,0.13465716
2853,-0.00247714,-0.14967562,-1.00000000,-0.82551100,-0.08463957
2854,0.00147861,-0.05872721,-1.00000000,-0.99753176,-0.10844413
2855,-0.00177608,-0.15609004,-1.00000000,-0.81337870,-0.12102509
2856,0.00102868,0.00148096,1.00000000,-0.88860918,0.00363522
2857,0.00176839,-0.12816450,-1.00000000,-0.86619735,0.07076905
2858,0.00709705,-0.01644152,1.00000000,-0.92250795,0.42759957
2859,0.00268861,0.01302391,1.00000000,-0.86677674,0.47269612
2860,-0.00514435,0.22528231,1.00000000,-0.46530901,0.34716060
2861,0.00194328,0.04967914,1.00000000,-0.79744667,0.38124774
2862,0.00242189,-0.26233402,-1.00000000,-0.61242775,0.40560340
2863,0.00277953,0.01999004,1.00000000,-0.85360092,0.24468925
2864,0.00156255,0.03905468,1.00000000,-0.81754186,0.20272101
2865,-0.00059621,0.05330092,1.00000000,-0.79059639,0.37223044
2866,0.00129034,0.00482444,1.00000000,-0.88228530,0.34789563
2867,-0.00517864,-0.08116619,-1.00000000,-0.95509045,0.06462384
2868,0.00004499,-0.00601845,1.00000000,-0.90279365,-0.03729245
2869,-0.00490036,-0.26369978,-1.00000000,-0.60984454,-0.27816532
2870,0.00750424,-0.05562490,1.00000000,-0.99661981,0.02373876
2871,0.00394862,-0.25261501,-1.00000000,-0.63081039,0.12281270
2872,0.00143215,0.24150203,1.00000000,-0.43463087,0.36919717
2873,-0.00228073,0.09986953,1.00000000,-0.70251603,0.28251752
2874,0.00586202,-0.00036965,1.00000000,-0.89210945,0.68363168
2875,-0.00032018,-0.14826615,-1.00000000,-0.82817690,0.39201531
2876,0.00018640,0.17608670,1.00000000,-0.55835810,0.25179741
2877,-0.00349674,-0.07017092,-1.00000000,-0.97588701,0.06809735
2878,0.00557350,-0.04999218,1.00000000,-0.98596601,0.36082470
2879,-0.00197900,-0.19670410,-1.00000000,-0.73656085,0.06858990
2880,0.00381547,0.16459420,1.00000000,-0.58009513,0.22272577
2881,0.00204077,-0.13624722,-1.00000000,-0.85090962,0.29183818
2882,-0.00029633,0.09456599,1.00000000,-0.71254720,0.41111779
2883,-0.00382555,0.02387360,1.00000000,-0.84625551,0.06081493
2884,-0.00178641,-0.06922077,-1.00000000,-0.97768415,0.06799254
2885,0.00170583,-0.20980155,-1.00000000,-0.71178820,-0.01063386
2886,-0.00179061,-0.12857595,-1.00000000,-0.86541913,-0.15342956
2887,-0.00402031,0.01053188,1.00000000,-0.87149018,-0.29222258
2888,-0.00143708,-0.12874320,-1.00000000,-0.86510281,-0.20320415
2889,-0.00117318,-0.21755960,-1.00000000,-0.69711454,-0.18034883
2890,-0.00266958,-0.11466067,-1.00000000,-0.89173865,-0.34342067
2891,0.00083111,-0.10414871,-1.00000000,-0.91162107,-0.24570902
2892,0.00208237,-0.16375560,-1.00000000,-0.79888000,-0.01826201
2893,0.00088053,-0.02431119,1.00000000,-0.93739274,0.06811529
2894,-0.00104137,0.02553059,1.00000000,-0.84312147,0.07302784
2895,-0.00126487,-0.02234257,1.00000000,-0.93366926,0.12538145
2896,-0.00140271,-0.09889829,-1.00000000,-0.92155177,0.04212700
2897,-0.00005885,-0.10780125,-1.00000000,-0.90471262,-0.03767621
2898,-0.00258595,-0.11329165,-1.00000000,-0.89432802,-0.16687228
2899,0.00126901,-0.05976127,-1.00000000,-0.99557593,-0.08076447
2900,-0.00023949,-0.16042439,-1.00000000,-0.80518067,-0.04254851
2901,0.00144658,-0.00686822,1.00000000,-0.90440092,0.06364436
2902,0.00077119,-0.06695690,-1.00000000,-0.98196605,0.09458002
2903,-0.00002867,0.00020487,1.00000000,-0.89102280,0.18989002
2904,-0.00114647,-0.02669794,1.00000000,-0.94190705,0.09986520
2905,-0.00068837,-0.05855923,-1.00000000,-0.99784949,0.08313547
2906,0.00022467,-0.10308471,-1.00000000,-0.91363354,0.03759508
2907,0.00217952,-0.08483725,-1.00000000,-0.94814697,0.09008357
2908,-0.00065857,-0.04846766,1.00000000,-0.98308253,0.06660714
2909,-0.00212905,0.02940057,1.00000000,-0.83580176,0.02998631
2910,-0.00033869,-0.08365030,-1.00000000,-0.95039199,0.04301880
2911,-0.00021174,-0.14222422,-1.00000000,-0.83960466,0.02675380
2912,0.00234440,-0.07090842,-1.00000000,-0.97449210,0.03289893
2913,-0.00270706,-0.06585132,-1.00000000,-0.98405715,-0.04344828
2914,-0.00068512,0.03596834,1.00000000,-0.82337941,0.01036688
2915,0.00448144,-0.16524846,-1.00000000,-0.79605638,0.19001346
2916,-0.00057021,-0.08470780,-1.00000000,-0.94839181,0.17665308
2917,0.00383937,0.12109376,1.00000000,-0.66237230,0.23237033
2918,-0.00044385,-0.08013059,-1.00000000,-0.95704919,0.31672032
2919,0.00474575,0.09551767,1.00000000,-0.71074719,0.51912899
2920,0.00108625,-0.07509710,-1.00000000,-0.96656958,0.39259008
2921,-0.00317561,0.13162199,1.00000000,-0.64245910,0.29548684
2922,-0.00060801,-0.01414815,1.00000000,-0.91817026,0.12973287
2923,0.00156229,-0.18391233,-1.00000000,-0.76075534,0.20450180
2924,0.00241173,-0.08163641,-1.00000000,-0.95420108,0.11751274
2925,0.00034514,0.00481422,1.00000000,-0.88230462,0.08989151
2926,0.00072261,0.03865007,1.00000000,-0.81830716,0.23517833
2927,-0.00115671,-0.04366910,1.00000000,-0.97400648,0.21472836
2928,-0.00081546,-0.02863308,1.00000000,-0.94556719,0.12610964
2929,0.00572982,-0.10349286,-1.00000000,-0.91286155,0.24977515
2930,0.00329600,-0.08989946,-1.00000000,-0.93857225,0.35975367
2931,-0.00081490,0.17082096,1.00000000,-0.56831777,0.30245044
2932,-0.00176307,0.07387344,1.00000000,-0.75168530,0.27985142
2933,-0.00321956,-0.08987747,-1.00000000,-0.93861385,0.19025037
2934,0.00215309,-0.12764618,-1.00000000,-0.86717771,0.05694525
2935,-0.00136881,-0.18566304,-1.00000000,-0.75744404,-0.11691227
2936,0.00245669,0.02834748,1.00000000,-0.83779358,0.00502016
2937,0.00240962,-0.11194152,-1.00000000,-0.89688167,0.16053647
2938,-0.00156362,0.04044114,1.00000000,-0.81491951,0.22225333
2939,0.00151194,0.03856612,1.00000000,-0.81846593,0.19835776
2940,0.00838450,-0.11970145,-1.00000000,-0.88220445,0.56186398
2941,0.00294605,0.00280843,1.00000000,-0.88609839,0.58010232
2942,-0.00028468,0.27656568,1.00000000,-0.36831112,0.47968560
2943,0.00015101,0.05993386,1.00000000,-0.77805078,0.54359016
2944,-0.00169628,-0.06875699,-1.00000000,-0.97856135,0.42401991
2945,-0.00185093,-0.05140172,1.00000000,-0.98863203,0.04254506
2946,-0.00222356,-0.12498554,-1.00000000,-0.87221008,-0.15012643
2947,-0.00172613,-0.13114598,-1.00000000,-0.86055816,-0.20384924
2948,-0.00357411,-0.14598906,-1.00000000,-0.83248380,-0.34268484
2949,-0.00106171,-0.12617470,-1.00000000,-0.86996089,-0.31903467
2950,-0.00549952,-0.19978606,-1.00000000,-0.73073160,-0.45501753
2951,-0.00341283,-0.09970876,-1.00000000,-0.92001883,-0.49934167
2952,0.00172825,-0.27648137,-1.00000000,-0.58566930,-0.37059682
2953,0.00360361,-0.19336170,-1.00000000,-0.74288271,-0.10308299
2954,-0.00132011,0.01142487,1.00000000,-0.86980117,-0.11271326
2955,0.00037736,0.08612664,1.00000000,-0.72850947,0.10631817
2956,-0.00348910,-0.11000138,-1.00000000,-0.90055128,0.10347566
2957,-0.00234629,-0.04238555,1.00000000,-0.97157875,-0.04838244
2958,-0.00016959,-0.19639971,-1.00000000,-0.73713658,-0.18900969
2959,-0.00315909,-0.15087761,-1.00000000,-0.82323755,-0.25754887
2960,-0.00090796,-0.06417257,-1.00000000,-0.98723236,-0.30545270
2961,0.00082074,-0.18325450,-1.00000000,-0.76199958,-0.14482498
2962,-0.00001761,-0.09358407,-1.00000000,-0.93160314,-0.05803515
2963,0.00270384,-0.02472446,1.00000000,-0.93817439,0.04905783
2964,0.00326395,-0.05811861,-1.00000000,-0.99868288,0.28844483
2965,0.00314605,0.05028598,1.00000000,-0.79629888,0.43953759
2966,-0.00163575,0.07259689,1.00000000,-0.75409979,0.34798430
2967,0.00197516,0.06790044,1.00000000,-0.76298270,0.42225490
2968,0.00091667,-0.12257454,-1.00000000,-0.87677028,0.35564713
2969,-0.00754531,0.02126013,1.00000000,-0.85119867,-0.04721435
2970,0.00086728,-0.02090290,1.00000000,-0.93094625,-0.13214412
2971,-0.00017776,-0.35797231,-1.00000000,-0.43153650,-0.07780463
2972,0.00206009,-0.02287057,1.00000000,-0.93466792,-0.07463919
2973,0.00042672,-0.06449773,-1.00000000,-0.98661735,-0.09289972
2974,-0.00577796,0.02464329,1.00000000,-0.84479973,-0.02703054
2975,0.00007371,-0.04041934,1.00000000,-0.96785985,-0.05660665
2976,-0.00489312,-0.28757283,-1.00000000,-0.56469080,-0.23234840
2977,0.00022762,-0.05448084,1.00000000,-0.99445592,-0.30064460
2978,-0.00635229,-0.25232652,-1.00000000,-0.63135604,-0.55329846
2979,-0.00133199,-0.04835014,1.00000000,-0.98286025,-0.38759699
2980,0.00302568,-0.31045006,-1.00000000,-0.52142057,-0.27757721
2981,0.00100178,-0.11047486,-1.00000000,-0.89965573,-0.05787401
2982,0.00070967,0.06310581,1.00000000,-0.77205132,-0.03990814
2983,-0.00222339,-0.01751273,1.00000000,-0.92453405,0.11397579
2984,0.00617295,-0.02914863,1.00000000,-0.94654231,0.39368511
2985,-0.00162356,-0.14598240,-1.00000000,-0.83249640,0.22040777
2986,-0.00096110,0.18847210,1.00000000,-0.53493222,0.14725122
2987,0.00172040,-0.12208907,-1.00000000,-0.87768849,0.18492115
2988,-0.00252872,-0.09570080,-1.00000000,-0.92759955,0.17354165
2989,-0.00241307,0.01111213,1.00000000,-0.87039269,-0.14645939
2990,-0.00035079,-0.15814455,-1.00000000,-0.80949278,-0.09902297
2991,0.00325022,-0.15353774,-1.00000000,-0.81820616,0.05793298
2992,-0.00013813,-0.07139011,-1.00000000,-0.97358103,-0.01133443
2993,0.00003502,0.07205017,1.00000000,-0.75513387,0.08421631
2994,0.00179239,-0.06291930,-1.00000000,-0.98960280,0.24095382
2995,-0.00115485,-0.05602210,1.00000000,-0.99737106,0.21098644
2996,0.00169210,0.01397975,1.00000000,-0.86496884,0.15291509
2997,-0.00067547,-0.10341856,-1.00000000,-0.91300209,0.13288844
2998,-0.00075613,0.00998483,1.00000000,-0.87252489,0.10340211
2999,0.00261443,-0.08432334,-1.00000000,-0.94911899,0.13403976
3000,0.00187880,-0.08753641,-1.00000000,-0.94304175,0.24710400
3001,-0.00430974,0.04672457,1.00000000,-0.80303495,0.02341536
3002,0.00025056,0.01742193,1.00000000,-0.85845827,0.05792852
3003,-0.00353131,-0.22908851,-1.00000000,-0.67530865,-0.04550241
3004,0.00047143,-0.04743646,1.00000000,-0.98113209,-0.12537207
3005,0.00344299,-0.19808104,-1.00000000,-0.73395649,-0.06707487
3006,-0.00519156,-0.03863830,1.00000000,-0.96449117,-0.09994033
3007,0.00612935,0.07972866,1.00000000,-0.74061069,0.11916212
3008,-0.00099443,-0.26421437,-1.00000000,-0.60887123,0.21371163
3009,-0.00188701,0.18673527,1.00000000,-0.53821728,0.12581220
3010,-0.00256751,-0.09702867,-1.00000000,-0.92508798,-0.09819932
3011,-0.00530132,-0.13258321,-1.00000000,-0.85783976,-0.10229006
3012,-0.00145168,-0.15968977,-1.00000000,-0.80657014,-0.38483504
3013,0.00083835,-0.26858647,-1.00000000,-0.60060181,-0.31652709
3014,0.00218587,-0.11524239,-1.00000000,-0.89063837,-0.16473044
3015,-0.00135284,-0.02402268,1.00000000,-0.93684704,-0.11945944
3016,-0.00295591,0.02965360,1.00000000,-0.83532317,-0.03204595
3017,0.00237444,-0.11130515,-1.00000000,-0.89808531,0.11055367
3018,-0.00280564,-0.17516091,-1.00000000,-0.77730787,-0.02525823
3019,0.00177043,0.03716483,1.00000000,-0.82111634,-0.04074199
3020,0.00108860,-0.16917535,-1.00000000,-0.78862901,0.05025054
3021,0.00228241,0.01310491,1.00000000,-0.86662354,0.24548283
3022,0.00121492,-0.01405440,1.00000000,-0.91799293,0.20226762
3023,0.00037198,0.03349894,1.00000000,-0.82805005,0.32069788
3024,-0.00083492,-0.00902261,1.00000000,-0.90847574,0.22359636
3025,-0.00191332,-0.04259978,1.00000000,-0.97198395,0.11171444
3026,0.00150175,-0.09067500,-1.00000000,-0.93710539,0.08261907
3027,-0.00599237,-0.13363126,-1.00000000,-0.85585748,-0.18599685
3028,0.00169131,0.00240247,1.00000000,-0.88686624,-0.13682563
3029,0.00042274,-0.29611320,-1.00000000,-0.54853745,-0.08995261
3030,-0.00601966,0.00995330,1.00000000,-0.87258451,-0.24299576
3031,0.00394385,-0.04057817,1.00000000,-0.96816026,-0.15197834
3032,0.00206086,-0.29720030,-1.00000000,-0.54648130,0.14816575
3033,-0.00141973,0.09967982,1.00000000,-0.70287486,0.03221728
3034,-0.00521416,0.02467399,1.00000000,-0.84474166,-0.17787004
3035,-0.00082178,-0.11396979,-1.00000000,-0.89304538,0.01585510
3036,0.00171862,-0.26511473,-1.00000000,-0.60716829,-0.06707941
3037,0.00408450,-0.09015127,-1.00000000,-0.93809598,0.00834170
3038,-0.00057781,0.01104129,1.00000000,-0.87052668,0.03972023
3039,-0.00173940,0.10528236,1.00000000,-0.69227815,0.16922489
3040,0.00308000,-0.08043312,-1.00000000,-0.95647698,0.31464404
3041,-0.00145122,-0.12670309,-1.00000000,-0.86896149,0.19650393
3042,0.00320247,0.06526942,1.00000000,-0.76795905,0.16363061
3043,0.00047864,-0.11522418,-1.00000000,-0.89067282,0.20300431
3044,-0.00092280,0.07014810,1.00000000,-0.75873145,0.23343890
3045,0.00083919,-0.03835141,1.00000000,-0.96394854,0.14992387
3046,-0.00227257,-0.09417529,-1.00000000,-0.93048490,0.11931215
3047,-0.00149541,-0.02398955,1.00000000,-0.93678438,-0.05577811
3048,-0.00217544,-0.14794129,-1.00000000,-0.82879134,-0.15469573
3049,0.00409400,-0.11698439,-1.00000000,-0.88734354,0.03228064
3050,-0.00151369,-0.14407232,-1.00000000,-0.83610915,-0.05541104
3051,0.00629507,0.10566081,1.00000000,-0.69156236,0.26390536
3052,0.00290803,-0.11771242,-1.00000000,-0.88596653,0.42802192
3053,-0.00496133,0.19333683,1.00000000,-0.52573102,0.32419199
3054,0.00032857,0.05841966,1.00000000,-0.78091474,0.18385398
3055,0.00153831,-0.25504339,-1.00000000,-0.62621732,0.29760216
3056,-0.00145024,-0.04432928,1.00000000,-0.97525514,0.00893403
3057,-0.00216350,0.00385905,1.00000000,-0.88411124,-0.18008229
3058,0.00396477,-0.11518512,-1.00000000,-0.89074670,0.15259350
3059,-0.00132604,-0.14359669,-1.00000000,-0.83700876,0.09092631
3060,-0.00127575,0.10051295,1.00000000,-0.70129906,-0.01395404
3061,0.00150497,-0.11023777,-1.00000000,-0.90010416,0.09618671
3062,-0.00149920,-0.10823469,-1.00000000,-0.90389282,0.12094518
3063,-0.00112710,0.00253081,1.00000000,-0.88662348,-0.06882877
3064,-0.00039259,-0.11713540,-1.00000000,-0.88705792,-0.03403900
3065,-0.00149257,-0.10231314,-1.00000000,-0.91509289,-0.04211988
3066,0.00337876,-0.07305525,-1.00000000,-0.97043156,0.02771627
3067,-0.00149311,-0.11687135,-1.00000000,-0.88755735,0.02794318
3068,-0.00201838,0.07717011,1.00000000,-0.74544996,-0.00527505
