seq_idx,target_return,feat_logret,feat_sign,feat_absret,feat_rollmean
0,0.00012897,-0.02088453,-1.00000000,-0.84681256,-0.33884930
1,0.00159827,-0.01827098,-1.00000000,-0.85174225,-0.25104208
2,-0.00335620,0.06715248,1.00000000,-0.98772733,-0.28858757
3,0.00475810,0.14307879,1.00000000,-0.84451474,-0.11276291
4,-0.00055294,-0.11294431,-1.00000000,-0.67316894,-0.08579908
5,-0.00041021,0.30636373,1.00000000,-0.53652587,-0.10076899
6,-0.00173760,0.03191460,-1.00000000,-0.94640256,-0.19338645
7,-0.00298418,0.03929020,-1.00000000,-0.96031445,-0.18305773
8,0.00149658,-0.02930262,-1.00000000,-0.83093433,-0.27361103
9,-0.00064748,-0.09372029,-1.00000000,-0.70942938,-0.27623589
10,0.00054077,0.13782418,1.00000000,-0.85442602,-0.24983270
11,0.00675852,0.02702915,-1.00000000,-0.93718760,-0.01394518
12,0.00148147,0.08843234,1.00000000,-0.94758916,0.11003995
13,-0.00463016,0.40973580,1.00000000,-0.34154493,-0.06006404
14,-0.00748763,0.13704322,1.00000000,-0.85589906,-0.24997520
15,-0.00024473,-0.17877665,-1.00000000,-0.54899564,-0.27178398
16,-0.00325233,-0.32643718,-1.00000000,-0.27047760,-0.54972694
17,0.00305437,0.04784143,-1.00000000,-0.97644382,-0.50605654
18,0.00050903,-0.10757701,-1.00000000,-0.68329276,-0.36337102
19,0.00063402,0.21832341,1.00000000,-0.70258795,-0.13788004
20,0.00130042,0.08679240,1.00000000,-0.95068242,-0.09498019
21,-0.00132624,0.09325099,1.00000000,-0.93850020,-0.04150369
22,0.00063873,0.12768746,1.00000000,-0.87354595,-0.10857210
23,0.00303359,-0.00804552,-1.00000000,-0.87102956,-0.03847984
24,0.00319516,0.09349440,1.00000000,-0.93804108,0.03262829
25,0.00226409,0.21724947,1.00000000,-0.70461363,0.05938370
26,-0.01337682,0.22559881,1.00000000,-0.68886507,-0.27519081
27,0.00042576,0.17748515,1.00000000,-0.77961729,-0.28110378
28,0.00070871,-0.63076206,-1.00000000,0.30354153,-0.34565205
29,0.00418236,0.08248906,1.00000000,-0.95879939,-0.31824337
30,0.00219593,0.09711098,1.00000000,-0.93121945,-0.32013564
31,-0.00299607,0.27661237,1.00000000,-0.59264302,-0.03192267
32,0.00304043,0.17396321,1.00000000,-0.78626040,0.04067169
33,0.00042694,-0.09433451,-1.00000000,-0.70827083,0.03284840
34,-0.00918571,0.21760310,1.00000000,-0.70394661,-0.33830518
35,0.00092392,0.08255013,1.00000000,-0.95868421,-0.37362143
36,0.00034287,-0.41418586,-1.00000000,-0.10496561,-0.28091848
37,-0.00221095,0.10823192,1.00000000,-0.91024309,-0.42671889
38,0.00121056,0.07820601,1.00000000,-0.96687811,-0.40496225
39,0.00324861,-0.05376344,-1.00000000,-0.78479620,-0.05973335
40,0.00092987,0.12304402,1.00000000,-0.88230443,-0.05956809
41,-0.00226138,0.22836085,1.00000000,-0.68365529,-0.13187300
42,0.00133479,0.10853949,1.00000000,-0.90966295,-0.03342827
43,0.00105916,-0.05636927,-1.00000000,-0.77988106,-0.03763182
44,-0.00307413,0.12946379,1.00000000,-0.87019543,-0.21317770
45,0.00461877,0.11522029,1.00000000,-0.89706158,-0.11075848
46,0.01318703,-0.09836854,-1.00000000,-0.70066184,0.31815392
47,0.00006601,0.29916412,1.00000000,-0.55010580,0.28292709
48,-0.00550889,0.74193078,1.00000000,0.28504292,0.10057075
49,-0.00443575,0.06389893,1.00000000,-0.99386420,0.06276667
50,0.00375484,-0.22418487,-1.00000000,-0.46334644,0.03878039
51,0.01056460,-0.16873023,-1.00000000,-0.56794526,-0.03402924
52,-0.00008339,0.25452041,1.00000000,-0.63431300,-0.03817705
53,-0.00097816,0.60641609,1.00000000,0.02943443,0.08761482
54,0.00322509,0.05617893,-1.00000000,-0.99217006,0.30031169
55,-0.00465665,0.00994140,-1.00000000,-0.90495660,0.06677347
56,0.00155556,0.22714530,1.00000000,-0.68594806,-0.18335507
57,0.00213222,-0.18014544,-1.00000000,-0.54641383,-0.12184049
58,-0.00168556,0.14087202,1.00000000,-0.84867717,-0.14148086
59,-0.00013458,0.17067105,1.00000000,-0.79247009,-0.23475940
60,0.00358975,-0.02661363,-1.00000000,-0.83600631,-0.00580487
61,0.00778421,0.05353347,-1.00000000,-0.98718018,0.16712846
62,-0.00160192,0.24598916,1.00000000,-0.65040469,0.06345311
63,-0.00497251,0.46273888,1.00000000,-0.24157026,-0.02780652
64,0.00047598,-0.02229152,-1.00000000,-0.84415869,-0.01085488
65,-0.00272817,-0.19646781,-1.00000000,-0.51562649,-0.18626671
66,0.00858639,0.08508420,1.00000000,-0.95390443,-0.16399500
67,0.00073729,-0.08049073,-1.00000000,-0.73438304,-0.09904888
68,-0.00002349,0.50419141,1.00000000,-0.16338228,0.03835673
69,0.00097037,0.09858744,1.00000000,-0.92843455,0.05208330
70,-0.00126262,0.05927417,-1.00000000,-0.99800832,0.09277293
71,0.00509220,0.11063236,1.00000000,-0.90571536,-0.00424031
72,0.00138920,-0.00475840,-1.00000000,-0.87722976,0.01385949
73,-0.00898630,0.32362848,1.00000000,-0.50396100,-0.23498552
74,0.00359947,0.13227516,1.00000000,-0.86489261,-0.16199092
75,-0.00279136,-0.40388099,-1.00000000,-0.12440270,-0.20443491
76,-0.00016678,0.24649133,1.00000000,-0.64945749,-0.35044607
77,0.00148284,-0.08375597,-1.00000000,-0.72822414,-0.34784631
78,-0.00390847,0.05186968,-1.00000000,-0.98404193,-0.20686466
79,-0.00050997,0.13711387,1.00000000,-0.85576581,-0.32095982
80,0.00756335,-0.14148322,-1.00000000,-0.61933871,-0.03346977
81,-0.00323499,0.03413521,-1.00000000,-0.95059109,-0.11865623
82,-0.00684213,0.45132608,1.00000000,-0.26309714,-0.34979200
83,-0.00619489,-0.10668101,-1.00000000,-0.68498282,-0.41327243
84,0.00436628,-0.29308049,-1.00000000,-0.33339516,-0.27788747
85,-0.00022476,-0.25963423,-1.00000000,-0.39648167,-0.49411816
86,-0.00096829,0.28611632,1.00000000,-0.57471662,-0.43118510
87,0.00144567,0.04887334,-1.00000000,-0.97839022,-0.20108108
88,-0.00977250,0.01045122,-1.00000000,-0.90591821,-0.30041053
89,0.00739493,0.13519356,1.00000000,-0.85938790,-0.21632257
90,0.00190062,-0.44450811,-1.00000000,-0.04777162,-0.15731311
91,0.00048033,0.44262245,1.00000000,-0.27951397,-0.11709320
92,-0.00340490,0.15870290,1.00000000,-0.81504447,-0.25176552
93,0.00558895,0.08530927,1.00000000,-0.95347990,0.17473250
94,0.00110922,-0.11546116,-1.00000000,-0.66842165,0.00021501
95,-0.00013247,0.34929825,1.00000000,-0.45554255,-0.05623215
96,0.00571245,0.11780713,1.00000000,-0.89218228,0.08903319
97,-0.00208318,0.05364235,-1.00000000,-0.98738555,0.12572974
98,0.00359322,0.35567992,1.00000000,-0.44350541,0.07031987
99,-0.00352158,-0.04716081,-1.00000000,-0.79725011,-0.05825055
100,0.00288240,0.24616832,1.00000000,-0.65006675,0.02545497
101,0.00799080,-0.12149062,-1.00000000,-0.65704885,0.08871156
102,0.00068265,0.20943668,1.00000000,-0.71935015,0.16550259
103,-0.00024574,0.47341432,1.00000000,-0.22143420,0.05891717
104,0.00380420,0.09576414,1.00000000,-0.93375987,0.26231146
105,0.00251773,0.04778946,-1.00000000,-0.97634580,0.25218674
106,-0.00252331,0.25707076,1.00000000,-0.62950251,-0.03972890
107,-0.00386169,0.19059236,1.00000000,-0.75489441,-0.16589876
108,-0.00599923,-0.06990470,-1.00000000,-0.75435047,-0.32563975
109,-0.00170571,-0.13906565,-1.00000000,-0.62389873,-0.47861768
110,-0.00007636,-0.24952356,-1.00000000,-0.41555247,-0.55064046
111,0.00092809,-0.02765471,-1.00000000,-0.83404262,-0.45481522
112,-0.00007798,0.05654217,-1.00000000,-0.99285519,-0.34976371
113,0.00134350,0.10844709,1.00000000,-0.90983724,-0.14589889
114,-0.00183011,0.05645825,-1.00000000,-0.99269690,-0.14935285
115,0.00038681,0.12991358,1.00000000,-0.86934702,-0.13649341
116,0.00043207,-0.03408329,-1.00000000,-0.82191700,-0.15026498
117,0.00347685,0.08047640,1.00000000,-0.96259568,-0.05156784
118,-0.00054608,0.08281519,1.00000000,-0.95818426,-0.10403055
119,0.00025731,0.24015526,1.00000000,-0.66140861,-0.04607516
120,-0.00120879,0.03226898,-1.00000000,-0.94707099,-0.09037574
121,-0.00002215,0.07378439,1.00000000,-0.97521818,-0.10298676
122,-0.00615877,-0.00197668,-1.00000000,-0.88247664,-0.37051194
123,-0.00130248,0.05934331,-1.00000000,-0.99813872,-0.39151257
124,0.00316282,-0.25776779,-1.00000000,-0.40000217,-0.31084327
125,-0.00067035,-0.00681779,-1.00000000,-0.87334531,-0.29589393
126,0.00095296,0.22392766,1.00000000,-0.69201719,-0.26882064
127,0.00031130,0.02584731,-1.00000000,-0.93495840,-0.08918435
128,-0.00015500,0.10973264,1.00000000,-0.90741242,-0.05732551
129,0.00132369,0.07657476,1.00000000,-0.96995498,-0.10838744
130,-0.00347314,0.05247849,-1.00000000,-0.98519027,-0.18620452
131,0.00049510,0.12889021,1.00000000,-0.87127732,-0.19891687
132,-0.00095955,-0.11898734,-1.00000000,-0.66177054,-0.23420101
133,-0.00396502,0.08607217,1.00000000,-0.95204092,-0.33998315
134,-0.00647179,0.01090324,-1.00000000,-0.90677081,-0.55641823
135,0.00614708,-0.14440526,-1.00000000,-0.61382713,-0.28932066
136,0.00088697,-0.27394294,-1.00000000,-0.36949250,-0.27844064
137,0.00158253,0.37813980,1.00000000,-0.40114147,-0.20786193
138,-0.00048593,0.10632228,1.00000000,-0.91384505,-0.11126786
139,0.00088147,0.14226570,1.00000000,-0.84604840,0.09288913
140,-0.00157701,0.03537747,-1.00000000,-0.95293424,-0.12156383
141,-0.00409283,0.10603799,1.00000000,-0.91438128,-0.25982371
142,-0.00195350,-0.02100419,-1.00000000,-0.84658686,-0.35799862
143,-0.00139987,-0.15100969,-1.00000000,-0.60136984,-0.38337329
144,-0.00113578,-0.04045933,-1.00000000,-0.80989048,-0.43938040
145,-0.00171975,-0.01185036,-1.00000000,-0.86385285,-0.44334362
146,0.00037522,0.00179649,-1.00000000,-0.88959362,-0.31929193
147,0.00157342,-0.02838061,-1.00000000,-0.83267343,-0.22136989
148,0.00178336,0.07987771,1.00000000,-0.96372495,-0.13299012
149,0.00006964,0.14179508,1.00000000,-0.84693609,-0.09952275
150,-0.00061520,0.15264377,1.00000000,-0.82647323,-0.06885581
151,0.00245363,0.06408660,1.00000000,-0.99351021,-0.01115055
152,0.00752211,0.02869730,-1.00000000,-0.94033406,0.15400988
153,0.00492968,0.18727985,1.00000000,-0.76114247,0.24136478
154,0.00070269,0.44919486,1.00000000,-0.26711707,0.25894102
155,-0.00154450,0.31523039,1.00000000,-0.51980152,0.23313980
156,0.00247579,0.09679985,1.00000000,-0.93180631,0.23375520
157,0.00190897,-0.01932444,-1.00000000,-0.84975522,0.07791099
158,0.00082665,0.18842524,1.00000000,-0.75898204,-0.03600633
159,0.00159078,0.15913460,1.00000000,-0.81423019,-0.01134922
160,0.00142033,0.10320529,1.00000000,-0.91972435,0.07096700
161,0.00049857,0.14269214,1.00000000,-0.84524405,0.01607102
162,-0.00097021,0.13388409,1.00000000,-0.86185782,-0.06386706
163,-0.00145936,0.08625179,1.00000000,-0.95170211,-0.12733628
164,0.00196999,0.01035230,-1.00000000,-0.90573163,-0.11680797
165,-0.00123482,-0.01492486,-1.00000000,-0.85805373,-0.19052605
166,0.00039292,0.16228763,1.00000000,-0.80828293,-0.19345950
167,0.00174687,-0.00332142,-1.00000000,-0.87994019,-0.11802218
168,0.00028876,0.08079199,1.00000000,-0.96200041,-0.06948708
169,-0.00122649,0.15075769,1.00000000,-0.83003076,-0.15823458
170,0.00056491,0.07540962,1.00000000,-0.97215267,-0.10826660
171,0.00048154,-0.00289093,-1.00000000,-0.88075218,-0.10580597
172,-0.00240114,0.08967995,1.00000000,-0.94523591,-0.22097196
173,0.00098041,0.08537176,1.00000000,-0.95336203,-0.20176887
174,-0.00016891,-0.06359147,-1.00000000,-0.76625851,-0.17240621
175,0.00108663,0.11115077,1.00000000,-0.90473753,-0.15792104
176,0.00105434,0.05175942,-1.00000000,-0.98383395,-0.14201770
177,-0.00108353,0.11664003,1.00000000,-0.89438367,-0.10543533
178,0.00287220,0.11497138,1.00000000,-0.89753108,-0.05291115
179,0.00079573,0.00449633,-1.00000000,-0.89468608,-0.02612854
180,0.00009835,0.20890979,1.00000000,-0.72034397,-0.05356733
181,-0.00157324,0.10160773,1.00000000,-0.92273767,-0.12651990
182,-0.00072899,0.06557043,1.00000000,-0.99071140,-0.11667628
183,-0.00264697,-0.02080935,-1.00000000,-0.84695436,-0.26991153
184,-0.00073579,0.02281747,-1.00000000,-0.92924350,-0.31243300
185,0.00068038,-0.07629463,-1.00000000,-0.74229775,-0.29627341
186,0.00105895,0.02246596,-1.00000000,-0.92858048,-0.22319285
187,-0.00266077,0.09564697,1.00000000,-0.93398087,-0.27682709
188,0.00076838,0.11520959,1.00000000,-0.89708177,-0.18200276
189,-0.00190293,-0.07700761,-1.00000000,-0.74095292,-0.21440744
190,-0.00246007,0.10019425,1.00000000,-0.92540378,-0.30159963
191,-0.00057407,-0.03784626,-1.00000000,-0.81481927,-0.34693906
192,-0.00123680,-0.06663683,-1.00000000,-0.76051434,-0.30740375
193,-0.00005263,0.03082297,-1.00000000,-0.94434351,-0.33019830
194,-0.00296623,-0.00342373,-1.00000000,-0.87974721,-0.35972007
195,0.00348491,0.05776859,-1.00000000,-0.99516848,-0.19466255
196,0.00124798,-0.09279273,-1.00000000,-0.71117896,-0.14407491
197,0.00043542,0.24057141,1.00000000,-0.66062368,-0.09764713
198,0.00048085,0.12497766,1.00000000,-0.87865719,-0.08283571
199,0.00604958,0.08298856,1.00000000,-0.95785724,0.16748082
200,-0.00093607,0.08533590,1.00000000,-0.95342968,0.04473595
201,-0.00056005,0.37310123,1.00000000,-0.41064524,-0.00546262
202,-0.00335856,0.01211628,-1.00000000,-0.90905886,-0.11079928
203,-0.00059051,0.03154711,-1.00000000,-0.94570940,-0.14054468
204,0.00246229,-0.11306608,-1.00000000,-0.67293925,-0.24014263
205,0.00114106,0.02997319,-1.00000000,-0.94274066,-0.18247267
206,-0.00389181,0.18772760,1.00000000,-0.76029794,-0.27497628
207,-0.00004742,0.11945274,1.00000000,-0.88907832,-0.18304538
208,-0.00264521,-0.14062239,-1.00000000,-0.62096241,-0.24009226
209,-0.00021027,0.05803748,-1.00000000,-0.99567566,-0.31429375
210,-0.00511416,-0.07620356,-1.00000000,-0.74246952,-0.48796481
211,-0.00101163,0.04962235,-1.00000000,-0.97980300,-0.40799890
212,0.00084373,-0.20378721,-1.00000000,-0.50182061,-0.38325669
213,0.00039875,0.00821170,-1.00000000,-0.90169403,-0.29874378
214,0.00078277,0.10408816,1.00000000,-0.91805907,-0.27117277
215,-0.00022581,0.08109351,1.00000000,-0.96143170,-0.13545175
216,-0.00015151,0.10093804,1.00000000,-0.92400084,-0.11157127
217,0.00190084,0.04881939,-1.00000000,-0.97828845,-0.08222171
218,-0.00151525,0.05265852,-1.00000000,-0.98552984,-0.13536234
219,0.00271600,0.15871412,1.00000000,-0.81502331,-0.08168804
220,-0.00303729,-0.01781287,-1.00000000,-0.85260635,-0.15974657
221,-0.00174371,0.20083769,1.00000000,-0.73556962,-0.20395267
222,0.00040492,-0.09646464,-1.00000000,-0.70425297,-0.24548539
223,0.00083552,-0.02961874,-1.00000000,-0.83033806,-0.18021821
224,-0.00000519,0.08141261,1.00000000,-0.96082981,-0.25576965
225,0.00500484,0.10366368,1.00000000,-0.91885972,-0.03248662
226,-0.00215807,0.06021988,-1.00000000,-0.99979211,-0.04399090
227,-0.00320115,0.31911406,1.00000000,-0.51247612,-0.14411071
228,-0.00092759,-0.05103074,-1.00000000,-0.78995064,-0.19306210
229,-0.00120190,-0.10493230,-1.00000000,-0.68828123,-0.22628769
230,0.00162608,0.01255440,-1.00000000,-0.90988524,-0.32009617
231,-0.00007050,-0.00162024,-1.00000000,-0.88314897,-0.26213639
232,0.00142295,0.14451590,1.00000000,-0.84180405,-0.13375191
233,-0.00030309,0.05684513,-1.00000000,-0.99342664,-0.11641294
234,0.00575810,0.13401939,1.00000000,-0.86160263,0.07682562
235,-0.00043852,0.04482601,-1.00000000,-0.97075613,0.01950365
236,0.00036084,0.35803911,1.00000000,-0.43905549,0.03147927
237,0.00260388,0.03782714,-1.00000000,-0.95755482,0.06426682
238,0.00071705,0.07913438,1.00000000,-0.96512701,0.09258995
239,-0.00025082,0.19504421,1.00000000,-0.74649730,-0.07424284
240,0.00280793,0.09754156,1.00000000,-0.93040729,0.01589235
241,0.00225153,0.04752670,-1.00000000,-0.97585018,0.06838590
242,-0.00148388,0.20558849,1.00000000,-0.72660862,-0.04510735
243,-0.00389451,0.17683640,1.00000000,-0.78084097,-0.17314351
244,-0.00063492,-0.01619162,-1.00000000,-0.85566435,-0.18380752
245,0.00497339,-0.14076181,-1.00000000,-0.62069944,-0.12368530
246,0.00017215,0.02767863,-1.00000000,-0.93841264,-0.18141754
247,-0.00127444,0.31748913,1.00000000,-0.51554107,-0.17560276
248,0.00237033,0.06938404,1.00000000,-0.98351815,-0.00166455
249,-0.00369312,-0.00536904,-1.00000000,-0.87607796,-0.08657318
250,-0.00440635,0.18297536,1.00000000,-0.76926164,-0.34699410
251,-0.00031881,-0.13035494,-1.00000000,-0.64032892,-0.36062518
252,0.00234245,-0.16721133,-1.00000000,-0.57081022,-0.26020510
253,0.00229546,0.04401360,-1.00000000,-0.96922375,-0.26228377
254,0.00069603,0.18153476,1.00000000,-0.77197889,-0.14042262
255,-0.00338097,0.17910649,1.00000000,-0.77655911,-0.11195370
256,-0.01201888,0.09645539,1.00000000,-0.93245604,-0.43679655
257,-0.00117378,-0.11422443,-1.00000000,-0.67075437,-0.53442186
258,-0.00115241,-0.56059019,-1.00000000,0.17118298,-0.63014925
259,-0.00144412,-0.00016735,-1.00000000,-0.88588941,-0.68956864
260,-0.00159248,0.00093682,-1.00000000,-0.88797211,-0.63991251
261,-0.00089549,-0.01413712,-1.00000000,-0.85953956,-0.33108077
262,-0.00017082,-0.02180350,-1.00000000,-0.84507921,-0.30323440
263,0.00378200,0.01421343,-1.00000000,-0.91301451,-0.16623456
264,0.00264391,0.05166084,-1.00000000,-0.98364801,-0.05273368
265,0.00096493,0.25592358,1.00000000,-0.63166634,0.01827062
266,0.00498759,0.19711291,1.00000000,-0.74259531,0.18160938
267,-0.00063447,0.11035109,1.00000000,-0.90624589,0.16873651
268,-0.00192408,0.31822269,1.00000000,-0.51415743,0.01031201
269,-0.00241907,0.02770160,-1.00000000,-0.93845598,-0.13025774
270,0.00041714,-0.03893917,-1.00000000,-0.81275781,-0.14546685
271,0.00586926,-0.06451823,-1.00000000,-0.76451047,-0.12098800
272,0.00237776,0.08204361,1.00000000,-0.95963961,-0.03735583
273,0.00034089,0.36378319,1.00000000,-0.42822097,0.02552914
274,-0.00095617,0.18335941,1.00000000,-0.76853724,0.06614540
275,0.00540358,0.07810356,1.00000000,-0.96707136,0.20458986
276,-0.00025453,0.01107754,-1.00000000,-0.90709959,0.03456793
277,0.00018861,0.33971912,1.00000000,-0.47361076,-0.02621212
278,0.00137150,0.04733509,-1.00000000,-0.97548875,0.00240179
279,0.01202843,0.07023440,1.00000000,-0.98191420,0.36290850
280,-0.00390143,0.13136033,1.00000000,-0.86661816,0.10456266
281,0.00045930,0.68205959,1.00000000,0.17211357,0.12438163
282,0.00220384,-0.14111915,-1.00000000,-0.62002542,0.18033302
283,-0.00374542,0.08422254,1.00000000,-0.95552971,0.03826614
284,0.00358071,0.17437220,1.00000000,-0.78548895,-0.19627761
285,0.00530170,-0.13305728,-1.00000000,-0.63523175,0.05923974
286,0.01222271,0.24552222,1.00000000,-0.65128543,0.38584106
287,0.00004714,0.33445468,1.00000000,-0.48354057,0.32596182
288,-0.00038706,0.69209924,1.00000000,0.19105041,0.41920390
289,-0.00274291,0.06292381,1.00000000,-0.99570347,0.24363380
290,-0.00087684,0.04048667,-1.00000000,-0.96257124,0.07209160
291,-0.00171474,-0.08125225,-1.00000000,-0.73294666,-0.31487023
292,0.00096711,0.01517703,-1.00000000,-0.91483206,-0.28932800
293,0.00615607,-0.02812162,-1.00000000,-0.83316193,-0.10766344
294,-0.00457698,0.11046351,1.00000000,-0.90603386,-0.15858491
295,0.00555565,0.37860427,1.00000000,-0.40026539,0.02000791
296,0.00124079,-0.17602828,-1.00000000,-0.55417965,0.10206573
297,-0.00217711,0.34757745,1.00000000,-0.45878834,0.01476903
298,0.00203243,0.12460598,1.00000000,-0.87935826,-0.09972045
299,0.00063459,-0.05201481,-1.00000000,-0.78809448,0.04497429
300,0.00337541,0.16551424,1.00000000,-0.80219688,-0.01555818
301,0.00087346,0.09328038,1.00000000,-0.93844476,-0.02575659
302,-0.00073660,0.23491324,1.00000000,-0.67129613,0.01423801
303,-0.00495746,0.10562449,1.00000000,-0.91516123,-0.17983039
304,0.00165373,0.02242392,-1.00000000,-0.92850118,-0.15153478
305,0.00412736,-0.19568963,-1.00000000,-0.51709430,-0.13065757
306,-0.00120631,0.14594472,1.00000000,-0.83910901,-0.18840085
307,0.00004910,0.27377030,1.00000000,-0.59800374,-0.16658650
308,-0.00475996,-0.00184840,-1.00000000,-0.88271861,-0.16110323
309,0.00427167,0.06302521,1.00000000,-0.99551221,-0.08841819
310,0.00053571,-0.18548408,-1.00000000,-0.53634407,-0.18813730
311,0.00011509,0.28122752,1.00000000,-0.58393790,-0.15144956
312,0.00337059,0.08817117,1.00000000,-0.94808177,-0.05923120
313,-0.00486155,0.06643554,1.00000000,-0.98907963,-0.06205171
314,-0.00013137,0.23466381,1.00000000,-0.67176662,-0.18429853
315,-0.00258029,-0.19073367,-1.00000000,-0.52644226,-0.27081177
316,0.00106003,0.05369937,-1.00000000,-0.98749309,-0.24457641
317,-0.00054951,-0.07284894,-1.00000000,-0.74879703,-0.35341459
318,-0.00039782,0.11526530,1.00000000,-0.89697668,-0.22948290
319,-0.00072294,0.03209208,-1.00000000,-0.94673731,-0.24590721
320,-0.00300905,0.03993040,-1.00000000,-0.96152200,-0.25781135
321,0.00118134,0.02313011,-1.00000000,-0.92983321,-0.25444329
322,0.01063063,-0.09500516,-1.00000000,-0.70700585,0.05596399
323,-0.00038506,0.12153400,1.00000000,-0.88515264,0.05631841
324,0.00087318,0.60982812,1.00000000,0.03587022,0.10063323
325,0.00316241,0.04059006,-1.00000000,-0.96276624,0.27197866
326,0.00172371,0.10560972,1.00000000,-0.91518910,0.28703708
327,-0.00317863,0.22390625,1.00000000,-0.69205757,-0.09636570
328,-0.00233389,0.14956103,1.00000000,-0.83228790,-0.15047333
329,0.00216141,-0.10376855,-1.00000000,-0.69047631,-0.11470661
330,-0.00221631,-0.06011611,-1.00000000,-0.77281376,-0.26404241
331,0.00230212,0.17217942,1.00000000,-0.78962499,-0.24798341
332,-0.00196050,-0.05404042,-1.00000000,-0.78427376,-0.21416297
333,-0.00118176,0.17945035,1.00000000,-0.77591051,-0.18217499
334,-0.00197393,-0.04082130,-1.00000000,-0.80920772,-0.29698945
335,-0.00163112,-0.00057946,-1.00000000,-0.88511209,-0.28074220
336,0.00470042,-0.04151547,-1.00000000,-0.80789838,-0.21415514
337,0.00534894,-0.02380071,-1.00000000,-0.84131205,-0.01121447
338,0.00197954,0.30338348,1.00000000,-0.54214723,0.07655642
339,-0.00333570,0.33689578,1.00000000,-0.47893615,0.03874801
340,-0.00372677,0.16278142,1.00000000,-0.80735154,-0.01943591
341,-0.00235362,-0.11188522,-1.00000000,-0.67516661,-0.21528552
342,0.00291508,-0.13209375,-1.00000000,-0.63704916,-0.28285958
343,0.00082673,-0.06113560,-1.00000000,-0.77089079,-0.31486659
344,-0.00118566,0.21112565,1.00000000,-0.71616442,-0.25517240
345,-0.00002615,0.10320936,1.00000000,-0.91971667,-0.15242768
346,-0.00072368,-0.00078125,-1.00000000,-0.88473148,-0.10717386
347,-0.00126737,0.05913670,-1.00000000,-0.99774901,-0.22329617
348,-0.00034872,0.02309170,-1.00000000,-0.92976075,-0.25593157
349,-0.00284136,-0.00500344,-1.00000000,-0.87676756,-0.30190082
350,0.00351169,0.04246771,-1.00000000,-0.96630788,-0.20367554
351,-0.00379715,-0.08634010,-1.00000000,-0.72334993,-0.28900795
352,-0.00083752,0.24195549,1.00000000,-0.65801301,-0.27707353
353,0.00530572,-0.13573063,-1.00000000,-0.63018928,-0.12008266
354,-0.00018131,0.01720913,-1.00000000,-0.91866502,-0.04622848
355,0.00169066,0.33466215,1.00000000,-0.48314924,-0.09678806
356,0.00145545,0.05111873,-1.00000000,-0.98262547,0.04904618
357,0.00455192,0.14785302,1.00000000,-0.83550957,0.19867951
358,0.00393909,0.13569888,1.00000000,-0.85843476,0.16073621
359,-0.00396553,0.29570957,1.00000000,-0.55662179,0.05567047
360,0.00180656,0.26404135,1.00000000,-0.61635455,0.05888834
361,-0.00389101,-0.14443165,-1.00000000,-0.61377737,-0.08955176
362,0.00172746,0.15384217,1.00000000,-0.82421280,-0.16797056
363,0.00251036,-0.14058070,-1.00000000,-0.62104104,-0.20763794
364,-0.00525451,0.14975498,1.00000000,-0.83192207,-0.24342532
365,0.00335177,0.19021165,1.00000000,-0.75561250,-0.20052372
366,0.00102780,-0.21103982,-1.00000000,-0.48814070,-0.06395694
367,-0.00250855,0.23369146,1.00000000,-0.67360066,-0.18156643
368,-0.00358583,0.11360004,1.00000000,-0.90011771,-0.35082233
369,0.00042449,-0.06914208,-1.00000000,-0.75578894,-0.19314957
370,0.00116234,-0.12481069,-1.00000000,-0.65078651,-0.25393730
371,-0.00077103,0.08242377,1.00000000,-0.95892256,-0.30388039
372,-0.00078365,0.12055216,1.00000000,-0.88700459,-0.25598982
373,0.00007621,0.02064499,-1.00000000,-0.92514575,-0.15431635
374,0.00056199,0.01999278,-1.00000000,-0.92391556,-0.15049885
375,-0.00216064,0.06442594,1.00000000,-0.99287015,-0.24275868
376,-0.00152483,0.08952897,1.00000000,-0.94552069,-0.26368725
377,-0.00220652,-0.05116362,-1.00000000,-0.78970000,-0.30319197
378,0.00049582,-0.01830767,-1.00000000,-0.85167305,-0.29154176
379,-0.00214514,-0.05353416,-1.00000000,-0.78522867,-0.36670296
380,0.00068867,0.08610953,1.00000000,-0.95197045,-0.28759411
381,-0.00320011,-0.05036250,-1.00000000,-0.79121106,-0.33410702
382,0.00345223,0.09607530,1.00000000,-0.93317296,-0.17699666
383,0.00446968,-0.10487840,-1.00000000,-0.68838290,-0.06666555
384,0.00228342,0.23888268,1.00000000,-0.66380895,0.05628963
385,0.00396293,0.29145992,1.00000000,-0.56463751,0.14719659
386,0.00281570,0.17848406,1.00000000,-0.77773314,0.31422055
387,-0.00124146,0.26527308,1.00000000,-0.61403125,0.18390402
388,0.00173958,0.20598984,1.00000000,-0.72585161,0.10810491
389,0.00066807,-0.00366496,-1.00000000,-0.87929220,0.06325608
390,0.00528510,0.15038113,1.00000000,-0.83074103,0.09996516
391,-0.00029807,0.09501055,1.00000000,-0.93518129,0.01351402
392,-0.00085151,0.33359673,1.00000000,-0.48515883,0.02434083
393,0.00068364,0.04508530,-1.00000000,-0.97124520,-0.00497639
394,0.00010388,0.01648611,-1.00000000,-0.91730126,-0.02064066
395,-0.00016917,0.09581535,1.00000000,-0.93366329,-0.17207385
396,0.00111972,0.06585592,1.00000000,-0.99017292,-0.13271012
397,0.00283344,0.05174635,-1.00000000,-0.98380930,-0.03040060
398,-0.00219008,0.11834984,1.00000000,-0.89115862,-0.11018720
399,-0.00132313,0.20690657,1.00000000,-0.72412246,-0.14980682
400,-0.00340493,-0.05268501,-1.00000000,-0.78683035,-0.23964523
401,-0.00092231,-0.00788490,-1.00000000,-0.87133254,-0.29634055
402,-0.00046989,-0.11546262,-1.00000000,-0.66841889,-0.38805484
403,-0.00098455,0.01282740,-1.00000000,-0.91040018,-0.35458425
404,-0.00025744,0.03620617,-1.00000000,-0.95449734,-0.32499618
405,-0.00045999,0.00961110,-1.00000000,-0.90433357,-0.24323217
406,-0.00219189,0.04718500,-1.00000000,-0.97520566,-0.27848110
407,-0.00264330,0.03671813,-1.00000000,-0.95546300,-0.33882398
408,0.00158636,-0.05277860,-1.00000000,-0.78665381,-0.26744486
409,0.00020098,-0.07610516,-1.00000000,-0.74265514,-0.25471747
410,-0.00046370,0.14246329,1.00000000,-0.84567570,-0.25482067
411,-0.00079908,0.07087347,1.00000000,-0.98070878,-0.21615046
412,-0.00109799,0.03652604,-1.00000000,-0.95510068,-0.17324625
413,-0.00431008,0.01919515,-1.00000000,-0.92241106,-0.33695604
414,0.00163367,0.00374899,-1.00000000,-0.89327644,-0.29717846
415,0.00095971,-0.16223654,-1.00000000,-0.58019368,-0.25765843
416,-0.00083946,0.14490828,1.00000000,-0.84106396,-0.25877931
417,-0.00023396,0.11008148,1.00000000,-0.90675444,-0.23479010
418,-0.00089902,0.01710895,-1.00000000,-0.91847605,-0.14008466
419,-0.00199353,0.04839819,-1.00000000,-0.97749398,-0.24079096
420,-0.00027301,0.01403105,-1.00000000,-0.91267051,-0.27501648
421,-0.00106053,-0.04252825,-1.00000000,-0.80598807,-0.28115439
422,0.00100281,0.04638028,-1.00000000,-0.97368779,-0.24681643
423,0.00650676,0.00568496,-1.00000000,-0.89692808,-0.04120101
424,-0.00505282,0.11230865,1.00000000,-0.90255354,-0.12613951
425,-0.00177367,0.39672645,1.00000000,-0.36608324,-0.16780407
426,-0.00059707,-0.20061743,-1.00000000,-0.50779947,-0.15493660
427,-0.00256666,-0.03116661,-1.00000000,-0.82741846,-0.25404011
428,0.00467051,0.02963415,-1.00000000,-0.94210116,-0.30502229
429,0.00368278,-0.07214472,-1.00000000,-0.75012534,-0.06248557
430,-0.00718369,0.30183743,1.00000000,-0.54506338,-0.21269053
431,-0.00005202,0.25079659,1.00000000,-0.64133688,-0.19755750
432,0.00247155,-0.31073097,-1.00000000,-0.30010273,-0.05767564
433,-0.00076295,0.05780003,-1.00000000,-0.99522778,-0.20853094
434,0.00358417,0.18820612,1.00000000,-0.75939535,-0.21126887
435,-0.00221469,0.02106262,-1.00000000,-0.92593349,-0.07330850
436,0.01305399,0.24570071,1.00000000,-0.65094876,0.29056903
437,-0.00495029,-0.05395646,-1.00000000,-0.78443212,0.08450753
438,-0.00241845,0.73505593,1.00000000,0.27207553,0.03854384
439,-0.00431143,-0.19531954,-1.00000000,-0.51779236,-0.18067101
440,-0.00156243,-0.06448587,-1.00000000,-0.76457149,-0.16256158
441,-0.00242252,-0.16230621,-1.00000000,-0.58006227,-0.59225419
442,-0.00537058,-0.02025084,-1.00000000,-0.84800784,-0.60392296
443,0.00645543,-0.06469628,-1.00000000,-0.76417461,-0.35754692
444,0.00688126,-0.21703768,-1.00000000,-0.47682750,-0.04679105
445,0.00384253,0.39407398,1.00000000,-0.37108634,0.10327330
446,0.00272438,0.41607861,1.00000000,-0.32958109,0.24617288
447,-0.00001044,0.25905184,1.00000000,-0.62576579,0.39499251
448,0.00088064,0.20127117,1.00000000,-0.73475197,0.24021299
449,0.00225620,0.05994829,-1.00000000,-0.99927985,0.11180195
450,-0.00629174,0.10599535,1.00000000,-0.91446172,-0.16956787
451,-0.00228281,0.17707752,1.00000000,-0.78038617,-0.30858837
452,-0.00250864,-0.26463912,-1.00000000,-0.38704143,-0.37794884
453,0.00378486,-0.05747647,-1.00000000,-0.77779266,-0.29731547
454,-0.00261297,-0.06914675,-1.00000000,-0.75578011,-0.43250395
455,0.00189375,0.25607174,1.00000000,-0.63138686,-0.20524066
456,-0.00019671,-0.07453790,-1.00000000,-0.74561130,-0.14732202
457,0.00032158,0.15834772,1.00000000,-0.81571442,-0.06874316
458,0.00279470,0.05032280,-1.00000000,-0.98112420,-0.09623415
459,0.00284402,0.07710574,1.00000000,-0.96895344,0.05527475
460,-0.00289727,0.20490498,1.00000000,-0.72789786,-0.07774395
461,0.00272916,0.20745340,1.00000000,-0.72309102,0.00349050
462,-0.00375309,-0.08922927,-1.00000000,-0.71790037,-0.10963932
463,0.00440682,0.20151793,1.00000000,-0.73428654,-0.06488021
464,0.00027470,-0.13345365,-1.00000000,-0.63448412,-0.13621515
465,-0.00213777,0.28821150,1.00000000,-0.57076470,-0.11512819
466,0.00167365,0.07468343,1.00000000,-0.97352241,-0.14443367
467,0.00054404,-0.04998182,-1.00000000,-0.79192911,-0.02512740
468,-0.00468154,0.14697400,1.00000000,-0.83716757,-0.27745832
469,-0.00039422,0.08860149,1.00000000,-0.94727010,-0.29603048
470,-0.00144832,-0.18143169,-1.00000000,-0.54398769,-0.27688842
471,0.00147916,0.04011657,-1.00000000,-0.96187315,-0.28228811
472,0.00439757,-0.01435423,-1.00000000,-0.85913005,-0.17529817
473,0.00970092,0.13692399,1.00000000,-0.85612396,0.22401900
474,0.00103586,0.28773324,1.00000000,-0.57166679,0.26372404
475,0.00342340,0.56178513,1.00000000,-0.05474872,0.39898328
476,-0.00881247,0.11401637,1.00000000,-0.89933243,0.11324453
477,-0.00374986,0.23739288,1.00000000,-0.66661903,-0.11296208
478,0.00017102,-0.39489850,-1.00000000,-0.14134552,-0.37755180
479,0.00382807,-0.13328688,-1.00000000,-0.63479867,-0.30002835
480,-0.00098834,0.06932563,1.00000000,-0.98362833,-0.42251666
481,-0.00308428,0.25830451,1.00000000,-0.62717540,-0.26347806
482,0.00023869,0.00941527,-1.00000000,-0.90396420,-0.15273925
483,-0.00909694,-0.09889277,-1.00000000,-0.69967302,-0.41005649
484,-0.00078092,0.07282233,1.00000000,-0.97703283,-0.53802130
485,0.00331785,-0.40959820,-1.00000000,-0.11361887,-0.41846357
486,-0.00272598,0.02013394,-1.00000000,-0.92418181,-0.40851558
487,0.00003576,0.23193842,1.00000000,-0.67690725,-0.41414979
488,0.00100275,-0.08037739,-1.00000000,-0.73459684,-0.13374036
489,0.00096171,0.06233584,1.00000000,-0.99681250,-0.08535776
490,-0.00589904,0.11230526,1.00000000,-0.90255993,-0.34125710
491,0.00019187,0.11018456,1.00000000,-0.90656000,-0.26024547
492,-0.00072249,-0.24434637,-1.00000000,-0.42531770,-0.28129765
493,-0.00269044,0.07040302,1.00000000,-0.98159615,-0.38383586
494,-0.00464363,0.02315312,-1.00000000,-0.92987661,-0.53946362
495,0.00117014,-0.07854084,-1.00000000,-0.73806094,-0.34319366
496,0.00397782,-0.17947283,-1.00000000,-0.54768251,-0.23807984
497,-0.00174546,0.12095507,1.00000000,-0.88624462,-0.26648173
498,-0.00362874,0.26604290,1.00000000,-0.61257922,-0.29253289
499,-0.00074861,-0.02970904,-1.00000000,-0.83016773,-0.18439072
500,-0.00303524,-0.12702776,-1.00000000,-0.64660467,-0.30114941
501,0.00271315,0.02180347,-1.00000000,-0.92733089,-0.33626195
502,-0.00046685,-0.09635847,-1.00000000,-0.70445324,-0.30076244
503,0.00316560,0.20069076,1.00000000,-0.73584675,-0.11212329
504,0.00124296,0.03636334,-1.00000000,-0.95479379,-0.05682888
505,-0.00174215,0.22407108,1.00000000,-0.69174668,-0.02092739
506,0.00325261,0.12471850,1.00000000,-0.87914602,-0.00594987
507,0.00107552,-0.02953792,-1.00000000,-0.83049050,0.03687295
508,-0.00025298,0.22856720,1.00000000,-0.68326607,-0.05804100
509,0.00125952,0.11606599,1.00000000,-0.89546641,-0.05758128
510,0.00036769,0.04741541,-1.00000000,-0.97564026,0.00099654
511,-0.00301974,0.12557412,1.00000000,-0.87753213,-0.17315006
512,0.00308022,0.07948826,1.00000000,-0.96445952,-0.11749138
513,0.00284712,-0.09555782,-1.00000000,-0.70596343,-0.03141985
514,0.00102033,0.21965900,1.00000000,-0.70006876,-0.03806079
515,0.00062432,0.20761342,1.00000000,-0.72278920,-0.03093545
516,-0.00090588,0.11321387,1.00000000,-0.90084610,0.02775414
517,0.00040144,0.09275008,1.00000000,-0.93944501,-0.04661992
518,-0.00247117,0.01367638,-1.00000000,-0.91200153,-0.19427766
519,0.00923981,0.08123256,1.00000000,-0.96116941,0.03392934
520,0.00165889,-0.06721002,-1.00000000,-0.75943319,0.06265330
521,0.00282826,0.53795715,1.00000000,-0.09969318,0.16632880
522,0.00556770,0.14621167,1.00000000,-0.83860548,0.30976560
523,0.00237169,0.20663923,1.00000000,-0.72462672,0.44422353
524,-0.00103774,0.34819991,1.00000000,-0.45761425,0.15887588
525,0.00379549,0.18304567,1.00000000,-0.76912901,0.21819672
526,0.00206232,0.00686260,-1.00000000,-0.89914934,0.19693090
527,0.00321637,0.25662077,1.00000000,-0.63035129,0.13164819
528,-0.00015938,0.16705886,1.00000000,-0.79928341,0.06137521
529,-0.00697918,0.22669446,1.00000000,-0.68679843,-0.10358414
530,-0.00185792,0.05225225,-1.00000000,-0.98476354,-0.26054629
531,-0.00014366,-0.30016293,-1.00000000,-0.32003623,-0.32179345
532,-0.00112571,-0.03552023,-1.00000000,-0.81920663,-0.44234760
533,0.00053910,0.05306448,-1.00000000,-0.98629555,-0.42295488
534,-0.00299518,0.00231675,-1.00000000,-0.89057494,-0.31234214
535,-0.00012307,0.08834635,1.00000000,-0.94775134,-0.26417553
536,0.00119834,-0.09428837,-1.00000000,-0.70835786,-0.22691620
537,-0.00097117,0.05412841,-1.00000000,-0.98830235,-0.22262565
538,0.00196281,0.12241226,1.00000000,-0.88349605,-0.18309761
539,-0.00014748,0.01030241,-1.00000000,-0.90563753,-0.10403356
540,0.00323511,0.16191670,1.00000000,-0.80898258,-0.01079639
541,0.00221611,0.05286716,-1.00000000,-0.98592338,0.01746122
542,0.00167328,0.22766323,1.00000000,-0.68497115,0.09088243
543,-0.00105545,0.17500587,1.00000000,-0.78429372,0.00708294
544,0.00331332,0.14695538,1.00000000,-0.83720269,0.10316921
545,-0.00042685,0.00594748,-1.00000000,-0.89742323,0.00149774
546,-0.00154794,0.23170479,1.00000000,-0.67734794,-0.10300807
547,0.00156051,0.03843031,-1.00000000,-0.95869252,-0.10613913
548,0.00082786,-0.01950236,-1.00000000,-0.84941963,-0.05385069
549,0.00202335,0.14112779,1.00000000,-0.84819472,-0.08966570
550,0.00064626,0.10326773,1.00000000,-0.91960656,-0.05987172
551,-0.00115243,0.16504520,1.00000000,-0.80308159,-0.04889048
552,-0.00071009,0.09388343,1.00000000,-0.93730727,-0.11193195
553,0.00073332,0.00093614,-1.00000000,-0.88797083,-0.11455656
554,-0.00042671,0.02379380,-1.00000000,-0.93108505,-0.18258066
555,-0.00380301,0.09838274,1.00000000,-0.92882065,-0.30611080
556,-0.00011415,0.03843743,-1.00000000,-0.95870595,-0.27728404
557,0.00192322,-0.13603324,-1.00000000,-0.62961848,-0.20417221
558,0.00463390,0.05458906,-1.00000000,-0.98917123,-0.09587595
559,0.00229943,0.15987094,1.00000000,-0.81284130,-0.02018683
560,0.00102647,0.29994584,1.00000000,-0.54863131,0.11389955
561,-0.00065199,0.17931149,1.00000000,-0.77617244,0.09896707
562,0.00089950,0.11353091,1.00000000,-0.90024810,0.07054434
563,-0.00102822,0.02679644,-1.00000000,-0.93674866,-0.08665964
564,0.00391274,0.10697002,1.00000000,-0.91262329,-0.04186744
565,-0.00163577,0.00735474,-1.00000000,-0.90007762,-0.11578225
566,-0.00145493,0.26267961,1.00000000,-0.61892307,-0.13807523
567,0.00393311,-0.02404077,-1.00000000,-0.84085925,-0.05384948
568,-0.00249170,-0.01469568,-1.00000000,-0.85848601,-0.09448199
569,-0.00135634,0.26373261,1.00000000,-0.61693690,-0.24077370
570,0.00099856,-0.06827127,-1.00000000,-0.75743146,-0.16763372
571,0.00144135,-0.00960135,-1.00000000,-0.86809495,-0.08722100
572,0.00371694,0.11208878,1.00000000,-0.90296826,-0.09322283
573,0.00130642,0.13497003,1.00000000,-0.85980953,0.01222878
574,-0.00145636,0.25256189,1.00000000,-0.63800716,0.00945194
575,-0.00066727,0.12799731,1.00000000,-0.87296151,-0.03679841
576,-0.00039877,-0.01476966,-1.00000000,-0.85834647,-0.08788788
577,0.00009651,0.02600673,-1.00000000,-0.93525909,-0.18840625
578,0.00237526,0.03988132,-1.00000000,-0.96142942,-0.15873071
579,0.00370422,0.06547515,1.00000000,-0.99089111,-0.01545151
580,-0.00137830,0.18323000,1.00000000,-0.76878133,-0.03519260
581,-0.00597950,0.25190437,1.00000000,-0.63924738,-0.19013678
582,-0.00106037,-0.01073578,-1.00000000,-0.86595518,-0.22225652
583,-0.00034364,-0.24850379,-1.00000000,-0.41747597,-0.29774457
584,0.00030065,0.00569328,-1.00000000,-0.89694377,-0.39224200
585,0.00224191,0.04273018,-1.00000000,-0.96680296,-0.29172991
586,0.00000306,0.07602392,1.00000000,-0.97099398,-0.12562927
587,-0.00078750,0.17633926,1.00000000,-0.78177867,-0.11805320
588,-0.00241378,0.06064594,1.00000000,-1.00000000,-0.17552884
589,-0.00118393,0.01979400,-1.00000000,-0.92354062,-0.21674682
590,0.00171494,-0.06424460,-1.00000000,-0.76502659,-0.23137762
591,0.00051743,-0.00069178,-1.00000000,-0.88490024,-0.21709655
592,-0.00088194,0.14910813,1.00000000,-0.83314217,-0.21971883
593,-0.00386024,0.08722615,1.00000000,-0.94986428,-0.25987857
594,0.00044292,0.01491338,-1.00000000,-0.91433477,-0.21471058
595,-0.00675429,-0.13899069,-1.00000000,-0.62404012,-0.44985183
596,0.00203033,0.08337577,1.00000000,-0.95712688,-0.40784743
597,-0.00060569,-0.28854132,-1.00000000,-0.34195697,-0.40017734
598,-0.00324182,0.16540556,1.00000000,-0.80240188,-0.38300755
599,0.00166246,0.02918910,-1.00000000,-0.94126170,-0.34914777
600,-0.00391988,-0.10703396,-1.00000000,-0.68431708,-0.27045287
601,0.00066230,0.14639625,1.00000000,-0.83825734,-0.30843505
602,0.00091364,-0.14207285,-1.00000000,-0.61822654,-0.26625234
603,-0.00055913,0.09471240,1.00000000,-0.93574368,-0.19176951
604,-0.00026694,0.10770037,1.00000000,-0.91124569,-0.24533780
605,-0.00349382,0.03159492,-1.00000000,-0.94579957,-0.23350860
606,0.00304916,0.04669392,-1.00000000,-0.97427938,-0.16723925
607,0.00046905,-0.12005613,-1.00000000,-0.65975459,-0.17958292
608,0.00227408,0.21805419,1.00000000,-0.70309576,-0.10092108
609,0.00193169,0.08472610,1.00000000,-0.95457988,-0.03987800
610,-0.00051808,0.17800186,1.00000000,-0.77864267,0.04274109
611,0.00268162,0.16030848,1.00000000,-0.81201602,0.03253645
612,-0.00089480,0.03371613,-1.00000000,-0.94980060,-0.00532969
613,0.00486844,0.19906111,1.00000000,-0.73892060,0.06670053
614,0.00156616,0.01424891,-1.00000000,-0.91308144,0.05655205
615,-0.00220769,0.31206590,1.00000000,-0.52577039,0.00964142
616,0.00044422,0.14141992,1.00000000,-0.84764371,-0.05247812
617,0.00074228,-0.05359483,-1.00000000,-0.78511423,-0.00702578
618,0.00153595,0.08344301,1.00000000,-0.95700005,-0.09954957
619,-0.00212925,0.09884569,1.00000000,-0.92794744,-0.20214962
620,-0.00249345,0.13985883,1.00000000,-0.85058825,-0.21008341
621,-0.00247144,-0.04954128,-1.00000000,-0.79276006,-0.29103425
622,0.00186384,-0.06836135,-1.00000000,-0.75726154,-0.25989524
623,0.00347366,-0.06722426,-1.00000000,-0.75940634,-0.20609650
624,-0.00373360,0.15680223,1.00000000,-0.81862953,-0.25064010
625,-0.00087762,0.23999009,1.00000000,-0.66172016,-0.20577814
626,-0.00116149,-0.13244669,-1.00000000,-0.63638346,-0.16940837
627,-0.00722715,0.01513659,-1.00000000,-0.91475578,-0.42181221
628,0.00072116,0.00046786,-1.00000000,-0.88708756,-0.49823319
629,0.00074601,-0.31297668,-1.00000000,-0.29586687,-0.37386056
630,-0.00376854,0.09775388,1.00000000,-0.93000682,-0.45412433
631,-0.00212629,0.09903806,1.00000000,-0.92758460,-0.48091133
632,0.00157729,-0.13425189,-1.00000000,-0.63297847,-0.23646312
633,-0.00195046,-0.04938862,-1.00000000,-0.79304800,-0.31063827
634,0.00095299,0.14199507,1.00000000,-0.84655887,-0.30489159
635,-0.00237009,-0.04030235,-1.00000000,-0.81018658,-0.26606490
636,-0.00055252,0.10973387,1.00000000,-0.90741009,-0.22237026
637,-0.00102857,-0.06198689,-1.00000000,-0.76928508,-0.29471986
638,0.00498084,0.03193667,-1.00000000,-0.94644418,-0.10227797
639,0.00027344,0.00733660,-1.00000000,-0.90004341,-0.12114513
640,-0.00047248,0.31787422,1.00000000,-0.51481472,-0.06845960
641,0.00141411,0.07461795,1.00000000,-0.97364592,-0.01385779
642,0.01046974,0.03607243,-1.00000000,-0.95424507,0.30538319
643,-0.00365352,0.13356262,1.00000000,-0.86246418,0.06565709
644,-0.00227959,0.60151409,1.00000000,0.02018824,-0.00522559
645,-0.00399449,-0.12830863,-1.00000000,-0.64418868,-0.10301121
646,-0.00100440,-0.05731027,-1.00000000,-0.77810616,-0.17015927
647,-0.00274607,-0.14592805,-1.00000000,-0.61095484,-0.53708521
648,0.00440956,0.00858535,-1.00000000,-0.90239880,-0.31322044
649,-0.00222511,-0.08141557,-1.00000000,-0.73263861,-0.31170785
650,0.00238642,0.28835280,1.00000000,-0.57049816,-0.13454714
651,-0.00311374,-0.05449499,-1.00000000,-0.78341635,-0.19311124
652,-0.00019801,0.18380688,1.00000000,-0.76769321,-0.12236642
653,-0.00071415,-0.10041529,-1.00000000,-0.69680124,-0.26462188
654,-0.00005700,0.05025606,-1.00000000,-0.98099831,-0.20442609
655,0.00138167,0.02358418,-1.00000000,-0.93068968,-0.23232228
656,-0.00020553,0.05754259,-1.00000000,-0.99474219,-0.15157812
657,-0.00003172,0.13188595,1.00000000,-0.86562674,-0.14696146
658,0.00241571,0.04986730,-1.00000000,-0.98026503,-0.06006344
659,0.00259185,0.05884867,-1.00000000,-0.99720573,0.01347979
660,-0.00010223,0.18532047,1.00000000,-0.76483827,-0.02771943
661,0.00096416,0.19442266,1.00000000,-0.74766967,0.00475598
662,0.00439611,0.05520516,-1.00000000,-0.99033332,0.12769122
663,-0.00417814,0.11031117,1.00000000,-0.90632119,-0.05538159
664,0.00054805,0.28765812,1.00000000,-0.57180848,-0.11212602
665,0.00120722,-0.15541818,-1.00000000,-0.59305450,-0.07577014
666,-0.00240130,0.08880883,1.00000000,-0.94687902,-0.16920930
667,-0.00018443,0.12287144,1.00000000,-0.88262995,-0.29638425
668,0.00017389,-0.06359960,-1.00000000,-0.76624318,-0.17555365
669,-0.00010988,0.05095763,-1.00000000,-0.98232161,-0.19382076
670,0.00303328,0.06947407,1.00000000,-0.98334835,-0.14312180
671,-0.00040984,0.05480974,-1.00000000,-0.98958748,-0.08783050
672,0.00250225,0.21723333,1.00000000,-0.70464408,-0.01323709
673,-0.00338780,0.03930962,-1.00000000,-0.96035107,-0.11212468
674,0.00145241,0.18979233,1.00000000,-0.75640343,-0.06874892
675,-0.00158595,-0.11457743,-1.00000000,-0.67008854,-0.19699801
676,0.00256596,0.13554156,1.00000000,-0.85873151,-0.11437758
677,0.00281133,-0.02146636,-1.00000000,-0.84571511,-0.10579631
678,-0.00038523,0.19308435,1.00000000,-0.75019401,-0.02243236
679,-0.00021608,0.20576397,1.00000000,-0.72627765,-0.06875667
680,-0.00206495,0.04058117,-1.00000000,-0.96274947,-0.08205577
681,-0.00160004,0.04932185,-1.00000000,-0.97923619,-0.19772131
682,-0.00114808,-0.04621889,-1.00000000,-0.79902677,-0.30765104
683,-0.00149959,-0.02219459,-1.00000000,-0.84434151,-0.33859026
684,-0.00384631,0.00116061,-1.00000000,-0.88839422,-0.43938048
685,0.00226431,-0.01700350,-1.00000000,-0.85413298,-0.31918194
686,0.00178304,-0.13827085,-1.00000000,-0.62539789,-0.22525333
687,0.00217495,0.17749695,1.00000000,-0.77959503,-0.13299197
688,0.00030077,0.15262714,1.00000000,-0.82650459,-0.08300659
689,0.00186390,0.17287925,1.00000000,-0.78830496,0.07553254
690,-0.00242130,0.07603025,1.00000000,-0.97098203,-0.05455978
691,0.00448683,0.15680523,1.00000000,-0.81862385,0.02050868
692,-0.00008657,-0.06463339,-1.00000000,-0.76429324,-0.04228064
693,-0.00076893,0.29234601,1.00000000,-0.56296615,-0.07197980
694,-0.00182310,0.05601456,-1.00000000,-0.99186003,-0.17434617
695,-0.00192038,0.02075361,-1.00000000,-0.92535063,-0.16043838
696,0.00541693,-0.03372103,-1.00000000,-0.82260028,-0.13461492
697,0.00273159,-0.03874796,-1.00000000,-0.81311848,-0.05637094
698,0.00084220,0.34040915,1.00000000,-0.47230922,-0.01163925
699,-0.00089090,0.20164377,1.00000000,-0.73404918,0.01424241
700,0.00010528,0.10400910,1.00000000,-0.91820819,0.07048309
701,0.00004818,0.01445041,-1.00000000,-0.91346150,-0.07857579
702,-0.00084007,0.06592829,1.00000000,-0.99003641,-0.17774004
703,0.00006384,0.06297786,1.00000000,-0.99560152,-0.19935070
704,-0.00172192,0.01707735,-1.00000000,-0.91841646,-0.22242313
705,0.00053148,0.06378692,1.00000000,-0.99407546,-0.21059007
706,0.00171553,-0.02849245,-1.00000000,-0.83246247,-0.16429745
707,-0.00207379,0.08795221,1.00000000,-0.94849477,-0.19855088
708,-0.00035183,0.14913857,1.00000000,-0.83308476,-0.21009155
709,0.00065784,-0.04667578,-1.00000000,-0.79816497,-0.14401968
710,-0.00118987,0.04230720,-1.00000000,-0.96600513,-0.19181152
711,-0.00410287,0.09448181,1.00000000,-0.93617862,-0.35335468
712,-0.00101789,-0.00099888,-1.00000000,-0.88432097,-0.32403832
713,0.00183212,-0.15152868,-1.00000000,-0.60039090,-0.26340281
714,-0.00105547,0.00788839,-1.00000000,-0.90108419,-0.31097120
715,-0.00179837,0.15516319,1.00000000,-0.82172109,-0.32786567
716,0.00696717,0.00594660,-1.00000000,-0.89742157,-0.02051513
717,-0.00228520,-0.03244321,-1.00000000,-0.82501053,-0.05570096
718,-0.00181859,0.42051808,1.00000000,-0.32120734,-0.15705976
719,-0.00063560,-0.05760015,-1.00000000,-0.77755939,-0.14540264
720,0.00303354,-0.03348778,-1.00000000,-0.82304024,-0.01124857
721,0.00030084,0.02764306,-1.00000000,-0.93834555,-0.19633372
722,-0.00144864,0.21724694,1.00000000,-0.70461840,-0.17310745
723,-0.00028424,0.07603403,1.00000000,-0.97097490,-0.13050765
724,-0.00053916,-0.01437097,-1.00000000,-0.85909848,-0.12782994
725,-0.00143768,0.04579978,-1.00000000,-0.97259285,-0.25196972
726,0.00082290,0.03262688,-1.00000000,-0.94774605,-0.23747511
727,0.00357483,-0.01380442,-1.00000000,-0.86016711,-0.09800257
728,0.00442020,0.10301167,1.00000000,-0.92008955,0.03261228
729,0.00043128,0.24521801,1.00000000,-0.65185922,0.05955571
730,0.00318355,0.28890267,1.00000000,-0.56946100,0.18786036
731,-0.00291624,0.08277452,1.00000000,-0.95826096,0.08404616
732,0.00082497,0.22499866,1.00000000,-0.68999706,0.00769850
733,0.00308460,-0.09020932,-1.00000000,-0.71605180,-0.02938318
734,0.00002472,0.10311828,1.00000000,-0.91988846,-0.04067088
735,0.00296262,0.21988552,1.00000000,-0.69964150,-0.04680492
736,-0.00122993,0.06176564,1.00000000,-0.99788802,0.00001404
737,-0.00219742,0.21358186,1.00000000,-0.71153149,-0.08390010
738,0.00143369,-0.00306897,-1.00000000,-0.88041637,-0.12973634
739,-0.00210881,-0.05306433,-1.00000000,-0.78611486,-0.18897206
740,-0.00107853,0.13457422,1.00000000,-0.86055610,-0.30117111
741,-0.00038209,-0.04848502,-1.00000000,-0.79475238,-0.27763161
742,0.00115217,0.00475481,-1.00000000,-0.89517362,-0.18463296
743,-0.00193505,0.04074321,-1.00000000,-0.96305513,-0.27816322
744,-0.00407411,0.12002655,1.00000000,-0.88799599,-0.33272832
745,0.00059186,-0.03950611,-1.00000000,-0.81168844,-0.28635141
746,0.00284120,-0.15004265,-1.00000000,-0.60319387,-0.19685938
747,0.00035678,0.09107242,1.00000000,-0.94260942,-0.21894268
748,0.00288492,0.20730751,1.00000000,-0.72336620,-0.08512028
749,-0.00253776,0.07892469,1.00000000,-0.96552253,-0.04246477
750,-0.00633772,0.20956673,1.00000000,-0.71910486,-0.23485875
751,-0.00240028,-0.07065138,-1.00000000,-0.75294207,-0.38038413
752,-0.00256806,-0.26701498,-1.00000000,-0.38256006,-0.46158977
753,-0.00620388,-0.06354713,-1.00000000,-0.76634215,-0.71393282
754,0.00405686,-0.07221682,-1.00000000,-0.74998933,-0.53083852
755,0.00001229,-0.26009904,-1.00000000,-0.39560495,-0.35453589
756,-0.00022660,0.27012727,1.00000000,-0.60487526,-0.29418527
757,0.00016637,0.06112289,1.00000000,-0.99910037,-0.21826608
758,0.00057873,0.04877859,-1.00000000,-0.97821150,-0.02995242
759,0.00374084,0.06908545,1.00000000,-0.98408136,-0.03872639
760,0.00223465,0.09039399,1.00000000,-0.94388909,0.02297561
761,-0.00163016,0.25379699,1.00000000,-0.63567751,-0.01599305
762,-0.00005116,0.17596385,1.00000000,-0.78248678,-0.02203285
763,-0.00288958,-0.02375064,-1.00000000,-0.84140650,-0.11832769
764,-0.00174834,0.05784406,-1.00000000,-0.99531083,-0.27073035
765,0.00083231,-0.08883184,-1.00000000,-0.71865001,-0.30966509
766,-0.00317945,-0.02985779,-1.00000000,-0.82988716,-0.35267985
767,0.00170520,0.10349777,1.00000000,-0.91917267,-0.30391594
768,-0.00265837,-0.10381055,-1.00000000,-0.69039709,-0.29749645
769,0.00233177,0.14860440,1.00000000,-0.83409231,-0.18421566
770,-0.00690668,-0.07688376,-1.00000000,-0.74118653,-0.39908222
771,0.00068105,0.18098261,1.00000000,-0.77302036,-0.29189871
772,0.00279908,-0.29641604,-1.00000000,-0.32710364,-0.26152802
773,-0.00138253,0.09568147,1.00000000,-0.93391581,-0.22610552
774,-0.00183772,0.20513092,1.00000000,-0.72747171,-0.34186794
775,0.00183171,-0.01095471,-1.00000000,-0.86554224,-0.09925383
776,-0.00163871,-0.03447665,-1.00000000,-0.82117503,-0.16366000
777,0.00307666,0.15514204,1.00000000,-0.82176098,-0.15595323
778,-0.00381377,-0.02419254,-1.00000000,-0.84057298,-0.22345463
779,-0.00082679,0.21947490,1.00000000,-0.70041601,-0.19538701
780,0.00542222,-0.13658961,-1.00000000,-0.62856906,-0.09569940
781,0.00065768,0.01776334,-1.00000000,-0.91971037,-0.03194199
782,0.00016906,0.34068254,1.00000000,-0.47179354,-0.11266899
783,0.00106375,0.09447398,1.00000000,-0.93619338,0.02275149
784,-0.00140588,0.06922425,1.00000000,-0.98381955,0.00667349
785,0.00174760,0.11545761,1.00000000,-0.89661395,-0.09534949
786,0.00196973,-0.01216134,-1.00000000,-0.86326629,-0.05892170
787,-0.00079975,0.15079540,1.00000000,-0.82995963,-0.08581985
788,-0.00133665,0.16227409,1.00000000,-0.80830847,-0.15246505
789,0.00002288,0.01916089,-1.00000000,-0.92234644,-0.11279667
790,-0.00407908,-0.00858374,-1.00000000,-0.87001439,-0.27456958
791,0.00312868,0.06167021,1.00000000,-0.99806801,-0.24239209
792,0.00092611,-0.15029945,-1.00000000,-0.60270948,-0.19447508
793,-0.00135342,0.22216345,1.00000000,-0.69534485,-0.19494070
794,-0.00563091,0.10834494,1.00000000,-0.91002990,-0.35191357
795,0.00125637,-0.00945034,-1.00000000,-0.86837979,-0.20377926
796,-0.00151138,-0.23049074,-1.00000000,-0.45145226,-0.33260694
797,0.00407478,0.12541099,1.00000000,-0.87783983,-0.24518659
798,-0.00646809,-0.01761311,-1.00000000,-0.85298314,-0.38719110
799,0.00386317,0.27105339,1.00000000,-0.60312841,-0.12359572
800,0.00462091,-0.27375189,-1.00000000,-0.36985288,-0.03018195
801,-0.00161662,0.26011808,1.00000000,-0.62375464,-0.03310368
802,-0.00099450,0.29927450,1.00000000,-0.54989760,-0.17384809
803,-0.00122151,-0.02305109,-1.00000000,-0.84272599,-0.02818120
804,-0.00047874,0.00909717,-1.00000000,-0.90336420,-0.14873071
805,0.00793753,-0.00263385,-1.00000000,-0.88123708,-0.05664732
806,0.00379816,0.03574901,-1.00000000,-0.95363503,0.09368946
807,0.00162529,0.47066190,1.00000000,-0.22662583,0.16642556
808,0.00000921,0.25675863,1.00000000,-0.63009126,0.20059555
809,-0.00481859,0.14447501,1.00000000,-0.84188119,0.08010310
810,-0.00081855,0.06096399,1.00000000,-0.99940010,-0.16300248
811,-0.00318193,-0.18851387,-1.00000000,-0.53062926,-0.35679894
812,0.00104540,0.01818910,-1.00000000,-0.92051344,-0.37289910
813,-0.00272257,-0.10393909,-1.00000000,-0.69015463,-0.44874468
814,0.00165065,0.11450907,1.00000000,-0.89840309,-0.26913149
815,0.00025482,-0.08020126,-1.00000000,-0.73492904,-0.23933005
816,0.00026154,0.14578567,1.00000000,-0.83940901,-0.14372478
817,-0.00047061,0.07365610,1.00000000,-0.97546017,-0.18581547
818,-0.00134196,0.07400330,1.00000000,-0.97480528,-0.14748416
819,-0.00039464,0.03616906,-1.00000000,-0.95442733,-0.20426999
820,0.00465254,-0.00885830,-1.00000000,-0.86949651,-0.08217101
821,0.00154834,0.04009479,-1.00000000,-0.96183206,-0.04644426
822,-0.00023079,0.30090910,1.00000000,-0.54681441,-0.03978586
823,0.00178864,0.14049862,1.00000000,-0.84938148,0.04713280
824,0.00067281,0.04856179,-1.00000000,-0.97780256,0.07676964
825,0.00494240,0.15291639,1.00000000,-0.82595902,0.08481730
826,0.00141573,0.09525546,1.00000000,-0.93471935,0.08113558
827,-0.00041796,0.31588755,1.00000000,-0.51856199,0.07593896
828,-0.00387129,0.13364614,1.00000000,-0.86230666,-0.08120441
829,-0.00238170,0.03888973,-1.00000000,-0.95955909,-0.16601028
830,-0.00549018,-0.13956189,-1.00000000,-0.62296273,-0.45566227
831,-0.00013120,-0.06258687,-1.00000000,-0.76815339,-0.49861150
832,-0.00013786,-0.22321833,-1.00000000,-0.46516952,-0.49083483
833,0.00003154,0.05370820,-1.00000000,-0.98750975,-0.38247582
834,-0.00247021,0.05336383,-1.00000000,-0.98686019,-0.38493311
835,0.00080646,0.06211800,1.00000000,-0.99722339,-0.21011210
836,-0.00022005,-0.06716043,-1.00000000,-0.75952674,-0.21257896
837,0.00176827,0.10216191,1.00000000,-0.92169236,-0.15965656
838,-0.00167886,0.04911682,-1.00000000,-0.97884946,-0.20714440
839,-0.00084864,0.15186402,1.00000000,-0.82794399,-0.16212309
840,-0.00055227,-0.02626729,-1.00000000,-0.83665958,-0.19984709
841,-0.00227736,0.01663411,-1.00000000,-0.91758042,-0.25696652
842,0.00050994,0.03194927,-1.00000000,-0.94646795,-0.29190313
843,0.00413599,-0.05719497,-1.00000000,-0.77832362,-0.13045867
844,-0.00261135,0.08683934,1.00000000,-0.95059388,-0.17939867
845,-0.00227328,0.27421627,1.00000000,-0.59716257,-0.22718104
846,-0.00266244,-0.07445397,-1.00000000,-0.74576961,-0.23787257
847,-0.00203847,-0.05698419,-1.00000000,-0.77872120,-0.30862712
848,0.00046269,-0.07709425,-1.00000000,-0.74078951,-0.41061338
849,0.00178619,-0.04485041,-1.00000000,-0.80160800,-0.28851943
850,-0.00274977,0.08439748,1.00000000,-0.95519972,-0.30174878
851,-0.00356077,0.15278964,1.00000000,-0.82619808,-0.32669005
852,-0.00086154,-0.08160692,-1.00000000,-0.73227768,-0.29401357
853,-0.00385832,-0.12351542,-1.00000000,-0.65322967,-0.41398289
854,0.00191575,0.01596768,-1.00000000,-0.91632340,-0.41038583
855,-0.00188780,-0.13889174,-1.00000000,-0.62422676,-0.38645399
856,0.00005191,0.15948457,1.00000000,-0.81357007,-0.28615096
857,0.00017640,-0.03706452,-1.00000000,-0.81629378,-0.25733333
858,-0.00013652,0.06317051,1.00000000,-0.99523814,-0.15400041
859,0.00850458,0.06960362,1.00000000,-0.98310398,0.02893324
860,-0.00523920,0.05343349,-1.00000000,-0.98699158,-0.06411560
861,-0.00457617,0.49996422,1.00000000,-0.17135563,-0.19261036
862,-0.00523142,-0.21024883,-1.00000000,-0.48963266,-0.34275411
863,0.00185710,-0.17598641,-1.00000000,-0.55425862,-0.28740293
864,-0.00119054,-0.20984684,-1.00000000,-0.49039090,-0.55658013
865,0.00228503,0.15645417,1.00000000,-0.81928603,-0.34767595
866,-0.00082158,-0.00103358,-1.00000000,-0.88425553,-0.24343303
867,0.00174661,0.17856766,1.00000000,-0.77757545,-0.04969379
868,0.00005414,0.01803254,-1.00000000,-0.92021814,-0.09975164
869,0.00025112,0.15074438,1.00000000,-0.83005586,-0.05972498
870,0.00345400,0.06328552,1.00000000,-0.99502120,-0.02726953
871,0.00155750,0.07346482,1.00000000,-0.97582097,0.03878377
872,-0.00076050,0.23897436,1.00000000,-0.66363603,-0.03082392
873,0.00468241,0.14097223,1.00000000,-0.84848814,0.09767638
874,-0.00417370,0.02118919,-1.00000000,-0.92617223,-0.02517523
875,0.00189877,0.30245277,1.00000000,-0.54390273,-0.06835484
876,0.00126111,-0.15518897,-1.00000000,-0.59348685,-0.07658399
877,-0.00393641,0.15860763,1.00000000,-0.81522416,-0.16476075
878,0.00212315,0.12565598,1.00000000,-0.87737774,-0.23581658
879,-0.00472016,-0.14292709,-1.00000000,-0.61661528,-0.25098861
880,-0.00192637,0.17020228,1.00000000,-0.79335428,-0.35719067
881,-0.00357743,-0.18342744,-1.00000000,-0.54022330,-0.49152878
882,0.00345411,-0.03905770,-1.00000000,-0.81253424,-0.28633695
883,-0.00214366,-0.12437671,-1.00000000,-0.65160508,-0.40480148
884,-0.00304793,0.23897992,1.00000000,-0.66362555,-0.35837327
885,-0.00082247,-0.05028619,-1.00000000,-0.79135501,-0.32772442
886,-0.00146383,-0.09701436,-1.00000000,-0.70321610,-0.26904205
887,0.00219433,0.01798652,-1.00000000,-0.92013134,-0.30401892
888,0.00224102,-0.01515596,-1.00000000,-0.85761783,-0.18228176
889,-0.00030150,0.17388031,1.00000000,-0.78641677,-0.10602934
890,0.00275829,0.17629335,1.00000000,-0.78186527,-0.00661236
891,0.00151025,0.04490813,-1.00000000,-0.97091101,0.07596064
892,0.00259488,0.20302334,1.00000000,-0.73144703,0.08708158
893,-0.00351751,0.13853050,1.00000000,-0.85309374,-0.07279930
894,0.00246362,0.19457882,1.00000000,-0.74737512,0.00397175
895,-0.00050761,-0.12128005,-1.00000000,-0.65744603,-0.08670341
896,0.00132633,0.18779588,1.00000000,-0.76016913,-0.09180969
897,0.00499105,0.03425700,-1.00000000,-0.95082079,-0.02528190
898,0.00104363,0.12902659,1.00000000,-0.87102007,0.10135449
899,0.00035113,0.31840162,1.00000000,-0.51381993,0.04270302
900,0.00177415,0.11441806,1.00000000,-0.89857475,0.10605427
901,0.00110701,0.07863262,1.00000000,-0.96607344,0.09996499
902,0.00072699,0.15216758,1.00000000,-0.82737142,-0.01842302
903,0.00317956,0.11769311,1.00000000,-0.89239734,0.04087931
904,-0.00035919,0.09805556,1.00000000,-0.92943779,0.02115782
905,0.00473640,0.22479271,1.00000000,-0.69038554,0.10340216
906,0.00182282,0.04192660,-1.00000000,-0.96528723,0.12327598
907,-0.00300052,0.30524235,1.00000000,-0.53864102,0.01978460
908,-0.00168388,0.15468264,1.00000000,-0.82262750,-0.11524496
909,-0.00255666,-0.09456460,-1.00000000,-0.70783685,-0.17625580
910,-0.00388231,-0.02652692,-1.00000000,-0.83616986,-0.41554716
911,0.00226780,-0.07162795,-1.00000000,-0.75110007,-0.40319270
912,-0.00096975,-0.14013136,-1.00000000,-0.62188858,-0.34681004
913,0.00002257,0.17767700,1.00000000,-0.77925542,-0.29943172
914,-0.00261264,0.01037590,-1.00000000,-0.90577615,-0.30098587
915,-0.00498744,0.06165452,1.00000000,-0.99809762,-0.33166871
916,-0.00033291,-0.07452056,-1.00000000,-0.74564402,-0.40387519
917,0.00274939,-0.19723887,-1.00000000,-0.51417211,-0.30061624
918,-0.00118519,0.04328491,-1.00000000,-0.96784928,-0.33414876
919,0.00071667,0.20256346,1.00000000,-0.73231445,-0.24171336
920,-0.00371725,-0.00075687,-1.00000000,-0.88477746,-0.20644776
921,0.00189214,0.09752200,1.00000000,-0.93044419,-0.14467118
922,0.00298620,-0.13160185,-1.00000000,-0.63797700,-0.13809644
923,-0.00097087,0.15826467,1.00000000,-0.81587107,-0.13214605
924,-0.00935603,0.21480050,1.00000000,-0.70923289,-0.41180633
925,0.00106502,0.01031810,-1.00000000,-0.90566712,-0.27903058
926,-0.00187908,-0.42298710,-1.00000000,-0.08836466,-0.38373535
927,0.00456681,0.11552293,1.00000000,-0.89649075,-0.33985088
928,0.00204820,-0.03661386,-1.00000000,-0.81714383,-0.25602893
929,-0.00395846,0.29647913,1.00000000,-0.55517025,-0.10616968
930,0.00176391,0.16632912,1.00000000,-0.80065986,-0.08676537
931,-0.00738270,-0.14406616,-1.00000000,-0.61446675,-0.23956900
932,-0.00292901,0.15163860,1.00000000,-0.82836919,-0.44768429
933,0.00124992,-0.32101492,-1.00000000,-0.28070510,-0.46984792
934,0.00273137,-0.09086908,-1.00000000,-0.71480735,-0.28411029
935,0.00035533,0.12507775,1.00000000,-0.87846840,-0.32321830
936,-0.00103318,0.20163230,1.00000000,-0.73407082,-0.14692895
937,-0.00076147,0.07885002,1.00000000,-0.96566338,-0.08674911
938,-0.00484981,0.00709823,-1.00000000,-0.89959378,-0.25610314
939,0.00317165,0.02113880,-1.00000000,-0.92607718,-0.24387915
940,-0.00050603,-0.19012725,-1.00000000,-0.52758610,-0.26779416
941,-0.00223045,0.22438383,1.00000000,-0.69115676,-0.30103548
942,0.00183925,0.03433894,-1.00000000,-0.95097535,-0.22882846
943,-0.00080339,-0.05477117,-1.00000000,-0.78289541,-0.11648273
944,0.00201075,0.15553191,1.00000000,-0.82102561,-0.14871434
945,0.00242865,0.01897279,-1.00000000,-0.92199164,-0.06723529
946,0.00118201,0.16439375,1.00000000,-0.80431036,0.02750889
947,0.00171965,0.18598931,1.00000000,-0.76357670,0.02418826
948,-0.00103825,0.12156853,1.00000000,-0.88508751,0.01766752
949,0.00153149,0.14935149,1.00000000,-0.83268315,0.00436151
950,-0.01003602,0.00683626,-1.00000000,-0.89909966,-0.34170988
951,0.00007813,0.13962834,1.00000000,-0.85102299,-0.37235823
952,0.00447148,-0.45812545,-1.00000000,-0.02208653,-0.29595603
953,-0.00472364,0.06452523,1.00000000,-0.99268287,-0.39827785
954,0.00606714,0.29155274,1.00000000,-0.56446243,-0.27234941
955,0.00373891,-0.18360708,-1.00000000,-0.53988446,0.11010021
956,0.00523734,0.37400879,1.00000000,-0.40893341,0.25334150
957,0.00312362,0.25369718,1.00000000,-0.63586577,0.21591916
958,-0.00356518,0.33112868,1.00000000,-0.48981408,0.24808276
959,0.00356178,0.22190156,1.00000000,-0.69583883,0.17852352
960,-0.00483183,-0.12374357,-1.00000000,-0.65279932,-0.05943608
961,0.00260822,0.24454379,1.00000000,-0.65313094,-0.13243135
962,0.00676483,-0.18919784,-1.00000000,-0.52933915,-0.03133589
963,0.00309608,0.19526848,1.00000000,-0.74607429,0.15360866
964,-0.00107060,0.41006239,1.00000000,-0.34092893,0.02499443
965,-0.00031260,0.22047881,1.00000000,-0.69852244,0.15046698
966,0.00172860,0.00516450,-1.00000000,-0.89594638,0.12604488
967,-0.00177158,0.04433409,-1.00000000,-0.96982826,-0.11096170
968,0.00062597,0.14981358,1.00000000,-0.83181154,-0.17954229
969,0.00124730,-0.03105884,-1.00000000,-0.82762173,-0.11518758
970,-0.00613452,0.09283530,1.00000000,-0.93928427,-0.27682823
971,0.00309712,0.12494273,1.00000000,-0.87872308,-0.23883224
972,-0.00225719,-0.25651462,-1.00000000,-0.40236590,-0.25231464
973,-0.00039338,0.22053245,1.00000000,-0.69842125,-0.28061615
974,0.00547012,-0.05615253,-1.00000000,-0.78028988,-0.16337307
975,0.00547475,0.04015997,-1.00000000,-0.96195501,0.15894863
976,-0.00065100,0.34315783,1.00000000,-0.46712465,0.05488520
977,-0.00059557,0.34339675,1.00000000,-0.46667400,0.10101867
978,-0.00177778,0.02684758,-1.00000000,-0.93684512,0.06258190
979,-0.00154509,0.02971198,-1.00000000,-0.94224796,-0.13218972
980,-0.00022063,-0.03137928,-1.00000000,-0.82701732,-0.29031707
981,0.00175506,-0.01935489,-1.00000000,-0.84969779,-0.22351477
982,0.00237860,0.04908707,-1.00000000,-0.97879335,-0.14093952
983,0.00538169,0.15118132,1.00000000,-0.82923172,0.05783742
984,-0.00416729,0.18340263,1.00000000,-0.76845572,-0.01496592
985,-0.00041975,0.33858821,1.00000000,-0.47574389,-0.02049452
986,-0.00255776,-0.15485787,-1.00000000,-0.59411138,-0.14023642
987,-0.00268625,0.03879712,-1.00000000,-0.95938440,-0.28085774
988,-0.00492998,-0.07168462,-1.00000000,-0.75099318,-0.56715277
989,0.00501525,-0.07832449,-1.00000000,-0.73846903,-0.31220706
990,0.00083094,-0.19426964,-1.00000000,-0.51977268,-0.27748258
991,0.00343807,0.31965201,1.00000000,-0.51146143,-0.11101345
992,-0.00043212,0.10342701,1.00000000,-0.91930613,-0.04842952
993,-0.00027642,0.23815093,1.00000000,-0.66518919,0.08077269
994,-0.00298127,0.03815794,-1.00000000,-0.95817877,-0.14124389
995,0.00066356,0.04620401,-1.00000000,-0.97335531,-0.14589108
996,-0.00402735,-0.09356954,-1.00000000,-0.70971373,-0.35316214
997,0.00027164,0.09477756,1.00000000,-0.93562077,-0.33362283
998,0.01037762,-0.14762597,-1.00000000,-0.60775221,-0.03782234
999,0.00572979,0.07452489,1.00000000,-0.97382146,0.20403291
1000,0.00158855,0.59675361,1.00000000,0.01120901,0.22971439
1001,-0.00177400,0.35657612,1.00000000,-0.44181499,0.29227679
1002,0.00219471,0.14257644,1.00000000,-0.84546228,0.34566944
1003,0.00362899,-0.03118364,-1.00000000,-0.82738634,0.15829948
1004,-0.00150938,0.17390031,1.00000000,-0.78637903,-0.04269016
1005,-0.00185883,0.24801703,1.00000000,-0.64657970,-0.13840376
1006,0.00417976,-0.01750969,-1.00000000,-0.85317820,0.02689737
1007,-0.00186499,-0.03556756,-1.00000000,-0.81911737,-0.08581704
1008,-0.00065218,0.27647802,1.00000000,-0.59289644,-0.20468021
1009,0.00054974,-0.03588593,-1.00000000,-0.81851684,-0.14751024
1010,-0.00661495,0.02678661,-1.00000000,-0.93673011,-0.27955999
1011,0.00164141,0.08889617,1.00000000,-0.94671428,-0.35003520
1012,-0.00383979,-0.28134110,-1.00000000,-0.35553806,-0.40486387
1013,0.00483619,0.14530819,1.00000000,-0.84030963,-0.25248392
1014,-0.00018442,-0.13793412,-1.00000000,-0.62603304,-0.27286725
1015,-0.00171266,0.31039912,1.00000000,-0.52891429,-0.13675908
1016,-0.00167533,0.05095832,-1.00000000,-0.98232291,-0.22884560
1017,0.00090683,-0.02801394,-1.00000000,-0.83336503,-0.09705952
1018,0.00097623,-0.02608503,-1.00000000,-0.83700336,-0.20422807
1019,-0.00340726,0.10734869,1.00000000,-0.91190904,-0.29370772
1020,0.00246801,0.11093494,1.00000000,-0.90514463,-0.17763479
1021,0.00127419,-0.11558294,-1.00000000,-0.66819195,-0.09574374
1022,-0.00166534,0.18802325,1.00000000,-0.75974028,-0.16715804
1023,-0.00188541,0.12633218,1.00000000,-0.87610228,-0.24660916
1024,-0.00065539,-0.02556899,-1.00000000,-0.83797671,-0.17020562
1025,0.00405135,-0.03694102,-1.00000000,-0.81652674,-0.12624565
1026,-0.00304241,0.02662081,-1.00000000,-0.93641737,-0.24609251
1027,0.00069654,0.26984238,1.00000000,-0.60541262,-0.18051686
1028,-0.00261668,-0.09672911,-1.00000000,-0.70375414,-0.20082002
1029,0.00298606,0.09648167,1.00000000,-0.93240647,-0.09971830
1030,-0.00138390,-0.07472965,-1.00000000,-0.74524964,-0.25062364
1031,-0.00048704,0.21479329,1.00000000,-0.70924650,-0.17967598
1032,-0.00056748,-0.01102556,-1.00000000,-0.86540861,-0.21477031
1033,-0.00007030,0.03532005,-1.00000000,-0.95282593,-0.14407215
1034,0.00113616,0.03116343,-1.00000000,-0.94498569,-0.19543315
1035,-0.00096077,0.05685512,-1.00000000,-0.99344549,-0.18368511
1036,-0.00096696,0.11919922,1.00000000,-0.88955651,-0.19700972
1037,-0.00072289,0.01084012,-1.00000000,-0.90665176,-0.20132446
1038,-0.00210891,0.01052002,-1.00000000,-0.90604798,-0.25792471
1039,-0.00003509,0.02313276,-1.00000000,-0.92983820,-0.29044343
1040,-0.00000803,-0.04849036,-1.00000000,-0.79474230,-0.26399143
1041,-0.00301716,0.05867475,-1.00000000,-0.99687768,-0.32091341
1042,0.00008953,0.06007311,-1.00000000,-0.99951527,-0.29835738
1043,-0.00175846,-0.09542428,-1.00000000,-0.70621531,-0.28862749
1044,-0.00368593,0.06511448,1.00000000,-0.99157141,-0.38999019
1045,0.00171425,-0.03038090,-1.00000000,-0.82890046,-0.34217251
1046,-0.00209591,-0.12998348,-1.00000000,-0.64102957,-0.31659485
1047,-0.00086933,0.14907230,1.00000000,-0.83320976,-0.34321685
1048,0.00031820,-0.04781864,-1.00000000,-0.79600931,-0.28555996
1049,-0.00044101,0.01556511,-1.00000000,-0.91556406,-0.19546722
1050,0.00012114,0.07693120,1.00000000,-0.96928266,-0.23969873
1051,-0.00080676,0.03769888,-1.00000000,-0.95731288,-0.20390642
1052,0.00047903,0.06674776,1.00000000,-0.98849072,-0.16647028
1053,-0.00329167,0.01879870,-1.00000000,-0.92166328,-0.26669545
1054,0.00105887,0.08524198,1.00000000,-0.95360683,-0.22505262
1055,-0.00285640,-0.10960984,-1.00000000,-0.67945844,-0.30772135
1056,0.00419430,0.11520532,1.00000000,-0.89708982,-0.16887106
1057,0.00129185,-0.08711688,-1.00000000,-0.72188477,-0.14630368
1058,0.00393515,0.27722955,1.00000000,-0.59147890,0.05434311
1059,0.00467046,0.12724481,1.00000000,-0.87438088,0.15461590
1060,0.00253883,0.26383786,1.00000000,-0.61673838,0.30440977
1061,0.00569252,0.30183497,1.00000000,-0.54506803,0.34600661
1062,0.00529310,0.19168238,1.00000000,-0.75283840,0.45709802
1063,0.00160354,0.35465039,1.00000000,-0.44544731,0.39236267
1064,0.00457382,0.33401028,1.00000000,-0.48437879,0.38967965
1065,-0.00061791,0.14335117,1.00000000,-0.84400098,0.30203538
1066,-0.00023326,0.29684129,1.00000000,-0.55448713,0.13751080
1067,-0.00298536,0.02855716,-1.00000000,-0.94006972,-0.09233397
1068,-0.00081889,0.04843406,-1.00000000,-0.97756164,-0.15959053
1069,0.00078043,-0.09378123,-1.00000000,-0.70931443,-0.26491097
1070,0.00472099,0.01817195,-1.00000000,-0.92048109,-0.11668077
1071,0.00232027,0.10081687,1.00000000,-0.92422939,-0.04578403
1072,-0.00092204,0.30444606,1.00000000,-0.54014298,0.01150227
1073,0.00507841,0.18038844,1.00000000,-0.77414109,0.17523581
1074,0.00425825,0.01284114,-1.00000000,-0.91042609,0.27179453
1075,0.00239602,0.32291597,1.00000000,-0.50530494,0.20724384
1076,-0.00394995,0.28053384,1.00000000,-0.58524633,0.03315647
1077,-0.00789250,0.18430306,1.00000000,-0.76675732,-0.16037251
1078,0.00217951,-0.14362634,-1.00000000,-0.61529634,-0.24085806
1079,0.00135483,-0.34735873,-1.00000000,-0.23101528,-0.32146896
1080,0.00269586,0.17311471,1.00000000,-0.78786083,-0.31314412
1081,0.00012538,0.13049926,1.00000000,-0.86824232,-0.19999594
1082,-0.00171867,0.19979742,1.00000000,-0.73753177,-0.02858472
1083,0.00016261,0.06696724,1.00000000,-0.98807674,-0.08458224
1084,-0.00211523,-0.02832486,-1.00000000,-0.83277858,-0.18092571
1085,-0.00093908,0.06889104,1.00000000,-0.98444805,-0.28184698
1086,-0.00160588,-0.04881707,-1.00000000,-0.79412606,-0.32991418
1087,0.00270747,0.01196081,-1.00000000,-0.90876560,-0.20702598
1088,0.00439943,-0.02249637,-1.00000000,-0.84377231,-0.08939422
1089,0.00341715,0.20039705,1.00000000,-0.73640074,0.06420779
1090,0.00664821,0.28782955,1.00000000,-0.57148513,0.27486268
1091,-0.00187598,0.23706996,1.00000000,-0.66722812,0.26736359
1092,0.00607527,0.40403576,1.00000000,-0.35229639,0.36086774
1093,0.00608583,-0.03645382,-1.00000000,-0.81744570,0.40768913
1094,-0.00084618,0.37442878,1.00000000,-0.40814122,0.28932138
1095,0.00539058,0.37497442,1.00000000,-0.40711204,0.25440429
1096,0.00440968,0.01676162,-1.00000000,-0.91782093,0.42892066
1097,0.00276758,0.33904740,1.00000000,-0.47487776,0.33708554
1098,-0.00238927,0.28835941,1.00000000,-0.57048570,0.10178145
1099,0.00065337,0.20350348,1.00000000,-0.73054139,0.14341521
1100,-0.00408973,-0.06297810,-1.00000000,-0.76741547,-0.11979791
1101,-0.00168296,0.09425118,1.00000000,-0.93661363,-0.28895522
1102,-0.00020292,-0.15084995,-1.00000000,-0.60167113,-0.37142869
1103,-0.00045532,-0.02647943,-1.00000000,-0.83625943,-0.31773427
1104,0.00315807,0.05000225,-1.00000000,-0.98051957,-0.24819330
1105,-0.00182146,0.03695900,-1.00000000,-0.95591733,-0.18521650
1106,0.00215109,0.22368218,1.00000000,-0.69248023,-0.07876718
1107,0.00128678,-0.03363632,-1.00000000,-0.82276008,-0.03740700
1108,0.00383809,0.17164610,1.00000000,-0.79063094,0.08179627
1109,-0.00315477,0.12698262,1.00000000,-0.87487542,-0.09347476
1110,-0.00305901,0.25882243,1.00000000,-0.62619850,-0.12783430
1111,0.00109469,-0.10253566,-1.00000000,-0.69280179,-0.15716440
1112,-0.00931421,-0.09758695,-1.00000000,-0.70213608,-0.45149205
1113,0.00135981,0.11705634,1.00000000,-0.89359842,-0.52029949
1114,0.00619768,-0.42082569,-1.00000000,-0.09244152,-0.26063618
1115,0.00230451,0.13075670,1.00000000,-0.86775673,-0.11172260
1116,0.00374743,0.38075470,1.00000000,-0.39620923,-0.03807134
1117,0.00203877,0.17957389,1.00000000,-0.77567749,0.27713475
1118,-0.00604179,0.25413748,1.00000000,-0.63503527,0.07163519
1119,-0.00144258,0.16584198,1.00000000,-0.80157869,-0.14049040
1120,0.00227494,-0.25172305,-1.00000000,-0.41140377,-0.14131136
1121,-0.00019147,-0.01405755,-1.00000000,-0.85968964,-0.25067185
1122,0.00052754,0.17804591,1.00000000,-0.77855958,-0.29262983
1123,0.00640794,0.05059363,-1.00000000,-0.98163503,0.05302683
1124,-0.00113171,0.08774897,1.00000000,-0.94887813,0.06165788
1125,0.00481225,0.39161982,1.00000000,-0.37571539,0.13210420
1126,0.00074238,0.00200671,-1.00000000,-0.88999014,0.15803194
1127,0.00076038,0.30916197,1.00000000,-0.53124782,0.16449646
1128,0.00212049,0.09885084,1.00000000,-0.92793773,0.04545898
1129,-0.00249438,0.09978087,1.00000000,-0.92618349,0.00762543
1130,-0.00271750,0.17006496,1.00000000,-0.79361330,-0.20143186
1131,0.01818109,-0.06840983,-1.00000000,-0.75717011,0.28273954
1132,-0.00242212,-0.07993949,-1.00000000,-0.73542279,0.19437998
1133,0.00500108,1.00000000,1.00000000,0.77181439,0.27435725
1134,-0.00233947,-0.06467564,-1.00000000,-0.76421355,0.27865838
1135,0.00068418,0.31892020,1.00000000,-0.51284179,0.37310342
1136,0.01192678,-0.06040448,-1.00000000,-0.77226984,0.19945758
1137,0.00031408,0.09584343,1.00000000,-0.93361032,0.27542586
1138,0.00082918,0.67680701,1.00000000,0.16220613,0.15959632
1139,0.01717828,0.07671800,1.00000000,-0.96968481,0.70149060
1140,0.00291781,0.10333601,1.00000000,-0.91947777,0.76350533
1141,-0.00840473,0.94817964,1.00000000,0.67407056,0.19901776
1142,-0.00377216,0.21126644,1.00000000,-0.71589885,0.08556671
1143,-0.00067363,-0.37382818,-1.00000000,-0.18108847,0.04384253
1144,-0.00115744,-0.13443929,-1.00000000,-0.63262501,-0.46523380
1145,0.00055773,0.02567815,-1.00000000,-0.93463933,-0.53075939
1146,-0.00241656,0.00067695,-1.00000000,-0.88748193,-0.36450270
1147,0.00117798,0.08930894,1.00000000,-0.94593571,-0.22706599
1148,0.00572210,-0.06438801,-1.00000000,-0.76475608,-0.04949387
1149,-0.00116638,0.12136058,1.00000000,-0.88547973,-0.04974211
1150,0.00077305,0.35617880,1.00000000,-0.44256442,-0.04376404
1151,-0.00870654,0.00021492,-1.00000000,-0.88661045,-0.21840036
1152,-0.00567594,0.10043544,1.00000000,-0.92494885,-0.40869388
1153,-0.00416055,-0.38942450,-1.00000000,-0.15167060,-0.68307761
1154,0.00406822,-0.23281739,-1.00000000,-0.44706372,-0.53774326
1155,-0.00204009,-0.15450950,-1.00000000,-0.59476847,-0.61584783
1156,0.00266770,0.27071402,1.00000000,-0.60376852,-0.30005123
1157,-0.00684990,-0.04493430,-1.00000000,-0.80144976,-0.33264528
1158,0.00294390,0.19834224,1.00000000,-0.74027655,-0.13539603
1159,0.00010853,-0.29348207,-1.00000000,-0.33263770,-0.24533342
1160,-0.00241912,0.21261462,1.00000000,-0.71335590,-0.25585683
1161,0.00023150,0.06609643,1.00000000,-0.98971927,-0.32349615
1162,-0.00211877,-0.06452069,-1.00000000,-0.76450582,-0.19214022
1163,0.00022655,0.07245063,1.00000000,-0.97773393,-0.26758508
1164,0.00242542,-0.04899987,-1.00000000,-0.79378127,-0.20325847
1165,0.00849371,0.07219518,1.00000000,-0.97821576,0.09972725
1166,0.00674068,0.18582235,1.00000000,-0.76389162,0.28044932
1167,-0.00138180,0.49940219,1.00000000,-0.17241573,0.30091055
1168,0.01495909,0.40881406,1.00000000,-0.34328353,0.70994722
1169,-0.01174257,-0.01091705,-1.00000000,-0.86561328,0.31658446
1170,0.00151472,0.83350214,1.00000000,0.45776528,0.12281866
1171,0.00649139,-0.54631201,-1.00000000,0.14425141,0.11589751
1172,0.00226018,0.13876154,1.00000000,-0.85265797,0.21701412
1173,-0.00451500,0.39593227,1.00000000,-0.36758122,-0.32366784
1174,0.01441097,0.17728315,1.00000000,-0.77999830,0.40246364
1175,0.00027881,-0.17282558,-1.00000000,-0.56022059,0.36814969
1176,0.00039671,0.80517794,1.00000000,0.40434003,0.19893579
1177,-0.00693465,0.07489574,1.00000000,-0.97312195,-0.05635111
1178,0.00226472,0.08098810,1.00000000,-0.96163053,0.13188210
1179,0.01310053,-0.29786177,-1.00000000,-0.32437669,0.09549900
1180,-0.00201299,0.17751772,1.00000000,-0.77955586,0.03186910
1181,-0.01770523,0.73746101,1.00000000,0.27661201,-0.47071646
1182,-0.00068567,-0.04353345,-1.00000000,-0.80409205,-0.29721863
1183,-0.00794573,-0.85443388,-1.00000000,0.72543244,-0.58070317
1184,0.00226465,0.02505576,-1.00000000,-0.93346537,-0.88155247
1185,-0.00627919,-0.35010919,-1.00000000,-0.22582735,-1.00000000
1186,-0.00441324,0.17751447,1.00000000,-0.77956198,-0.63095875
1187,-0.00024980,-0.26399029,-1.00000000,-0.38826525,-0.61885703
1188,0.00247038,-0.16756716,-1.00000000,-0.57013904,-0.32966232
1189,-0.00743951,0.04757970,-1.00000000,-0.97595014,-0.59909031
1190,-0.00724291,0.18814560,1.00000000,-0.75950950,-0.62584737
1191,0.00205815,-0.32395010,-1.00000000,-0.27516874,-0.44617450
1192,0.00092811,-0.31379106,-1.00000000,-0.29433079,-0.41347097
1193,0.00341699,0.16684346,1.00000000,-0.79968970,-0.38718923
1194,-0.00213016,0.10844815,1.00000000,-0.90983523,-0.23977952
1195,0.01037131,0.23706169,1.00000000,-0.66724372,0.24926492
1196,-0.00646934,-0.04958831,-1.00000000,-0.79267136,0.01250617
1197,0.00243344,0.59642790,1.00000000,0.01059465,0.05430046
1198,0.00503893,-0.27381651,-1.00000000,-0.36973098,0.09933236
1199,-0.00589731,0.18623650,1.00000000,-0.76311045,-0.00525942
1200,-0.00218881,0.32087592,1.00000000,-0.50915289,-0.35398097
1201,0.01710612,-0.24425655,-1.00000000,-0.42548714,0.30057228
1202,-0.00101680,-0.05261938,-1.00000000,-0.78695413,0.20477923
1203,0.00230557,0.94445065,1.00000000,0.66703693,0.12888981
1204,0.00113398,0.00794463,-1.00000000,-0.90119028,0.32410756
1205,-0.00362026,0.17962906,1.00000000,-0.77557343,0.28436452
1206,0.00349408,0.11908650,1.00000000,-0.88976913,-0.09356272
1207,0.00706997,-0.12658989,-1.00000000,-0.64743058,0.13095989
1208,0.00105014,0.24104516,1.00000000,-0.65973007,0.09610375
1209,-0.00435649,0.42583046,1.00000000,-0.31118710,-0.05633458
1210,-0.00689012,0.11475414,1.00000000,-0.89794085,-0.14711938
1211,-0.00625142,-0.16463468,-1.00000000,-0.57567030,-0.41769514
1212,-0.00070518,-0.29556031,-1.00000000,-0.32871772,-0.63356600
1213,-0.00397713,-0.26255566,-1.00000000,-0.39097125,-0.77314398
1214,-0.00179638,0.02404744,-1.00000000,-0.93156347,-0.70206470
1215,-0.00006331,-0.14503109,-1.00000000,-0.61264669,-0.51252392
1216,-0.00142152,-0.03234055,-1.00000000,-0.82520416,-0.37842558
1217,-0.00794015,0.05721664,-1.00000000,-0.99412739,-0.57929850
1218,-0.00066476,-0.01296924,-1.00000000,-0.86174243,-0.48733333
1219,0.00076630,-0.34982113,-1.00000000,-0.22637069,-0.41618253
1220,0.00223782,0.02613626,-1.00000000,-0.93550342,-0.35229374
1221,0.00156610,0.10008669,1.00000000,-0.92560666,-0.26934507
1222,0.00015209,0.17612771,1.00000000,-0.78217771,-0.04467069
1223,-0.00062347,0.14141643,1.00000000,-0.84765030,-0.04352436
1224,0.00174875,0.06834717,1.00000000,-0.98547390,-0.01624747
1225,-0.00037475,0.02826983,-1.00000000,-0.93952778,-0.08878335
1226,-0.00309511,0.15085497,1.00000000,-0.82984728,-0.21819791
1227,-0.00802719,0.04112253,-1.00000000,-0.96377059,-0.44528875
1228,-0.00132780,-0.09945245,-1.00000000,-0.69861735,-0.46484379
1229,0.00385154,-0.35431868,-1.00000000,-0.21788737,-0.40646142
1230,-0.00549864,-0.00812639,-1.00000000,-0.87087704,-0.54872195
1231,0.00020691,0.25951736,1.00000000,-0.62488772,-0.45704415
1232,-0.00398349,-0.22365553,-1.00000000,-0.46434488,-0.34477409
1233,0.00386369,0.07118004,1.00000000,-0.98013053,-0.20063651
1234,-0.00117020,-0.14535947,-1.00000000,-0.61202731,-0.34006116
1235,0.00385913,0.26014525,1.00000000,-0.62370339,-0.08025037
1236,-0.00107546,0.00001751,-1.00000000,-0.88623810,-0.11585432
1237,0.00219515,0.25990933,1.00000000,-0.62414838,0.05569034
1238,0.00017716,0.00491328,-1.00000000,-0.89547252,-0.04666322
1239,-0.00011259,0.17392278,1.00000000,-0.78633666,-0.01729942
1240,-0.00579428,0.06964281,1.00000000,-0.98303005,-0.28531848
1241,0.00502561,0.05467000,-1.00000000,-0.98932390,-0.11592733
1242,0.00106546,-0.23893293,-1.00000000,-0.43552857,-0.14729226
1243,0.00212865,0.32018736,1.00000000,-0.51045165,-0.09311073
1244,0.00064882,0.11554575,1.00000000,-0.89644770,-0.07197086
1245,0.00459406,0.17048653,1.00000000,-0.79281813,0.21645295
1246,-0.00273079,0.09401594,1.00000000,-0.93705733,0.00110308
1247,0.00682804,0.29788703,1.00000000,-0.55251466,0.16109645
1248,-0.00644323,-0.08062598,-1.00000000,-0.73412795,-0.07689473
1249,-0.00183284,0.41332851,1.00000000,-0.33476835,-0.14579591
1250,0.00169865,-0.27246725,-1.00000000,-0.37227595,-0.22618445
1251,0.00040458,-0.03422427,-1.00000000,-0.82165108,-0.13913354
1252,-0.00204837,0.14826632,1.00000000,-0.83472999,-0.38557986
1253,0.00287186,0.08139486,1.00000000,-0.96086328,-0.12695400
1254,0.00188845,-0.04536213,-1.00000000,-0.80064278,-0.02363541
1255,0.00052744,0.20889219,1.00000000,-0.72037718,-0.05615316
1256,-0.00168174,0.15807429,1.00000000,-0.81623016,-0.11407829
1257,-0.00132393,0.08774365,1.00000000,-0.94888816,-0.09396465
1258,0.00136142,-0.02641649,-1.00000000,-0.83637815,-0.13590097
1259,-0.00061641,-0.00792624,-1.00000000,-0.87125455,-0.20544640
1260,-0.00575377,0.13083950,1.00000000,-0.86760056,-0.37983914
1261,0.00280759,0.02863498,-1.00000000,-0.94021652,-0.25519634
1262,0.00025647,-0.23683949,-1.00000000,-0.43947722,-0.21131784
1263,0.00002024,0.20557110,1.00000000,-0.72664142,-0.24855436
1264,-0.00121537,0.07374127,1.00000000,-0.97529952,-0.26518404
1265,-0.00324515,0.06153416,1.00000000,-0.99832463,-0.19553421
1266,0.00012870,-0.00231650,-1.00000000,-0.88183568,-0.26991158
1267,-0.00126539,-0.10720588,-1.00000000,-0.68399279,-0.31216472
1268,0.00450336,0.06713851,1.00000000,-0.98775369,-0.18769466
1269,-0.00308308,-0.00490109,-1.00000000,-0.87696060,-0.23955010
1270,-0.00128077,0.29320025,1.00000000,-0.56135488,-0.18501062
1271,0.00020600,-0.09883086,-1.00000000,-0.69978981,-0.18286447
1272,-0.00008719,-0.00569595,-1.00000000,-0.87546135,-0.15015279
1273,-0.00050084,0.07113297,1.00000000,-0.98021931,-0.28909021
1274,0.00582578,0.05598252,-1.00000000,-0.99179958,-0.04174302
1275,0.00226349,0.03460724,-1.00000000,-0.95148143,0.05666050
1276,0.00095626,0.36153651,1.00000000,-0.43245867,0.07749089
1277,-0.00436519,0.17745458,1.00000000,-0.77967495,-0.04128444
1278,-0.00323832,0.10990289,1.00000000,-0.90709129,-0.11728846
1279,0.00244197,-0.16508441,-1.00000000,-0.57482202,-0.21123728
1280,-0.00052118,-0.10685293,-1.00000000,-0.68465854,-0.28855137
1281,-0.00304037,0.18667717,1.00000000,-0.76227926,-0.39951434
1282,-0.00197081,0.03355610,-1.00000000,-0.94949876,-0.33303617
1283,0.00095803,-0.09662353,-1.00000000,-0.70395328,-0.21652782
1284,-0.00135632,-0.04135396,-1.00000000,-0.80820302,-0.32198412
1285,-0.00133603,0.10999468,1.00000000,-0.90691816,-0.34460773
1286,-0.00151051,-0.00960014,-1.00000000,-0.86809723,-0.30213269
1287,-0.00135601,-0.00855140,-1.00000000,-0.87007537,-0.28506341
1288,0.00152733,-0.01756817,-1.00000000,-0.85306790,-0.26925742
1289,-0.00008348,-0.00958428,-1.00000000,-0.86812715,-0.23391801
1290,0.00058267,0.13941310,1.00000000,-0.85142899,-0.18064712
1291,0.00020967,0.05617423,-1.00000000,-0.99216120,-0.13288768
1292,-0.00065155,0.09059741,1.00000000,-0.94350539,-0.11332871
1293,-0.00230655,0.07132263,1.00000000,-0.97986157,-0.21977330
1294,0.00066955,0.02681925,-1.00000000,-0.93679167,-0.19886619
1295,-0.00142475,-0.05870362,-1.00000000,-0.77547800,-0.25460038
1296,-0.00370377,0.09508694,1.00000000,-0.93503721,-0.36325369
1297,0.00077691,-0.01313613,-1.00000000,-0.86142763,-0.32359383
1298,-0.00322137,-0.13090502,-1.00000000,-0.63929136,-0.34899294
1299,-0.00064453,0.10063495,1.00000000,-0.92457253,-0.38547718
1300,0.00527502,-0.10597694,-1.00000000,-0.68631084,-0.19946370
1301,-0.00031438,0.02718176,-1.00000000,-0.93747545,-0.10536001
1302,-0.00110337,0.33307575,1.00000000,-0.48614151,-0.15756445
1303,0.00032244,0.04424259,-1.00000000,-0.96965567,-0.05917344
1304,0.00075594,0.00347104,-1.00000000,-0.89275217,-0.02029039
1305,0.00391951,0.07715032,1.00000000,-0.96886936,-0.05792487
1306,0.00149899,0.09955164,1.00000000,-0.92661588,-0.00757818
1307,-0.00092080,0.26302973,1.00000000,-0.61826266,-0.00250911
1308,0.00026569,0.13794883,1.00000000,-0.85419090,-0.00408477
1309,-0.00489437,0.01290570,-1.00000000,-0.91054787,-0.16096112
1310,0.00009652,0.07421767,1.00000000,-0.97440094,-0.26710344
1311,0.00254459,-0.19242967,-1.00000000,-0.52324326,-0.23807319
1312,-0.00536292,0.06547559,1.00000000,-0.99089029,-0.36140516
1313,0.00077763,0.19198050,1.00000000,-0.75227609,-0.34719149
1314,0.00206448,-0.21664216,-1.00000000,-0.47757353,-0.15398482
1315,-0.00165506,0.10067243,1.00000000,-0.92450184,-0.20261599
1316,0.00035970,0.16717033,1.00000000,-0.79907316,-0.26327787
1317,-0.00194086,-0.02503768,-1.00000000,-0.83897887,-0.16826721
1318,0.00529619,0.07907543,1.00000000,-0.96523820,-0.04281334
1319,-0.00020675,-0.03980647,-1.00000000,-0.81112190,-0.10587204
1320,0.00570681,0.33416958,1.00000000,-0.48407833,0.09852433
1321,0.00223383,0.04980427,-1.00000000,-0.98014614,0.15055798
1322,0.00006689,0.35538879,1.00000000,-0.44405454,0.20630168
1323,-0.00281856,0.17592145,1.00000000,-0.78256674,-0.01899741
1324,0.00040903,0.06394480,1.00000000,-0.99377768,-0.00190086
1325,-0.00440827,-0.08516145,-1.00000000,-0.72557312,-0.28273777
1326,0.00099853,0.08162470,1.00000000,-0.96042976,-0.31703487
1327,-0.00404707,-0.16731029,-1.00000000,-0.57062356,-0.43125581
1328,0.00169338,0.11208703,1.00000000,-0.90297156,-0.30598564
1329,-0.00160768,-0.14864542,-1.00000000,-0.60582932,-0.36197786
1330,-0.00112968,0.14799381,1.00000000,-0.83524402,-0.27095053
1331,-0.00127079,-0.02258909,-1.00000000,-0.84359741,-0.33395619
1332,-0.00198184,0.00211153,-1.00000000,-0.89018785,-0.27661659
1333,-0.00095895,-0.00518032,-1.00000000,-0.87643393,-0.35025631
1334,-0.00325769,-0.04192385,-1.00000000,-0.80712810,-0.39606753
1335,-0.00022973,0.01093412,-1.00000000,-0.90682907,-0.37108102
1336,0.00304826,-0.10785381,-1.00000000,-0.68277067,-0.25116611
1337,0.00346409,0.04861689,-1.00000000,-0.97790650,-0.09996440
1338,-0.00113637,0.21800764,1.00000000,-0.70318357,-0.10489039
1339,-0.00023876,0.23949569,1.00000000,-0.66265269,-0.02107225
1340,-0.00242962,0.00176578,-1.00000000,-0.88953570,-0.08215040
1341,-0.00015389,0.04815013,-1.00000000,-0.97702609,-0.17105540
1342,0.00141736,-0.06506294,-1.00000000,-0.76348303,-0.22788113
1343,0.00113293,0.05253592,-1.00000000,-0.98529860,-0.16487572
1344,-0.00258956,0.13373055,1.00000000,-0.86214745,-0.23014380
1345,-0.00088847,0.11903266,1.00000000,-0.88987067,-0.18735510
1346,0.00228830,-0.07332808,-1.00000000,-0.74789327,-0.11954981
1347,-0.00155140,0.01457622,-1.00000000,-0.91369882,-0.20197516
1348,0.00278329,0.17873644,1.00000000,-0.77725711,-0.15615434
1349,-0.00047413,-0.01968111,-1.00000000,-0.84908246,-0.09742130
1350,-0.00071860,0.20431526,1.00000000,-0.72901020,-0.09270511
1351,0.00050655,0.03598700,-1.00000000,-0.95408393,-0.14217398
1352,-0.00342836,0.02335408,-1.00000000,-0.93025566,-0.19428610
1353,-0.00041043,0.08666403,1.00000000,-0.95092455,-0.28295709
1354,-0.00280714,-0.11667320,-1.00000000,-0.66613548,-0.34773114
1355,0.00273384,0.03927911,-1.00000000,-0.96029353,-0.25187683
1356,-0.00146139,-0.08457172,-1.00000000,-0.72668547,-0.30651505
1357,0.00046044,0.20175997,1.00000000,-0.73383001,-0.19854579
1358,-0.00234256,-0.01502969,-1.00000000,-0.85785600,-0.25218998
1359,-0.00607282,0.08428127,1.00000000,-0.95541892,-0.34285874
1360,0.00076878,-0.06056449,-1.00000000,-0.77196803,-0.39741700
1361,-0.00181581,-0.25332617,-1.00000000,-0.40837996,-0.40725719
1362,-0.00432030,0.10021509,1.00000000,-0.92536448,-0.53999060
1363,-0.00287098,-0.03334445,-1.00000000,-0.82331061,-0.55466177
1364,0.00051170,-0.16276470,-1.00000000,-0.57919746,-0.37184818
1365,-0.00105486,-0.08787076,-1.00000000,-0.72046280,-0.42248003
1366,0.00138709,0.08693001,1.00000000,-0.95042286,-0.33355417
1367,0.00531811,0.00597811,-1.00000000,-0.89748100,-0.06595161
1368,-0.00056528,0.13216610,1.00000000,-0.86509832,-0.00193573
1369,0.00307961,0.33530236,1.00000000,-0.48194168,0.06936020
1370,0.00428265,0.03127682,-1.00000000,-0.94519956,0.21755162
1371,-0.00107836,0.21962739,1.00000000,-0.70012839,0.14910061
1372,-0.00195406,0.28179484,1.00000000,-0.58286782,-0.05280498
1373,-0.00054198,0.00476374,-1.00000000,-0.89519046,-0.05215799
1374,0.00176252,-0.04048823,-1.00000000,-0.80983597,-0.08872582
1375,-0.00140569,0.03248101,-1.00000000,-0.94747091,-0.24665784
1376,0.00125364,0.15156663,1.00000000,-0.82850493,-0.18191198
1377,-0.00041454,-0.01215129,-1.00000000,-0.86328526,-0.13916872
1378,0.00028259,0.12526999,1.00000000,-0.87810580,-0.11627524
1379,0.00182492,0.03906635,-1.00000000,-0.95989222,-0.11454284
1380,-0.02052218,0.07509081,1.00000000,-0.97275402,-0.64529636
1381,-0.00176559,0.15479101,1.00000000,-0.82242310,-0.72912266
1382,0.00020476,-1.00000000,-1.00000000,1.00000000,-0.71192816
1383,-0.00023466,-0.03074914,-1.00000000,-0.82820589,-0.72628906
1384,0.00193489,0.07106908,1.00000000,-0.98033982,-0.72323579
1385,0.00106817,0.04836201,-1.00000000,-0.97742575,-0.12379757
1386,-0.00313370,0.16047382,1.00000000,-0.81170415,-0.16178216
1387,-0.00862480,0.11568602,1.00000000,-0.89618313,-0.40692756
1388,0.00155130,-0.10144681,-1.00000000,-0.69485558,-0.35734197
1389,0.01244041,-0.38520027,-1.00000000,-0.15963837,-0.06566489
1390,-0.00959643,0.14065167,1.00000000,-0.84909278,-0.36175878
1391,-0.00454754,0.70334885,1.00000000,0.21226948,-0.40101281
1392,0.00399509,-0.43540966,-1.00000000,-0.06493316,-0.05063210
1393,-0.00436169,-0.17450718,-1.00000000,-0.55704875,-0.21480140
1394,-0.00686046,0.26693508,1.00000000,-0.61089638,-0.75067416
1395,-0.00171535,-0.16490339,-1.00000000,-0.57516346,-0.53186237
1396,0.00124367,-0.29402790,-1.00000000,-0.33160815,-0.37107404
1397,0.00344417,-0.02815293,-1.00000000,-0.83310288,-0.38636973
1398,0.00228507,0.12475517,1.00000000,-0.87907685,-0.20182776
1399,0.00372013,0.23846646,1.00000000,-0.66459404,0.09193355
1400,0.00099318,0.17856968,1.00000000,-0.77757164,0.16713353
1401,-0.00130759,0.25272632,1.00000000,-0.63769702,0.09629987
1402,-0.00216435,0.11181074,1.00000000,-0.90349269,-0.05941624
1403,0.00185143,-0.00708182,-1.00000000,-0.87284730,-0.07145597
1404,0.00386151,-0.05135537,-1.00000000,-0.78933832,-0.06753055
1405,0.00483401,0.15616110,1.00000000,-0.81983882,0.03910697
1406,0.00754661,0.26003239,1.00000000,-0.62391626,0.28493638
1407,0.00055348,0.31028655,1.00000000,-0.52912662,0.36039474
1408,-0.00198807,0.45046064,1.00000000,-0.26472953,0.25379429
1409,-0.00003450,0.08908918,1.00000000,-0.94635022,0.14562467
1410,-0.00520310,-0.04224572,-1.00000000,-0.80652098,-0.13304741
1411,0.00153459,0.05870501,-1.00000000,-0.99693476,-0.29996614
1412,0.00044965,-0.20838331,-1.00000000,-0.49315141,-0.30284889
1413,-0.00283649,0.13978829,1.00000000,-0.85072131,-0.32640458
1414,0.00130556,0.08372373,1.00000000,-0.95647056,-0.28919873
1415,-0.00070049,-0.08608802,-1.00000000,-0.72382541,-0.16418758
1416,-0.00080112,0.12795327,1.00000000,-0.87304458,-0.22903655
1417,-0.00294137,0.02428985,-1.00000000,-0.93202070,-0.32318532
1418,0.00152993,0.01909013,-1.00000000,-0.92221297,-0.20195533
1419,0.00266651,-0.09150779,-1.00000000,-0.71360262,-0.16416973
1420,-0.00353595,0.13954758,1.00000000,-0.85117533,-0.24289396
1421,-0.00335688,0.19828057,1.00000000,-0.74039287,-0.31385253
1422,-0.00119373,-0.12223321,-1.00000000,-0.65564818,-0.26533079
1423,0.00083464,-0.11297933,-1.00000000,-0.67310289,-0.28463504
1424,-0.00052197,-0.00119819,-1.00000000,-0.88394504,-0.37316072
1425,-0.00314696,0.10361813,1.00000000,-0.91894564,-0.36236063
1426,0.00106415,0.03351487,-1.00000000,-0.94942098,-0.23961456
1427,-0.00150792,-0.10213187,-1.00000000,-0.69356341,-0.24833775
1428,0.00466306,0.11547802,1.00000000,-0.89657545,-0.14204471
1429,0.00112624,-0.01743395,-1.00000000,-0.85332107,-0.09628334
1430,-0.00053177,0.30145279,1.00000000,-0.54578891,-0.02367464
1431,-0.00014458,0.11868682,1.00000000,-0.89052301,-0.05723402
1432,0.00307073,0.03300883,-1.00000000,-0.94846650,0.06988840
1433,-0.00533802,0.05301667,-1.00000000,-0.98620538,-0.20778340
1434,-0.00060941,0.21916874,1.00000000,-0.70099348,-0.25597235
1435,-0.00268161,-0.21535533,-1.00000000,-0.48000076,-0.31566092
1436,-0.00350091,0.02899660,-1.00000000,-0.94089861,-0.40884667
1437,0.00193849,-0.07808469,-1.00000000,-0.73892134,-0.44028230
1438,-0.00735967,-0.12042246,-1.00000000,-0.65906363,-0.49641189
1439,-0.00238102,0.16066016,1.00000000,-0.81135268,-0.54559912
1440,0.00079873,-0.31982481,-1.00000000,-0.28294990,-0.44897046
1441,-0.00258747,-0.06255163,-1.00000000,-0.76821987,-0.42360950
1442,0.00154125,0.10176246,1.00000000,-0.92244582,-0.43463867
1443,-0.00127858,-0.07322016,-1.00000000,-0.74809684,-0.26580209
1444,0.00158242,0.14013246,1.00000000,-0.85007212,-0.15576048
1445,0.00105723,-0.00558291,-1.00000000,-0.87567456,-0.14858329
1446,0.00187539,0.14225993,1.00000000,-0.84605928,-0.02467551
1447,-0.00020715,0.11512079,1.00000000,-0.89724927,-0.07321827
1448,-0.00039112,0.15739940,1.00000000,-0.81750314,-0.04857858
1449,0.00239468,0.04978373,-1.00000000,-0.98010740,-0.02602679
1450,0.00258590,0.04027698,-1.00000000,-0.96217571,0.01641546
1451,0.00113796,0.18423375,1.00000000,-0.76688804,-0.00405888
1452,0.00263238,0.19411512,1.00000000,-0.74824975,0.07477831
1453,0.00342545,0.11929216,1.00000000,-0.88938121,0.18074225
1454,-0.00150848,0.19651704,1.00000000,-0.74371925,0.07237413
1455,-0.00082087,0.23749911,1.00000000,-0.66641866,-0.02221215
1456,-0.00399853,-0.01746309,-1.00000000,-0.85326609,-0.16482251
1457,0.00062900,0.01806932,-1.00000000,-0.92028752,-0.22044486
1458,-0.00314518,-0.14613700,-1.00000000,-0.61056071,-0.40287297
1459,-0.00157492,0.09299163,1.00000000,-0.93898939,-0.40471761
1460,-0.00129937,-0.10203961,-1.00000000,-0.69373744,-0.41800267
1461,0.00195302,-0.02089638,-1.00000000,-0.84679022,-0.25276284
1462,-0.00332113,-0.00665708,-1.00000000,-0.87364845,-0.36243493
1463,-0.00068134,0.16141056,1.00000000,-0.80993727,-0.29402846
1464,0.00022425,-0.11113219,-1.00000000,-0.67658698,-0.24407585
1465,-0.00075012,0.02527984,-1.00000000,-0.93388803,-0.22882639
1466,0.00179282,0.07207639,1.00000000,-0.97843983,-0.23327419
1467,-0.00191136,0.02172551,-1.00000000,-0.92718384,-0.19413303
1468,-0.00110509,0.15313223,1.00000000,-0.82555190,-0.20589821
1469,-0.00426838,-0.03828190,-1.00000000,-0.81399756,-0.33063261
1470,-0.00135482,0.00338225,-1.00000000,-0.89258470,-0.34742171
1471,-0.00205133,-0.16008168,-1.00000000,-0.58425819,-0.45415133
1472,0.00164051,-0.00952270,-1.00000000,-0.86824331,-0.35553663
1473,-0.00017980,-0.04551499,-1.00000000,-0.80035446,-0.32984676
1474,0.00185003,0.14526168,1.00000000,-0.84039736,-0.15997413
1475,0.00178981,0.05119673,-1.00000000,-0.98277260,-0.07266599
1476,-0.00646183,0.15608854,1.00000000,-0.81997568,-0.19511992
1477,-0.00198409,0.15297690,1.00000000,-0.82584487,-0.29575397
1478,-0.00166867,-0.27342861,-1.00000000,-0.37046264,-0.33709129
1479,-0.00234044,-0.04204037,-1.00000000,-0.80690832,-0.45343611
1480,0.00292320,-0.02574108,-1.00000000,-0.83765212,-0.42196836
1481,0.00426577,-0.06045469,-1.00000000,-0.77217512,-0.12412529
1482,-0.00019629,0.21154528,1.00000000,-0.71537290,-0.07448858
1483,-0.00150555,0.28092268,1.00000000,-0.58451291,-0.06995966
1484,0.00254587,0.05034444,-1.00000000,-0.98116501,0.06570470
1485,-0.00428254,-0.01731177,-1.00000000,-0.85355153,-0.13435693
1486,-0.00104715,0.19204644,1.00000000,-0.75215172,-0.28186594
1487,-0.00021571,-0.16081329,-1.00000000,-0.58287822,-0.28240506
1488,-0.00368311,0.00637605,-1.00000000,-0.89823161,-0.34286307
1489,0.00136982,0.04934103,-1.00000000,-0.97927237,-0.37551526
1490,-0.00357195,-0.12983738,-1.00000000,-0.64130514,-0.35578639
1491,-0.00119112,0.13127355,1.00000000,-0.86678185,-0.35978359
1492,-0.00085916,-0.12409353,-1.00000000,-0.65213922,-0.37764831
1493,0.00076717,-0.00106363,-1.00000000,-0.88419885,-0.25408996
1494,0.00112401,0.01609087,-1.00000000,-0.91655576,-0.26091463
1495,0.00093204,0.10013180,1.00000000,-0.92552157,-0.13586484
1496,-0.00012787,0.11857133,1.00000000,-0.89074083,-0.10634447
1497,-0.00093847,0.10865156,1.00000000,-0.90945156,-0.10854655
1498,0.00103137,0.05388027,-1.00000000,-0.98783431,-0.10121132
1499,0.00218618,0.01199230,-1.00000000,-0.90882502,-0.07172093
1500,-0.00053732,0.11378427,1.00000000,-0.89977021,-0.11251660
1501,0.00235880,0.17345942,1.00000000,-0.78721065,-0.04347623
1502,-0.00234183,0.03272188,-1.00000000,-0.94792524,-0.08243944
1503,-0.00109232,0.18237953,1.00000000,-0.77038549,-0.14140184
1504,-0.00009407,-0.06052677,-1.00000000,-0.77203918,-0.20471107
1505,-0.00159777,0.00404231,-1.00000000,-0.89382969,-0.23415353
1506,-0.00037436,0.05562707,-1.00000000,-0.99112913,-0.31003754
1507,-0.00376702,-0.02207701,-1.00000000,-0.84456331,-0.34960660
1508,-0.00173068,0.04114274,-1.00000000,-0.96380872,-0.36733026
1509,0.00290930,-0.13417346,-1.00000000,-0.63312640,-0.28394435
1510,-0.00113748,-0.02894530,-1.00000000,-0.83160829,-0.27116485
1511,-0.00168484,0.21082652,1.00000000,-0.71672862,-0.30754906
1512,-0.00112976,0.00170845,-1.00000000,-0.88942755,-0.23432789
1513,-0.00038691,-0.02657624,-1.00000000,-0.83607683,-0.19701911
1514,-0.00189356,0.00210719,-1.00000000,-0.89017966,-0.33036643
1515,0.00270947,0.04049451,-1.00000000,-0.96258603,-0.22355904
1516,0.01150059,-0.03736208,-1.00000000,-0.81573253,0.14252350
1517,-0.00107888,0.20050042,1.00000000,-0.73620577,0.14393630
1518,-0.00137838,0.65478366,1.00000000,0.12066558,0.11640873
1519,0.00022017,0.00473673,-1.00000000,-0.89513951,0.17509473
1520,-0.00065078,-0.01074033,-1.00000000,-0.86594661,0.08180026
1521,0.00139256,0.07186543,1.00000000,-0.97883774,-0.19884086
1522,-0.00138550,0.02685895,-1.00000000,-0.93686656,-0.20735395
1523,0.00314717,0.13244898,1.00000000,-0.86456474,-0.08170562
1524,0.00291882,-0.01110801,-1.00000000,-0.86525309,-0.00677989
1525,0.00056220,0.22311878,1.00000000,-0.69354291,0.02689734
1526,0.00290286,0.21131865,1.00000000,-0.71580038,0.06882956
1527,-0.00630042,0.08953967,1.00000000,-0.94550051,-0.06762909
1528,-0.00280127,0.21049404,1.00000000,-0.71735576,-0.23278277
1529,-0.00078833,-0.26508749,-1.00000000,-0.38619571,-0.33570861
1530,-0.00009109,-0.08426844,-1.00000000,-0.72725751,-0.35384663
1531,-0.00024314,0.01975107,-1.00000000,-0.92345965,-0.44119290
1532,-0.00380812,0.05578083,-1.00000000,-0.99141916,-0.37199635
1533,-0.00178250,0.04792347,-1.00000000,-0.97659856,-0.34371086
1534,0.00021653,-0.13629753,-1.00000000,-0.62911998,-0.31581192
1535,-0.00175078,-0.03162294,-1.00000000,-0.82655772,-0.36189167
1536,0.00037274,0.07167714,1.00000000,-0.97919290,-0.34479224
1537,-0.00077971,-0.02998369,-1.00000000,-0.82964969,-0.26071101
1538,-0.00378066,0.07974925,1.00000000,-0.96396725,-0.31618839
1539,-0.00150788,0.02019608,-1.00000000,-0.92429902,-0.36406513
1540,-0.00144861,-0.13487851,-1.00000000,-0.63179655,-0.35567576
1541,0.00133448,-0.01743199,-1.00000000,-0.85332476,-0.32897382
1542,0.00039739,-0.01436923,-1.00000000,-0.85910176,-0.29629258
1543,-0.00154726,0.12944743,1.00000000,-0.87022628,-0.23428416
1544,-0.00040055,0.08102303,1.00000000,-0.96156463,-0.20354018
1545,0.00060170,-0.01946724,-1.00000000,-0.84948586,-0.14661501
1546,-0.00136342,0.03978930,-1.00000000,-0.96125584,-0.22151980
1547,0.00402548,0.09158101,1.00000000,-0.94165012,-0.12078875
1548,-0.00137843,-0.00996681,-1.00000000,-0.86740562,-0.11610122
1549,-0.00075068,0.26850560,1.00000000,-0.60793406,-0.12582229
1550,0.00036134,-0.01074270,-1.00000000,-0.86594213,-0.13249570
1551,-0.00002574,0.02169624,-1.00000000,-0.92712863,-0.09535617
1552,-0.00073236,0.07916033,1.00000000,-0.96507807,-0.22745372
1553,0.00107732,0.05915799,-1.00000000,-0.99778918,-0.15927183
1554,-0.00360969,0.02264310,-1.00000000,-0.92891460,-0.23864979
1555,0.00306053,0.11615873,1.00000000,-0.89529149,-0.16370895
1556,-0.00022094,-0.12604355,-1.00000000,-0.64846108,-0.16912852
1557,0.00213586,0.21864167,1.00000000,-0.70198765,-0.08949479
1558,0.00071410,0.04907099,-1.00000000,-0.97876303,-0.09957936
1559,0.00328921,0.17085894,1.00000000,-0.79211568,0.09196291
1560,0.00243029,0.09738912,1.00000000,-0.93069483,0.07446482
1561,0.00100574,0.23045864,1.00000000,-0.67969844,0.10852257
1562,-0.00649630,0.18607388,1.00000000,-0.76341718,-0.13114209
1563,0.00013638,0.11245994,1.00000000,-0.90226818,-0.14718177
1564,-0.00364206,-0.27520955,-1.00000000,-0.36710343,-0.33962276
1565,-0.00027920,0.06753574,1.00000000,-0.98700443,-0.41484957
1566,0.00040287,-0.12771625,-1.00000000,-0.64530604,-0.43158783
1567,0.00206231,0.04606029,-1.00000000,-0.97308422,-0.19396511
1568,0.00240048,0.08130636,1.00000000,-0.96103021,-0.13110442
1569,0.00048237,0.16705846,1.00000000,-0.79928417,-0.01659299
1570,-0.00243132,0.18453326,1.00000000,-0.76632311,-0.07634485
1571,-0.00133262,0.08541464,1.00000000,-0.95328116,-0.12452937
1572,-0.00672939,-0.06515103,-1.00000000,-0.76331688,-0.36862374
1573,-0.00356967,-0.00837559,-1.00000000,-0.87040699,-0.53437995
1574,0.00227205,-0.28725471,-1.00000000,-0.34438377,-0.48469105
1575,-0.00110839,-0.12397540,-1.00000000,-0.65236204,-0.44796086
1576,-0.00531927,0.17789659,1.00000000,-0.77884122,-0.55864682
1577,0.00141179,0.00321190,-1.00000000,-0.89226337,-0.33261368
1578,-0.00225400,-0.21438643,-1.00000000,-0.48182830,-0.29608522
1579,0.00292650,0.13344253,1.00000000,-0.86269070,-0.27791484
1580,-0.00328553,-0.05598793,-1.00000000,-0.78060035,-0.33836135
1581,0.00144350,0.21171567,1.00000000,-0.71505152,-0.15059862
1582,-0.00080974,-0.10929232,-1.00000000,-0.68005735,-0.21227758
1583,-0.00204586,0.13508119,1.00000000,-0.85959986,-0.20649864
1584,-0.01748951,0.01864447,-1.00000000,-0.92137236,-0.77333234
1585,-0.00007429,-0.04523206,-1.00000000,-0.80088814,-0.68417502
1586,-0.00122784,-0.84328618,-1.00000000,0.70440559,-0.75834270
1587,-0.00191611,0.05664901,-1.00000000,-0.99305672,-0.78906008
1588,0.00539799,-0.00296113,-1.00000000,-0.88061978,-0.58238784
1589,-0.00094260,-0.03852731,-1.00000000,-0.81353466,-0.12297667
1590,-0.00564815,0.33943031,1.00000000,-0.47415551,-0.27773029
1591,0.00019221,0.01177877,-1.00000000,-0.90842225,-0.23830355
1592,-0.00013585,-0.23138142,-1.00000000,-0.44977227,-0.18887626
1593,-0.00170777,0.07042069,1.00000000,-0.98156281,-0.38616185
1594,-0.00215009,0.05346771,-1.00000000,-0.98705614,-0.41968673
1595,0.00530624,-0.02776145,-1.00000000,-0.83384128,-0.11554711
1596,0.00026270,-0.05061837,-1.00000000,-0.79072844,-0.11359019
1597,-0.00348264,0.33468911,1.00000000,-0.48309838,-0.20651083
1598,-0.00186107,0.07406295,1.00000000,-0.97469278,-0.21076691
1599,0.00139587,-0.11947797,-1.00000000,-0.66084512,-0.11231637
1600,-0.00688679,-0.03568296,-1.00000000,-0.81889969,-0.45084591
1601,0.00064856,0.13261968,1.00000000,-0.86424277,-0.44013271
1602,-0.00505677,-0.29538860,-1.00000000,-0.32904160,-0.48383719
1603,-0.00713528,0.09400256,1.00000000,-0.93708258,-0.63027145
1604,-0.00100171,-0.20082159,-1.00000000,-0.50741437,-0.69683810
1605,0.00656099,-0.30822925,-1.00000000,-0.30482150,-0.32347136
1606,-0.00340910,0.00872455,-1.00000000,-0.90266137,-0.43612911
1607,0.00442570,0.39952879,1.00000000,-0.36079744,-0.17285615
1608,0.00561722,-0.11567823,-1.00000000,-0.66801220,0.18120648
1609,-0.00661076,0.28918713,1.00000000,-0.56892445,0.02547585
1610,-0.00640293,0.35075896,1.00000000,-0.45278735,-0.33445692
1611,-0.00217853,-0.28112430,-1.00000000,-0.35594699,-0.30029099
1612,-0.00017793,-0.27038503,-1.00000000,-0.37620345,-0.42810704
1613,0.00970096,-0.05208794,-1.00000000,-0.78795653,-0.31472529
1614,0.00474276,0.05129343,-1.00000000,-0.98295499,0.00049576
1615,0.00433246,0.56178727,1.00000000,-0.05474469,0.29855527
1616,0.00805036,0.30557122,1.00000000,-0.53802070,0.58255183
1617,0.01485756,0.28436908,1.00000000,-0.57801229,1.00000000
1618,-0.00843826,0.47649195,1.00000000,-0.21562914,0.49637954
1619,-0.00102318,0.82825603,1.00000000,0.44787004,0.33629288
1620,0.00542294,-0.37556087,-1.00000000,-0.17782026,0.36656914
1621,0.00648528,0.00761482,-1.00000000,-0.90056819,0.32311624
1622,0.00040139,0.34071984,1.00000000,-0.47172319,-0.07824749
1623,-0.00165324,0.39561658,1.00000000,-0.36817669,0.11013306
1624,-0.00043267,0.08123010,1.00000000,-0.96117405,0.12652805
1625,-0.00490458,-0.02494336,-1.00000000,-0.83915679,-0.16020702
1626,0.00166424,0.03812950,-1.00000000,-0.95812513,-0.29405939
1627,-0.00201445,-0.19295702,-1.00000000,-0.52224856,-0.36113336
1628,-0.00436887,0.14648797,1.00000000,-0.83808434,-0.43653059
1629,-0.00509679,-0.04360928,-1.00000000,-0.80394903,-0.56602582
1630,-0.00895406,-0.16527413,-1.00000000,-0.57446417,-0.67845630
1631,0.00063834,-0.20288952,-1.00000000,-0.50351383,-0.70693958
1632,-0.00651974,-0.40221481,-1.00000000,-0.12754546,-0.83202509
1633,0.00143278,0.09347433,1.00000000,-0.93807893,-0.67094727
1634,0.00481539,-0.27642085,-1.00000000,-0.36481867,-0.39574397
1635,-0.00210525,0.13452703,1.00000000,-0.86064511,-0.20559261
1636,0.00259799,0.30932417,1.00000000,-0.53094186,-0.15118445
1637,-0.00263524,-0.04830142,-1.00000000,-0.79509869,-0.04333450
1638,-0.00717544,0.19473986,1.00000000,-0.74707137,-0.28233447
1639,-0.00110971,-0.07568844,-1.00000000,-0.74344115,-0.44683988
1640,-0.00576858,-0.31030433,-1.00000000,-0.30090747,-0.54854917
1641,0.00076524,0.00314352,-1.00000000,-0.89213439,-0.59943393
1642,-0.00213939,-0.23760472,-1.00000000,-0.43803385,-0.58566717
1643,-0.00181876,0.10003216,1.00000000,-0.92570951,-0.43694348
1644,0.00186167,-0.05006549,-1.00000000,-0.79177130,-0.35444564
1645,0.00072376,-0.03349693,-1.00000000,-0.82302300,-0.17419121
1646,-0.00160380,0.15669011,1.00000000,-0.81884101,-0.23996584
1647,-0.00106276,0.09788830,1.00000000,-0.92975328,-0.21007415
1648,-0.00198230,-0.02238885,-1.00000000,-0.84397511,-0.21461453
1649,0.00136543,0.00556951,-1.00000000,-0.89671031,-0.22839216
1650,0.00040348,-0.04194757,-1.00000000,-0.80708335,-0.23728431
1651,-0.00159238,0.13104692,1.00000000,-0.86720931,-0.23696720
1652,-0.00000974,0.08133806,1.00000000,-0.96097042,-0.20773100
1653,-0.00293514,-0.02179865,-1.00000000,-0.84508835,-0.23418592
1654,-0.00051741,0.05998450,-1.00000000,-0.99934814,-0.28646134
1655,0.00356907,-0.09118598,-1.00000000,-0.71420962,-0.19857130
1656,0.00336815,0.03375089,-1.00000000,-0.94986617,-0.06084618
1657,0.00004223,0.24492070,1.00000000,-0.65242001,-0.05940312
1658,0.00031733,0.23453801,1.00000000,-0.67200391,0.03089894
1659,-0.00562522,0.06267035,1.00000000,-0.99618155,-0.11091527
1660,-0.00053684,0.07688597,1.00000000,-0.96936797,-0.22491247
1661,0.00265526,-0.23019647,-1.00000000,-0.45200732,-0.24470525
1662,-0.00258144,0.03274692,-1.00000000,-0.94797248,-0.31754924
1663,-0.00085257,0.19769929,1.00000000,-0.74148928,-0.35003049
1664,-0.00061703,-0.07290828,-1.00000000,-0.74868510,-0.21098218
1665,0.00134411,0.01643124,-1.00000000,-0.91719776,-0.15875921
1666,-0.00139712,0.02860294,-1.00000000,-0.94015608,-0.27127017
1667,0.00018151,0.12994533,1.00000000,-0.86928715,-0.19455937
1668,-0.00376191,-0.01170829,-1.00000000,-0.86412083,-0.27533469
1669,0.00008325,0.06986734,1.00000000,-0.98260655,-0.25589212
1670,-0.00397696,-0.13390934,-1.00000000,-0.63362459,-0.40362729
1671,0.00226441,0.06478981,1.00000000,-0.99218381,-0.30196802
1672,-0.00123523,-0.14502222,-1.00000000,-0.61266343,-0.34130248
1673,-0.00098430,0.17750191,1.00000000,-0.77958569,-0.26418458
1674,0.00551699,-0.00334273,-1.00000000,-0.87989999,-0.11332121
1675,0.00125348,0.00962399,-1.00000000,-0.90435788,0.03189755
1676,0.00264011,0.34557963,1.00000000,-0.46255663,0.04232854
1677,0.00271463,0.12526175,1.00000000,-0.87812133,0.15199316
1678,-0.00001090,0.19691627,1.00000000,-0.74296621,0.17901874
1679,-0.00303287,0.20076718,1.00000000,-0.73570260,-0.05836098
1680,0.00365397,0.05992451,-1.00000000,-0.99923499,0.00828682
1681,-0.00400712,-0.09623609,-1.00000000,-0.70468406,-0.17626793
1682,-0.00109380,0.24930793,1.00000000,-0.64414479,-0.28200582
1683,0.00110098,-0.14658061,-1.00000000,-0.60972398,-0.25113536
1684,-0.00430303,0.00396579,-1.00000000,-0.89368536,-0.28640040
1685,0.00085686,0.11738121,1.00000000,-0.89298565,-0.36406002
1686,0.00191718,-0.16187207,-1.00000000,-0.58088115,-0.19957677
1687,-0.00256419,0.10476634,1.00000000,-0.91677988,-0.24040105
1688,0.00080659,0.15955881,1.00000000,-0.81343005,-0.24857457
1689,-0.00120390,-0.07201715,-1.00000000,-0.75036595,-0.16252983
1690,-0.00236422,0.10216849,1.00000000,-0.92167996,-0.25196040
1691,0.00031942,-0.00172393,-1.00000000,-0.88295339,-0.29632094
1692,-0.00008087,-0.06168356,-1.00000000,-0.76985722,-0.22737360
1693,-0.00015968,0.07699411,1.00000000,-0.96916400,-0.25420119
1694,-0.00256981,0.05630897,-1.00000000,-0.99241533,-0.29212436
1695,0.00284647,0.05223646,-1.00000000,-0.98473375,-0.14745374
1696,0.00020677,-0.07230728,-1.00000000,-0.74981871,-0.15058130
1697,0.00418998,0.20758019,1.00000000,-0.72285187,-0.03200467
1698,0.00036959,0.07117305,1.00000000,-0.98014371,-0.01730999
1699,-0.00012517,0.27700607,1.00000000,-0.59190043,0.05056330
1700,-0.00157521,0.07958649,1.00000000,-0.96427424,-0.07220106
1701,-0.00163732,0.05401981,-1.00000000,-0.98809750,-0.12340071
1702,0.00158413,-0.02091122,-1.00000000,-0.84676223,-0.19574980
1703,-0.00242777,-0.02412072,-1.00000000,-0.84070844,-0.27341601
1704,-0.00269057,0.14234854,1.00000000,-0.84589215,-0.34464217
1705,0.00349489,-0.06496735,-1.00000000,-0.76366333,-0.20387516
1706,-0.00010946,-0.07854771,-1.00000000,-0.73804798,-0.16145535
1707,-0.00238112,0.24108707,1.00000000,-0.65965103,-0.27154738
1708,-0.00096958,0.05483184,-1.00000000,-0.98962917,-0.23106192
1709,-0.00010176,-0.06255687,-1.00000000,-0.76820998,-0.15918572
1710,0.00360642,0.01038496,-1.00000000,-0.90579323,-0.15608921
1711,0.00057364,0.05522967,-1.00000000,-0.99037955,-0.13712370
1712,0.00082065,0.24685036,1.00000000,-0.64878027,-0.04822932
1713,-0.00117116,0.09013081,1.00000000,-0.94438550,-0.05382612
1714,0.00011630,0.10289508,1.00000000,-0.92030947,-0.04777207
1715,0.00018304,-0.00003192,-1.00000000,-0.88614486,-0.14281933
1716,0.00132933,0.06649759,1.00000000,-0.98896258,-0.12183804
1717,0.00017753,0.06994656,1.00000000,-0.98245712,-0.13969372
1718,0.00295039,0.12918158,1.00000000,-0.87072773,-0.02526215
1719,-0.00087855,0.06966173,1.00000000,-0.98299437,-0.05288315
1720,0.00229765,0.21295033,1.00000000,-0.71272269,0.00582741
1721,0.00022604,0.01508886,-1.00000000,-0.91466575,-0.02480457
1722,0.00211865,0.17921980,1.00000000,-0.77634539,0.02908919
1723,-0.00260980,0.07216874,1.00000000,-0.97826563,-0.12528492
1724,0.00061240,0.16996985,1.00000000,-0.79379269,-0.08389000
1725,0.00184768,-0.07437375,-1.00000000,-0.74592094,-0.09638312
1726,-0.00406566,0.09213387,1.00000000,-0.94060731,-0.21553881
1727,-0.00168323,0.15596736,1.00000000,-0.82020426,-0.32109498
1728,0.00068155,-0.14960613,-1.00000000,-0.60401724,-0.22971354
1729,0.00166815,-0.02649333,-1.00000000,-0.83623321,-0.20040138
1730,0.00103532,0.09570716,1.00000000,-0.93386736,-0.22295591
1731,-0.00037618,0.14669023,1.00000000,-0.83770283,-0.12052031
1732,-0.00024438,0.11398845,1.00000000,-0.89938509,-0.08057184
1733,-0.00086745,0.04104899,-1.00000000,-0.96363188,-0.12357840
1734,-0.00050907,0.04785953,-1.00000000,-0.97647795,-0.18402716
1735,-0.00005282,0.01566251,-1.00000000,-0.91574779,-0.21423836
1736,-0.00347585,0.03418183,-1.00000000,-0.95067902,-0.30029822
1737,0.00229662,0.05775878,-1.00000000,-0.99514997,-0.22974931
1738,-0.00005970,-0.11912730,-1.00000000,-0.66150656,-0.20732297
1739,0.00450105,0.17916652,1.00000000,-0.77644588,-0.06822130
1740,0.00297608,0.05740287,-1.00000000,-0.99447865,0.01587341
1741,-0.00169540,0.29308054,1.00000000,-0.56158068,0.06530605
1742,0.00268510,0.21427748,1.00000000,-0.71021941,0.07609175
1743,-0.00011620,-0.02712231,-1.00000000,-0.83504683,0.07452307
1744,0.00167748,0.19924107,1.00000000,-0.73858117,-0.00387079
1745,0.00074991,0.05448321,-1.00000000,-0.98897158,-0.06567851
1746,0.00044157,0.14717236,1.00000000,-0.83679342,-0.00634720
1747,-0.00167102,0.09923976,1.00000000,-0.92720414,-0.12729133
1748,0.00190789,0.08330627,1.00000000,-0.95725798,-0.07109400
1749,0.00344453,-0.02586249,-1.00000000,-0.83742312,-0.02203352
1750,-0.00067633,0.15907878,1.00000000,-0.81433549,-0.06163190
1751,0.00798566,0.23848468,1.00000000,-0.66455967,0.14782356
1752,0.00024781,0.02553850,-1.00000000,-0.93437592,0.20109846
1753,0.00076255,0.47314881,1.00000000,-0.22193500,0.16929907
1754,-0.00376059,0.07329379,1.00000000,-0.97614356,-0.03074493
1755,-0.00345302,0.09989313,1.00000000,-0.92597175,-0.10783733
1756,-0.00181537,-0.13384108,-1.00000000,-0.63375336,-0.37995477
1757,-0.00006370,-0.11794736,-1.00000000,-0.66373216,-0.38860373
1758,0.00197048,-0.03332144,-1.00000000,-0.82335399,-0.35506677
1759,0.00098898,0.05719618,-1.00000000,-0.99408879,-0.22319902
1760,0.00407048,0.16231278,1.00000000,-0.80823550,-0.01431539
1761,-0.00083423,0.11159373,1.00000000,-0.90390201,0.01292513
1762,-0.00357500,0.27083089,1.00000000,-0.60354809,-0.08456320
1763,-0.00268828,0.01737913,-1.00000000,-0.91898567,-0.21390963
1764,0.00202759,-0.12425097,-1.00000000,-0.65184225,-0.18507332
1765,0.00203737,-0.07842931,-1.00000000,-0.73827131,-0.24152094
1766,0.00373030,0.16526443,1.00000000,-0.80266807,-0.11479049
1767,0.00049169,0.16576948,1.00000000,-0.80171545,-0.00188204
1768,0.00002102,0.25325230,1.00000000,-0.63670490,0.07333945
1769,0.00011488,0.08589642,1.00000000,-0.95237242,0.02023460
1770,0.00056262,0.06157438,1.00000000,-0.99824877,-0.02071063
1771,-0.00459482,0.06642467,1.00000000,-0.98910014,-0.25185076
1772,0.00145116,0.08956142,1.00000000,-0.94545948,-0.22521188
1773,0.00176313,-0.17695017,-1.00000000,-0.55244076,-0.17684371
1774,0.00056934,0.13547721,1.00000000,-0.85885289,-0.16422608
1775,-0.00116336,0.15159816,1.00000000,-0.82844547,-0.21214634
1776,0.00353625,0.08990885,1.00000000,-0.94480415,0.01360612
1777,-0.00111551,0.00037131,-1.00000000,-0.88690543,-0.05765556
1778,0.00011840,0.24322467,1.00000000,-0.65561908,-0.10332013
1779,-0.00067681,0.00284359,-1.00000000,-0.89156867,-0.13791858
1780,-0.00383141,0.06660637,1.00000000,-0.98875741,-0.21199477
1781,-0.00056783,0.02551355,-1.00000000,-0.93432887,-0.32594125
1782,-0.00338357,-0.13750073,-1.00000000,-0.62685049,-0.38891192
1783,-0.00021181,0.03114528,-1.00000000,-0.94495145,-0.39807995
1784,-0.00335778,-0.11435865,-1.00000000,-0.67050120,-0.47251470
1785,0.00510593,0.04954266,-1.00000000,-0.97965269,-0.22437703
1786,0.00045518,-0.11302584,-1.00000000,-0.67301516,-0.19597400
1787,0.00202456,0.32433790,1.00000000,-0.50262288,-0.04582185
1788,0.00203290,0.08400953,1.00000000,-0.95593147,0.01650067
1789,0.00001332,0.16510744,1.00000000,-0.80296419,0.11009643
1790,0.00053672,0.16553853,1.00000000,-0.80215106,-0.01676372
1791,0.00409420,0.06117640,1.00000000,-0.99899944,0.08427080
1792,0.00114932,0.08822334,1.00000000,-0.94798337,0.05997053
1793,-0.00390714,0.27205694,1.00000000,-0.60123550,-0.10494983
1794,-0.00112129,0.11987930,1.00000000,-0.88827374,-0.13645146
1795,-0.00346383,-0.14141444,-1.00000000,-0.61946844,-0.24752357
1796,0.00001870,0.00254498,-1.00000000,-0.89100542,-0.36067652
1797,-0.00193661,-0.11850623,-1.00000000,-0.66267801,-0.44635477
1798,0.00092512,0.06145450,1.00000000,-0.99847490,-0.31219086
1799,-0.00259709,-0.03958672,-1.00000000,-0.81153641,-0.35316507
1800,-0.00557145,0.10829402,1.00000000,-0.91012595,-0.41168151
1801,-0.00154486,-0.07371702,-1.00000000,-0.74715966,-0.45509266
1802,-0.00003585,-0.22741815,-1.00000000,-0.45724780,-0.40231956
1803,-0.00057689,-0.01934318,-1.00000000,-0.84971986,-0.44402187
1804,-0.00404511,0.05863559,-1.00000000,-0.99680383,-0.48422505
1805,-0.00154237,0.03067687,-1.00000000,-0.94406794,-0.37236079
1806,-0.00114580,-0.14854395,-1.00000000,-0.60602072,-0.36128123
1807,0.00083572,-0.01921422,-1.00000000,-0.84996312,-0.33708281
1808,-0.00280287,0.00127831,-1.00000000,-0.88861622,-0.39888515
1809,0.00421801,0.10367416,1.00000000,-0.91883995,-0.16946644
1810,-0.00429778,-0.08435084,-1.00000000,-0.72710209,-0.24596808
1811,-0.00018576,0.27845457,1.00000000,-0.58916825,-0.21931333
1812,0.00110869,-0.16160054,-1.00000000,-0.58139332,-0.21173457
1813,0.00097986,0.05088864,-1.00000000,-0.98219148,-0.10671036
1814,0.00159490,0.11777989,1.00000000,-0.89223365,-0.17953889
1815,0.00159802,0.11112225,1.00000000,-0.90479132,-0.01584702
1816,-0.00225129,0.14290471,1.00000000,-0.84484310,-0.07319459
1817,0.00266850,0.14306593,1.00000000,-0.84453900,-0.02988777
1818,-0.00117393,-0.05584776,-1.00000000,-0.78086474,-0.08968580
1819,0.00015455,0.19838339,1.00000000,-0.74019893,-0.12967599
1820,-0.00039345,-0.00017499,-1.00000000,-0.88587500,-0.18496758
1821,-0.00283847,0.06847419,1.00000000,-0.98523432,-0.20127026
1822,-0.00187210,0.04015616,-1.00000000,-0.96194783,-0.32733635
1823,-0.00009791,-0.08619064,-1.00000000,-0.72363185,-0.29746162
1824,-0.00126406,-0.03625325,-1.00000000,-0.81782401,-0.33684808
1825,-0.00009760,0.05542843,-1.00000000,-0.99075446,-0.32863389
1826,-0.00059456,-0.00483266,-1.00000000,-0.87708968,-0.26633360
1827,0.00032969,0.05544457,-1.00000000,-0.99078490,-0.20520279
1828,0.00028120,0.02976387,-1.00000000,-0.94234583,-0.19467718
1829,0.00105876,0.07752459,1.00000000,-0.96816341,-0.13018606
1830,0.00030403,0.07501892,1.00000000,-0.97288962,-0.11903505
1831,0.00246603,0.11519946,1.00000000,-0.89710088,-0.03406023
1832,0.00065712,0.07619905,1.00000000,-0.97066366,-0.02496937
1833,-0.00418345,0.18792064,1.00000000,-0.75993382,-0.14892675
1834,-0.00111956,0.09444467,1.00000000,-0.93624866,-0.20940602
1835,0.00055062,-0.15569296,-1.00000000,-0.59253622,-0.20255990
1836,0.00175245,0.00263428,-1.00000000,-0.89117387,-0.22237178
1837,-0.00068956,0.08894117,1.00000000,-0.94662939,-0.25976123
1838,0.00476417,0.15104638,1.00000000,-0.82948623,-0.01133777
1839,0.00056253,0.02485471,-1.00000000,-0.93308615,0.03536428
1840,-0.00208761,0.30667759,1.00000000,-0.53593386,-0.03788396
1841,-0.00172927,0.08955705,1.00000000,-0.94546772,-0.13455111
1842,-0.00313899,-0.04738988,-1.00000000,-0.79681805,-0.20255737
1843,-0.00127305,-0.02887239,-1.00000000,-0.83174581,-0.37017574
1844,0.00419070,-0.10171985,-1.00000000,-0.69434057,-0.26944269
1845,0.00274029,-0.00529696,-1.00000000,-0.87621391,-0.13539983
1846,0.00176332,0.27704336,1.00000000,-0.59183009,-0.03843099
1847,0.00225913,0.20209327,1.00000000,-0.73320132,0.11144337
1848,-0.00097354,0.15160788,1.00000000,-0.82842712,0.11975905
1849,-0.00043594,0.17722920,1.00000000,-0.78010006,-0.00869588
1850,-0.00164725,0.01018035,-1.00000000,-0.90540730,-0.13051245
1851,-0.00245696,0.03796056,-1.00000000,-0.95780648,-0.24768512
1852,0.00264413,-0.02463408,-1.00000000,-0.83974015,-0.23699587
1853,-0.00031001,-0.06647616,-1.00000000,-0.76081741,-0.21857374
1854,0.00236861,0.19712424,1.00000000,-0.74257394,-0.14070771
1855,0.00018601,0.04446797,-1.00000000,-0.97008079,-0.08980880
1856,0.00046466,0.18288631,1.00000000,-0.76942960,-0.00869235
1857,0.00099375,0.07009996,1.00000000,-0.98216779,-0.05451403
1858,-0.00142181,0.08449936,1.00000000,-0.95500757,-0.08538202
1859,0.00145683,0.11184004,1.00000000,-0.90343742,-0.11069677
1860,0.00122320,-0.01298413,-1.00000000,-0.86171434,-0.08190006
1861,-0.00049992,0.13577002,1.00000000,-0.85830058,-0.10868077
1862,-0.00288838,0.12369694,1.00000000,-0.88107289,-0.21646482
1863,0.00445606,0.03465459,-1.00000000,-0.95157074,-0.05327080
1864,0.00175614,-0.08876973,-1.00000000,-0.71876717,-0.04496079
1865,-0.00077786,0.29075574,1.00000000,-0.56596573,-0.10051839
1866,-0.00280352,0.15123678,1.00000000,-0.82912710,-0.16447586
1867,-0.00063968,0.02029205,-1.00000000,-0.92448003,-0.10204239
1868,-0.00179634,-0.08438428,-1.00000000,-0.72703902,-0.27563507
1869,0.00071317,0.02743265,-1.00000000,-0.93794867,-0.30459224
1870,-0.00076201,-0.03233830,-1.00000000,-0.82520840,-0.30415228
1871,-0.00153682,0.09734114,1.00000000,-0.93078534,-0.26898358
1872,-0.00430923,0.02111090,-1.00000000,-0.92602457,-0.37086568
1873,0.00023983,-0.01892761,-1.00000000,-0.85050372,-0.31433299
1874,0.00021417,-0.16219230,-1.00000000,-0.58027714,-0.32818739
1875,-0.00017042,0.07288143,1.00000000,-0.97692136,-0.31176239
1876,-0.00054682,0.07155506,1.00000000,-0.97942317,-0.28427587
1877,0.00105683,0.05168143,-1.00000000,-0.98368685,-0.13529179
1878,0.00026940,0.03223084,-1.00000000,-0.94699905,-0.13447095
1879,-0.00148985,0.11509975,1.00000000,-0.89728895,-0.18178147
1880,-0.00209272,0.07440919,1.00000000,-0.97403968,-0.23515247
1881,0.00059267,-0.01650020,-1.00000000,-0.85508232,-0.20351528
1882,0.00421502,-0.04765371,-1.00000000,-0.79632041,-0.11583054
1883,0.00007829,0.09111459,1.00000000,-0.94252989,-0.12113647
1884,0.00013406,0.27830030,1.00000000,-0.58945924,-0.07604991
1885,0.00170504,0.06453368,1.00000000,-0.99266692,0.02939184
1886,-0.00182300,0.06741578,1.00000000,-0.98723070,-0.03767744
1887,-0.00004460,0.14859653,1.00000000,-0.83410715,-0.15594226
1888,0.00343209,-0.03371606,-1.00000000,-0.82260967,-0.06282680
1889,0.00124424,0.05818352,-1.00000000,-0.99595113,-0.03200372
1890,-0.00911209,0.23784199,1.00000000,-0.66577191,-0.33233250
1891,0.00278711,0.12478428,1.00000000,-0.87902194,-0.20433647
1892,0.00294787,-0.41038121,-1.00000000,-0.11214196,-0.12125317
1893,0.00451792,0.20451264,1.00000000,-0.72863790,-0.09110609
1894,-0.00072608,0.21281976,1.00000000,-0.71296897,-0.14581026
1895,0.00266464,0.29395231,1.00000000,-0.55993635,0.18116088
1896,0.00129611,0.02296783,-1.00000000,-0.92952711,0.13976450
1897,0.00334077,0.19818379,1.00000000,-0.74057541,0.15067319
1898,-0.00799368,0.12746490,1.00000000,-0.87396574,-0.19670110
1899,0.00139628,0.23312324,1.00000000,-0.67467244,-0.13777564
1900,-0.00025828,-0.35258745,-1.00000000,-0.22115283,-0.21892803
1901,-0.00659339,0.13264104,1.00000000,-0.86420247,-0.43797367
1902,0.00050932,0.04714139,-1.00000000,-0.97512339,-0.51658666
1903,0.00622896,-0.28022707,-1.00000000,-0.35763936,-0.12170662
1904,0.00369795,0.08680723,1.00000000,-0.95065445,-0.05780258
1905,-0.00393633,0.38237090,1.00000000,-0.39316076,-0.15992075
1906,0.00373205,0.25158049,1.00000000,-0.63985829,0.12675679
1907,-0.00003761,-0.14292292,-1.00000000,-0.61662314,0.11157175
1908,0.00486618,0.25334271,1.00000000,-0.63653438,0.07373522
1909,-0.00011481,0.05854453,-1.00000000,-0.99663206,-0.03212292
1910,0.00263029,0.31194883,1.00000000,-0.52599122,0.15019387
1911,0.00151540,0.05455527,-1.00000000,-0.98910750,0.08865022
1912,0.00102492,0.19640861,1.00000000,-0.74392377,0.11815053
1913,-0.00332711,0.13879648,1.00000000,-0.85259205,-0.10932948
1914,0.00074198,0.11345107,1.00000000,-0.90039869,-0.08554133
1915,0.00209815,-0.11144136,-1.00000000,-0.67600381,-0.10031571
1916,-0.00075617,0.09883024,1.00000000,-0.92797658,-0.16338380
1917,-0.00106895,0.16891024,1.00000000,-0.79579132,-0.22151833
1918,0.00308991,0.02141292,-1.00000000,-0.92659424,-0.04335496
1919,0.00044621,0.00524996,-1.00000000,-0.89610758,-0.05156678
1920,0.00009923,0.22015974,1.00000000,-0.69912426,-0.10706499
1921,0.00205373,0.08354625,1.00000000,-0.95680532,-0.02905045
1922,0.00002455,0.06561590,1.00000000,-0.99062564,0.00130946
1923,0.00107270,0.16661509,1.00000000,-0.80012045,-0.05469660
1924,-0.00062093,0.06175641,1.00000000,-0.99790542,-0.08432512
1925,0.00049017,0.11592018,1.00000000,-0.89574145,-0.07347115
1926,0.00154588,0.02840109,-1.00000000,-0.93977535,-0.08757131
1927,0.00170347,0.08581751,1.00000000,-0.95252126,-0.04095736
1928,-0.00146045,0.14037160,1.00000000,-0.84962107,-0.11128823
1929,0.00143884,0.14851520,1.00000000,-0.83426056,-0.05410015
1930,-0.00102942,-0.01498099,-1.00000000,-0.85794786,-0.09629027
1931,0.00050245,0.13484065,1.00000000,-0.86005356,-0.12526028
1932,0.00242615,0.00729243,-1.00000000,-0.89996009,-0.10519578
1933,0.00013250,0.08645206,1.00000000,-0.95132436,-0.06096876
1934,-0.00117413,0.18585963,1.00000000,-0.76382131,-0.13351591
1935,0.00379288,0.06733521,1.00000000,-0.98738268,0.00037126
1936,-0.00119022,-0.00018551,-1.00000000,-0.88585516,-0.04662414
1937,-0.00099367,0.25648582,1.00000000,-0.63060582,-0.14157244
1938,0.00265145,-0.00101668,-1.00000000,-0.88428740,-0.07163603
1939,0.00041216,0.00914001,-1.00000000,-0.90344501,-0.02759400
1940,-0.00100869,0.19750220,1.00000000,-0.74186104,-0.16090553
1941,-0.00238581,0.08178637,1.00000000,-0.96012482,-0.19410011
1942,0.00195105,0.00836384,-1.00000000,-0.90198099,-0.11234252
1943,0.00040565,-0.06279907,-1.00000000,-0.76775314,-0.17469518
1944,0.00104805,0.16130881,1.00000000,-0.81012918,-0.15704018
1945,-0.00126238,0.08145021,1.00000000,-0.96075887,-0.16408380
1946,-0.00148705,0.11464620,1.00000000,-0.89814445,-0.13913044
1947,0.00003011,-0.00474589,-1.00000000,-0.87725336,-0.19246375
1948,-0.00151306,-0.01635539,-1.00000000,-0.85535545,-0.24573531
1949,-0.00258157,0.06204382,1.00000000,-0.99736330,-0.34650873
1950,0.00196247,-0.01769984,-1.00000000,-0.85281954,-0.25697336
1951,0.00059837,-0.07291524,-1.00000000,-0.74867198,-0.19907357
1952,-0.00030226,0.16189907,1.00000000,-0.80901584,-0.20830143
1953,0.00500128,0.09140882,1.00000000,-0.94197490,-0.02743617
1954,0.00089913,0.04486875,-1.00000000,-0.97083673,0.06920268
1955,0.00264880,0.31893008,1.00000000,-0.51282315,0.08825796
1956,0.00026830,0.10695086,1.00000000,-0.91265943,0.07909394
1957,0.00084232,0.19736512,1.00000000,-0.74211959,0.11087231
1958,-0.00053260,0.07435257,1.00000000,-0.97414648,-0.04277108
1959,-0.00280405,0.10401526,1.00000000,-0.91819657,-0.14558674
1960,-0.00097113,0.03296603,-1.00000000,-0.94838577,-0.24609097
1961,-0.00233763,-0.08441164,-1.00000000,-0.72698740,-0.31844243
1962,-0.00098875,0.01030471,-1.00000000,-0.90564186,-0.36928074
1963,-0.00110745,-0.06030935,-1.00000000,-0.77244927,-0.38524100
1964,-0.00080215,0.00939401,-1.00000000,-0.90392409,-0.32965995
1965,-0.00082176,0.00326049,-1.00000000,-0.89235503,-0.32551293
1966,-0.00081387,0.01903688,-1.00000000,-0.92211253,-0.28320711
1967,-0.00196587,0.01802322,-1.00000000,-0.92020055,-0.31033598
1968,0.00118958,0.01843106,-1.00000000,-0.92096983,-0.24656084
1969,0.00258383,-0.04109877,-1.00000000,-0.80868437,-0.15255210
1970,-0.00214757,0.12196001,1.00000000,-0.88434910,-0.18936194
1971,-0.00516511,0.19400777,1.00000000,-0.74845223,-0.31017062
1972,-0.00153619,-0.05048796,-1.00000000,-0.79097442,-0.29824081
1973,-0.00121700,-0.20642040,-1.00000000,-0.49685387,-0.36505771
1974,0.00643934,-0.01889477,-1.00000000,-0.85056565,-0.25801247
1975,0.00034919,-0.00240090,-1.00000000,-0.88167649,-0.18869195
1976,0.00387000,0.39324244,1.00000000,-0.37265480,0.06216066
1977,-0.00225116,0.07853274,1.00000000,-0.96626183,0.04231002
1978,-0.00071655,0.26047132,1.00000000,-0.62308836,0.05620467
1979,-0.00165555,-0.05584116,-1.00000000,-0.78087719,-0.16854334
1980,0.00049474,0.02346010,-1.00000000,-0.93045564,-0.16450228
1981,0.00272089,-0.02506291,-1.00000000,-0.83893129,-0.19640640
1982,0.00317144,0.08605403,1.00000000,-0.95207513,-0.04585227
1983,-0.00381008,0.20109074,1.00000000,-0.73509230,-0.13174170
1984,0.00243766,0.22437311,1.00000000,-0.69117697,-0.01809714
1985,0.00072423,-0.13639897,-1.00000000,-0.62892863,-0.01172553
1986,-0.00059870,0.18645454,1.00000000,-0.76269918,-0.10389118
1987,0.00083355,0.09791301,1.00000000,-0.92970667,-0.16880095
1988,0.00226391,0.02955026,-1.00000000,-0.94194291,-0.00016160
1989,0.00321525,0.10356179,1.00000000,-0.91905190,0.02142768
1990,-0.00612580,0.17747583,1.00000000,-0.77963487,-0.16875787
1991,0.00559457,0.22663693,1.00000000,-0.68690696,0.00319309
1992,0.00302361,-0.25606400,-1.00000000,-0.40321586,0.06399846
1993,-0.00108506,0.34958869,1.00000000,-0.45499471,-0.02898293
1994,-0.00201786,0.21673393,1.00000000,-0.70558605,-0.17427612
1995,-0.00063173,0.00441707,-1.00000000,-0.89453657,-0.02173786
1996,0.00395700,-0.04378557,-1.00000000,-0.80361652,-0.06720372
1997,-0.00049528,0.02784316,-1.00000000,-0.93872298,-0.16490297
1998,0.00210663,0.26496676,1.00000000,-0.61460904,-0.07628824
1999,0.00255288,0.03489420,-1.00000000,-0.95202269,0.05061467
2000,0.00208245,0.16934852,1.00000000,-0.79496465,0.12597176
2001,-0.00182172,0.19240857,1.00000000,-0.75146865,-0.03446947
2002,0.00211635,0.16809923,1.00000000,-0.79732107,0.03804032
2003,-0.00100045,-0.03364956,-1.00000000,-0.82273510,-0.04822520
2004,-0.00152935,0.16985083,1.00000000,-0.79401719,-0.16156499
2005,-0.00105179,0.00878946,-1.00000000,-0.90278380,-0.24858476
2006,0.00125534,-0.01854164,-1.00000000,-0.85123175,-0.16315293
2007,-0.00156278,0.00613635,-1.00000000,-0.89777949,-0.26530081
2008,-0.00065919,0.12535782,1.00000000,-0.87794013,-0.25582602
2009,-0.00049267,-0.02026878,-1.00000000,-0.84797400,-0.22704328
2010,-0.00449926,0.02642412,-1.00000000,-0.93604637,-0.32275932
2011,0.00193170,0.03502936,-1.00000000,-0.95227763,-0.30398077
2012,0.00033401,-0.17201219,-1.00000000,-0.56175481,-0.25131819
2013,-0.00128308,0.16030882,1.00000000,-0.81201537,-0.26863995
2014,0.00341871,0.07774784,1.00000000,-0.96774231,-0.16004383
2015,0.00522655,-0.00581548,-1.00000000,-0.87523589,0.10998529
2016,0.00011780,0.23715055,1.00000000,-0.66707611,0.05962387
2017,-0.00264392,0.33057122,1.00000000,-0.49086556,-0.02305570
2018,0.00095137,0.06657517,1.00000000,-0.98881625,0.03898203
2019,0.00163588,-0.07613698,-1.00000000,-0.74259512,-0.01051679
2020,-0.00323636,0.10965035,1.00000000,-0.90756764,-0.24548251
2021,0.00081701,0.14502240,1.00000000,-0.84084870,-0.22606938
2022,0.00059282,-0.10675151,-1.00000000,-0.68484982,-0.13620395
2023,-0.00193266,0.10270727,1.00000000,-0.92066371,-0.21627678
2024,0.00269958,0.09112229,1.00000000,-0.94251535,-0.18674386
2025,0.00048074,-0.03938276,-1.00000000,-0.81192112,-0.08354168
2026,-0.00168014,0.19998964,1.00000000,-0.73716922,-0.15287313
2027,-0.00065673,0.08533038,1.00000000,-0.95344008,-0.18756605
2028,0.00256275,-0.02633376,-1.00000000,-0.83653420,-0.06275465
2029,-0.00343605,0.02655115,-1.00000000,-0.93628599,-0.23310550
2030,-0.00118277,0.19291864,1.00000000,-0.75050657,-0.27929151
2031,-0.00001649,-0.11707067,-1.00000000,-0.66538578,-0.23310166
2032,-0.00002433,-0.00063190,-1.00000000,-0.88501318,-0.21554351
2033,0.00019200,0.05963567,-1.00000000,-0.99869017,-0.28136552
2034,-0.00311969,0.05923073,-1.00000000,-0.99792637,-0.27258203
2035,-0.00319326,0.07040944,1.00000000,-0.98158404,-0.32840157
2036,-0.00189062,-0.10072267,-1.00000000,-0.69622146,-0.38043504
2037,-0.00082809,-0.10452431,-1.00000000,-0.68905079,-0.40275089
2038,0.00154075,-0.03721003,-1.00000000,-0.81601933,-0.36530372
2039,0.00158909,0.01769604,-1.00000000,-0.91958343,-0.23456821
2040,0.00067577,0.14010683,1.00000000,-0.85012047,-0.12714772
2041,0.00039471,0.14260478,1.00000000,-0.84540882,-0.06369739
2042,-0.00123342,0.09540880,1.00000000,-0.93443012,-0.07495089
2043,-0.00096281,0.08088495,1.00000000,-0.96182508,-0.14446016
2044,0.00031161,-0.00324919,-1.00000000,-0.88007642,-0.17992838
2045,0.00115658,0.01073483,-1.00000000,-0.90645316,-0.16657931
2046,-0.00003901,0.07659066,1.00000000,-0.96992500,-0.17862136
2047,0.00190967,0.12025434,1.00000000,-0.88756633,-0.09135613
2048,0.00016263,0.05847205,-1.00000000,-0.99649535,-0.06010922
2049,-0.00434940,0.15917054,1.00000000,-0.81416240,-0.18951836
2050,-0.00723001,0.06889217,1.00000000,-0.98444592,-0.42236503
2051,-0.00287079,-0.16426814,-1.00000000,-0.57636168,-0.50098692
2052,0.00522073,-0.31312437,-1.00000000,-0.29558830,-0.40905793
2053,0.00081157,-0.08786054,-1.00000000,-0.72048207,-0.39104069
2054,-0.00336891,0.33027056,1.00000000,-0.49143268,-0.36381825
2055,-0.00006313,0.10242621,1.00000000,-0.92119384,-0.16483575
2056,0.00073484,-0.11360122,-1.00000000,-0.67192988,-0.06472856
2057,-0.00012567,0.05722572,-1.00000000,-0.99414451,-0.21316691
2058,0.00066322,0.09846090,1.00000000,-0.92867324,-0.21728593
2059,-0.00166485,0.05399422,-1.00000000,-0.98804924,-0.16997403
2060,0.00031081,0.09475983,1.00000000,-0.93565422,-0.15959184
2061,-0.00407839,-0.02554339,-1.00000000,-0.83802500,-0.29322726
2062,-0.00565174,0.07654923,1.00000000,-0.97000313,-0.44665411
2063,0.00315317,-0.15026392,-1.00000000,-0.60277650,-0.37752259
2064,-0.00084905,-0.23156681,-1.00000000,-0.44942258,-0.35487271
2065,0.00119821,0.22342876,1.00000000,-0.69295822,-0.33023477
2066,-0.00173184,0.01661299,-1.00000000,-0.91754059,-0.26508469
2067,-0.00282278,0.12240585,1.00000000,-0.88350814,-0.18654108
2068,-0.00087993,-0.02900533,-1.00000000,-0.83149506,-0.29851688
2069,0.00319294,-0.08537994,-1.00000000,-0.72516100,-0.18629426
2070,-0.00067814,0.01501725,-1.00000000,-0.91453068,-0.23838961
2071,0.00070757,0.22548390,1.00000000,-0.68908181,-0.17066130
2072,-0.00293034,0.02544499,-1.00000000,-0.93419954,-0.17364751
2073,0.00198059,0.09705190,1.00000000,-0.93133090,-0.09422731
2074,-0.00058890,-0.09093793,-1.00000000,-0.71467749,-0.19922693
2075,-0.00135501,0.16283566,1.00000000,-0.80724923,-0.21801971
2076,0.00212974,0.03005656,-1.00000000,-0.94289792,-0.17853440
2077,0.00531325,-0.00953249,-1.00000000,-0.86822483,0.05034196
2078,-0.00292639,0.17054273,1.00000000,-0.79271212,-0.08589639
2079,0.00056089,0.33505117,1.00000000,-0.48241546,-0.05397340
2080,-0.00060822,-0.09073378,-1.00000000,-0.71506255,-0.03323933
2081,-0.00134166,0.08947225,1.00000000,-0.94562767,-0.12961972
2082,0.00008236,0.02905815,-1.00000000,-0.94101471,-0.27485089
2083,-0.00611519,-0.00884231,-1.00000000,-0.86952667,-0.36338533
2084,0.00064706,0.06474411,1.00000000,-0.99227001,-0.36099307
2085,-0.00140719,-0.25551580,-1.00000000,-0.40424988,-0.38317581
2086,-0.00508430,0.09392477,1.00000000,-0.93722930,-0.48708728
2087,-0.00087256,-0.01222880,-1.00000000,-0.86313904,-0.51359998
2088,-0.00242943,-0.20224434,-1.00000000,-0.50473076,-0.41126788
2089,-0.00015016,0.01539818,-1.00000000,-0.91524920,-0.43340199
2090,0.00186104,-0.06505332,-1.00000000,-0.76350116,-0.34266222
2091,0.00118191,0.05272833,-1.00000000,-0.98566152,-0.16868601
2092,-0.00319555,0.15665781,1.00000000,-0.81890192,-0.23318181
2093,0.00538700,0.12156353,1.00000000,-0.88509693,-0.01616494
2094,0.00033060,-0.10464264,-1.00000000,-0.68882758,-0.00281685
2095,0.00204141,0.33886268,1.00000000,-0.47522617,0.00219084
2096,-0.00178364,0.07757206,1.00000000,-0.96807387,-0.08014526
2097,0.00140065,0.16597821,1.00000000,-0.80132175,0.04746426
2098,0.00116316,-0.03168200,-1.00000000,-0.82644631,-0.06980727
2099,-0.00139882,0.13286666,1.00000000,-0.86377691,-0.11782320
2100,-0.00106186,0.12059464,1.00000000,-0.88692447,-0.20398287
2101,-0.00431967,-0.01179610,-1.00000000,-0.86395520,-0.27439374
2102,0.00202626,0.00561616,-1.00000000,-0.89679831,-0.25702410
2103,-0.00558898,-0.16273209,-1.00000000,-0.57925898,-0.44449176
2104,0.00305879,0.16519538,1.00000000,-0.80279831,-0.32072998
2105,-0.00629107,-0.22832381,-1.00000000,-0.45553954,-0.46591477
2106,0.00099730,0.21855172,1.00000000,-0.70215731,-0.31829338
2107,-0.00327878,-0.26460458,-1.00000000,-0.38710657,-0.46558334
2108,0.00066255,0.11202370,1.00000000,-0.90309100,-0.29201462
2109,-0.00120055,-0.10894353,-1.00000000,-0.68071522,-0.41027161
2110,-0.00064486,0.09472565,1.00000000,-0.93571869,-0.25350910
2111,-0.00556900,-0.00155048,-1.00000000,-0.88328055,-0.43581703
2112,-0.00130024,0.02716484,-1.00000000,-0.93744353,-0.38088462
2113,0.00599303,-0.22729135,-1.00000000,-0.45748698,-0.23288832
2114,-0.00060298,-0.00670227,-1.00000000,-0.87356322,-0.21629749
2115,0.00218333,0.37017922,1.00000000,-0.41615676,-0.13777524
2116,-0.00379290,0.02932870,-1.00000000,-0.94152501,-0.08846315
2117,-0.00697867,0.17331198,1.00000000,-0.78748875,-0.24612012
2118,-0.00337186,-0.13551074,-1.00000000,-0.63060402,-0.50612852
2119,0.00144342,-0.30013646,-1.00000000,-0.32008616,-0.44931188
2120,0.00233518,-0.11375345,-1.00000000,-0.67164273,-0.44509573
2121,-0.00208686,0.13507693,1.00000000,-0.85960789,-0.39772900
2122,-0.00832606,0.18115916,1.00000000,-0.77268736,-0.43513821
2123,-0.00434874,-0.04735088,-1.00000000,-0.79689161,-0.46226053
2124,-0.00619540,-0.36976319,-1.00000000,-0.18875587,-0.67434601
2125,0.00626257,-0.16423405,-1.00000000,-0.57642598,-0.56530544
2126,0.00127351,-0.25966066,-1.00000000,-0.39643183,-0.47200763
2127,-0.00296179,0.38410757,1.00000000,-0.38988503,-0.32307296
2128,-0.00044945,0.12629681,1.00000000,-0.87616899,-0.21481240
2129,-0.01128677,-0.09256311,-1.00000000,-0.71161207,-0.35617013
2130,0.00083179,0.03726259,-1.00000000,-0.95648996,-0.50695111
2131,-0.00203893,-0.52275839,-1.00000000,0.09982446,-0.59891815
2132,0.00371901,0.10347110,1.00000000,-0.91922297,-0.41343121
2133,0.00281584,-0.04487402,-1.00000000,-0.80156347,-0.32277309
2134,-0.00173301,0.25266876,1.00000000,-0.63780558,-0.05752085
2135,0.00059076,0.20599725,1.00000000,-0.72583763,-0.06421299
2136,-0.00218443,-0.02906580,-1.00000000,-0.83138100,-0.06825285
2137,0.00248904,0.09101556,1.00000000,-0.94271667,-0.10240211
2138,0.00301421,-0.05239309,-1.00000000,-0.78738096,-0.09689453
2139,-0.00251341,0.18910951,1.00000000,-0.75769136,-0.11856160
2140,0.00786243,0.21624807,1.00000000,-0.70650248,0.08333030
2141,-0.00036182,-0.06939298,-1.00000000,-0.75531569,0.13393354
2142,-0.00005973,0.46678067,1.00000000,-0.23394662,0.06316907
2143,0.00240266,0.04179064,-1.00000000,-0.96503078,0.04618997
2144,0.00323570,0.05740132,-1.00000000,-0.99447573,0.20580913
2145,0.00000263,0.18464623,1.00000000,-0.76611003,-0.01241179
2146,0.00665821,0.22769329,1.00000000,-0.68491445,0.18249382
2147,0.00533084,0.06062367,1.00000000,-1.00004200,0.33215860
2148,0.00157374,0.40455273,1.00000000,-0.35132127,0.30914409
2149,-0.00261535,0.33596030,1.00000000,-0.48070066,0.14669461
2150,0.00332735,0.14181118,1.00000000,-0.84690572,0.23900296
2151,-0.00291933,-0.07466083,-1.00000000,-0.74537944,-0.02690957
2152,0.00129148,0.23242976,1.00000000,-0.67598049,-0.13905911
2153,-0.00262145,-0.09036882,-1.00000000,-0.71575095,-0.25553511
2154,0.00091458,0.12722541,1.00000000,-0.87441747,-0.15752937
2155,-0.00383095,-0.07497619,-1.00000000,-0.74478459,-0.35627381
2156,-0.00045344,0.10774935,1.00000000,-0.91115330,-0.28781052
2157,0.00320049,-0.13747723,-1.00000000,-0.62689482,-0.23480833
2158,0.00605383,0.03705638,-1.00000000,-0.95610101,0.00605366
2159,-0.00140735,0.22587409,1.00000000,-0.68834582,-0.05841284
2160,-0.00491166,0.37332080,1.00000000,-0.41023110,-0.08841774
2161,0.00196829,-0.01223694,-1.00000000,-0.86312369,-0.02118039
2162,-0.00046279,-0.19332293,-1.00000000,-0.52155837,-0.12288834
2163,0.00122294,0.16219984,1.00000000,-0.80844852,-0.25701390
2164,-0.00120025,0.03657329,-1.00000000,-0.95518980,-0.25126407
2165,-0.00357737,0.12368372,1.00000000,-0.88109783,-0.21421881
2166,-0.00106451,-0.00153525,-1.00000000,-0.88330928,-0.29842204
2167,0.00076718,-0.12437358,-1.00000000,-0.65161100,-0.26427288
2168,0.00527697,0.00547915,-1.00000000,-0.89653987,-0.15171603
2169,-0.00169325,0.10013238,1.00000000,-0.92552048,-0.16540373
2170,0.00194717,0.33317670,1.00000000,-0.48595111,-0.01201919
2171,-0.00215197,-0.02701106,-1.00000000,-0.83525668,-0.04221163
2172,-0.00070422,0.16110868,1.00000000,-0.81050667,-0.08306384
2173,-0.00066766,-0.05071560,-1.00000000,-0.79054506,-0.24811164
2174,0.00145664,0.02409746,-1.00000000,-0.93165782,-0.16065746
2175,0.00034709,0.02598654,-1.00000000,-0.93522102,-0.20508248
2176,0.00518969,0.13576035,1.00000000,-0.85831883,-0.00124727
2177,0.00149868,0.07842398,1.00000000,-0.96646697,0.05991449
2178,0.00010029,0.32866644,1.00000000,-0.49445837,0.08123592
2179,0.00542073,0.13793290,1.00000000,-0.85422095,0.19129551
2180,0.00049775,0.06567040,1.00000000,-0.99052285,0.19547848
2181,-0.00165013,0.34060539,1.00000000,-0.47193907,0.00557655
2182,-0.00880330,0.08620942,1.00000000,-0.95178204,-0.28044960
2183,0.00415838,-0.02478270,-1.00000000,-0.83945982,-0.16778012
2184,-0.00135718,-0.39442450,-1.00000000,-0.14223957,-0.35596320
2185,-0.00149148,0.27537300,1.00000000,-0.59498074,-0.41119247
2186,-0.00350068,-0.00964460,-1.00000000,-0.86801338,-0.46257148
2187,0.00122632,-0.01658437,-1.00000000,-0.85492355,-0.18410739
2188,-0.00156588,-0.12041030,-1.00000000,-0.65908655,-0.34303653
2189,0.00224656,0.12385824,1.00000000,-0.88076863,-0.24298154
2190,-0.00307838,-0.02042898,-1.00000000,-0.84767183,-0.28704066
2191,0.00290093,0.17657968,1.00000000,-0.78132520,-0.10930514
2192,-0.00899916,-0.09858805,-1.00000000,-0.70024780,-0.39320714
2193,-0.00357602,0.21039448,1.00000000,-0.71754355,-0.44901725
2194,-0.00251199,-0.40454566,-1.00000000,-0.12314900,-0.58113449
2195,-0.00031237,-0.12430383,-1.00000000,-0.65174256,-0.50433845
2196,0.00209707,-0.06931949,-1.00000000,-0.75545430,-0.52665700
2197,-0.00144402,0.04434624,-1.00000000,-0.96985117,-0.31689478
2198,-0.00090759,0.16885476,1.00000000,-0.79589598,-0.24280787
2199,0.00479245,-0.01413216,-1.00000000,-0.85954892,-0.04000608
2200,0.00462801,0.01358817,-1.00000000,-0.91183515,0.09715952
2201,0.00198088,0.30813911,1.00000000,-0.53317712,0.09393351
2202,0.00144992,0.29964151,1.00000000,-0.54920534,0.17428136
2203,0.00153598,0.16285044,1.00000000,-0.80722135,0.24212494
2204,0.00367603,0.13541280,1.00000000,-0.85897436,0.21112825
2205,0.00278427,0.13985995,1.00000000,-0.85058614,0.15993817
2206,0.00377872,0.25044747,1.00000000,-0.64199539,0.20985369
2207,0.00377426,0.20436556,1.00000000,-0.72891533,0.27438713
2208,0.00470012,0.25575417,1.00000000,-0.63198587,0.36223690
2209,-0.00093232,0.25552368,1.00000000,-0.63242061,0.23428994
2210,-0.00174666,0.30336764,1.00000000,-0.54217709,0.10849245
2211,0.00179883,0.01231011,-1.00000000,-0.90942447,0.05352259
2212,-0.00272670,-0.02977116,-1.00000000,-0.83005056,-0.12697118
2213,0.00140710,0.15344321,1.00000000,-0.82496533,-0.21839904
2214,-0.00341818,-0.08041480,-1.00000000,-0.73452627,-0.28741699
2215,-0.00190192,0.13320034,1.00000000,-0.86314753,-0.29172770
2216,0.00066929,-0.11614743,-1.00000000,-0.66712720,-0.32308868
2217,-0.00034066,-0.03779433,-1.00000000,-0.81491722,-0.25684223
2218,0.00138697,0.09507353,1.00000000,-0.93506251,-0.25740109
2219,-0.00347769,0.04288438,-1.00000000,-0.96709382,-0.25905328
2220,0.00167580,0.13216016,1.00000000,-0.86510951,-0.15972066
2221,-0.00156177,-0.11922252,-1.00000000,-0.66132696,-0.22166421
2222,0.00016531,0.14708548,1.00000000,-0.83695731,-0.20761628
2223,0.00595052,-0.02021701,-1.00000000,-0.84807164,-0.08091311
2224,-0.00346649,0.06903066,1.00000000,-0.98418470,-0.08060209
2225,0.00363615,0.36798256,1.00000000,-0.42030011,-0.02617461
2226,-0.00010206,-0.11864364,-1.00000000,-0.66241884,0.01435319
2227,-0.00128361,0.24838695,1.00000000,-0.64588196,-0.02587496
2228,0.00034642,0.05521412,-1.00000000,-0.99035022,-0.18146829
2229,0.00147848,-0.00584276,-1.00000000,-0.87518444,-0.04417530
2230,-0.00001185,0.07838924,1.00000000,-0.96653250,-0.14545895
2231,-0.00002142,0.13688874,1.00000000,-0.85619044,-0.14322020
2232,-0.00034137,0.05987585,-1.00000000,-0.99914321,-0.11705980
2233,-0.00393073,0.05938091,-1.00000000,-0.99820965,-0.23581140
2234,-0.00020402,0.04284750,-1.00000000,-0.96702424,-0.28252454
2235,-0.00614302,-0.14263352,-1.00000000,-0.61716899,-0.45275162
2236,-0.00133508,0.04994533,-1.00000000,-0.98041221,-0.48922418
2237,-0.00193372,-0.25695407,-1.00000000,-0.40153701,-0.53343441
2238,0.00104755,-0.00850253,-1.00000000,-0.87016755,-0.39521657
2239,-0.00190737,-0.03943743,-1.00000000,-0.81181798,-0.44250861
2240,-0.00214004,0.11462019,1.00000000,-0.89819351,-0.33136901
2241,0.00037029,-0.03807552,-1.00000000,-0.81438683,-0.28402081
2242,-0.00071125,-0.05009889,-1.00000000,-0.79170829,-0.25007998
2243,0.00032279,0.07962286,1.00000000,-0.96420564,-0.27020218
2244,0.00115630,0.02373388,-1.00000000,-0.93097204,-0.18514193
2245,-0.00180796,0.07716837,1.00000000,-0.96883531,-0.17592201
2246,-0.00000790,0.12024026,1.00000000,-0.88759289,-0.18642216
2247,0.00125364,-0.03293861,-1.00000000,-0.82407609,-0.13186865
2248,0.00080439,0.06007979,-1.00000000,-0.99952787,-0.11849750
2249,-0.00106539,0.12526992,1.00000000,-0.87810592,-0.18018106
2250,0.00068226,0.10205501,1.00000000,-0.92189400,-0.11104222
2251,-0.00046170,0.00543363,-1.00000000,-0.89645401,-0.12364164
2252,0.00124191,0.09574393,1.00000000,-0.93379800,-0.12396731
2253,-0.00191911,0.03662951,-1.00000000,-0.95529583,-0.19958311
2254,-0.00088674,0.12466379,1.00000000,-0.87924921,-0.19462294
2255,-0.00213248,-0.03868258,-1.00000000,-0.81324179,-0.27277182
2256,-0.00152039,0.01466559,-1.00000000,-0.91386738,-0.30216534
2257,0.00901562,-0.04970828,-1.00000000,-0.79244506,-0.08633449
2258,-0.00271345,-0.01807828,-1.00000000,-0.85210573,-0.10838867
2259,0.00101599,0.52637234,1.00000000,-0.12154451,-0.05556089
2260,0.00060312,-0.07973024,-1.00000000,-0.73581749,0.02039069
2261,-0.00388573,0.11298967,1.00000000,-0.90126900,-0.04528115
2262,0.00424474,0.09165427,1.00000000,-0.94151192,-0.17774080
2263,-0.00240769,-0.14030799,-1.00000000,-0.62155544,-0.16925165
2264,0.00035491,0.27983588,1.00000000,-0.58656283,-0.18760613
2265,-0.00009689,-0.06393006,-1.00000000,-0.76561986,-0.20704115
2266,0.00566399,0.07882795,1.00000000,-0.96570500,0.05809893
2267,-0.00088438,0.05548143,-1.00000000,-0.99085443,-0.08430679
2268,-0.00193305,0.35317587,1.00000000,-0.44822856,-0.07112874
2269,0.00152525,0.01478758,-1.00000000,-0.91409749,-0.03863502
2270,-0.00307080,-0.03940281,-1.00000000,-0.81188329,-0.12120323
2271,-0.00154776,0.13930589,1.00000000,-0.85163121,-0.32143149
2272,-0.00115340,-0.09819613,-1.00000000,-0.70098704,-0.32890056
2273,0.00118875,-0.01949283,-1.00000000,-0.84943760,-0.24222629
2274,0.00222377,0.00088600,-1.00000000,-0.88787625,-0.22283263
2275,-0.00141225,0.12191703,1.00000000,-0.88443016,-0.17678439
2276,-0.00571781,0.17540173,1.00000000,-0.78354704,-0.29256244
2277,-0.00230279,-0.01249026,-1.00000000,-0.86264588,-0.32447429
2278,0.00262969,-0.23498117,-1.00000000,-0.44298241,-0.28446789
2279,-0.01233091,-0.05850895,-1.00000000,-0.77584519,-0.68856656
2280,-0.00165721,0.19637771,1.00000000,-0.74398205,-0.69536783
2281,0.00471967,-0.57671452,-1.00000000,0.20159678,-0.40557962
2282,-0.00088800,-0.02514892,-1.00000000,-0.83876905,-0.36629927
2283,0.00044191,0.30437825,1.00000000,-0.54027088,-0.42704113
2284,0.00432481,0.01460041,-1.00000000,-0.91374443,0.03539126
2285,0.00052992,0.08332378,1.00000000,-0.95722494,0.09611514
2286,0.00033754,0.28397358,1.00000000,-0.57875828,-0.02555109
2287,-0.00114388,0.08787154,1.00000000,-0.94864693,-0.03265524
2288,-0.00182161,0.07793072,1.00000000,-0.96739735,-0.09550000
2289,0.00534408,0.00137802,-1.00000000,-0.88880429,-0.06720094
2290,-0.00342883,-0.03364410,-1.00000000,-0.82274541,-0.17711218
2291,0.00244185,0.33664434,1.00000000,-0.47941042,-0.11868796
2292,0.00416852,-0.11669738,-1.00000000,-0.66608988,0.02880642
2293,-0.00114114,0.18667100,1.00000000,-0.76229089,0.04769919
2294,-0.00155433,0.27589741,1.00000000,-0.59399159,-0.14382926
2295,0.00264819,0.00151950,-1.00000000,-0.88907116,0.02489403
2296,0.00265807,-0.01983213,-1.00000000,-0.84879761,0.03089731
2297,-0.00041657,0.19733368,1.00000000,-0.74217889,-0.09640416
2298,-0.00299242,0.19784441,1.00000000,-0.74121554,-0.14780361
2299,-0.00104743,0.03896146,-1.00000000,-0.95969438,-0.13373010
2300,-0.00233164,-0.09414616,-1.00000000,-0.70862611,-0.27199084
2301,-0.00057486,0.00636176,-1.00000000,-0.89820465,-0.36175051
2302,0.00274429,-0.05999988,-1.00000000,-0.77303299,-0.27399170
2303,0.00620884,0.03078198,-1.00000000,-0.94426619,-0.01852616
2304,0.00519270,0.20229986,1.00000000,-0.73281167,0.15472583
2305,0.00243368,0.38133125,1.00000000,-0.39512175,0.28703088
2306,-0.00836281,0.32882171,1.00000000,-0.49416550,0.07080490
2307,0.00116286,0.18624883,1.00000000,-0.76308719,0.02689777
2308,0.00054763,-0.37166199,-1.00000000,-0.18517433,-0.13028100
2309,0.00544329,0.12057907,1.00000000,-0.88695384,-0.12332343
2310,-0.00422145,0.08878707,1.00000000,-0.94692005,-0.30809766
2311,-0.00004497,0.34177129,1.00000000,-0.46973994,-0.07715974
2312,0.00312851,-0.15765654,-1.00000000,-0.58883251,-0.02258506
2313,0.00406341,0.05816412,-1.00000000,-0.99591454,0.07502774
2314,-0.00342960,0.22215451,1.00000000,-0.69536171,-0.17132066
2315,-0.00301224,0.27046589,1.00000000,-0.60423654,-0.13774787
2316,-0.00002539,-0.11673712,-1.00000000,-0.66601493,-0.13720433
2317,-0.00252573,-0.09517020,-1.00000000,-0.70669456,-0.29418973
2318,0.00191100,0.05917577,-1.00000000,-0.99782270,-0.35394979
2319,0.00060702,-0.07002975,-1.00000000,-0.75411460,-0.24187648
2320,-0.00140808,0.15923932,1.00000000,-0.81403267,-0.19733834
2321,0.00529785,0.09185590,1.00000000,-0.94113162,-0.04954283
2322,-0.00015766,-0.01227497,-1.00000000,-0.86305197,0.01620467
2323,0.00284088,0.33425563,1.00000000,-0.48391601,0.04202200
2324,-0.00062986,0.05234078,-1.00000000,-0.98493051,0.00768110
2325,-0.00102185,0.20729103,1.00000000,-0.72339728,0.01840450
2326,0.00333577,0.02793994,-1.00000000,-0.93890553,-0.03607093
2327,-0.00080488,0.00768363,-1.00000000,-0.90069798,-0.05404037
2328,0.00334910,0.23286490,1.00000000,-0.67515972,-0.03993008
2329,-0.00841565,0.01889572,-1.00000000,-0.92184628,-0.25609624
2330,-0.00016701,0.23355338,1.00000000,-0.67386112,-0.23236230
2331,0.00206300,-0.37439270,-1.00000000,-0.18002366,-0.26769991
2332,-0.00073463,0.05185770,-1.00000000,-0.98401933,-0.26574944
2333,-0.00012416,0.16709387,1.00000000,-0.79921738,-0.36218145
2334,0.00205296,0.02252596,-1.00000000,-0.92869365,-0.07152891
2335,0.00170894,0.05407227,-1.00000000,-0.98819646,-0.01944467
2336,0.00142608,0.16657543,1.00000000,-0.80019527,-0.03712811
2337,0.00955619,0.14879789,1.00000000,-0.83372734,0.24858792
2338,0.00370657,0.13418110,1.00000000,-0.86129761,0.35494492
2339,-0.00546468,0.55430617,1.00000000,-0.06885557,0.14622372
2340,-0.00203676,0.25202597,1.00000000,-0.63901802,0.04222741
2341,-0.00105869,-0.22190051,-1.00000000,-0.46765520,-0.02676016
2342,-0.00051062,-0.04476204,-1.00000000,-0.80177469,-0.30625684
2343,0.00102809,0.00578010,-1.00000000,-0.89710753,-0.38062270
2344,0.00290577,0.03410154,-1.00000000,-0.95052758,-0.14822414
2345,0.00095450,0.11361478,1.00000000,-0.90008990,-0.06517423
2346,-0.00032177,0.21064420,1.00000000,-0.71707253,-0.04471434
2347,0.00288519,0.10981205,1.00000000,-0.90726264,0.04956758
2348,0.00670011,0.04386045,-1.00000000,-0.96893487,0.20704645
2349,-0.00183940,0.20958087,1.00000000,-0.71907819,0.07530070
2350,0.00197854,0.40671751,1.00000000,-0.34723806,0.10373219
2351,0.00433494,-0.03456355,-1.00000000,-0.82101113,0.23302203
2352,-0.00193006,0.16272928,1.00000000,-0.80744988,0.09933053
2353,-0.00088477,0.28449721,1.00000000,-0.57777060,-0.11125730
2354,0.00057538,-0.03924834,-1.00000000,-0.81217465,-0.04421284
2355,0.00136029,0.01476736,-1.00000000,-0.91405933,-0.06137798
2356,0.00253124,0.09022090,1.00000000,-0.94421556,-0.11145624
2357,-0.00037532,0.13078120,1.00000000,-0.86771052,-0.06829021
2358,-0.00374578,0.19129058,1.00000000,-0.75357741,-0.14772374
2359,-0.00284985,0.04109311,-1.00000000,-0.96371511,-0.24282231
2360,-0.00440863,-0.13307588,-1.00000000,-0.63519668,-0.40299156
2361,0.00496442,-0.08677839,-1.00000000,-0.72252323,-0.33543632
2362,-0.00167378,-0.16732891,-1.00000000,-0.57058844,-0.37148695
2363,-0.00017358,0.31702572,1.00000000,-0.51641517,-0.27230773
2364,0.00008588,-0.02600502,-1.00000000,-0.83715427,-0.19079962
2365,-0.00083560,0.05151839,-1.00000000,-0.98337932,-0.09159744
2366,0.00134250,0.06492608,1.00000000,-0.99192678,-0.19215706
2367,0.00121257,0.01730811,-1.00000000,-0.91885172,-0.11201999
2368,0.00220710,0.12986221,1.00000000,-0.86944392,-0.04592250
2369,-0.00094297,0.12314765,1.00000000,-0.88210897,-0.07448777
2370,-0.00177201,0.17454031,1.00000000,-0.78517186,-0.10048632
2371,-0.00097745,0.01175986,-1.00000000,-0.90838657,-0.16489786
2372,0.00055215,-0.03108090,-1.00000000,-0.82758012,-0.18323364
2373,0.00026342,0.00997820,-1.00000000,-0.90502601,-0.23719822
2374,-0.00254914,0.08902074,1.00000000,-0.94647931,-0.28179233
2375,-0.00109591,0.07410039,1.00000000,-0.97462214,-0.26302091
2376,0.00046629,-0.07123957,-1.00000000,-0.75183263,-0.22293660
2377,-0.00337633,0.00385685,-1.00000000,-0.89347988,-0.33200776
2378,-0.00023230,0.08458390,1.00000000,-0.95484810,-0.34577095
2379,-0.00078914,-0.11398463,-1.00000000,-0.67120669,-0.29690600
2380,0.00095591,0.04848409,-1.00000000,-0.97765601,-0.23993895
2381,-0.00033017,0.01970881,-1.00000000,-0.92337992,-0.26205205
2382,-0.00136150,0.10988502,1.00000000,-0.90712499,-0.20611205
2383,-0.00023597,0.04342657,-1.00000000,-0.96811648,-0.20621409
2384,0.00061343,-0.00986801,-1.00000000,-0.86759198,-0.16727282
2385,-0.00133612,0.04829417,-1.00000000,-0.97729777,-0.23090916
2386,-0.00271994,0.09218705,1.00000000,-0.94050700,-0.29725934
2387,-0.00016111,-0.00855615,-1.00000000,-0.87006642,-0.26393131
2388,0.00227722,-0.08006567,-1.00000000,-0.73518480,-0.19415469
2389,-0.00124311,0.05216276,-1.00000000,-0.98459474,-0.24569994
2390,-0.00247199,0.17816375,1.00000000,-0.77833731,-0.27723648
2391,-0.00122817,-0.00374995,-1.00000000,-0.87913189,-0.23581850
2392,0.00389155,-0.06725258,-1.00000000,-0.75935292,-0.12329976
2393,0.00175589,-0.00297772,-1.00000000,-0.88058847,-0.13777414
2394,0.00092473,0.26158480,1.00000000,-0.62098810,-0.07758590
2395,-0.00028164,0.15122377,1.00000000,-0.82915163,-0.01677262
2396,-0.00056075,0.10827355,1.00000000,-0.91016457,0.00175766
2397,-0.00133670,0.04593429,-1.00000000,-0.97284656,-0.14340054
2398,-0.00196706,0.03151119,-1.00000000,-0.94564164,-0.24676502
2399,0.00072559,-0.00858645,-1.00000000,-0.87000926,-0.25229395
2400,0.00347840,-0.04116019,-1.00000000,-0.80856851,-0.14789949
2401,-0.00418083,0.09798299,1.00000000,-0.92957467,-0.24840809
2402,-0.00113287,0.24023528,1.00000000,-0.66125767,-0.24274868
2403,-0.00148167,-0.15555736,-1.00000000,-0.59279198,-0.22927228
2404,-0.00370829,0.00194696,-1.00000000,-0.88987743,-0.35237534
2405,0.00563574,-0.01607765,-1.00000000,-0.85587933,-0.29247860
2406,-0.00368676,-0.13113881,-1.00000000,-0.63885039,-0.27876113
2407,-0.00010902,0.35171625,1.00000000,-0.45098172,-0.25033481
2408,0.00039244,-0.13002614,-1.00000000,-0.64094910,-0.19830172
2409,-0.00278909,0.05485457,-1.00000000,-0.98967205,-0.17278088
2410,0.00259020,0.08076734,1.00000000,-0.96204691,-0.25733778
2411,0.00052428,-0.08363892,-1.00000000,-0.72844491,-0.14042170
2412,0.00319740,0.19433731,1.00000000,-0.74783067,-0.04862188
2413,0.00530440,0.08758033,1.00000000,-0.94919622,0.08775484
2414,-0.00009677,0.22571417,1.00000000,-0.68864746,0.16250503
2415,-0.00135882,0.33459432,1.00000000,-0.48327717,0.05286371
2416,0.00120267,0.05548758,-1.00000000,-0.99086603,0.07169854
2417,0.00340633,-0.00972923,-1.00000000,-0.86785375,0.07749955
2418,-0.00228401,0.12263607,1.00000000,-0.88307391,-0.13318659
2419,-0.00052840,0.23651113,1.00000000,-0.66828220,-0.14517044
2420,0.00112951,-0.05753878,-1.00000000,-0.77767513,-0.07608411
2421,-0.00011838,0.03318300,-1.00000000,-0.94879502,-0.11276185
2422,-0.00421561,0.11885559,1.00000000,-0.89020466,-0.32437892
2423,0.00007369,0.05437074,-1.00000000,-0.98875945,-0.25891939
2424,-0.00202847,-0.15735467,-1.00000000,-0.58940189,-0.30056772
2425,-0.00219284,0.06429577,1.00000000,-0.99311568,-0.39280990
2426,-0.00218083,-0.04433367,-1.00000000,-0.80258268,-0.45007227
2427,-0.00018819,-0.05282734,-1.00000000,-0.78656188,-0.33825421
2428,0.00023751,-0.05220710,-1.00000000,-0.78773178,-0.33370590
2429,0.00078321,0.05076327,-1.00000000,-0.98195500,-0.25564202
2430,0.00220076,0.07276117,1.00000000,-0.97714819,-0.13365741
2431,-0.00096160,0.10096035,1.00000000,-0.92395876,-0.09980646
2432,-0.00097621,0.17421277,1.00000000,-0.78578967,-0.12168516
2433,-0.00104411,0.01079694,-1.00000000,-0.90657031,-0.15726822
2434,-0.00108134,0.01004220,-1.00000000,-0.90514673,-0.20903581
2435,-0.00222499,0.00653330,-1.00000000,-0.89852822,-0.33191298
2436,0.00064809,0.00460950,-1.00000000,-0.89489954,-0.28722111
2437,0.00342132,-0.05448860,-1.00000000,-0.78342840,-0.16512738
2438,0.00166085,0.09397830,1.00000000,-0.93712833,-0.09002636
2439,0.00228938,0.23728542,1.00000000,-0.66682171,0.00355897
2440,0.00387024,0.14631277,1.00000000,-0.83841480,0.17278799
2441,-0.00526378,0.17879233,1.00000000,-0.77715168,0.00864964
2442,0.00076565,0.26048373,1.00000000,-0.62306494,-0.06508291
2443,0.00038882,-0.21151918,-1.00000000,-0.48723653,-0.10039970
2444,0.00380225,0.10005299,1.00000000,-0.92567023,-0.05839613
2445,0.00164046,0.08058048,1.00000000,-0.96239938,-0.12030427
2446,0.00267493,0.25697017,1.00000000,-0.62969224,0.10010749
2447,0.00158852,0.14525911,1.00000000,-0.84040221,0.12295403
2448,-0.00036557,0.19871547,1.00000000,-0.73957256,0.10200903
2449,0.00569212,0.14257540,1.00000000,-0.84546423,0.15447962
2450,-0.00168612,0.04159724,-1.00000000,-0.96466599,0.06211995
2451,-0.00392449,0.35462945,1.00000000,-0.44548682,-0.12110733
2452,0.00370219,-0.02664250,-1.00000000,-0.83595186,-0.06242307
2453,0.00337454,-0.14231068,-1.00000000,-0.61777794,0.04141803
2454,-0.00178601,0.25179968,1.00000000,-0.63944485,-0.16620601
2455,-0.00119000,0.23486831,1.00000000,-0.67138088,-0.15243171
2456,0.00097596,-0.03180443,-1.00000000,-0.82621539,-0.01637493
2457,-0.00196664,-0.00100551,-1.00000000,-0.88430848,-0.17376532
2458,-0.00555170,0.11092083,1.00000000,-0.90517126,-0.42159507
2459,-0.00111736,-0.04113836,-1.00000000,-0.80860968,-0.40303052
2460,0.00031371,-0.22639722,-1.00000000,-0.45917350,-0.36128112
2461,0.00333530,0.00274827,-1.00000000,-0.89138887,-0.29577603
2462,-0.00240764,0.07669929,1.00000000,-0.96972010,-0.30802015
2463,0.00572930,0.23284016,1.00000000,-0.67520639,0.00518756
2464,-0.00198126,-0.06392734,-1.00000000,-0.76562499,-0.01879784
2465,0.00240738,0.35655103,1.00000000,-0.44186232,0.03933095
2466,0.00105025,-0.04189383,-1.00000000,-0.80718472,-0.02411155
2467,0.00414201,0.18488971,1.00000000,-0.76565077,0.15773412
2468,-0.00190296,0.11475976,1.00000000,-0.89793024,-0.05416937
2469,-0.00196654,0.27452734,1.00000000,-0.59657582,-0.05376067
2470,0.00303768,-0.03784786,-1.00000000,-0.81481625,-0.03626073
2471,0.00370770,-0.04113314,-1.00000000,-0.80861953,0.03752131
2472,-0.00000854,0.21746094,1.00000000,-0.70421476,-0.07771534
2473,0.00345978,0.25208433,1.00000000,-0.63890794,0.07117668
2474,-0.00541403,0.06004665,-1.00000000,-0.99946536,-0.02454017
2475,0.00286512,0.23927285,1.00000000,-0.66307301,-0.02933111
2476,-0.00337778,-0.21928320,-1.00000000,-0.47259199,-0.22605369
2477,-0.00028545,0.20854395,1.00000000,-0.72103402,-0.23374174
2478,-0.00122934,-0.11405955,-1.00000000,-0.67106538,-0.36393136
2479,0.00275128,0.04573749,-1.00000000,-0.97247536,-0.13722814
2480,-0.00038953,-0.00303858,-1.00000000,-0.88047369,-0.22759081
2481,0.00310676,0.20266122,1.00000000,-0.73213007,-0.04755283
2482,-0.00095584,0.04035921,-1.00000000,-0.96233082,-0.06616564
2483,0.00594344,0.22103062,1.00000000,-0.69748160,0.13298092
2484,0.00154628,0.01109496,-1.00000000,-0.90713245,0.09952495
2485,-0.00238714,0.36761686,1.00000000,-0.42098989,0.04406292
2486,0.00501956,0.14039231,1.00000000,-0.84958200,0.09717016
2487,0.00028384,-0.06286779,-1.00000000,-0.76762353,0.13158870
2488,0.00072198,0.31987484,1.00000000,-0.51104113,-0.01338098
2489,-0.00090655,0.07515542,1.00000000,-0.97263215,-0.08148163
2490,-0.00831894,0.09779650,1.00000000,-0.92992644,-0.24617333
2491,-0.00351609,0.01364205,-1.00000000,-0.91193678,-0.48315856
2492,0.00027883,-0.36939517,-1.00000000,-0.18945004,-0.48329763
2493,0.00054977,-0.12120664,-1.00000000,-0.65758450,-0.48807902
2494,-0.00310610,0.07489657,1.00000000,-0.97312039,-0.54914787
2495,0.00034260,0.08889728,1.00000000,-0.94671218,-0.30866739
2496,-0.00160441,-0.10002048,-1.00000000,-0.69754593,-0.25559135
2497,-0.00010102,0.07819177,1.00000000,-0.96690497,-0.26613742
2498,-0.00116768,-0.02242049,-1.00000000,-0.84391544,-0.31382092
2499,0.00296409,0.05526801,-1.00000000,-0.99045186,-0.14528714
2500,-0.00080945,0.00014784,-1.00000000,-0.88648393,-0.17727265
2501,-0.00240552,0.21365784,1.00000000,-0.71138818,-0.19951459
2502,-0.00092042,0.01865972,-1.00000000,-0.92140113,-0.22226461
2503,-0.00198229,-0.06381762,-1.00000000,-0.76583196,-0.24488147
2504,-0.00069338,0.01292523,-1.00000000,-0.91058470,-0.34642798
2505,0.00063966,-0.04194708,-1.00000000,-0.80708428,-0.30619463
2506,0.00058703,0.02465750,-1.00000000,-0.93271417,-0.22310905
2507,-0.00048228,0.09354281,1.00000000,-0.93794976,-0.21094446
2508,0.00229084,0.09082288,1.00000000,-0.94308011,-0.09230467
2509,0.00190643,0.03556620,-1.00000000,-0.95329021,-0.02012298
2510,0.01049297,0.17886759,1.00000000,-0.77700972,0.25344588
2511,0.00230087,0.15900345,1.00000000,-0.81447758,0.30102930
2512,-0.00126645,0.60271446,1.00000000,0.02245239,0.27925733
2513,-0.00479519,0.17938608,1.00000000,-0.77603175,0.08251955
2514,0.00206960,-0.00495623,-1.00000000,-0.87685660,0.08704976
2515,-0.00420141,-0.18730457,-1.00000000,-0.53291024,-0.32092768
2516,-0.00072746,0.16743517,1.00000000,-0.79857361,-0.40500684
2517,0.00232910,-0.15662104,-1.00000000,-0.59078568,-0.30517938
2518,0.00329610,0.02289632,-1.00000000,-0.92939223,-0.08053145
2519,-0.00510547,0.18084455,1.00000000,-0.77328077,-0.27974149
2520,-0.00173787,0.23081451,1.00000000,-0.67902718,-0.21134310
2521,-0.00144427,-0.20333840,-1.00000000,-0.50266714,-0.23124473
2522,-0.00354710,-0.02931663,-1.00000000,-0.83090790,-0.39439247
2523,0.00170865,-0.01414498,-1.00000000,-0.85952474,-0.43846657
2524,-0.00155382,-0.12280919,-1.00000000,-0.65456176,-0.33985773
2525,-0.00478947,0.14878295,1.00000000,-0.83375553,-0.42458303
2526,0.00094654,-0.01980572,-1.00000000,-0.84884741,-0.35820415
2527,-0.00140980,-0.18700899,-1.00000000,-0.53346776,-0.29886383
2528,-0.00216371,0.10940068,1.00000000,-0.90803857,-0.40637667
2529,-0.00264974,-0.01236384,-1.00000000,-0.86288433,-0.43680413
2530,-0.00011834,-0.05132202,-1.00000000,-0.78940121,-0.30711394
2531,0.00142846,-0.07643789,-1.00000000,-0.74202753,-0.29373388
2532,0.00033917,0.05437288,-1.00000000,-0.98876348,-0.24517512
2533,0.00149987,0.13430390,1.00000000,-0.86106598,-0.14345888
2534,0.00050701,0.07801466,1.00000000,-0.96723904,-0.05581432
2535,-0.00042920,0.13799422,1.00000000,-0.85410529,-0.06444513
2536,-0.00065092,0.08668785,1.00000000,-0.95087961,-0.12217725
2537,-0.00228382,0.03830906,-1.00000000,-0.95846381,-0.19500238
2538,-0.00405014,0.02685176,-1.00000000,-0.93685299,-0.34909397
2539,-0.00206137,-0.05752887,-1.00000000,-0.77769383,-0.42040282
2540,-0.00099198,-0.14880404,-1.00000000,-0.60553014,-0.43602787
2541,0.00224695,-0.04603356,-1.00000000,-0.79937634,-0.35557103
2542,-0.00150373,0.00922741,-1.00000000,-0.90360986,-0.33391246
2543,0.00201023,0.17659958,1.00000000,-0.78128766,-0.16565125
2544,-0.00507614,-0.01721750,-1.00000000,-0.85372933,-0.24935394
2545,0.00659006,0.16436698,1.00000000,-0.80436085,-0.03884485
2546,0.00228884,-0.20182262,-1.00000000,-0.50552622,-0.03768164
2547,0.00174096,0.40103099,1.00000000,-0.35796399,0.05240444
2548,-0.00207586,0.17876457,1.00000000,-0.77720405,-0.06104253
2549,-0.00397373,0.15045245,1.00000000,-0.83060651,-0.03043509
2550,-0.00859382,-0.04678272,-1.00000000,-0.79796327,-0.45200299
2551,0.00192446,-0.14485545,-1.00000000,-0.61297799,-0.46211995
2552,0.00029284,-0.38359935,-1.00000000,-0.16265804,-0.50232585
2553,-0.00048183,0.15993469,1.00000000,-0.81272106,-0.45806889
2554,0.00048832,0.07562045,1.00000000,-0.97175500,-0.33418357
2555,0.00060157,0.03558918,-1.00000000,-0.95333357,-0.07888135
2556,-0.00194153,0.08572231,1.00000000,-0.95270082,-0.18621733
2557,0.00269482,0.09157407,1.00000000,-0.94166320,-0.11952829
2558,-0.00022957,-0.03984110,-1.00000000,-0.81105658,-0.11252448
2559,0.00343660,0.19974337,1.00000000,-0.73763372,-0.03066797
2560,-0.00101993,0.04862482,-1.00000000,-0.97792145,-0.07568741
2561,-0.00107973,0.23807523,1.00000000,-0.66533198,-0.05176024
2562,0.00487468,0.00778303,-1.00000000,-0.90088546,0.00876195
2563,0.00488271,0.00469260,-1.00000000,-0.89505627,0.15070024
2564,0.00031268,0.31238845,1.00000000,-0.52516200,0.06396701
2565,-0.00041198,0.31280309,1.00000000,-0.52437990,0.08084610
2566,0.00512599,0.07664567,1.00000000,-0.96982123,0.25314276
2567,-0.00137271,0.03919873,-1.00000000,-0.96014191,0.07968893
2568,0.00342346,0.32537446,1.00000000,-0.50066772,0.03917407
2569,-0.00059811,-0.01044716,-1.00000000,-0.86649959,0.01388684
2570,0.00123538,0.23739605,1.00000000,-0.66661304,0.05962464
2571,0.00022127,0.02958058,-1.00000000,-0.94200012,-0.07655077
2572,0.00028570,0.12432680,1.00000000,-0.87988484,-0.03050621
2573,-0.00157921,0.07192216,1.00000000,-0.97873075,-0.16940117
2574,0.00300723,0.07525187,1.00000000,-0.97245022,-0.06930201
2575,0.00035041,-0.02111793,-1.00000000,-0.84637233,-0.09387271
2576,-0.00623447,0.21588708,1.00000000,-0.70718338,-0.27311113
2577,-0.00115273,0.07859534,1.00000000,-0.96614375,-0.31304803
2578,-0.00223352,-0.26167987,-1.00000000,-0.39262317,-0.33121437
2579,0.00079934,0.00092055,-1.00000000,-0.88794142,-0.39251446
2580,-0.00378568,-0.05492947,-1.00000000,-0.78259682,-0.50734957
2581,0.00048407,0.10179416,1.00000000,-0.92238602,-0.32081473
2582,-0.00190533,-0.13513799,-1.00000000,-0.63130711,-0.34171018
2583,-0.00429827,0.08550238,1.00000000,-0.95311566,-0.39903626
2584,-0.00579629,-0.03797047,-1.00000000,-0.81458499,-0.58215860
2585,0.00180628,-0.16162587,-1.00000000,-0.58134554,-0.42690234
2586,-0.00155599,-0.23903669,-1.00000000,-0.43533286,-0.48354297
2587,-0.00163154,0.15382796,1.00000000,-0.82423960,-0.47594140
2588,0.00087103,-0.01991826,-1.00000000,-0.84863515,-0.33242008
2589,-0.00145785,-0.02382226,-1.00000000,-0.84127140,-0.21196686
2590,-0.00314104,0.10549879,1.00000000,-0.91539834,-0.34932523
2591,-0.00020125,-0.01484684,-1.00000000,-0.85820089,-0.31171188
2592,0.00051620,-0.10182609,-1.00000000,-0.69414018,-0.25208164
2593,-0.00191444,0.05008843,-1.00000000,-0.98068213,-0.32941800
2594,0.00432588,0.08716269,1.00000000,-0.94998397,-0.16883734
2595,0.00263419,-0.03844114,-1.00000000,-0.81369719,-0.00849268
2596,0.00223009,0.28402900,1.00000000,-0.57865374,0.05901151
2597,0.00512378,0.19661049,1.00000000,-0.74354299,0.18693727
2598,0.00148518,0.17572853,1.00000000,-0.78293063,0.28132504
2599,-0.00150876,0.32526059,1.00000000,-0.50088251,0.11933104
2600,-0.00062178,0.13723520,1.00000000,-0.85553695,0.02893156
2601,-0.00042182,-0.01747735,-1.00000000,-0.85323920,-0.04469668
2602,0.00166320,0.02835722,-1.00000000,-0.93969260,-0.14077676
2603,0.00340463,0.03869023,-1.00000000,-0.95918278,-0.08748487
2604,0.00257378,0.14643448,1.00000000,-0.83818522,0.02586345
2605,0.00393999,0.23642310,1.00000000,-0.66844823,0.15251725
2606,-0.00233184,0.19348873,1.00000000,-0.74943127,0.09948711
2607,-0.00384590,0.26408773,1.00000000,-0.61626708,-0.05346851
2608,-0.00183937,-0.06001048,-1.00000000,-0.77301300,-0.19906401
2609,-0.00365755,-0.13824948,-1.00000000,-0.62543820,-0.37207175
2610,0.00284587,-0.03456207,-1.00000000,-0.82101392,-0.40244900
2611,-0.00234132,-0.12851663,-1.00000000,-0.64379636,-0.40271204
2612,0.00017742,0.20754900,1.00000000,-0.72291070,-0.29100791
2613,-0.00165959,-0.06050005,-1.00000000,-0.77208957,-0.28601644
2614,0.00007401,0.06965641,1.00000000,-0.98300440,-0.18241291
2615,-0.00103763,-0.02527186,-1.00000000,-0.83853715,-0.29023515
2616,0.00026717,0.06431227,1.00000000,-0.99308454,-0.21781265
2617,-0.00402593,0.00686817,-1.00000000,-0.89915985,-0.33451537
2618,-0.00005374,0.07429409,1.00000000,-0.97425678,-0.28993009
2619,0.00238986,-0.14755294,-1.00000000,-0.60788996,-0.22563218
2620,-0.00150902,0.05771112,-1.00000000,-0.99506008,-0.23872002
2621,-0.00293360,0.18398480,1.00000000,-0.76735762,-0.32758685
2622,-0.00000038,-0.01749118,-1.00000000,-0.85321312,-0.21582056
2623,0.00217051,-0.09110657,-1.00000000,-0.71435939,-0.15406629
2624,0.00140457,0.06046864,-1.00000000,-1.00026132,-0.18142221
2625,-0.00316119,0.17264937,1.00000000,-0.78873857,-0.22729320
2626,0.00284490,0.13306943,1.00000000,-0.86339444,-0.06685783
2627,-0.00085855,-0.10286716,-1.00000000,-0.69217651,-0.09068429
2628,-0.00366150,0.20749885,1.00000000,-0.72300530,-0.25260525
2629,-0.00068426,0.01612236,-1.00000000,-0.91661515,-0.31059996
2630,0.00014744,-0.12872105,-1.00000000,-0.64341077,-0.21873851
2631,-0.00378307,0.02512856,-1.00000000,-0.93360270,-0.40275875
2632,0.00259783,0.06810714,1.00000000,-0.98592664,-0.30679522
2633,0.00130699,-0.13500317,-1.00000000,-0.63156141,-0.16884901
2634,0.00047309,0.19473153,1.00000000,-0.74708708,-0.13671599
2635,-0.00059311,0.12802710,1.00000000,-0.87290532,-0.15727679
2636,0.00108168,0.08493517,1.00000000,-0.95418553,-0.02221082
2637,0.00200373,0.02983897,-1.00000000,-0.94248749,-0.03870546
2638,-0.00126964,0.11638424,1.00000000,-0.89486614,-0.11024350
2639,-0.00029702,0.16403137,1.00000000,-0.80499387,-0.13162513
2640,0.00167941,-0.00512089,-1.00000000,-0.87654603,-0.06853038
2641,0.00054408,0.04513928,-1.00000000,-0.97134702,-0.08345654
2642,0.00025169,0.14727213,1.00000000,-0.83660524,-0.13210052
2643,-0.00237651,0.08860339,1.00000000,-0.94726651,-0.16283176
2644,0.00319685,0.07349425,1.00000000,-0.97576545,-0.06582731
2645,0.00016335,-0.06231846,-1.00000000,-0.76865967,-0.10791964
2646,0.00005227,0.22568585,1.00000000,-0.68870089,-0.12157432
2647,-0.00070872,0.06892907,1.00000000,-0.98437631,-0.14823928
2648,0.00122115,0.06318903,1.00000000,-0.99520321,-0.04835333
2649,-0.00359613,0.02386492,-1.00000000,-0.93121920,-0.23695489
2650,0.00309379,0.12359118,1.00000000,-0.88127237,-0.15559355
2651,0.00203284,-0.12534301,-1.00000000,-0.64978245,-0.10060469
2652,0.00270464,0.22036037,1.00000000,-0.69874584,-0.00583577
2653,-0.00062304,0.16553536,1.00000000,-0.80215705,-0.05703828
2654,-0.00015306,0.20025067,1.00000000,-0.73667686,0.03855571
2655,-0.00129746,0.02829208,-1.00000000,-0.93956974,-0.08336377
2656,-0.00349217,0.05257837,-1.00000000,-0.98537865,-0.23676120
2657,0.00052157,-0.00655853,-1.00000000,-0.87383434,-0.29737208
2658,0.00124701,-0.11997089,-1.00000000,-0.65991536,-0.24545167
2659,0.00320237,0.08744052,1.00000000,-0.94945993,-0.15229087
2660,-0.00142972,0.12492735,1.00000000,-0.87875207,-0.15596299
2661,0.00216035,0.22597105,1.00000000,-0.68816294,0.00097461
2662,-0.00002609,-0.01339314,-1.00000000,-0.86094286,-0.01423099
2663,0.00126694,0.17212439,1.00000000,-0.78972878,-0.01367765
2664,0.00122364,0.05913956,-1.00000000,-0.99775440,-0.06861545
2665,0.00037693,0.12595724,1.00000000,-0.87680949,-0.01845531
2666,-0.00449112,0.12371976,1.00000000,-0.88102984,-0.20312770
2667,0.00218663,0.07996588,1.00000000,-0.96355864,-0.14169327
2668,-0.00110694,-0.17159143,-1.00000000,-0.56254844,-0.20760197
2669,0.00005147,0.17348251,1.00000000,-0.78716709,-0.24014616
2670,0.00063133,0.00328669,-1.00000000,-0.89240443,-0.23308302
2671,-0.00217630,0.06314789,1.00000000,-0.99528082,-0.16881391
2672,-0.00127489,0.09311194,1.00000000,-0.93876247,-0.26492002
2673,-0.00267001,-0.05197253,-1.00000000,-0.78817423,-0.30831748
2674,0.00079633,-0.00539203,-1.00000000,-0.87603460,-0.28763715
2675,0.00136091,-0.07748550,-1.00000000,-0.74005152,-0.26738084
2676,0.00150291,0.10163850,1.00000000,-0.92267962,-0.16523069
2677,-0.00202603,0.13081338,1.00000000,-0.86764982,-0.18608544
2678,-0.00113842,0.13815131,1.00000000,-0.85380899,-0.14356190
2679,-0.00246720,-0.04420730,-1.00000000,-0.80282103,-0.23417106
2680,0.00074893,0.00166014,-1.00000000,-0.88933644,-0.25116228
2681,-0.00172861,-0.06700502,-1.00000000,-0.75981986,-0.34088273
2682,-0.00151486,0.09918898,1.00000000,-0.92729992,-0.32669078
2683,0.00104443,-0.02883812,-1.00000000,-0.83181046,-0.26608599
2684,0.00306486,-0.01779297,-1.00000000,-0.85264388,-0.11249293
2685,-0.00054238,0.11445895,1.00000000,-0.89849763,-0.14834508
2686,0.00287017,0.21886535,1.00000000,-0.70156575,-0.02066385
2687,-0.00096989,0.03246026,-1.00000000,-0.94743178,-0.00553305
2688,-0.00127917,0.20880466,1.00000000,-0.72054227,-0.07004586
2689,-0.00138619,0.01036877,-1.00000000,-0.90576271,-0.19362551
2690,-0.00540665,-0.00561355,-1.00000000,-0.87561677,-0.32867793
2691,0.00033861,-0.01114347,-1.00000000,-0.86518620,-0.39896471
2692,-0.00150403,-0.21890193,-1.00000000,-0.47331114,-0.41379458
2693,0.00183198,0.07798555,1.00000000,-0.96729394,-0.32741587
2694,0.00153118,-0.01723286,-1.00000000,-0.85370036,-0.24641766
2695,-0.00287877,0.15515617,1.00000000,-0.82173433,-0.17623321
2696,0.00016447,0.13961197,1.00000000,-0.85105387,-0.18106784
2697,0.00099511,-0.08827328,-1.00000000,-0.71970356,-0.11168152
2698,0.00002961,0.06898724,1.00000000,-0.98426660,-0.16172284
2699,-0.00128930,0.11191030,1.00000000,-0.90330490,-0.24003103
2700,-0.00092297,0.06201831,1.00000000,-0.99741144,-0.18572980
2701,0.00033913,-0.00613675,-1.00000000,-0.87462990,-0.18088058
2702,0.00159581,0.01279323,-1.00000000,-0.91033572,-0.16420243
2703,-0.00177564,0.07801269,1.00000000,-0.96724276,-0.21432369
2704,0.00264425,0.14295201,1.00000000,-0.84475388,-0.10511193
2705,0.00192477,-0.03126835,-1.00000000,-0.82722656,-0.02604670
2706,0.00085305,0.19713027,1.00000000,-0.74256256,-0.01177829
2707,0.00082964,0.15995096,1.00000000,-0.81269036,-0.03305054
2708,0.00104268,0.10456933,1.00000000,-0.91715149,0.04519780
2709,-0.00138624,0.10335970,1.00000000,-0.91943310,-0.06670559
2710,0.00108418,0.11436897,1.00000000,-0.89866735,-0.09004378
2711,-0.00035700,-0.01114647,-1.00000000,-0.86518054,-0.12363977
2712,-0.00262036,0.11651348,1.00000000,-0.89462237,-0.21942620
2713,-0.00011004,0.04203980,-1.00000000,-0.96550076,-0.25143054
2714,-0.00038571,-0.07491985,-1.00000000,-0.74489086,-0.22365145
2715,0.00217553,0.05480188,-1.00000000,-0.98957266,-0.19335107
2716,0.00430084,0.04055649,-1.00000000,-0.96270293,-0.06402997
2717,0.00037276,0.17290913,1.00000000,-0.78824860,0.01907159
2718,-0.00164245,0.28273475,1.00000000,-0.58109497,-0.02347476
2719,-0.00307325,0.07975037,1.00000000,-0.96396512,-0.09809223
2720,-0.00283253,-0.02438620,-1.00000000,-0.84020770,-0.23713699
2721,-0.00176846,-0.09832300,-1.00000000,-0.70074773,-0.40564615
2722,0.00285163,-0.08588366,-1.00000000,-0.72421088,-0.33682220
2723,0.00116894,-0.03089776,-1.00000000,-0.82792556,-0.25876624
2724,0.00134819,0.20784684,1.00000000,-0.72234891,-0.13600862
2725,0.00461457,0.12089306,1.00000000,-0.88636158,0.07075393
2726,-0.00226141,0.13015586,1.00000000,-0.86889005,0.05706767
2727,0.00163629,0.29894680,1.00000000,-0.55051571,0.02332465
2728,-0.00369386,-0.05637091,-1.00000000,-0.77987798,-0.11168679
2729,0.00066351,0.14504369,1.00000000,-0.84080853,-0.13069636
2730,0.00082006,-0.13039284,-1.00000000,-0.64025743,-0.23604761
2731,0.00637408,0.09477487,1.00000000,-0.93562584,0.00370966
2732,-0.00266627,0.10286501,1.00000000,-0.92036617,-0.11574733
2733,0.00161504,0.38986997,1.00000000,-0.37901597,0.03164990
2734,-0.00063213,-0.07729197,-1.00000000,-0.74041656,-0.00432246
2735,-0.00014753,0.14394574,1.00000000,-0.84287950,-0.03118696
2736,0.00441947,0.02782243,-1.00000000,-0.93868388,-0.08545496
2737,-0.01068127,0.05286428,-1.00000000,-0.98591795,-0.30798484
2738,-0.00434290,0.28886531,1.00000000,-0.56953147,-0.47340235
2739,-0.00095377,-0.49146888,-1.00000000,0.04080603,-0.48233240
2740,0.00443551,-0.16393253,-1.00000000,-0.57699471,-0.35508812
2741,-0.00129490,0.01120164,-1.00000000,-0.90733367,-0.51374289
2742,-0.00771439,0.28969380,1.00000000,-0.56796878,-0.43136989
2743,0.00271601,-0.00642603,-1.00000000,-0.87408427,-0.23538503
2744,-0.00102217,-0.33815466,-1.00000000,-0.24837604,-0.23728404
2745,-0.00164846,0.20083829,1.00000000,-0.73556848,-0.40620038
2746,0.00411842,0.00766717,-1.00000000,-0.90066692,-0.25590404
2747,-0.00772787,-0.02469656,-1.00000000,-0.83962229,-0.25627826
2748,0.00287478,0.27330843,1.00000000,-0.59887493,-0.25187005
2749,0.00361131,-0.33885116,-1.00000000,-0.24706229,-0.12322529
2750,-0.00152596,0.20904293,1.00000000,-0.72009286,-0.11982408
2751,0.00578008,0.24710328,1.00000000,-0.64830322,-0.07368941
2752,-0.00254600,-0.01836615,-1.00000000,-0.85156275,0.07018075
2753,0.00214038,0.35917517,1.00000000,-0.43691266,0.04979085
2754,0.00161249,-0.07107726,-1.00000000,-0.75213879,-0.00570478
2755,-0.00038777,0.17109286,1.00000000,-0.79167446,0.02589607
2756,0.00604323,0.14381374,1.00000000,-0.84312848,0.03320201
2757,0.00249191,0.04044997,-1.00000000,-0.96250201,0.17307563
2758,0.00394602,0.37277312,1.00000000,-0.41126413,0.22320753
2759,0.00603805,0.18925823,1.00000000,-0.75741085,0.34607962
2760,0.00263952,0.26439933,1.00000000,-0.61567933,0.43012973
2761,-0.00430422,0.37250564,1.00000000,-0.41176865,0.14284152
2762,-0.00484202,0.19688567,1.00000000,-0.74302394,-0.06077924
2763,-0.00164515,-0.16193326,-1.00000000,-0.58076573,-0.21601339
2764,0.00167401,-0.18972466,-1.00000000,-0.52834545,-0.33717730
2765,0.00318926,-0.02452546,-1.00000000,-0.83994502,-0.32191423
2766,0.00030392,0.14699303,1.00000000,-0.83713169,-0.19397323
2767,0.00165163,0.22529359,1.00000000,-0.68944077,-0.01368225
2768,-0.00213644,0.07619299,1.00000000,-0.97067507,-0.02732256
2769,0.00172111,0.14583640,1.00000000,-0.83931332,-0.02601495
2770,0.00063668,-0.04991309,-1.00000000,-0.79205875,-0.09688516
2771,-0.00113080,0.14942678,1.00000000,-0.83254113,-0.13671900
2772,0.00208402,0.09338859,1.00000000,-0.93824066,-0.12471419
2773,-0.00410711,0.00205349,-1.00000000,-0.89007837,-0.17942814
2774,0.00148846,0.16817998,1.00000000,-0.79716875,-0.18588756
2775,0.00116083,-0.15174773,-1.00000000,-0.59997773,-0.17133509
2776,-0.00191952,0.13740438,1.00000000,-0.85521785,-0.19323319
2777,-0.00480274,0.12047391,1.00000000,-0.88715218,-0.38443833
2778,-0.00112141,-0.03870368,-1.00000000,-0.81320200,-0.30154281
2779,-0.00076991,-0.18769473,-1.00000000,-0.53217432,-0.36424448
2780,-0.00305087,0.00253903,-1.00000000,-0.89099419,-0.48117874
2781,-0.00119358,0.02070281,-1.00000000,-0.92525482,-0.46102368
2782,-0.00149544,-0.09716639,-1.00000000,-0.70292933,-0.36919931
2783,-0.00163795,-0.00119070,-1.00000000,-0.88395916,-0.38354058
2784,-0.00151486,-0.01678943,-1.00000000,-0.85453677,-0.40422345
2785,0.00075769,-0.02415323,-1.00000000,-0.84064713,-0.29848197
2786,0.00046522,-0.01779254,-1.00000000,-0.85264470,-0.25242661
2787,0.00088306,0.09964170,1.00000000,-0.92644601,-0.18638952
2788,0.00188801,0.08452841,1.00000000,-0.95495276,-0.08849428
2789,-0.00623702,0.10612010,1.00000000,-0.91422642,-0.21960114
2790,0.00225680,0.15805127,1.00000000,-0.81627358,-0.17797940
2791,0.00054935,-0.26181116,-1.00000000,-0.39237553,-0.17564349
2792,-0.00364157,0.17710890,1.00000000,-0.78032698,-0.30126610
2793,0.00334262,0.08887604,1.00000000,-0.94675224,-0.26088000
2794,0.00129083,-0.12769113,-1.00000000,-0.64535342,-0.05187547
2795,0.00370380,0.23321865,1.00000000,-0.67449248,-0.01170081
2796,0.00193880,0.12719212,1.00000000,-0.87448027,0.02687607
2797,0.00010979,0.25188276,1.00000000,-0.63928814,0.13102967
2798,-0.00002397,0.16067607,1.00000000,-0.81132266,0.03755910
2799,0.00384958,0.06616156,1.00000000,-0.98959641,0.10860058
2800,0.00491177,0.05924942,-1.00000000,-0.99796163,0.14213883
2801,-0.00044076,0.25941590,1.00000000,-0.62507909,0.07607222
2802,-0.00049653,0.31430480,1.00000000,-0.52154738,0.05923816
2803,-0.00118916,0.03771162,-1.00000000,-0.95733693,0.02688746
2804,-0.00227600,0.03482967,-1.00000000,-0.95190098,-0.14318416
2805,-0.00039620,-0.00096232,-1.00000000,-0.88438994,-0.29055559
2806,-0.00151614,-0.05712469,-1.00000000,-0.77845619,-0.32041276
2807,-0.00394616,0.04001423,-1.00000000,-0.96168012,-0.41618898
2808,0.00495522,-0.01785911,-1.00000000,-0.85251913,-0.24559510
2809,-0.00223941,-0.14343088,-1.00000000,-0.61566501,-0.24457925
2810,0.00157472,0.31655031,1.00000000,-0.51731188,-0.18985820
2811,-0.00116983,-0.05523397,-1.00000000,-0.78202247,-0.18024311
2812,-0.00227046,0.14186212,1.00000000,-0.84680963,-0.13371857
2813,0.00252497,0.00003667,-1.00000000,-0.88627423,-0.20119242
2814,0.00494139,-0.05683850,-1.00000000,-0.77899601,-0.00182343
2815,0.00306675,0.19096667,1.00000000,-0.75418839,0.03960149
2816,-0.00101752,0.31583545,1.00000000,-0.51866025,0.04383044
2817,-0.00198332,0.21896298,1.00000000,-0.70138161,0.05180256
2818,0.00003121,0.00790768,-1.00000000,-0.90112058,-0.01743478
2819,-0.00184889,-0.04200065,-1.00000000,-0.80698324,-0.20596140
2820,-0.00203367,0.06210079,1.00000000,-0.99725585,-0.34757047
2821,0.00078654,-0.03505394,-1.00000000,-0.82008615,-0.29748229
2822,0.00319353,-0.04460255,-1.00000000,-0.80207551,-0.15375118
2823,-0.00395325,0.10113278,1.00000000,-0.92363353,-0.26437643
2824,0.00272863,0.22551446,1.00000000,-0.68902416,-0.13728514
2825,-0.00221472,-0.14379706,-1.00000000,-0.61497432,-0.14231185
2826,-0.00015256,0.20149083,1.00000000,-0.73433766,-0.16838514
2827,0.00371852,-0.05395836,-1.00000000,-0.78442854,-0.15380916
2828,0.00035667,0.05260467,-1.00000000,-0.98542826,-0.03414775
2829,-0.00142879,0.25264355,1.00000000,-0.63785314,-0.14957516
2830,0.00403113,0.07891907,1.00000000,-0.96553314,0.02383595
2831,0.00260304,-0.01334490,-1.00000000,-0.86103385,0.10034292
2832,-0.00832457,0.26879776,1.00000000,-0.60738298,-0.23402376
2833,-0.00088275,0.19500093,1.00000000,-0.74657895,-0.26843526
2834,0.00107328,-0.36968619,-1.00000000,-0.18890110,-0.19896731
2835,-0.00400857,0.01487171,-1.00000000,-0.91425617,-0.42218299
2836,-0.00368810,0.11595019,1.00000000,-0.89568484,-0.59685142
2837,0.00112044,-0.14665558,-1.00000000,-0.60958257,-0.33461828
2838,0.00129656,-0.13009533,-1.00000000,-0.64081860,-0.27411149
2839,0.00165086,0.11838721,1.00000000,-0.89108813,-0.25807563
2840,-0.00017627,0.12748812,1.00000000,-0.87392195,-0.15167496
2841,-0.00094697,0.14579644,1.00000000,-0.83938870,-0.07556980
2842,-0.00104993,0.05137940,-1.00000000,-0.98311716,-0.13582849
2843,-0.00138550,0.01155307,-1.00000000,-0.90799654,-0.21029370
2844,0.00437930,0.00623257,-1.00000000,-0.89796098,-0.13454059
2845,0.00326665,-0.01110797,-1.00000000,-0.86525317,-0.03895088
2846,-0.00249761,0.28678958,1.00000000,-0.57344672,-0.08200304
2847,0.00418749,0.22929282,1.00000000,-0.68189740,0.06340966
2848,0.00370956,-0.06857644,-1.00000000,-0.75685584,0.20486984
2849,-0.00101483,0.27687749,1.00000000,-0.59214295,0.05510611
2850,-0.00147683,0.25218046,1.00000000,-0.63872663,-0.07659263
2851,-0.00339973,0.00804644,-1.00000000,-0.90138230,-0.10163926
2852,-0.00100504,-0.01582742,-1.00000000,-0.85635131,-0.24580548
2853,-0.00140092,-0.11519372,-1.00000000,-0.66892610,-0.38769377
2854,-0.00054731,0.00855254,-1.00000000,-0.90233691,-0.37471355
2855,0.00590326,-0.01190477,-1.00000000,-0.86375023,-0.16981147
2856,0.00173247,0.03220547,-1.00000000,-0.94695120,-0.02732030
2857,0.00150323,0.36554030,1.00000000,-0.42490672,0.04231959
2858,0.00079684,0.15001361,1.00000000,-0.83143426,0.10333859
2859,0.00205698,0.13816765,1.00000000,-0.85377816,0.17564460
2860,0.00325426,0.10166497,1.00000000,-0.92262969,0.10209731
2861,-0.00350895,0.16678281,1.00000000,-0.79980410,-0.04342638
2862,0.00178298,0.22865267,1.00000000,-0.68310486,-0.03565925
2863,-0.00056835,-0.12083791,-1.00000000,-0.65828000,-0.07356275
2864,-0.00114863,0.15262398,1.00000000,-0.82651056,-0.16256369
2865,-0.00303249,0.03111826,-1.00000000,-0.94490049,-0.33711019
2866,0.00192946,0.00113253,-1.00000000,-0.88834125,-0.18611722
2867,0.00310731,-0.09621665,-1.00000000,-0.70472075,-0.14934834
2868,0.00081408,0.16019312,1.00000000,-0.81223361,-0.11096622
2869,0.00728044,0.22105894,1.00000000,-0.69742819,0.12305980
2870,-0.00131203,0.10255581,1.00000000,-0.92094939,0.17082687
2871,0.00334298,0.43670627,1.00000000,-0.29067310,0.21007208
2872,0.00039277,-0.00731166,-1.00000000,-0.87241378,0.13470501
2873,-0.00232442,0.23323707,1.00000000,-0.67445773,0.04756721
2874,0.00248174,0.08078428,1.00000000,-0.96201496,-0.08566477
2875,-0.00095076,-0.05962674,-1.00000000,-0.77373681,-0.07563428
2876,-0.00063539,0.18873232,1.00000000,-0.75840281,-0.18609041
2877,0.00079804,0.01135728,-1.00000000,-0.90762723,-0.17483825
2878,-0.00145496,0.02765398,-1.00000000,-0.93836615,-0.15069843
2879,0.00158947,0.10172704,1.00000000,-0.92251263,-0.17547160
2880,0.00053237,-0.01469725,-1.00000000,-0.85848305,-0.13429366
2881,-0.00267009,0.14262402,1.00000000,-0.84537253,-0.19078535
2882,-0.00011370,0.08799845,1.00000000,-0.94840755,-0.21609902
2883,-0.00045232,-0.07748943,-1.00000000,-0.74004411,-0.18826154
2884,-0.00056092,0.05461275,-1.00000000,-0.98921591,-0.24796534
2885,-0.00517006,0.03711440,-1.00000000,-0.95621045,-0.40628874
2886,0.00787169,0.03150216,-1.00000000,-0.94562460,-0.11360499
2887,-0.00072841,-0.20667611,-1.00000000,-0.49637154,-0.13067215
2888,0.00185536,0.46725921,1.00000000,-0.23304398,-0.06660138
2889,0.00020429,0.02284702,-1.00000000,-0.92929924,-0.04535573
2890,-0.00106501,0.15636415,1.00000000,-0.81945583,0.06861768
2891,-0.00287864,0.07104497,1.00000000,-0.98038529,-0.22985624
2892,-0.00066890,0.00545341,-1.00000000,-0.89649132,-0.22820388
2893,-0.00276740,-0.08826623,-1.00000000,-0.71971687,-0.35655115
2894,0.00158499,0.02592243,-1.00000000,-0.93510008,-0.31821733
2895,0.00070382,-0.08251826,-1.00000000,-0.73055872,-0.26910725
2896,-0.00114540,0.14239261,1.00000000,-0.84580902,-0.22098531
2897,0.00097907,0.09685804,1.00000000,-0.93169656,-0.17523076
2898,-0.00423821,0.00129927,-1.00000000,-0.88865576,-0.21606646
2899,0.00035453,0.11108167,1.00000000,-0.90486787,-0.25022909
2900,0.00063915,-0.15852244,-1.00000000,-0.58719925,-0.25202459
2901,-0.00020025,0.07880844,1.00000000,-0.96574179,-0.22578337
2902,-0.00225213,0.09351623,1.00000000,-0.93799989,-0.31549506
2903,0.00184881,0.05013993,-1.00000000,-0.98077926,-0.14649382
2904,-0.00203607,-0.05589146,-1.00000000,-0.78078232,-0.21286699
2905,-0.00073278,0.15602594,1.00000000,-0.82009377,-0.25095751
2906,0.00113212,-0.04472658,-1.00000000,-0.80184156,-0.21396519
2907,-0.00009088,0.02262141,-1.00000000,-0.92887370,-0.15395967
2908,-0.00217788,0.11899074,1.00000000,-0.88994974,-0.26575758
2909,-0.00008816,0.05579199,-1.00000000,-0.99144020,-0.21167527
2910,0.00470127,-0.05205449,-1.00000000,-0.78801963,-0.06080327
2911,-0.00142636,0.05593245,-1.00000000,-0.99170514,-0.13183753
2912,0.00590475,0.30342729,1.00000000,-0.54206458,0.03462606
2913,0.00241118,-0.01321959,-1.00000000,-0.86127021,0.16203745
2914,0.00150870,0.36561724,1.00000000,-0.42476158,0.20637302
2915,-0.00155080,0.18508606,1.00000000,-0.76528041,0.03278937
2916,-0.00066106,0.13845067,1.00000000,-0.85324433,0.05403741
2917,0.00024356,-0.01964996,-1.00000000,-0.84914122,-0.10314098
2918,-0.00264614,0.02632766,-1.00000000,-0.93586444,-0.24355333
2919,-0.00090266,0.07307379,1.00000000,-0.97655854,-0.31050282
2920,-0.00314694,-0.07625211,-1.00000000,-0.74237796,-0.35481842
2921,0.00232649,0.01384298,-1.00000000,-0.91231578,-0.27187172
2922,-0.00149899,-0.10213101,-1.00000000,-0.69356504,-0.32025198
2923,-0.00044058,0.18070966,1.00000000,-0.77353520,-0.25901618
2924,-0.00169724,-0.01697250,-1.00000000,-0.85419146,-0.28107704
2925,-0.00349390,0.03772116,-1.00000000,-0.95735491,-0.29070999
2926,-0.00178144,-0.02721712,-1.00000000,-0.83486799,-0.40476324
2927,-0.00265614,-0.12006004,-1.00000000,-0.65974721,-0.43689062
2928,0.00095755,-0.03156845,-1.00000000,-0.82666050,-0.39807267
2929,0.00075899,-0.07676859,-1.00000000,-0.74140377,-0.32987765
2930,0.00013423,0.10996986,1.00000000,-0.90696497,-0.22914559
2931,-0.00299572,0.09970877,1.00000000,-0.92631949,-0.26285893
2932,-0.00021217,0.06742441,1.00000000,-0.98721442,-0.19500405
2933,-0.00306490,-0.09431636,-1.00000000,-0.70830507,-0.30668412
2934,-0.00348528,0.04952421,-1.00000000,-0.97961789,-0.42452269
2935,-0.00019690,-0.09789123,-1.00000000,-0.70156213,-0.43371635
2936,-0.00048885,-0.11961465,-1.00000000,-0.66058732,-0.36411518
2937,-0.00082538,0.05031298,-1.00000000,-0.98110566,-0.38114051
2938,-0.00121230,0.03522668,-1.00000000,-0.95264982,-0.32970472
2939,-0.00016041,0.01783634,-1.00000000,-0.91984807,-0.23739241
2940,-0.00166912,-0.00215794,-1.00000000,-0.88213476,-0.27826725
2941,0.00218717,0.05219880,-1.00000000,-0.98466271,-0.20396989
2942,0.00119798,-0.02576406,-1.00000000,-0.83760878,-0.14779301
2943,-0.00027969,0.17351037,1.00000000,-0.78711454,-0.12189969
2944,-0.00045905,0.12239383,1.00000000,-0.88353082,-0.13019113
2945,0.00826496,0.04603521,-1.00000000,-0.97303692,0.14562032
2946,0.00213374,0.03676661,-1.00000000,-0.95555443,0.14413690
2947,0.00027167,0.48758154,1.00000000,-0.19471191,0.11841858
2948,0.00268911,0.17074940,1.00000000,-0.79232230,0.20084465
2949,-0.00203528,0.07452640,1.00000000,-0.97381860,0.15708188
2950,0.00317225,0.19944821,1.00000000,-0.73819046,0.01568714
2951,-0.00160118,-0.04468550,-1.00000000,-0.80191905,-0.08800980
2952,0.00089036,0.22441491,1.00000000,-0.69109814,-0.07083228
2953,0.00065361,-0.02225334,-1.00000000,-0.84423071,-0.12734617
2954,0.00141824,0.10649754,1.00000000,-0.91351449,-0.03146197
2955,-0.00222925,0.09426346,1.00000000,-0.93659047,-0.18143019
2956,0.00117793,0.13377603,1.00000000,-0.86206165,-0.10427036
2957,0.00077748,-0.05470886,-1.00000000,-0.78301294,-0.10740433
2958,-0.00159746,0.12135804,1.00000000,-0.88548452,-0.16990331
2959,0.00135677,0.10066452,1.00000000,-0.92451676,-0.17161010
2960,-0.00312479,-0.02206085,-1.00000000,-0.84459379,-0.19647406
2961,-0.00082831,0.13059931,1.00000000,-0.86805359,-0.25217572
2962,-0.00201750,-0.10098615,-1.00000000,-0.69572449,-0.32977598
2963,0.00051158,0.01768505,-1.00000000,-0.91956271,-0.27122036
2964,0.00423954,-0.04376660,-1.00000000,-0.80365229,-0.19118255
2965,0.00288703,0.08692401,1.00000000,-0.95043418,-0.02426941
2966,0.00142874,0.27956725,1.00000000,-0.58706952,0.03839563
2967,0.00109861,0.20967581,1.00000000,-0.71889910,0.12491177
2968,-0.00070216,0.13431843,1.00000000,-0.86103857,0.09121325
2969,0.00294138,0.11725892,1.00000000,-0.89321631,0.05517083
2970,0.00021792,0.02420366,-1.00000000,-0.93185814,-0.01893481
2971,-0.00210289,0.21248440,1.00000000,-0.71360153,-0.11698747
2972,0.00132365,0.07174896,1.00000000,-0.97905744,-0.11073942
2973,0.00020173,-0.04817906,-1.00000000,-0.79532948,-0.08564352
2974,0.00238394,0.12888792,1.00000000,-0.87128164,-0.10112020
2975,0.00079625,0.07091264,1.00000000,-0.98063491,-0.08506333
2976,0.00078660,0.18367890,1.00000000,-0.76793460,-0.00483914
2977,0.00107251,0.10163431,1.00000000,-0.92268753,-0.01181191
2978,0.00050540,0.10113574,1.00000000,-0.92362795,-0.00338088
2979,0.00033226,0.11591007,1.00000000,-0.89576051,-0.06034432
2980,0.00032237,0.08660462,1.00000000,-0.95103661,-0.07350125
2981,0.00124042,0.07765745,1.00000000,-0.96791281,-0.06090136
2982,0.00100143,0.07714639,1.00000000,-0.96887677,-0.06287480
2983,-0.00037471,0.12458689,1.00000000,-0.87939426,-0.08731020
2984,-0.00377844,0.11223707,1.00000000,-0.90268855,-0.20144026
2985,-0.00239045,0.04112499,-1.00000000,-0.96377523,-0.27675942
2986,0.00080671,-0.13476362,-1.00000000,-0.63201325,-0.28880090
2987,0.00141485,-0.06303910,-1.00000000,-0.76730039,-0.27732272
2988,0.00040359,0.10217506,1.00000000,-0.92166757,-0.25571393
2989,-0.00198854,0.13360049,1.00000000,-0.86239276,-0.20601889
2990,0.00141079,0.08134368,1.00000000,-0.96095982,-0.10048059
2991,-0.00061068,-0.04227026,-1.00000000,-0.80647469,-0.13983328
2992,0.00126268,0.13339082,1.00000000,-0.86278824,-0.14405809
2993,0.00073389,0.02893107,-1.00000000,-0.94077501,-0.13488765
2994,0.00242226,0.12573719,1.00000000,-0.87722455,-0.01242538
2995,-0.00063156,0.09841189,1.00000000,-0.92876568,-0.06912963
2996,-0.00006363,0.18565888,1.00000000,-0.76419996,-0.05394123
2997,0.00344848,0.02785177,-1.00000000,-0.93873922,0.00674586
2998,-0.00087560,0.05720002,-1.00000000,-0.99409605,-0.03794025
2999,0.00087585,0.23868917,1.00000000,-0.66417395,-0.08087506
3000,-0.00040533,0.01524123,-1.00000000,-0.91495316,-0.07459390
3001,-0.00176410,0.10574779,1.00000000,-0.91492866,-0.12180612
3002,0.00201872,0.03954237,-1.00000000,-0.96079009,-0.16150240
3003,-0.00205295,-0.03067227,-1.00000000,-0.82835089,-0.19419044
3004,-0.00530454,0.16480570,1.00000000,-0.80353334,-0.36578385
3005,0.00106326,-0.04559839,-1.00000000,-0.80019716,-0.32500970
3006,0.00082130,-0.21362517,-1.00000000,-0.48326419,-0.25322829
3007,0.00265184,0.11543201,1.00000000,-0.89666224,-0.23565008
3008,-0.00193805,0.10292868,1.00000000,-0.92024608,-0.23245999
3009,-0.00288874,0.19752260,1.00000000,-0.74182255,-0.16538732
3010,0.00405855,-0.03966094,-1.00000000,-0.81139640,-0.08222545
3011,0.00047842,-0.08878821,-1.00000000,-0.71873229,-0.09174506
3012,0.00137879,0.27021448,1.00000000,-0.60471076,-0.12709039
3013,0.00026657,0.08521061,1.00000000,-0.95366600,-0.06588110
3014,0.00018564,0.13173719,1.00000000,-0.86590732,0.01947646
3015,-0.00157185,0.07426297,1.00000000,-0.97431549,-0.13684692
3016,-0.00043904,0.07008091,1.00000000,-0.98220371,-0.16231942
3017,0.00027783,-0.02073762,-1.00000000,-0.84708967,-0.19288653
3018,0.00072841,0.03780070,-1.00000000,-0.95750494,-0.18006383
3019,0.00159569,0.07484510,1.00000000,-0.97321747,-0.14091480
3020,0.00116705,0.09812883,1.00000000,-0.92929959,-0.06487140
3021,-0.00000735,0.14294586,1.00000000,-0.84476548,-0.05288587
3022,0.00350990,0.12079582,1.00000000,-0.88654500,0.03684973
3023,0.00250899,0.06010841,-1.00000000,-0.99958186,0.08628612
3024,0.00126254,0.24186274,1.00000000,-0.65818796,0.07703636
3025,-0.00102725,0.19014078,1.00000000,-0.75574617,0.01611340
3026,-0.00067245,0.12573003,1.00000000,-0.87723806,-0.00235261
3027,0.00274873,0.00740483,-1.00000000,-0.90017210,-0.02348588
3028,0.00697502,0.02573911,-1.00000000,-0.93475432,0.10050957
3029,0.00012992,0.20252908,1.00000000,-0.73237931,0.06906344
3030,0.00047158,0.42092351,1.00000000,-0.32044263,0.11067716
3031,0.00293685,0.06720191,1.00000000,-0.98763411,0.21088646
3032,-0.00262273,0.08485707,1.00000000,-0.95433284,0.06175251
3033,0.00304314,0.21225061,1.00000000,-0.71404250,-0.04741289
3034,0.00006548,-0.07504191,-1.00000000,-0.74466063,-0.04920226
3035,0.00018848,0.21774275,1.00000000,-0.70368321,-0.05706222
3036,-0.00148193,0.06387150,1.00000000,-0.99391594,-0.17974602
3037,0.00305961,0.07022796,1.00000000,-0.98192635,-0.02198064
3038,-0.00437759,-0.01609085,-1.00000000,-0.85585443,-0.22801112
3039,-0.00392913,0.21859407,1.00000000,-0.70207744,-0.33891814
3040,-0.00009940,-0.16572517,-1.00000000,-0.57361341,-0.34691110
3041,0.00071796,-0.14255079,-1.00000000,-0.61732505,-0.28583297
3042,-0.00325535,0.05535129,-1.00000000,-0.99060896,-0.46116269
3043,0.00035573,0.09758896,1.00000000,-0.93031790,-0.32974586
3044,0.00112044,-0.10773300,-1.00000000,-0.68299854,-0.18954871
3045,0.00306170,0.07887037,1.00000000,-0.96562499,-0.10178337
3046,-0.00115313,0.11838686,1.00000000,-0.89108878,-0.15373268
3047,0.00019448,0.21870184,1.00000000,-0.70187417,-0.05795083
3048,-0.00091473,0.00089990,-1.00000000,-0.88790248,-0.09322411
3049,0.00047630,0.07053804,1.00000000,-0.98134148,-0.11110792
3050,-0.00081945,0.01321905,-1.00000000,-0.91113891,-0.21886472
3051,0.00217743,0.08510118,1.00000000,-0.95387240,-0.12639453
3052,0.00214088,0.01814279,-1.00000000,-0.92042609,-0.07235442
3053,0.00194418,0.17300722,1.00000000,-0.78806359,0.00702088
3054,-0.00077879,0.17111852,1.00000000,-0.79162606,-0.02782576
3055,-0.00262864,0.16095390,1.00000000,-0.81079862,-0.07805648
3056,-0.00058001,0.02024395,-1.00000000,-0.92438931,-0.15461449
3057,0.00171975,-0.07534760,-1.00000000,-0.74408405,-0.16630679
3058,-0.00106376,0.03051596,-1.00000000,-0.94376444,-0.24981969
3059,0.00263057,0.14935659,1.00000000,-0.83267353,-0.15516172
3060,0.00092459,0.00551808,-1.00000000,-0.89661331,-0.05650925
3061,-0.00037781,0.19642318,1.00000000,-0.74389628,-0.05089527
3062,-0.00194808,0.10826628,1.00000000,-0.91017827,-0.15272952
3063,-0.00066704,0.04096482,-1.00000000,-0.96347313,-0.14171505
3064,0.00396709,-0.04017929,-1.00000000,-0.81041869,-0.10460761
3065,-0.00015664,0.02601843,-1.00000000,-0.93528117,-0.13462702
3066,0.00281837,0.26548825,1.00000000,-0.61362539,-0.04588770
3067,0.00028254,0.05239359,-1.00000000,-0.98503012,0.01604357
3068,0.00247975,0.20612815,1.00000000,-0.72559071,0.10341177
