seq_idx,target_return,feat_logret,feat_sign,feat_absret,feat_rollmean
0,0.00347467,0.06544014,-1.00000000,-0.88890006,0.24382140
1,-0.00002985,0.31697397,1.00000000,-0.66568501,0.27132997
2,0.00002713,0.29003447,1.00000000,-0.71344559,0.22540800
3,-0.00093700,0.12686463,-1.00000000,-0.99779846,0.23618366
4,0.00161333,0.12951779,1.00000000,-0.99802277,0.17238506
5,0.00016345,0.08462786,-1.00000000,-0.92291763,0.08580468
6,0.00085198,0.20337080,1.00000000,-0.86709007,0.10886249
7,0.00003915,0.13586486,1.00000000,-0.98677017,0.10917657
8,-0.00041264,0.16792258,1.00000000,-0.92993561,0.12288734
9,-0.00067915,0.13007707,1.00000000,-0.99703124,0.06294437
10,0.00179745,0.10904198,-1.00000000,-0.96620100,0.10566958
11,-0.00087278,0.09663317,-1.00000000,-0.94420163,0.06057111
12,0.00202286,0.21194363,1.00000000,-0.85189145,0.11244045
13,-0.00082402,0.08761785,-1.00000000,-0.92821854,0.10168392
14,-0.00132138,0.22243836,1.00000000,-0.83328553,0.08489124
15,0.00275215,0.08988834,-1.00000000,-0.93224384,0.10985439
16,0.00318625,0.06673123,-1.00000000,-0.89118901,0.21598853
17,0.00292971,0.25639435,1.00000000,-0.77308555,0.23970062
18,0.00127043,0.27660592,1.00000000,-0.73725281,0.29446546
19,-0.00039234,0.26466136,1.00000000,-0.75842913,0.31875773
20,-0.00168116,0.18740552,1.00000000,-0.89539465,0.20283705
21,-0.00021847,0.10998733,-1.00000000,-0.96787699,0.11381154
22,-0.00090952,0.04997984,-1.00000000,-0.86149077,0.01342478
23,-0.00170498,0.11808239,-1.00000000,-0.98222858,-0.06437521
24,0.00167083,0.08590738,-1.00000000,-0.92518608,-0.01042826
25,0.00002300,0.04887072,-1.00000000,-0.85952443,0.03413160
26,-0.00088674,0.20604813,1.00000000,-0.86234348,0.01665805
27,-0.00360584,0.12932549,1.00000000,-0.99836370,-0.05384431
28,-0.00335819,0.08696806,-1.00000000,-0.92706653,-0.09707173
29,-0.00038376,-0.03963285,-1.00000000,-0.70261801,-0.15079429
30,0.00211717,-0.02810232,-1.00000000,-0.72306029,-0.09603684
31,-0.00003778,0.11038689,-1.00000000,-0.96858537,-0.07383850
32,0.00053198,0.22682951,1.00000000,-0.82550054,0.03435554
33,0.00135761,0.12649560,-1.00000000,-0.99714421,0.15766245
34,0.00143148,0.15302319,1.00000000,-0.95635047,0.20512662
35,-0.00047758,0.19146450,1.00000000,-0.88819854,0.13728008
36,-0.00239757,0.19490410,1.00000000,-0.88210053,0.07557697
37,-0.00048675,0.10601837,-1.00000000,-0.96084049,0.04893980
38,-0.00662025,0.01662377,-1.00000000,-0.80235439,-0.15966219
39,0.00160147,0.10559163,-1.00000000,-0.96008393,-0.15521737
40,-0.00108242,-0.17998325,-1.00000000,-0.45379326,-0.17103248
41,-0.00000573,0.20281878,1.00000000,-0.86806875,-0.10849144
42,-0.00172327,0.07785715,-1.00000000,-0.91091397,-0.14082371
43,-0.00213511,0.12798766,-1.00000000,-0.99978946,-0.02354792
44,0.00090421,0.04801907,-1.00000000,-0.85801456,-0.04177978
45,0.00186641,0.02884424,-1.00000000,-0.82401984,0.03532521
46,-0.00030626,0.17035415,1.00000000,-0.92562471,0.02746709
47,0.00366771,0.21515440,1.00000000,-0.84619914,0.16842861
48,0.00060613,0.11399507,-1.00000000,-0.97498225,0.24010532
49,0.00500572,0.29902261,1.00000000,-0.69751066,0.34735026
50,0.00289120,0.15647559,1.00000000,-0.95022977,0.37414592
51,0.00141048,0.36132018,1.00000000,-0.58706440,0.41903455
52,-0.00266893,0.26286817,1.00000000,-0.76160824,0.25334648
53,0.00041051,0.19392614,1.00000000,-0.88383434,0.24823168
54,-0.00028496,0.00398967,-1.00000000,-0.77995560,0.10989294
55,0.00087357,0.14736790,1.00000000,-0.96637664,0.05713670
56,-0.00105490,0.11498689,-1.00000000,-0.97674063,-0.00732723
57,0.00363727,0.16892761,1.00000000,-0.92815380,0.15756484
58,-0.00022016,0.07913826,-1.00000000,-0.91318522,0.14107433
59,-0.00059567,0.29760522,1.00000000,-0.70002353,0.13294981
60,-0.00430643,0.11800402,-1.00000000,-0.98208964,-0.00249481
61,0.00268731,0.10051995,-1.00000000,-0.95109243,0.09535532
62,0.00130251,-0.07225226,-1.00000000,-0.64478763,0.03430693
63,-0.00143026,0.25337540,1.00000000,-0.77843780,0.00266566
64,0.00138521,0.18889922,1.00000000,-0.89274649,0.05446102
65,-0.00002682,0.06166189,-1.00000000,-0.88220167,0.16636260
66,0.00164720,0.19274951,1.00000000,-0.88592038,0.13916612
67,-0.00248418,0.12700563,-1.00000000,-0.99804844,0.04015308
68,-0.00023700,0.20494790,1.00000000,-0.86429406,0.07135406
69,0.00037674,0.01259136,-1.00000000,-0.79520540,0.04498491
70,-0.00172103,0.11722000,-1.00000000,-0.98069966,0.00068530
71,0.00022051,0.14579521,1.00000000,-0.96916482,-0.03661925
72,0.00104271,0.04812340,-1.00000000,-0.85819951,0.05560068
73,-0.00181059,0.13852143,1.00000000,-0.98206038,0.01445491
74,0.00129246,0.17680306,1.00000000,-0.91419155,0.03839891
75,0.00027342,0.04395366,-1.00000000,-0.85080706,0.09054918
76,0.00168232,0.18843116,1.00000000,-0.89357630,0.12877208
77,0.00094771,0.14098494,1.00000000,-0.97769288,0.12628785
78,0.00365370,0.20658314,1.00000000,-0.86139497,0.26916614
79,0.00176567,0.17237951,1.00000000,-0.92203398,0.28153962
80,-0.00227489,0.29837031,1.00000000,-0.69866712,0.21490724
81,-0.00094333,0.21046404,1.00000000,-0.85451460,0.14625259
82,-0.00024468,0.02233580,-1.00000000,-0.81248113,0.11507448
83,-0.00037513,0.08433302,-1.00000000,-0.92239492,0.00973004
84,0.00015280,0.11686212,-1.00000000,-0.98006519,-0.03244272
85,0.00109913,0.11078842,-1.00000000,-0.96929724,0.05577994
86,-0.00114715,0.13536900,1.00000000,-0.98764928,0.05045061
87,0.00322874,0.17942974,1.00000000,-0.90953476,0.14127233
88,0.00021388,0.07484333,-1.00000000,-0.90557081,0.15667359
89,-0.00269582,0.27858409,1.00000000,-0.73374576,0.08218891
90,-0.00228305,0.13821273,1.00000000,-0.98260768,-0.00624696
91,0.00036884,0.00273762,-1.00000000,-0.77773587,0.03339255
92,-0.00020081,0.02195615,-1.00000000,-0.81180806,-0.05628213
93,0.00134899,0.14542753,1.00000000,-0.96981667,-0.02660165
94,0.00035807,0.11890461,-1.00000000,-0.98368628,0.05325029
95,0.00476347,0.19106336,1.00000000,-0.88890973,0.23750005
96,-0.00081978,0.14492622,1.00000000,-0.97070545,0.20642038
97,0.00004912,0.35004104,1.00000000,-0.60706099,0.21295555
98,-0.00027737,0.09008542,-1.00000000,-0.93259325,0.17043001
99,0.00137193,0.13054148,1.00000000,-0.99620790,0.19693998
100,0.00109311,0.11534012,-1.00000000,-0.97736686,0.10096872
101,-0.00063965,0.19213128,1.00000000,-0.88701642,0.10567892
102,-0.00173042,0.17914952,1.00000000,-0.91003155,0.05914822
103,-0.00236971,0.09847266,-1.00000000,-0.94746284,0.00443847
104,0.00201031,0.04768644,-1.00000000,-0.85742484,0.02113059
105,-0.00401042,0.01792104,-1.00000000,-0.80465429,-0.11231454
106,-0.00070459,0.22185416,1.00000000,-0.83432125,-0.11401259
107,-0.00071045,-0.05846994,-1.00000000,-0.66922207,-0.08734272
108,0.00300267,0.09544902,-1.00000000,-0.94210228,0.05313236
109,0.00042411,0.09517621,-1.00000000,-0.94161861,0.01165705
110,0.00120826,0.26805841,1.00000000,-0.75240655,0.14811306
111,-0.00176944,0.14800103,1.00000000,-0.96525417,0.12026975
112,-0.00116423,0.18451088,1.00000000,-0.90052650,0.10840438
113,-0.00306990,0.04586975,-1.00000000,-0.85420406,-0.05037884
114,0.00377252,0.07404809,-1.00000000,-0.90416095,0.03717421
115,-0.00147395,-0.01467940,-1.00000000,-0.74685753,-0.03295929
116,0.00091179,0.30390263,1.00000000,-0.68885897,0.03714855
117,0.00142303,0.05962745,-1.00000000,-0.87859484,0.10479925
118,-0.00061475,0.17070749,1.00000000,-0.92499829,0.16899550
119,0.00362192,0.19451051,1.00000000,-0.88279832,0.16505746
120,0.00059214,0.09963184,-1.00000000,-0.94951793,0.21908086
121,0.00360673,0.29689035,1.00000000,-0.70129092,0.28954709
122,-0.00598989,0.15582437,1.00000000,-0.95138431,0.09571687
123,-0.00630445,0.29618340,1.00000000,-0.70254426,-0.05305534
124,-0.00122200,-0.15063384,-1.00000000,-0.50582631,-0.17971224
125,-0.00285470,-0.16527985,-1.00000000,-0.47986066,-0.26983882
126,-0.00877304,0.07135837,-1.00000000,-0.89939238,-0.59354058
127,-0.00009353,-0.00465979,-1.00000000,-0.76462113,-0.43936478
128,0.00425930,-0.28021710,-1.00000000,-0.27609044,-0.16314784
129,-0.00556211,0.12389975,-1.00000000,-0.99254208,-0.27663151
130,0.00160802,0.32656666,1.00000000,-0.64867830,-0.15994217
131,0.00177591,-0.13071666,-1.00000000,-0.54113712,0.11588783
132,-0.00107114,0.20312343,1.00000000,-0.86752863,0.09032561
133,0.00254082,0.21094041,1.00000000,-0.85367004,0.04539153
134,-0.01915796,0.07838231,-1.00000000,-0.91184500,-0.31010772
135,-0.01264522,0.24655467,1.00000000,-0.79053016,-0.68279591
136,-0.00420256,-0.76373746,-1.00000000,0.58113430,-0.83911870
137,0.00188461,-0.46050492,-1.00000000,0.04353867,-0.76183283
138,-0.00656774,-0.06741622,-1.00000000,-0.65336137,-1.00000000
139,-0.00043531,0.21600161,1.00000000,-0.84469714,-0.51044695
140,0.00080593,-0.17753841,-1.00000000,-0.45812768,-0.15873129
141,0.00124158,0.10798663,-1.00000000,-0.96432999,-0.01637988
142,0.00438960,0.16577862,1.00000000,-0.93373659,0.04911963
143,0.00289515,0.18606224,1.00000000,-0.89777612,0.29655178
144,0.00170802,0.33263351,1.00000000,-0.63792250,0.35259472
145,0.00406104,0.26305239,1.00000000,-0.76128163,0.43770814
146,-0.02423235,0.20777966,1.00000000,-0.85927369,-0.22837462
147,0.00751084,0.31733608,1.00000000,-0.66504303,-0.14676156
148,0.00940862,-1.00000000,-1.00000000,1.00000000,0.02355024
149,0.00640901,0.47795803,1.00000000,-0.38027921,0.14646997
150,0.01043699,0.56631861,1.00000000,-0.22362629,0.31318588
151,-0.00522503,0.42665704,1.00000000,-0.47122984,0.81018225
152,0.00554188,0.61419927,1.00000000,-0.13873951,0.75869864
153,-0.00463553,-0.11502194,-1.00000000,-0.56896202,0.39147720
154,-0.00534976,0.38628360,1.00000000,-0.54280720,0.08401332
155,0.00728864,-0.08757534,-1.00000000,-0.61762161,0.00169143
156,0.00093072,-0.12082945,-1.00000000,-0.55866599,0.16264967
157,0.01702466,0.46761256,1.00000000,-0.39862051,0.46289725
158,-0.00640469,0.17158882,1.00000000,-0.92343578,0.41663805
159,0.00104980,0.92092034,1.00000000,0.40504086,0.58397130
160,0.00041251,-0.16994691,-1.00000000,-0.47158651,0.40417666
161,-0.00244293,0.17713300,1.00000000,-0.91360662,0.31596368
162,-0.00030077,0.14746070,1.00000000,-0.96621210,-0.13705538
163,-0.00243683,0.01451211,-1.00000000,-0.79861066,-0.03330537
164,-0.00126373,0.11425061,-1.00000000,-0.97543529,-0.09379864
165,0.00097198,0.01479585,-1.00000000,-0.79911369,-0.07916970
166,0.00142761,0.06941547,-1.00000000,-0.89594786,0.02203581
167,0.00056497,0.17350977,1.00000000,-0.92003016,0.04467295
168,0.00196948,0.19472401,1.00000000,-0.88241982,0.15988766
169,-0.00041070,0.15455949,1.00000000,-0.95362678,0.18219242
170,0.00670018,0.21995327,1.00000000,-0.83769131,0.33197128
171,-0.01409487,0.10913251,-1.00000000,-0.96636149,-0.07390486
172,0.00344723,0.44021396,1.00000000,-0.44719501,0.00145938
173,0.00062617,-0.52800056,-1.00000000,0.16320050,-0.03366498
174,0.01872312,0.28875706,1.00000000,-0.71571029,0.46663885
175,0.00047553,0.15740897,1.00000000,-0.94857499,0.30387890
176,0.00257117,1.00000000,1.00000000,0.54523980,0.73965623
177,-0.00276556,0.15039498,1.00000000,-0.96100997,0.57720637
178,-0.00061676,0.24796764,1.00000000,-0.78802512,0.54470652
179,-0.00138266,-0.00050978,-1.00000000,-0.77197861,0.01898821
180,0.00361695,0.09953803,-1.00000000,-0.94935161,0.10112896
181,-0.00021758,0.06387812,-1.00000000,-0.88613079,0.02820991
182,-0.00270933,0.29665915,1.00000000,-0.70170080,0.02968018
183,0.00084107,0.11812412,-1.00000000,-0.98230256,0.06779918
184,-0.00145880,0.00210826,-1.00000000,-0.77662009,0.06580823
185,-0.00270148,0.16741475,1.00000000,-0.93083593,-0.09940373
186,0.00005604,0.06033292,-1.00000000,-0.87984556,-0.09224920
187,0.00032424,0.00247398,-1.00000000,-0.77726847,-0.01292849
188,0.00088323,0.13086386,1.00000000,-0.99563636,-0.01182608
189,0.01337398,0.14335092,1.00000000,-0.97349826,0.37601602
190,0.00247001,0.16937776,1.00000000,-0.92735573,0.51123809
191,-0.00465965,0.75094510,1.00000000,0.10369476,0.38793383
192,0.00021182,0.24325757,1.00000000,-0.79637553,0.38499430
193,0.00863034,-0.08869824,-1.00000000,-0.61563084,0.58756269
194,-0.00541823,0.13811664,1.00000000,-0.98277803,0.09619083
195,0.00053965,0.53008177,1.00000000,-0.28786995,0.04571668
196,-0.00067777,-0.12401766,-1.00000000,-0.55301367,0.14983345
197,-0.00232091,0.15338062,1.00000000,-0.95571678,0.08360861
198,0.00294270,0.09669758,-1.00000000,-0.94431582,-0.06510956
199,0.00868222,0.02019320,-1.00000000,-0.80868255,0.30358382
200,-0.00134336,0.26526631,1.00000000,-0.75735662,0.25434738
201,0.00146697,0.53249730,1.00000000,-0.28358750,0.31042732
202,0.00550812,0.06570761,-1.00000000,-0.88937426,0.51513792
203,-0.00340504,0.19655649,1.00000000,-0.87917105,0.34915941
204,-0.00511120,0.38471174,1.00000000,-0.54559392,-0.01150582
205,-0.00035223,-0.03028382,-1.00000000,-0.71919273,0.01441005
206,0.00617136,-0.10972230,-1.00000000,-0.57835765,0.13741872
207,0.00188221,0.11185477,-1.00000000,-0.97118775,0.04260987
208,-0.00209489,0.41559224,1.00000000,-0.49084642,0.07686721
209,-0.00719025,0.21589009,1.00000000,-0.84489486,0.02250506
210,0.00445163,0.03071660,-1.00000000,-0.82733932,0.14811458
211,-0.00238824,-0.20652242,-1.00000000,-0.40674243,-0.07569870
212,0.00039279,0.33552174,1.00000000,-0.63280201,-0.11464355
213,-0.00007351,0.01705847,-1.00000000,-0.80312505,-0.06178908
214,0.00146175,0.14654282,1.00000000,-0.96783940,0.16444020
215,0.00452081,0.12483207,-1.00000000,-0.99419496,0.16624897
216,-0.00531596,0.19631343,1.00000000,-0.87960197,0.08969598
217,-0.00254626,0.33874252,1.00000000,-0.62709193,0.01284664
218,-0.00020946,-0.11925583,-1.00000000,-0.56145582,0.00929162
219,-0.00187795,0.00970080,-1.00000000,-0.79008077,-0.07803371
220,-0.00401432,0.11850181,-1.00000000,-0.98297217,-0.30120696
221,-0.00476895,0.04081732,-1.00000000,-0.84524670,-0.28690386
222,-0.00231207,-0.05865159,-1.00000000,-0.66890002,-0.28078011
223,0.00128877,-0.09378697,-1.00000000,-0.60660912,-0.24160487
224,0.00140651,0.02060506,-1.00000000,-0.80941275,-0.15572390
225,-0.00141897,0.18825933,1.00000000,-0.89388093,-0.08786174
226,0.00039635,0.19374153,1.00000000,-0.88416164,0.04719853
227,-0.00162897,0.06218736,-1.00000000,-0.88313326,0.06505988
228,-0.00226425,0.14670850,1.00000000,-0.96754566,-0.02784316
229,0.00167911,0.05240992,-1.00000000,-0.86579901,-0.02071533
230,-0.00143077,0.02283126,-1.00000000,-0.81335953,-0.02102379
231,0.00231198,0.20643373,1.00000000,-0.86165986,0.02906528
232,0.00194432,0.06163809,-1.00000000,-0.88215947,0.12249820
233,0.00428314,0.23589976,1.00000000,-0.80942005,0.29369697
234,0.00019638,0.21878152,1.00000000,-0.83976867,0.25492706
235,0.00241648,0.32767685,1.00000000,-0.64671006,0.35552344
236,-0.00075267,0.13739798,1.00000000,-0.98405212,0.27539031
237,0.00002779,0.24076533,1.00000000,-0.80079397,0.22527773
238,-0.00298388,0.09321046,-1.00000000,-0.93813358,0.03526235
239,-0.00129999,0.12954841,1.00000000,-0.99796850,-0.00386421
240,-0.00008981,-0.01067460,-1.00000000,-0.75395758,-0.06939771
241,0.00071483,0.06772716,-1.00000000,-0.89295469,-0.03102619
242,0.00002988,0.12407291,-1.00000000,-0.99284906,-0.03097144
243,-0.00076099,0.16153682,1.00000000,-0.94125680,0.02715198
244,0.00229060,0.12964590,1.00000000,-0.99779566,0.12103734
245,0.00026500,0.09282305,-1.00000000,-0.93744675,0.13031474
246,0.00259643,0.23490440,1.00000000,-0.81118470,0.17951421
247,-0.00218950,0.14059273,1.00000000,-0.97838820,0.12148268
248,-0.00092606,0.24914401,1.00000000,-0.78593956,0.11716628
249,0.00169590,0.02631188,-1.00000000,-0.81953026,0.10161629
250,0.00129404,0.08513704,-1.00000000,-0.92382034,0.12852334
251,-0.00029017,0.20721528,1.00000000,-0.86027427,0.05304551
252,-0.00241074,0.18850485,1.00000000,-0.89344566,0.04726046
253,-0.00090351,0.11474419,-1.00000000,-0.97631034,0.04785016
254,0.00077115,0.01601071,-1.00000000,-0.80126750,0.02367029
255,0.00123605,0.08618708,-1.00000000,-0.92568195,0.02215385
256,-0.00071853,0.16415932,1.00000000,-0.93660742,0.01095325
257,0.00149128,0.18580460,1.00000000,-0.89823288,0.11298192
258,-0.00070378,0.09479980,-1.00000000,-0.94095128,0.11820448
259,0.00221312,0.19768838,1.00000000,-0.87716434,0.15590856
260,0.00035732,0.09548665,-1.00000000,-0.94216898,0.13293192
261,-0.00193806,0.23129720,1.00000000,-0.81757986,0.10104410
262,0.00064216,0.14489118,1.00000000,-0.97076757,0.07884160
263,0.00399060,0.03801867,-1.00000000,-0.84028501,0.20158849
264,0.00284476,0.15815343,1.00000000,-0.94725515,0.21810437
265,-0.00342875,0.31405626,1.00000000,-0.67085778,0.11910768
266,0.00080903,0.26070625,1.00000000,-0.76544107,0.19093753
267,-0.00135965,-0.03138758,-1.00000000,-0.71723591,0.13859495
268,-0.00262820,0.16592270,1.00000000,-0.93348115,-0.03447105
269,-0.00104621,0.06494946,-1.00000000,-0.88803015,-0.13621074
270,-0.00322019,0.00588576,-1.00000000,-0.78331716,-0.13075743
271,-0.00237002,0.07954318,-1.00000000,-0.91390309,-0.21388202
272,0.00619781,-0.02167712,-1.00000000,-0.73445140,-0.01627233
273,0.00007002,0.01790664,-1.00000000,-0.80462877,0.05427981
274,0.00448594,0.41682374,1.00000000,-0.48866311,0.19893237
275,-0.00746089,0.13151465,1.00000000,-0.99448258,0.08804803
276,-0.00183165,0.33711919,1.00000000,-0.62996991,0.10212523
277,0.00225762,-0.21912365,-1.00000000,-0.38440193,-0.00090148
278,0.00204024,0.04297325,-1.00000000,-0.84906891,0.05061516
279,-0.00325415,0.23336892,1.00000000,-0.81390694,-0.15176980
280,0.00639797,0.22324791,1.00000000,-0.83185030,0.21060662
281,0.00008577,-0.02325819,-1.00000000,-0.73164835,0.26074251
282,0.00263845,0.42614299,1.00000000,-0.47214119,0.27070038
283,0.00381492,0.13224787,1.00000000,-0.99318266,0.31710408
284,0.00092514,0.25110044,1.00000000,-0.78247104,0.42638256
285,-0.00210240,0.30587679,1.00000000,-0.68535901,0.20411804
286,-0.00293151,0.17132886,1.00000000,-0.92389666,0.12522329
287,0.00296491,0.03036702,-1.00000000,-0.82671954,0.13375937
288,-0.00439463,-0.00823631,-1.00000000,-0.75828038,-0.08090090
289,0.00142733,0.26630024,1.00000000,-0.75552359,-0.06776979
290,-0.00185191,-0.07635865,-1.00000000,-0.63750749,-0.06121994
291,-0.00176015,0.19471081,1.00000000,-0.88244323,-0.03059146
292,-0.00041775,0.04203003,-1.00000000,-0.84739669,-0.11903997
293,-0.00485243,0.04630238,-1.00000000,-0.85497106,-0.13101049
294,0.00037368,0.10880413,-1.00000000,-0.96577932,-0.15856103
295,0.00141468,-0.09767399,-1.00000000,-0.59971789,-0.07314757
296,-0.00112488,0.14565286,1.00000000,-0.96941720,-0.05653678
297,0.00137239,0.19412176,1.00000000,-0.88348754,-0.00972897
298,0.00220044,0.07588045,-1.00000000,-0.90740950,0.17468694
299,-0.00165829,0.19215259,1.00000000,-0.88697865,0.12155590
300,-0.00297532,0.23070675,1.00000000,-0.81862664,0.00676785
301,-0.00276717,0.05104490,-1.00000000,-0.86337900,-0.03617428
302,0.00016888,-0.01027591,-1.00000000,-0.75466441,-0.06764307
303,0.00199622,-0.00058459,-1.00000000,-0.77184597,-0.07298312
304,0.00664077,0.13611760,1.00000000,-0.98632209,0.14401760
305,0.00068422,0.22119798,1.00000000,-0.83548458,0.23970589
306,-0.00025074,0.43744788,1.00000000,-0.45209895,0.30550456
307,-0.00224649,0.16011173,1.00000000,-0.94378332,0.24234827
308,0.00004821,0.11658000,-1.00000000,-0.97956502,0.19141261
309,-0.00037970,0.02365815,-1.00000000,-0.81482552,0.00784376
310,0.00158611,0.13049925,1.00000000,-0.99628277,0.03142608
311,0.00192842,0.11057547,-1.00000000,-0.96891969,0.08840599
312,-0.00000478,0.20210364,1.00000000,-0.86933660,0.14702142
313,-0.00006205,0.21804145,1.00000000,-0.84108074,0.14413827
314,-0.00226196,0.12803189,-1.00000000,-0.99986787,0.09492179
315,-0.00127376,0.12536537,-1.00000000,-0.99514045,0.02014280
316,0.00006540,0.02293800,-1.00000000,-0.81354876,-0.02857066
317,0.00029079,0.06894821,-1.00000000,-0.89511945,-0.02084213
318,-0.00254466,0.13129968,1.00000000,-0.99486370,-0.08575656
319,0.00175169,0.14179373,1.00000000,-0.97625897,0.01919095
320,-0.00071274,0.00977529,-1.00000000,-0.79021283,0.03386052
321,-0.00362526,0.20981310,1.00000000,-0.85566864,-0.06264152
322,-0.00120573,0.09506961,-1.00000000,-0.94142963,-0.10177217
323,0.00004719,-0.04053696,-1.00000000,-0.70101512,-0.03400139
324,-0.00066271,0.07211564,-1.00000000,-0.90073494,-0.09713225
325,0.00398685,0.13045153,1.00000000,-0.99636737,0.02575084
326,-0.00407801,0.09739894,-1.00000000,-0.94555926,0.01391236
327,-0.00275002,0.31388175,1.00000000,-0.67116716,-0.02646708
328,-0.00009052,-0.06161719,-1.00000000,-0.66364235,-0.03006769
329,0.00184209,0.00021386,-1.00000000,-0.77326155,0.03542685
330,0.00109742,0.12404010,-1.00000000,-0.99279090,-0.04012487
331,0.00153984,0.21402198,1.00000000,-0.84820678,0.10676858
332,0.00073499,0.17935035,1.00000000,-0.90967551,0.19789349
333,0.00059325,0.19994907,1.00000000,-0.87315641,0.21577225
334,-0.00004357,0.16247571,1.00000000,-0.93959226,0.16646674
335,-0.00025303,0.15587597,1.00000000,-0.95129282,0.13115571
336,0.00471103,0.12622598,-1.00000000,-0.99666620,0.21407479
337,-0.00031329,0.11647366,-1.00000000,-0.97937649,0.18666465
338,0.00054370,0.34759917,1.00000000,-0.61139014,0.18536920
339,-0.00122746,0.11366776,-1.00000000,-0.97440197,0.15441328
340,-0.00011870,0.15356923,1.00000000,-0.95538241,0.15792560
341,-0.00114770,0.07110422,-1.00000000,-0.89894181,0.00473378
342,0.00143747,0.12272789,-1.00000000,-0.99046450,0.05051208
343,0.00251889,0.07481771,-1.00000000,-0.90552539,0.10215864
344,0.00109490,0.19518303,1.00000000,-0.88160604,0.16288271
345,-0.00190778,0.24553383,1.00000000,-0.79233999,0.11610240
346,-0.00375643,0.17923273,1.00000000,-0.90988404,0.04789022
347,-0.00559256,0.03942838,-1.00000000,-0.84278428,-0.13592842
348,0.00028674,-0.04664451,-1.00000000,-0.69018716,-0.19429392
349,0.00049184,-0.13213418,-1.00000000,-0.53862403,-0.21006232
350,0.00214391,0.14160512,1.00000000,-0.97659336,-0.10412018
351,0.00344862,0.15115468,1.00000000,-0.95966311,0.08427483
352,-0.00050998,0.22807456,1.00000000,-0.82329322,0.21717222
353,-0.00286373,0.28882164,1.00000000,-0.71559579,0.13479484
354,-0.00147529,0.10450995,-1.00000000,-0.95816624,0.08335898
355,-0.00293086,-0.00508041,-1.00000000,-0.76387542,-0.04933410
356,0.00102751,0.05956527,-1.00000000,-0.87848461,-0.11264024
357,0.00246374,-0.00820578,-1.00000000,-0.75833450,-0.03488467
358,0.00412587,0.17609538,1.00000000,-0.91544618,0.14787677
359,0.00154342,0.24296562,1.00000000,-0.79689311,0.22680893
360,0.00204808,0.32035429,1.00000000,-0.65969210,0.35699632
361,-0.00056060,0.20011605,1.00000000,-0.87286036,0.31547083
362,-0.00108522,0.22361280,1.00000000,-0.83120340,0.22267397
363,-0.00097659,0.10215288,-1.00000000,-0.95398744,0.08925685
364,-0.00256910,0.07772662,-1.00000000,-0.91068255,-0.01827585
365,0.00737172,0.08278470,-1.00000000,-0.91964994,0.12092475
366,0.00478092,0.00863763,-1.00000000,-0.78819590,0.26059288
367,-0.00070594,0.47148074,1.00000000,-0.39176268,0.27051026
368,0.00350954,0.35085337,1.00000000,-0.60562083,0.38781197
369,0.00063482,0.09538604,-1.00000000,-0.94199061,0.47158690
370,-0.00999817,0.29165833,1.00000000,-0.71056667,0.01740537
371,0.00056040,0.15781171,1.00000000,-0.94786098,-0.09295130
372,-0.00077703,-0.33725895,-1.00000000,-0.17496194,-0.09481008
373,-0.00041206,0.15434645,1.00000000,-0.95400449,-0.19735071
374,-0.00109933,0.09207619,-1.00000000,-0.93612265,-0.24269474
375,0.00428458,0.10906905,-1.00000000,-0.96624899,0.13076531
376,0.00072165,0.07706973,-1.00000000,-0.90951797,0.13498163
377,0.00072243,0.32774381,1.00000000,-0.64659137,0.17418895
378,-0.00033744,0.16185424,1.00000000,-0.94069405,0.17614009
379,-0.00016553,0.16189083,1.00000000,-0.94062919,0.20055681
380,-0.00391066,0.11254334,-1.00000000,-0.97240850,-0.01372921
381,-0.00167923,0.12054745,-1.00000000,-0.98659884,-0.07650650
382,-0.00519733,-0.05382523,-1.00000000,-0.67745659,-0.23129423
383,-0.00776641,0.05006967,-1.00000000,-0.86165003,-0.42554427
384,-0.00137066,-0.11373241,-1.00000000,-0.57124820,-0.45705547
385,-0.00090912,-0.23334858,-1.00000000,-0.35918281,-0.37857238
386,-0.00619714,0.06443694,-1.00000000,-0.88712151,-0.49670507
387,0.00227290,0.08592593,-1.00000000,-0.92521895,-0.30137618
388,0.00520423,-0.16028367,-1.00000000,-0.48871830,0.03777526
389,0.00120250,0.23408057,1.00000000,-0.81264527,0.10505710
390,0.00046511,0.37056244,1.00000000,-0.57067896,0.14099006
391,-0.00752291,0.18424255,1.00000000,-0.90100221,0.10632446
392,0.00155938,0.14991006,1.00000000,-0.96186969,0.08766762
393,-0.00127512,-0.22201106,-1.00000000,-0.37928290,-0.08175185
394,-0.00114886,0.20085920,1.00000000,-0.87154285,-0.14323429
395,-0.00370414,0.06888515,-1.00000000,-0.89500766,-0.25225042
396,0.00191372,0.07476367,-1.00000000,-0.90542959,-0.00550492
397,-0.00152871,-0.04420984,-1.00000000,-0.69450354,-0.08625130
398,-0.00017022,0.21735705,1.00000000,-0.84229410,-0.05736071
399,-0.00204225,0.05707793,-1.00000000,-0.87407484,-0.08072076
400,0.00111488,0.12032926,-1.00000000,-0.98621202,0.04528537
401,0.00428492,0.03316753,-1.00000000,-0.83168452,0.10728656
402,-0.00030082,0.18016334,1.00000000,-0.90823417,0.13939287
403,0.00580094,0.32775966,1.00000000,-0.64656327,0.29552436
404,0.00229974,0.11424811,-1.00000000,-0.97543086,0.40905708
405,-0.00253391,0.39834526,1.00000000,-0.52142329,0.31364981
406,-0.00018330,0.23532992,1.00000000,-0.81043032,0.19681658
407,-0.00644133,0.01027610,-1.00000000,-0.79110070,0.03625706
408,-0.00459192,0.11972023,-1.00000000,-0.98513227,-0.23549152
409,-0.00112530,-0.17165268,-1.00000000,-0.46856238,-0.32504819
410,-0.00472826,-0.08554465,-1.00000000,-0.62122179,-0.38242541
411,0.00410375,0.07586057,-1.00000000,-0.90737425,-0.27032921
412,-0.00238554,-0.09189282,-1.00000000,-0.60996723,-0.16428015
413,0.00106338,0.31932464,1.00000000,-0.66151755,-0.01640734
414,0.00071342,0.01718391,-1.00000000,-0.80334744,0.03167101
415,-0.00135103,0.17776550,1.00000000,-0.91248525,0.11997775
416,-0.00876048,0.16147142,1.00000000,-0.94137275,-0.21639155
417,0.00320378,0.06535085,-1.00000000,-0.88874177,-0.07024400
418,0.00381489,-0.27963236,-1.00000000,-0.27712710,0.00170138
419,-0.00309564,0.27742199,1.00000000,-0.73580603,-0.09789674
420,0.00502206,0.30587525,1.00000000,-0.68536174,0.06874431
421,-0.01532651,-0.01587827,-1.00000000,-0.74473209,-0.10294182
422,-0.00306432,0.36208073,1.00000000,-0.58571604,-0.26683776
423,-0.00117331,-0.58534578,-1.00000000,0.26486683,-0.39726736
424,-0.00055869,-0.01441982,-1.00000000,-0.74731775,-0.33093207
425,-0.00142668,0.07362541,-1.00000000,-0.90341158,-0.49955121
426,0.00500576,0.10224187,-1.00000000,-0.95414520,0.03208956
427,-0.00766108,0.06182854,-1.00000000,-0.88249713,-0.08810492
428,-0.00314110,0.36132195,1.00000000,-0.58706126,-0.13955813
429,0.00130945,-0.22844448,-1.00000000,-0.36787720,-0.09071057
430,-0.00285741,-0.01799490,-1.00000000,-0.74097955,-0.12812088
431,0.00198651,0.18922241,1.00000000,-0.89217351,-0.20706718
432,0.01076777,-0.00478622,-1.00000000,-0.76439698,0.27480363
433,-0.00231843,0.22074597,1.00000000,-0.83628593,0.29631456
434,0.00107841,0.62960022,1.00000000,-0.11143544,0.29027329
435,0.00237661,0.02030860,-1.00000000,-0.80888715,0.42713046
436,0.00346690,0.17846500,1.00000000,-0.91124514,0.46583917
437,0.00352484,0.23890890,1.00000000,-0.80408520,0.27645378
438,0.00250440,0.28967276,1.00000000,-0.71408685,0.40255943
439,-0.00087469,0.29237057,1.00000000,-0.70930395,0.35149044
440,-0.00213024,0.24485900,1.00000000,-0.79353638,0.23364701
441,0.00994246,0.08752885,-1.00000000,-0.92806075,0.40296766
442,-0.00295336,0.02907065,-1.00000000,-0.82442124,0.23357815
443,0.00139107,0.59117407,1.00000000,-0.17956049,0.20446718
444,0.00180986,-0.00925335,-1.00000000,-0.75647728,0.27466190
445,0.00091842,0.19302246,1.00000000,-0.88543647,0.35437711
446,0.00436557,0.21252128,1.00000000,-0.85086735,0.20855462
447,-0.00447283,0.17101577,1.00000000,-0.92445173,0.16882407
448,0.00536146,0.33151482,1.00000000,-0.63990580,0.27264027
449,-0.00160591,-0.07999968,-1.00000000,-0.63105237,0.18332600
450,0.00270869,0.37788308,1.00000000,-0.55770033,0.23013742
451,-0.00156040,0.05348357,-1.00000000,-0.86770246,0.07518733
452,0.00461313,0.25437066,1.00000000,-0.77667331,0.31276364
453,0.00408389,0.05560249,-1.00000000,-0.87145906,0.27935837
454,-0.00738239,0.34304128,1.00000000,-0.61947074,0.12831711
455,0.00029372,0.31839990,1.00000000,-0.66315701,0.06517133
456,-0.00192217,-0.21546851,-1.00000000,-0.39088207,0.05571200
457,0.00116844,0.14192995,1.00000000,-0.97601749,-0.03435853
458,0.00030115,0.03875870,-1.00000000,-0.84159701,-0.13326827
459,0.00339259,0.18265692,1.00000000,-0.90381335,0.14847203
460,-0.00405362,0.14227598,1.00000000,-0.97540401,0.03479933
461,-0.00824705,0.28621320,1.00000000,-0.72022025,-0.13058126
462,-0.00266761,-0.06048168,-1.00000000,-0.66565548,-0.23088492
463,-0.00257012,-0.25572674,-1.00000000,-0.31950896,-0.30596189
464,-0.00207584,0.00405091,-1.00000000,-0.78006419,-0.44894840
465,-0.00152293,0.00858994,-1.00000000,-0.78811134,-0.38277682
466,-0.00243294,0.03160384,-1.00000000,-0.82891228,-0.23075166
467,-0.00335557,0.05734694,-1.00000000,-0.87455178,-0.24874020
468,-0.00035253,0.01497731,-1.00000000,-0.79943540,-0.19075547
469,-0.00279131,-0.02798042,-1.00000000,-0.72327640,-0.20946331
470,-0.00204458,0.11184062,-1.00000000,-0.97116265,-0.22310328
471,0.00019600,-0.00170834,-1.00000000,-0.76985371,-0.15436290
472,0.00216092,0.03305890,-1.00000000,-0.83149194,-0.01011985
473,-0.00267045,0.13738007,1.00000000,-0.98408388,-0.07072783
474,0.00548544,0.22886640,1.00000000,-0.82188937,0.14568944
475,0.00213696,0.00391883,-1.00000000,-0.77983001,0.25502699
476,0.00058884,0.38365572,1.00000000,-0.54746612,0.26529891
477,0.00427887,0.22775113,1.00000000,-0.82386662,0.32067827
478,-0.00057035,0.15567080,1.00000000,-0.95165656,0.37559087
479,-0.00447559,0.32747783,1.00000000,-0.64706292,0.11513349
480,-0.00252092,0.10169911,-1.00000000,-0.95318296,-0.00665898
481,0.00091558,-0.08012850,-1.00000000,-0.63082399,0.00188459
482,-0.00316304,0.01088101,-1.00000000,-0.79217314,-0.19270357
483,0.00296325,0.17088394,1.00000000,-0.92468546,-0.10030839
484,0.00459674,-0.01901618,-1.00000000,-0.73916894,0.13691167
485,0.00003530,0.26622287,1.00000000,-0.75566074,0.20375054
486,0.00075573,0.34227811,1.00000000,-0.62082375,0.19957070
487,-0.00505223,0.12989784,1.00000000,-0.99734899,0.15017289
488,-0.00323122,0.16344110,1.00000000,-0.93788075,-0.01179779
489,-0.00294097,-0.10697653,-1.00000000,-0.58322559,-0.20889103
490,0.00113930,-0.02219071,-1.00000000,-0.73354087,-0.18002383
491,0.00251067,-0.00867655,-1.00000000,-0.75749989,-0.13413637
492,0.00057758,0.18130032,1.00000000,-0.90621845,0.01306987
493,-0.00047706,0.24515073,1.00000000,-0.79301917,0.08508453
494,-0.00081555,0.15514669,1.00000000,-0.95258575,0.14065922
495,0.00180861,0.10604241,-1.00000000,-0.96088312,0.15816009
496,-0.00352175,0.09028269,-1.00000000,-0.93294298,0.00042667
497,-0.00153103,0.21246329,1.00000000,-0.85097016,-0.05470853
498,-0.00016456,-0.03571776,-1.00000000,-0.70955900,-0.04653727
499,-0.00133773,0.05697004,-1.00000000,-0.87388357,-0.06019104
500,-0.00205077,0.12059259,-1.00000000,-0.98667887,-0.16110473
501,0.00001356,0.06597007,-1.00000000,-0.88983957,-0.06866461
502,-0.00149780,0.03277102,-1.00000000,-0.83098155,-0.06779586
503,0.00142371,0.12888602,1.00000000,-0.99914283,-0.02626649
504,-0.00319046,0.05851699,-1.00000000,-0.87662613,-0.07471101
505,-0.00084980,0.19454197,1.00000000,-0.88274255,-0.04330852
506,-0.00058477,-0.02029279,-1.00000000,-0.73690565,-0.05895345
507,0.00183601,0.08868796,-1.00000000,-0.93011571,0.02821793
508,-0.00011132,0.10102783,-1.00000000,-0.95199285,-0.01191931
509,-0.00170912,0.21373896,1.00000000,-0.84870855,0.02681409
510,-0.00033343,0.12307147,-1.00000000,-0.99107364,0.04031602
511,-0.00122218,0.04867796,-1.00000000,-0.85918268,0.02364918
512,-0.00732165,0.11273020,-1.00000000,-0.97273977,-0.21580189
513,-0.00150416,0.07134998,-1.00000000,-0.89937752,-0.25222137
514,-0.00034070,-0.21264031,-1.00000000,-0.39589612,-0.21644043
515,0.00135987,0.05822102,-1.00000000,-0.87610141,-0.17216478
516,-0.00127639,0.11239140,-1.00000000,-0.97213912,-0.17358238
517,0.00294057,0.19156976,1.00000000,-0.88801193,0.09475028
518,-0.00185809,0.06882574,-1.00000000,-0.89490233,0.08549582
519,0.00316140,0.26516704,1.00000000,-0.75753261,0.17706751
520,-0.00394223,0.04174202,-1.00000000,-0.84688609,0.03843019
521,0.00253266,0.27544881,1.00000000,-0.73930424,0.13802800
522,-0.00051859,-0.05529520,-1.00000000,-0.67485050,0.04757913
523,0.00270037,0.24617488,1.00000000,-0.79120348,0.16677220
524,0.00340838,0.10410900,-1.00000000,-0.95745540,0.17323009
525,0.00225034,0.25398351,1.00000000,-0.77735969,0.33515123
526,0.00069687,0.28694807,1.00000000,-0.71891741,0.28714964
527,0.00037034,0.23303015,1.00000000,-0.81450753,0.31039295
528,-0.00318921,0.16070072,1.00000000,-0.94273912,0.15639433
529,-0.00054600,0.14549726,1.00000000,-0.96969305,0.05299663
530,0.00088513,-0.02023459,-1.00000000,-0.73700884,0.01729940
531,0.00286923,0.10283265,-1.00000000,-0.95519258,0.07410147
532,-0.00116415,0.16946577,1.00000000,-0.92719971,0.03397830
533,0.00070492,0.26184550,1.00000000,-0.76342131,0.13580042
534,0.00113049,0.07405182,-1.00000000,-0.90416755,0.17963679
535,0.00399103,0.16107527,1.00000000,-0.94207508,0.26084889
536,0.00035439,0.18089002,1.00000000,-0.90694586,0.19509181
537,0.00494089,0.31407632,1.00000000,-0.67082221,0.35472406
538,0.00036000,0.14475497,1.00000000,-0.97100904,0.34570536
539,-0.00046642,0.35830145,1.00000000,-0.59241626,0.30394994
540,-0.00227841,0.14501610,1.00000000,-0.97054610,0.14001897
541,-0.00069024,0.10653811,-1.00000000,-0.96176193,0.11270428
542,-0.00046295,0.02217214,-1.00000000,-0.81219099,-0.02859321
543,-0.00242243,0.09611699,-1.00000000,-0.94328650,-0.10134713
544,-0.00074227,0.10669966,-1.00000000,-0.96204833,-0.10855990
545,-0.00097053,0.01546662,-1.00000000,-0.80030288,-0.07436193
546,0.00451868,0.09369467,-1.00000000,-0.93899202,0.06183894
547,-0.00259055,0.08306685,-1.00000000,-0.92015015,0.00620729
548,0.00021757,0.33864348,1.00000000,-0.62726753,0.07523703
549,0.00150269,0.00763899,-1.00000000,-0.78642542,0.13393729
550,-0.00104996,0.13838463,1.00000000,-0.98230292,0.13186026
551,-0.00176151,0.19821946,1.00000000,-0.87622279,-0.03235172
552,0.00303692,0.07936838,-1.00000000,-0.91359319,0.11479331
553,-0.00085689,0.04623894,-1.00000000,-0.85485859,0.08669859
554,0.00125957,0.26965323,1.00000000,-0.74957912,0.08034165
555,0.00413642,0.08835767,-1.00000000,-0.92953015,0.21595313
556,-0.00120439,0.18689996,1.00000000,-0.89629094,0.23052040
557,-0.00521507,0.32084536,1.00000000,-0.65882150,0.01475039
558,-0.00186370,0.07217819,-1.00000000,-0.90084584,-0.01157536
559,0.00076128,-0.11455827,-1.00000000,-0.56978404,-0.02460443
560,-0.00500347,0.04148065,-1.00000000,-0.84642271,-0.26359085
561,0.00326807,0.16369970,1.00000000,-0.93742227,-0.14664660
562,0.00253657,-0.10470653,-1.00000000,-0.58725004,0.05604044
563,-0.00305406,0.28041532,1.00000000,-0.73049921,0.02491556
564,-0.00487390,0.24635701,1.00000000,-0.79088058,-0.12243114
565,-0.00093575,-0.01394196,-1.00000000,-0.74816494,-0.01606984
566,0.00267677,-0.09867364,-1.00000000,-0.59794563,-0.03153085
567,-0.00049531,0.08468603,-1.00000000,-0.92302077,-0.11080736
568,-0.00578814,0.25288463,1.00000000,-0.77930787,-0.18229706
569,0.00086162,0.10519306,-1.00000000,-0.95937731,-0.03232686
570,-0.00289506,-0.14124031,-1.00000000,-0.52247993,-0.08355803
571,0.00150971,0.16837125,1.00000000,-0.92914017,-0.11407408
572,-0.00217566,-0.00653889,-1.00000000,-0.76128971,-0.15801134
573,0.00205502,0.19854612,1.00000000,-0.87564366,0.04706864
574,-0.00323857,0.02695605,-1.00000000,-0.82067231,-0.06014144
575,0.00430779,0.22393597,1.00000000,-0.83063046,0.12819583
576,-0.00053394,-0.02253270,-1.00000000,-0.73293457,0.07475927
577,-0.00427992,0.32882442,1.00000000,-0.64467556,0.01973796
578,0.00058270,0.10339415,-1.00000000,-0.95618806,-0.01875971
579,-0.00502094,-0.07101779,-1.00000000,-0.64697620,-0.06536457
580,-0.00283528,0.15538497,1.00000000,-0.95216330,-0.25213887
581,-0.00234241,-0.10551980,-1.00000000,-0.58580820,-0.29942593
582,-0.00130158,-0.00375579,-1.00000000,-0.76622382,-0.22154949
583,0.00008495,0.01919231,-1.00000000,-0.80690810,-0.23456450
584,-0.00202444,0.06765312,-1.00000000,-0.89282341,-0.15621324
585,-0.00184283,0.13220976,1.00000000,-0.99325023,-0.13026301
586,0.00269339,0.03399662,-1.00000000,-0.83315439,0.00141108
587,-0.00194437,0.04245255,-1.00000000,-0.84814577,-0.01539635
588,0.00283932,0.25365818,1.00000000,-0.77793647,0.05662393
589,-0.00473412,0.03772493,-1.00000000,-0.83976425,-0.01422752
590,-0.00283298,0.26045288,1.00000000,-0.76589026,-0.04011767
591,0.00180662,-0.09216523,-1.00000000,-0.60948427,-0.06330440
592,0.00163596,-0.00364883,-1.00000000,-0.76641345,0.03031263
593,-0.00075051,0.21237067,1.00000000,-0.85113437,-0.06355309
594,-0.00218977,0.20442437,1.00000000,-0.86522223,0.00297561
595,-0.00069331,0.09331061,-1.00000000,-0.93831112,0.05892296
596,-0.00386148,0.02629929,-1.00000000,-0.81950794,-0.08928466
597,-0.00646476,0.09597399,-1.00000000,-0.94303299,-0.30109925
598,0.00279722,-0.05153568,-1.00000000,-0.68151569,-0.20833434
599,-0.00087579,-0.17274391,-1.00000000,-0.46662776,-0.17397705
600,0.00184070,0.25849272,1.00000000,-0.76936539,-0.10771859
601,0.00011956,0.08747770,-1.00000000,-0.92797007,-0.00362380
602,-0.00209943,0.21395731,1.00000000,-0.84832144,0.11051921
603,-0.00403770,0.13382102,1.00000000,-0.99039366,-0.06819770
604,0.00247362,0.03050520,-1.00000000,-0.82696452,0.01938154
605,-0.00391075,-0.05974009,-1.00000000,-0.66697024,-0.13100537
606,0.00448257,0.24342594,1.00000000,-0.79607702,-0.01692300
607,-0.00006060,-0.05382960,-1.00000000,-0.67744885,0.03638765
608,-0.00239422,0.33696213,1.00000000,-0.63024835,0.07936068
609,-0.00454255,0.12543296,-1.00000000,-0.99526028,-0.10409546
610,-0.00153945,0.01677997,-1.00000000,-0.80263130,-0.04209153
611,-0.00355090,-0.08324577,-1.00000000,-0.62529744,-0.25214761
612,0.00170692,0.05657787,-1.00000000,-0.87318831,-0.20593115
613,-0.00226896,-0.03707485,-1.00000000,-0.70715304,-0.20265602
614,-0.00205806,0.20772844,1.00000000,-0.85936449,-0.13769272
615,0.00323930,0.02261185,-1.00000000,-0.81297053,-0.01273983
616,-0.00241486,0.03243133,-1.00000000,-0.83037932,0.01696498
617,-0.00069755,0.27907561,1.00000000,-0.73287436,-0.04590615
618,0.00211807,0.01581910,-1.00000000,-0.80092779,0.06880426
619,0.00140148,0.09577678,-1.00000000,-0.94268337,0.15926303
620,-0.00380586,0.22687127,1.00000000,-0.82542650,-0.02495121
621,-0.00078957,0.19350701,1.00000000,-0.88457741,0.01754610
622,-0.00408455,-0.04894603,-1.00000000,-0.68610683,-0.07101602
623,-0.00475583,0.09149205,-1.00000000,-0.93508704,-0.25075201
624,0.00460702,-0.06192160,-1.00000000,-0.66310267,-0.16693455
625,-0.00114156,-0.09317616,-1.00000000,-0.60769202,-0.09726922
626,0.00109039,0.34275681,1.00000000,-0.61997507,-0.04811266
627,0.00100410,0.07510375,-1.00000000,-0.90603251,0.08494345
628,-0.00167607,0.17902283,1.00000000,-0.91025617,0.16547179
629,0.00033525,0.17500516,1.00000000,-0.91737903,0.05377495
630,0.00041308,0.05021687,-1.00000000,-0.86191099,0.09442505
631,0.00433420,0.14386351,1.00000000,-0.97258951,0.17924305
632,0.00179841,0.14748748,1.00000000,-0.96616464,0.20001232
633,0.00465583,0.33005425,1.00000000,-0.64249522,0.36557639
634,0.00403739,0.21198802,1.00000000,-0.85181276,0.46237854
635,-0.00337630,0.34502902,1.00000000,-0.61594672,0.36329515
636,0.00100285,0.31623454,1.00000000,-0.66699594,0.27618812
637,0.00101066,-0.02894565,-1.00000000,-0.72156515,0.25559033
638,-0.00373157,0.17494686,1.00000000,-0.91748238,0.03627978
639,0.00364757,0.17531050,1.00000000,-0.91683768,0.02608708
640,0.00095642,-0.04548697,-1.00000000,-0.69223935,0.13937740
641,-0.00155125,0.29808488,1.00000000,-0.69917315,0.07259372
642,0.00050961,0.17278509,1.00000000,-0.92131494,0.05949266
643,0.00194800,0.05602830,-1.00000000,-0.87221398,0.20800000
644,-0.00151354,0.15198206,1.00000000,-0.95819628,0.07304910
645,0.00139015,0.21895308,1.00000000,-0.83946453,0.08439024
646,-0.00514424,0.05778416,-1.00000000,-0.87532690,-0.00955785
647,-0.00267213,0.19297972,1.00000000,-0.88551223,-0.09275290
648,-0.00347371,-0.11126065,-1.00000000,-0.57563034,-0.23451780
649,0.00209708,0.00384055,-1.00000000,-0.77969124,-0.14010849
650,-0.00214630,-0.03348102,-1.00000000,-0.71352449,-0.23257834
651,0.00210951,0.22589438,1.00000000,-0.82715842,-0.04290992
652,-0.00111093,0.02832301,-1.00000000,-0.82309575,-0.00208836
653,0.00329097,0.22647299,1.00000000,-0.82613261,0.17479195
654,0.00051394,0.07652959,-1.00000000,-0.90856035,0.13339642
655,0.00109086,0.28148144,1.00000000,-0.72860910,0.21804046
656,-0.00026796,0.15218329,1.00000000,-0.95783951,0.15587522
657,0.00027027,0.17904467,1.00000000,-0.91021744,0.19199033
658,-0.00172976,0.11577827,-1.00000000,-0.97814365,0.06071011
659,0.00306782,0.14083807,1.00000000,-0.97795325,0.12748819
660,-0.00082285,0.04771691,-1.00000000,-0.85747887,0.07744920
661,0.00662478,0.27109187,1.00000000,-0.74702859,0.25767814
662,0.00136202,0.08994261,-1.00000000,-0.93234006,0.28622493
663,0.00030740,0.43670346,1.00000000,-0.45341872,0.33949183
664,0.00361393,0.19167001,1.00000000,-0.88783420,0.35377113
665,0.00106431,0.14256677,1.00000000,-0.97488848,0.40311583
666,-0.00142900,0.29651835,1.00000000,-0.70195042,0.19252842
667,-0.00134443,0.17780840,1.00000000,-0.91240920,0.12176104
668,-0.00273424,0.06172036,-1.00000000,-0.88230533,0.04222944
669,-0.00229581,0.06565786,-1.00000000,-0.88928605,-0.11229620
670,0.00063801,0.00094859,-1.00000000,-0.77456412,-0.12344286
671,-0.00172097,0.02136182,-1.00000000,-0.81075438,-0.13107706
672,-0.00234205,0.15796007,1.00000000,-0.94759796,-0.15716235
673,0.00441017,0.04812649,-1.00000000,-0.85820499,0.02964715
674,0.00087803,0.01920902,-1.00000000,-0.80693773,0.11263563
675,-0.00122281,0.33359147,1.00000000,-0.63622415,0.06397951
676,-0.00162948,0.16913552,1.00000000,-0.92778521,0.06637159
677,-0.00052216,0.07132040,-1.00000000,-0.89932507,0.11395740
678,-0.00061250,0.05238596,-1.00000000,-0.86575653,-0.01737368
679,0.00074190,0.10394283,-1.00000000,-0.95716081,-0.02093311
680,-0.00061388,0.09973637,-1.00000000,-0.94970325,-0.00501092
681,0.00125611,0.16279741,1.00000000,-0.93902193,0.07044043
682,-0.00289009,0.09967229,-1.00000000,-0.94958964,0.00852475
683,-0.00250065,0.18673864,1.00000000,-0.89657693,-0.04084580
684,0.00096286,-0.00630752,-1.00000000,-0.76169990,-0.03506826
685,0.01131940,0.01182456,-1.00000000,-0.79384594,0.27695863
686,-0.00112131,0.17308522,1.00000000,-0.92078286,0.21479492
687,0.00130322,0.65528389,1.00000000,-0.06590133,0.32444001
688,0.00116271,0.07604665,-1.00000000,-0.90770416,0.42022821
689,-0.00075710,0.18893235,1.00000000,-0.89268775,0.37525516
690,-0.00207085,0.18239010,1.00000000,-0.90428640,0.02513208
691,-0.00138996,0.09300381,-1.00000000,-0.93776721,0.01810734
692,0.00211337,0.03183619,-1.00000000,-0.82932421,0.03929072
693,-0.00314456,0.06353803,-1.00000000,-0.88552784,-0.07333416
694,-0.00191257,0.22665260,1.00000000,-0.82581419,-0.10354698
695,-0.00187425,-0.01815573,-1.00000000,-0.74069442,-0.09840635
696,0.00039434,0.03920527,-1.00000000,-0.84238872,-0.05175106
697,0.00412450,0.04098987,-1.00000000,-0.84555261,0.00083529
698,0.00218274,0.14661490,1.00000000,-0.96771160,0.14013161
699,-0.00065320,0.32029064,1.00000000,-0.65980496,0.17306130
700,0.00940811,0.22988267,1.00000000,-0.82008766,0.46806811
701,-0.00236228,0.09784163,-1.00000000,-0.94634409,0.39598897
702,0.00042331,0.56629462,1.00000000,-0.22366882,0.29921152
703,0.00135350,0.01826696,-1.00000000,-0.80526757,0.27752879
704,-0.00083977,0.14796358,1.00000000,-0.96532055,0.27265047
705,0.00297918,0.19127325,1.00000000,-0.88853762,0.10454911
706,-0.00213351,0.08915504,-1.00000000,-0.93094379,0.11053086
707,-0.00064730,0.26696444,1.00000000,-0.75434603,0.08253702
708,-0.00037815,0.02891837,-1.00000000,-0.82415126,0.03725852
709,0.00364490,0.09811628,-1.00000000,-0.94683101,0.15452200
710,0.00037799,0.11064795,-1.00000000,-0.96904820,0.08650728
711,0.00014579,0.29796059,1.00000000,-0.69939349,0.14610560
712,-0.00095258,0.14585383,1.00000000,-0.96906090,0.13812318
713,0.00404224,0.13504230,1.00000000,-0.98822848,0.25370584
714,0.00213806,0.08390235,-1.00000000,-0.92163139,0.21430550
715,-0.00279649,0.31646057,1.00000000,-0.66659521,0.13130036
716,0.00004343,0.22780226,1.00000000,-0.82377598,0.12862397
717,0.00105363,-0.00194951,-1.00000000,-0.76942614,0.18108159
718,-0.00228963,0.13027657,1.00000000,-0.99667756,0.01551814
719,0.00031481,0.17731117,1.00000000,-0.91329074,-0.03215545
720,0.00291152,0.02164952,-1.00000000,-0.81126445,0.11709549
721,-0.00087174,0.14291213,1.00000000,-0.97427618,0.09316602
722,-0.00114427,0.26381463,1.00000000,-0.75993028,0.03569636
723,-0.00260047,0.08766647,-1.00000000,-0.92830474,0.02756857
724,-0.00107691,0.07497766,-1.00000000,-0.90580897,-0.00882173
725,-0.00106295,0.00717674,-1.00000000,-0.78560591,-0.11274491
726,-0.00002305,0.07811364,-1.00000000,-0.91136869,-0.09055367
727,-0.00229701,0.07876350,-1.00000000,-0.91252082,-0.12069521
728,0.00110998,0.12718138,-1.00000000,-0.99836002,-0.02367564
729,-0.00222185,0.02130602,-1.00000000,-0.81065547,-0.05361295
730,-0.00092880,0.17993493,1.00000000,-0.90863911,-0.05010520
731,0.00265081,0.02480567,-1.00000000,-0.81685993,0.01980988
732,-0.00197677,0.08500959,-1.00000000,-0.92359440,0.02818333
733,0.00235317,0.25167587,1.00000000,-0.78145087,0.06068979
734,0.00133446,0.03621623,-1.00000000,-0.83708951,0.15367881
735,-0.00037537,0.23781766,1.00000000,-0.80601984,0.16814963
736,0.00162878,0.19038685,1.00000000,-0.89010910,0.14142589
737,-0.00068883,0.11077710,-1.00000000,-0.96927715,0.17510263
738,0.00132815,0.20409018,1.00000000,-0.86581471,0.14830090
739,-0.00151481,0.09618281,-1.00000000,-0.94340320,0.07379926
740,-0.00063026,0.19009308,1.00000000,-0.89062991,0.06713452
741,0.00103142,0.05772529,-1.00000000,-0.87522254,0.05151497
742,-0.00452743,0.09890950,-1.00000000,-0.94823730,-0.04885542
743,0.00173320,0.17627718,1.00000000,-0.91512387,-0.03826433
744,0.00138772,-0.08254202,-1.00000000,-0.62654510,0.03762985
745,0.00200880,0.20895214,1.00000000,-0.85719502,0.10663504
746,-0.00038340,0.19286648,1.00000000,-0.88571300,0.06964081
747,-0.00243627,0.22178379,1.00000000,-0.83444601,0.12431956
748,0.00074030,0.11040330,-1.00000000,-0.96861445,0.09835751
749,-0.00014927,0.01482187,-1.00000000,-0.79915983,0.05816883
750,0.00016627,0.16272274,1.00000000,-0.93915430,0.00999110
751,0.00087908,0.12130439,-1.00000000,-0.98794080,0.04300215
752,0.00376908,0.13599597,1.00000000,-0.98653772,0.20525741
753,0.00096622,0.16918451,1.00000000,-0.92769835,0.21116465
754,-0.00136676,0.30374219,1.00000000,-0.68914340,0.17933035
755,-0.00217682,0.17324149,1.00000000,-0.92050580,0.11806398
756,0.00098321,0.06461854,-1.00000000,-0.88744346,0.12078654
757,-0.00118128,0.02690183,-1.00000000,-0.82057617,-0.00865361
758,0.00114070,0.17403245,1.00000000,-0.91910352,-0.00409140
759,-0.00025245,0.07325419,-1.00000000,-0.90275346,0.02504503
760,-0.00171924,0.18136521,1.00000000,-0.90610340,0.03700985
761,0.00246317,0.11650041,-1.00000000,-0.97942392,0.07570736
762,-0.00025757,0.04820702,-1.00000000,-0.85834776,0.09986030
763,0.00156400,0.24293930,1.00000000,-0.79693979,0.11092853
764,0.00133433,0.11626219,-1.00000000,-0.97900157,0.15241896
765,-0.00042101,0.20107388,1.00000000,-0.87116224,0.18636457
766,0.00065495,0.19038048,1.00000000,-0.89012038,0.13908395
767,0.00053264,0.10865237,-1.00000000,-0.96551027,0.15974604
768,-0.00888583,0.15874891,1.00000000,-0.94619944,-0.11349223
769,0.00457586,0.15305421,1.00000000,-0.95629548,-0.02873386
770,0.00106716,-0.28546867,-1.00000000,-0.26678001,0.01017815
771,-0.00126065,0.34130573,1.00000000,-0.62254767,-0.03991029
772,-0.00074378,0.17794116,1.00000000,-0.91217385,-0.07328576
773,-0.00312905,0.06955879,-1.00000000,-0.89620194,0.07724062
774,-0.00243778,0.09362408,-1.00000000,-0.93886688,-0.10614927
775,0.00095774,-0.01743343,-1.00000000,-0.74197497,-0.10901028
776,-0.00098128,0.01475197,-1.00000000,-0.79903589,-0.10170552
777,0.00049370,0.17284670,1.00000000,-0.92120572,-0.06934818
778,0.00000408,0.08256602,-1.00000000,-0.91926224,0.01257560
779,0.00157970,0.15124128,1.00000000,-0.95950958,0.11762309
780,-0.00150599,0.12844440,1.00000000,-0.99992578,0.05320229
781,0.00670069,0.20180509,1.00000000,-0.86986590,0.25406773
782,0.00160403,0.05813560,-1.00000000,-0.87594997,0.28310006
783,0.00356757,0.44023767,1.00000000,-0.44715298,0.37627677
784,0.00709643,0.20293779,1.00000000,-0.86785775,0.52052626
785,0.00106617,0.29435978,1.00000000,-0.70577731,0.58778223
786,0.00055855,0.45866338,1.00000000,-0.41448637,0.42717978
787,0.00132478,0.17789514,1.00000000,-0.91225543,0.41987808
788,0.00245687,0.15426044,1.00000000,-0.95415697,0.39083605
789,-0.00032452,0.18993599,1.00000000,-0.89090841,0.19679565
790,0.00527468,0.24264601,1.00000000,-0.79745974,0.30683836
791,-0.00508543,0.11314476,-1.00000000,-0.97347474,0.15926171
792,0.01219365,0.37384302,1.00000000,-0.56486288,0.44345681
793,0.00013509,-0.10852236,-1.00000000,-0.58048500,0.38274774
794,-0.00029898,0.69598884,1.00000000,0.00626377,0.38341565
795,0.00188505,0.13454422,1.00000000,-0.98911150,0.29478465
796,-0.00127166,0.11433408,-1.00000000,-0.97558327,0.39450576
797,0.00132807,0.21602197,1.00000000,-0.84466104,0.11039677
798,0.00245974,0.06904633,-1.00000000,-0.89529342,0.17118080
799,-0.00118649,0.19008931,1.00000000,-0.89063660,0.14797440
800,-0.00213355,0.24277948,1.00000000,-0.79722311,0.04289761
801,0.00299253,0.07301154,-1.00000000,-0.90232326,0.15439592
802,0.00033670,0.02891667,-1.00000000,-0.82414824,0.12847399
803,0.00691007,0.26758614,1.00000000,-0.75324383,0.24483952
804,0.00211861,0.14393135,1.00000000,-0.97246924,0.33126015
805,-0.00220528,0.44998611,1.00000000,-0.42987013,0.32938457
806,0.00041996,0.22689668,1.00000000,-0.82538145,0.26211802
807,-0.00296919,0.02557692,-1.00000000,-0.81822725,0.17567664
808,0.00016374,0.14780776,1.00000000,-0.96559680,-0.00072379
809,-0.00296873,-0.00999076,-1.00000000,-0.75516994,-0.13374564
810,-0.00045083,0.13587816,1.00000000,-0.98674659,-0.08787082
811,-0.00039468,-0.00996906,-1.00000000,-0.75520841,-0.10917162
812,-0.00017593,0.10726404,-1.00000000,-0.96304892,-0.03613441
813,0.00083849,0.10987844,-1.00000000,-0.96768394,-0.01849122
814,0.00029256,0.12006316,-1.00000000,-0.98574026,0.06678359
815,0.00141133,0.16729455,1.00000000,-0.93104903,0.11547450
816,0.00379480,0.14187579,1.00000000,-0.97611349,0.22501939
817,0.00470000,0.19396565,1.00000000,-0.88376429,0.35251342
818,-0.00576742,0.30493987,1.00000000,-0.68702005,0.17978451
819,0.00359601,0.34708577,1.00000000,-0.61230033,0.26616207
820,-0.00147699,-0.14027568,-1.00000000,-0.52419010,0.19063947
821,0.00037725,0.29568425,1.00000000,-0.70342918,0.10127858
822,0.00079340,0.05948611,-1.00000000,-0.87834427,-0.00086970
823,0.00126478,0.14581914,1.00000000,-0.96912240,0.18300567
824,-0.00165545,0.16519513,1.00000000,-0.93477106,0.04569244
825,0.00008507,0.18714254,1.00000000,-0.89586087,0.08653665
826,-0.00117358,0.05117704,-1.00000000,-0.86361326,0.04598613
827,-0.00124161,0.13221547,1.00000000,-0.99324010,-0.00722458
828,0.00043635,0.07361273,-1.00000000,-0.90338911,-0.02888600
829,0.00183502,0.07044532,-1.00000000,-0.89777365,0.06238142
830,0.00037395,0.14857108,1.00000000,-0.96424353,0.06993476
831,-0.00524624,0.21369263,1.00000000,-0.84879069,-0.03655558
832,-0.00515516,0.14566536,1.00000000,-0.96939503,-0.13888563
833,-0.00254121,-0.11600961,-1.00000000,-0.56721100,-0.21674187
834,0.00160600,-0.11176899,-1.00000000,-0.57472911,-0.22273026
835,0.00021541,0.00993614,-1.00000000,-0.79049799,-0.22687563
836,0.00006454,0.20302938,1.00000000,-0.86769537,-0.08801148
837,-0.00178526,0.13828389,1.00000000,-0.98248151,0.00010337
838,-0.00028476,0.13125926,1.00000000,-0.99493536,0.05910418
839,-0.00061564,0.04513298,-1.00000000,-0.85289786,0.00101358
840,0.00368523,0.11499611,-1.00000000,-0.97675697,0.09174128
841,-0.00003105,0.09959017,-1.00000000,-0.94944405,0.08924206
842,-0.00200775,0.29983845,1.00000000,-0.69606428,0.08342448
843,-0.00191156,0.12680901,-1.00000000,-0.99769985,0.04088741
844,0.00172740,0.03477389,-1.00000000,-0.83453241,0.10215240
845,0.00150265,0.03925235,-1.00000000,-0.84247219,0.04508304
846,-0.00121617,0.20868187,1.00000000,-0.85767418,0.01409478
847,0.00010546,0.19821771,1.00000000,-0.87622589,0.06935024
848,0.00132972,0.07162967,-1.00000000,-0.89987338,0.15410210
849,0.00144056,0.13316469,1.00000000,-0.99155725,0.14660196
850,0.00209663,0.19016600,1.00000000,-0.89050063,0.16213301
851,-0.00094406,0.19532672,1.00000000,-0.88135128,0.16924815
852,0.00294900,0.22587311,1.00000000,-0.82719613,0.24360006
853,0.00422019,0.08429927,-1.00000000,-0.92233509,0.31917894
854,-0.00055022,0.26555965,1.00000000,-0.75683657,0.26712478
855,0.00490630,0.32474575,1.00000000,-0.65190656,0.34059100
856,-0.00315905,0.10263633,-1.00000000,-0.95484453,0.28267413
857,-0.00104220,0.35669096,1.00000000,-0.59527146,0.17831375
858,0.00033271,-0.01883057,-1.00000000,-0.73949801,0.07666542
859,-0.00002845,0.07973001,-1.00000000,-0.91423433,0.09030855
860,-0.00260988,0.14374535,1.00000000,-0.97279899,-0.10622161
861,0.00142414,0.12693002,-1.00000000,-0.99791438,0.01361800
862,-0.00325633,0.00673894,-1.00000000,-0.78482974,-0.04427631
863,-0.00242162,0.19456219,1.00000000,-0.88270670,-0.11629543
864,0.00168425,-0.02335967,-1.00000000,-0.73146845,-0.07151239
865,-0.00126004,0.01550429,-1.00000000,-0.80036968,-0.03621723
866,-0.00049311,0.20667307,1.00000000,-0.86123554,-0.08634880
867,0.00093313,0.06958738,-1.00000000,-0.89625263,0.02319565
868,-0.00189139,0.10529526,-1.00000000,-0.95955850,0.03705975
869,0.00503187,0.17170099,1.00000000,-0.92323692,0.12459191
870,-0.00353960,0.04019144,-1.00000000,-0.84413709,0.06498673
871,-0.00153907,0.36253747,1.00000000,-0.58490629,0.03763732
872,-0.00024120,-0.03654877,-1.00000000,-0.70808571,0.00693140
873,0.00192104,0.05659545,-1.00000000,-0.87321947,0.10661748
874,-0.00235407,0.11702442,-1.00000000,-0.98035292,-0.08650722
875,-0.00002589,0.21769775,1.00000000,-0.84169009,0.00536784
876,-0.00074965,0.01864941,-1.00000000,-0.80594560,0.02600939
877,-0.00086596,0.12704883,-1.00000000,-0.99812502,0.00967318
878,-0.00239404,0.09335089,-1.00000000,-0.93838254,-0.10315600
879,-0.00164273,0.08793529,-1.00000000,-0.92878132,-0.08455611
880,-0.00434804,0.01678813,-1.00000000,-0.80264578,-0.19756997
881,0.00181179,0.05176936,-1.00000000,-0.86466337,-0.13059427
882,-0.00065598,-0.07418964,-1.00000000,-0.64135288,-0.12510377
883,-0.00004362,0.21261137,1.00000000,-0.85070764,-0.06364568
884,0.00264976,0.09771196,-1.00000000,-0.94611420,0.04859261
885,0.00113164,0.12622368,-1.00000000,-0.99666213,0.19187333
886,-0.00313604,0.25162679,1.00000000,-0.78153789,0.06249919
887,0.00061358,0.18094360,1.00000000,-0.90685086,0.09569521
888,-0.00122449,-0.01775907,-1.00000000,-0.74139765,0.06481827
889,-0.00283234,0.15682254,1.00000000,-0.94961467,-0.07852570
890,0.00142323,0.07124256,-1.00000000,-0.89918708,-0.07090138
891,0.00713643,-0.00361908,-1.00000000,-0.76646618,0.19769923
892,-0.00605636,0.19451989,1.00000000,-0.88278171,0.02329616
893,-0.00174668,0.46052541,1.00000000,-0.41118520,0.00964193
894,-0.00744621,-0.15372882,-1.00000000,-0.50033927,-0.11099965
895,-0.00547627,0.04692913,-1.00000000,-0.85608222,-0.29140525
896,0.00079992,-0.21843987,-1.00000000,-0.38561419,-0.45708976
897,0.00236014,-0.12671988,-1.00000000,-0.54822294,-0.23701815
898,-0.00016795,0.16549880,1.00000000,-0.93423268,-0.19573798
899,0.00058430,0.23814233,1.00000000,-0.80544424,0.01424079
900,-0.00053549,0.12043479,-1.00000000,-0.98639911,0.14343045
901,-0.00058807,0.15545945,1.00000000,-0.95203126,0.10713770
902,-0.00161567,0.10332206,-1.00000000,-0.95606025,0.00317977
903,0.00286244,0.10087401,-1.00000000,-0.95172015,0.08241729
904,0.00491268,0.05302933,-1.00000000,-0.86689715,0.19559415
905,0.00172647,0.26152932,1.00000000,-0.76398186,0.25473911
906,-0.00161357,0.35698816,1.00000000,-0.59474456,0.22792468
907,-0.00264937,0.20863871,1.00000000,-0.85775068,0.20089573
908,-0.00067968,0.05312682,-1.00000000,-0.86706999,0.10827762
909,0.00100309,0.00490015,-1.00000000,-0.78156978,0.00605113
910,0.00406267,0.09660861,-1.00000000,-0.94415809,0.06713715
911,-0.00121324,0.17495825,1.00000000,-0.91746218,0.07760475
912,0.00054829,0.31741172,1.00000000,-0.66490894,0.16121598
913,-0.00034588,0.07176598,-1.00000000,-0.90011504,0.16994404
914,-0.00502472,0.15378272,1.00000000,-0.95500390,0.01233116
915,-0.00143425,0.11215026,-1.00000000,-0.97171161,-0.13140034
916,0.00024167,-0.10569559,-1.00000000,-0.58549654,-0.09335774
917,-0.00290780,0.06147579,-1.00000000,-0.88187174,-0.18372625
918,0.00198051,0.13950667,1.00000000,-0.98031367,-0.12289665
919,-0.00314268,-0.00713224,-1.00000000,-0.76023778,-0.07368584
920,-0.00417928,0.22046666,1.00000000,-0.83678113,-0.14546184
921,0.00203648,-0.01806821,-1.00000000,-0.74084958,-0.09853185
922,-0.00062026,-0.06633235,-1.00000000,-0.65528293,-0.03871815
923,0.00237818,0.22307269,1.00000000,-0.83216093,-0.02832004
924,-0.00441105,0.09937521,-1.00000000,-0.94906294,-0.06148500
925,0.00192730,0.23898208,1.00000000,-0.80395546,0.09818768
926,0.00130134,-0.07712349,-1.00000000,-0.63615151,0.07896553
927,-0.00652277,0.21798928,1.00000000,-0.84117324,-0.07537107
928,-0.00070900,0.18884472,1.00000000,-0.89284311,-0.15609352
929,0.00557170,-0.17544473,-1.00000000,-0.46183952,0.10493171
930,-0.00341599,0.09524343,-1.00000000,-0.94173778,-0.03478262
931,0.00326401,0.38767184,1.00000000,-0.54034600,0.01653656
932,-0.00395443,-0.03079346,-1.00000000,-0.71828921,0.08369257
933,0.00034066,0.28022638,1.00000000,-0.73083417,0.11113865
934,-0.00184219,-0.05586318,-1.00000000,-0.67384354,-0.08271682
935,0.00162293,0.14411536,1.00000000,-0.97214301,0.04903905
936,-0.00057315,0.04248252,-1.00000000,-0.84819891,-0.05129371
937,-0.00013148,0.20381803,1.00000000,-0.86629719,0.04866743
938,-0.00070238,0.10156855,-1.00000000,-0.95295149,0.02139442
939,0.00236008,0.12213292,-1.00000000,-0.98940970,0.13127382
940,-0.00090283,0.09555160,-1.00000000,-0.94228414,0.06523107
941,0.00212238,0.23813959,1.00000000,-0.80544909,0.13571281
942,0.00037561,0.08621882,-1.00000000,-0.92573822,0.14897185
943,0.00044444,0.22707207,1.00000000,-0.82507051,0.17895864
944,-0.00137357,0.14574266,1.00000000,-0.96925800,0.08133248
945,0.00105228,0.14894766,1.00000000,-0.96357589,0.13245399
946,-0.00175241,0.06430128,-1.00000000,-0.88688100,0.03113755
947,0.00125500,0.17724849,1.00000000,-0.91340186,0.05413163
948,0.00821669,0.04666266,-1.00000000,-0.85560979,0.25735756
949,-0.00811468,0.18668713,1.00000000,-0.89666825,0.08109338
950,-0.00847552,0.51082252,1.00000000,-0.32201433,-0.16803608
951,-0.00431198,-0.24956405,-1.00000000,-0.33043468,-0.23496277
952,-0.00054507,-0.26636462,-1.00000000,-0.30064925,-0.28203037
953,-0.00289094,-0.07251056,-1.00000000,-0.64432970,-0.57246877
954,0.00319768,0.10287606,-1.00000000,-0.95526955,-0.27667718
955,0.00068709,-0.00634747,-1.00000000,-0.76162908,-0.03709663
956,0.00152858,0.27713812,1.00000000,-0.73630929,0.11562019
957,-0.00378244,0.16024520,1.00000000,-0.94354669,0.03097073
958,-0.00241802,0.19942509,1.00000000,-0.87408535,0.04333655
959,-0.00246685,-0.04785524,-1.00000000,-0.68804067,-0.10477745
960,-0.00119915,0.01567177,-1.00000000,-0.80066659,-0.15409819
961,-0.00275264,0.01339849,-1.00000000,-0.79663634,-0.26604216
962,0.00194560,0.07242208,-1.00000000,-0.90127822,-0.11626745
963,0.00086401,0.00009173,-1.00000000,-0.77304502,-0.03045017
964,0.00966461,0.21884152,1.00000000,-0.83966230,0.28675871
965,0.00235274,0.16848257,1.00000000,-0.92894280,0.37963229
966,-0.00080165,0.57823743,1.00000000,-0.20249563,0.43064605
967,0.00061782,0.23779768,1.00000000,-0.80605526,0.39592770
968,0.00235913,0.09092954,-1.00000000,-0.93408977,0.43502157
969,0.00100803,0.15702020,1.00000000,-0.94926424,0.20867238
970,0.00096869,0.23809518,1.00000000,-0.80552783,0.17248269
971,-0.00411972,0.17518808,1.00000000,-0.91705472,0.08572302
972,0.00659153,0.17335639,1.00000000,-0.92030210,0.24192123
973,-0.00053332,-0.06355931,-1.00000000,-0.66019920,0.16629054
974,0.00009537,0.43515500,1.00000000,-0.45616395,0.14242663
975,-0.00130400,0.10342316,-1.00000000,-0.95623949,0.08300115
976,0.00026850,0.13269475,1.00000000,-0.99239039,0.19774282
977,0.00231952,0.06754023,-1.00000000,-0.89262328,0.08604004
978,-0.00143540,0.14075577,1.00000000,-0.97809917,0.06245282
979,0.00213886,0.23625112,1.00000000,-0.80879714,0.11588531
980,0.00175944,0.06142252,-1.00000000,-0.88177729,0.19598716
981,0.00276895,0.22783948,1.00000000,-0.82370999,0.26136794
982,0.00292676,0.21017381,1.00000000,-0.85502913,0.27724588
983,0.00069401,0.25717626,1.00000000,-0.77169932,0.33292482
984,0.00160553,0.26452422,1.00000000,-0.75867226,0.31897961
985,-0.00250560,0.16056737,1.00000000,-0.94297552,0.20745894
986,0.00287124,0.20300790,1.00000000,-0.86773345,0.21013376
987,0.00052752,0.01159421,-1.00000000,-0.79343756,0.14739919
988,-0.00261983,0.26193918,1.00000000,-0.76325522,0.06075032
989,0.00173472,0.15281572,1.00000000,-0.95671829,0.06412831
990,-0.00017387,0.00627580,-1.00000000,-0.78400865,0.12509740
991,0.00204017,0.20902293,1.00000000,-0.85706951,0.10336690
992,-0.00003737,0.12015901,-1.00000000,-0.98591018,0.08859635
993,0.00029981,0.22324469,1.00000000,-0.83185600,0.16493788
994,-0.00052828,0.12651450,-1.00000000,-0.99717772,0.10576562
995,0.00113730,0.14221358,1.00000000,-0.97551463,0.14004972
996,-0.00157776,0.10365765,-1.00000000,-0.95665522,0.04544937
997,-0.00000318,0.18120710,1.00000000,-0.90638370,0.04634337
998,0.00324239,0.05479429,-1.00000000,-0.87002622,0.12328496
999,-0.00310168,0.12810642,-1.00000000,-1.00000000,0.05599683
1000,-0.00060994,0.27921984,1.00000000,-0.73261864,0.01031058
1001,0.00032118,-0.01615915,-1.00000000,-0.74423412,0.05996337
1002,0.00150084,0.09985575,-1.00000000,-0.94991488,0.09929003
1003,0.00135997,0.14320867,1.00000000,-0.97375045,0.05006902
1004,-0.00042491,0.19813354,1.00000000,-0.87637511,0.12006012
1005,0.00196817,0.19157432,1.00000000,-0.88800384,0.18747147
1006,-0.00193482,0.10847070,-1.00000000,-0.96518818,0.12848248
1007,-0.00100707,0.21989198,1.00000000,-0.83779997,0.06290657
1008,-0.00280671,0.03816974,-1.00000000,-0.84055286,-0.04604209
1009,-0.00042560,0.08136561,-1.00000000,-0.91713405,-0.04606015
1010,-0.00016824,-0.00242543,-1.00000000,-0.76858239,-0.10192199
1011,0.00096021,0.10843853,-1.00000000,-0.96513114,-0.02622382
1012,-0.00042988,0.12042144,-1.00000000,-0.98637544,-0.01113178
1013,-0.00168229,0.17296191,1.00000000,-0.92100146,0.01826917
1014,-0.00115144,0.10823930,-1.00000000,-0.96477794,-0.00070984
1015,0.00188348,0.04992745,-1.00000000,-0.86139788,0.05293770
1016,0.00059282,0.07464350,-1.00000000,-0.90521653,0.04333130
1017,0.00266032,0.21594910,1.00000000,-0.84479023,0.12413280
1018,-0.00154476,0.15585625,1.00000000,-0.95132778,0.12772877
1019,-0.00085884,0.25211872,1.00000000,-0.78066575,0.13537974
1020,0.00018345,0.05633063,-1.00000000,-0.87274996,0.09092804
1021,0.00057514,0.08826723,-1.00000000,-0.92936981,0.09046558
1022,0.00209825,0.13679605,1.00000000,-0.98511929,0.07576873
1023,-0.00129715,0.15503277,1.00000000,-0.95278773,0.08224306
1024,-0.00102048,0.22594872,1.00000000,-0.82706207,0.07801654
1025,0.00051531,0.06785916,-1.00000000,-0.89318870,0.08669390
1026,0.00017020,0.08074127,-1.00000000,-0.91602716,0.07610581
1027,-0.00170680,0.15224741,1.00000000,-0.95772583,-0.02338713
1028,-0.00011694,0.13617905,1.00000000,-0.98621315,0.00747256
1029,0.00003690,0.04878633,-1.00000000,-0.85937482,0.03512043
1030,0.00021476,0.12280957,-1.00000000,-0.99060931,0.02726161
1031,-0.00011419,0.12997253,1.00000000,-0.99721658,0.01982550
1032,-0.00219699,0.13825358,1.00000000,-0.98253524,0.00700801
1033,0.00113637,0.12293791,-1.00000000,-0.99083685,0.03977913
1034,0.00187486,0.02596282,-1.00000000,-0.81891142,0.08783737
1035,-0.00245352,0.18116357,1.00000000,-0.90646088,0.01806835
1036,-0.00244825,0.21554757,1.00000000,-0.84550209,-0.04296177
1037,0.00072094,0.01401917,-1.00000000,-0.79773674,0.03333535
1038,-0.00024764,0.01426445,-1.00000000,-0.79817158,-0.00285323
1039,0.00750208,0.16182150,1.00000000,-0.94075210,0.14428538
1040,-0.00070782,0.11672428,-1.00000000,-0.97982081,0.18993119
1041,0.00322820,0.47755038,1.00000000,-0.38100192,0.33835687
1042,0.00206773,0.09529852,-1.00000000,-0.94183546,0.37357221
1043,-0.00224638,0.27855907,1.00000000,-0.73379012,0.32130994
1044,-0.00080864,0.22452780,1.00000000,-0.82958120,0.10400431
1045,0.00448221,0.02366331,-1.00000000,-0.81483465,0.23971118
1046,0.00139148,0.09060446,-1.00000000,-0.93351343,0.19168524
1047,-0.00206735,0.33694537,1.00000000,-0.63027807,0.08356263
1048,0.00206245,0.19304153,1.00000000,-0.88540266,0.19622824
1049,-0.00285814,0.03199896,-1.00000000,-0.82961279,0.14263856
1050,0.00043431,0.22428166,1.00000000,-0.83001759,0.03679572
1051,0.00273855,-0.00482017,-1.00000000,-0.76433680,0.07201853
1052,0.00499481,0.14847601,1.00000000,-0.96441209,0.25667730
1053,0.00003522,0.25576112,1.00000000,-0.77420819,0.20367004
1054,0.00220579,0.36081216,1.00000000,-0.58796507,0.33607991
1055,-0.00189068,0.12989412,1.00000000,-0.99735559,0.27528675
1056,-0.00009007,0.23095587,1.00000000,-0.81818499,0.20132485
1057,0.00144750,0.04022448,-1.00000000,-0.84419566,0.10857109
1058,0.00344169,0.12406066,-1.00000000,-0.99282735,0.19764240
1059,-0.00064676,0.19564990,1.00000000,-0.88077832,0.12305487
1060,0.00123921,0.28849920,1.00000000,-0.71616743,0.20489414
1061,0.00276499,0.09814136,-1.00000000,-0.94687549,0.27954735
1062,0.00307953,0.18595182,1.00000000,-0.89797189,0.32222113
1063,0.00406302,0.25699213,1.00000000,-0.77202577,0.33846725
1064,-0.00105792,0.27163708,1.00000000,-0.74606198,0.32771634
1065,0.00100049,0.31742791,1.00000000,-0.66488023,0.32147436
1066,-0.00036199,0.07899773,-1.00000000,-0.91293607,0.23971119
1067,-0.00015000,0.17483700,1.00000000,-0.91767714,0.15526654
1068,0.00104551,0.11140029,-1.00000000,-0.97038201,0.07636579
1069,-0.00313671,0.12127048,-1.00000000,-0.98788069,0.02201034
1070,-0.00098389,0.17693305,1.00000000,-0.91396110,-0.02987646
1071,-0.00234739,-0.01779047,-1.00000000,-0.74134197,-0.08178992
1072,0.00120822,0.08244463,-1.00000000,-0.91904702,-0.04627581
1073,-0.00092974,0.01896044,-1.00000000,-0.80649702,-0.09792383
1074,-0.00590784,0.18450879,1.00000000,-0.90053021,-0.17038220
1075,-0.00423709,0.08496583,-1.00000000,-0.92351682,-0.25544568
1076,0.00127642,-0.14681368,-1.00000000,-0.51259901,-0.16069177
1077,-0.00430488,-0.06902391,-1.00000000,-0.65051111,-0.30484602
1078,-0.00053403,0.18768427,1.00000000,-0.89490045,-0.29449917
1079,-0.00002723,-0.07217991,-1.00000000,-0.64491590,-0.14073519
1080,0.00385425,0.10338998,-1.00000000,-0.95618067,0.07083414
1081,0.00097013,0.12698663,-1.00000000,-0.99801475,0.06282544
1082,-0.00008685,0.30770764,1.00000000,-0.68211312,0.17311689
1083,-0.00475326,0.17342354,1.00000000,-0.92018304,0.06279400
1084,-0.00101073,0.12421090,-1.00000000,-0.99309371,0.03707788
1085,-0.00171031,-0.09305681,-1.00000000,-0.60790362,-0.10842201
1086,0.00124622,0.08119514,-1.00000000,-0.91683183,-0.10120301
1087,0.00592092,0.04862283,-1.00000000,-0.85908495,0.05588595
1088,-0.00465749,0.18627807,1.00000000,-0.89739347,0.05839031
1089,-0.00636346,0.40393182,1.00000000,-0.51151898,-0.08157091
1090,-0.00148985,-0.08859741,-1.00000000,-0.61580960,-0.07580650
1091,0.00104734,-0.16802721,-1.00000000,-0.47498991,-0.08100653
1092,-0.00314877,0.05888724,-1.00000000,-0.87728254,-0.31815747
1093,0.00407371,0.17701863,1.00000000,-0.91380937,-0.08985729
1094,0.00740818,-0.01835172,-1.00000000,-0.74034695,0.27023836
1095,-0.00057285,0.31792600,1.00000000,-0.66399718,0.29421568
1096,0.00119500,0.47317817,1.00000000,-0.38875335,0.29807652
1097,-0.00233649,0.10158254,-1.00000000,-0.95297628,0.31931576
1098,0.00085263,0.18389344,1.00000000,-0.90162115,0.23509199
1099,0.00332887,0.01946800,-1.00000000,-0.80739686,0.12842783
1100,0.00035934,0.16795269,1.00000000,-0.92988222,0.15280238
1101,0.00071032,0.28324631,1.00000000,-0.72548019,0.14012913
1102,0.00102580,0.14498516,1.00000000,-0.97060096,0.22804503
1103,-0.00114137,0.16132678,1.00000000,-0.94162919,0.17590661
1104,0.00022267,0.17601570,1.00000000,-0.91558745,0.09468689
1105,0.00302037,0.07511226,-1.00000000,-0.90604760,0.16426655
1106,-0.00218504,0.13862218,1.00000000,-0.98188177,0.08855971
1107,0.00026246,0.26888238,1.00000000,-0.75094575,0.06860012
1108,-0.00111731,0.02651916,-1.00000000,-0.81989774,0.06922935
1109,0.00074687,0.14047461,1.00000000,-0.97859762,0.08293578
1110,-0.00032540,0.07623270,-1.00000000,-0.90803401,-0.00454819
1111,-0.00205235,0.16302857,1.00000000,-0.93861211,-0.00107855
1112,0.00824453,0.11310379,-1.00000000,-0.97340211,0.20763366
1113,-0.00083654,0.03269739,-1.00000000,-0.83085101,0.21497522
1114,0.00156752,0.51211863,1.00000000,-0.31971648,0.23643319
1115,0.00030183,0.08930547,-1.00000000,-0.93121049,0.25283389
1116,0.00502436,0.20123776,1.00000000,-0.87087171,0.43787315
1117,0.00532676,0.14230774,1.00000000,-0.97534770,0.36158046
1118,-0.00163030,0.36218811,1.00000000,-0.58552567,0.34082530
1119,0.01119346,0.37626783,1.00000000,-0.56056397,0.59252094
1120,0.00170069,0.05234772,-1.00000000,-0.86568875,0.62909762
1121,0.00392087,0.64942034,1.00000000,-0.07629670,0.60024395
1122,-0.00319370,0.20743812,1.00000000,-0.85987919,0.37745396
1123,-0.00048450,0.31080973,1.00000000,-0.67661348,0.40741412
1124,0.00222911,-0.02044383,-1.00000000,-0.73663788,0.17301763
1125,-0.00192275,0.10569637,-1.00000000,-0.96026962,0.07827343
1126,0.00137524,0.23204153,1.00000000,-0.81626024,0.01171118
1127,-0.00194157,0.03873159,-1.00000000,-0.84154895,0.04445139
1128,0.00195696,0.19228547,1.00000000,-0.88674307,0.10828963
1129,0.00229257,0.03785511,-1.00000000,-0.83999506,0.10994885
1130,0.00289661,0.21937013,1.00000000,-0.83872515,0.23596353
1131,-0.00063405,0.23499604,1.00000000,-0.81102225,0.18342539
1132,-0.00334995,0.26311999,1.00000000,-0.76116178,0.14659975
1133,-0.00336453,0.09873327,-1.00000000,-0.94792486,0.00745541
1134,0.00285709,-0.02771855,-1.00000000,-0.72374066,0.02221626
1135,-0.00318636,-0.02839767,-1.00000000,-0.72253665,-0.13683887
1136,-0.00004936,0.26127999,1.00000000,-0.76442389,-0.12155074
1137,0.00386698,-0.02010199,-1.00000000,-0.73724393,0.06715482
1138,0.00573745,0.12595612,-1.00000000,-0.99618778,0.30515017
1139,0.00230104,0.30830057,1.00000000,-0.68106194,0.29061094
1140,-0.00304169,0.39538945,1.00000000,-0.52666359,0.29439361
1141,-0.00030482,0.23539066,1.00000000,-0.81032264,0.28771413
1142,-0.00736547,-0.01336636,-1.00000000,-0.74918540,-0.00598786
1143,0.00245900,0.11406228,-1.00000000,-0.97510140,-0.09171171
1144,0.00123231,-0.21468074,-1.00000000,-0.39227869,-0.11965660
1145,0.00142650,0.24274501,1.00000000,-0.79728423,-0.00282393
1146,0.00182752,0.18563051,1.00000000,-0.89854152,0.05293169
1147,0.00192421,0.19467208,1.00000000,-0.88251189,0.29583491
1148,0.00350048,0.21334369,1.00000000,-0.84940932,0.32306733
1149,0.00371074,0.21784561,1.00000000,-0.84142794,0.38787242
1150,0.00468306,0.29123650,1.00000000,-0.71131452,0.47302367
1151,0.00397344,0.30102589,1.00000000,-0.69395909,0.52913430
1152,0.00241770,0.34629690,1.00000000,-0.61369890,0.54203788
1153,0.00304004,0.31325725,1.00000000,-0.67227432,0.52999836
1154,0.00124338,0.24082240,1.00000000,-0.80069280,0.46548271
1155,0.00436067,0.26979830,1.00000000,-0.74932192,0.45705296
1156,0.00005139,0.18614589,1.00000000,-0.89762782,0.35450065
1157,-0.00220258,0.33128645,1.00000000,-0.64031067,0.23369128
1158,-0.00311812,0.13064718,1.00000000,-0.99602051,0.07266996
1159,-0.00295295,0.02570284,-1.00000000,-0.81845051,-0.03705400
1160,0.00201314,-0.01692479,-1.00000000,-0.74287673,-0.09843630
1161,0.00265524,-0.00923441,-1.00000000,-0.75651087,-0.03035187
1162,0.00328558,0.22198588,1.00000000,-0.83408774,0.11315038
1163,-0.00023536,0.25188192,1.00000000,-0.78108557,0.18852780
1164,0.00041853,0.28123054,1.00000000,-0.72905391,0.27668410
1165,-0.00303618,0.11729624,-1.00000000,-0.98083483,0.14465636
1166,0.00103458,0.14774137,1.00000000,-0.96571452,0.10228012
1167,-0.00062362,-0.01310971,-1.00000000,-0.74964041,0.00006372
1168,-0.00069521,0.17642454,1.00000000,-0.91486262,-0.01196033
1169,0.00911967,0.09921862,-1.00000000,-0.94878533,0.21555376
1170,0.00332948,0.09588557,-1.00000000,-0.94287623,0.38200079
1171,0.00079127,0.55286502,1.00000000,-0.24747793,0.37563878
1172,0.00077054,0.28327468,1.00000000,-0.72542989,0.41209280
1173,0.00690780,0.16509600,1.00000000,-0.93494679,0.61089352
1174,0.00620834,0.16413058,1.00000000,-0.93665837,0.53476924
1175,0.00024499,0.44988065,1.00000000,-0.43005710,0.45411698
1176,-0.00130000,0.41731410,1.00000000,-0.48779376,0.39943519
1177,0.00764205,0.13966098,1.00000000,-0.98004009,0.57910887
1178,-0.00442939,0.06772672,-1.00000000,-0.89295391,0.28266833
1179,-0.00225564,0.48406705,1.00000000,-0.36944863,0.06135512
1180,0.00431952,-0.07797707,-1.00000000,-0.63463821,0.16789441
1181,-0.00135730,0.02323207,-1.00000000,-0.81407012,0.16639623
1182,-0.00211243,0.32937050,1.00000000,-0.64370743,-0.08866027
1183,0.00187076,0.06505898,-1.00000000,-0.88822432,0.07607366
1184,0.00292243,0.02989992,-1.00000000,-0.82589144,0.21146802
1185,-0.00237630,0.21535689,1.00000000,-0.84584014,0.03638830
1186,-0.00058356,0.26432244,1.00000000,-0.75903000,0.05661956
1187,-0.00108228,0.01761428,-1.00000000,-0.80411044,0.08355564
1188,-0.00020824,0.10108383,-1.00000000,-0.95209213,0.02919471
1189,-0.00070208,0.07786373,-1.00000000,-0.91092563,-0.06557776
1190,-0.00295889,0.11855896,-1.00000000,-0.98307348,-0.08081098
1191,0.00062513,0.09556554,-1.00000000,-0.94230885,-0.04920649
1192,0.00142426,-0.00951079,-1.00000000,-0.75602087,0.01633367
1193,-0.00399073,0.15736046,1.00000000,-0.94866100,-0.08256948
1194,-0.00394352,0.19456802,1.00000000,-0.88269637,-0.16732547
1195,0.00402611,-0.05755323,-1.00000000,-0.67084729,0.01531559
1196,0.00144470,-0.05535547,-1.00000000,-0.67474365,0.03674540
1197,0.00083169,0.31570955,1.00000000,-0.66792669,0.02125109
1198,0.00103647,0.19551952,1.00000000,-0.88100947,0.15270031
1199,0.00708234,0.16697802,1.00000000,-0.93161020,0.44100045
1200,0.00447394,0.17651223,1.00000000,-0.91470716,0.45271024
1201,-0.00100575,0.45800702,1.00000000,-0.41565000,0.38863686
1202,-0.00076257,0.33656062,1.00000000,-0.63096020,0.34695062
1203,-0.00329344,0.08142706,-1.00000000,-0.91724300,0.23373369
1204,-0.00066306,0.09274930,-1.00000000,-0.93731599,0.03121005
1205,-0.00290517,-0.02508783,-1.00000000,-0.72840462,-0.16173638
1206,0.00134496,0.09738270,-1.00000000,-0.94553046,-0.10027088
1207,0.00265899,-0.00701001,-1.00000000,-0.76045447,-0.01080529
1208,0.00013971,0.19087578,1.00000000,-0.88924228,0.07896363
1209,0.00039712,0.25205647,1.00000000,-0.78077610,0.10668475
1210,-0.00039389,0.13475946,1.00000000,-0.98872992,0.17234897
1211,-0.00110781,0.14674440,1.00000000,-0.96748202,0.10821479
1212,-0.00395553,0.10991518,-1.00000000,-0.96774908,-0.06473902
1213,0.00187535,0.07667505,-1.00000000,-0.90881824,-0.01935622
1214,-0.00041941,-0.05591423,-1.00000000,-0.67375304,-0.04070647
1215,-0.00059977,0.21557046,1.00000000,-0.84546151,-0.04608996
1216,-0.00245610,0.10872701,-1.00000000,-0.96564260,-0.08134465
1217,0.00082023,0.10032905,-1.00000000,-0.95075400,0.04352993
1218,-0.00183613,0.01389869,-1.00000000,-0.79752313,-0.05351652
1219,0.00475308,0.16644407,1.00000000,-0.93255683,0.08173168
1220,0.00151219,0.04276441,-1.00000000,-0.84869866,0.13695466
1221,0.00764170,0.34955712,1.00000000,-0.60791893,0.40098817
1222,-0.00034100,0.19866202,1.00000000,-0.87543818,0.37062496
1223,-0.00623834,0.48405074,1.00000000,-0.36947756,0.25551759
1224,0.00198971,0.11237772,-1.00000000,-0.97211488,0.18326218
1225,-0.00439996,-0.16220186,-1.00000000,-0.48531757,0.02867342
1226,0.00806054,0.22089530,1.00000000,-0.83602119,0.03962522
1227,-0.00078849,-0.07660692,-1.00000000,-0.63706733,0.02792424
1228,0.00055906,0.50355210,1.00000000,-0.33490394,0.20566014
1229,-0.00279748,0.09154234,-1.00000000,-0.93517620,0.08048638
1230,-0.00196947,0.15428410,1.00000000,-0.95411502,0.14403775
1231,-0.00312169,-0.00199573,-1.00000000,-0.76934419,-0.14835110
1232,-0.00282028,0.03655603,-1.00000000,-0.83769193,-0.20147749
1233,0.00363944,-0.01709098,-1.00000000,-0.74258210,-0.12093281
1234,-0.00317449,-0.00305732,-1.00000000,-0.76746212,-0.13079071
1235,-0.00763406,0.29770622,1.00000000,-0.69984446,-0.27890609
1236,0.00399935,-0.01954923,-1.00000000,-0.73822390,-0.09270783
1237,-0.00426732,-0.22718606,-1.00000000,-0.37010822,-0.13054440
1238,0.00061898,0.31446350,1.00000000,-0.67013578,-0.20952212
1239,0.00019482,-0.07043111,-1.00000000,-0.64801631,-0.12142269
1240,-0.00165187,0.15707431,1.00000000,-0.94916830,0.03499740
1241,0.00026862,0.13732528,1.00000000,-0.98418102,-0.06255238
1242,-0.00478069,0.05134383,-1.00000000,-0.86390896,-0.07597595
1243,0.00126834,0.14076120,1.00000000,-0.97808953,-0.05899687
1244,0.00273008,-0.09433383,-1.00000000,-0.60563960,0.00729429
1245,0.00226534,0.18730815,1.00000000,-0.89556727,0.10971983
1246,0.00580011,0.25536683,1.00000000,-0.77490723,0.25435517
1247,-0.00132090,0.23372817,1.00000000,-0.81327003,0.34482057
1248,-0.00014960,0.39830656,1.00000000,-0.52149190,0.30774482
1249,-0.00004849,0.06675365,-1.00000000,-0.89122876,0.23509163
1250,-0.00575700,0.12128911,-1.00000000,-0.98791371,0.02532659
1251,0.00685094,0.12599670,-1.00000000,-0.99625973,0.05280339
1252,-0.00372468,-0.13979057,-1.00000000,-0.52505016,-0.01004982
1253,-0.00042383,0.44723320,1.00000000,-0.43475072,-0.01722039
1254,0.00262121,-0.04516610,-1.00000000,-0.69280821,0.05258591
1255,-0.00101510,0.10852081,-1.00000000,-0.96527702,0.17657542
1256,-0.00117764,0.25029750,1.00000000,-0.78389455,-0.03335301
1257,-0.00003290,0.08099171,-1.00000000,-0.91647117,0.06317819
1258,-0.00310888,0.07342353,-1.00000000,-0.90305367,-0.00702928
1259,-0.00281214,0.12672245,-1.00000000,-0.99754640,-0.14909854
1260,0.00086274,-0.01649432,-1.00000000,-0.74363990,-0.09999768
1261,0.00309012,-0.00267856,-1.00000000,-0.76813363,0.01159412
1262,-0.00198901,0.16842331,1.00000000,-0.92904787,-0.03955343
1263,0.00054926,0.27212979,1.00000000,-0.74518847,0.05609826
1264,0.00169287,0.03564642,-1.00000000,-0.83607930,0.17389376
1265,-0.00135525,0.15382814,1.00000000,-0.95492338,0.11589869
1266,-0.00163306,0.20707435,1.00000000,-0.86052411,-0.00760113
1267,-0.00008317,0.06515422,-1.00000000,-0.88839316,0.04223213
1268,0.00535698,0.05221948,-1.00000000,-0.86546139,0.16794255
1269,0.00036312,0.12438215,-1.00000000,-0.99339732,0.13317279
1270,-0.00238593,0.37767478,1.00000000,-0.55806961,0.10622293
1271,0.00185913,0.14516147,1.00000000,-0.97028838,0.19753536
1272,0.00081832,0.01716588,-1.00000000,-0.80331548,0.22110704
1273,-0.00219558,0.21481522,1.00000000,-0.84680046,0.02362543
1274,0.00283728,0.16635513,1.00000000,-0.93271450,0.08831867
1275,-0.00102794,0.02602857,-1.00000000,-0.81902798,0.12382700
1276,0.00275316,0.26035769,1.00000000,-0.76605903,0.14720391
1277,0.00058848,0.08039390,-1.00000000,-0.91541132,0.14119413
1278,0.00113940,0.25644138,1.00000000,-0.77300218,0.22839590
1279,-0.00056527,0.15565380,1.00000000,-0.95168670,0.13942730
1280,0.00125936,0.18130466,1.00000000,-0.90621075,0.19923469
1281,0.00061818,0.10193549,-1.00000000,-0.95360202,0.14340983
1282,0.00138748,0.18689010,1.00000000,-0.89630843,0.16430184
1283,0.00141231,0.15703667,1.00000000,-0.94923504,0.17143793
1284,-0.00116537,0.19285523,1.00000000,-0.88573294,0.15574684
1285,0.00113207,0.19401156,1.00000000,-0.88368290,0.15241857
1286,-0.00148190,0.07399510,-1.00000000,-0.90406700,0.09750648
1287,-0.00210685,0.18096360,1.00000000,-0.90681540,0.00613804
1288,-0.00111092,0.05925729,-1.00000000,-0.87793860,-0.05983849
1289,0.00087189,0.03015974,-1.00000000,-0.82635206,-0.00656895
1290,-0.00793712,0.07653027,-1.00000000,-0.90856156,-0.24370690
1291,-0.00327331,0.16884965,1.00000000,-0.92829202,-0.29054788
1292,0.00117780,-0.24129679,-1.00000000,-0.34509156,-0.20466209
1293,0.00205095,-0.02415023,-1.00000000,-0.73006687,-0.12198668
1294,0.00235258,0.18309252,1.00000000,-0.90304109,-0.08327008
1295,0.00069762,0.22374650,1.00000000,-0.83096636,0.14250809
1296,-0.00097582,0.23779048,1.00000000,-0.80606804,0.20258198
1297,-0.00003455,0.16073578,1.00000000,-0.94267696,0.17088185
1298,0.00389960,0.08282051,-1.00000000,-0.91971342,0.21921973
1299,0.00081670,0.12664560,-1.00000000,-0.99741015,0.17905992
1300,0.00087509,0.30981947,1.00000000,-0.67836910,0.18370013
1301,-0.00099314,0.16627980,1.00000000,-0.93284805,0.18324714
1302,0.00428448,0.16899837,1.00000000,-0.92802835,0.29617971
1303,-0.00050850,0.08201389,-1.00000000,-0.91828337,0.18091833
1304,0.00008088,0.32773933,1.00000000,-0.64659931,0.16167848
1305,0.00221314,0.10457896,-1.00000000,-0.95828859,0.19666544
1306,-0.00195168,0.13202030,1.00000000,-0.99358613,0.17160203
1307,0.00025131,0.23129801,1.00000000,-0.81757841,0.06614421
1308,-0.00099572,0.03738465,-1.00000000,-0.83916098,0.05340439
1309,0.00025379,0.13995555,1.00000000,-0.97951785,0.05792559
1310,-0.00239282,0.08189376,-1.00000000,-0.91807040,-0.06250929
1311,-0.00055387,0.14007097,1.00000000,-0.97931323,-0.02596000
1312,0.00360135,0.01684530,-1.00000000,-0.80274713,0.06163555
1313,0.00114038,0.10246625,-1.00000000,-0.95454300,0.11748954
1314,-0.00040501,0.29593283,1.00000000,-0.70298849,0.10026337
1315,-0.00379131,0.18135034,1.00000000,-0.90612977,0.06369599
1316,-0.00374861,0.10939713,-1.00000000,-0.96683063,-0.01983884
1317,0.00035249,-0.04826851,-1.00000000,-0.68730800,-0.10478876
1318,0.00017755,-0.04628029,-1.00000000,-0.69083287,-0.12996444
1319,0.00094640,0.14466651,1.00000000,-0.97116589,-0.09462817
1320,0.00327156,0.13652118,1.00000000,-0.98560659,0.09004934
1321,0.00540292,0.17231876,1.00000000,-0.92214169,0.32934005
1322,0.00034671,0.28057805,1.00000000,-0.73021070,0.32918881
1323,-0.00504222,0.37981343,1.00000000,-0.55427804,0.19270419
1324,0.00070138,0.14439719,1.00000000,-0.97164335,0.18629748
1325,0.00187791,-0.10651056,-1.00000000,-0.58405169,0.14985678
1326,0.00020974,0.16091063,1.00000000,-0.94236697,0.01406758
1327,0.00062353,0.21568981,1.00000000,-0.84524991,0.02130571
1328,-0.00042680,0.13801999,1.00000000,-0.98294938,0.14198802
1329,0.00120431,0.15728579,1.00000000,-0.94879338,0.15513850
1330,-0.00278496,0.10838275,-1.00000000,-0.96503226,0.03321556
1331,-0.00024232,0.18432707,1.00000000,-0.90085236,0.02139531
1332,0.00045276,-0.00141263,-1.00000000,-0.77037797,0.01693025
1333,-0.00108072,0.11697221,-1.00000000,-0.98026037,-0.00016828
1334,-0.00076858,0.14933508,1.00000000,-0.96288905,-0.05175483
1335,-0.00140376,0.07793620,-1.00000000,-0.91105411,-0.01563997
1336,0.00260899,0.09246933,-1.00000000,-0.93681963,0.05891490
1337,0.00190842,0.06289541,-1.00000000,-0.88438855,0.09697678
1338,-0.00077543,0.24972856,1.00000000,-0.78490322,0.10495939
1339,-0.00306037,0.21711008,1.00000000,-0.84273195,0.04503454
1340,0.00049073,0.09215045,-1.00000000,-0.93625431,0.09457096
1341,-0.00070778,-0.01423603,-1.00000000,-0.74764358,0.00784534
1342,-0.00148413,0.15110258,1.00000000,-0.95975548,-0.08086165
1343,0.00012222,0.09530033,-1.00000000,-0.94183866,-0.05739016
1344,-0.00490817,0.05915371,-1.00000000,-0.87775496,-0.10570566
1345,-0.00090297,0.13394504,1.00000000,-0.99017378,-0.14214745
1346,0.00428773,-0.10026918,-1.00000000,-0.59511693,-0.01152676
1347,-0.00228102,0.08621240,-1.00000000,-0.92572684,-0.03236356
1348,-0.00128684,0.32789045,1.00000000,-0.64633138,-0.06920720
1349,0.00065990,0.02205060,-1.00000000,-0.81197551,0.07638464
1350,0.00210693,0.06833931,-1.00000000,-0.89403994,0.15508640
1351,0.00232610,0.15897936,1.00000000,-0.94579087,0.10379450
1352,-0.00115707,0.22635292,1.00000000,-0.82634548,0.13318298
1353,-0.01333483,0.23655738,1.00000000,-0.80825418,-0.18184338
1354,0.00000732,0.07438129,-1.00000000,-0.90475167,-0.19890671
1355,-0.00601986,-0.49261332,-1.00000000,0.10046309,-0.41140306
1356,0.00179847,0.12859549,1.00000000,-0.99965791,-0.42519946
1357,-0.00125524,-0.15202933,-1.00000000,-0.50335227,-0.42776621
1358,0.01294539,0.21199078,1.00000000,-0.85180786,0.25939922
1359,-0.00116743,0.06981079,-1.00000000,-0.89664871,0.22868226
1360,0.00360212,0.73098985,1.00000000,0.06831645,0.48027426
1361,0.00129948,0.07389923,-1.00000000,-0.90389704,0.46722696
1362,-0.00109058,0.29596873,1.00000000,-0.70292484,0.47153245
1363,0.00050299,0.18875806,1.00000000,-0.89299674,0.14619321
1364,-0.00215027,0.07747736,-1.00000000,-0.91024065,0.12049434
1365,-0.00841149,0.15167358,1.00000000,-0.95874317,-0.19363320
1366,0.00613502,0.02813845,-1.00000000,-0.82276855,-0.06719529
1367,0.00735325,-0.26338340,-1.00000000,-0.30593460,0.15359078
1368,0.00435564,0.41390010,1.00000000,-0.49384639,0.25432855
1369,0.00299277,0.47062073,1.00000000,-0.39328738,0.38880684
1370,0.00028110,0.33105259,1.00000000,-0.64072528,0.61609765
1371,0.00332217,0.26759761,1.00000000,-0.75322350,0.54254822
1372,-0.00339880,0.14134266,1.00000000,-0.97705867,0.26140761
1373,-0.00365649,0.28293409,1.00000000,-0.72603373,0.05190941
1374,-0.00836668,-0.02999313,-1.00000000,-0.71970811,-0.24511335
1375,-0.00105536,-0.04199101,-1.00000000,-0.69843727,-0.28005862
1376,0.00439956,-0.26129685,-1.00000000,-0.30963380,-0.25188724
1377,-0.00364419,0.07911727,-1.00000000,-0.91314800,-0.25830363
1378,-0.00056672,0.33309754,1.00000000,-0.63709983,-0.17751354
1379,0.00759196,-0.04141849,-1.00000000,-0.69945227,0.23976704
1380,-0.00643097,0.10186811,-1.00000000,-0.95348256,0.09920737
1381,0.00261779,0.48173506,1.00000000,-0.37358299,0.05261818
1382,-0.00462759,-0.17117074,-1.00000000,-0.46941681,0.02690463
1383,-0.00685853,0.25013837,1.00000000,-0.78417667,-0.13761138
1384,0.00556816,-0.08720542,-1.00000000,-0.61827744,-0.19052903
1385,0.00065888,-0.19107780,-1.00000000,-0.43412392,-0.00514620
1386,0.00300929,0.38750707,1.00000000,-0.54063813,0.00509056
1387,-0.00308699,0.15893176,1.00000000,-0.94587527,0.04537370
1388,-0.00112040,0.26836650,1.00000000,-0.75186035,0.19541233
1389,-0.00210473,-0.01547513,-1.00000000,-0.74544681,-0.00521538
1390,0.00098666,0.07608893,-1.00000000,-0.90777911,0.00335534
1391,0.00212457,0.03025873,-1.00000000,-0.82652757,-0.01977789
1392,0.00282949,0.17419325,1.00000000,-0.91881844,0.13492389
1393,0.00187115,0.22717424,1.00000000,-0.82488939,0.21314564
1394,0.00302747,0.25999507,1.00000000,-0.76670191,0.34734036
1395,-0.00143565,0.21537472,1.00000000,-0.84580854,0.28400259
1396,-0.00473538,0.26921295,1.00000000,-0.75035968,0.10463121
1397,-0.00448115,0.06141067,-1.00000000,-0.88175628,-0.08652478
1398,0.00455268,-0.09222396,-1.00000000,-0.60938016,-0.01640897
1399,-0.00429401,-0.08038742,-1.00000000,-0.63036496,-0.20784821
1400,0.00208829,0.34022665,1.00000000,-0.62446074,-0.11570552
1401,0.00461419,-0.07167390,-1.00000000,-0.64581299,0.12876354
1402,-0.00454065,0.22548483,1.00000000,-0.82788451,0.12720792
1403,-0.00287012,0.34309059,1.00000000,-0.61938332,-0.06688061
1404,0.00034199,-0.08315742,-1.00000000,-0.62545407,0.05433983
1405,-0.00156673,-0.00537767,-1.00000000,-0.76334842,-0.04123015
1406,0.00287414,0.14417762,1.00000000,-0.97203262,-0.08672836
1407,-0.00115188,0.05530787,-1.00000000,-0.87093675,0.00187999
1408,-0.00084123,0.26207407,1.00000000,-0.76301609,0.05493045
1409,-0.00031311,0.07462330,-1.00000000,-0.90518072,0.03780098
1410,0.00259235,0.08908679,-1.00000000,-0.93082279,0.14655088
1411,0.00384777,0.11367599,-1.00000000,-0.97441655,0.17200904
1412,-0.00096192,0.24895371,1.00000000,-0.78627694,0.17697588
1413,0.00035343,0.30740620,1.00000000,-0.68264755,0.20821361
1414,0.00420704,0.08346753,-1.00000000,-0.92086050,0.32640489
1415,0.00205910,0.14471035,1.00000000,-0.97108816,0.31246176
1416,0.00124647,0.32413363,1.00000000,-0.65299178,0.24444385
1417,-0.00276947,0.22412584,1.00000000,-0.83029384,0.19718064
1418,0.00231866,0.18628990,1.00000000,-0.89737251,0.24856666
1419,-0.00158258,-0.00069184,-1.00000000,-0.77165584,0.09718176
1420,0.00310327,0.23621101,1.00000000,-0.80886825,0.12448445
1421,0.00151018,0.05456967,-1.00000000,-0.86962800,0.13137988
1422,0.00388566,0.27274246,1.00000000,-0.74410229,0.30539599
1423,0.00031826,0.19856827,1.00000000,-0.87560440,0.25309026
1424,-0.01191476,0.30917045,1.00000000,-0.67951974,-0.01707173
1425,0.00191590,0.14307266,1.00000000,-0.97399159,-0.04811882
1426,-0.00108484,-0.42649507,-1.00000000,-0.01675678,-0.11597235
1427,0.00026209,0.21745835,1.00000000,-0.84211450,-0.21072027
1428,0.00333661,0.07774469,-1.00000000,-0.91071458,-0.13179748
1429,-0.00112095,0.14045728,1.00000000,-0.97862835,0.15043515
1430,-0.00181811,0.28360676,1.00000000,-0.72484116,0.05279961
1431,-0.00556905,0.07606331,-1.00000000,-0.90773369,-0.06445193
1432,-0.00150438,0.04360333,-1.00000000,-0.85018597,-0.11064096
1433,-0.00006068,-0.13103962,-1.00000000,-0.54056456,-0.19947223
1434,0.00130354,0.05821065,-1.00000000,-0.87608303,-0.13607772
1435,0.00230133,0.12542908,-1.00000000,-0.99525340,-0.02836408
1436,0.00292190,0.18894694,1.00000000,-0.89266188,0.19365419
1437,-0.00719544,0.23540395,1.00000000,-0.81029908,0.04484639
1438,-0.00452359,0.26429786,1.00000000,-0.75907357,-0.07184817
1439,0.00854689,-0.20676438,-1.00000000,-0.40631345,0.11754824
1440,0.00053505,-0.08236344,-1.00000000,-0.62686169,0.07136432
1441,0.00403574,0.52619623,1.00000000,-0.29475855,0.10048838
1442,0.00193915,0.15316641,1.00000000,-0.95609656,0.33933633
1443,-0.00392044,0.31615771,1.00000000,-0.66713215,0.35510728
1444,-0.00217968,0.21854092,1.00000000,-0.84019523,0.07463294
1445,0.00407280,-0.05428085,-1.00000000,-0.67664883,0.16713675
1446,-0.00185729,0.02676876,-1.00000000,-0.82034026,0.01304810
1447,0.00045568,0.31788358,1.00000000,-0.66407238,-0.02574099
1448,0.00482954,0.04177930,-1.00000000,-0.84695218,0.20305027
1449,-0.00310754,0.14947101,1.00000000,-0.96264806,0.17878912
1450,0.00418807,0.35311699,1.00000000,-0.60160769,0.18180300
1451,-0.00261797,-0.01643193,-1.00000000,-0.74375051,0.16191298
1452,0.00146903,0.32325026,1.00000000,-0.65455789,0.18840962
1453,-0.00499091,0.00636208,-1.00000000,-0.78416161,-0.06837173
1454,-0.00695154,0.19665233,1.00000000,-0.87900113,-0.16888320
1455,-0.00007304,-0.10412148,-1.00000000,-0.58828725,-0.28030112
1456,0.00153592,-0.19540798,-1.00000000,-0.42644702,-0.17168673
1457,0.00040249,0.12485362,-1.00000000,-0.99423317,-0.19957419
1458,-0.00350653,0.19976661,1.00000000,-0.87347988,-0.16076122
1459,-0.00235879,0.14699444,1.00000000,-0.96703874,-0.04067182
1460,-0.00309346,-0.03500905,-1.00000000,-0.71081546,-0.11964854
1461,-0.00129354,0.01842957,-1.00000000,-0.80555585,-0.19363220
1462,-0.00063410,-0.01577652,-1.00000000,-0.74491247,-0.22073665
1463,-0.00207302,0.06802739,-1.00000000,-0.89348695,-0.18325377
1464,-0.00077807,0.09873082,-1.00000000,-0.94792052,-0.14192169
1465,-0.00762565,0.03173495,-1.00000000,-0.82914473,-0.26042787
1466,0.00868412,0.09202766,-1.00000000,-0.93603660,0.00046443
1467,0.00488038,-0.22679490,-1.00000000,-0.37080171,0.14465494
1468,0.00459775,0.53258604,1.00000000,-0.28343017,0.31907978
1469,0.00378293,0.35548408,1.00000000,-0.59741111,0.43833900
1470,0.00157716,0.34232506,1.00000000,-0.62074052,0.67897091
1471,-0.00422362,0.30438694,1.00000000,-0.68800034,0.34146387
1472,-0.00901618,0.20168702,1.00000000,-0.87007521,-0.02189815
1473,0.00086148,-0.06839687,-1.00000000,-0.65162278,-0.11959274
1474,0.00629929,-0.29153758,-1.00000000,-0.25602055,-0.05379587
1475,0.00281369,0.16836490,1.00000000,-0.92915142,-0.02146356
1476,0.00436662,0.42154834,1.00000000,-0.48028696,0.20315110
1477,0.00091335,0.25925964,1.00000000,-0.76800573,0.46278481
1478,0.00094052,0.33156388,1.00000000,-0.63981881,0.46485155
1479,-0.00111408,0.17077996,1.00000000,-0.92486980,0.27100959
1480,-0.00069497,0.17204505,1.00000000,-0.92262695,0.17926638
1481,-0.00111186,0.07638307,-1.00000000,-0.90830059,0.03601692
1482,0.00233965,0.09589683,-1.00000000,-0.94289620,0.07331120
1483,0.00031222,0.07648631,-1.00000000,-0.90848362,0.05688265
1484,0.00182900,0.23718813,1.00000000,-0.80713593,0.13383724
1485,-0.00301226,0.14279151,1.00000000,-0.97449004,0.07324562
1486,-0.00107152,0.21341248,1.00000000,-0.84928735,0.07430051
1487,-0.00131828,-0.01199582,-1.00000000,-0.75161521,-0.02134562
1488,0.00109238,0.07836471,-1.00000000,-0.91181380,-0.00094632
1489,-0.00227551,0.06687557,-1.00000000,-0.89144491,-0.10826944
1490,-0.00701056,0.17911558,1.00000000,-0.91009174,-0.21281561
1491,0.00032769,0.02230726,-1.00000000,-0.81243054,-0.17622952
1492,0.00282904,-0.19815628,-1.00000000,-0.42157462,-0.06778696
1493,0.00128914,0.14351184,1.00000000,-0.97321298,-0.06264211
1494,0.00185307,0.25997414,1.00000000,-0.76673901,0.04531033
1495,-0.00070949,0.18827677,1.00000000,-0.89385002,0.21006856
1496,-0.00118809,0.21453309,1.00000000,-0.84730065,0.17043435
1497,0.00244294,0.09522095,-1.00000000,-0.94169794,0.16033880
1498,-0.00395364,0.07293706,-1.00000000,-0.90219123,0.02325250
1499,0.00045561,0.24199747,1.00000000,-0.79860953,-0.01328765
1500,0.00123548,-0.05582637,-1.00000000,-0.67390880,0.03756868
1501,-0.00128665,0.14946776,1.00000000,-0.96265382,0.03499170
1502,-0.00363171,0.18577844,1.00000000,-0.89827927,-0.12384608
1503,-0.00213431,0.06834836,-1.00000000,-0.89405599,-0.07627497
1504,0.00232320,-0.04083750,-1.00000000,-0.70048231,-0.02744205
1505,0.00045273,0.02888127,-1.00000000,-0.82408549,-0.04790915
1506,0.00063072,0.23642224,1.00000000,-0.80849375,0.00222549
1507,0.00051573,0.14933363,1.00000000,-0.96289162,0.11067124
1508,0.00095830,0.15762074,1.00000000,-0.94819954,0.19153579
1509,-0.00113274,0.15226676,1.00000000,-0.95769153,0.10117122
1510,0.00320491,0.17287298,1.00000000,-0.92115912,0.17313412
1511,-0.00054418,0.07551430,-1.00000000,-0.90676036,0.14241315
1512,-0.00318485,0.27747459,1.00000000,-0.73571278,0.04565165
1513,-0.00118939,0.10291736,-1.00000000,-0.95534276,-0.01050539
1514,-0.00389900,-0.02003189,-1.00000000,-0.73736821,-0.08283653
1515,-0.00515162,0.07287678,-1.00000000,-0.90208436,-0.30134001
1516,0.00109407,-0.05328237,-1.00000000,-0.67841902,-0.25850346
1517,0.00142136,-0.11160429,-1.00000000,-0.57502112,-0.13806196
1518,-0.00294236,0.17919438,1.00000000,-0.90995202,-0.18389807
1519,-0.00194386,0.19443263,1.00000000,-0.88293641,-0.13277578
1520,-0.00902188,-0.00874143,-1.00000000,-0.75738487,-0.23397375
1521,0.00355913,0.03774871,-1.00000000,-0.83980641,-0.16951850
1522,0.00279053,-0.29180275,-1.00000000,-0.25555043,-0.13371797
1523,-0.00248056,0.29396681,1.00000000,-0.70647400,-0.12164301
1524,0.00089693,0.25818094,1.00000000,-0.76991815,-0.04736321
1525,0.00128241,0.01275989,-1.00000000,-0.79550417,0.22206935
1526,-0.00003574,0.17001524,1.00000000,-0.92622555,0.12807215
1527,0.00035274,0.18796315,1.00000000,-0.89440603,0.06432988
1528,-0.00287574,0.12659041,-1.00000000,-0.99731230,0.05399692
1529,-0.00327621,0.14467808,1.00000000,-0.97114536,-0.05512072
1530,-0.00060598,-0.00563953,-1.00000000,-0.76288417,-0.10449755
1531,-0.00030442,-0.02428540,-1.00000000,-0.72982723,-0.11152289
1532,-0.00203077,0.10004014,-1.00000000,-0.95024179,-0.17384613
1533,-0.00063224,0.11408071,-1.00000000,-0.97513408,-0.11518403
1534,0.00223256,0.03370203,-1.00000000,-0.83263213,0.02885726
1535,-0.00001704,0.09881731,-1.00000000,-0.94807386,0.04425653
1536,-0.00322731,0.23220215,1.00000000,-0.81597549,-0.03217017
1537,0.00129962,0.12746089,-1.00000000,-0.99885557,0.05491180
1538,-0.00039087,-0.02200871,-1.00000000,-0.73386354,0.06122313
1539,-0.00047941,0.18876480,1.00000000,-0.89298480,-0.00968851
1540,-0.00005920,0.11005560,-1.00000000,-0.96799802,-0.01079087
1541,0.00564736,0.10593313,-1.00000000,-0.96068937,0.22126065
1542,-0.00025623,0.12549798,-1.00000000,-0.99537555,0.18057885
1543,0.00221495,0.39119451,1.00000000,-0.53410073,0.24871500
1544,0.00070231,0.11632464,-1.00000000,-0.97911230,0.27961434
1545,-0.00245165,0.23138242,1.00000000,-0.81742876,0.21705758
1546,-0.00028983,0.16095414,1.00000000,-0.94228983,0.06181418
1547,-0.00061448,0.01410610,-1.00000000,-0.79789085,0.05244660
1548,0.00490948,0.11475987,-1.00000000,-0.97633814,0.12290200
1549,0.00058870,0.09964424,-1.00000000,-0.94953991,0.11993127
1550,0.00418664,0.35683904,1.00000000,-0.59500893,0.29350685
1551,-0.00488417,0.15566430,1.00000000,-0.95166808,0.17337597
1552,0.00142051,0.32318398,1.00000000,-0.65467541,0.22658626
1553,0.00171846,-0.09915154,-1.00000000,-0.59709838,0.14314881
1554,-0.00086071,0.19439329,1.00000000,-0.88300614,0.10525021
1555,0.00079015,0.20826589,1.00000000,-0.85841166,0.01643993
1556,0.00026270,0.08818005,-1.00000000,-0.92921524,0.15101833
1557,0.00083028,0.16504370,1.00000000,-0.93503952,0.13558528
1558,-0.00325970,0.14048588,1.00000000,-0.97857764,0.00541804
1559,0.00143022,0.16691238,1.00000000,-0.93172656,0.06532032
1560,-0.00038701,-0.02351678,-1.00000000,-0.73118991,0.03454029
1561,0.00589161,0.19484521,1.00000000,-0.88220494,0.18172283
1562,0.00150020,0.11023515,-1.00000000,-0.96831635,0.19923957
1563,-0.00052936,0.40256690,1.00000000,-0.51393882,0.27063143
1564,-0.00503483,0.19810363,1.00000000,-0.87642815,0.10158583
1565,0.00025052,0.10360734,-1.00000000,-0.95656603,0.11825591
1566,0.00132971,-0.10616633,-1.00000000,-0.58466197,-0.00102683
1567,-0.00019907,0.13991878,1.00000000,-0.97958304,-0.04545877
1568,-0.00046966,0.19016574,1.00000000,-0.89050110,-0.04389769
1569,0.00173784,0.11898576,-1.00000000,-0.98383016,0.13319146
1570,0.00269528,0.10638707,-1.00000000,-0.96149416,0.19711600
1571,-0.00077653,0.20916801,1.00000000,-0.85681231,0.14204260
1572,0.00011671,0.25374620,1.00000000,-0.77778041,0.15029964
1573,0.00689470,0.09209912,-1.00000000,-0.93616330,0.34286024
1574,0.00290176,0.13368868,1.00000000,-0.99062828,0.37329391
1575,0.00137630,0.44927068,1.00000000,-0.43113851,0.33880576
1576,0.00017283,0.26335981,1.00000000,-0.76073662,0.36362943
1577,0.00009680,0.19233478,1.00000000,-0.88665563,0.36310879
1578,0.00533512,0.13630146,1.00000000,-0.98599613,0.32232938
1579,0.00195066,0.13276159,1.00000000,-0.99227189,0.29746061
1580,-0.00086988,0.37665671,1.00000000,-0.55987453,0.23872827
1581,-0.00211419,0.21907714,1.00000000,-0.83924457,0.17892816
1582,0.00295085,0.08775287,-1.00000000,-0.92845790,0.25355468
1583,0.00293166,0.02981823,-1.00000000,-0.82574661,0.19070988
1584,-0.00067792,0.26564552,1.00000000,-0.75668431,0.12197856
1585,0.00012367,0.26475193,1.00000000,-0.75826855,0.14795754
1586,0.00080992,0.09669052,-1.00000000,-0.94430331,0.22441598
1587,-0.00155024,0.13401241,1.00000000,-0.99005435,0.10672332
1588,-0.00551503,0.16596417,1.00000000,-0.93340763,-0.11413757
1589,0.00164406,0.05607575,-1.00000000,-0.87229810,-0.05342315
1590,0.00079417,-0.12852468,-1.00000000,-0.54502326,-0.03589111
1591,0.00137879,0.20480184,1.00000000,-0.86455302,-0.02101635
1592,0.00039290,0.16523088,1.00000000,-0.93470766,0.02979197
1593,-0.00024925,0.19245096,1.00000000,-0.88644968,0.16747965
1594,-0.00253120,0.14654774,1.00000000,-0.96783068,0.05830651
1595,-0.00045310,0.11664931,-1.00000000,-0.97968789,0.02569342
1596,0.00105101,0.01040236,-1.00000000,-0.79132455,0.01712271
1597,0.00089430,0.10715829,-1.00000000,-0.96286144,0.03023326
1598,-0.00220650,0.17718950,1.00000000,-0.91350645,-0.02094422
1599,-0.00012717,0.16989307,1.00000000,-0.92644216,0.04191543
1600,-0.00203268,0.02551998,-1.00000000,-0.81812632,0.00061309
1601,-0.00114995,0.12233358,-1.00000000,-0.98976545,-0.05693686
1602,0.00025025,0.03361315,-1.00000000,-0.83247455,-0.07377727
1603,0.00182078,0.07471301,-1.00000000,-0.90533977,0.03152659
1604,-0.00212995,0.13990615,1.00000000,-0.97960543,-0.02084146
1605,-0.00352423,0.21302961,1.00000000,-0.84996614,-0.05984202
1606,0.00103770,0.02908426,-1.00000000,-0.82444536,-0.00264006
1607,-0.00002729,-0.03583332,-1.00000000,-0.70935412,-0.00989723
1608,-0.00004184,0.17656986,1.00000000,-0.91460500,-0.05860020
1609,-0.00076287,0.12698365,-1.00000000,-0.99800947,-0.02285415
1610,-0.00037864,0.12630651,-1.00000000,-0.99680899,0.05939563
1611,-0.00110047,0.09273557,-1.00000000,-0.93729165,0.00348746
1612,-0.00165750,0.11062499,-1.00000000,-0.96900749,-0.03913856
1613,-0.00070393,0.07701681,-1.00000000,-0.90942414,-0.05645069
1614,-0.00213570,0.05108151,-1.00000000,-0.86344389,-0.09234715
1615,0.00407299,0.09547961,-1.00000000,-0.94215651,0.02405242
1616,0.00025123,0.02881643,-1.00000000,-0.82397053,0.05939606
1617,-0.00178558,0.31789224,1.00000000,-0.66405704,0.05604719
1618,0.00213388,0.13995158,1.00000000,-0.97952490,0.13024916
1619,-0.00081391,0.04511833,-1.00000000,-0.85287189,0.16481088
1620,-0.00048508,0.22760757,1.00000000,-0.82412113,0.04562812
1621,-0.00118336,0.09035884,-1.00000000,-0.93307799,0.00811718
1622,-0.00157300,0.10566911,-1.00000000,-0.96022130,0.01367547
1623,0.00425897,0.07315761,-1.00000000,-0.90258224,0.06924168
1624,0.00388749,0.05501571,-1.00000000,-0.87041878,0.19217217
1625,-0.00108012,0.32655171,1.00000000,-0.64870481,0.17661346
1626,0.00025872,0.30925538,1.00000000,-0.67936918,0.21432040
1627,-0.00070884,0.07796445,-1.00000000,-0.91110419,0.23691629
1628,0.00338056,0.14030060,1.00000000,-0.97890612,0.21394793
1629,0.00274801,0.09525115,-1.00000000,-0.94175148,0.18415324
1630,-0.00363618,0.28565303,1.00000000,-0.72121336,0.11731824
1631,-0.00279404,0.25620137,1.00000000,-0.77342769,0.03749574
1632,-0.00050708,-0.04104550,-1.00000000,-0.70011355,0.04277126
1633,0.00166248,-0.00183557,-1.00000000,-0.76962814,-0.00215264
1634,0.00016854,0.10464503,-1.00000000,-0.95840571,-0.06959960
1635,-0.00390858,0.20565915,1.00000000,-0.86303310,-0.07672213
1636,0.00140153,0.13610173,1.00000000,-0.98635022,0.03298217
1637,0.00628861,-0.05372824,-1.00000000,-0.67762854,0.21067340
1638,0.00084049,0.19350971,1.00000000,-0.88457263,0.18918030
1639,-0.00027234,0.42105143,1.00000000,-0.48116791,0.17765238
1640,-0.00043724,0.16738742,1.00000000,-0.93088439,0.26841970
1641,0.00161283,0.11557450,-1.00000000,-0.97778238,0.27394470
1642,0.00212217,0.10789685,-1.00000000,-0.96417082,0.16500214
1643,0.00105759,0.20334782,1.00000000,-0.86713082,0.17067881
1644,-0.00114542,0.22706254,1.00000000,-0.82508740,0.14784988
1645,-0.00124672,0.17749560,1.00000000,-0.91296376,0.12668387
1646,-0.00033932,0.07492408,-1.00000000,-0.90571398,0.07563965
1647,0.00544421,0.07020754,-1.00000000,-0.89735211,0.16250308
1648,0.00286380,0.11245578,-1.00000000,-0.97225326,0.20973125
1649,-0.00600648,0.38173616,1.00000000,-0.55086927,0.08262597
1650,0.00040853,0.26159259,1.00000000,-0.76386969,0.12590678
1651,-0.00051736,-0.15140630,-1.00000000,-0.50445683,0.12125143
1652,-0.00102968,0.14727564,1.00000000,-0.96654020,-0.04802544
1653,-0.00214307,0.10416621,-1.00000000,-0.95755683,-0.17894323
1654,0.00138313,0.08031281,-1.00000000,-0.91526756,0.01427751
1655,0.00213308,0.02847342,-1.00000000,-0.82336242,0.05937043
1656,0.00191635,0.19265279,1.00000000,-0.88609184,0.12300610
1657,-0.00217806,0.22757047,1.00000000,-0.82418691,0.09297869
1658,-0.00181067,0.21747926,1.00000000,-0.84207744,0.10167028
1659,-0.00224377,0.02684442,-1.00000000,-0.82047440,0.00683552
1660,-0.00202070,0.04395012,-1.00000000,-0.85080078,-0.10177595
1661,-0.00312373,0.02378500,-1.00000000,-0.81505041,-0.23356198
1662,-0.00210580,0.03417114,-1.00000000,-0.83346380,-0.23167261
1663,0.00076599,-0.01718593,-1.00000000,-0.74241375,-0.16429916
1664,-0.00037444,0.03020873,-1.00000000,-0.82643891,-0.11542058
1665,-0.00085575,0.16391886,1.00000000,-0.93703373,-0.08495992
1666,-0.00269445,0.11082079,-1.00000000,-0.96935462,-0.07373535
1667,0.00043143,0.08841100,-1.00000000,-0.92962469,-0.00739267
1668,0.00322654,0.00280114,-1.00000000,-0.77784849,0.05694476
1669,-0.00087873,0.14834202,1.00000000,-0.96464963,0.04375874
1670,-0.00366604,0.27848149,1.00000000,-0.73392766,-0.02972369
1671,0.00228529,0.08734107,-1.00000000,-0.92772783,0.10048483
1672,-0.00088431,-0.04243571,-1.00000000,-0.69764887,0.06608132
1673,0.00038960,0.23465732,1.00000000,-0.81162275,-0.00809789
1674,-0.00087287,0.08708132,-1.00000000,-0.92726732,-0.00794481
1675,-0.00018045,0.14639406,1.00000000,-0.96810314,0.08319511
1676,0.00011511,0.08761365,-1.00000000,-0.92821109,0.02644996
1677,0.00915560,0.11985286,-1.00000000,-0.98536741,0.28896968
1678,0.00380382,0.13361390,1.00000000,-0.99076086,0.37824339
1679,-0.00109367,0.55453784,1.00000000,-0.24451222,0.37247007
1680,0.00094542,0.30535956,1.00000000,-0.68627600,0.40190876
1681,0.00286120,0.07733336,-1.00000000,-0.90998535,0.47371260
1682,0.00112012,0.17227296,1.00000000,-0.92222289,0.26360390
1683,0.00259374,0.26147161,1.00000000,-0.76408418,0.23196332
1684,-0.00113056,0.18040717,1.00000000,-0.90780190,0.23099866
1685,-0.00339008,0.24901866,1.00000000,-0.78616178,0.11763581
1686,0.00677358,0.07561563,-1.00000000,-0.90694001,0.21993527
1687,0.00052056,-0.02958693,-1.00000000,-0.72042824,0.20425814
1688,0.00149808,0.44363146,1.00000000,-0.44113619,0.17560931
1689,-0.00379387,0.15249162,1.00000000,-0.95729287,0.10597027
1690,0.00051436,0.19800505,1.00000000,-0.87660292,0.20806198
1691,-0.00299188,-0.04838734,-1.00000000,-0.68709732,-0.04728181
1692,-0.00152856,0.15220298,1.00000000,-0.95780460,-0.10086150
1693,-0.00303819,-0.01104723,-1.00000000,-0.75329696,-0.21947428
1694,0.00757036,0.05708479,-1.00000000,-0.87408700,0.07767334
1695,0.00251424,-0.01320315,-1.00000000,-0.74947476,0.12996548
1696,0.00069333,0.48072945,1.00000000,-0.37536580,0.22632503
1697,0.00020818,0.24531713,1.00000000,-0.79272416,0.27173668
1698,0.00044735,0.16053570,1.00000000,-0.94303167,0.36287517
1699,-0.00627369,0.13794717,1.00000000,-0.98307848,0.00088595
1700,0.00093255,0.14908287,1.00000000,-0.96333619,-0.04047160
1701,-0.00017054,-0.16384773,-1.00000000,-0.48239964,-0.06305958
1702,-0.00012221,0.17167369,1.00000000,-0.92328532,-0.07169832
1703,0.00054417,0.12031435,-1.00000000,-0.98618558,-0.06916660
1704,-0.00253508,0.12256457,-1.00000000,-0.99017495,0.02858926
1705,0.00108414,0.15359099,1.00000000,-0.95534382,0.03255297
1706,-0.00116064,0.01022153,-1.00000000,-0.79100396,0.00666401
1707,0.00220586,0.17873169,1.00000000,-0.91077232,0.06753741
1708,0.00083081,0.07421510,-1.00000000,-0.90445703,0.07503230
1709,-0.01420199,0.23095896,1.00000000,-0.81817952,-0.23002967
1710,0.00007906,0.16693680,1.00000000,-0.93168328,-0.25630997
1711,-0.00271598,-0.53298798,-1.00000000,0.17204261,-0.29697846
1712,0.00039492,0.13193560,1.00000000,-0.99373628,-0.34433033
1713,-0.00442986,0.00179862,-1.00000000,-0.77607114,-0.48188438
1714,0.00013516,0.14664172,1.00000000,-0.96766407,-0.10700190
1715,-0.00063953,-0.07799923,-1.00000000,-0.63459892,-0.12579145
1716,0.00609084,0.13454762,1.00000000,-0.98910548,0.10448612
1717,-0.00122717,0.09847794,-1.00000000,-0.94747220,0.06207252
1718,0.00507482,0.41184306,1.00000000,-0.49749327,0.31059745
1719,-0.00157792,0.07111781,-1.00000000,-0.89896590,0.26580433
1720,0.00189328,0.36453742,1.00000000,-0.58136061,0.33203136
1721,-0.00705540,0.05478662,-1.00000000,-0.87001262,-0.01171169
1722,0.00432005,0.21640529,1.00000000,-0.84398145,0.13333496
1723,0.00011932,-0.20024402,-1.00000000,-0.41787329,0.00376036
1724,-0.00097289,0.32939557,1.00000000,-0.64366298,0.01958043
1725,-0.00122664,0.13381001,1.00000000,-0.99041317,-0.06199820
1726,-0.00077745,0.08295667,-1.00000000,-0.91995482,0.10215538
1727,0.00478247,0.07114207,-1.00000000,-0.89900892,0.11424639
1728,0.00254710,0.09205653,-1.00000000,-0.93608779,0.17772704
1729,0.00231211,0.35092546,1.00000000,-0.60549301,0.26362203
1730,0.00411395,0.24684703,1.00000000,-0.79001183,0.40326605
1731,0.00030908,0.23590584,1.00000000,-0.80940927,0.43167635
1732,0.00177683,0.31979961,1.00000000,-0.66067549,0.35308617
1733,-0.00029033,0.14264542,1.00000000,-0.97474904,0.27889421
1734,0.00173636,0.21098361,1.00000000,-0.85359345,0.26383968
1735,-0.00285807,0.11473690,-1.00000000,-0.97629742,0.08153765
1736,-0.00132910,0.20909895,1.00000000,-0.85693473,0.03870311
1737,0.00138649,-0.00481705,-1.00000000,-0.76434232,0.02849658
1738,-0.00230721,0.06637198,-1.00000000,-0.89055210,-0.02424024
1739,0.00264946,0.19280933,1.00000000,-0.88581433,-0.00036478
1740,-0.00461127,0.02083091,-1.00000000,-0.80981315,-0.04620663
1741,-0.00218896,0.25161286,1.00000000,-0.78156257,-0.06868997
1742,-0.00122015,-0.08644547,-1.00000000,-0.61962474,-0.13684749
1743,-0.00219032,0.02633695,-1.00000000,-0.81957470,-0.13379095
1744,0.00020995,0.07144443,-1.00000000,-0.89954497,-0.19757824
1745,0.00401831,0.02627356,-1.00000000,-0.81946232,0.02806474
1746,-0.00265535,0.13802983,1.00000000,-0.98293193,0.01586974
1747,0.00066551,0.31534637,1.00000000,-0.66857056,0.06517517
1748,0.00022299,0.00462188,-1.00000000,-0.78107644,0.12827752
1749,0.00004335,0.15924031,1.00000000,-0.94532825,0.12392133
1750,0.00313462,0.13863693,1.00000000,-0.98185561,0.10081499
1751,0.00113905,0.13027297,1.00000000,-0.99668393,0.20002955
1752,-0.00072329,0.27420200,1.00000000,-0.74151469,0.16371576
1753,0.00287586,0.18128858,1.00000000,-0.90623926,0.23308195
1754,0.00009881,0.09457805,-1.00000000,-0.94055816,0.23453201
1755,-0.00075077,0.26215405,1.00000000,-0.76287428,0.13293823
1756,-0.00001665,0.13285501,1.00000000,-0.99210628,0.10271927
1757,-0.00160501,0.09329875,-1.00000000,-0.93829010,0.07966455
1758,-0.00054121,0.12747910,-1.00000000,-0.99888784,-0.00968369
1759,-0.00348958,0.05352559,-1.00000000,-0.86777696,-0.10351160
1760,-0.00095977,0.10305585,-1.00000000,-0.95558829,-0.10897649
1761,0.00141993,-0.03421994,-1.00000000,-0.71221447,-0.07141325
1762,0.00088340,0.08356768,-1.00000000,-0.92103805,-0.00634744
1763,-0.00100139,0.19436618,1.00000000,-0.88305420,-0.01838001
1764,0.00018787,0.16938522,1.00000000,-0.92734251,0.07777663
1765,0.00046349,0.08163002,-1.00000000,-0.91760281,0.11499149
1766,0.00005442,0.13700166,1.00000000,-0.98475475,0.07928653
1767,-0.00017530,0.14983443,1.00000000,-0.96200377,0.05160414
1768,0.00421049,0.13078805,1.00000000,-0.99577076,0.18788249
1769,-0.00227255,0.12009249,-1.00000000,-0.98579225,0.12354831
1770,-0.00180967,0.32429446,1.00000000,-0.65270664,0.06411057
1771,-0.00143042,0.02244481,-1.00000000,-0.81267440,0.02528556
1772,0.00035141,0.04399644,-1.00000000,-0.85088291,0.03905781
1773,0.00125331,0.06165418,-1.00000000,-0.88218801,-0.03826542
1774,-0.00106774,0.14461609,1.00000000,-0.97125527,-0.00676253
1775,0.00049388,0.18660862,1.00000000,-0.89680744,0.05346975
1776,0.00467324,0.07854052,-1.00000000,-0.91212549,0.21306602
1777,0.00278489,0.15124924,1.00000000,-0.95949548,0.27669563
1778,0.00039353,0.34583977,1.00000000,-0.61450936,0.25421417
1779,-0.00168154,0.25791833,1.00000000,-0.77038372,0.23816489
1780,-0.00170635,0.14657696,1.00000000,-0.96777888,0.18063429
1781,-0.00184418,0.04996231,-1.00000000,-0.86145969,0.01021930
1782,0.00085408,0.04880720,-1.00000000,-0.85941182,-0.04026665
1783,0.00120534,0.04238981,-1.00000000,-0.84803454,-0.01903952
1784,-0.00043587,0.16802036,1.00000000,-0.92976225,0.01353174
1785,-0.00191523,0.18437511,1.00000000,-0.90076720,0.00806994
1786,-0.00165355,0.10796043,-1.00000000,-0.96428353,0.01305434
1787,-0.00512806,0.03908165,-1.00000000,-0.84216955,-0.14336449
1788,-0.00229205,0.05126529,-1.00000000,-0.86376972,-0.23481303
1789,0.00013991,-0.11050730,-1.00000000,-0.57696595,-0.21975775
1790,0.00174492,0.02153700,-1.00000000,-0.81106496,-0.12405358
1791,0.00219108,0.13476866,1.00000000,-0.98871360,-0.02352546
1792,0.00344188,0.20949755,1.00000000,-0.85622807,0.20055822
1793,0.00129780,0.23027099,1.00000000,-0.81939921,0.29442439
1794,-0.00169911,0.28850798,1.00000000,-0.71615188,0.24633830
1795,-0.00216611,0.18868007,1.00000000,-0.89313500,0.14407432
1796,-0.00051662,0.04914403,-1.00000000,-0.86000897,0.07327422
1797,-0.00393284,0.02740088,-1.00000000,-0.82146093,-0.11955718
1798,-0.00362904,0.10420059,-1.00000000,-0.95761777,-0.24838259
1799,-0.00094308,-0.05485784,-1.00000000,-0.67562590,-0.22861404
1800,-0.00049332,-0.04071327,-1.00000000,-0.70070255,-0.18487466
1801,-0.00136544,0.08434495,-1.00000000,-0.92241607,-0.20706919
1802,-0.00183855,0.10528555,-1.00000000,-0.95954129,-0.15230867
1803,0.00153631,0.06467982,-1.00000000,-0.88755211,-0.01724698
1804,-0.00156744,0.04265165,-1.00000000,-0.84849875,-0.03357253
1805,0.00156720,0.19978472,1.00000000,-0.87344777,0.02030529
1806,-0.00318748,0.05527481,-1.00000000,-0.87087812,-0.02733666
1807,-0.00662827,0.20122325,1.00000000,-0.87089743,-0.15257645
1808,0.00192005,-0.02015396,-1.00000000,-0.73715179,-0.14254258
1809,0.00148374,-0.18035694,-1.00000000,-0.45313075,-0.06276141
1810,0.00073533,0.21765156,1.00000000,-0.84177196,-0.08451301
1811,-0.00007371,0.19733737,1.00000000,-0.87778664,-0.00309535
1812,-0.00070735,0.16249119,1.00000000,-0.93956481,0.15172275
1813,0.00044526,0.12482265,-1.00000000,-0.99417826,0.11316060
1814,0.00370310,0.09532038,-1.00000000,-0.94187422,0.17119153
1815,0.00463899,0.14898574,1.00000000,-0.96350838,0.27326298
1816,0.00322975,0.30067032,1.00000000,-0.69458947,0.35964046
1817,-0.00293431,0.34424503,1.00000000,-0.61733664,0.30141077
1818,0.00237197,0.27863096,1.00000000,-0.73366266,0.35178970
1819,-0.00089215,-0.00836650,-1.00000000,-0.75804957,0.23163486
1820,-0.00721893,0.23869315,1.00000000,-0.80446771,-0.07842163
1821,0.00032815,0.08671624,-1.00000000,-0.92662009,-0.15429136
1822,-0.00030890,-0.20785798,-1.00000000,-0.40437464,-0.08564316
1823,-0.00213482,0.14353330,1.00000000,-0.97317493,-0.20348516
1824,-0.00430083,0.11387212,-1.00000000,-0.97476427,-0.29261412
1825,-0.00218703,0.02885745,-1.00000000,-0.82404325,-0.16104179
1826,0.00026520,-0.07199151,-1.00000000,-0.64524991,-0.16268800
1827,-0.00592046,0.02642668,-1.00000000,-0.81973379,-0.30941690
1828,0.00300028,0.14060197,1.00000000,-0.97837182,-0.17514603
1829,-0.00357400,-0.14740114,-1.00000000,-0.51155750,-0.15614106
1830,-0.00048052,0.26794729,1.00000000,-0.75260356,-0.11151988
1831,-0.00354610,-0.03815026,-1.00000000,-0.70524647,-0.21117635
1832,0.00134362,0.10588152,-1.00000000,-0.96059788,-0.02123789
1833,0.00042365,-0.03685162,-1.00000000,-0.70754880,-0.08861085
1834,-0.00271173,0.19081335,1.00000000,-0.88935296,-0.06606471
1835,0.00029230,0.14797942,1.00000000,-0.96529247,-0.04585721
1836,0.00545568,0.00199659,-1.00000000,-0.77642211,0.18951801
1837,-0.00014264,0.14186407,1.00000000,-0.97613428,0.15065588
1838,0.00346798,0.38226996,1.00000000,-0.54992290,0.23025792
1839,0.00118150,0.12161339,-1.00000000,-0.98848862,0.33205683
1840,-0.00493218,0.28972302,1.00000000,-0.71399774,0.19544906
1841,0.00345288,0.18326512,1.00000000,-0.90273508,0.14308075
1842,0.00039995,-0.10138697,-1.00000000,-0.59313522,0.15726806
1843,0.01635702,0.28902018,1.00000000,-0.71524379,0.49428584
1844,0.00186958,0.14687606,1.00000000,-0.96724861,0.51227741
1845,0.00199033,0.88983475,1.00000000,0.34992977,0.69328462
1846,-0.00213854,0.21530186,1.00000000,-0.84593771,0.54708206
1847,0.01772152,0.22092406,1.00000000,-0.83597022,1.00000000
1848,-0.00056883,0.02868417,-1.00000000,-0.82373605,0.55742924
1849,0.00669667,0.95336573,1.00000000,0.46256272,0.68364612
1850,-0.00382193,0.10176981,-1.00000000,-0.95330830,0.53166925
1851,0.00257835,0.44005032,1.00000000,-0.44748512,0.65500498
1852,-0.01345760,-0.04969401,-1.00000000,-0.68478076,-0.16025511
1853,0.00046729,0.24830230,1.00000000,-0.78743181,-0.13316289
1854,0.00092694,-0.49832958,-1.00000000,0.11059734,-0.28402749
1855,-0.00239916,0.15001166,1.00000000,-0.96168956,-0.24682537
1856,-0.00631935,0.17141282,1.00000000,-0.92374782,-0.47947927
1857,-0.00037041,0.01655005,-1.00000000,-0.80222369,-0.13728020
1858,-0.00432342,-0.16597356,-1.00000000,-0.47863079,-0.26254615
1859,0.00021879,0.11100822,-1.00000000,-0.96968691,-0.28106263
1860,0.00444135,-0.07304353,-1.00000000,-0.64338480,-0.10219947
1861,0.00479640,0.13844140,1.00000000,-0.98220227,0.18845100
1862,0.00328436,0.33504327,1.00000000,-0.63365028,0.28401469
1863,-0.00301615,0.35157406,1.00000000,-0.60434313,0.31819690
1864,0.00069136,0.28117399,1.00000000,-0.72915417,0.33055332
1865,0.00492776,-0.01217687,-1.00000000,-0.75129423,0.34327164
1866,0.00110778,0.16044389,1.00000000,-0.94319444,0.24682301
1867,-0.00446224,0.35769018,1.00000000,-0.59349997,0.04426775
1868,-0.00031086,0.17983252,1.00000000,-0.90882067,0.11500465
1869,0.00181836,-0.07950665,-1.00000000,-0.63192646,0.14447320
1870,-0.00052214,0.11378101,-1.00000000,-0.97460273,0.00197129
1871,0.00209736,0.21291716,1.00000000,-0.85016550,0.02784637
1872,-0.00004887,0.10394372,-1.00000000,-0.95716238,0.14324533
1873,0.00078145,0.22590706,1.00000000,-0.82713593,0.17180669
1874,-0.00212583,0.12597886,-1.00000000,-0.99622810,0.06867539
1875,0.00205894,0.16463886,1.00000000,-0.93575724,0.13616448
1876,-0.00312261,0.02927612,-1.00000000,-0.82478551,-0.00032517
1877,-0.00105543,0.22411835,1.00000000,-0.83030710,-0.02664416
1878,-0.00042314,-0.01713364,-1.00000000,-0.74250646,-0.05814147
1879,0.00419039,0.07911388,-1.00000000,-0.91314199,0.10701279
1880,-0.00267998,0.10855309,-1.00000000,-0.96533426,-0.01689862
1881,-0.00150716,0.32335854,1.00000000,-0.65436592,0.02534142
1882,0.00264132,0.00347513,-1.00000000,-0.77904339,0.12200255
1883,0.00426204,0.05808121,-1.00000000,-0.87585355,0.24450905
1884,-0.00097025,0.25123381,1.00000000,-0.78223458,0.10957038
1885,0.00271887,0.32669465,1.00000000,-0.64845139,0.25073736
1886,-0.00818808,0.08307960,-1.00000000,-0.92017275,0.07604726
1887,-0.00253215,0.25484452,1.00000000,-0.77583323,-0.05922658
1888,-0.00435783,-0.25298123,-1.00000000,-0.32437643,-0.28461588
1889,-0.00087223,0.01035804,-1.00000000,-0.79124599,-0.28205284
1890,-0.00158279,-0.07464546,-1.00000000,-0.64054476,-0.39453106
1891,-0.00204655,0.08764348,-1.00000000,-0.92826397,-0.23394479
1892,0.00341770,0.05455984,-1.00000000,-0.86961056,-0.07837039
1893,0.00421879,0.03296720,-1.00000000,-0.83132937,0.14588780
1894,-0.00960329,0.28738206,1.00000000,-0.71814800,-0.08240854
1895,0.00364512,0.32468055,1.00000000,-0.65202216,0.05428904
1896,0.00355149,-0.31887308,-1.00000000,-0.20755792,0.20066463
1897,0.00275792,0.29797079,1.00000000,-0.69937541,0.18341306
1898,0.00094379,0.29361134,1.00000000,-0.70710421,0.09777978
1899,0.00824749,0.25666300,1.00000000,-0.77260928,0.56453524
1900,-0.00084377,0.17219739,1.00000000,-0.92235687,0.44716138
1901,-0.00157242,0.51225642,1.00000000,-0.31947220,0.31318319
1902,-0.00062311,0.08896868,-1.00000000,-0.93061339,0.22477725
1903,0.00036203,0.05504268,-1.00000000,-0.87046658,0.20956558
1904,0.00447813,0.09924269,-1.00000000,-0.94882801,0.11100568
1905,0.00550315,0.14511069,1.00000000,-0.97037839,0.27696270
1906,0.00203779,0.33675544,1.00000000,-0.63061481,0.37136111
1907,0.00338058,0.38448054,1.00000000,-0.54600381,0.47604796
1908,0.00285819,0.22313349,1.00000000,-0.83205315,0.54131657
1909,-0.00492129,0.28565363,1.00000000,-0.72121230,0.29554414
1910,0.00135197,0.26133145,1.00000000,-0.76433266,0.18700043
1911,0.00441437,-0.10087998,-1.00000000,-0.59403404,0.24914256
1912,-0.00301427,0.19120186,1.00000000,-0.88866417,0.08193250
1913,-0.00182255,0.33378706,1.00000000,-0.63587738,-0.04045779
1914,0.00514715,-0.01208946,-1.00000000,-0.75144920,0.22280792
1915,0.00811809,0.04339682,-1.00000000,-0.84981985,0.39972599
1916,0.00360145,0.36790488,1.00000000,-0.57539051,0.37846998
1917,-0.00144840,0.50623156,1.00000000,-0.33015357,0.41941368
1918,-0.00117650,0.29593749,1.00000000,-0.70298023,0.43630633
1919,-0.01035942,0.06081705,-1.00000000,-0.88070387,0.03084650
1920,-0.00247000,0.07347678,-1.00000000,-0.90314808,-0.24600691
1921,-0.00353147,-0.35407838,-1.00000000,-0.14514307,-0.43251578
1922,-0.00984408,0.01325171,-1.00000000,-0.79637611,-0.65204294
1923,-0.00417168,-0.03617010,-1.00000000,-0.70875706,-0.73035971
1924,0.00054250,-0.33008462,-1.00000000,-0.18768117,-0.44530044
1925,-0.00115159,-0.06597823,-1.00000000,-0.65591076,-0.41082723
1926,0.00313100,0.15351327,1.00000000,-0.95548161,-0.23661962
1927,0.00047221,0.07463653,-1.00000000,-0.90520418,0.03312711
1928,-0.00320172,0.27403320,1.00000000,-0.74181394,0.05848923
1929,0.00312664,0.15024068,1.00000000,-0.96128353,0.12605833
1930,-0.00043869,-0.02081708,-1.00000000,-0.73597615,0.14469908
1931,-0.00302644,0.27383038,1.00000000,-0.74217352,-0.01630329
1932,0.00500195,0.10782924,-1.00000000,-0.96405094,0.10213864
1933,0.00181849,-0.01265615,-1.00000000,-0.75044453,0.23340526
1934,0.00096088,0.36114466,1.00000000,-0.58737557,0.17677580
1935,0.00724937,0.21292323,1.00000000,-0.85015475,0.37780040
1936,-0.00252913,0.17299295,1.00000000,-0.92094643,0.39080383
1937,-0.00177650,0.46578429,1.00000000,-0.40186182,0.21356335
1938,-0.00269183,0.01049845,-1.00000000,-0.79149491,0.09562906
1939,-0.00266178,0.04554087,-1.00000000,-0.85362099,0.00090509
1940,0.00059078,0.00292319,-1.00000000,-0.77806486,-0.17320134
1941,0.00296627,0.00432244,-1.00000000,-0.78054558,-0.02950973
1942,-0.00615760,0.15576114,1.00000000,-0.95149640,-0.14406501
1943,-0.00046042,0.26636336,1.00000000,-0.75541168,-0.08571886
1944,0.00165501,-0.15844234,-1.00000000,-0.49198275,0.02715495
1945,-0.00077571,0.10681744,-1.00000000,-0.96225714,-0.00857549
1946,-0.00433346,0.20531153,1.00000000,-0.86364938,-0.19944595
1947,-0.00040715,0.09213763,-1.00000000,-0.93623157,-0.04908543
1948,0.00230226,-0.07351070,-1.00000000,-0.64255657,0.02315215
1949,-0.00545561,0.10929757,-1.00000000,-0.96665412,-0.16277378
1950,0.00143926,0.23544750,1.00000000,-0.81022185,-0.10485769
1951,0.00144690,-0.12575803,-1.00000000,-0.54992819,0.04628490
1952,0.00501984,0.19526608,1.00000000,-0.88145879,0.18818786
1953,-0.00118997,0.19562180,1.00000000,-0.88082814,0.09687426
1954,-0.00320979,0.36197751,1.00000000,-0.58589904,0.15559723
1955,0.00386995,0.07284966,-1.00000000,-0.90203627,0.21915408
1956,-0.00165384,-0.02119280,-1.00000000,-0.73531005,0.13807711
1957,-0.00210286,0.30843878,1.00000000,-0.68081690,-0.04816461
1958,0.00004284,0.05125185,-1.00000000,-0.86374590,-0.01592948
1959,-0.00169873,0.03034563,-1.00000000,-0.82668163,0.02358104
1960,0.00057501,0.13024923,1.00000000,-0.99672603,-0.06257376
1961,-0.00226160,0.04916173,-1.00000000,-0.86004036,-0.07846520
1962,-0.00096655,0.15502699,1.00000000,-0.95279796,-0.04875344
1963,-0.00415201,0.02295470,-1.00000000,-0.81357837,-0.15843899
1964,-0.00213901,0.08325198,-1.00000000,-0.92047836,-0.16995132
1965,0.00107794,-0.06506269,-1.00000000,-0.65753390,-0.15680109
1966,0.00169134,0.02866228,-1.00000000,-0.82369724,-0.05344097
1967,-0.00014539,0.17844298,1.00000000,-0.91128416,-0.03196952
1968,0.00453829,0.20700321,1.00000000,-0.86065025,0.19526120
1969,0.00311807,0.12148518,-1.00000000,-0.98826132,0.33272139
1970,0.00028594,0.33955638,1.00000000,-0.62564907,0.31201246
1971,0.00242580,0.27343117,1.00000000,-0.74288128,0.33121675
1972,-0.00337424,0.14156757,1.00000000,-0.97665993,0.24678991
1973,0.00182428,0.24119938,1.00000000,-0.80002445,0.17582498
1974,0.00166418,-0.02884974,-1.00000000,-0.72173520,0.13780931
1975,0.00212273,0.21319248,1.00000000,-0.84967739,0.18583707
1976,0.00127482,0.20573844,1.00000000,-0.86289253,0.15574155
1977,0.00163371,0.22708836,1.00000000,-0.82504164,0.28668761
1978,0.00011923,0.18760970,1.00000000,-0.89503265,0.24210478
1979,0.00299881,0.20431975,1.00000000,-0.86540770,0.27700228
1980,-0.00135219,0.13380593,1.00000000,-0.99042041,0.18614152
1981,-0.00121229,0.26787877,1.00000000,-0.75272503,0.12110953
1982,-0.00785083,0.06529687,-1.00000000,-0.88864607,-0.12688878
1983,0.00208972,0.07181031,-1.00000000,-0.90019362,-0.07536526
1984,0.00023098,-0.23727918,-1.00000000,-0.35221431,-0.14773756
1985,0.00105877,0.22555145,1.00000000,-0.82776639,-0.08469686
1986,0.00020477,0.13900880,1.00000000,-0.98119633,-0.04764390
1987,0.00127751,0.17755050,1.00000000,-0.91286643,0.19104070
1988,-0.00103492,0.13778876,1.00000000,-0.98335932,0.10933891
1989,0.00325875,0.18773526,1.00000000,-0.89481005,0.18850804
1990,-0.00340293,0.08006893,-1.00000000,-0.91483518,0.07184537
1991,-0.00204908,0.27998154,1.00000000,-0.73126824,0.01291240
1992,0.00286047,-0.03018523,-1.00000000,-0.71936752,0.05430308
1993,0.00546093,0.03284960,-1.00000000,-0.83112087,0.22415397
1994,0.00029084,0.26143768,1.00000000,-0.76414432,0.14654995
1995,0.00180590,0.38251442,1.00000000,-0.54948951,0.28274843
1996,0.00386057,0.14179571,1.00000000,-0.97625547,0.43727173
1997,-0.00868882,0.21233699,1.00000000,-0.85119408,0.13528517
1998,0.00197495,0.30800197,1.00000000,-0.68159131,0.04413502
1999,-0.00320287,-0.27629558,-1.00000000,-0.28304283,-0.04721716
2000,-0.00171865,0.22020764,1.00000000,-0.83724034,-0.13937585
2001,0.00340792,-0.02087082,-1.00000000,-0.73588088,-0.15121157
2002,0.00027829,0.04823434,-1.00000000,-0.85839621,0.08325698
2003,0.00061932,0.28692665,1.00000000,-0.71895537,0.04781061
2004,0.00204681,0.14121155,1.00000000,-0.97729112,0.18507738
2005,-0.00388843,0.15708997,1.00000000,-0.94914055,0.12834273
2006,0.00233199,0.22355366,1.00000000,-0.83130823,0.10020971
2007,0.01393678,-0.05279038,-1.00000000,-0.67929125,0.45734690
2008,0.00489218,0.23683151,1.00000000,-0.80776817,0.56907199
2009,0.00489835,0.77714894,1.00000000,0.15015109,0.64363299
2010,0.00157329,0.35603359,1.00000000,-0.59643691,0.78644405
2011,-0.00270537,0.35632093,1.00000000,-0.59592748,0.65472897
2012,-0.00093461,0.20150655,1.00000000,-0.87039517,0.26587727
2013,-0.00620673,0.00229266,-1.00000000,-0.77694702,-0.02433300
2014,0.00218345,0.08473899,-1.00000000,-0.92311466,-0.09532130
2015,0.00196459,-0.16073019,-1.00000000,-0.48792667,-0.08508970
2016,-0.00264483,0.22991540,1.00000000,-0.82002962,-0.08350660
2017,-0.00831839,0.21972548,1.00000000,-0.83809516,-0.27657485
2018,0.00261280,0.00511163,-1.00000000,-0.78194471,-0.04596484
2019,0.00797029,-0.25904856,-1.00000000,-0.31361975,0.10534740
2020,0.01047770,0.24990621,1.00000000,-0.78458826,0.32794496
2021,-0.00369639,0.49934999,1.00000000,-0.34235379,0.30044921
2022,-0.00288709,0.61609447,1.00000000,-0.13537954,0.44246491
2023,0.01025323,-0.04384875,-1.00000000,-0.69514371,0.64224386
2024,-0.00450787,-0.00616788,-1.00000000,-0.76194746,0.31596951
2025,0.00393092,0.60564319,1.00000000,-0.15390845,0.14478676
2026,0.00070175,-0.08163140,-1.00000000,-0.62815952,0.25978764
2027,-0.00010858,0.31127740,1.00000000,-0.67578436,0.33243914
2028,-0.00286552,0.16092791,1.00000000,-0.94233633,-0.01058496
2029,-0.00158139,0.12319922,-1.00000000,-0.99130013,0.06593572
2030,0.00381657,-0.00516370,-1.00000000,-0.76372777,0.06294569
2031,-0.00070289,0.05462538,-1.00000000,-0.86972677,0.02621774
2032,-0.00311373,0.30595320,1.00000000,-0.68522355,-0.05235981
2033,-0.00822505,0.09552817,-1.00000000,-0.94224261,-0.19249889
2034,0.00070352,-0.01672014,-1.00000000,-0.74323956,-0.13275389
2035,0.00721026,-0.25470276,-1.00000000,-0.32132436,-0.04401679
2036,-0.00131910,0.16101049,1.00000000,-0.94218993,-0.06012924
2037,0.00178427,0.46396318,1.00000000,-0.40509043,0.06794169
2038,-0.00708140,0.06683750,-1.00000000,-0.89137741,0.09784561
2039,0.00433724,0.21132974,1.00000000,-0.85297981,0.19285855
2040,0.00389187,-0.20145424,-1.00000000,-0.41572771,0.10609053
2041,-0.00149719,0.33019556,1.00000000,-0.64224469,0.10143394
2042,0.00425149,0.30945945,1.00000000,-0.67900738,0.16594589
2043,-0.01311496,0.05854573,-1.00000000,-0.87667708,0.00818246
2044,0.00266763,0.32620312,1.00000000,-0.64932281,-0.03547378
2045,-0.00213190,-0.48237615,-1.00000000,0.08231380,-0.19298119
2046,-0.01539346,0.25245895,1.00000000,-0.78006255,-0.55633583
2047,-0.00285487,0.02899341,-1.00000000,-0.82428429,-0.74215035
2048,0.00139121,-0.58846279,-1.00000000,0.27039293,-0.36284836
2049,0.00148358,-0.00466805,-1.00000000,-0.76460649,-0.39380849
2050,0.00123953,0.19302905,1.00000000,-0.88542478,-0.30565352
2051,-0.00093252,0.19732970,1.00000000,-0.87780023,0.07246574
2052,0.01385642,0.18596683,1.00000000,-0.89794527,0.50942646
2053,0.00317422,0.08483638,-1.00000000,-0.92328731,0.55604796
2054,0.00086249,0.77340735,1.00000000,0.14351769,0.53980795
2055,0.00453251,0.27604576,1.00000000,-0.73824591,0.62591162
2056,0.01031489,0.16841188,1.00000000,-0.92906813,0.92000483
2057,-0.00286342,0.33928759,1.00000000,-0.62612559,0.48282058
2058,-0.00853515,0.60851432,1.00000000,-0.14881826,0.17664828
2059,-0.00234272,-0.00506608,-1.00000000,-0.76390082,0.09283957
2060,-0.00537092,-0.26914084,-1.00000000,-0.29572733,-0.16611182
2061,-0.01924627,0.01917765,-1.00000000,-0.80688212,-0.93906610
2062,0.00468378,-0.12181497,-1.00000000,-0.55691878,-0.74172450
2063,-0.00336855,-0.76784902,-1.00000000,0.58842361,-0.60663025
2064,0.00490364,0.34633081,1.00000000,-0.61363878,-0.41715515
2065,-0.01457538,-0.02858487,-1.00000000,-0.72220478,-0.65782987
2066,0.00152699,0.35656706,1.00000000,-0.59549112,-0.11465839
2067,0.00929782,-0.55037312,-1.00000000,0.20286442,0.00598780
2068,-0.00050131,0.19935089,1.00000000,-0.87421691,0.08095951
2069,0.00572011,0.56115981,1.00000000,-0.23277224,0.10230836
2070,-0.00002126,0.10491373,-1.00000000,-0.95888210,0.48286415
2071,-0.00101495,0.39458195,1.00000000,-0.52809520,0.41639836
2072,-0.00607867,0.12726470,-1.00000000,-0.99850773,0.01433954
2073,0.00306389,0.08099837,-1.00000000,-0.91648297,0.10756106
2074,-0.00090988,-0.15476741,-1.00000000,-0.49849797,-0.06579747
2075,-0.00317542,0.27090891,1.00000000,-0.74735295,-0.14827131
2076,-0.00765453,0.08589055,-1.00000000,-0.92515624,-0.32188057
2077,0.00713589,-0.01959259,-1.00000000,-0.73814703,0.02364889
2078,0.00086399,-0.22813946,-1.00000000,-0.36841795,-0.03387326
2079,-0.01268742,0.46050063,1.00000000,-0.41122912,-0.34182809
2080,0.00375289,0.16848193,1.00000000,-0.92894394,-0.16066929
2081,0.00635787,-0.46247014,-1.00000000,0.04702277,0.20572176
2082,-0.00260218,0.30298838,1.00000000,-0.69047982,-0.04890582
2083,-0.00315491,0.42427584,1.00000000,-0.47545141,-0.15399055
2084,0.00168823,0.00709727,-1.00000000,-0.78546502,0.22189870
2085,-0.00153484,-0.01863750,-1.00000000,-0.73984029,0.08363705
2086,-0.00794287,0.20685816,1.00000000,-0.86090739,-0.29029327
2087,0.00059818,0.05679237,-1.00000000,-0.87356858,-0.20661129
2088,-0.00853087,-0.24156429,-1.00000000,-0.34461731,-0.34717996
2089,0.00151178,0.15610584,1.00000000,-0.95088529,-0.35179378
2090,0.00262369,-0.26894152,-1.00000000,-0.29608071,-0.24305800
2091,0.00486862,0.19864255,1.00000000,-0.87547270,0.09193204
2092,0.00697219,0.25041305,1.00000000,-0.78368971,0.25859722
2093,-0.00254551,0.35493672,1.00000000,-0.59838153,0.41510005
2094,0.00094416,0.45287869,1.00000000,-0.42474193,0.40025828
2095,0.00601061,0.00973572,-1.00000000,-0.79014267,0.48881830
2096,-0.00333031,0.17221450,1.00000000,-0.92232653,0.27443572
2097,0.00047089,0.40810772,1.00000000,-0.50411560,0.10444217
2098,-0.00218169,-0.02680426,-1.00000000,-0.72536160,0.11395531
2099,-0.00846649,0.15017917,1.00000000,-0.96139258,-0.13211101
2100,0.00399420,0.02667532,-1.00000000,-0.82017459,-0.18483542
2101,-0.00046541,-0.26594422,-1.00000000,-0.30139456,-0.10992518
2102,-0.00261219,0.31422384,1.00000000,-0.67056068,-0.19054043
2103,0.00828066,0.10658488,-1.00000000,-0.96184484,0.08302532
2104,-0.00039364,0.00663139,-1.00000000,-0.78463907,0.29411131
2105,-0.00014218,0.51380099,1.00000000,-0.31673386,0.18595471
2106,-0.00331919,0.10992666,-1.00000000,-0.96776943,0.11133511
2107,-0.00304788,0.12163446,-1.00000000,-0.98852599,0.09994281
2108,-0.00399934,-0.02628674,-1.00000000,-0.72627910,-0.22115024
2109,-0.00397551,-0.01365434,-1.00000000,-0.74867485,-0.31480775
2110,0.00107407,-0.05795429,-1.00000000,-0.67013625,-0.28300553
2111,0.00061280,-0.05684487,-1.00000000,-0.67210313,-0.18019325
2112,0.00099169,0.17826318,1.00000000,-0.91160294,-0.07456804
2113,-0.00387396,0.15678626,1.00000000,-0.94967899,-0.07128970
2114,-0.00377787,0.17442749,1.00000000,-0.91840315,-0.06612167
2115,0.00145259,-0.05211671,-1.00000000,-0.68048559,-0.05622444
2116,0.00277808,-0.04764239,-1.00000000,-0.68841804,0.00039249
2117,-0.00618723,0.19588671,1.00000000,-0.88035848,-0.18731937
2118,-0.00329495,0.25760137,1.00000000,-0.77094566,-0.17217961
2119,-0.00156470,-0.15982219,-1.00000000,-0.48953645,-0.11431063
2120,0.00336257,-0.02515806,-1.00000000,-0.72828010,-0.06436917
2121,0.00148998,0.05540219,-1.00000000,-0.87110396,-0.09804984
2122,0.00031929,0.28481512,1.00000000,-0.72269888,0.07208029
2123,0.00035476,0.19762778,1.00000000,-0.87727178,0.16751169
2124,-0.00169339,0.14312054,1.00000000,-0.97390671,0.16414687
2125,0.00175199,0.14477215,1.00000000,-0.97097859,0.12203414
2126,0.00155859,0.04941060,-1.00000000,-0.86048158,0.12382821
2127,-0.00049433,0.20982696,1.00000000,-0.85564406,0.10255405
2128,-0.00179483,0.20082240,1.00000000,-0.87160810,0.04634740
2129,0.00088862,0.10523865,-1.00000000,-0.95945814,0.11386073
2130,-0.00676044,0.04468761,-1.00000000,-0.85210828,-0.10871914
2131,0.00311762,0.16962841,1.00000000,-0.92691137,-0.06795438
2132,-0.00092633,-0.18651054,-1.00000000,-0.44222113,-0.07925014
2133,0.00283726,0.27341028,1.00000000,-0.74291832,0.04186802
2134,0.00506315,0.08512483,-1.00000000,-0.92379870,0.15102210
2135,0.00076272,0.26035702,1.00000000,-0.76606022,0.34773488
2136,0.00016147,0.36399395,1.00000000,-0.58232413,0.27043868
2137,0.00254532,0.16376666,1.00000000,-0.93730355,0.36121399
2138,0.00008187,0.13577257,1.00000000,-0.98693379,0.28916711
2139,-0.00209274,0.24676415,1.00000000,-0.79015877,0.10205761
2140,0.00252290,0.13206653,1.00000000,-0.99350416,0.14808217
2141,-0.00136487,0.03081686,-1.00000000,-0.82751706,0.10817207
2142,-0.00135618,0.24572044,1.00000000,-0.79200914,0.00615709
2143,0.00435950,0.06470653,-1.00000000,-0.88759945,0.11800690
2144,-0.00033480,0.06511086,-1.00000000,-0.88831628,0.16397289
2145,0.00360674,0.33123224,1.00000000,-0.64040678,0.19231261
2146,0.00059797,0.11266633,-1.00000000,-0.97262655,0.24363606
2147,-0.00022101,0.29618364,1.00000000,-0.70254383,0.27331803
2148,0.00565225,0.15609579,1.00000000,-0.95090311,0.30712038
2149,-0.00015049,0.11796414,-1.00000000,-0.98201894,0.31193962
2150,-0.00110298,0.39142249,1.00000000,-0.53369654,0.18879156
2151,0.00314412,0.12124774,-1.00000000,-0.98784038,0.25536747
2152,0.00017424,0.07689966,-1.00000000,-0.90921645,0.26570242
2153,0.00110601,0.27464439,1.00000000,-0.74073039,0.14682900
2154,-0.00165147,0.13636710,1.00000000,-0.98587975,0.10758190
2155,0.00266877,0.17975017,1.00000000,-0.90896667,0.20620426
2156,0.00067311,0.05136228,-1.00000000,-0.86394168,0.14159300
2157,-0.00035089,0.25251185,1.00000000,-0.77996877,0.12786200
2158,-0.00260178,0.15959416,1.00000000,-0.94470092,0.03091219
2159,0.00211430,0.11191696,-1.00000000,-0.97129799,0.12937816
2160,0.00055843,0.00711621,-1.00000000,-0.78549859,0.07419788
2161,0.00015195,0.22669601,1.00000000,-0.82573722,0.06057086
2162,-0.00035105,0.15425492,1.00000000,-0.95416676,0.06056678
2163,-0.00126330,0.13532917,1.00000000,-0.98771989,0.09556472
2164,0.00049892,0.11190970,-1.00000000,-0.97128512,0.05332630
2165,-0.00549364,0.06943540,-1.00000000,-0.89598318,-0.10492104
2166,0.00001643,0.15148404,1.00000000,-0.95907920,-0.10846459
2167,-0.00036820,-0.12752868,-1.00000000,-0.54678903,-0.10891294
2168,0.00020054,0.12901935,1.00000000,-0.99890646,-0.07063692
2169,-0.00051766,0.11111134,-1.00000000,-0.96986973,-0.09721814
2170,-0.00063243,0.13759170,1.00000000,-0.98370869,0.02989096
2171,0.00181132,0.10415210,-1.00000000,-0.95753182,0.07682309
2172,-0.00442461,0.09880852,-1.00000000,-0.94805828,-0.02924245
2173,-0.00070102,0.21258918,1.00000000,-0.85074698,-0.05281629
2174,0.00254750,-0.07775458,-1.00000000,-0.63503267,0.02733038
2175,-0.00100445,0.09561487,-1.00000000,-0.94239631,0.01760301
2176,0.00205468,0.24686550,1.00000000,-0.78997908,0.02396623
2177,0.00158811,0.08148746,-1.00000000,-0.91735007,0.18118459
2178,-0.00608888,0.22391987,1.00000000,-0.83065899,0.04030484
2179,0.00123264,0.20219676,1.00000000,-0.86917151,0.00592442
2180,-0.00119248,-0.15524308,-1.00000000,-0.49765466,0.00100788
2181,0.00227284,0.18564592,1.00000000,-0.89851421,0.00671234
2182,-0.00135901,0.07273280,-1.00000000,-0.90182909,-0.07034780
2183,-0.00102996,0.23407753,1.00000000,-0.81265065,0.06193095
2184,0.00075195,0.06497940,-1.00000000,-0.88808322,0.04936202
2185,0.00504946,0.08029946,-1.00000000,-0.91524389,0.21257404
2186,-0.00142199,0.16326503,1.00000000,-0.93819289,0.11596311
2187,-0.00467779,0.36335675,1.00000000,-0.58345380,0.02918482
2188,-0.00088893,0.06204701,-1.00000000,-0.88288444,0.03287267
2189,-0.00017947,-0.08954263,-1.00000000,-0.61413384,0.00851831
2190,-0.00026626,0.08686624,-1.00000000,-0.92688602,-0.13047531
2191,-0.00066341,0.11989837,-1.00000000,-0.98544810,-0.11064027
2192,-0.00062061,0.11585734,-1.00000000,-0.97828383,-0.00455463
2193,-0.00173291,0.09736633,-1.00000000,-0.94550144,-0.02662276
2194,-0.00058804,0.09935909,-1.00000000,-0.94903437,-0.03730588
2195,0.00234492,0.04757055,-1.00000000,-0.85721939,0.03097046
2196,-0.00124777,0.10087544,-1.00000000,-0.95172268,0.01569066
2197,-0.00385289,0.23743381,1.00000000,-0.80670036,-0.06882597
2198,0.00109920,0.07015831,-1.00000000,-0.89726482,0.00522683
2199,0.00122961,-0.05113570,-1.00000000,-0.68222481,0.05275401
2200,0.00233388,0.17943289,1.00000000,-0.90952918,0.05246523
2201,-0.00014976,0.18550486,1.00000000,-0.89876428,0.08117560
2202,-0.00151379,0.23691959,1.00000000,-0.80761201,0.14233750
2203,0.00058016,0.12128150,-1.00000000,-0.98790023,0.12876582
2204,-0.00080621,0.05777243,-1.00000000,-0.87530611,0.07553398
2205,-0.00047543,0.15526643,1.00000000,-0.95237346,0.00207705
2206,0.00017947,0.09071742,-1.00000000,-0.93371371,0.01068571
2207,-0.00053241,0.10611831,-1.00000000,-0.96101767,0.03634663
2208,0.00564430,0.13661053,1.00000000,-0.98544818,0.16876207
2209,0.00632622,0.10346562,-1.00000000,-0.95631477,0.35525827
2210,0.00275915,0.39105238,1.00000000,-0.53435270,0.43983500
2211,0.00594730,0.42280243,1.00000000,-0.47806360,0.59065004
2212,-0.00086434,0.25672012,1.00000000,-0.77250801,0.58197085
2213,-0.00041279,0.40515978,1.00000000,-0.50934195,0.42359234
2214,0.00272677,0.08801100,-1.00000000,-0.92891554,0.32947519
2215,0.00163003,0.10903522,-1.00000000,-0.96618902,0.29995148
2216,-0.00100215,0.25521243,1.00000000,-0.77518096,0.11823991
2217,0.00162903,0.20414864,1.00000000,-0.86571106,0.18343550
2218,0.00155585,0.08159453,-1.00000000,-0.91753990,0.23491067
2219,0.00015350,0.20410172,1.00000000,-0.86579423,0.16762582
2220,0.00338021,0.20069464,1.00000000,-0.87183460,0.21338886
2221,0.00069590,0.13540147,1.00000000,-0.98759170,0.25778881
2222,0.00045744,0.28563672,1.00000000,-0.72124227,0.22715448
2223,-0.00405638,0.16065544,1.00000000,-0.94281939,0.08040784
2224,0.00255549,0.14955260,1.00000000,-0.96250341,0.14321424
2225,-0.00100526,-0.06061020,-1.00000000,-0.66542764,0.02854455
2226,0.00532882,0.24723788,1.00000000,-0.78931891,0.14968434
2227,-0.00463407,0.08144980,-1.00000000,-0.91728331,0.01655357
2228,0.00342866,0.37636337,1.00000000,-0.56039460,0.21226967
2229,-0.00307761,-0.08750710,-1.00000000,-0.61774259,0.06497727
2230,-0.00444979,0.28789226,1.00000000,-0.71724347,-0.02508913
2231,0.00244901,-0.01503877,-1.00000000,-0.74622042,-0.10038910
2232,0.00379059,-0.07892720,-1.00000000,-0.63295375,0.11989564
2233,0.00060579,0.24228024,1.00000000,-0.79810821,0.04608439
2234,-0.00073136,0.30474358,1.00000000,-0.68736806,0.10743346
2235,0.00240288,0.15646004,1.00000000,-0.95025734,0.28661465
2236,0.00049499,0.09420264,-1.00000000,-0.93989259,0.23552149
2237,0.00457512,0.24013231,1.00000000,-0.80191624,0.25603519
2238,0.00526105,0.15130106,1.00000000,-0.95940359,0.37775929
2239,-0.00196574,0.34127135,1.00000000,-0.62260861,0.34548320
2240,0.00017306,0.37320842,1.00000000,-0.56598796,0.28717866
2241,-0.00041339,0.03673013,-1.00000000,-0.83800059,0.26342665
2242,0.00375696,0.13631216,1.00000000,-0.98597716,0.24203378
2243,0.00537997,0.10900697,-1.00000000,-0.96613894,0.24514323
2244,0.00006084,0.30317807,1.00000000,-0.69014353,0.29813324
2245,0.00179960,0.37874527,1.00000000,-0.55617177,0.34066327
2246,-0.00040037,0.13108695,1.00000000,-0.99524084,0.34100380
2247,0.00022977,0.21204338,1.00000000,-0.85171461,0.24877610
2248,0.00101686,0.10961335,-1.00000000,-0.96721397,0.13469090
2249,-0.00072023,0.13895253,1.00000000,-0.98129610,0.11426781
2250,0.00003744,0.17559913,1.00000000,-0.91632598,0.06819151
2251,0.00126271,0.09472052,-1.00000000,-0.94081072,0.11167717
2252,0.00071854,0.12999748,1.00000000,-0.99717235,0.12445724
2253,-0.00408569,0.18704621,1.00000000,-0.89603165,-0.00896213
2254,-0.00193542,0.16170940,1.00000000,-0.94095083,-0.04073629
2255,0.00096932,-0.06197446,-1.00000000,-0.66300895,-0.01636965
2256,-0.00040330,0.03814176,-1.00000000,-0.84050325,-0.05993194
2257,0.00534248,0.17338600,1.00000000,-0.92024960,0.06097333
2258,0.00218403,0.10947689,-1.00000000,-0.96697205,0.22491158
2259,0.01786135,0.37699972,1.00000000,-0.55926642,0.74255019
2260,-0.00097265,0.22994268,1.00000000,-0.81998126,0.69177221
2261,-0.00577717,0.95987649,1.00000000,0.47410554,0.55125832
2262,0.00217555,0.08296803,-1.00000000,-0.91997496,0.46845048
2263,0.00017528,-0.14072959,-1.00000000,-0.52338538,0.41592644
2264,0.00410646,0.22954771,1.00000000,-0.82068150,0.05626863
2265,-0.00424361,0.13641559,1.00000000,-0.98579379,-0.02925928
2266,-0.00151578,0.31945074,1.00000000,-0.66129399,0.08216579
2267,0.00094651,-0.06932750,-1.00000000,-0.64997289,0.05002943
2268,-0.01077473,0.05767980,-1.00000000,-0.87514190,-0.23628743
2269,0.00046654,0.17232400,1.00000000,-0.92213239,-0.33146279
2270,0.00508329,-0.37341537,-1.00000000,-0.11086085,-0.08758639
2271,0.00040142,0.14997644,1.00000000,-0.96175199,-0.03745606
2272,-0.00046199,0.36493174,1.00000000,-0.58066153,-0.07428521
2273,-0.00042304,0.14694452,1.00000000,-0.96712723,0.19638683
2274,-0.00246712,0.10674407,-1.00000000,-0.96212707,0.11967863
2275,-0.00619589,0.10855760,-1.00000000,-0.96534224,-0.17524508
2276,0.00360509,0.01338577,-1.00000000,-0.79661379,-0.09147682
2277,-0.00040716,-0.16022504,-1.00000000,-0.48882223,-0.09004294
2278,-0.00819277,0.29610672,1.00000000,-0.70268019,-0.29320285
2279,0.00004185,0.10929732,-1.00000000,-0.96665368,-0.22759931
2280,0.01047671,-0.25319971,-1.00000000,-0.32398908,0.20834960
2281,0.00126136,0.13020291,1.00000000,-0.99680815,0.14706667
2282,0.00206376,0.61604868,1.00000000,-0.13546073,0.21167525
2283,-0.00254884,0.18698310,1.00000000,-0.89614353,0.35925064
2284,0.00295469,0.22434277,1.00000000,-0.82990923,0.43541466
2285,0.03072365,0.00958083,-1.00000000,-0.78986808,0.96482401
2286,-0.00327522,0.26582460,1.00000000,-0.75636683,0.84620324
2287,0.00070116,1.55874301,1.00000000,1.53582544,0.81057439
2288,-0.00542769,-0.02423933,-1.00000000,-0.72990891,0.73529933
2289,0.01049304,0.16090017,1.00000000,-0.94238552,0.93240930
2290,-0.00237175,-0.12445793,-1.00000000,-0.55223312,0.06704309
2291,0.00626765,0.61680907,1.00000000,-0.13411265,0.31656644
2292,-0.00337863,0.01782608,-1.00000000,-0.80448594,0.20988980
2293,-0.00703483,0.42007518,1.00000000,-0.48289870,0.16786696
2294,-0.00001298,-0.02905393,-1.00000000,-0.72137320,-0.10684055
2295,0.00651994,-0.19928602,-1.00000000,-0.41957171,0.12565622
2296,0.00451307,0.12765033,-1.00000000,-0.99919141,0.07977828
2297,0.00314734,0.43182214,1.00000000,-0.46207272,0.25041687
2298,-0.00208572,0.33838250,1.00000000,-0.62773022,0.37982424
2299,0.00101994,0.27479418,1.00000000,-0.74046483,0.40683251
2300,0.00026455,0.03114361,-1.00000000,-0.82809634,0.24326868
2301,0.00308952,0.17574268,1.00000000,-0.91607149,0.20604606
2302,0.01332217,0.14057173,1.00000000,-0.97842545,0.47209385
2303,-0.00586254,0.27210192,1.00000000,-0.74523788,0.37333899
2304,0.00355463,0.74853296,1.00000000,0.09941832,0.43961513
2305,-0.00350270,-0.14470453,-1.00000000,-0.51633828,0.34111046
2306,0.00092881,0.29375749,1.00000000,-0.70684511,0.28461305
2307,0.00035164,-0.03483091,-1.00000000,-0.71113128,-0.05453578
2308,-0.00000843,0.17149964,1.00000000,-0.92359389,0.09853533
2309,0.00235105,0.14462659,1.00000000,-0.97123665,0.06706454
2310,-0.00163773,0.12786200,-1.00000000,-0.99956667,0.11582930
2311,-0.00280606,0.23771893,1.00000000,-0.80619487,0.01817138
2312,-0.00224495,0.05200220,-1.00000000,-0.86507617,-0.04972309
2313,-0.00423984,-0.00239521,-1.00000000,-0.76863597,-0.16036437
2314,0.00425343,0.02373010,-1.00000000,-0.81495306,-0.11062160
2315,-0.00252411,-0.06915173,-1.00000000,-0.65028450,-0.13379855
2316,0.00083199,0.32629355,1.00000000,-0.64916249,-0.03867216
2317,-0.00034290,0.01073209,-1.00000000,-0.79190913,0.01106174
2318,0.00079158,0.16699187,1.00000000,-0.93158564,0.14262127
2319,0.00307523,0.11228892,-1.00000000,-0.97195743,0.11181402
2320,0.00121320,0.16511015,1.00000000,-0.93492172,0.20953582
2321,-0.00216867,0.27143652,1.00000000,-0.74641755,0.13107552
2322,-0.00046333,0.18474071,1.00000000,-0.90011903,0.12792661
2323,-0.00461403,0.02728129,-1.00000000,-0.82124892,-0.01341714
2324,0.00062454,0.10668181,-1.00000000,-0.96201669,-0.07749668
2325,0.00292343,-0.08657402,-1.00000000,-0.61939683,-0.03277824
2326,0.00890155,0.15733309,1.00000000,-0.94870952,0.25668195
2327,0.00358180,0.26436874,1.00000000,-0.75894790,0.36245252
2328,0.00343839,0.54270944,1.00000000,-0.26548258,0.57300418
2329,-0.00061067,0.29502249,1.00000000,-0.70460240,0.54070620
2330,0.00005046,0.28834542,1.00000000,-0.71644007,0.46558484
2331,0.00018903,0.09982158,-1.00000000,-0.94985432,0.23777295
2332,0.00470887,0.13060368,1.00000000,-0.99609763,0.26724319
2333,0.00221260,0.13705551,1.00000000,-0.98465928,0.23519158
2334,0.00168703,0.34749877,1.00000000,-0.61156814,0.29527113
2335,0.00961264,0.23127263,1.00000000,-0.81762341,0.54529949
2336,0.00346070,0.20680241,1.00000000,-0.86100623,0.63084599
2337,0.00031252,0.57581740,1.00000000,-0.20678605,0.51589186
2338,-0.00173299,0.28938415,1.00000000,-0.71459852,0.41272402
2339,0.00591615,0.14280535,1.00000000,-0.97446549,0.52330554
2340,-0.00184592,0.04756652,-1.00000000,-0.85721224,0.22369160
2341,-0.00359406,0.40370973,1.00000000,-0.51191272,0.03922648
2342,0.00066311,0.04230894,-1.00000000,-0.84789117,0.04839353
2343,0.00402206,-0.03908421,-1.00000000,-0.70359069,0.19887450
2344,-0.00342937,0.15912869,1.00000000,-0.94552614,-0.04548869
2345,-0.00117940,0.31552089,1.00000000,-0.66826115,-0.02806081
2346,-0.00231037,-0.03141631,-1.00000000,-0.71718497,0.00550448
2347,0.00114667,0.07334195,-1.00000000,-0.90290905,0.01814840
2348,-0.00241545,0.02068392,-1.00000000,-0.80955255,-0.15017718
2349,0.00395422,0.18164312,1.00000000,-0.90561070,0.04288607
2350,-0.00071431,0.01579146,-1.00000000,-0.80087880,0.05504695
2351,0.00030579,0.31236233,1.00000000,-0.67386092,0.12345339
2352,0.00233425,0.09499627,-1.00000000,-0.94129960,0.15450588
2353,-0.00408816,0.14249205,1.00000000,-0.97502094,0.11076837
2354,-0.00188489,0.23693683,1.00000000,-0.80758145,-0.04191044
2355,-0.00249474,-0.06208988,-1.00000000,-0.66280434,-0.08846452
2356,-0.00292072,0.04049436,-1.00000000,-0.84467412,-0.17283010
2357,0.00154145,0.01209962,-1.00000000,-0.79433359,-0.19355989
2358,-0.00052638,-0.00773378,-1.00000000,-0.75917132,-0.10042779
2359,0.00178846,0.20002426,1.00000000,-0.87302310,-0.00437840
2360,-0.00048997,0.10374609,-1.00000000,-0.95681200,0.04804156
2361,0.00050989,0.21152499,1.00000000,-0.85263366,0.13774393
2362,0.00489442,0.10544137,-1.00000000,-0.95981753,0.22541598
2363,-0.00115568,0.15199501,1.00000000,-0.95817330,0.20896127
2364,0.00237314,0.35613776,1.00000000,-0.59625222,0.22424912
2365,-0.00552483,0.07444596,-1.00000000,-0.90486633,0.09259963
2366,0.00068963,0.23874733,1.00000000,-0.80437165,0.09729933
2367,0.00342002,-0.12898068,-1.00000000,-0.54421482,0.05874724
2368,0.00553278,0.16036354,1.00000000,-0.94333689,0.23363467
2369,0.00650669,0.28748987,1.00000000,-0.71795686,0.34171733
2370,0.00255871,0.38585979,1.00000000,-0.54355856,0.55308259
2371,-0.00307909,0.43120505,1.00000000,-0.46316675,0.45453947
2372,0.00172994,0.24738749,1.00000000,-0.78905365,0.41034814
2373,0.00199972,-0.01510756,-1.00000000,-0.74609846,0.31796703
2374,-0.00206888,0.20880046,1.00000000,-0.85746393,0.09373630
2375,0.00063969,0.22136109,1.00000000,-0.83519542,0.04355859
2376,0.00116128,0.03192793,-1.00000000,-0.82948686,0.15443413
2377,-0.00187943,0.15803839,1.00000000,-0.94745910,0.06005742
2378,0.00591544,0.18232331,1.00000000,-0.90440479,0.16244421
2379,0.00083536,0.04074827,-1.00000000,-0.84512429,0.23838312
2380,0.00199400,0.40367644,1.00000000,-0.51197174,0.27379506
2381,0.00139210,0.16714878,1.00000000,-0.93130745,0.27983067
2382,0.00657037,0.22109476,1.00000000,-0.83566758,0.50077294
2383,-0.00348949,0.19307065,1.00000000,-0.88535103,0.25485628
2384,-0.00163287,0.43416979,1.00000000,-0.45791061,0.19031794
2385,-0.00850160,-0.03421580,-1.00000000,-0.71222179,-0.08411711
2386,-0.00194587,0.05222839,-1.00000000,-0.86547718,-0.17139734
2387,-0.00070994,-0.26757882,-1.00000000,-0.29849661,-0.36176008
2388,-0.00139425,0.03765485,-1.00000000,-0.83964002,-0.30697455
2389,0.00249651,0.09519981,-1.00000000,-0.94166046,-0.19900115
2390,0.00493137,0.06333820,-1.00000000,-0.88517356,0.15223926
2391,0.00088040,0.24449155,1.00000000,-0.79418783,0.22613951
2392,0.00147036,0.35785847,1.00000000,-0.59320162,0.28314928
2393,-0.00037829,0.16924555,1.00000000,-0.92759013,0.30971428
2394,-0.00208963,0.19671443,1.00000000,-0.87889105,0.18979757
2395,-0.00138969,0.11064125,-1.00000000,-0.96903632,0.02451688
2396,-0.00554769,0.03096150,-1.00000000,-0.82777349,-0.14356224
2397,0.00274948,0.06355090,-1.00000000,-0.88555067,-0.11011648
2398,0.00104728,-0.13004503,-1.00000000,-0.54232784,-0.07284102
2399,0.00045113,0.25626973,1.00000000,-0.77330650,-0.00640598
2400,0.00190595,0.17701590,1.00000000,-0.91381421,0.07976711
2401,0.00165473,0.14925925,1.00000000,-0.96302349,0.26809332
2402,-0.00151700,0.21699528,1.00000000,-0.84293547,0.15653518
2403,-0.00117729,0.20529858,1.00000000,-0.86367235,0.09836785
2404,-0.00187248,0.05762340,-1.00000000,-0.87504191,0.03761087
2405,0.00212285,0.07344007,-1.00000000,-0.90308300,0.04328224
2406,-0.00669799,0.04107216,-1.00000000,-0.84569850,-0.17512173
2407,-0.00142074,0.22709402,1.00000000,-0.82503159,-0.17260492
2408,-0.00430191,-0.18360311,-1.00000000,-0.44737567,-0.25430627
2409,0.00063541,0.06210497,-1.00000000,-0.88298720,-0.18873082
2410,-0.00099424,-0.07204168,-1.00000000,-0.64516096,-0.27023541
2411,0.00046001,0.15783928,1.00000000,-0.94781210,-0.08307073
2412,-0.00408292,0.08196263,-1.00000000,-0.91819249,-0.15268035
2413,0.00311599,0.14967224,1.00000000,-0.96229130,0.04128018
2414,0.00042341,-0.06184561,-1.00000000,-0.66323740,0.03573665
2415,-0.00321080,0.27333471,1.00000000,-0.74305229,-0.02222115
2416,-0.00469769,0.14796818,1.00000000,-0.96531240,-0.15708265
2417,-0.00105293,-0.02124011,-1.00000000,-0.73522617,-0.07785574
2418,-0.00205870,-0.09046929,-1.00000000,-0.61249097,-0.21316167
2419,0.00245712,0.07923003,-1.00000000,-0.91334791,-0.15998492
2420,-0.00159552,0.03240180,-1.00000000,-0.83032698,-0.11774894
2421,-0.00098217,0.24265753,1.00000000,-0.79743933,-0.02059696
2422,-0.00037289,0.05396752,-1.00000000,-0.86856045,-0.00281546
2423,-0.00015619,0.08252467,-1.00000000,-0.91918893,0.04693049
2424,0.00364692,0.11089270,-1.00000000,-0.96948211,0.07804109
2425,-0.00137685,0.12098208,-1.00000000,-0.98736939,0.08375876
2426,0.00058484,0.29805471,1.00000000,-0.69922664,0.12473240
2427,0.00011149,0.06414871,-1.00000000,-0.88661050,0.13739790
2428,-0.00057919,0.15548450,1.00000000,-0.95198685,0.12633747
2429,-0.00418687,0.13344555,1.00000000,-0.99105932,-0.07849771
2430,0.00184710,0.10128731,-1.00000000,-0.95245288,0.00580096
2431,0.00390499,-0.06668567,-1.00000000,-0.65465653,0.09261503
2432,0.00032317,0.21425538,1.00000000,-0.84779299,0.09814998
2433,0.00034077,0.31007024,1.00000000,-0.67792452,0.12220483
2434,-0.00136671,0.14330139,1.00000000,-0.97358608,0.19594525
2435,0.00060940,0.14412064,1.00000000,-0.97213364,0.16358210
2436,-0.00167023,0.06462042,-1.00000000,-0.88744680,0.01780324
2437,0.00085010,0.15662784,1.00000000,-0.94995985,0.03158102
2438,-0.00141681,0.05048868,-1.00000000,-0.86239288,-0.01437560
2439,-0.00101330,0.16783483,1.00000000,-0.93009117,-0.00513471
2440,0.00370028,0.06228786,-1.00000000,-0.88331144,0.07568455
2441,0.00083077,0.08107524,-1.00000000,-0.91661926,0.14107989
2442,-0.00088709,0.30053890,1.00000000,-0.69482246,0.09565665
2443,-0.00117095,0.16693508,1.00000000,-0.93168632,0.10208530
2444,-0.00094683,0.08695180,-1.00000000,-0.92703770,0.10382331
2445,0.00042169,0.07373504,-1.00000000,-0.90360595,0.01809599
2446,0.00140229,0.08417005,-1.00000000,-0.92210599,0.03303986
2447,-0.00171608,0.14788829,1.00000000,-0.96545404,0.01136381
2448,-0.00301561,0.19354492,1.00000000,-0.88451021,-0.03686950
2449,-0.00057939,0.04835427,-1.00000000,-0.85860883,-0.02726162
2450,0.00141857,-0.01215173,-1.00000000,-0.75133880,-0.00119557
2451,-0.00039724,0.10127834,-1.00000000,-0.95243697,-0.04824899
2452,0.00024312,0.19430288,1.00000000,-0.88316643,0.00297920
2453,-0.00096082,0.10975911,-1.00000000,-0.96747238,0.05670689
2454,-0.00009375,0.13957390,1.00000000,-0.98019448,0.06940522
2455,-0.00577424,0.08351864,-1.00000000,-0.92095112,-0.11866963
2456,-0.00033969,0.12388965,-1.00000000,-0.99252417,-0.11716489
2457,0.00001153,-0.14059316,-1.00000000,-0.52362726,-0.12322034
2458,-0.00341565,0.11243853,-1.00000000,-0.97222268,-0.18740821
2459,-0.00231791,0.12879125,1.00000000,-0.99931084,-0.24556483
2460,-0.00200994,-0.03077768,-1.00000000,-0.71831718,-0.14713750
2461,-0.00409645,0.02033288,-1.00000000,-0.80893020,-0.24536781
2462,-0.00366438,0.03467176,-1.00000000,-0.83435135,-0.34148412
2463,-0.00169128,-0.06247555,-1.00000000,-0.66212058,-0.29639583
2464,-0.00014174,-0.04235854,-1.00000000,-0.69778569,-0.23949404
2465,-0.00401982,0.04950892,-1.00000000,-0.86065588,-0.29204766
2466,0.00476457,0.12165521,-1.00000000,-0.98856277,-0.06035291
2467,0.00111913,-0.05890798,-1.00000000,-0.66844546,0.06472450
2468,0.00027936,0.35009238,1.00000000,-0.60696997,0.11625187
2469,0.00657973,0.18036093,1.00000000,-0.90788387,0.29200237
2470,-0.00115131,0.14126129,1.00000000,-0.97720294,0.36700714
2471,-0.00354308,0.43460585,1.00000000,-0.45713753,0.14978172
2472,0.00142002,0.07464950,-1.00000000,-0.90522717,0.15764928
2473,-0.00114899,-0.03671072,-1.00000000,-0.70779861,0.12030145
2474,-0.00348189,0.19437033,1.00000000,-0.88304686,-0.14278622
2475,0.00237479,0.07475775,-1.00000000,-0.90541909,-0.05058702
2476,0.00167357,-0.03386198,-1.00000000,-0.71284908,0.08581594
2477,0.00309889,0.23882427,1.00000000,-0.80423524,0.12971438
2478,0.00234842,0.20617562,1.00000000,-0.86211747,0.22116325
2479,-0.00587654,0.27253821,1.00000000,-0.74446438,0.15854893
2480,-0.00055999,0.23759646,1.00000000,-0.80641201,0.08181153
2481,0.00644863,-0.14535635,-1.00000000,-0.51518269,0.20666802
2482,-0.00019538,0.10218159,-1.00000000,-0.95403833,0.12053087
2483,0.00489411,0.42850170,1.00000000,-0.46795947,0.18709480
2484,0.00447036,0.11915784,-1.00000000,-0.98413522,0.45764176
2485,0.00298993,0.35612372,1.00000000,-0.59627711,0.55046367
2486,0.00028196,0.33639389,1.00000000,-0.63125578,0.38921983
2487,0.00932567,0.26746520,1.00000000,-0.75345824,0.63817255
2488,-0.00201873,0.14138237,1.00000000,-0.97698826,0.45741803
2489,-0.00088208,0.56245623,1.00000000,-0.23047384,0.31746447
2490,-0.00130406,0.03426265,-1.00000000,-0.83362604,0.20518678
2491,0.00215009,0.08718517,-1.00000000,-0.92745144,0.25403410
2492,0.00318343,0.06753761,-1.00000000,-0.89261863,0.09342905
2493,0.00165203,0.22836251,1.00000000,-0.82278272,0.18941063
2494,0.00119183,0.27647436,1.00000000,-0.73748607,0.24363823
2495,0.00504378,0.20517255,1.00000000,-0.86389578,0.40961914
2496,-0.00892835,0.18374569,1.00000000,-0.90188308,0.11994407
2497,0.00111368,0.36309201,1.00000000,-0.58392315,0.06582522
2498,-0.00142534,-0.28744827,-1.00000000,-0.26327041,-0.01464048
2499,0.00234735,0.18010746,1.00000000,-0.90833325,0.01557376
2500,-0.00256714,0.06189107,-1.00000000,-0.88260798,-0.18343378
2501,-0.00306835,0.23754678,1.00000000,-0.80650008,-0.03020873
2502,0.00723920,0.00872865,-1.00000000,-0.78835726,0.12995907
2503,-0.00187872,-0.01460764,-1.00000000,-0.74698476,0.11810420
2504,0.00501639,0.46531073,1.00000000,-0.40270138,0.18789325
2505,-0.00109097,0.04078166,-1.00000000,-0.84518348,0.22649176
2506,-0.00026748,0.36181686,1.00000000,-0.58618385,0.29972807
2507,0.00181455,0.07745919,-1.00000000,-0.91020842,0.15788617
2508,-0.00667049,0.11580081,-1.00000000,-0.97818361,0.03259275
2509,0.00054051,0.21273954,1.00000000,-0.85048041,-0.08444085
2510,-0.00663852,-0.18232244,-1.00000000,-0.44964614,-0.22949629
2511,0.00379615,0.15342064,1.00000000,-0.95564583,-0.12324216
2512,0.00140455,-0.18083422,-1.00000000,-0.45228459,-0.13396252
2513,0.00608160,0.30500254,1.00000000,-0.68690896,0.19947434
2514,0.00393124,0.19365031,1.00000000,-0.88432337,0.28813387
2515,0.00028204,0.41141289,1.00000000,-0.49825591,0.46909018
2516,0.00150120,0.31129248,1.00000000,-0.67575763,0.40908267
2517,0.00924690,0.14138618,1.00000000,-0.97698152,0.61414155
2518,-0.00067437,0.19814999,1.00000000,-0.87634595,0.43748905
2519,-0.00016720,0.55878901,1.00000000,-0.23697540,0.33032458
2520,0.00216594,0.09685609,-1.00000000,-0.94459686,0.37958412
2521,0.00118734,0.12046976,-1.00000000,-0.98646110,0.37137756
2522,0.00120760,0.22910031,1.00000000,-0.82147467,0.16116881
2523,0.00310448,0.18353697,1.00000000,-0.90225312,0.25997668
2524,0.00233384,0.18448017,1.00000000,-0.90058095,0.32537302
2525,-0.00048800,0.27279861,1.00000000,-0.74400273,0.25597873
2526,-0.00190158,0.23691795,1.00000000,-0.80761492,0.17521061
2527,0.00024936,0.10553317,-1.00000000,-0.95998029,0.15015501
2528,0.00375428,0.03971696,-1.00000000,-0.84329590,0.16714573
2529,-0.00039403,0.13986484,1.00000000,-0.97967867,0.09581823
2530,0.00062136,0.30305319,1.00000000,-0.69036492,0.12482548
2531,0.00161074,0.10990843,-1.00000000,-0.96773712,0.21666440
2532,0.00008750,0.15718501,1.00000000,-0.94897204,0.21243204
2533,0.00218433,0.20325021,1.00000000,-0.86730386,0.17138151
2534,-0.00363471,0.13232847,1.00000000,-0.99303977,0.08664535
2535,-0.00247820,0.22995645,1.00000000,-0.81995684,0.00559905
2536,-0.00597172,-0.04097727,-1.00000000,-0.70023451,-0.19266420
2537,0.00003674,0.01286969,-1.00000000,-0.79569884,-0.19399139
2538,-0.00076498,-0.14978784,-1.00000000,-0.50732616,-0.27110876
2539,0.00498885,0.12996521,1.00000000,-0.99722956,-0.04562301
2540,-0.00007690,0.09263718,-1.00000000,-0.93711721,0.01716549
2541,-0.00117374,0.36053460,1.00000000,-0.58845713,0.14262124
2542,0.00361847,0.12467421,-1.00000000,-0.99391510,0.23627489
2543,-0.00013643,0.07360531,-1.00000000,-0.90337595,0.25271002
2544,0.00151241,0.29672987,1.00000000,-0.70157543,0.16180931
2545,-0.00202138,0.12190243,-1.00000000,-0.98900107,0.11096567
2546,-0.00176360,0.19867200,1.00000000,-0.87542050,0.09554229
2547,-0.00223036,0.03413933,-1.00000000,-0.83340740,-0.05739083
2548,0.00026116,0.04614162,-1.00000000,-0.85468606,-0.04699490
2549,-0.00411065,0.02440904,-1.00000000,-0.81615675,-0.19402460
2550,0.00353666,0.14041399,1.00000000,-0.97870510,-0.04869513
2551,0.00189972,-0.06313688,-1.00000000,-0.66094813,0.04709202
2552,-0.00184885,0.29292068,1.00000000,-0.70832868,0.05706770
2553,-0.00014704,0.21670531,1.00000000,-0.84344956,0.04639436
2554,0.00046998,0.04217226,-1.00000000,-0.84764886,0.16616708
2555,0.00038503,0.12140847,-1.00000000,-0.98812534,0.08375942
2556,-0.00568526,0.15013677,1.00000000,-0.96146776,-0.11456992
2557,-0.00038927,0.14618123,1.00000000,-0.96848046,-0.07640546
2558,0.00462329,-0.13645042,-1.00000000,-0.53097184,0.04832731
2559,-0.00137780,0.11012992,-1.00000000,-0.96812979,0.00001213
2560,0.00010238,0.34351425,1.00000000,-0.61863223,-0.00737848
2561,0.00006335,0.06410421,-1.00000000,-0.88653162,0.14293400
2562,-0.00382588,0.13302112,1.00000000,-0.99181179,0.05307499
2563,0.00187350,0.13120394,1.00000000,-0.99503342,-0.01882552
2564,0.00502608,-0.04987781,-1.00000000,-0.68445491,0.14862078
2565,-0.00161335,0.21548439,1.00000000,-0.84561410,0.10375848
2566,0.00156575,0.36226798,1.00000000,-0.58538407,0.14304270
2567,0.00132665,0.05313692,-1.00000000,-0.86708790,0.27776901
2568,0.00362693,0.20115551,1.00000000,-0.87101752,0.32361690
2569,0.00005352,0.19002299,1.00000000,-0.89075417,0.19359629
2570,-0.00113503,0.29712358,1.00000000,-0.70087742,0.20610337
2571,-0.00118948,0.13074638,1.00000000,-0.99584462,0.13406073
2572,0.00026565,0.07540769,-1.00000000,-0.90657136,0.10631806
2573,0.00003082,0.07287256,-1.00000000,-0.90207687,0.01228849
2574,0.00177337,0.14062292,1.00000000,-0.97833468,0.05725836
2575,0.00356222,0.12968956,1.00000000,-0.99771825,0.18008036
2576,-0.00260502,0.21082211,1.00000000,-0.85387978,0.14306741
2577,0.00093636,0.29411106,1.00000000,-0.70621827,0.16060499
2578,-0.00039801,0.00696533,-1.00000000,-0.78523111,0.14939206
2579,-0.00060681,0.17185127,1.00000000,-0.92297049,0.08715611
2580,-0.00141568,0.10972323,-1.00000000,-0.96740878,-0.04300418
2581,0.00115525,0.10000147,-1.00000000,-0.95017324,0.05531797
2582,-0.00713734,0.06234075,-1.00000000,-0.88340520,-0.15579020
2583,0.00833060,0.18204297,1.00000000,-0.90490181,0.07244219
2584,0.00135814,-0.20405912,-1.00000000,-0.41110957,0.12382092
2585,0.00128818,0.51612591,1.00000000,-0.31261204,0.19452038
2586,0.00520442,0.19148916,1.00000000,-0.88815483,0.30039634
2587,-0.00053613,0.18823195,1.00000000,-0.89392947,0.47300247
2588,0.00053792,0.37057132,1.00000000,-0.57066322,0.26924242
2589,0.00053723,0.10329250,-1.00000000,-0.95600785,0.24777769
2590,-0.00258753,0.15329998,1.00000000,-0.95585976,0.14643714
2591,0.00319634,0.15326792,1.00000000,-0.95591659,0.09393071
2592,0.00039443,0.00777959,-1.00000000,-0.78667469,0.11826245
2593,0.00092624,0.27707560,1.00000000,-0.73642013,0.12841598
2594,0.00389921,0.14661888,1.00000000,-0.96770455,0.21632366
2595,-0.00466160,0.17137988,1.00000000,-0.92380621,0.16209170
2596,0.00283631,0.30980100,1.00000000,-0.67840185,0.15267784
2597,-0.00216556,-0.08878871,-1.00000000,-0.61547045,0.08574021
2598,0.00124184,0.26031277,1.00000000,-0.76613866,0.09399247
2599,-0.00468307,0.02742620,-1.00000000,-0.82150581,-0.13041370
2600,0.00292705,0.18607429,1.00000000,-0.89775476,0.06801129
2601,-0.00087304,-0.08978851,-1.00000000,-0.61369792,-0.02897948
2602,0.00088356,0.26453734,1.00000000,-0.75864900,0.05074782
2603,-0.00366524,0.08760588,-1.00000000,-0.92819732,-0.07756066
2604,-0.00308412,0.16939285,1.00000000,-0.92732898,-0.03575182
2605,-0.00212086,-0.04239860,-1.00000000,-0.69771466,-0.16774272
2606,-0.00002743,-0.01534148,-1.00000000,-0.74568376,-0.14563205
2607,0.00005451,0.02950736,-1.00000000,-0.82519547,-0.16730962
2608,-0.00093607,0.12697731,-1.00000000,-0.99799823,-0.09594840
2609,-0.00181874,0.13079263,1.00000000,-0.99576264,-0.06286193
2610,0.00532426,0.08467096,-1.00000000,-0.92299405,0.13181046
2611,0.00028385,0.04357404,-1.00000000,-0.85013403,0.13994978
2612,-0.00588258,0.37615132,1.00000000,-0.56077053,-0.01529114
2613,0.00167407,0.14147061,1.00000000,-0.97683182,0.05295784
2614,-0.00158755,-0.14563756,-1.00000000,-0.51468412,0.05900292
2615,-0.00349616,0.20619870,1.00000000,-0.86207654,-0.17163018
2616,0.00019567,0.05433822,-1.00000000,-0.86921767,-0.17393585
2617,-0.00110657,-0.03452619,-1.00000000,-0.71167151,-0.04905460
2618,0.00181078,0.13736502,1.00000000,-0.98411056,-0.04547993
2619,-0.00363500,0.07673260,-1.00000000,-0.90892026,-0.09901571
2620,0.00264530,0.21256396,1.00000000,-0.85079169,0.06156901
2621,-0.00311146,-0.04099042,-1.00000000,-0.70021120,-0.02490471
2622,-0.00116197,0.25141946,1.00000000,-0.78190545,-0.02635327
2623,0.00518919,-0.01661466,-1.00000000,-0.74342655,0.06198430
2624,0.00133811,0.07415322,-1.00000000,-0.90434733,0.19201924
2625,0.00035020,0.36986251,1.00000000,-0.57191985,0.13200783
2626,-0.00312106,0.19055667,1.00000000,-0.88980801,0.13175687
2627,0.00092849,0.14455997,1.00000000,-0.97135477,0.18641740
2628,0.00209928,-0.01706153,-1.00000000,-0.74263431,0.10562347
2629,0.00022659,0.17148466,1.00000000,-0.92362045,0.07655983
2630,-0.00025246,0.22599655,1.00000000,-0.82697728,0.06080163
2631,-0.00156156,0.13880443,1.00000000,-0.98155865,0.10157880
2632,-0.00137373,0.11650008,-1.00000000,-0.97942333,0.04138134
2633,0.00432596,0.05554845,-1.00000000,-0.87136326,0.09960370
2634,-0.00056969,0.06429388,-1.00000000,-0.88686788,0.07878295
2635,0.00312615,0.32967035,1.00000000,-0.64317582,0.16712551
2636,0.00051800,0.10172990,-1.00000000,-0.95323755,0.22150109
2637,-0.00090526,0.27380753,1.00000000,-0.74221404,0.23375047
2638,-0.00153317,0.15237250,1.00000000,-0.95750407,0.08054827
2639,0.00050786,0.08610578,-1.00000000,-0.92553781,0.10872369
2640,0.00068554,0.05687040,-1.00000000,-0.87370692,0.04490761
2641,0.00066182,0.15190054,1.00000000,-0.95834079,0.04866807
2642,0.00113364,0.16017324,1.00000000,-0.94367426,0.10198039
2643,-0.00849272,0.15906858,1.00000000,-0.94563271,-0.07999535
2644,-0.00063119,0.18103652,1.00000000,-0.90668614,-0.10977886
2645,0.00138465,-0.26716526,-1.00000000,-0.29922981,-0.09149875
2646,-0.00050079,0.09886645,-1.00000000,-0.94816097,-0.12189813
2647,-0.00304976,0.19272377,1.00000000,-0.88596600,-0.23128410
2648,0.00269198,0.10493784,-1.00000000,-0.95892484,0.06116936
2649,0.00553312,-0.01374195,-1.00000000,-0.74851953,0.22235127
2650,-0.00171622,0.25359287,1.00000000,-0.77805225,0.14127082
2651,-0.00172980,0.38587550,1.00000000,-0.54353070,0.10913501
2652,-0.00219334,0.04834763,-1.00000000,-0.85859705,0.13152841
2653,-0.00307293,0.04771511,-1.00000000,-0.85747567,-0.01921053
2654,-0.00505546,0.02613293,-1.00000000,-0.81921301,-0.29607657
2655,0.00066323,-0.01482088,-1.00000000,-0.74660671,-0.23385971
2656,0.00012857,-0.10712683,-1.00000000,-0.58295911,-0.18526765
2657,0.00266195,0.15913426,1.00000000,-0.94551626,-0.05831341
2658,-0.00047207,0.13424071,1.00000000,-0.98964959,0.00969306
2659,-0.00463742,0.25219437,1.00000000,-0.78053163,0.02062360
2660,0.00499434,0.10627505,-1.00000000,-0.96129556,0.13387202
2661,-0.00091244,-0.08766334,-1.00000000,-0.61746559,0.10665214
2662,0.00186599,0.36079041,1.00000000,-0.58800362,0.08583975
2663,-0.00037292,0.08577155,-1.00000000,-0.92494526,0.08843217
2664,0.00218174,0.21513472,1.00000000,-0.84623403,0.26673723
2665,-0.00034146,0.11089126,-1.00000000,-0.96947955,0.12721864
2666,0.00028797,0.22983609,1.00000000,-0.82017023,0.15860656
2667,-0.00167892,0.11235621,-1.00000000,-0.97207674,0.06591544
2668,0.00210871,0.14166255,1.00000000,-0.97649155,0.13080425
2669,-0.00954279,0.05008401,-1.00000000,-0.86167545,-0.17576443
2670,-0.00141752,0.22643570,1.00000000,-0.82619872,-0.20390100
2671,0.00038268,-0.31605634,-1.00000000,-0.21255168,-0.20142482
2672,-0.00054270,0.06225475,-1.00000000,-0.88325273,-0.17171517
2673,-0.00129611,0.14607177,1.00000000,-0.96867452,-0.26074306
2674,-0.00033972,0.10298658,-1.00000000,-0.95546549,-0.02010466
2675,0.00064351,0.06790792,-1.00000000,-0.89327515,0.03378657
2676,0.00017814,0.11243714,-1.00000000,-0.97222022,0.02843859
2677,0.00963795,0.15821632,1.00000000,-0.94714367,0.29463833
2678,0.00120789,0.13654887,1.00000000,-0.98555749,0.36011203
2679,-0.00070993,0.57699595,1.00000000,-0.20469662,0.35043198
2680,0.00211912,0.18449386,1.00000000,-0.90055666,0.38901570
2681,-0.00272147,0.09520032,-1.00000000,-0.94166137,0.31319756
2682,0.00179859,0.22692054,1.00000000,-0.82533916,0.10821691
2683,-0.00313807,0.00154307,-1.00000000,-0.77561808,-0.00541984
2684,0.00364075,0.21199655,1.00000000,-0.85179764,0.10834019
2685,-0.00320605,-0.01785376,-1.00000000,-0.74122978,-0.03090053
2686,-0.00250424,0.29776747,1.00000000,-0.69973589,-0.02522039
2687,0.00022493,-0.02101887,-1.00000000,-0.73561841,-0.06636776
2688,-0.00227275,0.01165744,-1.00000000,-0.79354965,-0.04374149
2689,-0.00160969,0.13872736,1.00000000,-0.98169529,-0.18102811
2690,0.00299575,0.02243578,-1.00000000,-0.81265839,-0.01886562
2691,0.00079816,0.05330764,-1.00000000,-0.86739056,0.06748436
2692,-0.00471157,0.26773624,1.00000000,-0.75297771,-0.06159357
2693,0.00226419,0.16541679,1.00000000,-0.93437807,0.05703660
2694,0.00272490,-0.09111565,-1.00000000,-0.61134506,0.17037573
2695,-0.00072664,0.23367495,1.00000000,-0.81336438,0.07304392
2696,-0.00436011,0.25512530,1.00000000,-0.77533543,-0.06183271
2697,-0.00565088,0.09442206,-1.00000000,-0.94028160,-0.08639340
2698,0.00106859,-0.07475168,-1.00000000,-0.64035645,-0.11765557
2699,0.00161651,-0.13484971,-1.00000000,-0.53380972,-0.14663721
2700,-0.00226270,0.17800787,1.00000000,-0.91205558,-0.18680146
2701,0.00046165,0.20351907,1.00000000,-0.86682721,-0.06072375
2702,-0.00003526,0.02290347,-1.00000000,-0.81348756,0.08611132
2703,0.00006001,0.14974895,1.00000000,-0.96215531,0.05973947
2704,-0.00089143,0.12661261,-1.00000000,-0.99735166,-0.00583731
2705,-0.00197006,0.13104875,1.00000000,-0.99530856,0.00181447
2706,0.00083746,0.08674956,-1.00000000,-0.92667916,0.01164106
2707,-0.00099861,0.03652865,-1.00000000,-0.83764338,-0.01354823
2708,0.00271563,0.16724670,1.00000000,-0.93113386,0.05588971
2709,-0.00031972,0.08175923,-1.00000000,-0.91783189,0.07083863
2710,0.00178096,0.25469362,1.00000000,-0.77610074,0.16891907
2711,0.00017138,0.11336841,-1.00000000,-0.97387124,0.15150264
2712,0.00458937,0.21117587,1.00000000,-0.85325261,0.29761501
2713,0.00078028,0.13623408,1.00000000,-0.98611559,0.24701030
2714,0.00029126,0.34193466,1.00000000,-0.62143265,0.26298583
2715,-0.00130665,0.16458419,1.00000000,-0.93585417,0.18225214
2716,-0.00278961,0.14181529,1.00000000,-0.97622076,0.10482926
2717,0.00225746,0.06741717,-1.00000000,-0.89240511,0.04385541
2718,-0.00572514,-0.00162920,-1.00000000,-0.76999402,-0.12624599
2719,-0.00202716,0.23336139,1.00000000,-0.81392028,-0.18686711
2720,0.00228151,-0.13830738,-1.00000000,-0.52767968,-0.09304527
2721,0.00152251,0.03387011,-1.00000000,-0.83293012,0.01970626
2722,0.00028302,0.23448132,1.00000000,-0.81193479,-0.03192049
2723,0.00206365,0.19914214,1.00000000,-0.87458699,0.17173801
2724,0.00007055,0.14143207,1.00000000,-0.97690016,0.22658810
2725,-0.00311777,0.22433774,1.00000000,-0.82991815,0.08540978
2726,0.00466904,0.13153908,1.00000000,-0.99443927,0.16768421
2727,0.00478953,-0.01690827,-1.00000000,-0.74290601,0.28551872
2728,-0.00066732,0.34564436,1.00000000,-0.61485579,0.21411037
2729,-0.00000656,0.35125444,1.00000000,-0.60490978,0.21209416
2730,0.00181482,0.09718425,-1.00000000,-0.94517863,0.34106950
2731,-0.00513105,0.12794891,-1.00000000,-0.99972076,0.08482035
2732,0.00236047,0.21275205,1.00000000,-0.85045822,0.02130600
2733,-0.00069369,-0.11064646,-1.00000000,-0.57671923,0.02061636
2734,-0.00108634,0.23815743,1.00000000,-0.80541747,-0.00761734
2735,0.00093405,0.09595624,-1.00000000,-0.94300151,-0.03064735
2736,-0.00085567,0.07767449,-1.00000000,-0.91059012,0.08114365
2737,-0.00085075,0.17174359,1.00000000,-0.92316139,-0.00282192
2738,0.00252144,0.08841451,-1.00000000,-0.92963092,0.08124618
2739,-0.00354371,0.08864390,-1.00000000,-0.93003760,0.01699181
2740,-0.00649726,0.24565235,1.00000000,-0.79212986,-0.17731939
2741,0.00205856,-0.03674025,-1.00000000,-0.70774624,-0.10111908
2742,0.00091423,-0.17425723,-1.00000000,-0.46394482,-0.05496911
2743,0.00300828,0.22410083,1.00000000,-0.83033817,-0.04223942
2744,0.00275525,0.17082098,1.00000000,-0.92479708,0.12246342
2745,-0.00050681,0.26831950,1.00000000,-0.75194368,0.27909953
2746,-0.00111309,0.25653836,1.00000000,-0.77283024,0.19616834
2747,-0.00126465,0.10465733,-1.00000000,-0.95842753,0.13919571
2748,0.00204175,0.07642915,-1.00000000,-0.90838228,0.11392321
2749,0.00217236,0.06937249,-1.00000000,-0.89587166,0.09868199
2750,0.00228343,0.22331796,1.00000000,-0.83172611,0.17164023
2751,-0.00161696,0.22939904,1.00000000,-0.82094508,0.15846525
2752,0.00023616,0.23457064,1.00000000,-0.81177643,0.19770780
2753,0.00011178,0.05296908,-1.00000000,-0.86679034,0.14724362
2754,0.00043164,0.13924985,1.00000000,-0.98076898,0.10172793
2755,-0.00228376,0.13345877,1.00000000,-0.99103589,-0.01769336
2756,-0.00007752,0.14835139,1.00000000,-0.96463302,0.02255925
2757,-0.00007841,0.02192277,-1.00000000,-0.81174888,0.01433399
2758,-0.00074299,0.12464501,-1.00000000,-0.99386333,-0.00801601
2759,-0.00038239,0.12460351,-1.00000000,-0.99378976,-0.02930094
2760,-0.00644969,0.09366117,-1.00000000,-0.93893262,-0.13822997
2761,-0.00110262,0.11045032,-1.00000000,-0.96869782,-0.16503372
2762,0.00162987,-0.17204203,-1.00000000,-0.46787211,-0.12036622
2763,-0.00004770,0.07691684,-1.00000000,-0.90924690,-0.10218615
2764,0.00156264,0.20414082,1.00000000,-0.86572493,-0.05132806
2765,-0.00024051,0.12603357,-1.00000000,-0.99632509,0.11102724
2766,0.00581951,0.20101093,1.00000000,-0.87127385,0.29202435
2767,-0.00042628,0.11705641,-1.00000000,-0.98040963,0.23826110
2768,0.00176668,0.39920989,1.00000000,-0.51989040,0.28570280
2769,0.00113494,0.10840712,-1.00000000,-0.96507547,0.27451929
2770,0.00091922,0.21051077,1.00000000,-0.85443175,0.30484335
2771,0.00415250,0.18109699,1.00000000,-0.90657893,0.26125515
2772,-0.00944580,0.17105303,1.00000000,-0.92438568,0.02541588
2773,-0.00359897,0.32159442,1.00000000,-0.65749350,-0.11488307
2774,-0.00052759,-0.31154077,-1.00000000,-0.22055724,-0.15835411
2775,-0.00055567,-0.03931298,-1.00000000,-0.70318510,-0.19691875
2776,-0.00136257,0.10369017,-1.00000000,-0.95671286,-0.34112495
2777,-0.00238768,0.10238278,-1.00000000,-0.95439502,-0.15657177
2778,0.00421522,0.06481322,-1.00000000,-0.88778861,0.04775073
2779,-0.00147264,0.01708441,-1.00000000,-0.80317104,0.02303989
2780,0.00138022,0.32451448,1.00000000,-0.65231657,0.07365878
2781,-0.00175500,0.05968873,-1.00000000,-0.87870349,0.06339790
2782,0.00100296,0.19251746,1.00000000,-0.88633177,0.15205517
2783,0.00471739,0.04654214,-1.00000000,-0.85539614,0.16518560
2784,0.00195695,0.17495225,1.00000000,-0.91747283,0.25486111
2785,-0.00164233,0.34789523,1.00000000,-0.61086526,0.17582858
2786,0.00236057,0.21936969,1.00000000,-0.83872593,0.28344073
2787,-0.00616895,0.05178796,-1.00000000,-0.86469634,0.09591227
2788,0.00014593,0.23816204,1.00000000,-0.80540930,-0.02362048
2789,0.00633671,-0.15897087,-1.00000000,-0.49104573,0.09089990
2790,0.00241161,0.13504889,1.00000000,-0.98821678,0.19690075
2791,-0.00181259,0.42329074,1.00000000,-0.47719788,0.08778256
2792,-0.00107796,0.24053868,1.00000000,-0.80119580,0.22089974
2793,-0.00211236,0.04386042,-1.00000000,-0.85064176,0.16185083
2794,0.00128909,0.07806462,-1.00000000,-0.91128178,0.02986764
2795,0.00530968,0.02990328,-1.00000000,-0.82589740,0.10564537
2796,0.00296217,0.18827448,1.00000000,-0.89385408,0.23049416
2797,0.00101130,0.37547252,1.00000000,-0.56197397,0.28512351
2798,0.01049595,0.26617280,1.00000000,-0.75574952,0.61480101
2799,0.00000912,0.17534052,1.00000000,-0.91678447,0.58133269
2800,-0.00132982,0.61694451,1.00000000,-0.13387252,0.40772556
2801,-0.00080119,0.12867901,1.00000000,-0.99950984,0.30932259
2802,-0.00344471,0.06633848,-1.00000000,-0.89049272,0.19280844
2803,0.00263897,0.09095125,-1.00000000,-0.93412826,-0.01263301
2804,0.00142612,-0.03213075,-1.00000000,-0.71591835,0.02441825
2805,-0.00266491,0.25112459,1.00000000,-0.78242823,-0.01049133
2806,0.00021489,0.19465445,1.00000000,-0.88254314,0.01607664
2807,0.00012818,0.00417662,-1.00000000,-0.78028705,0.10949932
2808,0.00212348,0.13825959,1.00000000,-0.98252460,0.09602033
2809,0.00186101,0.13422262,1.00000000,-0.98968166,0.10739175
2810,-0.00419414,0.22712319,1.00000000,-0.82497989,0.06740591
2811,-0.00115383,0.21490300,1.00000000,-0.84664484,0.03161709
2812,-0.00475439,-0.06702428,-1.00000000,-0.65405623,-0.09605072
2813,0.00090384,0.07453211,-1.00000000,-0.90501905,-0.12794140
2814,-0.00250571,-0.09310944,-1.00000000,-0.60781031,-0.24212082
2815,0.00400284,0.17033696,1.00000000,-0.92565520,-0.02778920
2816,0.00408788,0.01158907,-1.00000000,-0.79342844,0.10926917
2817,0.00348381,0.31462596,1.00000000,-0.66984776,0.32467858
2818,0.00228462,0.31858551,1.00000000,-0.66282794,0.36078273
2819,-0.00775831,0.29045996,1.00000000,-0.71269124,0.22343963
2820,0.00045846,0.23462593,1.00000000,-0.81167841,0.13076264
2821,-0.00298299,-0.23297133,-1.00000000,-0.35985163,-0.05412383
2822,-0.00237145,0.14960040,1.00000000,-0.96241868,-0.20722494
2823,0.00334191,-0.01063313,-1.00000000,-0.75403111,-0.17957918
2824,0.00133531,0.01784001,-1.00000000,-0.80451064,0.05819732
2825,0.00198356,0.28385343,1.00000000,-0.72440384,0.09807508
2826,0.00381947,0.19042609,1.00000000,-0.89003952,0.27594317
2827,-0.00330584,0.22060885,1.00000000,-0.83652904,0.25151120
2828,0.00172957,0.30608823,1.00000000,-0.68498415,0.20935235
2829,0.00124946,-0.02566485,-1.00000000,-0.72738163,0.20710758
2830,-0.00048371,0.20878314,1.00000000,-0.85749463,0.14259434
2831,0.00403667,0.18642894,1.00000000,-0.89712600,0.14827375
2832,0.00269105,0.10573316,-1.00000000,-0.96033485,0.30507824
2833,0.00277616,0.31620129,1.00000000,-0.66705490,0.33244391
2834,-0.00230769,0.25354953,1.00000000,-0.77812910,0.23943290
2835,-0.00006830,0.25751191,1.00000000,-0.77110426,0.25029470
2836,-0.00609025,0.02080861,-1.00000000,-0.80977362,-0.01450025
2837,0.00039578,0.12507425,-1.00000000,-0.99462432,-0.07451615
2838,-0.01220439,-0.15530663,-1.00000000,-0.49754200,-0.46622202
2839,-0.00409054,0.14668204,1.00000000,-0.96759258,-0.51283928
2840,-0.00267768,-0.43998032,-1.00000000,0.00715096,-0.58106835
2841,-0.00127398,-0.06220054,-1.00000000,-0.66260815,-0.45513423
2842,-0.00346252,0.00358195,-1.00000000,-0.77923276,-0.55601962
2843,-0.00325911,0.06893833,-1.00000000,-0.89510194,-0.32212174
2844,0.00349294,-0.03295982,-1.00000000,-0.71444850,-0.12383164
2845,-0.00233730,-0.02348936,-1.00000000,-0.73123851,-0.11493144
2846,-0.00360931,0.29088532,1.00000000,-0.71193713,-0.17599498
2847,0.01043262,0.01943012,-1.00000000,-0.80732971,0.18732999
2848,-0.00108331,-0.03979464,-1.00000000,-0.70233117,0.24422197
2849,-0.00038577,0.61399586,1.00000000,-0.13910013,0.14280274
2850,-0.00613807,0.07781551,-1.00000000,-0.91084013,0.04342164
2851,-0.00222333,0.11029286,-1.00000000,-0.96841865,0.07966176
2852,-0.00040269,-0.15753312,-1.00000000,-0.49359469,-0.20365597
2853,0.00235497,0.02473643,-1.00000000,-0.81673717,-0.11375303
2854,0.00173870,0.10950531,-1.00000000,-0.96702242,-0.05820300
2855,-0.00061544,0.23790143,1.00000000,-0.80587133,0.08620059
2856,0.00011302,0.20920819,1.00000000,-0.85674107,0.14729073
2857,-0.00419978,0.09959956,-1.00000000,-0.94946070,0.04800571
2858,0.00495482,0.13351677,1.00000000,-0.99093306,0.11598565
2859,-0.00049628,-0.06728686,-1.00000000,-0.65359071,0.05754627
2860,0.00259199,0.35895011,1.00000000,-0.59126625,0.14141301
2861,-0.00504250,0.10514793,-1.00000000,-0.95929731,0.00660836
2862,0.00011440,0.24893713,1.00000000,-0.78630634,0.11941410
2863,-0.00446729,-0.10652354,-1.00000000,-0.58402868,-0.12695162
2864,-0.00275365,0.13358102,1.00000000,-0.99081914,-0.18597660
2865,-0.00112804,-0.07974173,-1.00000000,-0.63150968,-0.28324650
2866,-0.00328563,0.00004492,-1.00000000,-0.77296203,-0.23730863
2867,0.00014165,0.07573319,-1.00000000,-0.90714842,-0.23659604
2868,-0.00171701,-0.02472413,-1.00000000,-0.72904941,-0.16468286
2869,-0.00646221,0.13484990,1.00000000,-0.98856958,-0.26165282
2870,-0.00046376,0.04831069,-1.00000000,-0.85853157,-0.24428359
2871,0.00052783,-0.17262494,-1.00000000,-0.46683867,-0.14457069
2872,0.00111905,0.10666176,-1.00000000,-0.96198115,-0.11901423
2873,-0.00079957,0.15282994,1.00000000,-0.95669307,-0.09502542
2874,-0.00125931,0.18035708,1.00000000,-0.90789070,0.04101808
2875,0.00430141,0.09102644,-1.00000000,-0.93426156,0.16561614
2876,-0.00198838,0.06962133,-1.00000000,-0.89631283,0.09982332
2877,0.00074205,0.32852766,1.00000000,-0.64520168,0.08996589
2878,0.00192539,0.03567576,-1.00000000,-0.83613132,0.16121716
2879,-0.00116931,0.16280442,1.00000000,-0.93900949,0.16357044
2880,-0.00260786,0.21790021,1.00000000,-0.84133115,-0.01709057
2881,-0.00060966,0.07381173,-1.00000000,-0.90374190,0.01895979
2882,-0.00111649,0.00683310,-1.00000000,-0.78499667,-0.02963675
2883,-0.00087787,0.09986893,-1.00000000,-0.94993826,-0.10293529
2884,0.00175556,0.07627086,-1.00000000,-0.90810166,-0.02645696
2885,-0.00005771,0.08738093,-1.00000000,-0.92779851,0.04022320
2886,-0.00215054,0.20999310,1.00000000,-0.85534952,-0.00006737
2887,0.00238624,0.12556732,-1.00000000,-0.99549847,0.09152078
2888,0.00215249,0.02812541,-1.00000000,-0.82274544,0.17075753
2889,-0.00281916,0.23935756,1.00000000,-0.80328978,0.05113940
2890,-0.00727636,0.22847410,1.00000000,-0.82258488,-0.13761118
2891,0.00491241,-0.00300528,-1.00000000,-0.76755439,0.04706832
2892,0.00602930,-0.21053197,-1.00000000,-0.39963396,0.14232575
2893,0.00034454,0.35697552,1.00000000,-0.59476698,0.09505223
2894,-0.00125963,0.40897799,1.00000000,-0.50257271,0.13583032
2895,-0.00876597,0.14429635,1.00000000,-0.97182213,0.09688069
2896,0.00436519,0.06960636,-1.00000000,-0.89628628,0.08257209
2897,0.00456239,-0.27988776,-1.00000000,-0.27667431,0.04421583
2898,-0.00288150,0.33149687,1.00000000,-0.63993762,-0.04013748
2899,-0.00400290,0.34067881,1.00000000,-0.62365913,-0.11186753
2900,0.00516657,-0.00590762,-1.00000000,-0.76240888,0.25243529
2901,0.00203863,-0.05811997,-1.00000000,-0.66984251,0.19160142
2902,0.00816659,0.36880915,1.00000000,-0.57378733,0.28584275
2903,0.00061763,0.22317285,1.00000000,-0.83198336,0.37733658
2904,-0.00258305,0.50848991,1.00000000,-0.32614979,0.41446228
2905,-0.00042809,0.15701114,1.00000000,-0.94928030,0.26817515
2906,-0.00025117,0.00798802,-1.00000000,-0.78704421,0.20830221
2907,0.00773266,0.10832253,-1.00000000,-0.96492550,0.19695598
2908,-0.00434688,0.11655993,-1.00000000,-0.97952944,0.06714584
2909,0.00172942,0.48828620,1.00000000,-0.36196858,0.17990670
2910,-0.00025066,-0.07413567,-1.00000000,-0.64144857,0.18454627
2911,-0.00252645,0.20877599,1.00000000,-0.85750732,0.12505324
2912,-0.00813072,0.11658400,-1.00000000,-0.97957212,-0.28973654
2913,-0.00066081,0.01062348,-1.00000000,-0.79171657,-0.19335442
2914,-0.00085937,-0.25031045,-1.00000000,-0.32911140,-0.26104524
2915,-0.00492403,0.09748743,-1.00000000,-0.94571614,-0.38324298
2916,0.00162128,0.08824213,-1.00000000,-0.92932531,-0.27478978
2917,0.00032577,-0.10100776,-1.00000000,-0.59380751,-0.05367266
2918,0.00718967,0.20374098,1.00000000,-0.86643378,0.15159862
2919,0.00196609,0.14342241,1.00000000,-0.97337152,0.22547789
2920,-0.00040046,0.46300435,1.00000000,-0.40679032,0.34375846
2921,0.00116120,0.21979547,1.00000000,-0.83797107,0.33172855
2922,0.00148360,0.10960888,-1.00000000,-0.96720605,0.36200289
2923,0.00439867,0.18231989,1.00000000,-0.90441086,0.28902494
2924,0.00042937,0.19733051,1.00000000,-0.87779881,0.24884335
2925,-0.00059704,0.33305594,1.00000000,-0.63717357,0.24370348
2926,-0.00131984,0.14824601,1.00000000,-0.96481985,0.17883012
2927,-0.00392417,0.10045656,-1.00000000,-0.95098005,0.03742995
2928,0.00342471,0.06680295,-1.00000000,-0.89131617,0.01196313
2929,0.00117485,-0.05445413,-1.00000000,-0.67634163,0.03145568
2930,0.00314556,0.28770836,1.00000000,-0.71756950,0.12931576
2931,-0.00064681,0.18295548,1.00000000,-0.90328403,0.14691391
2932,0.00214063,0.27471139,1.00000000,-0.74061159,0.30549393
2933,0.00010856,0.09813916,-1.00000000,-0.94687158,0.21878446
2934,0.00051860,0.22792186,1.00000000,-0.82356393,0.20162499
2935,-0.00187294,0.13330888,1.00000000,-0.99130162,0.07040307
2936,-0.00004800,0.15240042,1.00000000,-0.95745457,0.08606054
2937,-0.00157699,0.04105070,-1.00000000,-0.84566045,-0.01114632
2938,-0.00010390,0.12601968,-1.00000000,-0.99630047,-0.01670150
2939,0.00042444,0.05483018,-1.00000000,-0.87008985,-0.01916348
2940,-0.00382686,0.12341704,-1.00000000,-0.99168628,-0.07025382
2941,-0.00142124,0.14801647,1.00000000,-0.96522679,-0.10616089
2942,-0.00149868,-0.04992346,-1.00000000,-0.68437397,-0.10411333
2943,-0.00222125,0.06208164,-1.00000000,-0.88294583,-0.15947718
2944,-0.00621324,0.05847618,-1.00000000,-0.87655378,-0.33303686
2945,-0.00019981,0.02483324,-1.00000000,-0.81690880,-0.23819806
2946,0.00206713,-0.16103309,-1.00000000,-0.48738966,-0.14698550
2947,0.00128607,0.11895154,-1.00000000,-0.98376948,-0.07417089
2948,-0.00107122,0.22449955,1.00000000,-0.82963130,-0.04410013
2949,-0.00026978,0.18813373,1.00000000,-0.89410360,0.11130719
2950,0.00264989,0.07837881,-1.00000000,-0.91183881,0.18582011
2951,0.00306784,0.11569342,-1.00000000,-0.97799322,0.21198639
2952,0.00005265,0.25163319,1.00000000,-0.78152653,0.17973541
2953,-0.00050292,0.27109262,1.00000000,-0.74702726,0.19459492
2954,-0.00110960,0.13070594,1.00000000,-0.99591633,0.17263561
2955,0.00411091,0.10483845,-1.00000000,-0.95874863,0.21083765
2956,0.01113827,0.07659151,-1.00000000,-0.90867013,0.42186022
2957,-0.00264363,0.31965777,1.00000000,-0.66092696,0.35135872
2958,-0.00155138,0.64685057,1.00000000,-0.08085260,0.32394394
2959,0.00153017,0.00516723,-1.00000000,-0.78204328,0.39296774
2960,0.00020190,0.05602224,-1.00000000,-0.87220324,0.29075641
2961,0.00120521,0.19949895,1.00000000,-0.87395441,0.03103054
2962,-0.00190718,0.13765485,1.00000000,-0.98359673,0.05028704
2963,0.00133476,0.18436893,1.00000000,-0.90077815,0.12575284
2964,-0.00652334,0.03945638,-1.00000000,-0.84283391,-0.08482730
2965,-0.01000289,0.19040064,1.00000000,-0.89008465,-0.35165822
2966,0.00043253,-0.17547119,-1.00000000,-0.46179260,-0.37186204
2967,-0.00025550,-0.33747843,-1.00000000,-0.17457283,-0.32867440
2968,0.00231176,0.14839293,1.00000000,-0.96455937,-0.30312806
2969,-0.00095523,0.11635859,-1.00000000,-0.97917249,-0.15753514
2970,0.00404418,0.23588979,1.00000000,-0.80943772,0.20976233
2971,-0.00407598,0.08377928,-1.00000000,-0.92141320,0.09187541
2972,0.00728380,0.31655089,1.00000000,-0.66643508,0.28901025
2973,0.00466469,-0.06152276,-1.00000000,-0.66380977,0.35053383
2974,-0.00576485,0.46738734,1.00000000,-0.39901980,0.22477363
2975,0.00195143,0.34544194,1.00000000,-0.61521466,0.17005318
2976,-0.00087295,-0.14015599,-1.00000000,-0.52440230,0.25380483
2977,-0.01236877,0.21911275,1.00000000,-0.83918144,-0.26006341
2978,-0.00553323,0.08760987,-1.00000000,-0.92820439,-0.52671497
2979,-0.00199307,-0.44763367,-1.00000000,0.02071945,-0.42809188
2980,-0.00461178,-0.12937197,-1.00000000,-0.54352111,-0.59970436
2981,0.00163456,0.03545750,-1.00000000,-0.83574437,-0.53413872
2982,0.00137356,-0.08646951,-1.00000000,-0.61958211,-0.17480941
2983,0.00037372,0.20435953,1.00000000,-0.86533717,-0.02035652
2984,0.00648193,0.19220713,1.00000000,-0.88688196,0.20124465
2985,-0.00775980,0.14565504,1.00000000,-0.96941334,0.11893159
2986,0.00158898,0.43005229,1.00000000,-0.46521045,0.11773955
2987,-0.00250635,-0.23304051,-1.00000000,-0.35972897,0.01628918
2988,0.00709156,0.20223692,1.00000000,-0.86910031,0.19194457
2989,0.00286541,0.01155922,-1.00000000,-0.79337553,0.09738118
2990,-0.00762214,0.45843633,1.00000000,-0.41488889,0.10098049
2991,0.00336604,0.26166771,1.00000000,-0.76373651,0.14744647
2992,0.00213793,-0.22663139,-1.00000000,-0.37109160,0.26888347
2993,-0.00175418,0.28497670,1.00000000,-0.72241241,0.03758829
2994,0.00511685,0.22779637,1.00000000,-0.82378641,0.09645793
2995,-0.00270090,0.04657988,-1.00000000,-0.85546304,0.22513679
2996,0.00167482,0.36649412,1.00000000,-0.57789162,0.18091554
2997,-0.00495337,0.00250100,-1.00000000,-0.77731638,-0.00450525
2998,-0.00325527,0.20623400,1.00000000,-0.86201395,-0.04375500
2999,-0.00155968,-0.10237371,-1.00000000,-0.59138584,-0.21833044
3000,0.00131168,-0.02331030,-1.00000000,-0.73155597,-0.11341103
3001,-0.00288248,0.05563584,-1.00000000,-0.87151819,-0.23257379
3002,-0.00137815,0.18932607,1.00000000,-0.89198973,-0.13909018
3003,-0.00219848,-0.00595352,-1.00000000,-0.76232750,-0.11145767
3004,-0.00195140,0.06408816,-1.00000000,-0.88650316,-0.12170016
3005,0.00368746,0.02589361,-1.00000000,-0.81878871,-0.05957924
3006,-0.00251291,0.03739751,-1.00000000,-0.83918378,-0.04991591
3007,0.00057746,0.29994187,1.00000000,-0.69588092,0.00121869
3008,-0.00497688,0.01125352,-1.00000000,-0.79283356,-0.07142990
3009,-0.00181288,0.15514114,1.00000000,-0.95259559,-0.06780789
3010,0.00082176,-0.10346832,-1.00000000,-0.58944523,-0.14273909
3011,0.00190129,0.04384705,-1.00000000,-0.85061805,-0.02731810
3012,-0.00205532,0.16651541,1.00000000,-0.93243035,-0.09615917
3013,0.00064489,0.21677826,1.00000000,-0.84332023,0.05083673
3014,0.00280361,0.03255909,-1.00000000,-0.83060582,0.17154690
3015,0.00170303,0.15828035,1.00000000,-0.94703014,0.19458994
3016,-0.00042330,0.25878998,1.00000000,-0.76883839,0.13380731
3017,-0.00104749,0.20754708,1.00000000,-0.85968603,0.16015960
3018,0.00255157,0.10854548,-1.00000000,-0.96532076,0.21001487
3019,-0.00170257,0.07948337,-1.00000000,-0.91379706,0.09218903
3020,0.00336356,0.24705529,1.00000000,-0.78964261,0.13560812
3021,-0.00153578,0.04898303,-1.00000000,-0.85972355,0.10651951
3022,-0.00519469,0.28486141,1.00000000,-0.72261680,-0.00191995
3023,0.00139002,0.05674876,-1.00000000,-0.87349127,-0.03229182
3024,0.00398426,-0.11360967,-1.00000000,-0.57146580,0.11640543
3025,-0.00187616,0.19297352,1.00000000,-0.88552323,-0.02060077
3026,0.00080110,0.31376124,1.00000000,-0.67138080,0.04050315
3027,0.00317269,0.04090092,-1.00000000,-0.84539490,0.25929034
3028,-0.00386321,0.16555363,1.00000000,-0.93413547,0.12193096
3029,0.00095817,0.27597439,1.00000000,-0.73837244,0.04280578
3030,-0.00144086,-0.05161588,-1.00000000,-0.68137351,0.05418780
3031,-0.00121892,0.17286677,1.00000000,-0.92117014,0.00136894
3032,-0.00121813,0.06116835,-1.00000000,-0.88132668,-0.11344053
3033,0.00017951,0.07150156,-1.00000000,-0.89964624,-0.00773305
3034,0.01236782,0.07153858,-1.00000000,-0.89971188,0.29060213
3035,-0.00135517,0.13661245,1.00000000,-0.98544479,0.29284269
3036,-0.00011196,0.70409820,1.00000000,0.02064071,0.32178710
3037,-0.00048456,0.06515801,-1.00000000,-0.88839988,0.34096811
3038,0.00191972,0.12304151,-1.00000000,-0.99102052,0.38647038
3039,0.00247042,0.10569330,-1.00000000,-0.96026418,0.12767695
3040,0.00018780,0.21763620,1.00000000,-0.84179920,0.16802204
3041,0.00228518,0.24327690,1.00000000,-0.79634126,0.23070152
3042,0.00221083,0.13699861,1.00000000,-0.98476016,0.30117965
3043,0.00304786,0.23465192,1.00000000,-0.81163234,0.33067780
3044,0.00312796,0.23119040,1.00000000,-0.81776920,0.34787087
3045,-0.00387584,0.27016216,1.00000000,-0.74867686,0.24161632
3046,-0.00094226,0.27389180,1.00000000,-0.74206464,0.15722661
3047,0.00074123,-0.05220388,-1.00000000,-0.68033105,0.11880000
3048,0.00132356,0.08438313,-1.00000000,-0.92248376,0.07371369
3049,-0.00113264,0.16276595,1.00000000,-0.93907770,-0.03769098
3050,0.00011743,0.18987908,1.00000000,-0.89100930,0.06672336
3051,0.00256618,0.07551873,-1.00000000,-0.90676822,0.15846069
3052,0.00767643,0.13372184,1.00000000,-0.99056950,0.33979969
3053,0.00301175,0.24773546,1.00000000,-0.78843675,0.38394202
3054,0.00384499,0.48566780,1.00000000,-0.36661070,0.51409527
3055,0.00138405,0.26848126,1.00000000,-0.75165690,0.54721458
3056,-0.00113725,0.30727650,1.00000000,-0.68287749,0.45037863
3057,-0.00224367,0.19269583,1.00000000,-0.88601554,0.19099171
3058,-0.00367321,0.07530424,-1.00000000,-0.90638795,0.01619570
3059,0.00156654,0.02378970,-1.00000000,-0.81505874,-0.04338040
3060,0.00518384,-0.04276977,-1.00000000,-0.69705662,0.05597494
3061,0.00329153,0.20119214,1.00000000,-0.87095258,0.17177708
3062,-0.00279329,0.36961321,1.00000000,-0.57236183,0.15740567
3063,0.00023014,0.28150766,1.00000000,-0.72856262,0.25946899
3064,0.00129814,-0.00180079,-1.00000000,-0.76968981,0.25245095
3065,-0.00018224,0.13896958,1.00000000,-0.98126587,0.11214081
3066,0.00464440,0.18869545,1.00000000,-0.89310774,0.14751514
3067,-0.00131196,0.11976955,-1.00000000,-0.98521972,0.18624849
3068,0.00826182,0.34449706,1.00000000,-0.61688982,0.39625802
