seq_idx,target_return,feat_logret,feat_sign,feat_absret,feat_rollmean
0,0.00150966,-0.26196627,1.00000000,-1.00000000,-0.17074229
1,0.00116112,-0.27066780,-1.00000000,-0.98626703,-0.07657074
2,0.00063184,-0.18234132,1.00000000,-0.87380812,-0.07010014
3,0.00219023,-0.20072895,1.00000000,-0.90294935,0.00544956
4,-0.00116486,-0.22865126,1.00000000,-0.94720141,-0.02905877
5,-0.00079756,-0.14643754,1.00000000,-0.81690678,-0.10865644
6,0.00025488,-0.32343708,-1.00000000,-0.90263678,-0.13992092
7,-0.00056020,-0.30406012,-1.00000000,-0.93334594,-0.18104571
8,-0.00194971,-0.24853782,1.00000000,-0.97871821,-0.32387106
9,0.00792466,-0.29153825,-1.00000000,-0.95319095,-0.01028846
10,-0.00093420,-0.36484253,-1.00000000,-0.83701624,-0.01500232
11,-0.00061696,0.15608566,1.00000000,-0.33745942,-0.04508038
12,0.00321854,-0.31126843,-1.00000000,-0.92192200,0.08528385
13,0.00400851,-0.29453245,-1.00000000,-0.94844566,0.29083876
14,-0.00077943,-0.09218850,1.00000000,-0.73093136,-0.00944671
15,0.00413404,-0.05051304,1.00000000,-0.66488291,0.16540415
16,-0.00035762,-0.30310344,-1.00000000,-0.93486210,0.17435128
17,0.00376507,-0.04389084,1.00000000,-0.65438786,0.19320638
18,-0.00027986,-0.28085071,-1.00000000,-0.97012887,0.04526043
19,0.00316709,-0.06335576,1.00000000,-0.68523641,0.18141267
20,-0.00257692,-0.27674832,-1.00000000,-0.97663045,-0.05011112
21,-0.00154605,-0.09490281,1.00000000,-0.73523308,-0.09111127
22,0.00457063,-0.39793128,-1.00000000,-0.78457626,-0.06332025
23,0.00016301,-0.34354712,-1.00000000,-0.87076581,-0.04804165
24,-0.00646037,-0.02085842,1.00000000,-0.61788543,-0.38018286
25,-0.00281193,-0.25338466,1.00000000,-0.98639961,-0.38829050
26,0.00283345,-0.60280494,-1.00000000,-0.45988666,-0.23720044
27,0.00267143,-0.41032927,-1.00000000,-0.76492756,-0.30272151
28,0.00100309,-0.11250394,1.00000000,-0.76312784,-0.27373938
29,-0.00035206,-0.12105163,1.00000000,-0.77667447,-0.06300654
30,-0.00281834,-0.20906590,1.00000000,-0.91616199,-0.06322777
31,-0.00257476,-0.28055749,-1.00000000,-0.97059357,-0.24980769
32,0.00212413,-0.41066757,-1.00000000,-0.76439142,-0.26868917
33,0.00164552,-0.39781734,-1.00000000,-0.78475682,-0.24652583
34,0.00613455,-0.14992471,1.00000000,-0.82243335,-0.02274183
35,0.00501641,-0.17517427,1.00000000,-0.86244957,0.24755220
36,0.00707883,0.06164746,1.00000000,-0.48712777,0.58059491
37,-0.00643229,0.00265936,1.00000000,-0.58061378,0.28540389
38,0.00150199,0.11146333,1.00000000,-0.40817816,0.28045228
39,-0.00694527,-0.60132352,-1.00000000,-0.46223446,-0.17079342
40,0.00190210,-0.18274614,1.00000000,-0.87444968,-0.27823519
41,0.00223420,-0.62838629,-1.00000000,-0.41934460,-0.44537184
42,-0.00233124,-0.16163794,1.00000000,-0.84099681,-0.30388836
43,0.00288056,-0.14411789,1.00000000,-0.81323054,-0.25632867
44,-0.00083444,-0.38497048,-1.00000000,-0.80511689,-0.04550885
45,-0.00985189,-0.11001903,1.00000000,-0.75918970,-0.45101421
46,-0.01016652,-0.30600585,-1.00000000,-0.93026229,-0.87883112
47,-0.00101296,-0.78172670,-1.00000000,-0.17632636,-0.83335130
48,0.00501055,-0.79832492,-1.00000000,-0.15002105,-0.75986777
49,-0.00024257,-0.31542386,-1.00000000,-0.91533636,-0.73944856
50,-0.00372527,0.00235016,1.00000000,-0.58110381,-0.52808385
51,-0.00357133,-0.27478130,-1.00000000,-0.97974784,-0.30055396
52,0.01057635,-0.45851303,-1.00000000,-0.68856458,0.09927011
53,-0.00350375,-0.45039184,-1.00000000,-0.70143527,-0.19446778
54,-0.00530611,0.29597721,1.00000000,-0.11575532,-0.36915668
55,-0.00313047,-0.44682655,-1.00000000,-0.70708565,-0.34863670
56,0.00173331,-0.54191123,-1.00000000,-0.55639274,-0.16562996
57,0.00090223,-0.42713440,-1.00000000,-0.73829433,-0.49938109
58,-0.00382433,-0.17054245,1.00000000,-0.85510894,-0.51044104
59,0.00348959,-0.21438676,1.00000000,-0.92459464,-0.20699509
60,0.00070545,-0.46373916,-1.00000000,-0.68028207,-0.07465814
61,0.00022361,-0.07788919,1.00000000,-0.70826941,-0.12674182
62,-0.00250237,-0.22476802,1.00000000,-0.94104715,-0.24419831
63,0.00139091,-0.25018752,1.00000000,-0.98133270,-0.06427576
64,-0.01013140,-0.39399831,-1.00000000,-0.79080933,-0.53419119
65,-0.00061140,-0.18860606,1.00000000,-0.88373665,-0.57962181
66,-0.00299865,-0.79647223,-1.00000000,-0.15295723,-0.69078791
67,-0.00091804,-0.29423940,-1.00000000,-0.94891010,-0.63612974
68,-0.00081889,-0.42017997,-1.00000000,-0.74931590,-0.71236645
69,0.00001027,-0.31041639,-1.00000000,-0.92327234,-0.36248528
70,0.00437679,-0.30518534,-1.00000000,-0.93156265,-0.19039578
71,-0.00019072,-0.26144262,1.00000000,-0.99917010,-0.09352402
72,0.00182535,-0.03108440,1.00000000,-0.63409184,0.00112129
73,0.00149303,-0.27204606,-1.00000000,-0.98408272,0.08088117
74,0.00119106,-0.16568712,1.00000000,-0.84741407,0.12161766
75,-0.00066334,-0.18321851,1.00000000,-0.87519830,-0.05226366
76,-0.00230278,-0.19914939,1.00000000,-0.90044602,-0.12512843
77,0.00284565,-0.29697940,-1.00000000,-0.94456766,-0.08992860
78,-0.00213084,-0.38346907,-1.00000000,-0.80749637,-0.21494988
79,-0.00129528,-0.11186042,1.00000000,-0.76210797,-0.30072706
80,-0.00075674,-0.37439795,-1.00000000,-0.82187255,-0.30394939
81,0.00181493,-0.33031772,-1.00000000,-0.89173214,-0.16189091
82,-0.00131825,-0.30190691,-1.00000000,-0.93675840,-0.30554271
83,-0.00336636,-0.16623677,1.00000000,-0.84828516,-0.34816736
84,-0.00031597,-0.33152920,-1.00000000,-0.88981216,-0.31438183
85,0.00339554,-0.43957850,-1.00000000,-0.71857256,-0.17113063
86,0.00438176,-0.27865372,-1.00000000,-0.97361072,-0.08257647
87,-0.00098392,-0.08285072,1.00000000,-0.71613259,-0.07104233
88,0.00192428,-0.03082195,1.00000000,-0.63367591,0.11148141
89,-0.00787252,-0.31389147,-1.00000000,-0.91776493,-0.14921477
90,-0.00213513,-0.16046772,1.00000000,-0.83914221,-0.34001931
91,-0.00073862,-0.67730387,-1.00000000,-0.34181864,-0.51666919
92,-0.00217127,-0.37462430,-1.00000000,-0.82151383,-0.55763230
93,0.00085446,-0.30095058,-1.00000000,-0.93827403,-0.59454055
94,0.00542852,-0.37653124,-1.00000000,-0.81849164,-0.13566294
95,-0.00305447,-0.21690689,1.00000000,-0.92858861,-0.16737957
96,-0.00246629,0.02440040,1.00000000,-0.54615796,-0.22698320
97,0.00018223,-0.42312458,-1.00000000,-0.74464919,-0.14578895
98,0.00203901,-0.39209497,-1.00000000,-0.79382581,-0.10492258
99,0.00132502,-0.25237100,1.00000000,-0.98479315,-0.24649070
100,-0.00015713,-0.15441505,1.00000000,-0.82954976,-0.14653432
101,0.00085012,-0.19208206,1.00000000,-0.88924552,-0.03212044
102,0.00327905,-0.27027377,-1.00000000,-0.98689151,0.07471813
103,-0.00922393,-0.21713609,1.00000000,-0.92895186,-0.31384625
104,-0.00250537,-0.08899611,1.00000000,-0.72587197,-0.44599248
105,-0.00465226,-0.74859808,-1.00000000,-0.22882954,-0.60107174
106,0.00769340,-0.39415680,-1.00000000,-0.79055816,-0.36498285
107,0.01175015,-0.50741714,-1.00000000,-0.61105996,-0.07273532
108,-0.00194101,0.14388519,1.00000000,-0.35679507,0.17852066
109,0.00193198,0.35790158,1.00000000,-0.01761582,0.33160647
110,-0.00142256,-0.36438366,-1.00000000,-0.83774348,0.44302905
111,-0.00187587,-0.16006177,1.00000000,-0.83849885,0.11289541
112,0.00315030,-0.33703248,-1.00000000,-0.88109040,-0.18379387
113,-0.00322304,-0.36094700,-1.00000000,-0.84318999,-0.22802297
114,0.00200785,-0.09578831,1.00000000,-0.73663644,-0.22540559
115,0.00214095,-0.43201771,-1.00000000,-0.73055511,-0.10246663
116,0.00540313,-0.15605934,1.00000000,-0.83215569,0.14865435
117,0.00109604,-0.14903727,1.00000000,-0.82102691,0.07778341
118,-0.00195318,0.02306099,1.00000000,-0.54828069,0.12159280
119,-0.01053468,-0.20416240,1.00000000,-0.90839078,-0.31111641
120,0.01056910,-0.36502548,-1.00000000,-0.83672631,-0.02035063
121,-0.00137243,-0.81774755,-1.00000000,-0.11923950,-0.25410320
122,-0.00359173,0.29559457,1.00000000,-0.11636174,-0.41582830
123,-0.00457966,-0.33438765,-1.00000000,-0.88528201,-0.50644010
124,0.00073614,-0.45146843,-1.00000000,-0.69972906,-0.11760400
125,0.00478243,-0.50358679,-1.00000000,-0.61713040,-0.31724039
126,-0.00085126,-0.22314903,1.00000000,-0.93848133,-0.29926032
127,0.00917845,-0.00968445,1.00000000,-0.60017660,0.14130289
128,0.00171496,-0.30689297,-1.00000000,-0.92885636,0.35846324
129,0.00510995,0.22222991,1.00000000,-0.23263213,0.50935685
130,-0.00009321,-0.17151055,1.00000000,-0.85664320,0.34115038
131,-0.00061957,0.00759374,1.00000000,-0.57279363,0.34914357
132,0.00206304,-0.26690161,-1.00000000,-0.99223579,0.10366661
133,0.00248094,-0.29466999,-1.00000000,-0.94822768,0.13009233
134,-0.00343898,-0.15314738,1.00000000,-0.82754072,-0.16484019
135,0.00696267,-0.13110099,1.00000000,-0.79260098,0.07858317
136,-0.00045291,-0.44340976,-1.00000000,-0.71250066,0.08433278
137,0.00513316,0.10533536,1.00000000,-0.41788993,0.19024989
138,-0.00200859,-0.28587783,-1.00000000,-0.96216175,0.03536404
139,0.00170999,0.00881843,1.00000000,-0.57085271,0.21300008
140,-0.00125260,-0.36794859,-1.00000000,-0.83209367,-0.07042173
141,0.00883283,-0.17177313,1.00000000,-0.85705935,0.24993019
142,-0.00838087,-0.32806625,-1.00000000,-0.89530034,-0.21629525
143,-0.00366858,0.20399641,1.00000000,-0.26152911,-0.27356400
144,-0.00134648,-0.70412197,-1.00000000,-0.29931655,-0.37901013
145,0.00546979,-0.45552255,-1.00000000,-0.69330398,-0.14709166
146,0.00218578,-0.33301874,-1.00000000,-0.88745150,-0.37641062
147,-0.00003869,0.02657772,1.00000000,-0.54270728,-0.08861061
148,-0.00004462,-0.14667246,1.00000000,-0.81727909,0.03641391
149,-0.00419213,-0.26402533,-1.00000000,-0.99679420,-0.06175915
150,-0.00351336,-0.26433814,-1.00000000,-0.99629846,-0.37167229
151,-0.01397576,-0.48314255,-1.00000000,-0.64953101,-0.92923517
152,0.00548747,-0.44733378,-1.00000000,-0.70628177,-0.73858638
153,-0.00728472,-0.99928381,-1.00000000,0.16846431,-0.98836543
154,0.00020605,0.02751008,1.00000000,-0.54122966,-0.83663095
155,0.00107703,-0.64629408,-1.00000000,-0.39096384,-0.67826525
156,0.00634168,-0.25111394,1.00000000,-0.98280091,0.02267366
157,0.00281262,-0.20516488,1.00000000,-0.90997954,-0.06960682
158,-0.00705817,0.07257462,1.00000000,-0.46981009,-0.06179102
159,0.00612536,-0.11360294,1.00000000,-0.76486958,0.14242129
160,-0.00361203,-0.63434234,-1.00000000,-0.40990529,-0.01934853
161,-0.00287291,0.06116246,1.00000000,-0.48789640,-0.33724613
162,0.00272394,-0.45253928,-1.00000000,-0.69803194,-0.34030567
163,0.00389747,-0.41354652,-1.00000000,-0.75982878,0.03765695
164,0.00214709,-0.11828151,1.00000000,-0.77228431,-0.09959085
165,0.00037610,-0.05637126,1.00000000,-0.67416719,0.03799720
166,0.00365199,-0.14871348,1.00000000,-0.82051376,0.26310234
167,0.00060264,-0.24214304,1.00000000,-0.96858358,0.18991878
168,0.00106284,-0.06932131,1.00000000,-0.69469079,0.09212579
169,0.00033920,-0.23019201,1.00000000,-0.94964324,0.02975488
170,-0.00015424,-0.20591388,1.00000000,-0.91116658,0.01145857
171,0.00003306,-0.24408954,1.00000000,-0.97166844,-0.11339237
172,-0.00094272,-0.27012130,-1.00000000,-0.98713314,-0.16670625
173,-0.00364744,-0.26024027,1.00000000,-0.99726459,-0.32920789
174,0.00252455,-0.31171827,-1.00000000,-0.92120909,-0.25381484
175,0.00210650,-0.45440737,-1.00000000,-0.69507134,-0.17582072
176,0.00015348,-0.12880034,1.00000000,-0.78895485,-0.17166628
177,0.00084994,-0.15085464,1.00000000,-0.82390712,-0.10982049
178,0.00313345,-0.25388741,1.00000000,-0.98719638,0.12411611
179,-0.00080594,-0.21714522,1.00000000,-0.92896632,0.00921619
180,-0.00140769,-0.09667730,1.00000000,-0.73804535,-0.11202123
181,-0.00147086,-0.30450246,-1.00000000,-0.93264490,-0.16805998
182,0.00056749,-0.33624790,-1.00000000,-0.88233383,-0.17780453
183,-0.00078308,-0.33958047,-1.00000000,-0.87705227,-0.31292250
184,0.00122149,-0.23204634,1.00000000,-0.95258203,-0.24297736
185,-0.00439107,-0.30329636,-1.00000000,-0.93455636,-0.34590204
186,-0.00020147,-0.19754409,1.00000000,-0.89790190,-0.30210902
187,0.00060527,-0.49363777,-1.00000000,-0.63289790,-0.30080541
188,-0.00118343,-0.27261327,-1.00000000,-0.98318379,-0.31461725
189,-0.00049532,-0.23005290,1.00000000,-0.94942277,-0.37384602
190,-0.00044358,-0.32441708,-1.00000000,-0.90108366,-0.23766026
191,0.00400867,-0.28811526,-1.00000000,-0.95861580,-0.09241289
192,0.00037136,-0.28538588,-1.00000000,-0.96294141,-0.10048265
193,-0.00117773,-0.05050459,1.00000000,-0.66486952,-0.10028583
194,-0.00081568,-0.24239297,1.00000000,-0.96897967,-0.11133795
195,0.00060004,-0.32411610,-1.00000000,-0.90156065,-0.07533373
196,0.00131564,-0.30501590,-1.00000000,-0.93183119,-0.16824151
197,-0.00011897,-0.23032911,1.00000000,-0.94986052,-0.18515768
198,0.00294019,-0.19257687,1.00000000,-0.89002970,-0.04309211
199,-0.00124134,-0.26826076,-1.00000000,-0.99008178,-0.05777729
200,-0.00165449,-0.10687295,1.00000000,-0.75420369,-0.13555709
201,-0.00932461,-0.32747212,-1.00000000,-0.89624193,-0.50263897
202,-0.00060755,-0.34926804,-1.00000000,-0.86169915,-0.51949449
203,0.00043614,-0.75390940,-1.00000000,-0.22041202,-0.60588272
204,-0.00453404,-0.29403580,-1.00000000,-0.94923277,-0.71947876
205,0.00378178,-0.23897570,1.00000000,-0.96356388,-0.53193091
206,-0.00614147,-0.50118037,-1.00000000,-0.62094417,-0.42211471
207,-0.00113272,-0.06247451,1.00000000,-0.68383979,-0.44023307
208,0.00369368,-0.58598119,-1.00000000,-0.48654942,-0.32785010
209,0.00250791,-0.32174194,-1.00000000,-0.90532328,-0.08490716
210,0.00029423,-0.06712243,1.00000000,-0.69120595,-0.20522550
211,-0.00093053,-0.12967804,1.00000000,-0.79034586,-0.02545150
212,-0.00323562,-0.24646234,1.00000000,-0.97542892,-0.09800000
213,-0.00171769,-0.31107524,-1.00000000,-0.92222818,-0.28468862
214,-0.00117435,-0.43268132,-1.00000000,-0.72950341,-0.41172432
215,0.00303136,-0.35260204,-1.00000000,-0.85641532,-0.31729508
216,-0.00527003,-0.32393790,-1.00000000,-0.90184306,-0.46700494
217,0.00038653,-0.10206347,1.00000000,-0.74658150,-0.34204312
218,0.00512567,-0.54000786,-1.00000000,-0.55940926,-0.10595176
219,-0.00060670,-0.24159279,1.00000000,-0.96771153,-0.08636828
220,0.00082450,0.00842302,1.00000000,-0.57147937,-0.16250344
221,0.00065474,-0.29399132,-1.00000000,-0.94930325,0.04189725
222,-0.00016393,-0.21848747,1.00000000,-0.93109356,0.02290670
223,0.00039114,-0.22744339,1.00000000,-0.94528715,-0.14043145
224,0.00259270,-0.27063268,-1.00000000,-0.98632270,-0.03005413
225,0.00068796,-0.24134963,1.00000000,-0.96732616,-0.03476458
226,-0.00351066,-0.12520506,1.00000000,-0.78325695,-0.17846815
227,-0.00061693,-0.22569058,1.00000000,-0.94250926,-0.19409645
228,0.00059005,-0.44719133,-1.00000000,-0.70650754,-0.18723402
229,-0.00235279,-0.29453109,-1.00000000,-0.94844782,-0.35785039
230,-0.00336457,-0.23085576,1.00000000,-0.95069518,-0.49766015
231,0.00209455,-0.38610739,-1.00000000,-0.80331510,-0.30428396
232,-0.00022441,-0.43948421,-1.00000000,-0.71872200,-0.29074221
233,-0.00333201,-0.15148525,1.00000000,-0.82490653,-0.42605084
234,-0.00166899,-0.27382339,-1.00000000,-0.98126597,-0.40246011
235,0.00196345,-0.43776637,-1.00000000,-0.72144448,-0.21864681
236,0.00144545,-0.35003303,-1.00000000,-0.86048676,-0.24104027
237,-0.00275897,-0.15840145,1.00000000,-0.83586753,-0.32848097
238,0.00148211,-0.18572877,1.00000000,-0.87917665,-0.16239710
239,0.00122817,-0.40753555,-1.00000000,-0.76935514,-0.06244687
240,0.00292671,-0.18379501,1.00000000,-0.87611197,-0.02921516
241,0.00159763,-0.19719162,1.00000000,-0.89734329,-0.02396524
242,0.00180396,-0.10758434,1.00000000,-0.75533113,0.13345292
243,-0.00072169,-0.17770072,1.00000000,-0.86645356,0.05742335
244,0.00057558,-0.16681561,1.00000000,-0.84920252,0.03490946
245,0.00137259,-0.30005755,-1.00000000,-0.93968932,-0.01870660
246,0.00350909,-0.23161930,1.00000000,-0.95190525,0.04723765
247,-0.00325254,-0.18957269,1.00000000,-0.88526859,-0.12720836
248,-0.00066142,-0.07686041,1.00000000,-0.70663897,-0.12512921
249,0.00064487,-0.43357412,-1.00000000,-0.72808847,-0.12273880
250,0.00353530,-0.29687817,-1.00000000,-0.94472810,-0.04812666
251,-0.00000718,-0.22796394,1.00000000,-0.94611214,-0.16943572
252,0.00050739,-0.07547764,1.00000000,-0.70444752,-0.03972061
253,-0.00108327,-0.26236322,-1.00000000,-0.99942836,-0.05427421
254,-0.00087742,-0.23521699,1.00000000,-0.95760698,-0.10679237
255,-0.00141082,-0.31913317,-1.00000000,-0.90945773,-0.27743042
256,0.00026745,-0.30827341,-1.00000000,-0.92666860,-0.26795595
257,-0.00087707,-0.33641312,-1.00000000,-0.88207198,-0.31571883
258,0.00137512,-0.24787510,1.00000000,-0.97766791,-0.23090574
259,0.00010766,-0.30825480,-1.00000000,-0.92669809,-0.19692100
260,0.00262005,-0.18943910,1.00000000,-0.88505688,-0.05785859
261,0.00019533,-0.25630478,1.00000000,-0.99102751,-0.06034671
262,0.00321228,-0.12376233,1.00000000,-0.78097046,0.08073347
263,-0.00127676,-0.25167987,1.00000000,-0.98369782,-0.01075470
264,0.00057230,-0.09251849,1.00000000,-0.73145434,0.00527510
265,-0.00057708,-0.32934054,-1.00000000,-0.89328080,-0.10502390
266,-0.00421046,-0.23179242,1.00000000,-0.95217962,-0.25702076
267,0.00172876,-0.29242883,-1.00000000,-0.95177954,-0.30820152
268,-0.00026156,-0.48410971,-1.00000000,-0.64799823,-0.27317770
269,0.00024964,-0.17078284,1.00000000,-0.85548991,-0.28430927
270,-0.00241261,-0.27578298,-1.00000000,-0.97816035,-0.34763375
271,-0.00115505,-0.24881454,1.00000000,-0.97915676,-0.24222404
272,0.00035484,-0.38926305,-1.00000000,-0.79831391,-0.28962330
273,0.00069407,-0.32291979,-1.00000000,-0.90345660,-0.25665468
274,0.00173545,-0.24326461,1.00000000,-0.97036108,-0.20539501
275,0.00148890,-0.22536819,1.00000000,-0.94199831,-0.07079527
276,-0.00339375,-0.17042951,1.00000000,-0.85492995,-0.14802881
277,0.00105276,-0.18343648,1.00000000,-0.87554375,-0.12395086
278,-0.00239911,-0.44102339,-1.00000000,-0.71628266,-0.23066368
279,0.00010852,-0.20644522,1.00000000,-0.91200866,-0.28679205
280,0.00097996,-0.38855078,-1.00000000,-0.79944273,-0.30435023
281,0.00000773,-0.25625962,1.00000000,-0.99095593,-0.18700140
282,-0.00037506,-0.21028602,1.00000000,-0.91809567,-0.23626025
283,-0.00019576,-0.26157645,1.00000000,-0.99938221,-0.16024619
284,-0.00176517,-0.28177065,-1.00000000,-0.96867092,-0.22488711
285,0.00264149,-0.27231196,-1.00000000,-0.98366132,-0.16756552
286,0.00011255,-0.35510691,-1.00000000,-0.85244554,-0.16394924
287,0.00000422,-0.12263127,1.00000000,-0.77917793,-0.15086451
288,-0.00437236,-0.25604653,1.00000000,-0.99061822,-0.29495456
289,0.00115384,-0.26176180,1.00000000,-0.99967595,-0.19425048
290,0.00143363,-0.49265089,-1.00000000,-0.63446192,-0.23592066
291,0.00168394,-0.20111271,1.00000000,-0.90355755,-0.18170880
292,0.00128332,-0.18635228,1.00000000,-0.88016480,-0.13758073
293,0.00939292,-0.17314710,1.00000000,-0.85923685,0.33731284
294,-0.00344891,-0.19428226,1.00000000,-0.89273245,0.17852067
295,-0.00566275,0.23354460,1.00000000,-0.21470029,-0.06629989
296,0.00400209,-0.44393378,-1.00000000,-0.71167018,0.01367476
297,-0.00157308,-0.56072581,-1.00000000,-0.52657485,-0.08486915
298,-0.00046283,-0.05085184,1.00000000,-0.66541985,-0.42488639
299,-0.00558806,-0.34497316,-1.00000000,-0.86850578,-0.49868561
300,0.00088421,-0.28640135,-1.00000000,-0.96133206,-0.27281988
301,0.00311143,-0.55678572,-1.00000000,-0.53281922,-0.30354710
302,-0.00005013,-0.21533753,1.00000000,-0.92610144,-0.25100610
303,0.00078806,-0.09783914,1.00000000,-0.73988666,-0.20785127
304,0.00288028,-0.26462878,-1.00000000,-0.99583785,0.08430098
305,0.00111060,-0.22041004,1.00000000,-0.93414051,0.09211131
306,-0.00436788,-0.11003373,1.00000000,-0.75921300,-0.16592026
307,-0.00463861,-0.20339416,1.00000000,-0.90717325,-0.32422009
308,0.00115369,-0.49241463,-1.00000000,-0.63483635,-0.31160596
309,-0.00227514,-0.50669696,-1.00000000,-0.61220132,-0.48946459
310,0.00530144,-0.20112082,1.00000000,-0.90357040,-0.34488337
311,-0.00140146,-0.38201075,-1.00000000,-0.80980756,-0.24254361
312,-0.01222344,0.01769586,1.00000000,-0.55678351,-0.50421558
313,-0.01237918,-0.33591921,-1.00000000,-0.88285475,-0.97109094
314,-0.00012237,-0.90683925,-1.00000000,0.02195556,-0.89682174
315,0.00431852,-0.91505506,-1.00000000,0.03497621,-0.93073152
316,0.00348931,-0.26844012,-1.00000000,-0.98979753,-0.76200325
317,0.00263821,-0.03415814,1.00000000,-0.63896320,-0.24928545
318,-0.00429308,-0.07790411,1.00000000,-0.70829306,0.02967981
319,-0.00291065,-0.12280390,1.00000000,-0.77945152,-0.06651422
320,0.00142981,-0.48846829,-1.00000000,-0.64109063,-0.16617298
321,-0.00217975,-0.41553764,-1.00000000,-0.75667319,-0.36175174
322,0.00352534,-0.18655385,1.00000000,-0.88048425,-0.33114655
323,-0.00654843,-0.37697831,-1.00000000,-0.81778311,-0.40895459
324,0.00219257,-0.07600321,1.00000000,-0.70528046,-0.23289662
325,0.00136298,-0.60745041,-1.00000000,-0.45252439,-0.23520242
326,0.00263353,-0.14631415,1.00000000,-0.81671124,-0.06914728
327,-0.00116982,-0.19007982,1.00000000,-0.88607231,-0.23112727
328,0.00299437,-0.12305091,1.00000000,-0.77984299,0.09809328
329,-0.00050059,-0.32369900,-1.00000000,-0.90222168,0.00518105
330,0.00165478,-0.10401449,1.00000000,-0.74967353,0.01524800
331,0.00497415,-0.28839324,-1.00000000,-0.95817526,0.09599772
332,-0.00189574,-0.17468569,1.00000000,-0.86167525,0.07095399
333,0.00431485,0.00042956,1.00000000,-0.58414763,0.11650970
334,0.00995751,-0.36199525,-1.00000000,-0.84152869,0.47730744
335,0.00270998,-0.03435183,1.00000000,-0.63927016,0.51371125
336,-0.00455841,0.26332973,1.00000000,-0.16749597,0.18484403
337,0.00266066,-0.11901787,1.00000000,-0.77345131,0.34203693
338,-0.00354936,-0.50246606,-1.00000000,-0.61890657,0.07072648
339,0.00544207,-0.12161976,1.00000000,-0.77757485,-0.08505348
340,-0.00566189,-0.44923305,-1.00000000,-0.70327175,-0.37387782
341,-0.00590568,0.02511486,1.00000000,-0.54502566,-0.42035760
342,-0.00304552,-0.56068090,-1.00000000,-0.52664604,-0.61721717
343,0.01888566,-0.57354179,-1.00000000,-0.50626374,0.15677692
344,-0.00446152,-0.42265254,-1.00000000,-0.74539730,-0.18489053
345,0.00160971,0.73433954,1.00000000,0.57897376,0.06597507
346,-0.00083101,-0.49735453,-1.00000000,-0.62700746,0.24104781
347,0.00708442,-0.17706345,1.00000000,-0.86544359,0.59052432
348,-0.00019425,-0.30582488,-1.00000000,-0.93054910,-0.06772045
349,0.00385578,0.11175828,1.00000000,-0.40771070,0.21922125
350,-0.00042258,-0.27223206,-1.00000000,-0.98378796,0.14910881
351,-0.00341781,-0.05857039,1.00000000,-0.67765242,0.05986600
352,0.00099478,-0.28427766,-1.00000000,-0.96469775,-0.15022285
353,0.00127286,-0.44229278,-1.00000000,-0.71427088,-0.09960841
354,-0.00267450,-0.20950438,1.00000000,-0.91685690,-0.32489884
355,-0.00295687,-0.19483370,1.00000000,-0.89360640,-0.41233046
356,0.00158352,-0.40307894,-1.00000000,-0.77641810,-0.23978795
357,-0.00042821,-0.41797591,-1.00000000,-0.75280895,-0.28887998
358,-0.00401103,-0.17844506,1.00000000,-0.86763321,-0.47117083
359,0.00184442,-0.28457470,-1.00000000,-0.96422699,-0.31527099
360,-0.00151429,-0.47358835,-1.00000000,-0.66467279,-0.26550273
361,0.00636582,-0.16468077,1.00000000,-0.84581917,-0.10051643
362,-0.00114389,-0.34187152,-1.00000000,-0.87342136,-0.12520694
363,0.00303221,0.07384791,1.00000000,-0.46779215,0.11778005
364,-0.00382141,-0.32233082,-1.00000000,-0.90439002,-0.07768748
365,-0.00526038,-0.10201866,1.00000000,-0.74651048,-0.20692544
366,0.00173216,-0.46358488,-1.00000000,-0.68052656,-0.36678373
367,0.00329021,-0.53949901,-1.00000000,-0.56021570,-0.21381004
368,-0.00107236,-0.17060343,1.00000000,-0.85520557,-0.35541488
369,0.00020135,-0.08840724,1.00000000,-0.72493872,-0.21663225
370,0.00143909,-0.31855727,-1.00000000,-0.91037044,0.01449538
371,0.00529999,-0.25136192,1.00000000,-0.98319391,0.13758323
372,-0.00334579,-0.18606436,1.00000000,-0.87970849,-0.09135478
373,-0.00045737,0.01761946,1.00000000,-0.55690459,-0.07013799
374,0.00388352,-0.43849357,-1.00000000,-0.72029198,0.05689444
375,-0.00178559,-0.28611308,-1.00000000,-0.96178891,-0.05435515
376,0.00059917,-0.05710707,1.00000000,-0.67533332,-0.21653051
377,0.00167034,-0.35618448,-1.00000000,-0.85073777,-0.04347715
378,-0.00295401,-0.23037509,1.00000000,-0.94993339,-0.12960959
379,-0.00126030,-0.17386466,1.00000000,-0.86037406,-0.30706822
380,0.00256782,-0.41782468,-1.00000000,-0.75304863,-0.15687814
381,-0.00048768,-0.32847240,-1.00000000,-0.89465666,-0.19437346
382,0.00066139,-0.12651753,1.00000000,-0.78533698,-0.22918164
383,0.00188482,-0.28771201,-1.00000000,-0.95925488,-0.06224517
384,-0.00095804,-0.22709246,1.00000000,-0.94473098,-0.05181715
385,-0.00367159,-0.16254957,1.00000000,-0.84244159,-0.26707287
386,-0.00077326,-0.31252613,-1.00000000,-0.91992877,-0.27692527
387,0.00153430,-0.45568125,-1.00000000,-0.69305246,-0.24681045
388,-0.00031074,-0.30277805,-1.00000000,-0.93537780,-0.32255581
389,0.00391855,-0.18104163,1.00000000,-0.87174832,-0.15431666
390,-0.00065823,-0.27837750,-1.00000000,-0.97404849,-0.05035770
391,-0.00059897,-0.05525899,1.00000000,-0.67240443,-0.04434495
392,0.00508690,-0.29670977,-1.00000000,-0.94499497,0.07821755
393,0.00064405,-0.29358350,-1.00000000,-0.94994958,0.11115703
394,-0.00174351,0.00637791,1.00000000,-0.57472052,-0.08418061
395,0.00015773,-0.22800726,1.00000000,-0.94618079,-0.05603057
396,-0.00702132,-0.35396447,-1.00000000,-0.85425611,-0.27759757
397,0.00292549,-0.25366344,1.00000000,-0.98684143,-0.35216484
398,-0.00052106,-0.63239827,-1.00000000,-0.41298631,-0.39236048
399,-0.00421830,-0.10764850,1.00000000,-0.75543282,-0.47773893
400,0.00096968,-0.28947344,-1.00000000,-0.95646333,-0.44972699
401,0.00065251,-0.48452308,-1.00000000,-0.64734311,-0.18498479
402,0.00378201,-0.21082828,1.00000000,-0.91895506,-0.15543526
403,0.00056116,-0.22756105,1.00000000,-0.94547363,-0.11809928
404,-0.00231166,-0.06246210,1.00000000,-0.68382012,-0.05232167
405,-0.00241085,-0.23238019,1.00000000,-0.95311113,-0.16894782
406,0.00274009,-0.38393759,-1.00000000,-0.80675386,-0.09692748
407,-0.00101572,-0.38917010,-1.00000000,-0.79846122,-0.26244608
408,-0.00042593,-0.11742932,1.00000000,-0.77093374,-0.29650003
409,-0.00005691,-0.31556905,-1.00000000,-0.91510626,-0.21871241
410,0.00012866,-0.28445465,-1.00000000,-0.96441724,-0.13110112
411,-0.00906004,-0.26498668,-1.00000000,-0.99527064,-0.53819806
412,-0.00132686,-0.25519709,1.00000000,-0.98927201,-0.54893234
413,-0.00861959,-0.73995188,-1.00000000,-0.24253229,-0.83160824
414,-0.00076626,-0.33198364,-1.00000000,-0.88909194,-0.85608040
415,0.00224502,-0.71671563,-1.00000000,-0.27935776,-0.78306706
416,-0.00514136,-0.30240889,-1.00000000,-0.93596285,-0.64787507
417,0.00068847,-0.14354690,1.00000000,-0.81232561,-0.57834765
418,0.00848850,-0.53321965,-1.00000000,-0.57016740,0.01187059
419,-0.00783242,-0.22566403,1.00000000,-0.94246718,-0.23190731
420,-0.00069942,0.18583150,1.00000000,-0.29031738,-0.33348867
421,-0.00023691,-0.67518802,-1.00000000,-0.34517189,-0.16428852
422,-0.00789573,-0.29888260,-1.00000000,-0.94155142,-0.46043787
423,0.00267777,-0.27448297,-1.00000000,-0.98022065,-0.66090435
424,-0.00227792,-0.67852828,-1.00000000,-0.33987815,-0.46927762
425,-0.00277114,-0.12071688,1.00000000,-0.77614395,-0.54075084
426,0.00281374,-0.38215717,-1.00000000,-0.80957551,-0.43550524
427,0.00061853,-0.40817769,-1.00000000,-0.76833746,-0.14176844
428,-0.00375121,-0.11354400,1.00000000,-0.76477617,-0.36356416
429,0.00040576,-0.22935325,1.00000000,-0.94831395,-0.27097897
430,0.00008304,-0.45988140,-1.00000000,-0.68639595,-0.17251146
431,-0.00007006,-0.24057820,1.00000000,-0.96610358,-0.27200076
432,0.00006218,-0.25760361,1.00000000,-0.99308592,-0.29119471
433,0.00068043,-0.26568057,-1.00000000,-0.99417094,-0.13830615
434,0.00195743,-0.25870416,1.00000000,-0.99483011,-0.08477445
435,-0.01359991,-0.22608799,1.00000000,-0.94313908,-0.55682767
436,-0.00422938,-0.15871885,1.00000000,-0.83637056,-0.70032166
437,-0.00542554,-0.97945570,-1.00000000,0.13704017,-0.88964437
438,0.00119367,-0.48510802,-1.00000000,-0.64641608,-0.87193794
439,0.00053597,-0.54821177,-1.00000000,-0.54640747,-0.92097758
440,-0.00013445,-0.19901176,1.00000000,-0.90022790,-0.45642751
441,-0.00530915,-0.23370905,1.00000000,-0.95521716,-0.49367856
442,0.00161614,-0.26907724,-1.00000000,-0.98878780,-0.25074508
443,-0.00115474,-0.54207141,-1.00000000,-0.55613889,-0.33176362
444,-0.00013348,-0.17672390,1.00000000,-0.86490547,-0.35485912
445,0.00149608,-0.32290331,-1.00000000,-0.90348272,-0.29860689
446,0.00173401,-0.26902612,-1.00000000,-0.98886881,-0.05562266
447,0.00328917,-0.18305773,1.00000000,-0.87494349,0.00209578
448,-0.00438099,-0.17050593,1.00000000,-0.85505105,-0.10920793
449,0.00524453,-0.08846229,1.00000000,-0.72502596,0.07632999
450,0.00045095,-0.49310620,-1.00000000,-0.63374034,0.04027360
451,0.00696599,0.01469389,1.00000000,-0.56154112,0.22077384
452,0.00002828,-0.23819427,1.00000000,-0.96232545,0.10827504
453,0.00509264,0.10551057,1.00000000,-0.41761227,0.43510919
454,-0.00461425,-0.26049267,1.00000000,-0.99766459,0.09498750
455,0.00395363,0.00668049,1.00000000,-0.57424098,0.21582778
456,-0.00109941,-0.50541178,-1.00000000,-0.61423811,-0.06242347
457,-0.00129389,-0.05340831,1.00000000,-0.66947141,-0.10803721
458,0.00250842,-0.31998435,-1.00000000,-0.90810877,-0.19719113
459,0.00019948,-0.33024408,-1.00000000,-0.89184885,-0.03112057
460,-0.00038300,-0.12965148,1.00000000,-0.79030376,-0.18073145
461,0.00000511,-0.25146079,1.00000000,-0.98335061,-0.14262609
462,-0.00047881,-0.28218957,-1.00000000,-0.96800701,-0.11450635
463,0.00129719,-0.26171457,1.00000000,-0.99960110,-0.15629293
464,0.00228702,-0.28724406,-1.00000000,-0.95999650,-0.08427396
465,-0.00134747,-0.19355048,1.00000000,-0.89157272,-0.11754776
466,-0.00093943,-0.14133117,1.00000000,-0.80881406,-0.15013391
467,0.00192081,-0.33307103,-1.00000000,-0.88736862,-0.06734876
468,-0.00026278,-0.31154451,-1.00000000,-0.92148446,-0.12116658
469,-0.00656914,-0.16065106,1.00000000,-0.83943278,-0.42669846
470,0.00077150,-0.27584735,-1.00000000,-0.97805833,-0.35359536
471,-0.00062617,-0.60854295,-1.00000000,-0.45079290,-0.34278821
472,0.00079326,-0.22128358,1.00000000,-0.93552492,-0.38168777
473,0.00106223,-0.29501849,-1.00000000,-0.94767536,-0.33597596
474,0.00536559,-0.22013531,1.00000000,-0.93370510,0.07576455
475,0.00276078,-0.20594599,1.00000000,-0.91121746,0.14439361
476,-0.00470760,0.02108045,1.00000000,-0.55141951,0.00358710
477,-0.00254633,-0.11633773,1.00000000,-0.76920375,-0.11162662
478,-0.00113304,-0.51033632,-1.00000000,-0.60643356,-0.18736183
479,0.00471541,-0.39631729,-1.00000000,-0.78713416,-0.20979264
480,0.00359865,-0.32175839,-1.00000000,-0.90529721,-0.18088688
481,-0.00301996,-0.01322019,1.00000000,-0.60578014,-0.12266462
482,0.00010236,-0.07213575,1.00000000,-0.69915119,-0.03128663
483,-0.00099960,-0.42130428,-1.00000000,-0.74753407,-0.02668302
484,0.00401975,-0.25658433,1.00000000,-0.99147055,-0.05068279
485,-0.00202915,-0.31471866,-1.00000000,-0.91645398,-0.24483805
486,0.00318097,-0.04992004,1.00000000,-0.66394311,-0.03090995
487,0.00227854,-0.36903316,-1.00000000,-0.83037481,0.04416698
488,0.00094226,-0.09417073,1.00000000,-0.73407286,0.11115968
489,-0.00238991,-0.14177855,1.00000000,-0.80952308,-0.10996954
490,-0.00098981,-0.21227508,1.00000000,-0.92124799,-0.07411321
491,0.00219634,-0.38806537,-1.00000000,-0.80021203,-0.10808206
492,0.00026578,-0.31420256,-1.00000000,-0.91727191,-0.17752097
493,-0.00220161,-0.14611504,1.00000000,-0.81639568,-0.28598234
494,-0.00053880,-0.24796281,1.00000000,-0.97780692,-0.22212035
495,-0.00098827,-0.37813152,-1.00000000,-0.81595548,-0.22206726
496,-0.00080897,-0.29040920,-1.00000000,-0.95498030,-0.32574853
497,-0.00172308,-0.31412137,-1.00000000,-0.91740058,-0.39436319
498,0.00110218,-0.30466188,-1.00000000,-0.93239224,-0.28038466
499,-0.00154596,-0.35288664,-1.00000000,-0.85596428,-0.31513104
500,0.00016094,-0.20383837,1.00000000,-0.90787725,-0.27548381
501,0.00445682,-0.34354252,-1.00000000,-0.87077312,-0.09381740
502,0.00448639,-0.25349380,1.00000000,-0.98657259,0.12040536
503,0.00069782,-0.02686211,1.00000000,-0.62740024,0.10645543
504,-0.00082094,-0.02530251,1.00000000,-0.62492854,0.13146825
505,-0.00145437,-0.22517025,1.00000000,-0.94168462,0.07574086
506,0.00107037,-0.30529353,-1.00000000,-0.93139119,-0.04108966
507,0.00046493,-0.33871074,-1.00000000,-0.87843065,-0.17982727
508,-0.00000117,-0.20551645,1.00000000,-0.91053672,-0.20394198
509,-0.00976348,-0.23745662,1.00000000,-0.96115641,-0.51245395
510,-0.00001826,-0.26204586,-1.00000000,-0.99993133,-0.46290876
511,0.00131792,-0.77706241,-1.00000000,-0.18371847,-0.45436830
512,-0.00046809,-0.26294746,-1.00000000,-0.99850245,-0.48655690
513,-0.00179538,-0.19245660,1.00000000,-0.88983909,-0.54845625
514,0.00540039,-0.28667863,-1.00000000,-0.96089262,-0.02531248
515,0.00192488,-0.35670081,-1.00000000,-0.84991947,0.04172447
516,0.00089096,0.02291608,1.00000000,-0.54851035,0.02699438
517,0.00060719,-0.16043622,1.00000000,-0.83909228,0.06409071
518,-0.00275200,-0.21498149,1.00000000,-0.92553718,0.03108801
519,0.00402667,-0.22995184,1.00000000,-0.94926262,-0.01630422
520,-0.00507219,-0.40716772,-1.00000000,-0.76993808,-0.25769873
521,-0.00082052,-0.04955493,1.00000000,-0.66336448,-0.31674363
522,0.00066002,-0.52957072,-1.00000000,-0.57595033,-0.31492101
523,0.00153861,-0.30527148,-1.00000000,-0.93142613,-0.16689786
524,0.00226242,-0.22716474,1.00000000,-0.94484555,-0.22776363
525,0.00244281,-0.18081439,1.00000000,-0.87138819,0.03149897
526,0.00225893,-0.14262936,1.00000000,-0.81087147,0.13773816
527,-0.00040595,-0.13311277,1.00000000,-0.79578931,0.10096299
528,0.00042275,-0.14281315,1.00000000,-0.81116274,0.06246659
529,-0.00227388,-0.28340043,-1.00000000,-0.96608800,-0.09403257
530,-0.00332559,-0.23968213,1.00000000,-0.96468346,-0.29303856
531,0.00658953,-0.38194399,-1.00000000,-0.80991336,-0.14363576
532,0.00432116,-0.43742780,-1.00000000,-0.72198105,0.01944637
533,-0.00485552,0.08564992,1.00000000,-0.44908798,-0.16265061
534,0.00104759,-0.03401929,1.00000000,-0.63874315,-0.04806220
535,0.00365740,-0.51814032,-1.00000000,-0.59406556,0.19284665
536,-0.00635112,-0.20671824,1.00000000,-0.91244134,-0.25359761
537,-0.00384336,-0.06903595,1.00000000,-0.69423854,-0.53526823
538,-0.00379121,-0.59704159,-1.00000000,-0.46902057,-0.49855021
539,0.00182312,-0.46474303,-1.00000000,-0.67869110,-0.47179481
540,-0.00325331,-0.46199203,-1.00000000,-0.68305096,-0.71021005
541,-0.00115190,-0.16580454,1.00000000,-0.84760015,-0.53084014
542,0.00117765,-0.43361464,-1.00000000,-0.72802426,-0.35761843
543,0.01858436,-0.32275356,-1.00000000,-0.90372005,0.41432450
544,0.00497689,-0.19985669,1.00000000,-0.90156696,0.52312757
545,-0.00343928,0.71844399,1.00000000,0.55378204,0.51671177
546,0.00484925,0.00057442,1.00000000,-0.58391806,0.72374758
547,-0.00361023,-0.44342552,-1.00000000,-0.71247569,0.55856879
548,0.00629843,-0.00615952,1.00000000,-0.59459018,0.13471213
549,-0.00243326,-0.45244400,-1.00000000,-0.69818294,-0.12093349
550,0.00655391,0.07029288,1.00000000,-0.47342625,0.22382532
551,-0.00374889,-0.39035253,-1.00000000,-0.79658727,-0.07280506
552,0.00062314,0.08377110,1.00000000,-0.45206558,0.07324350
553,-0.00325865,-0.45975934,-1.00000000,-0.68658939,-0.25646984
554,-0.00484661,-0.22911016,1.00000000,-0.94792870,-0.33972891
555,0.00019891,-0.43389659,-1.00000000,-0.72757741,-0.55897253
556,-0.00225694,-0.51767024,-1.00000000,-0.59481055,-0.50750097
557,0.00529350,-0.25149082,1.00000000,-0.98339821,-0.34637675
558,-0.00202209,-0.38105030,-1.00000000,-0.81132971,-0.30371601
559,-0.00104562,0.01727701,1.00000000,-0.55744731,-0.17258405
560,0.00154819,-0.36866084,-1.00000000,-0.83096488,-0.12603484
561,-0.00112896,-0.31714650,-1.00000000,-0.91260628,-0.08712057
562,-0.00096874,-0.18030893,1.00000000,-0.87058712,-0.30316366
563,-0.00335143,-0.32154355,-1.00000000,-0.90563769,-0.34902498
564,0.00043357,-0.31309073,-1.00000000,-0.91903396,-0.29799401
565,0.00064099,-0.43879084,-1.00000000,-0.71982087,-0.32929177
566,-0.00100829,-0.23911120,1.00000000,-0.96377862,-0.32512872
567,0.00076732,-0.22816869,1.00000000,-0.94643663,-0.26523578
568,-0.00338945,-0.31517753,-1.00000000,-0.91572675,-0.26654741
569,0.00048659,-0.22150394,1.00000000,-0.93587415,-0.26471840
570,0.00097616,-0.44079654,-1.00000000,-0.71664217,-0.25315520
571,-0.00077489,-0.23631432,1.00000000,-0.95934606,-0.24510277
572,-0.00151599,-0.21048653,1.00000000,-0.91841344,-0.32387549
573,-0.00257008,-0.30286395,-1.00000000,-0.93524166,-0.29560798
574,-0.00198217,-0.34196123,-1.00000000,-0.87327918,-0.38077844
575,-0.00191524,-0.39757056,-1.00000000,-0.78514793,-0.48052997
576,-0.00001594,-0.36655488,-1.00000000,-0.83430246,-0.45434685
577,-0.00008666,-0.36302410,-1.00000000,-0.83989814,-0.40503605
578,0.00112092,-0.26282538,-1.00000000,-0.99869593,-0.27769868
579,0.00030859,-0.26655637,-1.00000000,-0.99278294,-0.19866885
580,-0.00278617,-0.20284940,1.00000000,-0.90630990,-0.22871526
581,0.00055572,-0.24570442,1.00000000,-0.97422776,-0.20899318
582,-0.00089336,-0.40897033,-1.00000000,-0.76708126,-0.23682356
583,0.00019759,-0.23266687,1.00000000,-0.95356548,-0.26867817
584,0.00313226,-0.30911391,-1.00000000,-0.92533655,-0.17126345
585,0.00163240,-0.25156068,1.00000000,-0.98350892,-0.01882567
586,-0.00288747,-0.09674024,1.00000000,-0.73814510,-0.13761361
587,0.00122671,-0.17586624,1.00000000,-0.86354622,-0.06447252
588,-0.00189655,-0.41431445,-1.00000000,-0.75861174,-0.13671872
589,0.00116969,-0.19726836,1.00000000,-0.89746491,-0.20442616
590,0.00009387,-0.36203778,-1.00000000,-0.84146130,-0.25750452
591,-0.00464976,-0.20027680,1.00000000,-0.90223277,-0.31830244
592,-0.00194200,-0.25703235,1.00000000,-0.99218058,-0.42762099
593,0.00092440,-0.50728512,-1.00000000,-0.61126919,-0.33030027
594,0.00209219,-0.36443559,-1.00000000,-0.83766118,-0.29847444
595,-0.00047290,-0.21321733,1.00000000,-0.92274130,-0.31802754
596,-0.00454463,-0.15160952,1.00000000,-0.82510349,-0.31440049
597,-0.00213728,-0.28693248,-1.00000000,-0.96049031,-0.32113744
598,0.00032477,-0.50173871,-1.00000000,-0.62005929,-0.34182421
599,0.00077774,-0.37473757,-1.00000000,-0.82133430,-0.38717192
600,0.00024657,-0.24485103,1.00000000,-0.97287528,-0.36235057
601,-0.00023502,-0.22095412,1.00000000,-0.93500278,-0.21367202
602,0.00089675,-0.24897628,1.00000000,-0.97941309,-0.10899999
603,0.00020580,-0.27438316,-1.00000000,-0.98037883,-0.11310438
604,0.00118491,-0.21467569,1.00000000,-0.92505255,-0.09905745
605,-0.00225592,-0.25112736,1.00000000,-0.98282219,-0.18539189
606,-0.00439543,-0.19947390,1.00000000,-0.90096031,-0.32892320
607,-0.00070650,-0.38099677,-1.00000000,-0.81141455,-0.38423425
608,-0.00291364,-0.49386768,-1.00000000,-0.63253352,-0.49185299
609,0.00069732,-0.29925599,-1.00000000,-0.94095966,-0.50867461
610,0.00034919,-0.41569528,-1.00000000,-0.75642336,-0.41879996
611,0.00012222,-0.22519710,1.00000000,-0.94172718,-0.26294401
612,0.00128346,-0.24356268,1.00000000,-0.97083346,-0.19429179
613,-0.00155328,-0.25553662,1.00000000,-0.98981010,-0.14736000
614,0.00020530,-0.19427471,1.00000000,-0.89272049,-0.16433427
615,0.00058549,-0.34392834,-1.00000000,-0.87016164,-0.15618201
616,0.00505545,-0.25115374,1.00000000,-0.98286399,0.01401113
617,-0.00188635,-0.23109646,1.00000000,-0.95107664,-0.09534525
618,0.00158152,0.00471853,1.00000000,-0.57735035,0.01280310
619,-0.00021959,-0.36149978,-1.00000000,-0.84231394,-0.00185547
620,0.00103890,-0.17855057,1.00000000,-0.86780042,0.01378682
621,-0.00140641,-0.27356925,-1.00000000,-0.98166873,-0.20914319
622,0.00025682,-0.20717666,1.00000000,-0.91316787,-0.13520520
623,-0.00249617,-0.33618053,-1.00000000,-0.88244060,-0.27588275
624,0.00105781,-0.24843564,1.00000000,-0.97855626,-0.23181323
625,0.00173241,-0.39367119,-1.00000000,-0.79132777,-0.20788763
626,-0.00123907,-0.20617923,1.00000000,-0.91158712,-0.20211435
627,0.00079792,-0.17059022,1.00000000,-0.85518464,-0.18344672
628,-0.00425092,-0.32735217,-1.00000000,-0.89643204,-0.24398462
629,-0.00261666,-0.21988956,1.00000000,-0.93331563,-0.37075138
630,-0.00222782,-0.48624425,-1.00000000,-0.64461535,-0.50737671
631,0.00083671,-0.40002782,-1.00000000,-0.78125360,-0.43576366
632,-0.00041789,-0.37951430,-1.00000000,-0.81376401,-0.47770834
633,-0.00542786,-0.21784327,1.00000000,-0.93007261,-0.51831187
634,0.00003963,-0.28403032,-1.00000000,-0.96508973,-0.42667143
635,0.00362120,-0.54833417,-1.00000000,-0.54621348,-0.22488395
636,-0.00302160,-0.25989353,1.00000000,-0.99671505,-0.35799311
637,0.00087590,-0.07094587,1.00000000,-0.69726544,-0.31335813
638,0.00003325,-0.42139049,-1.00000000,-0.74739743,-0.12495325
639,-0.00123156,-0.21577563,1.00000000,-0.92679576,-0.16880873
640,0.00092149,-0.26023008,1.00000000,-0.99724844,-0.26194709
641,-0.00082393,-0.32695625,-1.00000000,-0.89705950,-0.18612900
642,-0.00069433,-0.21337074,1.00000000,-0.92298442,-0.24030098
643,0.00156517,-0.30545135,-1.00000000,-0.93114107,-0.18745071
644,0.00002766,-0.29861408,-1.00000000,-0.94197698,-0.14400821
645,-0.00235703,-0.17941277,1.00000000,-0.86916686,-0.25711492
646,-0.00147643,-0.26052504,1.00000000,-0.99771590,-0.27962562
647,-0.00199729,-0.38633073,-1.00000000,-0.80296114,-0.32457685
648,0.00062255,-0.33987416,-1.00000000,-0.87658683,-0.35709664
649,0.00142738,-0.36735238,-1.00000000,-0.83303857,-0.30880732
650,0.00432188,-0.22914123,1.00000000,-0.94797794,-0.07838921
651,-0.00008279,-0.18668221,1.00000000,-0.88068768,-0.03030979
652,-0.00042506,-0.03398107,1.00000000,-0.63868257,0.02393105
653,-0.00206406,-0.26635229,-1.00000000,-0.99310638,-0.06875558
654,-0.00239324,-0.28440863,-1.00000000,-0.96449018,-0.20056456
655,-0.00007692,-0.37087533,-1.00000000,-0.82745530,-0.35232036
656,-0.00013400,-0.38824124,-1.00000000,-0.79993330,-0.35408680
657,0.00318268,-0.26604228,-1.00000000,-0.99359769,-0.22962206
658,0.00035265,-0.26905349,-1.00000000,-0.98882544,-0.14624688
659,-0.00622805,-0.09408022,1.00000000,-0.73392942,-0.27854518
660,-0.00037486,-0.24338007,1.00000000,-0.97054406,-0.28882401
661,0.00143948,-0.59054853,-1.00000000,-0.47931096,-0.23453993
662,-0.00086206,-0.28176041,-1.00000000,-0.96868715,-0.37408108
663,0.00101480,-0.18604361,1.00000000,-0.87967561,-0.35123744
664,-0.01071296,-0.30746310,-1.00000000,-0.92795280,-0.50596398
665,-0.00382764,-0.20844813,1.00000000,-0.91518293,-0.62508269
666,0.00002746,-0.82715253,-1.00000000,-0.10433423,-0.67379650
667,0.00113925,-0.46391380,-1.00000000,-0.68000529,-0.60475252
668,0.00461635,-0.26053557,1.00000000,-0.99773257,-0.48050128
669,0.00088431,-0.20188275,1.00000000,-0.90477793,-0.08040291
670,-0.00081854,-0.01844621,1.00000000,-0.61406249,0.02340907
671,0.00904516,-0.21533202,1.00000000,-0.92609271,0.33451379
672,-0.00112852,-0.30516708,-1.00000000,-0.93159160,0.25627710
673,-0.00971542,0.21519806,1.00000000,-0.24377641,-0.23815983
674,-0.00098365,-0.32152036,-1.00000000,-0.90567445,-0.30260345
675,0.00395951,-0.77452692,-1.00000000,-0.18773678,-0.13776385
676,0.00061985,-0.31387760,-1.00000000,-0.91778691,-0.42843172
677,0.00142325,-0.05309844,1.00000000,-0.66898032,-0.34039695
678,0.00069051,-0.22928404,1.00000000,-0.94820428,0.01860088
679,0.00088256,-0.18689977,1.00000000,-0.88103248,0.08298419
680,0.00011192,-0.22555634,1.00000000,-0.94229651,-0.04975499
681,-0.00418368,-0.21542423,1.00000000,-0.92623885,-0.21547352
682,0.00412278,-0.25607991,1.00000000,-0.99067113,-0.12234149
683,0.00077780,-0.48269671,-1.00000000,-0.65023760,-0.11932988
684,0.00011718,-0.04448458,1.00000000,-0.65532884,-0.14573505
685,0.00225597,-0.22095106,1.00000000,-0.93499793,-0.07176690
686,-0.00133813,-0.25580236,1.00000000,-0.99023125,0.02640262
687,0.00316969,-0.14296966,1.00000000,-0.81141079,-0.00647834
688,-0.00119859,-0.33257830,-1.00000000,-0.88814952,-0.07466244
689,0.00140547,-0.09476535,1.00000000,-0.73501522,-0.03021746
690,0.00081296,-0.32521649,-1.00000000,-0.89981672,-0.08000026
691,0.00033951,-0.18783819,1.00000000,-0.88251970,-0.02212282
692,0.00244446,-0.21909628,1.00000000,-0.93205842,-0.04714291
693,-0.00073605,-0.24407356,1.00000000,-0.97164312,-0.03118564
694,0.00251613,-0.13302544,1.00000000,-0.79565091,0.00713146
695,-0.00164075,-0.30081503,-1.00000000,-0.93848884,-0.07751994
696,-0.00058103,-0.12924462,1.00000000,-0.78965896,-0.10927787
697,-0.00271459,-0.34854311,-1.00000000,-0.86284803,-0.28726184
698,-0.00158309,-0.29263700,-1.00000000,-0.95144963,-0.31648423
699,-0.00048448,-0.40519413,-1.00000000,-0.77306588,-0.42000338
700,-0.00092416,-0.34550118,-1.00000000,-0.86766896,-0.39528134
701,-0.00283659,-0.28754354,-1.00000000,-0.95952189,-0.47309686
702,-0.00023855,-0.31073879,-1.00000000,-0.92276140,-0.38767516
703,-0.00322813,-0.41163056,-1.00000000,-0.76286525,-0.44442794
704,-0.00297879,-0.27456938,-1.00000000,-0.98008370,-0.53047987
705,-0.00118393,-0.43228614,-1.00000000,-0.73012970,-0.53944188
706,0.00194925,-0.41913202,-1.00000000,-0.75097672,-0.37433314
707,-0.00378045,-0.32444326,-1.00000000,-0.90104216,-0.49652626
708,-0.00251848,-0.15915036,1.00000000,-0.83705442,-0.47204370
709,-0.00127589,-0.46142407,-1.00000000,-0.68395107,-0.41329480
710,-0.00226825,-0.39484802,-1.00000000,-0.78946269,-0.45070319
711,-0.00206413,-0.32929466,-1.00000000,-0.89335353,-0.58916242
712,-0.01155937,-0.38164724,-1.00000000,-0.81038366,-0.85753032
713,0.00549581,-0.37087879,-1.00000000,-0.82744981,-0.58104240
714,0.00355993,-0.87180562,-1.00000000,-0.03356675,-0.41420988
715,-0.00345343,0.02795045,1.00000000,-0.54053174,-0.45509778
716,0.00034410,-0.07417849,1.00000000,-0.70238859,-0.37201539
717,-0.00269167,-0.44417201,-1.00000000,-0.71129263,-0.06608533
718,-0.00037488,-0.24383126,1.00000000,-0.97125912,-0.26862058
719,-0.00221683,-0.40398493,-1.00000000,-0.77498226,-0.46791482
720,0.00842292,-0.28176144,-1.00000000,-0.96868551,-0.05818832
721,0.00188826,-0.37893431,-1.00000000,-0.81468320,-0.00491576
722,-0.00105056,0.18237161,1.00000000,-0.29580070,0.05170131
723,-0.00120228,-0.16236818,1.00000000,-0.84215412,0.02315663
724,-0.00399916,-0.31740751,-1.00000000,-0.91219261,-0.03833265
725,-0.00632390,-0.32541126,-1.00000000,-0.89950805,-0.54708854
726,-0.00479142,-0.47296220,-1.00000000,-0.66566512,-0.77753338
727,-0.00093630,-0.59560529,-1.00000000,-0.47129687,-0.77359120
728,0.00005831,-0.51475874,-1.00000000,-0.59942478,-0.73010170
729,0.00081014,-0.31137923,-1.00000000,-0.92174641,-0.56418386
730,0.00026666,-0.25890819,1.00000000,-0.99515346,-0.33681368
731,0.00237273,-0.21924474,1.00000000,-0.93229371,-0.08965506
732,-0.00228090,-0.24791644,1.00000000,-0.97773343,-0.13604306
733,-0.00028599,-0.13680990,1.00000000,-0.80164862,-0.14792120
734,0.00150673,-0.38231461,-1.00000000,-0.80932600,-0.12388945
735,0.00060183,-0.27707194,-1.00000000,-0.97611757,-0.11232626
736,-0.00140967,-0.18249599,1.00000000,-0.87405324,-0.24281650
737,0.00148577,-0.23023431,1.00000000,-0.94971028,-0.11286893
738,-0.00657716,-0.33635234,-1.00000000,-0.88216831,-0.32991041
739,0.00137250,-0.18360199,1.00000000,-0.87580606,-0.33454123
740,0.00088663,-0.60896640,-1.00000000,-0.45012180,-0.32471586
741,0.00348592,-0.18957733,1.00000000,-0.88527595,-0.15582095
742,-0.00099234,-0.21520959,1.00000000,-0.92589868,-0.24131392
743,0.00042648,-0.07808243,1.00000000,-0.70857566,0.00030723
744,-0.00144612,-0.31433572,-1.00000000,-0.91706087,-0.09693324
745,0.00281562,-0.23948532,1.00000000,-0.96437154,-0.03038425
746,0.00466619,-0.33827505,-1.00000000,-0.87912115,0.01033419
747,0.00385595,-0.11344452,1.00000000,-0.76461850,0.17759694
748,-0.00068633,-0.01581680,1.00000000,-0.60989532,0.13920575
749,0.00241953,-0.05856168,1.00000000,-0.67763862,0.27256799
750,0.00038454,-0.29819217,-1.00000000,-0.94264563,0.18869703
751,-0.00293003,-0.13434081,1.00000000,-0.79773555,-0.07336770
752,0.00122341,-0.24169792,1.00000000,-0.96787814,-0.16418869
753,0.00108946,-0.41655968,-1.00000000,-0.75505344,-0.10292492
754,-0.00012704,-0.19744289,1.00000000,-0.89774152,-0.19077988
755,0.00977044,-0.20450913,1.00000000,-0.90894029,0.13302770
756,-0.00502346,-0.26868644,-1.00000000,-0.98940714,0.06080559
757,-0.00543043,0.25346061,1.00000000,-0.18313684,-0.16874749
758,-0.00492706,-0.52699993,-1.00000000,-0.58002459,-0.37631378
759,0.00410948,-0.54846978,-1.00000000,-0.54599857,-0.23015669
760,0.00254430,-0.52191437,-1.00000000,-0.58808433,-0.47945395
761,-0.00269291,-0.04518663,1.00000000,-0.65644147,-0.39905141
762,-0.00468779,-0.12775860,1.00000000,-0.78730386,-0.37343099
763,0.00127043,-0.40405036,-1.00000000,-0.77487857,-0.15962133
764,-0.00019280,-0.50929166,-1.00000000,-0.60808916,-0.30804695
765,-0.00191441,-0.19496193,1.00000000,-0.89380962,-0.46186964
766,-0.00209314,-0.27215542,-1.00000000,-0.98390941,-0.44117814
767,0.00081830,-0.36298043,-1.00000000,-0.83996736,-0.25122147
768,0.00014871,-0.37240944,-1.00000000,-0.82502400,-0.28992012
769,0.00226672,-0.21881462,1.00000000,-0.93161203,-0.20506840
770,0.00098349,-0.25413896,1.00000000,-0.98759505,-0.10509238
771,-0.00145418,-0.14240227,1.00000000,-0.81051157,-0.08304839
772,-0.00350212,-0.21009958,1.00000000,-0.91780019,-0.23209997
773,0.00368854,-0.33870032,-1.00000000,-0.87844717,-0.10997815
774,0.00425560,-0.44674059,-1.00000000,-0.70722188,-0.04136315
775,-0.00039880,-0.06739330,1.00000000,-0.69163523,-0.08905143
776,-0.00330441,-0.03747791,1.00000000,-0.64422446,-0.15288315
777,-0.00228637,-0.28302332,-1.00000000,-0.96668566,-0.11094057
778,-0.00001445,-0.43631020,-1.00000000,-0.72375225,-0.23869137
779,0.00529392,-0.38260304,-1.00000000,-0.80886889,-0.20286987
780,0.00374636,-0.26274666,-1.00000000,-0.99882068,-0.05986438
781,-0.00027446,0.01729944,1.00000000,-0.55741176,0.04466676
782,-0.00213407,-0.06434286,1.00000000,-0.68680081,0.04992078
783,-0.00255553,-0.27646378,-1.00000000,-0.97708140,-0.03774504
784,0.00200346,-0.37456872,-1.00000000,-0.82160191,-0.15126378
785,-0.00043197,-0.39680305,-1.00000000,-0.78636430,-0.29541367
786,0.00147572,-0.15629060,1.00000000,-0.83252220,-0.23503360
787,-0.00149543,-0.28477332,-1.00000000,-0.96391221,-0.21300067
788,0.00464462,-0.18413206,1.00000000,-0.87664614,0.03540019
789,0.00885861,-0.34087651,-1.00000000,-0.87499828,0.27189834
790,0.00032217,-0.01695462,1.00000000,-0.61169857,0.29791584
791,-0.00007257,0.20535652,1.00000000,-0.25937356,0.24450105
792,-0.00278744,-0.24498801,1.00000000,-0.97309236,0.19992730
793,-0.00356947,-0.26581263,-1.00000000,-0.99396164,-0.08345367
794,-0.00455732,-0.40903759,-1.00000000,-0.76697467,-0.54629467
795,-0.00123151,-0.45029378,-1.00000000,-0.70159068,-0.59989576
796,-0.00144349,-0.50240848,-1.00000000,-0.61899783,-0.64719192
797,-0.00106430,-0.32695346,-1.00000000,-0.89706392,-0.58774450
798,0.00060703,-0.33813675,-1.00000000,-0.87934032,-0.44365798
799,-0.00391232,-0.31813207,-1.00000000,-0.91104431,-0.42140582
800,-0.00042404,-0.22996023,1.00000000,-0.94927592,-0.39354852
801,-0.00358820,-0.46838103,-1.00000000,-0.67292549,-0.46753956
802,-0.00041805,-0.28435476,-1.00000000,-0.96457555,-0.44524435
803,-0.00476224,-0.45128203,-1.00000000,-0.70002447,-0.63048060
804,-0.00062740,-0.28403878,-1.00000000,-0.96507633,-0.51715311
805,0.00119364,-0.51321893,-1.00000000,-0.60186512,-0.46134436
806,-0.00163710,-0.29508343,-1.00000000,-0.94757245,-0.39403261
807,0.00142528,-0.19901341,1.00000000,-0.90023052,-0.33043911
808,-0.00037052,-0.34835056,-1.00000000,-0.86315319,-0.17892760
809,0.00073555,-0.18679316,1.00000000,-0.88086352,-0.13190648
810,0.00166109,-0.28153128,-1.00000000,-0.96905028,-0.11577976
811,-0.00031268,-0.22317990,1.00000000,-0.93853026,-0.07008824
812,0.00026107,-0.17435282,1.00000000,-0.86114771,-0.11025254
813,0.00025932,-0.27848023,-1.00000000,-0.97388567,-0.08852369
814,0.00047227,-0.24821141,1.00000000,-0.97820090,-0.09760663
815,-0.00199928,-0.24830406,1.00000000,-0.97834774,-0.22388690
816,-0.00416675,-0.23706931,1.00000000,-0.96054259,-0.35684966
817,0.00444497,-0.36745748,-1.00000000,-0.83287200,-0.21250768
818,-0.00132299,-0.48180360,-1.00000000,-0.65165302,-0.26709617
819,0.00367093,-0.02748722,1.00000000,-0.62839094,-0.15674473
820,0.00204312,-0.33177943,-1.00000000,-0.88941558,-0.01728471
821,0.00164377,-0.06832262,1.00000000,-0.69310804,0.18317460
822,-0.00112411,-0.15419867,1.00000000,-0.82920685,-0.00895543
823,-0.00205525,-0.17526619,1.00000000,-0.86259525,-0.03421806
824,-0.00343717,-0.32128770,-1.00000000,-0.90604317,-0.27944297
825,-0.00220224,-0.37041042,-1.00000000,-0.82819209,-0.42590496
826,0.00128300,-0.44331447,-1.00000000,-0.71265169,-0.43835147
827,-0.00432709,-0.37816472,-1.00000000,-0.81590285,-0.54885198
828,-0.00161452,-0.19429908,1.00000000,-0.89275912,-0.53364709
829,0.00308137,-0.49026235,-1.00000000,-0.63824735,-0.30876134
830,0.00184878,-0.34715949,-1.00000000,-0.86504083,-0.16900367
831,-0.00043349,-0.09942474,1.00000000,-0.74239957,-0.22822138
832,0.00146020,-0.16445076,1.00000000,-0.84545464,-0.02856368
833,-0.00142841,-0.28485334,-1.00000000,-0.96378539,-0.02214288
834,0.00078408,-0.18495074,1.00000000,-0.87794359,-0.10139805
835,0.00020002,-0.33734096,-1.00000000,-0.88060152,-0.15827927
836,-0.00141127,-0.22061980,1.00000000,-0.93447293,-0.19201220
837,-0.00029997,-0.25143211,1.00000000,-0.98330516,-0.25273700
838,0.00179700,-0.33643690,-1.00000000,-0.88203430,-0.14146258
839,-0.00043164,-0.27780961,-1.00000000,-0.97494850,-0.18340410
840,-0.00038129,-0.16718287,1.00000000,-0.84978457,-0.20345918
841,-0.00263794,-0.28475573,-1.00000000,-0.96394008,-0.24577844
842,0.00799821,-0.28209983,-1.00000000,-0.96814922,0.04050355
843,-0.00424531,-0.40115047,-1.00000000,-0.77947439,-0.16795212
844,-0.00128264,0.15996572,1.00000000,-0.33131019,-0.19731128
845,-0.00241181,-0.48594811,-1.00000000,-0.64508469,-0.26736290
846,0.00141761,-0.32965104,-1.00000000,-0.89278873,-0.12744897
847,0.00058028,-0.38922103,-1.00000000,-0.79838051,-0.38336276
848,0.00002244,-0.18719756,1.00000000,-0.88150442,-0.23612816
849,0.00626235,-0.23137130,1.00000000,-0.95151222,0.02416934
850,0.00360246,-0.26080061,1.00000000,-0.99815263,0.23165795
851,-0.00023033,0.06838947,1.00000000,-0.47644284,0.17480515
852,0.00290974,-0.07193460,1.00000000,-0.69883240,0.25517002
853,0.00227131,-0.27413545,-1.00000000,-0.98077141,0.33275478
854,-0.00246165,-0.10847934,1.00000000,-0.75674954,0.03178222
855,-0.00119156,-0.14215992,1.00000000,-0.81012749,-0.13360833
856,-0.00024498,-0.39185031,-1.00000000,-0.79421355,-0.13411381
857,0.00058412,-0.32484573,-1.00000000,-0.90040432,-0.21434615
858,-0.00109442,-0.27490842,-1.00000000,-0.97954638,-0.33046183
859,0.00191515,-0.23116865,1.00000000,-0.95119105,-0.17946483
860,-0.00401703,-0.31972113,-1.00000000,-0.90852592,-0.27694169
861,0.00346191,-0.16094944,1.00000000,-0.83990566,-0.14905641
862,-0.00556628,-0.47390493,-1.00000000,-0.66417106,-0.36124127
863,-0.00459349,-0.07934942,1.00000000,-0.71058363,-0.48195693
864,-0.00418192,-0.55563648,-1.00000000,-0.53464057,-0.69230201
865,0.00095191,-0.50431652,-1.00000000,-0.61597390,-0.52087695
866,0.00138222,-0.48260394,-1.00000000,-0.65038462,-0.59262491
867,0.00065430,-0.21176596,1.00000000,-0.92044113,-0.37801887
868,-0.00110859,-0.18906462,1.00000000,-0.88446339,-0.25779212
869,0.00105856,-0.22746625,1.00000000,-0.94532338,-0.07699898
870,-0.00194042,-0.32046875,-1.00000000,-0.90734107,-0.17678252
871,-0.00211079,-0.20613955,1.00000000,-0.91152423,-0.29728905
872,-0.00156513,-0.36435248,-1.00000000,-0.83779289,-0.37385819
873,-0.00236805,-0.37334023,-1.00000000,-0.82354886,-0.41730866
874,-0.00092425,-0.34455387,-1.00000000,-0.86917029,-0.48571418
875,0.00007245,-0.38691214,-1.00000000,-0.80203971,-0.41627137
876,-0.00062548,-0.31074358,-1.00000000,-0.92275381,-0.36502911
877,-0.00428946,-0.25816225,1.00000000,-0.99397128,-0.45901668
878,0.00211555,-0.29498183,-1.00000000,-0.94773346,-0.30433547
879,0.00267603,-0.48827733,-1.00000000,-0.64139327,-0.18012815
880,-0.00363204,-0.15037746,1.00000000,-0.82315088,-0.30793072
881,0.00161289,-0.12080882,1.00000000,-0.77628966,-0.23070854
882,-0.00342627,-0.45359477,-1.00000000,-0.69635917,-0.20092903
883,0.00141099,-0.17689559,1.00000000,-0.86517757,-0.22523572
884,-0.00113135,-0.44273925,-1.00000000,-0.71356332,-0.35658798
885,-0.00104500,-0.18754664,1.00000000,-0.88205766,-0.26733661
886,0.00005957,-0.32166945,-1.00000000,-0.90543817,-0.32092512
887,0.00030741,-0.31711379,-1.00000000,-0.91265811,-0.19211540
888,0.00107650,-0.25884181,1.00000000,-0.99504827,-0.20365514
889,0.00173919,-0.24576662,1.00000000,-0.97432632,-0.10462344
890,-0.00650525,-0.20519293,1.00000000,-0.91002399,-0.29299864
891,0.00025241,-0.17023263,1.00000000,-0.85461791,-0.28634584
892,-0.00295275,-0.60517248,-1.00000000,-0.45613452,-0.39881943
893,-0.00169170,-0.24866852,1.00000000,-0.97892534,-0.49432068
894,0.00415115,-0.41775844,-1.00000000,-0.75315361,-0.41110936
895,-0.00005619,-0.35123108,-1.00000000,-0.85858806,-0.18862110
896,-0.00008802,-0.04298793,1.00000000,-0.65295691,-0.20036573
897,0.00096479,-0.26494894,-1.00000000,-0.99533044,-0.06521309
898,-0.00072248,-0.26662811,-1.00000000,-0.99266925,-0.03177556
899,0.00360214,-0.21108638,1.00000000,-0.91936409,-0.05071620
900,-0.00346739,-0.30009923,-1.00000000,-0.93962327,-0.16840027
901,0.00336134,-0.07195149,1.00000000,-0.69885918,-0.04939955
902,0.00092734,-0.44490851,-1.00000000,-0.71012541,-0.05069142
903,0.00646668,-0.08465515,1.00000000,-0.71899230,0.19733010
904,-0.00161917,-0.21306188,1.00000000,-0.92249493,0.01719813
905,-0.00057112,0.07916915,1.00000000,-0.45935890,0.11711768
906,0.00911339,-0.34740485,-1.00000000,-0.86465198,0.31555979
907,-0.00327628,-0.29211400,-1.00000000,-0.95227848,0.17053749
908,-0.00062137,0.21879760,1.00000000,-0.23807175,-0.07399586
909,-0.00115883,-0.43482639,-1.00000000,-0.72610383,-0.05811439
910,0.00334309,-0.29476520,-1.00000000,-0.94807679,0.07692325
911,0.00257411,-0.32311930,-1.00000000,-0.90314041,-0.14867752
912,-0.00093343,-0.08561778,1.00000000,-0.72051790,-0.06785058
913,-0.00215043,-0.12618552,1.00000000,-0.78481081,-0.12060221
914,-0.00113362,-0.31122783,-1.00000000,-0.92198635,-0.11973231
915,-0.00197135,-0.37543168,-1.00000000,-0.82023426,-0.30307722
916,0.00235861,-0.32178907,-1.00000000,-0.90524859,-0.31051182
917,0.00233737,-0.36598427,-1.00000000,-0.83520679,-0.19767143
918,-0.00032595,-0.13755434,1.00000000,-0.80282843,-0.13472812
919,0.00318075,-0.13867510,1.00000000,-0.80460464,0.01411468
920,-0.00112335,-0.27918032,-1.00000000,-0.97277615,0.04337042
921,0.00098106,-0.09418235,1.00000000,-0.73409127,-0.00415434
922,0.00245822,-0.32124712,-1.00000000,-0.90610749,0.00001498
923,-0.00216518,-0.21022803,1.00000000,-0.91800376,-0.06343704
924,-0.00308992,-0.13229948,1.00000000,-0.79450038,-0.27977116
925,-0.00175534,-0.37620958,-1.00000000,-0.81900142,-0.30157461
926,0.00023606,-0.42499512,-1.00000000,-0.74168472,-0.32727678
927,-0.00065377,-0.35458841,-1.00000000,-0.85326727,-0.43463844
928,0.00053992,-0.24953116,1.00000000,-0.98029248,-0.34131417
929,0.00173772,-0.29647426,-1.00000000,-0.94536822,-0.17476368
930,0.00113343,-0.23350042,1.00000000,-0.95488650,-0.07510299
931,-0.00003972,-0.17031023,1.00000000,-0.85474090,-0.08461713
932,0.00256844,-0.20218976,1.00000000,-0.90526448,0.02654684
933,0.00057892,-0.26407995,-1.00000000,-0.99670765,0.02789212
934,0.00239730,-0.12648506,1.00000000,-0.78528553,0.05064728
935,0.00023587,-0.23144326,1.00000000,-0.95162626,0.01968215
936,-0.00100809,-0.13551360,1.00000000,-0.79959422,-0.01372577
937,0.00568605,-0.24954087,1.00000000,-0.98030786,0.09382982
938,-0.00216408,-0.31516651,-1.00000000,-0.91574421,-0.00080187
939,0.00125643,0.03798629,1.00000000,-0.52462666,-0.04016117
940,0.00007683,-0.37615170,-1.00000000,-0.81909315,-0.04564785
941,-0.00375099,-0.19570086,1.00000000,-0.89498069,-0.14027644
942,0.00168074,-0.25793097,1.00000000,-0.99360474,-0.27845690
943,0.00049598,-0.45987021,-1.00000000,-0.68641368,-0.18668666
944,-0.00044711,-0.17331585,1.00000000,-0.85950429,-0.24545763
945,0.00065823,-0.23581892,1.00000000,-0.95856094,-0.22539971
946,0.00103918,-0.28557198,-1.00000000,-0.96264647,-0.06014194
947,-0.00007585,-0.22725889,1.00000000,-0.94499476,-0.12074337
948,0.00059693,-0.20716212,1.00000000,-0.91314482,-0.11726047
949,0.00012781,-0.26598606,-1.00000000,-0.99368679,-0.09742595
950,-0.00148680,-0.23049296,1.00000000,-0.95012020,-0.17142827
951,0.00059216,-0.25524151,1.00000000,-0.98934241,-0.18684999
952,0.00620019,-0.34042141,-1.00000000,-0.87571953,0.02966935
953,-0.00077087,-0.23074462,1.00000000,-0.95051904,-0.01751896
954,-0.00014731,0.06510995,1.00000000,-0.48164030,-0.02701063
955,0.00080427,-0.30265216,-1.00000000,-0.93557731,0.05202984
956,-0.00034627,-0.26975594,-1.00000000,-0.98771217,0.01965470
957,0.00594890,-0.21955469,1.00000000,-0.93278492,0.01098566
958,-0.00162004,-0.28025188,-1.00000000,-0.97107791,-0.01831008
959,0.00100798,0.05185348,1.00000000,-0.50264953,0.02154667
960,0.00104806,-0.34745048,-1.00000000,-0.86457965,0.02995739
961,-0.00318969,-0.20880798,1.00000000,-0.91575324,-0.06813882
962,0.00112691,-0.20669322,1.00000000,-0.91240170,-0.23449452
963,0.00362015,-0.43025819,-1.00000000,-0.73334366,-0.05371117
964,0.00032387,-0.20253354,1.00000000,-0.90580931,-0.07731236
965,-0.00401505,-0.07100106,1.00000000,-0.69735291,-0.25198667
966,0.00102967,-0.24489833,1.00000000,-0.97295024,-0.10642161
967,-0.00285495,-0.47380086,-1.00000000,-0.66433599,-0.24379339
968,-0.00546974,-0.20766369,1.00000000,-0.91393973,-0.55738888
969,0.00033261,-0.41259907,-1.00000000,-0.76133033,-0.55708758
970,0.00422264,-0.55054352,-1.00000000,-0.54271204,-0.27289240
971,0.00290100,-0.24443759,1.00000000,-0.97222004,-0.20833245
972,0.00316357,-0.03921662,1.00000000,-0.64698003,-0.00069735
973,0.00118884,-0.10894022,1.00000000,-0.75747997,0.22901934
974,0.00056456,-0.09508861,1.00000000,-0.73552754,0.23702159
975,0.00009902,-0.19926645,1.00000000,-0.90063154,0.09475931
976,-0.00172751,-0.23220074,1.00000000,-0.95282674,-0.06492157
977,-0.00208115,-0.25676058,1.00000000,-0.99174987,-0.24586091
978,0.00148456,-0.35312027,-1.00000000,-0.85559402,-0.23565864
979,-0.00831342,-0.37177657,-1.00000000,-0.82602699,-0.54194336
980,-0.00223889,-0.18366539,1.00000000,-0.87590654,-0.62259961
981,0.00295093,-0.70056375,-1.00000000,-0.30495572,-0.46119627
982,0.00602633,-0.38009813,-1.00000000,-0.81283875,-0.18149328
983,-0.00113736,-0.10630627,1.00000000,-0.75330560,-0.27194796
984,0.00152753,0.05593831,1.00000000,-0.49617579,0.06755872
985,0.00410672,-0.32198644,-1.00000000,-0.90493579,0.28647821
986,0.00059946,-0.18139854,1.00000000,-0.87231397,0.20535377
987,-0.00385929,-0.04533186,1.00000000,-0.65667162,-0.13569390
988,0.00035160,-0.23035976,1.00000000,-0.94990910,-0.08432580
989,-0.00272460,-0.46558335,-1.00000000,-0.67735933,-0.23102165
990,0.00112508,-0.24343561,1.00000000,-0.97063208,-0.33388650
991,-0.00250560,-0.40572221,-1.00000000,-0.77222896,-0.44100898
992,-0.00246829,-0.20263023,1.00000000,-0.90596256,-0.39302058
993,-0.00107804,-0.39416880,-1.00000000,-0.79053914,-0.44234215
994,-0.00010638,-0.39220068,-1.00000000,-0.79365827,-0.35201517
995,0.00289916,-0.31885692,-1.00000000,-0.90989554,-0.29081057
996,-0.00212237,-0.26759645,-1.00000000,-0.99113460,-0.27758922
997,0.00604395,-0.10903767,1.00000000,-0.75763441,0.01607763
998,-0.00062524,-0.37395104,-1.00000000,-0.82258082,0.03169902
999,-0.00095056,0.05686740,1.00000000,-0.49470334,0.00257545
1000,0.00431057,-0.29496909,-1.00000000,-0.94775366,0.05126843
1001,-0.00153070,-0.31213149,-1.00000000,-0.92055421,0.07168052
1002,0.00082416,-0.03457756,1.00000000,-0.63962791,-0.10839874
1003,-0.00116382,-0.34273738,-1.00000000,-0.87204912,-0.12697962
1004,-0.00017009,-0.21850535,1.00000000,-0.93112189,-0.10005413
1005,0.00094990,-0.32338251,-1.00000000,-0.90272327,-0.21599541
1006,0.00100786,-0.27095769,-1.00000000,-0.98580760,-0.12841685
1007,-0.00265090,-0.21187211,1.00000000,-0.92060934,-0.24830411
1008,0.00154642,-0.20881441,1.00000000,-0.91576343,-0.15480240
1009,0.00184558,-0.40183396,-1.00000000,-0.77839117,-0.08526301
1010,-0.00104502,-0.18040202,1.00000000,-0.87073465,-0.15408651
1011,-0.00387642,-0.16461978,1.00000000,-0.84572252,-0.32259090
1012,0.00131511,-0.31711529,-1.00000000,-0.91265573,-0.18576606
1013,0.00126138,-0.46648715,-1.00000000,-0.67592697,-0.19559973
1014,-0.00056305,-0.19260482,1.00000000,-0.89007400,-0.27869601
1015,-0.00462049,-0.19543941,1.00000000,-0.89456634,-0.40204741
1016,-0.00069169,-0.29168856,-1.00000000,-0.95295274,-0.29217639
1017,-0.00475380,-0.50574120,-1.00000000,-0.61371603,-0.50154997
1018,0.00109914,-0.29847511,-1.00000000,-0.94219721,-0.50714732
1019,-0.00365225,-0.51277371,-1.00000000,-0.60257071,-0.61372261
1020,0.00035016,-0.20399874,1.00000000,-0.90813141,-0.44223823
1021,0.00012985,-0.45466085,-1.00000000,-0.69466961,-0.41389556
1022,-0.00204020,-0.24351153,1.00000000,-0.97075240,-0.32027808
1023,-0.00167200,-0.25513420,1.00000000,-0.98917234,-0.41588047
1024,0.00037147,-0.36961619,-1.00000000,-0.82945082,-0.27706491
1025,0.00066186,-0.35019155,-1.00000000,-0.86023554,-0.26631134
1026,-0.00268420,-0.24238754,1.00000000,-0.96897107,-0.36339405
1027,0.00062005,-0.22706742,1.00000000,-0.94469131,-0.27161716
1028,-0.00592436,-0.40359068,-1.00000000,-0.77560708,-0.41832091
1029,-0.00002410,-0.22927325,1.00000000,-0.94818717,-0.43196752
1030,-0.00092060,-0.57452728,-1.00000000,-0.50470189,-0.48656161
1031,0.00045368,-0.26325559,-1.00000000,-0.99801411,-0.37830693
1032,-0.00150107,-0.31055135,-1.00000000,-0.92305845,-0.45148420
1033,-0.00006063,-0.23805030,1.00000000,-0.96209729,-0.24918927
1034,-0.00164238,-0.34117412,-1.00000000,-0.87452661,-0.30501913
1035,-0.00250474,-0.26518289,-1.00000000,-0.99495968,-0.35967068
1036,0.00178724,-0.34862923,-1.00000000,-0.86271154,-0.31366368
1037,-0.00464974,-0.39412315,-1.00000000,-0.79061149,-0.42229095
1038,0.00239388,-0.16769754,1.00000000,-0.85060023,-0.33761207
1039,-0.00555129,-0.50728426,-1.00000000,-0.61127055,-0.47246693
1040,0.00343707,-0.13569403,1.00000000,-0.79988017,-0.26747844
1041,-0.00382361,-0.55484595,-1.00000000,-0.53589342,-0.46104909
1042,-0.00481490,-0.08065982,1.00000000,-0.71266039,-0.46674706
1043,-0.00279758,-0.46370098,-1.00000000,-0.68034257,-0.64584889
1044,0.00232319,-0.51599745,-1.00000000,-0.59746163,-0.37418420
1045,0.00002119,-0.40957212,-1.00000000,-0.76612753,-0.49202979
1046,-0.00116055,-0.13942304,1.00000000,-0.80579000,-0.40015592
1047,0.00078344,-0.26086639,1.00000000,-0.99825687,-0.20701663
1048,0.00212937,-0.32320974,-1.00000000,-0.90299708,-0.03704018
1049,-0.00255035,-0.22065362,1.00000000,-0.93452654,-0.20517435
1050,0.00026062,-0.14964834,1.00000000,-0.82199535,-0.19691426
1051,0.00449136,-0.39652965,-1.00000000,-0.78679760,-0.00192717
1052,-0.00064116,-0.24823525,1.00000000,-0.97823869,-0.05107485
1053,-0.00073269,-0.02504031,1.00000000,-0.62451301,-0.14981398
1054,-0.00016875,-0.29580904,-1.00000000,-0.94642248,-0.06765033
1055,0.00347729,-0.30063776,-1.00000000,-0.93876979,0.04332288
1056,-0.00179399,-0.27088703,-1.00000000,-0.98591959,-0.17351775
1057,-0.00040544,-0.07853777,1.00000000,-0.70929730,-0.16538571
1058,-0.00532669,-0.35662763,-1.00000000,-0.85003545,-0.32387578
1059,0.00066004,-0.28337373,-1.00000000,-0.96613032,-0.29528286
1060,-0.00291359,-0.54299685,-1.00000000,-0.55467221,-0.51576431
1061,-0.00403369,-0.22716344,1.00000000,-0.94484349,-0.59303229
1062,0.00225035,-0.41569255,-1.00000000,-0.75642770,-0.50140911
1063,-0.00552839,-0.47478392,-1.00000000,-0.66277801,-0.50836768
1064,0.00005623,-0.14326582,1.00000000,-0.81188015,-0.52919874
1065,0.00164439,-0.55363774,-1.00000000,-0.53780824,-0.37195122
1066,0.00210427,-0.25901778,1.00000000,-0.99532715,-0.16019557
1067,0.00023567,-0.17523354,1.00000000,-0.86254350,-0.22970081
1068,-0.00249660,-0.15097243,1.00000000,-0.82409380,-0.12510590
1069,0.00344776,-0.24955151,1.00000000,-0.98032473,-0.00810028
1070,0.00279978,-0.39369378,-1.00000000,-0.79129197,0.03175977
1071,-0.00039371,-0.08009570,1.00000000,-0.71176635,-0.05441901
1072,-0.00263989,-0.11428052,1.00000000,-0.76594343,-0.15362416
1073,-0.00036681,-0.28275489,-1.00000000,-0.96711107,-0.08014792
1074,-0.00201238,-0.40125357,-1.00000000,-0.77931099,-0.26851943
1075,-0.00102330,-0.28133573,-1.00000000,-0.96936019,-0.40041331
1076,-0.00025442,-0.36814874,-1.00000000,-0.83177647,-0.39560779
1077,0.00099361,-0.31596938,-1.00000000,-0.91447180,-0.27025407
1078,0.00184401,-0.27540641,-1.00000000,-0.97875715,-0.19398229
1079,-0.00129499,-0.20956577,1.00000000,-0.91695419,-0.16923265
1080,0.00290460,-0.16470280,1.00000000,-0.84585409,-0.03372252
1081,-0.00340729,-0.33030221,-1.00000000,-0.89175673,-0.14249460
1082,-0.00027597,-0.10875065,1.00000000,-0.75717953,-0.18629436
1083,0.00172766,-0.44173798,-1.00000000,-0.71515016,-0.19030818
1084,-0.00054260,-0.27654328,-1.00000000,-0.97695541,-0.16435120
1085,0.00032794,-0.17084064,1.00000000,-0.85558151,-0.25324416
1086,0.00090566,-0.29060945,-1.00000000,-0.95466295,-0.10445010
1087,0.00234230,-0.24468355,1.00000000,-0.97260986,-0.01412134
1088,0.00151351,-0.21420579,1.00000000,-0.92430783,-0.02150948
1089,0.00430310,-0.13841478,1.00000000,-0.80419208,0.14566387
1090,-0.00057777,-0.18213839,1.00000000,-0.87348651,0.11441741
1091,0.00165308,-0.03497210,1.00000000,-0.64025318,0.14020288
1092,0.00038721,-0.29246487,-1.00000000,-0.95172242,0.07275344
1093,0.00172976,-0.17477528,1.00000000,-0.86181724,0.08021390
1094,-0.00205096,-0.24155679,1.00000000,-0.96765447,-0.13899711
1095,0.00114562,-0.17073005,1.00000000,-0.85540624,-0.07954126
1096,-0.00018021,-0.37018414,-1.00000000,-0.82855072,-0.14278856
1097,0.00062494,-0.20154646,1.00000000,-0.90424497,-0.13458708
1098,-0.00210138,-0.27149149,-1.00000000,-0.98496162,-0.26675902
1099,0.00015509,-0.22901529,1.00000000,-0.94777835,-0.19065158
1100,0.00574614,-0.37284410,-1.00000000,-0.82433512,-0.03193662
1101,-0.00210306,-0.25380252,1.00000000,-0.98706185,-0.09827366
1102,0.00173318,0.04115652,1.00000000,-0.51960238,-0.06004017
1103,-0.00040991,-0.37293246,-1.00000000,-0.82419510,-0.00168526
1104,-0.00257954,-0.17054958,1.00000000,-0.85512023,-0.09602819
1105,0.00132785,-0.28360922,-1.00000000,-0.96575711,-0.24845644
1106,0.00337444,-0.39806940,-1.00000000,-0.78435736,-0.05948609
1107,0.00169953,-0.19193297,1.00000000,-0.88900924,-0.06064680
1108,-0.00199795,-0.08396368,1.00000000,-0.71789643,-0.11543346
1109,-0.00298489,-0.17232452,1.00000000,-0.85793320,-0.12941779
1110,-0.00133763,-0.36738761,-1.00000000,-0.83298273,-0.22137513
1111,0.00087135,-0.41945390,-1.00000000,-0.75046659,-0.30773015
1112,0.00223027,-0.33255185,-1.00000000,-0.88819143,-0.28942000
1113,0.00013687,-0.21601564,1.00000000,-0.92717614,-0.21577002
1114,0.00102229,-0.14432508,1.00000000,-0.81355890,-0.07752506
1115,-0.00136971,-0.25476389,1.00000000,-0.98858546,-0.07863182
1116,-0.00281480,-0.20805312,1.00000000,-0.91455691,-0.20580188
1117,0.00082809,-0.33424429,-1.00000000,-0.88550921,-0.25417628
1118,0.00341965,-0.41048096,-1.00000000,-0.76468717,-0.14092252
1119,-0.00103825,-0.21829801,1.00000000,-0.93079330,-0.21200964
1120,-0.00053173,-0.08157905,1.00000000,-0.71411720,-0.18309971
1121,0.00261734,-0.31675778,-1.00000000,-0.91322232,0.00430589
1122,0.00118992,-0.29003594,-1.00000000,-0.95557186,0.01678890
1123,-0.00027030,-0.12390495,1.00000000,-0.78119650,-0.11051196
1124,0.00000839,-0.19920930,1.00000000,-0.90054096,-0.07440351
1125,-0.00074552,-0.27624438,-1.00000000,-0.97742911,-0.08177930
1126,-0.00299311,-0.26154163,1.00000000,-0.99932701,-0.27533633
1127,-0.00322938,-0.30131482,-1.00000000,-0.93769677,-0.42779963
1128,0.00088238,-0.41988756,-1.00000000,-0.74977931,-0.38803284
1129,-0.00154747,-0.43235240,-1.00000000,-0.73002468,-0.44170919
1130,0.00154722,-0.21543399,1.00000000,-0.92625432,-0.36261092
1131,-0.00103347,-0.34362217,-1.00000000,-0.87064688,-0.29500460
1132,-0.00129985,-0.18035971,1.00000000,-0.87066760,-0.22843697
1133,-0.00201951,-0.31650565,-1.00000000,-0.91362191,-0.32855023
1134,0.00206667,-0.33055884,-1.00000000,-0.89135001,-0.20386445
1135,-0.00636942,-0.36852470,-1.00000000,-0.83118064,-0.47698372
1136,-0.00228571,-0.15295578,1.00000000,-0.82723707,-0.52018527
1137,-0.00385541,-0.59800693,-1.00000000,-0.46749069,-0.60835036
1138,-0.00269573,-0.38256838,-1.00000000,-0.80892381,-0.63167958
1139,0.00130285,-0.46537872,-1.00000000,-0.67768363,-0.65803119
1140,0.00141826,-0.40419916,-1.00000000,-0.77464273,-0.38936114
1141,0.00084875,-0.19325200,1.00000000,-0.89109967,-0.28122436
1142,0.00023613,-0.18716334,1.00000000,-0.88145018,-0.14006879
1143,0.00142661,-0.21720830,1.00000000,-0.92906630,0.00214940
1144,0.00058500,-0.24952711,1.00000000,-0.98028606,-0.02261583
1145,0.00146572,-0.18672263,1.00000000,-0.88075174,-0.02097860
1146,0.00264290,-0.23112239,1.00000000,-0.95111774,0.04091852
1147,0.00053963,-0.18465971,1.00000000,-0.87748237,0.05138911
1148,0.00067806,-0.12255677,1.00000000,-0.77905986,0.02556446
1149,0.00016699,-0.23351574,1.00000000,-0.95491079,0.01114327
1150,0.00389711,-0.22621304,1.00000000,-0.94333727,0.09502483
1151,-0.00435046,-0.25317491,1.00000000,-0.98606720,-0.14624166
1152,0.00066026,-0.05639010,1.00000000,-0.67419705,-0.14207995
1153,-0.00270203,-0.49149552,-1.00000000,-0.63629300,-0.25869090
1154,0.00309511,-0.22715177,1.00000000,-0.94482498,-0.15767254
1155,-0.00030742,-0.40453162,-1.00000000,-0.77411585,-0.30272609
1156,-0.00114220,-0.09870014,1.00000000,-0.74125119,-0.19204303
1157,0.00182641,-0.27820239,-1.00000000,-0.97432600,-0.15181185
1158,0.00144318,-0.32224172,-1.00000000,-0.90453122,-0.00880472
1159,-0.00009492,-0.16563125,1.00000000,-0.84732552,-0.11885866
1160,0.00068252,-0.18584865,1.00000000,-0.87936663,-0.08470633
1161,-0.00151686,-0.26699190,-1.00000000,-0.99209270,-0.09763199
1162,0.00077929,-0.22597749,1.00000000,-0.94296395,-0.13375683
1163,-0.00152924,-0.34200733,-1.00000000,-0.87320611,-0.23630325
1164,-0.00324543,-0.22087246,1.00000000,-0.93487336,-0.34499383
1165,-0.00126984,-0.34266009,-1.00000000,-0.87217161,-0.41234915
1166,-0.00270840,-0.43319885,-1.00000000,-0.72868321,-0.45345651
1167,0.00428137,-0.32897557,-1.00000000,-0.89385922,-0.33263690
1168,0.00376954,-0.40486769,-1.00000000,-0.77358323,-0.14983267
1169,-0.00345284,-0.03611809,1.00000000,-0.64206939,-0.15698822
1170,-0.00182953,-0.06312039,1.00000000,-0.68486340,-0.17629726
1171,-0.00093948,-0.44414095,-1.00000000,-0.71134186,-0.11527044
1172,0.00048728,-0.35850248,-1.00000000,-0.84706414,-0.24616441
1173,-0.00169117,-0.31154698,-1.00000000,-0.92148055,-0.43455539
1174,0.00078454,-0.23627793,1.00000000,-0.95928838,-0.28836833
1175,-0.00119821,-0.35120320,-1.00000000,-0.85863224,-0.26658804
1176,-0.00114541,-0.22059532,1.00000000,-0.93443413,-0.27369253
1177,0.00023657,-0.32519660,-1.00000000,-0.89984825,-0.28234161
1178,0.00132218,-0.32241100,-1.00000000,-0.90426294,-0.17838279
1179,-0.00046733,-0.24950388,1.00000000,-0.98024924,-0.22157174
1180,0.00153692,-0.19223194,1.00000000,-0.88948305,-0.12721139
1181,-0.00314842,-0.28663880,-1.00000000,-0.96095574,-0.19631421
1182,-0.00047196,-0.18090307,1.00000000,-0.87152874,-0.22075819
1183,0.00045788,-0.42808133,-1.00000000,-0.73679359,-0.25057589
1184,-0.00064981,-0.28688300,-1.00000000,-0.96056872,-0.25687108
1185,-0.00015118,-0.23782843,1.00000000,-0.96174567,-0.31510946
1186,0.00049560,-0.29626525,-1.00000000,-0.94569947,-0.18939298
1187,0.00385119,-0.26995975,-1.00000000,-0.98738917,-0.04024684
1188,0.00151798,-0.23583881,1.00000000,-0.95859246,-0.00367420
1189,-0.00065418,-0.05881241,1.00000000,-0.67803599,-0.00382505
1190,-0.00218503,-0.18190246,1.00000000,-0.87311260,-0.07399190
1191,0.00122868,-0.29649592,-1.00000000,-0.94533389,-0.04870092
1192,-0.00140189,-0.37725717,-1.00000000,-0.81734118,-0.22992887
1193,-0.00180407,-0.19716448,1.00000000,-0.89730027,-0.34453753
1194,0.00049764,-0.33594170,-1.00000000,-0.88281910,-0.30480064
1195,-0.00228187,-0.35715920,-1.00000000,-0.84919301,-0.30814149
1196,-0.00211377,-0.23573124,1.00000000,-0.95842198,-0.42345399
1197,0.00102285,-0.38236592,-1.00000000,-0.80924468,-0.33980223
1198,-0.00060524,-0.37349750,-1.00000000,-0.82329960,-0.29844323
1199,0.00302897,-0.20802349,1.00000000,-0.91450994,-0.21111398
1200,-0.00216866,-0.29391404,-1.00000000,-0.94942573,-0.20720805
1201,-0.00225818,-0.10218951,1.00000000,-0.74678124,-0.21219010
1202,-0.00682019,-0.37639307,-1.00000000,-0.81871062,-0.48277007
1203,-0.00461616,-0.38111592,-1.00000000,-0.81122571,-0.62114428
1204,0.00124760,-0.62178768,-1.00000000,-0.42980227,-0.68260042
1205,-0.00107741,-0.50551247,-1.00000000,-0.61407853,-0.64495301
1206,-0.00552287,-0.19616671,1.00000000,-0.89571898,-0.75758268
1207,-0.00248443,-0.31882359,-1.00000000,-0.90994838,-0.60800160
1208,-0.00199626,-0.55334644,-1.00000000,-0.53826990,-0.51761665
1209,-0.00066381,-0.39305200,-1.00000000,-0.79230908,-0.58355883
1210,0.00046297,-0.36729804,-1.00000000,-0.83312468,-0.53041694
1211,-0.00113042,-0.29700384,-1.00000000,-0.94452892,-0.37888047
1212,0.00002170,-0.23756033,1.00000000,-0.96132077,-0.29242062
1213,-0.00572078,-0.32162062,-1.00000000,-0.90551556,-0.42091437
1214,-0.00202574,-0.26083974,1.00000000,-0.99821464,-0.46790030
1215,0.00232155,-0.56378750,-1.00000000,-0.52172261,-0.40378030
1216,0.00246011,-0.36885356,-1.00000000,-0.83065945,-0.27990899
1217,0.00338380,-0.13950962,1.00000000,-0.80592722,-0.16391868
1218,-0.00161439,-0.13219968,1.00000000,-0.79434222,-0.02225070
1219,-0.00008117,-0.08347022,1.00000000,-0.71711439,0.04483562
1220,-0.00013007,-0.34715234,-1.00000000,-0.86505217,-0.03974388
1221,0.00551647,-0.26626681,-1.00000000,-0.99324184,0.06569863
1222,0.00004685,-0.26884651,-1.00000000,-0.98915347,-0.04942401
1223,-0.00133729,0.02904039,1.00000000,-0.53880437,-0.03986433
1224,0.00142428,-0.25951290,1.00000000,-0.99611183,0.01207288
1225,-0.00271537,-0.33253392,-1.00000000,-0.88821986,-0.07711821
1226,-0.00212859,-0.18684572,1.00000000,-0.88094682,-0.34086810
1227,0.00046503,-0.40523531,-1.00000000,-0.77300062,-0.32644115
1228,-0.00135930,-0.37427941,-1.00000000,-0.82206041,-0.32720050
1229,-0.00044374,-0.23745157,1.00000000,-0.96114840,-0.39164591
1230,0.00077460,-0.33369509,-1.00000000,-0.88637960,-0.27124421
1231,-0.00393059,-0.28539405,-1.00000000,-0.96292845,-0.33341222
1232,-0.00215091,-0.22112001,1.00000000,-0.93526569,-0.42366050
1233,-0.00181731,-0.46934519,-1.00000000,-0.67139747,-0.43946166
1234,-0.00085686,-0.37545701,-1.00000000,-0.82019412,-0.45371394
1235,-0.00106536,-0.35785783,-1.00000000,-0.84808581,-0.51719148
1236,-0.00225625,-0.30718828,-1.00000000,-0.92838834,-0.45942754
1237,0.00172306,-0.31818830,-1.00000000,-0.91095520,-0.32577813
1238,0.00332943,-0.38101400,-1.00000000,-0.81138724,-0.14821869
1239,0.00137877,-0.17108364,1.00000000,-0.85596663,-0.07109115
1240,0.00070217,-0.08633832,1.00000000,-0.72165984,-0.01011234
1241,0.00337840,-0.18924676,1.00000000,-0.88475205,0.18427927
1242,0.00238857,-0.22494102,1.00000000,-0.94132133,0.20723922
1243,0.00001038,-0.08375515,1.00000000,-0.71756596,0.09273399
1244,-0.00540827,-0.13597385,1.00000000,-0.80032363,-0.14141436
1245,-0.00279277,-0.26143689,1.00000000,-0.99916103,-0.26198740
1246,-0.00036316,-0.54730061,-1.00000000,-0.54785150,-0.39106870
1247,-0.00085941,-0.40931834,-1.00000000,-0.76652973,-0.50312199
1248,-0.00151217,-0.28114308,-1.00000000,-0.96966552,-0.55564906
1249,-0.00004944,-0.30732297,-1.00000000,-0.92817488,-0.37077309
1250,0.00020687,-0.34176000,-1.00000000,-0.87359810,-0.26728751
1251,-0.00435811,-0.26459285,-1.00000000,-0.99589479,-0.40511092
1252,-0.00044715,-0.25107075,1.00000000,-0.98273246,-0.39088832
1253,0.00009998,-0.49189923,-1.00000000,-0.63565318,-0.33527010
1254,0.00102666,-0.28557411,-1.00000000,-0.96264309,-0.29814523
1255,0.00059778,-0.25670999,1.00000000,-0.99166969,-0.28465930
1256,0.00124487,-0.20782242,1.00000000,-0.91419129,-0.09135988
1257,0.00272939,-0.23044839,1.00000000,-0.95004957,0.01822884
1258,0.00032451,-0.19631054,1.00000000,-0.89594693,0.02597494
1259,-0.00015516,-0.11799377,1.00000000,-0.77182828,-0.01479713
1260,-0.00045760,-0.24486484,1.00000000,-0.97289716,-0.05120693
1261,0.00445514,-0.27017005,-1.00000000,-0.98705588,0.05954536
1262,-0.00646160,-0.28612536,-1.00000000,-0.96176946,-0.25753800
1263,-0.00086345,-0.02695089,1.00000000,-0.62754095,-0.29852173
1264,0.00020600,-0.60286978,-1.00000000,-0.45978390,-0.28606195
1265,-0.00006094,-0.30753615,-1.00000000,-0.92783703,-0.27237759
1266,-0.00077287,-0.25111687,1.00000000,-0.98280557,-0.45274050
1267,0.00017842,-0.26519957,-1.00000000,-0.99493325,-0.22366412
1268,0.00252962,-0.30275740,-1.00000000,-0.93541052,-0.10660543
1269,0.00152060,-0.25257185,1.00000000,-0.98511145,-0.06125258
1270,0.00113016,-0.12853289,1.00000000,-0.78853099,-0.02016029
1271,0.00437279,-0.18176441,1.00000000,-0.87289381,0.15736165
1272,-0.00363909,-0.20236226,1.00000000,-0.90553788,0.02566012
1273,0.00005638,-0.03129523,1.00000000,-0.63442598,-0.05966490
1274,-0.00119270,-0.45396657,-1.00000000,-0.69576994,-0.15327181
1275,-0.00094180,-0.25900981,1.00000000,-0.99531451,-0.22475294
1276,-0.00198333,-0.32490578,-1.00000000,-0.90030914,-0.44403526
1277,0.00229091,-0.31166943,-1.00000000,-0.92128649,-0.23945414
1278,0.00163828,-0.36661633,-1.00000000,-0.83420508,-0.18487958
1279,-0.00069106,-0.14112618,1.00000000,-0.80848920,-0.16757343
1280,0.00280347,-0.17555574,1.00000000,-0.86305413,-0.03836420
1281,-0.00022502,-0.29844165,-1.00000000,-0.94225024,0.02229649
1282,0.00265994,-0.11408587,1.00000000,-0.76563493,0.03502786
1283,0.00066727,-0.27385551,-1.00000000,-0.98121507,0.00152840
1284,-0.00039244,-0.12165769,1.00000000,-0.77763498,0.01183066
1285,0.00639538,-0.22678229,1.00000000,-0.94423943,0.13574939
1286,0.00477612,-0.28268769,-1.00000000,-0.96721757,0.30828571
1287,-0.00062482,0.07540759,1.00000000,-0.46532031,0.19496339
1288,-0.00255499,-0.01001724,1.00000000,-0.60070401,0.08379738
1289,0.00057293,-0.29494739,-1.00000000,-0.94778805,0.11710202
1290,0.00180307,-0.39677461,-1.00000000,-0.78640938,-0.04132972
1291,0.00209831,-0.23175905,1.00000000,-0.95212673,-0.13371254
1292,0.00107712,-0.16686230,1.00000000,-0.84927653,-0.07499662
1293,-0.00017810,-0.15128675,1.00000000,-0.82459195,0.00700469
1294,0.00128978,-0.20516047,1.00000000,-0.90997254,0.03173551
1295,-0.00250121,-0.27138023,-1.00000000,-0.98513795,-0.11675934
1296,-0.00096329,-0.19394129,1.00000000,-0.89219208,-0.22238279
1297,-0.00596706,-0.39393694,-1.00000000,-0.79090660,-0.46540257
1298,0.00033325,-0.31280352,-1.00000000,-0.91948914,-0.44776130
1299,-0.00005877,-0.57678030,-1.00000000,-0.50113125,-0.49428558
1300,-0.00108380,-0.24440364,1.00000000,-0.97216624,-0.44538590
1301,0.00171723,-0.26508507,-1.00000000,-0.99511471,-0.35290951
1302,-0.00149961,-0.31916076,-1.00000000,-0.90941401,-0.19878514
1303,0.00122778,-0.17139092,1.00000000,-0.85645360,-0.16792423
1304,0.00091803,-0.34109712,-1.00000000,-0.87464865,-0.13422510
1305,0.00062855,-0.19721191,1.00000000,-0.89737544,-0.07515015
1306,-0.00052755,-0.21355319,1.00000000,-0.92327357,-0.15259350
1307,0.00255955,-0.22882481,1.00000000,-0.94747648,-0.01255504
1308,0.00051356,-0.28981537,-1.00000000,-0.95592142,-0.03719535
1309,-0.00016006,-0.12695377,1.00000000,-0.78602835,-0.07438879
1310,0.00057388,-0.23489127,1.00000000,-0.95709077,-0.07627497
1311,0.00264264,-0.27042847,-1.00000000,-0.98664633,0.03309436
1312,-0.00302638,-0.23170911,1.00000000,-0.95204758,-0.15961675
1313,0.00046215,-0.12257051,1.00000000,-0.77908163,-0.16139018
1314,0.00126147,-0.42164282,-1.00000000,-0.74699754,-0.11234847
1315,-0.00124290,-0.23760317,1.00000000,-0.96138866,-0.17502608
1316,0.00108637,-0.19543509,1.00000000,-0.89455949,-0.22871621
1317,-0.00012320,-0.32755415,-1.00000000,-0.89611192,-0.12855824
1318,-0.00240360,-0.20467213,1.00000000,-0.90919862,-0.22742510
1319,0.00042814,-0.26848373,-1.00000000,-0.98972841,-0.25617441
1320,0.00118520,-0.38878792,-1.00000000,-0.79906692,-0.17240660
1321,-0.00058280,-0.23939782,1.00000000,-0.96423288,-0.22999211
1322,-0.00454103,-0.19945850,1.00000000,-0.90093591,-0.38240454
1323,-0.00247679,-0.29273046,-1.00000000,-0.95130150,-0.38492941
1324,-0.00067709,-0.50154904,-1.00000000,-0.62035989,-0.42305896
1325,-0.00070784,-0.39264890,-1.00000000,-0.79294792,-0.48836763
1326,-0.00125930,-0.29770458,-1.00000000,-0.94341838,-0.51170628
1327,0.00238874,-0.29932691,-1.00000000,-0.94084726,-0.27263357
1328,-0.00186090,-0.32841934,-1.00000000,-0.89474076,-0.25138561
1329,0.00088182,-0.13596498,1.00000000,-0.80030957,-0.19760414
1330,-0.00052753,-0.36015704,-1.00000000,-0.84444194,-0.19138361
1331,0.00315496,-0.21546328,1.00000000,-0.92630074,-0.03909458
1332,0.00431419,-0.28981463,-1.00000000,-0.95592260,0.02733212
1333,-0.00023757,-0.09554272,1.00000000,-0.73624723,0.08333574
1334,-0.00446349,-0.03438691,1.00000000,-0.63932577,-0.10107434
1335,0.00014033,-0.27451771,-1.00000000,-0.98016559,-0.07803361
1336,-0.00086538,-0.49745861,-1.00000000,-0.62684252,-0.21673291
1337,-0.00066474,-0.25458131,1.00000000,-0.98829610,-0.38850292
1338,-0.00121742,-0.30763826,-1.00000000,-0.92767519,-0.42230686
1339,0.00029434,-0.29705335,-1.00000000,-0.94445046,-0.25816457
1340,-0.00425631,-0.32620986,-1.00000000,-0.89824240,-0.40984580
1341,0.00008455,-0.24645628,1.00000000,-0.97541932,-0.37707364
1342,-0.00008958,-0.48652850,-1.00000000,-0.64416487,-0.35723096
1343,-0.00087976,-0.25752388,1.00000000,-0.99295958,-0.34558217
1344,0.00037234,-0.26671041,-1.00000000,-0.99253882,-0.34289136
1345,-0.00214849,-0.30839682,-1.00000000,-0.92647301,-0.27017275
1346,0.00077625,-0.24234156,1.00000000,-0.96889819,-0.24630948
1347,0.00572204,-0.37532900,-1.00000000,-0.82039699,-0.04581222
1348,0.00185823,-0.22103276,1.00000000,-0.93512740,0.04864666
1349,0.00038949,0.03988503,1.00000000,-0.52161748,0.04923855
1350,-0.00134509,-0.16395263,1.00000000,-0.84466520,0.07695534
1351,-0.00020269,-0.24143646,1.00000000,-0.96746376,0.04318254
1352,0.00103586,-0.33294517,-1.00000000,-0.88756808,-0.11848774
1353,0.00069917,-0.27267730,-1.00000000,-0.98308233,-0.15847459
1354,-0.00222355,-0.20733715,1.00000000,-0.91342221,-0.24862283
1355,-0.00272177,-0.22509954,1.00000000,-0.94157255,-0.29611765
1356,-0.00086494,-0.37928891,-1.00000000,-0.81412121,-0.31896479
1357,0.00063118,-0.40557308,-1.00000000,-0.77246532,-0.33292601
1358,-0.00327269,-0.30761458,-1.00000000,-0.92771272,-0.46995243
1359,0.00096753,-0.22868629,1.00000000,-0.94725694,-0.35986238
1360,0.00282167,-0.43463695,-1.00000000,-0.72640407,-0.16861712
1361,-0.00139242,-0.21094193,1.00000000,-0.91913518,-0.18681498
1362,-0.00831725,-0.11312557,1.00000000,-0.76411302,-0.49553011
1363,-0.00202386,-0.33544229,-1.00000000,-0.88361058,-0.45244645
1364,0.00066425,-0.70076583,-1.00000000,-0.30463546,-0.46290944
1365,0.00200151,-0.36875448,-1.00000000,-0.83081647,-0.49120435
1366,0.00291655,-0.22694168,1.00000000,-0.94449203,-0.34254758
1367,0.00029872,-0.15639345,1.00000000,-0.83268519,-0.04530200
1368,-0.00342198,-0.10812003,1.00000000,-0.75618011,-0.09353607
1369,0.00018540,-0.24622525,1.00000000,-0.97505318,-0.11005604
1370,-0.00299257,-0.44251284,-1.00000000,-0.71392214,-0.28234877
1371,-0.00102196,-0.25220360,1.00000000,-0.98452785,-0.41822503
1372,0.00353388,-0.41985923,-1.00000000,-0.74982422,-0.30661392
1373,-0.00026853,-0.31589864,-1.00000000,-0.91458391,-0.19782180
1374,-0.00024438,-0.07555229,1.00000000,-0.70456583,-0.21264881
1375,-0.00051150,-0.27615063,-1.00000000,-0.97757769,-0.12705330
1376,0.00060499,-0.27487669,-1.00000000,-0.97959667,-0.07092444
1377,0.00195377,-0.28896871,-1.00000000,-0.95726324,-0.12543733
1378,-0.00218706,-0.23006777,1.00000000,-0.94944635,-0.19162565
1379,0.00064149,-0.15891206,1.00000000,-0.83667676,-0.16106388
1380,-0.00318376,-0.37736416,-1.00000000,-0.81717161,-0.25325528
1381,0.00099854,-0.22814238,1.00000000,-0.94639494,-0.23967811
1382,0.00207197,-0.42994553,-1.00000000,-0.73383917,-0.23560021
1383,-0.00423588,-0.20930590,1.00000000,-0.91654235,-0.30628305
1384,-0.00481128,-0.15267623,1.00000000,-0.82679403,-0.49440013
1385,0.00035970,-0.48545061,-1.00000000,-0.64587314,-0.37215308
1386,0.00002918,-0.51580637,-1.00000000,-0.59776447,-0.40559544
1387,-0.00187017,-0.24300838,1.00000000,-0.96995499,-0.54159697
1388,0.00074431,-0.26044512,1.00000000,-0.99758923,-0.36978366
1389,-0.00148192,-0.36064641,-1.00000000,-0.84366638,-0.25492264
1390,0.00040141,-0.22271795,1.00000000,-0.93779814,-0.25348372
1391,0.00286064,-0.34016373,-1.00000000,-0.87612791,-0.15579991
1392,0.00115053,-0.24080802,1.00000000,-0.96646781,-0.05158756
1393,0.00691460,-0.11106945,1.00000000,-0.76085443,0.16128344
1394,-0.00109317,-0.20128747,1.00000000,-0.90383451,0.17469485
1395,-0.00136740,0.10279911,1.00000000,-0.42190945,0.11367202
1396,-0.00095153,-0.31965533,-1.00000000,-0.90863020,-0.01784567
1397,0.00050109,-0.33412262,-1.00000000,-0.88570203,-0.04025092
1398,0.00050404,-0.31218304,-1.00000000,-0.92047250,-0.26141116
1399,0.00558912,-0.23554902,1.00000000,-0.95813319,-0.03087636
1400,-0.00046242,-0.23539365,1.00000000,-0.95788696,0.00034507
1401,-0.00248972,0.03287278,1.00000000,-0.53273069,-0.05272158
1402,-0.00379698,-0.28637959,-1.00000000,-0.96136654,-0.20100227
1403,0.00068615,-0.39333124,-1.00000000,-0.79186653,-0.19471935
1404,0.00428625,-0.46229618,-1.00000000,-0.68256893,-0.23966765
1405,-0.00106410,-0.22578598,1.00000000,-0.94266044,-0.26042540
1406,-0.00338225,-0.03586104,1.00000000,-0.64166201,-0.29121683
1407,-0.00066670,-0.31812182,-1.00000000,-0.91106055,-0.18322437
1408,-0.00170182,-0.44041673,-1.00000000,-0.71724411,-0.26560778
1409,0.00197739,-0.29715680,-1.00000000,-0.94428652,-0.34526179
1410,-0.00600230,-0.35176464,-1.00000000,-0.85774246,-0.51562657
1411,-0.00033654,-0.15766599,1.00000000,-0.83470194,-0.41055159
1412,-0.00315027,-0.57863943,-1.00000000,-0.49818485,-0.49623297
1413,-0.00113514,-0.27973867,-1.00000000,-0.97189126,-0.47668294
1414,0.00041877,-0.42817864,-1.00000000,-0.73663937,-0.53045432
1415,-0.00001613,-0.32186921,-1.00000000,-0.90512158,-0.32393498
1416,0.00106556,-0.23989185,1.00000000,-0.96501582,-0.27556365
1417,0.00218217,-0.26283517,-1.00000000,-0.99868040,-0.09159777
1418,-0.00181182,-0.20577042,1.00000000,-0.91093922,-0.11494305
1419,-0.00412709,-0.14686258,1.00000000,-0.81758041,-0.27177256
1420,-0.00139298,-0.35756823,-1.00000000,-0.84854476,-0.31927296
1421,-0.00139033,-0.47971165,-1.00000000,-0.65496840,-0.40399937
1422,0.00322764,-0.33547161,-1.00000000,-0.88356412,-0.36793135
1423,0.00296813,-0.33533195,-1.00000000,-0.88378545,-0.20302590
1424,-0.00057189,-0.09170827,1.00000000,-0.73017027,-0.08037371
1425,0.00077205,-0.10539890,1.00000000,-0.75186757,-0.00568180
1426,0.00154663,-0.29215496,-1.00000000,-0.95221358,0.09564133
1427,0.00120588,-0.22125459,1.00000000,-0.93547896,0.02589187
1428,0.00316794,-0.18039113,1.00000000,-0.87071740,0.03278528
1429,0.00201843,-0.19836741,1.00000000,-0.89920672,0.12214977
1430,-0.00626194,-0.09485766,1.00000000,-0.73516153,-0.12051849
1431,-0.00066496,-0.15550100,1.00000000,-0.83127081,-0.19681690
1432,0.00337928,-0.59233688,-1.00000000,-0.47647674,-0.12183608
1433,0.00078098,-0.29706478,-1.00000000,-0.94443236,-0.20418499
1434,-0.00082540,-0.08370860,1.00000000,-0.71749217,-0.30229525
1435,0.00061087,-0.22078357,1.00000000,-0.93473248,-0.06518748
1436,0.00064456,-0.30552879,-1.00000000,-0.93101835,-0.02000985
1437,-0.00071100,-0.22975755,1.00000000,-0.94895471,-0.16112197
1438,0.00323518,-0.22798025,1.00000000,-0.94613799,-0.07645357
1439,-0.00009956,-0.29949376,-1.00000000,-0.94058283,-0.05141265
1440,0.00061617,-0.09131075,1.00000000,-0.72954028,-0.05122981
1441,-0.00281295,-0.26723684,-1.00000000,-0.99170452,-0.17051168
1442,0.00494878,-0.22947795,1.00000000,-0.94851158,0.02474736
1443,-0.00078107,-0.41038314,-1.00000000,-0.76484220,-0.11381071
1444,-0.00109197,-0.00090847,1.00000000,-0.58626818,-0.14804818
1445,-0.00247225,-0.30319031,-1.00000000,-0.93472443,-0.25459683
1446,0.00110704,-0.31959193,-1.00000000,-0.90873068,-0.11935978
1447,-0.00091560,-0.39240951,-1.00000000,-0.79332732,-0.32167745
1448,-0.00472241,-0.20358199,1.00000000,-0.90747093,-0.45765107
1449,-0.00323558,-0.31028764,-1.00000000,-0.92347638,-0.53160437
1450,-0.00326446,-0.51111781,-1.00000000,-0.60519503,-0.55893485
1451,0.00442575,-0.43267948,-1.00000000,-0.72950632,-0.44444130
1452,-0.00004659,-0.43420260,-1.00000000,-0.72709243,-0.41446096
1453,-0.00018475,-0.02850130,1.00000000,-0.62999808,-0.25791467
1454,-0.00078265,-0.26444244,-1.00000000,-0.99613316,-0.17328993
1455,0.00113367,-0.27173109,-1.00000000,-0.98458190,-0.02155737
1456,-0.00025871,-0.30327343,-1.00000000,-0.93459270,-0.18316836
1457,-0.00193956,-0.20217693,1.00000000,-0.90524416,-0.24847437
1458,-0.00064681,-0.27563281,-1.00000000,-0.97839834,-0.26441493
1459,0.00406479,-0.36430678,-1.00000000,-0.83786532,-0.09718137
1460,0.00104026,-0.29610700,-1.00000000,-0.94595027,-0.10040416
1461,-0.00653288,-0.04754402,1.00000000,-0.66017752,-0.31685916
1462,0.00033931,-0.20710514,1.00000000,-0.91305452,-0.23823978
1463,0.00071295,-0.60663044,-1.00000000,-0.45382390,-0.19132918
1464,-0.00160836,-0.24408398,1.00000000,-0.97165963,-0.38704928
1465,-0.00180691,-0.22437247,1.00000000,-0.94042027,-0.48527459
1466,-0.00270854,-0.34683434,-1.00000000,-0.86555614,-0.35333716
1467,-0.00055411,-0.35730886,-1.00000000,-0.84895582,-0.38415938
1468,0.00060170,-0.40487498,-1.00000000,-0.77357168,-0.38799738
1469,-0.00023619,-0.29121655,-1.00000000,-0.95370079,-0.34065829
1470,-0.00014544,-0.23024145,1.00000000,-0.94972159,-0.28333886
1471,0.00199269,-0.27444457,-1.00000000,-0.98028150,-0.12114930
1472,0.00044832,-0.26965742,-1.00000000,-0.98786832,-0.08656622
1473,0.00098363,-0.15685872,1.00000000,-0.83342257,-0.07338968
1474,0.00097485,-0.23833296,1.00000000,-0.96254525,-0.03160966
1475,0.00310044,-0.21009222,1.00000000,-0.91778853,0.08037126
1476,0.00255906,-0.21055559,1.00000000,-0.91852290,0.09991041
1477,0.00056346,-0.09841896,1.00000000,-0.74080558,0.10388248
1478,-0.00187078,-0.12697994,1.00000000,-0.78606982,0.00540690
1479,0.00035492,-0.23225897,1.00000000,-0.95291902,-0.01598033
1480,-0.00188789,-0.36067863,-1.00000000,-0.84361531,-0.18807464
1481,-0.00034271,-0.24326043,1.00000000,-0.97035444,-0.28818377
1482,-0.00501185,-0.36158131,-1.00000000,-0.84218472,-0.48052829
1483,-0.00125993,-0.28006434,-1.00000000,-0.97137512,-0.45945428
1484,-0.00011031,-0.52638744,-1.00000000,-0.58099528,-0.47550450
1485,-0.00022174,-0.32845278,-1.00000000,-0.89468775,-0.41802322
1486,0.00040297,-0.26780401,-1.00000000,-0.99080564,-0.39229780
1487,-0.00444507,-0.27368237,-1.00000000,-0.98148945,-0.37274411
1488,0.00045092,-0.24072567,1.00000000,-0.96633729,-0.31372074
1489,0.00463579,-0.49648641,-1.00000000,-0.62838328,-0.14998315
1490,0.00276461,-0.23819572,1.00000000,-0.96232775,-0.04695606
1491,0.00018881,-0.01742054,1.00000000,-0.61243698,-0.05434444
1492,0.00243852,-0.11613589,1.00000000,-0.76888387,0.18313478
1493,-0.00156395,-0.25202380,1.00000000,-0.98424290,0.11362303
1494,0.00323202,-0.13333907,1.00000000,-0.79614795,0.06519368
1495,0.00455737,-0.34449137,-1.00000000,-0.86926935,0.12704281
1496,-0.00043768,-0.09147751,1.00000000,-0.72980456,0.10542938
1497,-0.00302814,-0.02155774,1.00000000,-0.61899373,-0.08316690
1498,-0.00055082,-0.28507453,-1.00000000,-0.96343485,-0.04821463
1499,0.00068445,-0.42173582,-1.00000000,-0.74685015,-0.13610407
1500,-0.00287981,-0.29104323,-1.00000000,-0.95397547,-0.39268215
1501,0.00269510,-0.22587586,1.00000000,-0.94280289,-0.28460308
1502,0.00168434,-0.41391059,-1.00000000,-0.75925179,-0.12202539
1503,-0.00172666,-0.11980269,1.00000000,-0.77469511,-0.16259125
1504,0.00115252,-0.17312603,1.00000000,-0.85920346,-0.14644303
1505,0.00004548,-0.35307555,-1.00000000,-0.85566489,-0.04552225
1506,0.00241306,-0.20118240,1.00000000,-0.90366799,-0.05525246
1507,0.00519409,-0.25958504,1.00000000,-0.99622615,0.06583154
1508,-0.00014669,-0.13468189,1.00000000,-0.79827609,0.12033974
1509,-0.00003942,0.01203263,1.00000000,-0.56575876,0.07921862
1510,-0.00302226,-0.26972295,-1.00000000,-0.98776446,-0.02661632
1511,0.00224940,-0.26406381,-1.00000000,-0.99673323,-0.03226270
1512,-0.00096300,-0.42142520,-1.00000000,-0.74734242,-0.24467830
1513,0.00208457,-0.14331619,1.00000000,-0.81195998,-0.16770134
1514,-0.00036104,-0.31278805,-1.00000000,-0.91951367,-0.17879731
1515,-0.00377072,-0.15201168,1.00000000,-0.82574084,-0.20461884
1516,-0.00400490,-0.28103149,-1.00000000,-0.96984236,-0.42038800
1517,0.00238768,-0.46091084,-1.00000000,-0.68476446,-0.30479153
1518,-0.00430804,-0.47326504,-1.00000000,-0.66518516,-0.52533254
1519,-0.00007771,-0.13602079,1.00000000,-0.80039803,-0.51555766
1520,0.00190825,-0.48925754,-1.00000000,-0.63983981,-0.31963677
1521,-0.00078483,-0.26608399,-1.00000000,-0.99353158,-0.20854656
1522,-0.00426903,-0.16131347,1.00000000,-0.84048258,-0.43819895
1523,-0.00431607,-0.30338864,-1.00000000,-0.93441011,-0.43847591
1524,-0.00105457,-0.48719954,-1.00000000,-0.64310138,-0.47217700
1525,0.00133645,-0.48968106,-1.00000000,-0.63916860,-0.49190367
1526,0.00028261,-0.31761886,-1.00000000,-0.91185766,-0.45507767
1527,0.00473360,-0.19147900,1.00000000,-0.88828977,-0.14449258
1528,0.00074529,-0.24707523,1.00000000,-0.97640026,0.03012118
1529,-0.00285336,-0.01226052,1.00000000,-0.60425923,-0.03193583
1530,0.00114704,-0.22266602,1.00000000,-0.93771584,-0.03847050
1531,-0.00113944,-0.41251490,-1.00000000,-0.76146372,-0.08753023
1532,-0.00054565,-0.20147166,1.00000000,-0.90412643,-0.26966099
1533,0.00031541,-0.32209616,-1.00000000,-0.90476191,-0.28449177
1534,0.00213856,-0.29077035,-1.00000000,-0.95440794,-0.11227394
1535,-0.00325985,-0.24534489,1.00000000,-0.97365796,-0.26430892
1536,-0.00016353,-0.14916366,1.00000000,-0.82122721,-0.23064077
1537,0.00077950,-0.43395979,-1.00000000,-0.72747726,-0.18492404
1538,0.00014817,-0.27061167,-1.00000000,-0.98635599,-0.19069354
1539,0.00301582,-0.22086145,1.00000000,-0.93485591,-0.16042842
1540,-0.00244545,-0.25416747,1.00000000,-0.98764024,-0.13233214
1541,-0.00139928,-0.10288297,1.00000000,-0.74788027,-0.17496474
1542,-0.00159050,-0.39099566,-1.00000000,-0.79556802,-0.25672833
1543,-0.00365090,-0.33580438,-1.00000000,-0.88303674,-0.38779380
1544,0.00235147,-0.34589232,-1.00000000,-0.86704908,-0.41071365
1545,0.00028609,-0.45458954,-1.00000000,-0.69478264,-0.31647713
1546,0.00043875,-0.13793144,1.00000000,-0.80342608,-0.25306607
1547,0.00199675,-0.24689151,1.00000000,-0.97610908,-0.12930806
1548,0.00126700,-0.23883775,1.00000000,-0.96334526,0.04035610
1549,0.00106609,-0.15664465,1.00000000,-0.83308330,-0.00398863
1550,-0.00169578,-0.19514330,1.00000000,-0.89409706,-0.07236201
1551,-0.00069971,-0.20574230,1.00000000,-0.91089465,-0.11163811
1552,0.00246546,-0.35144639,-1.00000000,-0.85824683,-0.09546792
1553,-0.00003861,-0.29889779,-1.00000000,-0.94152734,-0.14051062
1554,-0.00166146,-0.13191760,1.00000000,-0.79389516,-0.23460940
1555,0.00122640,-0.26402148,-1.00000000,-0.99680030,-0.13379588
1556,-0.00336579,-0.34963582,-1.00000000,-0.86111627,-0.22577416
1557,-0.00108291,-0.19728485,1.00000000,-0.89749104,-0.34819068
1558,-0.00121897,-0.43954870,-1.00000000,-0.71861979,-0.38891209
1559,-0.00122995,-0.31911391,-1.00000000,-0.90948827,-0.37402522
1560,0.00069614,-0.32629166,-1.00000000,-0.89811276,-0.39231884
1561,0.00802848,-0.32687118,-1.00000000,-0.89719431,0.00077621
1562,-0.00141242,-0.22525901,1.00000000,-0.94182529,-0.01059184
1563,0.00345082,0.16156252,1.00000000,-0.32877954,0.15051295
1564,0.00097518,-0.33649764,-1.00000000,-0.88193803,0.22658848
1565,-0.00293646,-0.07993420,1.00000000,-0.71151041,0.10126586
1566,0.00077412,-0.21053836,1.00000000,-0.91849559,-0.14900492
1567,-0.00367258,-0.41689926,-1.00000000,-0.75451526,-0.22697871
1568,-0.00138608,-0.22114537,1.00000000,-0.93530587,-0.39384893
1569,-0.00062183,-0.45573322,-1.00000000,-0.69297010,-0.44894464
1570,-0.00221210,-0.33510802,-1.00000000,-0.88414035,-0.42395455
1571,-0.00136583,-0.29478936,-1.00000000,-0.94803850,-0.49778130
1572,-0.00712528,-0.37868503,-1.00000000,-0.81507827,-0.61689746
1573,-0.00187840,-0.33403940,-1.00000000,-0.88583392,-0.63388223
1574,-0.00567614,-0.63788271,-1.00000000,-0.40429442,-0.80825265
1575,-0.00000149,-0.36108070,-1.00000000,-0.84297810,-0.73198801
1576,-0.00291457,-0.56143229,-1.00000000,-0.52545521,-0.78541875
1577,0.00305608,-0.26206304,-1.00000000,-0.99990411,-0.43416834
1578,-0.00155266,-0.41574436,-1.00000000,-0.75634558,-0.42293024
1579,-0.00694460,-0.10075928,1.00000000,-0.74451457,-0.46669137
1580,0.00531316,-0.34389569,-1.00000000,-0.87021340,-0.28333928
1581,0.00163269,-0.62835073,-1.00000000,-0.41940097,-0.12646172
1582,0.00527155,0.01831445,1.00000000,-0.55580316,-0.05002947
1583,-0.00455363,-0.17585108,1.00000000,-0.86352220,-0.15356116
1584,0.00002238,0.01611902,1.00000000,-0.55928252,0.08679537
1585,-0.01398934,-0.50221377,-1.00000000,-0.61930640,-0.57912860
1586,0.00519911,-0.26080347,1.00000000,-0.99815716,-0.45608928
1587,0.00341296,-1.00000000,-1.00000000,0.16959936,-0.52020944
1588,0.00541762,0.01229759,1.00000000,-0.56533883,-0.17620769
1589,-0.00007448,-0.08193194,1.00000000,-0.71467647,-0.17954949
1590,0.00026477,0.02382519,1.00000000,-0.54706957,0.31220818
1591,0.00415811,-0.26591368,-1.00000000,-0.99380149,0.27629433
1592,-0.00093082,-0.24801633,1.00000000,-0.97789174,0.12643698
1593,0.00393570,-0.04262099,1.00000000,-0.65237536,0.07531157
1594,-0.00166245,-0.31109009,-1.00000000,-0.92220465,0.02052777
1595,-0.00063784,-0.05435452,1.00000000,-0.67097100,-0.01061160
1596,0.00131360,-0.34968771,-1.00000000,-0.86103403,-0.10874529
1597,-0.00315568,-0.29563388,-1.00000000,-0.94670009,-0.18550187
1598,0.00033596,-0.19268460,1.00000000,-0.89020043,-0.30969051
1599,0.00575385,-0.42846436,-1.00000000,-0.73618657,-0.05383289
1600,-0.00255376,-0.24426071,1.00000000,-0.97193972,-0.11993114
1601,0.00254559,0.04156342,1.00000000,-0.51895752,-0.07742848
1602,0.00168813,-0.39670969,-1.00000000,-0.78651227,0.08968001
1603,0.00985057,-0.12769057,1.00000000,-0.78719605,0.41792801
1604,-0.00188379,-0.17292619,1.00000000,-0.85888675,0.15443409
1605,-0.00044649,0.25768800,1.00000000,-0.17643715,0.22713366
1606,0.00329938,-0.36136496,-1.00000000,-0.84252759,0.25313913
1607,0.00208282,-0.28553929,-1.00000000,-0.96269827,0.26675565
1608,0.00002588,-0.08792366,1.00000000,-0.72417232,-0.07218989
1609,0.00138895,-0.15210414,1.00000000,-0.82588738,0.04071770
1610,-0.00171131,-0.26061913,1.00000000,-0.99786501,-0.00291775
1611,-0.00464783,-0.18870947,1.00000000,-0.88390054,-0.27709164
1612,-0.00097891,-0.35226554,-1.00000000,-0.85694861,-0.38271915
1613,0.00363093,-0.50718358,-1.00000000,-0.61143011,-0.25834725
1614,-0.00269252,-0.31362713,-1.00000000,-0.91818387,-0.39915547
1615,-0.00474186,-0.07043269,1.00000000,-0.69645214,-0.50370746
1616,0.00103763,-0.40402992,-1.00000000,-0.77491096,-0.30756241
1617,0.00141850,-0.51214385,-1.00000000,-0.60356894,-0.22485329
1618,-0.00096961,-0.20724343,1.00000000,-0.91327369,-0.38356889
1619,0.00019273,-0.18715040,1.00000000,-0.88142967,-0.28402944
1620,0.00000959,-0.31313665,-1.00000000,-0.91896119,-0.12010753
1621,-0.00021103,-0.25181666,1.00000000,-0.98391461,-0.16318553
1622,0.00231196,-0.26147852,1.00000000,-0.99922700,-0.13236174
1623,0.00154604,-0.27311724,-1.00000000,-0.98238509,-0.04557342
1624,-0.00023992,-0.14001542,1.00000000,-0.80672882,-0.06049968
1625,0.00059486,-0.18042210,1.00000000,-0.87076649,-0.04030832
1626,-0.00677192,-0.27464152,-1.00000000,-0.97996936,-0.26665493
1627,0.00462672,-0.23060239,1.00000000,-0.95029363,-0.18679742
1628,-0.00167058,-0.61924088,-1.00000000,-0.43383851,-0.29776869
1629,-0.00027608,-0.01789929,1.00000000,-0.61319572,-0.29901604
1630,-0.00570594,-0.35011662,-1.00000000,-0.86035429,-0.51638962
1631,-0.00022150,-0.27654894,-1.00000000,-0.97694644,-0.29040416
1632,0.00155150,-0.56300468,-1.00000000,-0.52296324,-0.39649724
1633,0.00160125,-0.27366951,-1.00000000,-0.98150983,-0.28362143
1634,-0.00256908,-0.18013421,1.00000000,-0.87031022,-0.36272847
1635,0.00069110,-0.17750972,1.00000000,-0.86615085,-0.14203444
1636,0.00226162,-0.39751746,-1.00000000,-0.78523209,-0.05636844
1637,-0.00158668,-0.22552484,1.00000000,-0.94224659,-0.16463357
1638,-0.00164743,-0.14267120,1.00000000,-0.81093777,-0.27671082
1639,-0.00425353,-0.34569055,-1.00000000,-0.86736885,-0.33482349
1640,-0.00282012,-0.34889549,-1.00000000,-0.86228957,-0.45595846
1641,0.00073703,-0.48638190,-1.00000000,-0.64439720,-0.50855600
1642,-0.00088087,-0.41076144,-1.00000000,-0.76424265,-0.48420607
1643,-0.00128089,-0.22310205,1.00000000,-0.93840688,-0.47156070
1644,0.00104177,-0.30845524,-1.00000000,-0.92638043,-0.28887617
1645,0.00269448,-0.32955850,-1.00000000,-0.89293538,-0.09862608
1646,0.00086375,-0.20702525,1.00000000,-0.91292791,-0.09425436
1647,0.00091154,-0.11983571,1.00000000,-0.77474744,-0.03241735
1648,-0.00421599,-0.21641693,1.00000000,-0.92781210,-0.13367649
1649,-0.00155019,-0.21389562,1.00000000,-0.92381626,-0.22309756
1650,0.00099200,-0.48440147,-1.00000000,-0.64753585,-0.28183198
1651,0.00242484,-0.34376575,-1.00000000,-0.87041933,-0.22797510
1652,0.00131560,-0.20965092,1.00000000,-0.91708915,-0.21403518
1653,0.00511033,-0.13406031,1.00000000,-0.79729100,0.10771709
1654,-0.00211176,-0.19257904,1.00000000,-0.89003314,0.08834346
1655,0.00256407,0.00761413,1.00000000,-0.57276133,0.14257898
1656,-0.00248040,-0.37339142,-1.00000000,-0.82346772,-0.02664882
1657,-0.00316954,-0.12671530,1.00000000,-0.78565042,-0.18138342
1658,0.00179424,-0.39283927,-1.00000000,-0.79264621,-0.29578655
1659,-0.00235065,-0.42919537,-1.00000000,-0.73502804,-0.30402831
1660,-0.00364150,-0.16732830,1.00000000,-0.85001506,-0.51811663
1661,0.00146108,-0.38599452,-1.00000000,-0.80349398,-0.38213822
1662,0.00173628,-0.45409386,-1.00000000,-0.69556821,-0.21289049
1663,0.00033264,-0.18490445,1.00000000,-0.87787024,-0.26331459
1664,0.00831567,-0.17038593,1.00000000,-0.85486087,0.10466681
1665,-0.00200960,-0.24443559,1.00000000,-0.97221688,0.16096646
1666,0.00143297,0.17671353,1.00000000,-0.30476778,0.15999695
1667,0.00144240,-0.36800183,-1.00000000,-0.83200929,0.14985820
1668,-0.00203177,-0.18638701,1.00000000,-0.88021984,0.06828755
1669,0.00016651,-0.18588984,1.00000000,-0.87943191,-0.21285336
1670,-0.00008420,-0.36917141,-1.00000000,-0.83015572,-0.14642855
1671,-0.00247019,-0.25320019,1.00000000,-0.98610726,-0.28108514
1672,0.00181486,-0.26642666,-1.00000000,-0.99298851,-0.26823541
1673,0.00035139,-0.39230053,-1.00000000,-0.79350003,-0.18601819
1674,0.00237894,-0.16624036,1.00000000,-0.84829085,-0.10969066
1675,0.00119285,-0.24344687,1.00000000,-0.97064992,-0.06563305
1676,0.00189489,-0.13648202,1.00000000,-0.80112899,0.08495935
1677,-0.00394621,-0.19905486,1.00000000,-0.90029621,-0.11379382
1678,-0.00445721,-0.16201836,1.00000000,-0.84159971,-0.27968740
1679,0.00003242,-0.47016878,-1.00000000,-0.67009221,-0.36064079
1680,-0.00160719,-0.49712723,-1.00000000,-0.62736769,-0.45724038
1681,0.00078435,-0.26027393,1.00000000,-0.99731793,-0.49555341
1682,0.00272696,-0.34677257,-1.00000000,-0.86565404,-0.26533355
1683,0.00136813,-0.22060569,1.00000000,-0.93445057,-0.06436308
1684,0.00237145,-0.11812228,1.00000000,-0.77203195,0.01633188
1685,0.00067513,-0.18980816,1.00000000,-0.88564178,0.09507035
1686,-0.00233368,-0.13687720,1.00000000,-0.80175528,-0.01249974
1687,0.00111167,-0.22636764,1.00000000,-0.94358228,-0.06822614
1688,0.00068165,-0.38509921,-1.00000000,-0.80491288,-0.09190906
1689,0.00434772,-0.20333770,1.00000000,-0.90708377,-0.02372892
1690,-0.00099767,-0.22602350,1.00000000,-0.94303687,-0.08143929
1691,0.00017443,-0.03261782,1.00000000,-0.63652206,0.00508892
1692,0.00035612,-0.31461690,-1.00000000,-0.91661525,-0.02097715
1693,0.00379240,-0.25278242,1.00000000,-0.98544517,0.08634170
1694,0.00147237,-0.24319728,1.00000000,-0.97025437,-0.01285621
1695,-0.00130417,-0.06191418,1.00000000,-0.68295177,-0.02343046
1696,-0.00003100,-0.18430880,1.00000000,-0.87692623,-0.03051756
1697,0.00142499,-0.33078678,-1.00000000,-0.89098876,0.00635785
1698,-0.00121163,-0.26361985,-1.00000000,-0.99743683,-0.16627802
1699,0.00382606,-0.18680831,1.00000000,-0.88088753,-0.08507704
1700,-0.00215807,-0.32590469,-1.00000000,-0.89872603,-0.11453599
1701,-0.00595048,-0.06013827,1.00000000,-0.68013725,-0.31875435
1702,0.00055310,-0.37583467,-1.00000000,-0.81959559,-0.34883386
1703,0.00579269,-0.57590550,-1.00000000,-0.50251765,-0.10718919
1704,-0.00061722,-0.23280515,1.00000000,-0.95378463,-0.26047972
1705,0.00001115,0.04361235,1.00000000,-0.51571033,-0.18564311
1706,-0.00372487,-0.29454636,-1.00000000,-0.94842362,-0.10886088
1707,0.00095963,-0.26139637,1.00000000,-0.99909681,-0.09483597
1708,-0.00095309,-0.45849202,-1.00000000,-0.68859788,-0.32756125
1709,-0.00314207,-0.21135862,1.00000000,-0.91979555,-0.41466682
1710,-0.00098128,-0.31226538,-1.00000000,-0.92034201,-0.44890474
1711,-0.00293402,-0.42774604,-1.00000000,-0.73732498,-0.42162096
1712,0.00208277,-0.31375217,-1.00000000,-0.91798571,-0.38287347
1713,0.00016684,-0.41677033,-1.00000000,-0.75471960,-0.34423638
1714,-0.00305101,-0.15210692,1.00000000,-0.82589178,-0.34109490
1715,0.00330737,-0.25318250,1.00000000,-0.98607922,-0.19313939
1716,-0.00139286,-0.42294216,-1.00000000,-0.74493830,-0.13997046
1717,0.00109849,-0.08750227,1.00000000,-0.72350449,-0.17392746
1718,0.00165011,-0.33546572,-1.00000000,-0.88357345,-0.12275584
1719,-0.00306257,-0.20403313,1.00000000,-0.90818591,-0.12315463
1720,0.00273743,-0.17493211,1.00000000,-0.86206579,-0.14281703
1721,-0.00117940,-0.42355199,-1.00000000,-0.74397183,-0.13545258
1722,-0.00133197,-0.11756952,1.00000000,-0.77115592,-0.21930165
1723,0.00226936,-0.32420419,-1.00000000,-0.90142104,-0.19793791
1724,0.00127936,-0.33225304,-1.00000000,-0.88866499,-0.04814426
1725,-0.00043522,-0.14226321,1.00000000,-0.81029118,-0.15759866
1726,0.00109678,-0.19449124,1.00000000,-0.89306365,-0.07907188
1727,0.00211955,-0.28494449,-1.00000000,-0.96364093,0.04000336
1728,0.00112159,-0.20412298,1.00000000,-0.90832831,0.00040606
1729,-0.00301690,-0.15016613,1.00000000,-0.82281596,-0.14781194
1730,0.00268784,-0.20281441,1.00000000,-0.90625445,-0.04006856
1731,-0.00111049,-0.42114253,-1.00000000,-0.74779040,-0.11621813
1732,0.00130101,-0.12018598,1.00000000,-0.77530256,-0.14445744
1733,-0.00209865,-0.32056903,-1.00000000,-0.90718215,-0.25555350
1734,-0.00162860,-0.19334898,1.00000000,-0.89125337,-0.20765826
1735,-0.00086342,-0.37269975,-1.00000000,-0.82456390,-0.33017440
1736,-0.00099302,-0.34790233,-1.00000000,-0.86386356,-0.32612180
1737,-0.00180685,-0.30753463,-1.00000000,-0.92783943,-0.43334084
1738,-0.00282247,-0.31437189,-1.00000000,-0.91700355,-0.45831232
1739,-0.00227579,-0.35730568,-1.00000000,-0.84896086,-0.48063992
1740,0.00029948,-0.41088553,-1.00000000,-0.76404600,-0.44052051
1741,0.00004645,-0.38204514,-1.00000000,-0.80975306,-0.40465934
1742,-0.00091206,-0.24618502,1.00000000,-0.97498943,-0.37378958
1743,0.00211884,-0.25953387,1.00000000,-0.99614506,-0.20331760
1744,0.00106553,-0.31010042,-1.00000000,-0.92377311,-0.08804399
1745,0.00170764,-0.15020399,1.00000000,-0.82287596,-0.03946350
1746,0.00080458,-0.20577160,1.00000000,-0.91094108,-0.01330855
1747,-0.00009168,-0.17189693,1.00000000,-0.85725555,0.01499373
1748,-0.00007589,-0.21953837,1.00000000,-0.93275905,-0.06072289
1749,-0.00294895,-0.26682127,-1.00000000,-0.99236312,-0.19921992
1750,0.00171380,-0.26598797,-1.00000000,-0.99368376,-0.19900725
1751,0.00057378,-0.41755781,-1.00000000,-0.75347157,-0.20696974
1752,-0.00007442,-0.17157173,1.00000000,-0.85674016,-0.20637403
1753,0.00160944,-0.23171441,1.00000000,-0.95205600,-0.14823126
1754,0.00138095,-0.26591033,-1.00000000,-0.99380681,0.00114744
1755,-0.00121749,-0.17707748,1.00000000,-0.86546583,-0.09998021
1756,0.00037832,-0.18913160,1.00000000,-0.88456955,-0.10672334
1757,-0.00149236,-0.32621363,-1.00000000,-0.89823643,-0.15564155
1758,0.00135621,-0.24202585,1.00000000,-0.96839785,-0.16437769
1759,0.00060560,-0.34071483,-1.00000000,-0.87525451,-0.19112683
1760,-0.00020401,-0.19043658,1.00000000,-0.88663771,-0.15616258
1761,-0.00114507,-0.23003572,1.00000000,-0.94939555,-0.20871859
1762,0.00199296,-0.27274716,-1.00000000,-0.98297160,-0.08847728
1763,-0.00113710,-0.32239320,-1.00000000,-0.90429115,-0.17449506
1764,0.00057363,-0.15684481,1.00000000,-0.83340051,-0.17559781
1765,-0.00221172,-0.32197283,-1.00000000,-0.90495736,-0.24486245
1766,-0.00077104,-0.23172202,1.00000000,-0.95206804,-0.23195882
1767,-0.00167930,-0.37866494,-1.00000000,-0.81511011,-0.35864943
1768,0.00142903,-0.30266129,-1.00000000,-0.93556284,-0.27011944
1769,0.00059388,-0.35057695,-1.00000000,-0.85962475,-0.26942081
1770,0.00055864,-0.18659497,1.00000000,-0.88054942,-0.17384521
1771,0.00186925,-0.23065369,1.00000000,-0.95037492,-0.08275675
1772,-0.00025041,-0.23251309,1.00000000,-0.95332177,-0.03346088
1773,0.00015974,-0.16337108,1.00000000,-0.84374354,-0.07725071
1774,0.00200017,-0.27519491,-1.00000000,-0.97909234,-0.02873468
1775,0.00194259,-0.25355730,1.00000000,-0.98667323,0.01901089
1776,-0.00019143,-0.15646417,1.00000000,-0.83279727,-0.05208136
1777,0.00040779,-0.15950174,1.00000000,-0.83761131,-0.02937384
1778,0.00229942,-0.27208359,-1.00000000,-0.98402326,0.04444382
1779,0.00185687,-0.24047114,1.00000000,-0.96593391,0.03950010
1780,0.00366543,-0.14067716,1.00000000,-0.80777757,0.09893692
1781,0.00872955,-0.16402397,1.00000000,-0.84477826,0.40670521
1782,-0.00506335,-0.06861245,1.00000000,-0.69356736,0.21795433
1783,-0.00520819,0.19854807,1.00000000,-0.27016378,-0.04105335
1784,0.00080880,-0.52910433,-1.00000000,-0.57668948,-0.07721105
1785,-0.00391147,-0.53674529,-1.00000000,-0.56457987,-0.33860943
1786,0.00734237,-0.21931544,1.00000000,-0.93240575,-0.38646626
1787,-0.00483578,-0.46833637,-1.00000000,-0.67299626,-0.37861529
1788,0.00210956,0.12536661,1.00000000,-0.38614385,-0.12615776
1789,0.00214513,-0.51709883,-1.00000000,-0.59571613,-0.08005535
1790,-0.00629981,-0.15069349,1.00000000,-0.82365173,-0.16245143
1791,0.00045214,-0.14881677,1.00000000,-0.82067745,-0.40015998
1792,-0.00070930,-0.59433442,-1.00000000,-0.47331098,-0.25779895
1793,-0.00024701,-0.23813142,1.00000000,-0.96222584,-0.33909890
1794,-0.00152752,-0.29940388,-1.00000000,-0.94072529,-0.46580315
1795,0.00104580,-0.27501536,-1.00000000,-0.97937690,-0.21238438
1796,-0.00105251,-0.34256977,-1.00000000,-0.87231475,-0.26429395
1797,0.00092528,-0.20681272,1.00000000,-0.91259108,-0.20790206
1798,-0.00079293,-0.31751024,-1.00000000,-0.91202981,-0.22673623
1799,-0.00319501,-0.21317079,1.00000000,-0.92266754,-0.28426343
1800,0.00255643,-0.30381611,-1.00000000,-0.93373265,-0.23214768
1801,-0.00133113,-0.43053893,-1.00000000,-0.73289872,-0.24175977
1802,-0.00043020,-0.12711861,1.00000000,-0.78628960,-0.28852276
1803,0.00483306,-0.33220880,-1.00000000,-0.88873510,-0.09442952
1804,-0.00344218,-0.28467960,-1.00000000,-0.96406074,-0.10295687
1805,0.00238232,-0.00701353,1.00000000,-0.59594366,-0.10896343
1806,-0.00230452,-0.44357874,-1.00000000,-0.71223286,-0.14254474
1807,0.00100800,-0.13630369,1.00000000,-0.80084637,-0.09292794
1808,0.00105548,-0.38356051,-1.00000000,-0.80735146,-0.22325202
1809,-0.00057438,-0.20880681,1.00000000,-0.91575138,-0.12431477
1810,0.00206548,-0.20630189,1.00000000,-0.91178151,-0.13524560
1811,0.00182457,-0.29228635,-1.00000000,-0.95200534,0.00720515
1812,0.00032281,-0.15301885,1.00000000,-0.82733703,-0.01643340
1813,-0.00085587,-0.16572836,1.00000000,-0.84747942,-0.08237393
1814,-0.00466391,-0.24495429,1.00000000,-0.97303893,-0.22346007
1815,0.00011022,-0.30713652,-1.00000000,-0.92847037,-0.29091543
1816,0.00082834,-0.50803178,-1.00000000,-0.61008586,-0.32528447
1817,0.00197664,-0.25616992,1.00000000,-0.99081377,-0.26822829
1818,0.00104305,-0.21828464,1.00000000,-0.93077212,-0.20271661
1819,0.00416202,-0.15770540,1.00000000,-0.83476440,0.10177242
1820,-0.00173537,-0.20695768,1.00000000,-0.91282082,0.03810105
1821,0.00051609,-0.04241469,1.00000000,-0.65204842,0.02732856
1822,-0.00176070,-0.35353461,-1.00000000,-0.85493737,-0.10160734
1823,-0.00036653,-0.23475766,1.00000000,-0.95687901,-0.15023702
1824,0.00426670,-0.35487099,-1.00000000,-0.85281943,-0.14662546
1825,0.00484946,-0.28132099,-1.00000000,-0.96938356,0.08054675
1826,-0.00071289,-0.03689198,1.00000000,-0.64329586,0.03814773
1827,0.00024026,-0.00614850,1.00000000,-0.59457272,0.10717934
1828,-0.00008760,-0.29959319,-1.00000000,-0.94042526,0.11680236
1829,0.00067386,-0.24930955,1.00000000,-0.97994127,-0.00714864
1830,0.00353071,-0.26660571,-1.00000000,-0.99270475,-0.05264476
1831,-0.00545121,-0.22643478,1.00000000,-0.94368869,-0.21611378
1832,-0.00008093,-0.07572002,1.00000000,-0.70483166,-0.22719438
1833,-0.00279938,-0.54956597,-1.00000000,-0.54426130,-0.32074912
1834,0.00262010,-0.26625373,-1.00000000,-0.99326258,-0.25360481
1835,0.00386745,-0.40966730,-1.00000000,-0.76597668,-0.24198720
1836,0.00510105,-0.12375937,1.00000000,-0.78096577,0.12205903
1837,0.00122993,-0.05795467,1.00000000,-0.67667662,0.16728266
1838,0.00123942,0.00712452,1.00000000,-0.57353727,0.30661879
1839,-0.00132578,-0.19709888,1.00000000,-0.89719631,0.17048841
1840,-0.00198266,-0.19659793,1.00000000,-0.89640240,-0.03133685
1841,0.00091728,-0.33192658,-1.00000000,-0.88918238,-0.17567419
1842,0.00206666,-0.36658086,-1.00000000,-0.83426129,-0.14680737
1843,-0.00053546,-0.21359257,1.00000000,-0.92333597,-0.20803984
1844,-0.00147044,-0.15295645,1.00000000,-0.82723814,-0.21303073
1845,-0.00104576,-0.29023311,-1.00000000,-0.95525938,-0.18070826
1846,0.00106531,-0.33955853,-1.00000000,-0.87708705,-0.17560139
1847,-0.00177982,-0.31715414,-1.00000000,-0.91259416,-0.30830263
1848,0.00058257,-0.20578327,1.00000000,-0.91095958,-0.26973123
1849,-0.00309929,-0.35587991,-1.00000000,-0.85122047,-0.32592550
1850,-0.00013216,-0.23125068,1.00000000,-0.95132105,-0.29440700
1851,-0.00058432,-0.42548941,-1.00000000,-0.74090136,-0.35131825
1852,0.00233736,-0.26895683,-1.00000000,-0.98897862,-0.20927798
1853,0.00247517,-0.29281054,-1.00000000,-0.95117459,-0.14398443
1854,0.00150497,-0.13867544,1.00000000,-0.80460519,0.01485971
1855,-0.00408829,-0.13140540,1.00000000,-0.79308343,-0.12162423
1856,0.00168670,-0.18258887,1.00000000,-0.87420044,-0.04327555
1857,0.00195169,-0.47766470,-1.00000000,-0.65821247,-0.05658100
1858,-0.00187876,-0.17300168,1.00000000,-0.85900639,-0.20678878
1859,-0.00383859,-0.15902181,1.00000000,-0.83685070,-0.39113830
1860,0.00057197,-0.36109942,-1.00000000,-0.84294843,-0.23036198
1861,0.00493904,-0.46449158,-1.00000000,-0.67908959,-0.11815832
1862,-0.00209271,-0.23180953,1.00000000,-0.95220674,-0.25768752
1863,-0.00100372,-0.00142261,1.00000000,-0.58708301,-0.22749937
1864,0.00287201,-0.37238642,-1.00000000,-0.82506048,0.00401229
1865,-0.00010535,-0.31493645,-1.00000000,-0.91610881,-0.01935515
1866,0.00046517,-0.11046967,1.00000000,-0.75990389,-0.17370061
1867,-0.00039104,-0.26754245,-1.00000000,-0.99122018,-0.11499428
1868,0.00295459,-0.23744387,1.00000000,-0.96113620,0.02156517
1869,-0.00038639,-0.28261416,-1.00000000,-0.96733410,-0.09084766
1870,0.00078690,-0.10611312,1.00000000,-0.75299949,-0.06006555
1871,-0.00071634,-0.28236859,-1.00000000,-0.96772329,-0.10082689
1872,0.00379362,-0.22047122,1.00000000,-0.93423746,0.04354132
1873,-0.00146041,-0.29977509,-1.00000000,-0.94013697,-0.10877339
1874,0.00317452,-0.06184987,1.00000000,-0.68284984,0.01407576
1875,-0.00027656,-0.33902899,-1.00000000,-0.87792627,-0.02261280
1876,0.00011638,-0.09451072,1.00000000,-0.73461169,0.00611527
1877,-0.00065671,-0.27657445,-1.00000000,-0.97690600,-0.14741836
1878,0.00881291,-0.25584484,1.00000000,-0.99029858,0.20700461
1879,-0.00254950,-0.29662970,-1.00000000,-0.94512188,0.00952941
1880,0.00142446,0.20294583,1.00000000,-0.26319409,0.06821350
1881,-0.00188618,-0.39648490,-1.00000000,-0.78686852,-0.00087333
1882,-0.00617671,-0.18683621,1.00000000,-0.88093174,-0.19130978
1883,0.00187990,-0.36149071,-1.00000000,-0.84232831,-0.43049434
1884,-0.00891832,-0.58784040,-1.00000000,-0.48360289,-0.65021434
1885,-0.00586709,-0.16280928,1.00000000,-0.84285318,-0.90176834
1886,0.00373023,-0.73247528,-1.00000000,-0.25438143,-0.70800585
1887,0.02223600,-0.57150635,-1.00000000,-0.50948956,0.27221476
1888,-0.00101829,-0.06519392,1.00000000,-0.68814958,0.17222924
1889,0.00705267,0.91108870,1.00000000,0.85909085,0.72321794
1890,-0.00208989,-0.31570467,-1.00000000,-0.91489132,0.85352918
1891,0.00797584,0.11008300,1.00000000,-0.41036574,1.00000000
1892,0.00038104,-0.37223762,-1.00000000,-0.82529630,0.24601766
1893,0.00089841,0.15878563,1.00000000,-0.33318043,0.31214253
1894,0.00599720,-0.24188242,1.00000000,-0.96817054,0.27572971
1895,-0.00316924,-0.21458816,1.00000000,-0.92491381,0.23849271
1896,-0.00217023,0.05440142,1.00000000,-0.49861150,-0.11154032
1897,-0.00026431,-0.42917952,-1.00000000,-0.73505316,-0.13380442
1898,0.00253557,-0.37647621,-1.00000000,-0.81857886,-0.07732361
1899,0.00088989,-0.27592814,-1.00000000,-0.97793030,-0.25352268
1900,0.00339338,-0.12821910,1.00000000,-0.78803368,-0.02711628
1901,-0.00694073,-0.21503783,1.00000000,-0.92562647,-0.19169553
1902,0.00604332,-0.08296445,1.00000000,-0.71631283,0.02591368
1903,0.00092659,-0.62814674,-1.00000000,-0.41972426,-0.02959504
1904,0.00350048,0.05683448,1.00000000,-0.49475551,0.06046885
1905,-0.00063548,-0.21310165,1.00000000,-0.92255796,-0.07852454
1906,0.00207256,-0.07731436,1.00000000,-0.70735840,0.23242841
1907,-0.00460388,-0.29550972,-1.00000000,-0.94689686,-0.13489334
1908,-0.00397331,-0.15264518,1.00000000,-0.82674482,-0.30393686
1909,-0.00071888,-0.50486484,-1.00000000,-0.61510491,-0.44950217
1910,-0.00374907,-0.47159883,-1.00000000,-0.66782583,-0.55691902
1911,0.00167577,-0.29990922,-1.00000000,-0.93992440,-0.57060795
1912,0.00812617,-0.45976891,-1.00000000,-0.68657422,-0.13142940
1913,0.00382582,-0.17357795,1.00000000,-0.85991968,0.13763580
1914,-0.00136006,0.16671613,1.00000000,-0.32061195,0.11551553
1915,0.00255629,-0.06015099,1.00000000,-0.68015740,0.33304645
1916,0.00741414,-0.33373499,-1.00000000,-0.88631636,0.53101628
1917,-0.00377471,-0.12712601,1.00000000,-0.78630132,0.12044347
1918,0.00376750,0.12915261,1.00000000,-0.38014369,0.11843157
1919,-0.00072867,-0.46112165,-1.00000000,-0.68443036,0.14021408
1920,-0.00233309,-0.06322752,1.00000000,-0.68503319,-0.02846616
1921,0.00260914,-0.30042573,-1.00000000,-0.93910583,-0.19423532
1922,-0.00054795,-0.38506766,-1.00000000,-0.80496289,-0.08291414
1923,-0.00262722,-0.12433749,1.00000000,-0.78188199,-0.30352809
1924,0.00023977,-0.29089205,-1.00000000,-0.95421507,-0.27011762
1925,0.00087625,-0.40058492,-1.00000000,-0.78037070,-0.15939760
1926,-0.00493336,-0.24933527,1.00000000,-0.97998203,-0.41960905
1927,-0.00313763,-0.21575734,1.00000000,-0.92676677,-0.50895128
1928,0.00089694,-0.52224640,-1.00000000,-0.58755813,-0.38737016
1929,-0.00147073,-0.42751197,-1.00000000,-0.73769594,-0.44638124
1930,-0.00652382,-0.21466608,1.00000000,-0.92503731,-0.70167885
1931,-0.00506039,-0.33957356,-1.00000000,-0.87706323,-0.70606141
1932,0.00191941,-0.60615211,-1.00000000,-0.45458197,-0.53159679
1933,-0.00192817,-0.52894811,-1.00000000,-0.57693706,-0.62906117
1934,-0.00119672,-0.16072499,1.00000000,-0.83954994,-0.61960812
1935,0.00216817,-0.36370618,-1.00000000,-0.83881716,-0.31974012
1936,0.00287771,-0.32511820,-1.00000000,-0.89997249,-0.04588087
1937,-0.00244384,-0.14760138,1.00000000,-0.81875127,-0.19641009
1938,0.00080545,-0.11016933,1.00000000,-0.75942789,-0.10210195
1939,0.00449184,-0.39091055,-1.00000000,-0.79570291,0.09414987
1940,-0.00081575,-0.21949251,1.00000000,-0.93268638,-0.00879338
1941,-0.00164161,-0.02501478,1.00000000,-0.62447254,-0.16470690
1942,-0.00541166,-0.30501964,-1.00000000,-0.93182526,-0.26709468
1943,-0.00069081,-0.34858842,-1.00000000,-0.86277622,-0.31871477
1944,0.00279597,-0.54747940,-1.00000000,-0.54756814,-0.37722109
1945,-0.00304696,-0.29842868,-1.00000000,-0.94227080,-0.45419662
1946,0.00369807,-0.11448119,1.00000000,-0.76626145,-0.26998125
1947,0.00034751,-0.42272872,-1.00000000,-0.74527657,-0.07129369
1948,0.00194524,-0.06689084,1.00000000,-0.69083891,0.01964842
1949,-0.00564540,-0.24365131,1.00000000,-0.97097392,-0.27157360
1950,0.00406974,-0.15936226,1.00000000,-0.83739024,-0.02605188
1951,-0.00008853,-0.55981069,-1.00000000,-0.52802516,-0.15668688
1952,-0.00177806,-0.04728298,1.00000000,-0.65976383,-0.23001783
1953,0.00430482,-0.26665465,-1.00000000,-0.99262718,-0.14861375
1954,-0.00341719,-0.35578717,-1.00000000,-0.85136744,-0.07174183
1955,0.01148670,-0.03488116,1.00000000,-0.64010906,0.18413847
1956,-0.00259121,-0.44226007,-1.00000000,-0.71432274,0.09779750
1957,-0.00206668,0.34400284,1.00000000,-0.03964294,0.08784032
1958,0.00440703,-0.39868513,-1.00000000,-0.78338153,0.09136659
1959,-0.00890469,-0.37101344,-1.00000000,-0.82723641,-0.09794864
1960,0.01068858,-0.02948887,1.00000000,-0.63156321,-0.12548299
1961,-0.00293938,-0.73175623,-1.00000000,-0.25552100,-0.13749483
1962,-0.00296917,0.30189799,1.00000000,-0.10637189,-0.16863016
1963,-0.00410559,-0.41705334,-1.00000000,-0.75427107,-0.46231033
1964,-0.00842655,-0.41862481,-1.00000000,-0.75178056,-0.44581504
1965,-0.00537504,-0.47857733,-1.00000000,-0.65676611,-1.00000000
1966,0.00742682,-0.70653202,-1.00000000,-0.29549703,-0.64237248
1967,0.00600799,-0.54554793,-1.00000000,-0.55062919,-0.33266604
1968,0.00237858,0.12982180,1.00000000,-0.37908313,-0.10896603
1969,-0.00043024,0.05497062,1.00000000,-0.49770941,0.16690163
1970,-0.00279387,-0.13650082,1.00000000,-0.80115879,0.25595045
1971,-0.00302619,-0.28468203,-1.00000000,-0.96405688,-0.10467189
1972,-0.00047119,-0.40937668,-1.00000000,-0.76643726,-0.32819939
1973,-0.00205624,-0.42163295,-1.00000000,-0.74701318,-0.48119792
1974,-0.00154019,-0.28684210,-1.00000000,-0.96063354,-0.51949032
1975,0.00056705,-0.37046239,-1.00000000,-0.82810974,-0.40354053
1976,-0.00003575,-0.34323782,-1.00000000,-0.87125600,-0.30037212
1977,-0.00145934,-0.23206912,1.00000000,-0.95261815,-0.33446285
1978,0.00005123,-0.26387038,-1.00000000,-0.99703978,-0.26175644
1979,-0.00092657,-0.33897280,-1.00000000,-0.87801533,-0.24058692
1980,-0.00207494,-0.25928154,1.00000000,-0.99574516,-0.33173414
1981,0.00263021,-0.31086592,-1.00000000,-0.92255991,-0.23976022
1982,-0.00049337,-0.37144919,-1.00000000,-0.82654583,-0.20643467
1983,-0.00555349,-0.12322614,1.00000000,-0.78012069,-0.39979420
1984,0.00337267,-0.28801219,-1.00000000,-0.95877915,-0.25147347
1985,0.00228307,-0.55496216,-1.00000000,-0.53570925,-0.10112480
1986,-0.00293239,-0.08405752,1.00000000,-0.71804515,-0.29303095
1987,0.00075501,-0.14153974,1.00000000,-0.80914461,-0.24996290
1988,0.00344453,-0.41668426,-1.00000000,-0.75485601,0.06046322
1989,0.00406820,-0.22215360,1.00000000,-0.93690375,0.08445883
1990,-0.00456959,-0.08026623,1.00000000,-0.71203661,-0.15195351
1991,0.00153098,-0.04736402,1.00000000,-0.65989226,0.00203005
1992,0.00022678,-0.50305563,-1.00000000,-0.61797220,-0.01619339
1993,0.00317099,-0.18121641,1.00000000,-0.87202533,-0.02563032
1994,0.00045751,-0.25002043,1.00000000,-0.98106789,-0.15019680
1995,-0.00025015,-0.09469696,1.00000000,-0.73490684,-0.00117887
1996,0.00126603,-0.23784799,1.00000000,-0.96177666,-0.01031976
1997,-0.00266368,-0.27518110,-1.00000000,-0.97911423,-0.11003895
1998,0.00447676,-0.19519444,1.00000000,-0.89417810,-0.06499080
1999,-0.00271323,-0.40250854,-1.00000000,-0.77732208,-0.17437928
2000,0.00032696,-0.02581044,1.00000000,-0.62573353,-0.15446946
2001,-0.00776220,-0.40512216,-1.00000000,-0.77317995,-0.46593763
2002,0.00342189,-0.24473550,1.00000000,-0.97269218,-0.25598924
2003,-0.00221722,-0.67148384,-1.00000000,-0.35104239,-0.48692731
2004,0.00154758,-0.08146066,1.00000000,-0.71392958,-0.33993234
2005,-0.00079111,-0.37895523,-1.00000000,-0.81465004,-0.37850511
2006,0.00017524,-0.18034109,1.00000000,-0.87063810,-0.10466824
2007,0.00518119,-0.30372002,-1.00000000,-0.93388494,-0.04397351
2008,-0.00185071,-0.25273927,1.00000000,-0.98537679,-0.03132900
2009,-0.00065074,0.01135222,1.00000000,-0.56683710,-0.10716956
2010,0.00036626,-0.35961956,-1.00000000,-0.84529375,-0.06724088
2011,-0.00080985,-0.29631459,-1.00000000,-0.94562127,-0.10122601
2012,0.00337792,-0.24266207,1.00000000,-0.96940615,-0.16343769
2013,-0.00885048,-0.30470850,-1.00000000,-0.93231836,-0.40492551
2014,0.00194159,-0.08378033,1.00000000,-0.71760586,-0.31549181
2015,0.00009505,-0.72889676,-1.00000000,-0.26005276,-0.32484857
2016,0.00236204,-0.15955480,1.00000000,-0.83769539,-0.21542054
2017,0.00292936,-0.25697019,1.00000000,-0.99208207,-0.23089543
2018,0.00175836,-0.13737387,1.00000000,-0.80254242,0.13510304
2019,-0.00123777,-0.10744415,1.00000000,-0.75510894,0.02541712
2020,0.00438286,-0.16922096,1.00000000,-0.85301460,0.17334405
2021,0.00140069,-0.32728380,-1.00000000,-0.89654039,0.14017821
2022,0.00168180,-0.03076400,1.00000000,-0.63358407,0.09713800
2023,0.00010872,-0.18809024,1.00000000,-0.88291917,0.04022630
2024,0.00637020,-0.17326018,1.00000000,-0.85941606,0.30269641
2025,0.00361398,-0.25624892,1.00000000,-0.99093898,0.27617051
2026,-0.00118655,0.07407899,1.00000000,-0.46742592,0.18691255
2027,0.00083157,-0.07132674,1.00000000,-0.69786905,0.15758032
2028,0.00086456,-0.32458130,-1.00000000,-0.90082339,0.18365634
2029,-0.00182178,-0.21811430,1.00000000,-0.93050215,-0.09896167
2030,0.00072371,-0.21637413,1.00000000,-0.92774427,-0.19867436
2031,-0.00449964,-0.35809346,-1.00000000,-0.84771237,-0.31297408
2032,-0.00031674,-0.22380492,1.00000000,-0.93952081,-0.35258998
2033,-0.00001449,-0.49936560,-1.00000000,-0.62382026,-0.38291653
2034,0.00469956,-0.27869396,-1.00000000,-0.97354695,-0.15793433
2035,0.00130963,-0.26274873,-1.00000000,-0.99881741,-0.13772039
2036,0.00010452,-0.01405626,1.00000000,-0.60710517,0.02112042
2037,0.00235985,-0.19289427,1.00000000,-0.89053273,0.11346108
2038,-0.00343732,-0.25647016,1.00000000,-0.99128961,-0.00462446
2039,0.00213833,-0.13748891,1.00000000,-0.80272473,-0.09298550
2040,-0.00148383,-0.44332221,-1.00000000,-0.71263942,-0.18935816
2041,0.00337786,-0.14917577,1.00000000,-0.82124641,-0.07643027
2042,-0.00023106,-0.34026495,-1.00000000,-0.87596749,-0.16581523
2043,-0.00583917,-0.08378364,1.00000000,-0.71761110,-0.24867745
2044,0.00279630,-0.27417417,-1.00000000,-0.98071004,-0.22597767
2045,0.00343557,-0.57003306,-1.00000000,-0.51182446,-0.05626120
2046,0.00053788,-0.11446383,1.00000000,-0.76623394,-0.15423873
2047,0.00078981,-0.08073873,1.00000000,-0.71278545,-0.11901935
2048,0.00207625,-0.23360845,1.00000000,-0.95505771,0.15405761
2049,0.00138228,-0.22031756,1.00000000,-0.93399394,0.10527458
2050,-0.00021208,-0.15245054,1.00000000,-0.82643636,-0.02056731
2051,0.00375079,-0.18906163,1.00000000,-0.88445865,0.09027609
2052,0.00269006,-0.27317304,-1.00000000,-0.98229667,0.15583336
2053,-0.00068147,-0.06410947,1.00000000,-0.68643093,0.06069384
2054,-0.00146958,-0.12006900,1.00000000,-0.77511717,-0.03769325
2055,-0.00064584,-0.29793554,-1.00000000,-0.94305234,-0.05265770
2056,0.00238115,-0.33951273,-1.00000000,-0.87715963,-0.09990919
2057,0.00028389,-0.29605630,-1.00000000,-0.94603062,-0.18292030
2058,0.00015921,-0.13636527,1.00000000,-0.80094397,-0.15391760
2059,0.00139768,-0.24700753,1.00000000,-0.97629296,-0.05499908
2060,-0.00448169,-0.25358534,1.00000000,-0.98671766,-0.18733344
2061,-0.00028094,-0.18824898,1.00000000,-0.88317073,-0.27917399
2062,-0.00058219,-0.49841872,-1.00000000,-0.62532090,-0.30905336
2063,-0.00044556,-0.27680557,-1.00000000,-0.97653972,-0.32991748
2064,-0.00120315,-0.29269833,-1.00000000,-0.95135242,-0.41964442
2065,-0.00211721,-0.28549023,-1.00000000,-0.96277602,-0.33807112
2066,-0.00133066,-0.32545719,-1.00000000,-0.89943525,-0.37428580
2067,0.00058594,-0.37367886,-1.00000000,-0.82301218,-0.33398595
2068,0.00150647,-0.33218416,-1.00000000,-0.88877416,-0.26664207
2069,0.00162827,-0.23107280,1.00000000,-0.95103915,-0.16895989
2070,0.00142169,-0.18250963,1.00000000,-0.87407486,-0.04687006
2071,-0.00105897,-0.17608403,1.00000000,-0.86389138,-0.03749687
2072,0.00098091,-0.18698212,1.00000000,-0.88116299,-0.02387065
2073,0.00083070,-0.31785090,-1.00000000,-0.91148991,-0.04718447
2074,-0.00432212,-0.21023591,1.00000000,-0.91801626,-0.25246909
2075,0.00078140,-0.21816055,1.00000000,-0.93057545,-0.27455882
2076,0.00108439,-0.49000019,-1.00000000,-0.63866284,-0.20061421
2077,0.00029601,-0.22076119,1.00000000,-0.93469701,-0.22424273
2078,0.00049850,-0.20477664,1.00000000,-0.90936425,-0.23570319
2079,-0.00061689,-0.24636806,1.00000000,-0.97527950,-0.10787519
2080,0.00536726,-0.23568561,1.00000000,-0.95834966,0.05033389
2081,-0.00385761,-0.29452877,-1.00000000,-0.94845149,-0.12016222
2082,-0.00133461,0.02116822,1.00000000,-0.55128042,-0.17641754
2083,0.00106072,-0.46549507,-1.00000000,-0.67749925,-0.15702143
2084,-0.00008471,-0.33239231,-1.00000000,-0.88844428,-0.13866155
2085,-0.00848821,-0.20602554,1.00000000,-0.91134355,-0.61666643
2086,-0.00306234,-0.26645331,-1.00000000,-0.99294629,-0.58922988
2087,-0.00165823,-0.70978501,-1.00000000,-0.29034160,-0.60039468
2088,-0.00070359,-0.42353977,-1.00000000,-0.74399119,-0.66126212
2089,-0.00003899,-0.34946524,-1.00000000,-0.86138662,-0.65968489
2090,-0.00074672,-0.29910253,-1.00000000,-0.94120286,-0.39260819
2091,0.00408073,-0.26404145,-1.00000000,-0.99676867,-0.14617707
2092,-0.00391801,-0.30137793,-1.00000000,-0.93759675,-0.22413804
2093,0.00579827,-0.04670340,1.00000000,-0.65884529,0.00017183
2094,-0.00016759,-0.46868123,-1.00000000,-0.67244972,-0.00426456
2095,-0.00353742,0.04390657,1.00000000,-0.51524403,-0.10054209
2096,-0.00110217,-0.27082546,-1.00000000,-0.98601717,-0.27934851
2097,-0.00041090,-0.44860314,-1.00000000,-0.70427005,-0.15835556
2098,0.00089895,-0.32012975,-1.00000000,-0.90787833,-0.32737902
2099,0.00056898,-0.28366182,-1.00000000,-0.96567375,-0.30196795
2100,0.00360786,-0.21455991,1.00000000,-0.92486905,-0.05546029
2101,-0.00059774,-0.23196749,1.00000000,-0.95245708,-0.03805802
2102,0.00227520,-0.07164972,1.00000000,-0.69838093,0.05461076
2103,0.00139894,-0.29351864,-1.00000000,-0.95005237,0.07186016
2104,-0.00326361,-0.14195501,1.00000000,-0.80980274,-0.06036178
2105,0.00183521,-0.18818256,1.00000000,-0.88306547,-0.12151693
2106,-0.00255150,-0.43415801,-1.00000000,-0.72716311,-0.18892041
2107,0.00322665,-0.16516666,1.00000000,-0.84658923,-0.15609609
2108,-0.00005412,-0.39659037,-1.00000000,-0.78670136,-0.20622563
2109,-0.00048969,-0.09176087,1.00000000,-0.73025364,-0.11052727
2110,0.00473914,-0.26483941,-1.00000000,-0.99550404,-0.01034350
2111,-0.00022906,-0.28781846,-1.00000000,-0.95908618,0.06977941
2112,-0.00156642,-0.01196811,1.00000000,-0.60379582,-0.09557814
2113,-0.00095708,-0.27406840,-1.00000000,-0.98087766,-0.12672993
2114,0.00018432,-0.34462154,-1.00000000,-0.86906305,-0.10347705
2115,0.00034300,-0.31247596,-1.00000000,-0.92000828,-0.25514129
2116,0.00128535,-0.25226074,1.00000000,-0.98461839,-0.20289538
2117,-0.00273303,-0.24388930,1.00000000,-0.97135110,-0.24314279
2118,-0.00162077,-0.19417526,1.00000000,-0.89256288,-0.26603963
2119,-0.00271264,-0.40616688,-1.00000000,-0.77152425,-0.36598269
2120,-0.00272926,-0.34748923,-1.00000000,-0.86451824,-0.47197368
2121,0.00340634,-0.40509119,-1.00000000,-0.77322902,-0.39880083
2122,0.00519325,-0.40596809,-1.00000000,-0.77183929,-0.12534916
2123,0.02392135,-0.08228116,1.00000000,-0.71522993,0.75583777
2124,-0.00395318,0.01198865,1.00000000,-0.56582846,0.71303975
2125,0.00413702,1.00000000,1.00000000,1.00000000,0.94992188
2126,-0.00070118,-0.47053686,-1.00000000,-0.66950886,0.80821519
2127,-0.00437869,-0.04373380,1.00000000,-0.65413897,0.47798912
2128,-0.00072368,-0.29897553,-1.00000000,-0.94140413,-0.37224851
2129,0.00652327,-0.49298488,-1.00000000,-0.63393261,-0.01081765
2130,-0.00710697,-0.30016232,-1.00000000,-0.93952328,-0.39872808
2131,-0.00601653,0.08215425,1.00000000,-0.45462802,-0.58210434
2132,0.00400973,-0.63691682,-1.00000000,-0.40582518,-0.29270890
2133,0.00317293,-0.57938997,-1.00000000,-0.49699537,-0.15827849
2134,-0.00329182,-0.05044853,1.00000000,-0.66478068,-0.49689269
2135,-0.00221031,-0.09459466,1.00000000,-0.73474472,-0.32796081
2136,-0.00196720,-0.43564621,-1.00000000,-0.72480457,-0.18826148
2137,0.00958006,-0.37859038,-1.00000000,-0.81522826,0.00391113
2138,-0.00236387,-0.36576522,-1.00000000,-0.83555395,-0.18710509
2139,0.00435968,0.24341707,1.00000000,-0.19905412,0.07686680
2140,0.00101404,-0.38669193,-1.00000000,-0.80238869,0.18810475
2141,-0.00534030,-0.03198694,1.00000000,-0.63552222,0.07173512
2142,-0.00774123,-0.20848806,1.00000000,-0.91524621,-0.52583845
2143,0.00572280,-0.54371477,-1.00000000,-0.55353444,-0.24685321
2144,0.00204642,-0.67037763,-1.00000000,-0.35279554,-0.32665915
2145,-0.00522893,0.03992538,1.00000000,-0.52155353,-0.54203756
2146,-0.00231944,-0.15402420,1.00000000,-0.82893033,-0.43781984
2147,0.00158975,-0.53783940,-1.00000000,-0.56284590,-0.11590679
2148,-0.00332538,-0.38434761,-1.00000000,-0.80610404,-0.42806339
2149,0.00736501,-0.17811616,1.00000000,-0.86711197,-0.24457535
2150,0.00182586,-0.43741676,-1.00000000,-0.72199855,-0.00118984
2151,0.00250387,0.12656116,1.00000000,-0.38425068,0.16521112
2152,0.00269493,-0.16566030,1.00000000,-0.84737156,0.20333925
2153,0.00221169,-0.12989139,1.00000000,-0.79068397,0.39436456
2154,-0.00258364,-0.11981157,1.00000000,-0.77470920,0.05114217
2155,0.00405979,-0.14530558,1.00000000,-0.81511282,0.12821161
2156,-0.00068525,-0.39828601,-1.00000000,-0.78401407,0.01818902
2157,-0.00124112,-0.04780763,1.00000000,-0.66059530,-0.11760222
2158,0.01015887,-0.29813520,-1.00000000,-0.94273592,0.15657051
2159,0.00753427,-0.32746018,-1.00000000,-0.89626086,0.50563207
2160,-0.00321833,0.27395257,1.00000000,-0.15066059,0.25454153
2161,-0.00058285,0.13549028,1.00000000,-0.37009956,0.25807446
2162,0.00425625,-0.43176906,-1.00000000,-0.73094918,0.44773009
2163,0.00633603,-0.29273274,-1.00000000,-0.95129789,0.31584445
2164,-0.00827966,-0.03744348,1.00000000,-0.64416990,-0.22972622
2165,-0.00192770,0.07227631,1.00000000,-0.47028286,-0.18520048
2166,0.00177034,-0.69878287,-1.00000000,-0.30777811,-0.10401692
2167,-0.00108026,-0.36368141,-1.00000000,-0.83885643,-0.28812325
2168,0.00266619,-0.16858885,1.00000000,-0.85201280,-0.41473035
2169,-0.00122081,-0.31897432,-1.00000000,-0.90970949,-0.17120438
2170,0.00169456,-0.12132813,1.00000000,-0.77711268,-0.04623872
2171,0.00483863,-0.32638898,-1.00000000,-0.89795852,0.05961506
2172,-0.00117110,-0.17258702,1.00000000,-0.85834922,0.05648110
2173,0.00024855,-0.00671986,1.00000000,-0.59547824,-0.02692594
2174,0.00017083,-0.32376670,-1.00000000,-0.90211438,0.02108469
2175,0.00051850,-0.24887211,1.00000000,-0.97924801,-0.01948850
2176,-0.00159361,-0.25297231,1.00000000,-0.98574612,-0.24139674
2177,0.00056300,-0.23463053,1.00000000,-0.95667754,-0.18157123
2178,-0.00842162,-0.34605646,-1.00000000,-0.86678895,-0.48068645
2179,-0.00070513,-0.23228301,1.00000000,-0.95295712,-0.51090634
2180,-0.00310088,-0.70627169,-1.00000000,-0.29590961,-0.63577265
2181,0.00128709,-0.29918383,-1.00000000,-0.94107402,-0.53639005
2182,-0.00018667,-0.42557301,-1.00000000,-0.74076886,-0.56225304
2183,0.00220652,-0.19408303,1.00000000,-0.89241671,-0.19558919
2184,0.00200971,-0.27183207,-1.00000000,-0.98442187,-0.10192884
2185,-0.00588462,-0.14557840,1.00000000,-0.81554520,-0.19796609
2186,0.00559206,-0.15596074,1.00000000,-0.83199942,-0.04944746
2187,-0.00127382,-0.57243080,-1.00000000,-0.50802446,-0.08695366
2188,0.00264806,0.03302798,1.00000000,-0.53248473,-0.07172064
2189,-0.00005361,-0.32918562,-1.00000000,-0.89352633,-0.14290396
2190,0.00024088,-0.12228444,1.00000000,-0.77862827,0.06842180
2191,-0.00154783,-0.26481251,-1.00000000,-0.99554667,-0.17789992
2192,0.00306236,-0.24927668,1.00000000,-0.97988917,-0.02830424
2193,-0.00057084,-0.34364110,-1.00000000,-0.87061688,-0.13935417
2194,0.00279421,-0.10042762,1.00000000,-0.74398896,-0.04110611
2195,0.00000264,-0.29209924,-1.00000000,-0.95230189,-0.04932524
2196,-0.00046063,-0.11457400,1.00000000,-0.76640855,-0.01181760
2197,-0.00053149,-0.26184517,1.00000000,-0.99980807,-0.13580327
2198,-0.00254403,-0.28628535,-1.00000000,-0.96151590,-0.20387709
2199,-0.00291419,-0.29002343,-1.00000000,-0.95559168,-0.40081344
2200,0.00236258,-0.39619604,-1.00000000,-0.78732631,-0.31939704
2201,0.00035905,-0.41572420,-1.00000000,-0.75637754,-0.29111841
2202,-0.00521472,-0.13734522,1.00000000,-0.80249702,-0.45268688
2203,-0.00157720,-0.24304236,1.00000000,-0.97000884,-0.41933204
2204,0.00277573,-0.53708994,-1.00000000,-0.56403366,-0.22303329
2205,0.00006873,-0.34519065,-1.00000000,-0.86816111,-0.30216950
2206,-0.00114423,-0.11554901,1.00000000,-0.76795376,-0.35403180
2207,-0.00526093,-0.25835837,1.00000000,-0.99428210,-0.35562588
2208,-0.00117110,-0.32234890,-1.00000000,-0.90436136,-0.34161562
2209,0.00615301,-0.53952756,-1.00000000,-0.56017045,-0.22510181
2210,0.00279809,-0.32376650,-1.00000000,-0.90211470,-0.13094082
2211,-0.00384724,0.06262103,1.00000000,-0.48558483,-0.22419308
2212,0.00096936,-0.11436972,1.00000000,-0.76608479,-0.00925206
2213,0.00028227,-0.46494795,-1.00000000,-0.67836633,0.04088842
2214,-0.00145420,-0.21084507,1.00000000,-0.91898166,-0.22155550
2215,-0.00049455,-0.24709293,1.00000000,-0.97642831,-0.33514953
2216,-0.00603090,-0.33870171,-1.00000000,-0.87844496,-0.41048417
2217,0.00024952,-0.28807490,-1.00000000,-0.95867976,-0.43531836
2218,0.00129193,-0.58014782,-1.00000000,-0.49579431,-0.40048600
2219,0.00253687,-0.24882089,1.00000000,-0.97916682,-0.26279648
2220,0.00189084,-0.19382815,1.00000000,-0.89201277,-0.18050174
2221,-0.00068148,-0.12815031,1.00000000,-0.78792466,0.00404969
2222,-0.00144014,-0.16223182,1.00000000,-0.84193800,-0.05424262
2223,-0.00044938,-0.29793634,-1.00000000,-0.94305108,-0.11431648
2224,0.00045359,-0.33796005,-1.00000000,-0.87962037,-0.18618835
2225,0.00389360,-0.28569161,-1.00000000,-0.96245687,-0.11709444
2226,0.00525675,-0.23805499,1.00000000,-0.96210471,0.08777084
2227,0.00815231,-0.05657513,1.00000000,-0.67449028,0.41870444
2228,0.00087310,0.01533858,1.00000000,-0.56051940,0.46432900
2229,0.00548443,0.16809543,1.00000000,-0.31842600,0.63788991
2230,-0.00540380,-0.21592368,1.00000000,-0.92703038,0.31713555
2231,-0.00263508,0.02735006,1.00000000,-0.54148326,0.04487244
2232,-0.00432757,-0.54706475,-1.00000000,-0.54822530,-0.38567536
2233,-0.00081634,-0.40099944,-1.00000000,-0.77971375,-0.44395987
2234,0.00350064,-0.49028761,-1.00000000,-0.63820732,-0.51239945
2235,0.00018925,-0.30505091,-1.00000000,-0.93177571,-0.31944302
2236,-0.00327524,-0.07730605,1.00000000,-0.70734523,-0.34152814
2237,-0.00171061,-0.25200055,1.00000000,-0.98420605,-0.25124498
2238,-0.00489238,-0.43477146,-1.00000000,-0.72619089,-0.39186591
2239,-0.00513967,-0.35222884,-1.00000000,-0.85700679,-0.68995112
2240,-0.00109024,-0.52008494,-1.00000000,-0.59098366,-0.73409271
2241,0.00359140,-0.53313057,-1.00000000,-0.57030858,-0.49719820
2242,0.00025816,-0.31950078,-1.00000000,-0.90887514,-0.42927669
2243,-0.00130847,-0.07251824,1.00000000,-0.69975738,-0.30563375
2244,0.00275081,-0.24836495,1.00000000,-0.97844424,-0.03341721
2245,-0.00059912,-0.33101323,-1.00000000,-0.89062989,-0.01647379
2246,0.00429014,-0.11686377,1.00000000,-0.77003744,0.00763242
2247,-0.00199198,-0.29359132,-1.00000000,-0.94993719,-0.06999599
2248,-0.00154831,-0.03565562,1.00000000,-0.64133644,-0.07827035
2249,0.00023233,-0.36707239,-1.00000000,-0.83348230,-0.16515631
2250,0.00592001,-0.34366618,-1.00000000,-0.87057714,0.05974950
2251,0.00122511,-0.24972763,1.00000000,-0.98060385,-0.04599197
2252,0.00222392,0.05032907,1.00000000,-0.50506547,0.09945394
2253,0.00078209,-0.19735286,1.00000000,-0.89759882,0.17985128
2254,-0.00228448,-0.14466011,1.00000000,-0.81408986,0.09302272
2255,0.00372490,-0.22072455,1.00000000,-0.93463895,0.01729278
2256,-0.00143814,-0.38250371,-1.00000000,-0.80902631,-0.07458791
2257,0.00342447,-0.06547528,1.00000000,-0.68859550,-0.03316976
2258,-0.00561841,-0.33785452,-1.00000000,-0.87978761,-0.25398316
2259,0.00044476,-0.08132450,1.00000000,-0.71371379,-0.15982580
2260,0.00008907,-0.55838694,-1.00000000,-0.53028157,-0.28525945
2261,0.00168427,-0.23852060,1.00000000,-0.96284264,-0.17753817
2262,0.00058174,-0.25728533,1.00000000,-0.99258150,-0.27561062
2263,-0.00025124,-0.17312980,1.00000000,-0.85920944,-0.09044674
2264,-0.00026887,-0.23129446,1.00000000,-0.95139043,-0.11506657
2265,0.00197847,-0.27523892,-1.00000000,-0.97902259,-0.04988362
2266,-0.00299770,-0.27616864,-1.00000000,-0.97754915,-0.21140843
2267,0.00052922,-0.15760917,1.00000000,-0.83461190,-0.21322030
2268,-0.00010879,-0.42012955,-1.00000000,-0.74939581,-0.20830570
2269,0.00471273,-0.23406512,1.00000000,-0.95578146,-0.03644366
2270,0.00258084,-0.26772364,-1.00000000,-0.99093302,-0.01566234
2271,0.00087543,-0.01336147,1.00000000,-0.60600404,0.11795794
2272,0.00187817,-0.12583089,1.00000000,-0.78424878,0.16449586
2273,0.00249065,-0.21580072,1.00000000,-0.92683553,0.25417488
2274,-0.00024409,-0.16290048,1.00000000,-0.84299772,0.08316758
2275,-0.00142333,-0.13058871,1.00000000,-0.79178910,-0.05497346
2276,0.00073128,-0.27486158,-1.00000000,-0.97962061,-0.05994660
2277,-0.00010283,-0.33707276,-1.00000000,-0.88102657,-0.12828994
2278,-0.00224949,-0.22340552,1.00000000,-0.93888783,-0.29182173
2279,0.00003773,-0.26740942,-1.00000000,-0.99143100,-0.28209916
2280,-0.00098968,-0.38065748,-1.00000000,-0.81195226,-0.26713851
2281,-0.00191950,-0.25999407,1.00000000,-0.99687440,-0.35858858
2282,0.00149776,-0.31419529,-1.00000000,-0.91728343,-0.30336907
2283,-0.00138148,-0.36324871,-1.00000000,-0.83954218,-0.27342316
2284,-0.00054931,-0.18296912,1.00000000,-0.87480307,-0.29367549
2285,0.00165477,-0.33486493,-1.00000000,-0.88452559,-0.20244397
2286,0.00082880,-0.29096344,-1.00000000,-0.95410193,-0.10762951
2287,0.00265915,-0.17468630,1.00000000,-0.86167622,-0.06756238
2288,0.00046945,-0.21826078,1.00000000,-0.93073429,-0.00370653
2289,-0.00016098,-0.12169946,1.00000000,-0.77770117,0.00969069
2290,0.00063422,-0.23721814,1.00000000,-0.96077846,-0.02551751
2291,0.00117009,-0.27047675,-1.00000000,-0.98656982,-0.01374306
2292,0.00347940,-0.22852580,1.00000000,-0.94700260,0.01455503
2293,-0.00078982,-0.20025558,1.00000000,-0.90219915,-0.02888919
2294,0.00228985,-0.07842673,1.00000000,-0.70912132,0.05566262
2295,0.00116233,-0.30365197,-1.00000000,-0.93399279,0.07388207
2296,0.00075437,-0.14118221,1.00000000,-0.80857799,0.05953998
2297,0.00031686,-0.20066507,1.00000000,-0.90284812,-0.04956544
2298,0.00185591,-0.22218716,1.00000000,-0.93695693,0.04171083
2299,-0.00149019,-0.24526804,1.00000000,-0.97353616,-0.08869804
2300,-0.00232081,-0.16407455,1.00000000,-0.84485842,-0.20886397
2301,-0.00114048,-0.34060022,-1.00000000,-0.87543614,-0.27423528
2302,0.00118817,-0.38441984,-1.00000000,-0.80598957,-0.24417568
2303,0.00096551,-0.32215134,-1.00000000,-0.90467445,-0.27489408
2304,-0.00101160,-0.19930165,1.00000000,-0.90068732,-0.25838290
2305,-0.00123598,-0.21104837,1.00000000,-0.91930386,-0.22095724
2306,-0.00191050,-0.31535174,-1.00000000,-0.91545066,-0.24752214
2307,-0.00317436,-0.32718945,-1.00000000,-0.89668992,-0.39802692
2308,-0.00071803,-0.36277373,-1.00000000,-0.84029494,-0.45610792
2309,0.00123338,-0.42944982,-1.00000000,-0.73462478,-0.37865760
2310,-0.00045179,-0.29986440,-1.00000000,-0.93999544,-0.35160337
2311,-0.00192784,-0.19691663,1.00000000,-0.89690748,-0.35220178
2312,0.00188867,-0.28581878,-1.00000000,-0.96225532,-0.17753029
2313,-0.00264185,-0.36368881,-1.00000000,-0.83884470,-0.24390086
2314,0.00135541,-0.16234650,1.00000000,-0.84211976,-0.23969099
2315,0.00378515,-0.40135664,-1.00000000,-0.77914765,-0.09351917
2316,-0.00161371,-0.19047899,1.00000000,-0.88670493,-0.08268197
2317,-0.00188350,-0.06229645,1.00000000,-0.68355760,-0.21281961
2318,0.00062952,-0.34711684,-1.00000000,-0.86510843,-0.09995955
2319,-0.00220772,-0.36134975,-1.00000000,-0.84255170,-0.22288539
2320,-0.00018916,-0.22877383,1.00000000,-0.94739567,-0.35999680
2321,0.00415882,-0.37845414,-1.00000000,-0.81544418,-0.16084786
2322,-0.00205793,-0.27196382,-1.00000000,-0.98421306,-0.16686538
2323,0.00266174,-0.04258321,1.00000000,-0.65231549,-0.09675508
2324,0.00104931,-0.37055159,-1.00000000,-0.82796836,0.01561049
2325,-0.00100141,-0.12156290,1.00000000,-0.77748474,-0.01241138
2326,0.00078400,-0.20662751,1.00000000,-0.91229755,-0.12884083
2327,-0.00247037,-0.31481417,-1.00000000,-0.91630262,-0.14306980
2328,-0.00064321,-0.22062425,1.00000000,-0.93447998,-0.25708846
2329,-0.00101994,-0.39231018,-1.00000000,-0.79348473,-0.32847617
2330,-0.00059354,-0.29591740,-1.00000000,-0.94625075,-0.31440509
2331,-0.00249116,-0.31579182,-1.00000000,-0.91475320,-0.42739575
2332,0.00369974,-0.29329702,-1.00000000,-0.95040360,-0.21453079
2333,0.00493243,-0.39340677,-1.00000000,-0.79174683,-0.02217468
2334,0.00117159,-0.06680235,1.00000000,-0.69069867,0.05343157
2335,-0.00052606,-0.00177120,1.00000000,-0.58763546,0.05575973
2336,0.00014209,-0.20017663,1.00000000,-0.90207402,0.14660501
2337,-0.00119408,-0.28973685,-1.00000000,-0.95604586,-0.02222868
2338,-0.00080420,-0.25448842,1.00000000,-0.98814889,-0.22013865
2339,-0.00161632,-0.32497864,-1.00000000,-0.90019367,-0.31631981
2340,0.00322552,-0.30441022,-1.00000000,-0.93279109,-0.18689294
2341,-0.00099457,-0.34725448,-1.00000000,-0.86489029,-0.22610696
2342,-0.00048995,-0.09182050,1.00000000,-0.73034814,-0.20181514
2343,-0.00790107,-0.31445352,-1.00000000,-0.91687418,-0.44665284
2344,0.00136932,-0.28783219,-1.00000000,-0.95906442,-0.34365008
2345,0.00189692,-0.67880998,-1.00000000,-0.33943172,-0.38948573
2346,0.00265611,-0.18974520,1.00000000,-0.88554199,-0.26353969
2347,-0.00049622,-0.16191124,1.00000000,-0.84142994,-0.26375579
2348,0.00189744,-0.12185996,1.00000000,-0.77795554,0.07428648
2349,-0.00165546,-0.28816265,-1.00000000,-0.95854070,-0.03006639
2350,0.00161372,-0.16188411,1.00000000,-0.84138694,-0.03983655
2351,0.00281353,-0.34931902,-1.00000000,-0.86161835,-0.03440551
2352,-0.00066071,-0.17685153,1.00000000,-0.86510773,-0.04008031
2353,0.00312675,-0.11355496,1.00000000,-0.76479353,0.00233015
2354,0.00011925,-0.29684042,-1.00000000,-0.94478793,0.06355644
2355,0.00036606,-0.09703107,1.00000000,-0.73860601,0.02051300
2356,0.00176349,-0.25569329,1.00000000,-0.99005840,-0.01571267
2357,-0.00067810,-0.24267249,1.00000000,-0.96942267,-0.01631262
2358,0.00019300,-0.16895035,1.00000000,-0.85258572,-0.11752489
2359,0.00224631,-0.29775784,-1.00000000,-0.94333397,-0.04414252
2360,0.00217968,-0.25180237,1.00000000,-0.98389196,0.01842626
2361,-0.00055053,-0.14347879,1.00000000,-0.81221767,-0.06140591
2362,-0.00651211,-0.14699387,1.00000000,-0.81778847,-0.26267573
2363,-0.00021681,-0.29102772,-1.00000000,-0.95400005,-0.27681387
2364,-0.00070691,-0.60553467,-1.00000000,-0.45556051,-0.37869822
2365,0.00144718,-0.27342207,-1.00000000,-0.98190198,-0.40396919
2366,-0.00032527,-0.29927781,-1.00000000,-0.94092508,-0.39619788
2367,-0.00141327,-0.18563761,1.00000000,-0.87903217,-0.22029097
2368,0.00002597,-0.27914403,-1.00000000,-0.97283367,-0.21191532
2369,-0.00157915,-0.33654217,-1.00000000,-0.88186746,-0.24200720
2370,0.00588364,-0.26061423,1.00000000,-0.99785725,-0.08895222
2371,0.00709446,-0.34529357,-1.00000000,-0.86799799,0.16702353
2372,-0.00117960,0.04841027,1.00000000,-0.50810643,0.17508480
2373,-0.00204690,0.11228776,1.00000000,-0.40687158,0.10357186
2374,-0.00209947,-0.32421508,-1.00000000,-0.90140378,0.08562143
2375,0.00056104,-0.36997005,-1.00000000,-0.82889001,-0.09800476
2376,0.00045442,-0.37274293,-1.00000000,-0.82449547,-0.32708182
2377,0.00131375,-0.23238635,1.00000000,-0.95312090,-0.24106261
2378,0.00319095,-0.23801120,1.00000000,-0.96203532,-0.06035998
2379,0.00268619,-0.19267664,1.00000000,-0.89018782,0.10474226
2380,-0.00370926,-0.09364405,1.00000000,-0.73323817,-0.04258048
2381,-0.00125722,-0.12027268,1.00000000,-0.77543997,-0.10163081
2382,-0.00084517,-0.45766863,-1.00000000,-0.68990280,-0.17611214
2383,-0.00018168,-0.32830951,-1.00000000,-0.89491482,-0.29246555
2384,0.00199986,-0.30657164,-1.00000000,-0.92936561,-0.31614363
2385,-0.00806809,-0.27156881,-1.00000000,-0.98483909,-0.46652037
2386,-0.00462290,-0.15648061,1.00000000,-0.83282333,-0.58263443
2387,0.00494325,-0.68762103,-1.00000000,-0.32546771,-0.38293761
2388,-0.00013150,-0.50586824,-1.00000000,-0.61351470,-0.38120673
2389,0.00387516,-0.00120021,1.00000000,-0.58673054,-0.31650999
2390,-0.00381124,-0.26892200,-1.00000000,-0.98903383,-0.16965156
2391,0.00222200,-0.05754795,1.00000000,-0.67603204,0.06649329
2392,0.00047028,-0.46304876,-1.00000000,-0.68137622,-0.08782135
2393,-0.00116628,-0.14476137,1.00000000,-0.81425034,-0.12352036
2394,-0.00251365,-0.23717435,1.00000000,-0.96070906,-0.34393041
2395,-0.00110495,-0.32351204,-1.00000000,-0.90251799,-0.25056487
2396,0.00167237,-0.39459354,-1.00000000,-0.78986601,-0.26952673
2397,0.00072421,-0.32027650,-1.00000000,-0.90764576,-0.26076624
2398,-0.00054149,-0.17375738,1.00000000,-0.86020404,-0.23921150
2399,-0.00074203,-0.22377803,1.00000000,-0.93947818,-0.17809181
2400,-0.00058510,-0.29055106,-1.00000000,-0.95475548,-0.16015742
2401,-0.00305486,-0.30113082,-1.00000000,-0.93798837,-0.32324414
2402,-0.00129894,-0.29285167,-1.00000000,-0.95110940,-0.39304176
2403,-0.00368101,-0.42314555,-1.00000000,-0.74461597,-0.50135327
2404,-0.00231322,-0.33051083,-1.00000000,-0.89142611,-0.55555831
2405,-0.00253240,-0.45617833,-1.00000000,-0.69226467,-0.62273885
2406,0.00231407,-0.38401982,-1.00000000,-0.80662352,-0.43751393
2407,-0.00034276,-0.39558249,-1.00000000,-0.78829868,-0.40452621
2408,-0.00522872,-0.13990420,1.00000000,-0.80655256,-0.45792129
2409,0.00137941,-0.28006681,-1.00000000,-0.97137121,-0.33052770
2410,-0.00094582,-0.53782877,-1.00000000,-0.56286275,-0.27579187
2411,0.00444079,-0.18921271,1.00000000,-0.88469808,-0.20242136
2412,-0.00229352,-0.31188181,-1.00000000,-0.92094990,-0.26972131
2413,0.00048558,-0.02770783,1.00000000,-0.62874057,-0.07258126
2414,-0.00325418,-0.38298023,-1.00000000,-0.80827110,-0.23243738
2415,-0.00107860,-0.23636709,1.00000000,-0.95942968,-0.23701799
2416,-0.00203267,-0.43366072,-1.00000000,-0.72795123,-0.46034817
2417,-0.00040808,-0.31888636,-1.00000000,-0.90984888,-0.39530172
2418,0.00049869,-0.36921882,-1.00000000,-0.83008058,-0.39484976
2419,0.00116393,-0.28351280,-1.00000000,-0.96590991,-0.24242758
2420,-0.00030525,-0.23567597,1.00000000,-0.95833438,-0.21574775
2421,0.00072553,-0.20058050,1.00000000,-0.90271408,-0.12059193
2422,-0.00190743,-0.27808822,-1.00000000,-0.97450695,-0.17231853
2423,-0.00384170,-0.22370891,1.00000000,-0.93936864,-0.32205897
2424,0.00228573,-0.36261183,-1.00000000,-0.84055152,-0.28335755
2425,0.00169225,-0.46465534,-1.00000000,-0.67883006,-0.21444511
2426,-0.00003226,-0.14139924,1.00000000,-0.80892194,-0.24058809
2427,-0.00003148,-0.17270902,1.00000000,-0.85854258,-0.17586913
2428,0.00166693,-0.26368610,-1.00000000,-0.99733184,0.01417512
2429,-0.00259446,-0.26364521,-1.00000000,-0.99739663,-0.15418827
2430,0.00213739,-0.17404437,1.00000000,-0.86065888,-0.13883116
2431,0.00586279,-0.39885638,-1.00000000,-0.78311014,0.06454435
2432,0.00031557,-0.14922531,1.00000000,-0.82132492,0.07651733
2433,-0.00293313,0.04731070,1.00000000,-0.50984907,-0.08218179
2434,-0.00067256,-0.24533644,1.00000000,-0.97364456,-0.01587759
2435,-0.00252214,-0.41672314,-1.00000000,-0.75479438,-0.17662838
2436,-0.00095227,-0.29746564,-1.00000000,-0.94379706,-0.41174367
2437,-0.00150445,-0.39504143,-1.00000000,-0.78915618,-0.47453304
2438,-0.00020248,-0.31222178,-1.00000000,-0.92041111,-0.38032763
2439,-0.00211296,-0.34135239,-1.00000000,-0.87424409,-0.43002047
2440,0.00215650,-0.27266655,-1.00000000,-0.98309935,-0.26861029
2441,0.00228403,-0.37345471,-1.00000000,-0.82336742,-0.15696022
2442,-0.00031359,-0.14821697,1.00000000,-0.81972687,-0.11587630
2443,0.00000841,-0.14148926,1.00000000,-0.80906461,-0.10860070
2444,-0.00042671,-0.27852788,-1.00000000,-0.97381015,-0.05042635
2445,-0.00420424,-0.26154089,1.00000000,-0.99932584,-0.26986799
2446,0.00205209,-0.28449593,-1.00000000,-0.96435182,-0.27786952
2447,0.00160940,-0.48378169,-1.00000000,-0.64851809,-0.21152766
2448,-0.00056415,-0.15372500,1.00000000,-0.82845615,-0.23128057
2449,-0.00145244,-0.17707955,1.00000000,-0.86546912,-0.26666756
2450,-0.00296721,-0.29174655,-1.00000000,-0.95286083,-0.22399070
2451,-0.02143169,-0.33860884,-1.00000000,-0.87859215,-1.03416634
2452,-0.00009011,-0.41852128,-1.00000000,-0.75194464,-1.09279845
2453,-0.00366808,-1.39262553,-1.00000000,0.79184345,-1.19988212
2454,0.00013219,-0.26673833,-1.00000000,-0.99249457,-1.14521323
2455,0.00465255,-0.45549624,-1.00000000,-0.69334567,-0.88233643
2456,-0.00159412,-0.25501052,1.00000000,-0.98897633,-0.19795285
2457,-0.00206624,-0.01653658,1.00000000,-0.61103606,-0.26612796
2458,0.00055852,-0.34608311,-1.00000000,-0.86674671,-0.12031271
2459,-0.00224319,-0.37099003,-1.00000000,-0.82727351,-0.20226173
2460,0.01966752,-0.23251917,1.00000000,-0.95333140,0.31574532
2461,-0.00367856,-0.38032493,-1.00000000,-0.81247929,0.24383345
2462,-0.00120279,0.77558698,1.00000000,0.64434387,0.27362206
2463,-0.01184166,-0.45604897,-1.00000000,-0.69246969,-0.15417623
2464,0.00106908,-0.32543802,-1.00000000,-0.89946564,-0.03990503
2465,-0.00361740,-0.88669772,-1.00000000,-0.00996532,-0.84321989
2466,-0.00438954,-0.20558425,1.00000000,-0.91064417,-0.86774816
2467,0.00566470,-0.45282221,-1.00000000,-0.69758355,-0.63082422
2468,-0.00190326,-0.49355700,-1.00000000,-0.63302589,-0.28795605
2469,-0.00339572,0.03686021,1.00000000,-0.52641130,-0.44198880
2470,0.00047430,-0.36239220,-1.00000000,-0.84089960,-0.30082784
2471,-0.00621362,-0.44112732,-1.00000000,-0.71611794,-0.36375767
2472,-0.00179911,-0.23696237,1.00000000,-0.96037311,-0.62125457
2473,-0.00389086,-0.58978773,-1.00000000,-0.48051670,-0.68982528
2474,0.00388417,-0.35689768,-1.00000000,-0.84960747,-0.43867369
2475,-0.00970545,-0.46724883,-1.00000000,-0.67471983,-0.78986861
2476,0.00150250,-0.05707252,1.00000000,-0.67527856,-0.52366719
2477,0.00514042,-0.77400096,-1.00000000,-0.18857035,-0.28425780
2478,-0.00128947,-0.18271910,1.00000000,-0.87440683,-0.19451162
2479,-0.00255289,0.00920123,1.00000000,-0.57024604,-0.41658616
2480,0.00502840,-0.33001120,-1.00000000,-0.89221793,0.09172221
2481,0.00277952,-0.39666341,-1.00000000,-0.78658561,0.13577855
2482,-0.00689891,0.00329162,1.00000000,-0.57961176,-0.27957066
2483,-0.00069242,-0.11534923,1.00000000,-0.76763715,-0.25897284
2484,-0.00794751,-0.62594050,-1.00000000,-0.42322077,-0.44508389
2485,0.00188761,-0.29851353,-1.00000000,-0.94213633,-0.55343916
2486,0.00134529,-0.68125982,-1.00000000,-0.33554913,-0.60291916
2487,0.00103408,-0.16240258,1.00000000,-0.84220863,-0.32923588
2488,0.00070834,-0.19101282,1.00000000,-0.88755095,-0.28091063
2489,0.00112894,-0.20743080,1.00000000,-0.91357064,0.03222109
2490,0.00348940,-0.22461576,1.00000000,-0.94080585,0.08748186
2491,-0.00014236,-0.20242654,1.00000000,-0.90563974,0.03615879
2492,-0.00058349,-0.07789919,1.00000000,-0.70828526,-0.01964648
2493,-0.00181150,-0.26949477,-1.00000000,-0.98812608,-0.10657924
2494,-0.00018269,-0.29276684,-1.00000000,-0.95124385,-0.15182960
2495,-0.00062163,-0.35755119,-1.00000000,-0.84857177,-0.29365740
2496,-0.00183945,-0.27162227,-1.00000000,-0.98475436,-0.35220586
2497,0.00196594,-0.29477875,-1.00000000,-0.94805532,-0.26425208
2498,-0.00249969,-0.35902562,-1.00000000,-0.84623505,-0.28799413
2499,-0.00080953,-0.15827011,1.00000000,-0.83565937,-0.30961981
2500,-0.00224016,-0.39385693,-1.00000000,-0.79103340,-0.36545829
2501,-0.00197497,-0.30469174,-1.00000000,-0.93234493,-0.37013372
2502,-0.00068432,-0.38016557,-1.00000000,-0.81273186,-0.46156612
2503,0.00371288,-0.36617516,-1.00000000,-0.83490425,-0.24723661
2504,0.00026645,-0.29808628,-1.00000000,-0.94281345,-0.21011595
2505,-0.00348749,-0.06610955,1.00000000,-0.68960070,-0.25314789
2506,-0.00243221,-0.24792774,1.00000000,-0.97775134,-0.26892216
2507,0.00354983,-0.44596895,-1.00000000,-0.70844479,-0.12284649
2508,0.00025086,-0.39029679,-1.00000000,-0.79667561,-0.24228383
2509,-0.00001674,-0.07471097,1.00000000,-0.70323248,-0.25205375
2510,0.00330763,-0.24875017,1.00000000,-0.97905474,-0.01762651
2511,0.00479392,-0.26286766,-1.00000000,-0.99862892,0.23167029
2512,0.00491474,-0.08748863,1.00000000,-0.72348287,0.27875887
2513,0.00307115,-0.00907830,1.00000000,-0.59921595,0.37605715
2514,0.00009525,-0.00270429,1.00000000,-0.58911424,0.37992072
2515,-0.00147504,-0.09996405,1.00000000,-0.74325428,0.21492179
2516,0.00129298,-0.25695958,1.00000000,-0.99206526,0.09414153
2517,0.00120846,-0.33980090,-1.00000000,-0.87670293,-0.03372284
2518,0.01070913,-0.19377248,1.00000000,-0.89192454,0.22978250
2519,-0.00218084,-0.19823131,1.00000000,-0.89899103,0.15125900
2520,-0.00052184,0.30298180,1.00000000,-0.10465425,0.18414383
2521,-0.00458972,-0.37703577,-1.00000000,-0.81769205,-0.01880555
2522,-0.00375922,-0.28951425,-1.00000000,-0.95639865,-0.19018750
2523,-0.00180479,-0.50411764,-1.00000000,-0.61628909,-0.62190978
2524,0.00334796,-0.46030435,-1.00000000,-0.68572564,-0.43116984
2525,-0.00165318,-0.35719721,-1.00000000,-0.84913277,-0.47020059
2526,-0.00099842,-0.08536098,1.00000000,-0.72011092,-0.34630293
2527,0.00262127,-0.34919911,-1.00000000,-0.86180838,-0.12618010
2528,0.00010816,-0.31465642,-1.00000000,-0.91655263,-0.06018434
2529,-0.00497985,-0.12369796,1.00000000,-0.78086845,-0.34748824
2530,-0.00315722,-0.25627812,1.00000000,-0.99098526,-0.39937643
2531,-0.00152549,-0.52469900,-1.00000000,-0.58367117,-0.41756006
2532,0.00588547,-0.42854524,-1.00000000,-0.73605839,-0.30494722
2533,0.00245512,-0.34246238,-1.00000000,-0.87248495,-0.22397889
2534,-0.00114129,0.04850680,1.00000000,-0.50795345,-0.09155110
2535,-0.00189279,-0.13246335,1.00000000,-0.79476009,-0.04792929
2536,0.00276978,-0.32219371,-1.00000000,-0.90460730,0.10025474
2537,-0.00563316,-0.36183984,-1.00000000,-0.84177500,-0.29713069
2538,-0.00094289,-0.11586303,1.00000000,-0.76845144,-0.41435990
2539,-0.00168301,-0.55916516,-1.00000000,-0.52904823,-0.43304885
2540,0.00084405,-0.31172735,-1.00000000,-0.92119469,-0.33862935
2541,0.00400876,-0.35077239,-1.00000000,-0.85931500,-0.29588539
2542,-0.00184483,-0.21745588,1.00000000,-0.92945867,-0.16519015
2543,-0.00492024,-0.05050003,1.00000000,-0.66486230,-0.30240603
2544,-0.00292617,-0.35930923,-1.00000000,-0.84578558,-0.34529432
2545,-0.00141368,-0.52155447,-1.00000000,-0.58865470,-0.42318470
2546,-0.00127793,-0.41635610,-1.00000000,-0.75537608,-0.60557200
2547,0.00205134,-0.33656392,-1.00000000,-0.88183299,-0.47115671
2548,0.00178049,-0.32940218,-1.00000000,-0.89318312,-0.23998589
2549,-0.00299903,-0.15376469,1.00000000,-0.82851906,-0.24249957
2550,-0.00070996,-0.16805379,1.00000000,-0.85116482,-0.21822174
2551,0.00406756,-0.42019996,-1.00000000,-0.74928422,-0.03380586
2552,-0.00202188,-0.29943885,-1.00000000,-0.94066985,-0.17432934
2553,0.00067072,-0.04739799,1.00000000,-0.65994608,-0.21261554
2554,-0.01012392,-0.36864972,-1.00000000,-0.83098250,-0.45841986
2555,-0.00217179,-0.22660009,1.00000000,-0.94395067,-0.50885210
2556,-0.00044412,-0.79607785,-1.00000000,-0.15358226,-0.66450232
2557,0.00448320,-0.37655858,-1.00000000,-0.81844832,-0.44008117
2558,-0.00063680,-0.28541444,-1.00000000,-0.96289614,-0.48518969
2559,-0.00022820,-0.02547046,1.00000000,-0.62519472,-0.14379363
2560,0.00181287,-0.29557892,-1.00000000,-0.94678719,-0.00632517
2561,0.00058122,-0.27402345,-1.00000000,-0.98094890,0.02904843
2562,0.00090565,-0.16634521,1.00000000,-0.84845703,-0.09437473
2563,-0.00018348,-0.23132202,1.00000000,-0.95143411,-0.07873577
2564,0.00044804,-0.21420610,1.00000000,-0.92430832,-0.05540563
2565,0.00139132,-0.27166420,-1.00000000,-0.98468791,-0.06994895
2566,-0.00069336,-0.23834758,1.00000000,-0.96256843,-0.11392118
2567,0.00093002,-0.18858450,1.00000000,-0.88370248,-0.11308072
2568,0.00199363,-0.29856326,-1.00000000,-0.94205751,-0.03797175
2569,0.00101605,-0.21292089,1.00000000,-0.92227149,-0.01837582
2570,-0.00191212,-0.15680942,1.00000000,-0.83334443,-0.13234247
2571,0.00187422,-0.20838198,1.00000000,-0.91507809,-0.04376236
2572,-0.00374623,-0.36285948,-1.00000000,-0.84015905,-0.20508970
2573,0.00094710,-0.16310875,1.00000000,-0.84332779,-0.24119432
2574,-0.00111478,-0.45961866,-1.00000000,-0.68681234,-0.31470670
2575,0.00195892,-0.21201971,1.00000000,-0.92084328,-0.18115819
2576,0.00100276,-0.32079529,-1.00000000,-0.90682356,-0.21122323
2577,0.00044112,-0.15864039,1.00000000,-0.83624621,-0.06676232
2578,0.00053737,-0.20908346,1.00000000,-0.91618982,-0.08089770
2579,0.00346856,-0.23871262,1.00000000,-0.96314695,0.07722451
2580,-0.00268639,-0.23363518,1.00000000,-0.95510009,-0.08303573
2581,-0.00097373,-0.07899872,1.00000000,-0.71002783,-0.15122322
2582,-0.00526417,-0.40370638,-1.00000000,-0.77542371,-0.34805218
2583,-0.00963990,-0.31335408,-1.00000000,-0.91861660,-0.69916155
2584,0.00254515,-0.53969859,-1.00000000,-0.55989939,-0.73101855
2585,0.00050956,-0.77054295,-1.00000000,-0.19405070,-0.62076021
2586,0.00040241,-0.12771366,1.00000000,-0.78723265,-0.57328439
2587,0.00271642,-0.23510206,1.00000000,-0.95742484,-0.29795913
2588,-0.00173569,-0.24075523,1.00000000,-0.96638414,-0.02526870
2589,0.00108425,-0.11867802,1.00000000,-0.77291270,-0.07566884
2590,-0.00226981,-0.35355150,-1.00000000,-0.85491058,-0.17155541
2591,0.00330098,-0.20478430,1.00000000,-0.90937639,-0.07155646
2592,0.00027746,-0.38172943,-1.00000000,-0.81025341,-0.15569906
2593,-0.00009682,-0.08783931,1.00000000,-0.72403865,-0.09915912
2594,0.00788527,-0.24734680,1.00000000,-0.97683065,0.13547185
2595,0.00547106,-0.26709202,-1.00000000,-0.99193403,0.40252697
2596,-0.00013851,0.15400757,1.00000000,-0.34075284,0.28386688
2597,0.00148546,0.02664465,1.00000000,-0.54260122,0.32554221
2598,0.00891709,-0.26929138,-1.00000000,-0.98844843,0.63651619
2599,-0.00517236,-0.18361793,1.00000000,-0.87583132,0.18603608
2600,-0.00172659,0.20844169,1.00000000,-0.25448409,-0.06227847
2601,0.00413252,-0.53485546,-1.00000000,-0.56757492,0.08506925
2602,0.00427424,-0.35307181,-1.00000000,-0.85567081,0.18128038
2603,0.00164343,-0.04397089,1.00000000,-0.65451472,-0.06965608
2604,-0.00263879,-0.03649426,1.00000000,-0.64266555,0.01775066
2605,-0.00214054,-0.17528412,1.00000000,-0.86262366,0.00346987
2606,-0.00117174,-0.40119523,-1.00000000,-0.77940345,-0.17952380
2607,-0.00309763,-0.37490965,-1.00000000,-0.82106159,-0.43384873
2608,0.00322388,-0.32380028,-1.00000000,-0.90206118,-0.37932426
2609,0.00735885,-0.42540164,-1.00000000,-0.74104045,-0.03441210
2610,0.00314278,-0.09190666,1.00000000,-0.73048469,0.14785886
2611,-0.00270253,0.12623591,1.00000000,-0.38476616,0.09504752
2612,-0.00237682,-0.09618542,1.00000000,-0.73726579,0.11991491
2613,-0.00252644,-0.40455807,-1.00000000,-0.77407393,-0.07846742
2614,0.00369624,-0.38737504,-1.00000000,-0.80130609,-0.20482512
2615,0.00103757,-0.39526802,-1.00000000,-0.78879707,-0.27745334
2616,-0.00035331,-0.06698716,1.00000000,-0.69099157,-0.19640672
2617,0.00101165,-0.20724668,1.00000000,-0.91327883,-0.07950661
2618,-0.00063266,-0.28062360,-1.00000000,-0.97048880,-0.01417254
2619,0.00137458,-0.20861429,1.00000000,-0.91544626,-0.09426824
2620,-0.00447387,-0.29536077,-1.00000000,-0.94713292,-0.28440941
2621,-0.00096668,-0.18946752,1.00000000,-0.88510192,-0.30557026
2622,0.00100590,-0.49800585,-1.00000000,-0.62597524,-0.30576848
2623,-0.00012528,-0.31298224,-1.00000000,-0.91920591,-0.28826429
2624,-0.00131665,-0.20891741,1.00000000,-0.91592665,-0.38111009
2625,-0.00082303,-0.26859378,-1.00000000,-0.98955400,-0.25515863
2626,-0.00379335,-0.33144503,-1.00000000,-0.88994555,-0.35267702
2627,-0.00028222,-0.30540399,-1.00000000,-0.93121613,-0.39711646
2628,-0.00334660,-0.46210494,-1.00000000,-0.68287201,-0.50824997
2629,-0.00048685,-0.27687310,-1.00000000,-0.97643270,-0.47962228
2630,-0.00203860,-0.43853640,-1.00000000,-0.72022411,-0.52155844
2631,0.00085616,-0.28766828,-1.00000000,-0.95932419,-0.36115329
2632,-0.00091086,-0.36953173,-1.00000000,-0.82958466,-0.38284098
2633,0.00061505,-0.21681735,1.00000000,-0.92844671,-0.24616639
2634,0.00009987,-0.31003738,-1.00000000,-0.92387301,-0.22592509
2635,0.00145192,-0.22953700,1.00000000,-0.94860517,-0.10550440
2636,-0.00115907,-0.25671579,1.00000000,-0.99167888,-0.17502855
2637,-0.00131047,-0.18538740,1.00000000,-0.87863563,-0.18881496
2638,-0.00025914,-0.32313195,-1.00000000,-0.90312036,-0.21897412
2639,-0.00228596,-0.33111922,-1.00000000,-0.89046191,-0.30128358
2640,-0.00172363,-0.27565565,-1.00000000,-0.97836215,-0.41083807
2641,-0.00317834,-0.38258136,-1.00000000,-0.80890324,-0.48050142
2642,0.00277969,-0.35291542,-1.00000000,-0.85591866,-0.33939345
2643,0.00209375,-0.42965942,-1.00000000,-0.73429260,-0.25822022
2644,0.00018950,-0.11534041,1.00000000,-0.76762316,-0.17281867
2645,0.00049555,-0.15152755,1.00000000,-0.82497357,-0.09625855
2646,-0.00069493,-0.25198743,1.00000000,-0.98418525,-0.01058274
2647,0.00076264,-0.23584159,1.00000000,-0.95859686,-0.08016971
2648,-0.00171378,-0.29864609,-1.00000000,-0.94192625,-0.21152683
2649,0.00034356,-0.22175108,1.00000000,-0.93626582,-0.20621187
2650,-0.00147451,-0.35239560,-1.00000000,-0.85674249,-0.27417749
2651,-0.00134997,-0.24385993,1.00000000,-0.97130455,-0.29677569
2652,0.00265913,-0.33977293,-1.00000000,-0.87674727,-0.23134785
2653,0.00145431,-0.33320270,-1.00000000,-0.88715995,-0.12205085
2654,0.00100585,-0.12170044,1.00000000,-0.77770273,-0.09920228
2655,-0.00008283,-0.18526134,1.00000000,-0.87843584,-0.05119022
2656,0.00032429,-0.20892046,1.00000000,-0.91593149,0.00657059
2657,-0.00050809,-0.26635407,-1.00000000,-0.99310356,-0.10269641
2658,0.00040183,-0.24487631,1.00000000,-0.97291533,-0.13900627
2659,0.00225020,-0.28878882,-1.00000000,-0.95754832,-0.09607670
2660,-0.00045488,-0.24078549,1.00000000,-0.96643210,-0.10891235
2661,0.00077672,-0.14327362,1.00000000,-0.81189251,-0.09330367
2662,-0.00025341,-0.28598203,-1.00000000,-0.96199660,-0.08451748
2663,-0.00138453,-0.22100790,1.00000000,-0.93508801,-0.14614596
2664,0.00087452,-0.27535319,-1.00000000,-0.97884149,-0.19360633
2665,-0.00068183,-0.33502624,-1.00000000,-0.88426996,-0.20143583
2666,-0.00153655,-0.21584884,1.00000000,-0.92691179,-0.28124227
2667,-0.00103374,-0.29795472,-1.00000000,-0.94302195,-0.30816310
2668,-0.00085396,-0.34304593,-1.00000000,-0.87156012,-0.28985876
2669,-0.00200757,-0.31651986,-1.00000000,-0.91359939,-0.38928899
2670,0.00129736,-0.30703568,-1.00000000,-0.92863018,-0.32100825
2671,-0.00213311,-0.36789509,-1.00000000,-0.83217846,-0.34158924
2672,-0.00175593,-0.19354151,1.00000000,-0.89155849,-0.36650424
2673,0.00279557,-0.37451785,-1.00000000,-0.82168252,-0.24059775
2674,0.00076655,-0.35461928,-1.00000000,-0.85321835,-0.14489231
2675,-0.00267932,-0.11450259,1.00000000,-0.76629537,-0.28208506
2676,0.00107572,-0.22154470,1.00000000,-0.93593874,-0.17138235
2677,-0.00107697,-0.40333327,-1.00000000,-0.77601503,-0.14795888
2678,0.00276637,-0.20523400,1.00000000,-0.91008908,-0.14896613
2679,0.00223141,-0.31880069,-1.00000000,-0.90998466,-0.09842925
2680,0.00199764,-0.11604285,1.00000000,-0.76873642,0.06292284
2681,-0.00284935,-0.14426496,1.00000000,-0.81346361,-0.07248982
2682,0.00357660,-0.15659765,1.00000000,-0.83300881,0.08805551
2683,-0.00303839,-0.41230369,-1.00000000,-0.76179845,-0.11220526
2684,-0.00052705,-0.07329874,1.00000000,-0.70099433,-0.20737037
2685,-0.00489811,-0.42227666,-1.00000000,-0.74599300,-0.44526952
2686,0.00219213,-0.28978909,-1.00000000,-0.95596306,-0.27134169
2687,-0.00198613,-0.52038714,-1.00000000,-0.59050473,-0.46325252
2688,-0.00102610,-0.14633755,1.00000000,-0.81674832,-0.39382972
2689,-0.00146052,-0.36676404,-1.00000000,-0.83397099,-0.42603382
2690,-0.00177114,-0.31611702,-1.00000000,-0.91423782,-0.31815541
2691,0.00017631,-0.33903481,-1.00000000,-0.87791706,-0.38769973
2692,0.00410443,-0.35542215,-1.00000000,-0.85194593,-0.17757907
2693,0.00003455,-0.25268300,1.00000000,-0.98528761,-0.14098723
2694,-0.00013193,-0.04545273,1.00000000,-0.65686319,-0.09515171
2695,-0.00039369,-0.26016168,1.00000000,-0.99714003,-0.04763040
2696,0.00274162,-0.26894427,-1.00000000,-0.98899854,0.04087111
2697,-0.00097280,-0.28275375,-1.00000000,-0.96711288,-0.13429021
2698,-0.00200496,-0.11734868,1.00000000,-0.77080593,-0.20465196
2699,-0.00115546,-0.31330510,-1.00000000,-0.91869424,-0.23996335
2700,0.00182494,-0.36775712,-1.00000000,-0.83239712,-0.16342186
2701,-0.00063887,-0.32294156,-1.00000000,-0.90342209,-0.28004667
2702,0.00140283,-0.16570839,1.00000000,-0.84744778,-0.19808884
2703,0.00201775,-0.29568846,-1.00000000,-0.94661358,-0.05930798
2704,0.00179192,-0.18797721,1.00000000,-0.88274004,0.04237487
2705,0.00141531,-0.15553686,1.00000000,-0.83132765,0.02824284
2706,-0.00025113,-0.16745065,1.00000000,-0.85020896,0.04161958
2707,0.00062331,-0.18731875,1.00000000,-0.88169649,0.01472652
2708,0.00227105,-0.27523309,-1.00000000,-0.97903184,0.02346525
2709,0.00008396,-0.22910142,1.00000000,-0.94791484,-0.03545829
2710,0.00217466,-0.14217381,1.00000000,-0.81014950,-0.00926143
2711,-0.00139714,-0.25755507,1.00000000,-0.99300900,-0.04879809
2712,0.00125345,-0.14725917,1.00000000,-0.81820892,-0.02705850
2713,0.00186386,-0.33569158,-1.00000000,-0.88321551,-0.04110645
2714,0.00161429,-0.19585776,1.00000000,-0.89522935,0.01168905
2715,0.00103240,-0.16365560,1.00000000,-0.84419445,-0.02771804
2716,0.00228410,-0.17682148,1.00000000,-0.86506012,0.09928272
2717,0.00237889,-0.20751951,1.00000000,-0.91371123,0.13810972
2718,0.00104759,-0.14148516,1.00000000,-0.80905811,0.10994890
2719,0.00170171,-0.13648447,1.00000000,-0.80113288,0.11296476
2720,0.00087137,-0.20671843,1.00000000,-0.91244165,0.10740946
2721,-0.00270093,-0.17220971,1.00000000,-0.85775125,-0.06457113
2722,0.00153178,-0.21601454,1.00000000,-0.92717439,-0.09379611
2723,0.00002470,-0.40447362,-1.00000000,-0.77420777,-0.12908508
2724,-0.00085716,-0.18117459,1.00000000,-0.87195904,-0.21736432
2725,0.00074859,-0.26068144,1.00000000,-0.99796376,-0.22160029
2726,0.00618573,-0.30720414,-1.00000000,-0.92836321,0.08498406
2727,-0.00046448,-0.22249208,1.00000000,-0.93744018,0.01611438
2728,0.00230363,0.06434757,1.00000000,-0.48284855,0.09473604
2729,-0.00027753,-0.28648840,-1.00000000,-0.96119410,0.11473266
2730,-0.00339232,-0.14045514,1.00000000,-0.80742570,-0.02812617
2731,0.00077596,-0.27662581,-1.00000000,-0.97682461,-0.21475995
2732,-0.00037347,-0.44094826,-1.00000000,-0.71640173,-0.21162026
2733,0.00234858,-0.22104819,1.00000000,-0.93515187,-0.21006948
2734,0.00056626,-0.28168726,-1.00000000,-0.96880308,-0.18095914
2735,-0.00222084,-0.13808371,1.00000000,-0.80366740,-0.14054372
2736,-0.00299340,-0.23211101,1.00000000,-0.95268453,-0.27058414
2737,-0.00274450,-0.37914599,-1.00000000,-0.81434772,-0.35238316
2738,-0.00096258,-0.41990279,-1.00000000,-0.74975518,-0.46661624
2739,-0.00405728,-0.40677229,-1.00000000,-0.77056477,-0.62612550
2740,0.00105378,-0.31276612,-1.00000000,-0.91954843,-0.51315312
2741,-0.00001808,-0.47602862,-1.00000000,-0.66080537,-0.41050671
2742,-0.00068314,-0.20639142,1.00000000,-0.91192340,-0.33939084
2743,-0.00033152,-0.26293844,-1.00000000,-0.99851674,-0.31761936
2744,0.00132800,-0.29802366,-1.00000000,-0.94291269,-0.13183043
2745,0.00024464,-0.27947370,-1.00000000,-0.97231119,-0.15974547
2746,0.00274076,-0.19192480,1.00000000,-0.88899628,-0.06456717
2747,0.00235105,-0.24907841,1.00000000,-0.97957495,0.04011034
2748,0.00122132,-0.11739414,1.00000000,-0.77087797,0.09368229
2749,-0.00052154,-0.13795341,1.00000000,-0.80346090,0.02987409
2750,0.00329875,-0.19755281,1.00000000,-0.89791572,0.13523908
2751,-0.00045750,-0.28949870,-1.00000000,-0.95642329,0.02490133
2752,-0.00230738,-0.08795688,1.00000000,-0.72422498,-0.13581142
2753,-0.00030654,-0.28611989,-1.00000000,-0.96177812,-0.18852165
2754,0.00252403,-0.38371136,-1.00000000,-0.80711239,-0.08345117
2755,-0.00334623,-0.27815600,-1.00000000,-0.97439952,-0.31269882
2756,0.00009257,-0.12882752,1.00000000,-0.78899792,-0.29372203
2757,-0.00183589,-0.43851671,-1.00000000,-0.72025532,-0.27745598
2758,-0.00458167,-0.25710106,1.00000000,-0.99228947,-0.42494546
2759,-0.00380491,-0.35883773,-1.00000000,-0.84653283,-0.64329014
2760,0.00812936,-0.50369326,-1.00000000,-0.61696167,-0.24738959
2761,-0.00418405,-0.46271479,-1.00000000,-0.68190550,-0.39493022
2762,0.00272563,0.16688461,1.00000000,-0.32034495,-0.23756084
2763,0.00544743,-0.48271653,-1.00000000,-0.65020618,0.10843694
2764,-0.00223734,-0.11819237,1.00000000,-0.77214303,0.16251706
2765,-0.00041275,0.02539798,1.00000000,-0.54457698,-0.13218040
2766,0.00137475,-0.38001682,-1.00000000,-0.81296761,0.05959476
2767,0.00081361,-0.28375945,-1.00000000,-0.96551902,-0.00636862
2768,-0.00010703,-0.18945871,1.00000000,-0.88508795,-0.19799386
2769,0.00774084,-0.21906194,1.00000000,-0.93200400,0.14624709
2770,-0.00146955,-0.26763059,-1.00000000,-0.99108049,0.10978844
2771,-0.00158031,0.14638792,1.00000000,-0.35282867,0.00784077
2772,-0.00093170,-0.33951111,-1.00000000,-0.87716220,-0.05237130
2773,0.00015029,-0.34535457,-1.00000000,-0.86790132,-0.04349423
2774,0.00360200,-0.31113674,-1.00000000,-0.92213071,-0.18628144
2775,-0.00225365,-0.25405600,1.00000000,-0.98746358,-0.21333241
2776,-0.00324823,-0.07195875,1.00000000,-0.69887067,-0.27087455
2777,0.00030129,-0.38087678,-1.00000000,-0.81160471,-0.22833709
2778,0.00334942,-0.43334658,-1.00000000,-0.72844909,-0.11796882
2779,0.00044497,-0.24608952,1.00000000,-0.97483807,-0.22688457
2780,-0.00139072,-0.08528357,1.00000000,-0.71998823,-0.19711409
2781,-0.00317001,-0.23851001,1.00000000,-0.96282586,-0.19441571
2782,-0.00084584,-0.33535250,-1.00000000,-0.88375288,-0.23399102
2783,-0.00119782,-0.42922028,-1.00000000,-0.73498855,-0.39086821
2784,0.00341009,-0.30660710,-1.00000000,-0.92930941,-0.28857344
2785,-0.00271333,-0.32517628,-1.00000000,-0.89988044,-0.33420264
2786,-0.00303476,-0.08208339,1.00000000,-0.71491649,-0.32953637
2787,-0.00079870,-0.40512755,-1.00000000,-0.77317140,-0.32791026
2788,0.00116229,-0.42208473,-1.00000000,-0.74629718,-0.24648775
2789,-0.00023590,-0.30412050,-1.00000000,-0.93325024,-0.37227210
2790,-0.00091065,-0.20066700,1.00000000,-0.90285117,-0.31008097
2791,0.00011480,-0.27442970,-1.00000000,-0.98030508,-0.20142312
2792,-0.00027410,-0.31002641,-1.00000000,-0.92389038,-0.18332465
2793,0.00153630,-0.25592783,1.00000000,-0.99043011,-0.17042158
2794,0.00043993,-0.27644478,-1.00000000,-0.97711151,-0.14710578
2795,0.00289425,-0.18093594,1.00000000,-0.87158082,-0.01583910
2796,0.00082211,-0.23877574,1.00000000,-0.96324699,0.00856255
2797,-0.00063315,-0.10929666,1.00000000,-0.75804487,-0.00382428
2798,-0.00063530,-0.21861344,1.00000000,-0.93129320,-0.07874307
2799,0.00131317,-0.29538641,-1.00000000,-0.94709228,-0.04861672
2800,-0.00045298,-0.29549989,-1.00000000,-0.94691243,-0.16409400
2801,-0.00434390,-0.19270728,1.00000000,-0.89023638,-0.34231820
2802,0.00309304,-0.28588165,-1.00000000,-0.96215569,-0.21376722
2803,-0.00037882,-0.49114947,-1.00000000,-0.63684141,-0.20491882
2804,-0.00190040,-0.09880943,1.00000000,-0.74142440,-0.31578496
2805,0.00234927,-0.28196914,-1.00000000,-0.96835635,-0.21910920
2806,0.00315971,-0.36224104,-1.00000000,-0.84113916,0.03976069
2807,0.00290565,-0.13804748,1.00000000,-0.80360998,0.03329588
2808,0.00431443,-0.09529204,1.00000000,-0.73584994,0.19520982
2809,0.00171897,-0.10869527,1.00000000,-0.75709176,0.32007566
2810,-0.00132359,-0.03437435,1.00000000,-0.63930585,0.19336443
2811,0.00146760,-0.17129929,1.00000000,-0.85630839,0.13498761
2812,-0.00034470,-0.33181115,-1.00000000,-0.88936531,0.02285250
2813,0.00108071,-0.18456043,1.00000000,-0.87732502,-0.08870870
2814,0.00100213,-0.28016951,-1.00000000,-0.97120846,-0.11343911
2815,-0.00528673,-0.20497097,1.00000000,-0.90967223,-0.25016479
2816,-0.00316367,-0.20911642,1.00000000,-0.91624205,-0.40994054
2817,-0.00019006,-0.54088868,-1.00000000,-0.55801331,-0.40460525
2818,-0.00000299,-0.42888554,-1.00000000,-0.73551907,-0.44199216
2819,0.00223113,-0.27201092,-1.00000000,-0.98413842,-0.39959233
2820,0.00297754,-0.26214211,-1.00000000,-0.99977879,-0.11448035
2821,0.00306586,-0.14427965,1.00000000,-0.81348690,0.10043436
2822,-0.00100662,-0.10490249,1.00000000,-0.75108085,0.07226344
2823,0.00090905,-0.10024330,1.00000000,-0.74369683,0.10372808
2824,-0.00000423,-0.31508918,-1.00000000,-0.91586677,0.02660938
2825,-0.00079444,-0.21402716,1.00000000,-0.92402474,-0.10352174
2826,-0.00293288,-0.26220766,-1.00000000,-0.99967490,-0.31047438
2827,0.00060208,-0.30389578,-1.00000000,-0.93360639,-0.25497523
2828,0.00085758,-0.41671015,-1.00000000,-0.75481497,-0.25675071
2829,-0.00057223,-0.23022125,1.00000000,-0.94968958,-0.27634633
2830,0.00585387,-0.21674218,1.00000000,-0.92832757,-0.04698358
2831,-0.00225306,-0.29217280,-1.00000000,-0.95218531,-0.02353017
2832,0.00074088,0.04684005,1.00000000,-0.51059497,-0.01874172
2833,0.00187084,-0.38084577,-1.00000000,-0.81165385,0.01621518
2834,-0.00059673,-0.22289888,1.00000000,-0.93808488,0.01536992
2835,-0.00046004,-0.16328696,1.00000000,-0.84361021,-0.20245597
2836,0.00459765,-0.29346533,-1.00000000,-0.95013685,0.03388904
2837,0.00066635,-0.28625392,-1.00000000,-0.96156571,0.03131799
2838,0.00357670,-0.01943283,1.00000000,-0.61562611,0.09016887
2839,0.00461540,-0.22683047,1.00000000,-0.94431579,0.26998405
2840,-0.00312522,-0.07329364,1.00000000,-0.70098625,0.17803686
2841,0.00154538,-0.01849642,1.00000000,-0.61414206,0.07273555
2842,-0.00018445,-0.42685727,-1.00000000,-0.73873353,0.04338348
2843,0.00037327,-0.18045699,1.00000000,-0.87082177,-0.06713287
2844,0.00312270,-0.27171492,-1.00000000,-0.98460752,-0.11863008
2845,-0.00172486,-0.24229252,1.00000000,-0.96882047,-0.07031838
2846,-0.00352440,-0.09724469,1.00000000,-0.73894455,-0.24522249
2847,-0.00290009,-0.35298021,-1.00000000,-0.85581598,-0.33891065
2848,-0.00293329,-0.44791603,-1.00000000,-0.70535901,-0.45298467
2849,0.00214256,-0.41498053,-1.00000000,-0.75755612,-0.48679884
2850,-0.00490318,-0.41673169,-1.00000000,-0.75478083,-0.59644913
2851,0.00257291,-0.14895248,1.00000000,-0.82089252,-0.38609578
2852,-0.00073510,-0.52065472,-1.00000000,-0.59008066,-0.31140481
2853,-0.00202694,-0.12624888,1.00000000,-0.78491122,-0.28013655
2854,-0.00176864,-0.30076496,-1.00000000,-0.93856820,-0.41507032
2855,-0.00138276,-0.36891704,-1.00000000,-0.83055885,-0.29361808
2856,-0.00003677,-0.35528986,-1.00000000,-0.85215559,-0.38365043
2857,-0.00139276,-0.33493295,-1.00000000,-0.88441780,-0.40633924
2858,0.00734649,-0.26392413,-1.00000000,-0.99695459,-0.08296170
2859,-0.00045979,-0.33546013,-1.00000000,-0.88358232,-0.03780744
2860,-0.00396023,0.12558389,1.00000000,-0.38579949,-0.12672834
2861,-0.00129674,-0.28624108,-1.00000000,-0.96158606,-0.17019673
2862,0.00333056,-0.47090859,-1.00000000,-0.66891974,-0.00724528
2863,-0.00048833,-0.33039491,-1.00000000,-0.89160982,-0.27754142
2864,-0.00150106,-0.08627882,1.00000000,-0.72156553,-0.31346445
2865,-0.00237395,-0.28774627,-1.00000000,-0.95920059,-0.25873897
2866,0.00229858,-0.34117368,-1.00000000,-0.87452732,-0.13470273
2867,-0.00036241,-0.38722376,-1.00000000,-0.80154585,-0.26210776
2868,-0.00634701,-0.14072175,1.00000000,-0.80784824,-0.46422861
2869,0.00389563,-0.28110344,-1.00000000,-0.96972833,-0.27804639
2870,-0.00619772,-0.59682446,-1.00000000,-0.46936469,-0.40996372
2871,0.00414246,-0.05646844,1.00000000,-0.67432120,-0.34635102
2872,0.00104680,-0.58894847,-1.00000000,-0.48184679,-0.29773434
2873,0.00131757,-0.04344678,1.00000000,-0.65368410,-0.03331112
2874,-0.00245368,-0.20676002,1.00000000,-0.91250756,-0.25235806
2875,0.00214289,-0.19247504,1.00000000,-0.88986832,0.03538769
2876,0.00180832,-0.39142959,-1.00000000,-0.79488032,-0.04513865
2877,-0.00097874,-0.14893479,1.00000000,-0.82086450,-0.11501850
2878,-0.00523123,-0.16658567,1.00000000,-0.84883811,-0.34094791
2879,0.00309169,-0.31361855,-1.00000000,-0.91819747,-0.14963639
2880,0.00238946,-0.53796070,-1.00000000,-0.56265365,-0.14113014
2881,-0.00674327,-0.09888074,1.00000000,-0.74153742,-0.43615436
2882,0.00627395,-0.13592724,1.00000000,-0.80024976,-0.18594107
2883,-0.00760774,-0.61772940,-1.00000000,-0.43623395,-0.26792929
2884,0.00253600,0.06900142,1.00000000,-0.47547300,-0.28710016
2885,-0.00328758,-0.66333506,-1.00000000,-0.36395680,-0.48295422
2886,-0.01357180,-0.12819636,1.00000000,-0.78799765,-0.71853411
2887,-0.00119713,-0.43542242,-1.00000000,-0.72515923,-0.97628153
2888,0.00144233,-0.97797233,-1.00000000,0.13468928,-0.66405973
2889,0.00518874,-0.32513955,-1.00000000,-0.89993865,-0.57254175
2890,-0.00098510,-0.18589322,1.00000000,-0.87943726,-0.49310764
2891,0.00201351,0.01175066,1.00000000,-0.56620564,0.04457565
2892,-0.00643443,-0.31395374,-1.00000000,-0.91766625,-0.13610800
2893,0.00020174,-0.15576036,1.00000000,-0.83168185,-0.17890775
2894,-0.00182020,-0.60143651,-1.00000000,-0.46205538,-0.42071181
2895,-0.00693680,-0.25134154,1.00000000,-0.98316162,-0.62604180
2896,0.00586032,-0.35801013,-1.00000000,-0.84784442,-0.49332936
2897,-0.00557863,-0.62793927,-1.00000000,-0.42005306,-0.46380474
2898,-0.01175652,0.04718022,1.00000000,-0.51005586,-0.87635706
2899,0.00002290,-0.55628819,-1.00000000,-0.53360772,-0.81277116
2900,-0.00425962,-0.88220634,-1.00000000,-0.01708339,-0.72041028
2901,0.00064167,-0.26077615,1.00000000,-0.99811386,-0.90045039
2902,-0.00311637,-0.48670329,-1.00000000,-0.64388785,-0.81550405
2903,0.00232778,-0.22813267,1.00000000,-0.94637955,-0.32960483
2904,-0.00398463,-0.42639034,-1.00000000,-0.73947353,-0.46786201
2905,-0.00110927,-0.13918129,1.00000000,-0.80540688,-0.35917689
2906,-0.00082429,-0.47219560,-1.00000000,-0.66688006,-0.40975173
2907,-0.00268476,-0.32050470,-1.00000000,-0.90728410,-0.39486152
2908,0.00034948,-0.30547046,-1.00000000,-0.93111079,-0.46311156
2909,0.00577278,-0.40362060,-1.00000000,-0.77555966,-0.12648726
2910,-0.00215145,-0.24354757,1.00000000,-0.97080951,-0.16244157
2911,0.00008592,0.04256194,1.00000000,-0.51737503,-0.13103979
2912,0.00297700,-0.37548513,-1.00000000,-0.82014955,0.06428737
2913,-0.00303651,-0.25745164,1.00000000,-0.99284508,-0.05252693
2914,-0.00147636,-0.10493115,1.00000000,-0.75112628,-0.30261761
2915,-0.00423946,-0.42217709,-1.00000000,-0.74615080,-0.37465283
2916,-0.00043911,-0.33987054,-1.00000000,-0.87659256,-0.39276596
2917,0.00164576,-0.48563959,-1.00000000,-0.64557363,-0.43869279
2918,-0.00136026,-0.28514979,-1.00000000,-0.96331556,-0.38086331
2919,0.00152224,-0.17516132,1.00000000,-0.86242904,-0.27741362
2920,-0.00213788,-0.33374569,-1.00000000,-0.88629940,-0.20491039
2921,0.00167258,-0.18167784,1.00000000,-0.87275662,-0.13205836
2922,0.00361293,-0.37476945,-1.00000000,-0.82128378,-0.06419235
2923,0.00345746,-0.17374627,1.00000000,-0.86018644,0.10201598
2924,-0.00614117,-0.07138229,1.00000000,-0.69795709,-0.16236676
2925,-0.00193576,-0.07958403,1.00000000,-0.71095544,-0.15539375
2926,-0.00175946,-0.58596539,-1.00000000,-0.48657446,-0.27379698
2927,-0.00224634,-0.36410649,-1.00000000,-0.83818274,-0.47593787
2928,0.00588348,-0.35480556,-1.00000000,-0.85292313,-0.39224189
2929,-0.00205562,-0.38049113,-1.00000000,-0.81221589,-0.25129299
2930,-0.00715999,0.04840179,1.00000000,-0.50811988,-0.43152554
2931,0.00715196,-0.37042982,-1.00000000,-0.82816135,-0.12408723
2932,-0.00487697,-0.63971364,-1.00000000,-0.40139270,-0.21484234
2933,-0.00149262,0.11532148,1.00000000,-0.40206365,-0.46931311
2934,0.00194710,-0.51927159,-1.00000000,-0.59227268,-0.33122183
2935,-0.00226151,-0.34072861,-1.00000000,-0.87523267,-0.16222737
2936,-0.00396241,-0.15926406,1.00000000,-0.83723461,-0.54566622
2937,0.00129341,-0.38129149,-1.00000000,-0.81094747,-0.33279212
2938,-0.00068204,-0.47102372,-1.00000000,-0.66873728,-0.30482759
2939,-0.00524882,-0.19374978,1.00000000,-0.89188856,-0.55308216
2940,-0.00750712,-0.29796596,-1.00000000,-0.94300414,-0.73405238
2941,-0.00291798,-0.53888879,-1.00000000,-0.56118279,-0.69802007
2942,-0.00008657,-0.65802667,-1.00000000,-0.37236970,-0.74562848
2943,0.00038903,-0.41592402,-1.00000000,-0.75606086,-0.70867711
2944,0.00284643,-0.26655138,-1.00000000,-0.99279085,-0.42939630
2945,-0.00118988,-0.24146083,1.00000000,-0.96750239,-0.21145571
2946,-0.00454732,-0.11181950,1.00000000,-0.76204312,-0.26766686
2947,-0.00468352,-0.32475730,-1.00000000,-0.90054446,-0.42625866
2948,0.00207171,-0.50188072,-1.00000000,-0.61983423,-0.36820741
2949,0.00021926,-0.50906603,-1.00000000,-0.60844674,-0.45884290
2950,-0.00078521,-0.15269030,1.00000000,-0.82681633,-0.44488200
2951,0.00122697,-0.25041704,1.00000000,-0.98169646,-0.24567260
2952,0.00574443,-0.30340864,-1.00000000,-0.93437842,0.11408483
2953,-0.00232560,-0.19725464,1.00000000,-0.89744316,-0.03761946
2954,0.00184048,0.04106611,1.00000000,-0.51974566,0.01831142
2955,0.00235276,-0.38467273,-1.00000000,-0.80558878,0.12656957
2956,-0.00035456,-0.16488892,1.00000000,-0.84614906,0.07200779
2957,0.00579196,-0.13786297,1.00000000,-0.80331756,0.07364754
2958,0.00379790,-0.28068916,-1.00000000,-0.97038489,0.28490453
2959,-0.00552867,0.04357358,1.00000000,-0.51577176,0.03067376
2960,0.00613902,-0.06162377,1.00000000,-0.68249151,0.16129715
2961,0.00218814,-0.55365232,-1.00000000,-0.53778512,0.24901860
2962,0.00321432,0.06188309,1.00000000,-0.48675434,0.16009195
2963,-0.00387453,-0.14654770,1.00000000,-0.81708137,-0.10460212
2964,-0.00156991,-0.09241084,1.00000000,-0.73128374,0.03197232
2965,0.00955285,-0.46638739,-1.00000000,-0.67608507,0.14974728
2966,-0.00359298,-0.34480608,-1.00000000,-0.86877058,-0.04969788
2967,-0.00171555,0.24198164,1.00000000,-0.20132903,-0.21977528
2968,0.00377633,-0.45153430,-1.00000000,-0.69962466,0.04417461
2969,0.00194220,-0.35248899,-1.00000000,-0.85659449,0.16534044
2970,0.01184007,-0.06276174,1.00000000,-0.68429500,0.24424818
2971,0.00067826,-0.15952229,1.00000000,-0.83764387,0.39160334
2972,-0.00011451,0.36264540,1.00000000,-0.01009767,0.44683817
2973,-0.00110753,-0.22620244,1.00000000,-0.94332045,0.27834786
2974,-0.00443389,-0.26802526,-1.00000000,-0.99045501,0.05837672
2975,0.00143221,-0.32041296,-1.00000000,-0.90742948,-0.30068801
2976,-0.00637691,-0.49589671,-1.00000000,-0.62931786,-0.54408686
2977,0.00225746,-0.18642748,1.00000000,-0.88028398,-0.46225543
2978,0.00077215,-0.59840193,-1.00000000,-0.46686467,-0.39740767
2979,-0.00485407,-0.14289066,1.00000000,-0.81128558,-0.41190368
2980,-0.00175570,-0.22124938,1.00000000,-0.93547072,-0.52188463
2981,0.00184552,-0.51806365,-1.00000000,-0.59418707,-0.23821610
2982,-0.00146655,-0.35460763,-1.00000000,-0.85323681,-0.36669202
2983,-0.00473384,-0.16462304,1.00000000,-0.84572768,-0.55664490
2984,0.00210535,-0.33935285,-1.00000000,-0.87741301,-0.31654946
2985,0.00773758,-0.51172063,-1.00000000,-0.60423967,0.01096275
2986,-0.01281051,-0.15091565,1.00000000,-0.82400381,-0.49466087
2987,-0.00459916,0.14621594,1.00000000,-0.35310124,-0.60273414
2988,-0.00106753,-0.93781016,-1.00000000,0.07103914,-0.47624876
2989,-0.00087455,-0.50461582,-1.00000000,-0.61549956,-0.57905337
2990,-0.00742171,-0.31830231,-1.00000000,-0.91077450,-1.10203912
2991,-0.00850440,-0.30812190,-1.00000000,-0.92690871,-0.95348110
2992,-0.00477925,-0.65352092,-1.00000000,-0.37951053,-0.95969405
2993,-0.00026486,-0.71063892,-1.00000000,-0.28898830,-0.93200274
2994,-0.00001467,-0.51411651,-1.00000000,-0.60044260,-0.90233751
2995,-0.01279741,-0.27595745,-1.00000000,-0.97788385,-1.08779592
2996,0.00153467,-0.26275857,-1.00000000,-0.99880181,-0.74145445
2997,-0.00325863,-0.93711932,-1.00000000,0.06994427,-0.68899388
2998,-0.00346460,-0.18102212,1.00000000,-0.87171741,-0.79938280
2999,-0.00253371,-0.43389512,-1.00000000,-0.72757975,-0.88628791
3000,-0.00070952,-0.44476145,-1.00000000,-0.71035847,-0.46926310
3001,0.00039025,-0.39565172,-1.00000000,-0.78818897,-0.50874496
3002,-0.00071569,-0.29941530,-1.00000000,-0.94070717,-0.42101520
3003,-0.00237530,-0.24139680,1.00000000,-0.96740092,-0.38343510
3004,-0.00663436,-0.29974095,-1.00000000,-0.94019108,-0.52490509
3005,-0.00623568,-0.38729490,-1.00000000,-0.80143310,-0.71555431
3006,0.00501194,-0.61198412,-1.00000000,-0.44533923,-0.55610877
3007,-0.00660498,-0.59095137,-1.00000000,-0.47867253,-0.75928554
3008,-0.00296715,0.00242338,1.00000000,-0.58098777,-0.77970392
3009,0.00774418,-0.61043383,-1.00000000,-0.44779618,-0.28365337
3010,-0.00397756,-0.41851817,-1.00000000,-0.75194956,-0.20574960
3011,-0.00408339,0.14656410,1.00000000,-0.35254946,-0.51953267
3012,-0.00298638,-0.47182286,-1.00000000,-0.66747078,-0.39469320
3013,-0.00286631,-0.47740592,-1.00000000,-0.65862259,-0.39121408
3014,-0.00141319,-0.41953241,-1.00000000,-0.75034218,-0.70713736
3015,-0.00129957,-0.41319799,-1.00000000,-0.76038114,-0.61474838
3016,-0.00169511,-0.33653797,-1.00000000,-0.88187412,-0.53235426
3017,0.00157060,-0.33054392,-1.00000000,-0.89137365,-0.37514148
3018,-0.00086756,-0.35141086,-1.00000000,-0.85830314,-0.30618590
3019,-0.01300325,-0.17912651,1.00000000,-0.86871319,-0.70603566
3020,0.00677092,-0.30775283,-1.00000000,-0.92749362,-0.42760898
3021,0.00318376,-0.94797831,-1.00000000,0.08715391,-0.25929126
3022,0.00054288,0.09521925,1.00000000,-0.43392223,-0.29474693
3023,-0.00274510,-0.09402357,1.00000000,-0.73383964,-0.35952098
3024,0.00071679,-0.23334444,1.00000000,-0.95463930,0.11381173
3025,0.00095531,-0.40680371,-1.00000000,-0.77051497,-0.08682292
3026,0.00231846,-0.22416965,1.00000000,-0.94009883,-0.11667493
3027,0.00135776,-0.21158629,1.00000000,-0.92015637,-0.08856198
3028,0.01706304,-0.13967253,1.00000000,-0.80618541,0.59480622
3029,-0.00375172,-0.19035480,1.00000000,-0.88650811,0.44064552
3030,-0.00560576,0.63818602,1.00000000,0.42658692,0.21429272
3031,0.00990703,-0.45990837,-1.00000000,-0.68635320,0.47609348
3032,-0.00203002,-0.55771939,-1.00000000,-0.53133952,0.35921727
3033,-0.00887836,0.26066671,1.00000000,-0.17171640,-0.53574460
3034,0.01348006,-0.36907901,-1.00000000,-0.83030215,0.05874065
3035,0.00265611,-0.73036751,-1.00000000,-0.25772188,0.34376986
3036,0.01512096,0.44916374,1.00000000,0.12701905,0.52364705
3037,-0.00094125,-0.12185978,1.00000000,-0.77795525,0.56120866
3038,-0.00504829,0.53573045,1.00000000,0.26421243,0.69334370
3039,0.00634747,-0.31164071,-1.00000000,-0.92133200,0.44727396
3040,-0.00403658,-0.52830988,-1.00000000,-0.57794854,0.21638036
3041,-0.00936392,0.07288000,1.00000000,-0.46932612,-0.62833245
3042,-0.00320001,-0.47493656,-1.00000000,-0.66253610,-0.70625813
3043,-0.00567526,-0.75598346,-1.00000000,-0.21712498,-0.72788823
3044,0.00471826,-0.43080274,-1.00000000,-0.73248064,-0.78409507
3045,-0.01125718,-0.56138610,-1.00000000,-0.52552842,-1.03320098
3046,0.00582216,-0.01307011,1.00000000,-0.60554229,-0.50929098
3047,-0.00401852,-0.85586314,-1.00000000,-0.05883284,-0.53752924
3048,0.00259875,0.04516673,1.00000000,-0.51324689,-0.25208118
3049,0.00420020,-0.47398399,-1.00000000,-0.66404576,-0.26995380
3050,-0.00169799,-0.12488599,1.00000000,-0.78275128,0.05983199
3051,0.00673646,-0.04040048,1.00000000,-0.64885624,0.09137498
3052,0.00036506,-0.35156287,-1.00000000,-0.85806223,0.24260577
3053,0.00897320,0.09340148,1.00000000,-0.43680308,0.46252038
3054,-0.00718484,-0.24272561,1.00000000,-0.96950685,0.06974383
3055,-0.00468221,0.21140199,1.00000000,-0.24979253,-0.03320995
3056,-0.00346730,-0.64102466,-1.00000000,-0.39931496,-0.38523340
3057,-0.00195590,-0.50899723,-1.00000000,-0.60855578,-0.46530502
3058,-0.00018193,-0.44490406,-1.00000000,-0.71013245,-0.78115127
3059,0.00329397,-0.36516914,-1.00000000,-0.83649862,-0.41963907
3060,0.00247869,-0.27158228,-1.00000000,-0.98481774,-0.17259249
3061,-0.00013097,-0.08820916,1.00000000,-0.72462479,-0.05749096
3062,-0.00539646,-0.13121972,1.00000000,-0.79278915,-0.17618789
3063,0.00533187,-0.26889365,-1.00000000,-0.98907876,0.01403476
3064,-0.01068418,-0.54667754,-1.00000000,-0.54883895,-0.46820250
3065,0.00796552,0.01930149,1.00000000,-0.55423886,-0.27891039
3066,-0.00135371,-0.82563444,-1.00000000,-0.10674014,-0.32109418
3067,0.00432230,0.15824109,1.00000000,-0.33404343,0.01419663
3068,0.00767138,-0.33340007,-1.00000000,-0.88684715,0.09490821
